,foil,isotope,fit,cov
0,Cu08,62ZNg,441026.3171046936,177543569.6436273
0,Cu08,61CUg,2047498.6035702317,3578787392.4466186
0,Cu08,58COg,359.747092634481,273.28277190755296
0,Cu08,62CUg,63617546.19782721,1313653584646751.0
0,Cu08,60CUg,57794.65939029707,197488437.87594458
0,Cu08,64CUg,716531.1594453817,7148337199.939125
0,Cu08,63ZNg,4355632.645424829,6202715864.68856
0,Cu08,65ZNg,161.7318942126828,170.27659171631294
