,foil,isotope,fit,cov
0,Cu09,62ZNg,661669.0457167743,233588992.88582915
0,Cu09,61CUg,626819.2944596729,142355792.82943878
0,Cu09,63ZNg,2627677.6014877036,3213896574.0239763
0,Cu09,62CUg,135665323.1397189,7210727603515714.0
0,Cu09,64CUg,909906.8757312322,285414250.3722122
0,Cu09,58COg,15.005160513334898,0.10214485638180114
0,Cu09,65ZNg,184.72084969652082,10.812262329079047
