,foil,isotope,fit,cov
0,Cu10,62ZNg,720998.4194207026,230584517.1358292
0,Cu10,62CUg,222757711.1473063,3.922488536871733e+16
0,Cu10,65ZNg,242.40406369710362,6.610539221055202
0,Cu10,64CUg,910164.1366976635,766757681.1221297
0,Cu10,61CUg,79331.50458322918,8809050.09246986
0,Cu10,63ZNg,2734951.443454685,6789887369.833694
