,foil,isotope,fit,cov
0,Cu11,62ZNg,486106.93777569744,78583583.2976921
0,Cu11,61CUg,46536.669368140974,1789930.0802061828
0,Cu11,62CUg,271230881.2412984,6.83377228648286e+16
0,Cu11,65ZNg,449.9750470620113,52.042658783561194
0,Cu11,64CUg,620719.888989684,96634323.90291487
0,Cu11,63ZNg,6224992.814782416,14574719558.869766
