,foil,isotope,fit,cov
0,Cu12,62ZNg,47585.23687354959,1317983.057795132
0,Cu12,65ZNg,1860.4487235577724,287938.0581213441
0,Cu12,62CUg,1000000.0,0.0
0,Cu12,64CUg,114922.82429262028,27080475.642308727
0,Cu12,63ZNg,23966571.297923673,1593979058411.9316
