,foil,isotope,fit,cov
0,Cu13,62ZNg,9294.610782786109,35655.4782107267
0,Cu13,65ZNg,697.7583427349047,224466.27854211215
0,Cu13,62CUg,1000000.0,inf
0,Cu13,64CUg,26534.616481457542,inf
0,Cu13,63ZNg,29820252.70889091,571809296251.8015
