,foil,isotope,fit,cov
0,Cu14,63ZNg,12747752.668770395,88513072997.55965
0,Cu14,65ZNg,1897.3008858674355,1040.011450586689
