{
    "engcal": [
        -0.04966654803218869,
        0.1827510370268265,
        5.633762394661964e-09
    ],
    "effcal": [
        0.0014437909479402785,
        74.55710597443102,
        2.099970941116493,
        1.5556466463553436,
        0.7869100993266731
    ],
    "unc_effcal": [
        [
            3.7760638141390737e-08,
            2018.7256341364073,
            2.242171461558026e-05,
            5.538282121986738e-05,
            -6.407741372140648e-05
        ],
        [
            2018.7256341364068,
            1947878205967126.8,
            3292327.0361446114,
            4438887.971979072,
            -4164588.4895520983
        ],
        [
            2.2421714615580257e-05,
            3292327.0361446114,
            0.024780085495316562,
            0.04520207056283943,
            -0.044870071795202866
        ],
        [
            5.538282121986738e-05,
            4438887.971979073,
            0.04520207056283943,
            0.09935482985921927,
            -0.10532679696461902
        ],
        [
            -6.407741372140648e-05,
            -4164588.489552099,
            -0.044870071795202866,
            -0.10532679696461902,
            0.11621887959969096
        ]
    ],
    "rescal": [
        2.570528422326269,
        0.00037212667794920797
    ],
    "_calib_data": {
        "engcal": {
            "channel": [
                3619.705908557161,
                434.58607779563266,
                442.4686523037569,
                878.3489736317415,
                1222.0157667177648,
                1513.1780248184803,
                1657.6426376485538,
                1948.4589621624668,
                2100.727870952693,
                665.8622872876036,
                1339.447124404592,
                1617.9020113412716,
                1801.2304059606845,
                1884.2734048582956,
                2012.890483255312,
                2249.7316578090163,
                2276.582783212879,
                2429.326234801956,
                2673.824025734615,
                2755.1499271229723,
                3085.661724053445,
                3099.036053443885,
                3206.693633528599,
                3591.1280408133266,
                3690.981992722042,
                3712.4037199024024,
                3767.652594854988,
                3935.5311140774074,
                4185.096717758689,
                4261.279377520171,
                4434.502962458198,
                4602.835913355057,
                4745.421416380284,
                5029.798123532842,
                5067.414887737062,
                5274.55069232471,
                5499.595385976088,
                5941.044575888701,
                5962.61220445269,
                6075.6413999999995,
                6084.7831008991425,
                6636.605385955645,
                6839.766511921762,
                7108.280647596046,
                7703.988059872528,
                7982.784999999999,
                8361.365574551357
            ],
            "energy": [
                661.657,
                79.6142,
                80.9979,
                160.612,
                223.2368,
                276.3989,
                302.8508,
                356.0129,
                383.8485,
                121.7817,
                244.6974,
                295.9387,
                329.41,
                344.2785,
                367.7891,
                411.1165,
                416.02,
                443.9606,
                488.6792,
                503.467,
                563.986,
                566.438,
                586.2648,
                656.489,
                674.64,
                678.623,
                688.67,
                719.346,
                764.88,
                778.9045,
                810.451,
                841.574,
                867.38,
                919.337,
                926.31,
                964.057,
                1005.27,
                1085.837,
                1089.737,
                1109.18,
                1112.076,
                1212.948,
                1249.94,
                1299.142,
                1408.013,
                1457.643,
                1528.1
            ],
            "unc_channel": [
                0.01196924244629891,
                0.2249825646869981,
                0.024469697492442603,
                0.0859368561435065,
                0.10666966821094438,
                0.01574719772393395,
                0.009576305979663878,
                0.012760217134619757,
                0.015484565633585587,
                0.006543178873839344,
                0.007065044867452456,
                0.031469503880876465,
                0.1537232332200334,
                0.0031453396093743657,
                0.02116139130947814,
                0.011776003033746011,
                0.15356021074305498,
                0.010653599238251326,
                0.045179472851508716,
                0.09221819121151692,
                0.07002905039643981,
                0.2372049741866724,
                0.4865907875251321,
                0.25831118289707583,
                0.13232890848180748,
                0.05672465674277849,
                0.031082329483496915,
                0.11521052166341186,
                0.39320642393730626,
                0.006489447451536273,
                0.11032489259030916,
                0.21499580320807782,
                0.01360608046939505,
                0.09149007410713281,
                0.11665933162001313,
                0.026258485939133065,
                0.05847965259280144,
                0.012174934568039782,
                0.038341785694961876,
                1.7466694811515888,
                0.03530860850605941,
                0.0370754620165895,
                0.18136568957888174,
                0.04649171951723233,
                0.020879950859655882,
                0.7896329235534242,
                0.11665265264143586
            ],
            "fit": [
                -0.04966654803218869,
                0.1827510370268265,
                5.633762394661964e-09
            ],
            "unc": [
                [
                    0.0020259071823872537,
                    -1.3591723829798573e-06,
                    1.7418174403290166e-10
                ],
                [
                    -1.3591723829798573e-06,
                    1.0218076969752492e-09,
                    -1.3888076009019386e-13
                ],
                [
                    1.7418174403290166e-10,
                    -1.3888076009019386e-13,
                    2.0298135492865137e-17
                ]
            ]
        },