{
    "engcal": [
        0.12124674435237799,
        0.1825964991780104,
        2.4941958491804818e-08
    ],
    "effcal": [
        0.020797463901823684,
        74.91205500315442,
        2.0896533801177117,
        1.32182245321749,
        1.0704070979346902
    ],
    "unc_effcal": [
        [
            7.884431678264609e-06,
            13921.151440528798,
            0.00011298989829382565,
            0.00046101933275478126,
            -0.0010692000993232332
        ],
        [
            13921.151440528798,
            4509294091197524.0,
            2499433.0646859715,
            1771321.002838067,
            -2422069.11164896
        ],
        [
            0.00011298989829382563,
            2499433.064685972,
            0.00775982131170421,
            0.01103766323350956,
            -0.018468642602126103
        ],
        [
            0.0004610193327547813,
            1771321.002838067,
            0.01103766323350956,
            0.032632570998953545,
            -0.0679491278810078
        ],
        [
            -0.0010692000993232332,
            -2422069.1116489605,
            -0.018468642602126103,
            -0.06794912788100779,
            0.1509243238769823
        ]
    ],
    "rescal": [
        2.602974580029966,
        0.00036379450143528746
    ],
    "_calib_data": {
        "engcal": {
            "channel": [
                3619.867695615506,
                434.88159095715093,
                442.5424133401665,
                878.7777695833034,
                1221.9678591958389,
                1513.076400509762,
                1657.7328774289467,
                1948.5371322790763,
                2100.783957429401,
                665.9134121291466,
                1339.4862330856233,
                1619.8468819837583,
                1884.3327262980795,
                2012.3535337706467,
                2249.7119892146948,
                2429.406599234459,
                2673.5832700293436,
                3086.5379927898575,
                3207.102507688175,
                3712.914781053145,
                3768.304163339658,
                3936.611833710575,
                4261.327031026529,
                4433.692369959063,
                4745.503248099524,
                5030.322255892617,
                5069.030529566047,
                5274.654042722488,
                5498.778686469731,
                5941.307572246412,
                5962.526175991388,
                6084.683509155423,
                6636.613103308164,
                7108.778606255726,
                7704.197445607018,
                7982.784999999999,
                8363.48283080621
            ],
            "energy": [
                661.657,
                79.6142,
                80.9979,
                160.612,
                223.2368,
                276.3989,
                302.8508,
                356.0129,
                383.8485,
                121.7817,
                244.6974,
                295.9387,
                344.2785,
                367.7891,
                411.1165,
                443.9606,
                488.6792,
                563.986,
                586.2648,
                678.623,
                688.67,
                719.346,
                778.9045,
                810.451,
                867.38,
                919.337,
                926.31,
                964.057,
                1005.27,
                1085.837,
                1089.737,
                1112.076,
                1212.948,
                1299.142,
                1408.013,
                1457.643,
                1528.1
            ],
            "unc_channel": [
                0.013375915248729341,
                0.1972913489181222,
                0.018031742365949347,
                0.011026398799943691,
                0.01706726839918552,
                0.004968397474246667,
                0.0031015426890036676,
                0.003617154035213944,
                0.007071297959270574,
                0.003743811561889401,
                0.008012079369955592,
                0.05546588682690765,
                0.004582625916854796,
                0.047509514926063104,
                0.02377221339872578,
                0.02061900547169849,
                0.06913510305340366,
                0.14532104599112314,
                0.1113466599278857,
                0.12453169210480147,
                0.06820142418936107,
                0.21362842682294408,
                0.015589668737166947,
                0.22768579716106715,
                0.03317602267477673,
                0.1414576693431153,
                0.1490747980517903,
                0.01931011878977783,
                0.10515151659823359,
                0.01919235287620164,
                0.06043287549073935,
                0.025280029686721838,
                0.06861501984805582,
                0.08967349519571154,
                0.028271027029823384,
                0.3399513569508997,
                0.13690174287709814
            ],
            "fit": [
                0.12124674435237799,
                0.1825964991780104,
                2.4941958491804818e-08
            ],
            "unc": [
                [
                    0.0014411674474264758,
                    -1.1121614563125222e-06,
                    1.4925009380789557e-10
                ],
                [
                    -1.1121614563125222e-06,
                    9.55023432655202e-10,
                    -1.3794149350234248e-13
                ],
                [
                    1.4925009380789557e-10,
                    -1.3794149350234248e-13,
                    2.3003144355062057e-17
                ]
            ]
        },
        "rescal": {
            "channel": [
                3619.867695615506,
                434.88159095715093,
                442.5424133401665,
                878.7777695833034,
                1221.9678591958389,
                1513.076400509762,
                1657.7328774289467,
                1948.5371322790763,
                2100.783957429401,
                665.9134121291466,
                1339.4862330856233,
                1619.8468819837583,
                1884.3327262980795,
                2012.3535337706467,
                2249.7119892146948,
                2429.406599234459,
                2673.5832700293436,
                3086.5379927898575,
                3207.102507688175,
                3712.914781053145,
                3768.304163339658,
                3936.611833710575,
                4261.327031026529,
                4433.692369959063,
                4745.503248099524,
                5030.322255892617,
                5069.030529566047,
                5274.654042722488,
                5498.778686469731,
                5941.307572246412,
                5962.526175991388,
                6084.683509155423,
                6636.613103308164,
                7108.778606255726,
                7704.197445607018,
                7982.784999999999,
                8363.48283080621
            ],