{
    "engcal": [
        0.10754647733846778,
        0.19432991567390098,
        1.4250975297157248e-08
    ],
    "effcal": [
        0.021403958935699102,
        83.20901556814145,
        2.0605318445202476,
        2.033297370848838,
        0.44978908049850375
    ],
    "unc_effcal": [
        [
            5.317220317171341e-07,
            58790.53298210215,
            7.18320270142746e-05,
            0.00011179820226134759,
            -4.244533809850721e-05
        ],
        [
            58790.53298210215,
            1.1259360529179694e+17,
            30703736.58348443,
            28183695.50079224,
            -8015492.5652613295
        ],
        [
            7.18320270142746e-05,
            30703736.583484434,
            0.028111285844922944,
            0.03191850268041304,
            -0.009371885872147257
        ],
        [
            0.00011179820226134759,
            28183695.50079224,
            0.03191850268041303,
            0.04292141825149864,
            -0.01350025279382865
        ],
        [
            -4.24453380985072e-05,
            -8015492.56526133,
            -0.009371885872147257,
            -0.01350025279382865,
            0.004520743243869769
        ]
    ],
    "rescal": [
        1.8812989500235964,
        0.00042542986908368
    ],
    "_calib_data": {
        "engcal": {
            "channel": [
                3403.190451971617,
                409.065081467825,
                416.1451087208268,
                825.9728658181016,
                1148.1606321713007,
                1421.8505634186654,
                1557.964053422607,
                1831.487476042075,
                1974.682005040653,
                626.0483075855306,
                1258.474300065593,
                1522.0032829073452,
                1693.835661696922,
                1770.8199160909285,
                1891.6771968576643,
                2114.4352923594643,
                2283.5975461760117,
                2513.7818256850214,
                2901.5437539934237,
                3015.178600513444,
                3490.7716745838247,
                3542.484651386134,
                3701.406664211945,
                4006.239845368782,
                4169.466042622999,
                4461.286249267909,
                4728.294264530343,
                4764.65709722088,
                4958.358466448677,
                5169.076222819813,
                5584.831098342921,
                5605.122750997749,
                5719.602533100956,
                6238.487690867218,
                6430.80555828339,
                6681.810832702234,
                7241.530817328576,
                7497.017499786271,
                7862.218796287087
            ],
            "energy": [
                661.657,
                79.6142,
                80.9979,
                160.612,
                223.2368,
                276.3989,
                302.8508,
                356.0129,
                383.8485,
                121.7817,
                244.6974,
                295.9387,
                329.41,
                344.2785,
                367.7891,
                411.1165,
                443.9606,
                488.6792,
                563.986,
                586.2648,
                678.623,
                688.67,
                719.346,
                778.9045,
                810.451,
                867.38,
                919.337,
                926.31,
                964.057,
                1005.27,
                1085.837,
                1089.737,
                1112.076,
                1212.948,
                1249.94,
                1299.142,
                1408.013,
                1457.643,
                1528.1
            ],
            "unc_channel": [
                0.00510106497585068,
                0.03027186660600188,
                0.004279328429068676,
                0.03670222694712291,
                0.048697544922208104,
                0.009847286541372586,
                0.007616319193387076,
                0.004718921133111708,
                0.04089542808447838,
                0.003618468429686884,
                0.007717088646697942,
                0.059351490705395235,
                0.10803762067685226,
                0.004838485021816252,
                0.04303241440001787,
                0.016661030666965605,
                0.019738221721035017,
                0.0976179424451012,
                0.10780785687434535,
                0.08573594191211197,
                0.11247364951561072,
                0.03997640817147087,
                0.14033665227719874,
                0.0120411102372556,
                0.10929485617258135,
                0.027767982939976305,
                0.1239902707392039,
                0.22053140181855202,
                0.015616552366255226,
                0.09906844043173742,
                0.016290652324165378,
                0.04598439260224519,
                0.019901200814629504,
                0.060279702048395216,
                0.3758035669376438,
                0.06043216369523092,
                0.01982250680302081,
                0.10927871463114264,
                0.12534122801324543
            ],
            "fit": [
                0.10754647733846778,
                0.19432991567390098,
                1.4250975297157248e-08
            ],
            "unc": [
                [
                    0.00018185128227133425,
                    -1.4681656042818164e-07,
                    2.12664087085896e-11
                ],
                [
                    -1.4681656042818164e-07,
                    1.582338435936971e-10,
                    -2.5727065428994995e-14
                ],
                [
                    2.12664087085896e-11,
                    -2.5727065428994995e-14,
                    4.753079500274445e-18
                ]
            ]
        },
        "rescal": {
            "channel": [
                3403.190451971617,
                409.065081467825,
                825.9728658181016,
                1148.1606321713007,
                1421.8505634186654,
                1557.964053422607,
                1831.487476042075,
                1974.682005040653,
                626.0483075855306,
                1258.474300065593,
                1522.0032829073452,
                1693.835661696922,
                1770.8199160909285,
                1891.6771968576643,
                2114.4352923594643,
                2283.5975461760117,
                2513.7818256850214,
                2901.5437539934237,
                3015.178600513444,
                3490.7716745838247,
                3542.484651386134,
                3701.406664211945,
                4006.239845368782,
                4169.466042622999,
                4461.286249267909,
                4728.294264530343,
                4764.65709722088,
                4958.358466448677,
                5169.076222819813,
                5584.831098342921,
                5605.122750997749,
                5719.602533100956,
                6238.487690867218,
                6430.80555828339,
                6681.810832702234,
                7241.530817328576,
                7497.017499786271,
                7862.218796287087
            ],