{
    "engcal": [
        0.0866879815035924,
        0.18264638837614355,
        1.9489730784902043e-08
    ],
    "effcal": [
        0.011793839903573407,
        86.39077108776877,
        2.0579734640227496,
        1.4789449692469174,
        0.787781217577053
    ],
    "unc_effcal": [
        [
            1.997534023347779e-06,
            112426.68028750549,
            0.00012850674841292307,
            0.0003573601222804123,
            -0.0004308942033477142
        ],
        [
            112426.68028750549,
            1.89639129501866e+17,
            20813446.219654746,
            28019669.57045763,
            -27846424.8291175
        ],
        [
            0.00012850674841292307,
            20813446.219654746,
            0.01480985124824093,
            0.029259885420420635,
            -0.031024202985056936
        ],
        [
            0.0003573601222804123,
            28019669.57045763,
            0.029259885420420635,
            0.0730374195058138,
            -0.08284056263085916
        ],
        [
            -0.0004308942033477142,
            -27846424.82911749,
            -0.031024202985056936,
            -0.08284056263085916,
            0.09689365306031296
        ]
    ],
    "rescal": [
        2.56413731216087,
        0.00038181726249030917
    ],
    "_calib_data": {
        "engcal": {
            "channel": [
                3619.7334777197552,
                434.88886872079695,
                442.52739248536477,
                878.6996350306084,
                1221.6901298771847,
                1513.052284425826,
                1657.7232040602757,
                1948.507537917503,
                2100.6912173716905,
                665.8919582034836,
                1339.4380172457593,
                1619.3176086219623,
                1884.2372655899328,
                2012.6513663489109,
                2249.8489792033533,
                2429.3100770403353,
                2673.8017511804296,
                3086.4303448913233,
                3207.251813495118,
                3712.4401976402937,
                3767.364282466562,
                3935.1281663497643,
                4261.1590844495895,
                4433.9960391611385,
                4745.135344349019,
                5030.127194515037,
                5067.175613492766,
                5274.425292607214,
                5498.983194597249,
                5940.830237822848,
                5962.486050024491,
                6084.374501269862,
                6636.458677021978,
                6837.497049051776,
                7108.224231102707,
                7703.774079350394,
                7982.784999999999,
                8364.092533148318
            ],
            "energy": [
                661.657,
                79.6142,
                80.9979,
                160.612,
                223.2368,
                276.3989,
                302.8508,
                356.0129,
                383.8485,
                121.7817,
                244.6974,
                295.9387,
                344.2785,
                367.7891,
                411.1165,
                443.9606,
                488.6792,
                563.986,
                586.2648,
                678.623,
                688.67,
                719.346,
                778.9045,
                810.451,
                867.38,
                919.337,
                926.31,
                964.057,
                1005.27,
                1085.837,
                1089.737,
                1112.076,
                1212.948,
                1249.94,
                1299.142,
                1408.013,
                1457.643,
                1528.1
            ],
            "unc_channel": [
                0.013363571241118916,
                0.24346172535805585,
                0.022844078221236526,
                0.04318304577511499,
                0.06534692942268418,
                0.010616190543085867,
                0.006691802803494373,
                0.005678073417048465,
                0.013714295036032763,
                0.0042504912255597995,
                0.0068141423321534875,
                0.049188022358065936,
                0.004309091621665437,
                0.030406209454001947,
                0.01770744402788117,
                0.015450675808358714,
                0.07475650884800762,
                0.1388444426693577,
                0.11886796743655899,
                0.15014766944408317,
                0.0596018012965259,
                0.14828735215396788,
                0.01197743753793951,
                0.17490118872659302,
                0.02572777795936113,
                0.13503104310406386,
                0.1965491643303699,
                0.014965488538581345,
                0.07607847896023186,
                0.02357897429458251,
                0.06526490826413366,
                0.023481028023104283,
                0.0491936575693597,
                0.3192297908472584,
                0.06141971906473973,
                0.025595021741153443,
                0.32614622785462616,
                0.1430837858308042
            ],
            "fit": [
                0.0866879815035924,
                0.18264638837614355,
                1.9489730784902043e-08
            ],
            "unc": [
                [
                    0.0016058619803745121,
                    -1.2068455644748383e-06,
                    1.5950644655167154e-10
                ],
                [
                    -1.2068455644748383e-06,
                    1.051465910939289e-09,
                    -1.4926147229455354e-13
                ],
                [
                    1.5950644655167154e-10,
                    -1.4926147229455354e-13,
                    2.3577548292698227e-17
                ]
            ]
        },
        "rescal": {
            "channel": [
                3619.7334777197552,
                434.88886872079695,
                442.52739248536477,
                878.6996350306084,
                1221.6901298771847,
                1513.052284425826,
                1657.7232040602757,
                1948.507537917503,
                2100.6912173716905,
                1339.4380172457593,
                1619.3176086219623,
                1884.2372655899328,
                2012.6513663489109,
                2249.8489792033533,
                2429.3100770403353,
                2673.8017511804296,
                3086.4303448913233,
                3207.251813495118,
                3712.4401976402937,
                3767.364282466562,
                3935.1281663497643,
                4261.1590844495895,
                4433.9960391611385,
                4745.135344349019,
                5030.127194515037,
                5067.175613492766,
                5274.425292607214,
                5498.983194597249,
                5940.830237822848,
                5962.486050024491,
                6084.374501269862,
                6636.458677021978,
                6837.497049051776,
                7108.224231102707,
                7703.774079350394,
                7982.784999999999,
                8364.092533148318
            ],