{
    "engcal": [
        0.0981444754098063,
        0.19435159266958235,
        8.747426875895663e-09
    ],
    "effcal": [
        0.000558308613997754,
        73.0417089902401,
        1.835408142556276,
        1.6304696762997293,
        0.8776578620154175
    ],
    "unc_effcal": [
        [
            9.372454562433264e-09,
            691.1747091141228,
            1.3265096726025361e-05,
            3.747196396542173e-05,
            -4.0953666333908026e-05
        ],
        [
            691.174709114123,
            948223172207523.6,
            3100006.2529657744,
            4908056.024135004,
            -4154956.3758793357
        ],
        [
            1.326509672602536e-05,
            3100006.252965774,
            0.03887031412675517,
            0.08301998669289437,
            -0.07455295586957923
        ],
        [
            3.7471963965421734e-05,
            4908056.024135004,
            0.08301998669289438,
            0.20379704194596443,
            -0.1950151887238617
        ],
        [
            -4.0953666333908026e-05,
            -4154956.3758793357,
            -0.07455295586957923,
            -0.1950151887238617,
            0.19742420904774605
        ]
    ],
    "rescal": [
        1.8247532756576816,
        0.00040776074593510206
    ],
    "_calib_data": {
        "engcal": {
            "channel": [
                3403.5308607770758,
                409.163963377784,
                416.159225966441,
                825.954293153316,
                1148.0101688032387,
                1421.4318087745503,
                1557.5125715249962,
                1830.900861340285,
                1974.0319792295973,
                626.2252049461937,
                1258.7353458701361,
                1520.6994670070283,
                1771.089706542276,
                1891.9457229465615,
                2114.762247579822,
                2283.829849982428,
                2513.3899598460644,
                2900.552945199623,
                3015.296876751745,
                3490.139652749492,
                3542.670638578163,
                4006.4857522551943,
                4461.449380546607,
                4729.973293166741,
                4958.639662464325,
                5170.423029740244,
                5584.989847535081,
                5605.430785238172,
                5719.914536217921,
                6238.600676475171,
                6681.949164009652,
                7241.871294887354,
                7500.495799999999,
                7861.184629351864
            ],
            "energy": [
                661.657,
                79.6142,
                80.9979,
                160.612,
                223.2368,
                276.3989,
                302.8508,
                356.0129,
                383.8485,
                121.7817,
                244.6974,
                295.9387,
                344.2785,
                367.7891,
                411.1165,
                443.9606,
                488.6792,
                563.986,
                586.2648,
                678.623,
                688.67,
                778.9045,
                867.38,
                919.337,
                964.057,
                1005.27,
                1085.837,
                1089.737,
                1112.076,
                1212.948,
                1299.142,
                1408.013,
                1457.643,
                1528.1
            ],
            "unc_channel": [
                0.01186673805041803,
                0.1988127493934737,
                0.01953247659679397,
                0.029419615970748745,
                0.04579206425696013,
                0.004904848833005957,
                0.004064749360087844,
                0.00964893292364605,
                0.005816146571972728,
                0.012307218299852027,
                0.011048786981724523,
                0.052394007945354926,
                0.0038091542992913455,
                0.03405196085397438,
                0.022380726763319633,
                0.02084479376380954,
                0.08760134865214998,
                0.06552237620995684,
                0.21367473882288054,
                0.20094976019579872,
                0.07855979318144266,
                0.012591014539248163,
                0.026588262802784517,
                0.1458975402676435,
                0.01959532871494007,
                0.07318968639249374,
                0.017754380912555084,
                0.04883206879510388,
                0.016244438512101923,
                0.061252995831361595,
                0.06025620581645804,
                0.017012224276172803,
                0.9442275887171683,
                0.17675836909023943
            ],
            "fit": [
                0.0981444754098063,
                0.19435159266958235,
                8.747426875895663e-09
            ],
            "unc": [
                [
                    0.0016861966498956042,
                    -1.2371412128129337e-06,
                    1.593846254564912e-10
                ],
                [
                    -1.2371412128129337e-06,
                    9.599746830855873e-10,
                    -1.2758582843085887e-13
                ],
                [
                    1.593846254564912e-10,
                    -1.2758582843085887e-13,
                    1.7933667100332967e-17
                ]
            ]
        },
        "rescal": {
            "channel": [
                3403.5308607770758,
                409.163963377784,
                416.159225966441,
                825.954293153316,
                1148.0101688032387,
                1421.4318087745503,
                1557.5125715249962,
                1830.900861340285,
                1974.0319792295973,
                626.2252049461937,
                1258.7353458701361,
                1771.089706542276,
                1891.9457229465615,
                2114.762247579822,
                2283.829849982428,
                2513.3899598460644,
                2900.552945199623,
                3015.296876751745,
                3490.139652749492,
                3542.670638578163,
                4006.4857522551943,
                4461.449380546607,
                4729.973293166741,
                4958.639662464325,
                5170.423029740244,
                5584.989847535081,
                5719.914536217921,
                6238.600676475171,
                6681.949164009652,
                7241.871294887354,
                7500.495799999999,
                7861.184629351864
            ],
            "width": [
                3.2245860443007914,
                3.2453999999994063,
                1.9185346564559997,
                2.1904538336681387,
                2.311988767761363,
                2.3954526784430956,
                2.4727031997928544,
                2.567582514169382,
                2.646695299724244,
                2.098467410813139,
                2.339908820930847,
                2.526376708131172,
                2.669113492150581,
                2.883436703065981,
                2.742681263190041,
                2.796519304635649,
                2.7261359800628164,
                3.0488384234220742,
                4.5258062782734125,
                3.3081831048971164,
                3.4742297186014905,
                3.664731349723145,
                3.0723371638176746,
                3.864730298582418,
                3.709869888643371,
                4.151576610045607,
                4.157578319765032,
                4.034280684264021,
                4.355518520796121,
                4.789504445942386,
                7.4958,
                3.6425555826403504
            ],