{
    "engcal": [
        0.04990996824244277,
        0.1826789540883148,
        1.4840171291943533e-08
    ],
    "effcal": [
        0.004523012111455963,
        81.18758584782704,
        2.0836538735071892,
        1.5118872643639225,
        0.7910912638773936
    ],
    "unc_effcal": [
        [
            3.0453233747667694e-07,
            31528.336777939447,
            5.399128596075776e-05,
            0.00014303363676783061,
            -0.00017016430173109133
        ],
        [
            31528.336777939447,
            9.885351288414584e+16,
            14918373.573328845,
            20712701.69560178,
            -20442740.92761355
        ],
        [
            5.399128596075776e-05,
            14918373.573328843,
            0.016664109640855754,
            0.032635792588673315,
            -0.03413084246298249
        ],
        [
            0.00014303363676783064,
            20712701.695601776,
            0.032635792588673315,
            0.07799765157659483,
            -0.08679887946779513
        ],
        [
            -0.00017016430173109133,
            -20442740.92761355,
            -0.03413084246298249,
            -0.08679887946779513,
            0.09976545303144217
        ]
    ],
    "rescal": [
        2.548022305167167,
        0.0003796661530639085
    ],
    "_calib_data": {
        "engcal": {
            "channel": [
                3619.6592943202168,
                434.57623058208657,
                442.5264547093085,
                878.5422029099406,
                1222.3488064948644,
                1513.1040096276747,
                1657.6484152093335,
                1948.4814446566822,
                2100.7156061469423,
                665.8696014586822,
                1339.4477620753728,
                1618.960511122522,
                1884.2321799563417,
                2012.53528711481,
                2249.6630043953687,
                2429.3064208429532,
                2673.7832071271037,
                3085.9245582296267,
                3207.0162295011214,
                3712.3582182625564,
                3767.2781678415586,
                3934.5448651148413,
                4261.264882224034,
                4434.482561772808,
                4745.434192891369,
                5028.84653497192,
                5067.4716028604535,
                5274.423150210866,
                5499.253975296382,
                5940.96266200345,
                5962.736493521189,
                6084.330830531191,
                6636.413796591369,
                7108.548072729303,
                7703.80548581539,
                7982.784999999999,
                8362.749737788567
            ],
            "energy": [
                661.657,
                79.6142,
                80.9979,
                160.612,
                223.2368,
                276.3989,
                302.8508,
                356.0129,
                383.8485,
                121.7817,
                244.6974,
                295.9387,
                344.2785,
                367.7891,
                411.1165,
                443.9606,
                488.6792,
                563.986,
                586.2648,
                678.623,
                688.67,
                719.346,
                778.9045,
                810.451,
                867.38,
                919.337,
                926.31,
                964.057,
                1005.27,
                1085.837,
                1089.737,
                1112.076,
                1212.948,
                1299.142,
                1408.013,
                1457.643,
                1528.1
            ],
            "unc_channel": [
                0.013701886862139882,
                0.24803180656110996,
                0.026195400814487936,
                0.0675153620100242,
                0.1187371401231468,
                0.013454275642263045,
                0.007650570734201985,
                0.009038270235266009,
                0.013986836598754897,
                0.005902921446827591,
                0.008343009821675039,
                0.05771700910512593,
                0.0047652887196817624,
                0.04670810431992329,
                0.02054598517792946,
                0.016721192842640533,
                0.06578106769177479,
                0.09889471705179727,
                0.22082667123209374,
                0.1265487123462306,
                0.06651607114654712,
                0.1839901622327806,
                0.01300748514095244,
                0.1772392571627723,
                0.026020180957651032,
                0.13090215430715088,
                0.15379933031649393,
                0.01840091420744103,
                0.08589404967130258,
                0.0189256099244355,
                0.05290468590938215,
                0.019963579825512983,
                0.061472765400404694,
                0.05566587548129117,
                0.028603184258998913,
                0.48585364506010936,
                0.19717388130781452
            ],
            "fit": [
                0.04990996824244277,
                0.1826789540883148,
                1.4840171291943533e-08
            ],
            "unc": [
                [
                    0.0019498669776349933,
                    -1.4106501297077868e-06,
                    1.8307311322291305e-10
                ],
                [
                    -1.4106501297077868e-06,
                    1.1672047679111181e-09,
                    -1.6107139849371437e-13
                ],
                [
                    1.8307311322291305e-10,
                    -1.6107139849371437e-13,
                    2.4128278392049097e-17
                ]
            ]
        },
        "rescal": {
            "channel": [
                3619.6592943202168,
                434.57623058208657,
                442.5264547093085,
                878.5422029099406,
                1222.3488064948644,
                1513.1040096276747,
                1657.6484152093335,
                1948.4814446566822,
                2100.7156061469423,
                665.8696014586822,
                1339.4477620753728,
                1618.960511122522,
                1884.2321799563417,
                2012.53528711481,
                2249.6630043953687,
                2429.3064208429532,
                2673.7832071271037,
                3085.9245582296267,
                3207.0162295011214,
                3712.3582182625564,
                3767.2781678415586,
                3934.5448651148413,
                4261.264882224034,
                4434.482561772808,
                4745.434192891369,
                5028.84653497192,
                5067.4716028604535,
                5274.423150210866,
                5499.253975296382,
                5940.96266200345,
                5962.736493521189,
                6084.330830531191,
                6636.413796591369,
                7108.548072729303,
                7703.80548581539,
                7982.784999999999,
                8362.749737788567
            ],