{
    "engcal": [
        0.04899884780178482,
        0.18268306697537057,
        1.5307710786593766e-08
    ],
    "effcal": [
        0.0017901687247073735,
        95.58322821009058,
        2.092306300908811,
        1.5512665169399389,
        0.7976023684739031
    ],
    "unc_effcal": [
        [
            4.996163855427414e-08,
            3.8175649864448025e-20,
            2.380404792312911e-05,
            6.014288245486798e-05,
            -6.987171589612882e-05
        ],
        [
            3.817564986444802e-20,
            3.5755424135389605e-32,
            2.5124827915470644e-17,
            5.5110179971674466e-17,
            -5.88709712715992e-17
        ],
        [
            2.3804047923129113e-05,
            2.512482791547065e-17,
            0.019786081441539417,
            0.03752231977195333,
            -0.038083800552706326
        ],
        [
            6.014288245486798e-05,
            5.511017997167448e-17,
            0.037522319771953326,
            0.08565666008522706,
            -0.09238114008013912
        ],
        [
            -6.987171589612882e-05,
            -5.88709712715992e-17,
            -0.03808380055270632,
            -0.09238114008013912,
            0.10322505520884491
        ]
    ],
    "rescal": [
        2.5819527936846605,
        0.00037829907348830286
    ],
    "_calib_data": {
        "engcal": {
            "channel": [
                3619.7614881059767,
                434.8389339040896,
                442.48771038355,
                878.6628625643182,
                1221.7289372397356,
                1513.0429348163163,
                1657.602827971029,
                1948.4230142017773,
                2100.656178680388,
                665.8737610613767,
                1339.426302813376,
                1617.7775239356465,
                1884.2083357390843,
                2012.731150132144,
                2249.726203682195,
                2429.3191956159085,
                2673.4236329960527,
                3085.0336969943282,
                3205.71514314563,
                3712.9921068711346,
                3767.5499549300157,
                4261.194468794593,
                4433.762257395926,
                4745.151423889386,
                5029.801113187833,
                5274.339700478594,
                5499.920322617058,
                5940.747468127314,
                5962.590606074341,
                6084.292286885981,
                6636.66519541904,
                7108.316001825175,
                7703.775657356935,
                7982.784999999999,
                8360.13222156637
            ],
            "energy": [
                661.657,
                79.6142,
                80.9979,
                160.612,
                223.2368,
                276.3989,
                302.8508,
                356.0129,
                383.8485,
                121.7817,
                244.6974,
                295.9387,
                344.2785,
                367.7891,
                411.1165,
                443.9606,
                488.6792,
                563.986,
                586.2648,
                678.623,
                688.67,
                778.9045,
                810.451,
                867.38,
                919.337,
                964.057,
                1005.27,
                1085.837,
                1089.737,
                1112.076,
                1212.948,
                1299.142,
                1408.013,
                1457.643,
                1528.1
            ],
            "unc_channel": [
                0.013009286297706306,
                0.24818954770423593,
                0.025887801837025923,
                0.09804800760457921,
                0.09634968549885162,
                0.014568719388403945,
                0.009861596269069321,
                0.011187614910960547,
                0.014099305290481456,
                0.006506347550572455,
                0.008887201184029081,
                0.0480651074746509,
                0.00504392216724922,
                0.04576626739910231,
                0.02185310571529246,
                0.023176155373239454,
                0.09295798552831955,
                0.15614572461434192,
                0.4256065842604176,
                0.15383761014713393,
                0.08342212161364497,
                0.012366775276004152,
                0.1901334148021824,
                0.025565641225002406,
                0.17013519070316133,
                0.026221646158635332,
                0.12746463646754905,
                0.0200950844835513,
                0.06250020077350522,
                0.02304769200898218,
                0.07863690417983056,
                0.07034046632400923,
                0.036163348242145406,
                0.7136278725584729,
                0.28545665738073195
            ],
            "fit": [
                0.04899884780178482,
                0.18268306697537057,
                1.5307710786593766e-08
            ],
            "unc": [
                [
                    0.0020487060690044913,
                    -1.489248513272505e-06,
                    1.980254535732573e-10
                ],
                [
                    -1.489248513272505e-06,
                    1.2449615935208439e-09,
                    -1.7684008418661477e-13
                ],
                [
                    1.980254535732573e-10,
                    -1.7684008418661477e-13,
                    2.7353189681108096e-17
                ]
            ]
        },
        "rescal": {
            "channel": [
                3619.7614881059767,
                434.8389339040896,
                442.48771038355,
                878.6628625643182,
                1221.7289372397356,
                1513.0429348163163,
                1657.602827971029,
                1948.4230142017773,
                2100.656178680388,
                665.8737610613767,
                1339.426302813376,
                1884.2083357390843,
                2012.731150132144,
                2249.726203682195,
                2429.3191956159085,
                2673.4236329960527,
                3085.0336969943282,
                3205.71514314563,
                3712.9921068711346,
                3767.5499549300157,
                4261.194468794593,
                4433.762257395926,
                4745.151423889386,
                5029.801113187833,
                5274.339700478594,
                5499.920322617058,
                5940.747468127314,
                5962.590606074341,
                6084.292286885981,
                6636.66519541904,
                7108.316001825175,
                7703.775657356935,
                7982.784999999999,
                8360.13222156637
            ],