{
    "engcal": [
        0.0905067957502035,
        0.19432738818588632,
        1.4221350920760258e-08
    ],
    "effcal": [
        0.007731312079630842,
        99.99815405915056,
        2.0094075421118904,
        2.0010200328768777,
        0.4863454635329604
    ],
    "unc_effcal": [
        [
            8.211186978033216e-08,
            23589.59834645292,
            2.1922799971375182e-05,
            4.057693966472682e-05,
            -1.7567978838387128e-05
        ],
        [
            23589.598346452924,
            4.250887645891083e+18,
            25520311.251058653,
            26572096.956461817,
            -8491653.552204419
        ],
        [
            2.192279997137518e-05,
            25520311.251058646,
            0.016592809800349398,
            0.02263458926634706,
            -0.007465913533573814
        ],
        [
            4.057693966472682e-05,
            26572096.956461817,
            0.02263458926634706,
            0.03593307256911908,
            -0.012704534199011996
        ],
        [
            -1.7567978838387128e-05,
            -8491653.552204417,
            -0.007465913533573814,
            -0.012704534199011994,
            0.004825775423554302
        ]
    ],
    "rescal": [
        1.8439053618446204,
        0.0004223209300281607
    ],
    "_calib_data": {
        "engcal": {
            "channel": [
                3403.2438229276822,
                409.06720588734214,
                416.22350708320437,
                826.1744611568606,
                1148.4589618644259,
                1421.9442761008474,
                1558.0288128673867,
                1831.5457757395359,
                1974.7310115119783,
                626.1338424110086,
                1258.61134565845,
                1522.4864482941448,
                1693.9717576029752,
                1770.9369653555668,
                1891.6714213921996,
                2114.7735891671164,
                2139.723243905562,
                2283.6922186427782,
                2513.7213731340034,
                2589.3477509065438,
                2901.247782024898,
                3015.523050967774,
                3469.9286913535566,
                3490.8221625566575,
                3542.525710023579,
                3699.8553692867663,
                3934.487623355268,
                4006.4320227496337,
                4168.5614805501245,
                4461.351306943254,
                4728.829542865381,
                4764.306019207759,
                4958.517009234792,
                5169.530753636438,
                5584.856342508049,
                5604.912740950815,
                5719.749804013707,
                6238.37003351629,
                6428.07821748525,
                6681.719187821275,
                7241.663296053832,
                7497.074063211184,
                7861.097498310559
            ],
            "energy": [
                661.657,
                79.6142,
                80.9979,
                160.612,
                223.2368,
                276.3989,
                302.8508,
                356.0129,
                383.8485,
                121.7817,
                244.6974,
                295.9387,
                329.41,
                344.2785,
                367.7891,
                411.1165,
                416.02,
                443.9606,
                488.6792,
                503.467,
                563.986,
                586.2648,
                674.64,
                678.623,
                688.67,
                719.346,
                764.88,
                778.9045,
                810.451,
                867.38,
                919.337,
                926.31,
                964.057,
                1005.27,
                1085.837,
                1089.737,
                1112.076,
                1212.948,
                1249.94,
                1299.142,
                1408.013,
                1457.643,
                1528.1
            ],
            "unc_channel": [
                0.009748610333489446,
                0.0374171218644958,
                0.0059069571390879,
                0.05311012373975597,
                0.04950049987109177,
                0.008812411170623825,
                0.006572414919509435,
                0.005048219591837994,
                0.024546774456744417,
                0.003252835718237113,
                0.004665201822340043,
                0.02764357352965849,
                0.13166156658994477,
                0.002689707658677856,
                0.0246347563503508,
                0.012079432372533614,
                0.13008390324529523,
                0.009407606074164852,
                0.04946706499386819,
                0.12999743593747762,
                0.07662482115692866,
                0.04872156712784962,
                0.16394757671957977,
                0.07120933835095486,
                0.04009266379245488,
                0.13257835637034165,
                0.17393878288383247,
                0.00897790928705521,
                0.09810066123882571,
                0.018244685191269556,
                0.09439641601556598,
                0.13708422800582537,
                0.010823541066960013,
                0.06442650488018369,
                0.01296974066402601,
                0.035098831069048785,
                0.018203643747036525,
                0.03890701386684058,
                0.21856401054855673,
                0.0567430873022562,
                0.014804533924806185,
                0.09245155562187662,
                0.09734018610602987
            ],
            "fit": [
                0.0905067957502035,
                0.19432738818588632,
                1.4221350920760258e-08
            ],
            "unc": [
                [
                    0.0001415006515806166,
                    -1.119799441014578e-07,
                    1.53059404455621e-11
                ],
                [
                    -1.119799441014578e-07,
                    1.0569606839419498e-10,
                    -1.5609357421831323e-14
                ],
                [
                    1.53059404455621e-11,
                    -1.5609357421831323e-14,
                    2.575465731161625e-18
                ]
            ]
        },
        "rescal": {
            "channel": [
                3403.2438229276822,
                409.06720588734214,
                416.22350708320437,
                826.1744611568606,
                1148.4589618644259,
                1421.9442761008474,
                1558.0288128673867,
                1831.5457757395359,
                1974.7310115119783,
                626.1338424110086,
                1258.61134565845,
                1522.4864482941448,
                1693.9717576029752,
                1770.9369653555668,
                1891.6714213921996,
                2114.7735891671164,
                2139.723243905562,
                2283.6922186427782,
                2513.7213731340034,
                2589.3477509065438,
                2901.247782024898,
                3015.523050967774,
                3469.9286913535566,
                3490.8221625566575,
                3542.525710023579,
                3699.8553692867663,
                3934.487623355268,
                4006.4320227496337,
                4168.5614805501245,
                4461.351306943254,
                4728.829542865381,
                4764.306019207759,
                4958.517009234792,
                5169.530753636438,
                5584.856342508049,
                5604.912740950815,
                5719.749804013707,
                6238.37003351629,
                6428.07821748525,
                6681.719187821275,
                7241.663296053832,
                7497.074063211184,
                7861.097498310559
            ],