{
    "engcal": [
        0.0024822581086835055,
        0.19437276105656837,
        8.962831945748043e-09
    ],
    "effcal": [
        0.00041337587153091683,
        77.86680519817573,
        1.77306449671963,
        1.670075869020956,
        0.8220245103485466
    ],
    "unc_effcal": [
        [
            6.332174748123693e-09,
            2358.44300302167,
            1.4233701585712915e-05,
            4.134579687515245e-05,
            -3.760527886160007e-05
        ],
        [
            2358.44300302167,
            1.0611213739880532e+16,
            12889021.07096604,
            24444204.919326417,
            -18149214.432987917
        ],
        [
            1.4233701585712915e-05,
            12889021.070966039,
            0.05650802883029067,
            0.1330123746132567,
            -0.10388440435110968
        ],
        [
            4.1345796875152444e-05,
            24444204.919326417,
            0.1330123746132567,
            0.34787346761014537,
            -0.28533231765117545
        ],
        [
            -3.760527886160007e-05,
            -18149214.432987917,
            -0.10388440435110967,
            -0.28533231765117545,
            0.24413090179847716
        ]
    ],
    "rescal": [
        1.8570773992936178,
        0.00040060831127821083
    ],
    "_calib_data": {
        "engcal": {
            "channel": [
                3403.6499388360617,
                409.8205241778094,
                416.40500124716004,
                826.4480265922303,
                1148.4610940174878,
                1422.1259176149622,
                1558.3451442828455,
                1831.833430645711,
                1975.0199220412132,
                626.2090472249632,
                1258.735754092049,
                1520.490986645849,
                1771.0269864400284,
                1891.9620942142024,
                2114.852922651972,
                2283.672349088905,
                2513.507831437068,
                2900.936364260815,
                3015.4016125187986,
                3490.47401285841,
                3542.090111165838,
                4006.3926128619514,
                4168.587613140891,
                4461.349748774494,
                4729.320024514165,
                4958.556916535986,
                5170.286325449492,
                5584.889000583308,
                5605.182701414041,
                5719.626613021525,
                6238.398313211617,
                6681.747690605657,
                7241.629956138456,
                7500.495799999999,
                7859.695965944153
            ],
            "energy": [
                661.657,
                79.6142,
                80.9979,
                160.612,
                223.2368,
                276.3989,
                302.8508,
                356.0129,
                383.8485,
                121.7817,
                244.6974,
                295.9387,
                344.2785,
                367.7891,
                411.1165,
                443.9606,
                488.6792,
                563.986,
                586.2648,
                678.623,
                688.67,
                778.9045,
                810.451,
                867.38,
                919.337,
                964.057,
                1005.27,
                1085.837,
                1089.737,
                1112.076,
                1212.948,
                1299.142,
                1408.013,
                1457.643,
                1528.1
            ],
            "unc_channel": [
                0.01177693755365341,
                0.22435263659805924,
                0.01902385290676324,
                0.08693960557830463,
                0.1064805238578162,
                0.011843025964573197,
                0.008340110251403481,
                0.01242429166096217,
                0.016173569019787257,
                0.011507700858341754,
                0.01066180537581573,
                0.036299343010083925,
                0.0035514130152084775,
                0.03392207486619555,
                0.02066193267034996,
                0.013610082302763997,
                0.06144990615418317,
                0.08479369323416643,
                0.2666803018627455,
                0.10436904930635114,
                0.05262632362606599,
                0.008806337884675166,
                0.08920965985598661,
                0.01880077709748076,
                0.12320804752868615,
                0.018038841125833083,
                0.07888980727451776,
                0.011835020028820972,
                0.03560974161499816,
                0.01631689756450974,
                0.04947317418535762,
                0.051580536645548236,
                0.01345597845620355,
                1.0498450669901527,
                0.15399337595970378
            ],
            "fit": [
                0.0024822581086835055,
                0.19437276105656837,
                8.962831945748043e-09
            ],
            "unc": [
                [
                    0.0009860569850255177,
                    -6.644252883934489e-07,
                    8.288914091893899e-11
                ],
                [
                    -6.644252883934489e-07,
                    4.919146504041774e-10,
                    -6.406158702999426e-14
                ],
                [
                    8.288914091893899e-11,
                    -6.406158702999426e-14,
                    8.782795129491327e-18
                ]
            ]
        },
        "rescal": {
            "channel": [
                3403.6499388360617,
                409.8205241778094,
                416.40500124716004,
                826.4480265922303,
                1148.4610940174878,
                1422.1259176149622,
                1558.3451442828455,
                1831.833430645711,
                1975.0199220412132,
                626.2090472249632,
                1258.735754092049,
                1771.0269864400284,
                1891.9620942142024,
                2114.852922651972,
                2283.672349088905,
                2513.507831437068,
                2900.936364260815,
                3015.4016125187986,
                3490.47401285841,
                3542.090111165838,
                4006.3926128619514,
                4168.587613140891,
                4461.349748774494,
                4729.320024514165,
                4958.556916535986,
                5170.286325449492,
                5584.889000583308,
                5605.182701414041,
                5719.626613021525,
                6238.398313211617,
                6681.747690605657,
                7241.629956138456,
                7500.495799999999,
                7859.695965944153
            ],