{
    "engcal": [
        -0.14281265201105434,
        0.02673594130642549,
        2.37480747140956e-09
    ],
    "effcal": [
        1.1978669266168809e-05,
        9.829597173129933,
        5.9999999999921245,
        1.8027793823965188,
        5.999998090621378
    ],
    "unc_effcal": [
        [
            2.8047445876156755e-08,
            0.5866767023874265,
            0.0053908945217798244,
            -0.0005109797271101507,
            -0.0174034846133755
        ],
        [
            0.5866767023874265,
            35009872.750660315,
            157599.51128005167,
            -41702.75735943907,
            -366752.98436122655
        ],
        [
            0.0053908945217798244,
            157599.5112800517,
            1467.296592881046,
            -154.30035924984855,
            -3368.6780469656856
        ],
        [
            -0.0005109797271101507,
            -41702.75735943908,
            -154.30035924984855,
            51.91154163238123,
            319.54300867539285
        ],
        [
            -0.0174034846133755,
            -366752.9843612265,
            -3368.6780469656856,
            319.5430086753928,
            10811.24248617946
        ]
    ],
    "rescal": [
        3.0474476375206345,
        0.000589577337699343
    ],
    "_calib_data": {
        "engcal": {
            "channel": [
                2981.542571956484,
                3034.498256912119,
                6008.247987366803,
                8346.257077597847,
                10332.794800000001,
                11322.200800000002,
                13309.008000000002,
                14350.382800000001,
                4571.177106027928,
                5109.690778265227,
                3296.041090804671
            ],
            "energy": [
                79.6142,
                80.9979,
                160.612,
                223.2368,
                276.3989,
                302.8508,
                356.0129,
                383.8485,
                122.06065,
                136.47356,
                88.0336
            ],
            "unc_channel": [
                0.14303066253539676,
                0.21083655920010894,
                0.20160763215306612,
                0.3543937992867769,
                0.2176266538578285,
                0.2990286606798483,
                0.7569549099836715,
                1.2089378032591096,
                0.2099016162636171,
                0.19305239408356778,
                0.210257334195765
            ],
            "fit": [
                -0.14281265201105434,
                0.02673594130642549,
                2.37480747140956e-09
            ],
            "unc": [
                [
                    0.006835038058443162,
                    -2.3023254133273835e-06,
                    1.549090352831942e-10
                ],
                [
                    -2.3023254133273835e-06,
                    8.198009625656932e-10,
                    -5.67915184955208e-14
                ],
                [
                    1.549090352831942e-10,
                    -5.67915184955208e-14,
                    4.060661282947561e-18
                ]
            ]
        },
        "rescal": {
            "channel": [
                2981.542571956484,
                3034.498256912119,
                6008.247987366803,
                8346.257077597847,
                10332.794800000001,
                11322.200800000002,
                13309.008000000002,
                14350.382800000001,
                4571.177106027928,
                5109.690778265227,
                3296.041090804671
            ],
            "width": [
                4.7886,
                4.819799999999999,
                6.6066,
                8.012399999999998,
                9.205199999999998,
                9.79919999999982,
                10.991528592718383,
                9.835165339684549,
                5.7414,
                6.0648,
                4.977599999999999
            ],
            "unc_width": [
                0.4544810636388557,
                0.6631887692208035,
                0.6391045731130914,
                1.1550524783677671,
                0.6448262165061801,
                0.8092003620122031,
                1.621005020086644,
                2.590321024064683,
                0.6558981927908013,
                0.6021518317569884,
                0.6754682603514051
            ],
            "fit": [
                3.0474476375206345,
                0.000589577337699343
            ],
            "unc": [
                [
                    0.009743356759344545,
                    -1.3385348422403057e-06
                ],
                [
                    -1.3385348422403057e-06,
                    2.3880444772427235e-10
                ]
            ]
        },
        "effcal": {
            "energy": [
                356.0129,
                122.06065
            ],
            "efficiency": [
                2.949395360462433e-05,
                2.7263185388677347e-05
            ],
            "unc_efficiency": [
                5.482526770098904e-06,
                2.7181708907801056e-06
            ],
            "fit": [
                1.1978669266168809e-05,
                9.829597173129933,
                5.9999999999921245,
                1.8027793823965188,
                5.999998090621378
            ],
            "unc": [
                [
                    2.8047445876156755e-08,
                    0.5866767023874265,
                    0.0053908945217798244,
                    -0.0005109797271101507,
                    -0.0174034846133755
                ],
                [
                    0.5866767023874265,
                    35009872.750660315,
                    157599.51128005167,
                    -41702.75735943907,
                    -366752.98436122655
                ],
                [
                    0.0053908945217798244,
                    157599.5112800517,
                    1467.296592881046,
                    -154.30035924984855,
                    -3368.6780469656856
                ],
                [
                    -0.0005109797271101507,
                    -41702.75735943908,
                    -154.30035924984855,
                    51.91154163238123,
                    319.54300867539285
                ],
                [
                    -0.0174034846133755,
                    -366752.9843612265,
                    -3368.6780469656856,
                    319.5430086753928,
                    10811.24248617946
                ]
            ]
        }
    }
}