{
    "engcal": [
        -0.1586983850369274,
        0.026728448605214932,
        3.1993301037585718e-09
    ],
    "effcal": [
        3.0506162221036466e-06,
        4.3033363336305825,
        5.627280044330673,
        7.005622326240982,
        5.999997890509443
    ],
    "unc_effcal": [
        [
            2.0611806667980943e-09,
            0.002565817976575913,
            0.0,
            0.0,
            -0.005027377931443235
        ],
        [
            0.002565817976575913,
            3439.7065639768603,
            0.0,
            0.0,
            -6305.1358132798705
        ],
        [
            0.0,
            0.0,
            0.0,
            0.0,
            0.0
        ],
        [
            0.0,
            0.0,
            0.0,
            0.0,
            0.0
        ],
        [
            -0.0050273779314432354,
            -6305.135813279871,
            0.0,
            0.0,
            12278.080565907876
        ]
    ],
    "rescal": [
        2.995351122739818,
        0.0006009189413803674
    ],
    "_calib_data": {
        "engcal": {
            "channel": [
                2982.34717450625,
                3035.006720717139,
                6010.752031689952,
                8345.987600000002,
                10332.794800000001,
                11322.200800000002,
                13309.008000000002,
                14350.382800000001,
                4571.870014324321,
                5110.471402207547
            ],
            "energy": [
                79.6142,
                80.9979,
                160.612,
                223.2368,
                276.3989,
                302.8508,
                356.0129,
                383.8485,
                122.06065,
                136.47356
            ],
            "unc_channel": [
                0.14365904799450602,
                0.20742133428682455,
                0.22257459843190586,
                0.3270507847123058,
                0.17677029708136832,
                0.2776859069200725,
                0.6358924201454373,
                1.1100963595909346,
                0.19078875408532314,
                0.171853969809897
            ],
            "fit": [
                -0.1586983850369274,
                0.026728448605214932,
                3.1993301037585718e-09
            ],
            "unc": [
                [
                    0.009222450097236962,
                    -3.004629521391794e-06,
                    1.988503481355075e-10
                ],
                [
                    -3.004629521391794e-06,
                    1.0387468294579817e-09,
                    -7.084445441670536e-14
                ],
                [
                    1.988503481355075e-10,
                    -7.084445441670536e-14,
                    4.971318048828464e-18
                ]
            ]
        },
        "rescal": {
            "channel": [
                2982.34717450625,
                3035.006720717139,
                6010.752031689952,
                8345.987600000002,
                10332.794800000001,
                11322.200800000002,
                13309.008000000002,
                14350.382800000001,
                4571.870014324321,
                5110.471402207547
            ],
            "width": [
                4.7886,
                4.819799999999999,
                6.6066,
                8.012399999999998,
                9.205199999999998,
                9.799199999999997,
                10.991999999999981,
                11.617199999999999,
                5.7414,
                6.0648
            ],
            "unc_width": [
                0.46016260166487266,
                0.6544653697683097,
                0.7207811968416785,
                1.0562468239922662,
                0.5331868769881721,
                0.7845923529643032,
                1.4771037280200747,
                2.9728577891870427,
                0.5901885662991011,
                0.5412093418963183
            ],
            "fit": [
                2.995351122739818,
                0.0006009189413803674
            ],
            "unc": [
                [
                    6.831532468480599e-07,
                    -8.813055332534628e-11
                ],
                [
                    -8.813055332534628e-11,
                    1.4468565132297256e-14
                ]
            ]
        },
        "effcal": {
            "energy": [
                356.0129,
                122.06065
            ],
            "efficiency": [
                1.0027385264109993e-05,
                8.189928296359792e-06
            ],
            "unc_efficiency": [
                1.6127977726547753e-06,
                7.414938910685858e-07
            ],
            "fit": [
                3.0506162221036466e-06,
                4.3033363336305825,
                5.627280044330673,
                7.005622326240982,
                5.999997890509443
            ],
            "unc": [
                [
                    2.0611806667980943e-09,
                    0.002565817976575913,
                    0.0,
                    0.0,
                    -0.005027377931443235
                ],
                [
                    0.002565817976575913,
                    3439.7065639768603,
                    0.0,
                    0.0,
                    -6305.1358132798705
                ],
                [
                    0.0,
                    0.0,
                    0.0,
                    0.0,
                    0.0
                ],
                [
                    0.0,
                    0.0,
                    0.0,
                    0.0,
                    0.0
                ],
                [
                    -0.0050273779314432354,
                    -6305.135813279871,
                    0.0,
                    0.0,
                    12278.080565907876
                ]
            ]
        }
    }
}