{
    "engcal": [
        -0.1596188296795335,
        0.026731426157817553,
        2.7587658599564586e-09
    ],
    "effcal": [
        3.428397009385613e-05,
        3.7178955016902084,
        1.2750691677216626,
        49.772760209729796,
        5.9081823297866904
    ],
    "unc_effcal": [
        [
            3.2350065121040546e-07,
            0.026268960041796352,
            0.0,
            0.0,
            -0.06984943103260767
        ],
        [
            0.026268960041796355,
            2265.0279774021715,
            0.0,
            0.0,
            -5713.199716025115
        ],
        [
            0.0,
            0.0,
            0.0,
            0.0,
            0.0
        ],
        [
            0.0,
            0.0,
            0.0,
            0.0,
            0.0
        ],
        [
            -0.06984943103260768,
            -5713.199716025116,
            0.0,
            0.0,
            15101.512171759572
        ]
    ],
    "rescal": [
        3.113480267019962,
        0.0005780573593143236
    ],
    "_calib_data": {
        "engcal": {
            "channel": [
                2982.288997973694,
                3035.243031046833,
                6011.866498526995,
                8350.082031411113,
                10332.794800000001,
                11322.200800000002,
                13309.008000000002,
                14350.382800000003,
                4570.885098264377,
                5109.084000275167
            ],
            "energy": [
                79.6142,
                80.9979,
                160.612,
                223.2368,
                276.3989,
                302.8508,
                356.0129,
                383.8485,
                122.06065,
                136.47356
            ],
            "unc_channel": [
                0.1667514757024937,
                0.21346005027034476,
                0.18962282643444764,
                0.3058087598819239,
                0.18966369532530195,
                0.23358062440152763,
                0.5187376760870909,
                0.8246634403906272,
                0.21083367722495405,
                0.20134661056115802
            ],
            "fit": [
                -0.1596188296795335,
                0.026731426157817553,
                2.7587658599564586e-09
            ],
            "unc": [
                [
                    0.0052783629668040205,
                    -1.642193573941972e-06,
                    1.0495042078830425e-10
                ],
                [
                    -1.642193573941972e-06,
                    5.46760336611585e-10,
                    -3.61574862162286e-14
                ],
                [
                    1.0495042078830425e-10,
                    -3.61574862162286e-14,
                    2.464677970849098e-18
                ]
            ]
        },
        "rescal": {
            "channel": [
                2982.288997973694,
                3035.243031046833,
                6011.866498526995,
                8350.082031411113,
                10332.794800000001,
                11322.200800000002,
                13309.008000000002,
                14350.382800000003,
                4570.885098264377,
                5109.084000275167
            ],
            "width": [
                4.7886,
                4.819799999999999,
                6.6066,
                8.012399999999998,
                9.205199999999998,
                9.799199999999997,
                10.991999999994983,
                9.488428032099451,
                5.7414,
                6.0648
            ],
            "unc_width": [
                0.5300606438641962,
                0.6728075586494955,
                0.6103546688141845,
                0.9652382398110232,
                0.556253558271172,
                0.6510119226868059,
                1.1732225862104957,
                1.7091398713022714,
                0.6569142777728773,
                0.6181255290754872
            ],
            "fit": [
                3.113480267019962,
                0.0005780573593143236
            ],
            "unc": [
                [
                    0.04016204085626569,
                    -4.772017139130447e-06
                ],
                [
                    -4.772017139130447e-06,
                    7.144338822251201e-10
                ]
            ]
        },
        "effcal": {
            "energy": [
                356.0129,
                122.06065
            ],
            "efficiency": [
                0.00012623912554076753,
                8.359230642925245e-05
            ],
            "unc_efficiency": [
                1.694368012713275e-05,
                8.373683704454545e-06
            ],
            "fit": [
                3.428397009385613e-05,
                3.7178955016902084,
                1.2750691677216626,
                49.772760209729796,
                5.9081823297866904
            ],
            "unc": [
                [
                    3.2350065121040546e-07,
                    0.026268960041796352,
                    0.0,
                    0.0,
                    -0.06984943103260767
                ],
                [
                    0.026268960041796355,
                    2265.0279774021715,
                    0.0,
                    0.0,
                    -5713.199716025115
                ],
                [
                    0.0,
                    0.0,
                    0.0,
                    0.0,
                    0.0
                ],
                [
                    0.0,
                    0.0,
                    0.0,
                    0.0,
                    0.0
                ],
                [
                    -0.06984943103260768,
                    -5713.199716025116,
                    0.0,
                    0.0,
                    15101.512171759572
                ]
            ]
        }
    }
}