{
    "engcal": [
        0.04551440304333521,
        0.1826860372193066,
        1.3878674194197958e-08
    ],
    "effcal": [
        0.0010641088024848017,
        89.28434859298876,
        2.0480216729165455,
        1.463973522228668,
        0.8939855601177965
    ],
    "unc_effcal": [
        [
            2.5614487253335746e-08,
            -1.4487022423841126e-16,
            1.5096404223625796e-05,
            4.545093873333214e-05,
            -6.524466195243118e-05
        ],
        [
            -1.4487022423841126e-16,
            9.254890446385924e-25,
            -1.1326149396444501e-13,
            -2.968938979050947e-13,
            3.979550624023393e-13
        ],
        [
            1.50964042236258e-05,
            -1.1326149396444504e-13,
            0.01917040884210905,
            0.03663022268037579,
            -0.044357711722684746
        ],
        [
            4.545093873333214e-05,
            -2.968938979050947e-13,
            0.03663022268037578,
            0.09580354193080828,
            -0.12692489183181527
        ],
        [
            -6.52446619524312e-05,
            3.979550624023394e-13,
            -0.044357711722684746,
            -0.12692489183181527,
            0.17512345362853934
        ]
    ],
    "rescal": [
        2.548939894373957,
        0.0003812847369730547
    ],
    "_calib_data": {
        "engcal": {
            "channel": [
                3619.7127758313723,
                434.9475504433795,
                442.4811047027752,
                878.9645861660865,
                1221.3378181445878,
                1513.0658126202784,
                1657.7023172645868,
                1948.4639584897623,
                2100.7042307435577,
                665.8698737861951,
                1339.50585600128,
                1617.8919788218323,
                1884.2295770612145,
                2013.082861069714,
                2249.756677592567,
                2429.3027862067347,
                2672.375297363913,
                3084.951141445724,
                3206.6639033201427,
                3711.092225055485,
                3766.8963242415575,
                4261.231470369337,
                4745.272809081999,
                5274.482438366188,
                5499.017979483274,
                5941.065938533202,
                5962.658297063559,
                6084.545671500783,
                6636.775376490512,
                7108.539203026878,
                7703.916730037532,
                7982.784999999999,
                8361.337399826529
            ],
            "energy": [
                661.657,
                79.6142,
                80.9979,
                160.612,
                223.2368,
                276.3989,
                302.8508,
                356.0129,
                383.8485,
                121.7817,
                244.6974,
                295.9387,
                344.2785,
                367.7891,
                411.1165,
                443.9606,
                488.6792,
                563.986,
                586.2648,
                678.623,
                688.67,
                778.9045,
                867.38,
                964.057,
                1005.27,
                1085.837,
                1089.737,
                1112.076,
                1212.948,
                1299.142,
                1408.013,
                1457.643,
                1528.1
            ],
            "unc_channel": [
                0.012900167934310373,
                0.2407054781476272,
                0.024529291167250226,
                0.11634466536445023,
                0.09916393566716075,
                0.01884699599087423,
                0.009233593732247698,
                0.013369307204934733,
                0.016713705484492965,
                0.008046955798041037,
                0.013091978340679293,
                0.0767959902213904,
                0.00688504721800516,
                0.06291138211261428,
                0.041423215659704915,
                0.027801144361888432,
                0.1889199723383231,
                0.2130255990593452,
                0.6293640358337677,
                0.23064944159286088,
                0.1305333490670543,
                0.01959712027087206,
                0.04925578691694654,
                0.032993123267723655,
                0.19253166356780005,
                0.031288170168330395,
                0.09264785407767487,
                0.03140400288361935,
                0.1385614124554763,
                0.1076950662103658,
                0.03964498134131489,
                0.9475390808557306,
                0.38967744856785036
            ],
            "fit": [
                0.04551440304333521,
                0.1826860372193066,
                1.3878674194197958e-08
            ],
            "unc": [
                [
                    0.0024445172732699915,
                    -1.7637582454009015e-06,
                    2.3134023528514196e-10
                ],
                [
                    -1.7637582454009015e-06,
                    1.478896944506778e-09,
                    -2.0901311912675342e-13
                ],
                [
                    2.3134023528514196e-10,
                    -2.0901311912675342e-13,
                    3.274185947886773e-17
                ]
            ]
        },
        "rescal": {
            "channel": [
                3619.7127758313723,
                434.9475504433795,
                442.4811047027752,
                878.9645861660865,
                1221.3378181445878,
                1513.0658126202784,
                1657.7023172645868,
                1948.4639584897623,
                2100.7042307435577,
                665.8698737861951,
                1339.50585600128,
                1884.2295770612145,
                2013.082861069714,
                2249.756677592567,
                2429.3027862067347,
                2672.375297363913,
                3084.951141445724,
                3711.092225055485,
                3766.8963242415575,
                4261.231470369337,
                4745.272809081999,
                5274.482438366188,
                5499.017979483274,
                5941.065938533202,
                5962.658297063559,
                6084.545671500783,
                6636.775376490512,
                7108.539203026878,
                7703.916730037532,
                7982.784999999999,
                8361.337399826529
            ],
            "width": [
                3.8622908777300586,
                3.260999999991281,
                2.7322529061757383,
                3.2614677171965027,
                2.3480006627924173,
                3.1565323297021477,
                3.1701847842736197,
                3.2763631983577306,
                3.3586424467459004,
                2.866403875479954,
                2.9492263813522226,
                3.2548702664306677,
                3.2489279120110215,
                3.2931415067563803,
                3.3879505873180147,
                4.245463153353002,
                4.850999999999932,
                4.291519011076762,
                4.223880975612096,
                4.193499403324698,
                4.463900515498889,
                4.6500764988869605,
                4.553071538137121,
                4.9866817644065815,
                4.596202488923766,
                4.951539998896668,
                5.718271517814665,
                5.5306840209304475,
                5.517823460641,
                7.784999999999998,
                5.189079315228153
            ],