{
    "engcal": [
        -0.6326258727557832,
        0.026812470033792248,
        3.6929899006312257e-09
    ],
    "effcal": [
        7.340911481334626e-06,
        46.92086132652426,
        3.6344732183261628,
        16.204238753820967,
        4.99791105556669
    ],
    "unc_effcal": [
        [
            5.279440585940554e-10,
            0.0,
            0.0,
            0.0,
            -0.0003913692262487629
        ],
        [
            0.0,
            0.0,
            0.0,
            0.0,
            0.0
        ],
        [
            0.0,
            0.0,
            0.0,
            0.0,
            0.0
        ],
        [
            0.0,
            0.0,
            0.0,
            0.0,
            0.0
        ],
        [
            -0.0003913692262487629,
            0.0,
            0.0,
            0.0,
            293.54203851650254
        ]
    ],
    "rescal": [
        2.994106850306876,
        0.0006009300564159136
    ],
    "_calib_data": {
        "engcal": {
            "channel": [
                3054.1646000000005,
                10317.519029686691,
                11301.088472313964,
                13277.24719783829,
                14311.406200000001,
                4571.995308079002,
                5110.854622039176
            ],
            "energy": [
                80.9979,
                276.3989,
                302.8508,
                356.0129,
                383.8485,
                122.06065,
                136.47356
            ],
            "unc_channel": [
                1.49623779740515,
                0.2275936588000144,
                0.17128877662596603,
                0.16462444087788508,
                0.20481956396047926,
                0.20225125523986673,
                0.20034436482552093
            ],
            "fit": [
                -0.6326258727557832,
                0.026812470033792248,
                3.6929899006312257e-09
            ],
            "unc": [
                [
                    0.008572143152588193,
                    -2.103535173202669e-06,
                    1.1058804192591844e-10
                ],
                [
                    -2.103535173202669e-06,
                    5.447533277267878e-10,
                    -2.9387392174635084e-14
                ],
                [
                    1.1058804192591844e-10,
                    -2.9387392174635084e-14,
                    1.610323476410404e-18
                ]
            ]
        },
        "rescal": {
            "channel": [
                10317.519029686691,
                11301.088472313964,
                13277.24719783829,
                14311.406200000001,
                4571.995308079002,
                5110.854622039176
            ],
            "width": [
                9.195599999999997,
                9.785999999999998,
                10.972199999999999,
                11.5938,
                5.7414,
                6.0648
            ],
            "unc_width": [
                0.6927745616372412,
                0.5066410409012025,
                0.47911292828954494,
                0.6111373948530818,
                0.6335245175251953,
                0.6231754868883118
            ],
            "fit": [
                2.994106850306876,
                0.0006009300564159136
            ],
            "unc": [
                [
                    1.150443131418474e-06,
                    -9.941917731137666e-11
                ],
                [
                    -9.941917731137666e-11,
                    9.651670328437507e-15
                ]
            ]
        },
        "effcal": {
            "energy": [
                356.0129,
                383.8485,
                122.06065
            ],
            "efficiency": [
                3.6318168557966725e-05,
                3.121640267057381e-05,
                1.3473439769353233e-05
            ],
            "unc_efficiency": [
                2.35222659241727e-06,
                1.5278980211502028e-06,
                1.2974814732511557e-06
            ],
            "fit": [
                7.340911481334626e-06,
                46.92086132652426,
                3.6344732183261628,
                16.204238753820967,
                4.99791105556669
            ],
            "unc": [
                [
                    5.279440585940554e-10,
                    0.0,
                    0.0,
                    0.0,
                    -0.0003913692262487629
                ],
                [
                    0.0,
                    0.0,
                    0.0,
                    0.0,
                    0.0
                ],
                [
                    0.0,
                    0.0,
                    0.0,
                    0.0,
                    0.0
                ],
                [
                    0.0,
                    0.0,
                    0.0,
                    0.0,
                    0.0
                ],
                [
                    -0.0003913692262487629,
                    0.0,
                    0.0,
                    0.0,
                    293.54203851650254
                ]
            ]
        }
    }
}