{
    "engcal": [
        -0.18572148315955386,
        0.02673399480296605,
        2.770673233183307e-09
    ],
    "effcal": [
        4.197673714508749e-05,
        3.6651315749401356,
        3.478222440385578,
        49.74999999999999,
        5.999965988630392
    ],
    "unc_effcal": [
        [
            4.849304559798404e-07,
            0.031056324420295982,
            0.0,
            0.0,
            -0.08673213060983112
        ],
        [
            0.03105632442029598,
            2116.1030551603185,
            0.0,
            0.0,
            -5598.377076906363
        ],
        [
            0.0,
            0.0,
            0.0,
            0.0,
            0.0
        ],
        [
            0.0,
            0.0,
            0.0,
            0.0,
            0.0
        ],
        [
            -0.08673213060983109,
            -5598.377076906363,
            0.0,
            0.0,
            15534.485358598942
        ]
    ],
    "rescal": [
        3.1317789688151576,
        0.0005747828410572467
    ],
    "_calib_data": {
        "engcal": {
            "channel": [
                2982.703953641885,
                3035.3711703321173,
                6012.248044396068,
                8347.961465616681,
                10332.794800000001,
                11322.200800000002,
                13309.008000000002,
                14350.382800000001,
                4572.043309868219,
                5110.923071024435
            ],
            "energy": [
                79.6142,
                80.9979,
                160.612,
                223.2368,
                276.3989,
                302.8508,
                356.0129,
                383.8485,
                122.06065,
                136.47356
            ],
            "unc_channel": [
                0.1547702902029677,
                0.20261209489117743,
                0.16989526738657487,
                0.2829132618726117,
                0.16884275422758935,
                0.2096304135683767,
                0.484492286243587,
                0.7063139638373128,
                0.1982791190030716,
                0.20594478047290532
            ],
            "fit": [
                -0.18572148315955386,
                0.02673399480296605,
                2.770673233183307e-09
            ],
            "unc": [
                [
                    0.008542653752423841,
                    -2.644350840796312e-06,
                    1.6851288633200504e-10
                ],
                [
                    -2.644350840796312e-06,
                    8.783524652448532e-10,
                    -5.797142184616275e-14
                ],
                [
                    1.6851288633200504e-10,
                    -5.797142184616275e-14,
                    3.942528492815021e-18
                ]
            ]
        },
        "rescal": {
            "channel": [
                2982.703953641885,
                3035.3711703321173,
                6012.248044396068,
                8347.961465616681,
                10332.794800000001,
                11322.200800000002,
                13309.008000000002,
                14350.382800000001,
                4572.043309868219,
                5110.923071024435
            ],
            "width": [
                4.7886,
                4.819799999999999,
                6.6066,
                8.012399999999998,
                9.205199999999998,
                9.799199999999997,
                10.99199999999686,
                9.146695913236993,
                5.7414,
                6.0648
            ],
            "unc_width": [
                0.49178015915155227,
                0.6352076617904798,
                0.5494701474527138,
                0.9119029063184767,
                0.4999991318840159,
                0.584067974863945,
                1.0979989773658299,
                1.572562159240767,
                0.6122402360730124,
                0.638935412608876
            ],
            "fit": [
                3.1317789688151576,
                0.0005747828410572467
            ],
            "unc": [
                [
                    0.05609102548618598,
                    -6.571461716551783e-06
                ],
                [
                    -6.571461716551783e-06,
                    9.669931726344187e-10
                ]
            ]
        },
        "effcal": {
            "energy": [
                356.0129,
                122.06065
            ],
            "efficiency": [
                0.00015330583916268678,
                0.00010064127373224225
            ],
            "unc_efficiency": [
                1.950922746257107e-05,
                9.467098688378686e-06
            ],
            "fit": [
                4.197673714508749e-05,
                3.6651315749401356,
                3.478222440385578,
                49.74999999999999,
                5.999965988630392
            ],
            "unc": [
                [
                    4.849304559798404e-07,
                    0.031056324420295982,
                    0.0,
                    0.0,
                    -0.08673213060983112
                ],
                [
                    0.03105632442029598,
                    2116.1030551603185,
                    0.0,
                    0.0,
                    -5598.377076906363
                ],
                [
                    0.0,
                    0.0,
                    0.0,
                    0.0,
                    0.0
                ],
                [
                    0.0,
                    0.0,
                    0.0,
                    0.0,
                    0.0
                ],
                [
                    -0.08673213060983109,
                    -5598.377076906363,
                    0.0,
                    0.0,
                    15534.485358598942
                ]
            ]
        }
    }
}