{
    "engcal": [
        0.028928676035487225,
        0.1826893808387825,
        1.3191229046859587e-08
    ],
    "effcal": [
        0.0034869513889305946,
        79.1272792621419,
        2.2341532391308796,
        1.719436191234319,
        0.6376903208437581
    ],
    "unc_effcal": [
        [
            1.1157615083417199e-07,
            11548.223199570082,
            4.533783357654801e-05,
            8.086454759146828e-05,
            -6.61564239850317e-05
        ],
        [
            11548.223199570082,
            1.903979382376302e+16,
            14040767.497566331,
            14532739.250073807,
            -9357103.926356915
        ],
        [
            4.533783357654801e-05,
            14040767.497566331,
            0.039986989754220305,
            0.05355015968821707,
            -0.03563300571887255
        ],
        [
            8.086454759146828e-05,
            14532739.250073807,
            0.053550159688217074,
            0.08398157794395324,
            -0.05956099476048553
        ],
        [
            -6.61564239850317e-05,
            -9357103.926356915,
            -0.035633005718872554,
            -0.05956099476048553,
            0.04477750564835495
        ]
    ],
    "rescal": [
        2.603332426566473,
        0.0003761299293038113
    ],
    "_calib_data": {
        "engcal": {
            "channel": [
                3619.846749122694,
                434.12761874049085,
                442.43216294364606,
                878.9537743943755,
                1221.9788335075505,
                1513.0641782679118,
                1657.6680217094051,
                1948.4327313758106,
                2100.652975612969,
                665.8694574571531,
                1339.4127744140987,
                1618.503679757158,
                1884.2331210471546,
                2012.677852384697,
                2249.683174237037,
                2429.2487424262677,
                2673.5279034547443,
                3086.1705153044295,
                3207.5960967914807,
                3712.942738435598,
                3767.537109536849,
                4261.152698036932,
                4433.467963601106,
                4745.17700264372,
                5030.194701918549,
                5068.218385311284,
                5274.403504682962,
                5499.212282523589,
                5940.9147983869325,
                5962.682084622551,
                6084.308059273785,
                6636.277518991483,
                7108.080816850202,
                7703.72878786159,
                7982.784999999999,
                8361.480246948964
            ],
            "energy": [
                661.657,
                79.6142,
                80.9979,
                160.612,
                223.2368,
                276.3989,
                302.8508,
                356.0129,
                383.8485,
                121.7817,
                244.6974,
                295.9387,
                344.2785,
                367.7891,
                411.1165,
                443.9606,
                488.6792,
                563.986,
                586.2648,
                678.623,
                688.67,
                778.9045,
                810.451,
                867.38,
                919.337,
                926.31,
                964.057,
                1005.27,
                1085.837,
                1089.737,
                1112.076,
                1212.948,
                1299.142,
                1408.013,
                1457.643,
                1528.1
            ],
            "unc_channel": [
                0.015238851238289712,
                0.2122455620245746,
                0.022245404495356256,
                0.047385883353118836,
                0.08544422083236522,
                0.010857524945662392,
                0.0065581665072965215,
                0.007508115133405873,
                0.01124417305596767,
                0.006807182192973071,
                0.007937780756829356,
                0.058331428394233276,
                0.005096054984569585,
                0.04137044593355362,
                0.020812090962434585,
                0.017203174234120235,
                0.09543250923065617,
                0.1084268081900323,
                0.20491574302644086,
                0.12488687243602346,
                0.09133321365445728,
                0.014525079187894396,
                0.18028364781773443,
                0.031145834673646518,
                0.15895712367592446,
                0.29106089153870285,
                0.01885980805661348,
                0.11316294317428971,
                0.02337237675706345,
                0.06993602000498225,
                0.023216645848729206,
                0.07047555594891931,
                0.07223340800386993,
                0.021876636753885553,
                0.6428331000382461,
                0.2047371997006012
            ],
            "fit": [
                0.028928676035487225,
                0.1826893808387825,
                1.3191229046859587e-08
            ],
            "unc": [
                [
                    0.002042006104864203,
                    -1.4457507156975408e-06,
                    1.7941965213247765e-10
                ],
                [
                    -1.4457507156975408e-06,
                    1.1458803914866934e-09,
                    -1.5027738912462258e-13
                ],
                [
                    1.7941965213247765e-10,
                    -1.5027738912462258e-13,
                    2.1479569523392363e-17
                ]
            ]
        },
        "rescal": {
            "channel": [
                3619.846749122694,
                434.12761874049085,
                442.43216294364606,
                878.9537743943755,
                1221.9788335075505,
                1513.0641782679118,
                1657.6680217094051,
                1948.4327313758106,
                2100.652975612969,
                665.8694574571531,
                1339.4127744140987,
                2012.677852384697,
                2249.683174237037,
                2429.2487424262677,
                2673.5279034547443,
                3086.1705153044295,
                3207.5960967914807,
                3712.942738435598,
                3767.537109536849,
                4261.152698036932,
                4433.467963601106,
                4745.17700264372,
                5030.194701918549,
                5068.218385311284,
                5274.403504682962,
                5499.212282523589,
                5940.9147983869325,
                5962.682084622551,
                6084.308059273785,
                6636.277518991483,
                7108.080816850202,
                7703.72878786159,
                7982.784999999999,
                8361.480246948964
            ],