{
    "engcal": [
        0.0705607464407083,
        0.18266579925412862,
        1.6591462385786917e-08
    ],
    "effcal": [
        0.00725585419063289,
        75.7526506225349,
        2.187875496790174,
        1.7746984426982682,
        0.5589002395669038
    ],
    "unc_effcal": [
        [
            2.816767495048774e-07,
            9802.86651243908,
            7.019329801400082e-05,
            0.00012131454249514113,
            -7.716973991387548e-05
        ],
        [
            9802.86651243908,
            4135379051612299.0,
            5613424.428892384,
            6308101.0928502325,
            -3361739.516808159
        ],
        [
            7.019329801400082e-05,
            5613424.428892384,
            0.031079853048909634,
            0.043016652848526946,
            -0.023550745263219625
        ],
        [
            0.00012131454249514112,
            6308101.092850233,
            0.043016652848526946,
            0.06764658984546093,
            -0.038951497205579354
        ],
        [
            -7.716973991387548e-05,
            -3361739.5168081596,
            -0.023550745263219625,
            -0.03895149720557936,
            0.02337950428124478
        ]
    ],
    "rescal": [
        2.5492228977648486,
        0.00037864292658330487
    ],
    "_calib_data": {
        "engcal": {
            "channel": [
                3619.6757954559084,
                434.9249089747191,
                442.5191843857354,
                878.6802311316663,
                1222.9859399524,
                1513.007408120893,
                1657.7016797274543,
                1948.516688931097,
                2100.6939614722346,
                665.884274681924,
                1339.402296590762,
                1619.1427325460613,
                1884.2334363733144,
                2012.9789932032156,
                2249.6155047166194,
                2429.2262598809834,
                2674.091478010789,
                3085.465895941827,
                3207.5000933422907,
                3712.620624203309,
                3767.5132993797006,
                3935.0329921489993,
                4261.181349449779,
                4434.241515733761,
                4745.506962857404,
                5029.8115682254465,
                5067.369857917249,
                5274.391971083629,
                5499.8937456295525,
                5941.064151046868,
                5962.439892924955,
                6084.317689607348,
                6636.524121438793,
                7108.3916120876065,
                7703.830408026511,
                7982.784999999999,
                8362.706480863262
            ],
            "energy": [
                661.657,
                79.6142,
                80.9979,
                160.612,
                223.2368,
                276.3989,
                302.8508,
                356.0129,
                383.8485,
                121.7817,
                244.6974,
                295.9387,
                344.2785,
                367.7891,
                411.1165,
                443.9606,
                488.6792,
                563.986,
                586.2648,
                678.623,
                688.67,
                719.346,
                778.9045,
                810.451,
                867.38,
                919.337,
                926.31,
                964.057,
                1005.27,
                1085.837,
                1089.737,
                1112.076,
                1212.948,
                1299.142,
                1408.013,
                1457.643,
                1528.1
            ],
            "unc_channel": [
                0.015111319678589486,
                0.3400610080720711,
                0.03321597660943076,
                0.08023669813179102,
                0.13232004171396955,
                0.01878022164593809,
                0.010224393781801684,
                0.006411573990657238,
                0.0155486035406432,
                0.005168592452395059,
                0.007754402341877572,
                0.07955706719469725,
                0.004909223963339125,
                0.05032302963517187,
                0.020683761848248414,
                0.018725290140143055,
                0.07727637151219895,
                0.11357807697335995,
                0.16130125145514015,
                0.2017883002635901,
                0.06134377819724514,
                0.18958409052862668,
                0.011322654949173852,
                0.23459062266172478,
                0.030683086439103516,
                0.11672992066744974,
                0.22142294972511425,
                0.01851861736225176,
                0.09105859600683341,
                0.020001412474960716,
                0.05524008288138061,
                0.022754244609287825,
                0.06207293155068259,
                0.07352031191969474,
                0.028592906189553263,
                0.4713780055312588,
                0.16680688278575934
            ],
            "fit": [
                0.0705607464407083,
                0.18266579925412862,
                1.6591462385786917e-08
            ],
            "unc": [
                [
                    0.001711212228849319,
                    -1.2564990833916167e-06,
                    1.651774089433137e-10
                ],
                [
                    -1.2564990833916167e-06,
                    1.072817462282281e-09,
                    -1.5113052637440033e-13
                ],
                [
                    1.651774089433137e-10,
                    -1.5113052637440033e-13,
                    2.3359679704052574e-17
                ]
            ]
        },
        "rescal": {
            "channel": [
                3619.6757954559084,
                434.9249089747191,
                442.5191843857354,
                878.6802311316663,
                1222.9859399524,
                1513.007408120893,
                1657.7016797274543,
                1948.516688931097,
                2100.6939614722346,
                665.884274681924,
                1339.402296590762,
                1619.1427325460613,
                1884.2334363733144,
                2012.9789932032156,
                2249.6155047166194,
                2429.2262598809834,
                2674.091478010789,
                3085.465895941827,
                3207.5000933422907,
                3712.620624203309,
                3767.5132993797006,
                3935.0329921489993,
                4261.181349449779,
                4434.241515733761,
                4745.506962857404,
                5029.8115682254465,
                5067.369857917249,
                5274.391971083629,
                5499.8937456295525,
                5941.064151046868,
                6084.317689607348,
                6636.524121438793,
                7108.3916120876065,
                7703.830408026511,
                7982.784999999999,
                8362.706480863262
            ],