{
    "engcal": [
        -0.11986835731717224,
        0.026712297459832286,
        4.070721163642138e-09
    ],
    "effcal": [
        1.5127847018396854e-06,
        9.336905653902326,
        1.3526777714731453,
        49.17056244513821,
        5.999999999999999
    ],
    "unc_effcal": [
        [
            1.51949141485398e-10,
            0.005451929436300398,
            0.0,
            0.0,
            -0.0007305723117272556
        ],
        [
            0.005451929436300398,
            249015.61921235375,
            0.0,
            0.0,
            -26808.987845645595
        ],
        [
            0.0,
            0.0,
            0.0,
            0.0,
            0.0
        ],
        [
            0.0,
            0.0,
            0.0,
            0.0,
            0.0
        ],
        [
            -0.0007305723117272556,
            -26808.987845645595,
            0.0,
            0.0,
            3525.3360071812986
        ]
    ],
    "rescal": [
        2.9951830297323787,
        0.0006009032606511462
    ],
    "_calib_data": {
        "engcal": {
            "channel": [
                2981.76904141748,
                3035.879167273324,
                6014.085220230904,
                10332.979632208375,
                11322.200800000002,
                13309.008000000002,
                14350.382800000001,
                4572.252226346901,
                5110.516235638914
            ],
            "energy": [
                79.6142,
                80.9979,
                160.612,
                276.3989,
                302.8508,
                356.0129,
                383.8485,
                122.06065,
                136.47356
            ],
            "unc_channel": [
                0.15701157380308461,
                0.20325778253859922,
                0.25494279423811184,
                0.18086733568032579,
                0.18325468390459165,
                0.3979112728539592,
                0.8143369722429817,
                0.20192856203979154,
                0.1734627452589442
            ],
            "fit": [
                -0.11986835731717224,
                0.026712297459832286,
                4.070721163642138e-09
            ],
            "unc": [
                [
                    0.013641214273828773,
                    -4.353666506032787e-06,
                    2.7656287036243274e-10
                ],
                [
                    -4.353666506032787e-06,
                    1.4772499552429141e-09,
                    -9.64586698483449e-14
                ],
                [
                    2.7656287036243274e-10,
                    -9.64586698483449e-14,
                    6.442497968966459e-18
                ]
            ]
        },
        "rescal": {
            "channel": [
                2981.76904141748,
                3035.879167273324,
                6014.085220230904,
                10332.979632208375,
                11322.200800000002,
                13309.008000000002,
                14350.382800000001,
                4572.252226346901,
                5110.516235638914
            ],
            "width": [
                4.7886,
                4.819799999999999,
                6.6066,
                9.205199999999998,
                9.799199999999997,
                10.991999999999996,
                11.617199999999999,
                5.7414,
                6.0648
            ],
            "unc_width": [
                0.49953615043038047,
                0.6385939925198031,
                0.8250519026327332,
                0.5675202338064214,
                0.5367913370313546,
                1.0120564138773398,
                2.193182741984892,
                0.6315480511933608,
                0.5522603928926602
            ],
            "fit": [
                2.9951830297323787,
                0.0006009032606511462
            ],
            "unc": [
                [
                    1.0031609228608484e-06,
                    -1.1618992136764889e-10
                ],
                [
                    -1.1618992136764889e-10,
                    1.73508831753245e-14
                ]
            ]
        },
        "effcal": {
            "energy": [
                356.0129,
                122.06065
            ],
            "efficiency": [
                6.821383545897618e-06,
                3.64826577354957e-06
            ],
            "unc_efficiency": [
                7.442111211851979e-07,
                3.4935873661246413e-07
            ],
            "fit": [
                1.5127847018396854e-06,
                9.336905653902326,
                1.3526777714731453,
                49.17056244513821,
                5.999999999999999
            ],
            "unc": [
                [
                    1.51949141485398e-10,
                    0.005451929436300398,
                    0.0,
                    0.0,
                    -0.0007305723117272556
                ],
                [
                    0.005451929436300398,
                    249015.61921235375,
                    0.0,
                    0.0,
                    -26808.987845645595
                ],
                [
                    0.0,
                    0.0,
                    0.0,
                    0.0,
                    0.0
                ],
                [
                    0.0,
                    0.0,
                    0.0,
                    0.0,
                    0.0
                ],
                [
                    -0.0007305723117272556,
                    -26808.987845645595,
                    0.0,
                    0.0,
                    3525.3360071812986
                ]
            ]
        }
    }
}