{
    "engcal": [
        0.07197803828068862,
        0.194325874180967,
        1.3411393295770782e-08
    ],
    "effcal": [
        0.003290657804930586,
        78.07661944895149,
        1.966317941354367,
        1.9905658204605536,
        0.6117224733098278
    ],
    "unc_effcal": [
        [
            4.9012665921592367e-08,
            9080.675289707246,
            3.1495481203064675e-05,
            5.1879685496746195e-05,
            -2.819533609558191e-05
        ],
        [
            9080.675289707246,
            1.7637748175891222e+16,
            14366415.895450262,
            15640887.234274274,
            -6948246.5302409185
        ],
        [
            3.149548120306468e-05,
            14366415.895450264,
            0.03913351508669119,
            0.05181662609197215,
            -0.02340776335830677
        ],
        [
            5.1879685496746195e-05,
            15640887.234274276,
            0.05181662609197215,
            0.07725486378426295,
            -0.03667599781067823
        ],
        [
            -2.819533609558191e-05,
            -6948246.530240919,
            -0.023407763358306775,
            -0.036675997810678235,
            0.01840343463659205
        ]
    ],
    "rescal": [
        1.8210351618411846,
        0.0004160428967328803
    ],
    "_calib_data": {
        "engcal": {
            "channel": [
                3403.312665770781,
                409.34269398498895,
                416.27129844030526,
                826.1198761689675,
                1148.8965767957711,
                1422.001208873628,
                1558.1216082703302,
                1831.6171453993436,
                1974.805764171845,
                626.1893586198804,
                1258.7420151770652,
                1522.1885048269455,
                1771.0695203720989,
                1891.8571065507022,
                2114.8290818786595,
                2283.792122295602,
                2513.854434610622,
                2901.33137997826,
                3015.7673873416256,
                3490.882808694682,
                3542.3741207483,
                3700.4265982463794,
                4006.65732708932,
                4168.650340644257,
                4461.570722330021,
                4729.524930908947,
                4763.678322778022,
                4958.86473187763,
                5170.365838917738,
                5585.211130075603,
                5605.310358257574,
                5720.080200363424,
                6238.965598240467,
                6682.189565192376,
                7242.140126153837,
                7500.495799999999,
                7859.231308376248
            ],
            "energy": [
                661.657,
                79.6142,
                80.9979,
                160.612,
                223.2368,
                276.3989,
                302.8508,
                356.0129,
                383.8485,
                121.7817,
                244.6974,
                295.9387,
                344.2785,
                367.7891,
                411.1165,
                443.9606,
                488.6792,
                563.986,
                586.2648,
                678.623,
                688.67,
                719.346,
                778.9045,
                810.451,
                867.38,
                919.337,
                926.31,
                964.057,
                1005.27,
                1085.837,
                1089.737,
                1112.076,
                1212.948,
                1299.142,
                1408.013,
                1457.643,
                1528.1
            ],
            "unc_channel": [
                0.010038386191834708,
                0.18935965958700188,
                0.01895197134591835,
                0.04203993243102785,
                0.06498527614140133,
                0.009315115356568761,
                0.006421640830124231,
                0.005411984515935638,
                0.01584381039315095,
                0.0038681825303269065,
                0.004879483847520656,
                0.04788757870097868,
                0.00450975512813881,
                0.03099511179445219,
                0.014968321486334618,
                0.012509875372644284,
                0.07473240685856936,
                0.08444068108842014,
                0.10799751248520786,
                0.10274462007943397,
                0.042780763785989356,
                0.15140180980581816,
                0.010122275655898851,
                0.08183480831498056,
                0.02194451969366476,
                0.10091866312548095,
                0.11582828759336308,
                0.010251911882243612,
                0.08390182930979198,
                0.018025105883249053,
                0.05434640695150209,
                0.019387446112471434,
                0.05409579571287242,
                0.05765882982042735,
                0.020694556899793066,
                0.3597951658784503,
                0.14824699243398096
            ],
            "fit": [
                0.07197803828068862,
                0.194325874180967,
                1.3411393295770782e-08
            ],
            "unc": [
                [
                    0.0002242677408543925,
                    -1.797187593151993e-07,
                    2.541611494781381e-11
                ],
                [
                    -1.797187593151993e-07,
                    1.686888274162145e-10,
                    -2.5539416735888528e-14
                ],
                [
                    2.541611494781381e-11,
                    -2.5539416735888528e-14,
                    4.229150982989661e-18
                ]
            ]
        },
        "rescal": {
            "channel": [
                3403.312665770781,
                409.34269398498895,
                416.27129844030526,
                826.1198761689675,
                1148.8965767957711,
                1422.001208873628,
                1558.1216082703302,
                1831.6171453993436,
                1974.805764171845,
                626.1893586198804,
                1258.7420151770652,
                1522.1885048269455,
                1771.0695203720989,
                1891.8571065507022,
                2114.8290818786595,
                2283.792122295602,
                2513.854434610622,
                2901.33137997826,
                3015.7673873416256,
                3490.882808694682,
                3542.3741207483,
                3700.4265982463794,
                4006.65732708932,
                4168.650340644257,
                4461.570722330021,
                4729.524930908947,
                4763.678322778022,
                4958.86473187763,
                5170.365838917738,
                5585.211130075603,
                5605.310358257574,
                5720.080200363424,
                6238.965598240467,
                6682.189565192376,
                7242.140126153837,
                7500.495799999999,
                7859.231308376248
            ],