{
    "engcal": [
        0.05459877532866584,
        0.1943436753610894,
        1.9282084302680577e-08
    ],
    "effcal": [
        0.0012235289147505843,
        99.99595158978431,
        1.855557344825512,
        1.7264851486767139,
        0.8118864066749036
    ],
    "unc_effcal": [
        [
            2.6678904875677447e-08,
            4.6655631907048425e-21,
            2.2552663414795535e-05,
            5.7749533390982226e-05,
            -5.1853805942787666e-05
        ],
        [
            4.6655631907048425e-21,
            8.770676651364178e-34,
            4.5251893817457676e-18,
            1.1268345462178272e-17,
            -9.67271257459333e-18
        ],
        [
            2.2552663414795535e-05,
            4.5251893817457676e-18,
            0.029302563291950922,
            0.06274467526308546,
            -0.05013854986143568
        ],
        [
            5.774953339098222e-05,
            1.1268345462178272e-17,
            0.06274467526308546,
            0.1491243094906155,
            -0.12409666700180311
        ],
        [
            -5.185380594278767e-05,
            -9.67271257459333e-18,
            -0.05013854986143568,
            -0.12409666700180311,
            0.10684487767060695
        ]
    ],
    "rescal": [
        1.8123673046139717,
        0.00041923903972404406
    ],
    "_calib_data": {
        "engcal": {
            "channel": [
                3403.4196529503774,
                408.4747607291552,
                416.312574300146,
                826.1916136064525,
                1148.1093818654952,
                1422.0651170906506,
                1558.1606297206881,
                1831.6800221228746,
                1974.8462385114299,
                626.0416374304109,
                1258.4450654870914,
                1521.1595771582768,
                1770.6004585856053,
                1891.4588268156933,
                2114.4094748790153,
                2283.110100063802,
                2513.430772186801,
                2900.3982083754377,
                3015.060238004427,
                3490.2125868793264,
                3541.5650375743526,
                4005.4953541414006,
                4167.023479353874,
                4460.550599996298,
                4727.453353340257,
                4957.503277159818,
                5168.469342710523,
                5583.739429962873,
                5603.963227557904,
                5718.565971444723,
                6237.169225444345,
                6680.822523664701,
                7240.163622837397,
                7500.495799999999,
                7858.663476776484
            ],
            "energy": [
                661.657,
                79.6142,
                80.9979,
                160.612,
                223.2368,
                276.3989,
                302.8508,
                356.0129,
                383.8485,
                121.7817,
                244.6974,
                295.9387,
                344.2785,
                367.7891,
                411.1165,
                443.9606,
                488.6792,
                563.986,
                586.2648,
                678.623,
                688.67,
                778.9045,
                810.451,
                867.38,
                919.337,
                964.057,
                1005.27,
                1085.837,
                1089.737,
                1112.076,
                1212.948,
                1299.142,
                1408.013,
                1457.643,
                1528.1
            ],
            "unc_channel": [
                0.010449626338430834,
                0.2068410964525255,
                0.023494636409939464,
                0.04324121858773682,
                0.06793006030070976,
                0.008766325030233942,
                0.0050772151383533795,
                0.007808894553033486,
                0.010887960043703971,
                0.006323035802584119,
                0.00847913733922036,
                0.04992397183200933,
                0.005008411356104796,
                0.03488763590688996,
                0.018998885972761243,
                0.01602772554102254,
                0.08700096118313425,
                0.09706233837882884,
                0.13198904096355618,
                0.10774837169012387,
                0.05395370905572149,
                0.011152381856550287,
                0.1387420191206258,
                0.022384677628783427,
                0.12448739643808762,
                0.014592908506115311,
                0.08866951478028379,
                0.01692452357138009,
                0.047844946799512116,
                0.017261314190570323,
                0.05151859297232795,
                0.06816419794676246,
                0.02027769155112827,
                0.49987514394044363,
                0.16442418926431887
            ],
            "fit": [
                0.05459877532866584,
                0.1943436753610894,
                1.9282084302680577e-08
            ],
            "unc": [
                [
                    0.0018251165700019182,
                    -1.3578371133121024e-06,
                    1.8257645231557672e-10
                ],
                [
                    -1.3578371133121024e-06,
                    1.1365061197938744e-09,
                    -1.6139850063332686e-13
                ],
                [
                    1.8257645231557672e-10,
                    -1.6139850063332686e-13,
                    2.4649453695766904e-17
                ]
            ]
        },
        "rescal": {
            "channel": [
                3403.4196529503774,
                408.4747607291552,
                416.312574300146,
                826.1916136064525,
                1148.1093818654952,
                1422.0651170906506,
                1558.1606297206881,
                1831.6800221228746,
                1974.8462385114299,
                626.0416374304109,
                1258.4450654870914,
                1521.1595771582768,
                1770.6004585856053,
                1891.4588268156933,
                2114.4094748790153,
                2283.110100063802,
                2513.430772186801,
                2900.3982083754377,
                3015.060238004427,
                3490.2125868793264,
                3541.5650375743526,
                4005.4953541414006,
                4167.023479353874,
                4460.550599996298,
                4727.453353340257,
                4957.503277159818,
                5168.469342710523,
                5583.739429962873,
                5603.963227557904,
                5718.565971444723,
                6237.169225444345,
                6680.822523664701,
                7240.163622837397,
                7500.495799999999,
                7858.663476776484
            ],