{
    "engcal": [
        -0.03246890402903466,
        0.02670025898733145,
        4.870141108359037e-09
    ],
    "effcal": [
        1.6814005685947073e-05,
        7.789455436767797,
        5.912642492495963,
        5.919986741618018,
        5.999996592161858
    ],
    "unc_effcal": [
        [
            8.409767005663241e-08,
            0.19497253851110086,
            0.0,
            0.0,
            -0.03713650838443076
        ],
        [
            0.19497253851110086,
            529212.0723602531,
            0.0,
            0.0,
            -86709.66975264177
        ],
        [
            0.0,
            0.0,
            0.0,
            0.0,
            0.0
        ],
        [
            0.0,
            0.0,
            0.0,
            0.0,
            0.0
        ],
        [
            -0.03713650838443076,
            -86709.66975264177,
            0.0,
            0.0,
            16418.69442354251
        ]
    ],
    "rescal": [
        2.9970513130998726,
        0.0006007075994349334
    ],
    "_calib_data": {
        "engcal": {
            "channel": [
                2979.6695925009008,
                3032.737692757754,
                6006.539204225234,
                8345.987600000002,
                10332.794800000001,
                11322.200800000002,
                13309.008000000002,
                14350.382800000001,
                4572.186160866871,
                5111.102828148787
            ],
            "energy": [
                79.6142,
                80.9979,
                160.612,
                223.2368,
                276.3989,
                302.8508,
                356.0129,
                383.8485,
                122.06065,
                136.47356
            ],
            "unc_channel": [
                0.16774592240898842,
                0.21388192150439553,
                0.19284634023362582,
                0.346793624409083,
                0.4706752508603446,
                0.7854271500321798,
                1.4519431009196142,
                1.412934844266741,
                0.20029617450419404,
                0.18083520340421033
            ],
            "fit": [
                -0.03246890402903466,
                0.02670025898733145,
                4.870141108359037e-09
            ],
            "unc": [
                [
                    0.027050720887039963,
                    -8.953144372504361e-06,
                    6.231567886350874e-10
                ],
                [
                    -8.953144372504361e-06,
                    3.1560349034365494e-09,
                    -2.306522448270417e-13
                ],
                [
                    6.231567886350874e-10,
                    -2.306522448270417e-13,
                    1.7991538793590963e-17
                ]
            ]
        },
        "rescal": {
            "channel": [
                2979.6695925009008,
                3032.737692757754,
                6006.539204225234,
                8345.987600000002,
                10332.794800000001,
                11322.200800000002,
                4572.186160866871,
                5111.102828148787
            ],
            "width": [
                4.7886,
                4.819799999999999,
                6.6066,
                8.012399999999998,
                9.205199999999998,
                9.799199999999859,
                5.7414,
                6.0648
            ],
            "unc_width": [
                0.5354510889964308,
                0.6739564990035634,
                0.6082177684458009,
                1.1095952346625304,
                1.2604086188774695,
                1.8316690907207631,
                0.6223922734940672,
                0.5504930819186409
            ],
            "fit": [
                2.9970513130998726,
                0.0006007075994349334
            ],
            "unc": [
                [
                    3.905799510371324e-06,
                    -6.811320468600697e-10
                ],
                [
                    -6.811320468600697e-10,
                    1.3871368102060549e-13
                ]
            ]
        },
        "effcal": {
            "energy": [
                276.3989,
                302.8508,
                122.06065,
                136.47356
            ],
            "efficiency": [
                0.00011666998349591167,
                5.9442875567207995e-05,
                4.523232301771869e-05,
                3.973894034372105e-05
            ],
            "unc_efficiency": [
                1.5823391377101003e-05,
                1.25936314503979e-05,
                4.302434798581107e-06,
                3.2358916159586837e-06
            ],
            "fit": [
                1.6814005685947073e-05,
                7.789455436767797,
                5.912642492495963,
                5.919986741618018,
                5.999996592161858
            ],
            "unc": [
                [
                    8.409767005663241e-08,
                    0.19497253851110086,
                    0.0,
                    0.0,
                    -0.03713650838443076
                ],
                [
                    0.19497253851110086,
                    529212.0723602531,
                    0.0,
                    0.0,
                    -86709.66975264177
                ],
                [
                    0.0,
                    0.0,
                    0.0,
                    0.0,
                    0.0
                ],
                [
                    0.0,
                    0.0,
                    0.0,
                    0.0,
                    0.0
                ],
                [
                    -0.03713650838443076,
                    -86709.66975264177,
                    0.0,
                    0.0,
                    16418.69442354251
                ]
            ]
        }
    }
}