{
    "engcal": [
        0.09039748508137596,
        0.19436192824603643,
        1.2926444091084664e-08
    ],
    "effcal": [
        0.0007994311467207543,
        70.63640175715425,
        1.8294491225358853,
        1.685770987596078,
        0.826885407968628
    ],
    "unc_effcal": [
        [
            1.5306374054175772e-08,
            595.5123232324908,
            1.9451250576009683e-05,
            5.0005073962829533e-05,
            -4.66236808972098e-05
        ],
        [
            595.5123232324909,
            248465510198472.8,
            1834619.751847204,
            2996201.644415865,
            -2302125.836214902
        ],
        [
            1.9451250576009683e-05,
            1834619.751847204,
            0.04350155670730181,
            0.08979802958703395,
            -0.07204822750475753
        ],
        [
            5.0005073962829533e-05,
            2996201.6444158643,
            0.08979802958703395,
            0.20852643837538679,
            -0.1756500325595323
        ],
        [
            -4.6623680897209814e-05,
            -2302125.836214902,
            -0.07204822750475755,
            -0.17565003255953235,
            0.15437476557495258
        ]
    ],
    "rescal": [
        1.8217585290610467,
        0.0004095640645213921
    ],
    "_calib_data": {
        "engcal": {
            "channel": [
                3403.4822497738874,
                408.9009196906324,
                416.14001034062557,
                825.642780698556,
                1147.9591214895802,
                1421.4227720343417,
                1557.4500765404014,
                1830.8281322633209,
                1973.943883758844,
                626.1480601739847,
                1258.600163518753,
                1520.981887542655,
                1770.754601755413,
                1891.728012242344,
                2114.503994654487,
                2283.5727777355764,
                2513.5568366369816,
                2901.036982839941,
                3015.3274203912724,
                3489.8609920331705,
                3541.412486751162,
                4005.752314001417,
                4460.7324304267195,
                4728.390742143859,
                4957.727951079504,
                5169.352561426582,
                5584.007969865343,
                5604.4085021080555,
                5718.8728822340445,
                6237.734527968957,
                6680.587154566814,
                7240.515660674882,
                7500.495799999999,
                7858.417159380788
            ],
            "energy": [
                661.657,
                79.6142,
                80.9979,
                160.612,
                223.2368,
                276.3989,
                302.8508,
                356.0129,
                383.8485,
                121.7817,
                244.6974,
                295.9387,
                344.2785,
                367.7891,
                411.1165,
                443.9606,
                488.6792,
                563.986,
                586.2648,
                678.623,
                688.67,
                778.9045,
                867.38,
                919.337,
                964.057,
                1005.27,
                1085.837,
                1089.737,
                1112.076,
                1212.948,
                1299.142,
                1408.013,
                1457.643,
                1528.1
            ],
            "unc_channel": [
                0.010025514174536242,
                0.19779317090564694,
                0.020841779348900837,
                0.04760567019717352,
                0.05400977077484759,
                0.010837632329525632,
                0.005580129798174686,
                0.00837030835920256,
                0.009007941958885827,
                0.010205616357752256,
                0.010106839977541155,
                0.0614296588882839,
                0.004400342446749332,
                0.045962166212905275,
                0.021506367097935786,
                0.020032717139418413,
                0.09352118799867766,
                0.10307397128839657,
                0.21418546441998573,
                0.11743194844123749,
                0.06772955016283855,
                0.012336660016744461,
                0.027739641446151635,
                0.14273143813612346,
                0.01658652020244835,
                0.09158804125631502,
                0.016951378544419006,
                0.04801288334696351,
                0.024490656813409766,
                0.07104032070479,
                0.07078646822222702,
                0.019157400206311563,
                0.7472646674114184,
                0.1456353272482305
            ],
            "fit": [
                0.09039748508137596,
                0.19436192824603643,
                1.2926444091084664e-08
            ],
            "unc": [
                [
                    0.0007457243276019492,
                    -5.304457951939735e-07,
                    6.892569938841405e-11
                ],
                [
                    -5.304457951939735e-07,
                    4.1149069624382816e-10,
                    -5.593511723012849e-14
                ],
                [
                    6.892569938841405e-11,
                    -5.593511723012849e-14,
                    8.125026507875908e-18
                ]
            ]
        },
        "rescal": {
            "channel": [
                3403.4822497738874,
                408.9009196906324,
                416.14001034062557,
                825.642780698556,
                1147.9591214895802,
                1421.4227720343417,
                1557.4500765404014,
                1830.8281322633209,
                1973.943883758844,
                626.1480601739847,
                1258.600163518753,
                1770.754601755413,
                1891.728012242344,
                2114.503994654487,
                2283.5727777355764,
                2513.5568366369816,
                2901.036982839941,
                3015.3274203912724,
                3489.8609920331705,
                3541.412486751162,
                4005.752314001417,
                4460.7324304267195,
                4728.390742143859,
                4957.727951079504,
                5169.352561426582,
                5584.007969865343,
                5604.4085021080555,
                5718.8728822340445,
                6237.734527968957,
                6680.587154566814,
                7240.515660674882,
                7500.495799999999,
                7858.417159380788
            ],
            "width": [
                3.1564260454435855,
                3.2453999999999317,
                1.9093823215520647,
                2.288689481271423,
                2.0349832720093834,
                2.4499083628316747,
                2.467107163443547,
                2.578751124417599,
                2.624291869876102,
                2.0694860537300057,
                2.3109853008519936,
                2.5468127620106986,
                2.801149201068472,
                2.6981114903514203,
                2.7612068145109196,
                3.2688682193277705,
                3.8876692353499607,
                3.207901633767551,
                3.284621541243774,
                3.0949690532083323,
                3.4975305570545165,
                3.7464983412093495,
                3.572976763513365,
                3.8394995030090757,
                3.956096886877524,
                4.099192121168916,
                3.824972020888786,
                4.204212606897542,
                4.131550513747756,
                4.517738945069918,
                4.826353234834088,
                7.495799999999846,
                4.787381178198887
            ],