{
    "engcal": [
        0.09512612760678804,
        0.19432921192980182,
        9.628306220588304e-09
    ],
    "effcal": [
        0.00033127741390108316,
        83.0583512404942,
        1.6480679243918397,
        1.1706001086664521,
        1.2712388948581872
    ],
    "unc_effcal": [
        [
            1.4765002223210142e-09,
            339.5303434062131,
            1.3188443739509752e-06,
            7.73263343005149e-06,
            -1.709631248504507e-05
        ],
        [
            339.5303434062131,
            9.692037672049595e+16,
            12065354.840185897,
            10494713.818576844,
            -9249455.869655991
        ],
        [
            1.3188443739509748e-06,
            12065354.840185897,
            0.010795689814687794,
            0.017309625890825183,
            -0.023448735907617615
        ],
        [
            7.732633430051488e-06,
            10494713.818576844,
            0.017309625890825183,
            0.05914587940141762,
            -0.10917874839182921
        ],
        [
            -1.709631248504507e-05,
            -9249455.869655991,
            -0.023448735907617615,
            -0.10917874839182921,
            0.22112381986944304
        ]
    ],
    "rescal": [
        1.7846709309025917,
        0.0004198145462766876
    ],
    "_calib_data": {
        "engcal": {
            "channel": [
                3403.757601760985,
                409.25549515494515,
                416.14501241007287,
                826.0384741336287,
                1148.611826082609,
                1421.6669007820194,
                1557.7721089298166,
                1831.2177510008967,
                1974.3169927083325,
                626.2420744762625,
                1258.9187307663249,
                1520.6189856970593,
                1771.2274280956706,
                1892.1676889613686,
                2115.0998960282222,
                2283.901224120665,
                3542.3432179388974,
                4007.017062097864,
                4461.838680212132,
                4959.156925448459,
                5170.8784893629445,
                5585.450978873803,
                5606.0815809184505,
                5720.440447877158,
                6238.2174502173575,
                6682.429979423287,
                7242.634916932209,
                7500.495799999999,
                7852.952412968755
            ],
            "energy": [
                661.657,
                79.6142,
                80.9979,
                160.612,
                223.2368,
                276.3989,
                302.8508,
                356.0129,
                383.8485,
                121.7817,
                244.6974,
                295.9387,
                344.2785,
                367.7891,
                411.1165,
                443.9606,
                688.67,
                778.9045,
                867.38,
                964.057,
                1005.27,
                1085.837,
                1089.737,
                1112.076,
                1212.948,
                1299.142,
                1408.013,
                1457.643,
                1528.1
            ],
            "unc_channel": [
                0.007280299410294614,
                0.0886026715400851,
                0.010822508066811919,
                0.07523932174279331,
                0.07070351739106973,
                0.011764286000920623,
                0.009498872758968342,
                0.013215691288023253,
                0.009954961403956313,
                0.008693618338116183,
                0.014378913575269936,
                0.07704292478087883,
                0.008645232604992757,
                0.05323583676111602,
                0.04149969537195195,
                0.03799673845057548,
                0.09961521710931677,
                0.019555826293763255,
                0.05134971389677685,
                0.02772153174171849,
                0.2121052738958075,
                0.0355678607565209,
                0.091758878009832,
                0.030520849174986868,
                0.17237439609579036,
                0.14087501690698598,
                0.03446942757494866,
                1.2669609004756823,
                0.4434399190790132
            ],
            "fit": [
                0.09512612760678804,
                0.19432921192980182,
                9.628306220588304e-09
            ],
            "unc": [
                [
                    0.00038578327421885075,
                    -2.831842398746775e-07,
                    4.035342932415189e-11
                ],
                [
                    -2.831842398746775e-07,
                    2.568721856096836e-10,
                    -4.080107126826114e-14
                ],
                [
                    4.035342932415189e-11,
                    -4.080107126826114e-14,
                    7.301913093047622e-18
                ]
            ]
        },
        "rescal": {
            "channel": [
                3403.757601760985,
                409.25549515494515,
                416.14501241007287,
                826.0384741336287,
                1148.611826082609,
                1421.6669007820194,
                1557.7721089298166,
                1831.2177510008967,
                1974.3169927083325,
                626.2420744762625,
                1258.9187307663249,
                1520.6189856970593,
                1771.2274280956706,
                1892.1676889613686,
                2115.0998960282222,
                2283.901224120665,
                3542.3432179388974,
                4007.017062097864,
                4461.838680212132,
                4959.156925448459,
                5170.8784893629445,
                5585.450978873803,
                5606.0815809184505,
                5720.440447877158,
                6238.2174502173575,
                6682.429979423287,
                7242.634916932209,
                7852.952412968755
            ],
            "width": [
                3.206617397056917,
                2.296717115555543,
                1.9175261194497182,
                2.4693815103583585,
                2.4618001037734123,
                2.434415827509052,
                2.440209899968921,
                2.5582460341429023,
                2.5903462783601525,
                2.058502900615249,
                2.3144276656692555,
                3.0227149688591433,
                2.5258519992630406,
                2.1687221051124177,
                2.651609980206566,
                2.6958466600803614,
                3.0603703434378517,
                3.5604681883068867,
                3.822901700647153,
                3.855294782944665,
                4.009602454327361,
                4.129692505112334,
                3.743722949963914,
                4.193015805748772,
                4.416868735654172,
                4.133245033778525,
                4.806448495019168,
                5.518032972505289
            ],