{
    "engcal": [
        0.079255383381721,
        0.19434139843584,
        1.638292268506714e-08
    ],
    "effcal": [
        0.0021825666135245237,
        95.1636955981684,
        1.8362717737629033,
        1.746288404006215,
        0.7632302124792992
    ],
    "unc_effcal": [
        [
            6.818781612319744e-08,
            3.0139018326953764e-20,
            3.745561695146344e-05,
            9.438078789975228e-05,
            -7.447903939882245e-05
        ],
        [
            3.0139018326953764e-20,
            1.64080037500857e-32,
            2.121048947686526e-17,
            4.821398163321825e-17,
            -3.559921531592431e-17
        ],
        [
            3.745561695146344e-05,
            2.121048947686526e-17,
            0.027890998408447703,
            0.060946380554756645,
            -0.04448912012590104
        ],
        [
            9.438078789975228e-05,
            4.821398163321826e-17,
            0.06094638055475666,
            0.14596831582461423,
            -0.10986061201090813
        ],
        [
            -7.447903939882245e-05,
            -3.5599215315924317e-17,
            -0.04448912012590104,
            -0.10986061201090813,
            0.08452045486519677
        ]
    ],
    "rescal": [
        1.8456747897318184,
        0.0004122272917528665
    ],
    "_calib_data": {
        "engcal": {
            "channel": [
                3403.358799770774,
                409.305920056131,
                416.2755225975414,
                826.0546073362242,
                1148.2652283629266,
                1421.9341378810236,
                1558.026487545148,
                1831.499993983116,
                1974.7026800309138,
                626.1044936955896,
                1258.5553628530047,
                1521.7223332479284,
                1770.7754511182716,
                1891.6039181670933,
                2114.4798065582427,
                2283.430317939684,
                2513.166127979283,
                2901.006380147103,
                3014.8483472491075,
                3490.183357450332,
                3541.9499811115534,
                4005.879949946427,
                4168.007775616282,
                4460.846278427248,
                4728.310449389678,
                4763.411994377208,
                4957.873140867818,
                5169.743531077226,
                5584.22162628683,
                5604.249838010349,
                5718.965603492196,
                6237.860806348451,
                6681.20296345075,
                7240.797851722878,
                7500.495799999999,
                7858.244366177467
            ],
            "energy": [
                661.657,
                79.6142,
                80.9979,
                160.612,
                223.2368,
                276.3989,
                302.8508,
                356.0129,
                383.8485,
                121.7817,
                244.6974,
                295.9387,
                344.2785,
                367.7891,
                411.1165,
                443.9606,
                488.6792,
                563.986,
                586.2648,
                678.623,
                688.67,
                778.9045,
                810.451,
                867.38,
                919.337,
                926.31,
                964.057,
                1005.27,
                1085.837,
                1089.737,
                1112.076,
                1212.948,
                1299.142,
                1408.013,
                1457.643,
                1528.1
            ],
            "unc_channel": [
                0.01127514192684725,
                0.33232127218928725,
                0.025831376888100294,
                0.04033722642521021,
                0.05919503403847259,
                0.009750327963369927,
                0.006516222161487754,
                0.00676105231303976,
                0.014710704911667004,
                0.003718586906743193,
                0.007263014449792783,
                0.05257250139906084,
                0.0035502388400221797,
                0.0345419526134031,
                0.013224235880091913,
                0.013790614720506265,
                0.09950348631795151,
                0.07238404334513215,
                0.12591314060974648,
                0.09692319577377885,
                0.04163918109941495,
                0.010096412593642192,
                0.1243331126339451,
                0.019095741028390668,
                0.10505719522329587,
                0.1592870262492684,
                0.011487524484747838,
                0.0824442129021039,
                0.01617154459725905,
                0.04806032417006341,
                0.018411150880035653,
                0.04866981142287791,
                0.05214856174816651,
                0.01948552777463766,
                0.44782971982186315,
                0.1245409733120647
            ],
            "fit": [
                0.079255383381721,
                0.19434139843584,
                1.638292268506714e-08
            ],
            "unc": [
                [
                    0.0003535560545116173,
                    -2.7809452574165964e-07,
                    3.856718467254152e-11
                ],
                [
                    -2.7809452574165964e-07,
                    2.572154809189273e-10,
                    -3.826185971071644e-14
                ],
                [
                    3.856718467254152e-11,
                    -3.826185971071644e-14,
                    6.2443911933749746e-18
                ]
            ]
        },
        "rescal": {
            "channel": [
                3403.358799770774,
                409.305920056131,
                416.2755225975414,
                826.0546073362242,
                1148.2652283629266,
                1421.9341378810236,
                1558.026487545148,
                1831.499993983116,
                1974.7026800309138,
                626.1044936955896,
                1258.5553628530047,
                1521.7223332479284,
                1770.7754511182716,
                1891.6039181670933,
                2114.4798065582427,
                2283.430317939684,
                2513.166127979283,
                2901.006380147103,
                3014.8483472491075,
                3490.183357450332,
                3541.9499811115534,
                4005.879949946427,
                4168.007775616282,
                4460.846278427248,
                4728.310449389678,
                4763.411994377208,
                4957.873140867818,
                5169.743531077226,
                5584.22162628683,
                5604.249838010349,
                5718.965603492196,
                6237.860806348451,
                6681.20296345075,
                7240.797851722878,
                7500.495799999999,
                7858.244366177467
            ],