name,energy,flux
Ni08,27.509999999999998,3.3333333333333335e-07
Ni08,27.57,0.0
Ni08,27.63,6.666666666666667e-07
Ni08,27.689999999999998,1.6666666666666667e-06
Ni08,27.75,2.666666666666667e-06
Ni08,27.81,6e-06
Ni08,27.869999999999997,7.333333333333333e-06
Ni08,27.93,1.2666666666666667e-05
Ni08,27.99,2.4666666666666665e-05
Ni08,28.049999999999997,3.2e-05
Ni08,28.11,5.1666666666666664e-05
Ni08,28.17,8.6e-05
Ni08,28.229999999999997,0.00013933333333333332
Ni08,28.29,0.000181
Ni08,28.35,0.00028133333333333336
Ni08,28.409999999999997,0.00045
Ni08,28.47,0.000642
Ni08,28.53,0.0009436666666666667
Ni08,28.589999999999996,0.0013203333333333333
Ni08,28.65,0.0018193333333333334
Ni08,28.71,0.0025466666666666667
Ni08,28.769999999999996,0.003496
Ni08,28.83,0.0046493333333333334
Ni08,28.89,0.006046
Ni08,28.95,0.00785
Ni08,29.009999999999998,0.010043666666666666
Ni08,29.07,0.012434
Ni08,29.13,0.015509333333333333
Ni08,29.189999999999998,0.018586666666666668
Ni08,29.25,0.022014333333333334
Ni08,29.31,0.026052666666666665
Ni08,29.369999999999997,0.029788333333333333
Ni08,29.43,0.03403766666666667
Ni08,29.49,0.03785
Ni08,29.549999999999997,0.04120533333333333
Ni08,29.61,0.044719666666666665
Ni08,29.67,0.047308333333333334
Ni08,29.729999999999997,0.049579333333333336
Ni08,29.79,0.050733
Ni08,29.85,0.05118966666666667
Ni08,29.909999999999997,0.05074633333333333
Ni08,29.97,0.04956
Ni08,30.03,0.047932666666666665
Ni08,30.089999999999996,0.044992
Ni08,30.15,0.041931333333333334
Ni08,30.21,0.03840366666666667
Ni08,30.269999999999996,0.03459366666666667
Ni08,30.33,0.030543333333333332
Ni08,30.39,0.026678
Ni08,30.45,0.022795
Ni08,30.509999999999998,0.019259
Ni08,30.57,0.015825
Ni08,30.63,0.012994
Ni08,30.689999999999998,0.010329
Ni08,30.75,0.008171666666666667
Ni08,30.81,0.006320666666666666
Ni08,30.869999999999997,0.004824
Ni08,30.93,0.003608333333333333
Ni08,30.99,0.0026363333333333334
Ni08,31.049999999999997,0.00191
Ni08,31.11,0.0013786666666666667
Ni08,31.17,0.000971
Ni08,31.229999999999997,0.0006656666666666666
Ni08,31.29,0.0004566666666666667
Ni08,31.35,0.00030233333333333333
Ni08,31.409999999999997,0.00020166666666666667
Ni08,31.47,0.000118
Ni08,31.53,8.6e-05
Ni08,31.589999999999996,4.6666666666666665e-05
Ni08,31.65,3.733333333333333e-05
Ni08,31.71,1.6666666666666667e-05
Ni08,31.769999999999996,9.333333333333333e-06
Ni08,31.83,7e-06
Ni08,31.89,3.3333333333333333e-06
Ni08,31.95,1.6666666666666667e-06
Ni08,32.01,6.666666666666667e-07
Ni08,32.07,3.3333333333333335e-07
Ni08,32.129999999999995,0.0
Ni08,32.19,3.3333333333333335e-07
Sn08,27.45,6.666666666666667e-07
Sn08,27.509999999999998,6.666666666666667e-07
Sn08,27.57,2.333333333333333e-06
Sn08,27.63,2.666666666666667e-06
Sn08,27.689999999999998,6.333333333333333e-06
Sn08,27.75,1.0333333333333333e-05
Sn08,27.81,1.8e-05
Sn08,27.869999999999997,2.6333333333333334e-05
Sn08,27.93,4.3666666666666666e-05
Sn08,27.99,6.7e-05
Sn08,28.049999999999997,9.6e-05
Sn08,28.11,0.00015866666666666666
Sn08,28.17,0.00025066666666666667
Sn08,28.229999999999997,0.00036333333333333335
Sn08,28.29,0.0005173333333333333
Sn08,28.35,0.0007996666666666666
Sn08,28.409999999999997,0.001174
Sn08,28.47,0.001654
Sn08,28.53,0.0023253333333333333
Sn08,28.589999999999996,0.003124333333333333
Sn08,28.65,0.004272
Sn08,28.71,0.005728
Sn08,28.769999999999996,0.007594
Sn08,28.83,0.009606
Sn08,28.89,0.012073
Sn08,28.95,0.015195666666666666
Sn08,29.009999999999998,0.018488333333333332
Sn08,29.07,0.022194333333333333
Sn08,29.13,0.026189
Sn08,29.189999999999998,0.030160666666666665
Sn08,29.25,0.03444233333333333
Sn08,29.31,0.03870933333333333
Sn08,29.369999999999997,0.042528
Sn08,29.43,0.04607633333333333
Sn08,29.49,0.048793
Sn08,29.549999999999997,0.050776666666666664
Sn08,29.61,0.052089333333333335
Sn08,29.67,0.05293866666666667
Sn08,29.729999999999997,0.05221833333333333
Sn08,29.79,0.050533666666666664
Sn08,29.85,0.048368
Sn08,29.909999999999997,0.045497666666666665
Sn08,29.97,0.04210866666666667
Sn08,30.03,0.038413
Sn08,30.089999999999996,0.034213
Sn08,30.15,0.030136333333333334
Sn08,30.21,0.025861666666666668
Sn08,30.269999999999996,0.0219
Sn08,30.33,0.018268333333333334
Sn08,30.39,0.01495
Sn08,30.45,0.012009333333333334
Sn08,30.509999999999998,0.009496
Sn08,30.57,0.007354
Sn08,30.63,0.005607666666666667
Sn08,30.689999999999998,0.004168
Sn08,30.75,0.0031306666666666666
Sn08,30.81,0.0022473333333333334
Sn08,30.869999999999997,0.001604
Sn08,30.93,0.0011353333333333332
Sn08,30.99,0.000799
Sn08,31.049999999999997,0.000538
Sn08,31.11,0.00033833333333333334
Sn08,31.17,0.00021666666666666666
Sn08,31.229999999999997,0.000144
Sn08,31.29,0.00010133333333333333
Sn08,31.35,6.566666666666667e-05
Sn08,31.409999999999997,3.3333333333333335e-05
Sn08,31.47,1.9666666666666666e-05
Sn08,31.53,1.3666666666666667e-05
Sn08,31.589999999999996,6e-06
Sn08,31.65,4.666666666666666e-06
Sn08,31.71,1.3333333333333334e-06
Sn08,31.769999999999996,3.3333333333333335e-07
Sn08,31.83,3.3333333333333335e-07
Sn08,31.89,6.666666666666667e-07
Ta08,27.15,3.3333333333333335e-07
Ta08,27.21,0.0
Ta08,27.27,6.666666666666667e-07
Ta08,27.33,1.6666666666666667e-06
Ta08,27.39,2.333333333333333e-06
Ta08,27.45,4e-06
Ta08,27.509999999999998,8e-06
Ta08,27.57,1.2e-05
Ta08,27.63,2.0333333333333334e-05
Ta08,27.689999999999998,3.1666666666666666e-05
Ta08,27.75,4.6666666666666665e-05
Ta08,27.81,7.733333333333333e-05
Ta08,27.869999999999997,0.00011733333333333333
Ta08,27.93,0.000177
Ta08,27.99,0.00025333333333333333
Ta08,28.049999999999997,0.00040533333333333334
Ta08,28.11,0.0005806666666666666
Ta08,28.17,0.0008546666666666667
Ta08,28.229999999999997,0.0012236666666666667
Ta08,28.29,0.0017036666666666667
Ta08,28.35,0.0023613333333333333
Ta08,28.409999999999997,0.003244
Ta08,28.47,0.004325333333333333
Ta08,28.53,0.005777666666666667
Ta08,28.589999999999996,0.007330666666666667
Ta08,28.65,0.009554
Ta08,28.71,0.011902
Ta08,28.769999999999996,0.01474
Ta08,28.83,0.017927
Ta08,28.89,0.021308
Ta08,28.95,0.025236333333333333
Ta08,29.009999999999998,0.029087333333333333
Ta08,29.07,0.033029666666666666
Ta08,29.13,0.03718133333333333
Ta08,29.189999999999998,0.040640333333333334
Ta08,29.25,0.044269666666666665
Ta08,29.31,0.046904
Ta08,29.369999999999997,0.049248
Ta08,29.43,0.050705
Ta08,29.49,0.05126633333333333
Ta08,29.549999999999997,0.05112333333333333
Ta08,29.61,0.05000966666666667
Ta08,29.67,0.048302
Ta08,29.729999999999997,0.045677
Ta08,29.79,0.042625333333333335
Ta08,29.85,0.039100333333333334
Ta08,29.909999999999997,0.035452
Ta08,29.97,0.031259
Ta08,30.03,0.027492666666666665
Ta08,30.089999999999996,0.023454333333333334
Ta08,30.15,0.019894666666666668
Ta08,30.21,0.016449333333333333
Ta08,30.269999999999996,0.013421
Ta08,30.33,0.010829
Ta08,30.39,0.008508333333333333
Ta08,30.45,0.006597666666666667
Ta08,30.509999999999998,0.005049333333333334
Ta08,30.57,0.0037836666666666665
Ta08,30.63,0.002776
Ta08,30.689999999999998,0.0020503333333333333
Ta08,30.75,0.001447
Ta08,30.81,0.0010503333333333332
Ta08,30.869999999999997,0.0006963333333333333
Ta08,30.93,0.0005003333333333333
Ta08,30.99,0.00031266666666666666
Ta08,31.049999999999997,0.00022333333333333333
Ta08,31.11,0.00012833333333333333
Ta08,31.17,9.1e-05
Ta08,31.229999999999997,5.5e-05
Ta08,31.29,3.766666666666667e-05
Ta08,31.35,1.9333333333333333e-05
Ta08,31.409999999999997,1.0333333333333333e-05
Ta08,31.47,7.666666666666667e-06
Ta08,31.53,3.6666666666666666e-06
Ta08,31.589999999999996,1.6666666666666667e-06
Ta08,31.65,1e-06
Ta08,31.71,3.3333333333333335e-07
Ta08,31.769999999999996,0.0
Ta08,31.83,3.3333333333333335e-07
Cu08,26.909999999999997,3.3333333333333335e-07
Cu08,26.97,3.3333333333333335e-07
Cu08,27.03,2e-06
Cu08,27.089999999999996,6.666666666666667e-07
Cu08,27.15,4.333333333333333e-06
Cu08,27.21,7.333333333333333e-06
Cu08,27.27,9e-06
Cu08,27.33,1.633333333333333e-05
Cu08,27.39,2.8333333333333332e-05
Cu08,27.45,3.7e-05
Cu08,27.509999999999998,5.833333333333333e-05
Cu08,27.57,9.8e-05
Cu08,27.63,0.00015366666666666667
Cu08,27.689999999999998,0.00020966666666666668
Cu08,27.75,0.00033466666666666665
Cu08,27.81,0.000484
Cu08,27.869999999999997,0.000712
Cu08,27.93,0.0010183333333333333
Cu08,27.99,0.00143
Cu08,28.049999999999997,0.0019866666666666665
Cu08,28.11,0.002728
Cu08,28.17,0.003664
Cu08,28.229999999999997,0.004936333333333333
Cu08,28.29,0.006305666666666667
Cu08,28.35,0.008208333333333333
Cu08,28.409999999999997,0.010358666666666667
Cu08,28.47,0.012843333333333333
Cu08,28.53,0.015921
Cu08,28.589999999999996,0.018878666666666665
Cu08,28.65,0.022454
Cu08,28.71,0.026347666666666665
Cu08,28.769999999999996,0.030025
Cu08,28.83,0.03417833333333333
Cu08,28.89,0.037959
Cu08,28.95,0.04125966666666667
Cu08,29.009999999999998,0.04459833333333333
Cu08,29.07,0.047081333333333336
Cu08,29.13,0.04932333333333333
Cu08,29.189999999999998,0.05023366666666667
Cu08,29.25,0.050736333333333335
Cu08,29.31,0.050299333333333335
Cu08,29.369999999999997,0.048961333333333336
Cu08,29.43,0.047407333333333336
Cu08,29.49,0.04450333333333333
Cu08,29.549999999999997,0.041556
Cu08,29.61,0.03796033333333333
Cu08,29.67,0.034293
Cu08,29.729999999999997,0.030329666666666668
Cu08,29.79,0.026476666666666666
Cu08,29.85,0.022691
Cu08,29.909999999999997,0.019223
Cu08,29.97,0.015829666666666665
Cu08,30.03,0.012988666666666667
Cu08,30.089999999999996,0.010446666666666667
Cu08,30.15,0.008199
Cu08,30.21,0.0064466666666666665
Cu08,30.269999999999996,0.0048716666666666665
Cu08,30.33,0.0036666666666666666
Cu08,30.39,0.0027166666666666667
Cu08,30.45,0.001987
Cu08,30.509999999999998,0.001425
Cu08,30.57,0.001014
Cu08,30.63,0.0006983333333333334
Cu08,30.689999999999998,0.000484
Cu08,30.75,0.00031433333333333335
Cu08,30.81,0.00022533333333333333
Cu08,30.869999999999997,0.00012233333333333334
Cu08,30.93,9.233333333333333e-05
Cu08,30.99,5.433333333333333e-05
Cu08,31.049999999999997,3.766666666666667e-05
Cu08,31.11,2.1666666666666667e-05
Cu08,31.17,1.0666666666666667e-05
Cu08,31.229999999999997,7e-06
Cu08,31.29,4.333333333333333e-06
Cu08,31.35,1.6666666666666667e-06
Cu08,31.409999999999997,6.666666666666667e-07
Cu08,31.47,6.666666666666667e-07
Cu08,31.53,0.0
Cu08,31.589999999999996,3.3333333333333335e-07
Al_degrader_E2_E1,24.689999999999998,1.4285714285714285e-07
Al_degrader_E2_E1,24.75,0.0
Al_degrader_E2_E1,24.81,2.857142857142857e-07
Al_degrader_E2_E1,24.869999999999997,7.142857142857143e-07
Al_degrader_E2_E1,24.93,8.571428571428571e-07
Al_degrader_E2_E1,24.990000000000002,1.2857142857142858e-06
Al_degrader_E2_E1,25.049999999999997,2.7142857142857144e-06
Al_degrader_E2_E1,25.11,3.5714285714285714e-06
Al_degrader_E2_E1,25.17,5.285714285714286e-06
Al_degrader_E2_E1,25.229999999999997,9.428571428571428e-06
Al_degrader_E2_E1,25.29,1.2285714285714286e-05
Al_degrader_E2_E1,25.35,1.614285714285714e-05
Al_degrader_E2_E1,25.409999999999997,3.0285714285714285e-05
Al_degrader_E2_E1,25.47,4.5e-05
Al_degrader_E2_E1,25.53,5.757142857142857e-05
Al_degrader_E2_E1,25.589999999999996,8.842857142857143e-05
Al_degrader_E2_E1,25.65,0.0001312857142857143
Al_degrader_E2_E1,25.71,0.00018528571428571427
Al_degrader_E2_E1,25.77,0.00025414285714285713
Al_degrader_E2_E1,25.83,0.00036128571428571427
Al_degrader_E2_E1,25.89,0.00046057142857142857
Al_degrader_E2_E1,25.95,0.0006277142857142857
Al_degrader_E2_E1,26.009999999999998,0.0008637142857142857
Al_degrader_E2_E1,26.07,0.0011137142857142858
Al_degrader_E2_E1,26.13,0.0014582857142857143
Al_degrader_E2_E1,26.189999999999998,0.0018074285714285714
Al_degrader_E2_E1,26.25,0.002291714285714286
Al_degrader_E2_E1,26.31,0.0028564285714285714
Al_degrader_E2_E1,26.369999999999997,0.0034837142857142857
Al_degrader_E2_E1,26.43,0.004292285714285715
Al_degrader_E2_E1,26.49,0.005074285714285714
Al_degrader_E2_E1,26.549999999999997,0.0059097142857142855
Al_degrader_E2_E1,26.61,0.006992857142857143
Al_degrader_E2_E1,26.67,0.008078142857142857
Al_degrader_E2_E1,26.729999999999997,0.009175857142857144
Al_degrader_E2_E1,26.79,0.010470571428571428
Al_degrader_E2_E1,26.85,0.011584714285714285
Al_degrader_E2_E1,26.909999999999997,0.012727285714285714
Al_degrader_E2_E1,26.97,0.014030142857142857
Al_degrader_E2_E1,27.03,0.01522742857142857
Al_degrader_E2_E1,27.089999999999996,0.01640442857142857
Al_degrader_E2_E1,27.15,0.017512285714285713
Al_degrader_E2_E1,27.21,0.018439285714285714
Al_degrader_E2_E1,27.27,0.019265857142857144
Al_degrader_E2_E1,27.33,0.02022142857142857
Al_degrader_E2_E1,27.39,0.021052285714285714
Al_degrader_E2_E1,27.45,0.02170342857142857
Al_degrader_E2_E1,27.509999999999998,0.022335571428571427
Al_degrader_E2_E1,27.57,0.022703714285714285
Al_degrader_E2_E1,27.63,0.023092857142857144
Al_degrader_E2_E1,27.689999999999998,0.023518857142857143
Al_degrader_E2_E1,27.75,0.02386385714285714
Al_degrader_E2_E1,27.81,0.024107714285714284
Al_degrader_E2_E1,27.869999999999997,0.024309
Al_degrader_E2_E1,27.93,0.024353857142857142
Al_degrader_E2_E1,27.99,0.024434
Al_degrader_E2_E1,28.049999999999997,0.024650428571428573
Al_degrader_E2_E1,28.11,0.024694571428571427
Al_degrader_E2_E1,28.17,0.024751285714285715
Al_degrader_E2_E1,28.229999999999997,0.024723
Al_degrader_E2_E1,28.29,0.024571714285714287
Al_degrader_E2_E1,28.35,0.02450642857142857
Al_degrader_E2_E1,28.409999999999997,0.02451942857142857
Al_degrader_E2_E1,28.47,0.024277285714285713
Al_degrader_E2_E1,28.53,0.024133714285714286
Al_degrader_E2_E1,28.589999999999996,0.023643571428571427
Al_degrader_E2_E1,28.65,0.02320442857142857
Al_degrader_E2_E1,28.71,0.022748142857142856
Al_degrader_E2_E1,28.769999999999996,0.022204428571428573
Al_degrader_E2_E1,28.83,0.02151242857142857
Al_degrader_E2_E1,28.89,0.020648285714285713
Al_degrader_E2_E1,28.95,0.019612
Al_degrader_E2_E1,29.009999999999998,0.01855314285714286
Al_degrader_E2_E1,29.07,0.01748042857142857
Al_degrader_E2_E1,29.13,0.016268142857142856
Al_degrader_E2_E1,29.189999999999998,0.014931
Al_degrader_E2_E1,29.25,0.013574714285714285
Al_degrader_E2_E1,29.31,0.012246285714285715
Al_degrader_E2_E1,29.369999999999997,0.010819428571428572
Al_degrader_E2_E1,29.43,0.009634
Al_degrader_E2_E1,29.49,0.008291
Al_degrader_E2_E1,29.549999999999997,0.007170142857142858
Al_degrader_E2_E1,29.61,0.006041571428571428
Al_degrader_E2_E1,29.67,0.005029428571428572
Al_degrader_E2_E1,29.729999999999997,0.0041441428571428575
Al_degrader_E2_E1,29.79,0.0033527142857142857
Al_degrader_E2_E1,29.85,0.0026847142857142855
Al_degrader_E2_E1,29.909999999999997,0.002122857142857143
Al_degrader_E2_E1,29.97,0.001637857142857143
Al_degrader_E2_E1,30.03,0.0012465714285714285
Al_degrader_E2_E1,30.089999999999996,0.0009452857142857143
Al_degrader_E2_E1,30.15,0.0006985714285714286
Al_degrader_E2_E1,30.21,0.0005191428571428571
Al_degrader_E2_E1,30.269999999999996,0.00035342857142857143
Al_degrader_E2_E1,30.33,0.00025585714285714285
Al_degrader_E2_E1,30.39,0.00018471428571428572
Al_degrader_E2_E1,30.45,0.00012714285714285714
Al_degrader_E2_E1,30.509999999999998,8.757142857142857e-05
Al_degrader_E2_E1,30.57,5.171428571428571e-05
Al_degrader_E2_E1,30.63,3.5857142857142856e-05
Al_degrader_E2_E1,30.689999999999998,2.1428571428571428e-05
Al_degrader_E2_E1,30.75,1.5285714285714286e-05
Al_degrader_E2_E1,30.81,1.2142857142857142e-05
Al_degrader_E2_E1,30.869999999999997,4.142857142857143e-06
Al_degrader_E2_E1,30.93,3e-06
Al_degrader_E2_E1,30.99,2.2857142857142856e-06
Al_degrader_E2_E1,31.049999999999997,1e-06
Al_degrader_E2_E1,31.11,7.142857142857143e-07
Al_degrader_E2_E1,31.17,2.857142857142857e-07
Al_degrader_E2_E1,31.229999999999997,0.0
Al_degrader_E2_E1,31.29,0.0
Al_degrader_E2_E1,31.35,1.4285714285714285e-07
Ni09,24.33,3.3333333333333335e-07
Ni09,24.39,0.0
Ni09,24.45,6.666666666666667e-07
Ni09,24.509999999999998,1.6666666666666667e-06
Ni09,24.57,1e-06
Ni09,24.63,3.6666666666666666e-06
Ni09,24.689999999999998,7e-06
Ni09,24.75,6e-06
Ni09,24.81,1.2e-05
Ni09,24.869999999999997,2.4666666666666665e-05
Ni09,24.93,2.966666666666667e-05
Ni09,24.990000000000002,4.5e-05
Ni09,25.049999999999997,7.466666666666666e-05
Ni09,25.11,0.00010866666666666666
Ni09,25.17,0.00014633333333333333
Ni09,25.229999999999997,0.00021566666666666666
Ni09,25.29,0.00034
Ni09,25.35,0.00045966666666666665
Ni09,25.409999999999997,0.0006566666666666666
Ni09,25.47,0.000935
Ni09,25.53,0.0012673333333333334
Ni09,25.589999999999996,0.0017103333333333332
Ni09,25.65,0.0023293333333333334
Ni09,25.71,0.0031103333333333334
Ni09,25.77,0.004038666666666667
Ni09,25.83,0.005228333333333333
Ni09,25.89,0.006526666666666667
Ni09,25.95,0.008315333333333333
Ni09,26.009999999999998,0.010318
Ni09,26.07,0.012521
Ni09,26.13,0.015217
Ni09,26.189999999999998,0.017810333333333334
Ni09,26.25,0.020939
Ni09,26.31,0.024320666666666668
Ni09,26.369999999999997,0.02746233333333333
Ni09,26.43,0.031132
Ni09,26.49,0.034385
Ni09,26.549999999999997,0.037267
Ni09,26.61,0.04043066666666666
Ni09,26.67,0.042841
Ni09,26.729999999999997,0.04486
Ni09,26.79,0.046317
Ni09,26.85,0.047147
Ni09,26.909999999999997,0.04728633333333333
Ni09,26.97,0.04677333333333333
Ni09,27.03,0.045573666666666665
Ni09,27.089999999999996,0.044039666666666664
Ni09,27.15,0.04161466666666667
Ni09,27.21,0.039029666666666664
Ni09,27.27,0.035900666666666664
Ni09,27.33,0.03271
Ni09,27.39,0.029485333333333332
Ni09,27.45,0.025932
Ni09,27.509999999999998,0.022664666666666666
Ni09,27.57,0.019463333333333332
Ni09,27.63,0.016504333333333333
Ni09,27.689999999999998,0.013692666666666667
Ni09,27.75,0.011284333333333334
Ni09,27.81,0.009194333333333334
Ni09,27.869999999999997,0.007342666666666667
Ni09,27.93,0.005788666666666667
Ni09,27.99,0.004474666666666667
Ni09,28.049999999999997,0.003423666666666667
Ni09,28.11,0.0025663333333333332
Ni09,28.17,0.001938
Ni09,28.229999999999997,0.001435
Ni09,28.29,0.001013
Ni09,28.35,0.0007296666666666667
Ni09,28.409999999999997,0.0005213333333333333
Ni09,28.47,0.000351
Ni09,28.53,0.000252
Ni09,28.589999999999996,0.00015733333333333333
Ni09,28.65,0.00010633333333333333
Ni09,28.71,7.133333333333334e-05
Ni09,28.769999999999996,4.2e-05
Ni09,28.83,3.433333333333333e-05
Ni09,28.89,1.7e-05
Ni09,28.95,9.333333333333333e-06
Ni09,29.009999999999998,7.333333333333333e-06
Ni09,29.07,3.6666666666666666e-06
Ni09,29.13,1.6666666666666667e-06
Ni09,29.189999999999998,1e-06
Ni09,29.25,6.666666666666667e-07
Ni09,29.31,0.0
Ni09,29.369999999999997,0.0
Ni09,29.43,3.3333333333333335e-07
Sn09,24.27,3.3333333333333335e-07
Sn09,24.33,6.666666666666667e-07
Sn09,24.39,1e-06
Sn09,24.45,4.333333333333333e-06
Sn09,24.509999999999998,3.6666666666666666e-06
Sn09,24.57,5.333333333333334e-06
Sn09,24.63,1.4666666666666666e-05
Sn09,24.689999999999998,1.8e-05
Sn09,24.75,2.4333333333333333e-05
Sn09,24.81,4.133333333333333e-05
Sn09,24.869999999999997,6.366666666666666e-05
Sn09,24.93,8.133333333333334e-05
Sn09,24.990000000000002,0.00013666666666666666
Sn09,25.049999999999997,0.00020966666666666668
Sn09,25.11,0.0002973333333333333
Sn09,25.17,0.00039466666666666665
Sn09,25.229999999999997,0.000597
Sn09,25.29,0.0008806666666666666
Sn09,25.35,0.0012056666666666667
Sn09,25.409999999999997,0.0016643333333333334
Sn09,25.47,0.002227
Sn09,25.53,0.002961
Sn09,25.589999999999996,0.0039176666666666665
Sn09,25.65,0.005151666666666666
Sn09,25.71,0.006652333333333333
Sn09,25.77,0.008340666666666666
Sn09,25.83,0.010329666666666666
Sn09,25.89,0.012717666666666667
Sn09,25.95,0.015399333333333333
Sn09,26.009999999999998,0.018459666666666666
Sn09,26.07,0.021693666666666667
Sn09,26.13,0.025041333333333332
Sn09,26.189999999999998,0.028386
Sn09,26.25,0.032181666666666664
Sn09,26.31,0.035684
Sn09,26.369999999999997,0.038942
Sn09,26.43,0.042085
Sn09,26.49,0.044436666666666666
Sn09,26.549999999999997,0.04621633333333333
Sn09,26.61,0.047768
Sn09,26.67,0.04850033333333333
Sn09,26.729999999999997,0.048587
Sn09,26.79,0.047635
Sn09,26.85,0.04607566666666667
Sn09,26.909999999999997,0.04400333333333333
Sn09,26.97,0.04150366666666667
Sn09,27.03,0.038672
Sn09,27.089999999999996,0.03539133333333333
Sn09,27.15,0.031893333333333336
Sn09,27.21,0.028414666666666668
Sn09,27.27,0.024730666666666668
Sn09,27.33,0.021250666666666668
Sn09,27.39,0.018109666666666666
Sn09,27.45,0.015104666666666667
Sn09,27.509999999999998,0.012491333333333333
Sn09,27.57,0.010147666666666666
Sn09,27.63,0.008096333333333334
Sn09,27.689999999999998,0.006382
Sn09,27.75,0.004893666666666667
Sn09,27.81,0.0037556666666666667
Sn09,27.869999999999997,0.002856333333333333
Sn09,27.93,0.0021136666666666665
Sn09,27.99,0.0015283333333333334
Sn09,28.049999999999997,0.001136
Sn09,28.11,0.0007993333333333333
Sn09,28.17,0.0005733333333333334
Sn09,28.229999999999997,0.0003913333333333333
Sn09,28.29,0.000234
Sn09,28.35,0.00017433333333333333
Sn09,28.409999999999997,0.00011133333333333333
Sn09,28.47,8.333333333333333e-05
Sn09,28.53,5.4e-05
Sn09,28.589999999999996,2.6666666666666667e-05
Sn09,28.65,1.7333333333333332e-05
Sn09,28.71,1.2666666666666667e-05
Sn09,28.769999999999996,6e-06
Sn09,28.83,4e-06
Sn09,28.89,2e-06
Sn09,28.95,3.3333333333333335e-07
Sn09,29.009999999999998,3.3333333333333335e-07
Sn09,29.07,3.3333333333333335e-07
Sn09,29.13,3.3333333333333335e-07
Ta09,23.97,3.3333333333333335e-07
Ta09,24.03,0.0
Ta09,24.089999999999996,1e-06
Ta09,24.15,1.3333333333333334e-06
Ta09,24.21,1.6666666666666667e-06
Ta09,24.27,4.666666666666666e-06
Ta09,24.33,6e-06
Ta09,24.39,9e-06
Ta09,24.45,1.5333333333333334e-05
Ta09,24.509999999999998,2.4e-05
Ta09,24.57,3.233333333333333e-05
Ta09,24.63,5.333333333333333e-05
Ta09,24.689999999999998,7.933333333333333e-05
Ta09,24.75,0.00011766666666666666
Ta09,24.81,0.000163
Ta09,24.869999999999997,0.00023166666666666667
Ta09,24.93,0.00035833333333333333
Ta09,24.990000000000002,0.0004993333333333333
Ta09,25.049999999999997,0.0007233333333333333
Ta09,25.11,0.0009863333333333334
Ta09,25.17,0.0013523333333333334
Ta09,25.229999999999997,0.001835
Ta09,25.29,0.0024723333333333333
Ta09,25.35,0.0032526666666666667
Ta09,25.409999999999997,0.0042443333333333335
Ta09,25.47,0.005505333333333333
Ta09,25.53,0.006818333333333333
Ta09,25.589999999999996,0.00872
Ta09,25.65,0.010675666666666667
Ta09,25.71,0.013026666666666667
Ta09,25.77,0.015658666666666668
Ta09,25.83,0.018457333333333333
Ta09,25.89,0.021600333333333332
Ta09,25.95,0.024796666666666668
Ta09,26.009999999999998,0.028221333333333334
Ta09,26.07,0.031642
Ta09,26.13,0.03500533333333333
Ta09,26.189999999999998,0.037920333333333334
Ta09,26.25,0.040962
Ta09,26.31,0.043133
Ta09,26.369999999999997,0.04515433333333333
Ta09,26.43,0.046601
Ta09,26.49,0.04720166666666667
Ta09,26.549999999999997,0.047182666666666664
Ta09,26.61,0.046619
Ta09,26.67,0.045285
Ta09,26.729999999999997,0.043563333333333336
Ta09,26.79,0.041017
Ta09,26.85,0.038491
Ta09,26.909999999999997,0.03531633333333333
Ta09,26.97,0.03217866666666667
Ta09,27.03,0.028615
Ta09,27.089999999999996,0.025440666666666667
Ta09,27.15,0.022011333333333334
Ta09,27.21,0.018921
Ta09,27.27,0.015959333333333332
Ta09,27.33,0.013217333333333333
Ta09,27.39,0.010907333333333333
Ta09,27.45,0.008802333333333334
Ta09,27.509999999999998,0.007040666666666666
Ta09,27.57,0.005542666666666667
Ta09,27.63,0.004252666666666667
Ta09,27.689999999999998,0.0032886666666666667
Ta09,27.75,0.002436666666666667
Ta09,27.81,0.0018483333333333333
Ta09,27.869999999999997,0.0013363333333333333
Ta09,27.93,0.000991
Ta09,27.99,0.000677
Ta09,28.049999999999997,0.000504
Ta09,28.11,0.00032866666666666667
Ta09,28.17,0.000231
Ta09,28.229999999999997,0.00015366666666666667
Ta09,28.29,9.333333333333333e-05
Ta09,28.35,7.533333333333334e-05
Ta09,28.409999999999997,3.766666666666667e-05
Ta09,28.47,3.3333333333333335e-05
Ta09,28.53,1.4e-05
Ta09,28.589999999999996,9.666666666666667e-06
Ta09,28.65,6.333333333333333e-06
Ta09,28.71,3.6666666666666666e-06
Ta09,28.769999999999996,1.6666666666666667e-06
Ta09,28.83,6.666666666666667e-07
Ta09,28.89,6.666666666666667e-07
Ta09,28.95,0.0
Ta09,29.009999999999998,3.3333333333333335e-07
Cu09,23.67,3.3333333333333335e-07
Cu09,23.729999999999997,0.0
Cu09,23.79,1e-06
Cu09,23.85,1.3333333333333334e-06
Cu09,23.909999999999997,2e-06
Cu09,23.97,4.333333333333333e-06
Cu09,24.03,6.666666666666667e-06
Cu09,24.089999999999996,9e-06
Cu09,24.15,1.5666666666666667e-05
Cu09,24.21,2.5333333333333334e-05
Cu09,24.27,3.3333333333333335e-05
Cu09,24.33,5.0333333333333335e-05
Cu09,24.39,7.9e-05
Cu09,24.45,0.000114
Cu09,24.509999999999998,0.00016366666666666667
Cu09,24.57,0.00022266666666666667
Cu09,24.63,0.000352
Cu09,24.689999999999998,0.000485
Cu09,24.75,0.0006936666666666667
Cu09,24.81,0.000946
Cu09,24.869999999999997,0.0013046666666666666
Cu09,24.93,0.0017416666666666668
Cu09,24.990000000000002,0.0023563333333333335
Cu09,25.049999999999997,0.0031233333333333334
Cu09,25.11,0.004023666666666667
Cu09,25.17,0.005227333333333333
Cu09,25.229999999999997,0.006454333333333334
Cu09,25.29,0.008256
Cu09,25.35,0.01016
Cu09,25.409999999999997,0.012309
Cu09,25.47,0.014961
Cu09,25.53,0.017432333333333334
Cu09,25.589999999999996,0.020428666666666668
Cu09,25.65,0.023776
Cu09,25.71,0.026916333333333334
Cu09,25.77,0.030241
Cu09,25.83,0.03363466666666667
Cu09,25.89,0.03641133333333333
Cu09,25.95,0.03950633333333333
Cu09,26.009999999999998,0.041999666666666664
Cu09,26.07,0.043925
Cu09,26.13,0.045576
Cu09,26.189999999999998,0.04638966666666667
Cu09,26.25,0.046691
Cu09,26.31,0.04630466666666667
Cu09,26.369999999999997,0.045219333333333334
Cu09,26.43,0.043990666666666664
Cu09,26.49,0.04169233333333333
Cu09,26.549999999999997,0.039245666666666665
Cu09,26.61,0.03634
Cu09,26.67,0.03325533333333333
Cu09,26.729999999999997,0.030077
Cu09,26.79,0.026690666666666668
Cu09,26.85,0.023471666666666665
Cu09,26.909999999999997,0.020225333333333335
Cu09,26.97,0.017297333333333335
Cu09,27.03,0.014487333333333333
Cu09,27.089999999999996,0.012058
Cu09,27.15,0.009877333333333333
Cu09,27.21,0.007934666666666666
Cu09,27.27,0.006305333333333333
Cu09,27.33,0.004928
Cu09,27.39,0.0038406666666666667
Cu09,27.45,0.002918
Cu09,27.509999999999998,0.00218
Cu09,27.57,0.001651
Cu09,27.63,0.0011766666666666666
Cu09,27.689999999999998,0.0008593333333333334
Cu09,27.75,0.000612
Cu09,27.81,0.00043233333333333334
Cu09,27.869999999999997,0.000294
Cu09,27.93,0.00020866666666666668
Cu09,27.99,0.00012333333333333334
Cu09,28.049999999999997,9.166666666666667e-05
Cu09,28.11,6.366666666666666e-05
Cu09,28.17,3.566666666666667e-05
Cu09,28.229999999999997,2.9e-05
Cu09,28.29,1.2333333333333333e-05
Cu09,28.35,8.666666666666666e-06
Cu09,28.409999999999997,6e-06
Cu09,28.47,2.333333333333333e-06
Cu09,28.53,1.6666666666666667e-06
Cu09,28.589999999999996,1e-06
Cu09,28.65,3.3333333333333335e-07
Cu09,28.71,0.0
Cu09,28.769999999999996,3.3333333333333335e-07
Al_degrader_E4_E3,21.21,1.1111111111111111e-07
Al_degrader_E4_E3,21.27,0.0
Al_degrader_E4_E3,21.33,2.2222222222222222e-07
Al_degrader_E4_E3,21.39,4.4444444444444444e-07
Al_degrader_E4_E3,21.45,4.4444444444444444e-07
Al_degrader_E4_E3,21.509999999999998,8.888888888888889e-07
Al_degrader_E4_E3,21.57,1.6666666666666667e-06
Al_degrader_E4_E3,21.63,1.5555555555555556e-06
Al_degrader_E4_E3,21.689999999999998,2.888888888888889e-06
Al_degrader_E4_E3,21.75,4e-06
Al_degrader_E4_E3,21.81,6.666666666666667e-06
Al_degrader_E4_E3,21.869999999999997,8.444444444444444e-06
Al_degrader_E4_E3,21.93,1.1777777777777778e-05
Al_degrader_E4_E3,21.990000000000002,1.988888888888889e-05
Al_degrader_E4_E3,22.049999999999997,2.7888888888888888e-05
Al_degrader_E4_E3,22.11,3.788888888888889e-05
Al_degrader_E4_E3,22.17,4.855555555555556e-05
Al_degrader_E4_E3,22.229999999999997,7.311111111111111e-05
Al_degrader_E4_E3,22.29,0.0001051111111111111
Al_degrader_E4_E3,22.35,0.0001441111111111111
Al_degrader_E4_E3,22.409999999999997,0.00018877777777777778
Al_degrader_E4_E3,22.47,0.00025333333333333333
Al_degrader_E4_E3,22.53,0.0003355555555555556
Al_degrader_E4_E3,22.589999999999996,0.000445
Al_degrader_E4_E3,22.65,0.000577
Al_degrader_E4_E3,22.71,0.0007615555555555556
Al_degrader_E4_E3,22.77,0.0009625555555555556
Al_degrader_E4_E3,22.83,0.0012086666666666667
Al_degrader_E4_E3,22.89,0.0014812222222222223
Al_degrader_E4_E3,22.95,0.0018568888888888888
Al_degrader_E4_E3,23.009999999999998,0.0022982222222222223
Al_degrader_E4_E3,23.07,0.0027478888888888887
Al_degrader_E4_E3,23.13,0.003322111111111111
Al_degrader_E4_E3,23.189999999999998,0.003891222222222222
Al_degrader_E4_E3,23.25,0.004601111111111111
Al_degrader_E4_E3,23.31,0.005364
Al_degrader_E4_E3,23.369999999999997,0.006208222222222223
Al_degrader_E4_E3,23.43,0.007066333333333333
Al_degrader_E4_E3,23.490000000000002,0.007991555555555556
Al_degrader_E4_E3,23.549999999999997,0.008989777777777777
Al_degrader_E4_E3,23.61,0.009975444444444445
Al_degrader_E4_E3,23.67,0.011014
Al_degrader_E4_E3,23.729999999999997,0.012025444444444445
Al_degrader_E4_E3,23.79,0.013105777777777777
Al_degrader_E4_E3,23.85,0.014128333333333333
Al_degrader_E4_E3,23.909999999999997,0.015059333333333333
Al_degrader_E4_E3,23.97,0.01598588888888889
Al_degrader_E4_E3,24.03,0.01690077777777778
Al_degrader_E4_E3,24.089999999999996,0.017739333333333333
Al_degrader_E4_E3,24.15,0.018560444444444445
Al_degrader_E4_E3,24.21,0.019272777777777778
Al_degrader_E4_E3,24.27,0.019772222222222222
Al_degrader_E4_E3,24.33,0.020471666666666666
Al_degrader_E4_E3,24.39,0.020939666666666665
Al_degrader_E4_E3,24.45,0.021464444444444446
Al_degrader_E4_E3,24.509999999999998,0.021763555555555557
Al_degrader_E4_E3,24.57,0.02206277777777778
Al_degrader_E4_E3,24.63,0.022344555555555555
Al_degrader_E4_E3,24.689999999999998,0.02263911111111111
Al_degrader_E4_E3,24.75,0.022820555555555556
Al_degrader_E4_E3,24.81,0.022946222222222222
Al_degrader_E4_E3,24.869999999999997,0.023087777777777777
Al_degrader_E4_E3,24.93,0.023151777777777778
Al_degrader_E4_E3,24.990000000000002,0.023265888888888888
Al_degrader_E4_E3,25.049999999999997,0.023284222222222224
Al_degrader_E4_E3,25.11,0.023257555555555556
Al_degrader_E4_E3,25.17,0.023212333333333335
Al_degrader_E4_E3,25.229999999999997,0.023218666666666665
Al_degrader_E4_E3,25.29,0.023120333333333333
Al_degrader_E4_E3,25.35,0.022962
Al_degrader_E4_E3,25.409999999999997,0.022637222222222222
Al_degrader_E4_E3,25.47,0.022467444444444446
Al_degrader_E4_E3,25.53,0.022134777777777778
Al_degrader_E4_E3,25.589999999999996,0.021746444444444443
Al_degrader_E4_E3,25.65,0.021204
Al_degrader_E4_E3,25.71,0.020628777777777777
Al_degrader_E4_E3,25.77,0.01998311111111111
Al_degrader_E4_E3,25.83,0.019254
Al_degrader_E4_E3,25.89,0.018405222222222222
Al_degrader_E4_E3,25.95,0.017425777777777776
Al_degrader_E4_E3,26.009999999999998,0.016445444444444443
Al_degrader_E4_E3,26.07,0.015397555555555555
Al_degrader_E4_E3,26.13,0.014352666666666666
Al_degrader_E4_E3,26.189999999999998,0.013140444444444444
Al_degrader_E4_E3,26.25,0.011944444444444445
Al_degrader_E4_E3,26.31,0.010825333333333333
Al_degrader_E4_E3,26.369999999999997,0.009621111111111112
Al_degrader_E4_E3,26.43,0.008574444444444445
Al_degrader_E4_E3,26.49,0.007468
Al_degrader_E4_E3,26.549999999999997,0.006489444444444444
Al_degrader_E4_E3,26.61,0.005556777777777778
Al_degrader_E4_E3,26.67,0.004712333333333333
Al_degrader_E4_E3,26.729999999999997,0.003915666666666666
Al_degrader_E4_E3,26.79,0.003248888888888889
Al_degrader_E4_E3,26.85,0.0026585555555555555
Al_degrader_E4_E3,26.909999999999997,0.0021074444444444443
Al_degrader_E4_E3,26.97,0.0017103333333333332
Al_degrader_E4_E3,27.03,0.001347888888888889
Al_degrader_E4_E3,27.089999999999996,0.0010262222222222222
Al_degrader_E4_E3,27.15,0.0007945555555555555
Al_degrader_E4_E3,27.21,0.0005981111111111111
Al_degrader_E4_E3,27.27,0.0004493333333333333
Al_degrader_E4_E3,27.33,0.00032888888888888887
Al_degrader_E4_E3,27.39,0.000247
Al_degrader_E4_E3,27.45,0.00016733333333333333
Al_degrader_E4_E3,27.509999999999998,0.00012477777777777777
Al_degrader_E4_E3,27.57,8.755555555555555e-05
Al_degrader_E4_E3,27.63,5.9888888888888886e-05
Al_degrader_E4_E3,27.689999999999998,3.977777777777778e-05
Al_degrader_E4_E3,27.75,2.5e-05
Al_degrader_E4_E3,27.81,1.677777777777778e-05
Al_degrader_E4_E3,27.869999999999997,1.1666666666666666e-05
Al_degrader_E4_E3,27.93,9.666666666666667e-06
Al_degrader_E4_E3,27.99,3.7777777777777777e-06
Al_degrader_E4_E3,28.049999999999997,2.4444444444444442e-06
Al_degrader_E4_E3,28.11,1.8888888888888888e-06
Al_degrader_E4_E3,28.17,7.777777777777778e-07
Al_degrader_E4_E3,28.229999999999997,7.777777777777778e-07
Al_degrader_E4_E3,28.29,4.4444444444444444e-07
Al_degrader_E4_E3,28.35,1.1111111111111111e-07
Al_degrader_E4_E3,28.409999999999997,0.0
Al_degrader_E4_E3,28.47,0.0
Al_degrader_E4_E3,28.53,1.1111111111111111e-07
Ni10,20.79,3.3333333333333335e-07
Ni10,20.85,0.0
Ni10,20.909999999999997,0.0
Ni10,20.97,6.666666666666667e-07
Ni10,21.03,1.6666666666666667e-06
Ni10,21.089999999999996,1.6666666666666667e-06
Ni10,21.15,3e-06
Ni10,21.21,7e-06
Ni10,21.27,5.333333333333334e-06
Ni10,21.33,1.1666666666666666e-05
Ni10,21.39,2e-05
Ni10,21.45,2.2666666666666668e-05
Ni10,21.509999999999998,3.4666666666666665e-05
Ni10,21.57,4.7333333333333336e-05
Ni10,21.63,7.433333333333333e-05
Ni10,21.689999999999998,0.00010966666666666667
Ni10,21.75,0.00013933333333333332
Ni10,21.81,0.00019333333333333333
Ni10,21.869999999999997,0.000285
Ni10,21.93,0.00039233333333333335
Ni10,21.990000000000002,0.000537
Ni10,22.049999999999997,0.0007203333333333334
Ni10,22.11,0.0009813333333333334
Ni10,22.17,0.0012793333333333333
Ni10,22.229999999999997,0.0016626666666666667
Ni10,22.29,0.0021926666666666665
Ni10,22.35,0.0028656666666666665
Ni10,22.409999999999997,0.003605
Ni10,22.47,0.004528333333333333
Ni10,22.53,0.005567666666666667
Ni10,22.589999999999996,0.006957666666666667
Ni10,22.65,0.008454
Ni10,22.71,0.010077666666666667
Ni10,22.77,0.012157666666666667
Ni10,22.83,0.014294
Ni10,22.89,0.016470666666666668
Ni10,22.95,0.019035666666666666
Ni10,23.009999999999998,0.021773
Ni10,23.07,0.02442333333333333
Ni10,23.13,0.027191333333333335
Ni10,23.189999999999998,0.030110666666666668
Ni10,23.25,0.03251433333333333
Ni10,23.31,0.035022
Ni10,23.369999999999997,0.037393666666666665
Ni10,23.43,0.039152
Ni10,23.490000000000002,0.040916
Ni10,23.549999999999997,0.041957
Ni10,23.61,0.042604666666666666
Ni10,23.67,0.04280766666666667
Ni10,23.729999999999997,0.042408
Ni10,23.79,0.041636
Ni10,23.85,0.04058333333333333
Ni10,23.909999999999997,0.038746
Ni10,23.97,0.036707
Ni10,24.03,0.03455366666666667
Ni10,24.089999999999996,0.032003666666666666
Ni10,24.15,0.029307
Ni10,24.21,0.026534333333333333
Ni10,24.27,0.023663666666666666
Ni10,24.33,0.021045
Ni10,24.39,0.018283666666666667
Ni10,24.45,0.015843
Ni10,24.509999999999998,0.013446
Ni10,24.57,0.011372
Ni10,24.63,0.009437666666666667
Ni10,24.689999999999998,0.007775
Ni10,24.75,0.006323
Ni10,24.81,0.005058
Ni10,24.869999999999997,0.004042
Ni10,24.93,0.003156
Ni10,24.990000000000002,0.0023973333333333333
Ni10,25.049999999999997,0.0018986666666666668
Ni10,25.11,0.001436
Ni10,25.17,0.00105
Ni10,25.229999999999997,0.0007723333333333333
Ni10,25.29,0.0005713333333333333
Ni10,25.35,0.00042533333333333334
Ni10,25.409999999999997,0.0002846666666666667
Ni10,25.47,0.00021366666666666667
Ni10,25.53,0.00013633333333333333
Ni10,25.589999999999996,9.666666666666667e-05
Ni10,25.65,6.8e-05
Ni10,25.71,4.0333333333333336e-05
Ni10,25.77,3.1333333333333334e-05
Ni10,25.83,2.2666666666666668e-05
Ni10,25.89,1.0666666666666667e-05
Ni10,25.95,6.333333333333333e-06
Ni10,26.009999999999998,5.666666666666667e-06
Ni10,26.07,2.666666666666667e-06
Ni10,26.13,1.3333333333333334e-06
Ni10,26.189999999999998,6.666666666666667e-07
Ni10,26.25,6.666666666666667e-07
Ni10,26.31,0.0
Ni10,26.369999999999997,0.0
Ni10,26.43,3.3333333333333335e-07
Sn10,20.729999999999997,3.3333333333333335e-07
Sn10,20.79,6.666666666666667e-07
Sn10,20.85,6.666666666666667e-07
Sn10,20.909999999999997,2e-06
Sn10,20.97,3.3333333333333333e-06
Sn10,21.03,5.666666666666667e-06
Sn10,21.089999999999996,9.333333333333333e-06
Sn10,21.15,1.1e-05
Sn10,21.21,1.6e-05
Sn10,21.27,2.3666666666666668e-05
Sn10,21.33,3.8e-05
Sn10,21.39,5.1e-05
Sn10,21.45,7.133333333333334e-05
Sn10,21.509999999999998,0.000102
Sn10,21.57,0.000151
Sn10,21.63,0.00021433333333333333
Sn10,21.689999999999998,0.00028566666666666665
Sn10,21.75,0.00039066666666666666
Sn10,21.81,0.0005463333333333333
Sn10,21.869999999999997,0.0007723333333333333
Sn10,21.93,0.001044
Sn10,21.990000000000002,0.0013793333333333333
Sn10,22.049999999999997,0.001798
Sn10,22.11,0.0023466666666666666
Sn10,22.17,0.0030386666666666665
Sn10,22.229999999999997,0.0038573333333333333
Sn10,22.29,0.004887666666666667
Sn10,22.35,0.0062053333333333335
Sn10,22.409999999999997,0.0075446666666666665
Sn10,22.47,0.009160333333333333
Sn10,22.53,0.011004666666666666
Sn10,22.589999999999996,0.013272666666666667
Sn10,22.65,0.015511666666666667
Sn10,22.71,0.018041333333333333
Sn10,22.77,0.020854333333333332
Sn10,22.83,0.023477
Sn10,22.89,0.026427
Sn10,22.95,0.02941766666666667
Sn10,23.009999999999998,0.03224133333333333
Sn10,23.07,0.034959333333333335
Sn10,23.13,0.037517
Sn10,23.189999999999998,0.03959666666666667
Sn10,23.25,0.041244666666666666
Sn10,23.31,0.04254733333333333
Sn10,23.369999999999997,0.04340366666666667
Sn10,23.43,0.044065
Sn10,23.490000000000002,0.04383366666666667
Sn10,23.549999999999997,0.042883333333333336
Sn10,23.61,0.04160433333333333
Sn10,23.67,0.03991666666666667
Sn10,23.729999999999997,0.037941666666666665
Sn10,23.79,0.03553866666666667
Sn10,23.85,0.033017333333333336
Sn10,23.909999999999997,0.030228666666666668
Sn10,23.97,0.027341666666666667
Sn10,24.03,0.024409333333333335
Sn10,24.089999999999996,0.021481333333333335
Sn10,24.15,0.018671
Sn10,24.21,0.016039666666666667
Sn10,24.27,0.013609666666666667
Sn10,24.33,0.011507333333333333
Sn10,24.39,0.009459
Sn10,24.45,0.007795666666666667
Sn10,24.509999999999998,0.006241333333333333
Sn10,24.57,0.004984
Sn10,24.63,0.003932
Sn10,24.689999999999998,0.0030673333333333334
Sn10,24.75,0.0023426666666666665
Sn10,24.81,0.001786
Sn10,24.869999999999997,0.001337
Sn10,24.93,0.0010166666666666666
Sn10,24.990000000000002,0.0007396666666666667
Sn10,25.049999999999997,0.0005413333333333333
Sn10,25.11,0.000379
Sn10,25.17,0.000265
Sn10,25.229999999999997,0.00016366666666666667
Sn10,25.29,0.000126
Sn10,25.35,9.3e-05
Sn10,25.409999999999997,6.466666666666666e-05
Sn10,25.47,4.1666666666666665e-05
Sn10,25.53,2.1333333333333335e-05
Sn10,25.589999999999996,1.5e-05
Sn10,25.65,1.1333333333333334e-05
Sn10,25.71,5.666666666666667e-06
Sn10,25.77,4.333333333333333e-06
Sn10,25.83,2e-06
Sn10,25.89,6.666666666666667e-07
Sn10,25.95,0.0
Sn10,26.009999999999998,3.3333333333333335e-07
Sn10,26.07,6.666666666666667e-07
Ta10,20.369999999999997,3.3333333333333335e-07
Ta10,20.43,0.0
Ta10,20.490000000000002,0.0
Ta10,20.549999999999997,1e-06
Ta10,20.61,1.3333333333333334e-06
Ta10,20.67,2.333333333333333e-06
Ta10,20.729999999999997,4e-06
Ta10,20.79,6e-06
Ta10,20.85,6e-06
Ta10,20.909999999999997,1.1666666666666666e-05
Ta10,20.97,1.8666666666666665e-05
Ta10,21.03,2.5666666666666666e-05
Ta10,21.089999999999996,3.5e-05
Ta10,21.15,4.8333333333333334e-05
Ta10,21.21,7.633333333333334e-05
Ta10,21.27,0.00010533333333333334
Ta10,21.33,0.00014166666666666668
Ta10,21.39,0.00018933333333333335
Ta10,21.45,0.00028966666666666664
Ta10,21.509999999999998,0.00039
Ta10,21.57,0.0005296666666666667
Ta10,21.63,0.0007153333333333333
Ta10,21.689999999999998,0.0009566666666666666
Ta10,21.75,0.001289
Ta10,21.81,0.0016646666666666667
Ta10,21.869999999999997,0.002193
Ta10,21.93,0.002787
Ta10,21.990000000000002,0.003525
Ta10,22.049999999999997,0.004526
Ta10,22.11,0.005515
Ta10,22.17,0.0068973333333333334
Ta10,22.229999999999997,0.008335666666666667
Ta10,22.29,0.009994666666666667
Ta10,22.35,0.011995
Ta10,22.409999999999997,0.014121333333333333
Ta10,22.47,0.016405666666666666
Ta10,22.53,0.018812666666666665
Ta10,22.589999999999996,0.021566
Ta10,22.65,0.024229
Ta10,22.71,0.026934
Ta10,22.77,0.029876333333333335
Ta10,22.83,0.03228433333333333
Ta10,22.89,0.03490533333333333
Ta10,22.95,0.037226666666666665
Ta10,23.009999999999998,0.03897933333333333
Ta10,23.07,0.04071433333333333
Ta10,23.13,0.04192666666666667
Ta10,23.189999999999998,0.042467
Ta10,23.25,0.042666666666666665
Ta10,23.31,0.042486666666666666
Ta10,23.369999999999997,0.041683333333333336
Ta10,23.43,0.040600333333333335
Ta10,23.490000000000002,0.03895766666666667
Ta10,23.549999999999997,0.036609666666666665
Ta10,23.61,0.034751
Ta10,23.67,0.03206966666666667
Ta10,23.729999999999997,0.029574
Ta10,23.79,0.026699666666666667
Ta10,23.85,0.023975666666666666
Ta10,23.909999999999997,0.021142333333333332
Ta10,23.97,0.018503333333333333
Ta10,24.03,0.015986
Ta10,24.089999999999996,0.013662
Ta10,24.15,0.011541666666666667
Ta10,24.21,0.009654
Ta10,24.27,0.007877333333333333
Ta10,24.33,0.00647
Ta10,24.39,0.005177666666666666
Ta10,24.45,0.004121333333333334
Ta10,24.509999999999998,0.003235333333333333
Ta10,24.57,0.002495666666666667
Ta10,24.63,0.0019276666666666667
Ta10,24.689999999999998,0.001497
Ta10,24.75,0.0010813333333333332
Ta10,24.81,0.0008203333333333333
Ta10,24.869999999999997,0.0005836666666666667
Ta10,24.93,0.0004493333333333333
Ta10,24.990000000000002,0.0003006666666666667
Ta10,25.049999999999997,0.000217
Ta10,25.11,0.00014966666666666665
Ta10,25.17,0.00010233333333333333
Ta10,25.229999999999997,6.933333333333333e-05
Ta10,25.29,4.766666666666667e-05
Ta10,25.35,3.3e-05
Ta10,25.409999999999997,2.2333333333333332e-05
Ta10,25.47,1.2666666666666667e-05
Ta10,25.53,7.333333333333333e-06
Ta10,25.589999999999996,6e-06
Ta10,25.65,3e-06
Ta10,25.71,1.6666666666666667e-06
Ta10,25.77,6.666666666666667e-07
Ta10,25.83,3.3333333333333335e-07
Ta10,25.89,3.3333333333333335e-07
Ta10,25.95,0.0
Ta10,26.009999999999998,3.3333333333333335e-07
Cu10,20.009999999999998,3.3333333333333335e-07
Cu10,20.07,0.0
Cu10,20.13,0.0
Cu10,20.189999999999998,1e-06
Cu10,20.25,1.3333333333333334e-06
Cu10,20.31,1.3333333333333334e-06
Cu10,20.369999999999997,3.6666666666666666e-06
Cu10,20.43,6.333333333333333e-06
Cu10,20.490000000000002,5e-06
Cu10,20.549999999999997,1.0333333333333333e-05
Cu10,20.61,1.633333333333333e-05
Cu10,20.67,2.3e-05
Cu10,20.729999999999997,2.966666666666667e-05
Cu10,20.79,4.433333333333333e-05
Cu10,20.85,6.4e-05
Cu10,20.909999999999997,8.566666666666667e-05
Cu10,20.97,0.00013333333333333334
Cu10,21.03,0.000166
Cu10,21.089999999999996,0.000234
Cu10,21.15,0.000342
Cu10,21.21,0.00045033333333333335
Cu10,21.27,0.0006213333333333333
Cu10,21.33,0.0008223333333333333
Cu10,21.39,0.0010896666666666667
Cu10,21.45,0.0014166666666666668
Cu10,21.509999999999998,0.0018556666666666667
Cu10,21.57,0.0024333333333333334
Cu10,21.63,0.0030323333333333335
Cu10,21.689999999999998,0.003882
Cu10,21.75,0.004823666666666667
Cu10,21.81,0.005862
Cu10,21.869999999999997,0.007334666666666666
Cu10,21.93,0.008775
Cu10,21.990000000000002,0.010472666666666667
Cu10,22.049999999999997,0.012446
Cu10,22.11,0.014540666666666667
Cu10,22.17,0.016781666666666667
Cu10,22.229999999999997,0.019281333333333334
Cu10,22.29,0.021915666666666667
Cu10,22.35,0.024447666666666666
Cu10,22.409999999999997,0.027218
Cu10,22.47,0.029950333333333332
Cu10,22.53,0.032174
Cu10,22.589999999999996,0.03479466666666667
Cu10,22.65,0.036863
Cu10,22.71,0.03863066666666667
Cu10,22.77,0.040272
Cu10,22.83,0.041270666666666664
Cu10,22.89,0.04198
Cu10,22.95,0.042022333333333335
Cu10,23.009999999999998,0.041785666666666665
Cu10,23.07,0.040963
Cu10,23.13,0.039925333333333334
Cu10,23.189999999999998,0.03824366666666667
Cu10,23.25,0.036141
Cu10,23.31,0.03428066666666667
Cu10,23.369999999999997,0.031675666666666664
Cu10,23.43,0.029177
Cu10,23.490000000000002,0.026507666666666665
Cu10,23.549999999999997,0.023741666666666668
Cu10,23.61,0.021107333333333332
Cu10,23.67,0.018441333333333334
Cu10,23.729999999999997,0.016121666666666666
Cu10,23.79,0.013722666666666666
Cu10,23.85,0.011653
Cu10,23.909999999999997,0.009738666666666666
Cu10,23.97,0.008047
Cu10,24.03,0.006615333333333333
Cu10,24.089999999999996,0.005366333333333333
Cu10,24.15,0.004254666666666667
Cu10,24.21,0.0033736666666666667
Cu10,24.27,0.002632666666666667
Cu10,24.33,0.0020313333333333333
Cu10,24.39,0.001548
Cu10,24.45,0.0011696666666666667
Cu10,24.509999999999998,0.0008946666666666667
Cu10,24.57,0.0006343333333333333
Cu10,24.63,0.000474
Cu10,24.689999999999998,0.0003406666666666667
Cu10,24.75,0.00024533333333333335
Cu10,24.81,0.000172
Cu10,24.869999999999997,0.00010366666666666666
Cu10,24.93,8.133333333333334e-05
Cu10,24.990000000000002,5.966666666666667e-05
Cu10,25.049999999999997,3.366666666666667e-05
Cu10,25.11,3.0333333333333333e-05
Cu10,25.17,1.4e-05
Cu10,25.229999999999997,9e-06
Cu10,25.29,6.333333333333333e-06
Cu10,25.35,3.3333333333333333e-06
Cu10,25.409999999999997,2.666666666666667e-06
Cu10,25.47,1e-06
Cu10,25.53,6.666666666666667e-07
Cu10,25.589999999999996,3.3333333333333335e-07
Cu10,25.65,0.0
Cu10,25.71,3.3333333333333335e-07
Al_degrader_E6_E5,17.189999999999998,9.090909090909091e-08
Al_degrader_E6_E5,17.25,0.0
Al_degrader_E6_E5,17.310000000000002,9.090909090909091e-08
Al_degrader_E6_E5,17.369999999999997,9.090909090909091e-08
Al_degrader_E6_E5,17.43,3.6363636363636366e-07
Al_degrader_E6_E5,17.490000000000002,4.545454545454545e-07
Al_degrader_E6_E5,17.549999999999997,3.6363636363636366e-07
Al_degrader_E6_E5,17.61,1.090909090909091e-06
Al_degrader_E6_E5,17.67,1.3636363636363636e-06
Al_degrader_E6_E5,17.729999999999997,1.818181818181818e-06
Al_degrader_E6_E5,17.79,2.0909090909090907e-06
Al_degrader_E6_E5,17.85,3.909090909090909e-06
Al_degrader_E6_E5,17.909999999999997,5.181818181818182e-06
Al_degrader_E6_E5,17.97,6.636363636363637e-06
Al_degrader_E6_E5,18.03,8.818181818181819e-06
Al_degrader_E6_E5,18.09,1.2818181818181818e-05
Al_degrader_E6_E5,18.15,1.7272727272727274e-05
Al_degrader_E6_E5,18.21,2.7454545454545455e-05
Al_degrader_E6_E5,18.27,3.090909090909091e-05
Al_degrader_E6_E5,18.33,3.8e-05
Al_degrader_E6_E5,18.39,5.7e-05
Al_degrader_E6_E5,18.45,7.754545454545454e-05
Al_degrader_E6_E5,18.509999999999998,0.00010481818181818182
Al_degrader_E6_E5,18.57,0.000133
Al_degrader_E6_E5,18.63,0.00016754545454545453
Al_degrader_E6_E5,18.689999999999998,0.000227
Al_degrader_E6_E5,18.75,0.000281
Al_degrader_E6_E5,18.81,0.0003604545454545455
Al_degrader_E6_E5,18.869999999999997,0.00044927272727272725
Al_degrader_E6_E5,18.93,0.0005766363636363636
Al_degrader_E6_E5,18.990000000000002,0.0007113636363636364
Al_degrader_E6_E5,19.049999999999997,0.0008822727272727273
Al_degrader_E6_E5,19.11,0.0010606363636363636
Al_degrader_E6_E5,19.17,0.0012901818181818181
Al_degrader_E6_E5,19.229999999999997,0.0015716363636363636
Al_degrader_E6_E5,19.29,0.0018784545454545454
Al_degrader_E6_E5,19.35,0.0022335454545454546
Al_degrader_E6_E5,19.409999999999997,0.002592090909090909
Al_degrader_E6_E5,19.47,0.0030827272727272726
Al_degrader_E6_E5,19.53,0.0035513636363636364
Al_degrader_E6_E5,19.59,0.004088454545454545
Al_degrader_E6_E5,19.65,0.004651727272727273
Al_degrader_E6_E5,19.71,0.005317181818181818
Al_degrader_E6_E5,19.77,0.005974818181818182
Al_degrader_E6_E5,19.83,0.006716545454545454
Al_degrader_E6_E5,19.89,0.007466363636363636
Al_degrader_E6_E5,19.95,0.008204818181818181
Al_degrader_E6_E5,20.009999999999998,0.009054818181818181
Al_degrader_E6_E5,20.07,0.009802
Al_degrader_E6_E5,20.13,0.010702454545454546
Al_degrader_E6_E5,20.189999999999998,0.011468454545454546
Al_degrader_E6_E5,20.25,0.012329454545454546
Al_degrader_E6_E5,20.31,0.013071454545454546
Al_degrader_E6_E5,20.369999999999997,0.013866272727272727
Al_degrader_E6_E5,20.43,0.014634636363636364
Al_degrader_E6_E5,20.490000000000002,0.015298
Al_degrader_E6_E5,20.549999999999997,0.016047
Al_degrader_E6_E5,20.61,0.016601363636363636
Al_degrader_E6_E5,20.67,0.01721018181818182
Al_degrader_E6_E5,20.729999999999997,0.017707727272727274
Al_degrader_E6_E5,20.79,0.01832018181818182
Al_degrader_E6_E5,20.85,0.018644636363636363
Al_degrader_E6_E5,20.909999999999997,0.01908990909090909
Al_degrader_E6_E5,20.97,0.01941618181818182
Al_degrader_E6_E5,21.03,0.019783636363636364
Al_degrader_E6_E5,21.089999999999996,0.019991363636363637
Al_degrader_E6_E5,21.15,0.020280363636363638
Al_degrader_E6_E5,21.21,0.020451454545454547
Al_degrader_E6_E5,21.27,0.02062572727272727
Al_degrader_E6_E5,21.33,0.020840454545454544
Al_degrader_E6_E5,21.39,0.020882545454545456
Al_degrader_E6_E5,21.45,0.020984272727272726
Al_degrader_E6_E5,21.509999999999998,0.021038636363636364
Al_degrader_E6_E5,21.57,0.021191727272727272
Al_degrader_E6_E5,21.63,0.021088545454545454
Al_degrader_E6_E5,21.689999999999998,0.021174636363636364
Al_degrader_E6_E5,21.75,0.021060454545454545
Al_degrader_E6_E5,21.81,0.021103545454545455
Al_degrader_E6_E5,21.869999999999997,0.020923181818181816
Al_degrader_E6_E5,21.93,0.020855272727272726
Al_degrader_E6_E5,21.990000000000002,0.020638818181818182
Al_degrader_E6_E5,22.049999999999997,0.020497818181818183
Al_degrader_E6_E5,22.11,0.020148909090909092
Al_degrader_E6_E5,22.17,0.019884
Al_degrader_E6_E5,22.229999999999997,0.019450636363636364
Al_degrader_E6_E5,22.29,0.019064545454545456
Al_degrader_E6_E5,22.35,0.018512454545454544
Al_degrader_E6_E5,22.409999999999997,0.017962454545454545
Al_degrader_E6_E5,22.47,0.017292818181818184
Al_degrader_E6_E5,22.53,0.016604272727272728
Al_degrader_E6_E5,22.589999999999996,0.015851727272727274
Al_degrader_E6_E5,22.65,0.015009181818181817
Al_degrader_E6_E5,22.71,0.014115
Al_degrader_E6_E5,22.77,0.013266818181818182
Al_degrader_E6_E5,22.83,0.012326727272727272
Al_degrader_E6_E5,22.89,0.01138
Al_degrader_E6_E5,22.95,0.010360727272727273
Al_degrader_E6_E5,23.009999999999998,0.009452454545454545
Al_degrader_E6_E5,23.07,0.008522
Al_degrader_E6_E5,23.13,0.0076222727272727275
Al_degrader_E6_E5,23.189999999999998,0.006729181818181818
Al_degrader_E6_E5,23.25,0.005924272727272728
Al_degrader_E6_E5,23.31,0.005165090909090909
Al_degrader_E6_E5,23.369999999999997,0.004449363636363637
Al_degrader_E6_E5,23.43,0.003786090909090909
Al_degrader_E6_E5,23.490000000000002,0.0031981818181818183
Al_degrader_E6_E5,23.549999999999997,0.002686727272727273
Al_degrader_E6_E5,23.61,0.002228
Al_degrader_E6_E5,23.67,0.0018125454545454545
Al_degrader_E6_E5,23.729999999999997,0.0014857272727272727
Al_degrader_E6_E5,23.79,0.001186818181818182
Al_degrader_E6_E5,23.85,0.000947
Al_degrader_E6_E5,23.909999999999997,0.0007408181818181818
Al_degrader_E6_E5,23.97,0.0005690909090909091
Al_degrader_E6_E5,24.03,0.00044963636363636364
Al_degrader_E6_E5,24.089999999999996,0.0003428181818181818
Al_degrader_E6_E5,24.15,0.00024954545454545455
Al_degrader_E6_E5,24.21,0.00019436363636363637
Al_degrader_E6_E5,24.27,0.0001391818181818182
Al_degrader_E6_E5,24.33,0.00010227272727272727
Al_degrader_E6_E5,24.39,7.472727272727272e-05
Al_degrader_E6_E5,24.45,5.318181818181818e-05
Al_degrader_E6_E5,24.509999999999998,3.672727272727273e-05
Al_degrader_E6_E5,24.57,2.509090909090909e-05
Al_degrader_E6_E5,24.63,1.6454545454545455e-05
Al_degrader_E6_E5,24.689999999999998,1.2545454545454545e-05
Al_degrader_E6_E5,24.75,8e-06
Al_degrader_E6_E5,24.81,7e-06
Al_degrader_E6_E5,24.869999999999997,2.4545454545454544e-06
Al_degrader_E6_E5,24.93,2.0909090909090907e-06
Al_degrader_E6_E5,24.990000000000002,1.6363636363636365e-06
Al_degrader_E6_E5,25.049999999999997,7.272727272727273e-07
Al_degrader_E6_E5,25.11,5.454545454545455e-07
Al_degrader_E6_E5,25.17,2.7272727272727274e-07
Al_degrader_E6_E5,25.229999999999997,2.7272727272727274e-07
Al_degrader_E6_E5,25.29,0.0
Al_degrader_E6_E5,25.35,0.0
Al_degrader_E6_E5,25.409999999999997,9.090909090909091e-08
Ni11,16.71,3.3333333333333335e-07
Ni11,16.77,0.0
Ni11,16.83,0.0
Ni11,16.89,6.666666666666667e-07
Ni11,16.95,1.6666666666666667e-06
Ni11,17.009999999999998,6.666666666666667e-07
Ni11,17.07,1.3333333333333334e-06
Ni11,17.13,2.666666666666667e-06
Ni11,17.189999999999998,6e-06
Ni11,17.25,4e-06
Ni11,17.310000000000002,7.333333333333333e-06
Ni11,17.369999999999997,8.666666666666666e-06
Ni11,17.43,2.0666666666666666e-05
Ni11,17.490000000000002,2.0333333333333334e-05
Ni11,17.549999999999997,2.8e-05
Ni11,17.61,3.9666666666666664e-05
Ni11,17.67,5.8e-05
Ni11,17.729999999999997,7e-05
Ni11,17.79,0.00010466666666666667
Ni11,17.85,0.00012866666666666666
Ni11,17.909999999999997,0.000171
Ni11,17.97,0.00024366666666666666
Ni11,18.03,0.0003136666666666667
Ni11,18.09,0.0004096666666666667
Ni11,18.15,0.000537
Ni11,18.21,0.000723
Ni11,18.27,0.000908
Ni11,18.33,0.001121
Ni11,18.39,0.0014333333333333333
Ni11,18.45,0.0018323333333333334
Ni11,18.509999999999998,0.0022843333333333335
Ni11,18.57,0.0027923333333333333
Ni11,18.63,0.0034896666666666665
Ni11,18.689999999999998,0.004199666666666667
Ni11,18.75,0.005000666666666666
Ni11,18.81,0.006081
Ni11,18.869999999999997,0.007255666666666666
Ni11,18.93,0.008430333333333333
Ni11,18.990000000000002,0.009901333333333333
Ni11,19.049999999999997,0.011577
Ni11,19.11,0.013133333333333334
Ni11,19.17,0.014909333333333333
Ni11,19.229999999999997,0.016941
Ni11,19.29,0.019030333333333333
Ni11,19.35,0.021154666666666665
Ni11,19.409999999999997,0.023003666666666665
Ni11,19.47,0.025503666666666668
Ni11,19.53,0.027489333333333334
Ni11,19.59,0.029184
Ni11,19.65,0.03131366666666666
Ni11,19.71,0.033030666666666667
Ni11,19.77,0.034395
Ni11,19.83,0.035753
Ni11,19.89,0.03673766666666667
Ni11,19.95,0.03733366666666667
Ni11,20.009999999999998,0.037444
Ni11,20.07,0.0377
Ni11,20.13,0.037338
Ni11,20.189999999999998,0.036375333333333336
Ni11,20.25,0.035798666666666666
Ni11,20.31,0.034301
Ni11,20.369999999999997,0.032808
Ni11,20.43,0.031161
Ni11,20.490000000000002,0.029162
Ni11,20.549999999999997,0.027217333333333333
Ni11,20.61,0.025071
Ni11,20.67,0.022896333333333335
Ni11,20.729999999999997,0.020659
Ni11,20.79,0.018631
Ni11,20.85,0.016452333333333333
Ni11,20.909999999999997,0.014548
Ni11,20.97,0.012653
Ni11,21.03,0.010874666666666666
Ni11,21.089999999999996,0.009333
Ni11,21.15,0.007927
Ni11,21.21,0.006572
Ni11,21.27,0.005526
Ni11,21.33,0.0044986666666666664
Ni11,21.39,0.0036753333333333334
Ni11,21.45,0.002954
Ni11,21.509999999999998,0.002389
Ni11,21.57,0.001878
Ni11,21.63,0.001459
Ni11,21.689999999999998,0.0011713333333333333
Ni11,21.75,0.000879
Ni11,21.81,0.000656
Ni11,21.869999999999997,0.0005086666666666667
Ni11,21.93,0.000389
Ni11,21.990000000000002,0.00027066666666666667
Ni11,22.049999999999997,0.000212
Ni11,22.11,0.000152
Ni11,22.17,9.2e-05
Ni11,22.229999999999997,7.833333333333333e-05
Ni11,22.29,5.5333333333333334e-05
Ni11,22.35,3.5e-05
Ni11,22.409999999999997,2.8333333333333332e-05
Ni11,22.47,2e-05
Ni11,22.53,8.666666666666666e-06
Ni11,22.589999999999996,7.333333333333333e-06
Ni11,22.65,5.666666666666667e-06
Ni11,22.71,2.333333333333333e-06
Ni11,22.77,2.333333333333333e-06
Ni11,22.83,1e-06
Ni11,22.89,6.666666666666667e-07
Ni11,22.95,3.3333333333333335e-07
Ni11,23.009999999999998,0.0
Ni11,23.07,0.0
Ni11,23.13,3.3333333333333335e-07
Sn11,16.59,3.3333333333333335e-07
Sn11,16.65,3.3333333333333335e-07
Sn11,16.71,3.3333333333333335e-07
Sn11,16.77,6.666666666666667e-07
Sn11,16.83,2e-06
Sn11,16.89,2.666666666666667e-06
Sn11,16.95,3.3333333333333333e-06
Sn11,17.009999999999998,4e-06
Sn11,17.07,7.666666666666667e-06
Sn11,17.13,9.666666666666667e-06
Sn11,17.189999999999998,1.3e-05
Sn11,17.25,1.5e-05
Sn11,17.310000000000002,2.6e-05
Sn11,17.369999999999997,3.5333333333333336e-05
Sn11,17.43,4.933333333333333e-05
Sn11,17.490000000000002,6.0666666666666666e-05
Sn11,17.549999999999997,8.466666666666666e-05
Sn11,17.61,0.00011133333333333333
Sn11,17.67,0.000166
Sn11,17.729999999999997,0.00021033333333333334
Sn11,17.79,0.00026933333333333334
Sn11,17.85,0.00035066666666666666
Sn11,17.909999999999997,0.0004696666666666667
Sn11,17.97,0.0006423333333333333
Sn11,18.03,0.0008346666666666667
Sn11,18.09,0.0010653333333333333
Sn11,18.15,0.0013646666666666666
Sn11,18.21,0.0016976666666666668
Sn11,18.27,0.002121333333333333
Sn11,18.33,0.002639
Sn11,18.39,0.003278
Sn11,18.45,0.004034333333333333
Sn11,18.509999999999998,0.004939333333333333
Sn11,18.57,0.005965333333333333
Sn11,18.63,0.007037666666666667
Sn11,18.689999999999998,0.008295
Sn11,18.75,0.009799333333333334
Sn11,18.81,0.011453333333333333
Sn11,18.869999999999997,0.013200666666666666
Sn11,18.93,0.015114333333333334
Sn11,18.990000000000002,0.017139666666666668
Sn11,19.049999999999997,0.019214333333333333
Sn11,19.11,0.021251333333333334
Sn11,19.17,0.023561666666666668
Sn11,19.229999999999997,0.025858333333333334
Sn11,19.29,0.028070666666666667
Sn11,19.35,0.030156
Sn11,19.409999999999997,0.032093333333333335
Sn11,19.47,0.033912333333333336
Sn11,19.53,0.03535566666666667
Sn11,19.59,0.03646066666666667
Sn11,19.65,0.037483
Sn11,19.71,0.03813833333333334
Sn11,19.77,0.038682666666666664
Sn11,19.83,0.038571666666666664
Sn11,19.89,0.037934
Sn11,19.95,0.03702
Sn11,20.009999999999998,0.03597366666666667
Sn11,20.07,0.034534666666666665
Sn11,20.13,0.032947333333333335
Sn11,20.189999999999998,0.031137666666666668
Sn11,20.25,0.029152
Sn11,20.31,0.026969333333333335
Sn11,20.369999999999997,0.024796333333333333
Sn11,20.43,0.02255566666666667
Sn11,20.490000000000002,0.020207
Sn11,20.549999999999997,0.017947666666666667
Sn11,20.61,0.015761666666666667
Sn11,20.67,0.013880333333333333
Sn11,20.729999999999997,0.011895666666666667
Sn11,20.79,0.010296666666666668
Sn11,20.85,0.008695
Sn11,20.909999999999997,0.007300333333333333
Sn11,20.97,0.006055666666666667
Sn11,21.03,0.005001666666666666
Sn11,21.089999999999996,0.004040666666666666
Sn11,21.15,0.003233666666666667
Sn11,21.21,0.0026333333333333334
Sn11,21.27,0.0020656666666666666
Sn11,21.33,0.0016243333333333333
Sn11,21.39,0.0012456666666666666
Sn11,21.45,0.0009723333333333333
Sn11,21.509999999999998,0.000751
Sn11,21.57,0.0005756666666666667
Sn11,21.63,0.0004203333333333333
Sn11,21.689999999999998,0.0003116666666666667
Sn11,21.75,0.00020833333333333335
Sn11,21.81,0.00014733333333333333
Sn11,21.869999999999997,0.00011433333333333334
Sn11,21.93,8.3e-05
Sn11,21.990000000000002,6.7e-05
Sn11,22.049999999999997,4.3333333333333334e-05
Sn11,22.11,2.6e-05
Sn11,22.17,1.5333333333333334e-05
Sn11,22.229999999999997,1.3333333333333333e-05
Sn11,22.29,8.666666666666666e-06
Sn11,22.35,4.666666666666666e-06
Sn11,22.409999999999997,3.6666666666666666e-06
Sn11,22.47,2e-06
Sn11,22.53,1e-06
Sn11,22.589999999999996,0.0
Sn11,22.65,3.3333333333333335e-07
Sn11,22.71,3.3333333333333335e-07
Sn11,22.77,3.3333333333333335e-07
Ta11,16.229999999999997,3.3333333333333335e-07
Ta11,16.29,0.0
Ta11,16.35,0.0
Ta11,16.409999999999997,1e-06
Ta11,16.47,1.3333333333333334e-06
Ta11,16.53,6.666666666666667e-07
Ta11,16.59,2e-06
Ta11,16.65,3.6666666666666666e-06
Ta11,16.71,4.666666666666666e-06
Ta11,16.77,5e-06
Ta11,16.83,9e-06
Ta11,16.89,1.1333333333333334e-05
Ta11,16.95,1.6666666666666667e-05
Ta11,17.009999999999998,2.2333333333333332e-05
Ta11,17.07,2.966666666666667e-05
Ta11,17.13,4.133333333333333e-05
Ta11,17.189999999999998,5.4e-05
Ta11,17.25,7.033333333333334e-05
Ta11,17.310000000000002,0.00011533333333333334
Ta11,17.369999999999997,0.00012733333333333333
Ta11,17.43,0.000163
Ta11,17.490000000000002,0.000247
Ta11,17.549999999999997,0.0003173333333333333
Ta11,17.61,0.0003936666666666667
Ta11,17.67,0.000548
Ta11,17.729999999999997,0.0006833333333333333
Ta11,17.79,0.0008823333333333334
Ta11,17.85,0.00113
Ta11,17.909999999999997,0.0014103333333333333
Ta11,17.97,0.001773
Ta11,18.03,0.0022313333333333334
Ta11,18.09,0.0027573333333333334
Ta11,18.15,0.0033523333333333335
Ta11,18.21,0.004123333333333333
Ta11,18.27,0.0048516666666666665
Ta11,18.33,0.005973
Ta11,18.39,0.0069893333333333335
Ta11,18.45,0.008220333333333333
Ta11,18.509999999999998,0.009673333333333334
Ta11,18.57,0.011194333333333334
Ta11,18.63,0.012862333333333333
Ta11,18.689999999999998,0.014583
Ta11,18.75,0.016505333333333334
Ta11,18.81,0.018545333333333334
Ta11,18.869999999999997,0.020574666666666668
Ta11,18.93,0.022631
Ta11,18.990000000000002,0.024830666666666668
Ta11,19.049999999999997,0.026922333333333333
Ta11,19.11,0.028819
Ta11,19.17,0.030710333333333333
Ta11,19.229999999999997,0.032571
Ta11,19.29,0.03380466666666666
Ta11,19.35,0.035341
Ta11,19.409999999999997,0.03629266666666667
Ta11,19.47,0.036987
Ta11,19.53,0.037408
Ta11,19.59,0.037394333333333335
Ta11,19.65,0.037119
Ta11,19.71,0.03650933333333333
Ta11,19.77,0.03581466666666667
Ta11,19.83,0.034529333333333335
Ta11,19.89,0.03285866666666667
Ta11,19.95,0.031484333333333336
Ta11,20.009999999999998,0.02969866666666667
Ta11,20.07,0.027491666666666668
Ta11,20.13,0.02563
Ta11,20.189999999999998,0.023381333333333334
Ta11,20.25,0.021260666666666667
Ta11,20.31,0.019097333333333334
Ta11,20.369999999999997,0.016999666666666666
Ta11,20.43,0.015110666666666666
Ta11,20.490000000000002,0.013152666666666667
Ta11,20.549999999999997,0.011380666666666667
Ta11,20.61,0.009739
Ta11,20.67,0.008395666666666666
Ta11,20.729999999999997,0.006942333333333333
Ta11,20.79,0.005857333333333333
Ta11,20.85,0.004834333333333334
Ta11,20.909999999999997,0.003947
Ta11,20.97,0.0031913333333333333
Ta11,21.03,0.002581
Ta11,21.089999999999996,0.0020296666666666666
Ta11,21.15,0.0016146666666666666
Ta11,21.21,0.0012883333333333334
Ta11,21.27,0.0009593333333333333
Ta11,21.33,0.0007606666666666667
Ta11,21.39,0.0005636666666666666
Ta11,21.45,0.000436
Ta11,21.509999999999998,0.00031633333333333334
Ta11,21.57,0.00022766666666666668
Ta11,21.63,0.000174
Ta11,21.689999999999998,0.00012866666666666666
Ta11,21.75,8.1e-05
Ta11,21.81,6.433333333333333e-05
Ta11,21.869999999999997,4.3e-05
Ta11,21.93,3e-05
Ta11,21.990000000000002,2.7333333333333335e-05
Ta11,22.049999999999997,1.1e-05
Ta11,22.11,8.333333333333334e-06
Ta11,22.17,6.666666666666667e-06
Ta11,22.229999999999997,4.333333333333333e-06
Ta11,22.29,2e-06
Ta11,22.35,1.6666666666666667e-06
Ta11,22.409999999999997,6.666666666666667e-07
Ta11,22.47,3.3333333333333335e-07
Ta11,22.53,3.3333333333333335e-07
Ta11,22.589999999999996,0.0
Ta11,22.65,3.3333333333333335e-07
Cu11,15.809999999999999,3.3333333333333335e-07
Cu11,15.87,0.0
Cu11,15.93,0.0
Cu11,15.989999999999998,6.666666666666667e-07
Cu11,16.049999999999997,1.6666666666666667e-06
Cu11,16.11,6.666666666666667e-07
Cu11,16.17,1e-06
Cu11,16.229999999999997,3.3333333333333333e-06
Cu11,16.29,4.666666666666666e-06
Cu11,16.35,4.333333333333333e-06
Cu11,16.409999999999997,7.666666666666667e-06
Cu11,16.47,9e-06
Cu11,16.53,1.7333333333333332e-05
Cu11,16.59,1.9333333333333333e-05
Cu11,16.65,2.5666666666666666e-05
Cu11,16.71,3.4666666666666665e-05
Cu11,16.77,4.566666666666667e-05
Cu11,16.83,6.366666666666666e-05
Cu11,16.89,9.433333333333333e-05
Cu11,16.95,0.00011033333333333334
Cu11,17.009999999999998,0.000151
Cu11,17.07,0.00018766666666666666
Cu11,17.13,0.00027833333333333334
Cu11,17.189999999999998,0.00034933333333333333
Cu11,17.25,0.00044133333333333335
Cu11,17.310000000000002,0.0005876666666666667
Cu11,17.369999999999997,0.000747
Cu11,17.43,0.0009416666666666667
Cu11,17.490000000000002,0.0011983333333333334
Cu11,17.549999999999997,0.0014903333333333333
Cu11,17.61,0.001875
Cu11,17.67,0.002335666666666667
Cu11,17.729999999999997,0.0028113333333333332
Cu11,17.79,0.003509
Cu11,17.85,0.004177333333333333
Cu11,17.909999999999997,0.004952333333333334
Cu11,17.97,0.0060086666666666665
Cu11,18.03,0.007109
Cu11,18.09,0.008226
Cu11,18.15,0.009612666666666667
Cu11,18.21,0.011193333333333333
Cu11,18.27,0.012676333333333333
Cu11,18.33,0.014434333333333334
Cu11,18.39,0.016169666666666666
Cu11,18.45,0.018302
Cu11,18.509999999999998,0.020161333333333333
Cu11,18.57,0.022099333333333332
Cu11,18.63,0.024336333333333335
Cu11,18.689999999999998,0.026332
Cu11,18.75,0.02798
Cu11,18.81,0.029941333333333334
Cu11,18.869999999999997,0.031683
Cu11,18.93,0.033139666666666664
Cu11,18.990000000000002,0.034374
Cu11,19.049999999999997,0.035509
Cu11,19.11,0.036160333333333336
Cu11,19.17,0.036581666666666665
Cu11,19.229999999999997,0.03669733333333333
Cu11,19.29,0.036507
Cu11,19.35,0.036149
Cu11,19.409999999999997,0.03521766666666667
Cu11,19.47,0.03430166666666667
Cu11,19.53,0.032958
Cu11,19.59,0.031368
Cu11,19.65,0.029750333333333333
Cu11,19.71,0.027793
Cu11,19.77,0.025982333333333333
Cu11,19.83,0.023891
Cu11,19.89,0.021723
Cu11,19.95,0.019770666666666666
Cu11,20.009999999999998,0.017697333333333332
Cu11,20.07,0.015705333333333335
Cu11,20.13,0.013884666666666667
Cu11,20.189999999999998,0.012045
Cu11,20.25,0.010422666666666667
Cu11,20.31,0.008953333333333334
Cu11,20.369999999999997,0.007615666666666666
Cu11,20.43,0.006390333333333333
Cu11,20.490000000000002,0.005343
Cu11,20.549999999999997,0.004430333333333333
Cu11,20.61,0.003576
Cu11,20.67,0.002916666666666667
Cu11,20.729999999999997,0.002348
Cu11,20.79,0.0018603333333333334
Cu11,20.85,0.0014733333333333334
Cu11,20.909999999999997,0.001175
Cu11,20.97,0.0008953333333333334
Cu11,21.03,0.000681
Cu11,21.089999999999996,0.000514
Cu11,21.15,0.000404
Cu11,21.21,0.0002953333333333333
Cu11,21.27,0.000217
Cu11,21.33,0.00016166666666666668
Cu11,21.39,0.00010866666666666666
Cu11,21.45,8.066666666666667e-05
Cu11,21.509999999999998,6.1e-05
Cu11,21.57,3.933333333333333e-05
Cu11,21.63,2.8666666666666668e-05
Cu11,21.689999999999998,2.5333333333333334e-05
Cu11,21.75,1.0666666666666667e-05
Cu11,21.81,8.666666666666666e-06
Cu11,21.869999999999997,5e-06
Cu11,21.93,4.666666666666666e-06
Cu11,21.990000000000002,2e-06
Cu11,22.049999999999997,1.6666666666666667e-06
Cu11,22.11,6.666666666666667e-07
Cu11,22.17,3.3333333333333335e-07
Cu11,22.229999999999997,3.3333333333333335e-07
Cu11,22.29,0.0
Cu11,22.35,3.3333333333333335e-07
Al_degrader_E8_E7,12.27,6.666666666666667e-08
Al_degrader_E8_E7,12.329999999999998,0.0
Al_degrader_E8_E7,12.39,0.0
Al_degrader_E8_E7,12.45,1.3333333333333334e-07
Al_degrader_E8_E7,12.51,0.0
Al_degrader_E8_E7,12.57,3.3333333333333335e-07
Al_degrader_E8_E7,12.629999999999999,1.3333333333333334e-07
Al_degrader_E8_E7,12.69,2e-07
Al_degrader_E8_E7,12.75,4e-07
Al_degrader_E8_E7,12.809999999999999,7.333333333333333e-07
Al_degrader_E8_E7,12.870000000000001,8.666666666666667e-07
Al_degrader_E8_E7,12.93,8e-07
Al_degrader_E8_E7,12.989999999999998,1.2666666666666667e-06
Al_degrader_E8_E7,13.05,1.4666666666666667e-06
Al_degrader_E8_E7,13.11,2.9333333333333333e-06
Al_degrader_E8_E7,13.169999999999998,2.8666666666666666e-06
Al_degrader_E8_E7,13.23,3.6666666666666666e-06
Al_degrader_E8_E7,13.29,4.866666666666667e-06
Al_degrader_E8_E7,13.35,6.133333333333334e-06
Al_degrader_E8_E7,13.41,8.066666666666667e-06
Al_degrader_E8_E7,13.469999999999999,1.12e-05
Al_degrader_E8_E7,13.53,1.3533333333333333e-05
Al_degrader_E8_E7,13.59,1.7466666666666667e-05
Al_degrader_E8_E7,13.649999999999999,2.2666666666666668e-05
Al_degrader_E8_E7,13.71,2.6333333333333334e-05
Al_degrader_E8_E7,13.77,3.366666666666667e-05
Al_degrader_E8_E7,13.829999999999998,4.88e-05
Al_degrader_E8_E7,13.89,5.626666666666667e-05
Al_degrader_E8_E7,13.95,7.053333333333333e-05
Al_degrader_E8_E7,14.009999999999998,8.96e-05
Al_degrader_E8_E7,14.07,0.0001096
Al_degrader_E8_E7,14.129999999999999,0.00013853333333333333
Al_degrader_E8_E7,14.19,0.00016926666666666667
Al_degrader_E8_E7,14.25,0.0002028
Al_degrader_E8_E7,14.309999999999999,0.00025026666666666666
Al_degrader_E8_E7,14.37,0.00030326666666666665
Al_degrader_E8_E7,14.43,0.0003762
Al_degrader_E8_E7,14.489999999999998,0.00044393333333333335
Al_degrader_E8_E7,14.55,0.0005280666666666666
Al_degrader_E8_E7,14.61,0.0006441333333333333
Al_degrader_E8_E7,14.669999999999998,0.0007562666666666667
Al_degrader_E8_E7,14.73,0.0008706666666666666
Al_degrader_E8_E7,14.79,0.0010454
Al_degrader_E8_E7,14.85,0.0012138666666666666
Al_degrader_E8_E7,14.91,0.0014319333333333334
Al_degrader_E8_E7,14.969999999999999,0.0016231333333333333
Al_degrader_E8_E7,15.03,0.0018763333333333334
Al_degrader_E8_E7,15.09,0.0021729333333333333
Al_degrader_E8_E7,15.149999999999999,0.0024741333333333335
Al_degrader_E8_E7,15.21,0.0027730666666666666
Al_degrader_E8_E7,15.27,0.0031274
Al_degrader_E8_E7,15.329999999999998,0.0035365333333333333
Al_degrader_E8_E7,15.39,0.0039738
Al_degrader_E8_E7,15.45,0.0043883333333333335
Al_degrader_E8_E7,15.509999999999998,0.0048334
Al_degrader_E8_E7,15.57,0.005374266666666666
Al_degrader_E8_E7,15.629999999999999,0.005914533333333334
Al_degrader_E8_E7,15.69,0.006421333333333334
Al_degrader_E8_E7,15.75,0.006945466666666666
Al_degrader_E8_E7,15.809999999999999,0.0075634
Al_degrader_E8_E7,15.87,0.0081496
Al_degrader_E8_E7,15.93,0.008734933333333333
Al_degrader_E8_E7,15.989999999999998,0.009281
Al_degrader_E8_E7,16.049999999999997,0.009952066666666667
Al_degrader_E8_E7,16.11,0.010536333333333333
Al_degrader_E8_E7,16.17,0.011090733333333333
Al_degrader_E8_E7,16.229999999999997,0.011627533333333334
Al_degrader_E8_E7,16.29,0.012275133333333334
Al_degrader_E8_E7,16.35,0.012760133333333333
Al_degrader_E8_E7,16.409999999999997,0.0132536
Al_degrader_E8_E7,16.47,0.013752933333333333
Al_degrader_E8_E7,16.53,0.014335666666666667
Al_degrader_E8_E7,16.59,0.014682
Al_degrader_E8_E7,16.65,0.01509
Al_degrader_E8_E7,16.71,0.015532733333333333
Al_degrader_E8_E7,16.77,0.015925266666666667
Al_degrader_E8_E7,16.83,0.016223533333333335
Al_degrader_E8_E7,16.89,0.016489133333333333
Al_degrader_E8_E7,16.95,0.0168472
Al_degrader_E8_E7,17.009999999999998,0.0170546
Al_degrader_E8_E7,17.07,0.0172746
Al_degrader_E8_E7,17.13,0.0174648
Al_degrader_E8_E7,17.189999999999998,0.017742
Al_degrader_E8_E7,17.25,0.017839533333333334
Al_degrader_E8_E7,17.310000000000002,0.0179414
Al_degrader_E8_E7,17.369999999999997,0.018140533333333334
Al_degrader_E8_E7,17.43,0.018243533333333332
Al_degrader_E8_E7,17.490000000000002,0.0183062
Al_degrader_E8_E7,17.549999999999997,0.018313133333333332
Al_degrader_E8_E7,17.61,0.018520866666666667
Al_degrader_E8_E7,17.67,0.018443733333333334
Al_degrader_E8_E7,17.729999999999997,0.018464666666666667
Al_degrader_E8_E7,17.79,0.018518866666666668
Al_degrader_E8_E7,17.85,0.018497866666666668
Al_degrader_E8_E7,17.909999999999997,0.018455666666666665
Al_degrader_E8_E7,17.97,0.018301333333333333
Al_degrader_E8_E7,18.03,0.0183328
Al_degrader_E8_E7,18.09,0.018157533333333333
Al_degrader_E8_E7,18.15,0.0179816
Al_degrader_E8_E7,18.21,0.0178584
Al_degrader_E8_E7,18.27,0.01761973333333333
Al_degrader_E8_E7,18.33,0.017364333333333332
Al_degrader_E8_E7,18.39,0.016975333333333332
Al_degrader_E8_E7,18.45,0.016774466666666668
Al_degrader_E8_E7,18.509999999999998,0.016309133333333333
Al_degrader_E8_E7,18.57,0.015882933333333335
Al_degrader_E8_E7,18.63,0.015414066666666667
Al_degrader_E8_E7,18.689999999999998,0.014916666666666667
Al_degrader_E8_E7,18.75,0.014327333333333333
Al_degrader_E8_E7,18.81,0.013682733333333334
Al_degrader_E8_E7,18.869999999999997,0.0131252
Al_degrader_E8_E7,18.93,0.012431733333333334
Al_degrader_E8_E7,18.990000000000002,0.011728866666666667
Al_degrader_E8_E7,19.049999999999997,0.011041133333333333
Al_degrader_E8_E7,19.11,0.0102864
Al_degrader_E8_E7,19.17,0.009559866666666667
Al_degrader_E8_E7,19.229999999999997,0.008823866666666666
Al_degrader_E8_E7,19.29,0.008108866666666667
Al_degrader_E8_E7,19.35,0.007387533333333333
Al_degrader_E8_E7,19.409999999999997,0.006681733333333334
Al_degrader_E8_E7,19.47,0.0060296
Al_degrader_E8_E7,19.53,0.005381733333333334
Al_degrader_E8_E7,19.59,0.004794733333333333
Al_degrader_E8_E7,19.65,0.004215866666666667
Al_degrader_E8_E7,19.71,0.0036874
Al_degrader_E8_E7,19.77,0.0032097333333333334
Al_degrader_E8_E7,19.83,0.0027454
Al_degrader_E8_E7,19.89,0.0023520666666666666
Al_degrader_E8_E7,19.95,0.0019959333333333332
Al_degrader_E8_E7,20.009999999999998,0.0016842
Al_degrader_E8_E7,20.07,0.0014085333333333334
Al_degrader_E8_E7,20.13,0.0011673333333333334
Al_degrader_E8_E7,20.189999999999998,0.0009512
Al_degrader_E8_E7,20.25,0.0007822
Al_degrader_E8_E7,20.31,0.0006227333333333334
Al_degrader_E8_E7,20.369999999999997,0.0005083333333333333
Al_degrader_E8_E7,20.43,0.0004004
Al_degrader_E8_E7,20.490000000000002,0.00031026666666666666
Al_degrader_E8_E7,20.549999999999997,0.0002514666666666667
Al_degrader_E8_E7,20.61,0.0001894
Al_degrader_E8_E7,20.67,0.00014613333333333333
Al_degrader_E8_E7,20.729999999999997,0.00011026666666666667
Al_degrader_E8_E7,20.79,8.613333333333333e-05
Al_degrader_E8_E7,20.85,6.16e-05
Al_degrader_E8_E7,20.909999999999997,4.786666666666667e-05
Al_degrader_E8_E7,20.97,3.5e-05
Al_degrader_E8_E7,21.03,2.3733333333333332e-05
Al_degrader_E8_E7,21.089999999999996,1.6666666666666667e-05
Al_degrader_E8_E7,21.15,1.3266666666666666e-05
Al_degrader_E8_E7,21.21,9.066666666666667e-06
Al_degrader_E8_E7,21.27,6.0666666666666665e-06
Al_degrader_E8_E7,21.33,5.4e-06
Al_degrader_E8_E7,21.39,2.6e-06
Al_degrader_E8_E7,21.45,1.933333333333333e-06
Al_degrader_E8_E7,21.509999999999998,1.0666666666666667e-06
Al_degrader_E8_E7,21.57,1e-06
Al_degrader_E8_E7,21.63,5.333333333333333e-07
Al_degrader_E8_E7,21.689999999999998,3.3333333333333335e-07
Al_degrader_E8_E7,21.75,1.3333333333333334e-07
Al_degrader_E8_E7,21.81,1.3333333333333334e-07
Al_degrader_E8_E7,21.869999999999997,6.666666666666667e-08
Al_degrader_E8_E7,21.93,0.0
Al_degrader_E8_E7,21.990000000000002,0.0
Al_degrader_E8_E7,22.049999999999997,6.666666666666667e-08
Ni12,11.669999999999998,3.3333333333333335e-07
Ni12,11.73,0.0
Ni12,11.79,0.0
Ni12,11.85,0.0
Ni12,11.91,6.666666666666667e-07
Ni12,11.969999999999999,1.6666666666666667e-06
Ni12,12.03,0.0
Ni12,12.09,6.666666666666667e-07
Ni12,12.149999999999999,2e-06
Ni12,12.21,2e-06
Ni12,12.27,4e-06
Ni12,12.329999999999998,4.333333333333333e-06
Ni12,12.39,4e-06
Ni12,12.45,6.333333333333333e-06
Ni12,12.51,7e-06
Ni12,12.57,1.7e-05
Ni12,12.629999999999999,1.4e-05
Ni12,12.69,1.6e-05
Ni12,12.75,2.4333333333333333e-05
Ni12,12.809999999999999,2.9e-05
Ni12,12.870000000000001,3.933333333333333e-05
Ni12,12.93,5.266666666666667e-05
Ni12,12.989999999999998,6e-05
Ni12,13.05,8.666666666666667e-05
Ni12,13.11,9.466666666666667e-05
Ni12,13.169999999999998,0.00012166666666666667
Ni12,13.23,0.00015533333333333333
Ni12,13.29,0.000209
Ni12,13.35,0.000254
Ni12,13.41,0.000315
Ni12,13.469999999999999,0.00038866666666666666
Ni12,13.53,0.00047
Ni12,13.59,0.000609
Ni12,13.649999999999999,0.000724
Ni12,13.71,0.0008513333333333333
Ni12,13.77,0.0010576666666666666
Ni12,13.829999999999998,0.001269
Ni12,13.89,0.0015416666666666667
Ni12,13.95,0.0018463333333333333
Ni12,14.009999999999998,0.0021793333333333335
Ni12,14.07,0.0026013333333333335
Ni12,14.129999999999999,0.003071
Ni12,14.19,0.0035176666666666668
Ni12,14.25,0.004116333333333333
Ni12,14.309999999999999,0.004797333333333333
Ni12,14.37,0.005547666666666667
Ni12,14.43,0.0063753333333333335
Ni12,14.489999999999998,0.007184333333333333
Ni12,14.55,0.008219333333333334
Ni12,14.61,0.009334
Ni12,14.669999999999998,0.010402333333333333
Ni12,14.73,0.011526666666666666
Ni12,14.79,0.012817666666666666
Ni12,14.85,0.014198
Ni12,14.91,0.015671
Ni12,14.969999999999999,0.0171
Ni12,15.03,0.018291666666666668
Ni12,15.09,0.019968
Ni12,15.149999999999999,0.021521333333333333
Ni12,15.21,0.022891
Ni12,15.27,0.02401266666666667
Ni12,15.329999999999998,0.025505666666666666
Ni12,15.39,0.026799333333333335
Ni12,15.45,0.02789
Ni12,15.509999999999998,0.028769333333333334
Ni12,15.57,0.029758
Ni12,15.629999999999999,0.030505666666666667
Ni12,15.69,0.030931666666666666
Ni12,15.75,0.031129666666666667
Ni12,15.809999999999999,0.031344
Ni12,15.87,0.031306
Ni12,15.93,0.031126666666666667
Ni12,15.989999999999998,0.030488666666666667
Ni12,16.049999999999997,0.030066666666666665
Ni12,16.11,0.029307
Ni12,16.17,0.02818266666666667
Ni12,16.229999999999997,0.027061333333333333
Ni12,16.29,0.026088
Ni12,16.35,0.024588333333333334
Ni12,16.409999999999997,0.023210666666666668
Ni12,16.47,0.021717666666666666
Ni12,16.53,0.020298
Ni12,16.59,0.018722
Ni12,16.65,0.017222
Ni12,16.71,0.015694666666666666
Ni12,16.77,0.014192333333333333
Ni12,16.83,0.012811666666666667
Ni12,16.89,0.011447
Ni12,16.95,0.010098333333333334
Ni12,17.009999999999998,0.008897333333333333
Ni12,17.07,0.007817666666666667
Ni12,17.13,0.006802333333333333
Ni12,17.189999999999998,0.005835333333333333
Ni12,17.25,0.004997333333333334
Ni12,17.310000000000002,0.004296
Ni12,17.369999999999997,0.003557
Ni12,17.43,0.003037666666666667
Ni12,17.490000000000002,0.002489
Ni12,17.549999999999997,0.002096666666666667
Ni12,17.61,0.001689
Ni12,17.67,0.0013926666666666666
Ni12,17.729999999999997,0.001125
Ni12,17.79,0.0009103333333333333
Ni12,17.85,0.0007253333333333334
Ni12,17.909999999999997,0.0005603333333333334
Ni12,17.97,0.0004476666666666667
Ni12,18.03,0.0003533333333333333
Ni12,18.09,0.0002686666666666667
Ni12,18.15,0.000206
Ni12,18.21,0.00016866666666666666
Ni12,18.27,0.00011433333333333334
Ni12,18.33,8.033333333333334e-05
Ni12,18.39,7.033333333333334e-05
Ni12,18.45,5.2e-05
Ni12,18.509999999999998,3.433333333333333e-05
Ni12,18.57,2.5666666666666666e-05
Ni12,18.63,2.3666666666666668e-05
Ni12,18.689999999999998,1.3333333333333333e-05
Ni12,18.75,6.666666666666667e-06
Ni12,18.81,6e-06
Ni12,18.869999999999997,5.333333333333334e-06
Ni12,18.93,3.3333333333333333e-06
Ni12,18.990000000000002,2e-06
Ni12,19.049999999999997,1e-06
Ni12,19.11,1e-06
Ni12,19.17,3.3333333333333335e-07
Ni12,19.229999999999997,3.3333333333333335e-07
Ni12,19.29,0.0
Ni12,19.35,0.0
Ni12,19.409999999999997,3.3333333333333335e-07
Sn12,11.55,3.3333333333333335e-07
Sn12,11.61,3.3333333333333335e-07
Sn12,11.669999999999998,3.3333333333333335e-07
Sn12,11.73,6.666666666666667e-07
Sn12,11.79,3.3333333333333335e-07
Sn12,11.85,1.6666666666666667e-06
Sn12,11.91,2.666666666666667e-06
Sn12,11.969999999999999,3e-06
Sn12,12.03,1.6666666666666667e-06
Sn12,12.09,3.3333333333333333e-06
Sn12,12.149999999999999,8.333333333333334e-06
Sn12,12.21,9e-06
Sn12,12.27,9e-06
Sn12,12.329999999999998,1.2e-05
Sn12,12.39,1.5e-05
Sn12,12.45,2.1666666666666667e-05
Sn12,12.51,2.7333333333333335e-05
Sn12,12.57,3.733333333333333e-05
Sn12,12.629999999999999,4.0333333333333336e-05
Sn12,12.69,5.1e-05
Sn12,12.75,7.166666666666667e-05
Sn12,12.809999999999999,8.233333333333333e-05
Sn12,12.870000000000001,0.00011866666666666667
Sn12,12.93,0.00015066666666666668
Sn12,12.989999999999998,0.000174
Sn12,13.05,0.00021633333333333332
Sn12,13.11,0.00025466666666666666
Sn12,13.169999999999998,0.00034
Sn12,13.23,0.00043566666666666667
Sn12,13.29,0.0005353333333333333
Sn12,13.35,0.000671
Sn12,13.41,0.0008106666666666667
Sn12,13.469999999999999,0.000975
Sn12,13.53,0.0011886666666666666
Sn12,13.59,0.0014373333333333334
Sn12,13.649999999999999,0.0016926666666666668
Sn12,13.71,0.0019963333333333335
Sn12,13.77,0.002422333333333333
Sn12,13.829999999999998,0.002861666666666667
Sn12,13.89,0.0034103333333333334
Sn12,13.95,0.00399
Sn12,14.009999999999998,0.004671
Sn12,14.07,0.005319
Sn12,14.129999999999999,0.006129333333333333
Sn12,14.19,0.006958333333333334
Sn12,14.25,0.008019
Sn12,14.309999999999999,0.009128666666666667
Sn12,14.37,0.010234333333333333
Sn12,14.43,0.011435333333333334
Sn12,14.489999999999998,0.012856
Sn12,14.55,0.014137666666666666
Sn12,14.61,0.015555666666666667
Sn12,14.669999999999998,0.016893666666666668
Sn12,14.73,0.018461666666666668
Sn12,14.79,0.020023333333333334
Sn12,14.85,0.021606666666666666
Sn12,14.91,0.023005666666666667
Sn12,14.969999999999999,0.024471666666666666
Sn12,15.03,0.025904666666666666
Sn12,15.09,0.027223333333333332
Sn12,15.149999999999999,0.028365666666666668
Sn12,15.21,0.029277666666666667
Sn12,15.27,0.030117666666666668
Sn12,15.329999999999998,0.030868333333333334
Sn12,15.39,0.031438
Sn12,15.45,0.03176966666666667
Sn12,15.509999999999998,0.03203633333333333
Sn12,15.57,0.03197933333333333
Sn12,15.629999999999999,0.031631
Sn12,15.69,0.031017
Sn12,15.75,0.030281666666666665
Sn12,15.809999999999999,0.02943633333333333
Sn12,15.87,0.028456333333333333
Sn12,15.93,0.027404333333333333
Sn12,15.989999999999998,0.026148666666666667
Sn12,16.049999999999997,0.024845666666666665
Sn12,16.11,0.023297
Sn12,16.17,0.021776
Sn12,16.229999999999997,0.020269666666666665
Sn12,16.29,0.018698
Sn12,16.35,0.017012
Sn12,16.409999999999997,0.015451666666666667
Sn12,16.47,0.013934333333333333
Sn12,16.53,0.012510333333333333
Sn12,16.59,0.011165666666666667
Sn12,16.65,0.009804333333333333
Sn12,16.71,0.008645666666666666
Sn12,16.77,0.007527333333333333
Sn12,16.83,0.006521666666666667
Sn12,16.89,0.005575
Sn12,16.95,0.004766
Sn12,17.009999999999998,0.004005333333333333
Sn12,17.07,0.0033696666666666666
Sn12,17.13,0.002792
Sn12,17.189999999999998,0.002341
Sn12,17.25,0.0019006666666666666
Sn12,17.310000000000002,0.0015613333333333334
Sn12,17.369999999999997,0.001243
Sn12,17.43,0.001023
Sn12,17.490000000000002,0.000815
Sn12,17.549999999999997,0.000653
Sn12,17.61,0.000523
Sn12,17.67,0.0004063333333333333
Sn12,17.729999999999997,0.00031233333333333335
Sn12,17.79,0.000227
Sn12,17.85,0.00016866666666666666
Sn12,17.909999999999997,0.00012966666666666666
Sn12,17.97,0.00010266666666666666
Sn12,18.03,7.5e-05
Sn12,18.09,6.2e-05
Sn12,18.15,4.6e-05
Sn12,18.21,3.3333333333333335e-05
Sn12,18.27,1.8666666666666665e-05
Sn12,18.33,1.3333333333333333e-05
Sn12,18.39,1.0666666666666667e-05
Sn12,18.45,9e-06
Sn12,18.509999999999998,6e-06
Sn12,18.57,3e-06
Sn12,18.63,2.666666666666667e-06
Sn12,18.689999999999998,1.3333333333333334e-06
Sn12,18.75,3.3333333333333335e-07
Sn12,18.81,0.0
Sn12,18.869999999999997,3.3333333333333335e-07
Sn12,18.93,3.3333333333333335e-07
Sn12,18.990000000000002,3.3333333333333335e-07
Ta12,11.07,3.3333333333333335e-07
Ta12,11.129999999999999,0.0
Ta12,11.19,0.0
Ta12,11.25,6.666666666666667e-07
Ta12,11.309999999999999,3.3333333333333335e-07
Ta12,11.370000000000001,1.3333333333333334e-06
Ta12,11.43,6.666666666666667e-07
Ta12,11.489999999999998,1.3333333333333334e-06
Ta12,11.55,1.3333333333333334e-06
Ta12,11.61,3e-06
Ta12,11.669999999999998,5.333333333333334e-06
Ta12,11.73,4e-06
Ta12,11.79,3.6666666666666666e-06
Ta12,11.85,8.666666666666666e-06
Ta12,11.91,1e-05
Ta12,11.969999999999999,1.3e-05
Ta12,12.03,1.7e-05
Ta12,12.09,1.6666666666666667e-05
Ta12,12.149999999999999,2.966666666666667e-05
Ta12,12.21,3e-05
Ta12,12.27,3.933333333333333e-05
Ta12,12.329999999999998,5.5333333333333334e-05
Ta12,12.39,6.0666666666666666e-05
Ta12,12.45,9.7e-05
Ta12,12.51,9.433333333333333e-05
Ta12,12.57,0.00012533333333333334
Ta12,12.629999999999999,0.000156
Ta12,12.69,0.00020233333333333334
Ta12,12.75,0.00026333333333333336
Ta12,12.809999999999999,0.000292
Ta12,12.870000000000001,0.000397
Ta12,12.93,0.00047733333333333335
Ta12,12.989999999999998,0.0005733333333333334
Ta12,13.05,0.0006953333333333333
Ta12,13.11,0.0008703333333333333
Ta12,13.169999999999998,0.001006
Ta12,13.23,0.001241
Ta12,13.29,0.0014563333333333334
Ta12,13.35,0.0017826666666666668
Ta12,13.41,0.0020916666666666666
Ta12,13.469999999999999,0.002438
Ta12,13.53,0.0029733333333333335
Ta12,13.59,0.0033766666666666667
Ta12,13.649999999999999,0.00389
Ta12,13.71,0.004518333333333333
Ta12,13.77,0.00532
Ta12,13.829999999999998,0.005986666666666667
Ta12,13.89,0.006822
Ta12,13.95,0.007800666666666667
Ta12,14.009999999999998,0.008745333333333334
Ta12,14.07,0.009886
Ta12,14.129999999999999,0.010937
Ta12,14.19,0.01213
Ta12,14.25,0.013468333333333334
Ta12,14.309999999999999,0.014833666666666667
Ta12,14.37,0.01611133333333333
Ta12,14.43,0.017586333333333332
Ta12,14.489999999999998,0.018941666666666666
Ta12,14.55,0.020403666666666667
Ta12,14.61,0.021861
Ta12,14.669999999999998,0.023096333333333333
Ta12,14.73,0.024421666666666668
Ta12,14.79,0.025814666666666666
Ta12,14.85,0.026925333333333332
Ta12,14.91,0.027733666666666667
Ta12,14.969999999999999,0.028853666666666666
Ta12,15.03,0.029587333333333334
Ta12,15.09,0.030334
Ta12,15.149999999999999,0.030554333333333333
Ta12,15.21,0.030897333333333332
Ta12,15.27,0.030908666666666668
Ta12,15.329999999999998,0.030739
Ta12,15.39,0.030561
Ta12,15.45,0.029912
Ta12,15.509999999999998,0.029519666666666666
Ta12,15.57,0.028548333333333332
Ta12,15.629999999999999,0.027444
Ta12,15.69,0.026491666666666667
Ta12,15.75,0.025316333333333333
Ta12,15.809999999999999,0.023931666666666667
Ta12,15.87,0.022530666666666668
Ta12,15.93,0.021341333333333334
Ta12,15.989999999999998,0.019677333333333335
Ta12,16.049999999999997,0.018181
Ta12,16.11,0.016746333333333332
Ta12,16.17,0.015275666666666667
Ta12,16.229999999999997,0.013788666666666666
Ta12,16.29,0.012460666666666667
Ta12,16.35,0.011122333333333333
Ta12,16.409999999999997,0.009825333333333333
Ta12,16.47,0.008721666666666667
Ta12,16.53,0.007644666666666667
Ta12,16.59,0.006639
Ta12,16.65,0.005699333333333333
Ta12,16.71,0.004939666666666667
Ta12,16.77,0.004210666666666666
Ta12,16.83,0.0035533333333333333
Ta12,16.89,0.0029546666666666666
Ta12,16.95,0.002497333333333333
Ta12,17.009999999999998,0.002070666666666667
Ta12,17.07,0.0016663333333333333
Ta12,17.13,0.001398
Ta12,17.189999999999998,0.0011453333333333333
Ta12,17.25,0.0008873333333333333
Ta12,17.310000000000002,0.000749
Ta12,17.369999999999997,0.0005756666666666667
Ta12,17.43,0.00045433333333333334
Ta12,17.490000000000002,0.00036833333333333336
Ta12,17.549999999999997,0.0002736666666666667
Ta12,17.61,0.000216
Ta12,17.67,0.00016766666666666666
Ta12,17.729999999999997,0.00012633333333333333
Ta12,17.79,8.433333333333333e-05
Ta12,17.85,7.166666666666667e-05
Ta12,17.909999999999997,5.466666666666667e-05
Ta12,17.97,3.8333333333333334e-05
Ta12,18.03,2.7333333333333335e-05
Ta12,18.09,2.5333333333333334e-05
Ta12,18.15,1.3666666666666667e-05
Ta12,18.21,1e-05
Ta12,18.27,7.333333333333333e-06
Ta12,18.33,5.333333333333334e-06
Ta12,18.39,3.3333333333333333e-06
Ta12,18.45,2.333333333333333e-06
Ta12,18.509999999999998,1.3333333333333334e-06
Ta12,18.57,1e-06
Ta12,18.63,6.666666666666667e-07
Ta12,18.689999999999998,0.0
Ta12,18.75,3.3333333333333335e-07
Ta12,18.81,0.0
Ta12,18.869999999999997,3.3333333333333335e-07
Cu12,10.469999999999999,3.3333333333333335e-07
Cu12,10.53,0.0
Cu12,10.59,0.0
Cu12,10.649999999999999,0.0
Cu12,10.71,6.666666666666667e-07
Cu12,10.77,6.666666666666667e-07
Cu12,10.829999999999998,1e-06
Cu12,10.89,6.666666666666667e-07
Cu12,10.95,1e-06
Cu12,11.01,1.6666666666666667e-06
Cu12,11.07,3e-06
Cu12,11.129999999999999,5.333333333333334e-06
Cu12,11.19,2.333333333333333e-06
Cu12,11.25,5e-06
Cu12,11.309999999999999,7.666666666666667e-06
Cu12,11.370000000000001,6.333333333333333e-06
Cu12,11.43,1.4666666666666666e-05
Cu12,11.489999999999998,1.4666666666666666e-05
Cu12,11.55,1.5666666666666667e-05
Cu12,11.61,2.1333333333333335e-05
Cu12,11.669999999999998,3e-05
Cu12,11.73,3.1666666666666666e-05
Cu12,11.79,4.8333333333333334e-05
Cu12,11.85,5.333333333333333e-05
Cu12,11.91,7.566666666666667e-05
Cu12,11.969999999999999,8.9e-05
Cu12,12.03,0.00010766666666666666
Cu12,12.09,0.000119
Cu12,12.149999999999999,0.00017166666666666667
Cu12,12.21,0.00021166666666666667
Cu12,12.27,0.00025266666666666666
Cu12,12.329999999999998,0.00031433333333333335
Cu12,12.39,0.000385
Cu12,12.45,0.0004766666666666667
Cu12,12.51,0.000573
Cu12,12.57,0.0006863333333333333
Cu12,12.629999999999999,0.0008346666666666667
Cu12,12.69,0.0009773333333333333
Cu12,12.75,0.0012
Cu12,12.809999999999999,0.0014076666666666667
Cu12,12.870000000000001,0.0017166666666666667
Cu12,12.93,0.001987
Cu12,12.989999999999998,0.002313
Cu12,13.05,0.0027526666666666667
Cu12,13.11,0.003222
Cu12,13.169999999999998,0.0036116666666666667
Cu12,13.23,0.004224333333333333
Cu12,13.29,0.004929
Cu12,13.35,0.005581333333333333
Cu12,13.41,0.006347666666666666
Cu12,13.469999999999999,0.0071393333333333335
Cu12,13.53,0.008158666666666666
Cu12,13.59,0.009120666666666666
Cu12,13.649999999999999,0.010104666666666666
Cu12,13.71,0.0112
Cu12,13.77,0.012376
Cu12,13.829999999999998,0.013643666666666667
Cu12,13.89,0.014944333333333334
Cu12,13.95,0.016222
Cu12,14.009999999999998,0.017473
Cu12,14.07,0.018943333333333333
Cu12,14.129999999999999,0.020245333333333334
Cu12,14.19,0.021665666666666666
Cu12,14.25,0.022753
Cu12,14.309999999999999,0.024020666666666666
Cu12,14.37,0.025305666666666667
Cu12,14.43,0.026350666666666668
Cu12,14.489999999999998,0.027250333333333335
Cu12,14.55,0.028183333333333335
Cu12,14.61,0.028863
Cu12,14.669999999999998,0.029485666666666667
Cu12,14.73,0.029866666666666666
Cu12,14.79,0.030011333333333334
Cu12,14.85,0.030123666666666667
Cu12,14.91,0.029933666666666667
Cu12,14.969999999999999,0.029854333333333333
Cu12,15.03,0.029190666666666667
Cu12,15.09,0.028948666666666668
Cu12,15.149999999999999,0.027945333333333332
Cu12,15.21,0.027032
Cu12,15.27,0.025952666666666666
Cu12,15.329999999999998,0.024993333333333333
Cu12,15.39,0.023755
Cu12,15.45,0.022393666666666666
Cu12,15.509999999999998,0.021132
Cu12,15.57,0.019723
Cu12,15.629999999999999,0.018174
Cu12,15.69,0.016898
Cu12,15.75,0.015477666666666667
Cu12,15.809999999999999,0.014010666666666666
Cu12,15.87,0.012783
Cu12,15.93,0.011476666666666666
Cu12,15.989999999999998,0.010201
Cu12,16.049999999999997,0.009024666666666667
Cu12,16.11,0.007989
Cu12,16.17,0.007018666666666667
Cu12,16.229999999999997,0.006081
Cu12,16.29,0.005279666666666667
Cu12,16.35,0.0045386666666666665
Cu12,16.409999999999997,0.003849
Cu12,16.47,0.003239333333333333
Cu12,16.53,0.0027376666666666665
Cu12,16.59,0.0023193333333333334
Cu12,16.65,0.0019046666666666667
Cu12,16.71,0.001558
Cu12,16.77,0.001305
Cu12,16.83,0.00107
Cu12,16.89,0.0008243333333333334
Cu12,16.95,0.000698
Cu12,17.009999999999998,0.0005366666666666666
Cu12,17.07,0.000425
Cu12,17.13,0.00035266666666666666
Cu12,17.189999999999998,0.000254
Cu12,17.25,0.000211
Cu12,17.310000000000002,0.00016233333333333334
Cu12,17.369999999999997,0.00012266666666666668
Cu12,17.43,8.166666666666667e-05
Cu12,17.490000000000002,6.933333333333333e-05
Cu12,17.549999999999997,5.333333333333333e-05
Cu12,17.61,3.933333333333333e-05
Cu12,17.67,2.4333333333333333e-05
Cu12,17.729999999999997,2.4666666666666665e-05
Cu12,17.79,1.5666666666666667e-05
Cu12,17.85,9e-06
Cu12,17.909999999999997,7.333333333333333e-06
Cu12,17.97,4.333333333333333e-06
Cu12,18.03,4e-06
Cu12,18.09,2.333333333333333e-06
Cu12,18.15,2e-06
Cu12,18.21,1e-06
Cu12,18.27,3.3333333333333335e-07
Cu12,18.33,3.3333333333333335e-07
Cu12,18.39,3.3333333333333335e-07
Cu12,18.45,0.0
Cu12,18.509999999999998,0.0
Cu12,18.57,3.3333333333333335e-07
Al_degrader_E9,8.01,8.333333333333334e-08
Al_degrader_E9,8.07,0.0
Al_degrader_E9,8.129999999999999,0.0
Al_degrader_E9,8.19,0.0
Al_degrader_E9,8.25,8.333333333333334e-08
Al_degrader_E9,8.309999999999999,1.6666666666666668e-07
Al_degrader_E9,8.370000000000001,0.0
Al_degrader_E9,8.43,3.3333333333333335e-07
Al_degrader_E9,8.489999999999998,8.333333333333334e-08
Al_degrader_E9,8.55,3.3333333333333335e-07
Al_degrader_E9,8.61,3.3333333333333335e-07
Al_degrader_E9,8.67,5e-07
Al_degrader_E9,8.73,4.1666666666666667e-07
Al_degrader_E9,8.79,9.166666666666666e-07
Al_degrader_E9,8.85,1.3333333333333334e-06
Al_degrader_E9,8.91,9.166666666666666e-07
Al_degrader_E9,8.969999999999999,1.5e-06
Al_degrader_E9,9.030000000000001,2.25e-06
Al_degrader_E9,9.09,1.8333333333333333e-06
Al_degrader_E9,9.149999999999999,2.9166666666666666e-06
Al_degrader_E9,9.21,3.6666666666666666e-06
Al_degrader_E9,9.27,5e-06
Al_degrader_E9,9.329999999999998,4.083333333333333e-06
Al_degrader_E9,9.39,6.4166666666666665e-06
Al_degrader_E9,9.45,8e-06
Al_degrader_E9,9.51,9e-06
Al_degrader_E9,9.57,1.1583333333333333e-05
Al_degrader_E9,9.629999999999999,1.4166666666666666e-05
Al_degrader_E9,9.69,1.775e-05
Al_degrader_E9,9.75,2.15e-05
Al_degrader_E9,9.809999999999999,2.6583333333333333e-05
Al_degrader_E9,9.870000000000001,2.966666666666667e-05
Al_degrader_E9,9.93,3.616666666666667e-05
Al_degrader_E9,9.989999999999998,4.458333333333333e-05
Al_degrader_E9,10.05,5.466666666666667e-05
Al_degrader_E9,10.11,6.55e-05
Al_degrader_E9,10.169999999999998,7.8e-05
Al_degrader_E9,10.23,9.625e-05
Al_degrader_E9,10.29,0.00011533333333333334
Al_degrader_E9,10.35,0.00013258333333333332
Al_degrader_E9,10.41,0.00016416666666666665
Al_degrader_E9,10.469999999999999,0.00019333333333333333
Al_degrader_E9,10.53,0.00023291666666666667
Al_degrader_E9,10.59,0.00026233333333333333
Al_degrader_E9,10.649999999999999,0.0003185833333333333
Al_degrader_E9,10.71,0.00037425
Al_degrader_E9,10.77,0.0004316666666666667
Al_degrader_E9,10.829999999999998,0.0005163333333333334
Al_degrader_E9,10.89,0.0006068333333333334
Al_degrader_E9,10.95,0.0006820833333333334
Al_degrader_E9,11.01,0.0008090833333333333
Al_degrader_E9,11.07,0.0009441666666666666
Al_degrader_E9,11.129999999999999,0.0010786666666666666
Al_degrader_E9,11.19,0.0012085833333333334
Al_degrader_E9,11.25,0.0014236666666666666
Al_degrader_E9,11.309999999999999,0.0016215833333333334
Al_degrader_E9,11.370000000000001,0.001811
Al_degrader_E9,11.43,0.002091833333333333
Al_degrader_E9,11.489999999999998,0.0023740833333333335
Al_degrader_E9,11.55,0.0026184166666666665
Al_degrader_E9,11.61,0.00300075
Al_degrader_E9,11.669999999999998,0.0033720833333333333
Al_degrader_E9,11.73,0.003681166666666667
Al_degrader_E9,11.79,0.004184916666666667
Al_degrader_E9,11.85,0.004613583333333333
Al_degrader_E9,11.91,0.0050434166666666665
Al_degrader_E9,11.969999999999999,0.005640833333333334
Al_degrader_E9,12.03,0.006189083333333334
Al_degrader_E9,12.09,0.0067055
Al_degrader_E9,12.149999999999999,0.007374416666666666
Al_degrader_E9,12.21,0.008061166666666666
Al_degrader_E9,12.27,0.008667166666666667
Al_degrader_E9,12.329999999999998,0.009420666666666667
Al_degrader_E9,12.39,0.0101665
Al_degrader_E9,12.45,0.010841583333333333
Al_degrader_E9,12.51,0.011672916666666667
Al_degrader_E9,12.57,0.012431333333333334
Al_degrader_E9,12.629999999999999,0.01318325
Al_degrader_E9,12.69,0.01405075
Al_degrader_E9,12.75,0.014831416666666666
Al_degrader_E9,12.809999999999999,0.0155835
Al_degrader_E9,12.870000000000001,0.016422166666666668
Al_degrader_E9,12.93,0.017190833333333332
Al_degrader_E9,12.989999999999998,0.01789375
Al_degrader_E9,13.05,0.018609666666666667
Al_degrader_E9,13.11,0.01936425
Al_degrader_E9,13.169999999999998,0.019972416666666666
Al_degrader_E9,13.23,0.02055375
Al_degrader_E9,13.29,0.021170583333333333
Al_degrader_E9,13.35,0.0216755
Al_degrader_E9,13.41,0.022161666666666666
Al_degrader_E9,13.469999999999999,0.022494083333333335
Al_degrader_E9,13.53,0.02287475
Al_degrader_E9,13.59,0.023139083333333334
Al_degrader_E9,13.649999999999999,0.0233155
Al_degrader_E9,13.71,0.023430083333333334
Al_degrader_E9,13.77,0.023466166666666666
Al_degrader_E9,13.829999999999998,0.023484333333333333
Al_degrader_E9,13.89,0.023284083333333334
Al_degrader_E9,13.95,0.02316525
Al_degrader_E9,14.009999999999998,0.022906583333333334
Al_degrader_E9,14.07,0.0225765
Al_degrader_E9,14.129999999999999,0.0220825
Al_degrader_E9,14.19,0.021651416666666666
Al_degrader_E9,14.25,0.02108958333333333
Al_degrader_E9,14.309999999999999,0.020455166666666667
Al_degrader_E9,14.37,0.0197985
Al_degrader_E9,14.43,0.019071166666666667
Al_degrader_E9,14.489999999999998,0.0183495
Al_degrader_E9,14.55,0.01753825
Al_degrader_E9,14.61,0.016619333333333333
Al_degrader_E9,14.669999999999998,0.015806833333333332
Al_degrader_E9,14.73,0.0149
Al_degrader_E9,14.79,0.013994583333333333
Al_degrader_E9,14.85,0.013123833333333333
Al_degrader_E9,14.91,0.012178583333333333
Al_degrader_E9,14.969999999999999,0.011370916666666666
Al_degrader_E9,15.03,0.010454083333333333
Al_degrader_E9,15.09,0.009579166666666666
Al_degrader_E9,15.149999999999999,0.008808833333333333
Al_degrader_E9,15.21,0.0079755
Al_degrader_E9,15.27,0.007248083333333333
Al_degrader_E9,15.329999999999998,0.006536333333333333
Al_degrader_E9,15.39,0.005802666666666667
Al_degrader_E9,15.45,0.005193583333333333
Al_degrader_E9,15.509999999999998,0.004601333333333333
Al_degrader_E9,15.57,0.004055583333333333
Al_degrader_E9,15.629999999999999,0.003563
Al_degrader_E9,15.69,0.0030865
Al_degrader_E9,15.75,0.00268225
Al_degrader_E9,15.809999999999999,0.0023034166666666667
Al_degrader_E9,15.87,0.0019941666666666667
Al_degrader_E9,15.93,0.0016914166666666666
Al_degrader_E9,15.989999999999998,0.00142725
Al_degrader_E9,16.049999999999997,0.0011965833333333334
Al_degrader_E9,16.11,0.0009988333333333333
Al_degrader_E9,16.17,0.0008464166666666666
Al_degrader_E9,16.229999999999997,0.000685
Al_degrader_E9,16.29,0.00057375
Al_degrader_E9,16.35,0.00045525
Al_degrader_E9,16.409999999999997,0.0003851666666666667
Al_degrader_E9,16.47,0.00029908333333333333
Al_degrader_E9,16.53,0.00024383333333333334
Al_degrader_E9,16.59,0.00019216666666666666
Al_degrader_E9,16.65,0.00015533333333333333
Al_degrader_E9,16.71,0.00011908333333333333
Al_degrader_E9,16.77,9.625e-05
Al_degrader_E9,16.83,7.4e-05
Al_degrader_E9,16.89,5.3666666666666666e-05
Al_degrader_E9,16.95,4.5583333333333335e-05
Al_degrader_E9,17.009999999999998,2.9083333333333333e-05
Al_degrader_E9,17.07,2.5166666666666667e-05
Al_degrader_E9,17.13,1.7083333333333333e-05
Al_degrader_E9,17.189999999999998,1.4416666666666667e-05
Al_degrader_E9,17.25,1.1166666666666666e-05
Al_degrader_E9,17.310000000000002,6.5e-06
Al_degrader_E9,17.369999999999997,7.166666666666667e-06
Al_degrader_E9,17.43,2.75e-06
Al_degrader_E9,17.490000000000002,2.75e-06
Al_degrader_E9,17.549999999999997,1.5e-06
Al_degrader_E9,17.61,1.4166666666666667e-06
Al_degrader_E9,17.67,1.0833333333333333e-06
Al_degrader_E9,17.729999999999997,5e-07
Al_degrader_E9,17.79,4.1666666666666667e-07
Al_degrader_E9,17.85,2.5e-07
Al_degrader_E9,17.909999999999997,1.6666666666666668e-07
Al_degrader_E9,17.97,0.0
Al_degrader_E9,18.03,8.333333333333334e-08
Al_degrader_E9,18.09,0.0
Al_degrader_E9,18.15,8.333333333333334e-08
Ni13,7.2299999999999995,2e-07
Ni13,7.289999999999999,0.0
Ni13,7.35,0.0
Ni13,7.41,2e-07
Ni13,7.47,0.0
Ni13,7.529999999999999,4e-07
Ni13,7.59,2e-07
Ni13,7.65,8e-07
Ni13,7.709999999999999,4e-07
Ni13,7.77,4e-07
Ni13,7.83,1.6e-06
Ni13,7.89,6e-07
Ni13,7.949999999999999,1.6e-06
Ni13,8.01,1.8e-06
Ni13,8.07,3.6e-06
Ni13,8.129999999999999,2.2e-06
Ni13,8.19,2.2e-06
Ni13,8.25,6e-06
Ni13,8.309999999999999,4.2e-06
Ni13,8.370000000000001,4.2e-06
Ni13,8.43,1.1e-05
Ni13,8.489999999999998,8.2e-06
Ni13,8.55,1.04e-05
Ni13,8.61,1.44e-05
Ni13,8.67,1.64e-05
Ni13,8.73,1.8e-05
Ni13,8.79,2.26e-05
Ni13,8.85,2.96e-05
Ni13,8.91,3.58e-05
Ni13,8.969999999999999,3.74e-05
Ni13,9.030000000000001,5.42e-05
Ni13,9.09,6.16e-05
Ni13,9.149999999999999,6.74e-05
Ni13,9.21,8.84e-05
Ni13,9.27,9.94e-05
Ni13,9.329999999999998,0.0001134
Ni13,9.39,0.000152
Ni13,9.45,0.0001748
Ni13,9.51,0.0002024
Ni13,9.57,0.000253
Ni13,9.629999999999999,0.0002948
Ni13,9.69,0.0003384
Ni13,9.75,0.000418
Ni13,9.809999999999999,0.00048
Ni13,9.870000000000001,0.000571
Ni13,9.93,0.000654
Ni13,9.989999999999998,0.000772
Ni13,10.05,0.0009012
Ni13,10.11,0.0010368
Ni13,10.169999999999998,0.0012072
Ni13,10.23,0.001404
Ni13,10.29,0.0016086
Ni13,10.35,0.0018534
Ni13,10.41,0.0021442
Ni13,10.469999999999999,0.0024192
Ni13,10.53,0.0027444
Ni13,10.59,0.003096
Ni13,10.649999999999999,0.0035558
Ni13,10.71,0.0039594
Ni13,10.77,0.0044752
Ni13,10.829999999999998,0.0050506
Ni13,10.89,0.0055766
Ni13,10.95,0.006199
Ni13,11.01,0.0069206
Ni13,11.07,0.0076446
Ni13,11.129999999999999,0.008385
Ni13,11.19,0.0092104
Ni13,11.25,0.010014
Ni13,11.309999999999999,0.0109416
Ni13,11.370000000000001,0.0118932
Ni13,11.43,0.0128164
Ni13,11.489999999999998,0.0138988
Ni13,11.55,0.0147898
Ni13,11.61,0.0158412
Ni13,11.669999999999998,0.0170016
Ni13,11.73,0.0178306
Ni13,11.79,0.019017
Ni13,11.85,0.0198886
Ni13,11.91,0.0208798
Ni13,11.969999999999999,0.0218384
Ni13,12.03,0.0226202
Ni13,12.09,0.0235464
Ni13,12.149999999999999,0.0240824
Ni13,12.21,0.0247988
Ni13,12.27,0.025464
Ni13,12.329999999999998,0.0258102
Ni13,12.39,0.026233
Ni13,12.45,0.0263576
Ni13,12.51,0.0264656
Ni13,12.57,0.0264804
Ni13,12.629999999999999,0.02636
Ni13,12.69,0.026192
Ni13,12.75,0.0257216
Ni13,12.809999999999999,0.0254536
Ni13,12.870000000000001,0.0246988
Ni13,12.93,0.0240578
Ni13,12.989999999999998,0.0233378
Ni13,13.05,0.0224966
Ni13,13.11,0.021543
Ni13,13.169999999999998,0.0206574
Ni13,13.23,0.0196158
Ni13,13.29,0.0185144
Ni13,13.35,0.017497
Ni13,13.41,0.016342
Ni13,13.469999999999999,0.015233
Ni13,13.53,0.01413
Ni13,13.59,0.013062
Ni13,13.649999999999999,0.011921
Ni13,13.71,0.0108934
Ni13,13.77,0.0098938
Ni13,13.829999999999998,0.0089548
Ni13,13.89,0.007982
Ni13,13.95,0.0072522
Ni13,14.009999999999998,0.0063244
Ni13,14.07,0.0056462
Ni13,14.129999999999999,0.0049896
Ni13,14.19,0.00431
Ni13,14.25,0.0038062
Ni13,14.309999999999999,0.0032456
Ni13,14.37,0.0027952
Ni13,14.43,0.0024126
Ni13,14.489999999999998,0.0020104
Ni13,14.55,0.0017454
Ni13,14.61,0.0014226
Ni13,14.669999999999998,0.00125
Ni13,14.73,0.0009914
Ni13,14.79,0.0008642
Ni13,14.85,0.000675
Ni13,14.91,0.000568
Ni13,14.969999999999999,0.000461
Ni13,15.03,0.0003728
Ni13,15.09,0.0002982
Ni13,15.149999999999999,0.0002426
Ni13,15.21,0.0001848
Ni13,15.27,0.0001484
Ni13,15.329999999999998,0.0001174
Ni13,15.39,9e-05
Ni13,15.45,6.6e-05
Ni13,15.509999999999998,5.68e-05
Ni13,15.57,4.16e-05
Ni13,15.629999999999999,3.28e-05
Ni13,15.69,2.52e-05
Ni13,15.75,1.8e-05
Ni13,15.809999999999999,1.48e-05
Ni13,15.87,9.2e-06
Ni13,15.93,6.2e-06
Ni13,15.989999999999998,5e-06
Ni13,16.049999999999997,4e-06
Ni13,16.11,2.6e-06
Ni13,16.17,1.8e-06
Ni13,16.229999999999997,1e-06
Ni13,16.29,6e-07
Ni13,16.35,6e-07
Ni13,16.409999999999997,2e-07
Ni13,16.47,2e-07
Ni13,16.53,2e-07
Ni13,16.59,0.0
Ni13,16.65,2e-07
Sn13,6.99,3.3333333333333335e-07
Sn13,7.05,0.0
Sn13,7.109999999999999,3.3333333333333335e-07
Sn13,7.17,0.0
Sn13,7.2299999999999995,3.3333333333333335e-07
Sn13,7.289999999999999,3.3333333333333335e-07
Sn13,7.35,3.3333333333333335e-07
Sn13,7.41,1e-06
Sn13,7.47,1e-06
Sn13,7.529999999999999,2e-06
Sn13,7.59,6.666666666666667e-07
Sn13,7.65,3e-06
Sn13,7.709999999999999,1.3333333333333334e-06
Sn13,7.77,3.3333333333333333e-06
Sn13,7.83,3e-06
Sn13,7.89,5.666666666666667e-06
Sn13,7.949999999999999,6.333333333333333e-06
Sn13,8.01,5.666666666666667e-06
Sn13,8.07,1e-05
Sn13,8.129999999999999,7.666666666666667e-06
Sn13,8.19,9.333333333333333e-06
Sn13,8.25,1.5e-05
Sn13,8.309999999999999,1.7e-05
Sn13,8.370000000000001,2.0333333333333334e-05
Sn13,8.43,2.5666666666666666e-05
Sn13,8.489999999999998,2.8666666666666668e-05
Sn13,8.55,3.1666666666666666e-05
Sn13,8.61,4.0333333333333336e-05
Sn13,8.67,4.6666666666666665e-05
Sn13,8.73,5.8e-05
Sn13,8.79,7.066666666666667e-05
Sn13,8.85,8.866666666666666e-05
Sn13,8.91,0.000109
Sn13,8.969999999999999,0.00012233333333333334
Sn13,9.030000000000001,0.00014866666666666666
Sn13,9.09,0.00015966666666666665
Sn13,9.149999999999999,0.000192
Sn13,9.21,0.00023633333333333332
Sn13,9.27,0.00028166666666666666
Sn13,9.329999999999998,0.00034533333333333334
Sn13,9.39,0.0004043333333333333
Sn13,9.45,0.000492
Sn13,9.51,0.0005586666666666666
Sn13,9.57,0.0006576666666666666
Sn13,9.629999999999999,0.0007593333333333333
Sn13,9.69,0.0008813333333333334
Sn13,9.75,0.0010386666666666667
Sn13,9.809999999999999,0.0011773333333333334
Sn13,9.870000000000001,0.0013726666666666666
Sn13,9.93,0.001545
Sn13,9.989999999999998,0.0018023333333333333
Sn13,10.05,0.0020873333333333334
Sn13,10.11,0.002366
Sn13,10.169999999999998,0.0027166666666666667
Sn13,10.23,0.003095
Sn13,10.29,0.003516
Sn13,10.35,0.0039696666666666665
Sn13,10.41,0.004393333333333333
Sn13,10.469999999999999,0.004875
Sn13,10.53,0.005483666666666667
Sn13,10.59,0.0060676666666666665
Sn13,10.649999999999999,0.006909333333333333
Sn13,10.71,0.007527
Sn13,10.77,0.008261
Sn13,10.829999999999998,0.009133
Sn13,10.89,0.00995
Sn13,10.95,0.010851666666666667
Sn13,11.01,0.011839
Sn13,11.07,0.012753666666666667
Sn13,11.129999999999999,0.013646
Sn13,11.19,0.014702666666666666
Sn13,11.25,0.015672
Sn13,11.309999999999999,0.016789333333333333
Sn13,11.370000000000001,0.017888666666666667
Sn13,11.43,0.018832666666666668
Sn13,11.489999999999998,0.01982333333333333
Sn13,11.55,0.02081066666666667
Sn13,11.61,0.021865
Sn13,11.669999999999998,0.022719
Sn13,11.73,0.023409
Sn13,11.79,0.024121333333333335
Sn13,11.85,0.024733
Sn13,11.91,0.025302
Sn13,11.969999999999999,0.025750666666666668
Sn13,12.03,0.026218
Sn13,12.09,0.026484666666666667
Sn13,12.149999999999999,0.026647333333333332
Sn13,12.21,0.026707333333333333
Sn13,12.27,0.026561666666666667
Sn13,12.329999999999998,0.026112333333333335
Sn13,12.39,0.025902666666666668
Sn13,12.45,0.025296
Sn13,12.51,0.024774333333333332
Sn13,12.57,0.02419
Sn13,12.629999999999999,0.023452333333333332
Sn13,12.69,0.022526333333333332
Sn13,12.75,0.021732333333333333
Sn13,12.809999999999999,0.02077733333333333
Sn13,12.870000000000001,0.019741666666666668
Sn13,12.93,0.018618
Sn13,12.989999999999998,0.017655333333333332
Sn13,13.05,0.016470666666666668
Sn13,13.11,0.015367
Sn13,13.169999999999998,0.014236
Sn13,13.23,0.013054333333333333
Sn13,13.29,0.012003333333333333
Sn13,13.35,0.010927
Sn13,13.41,0.009979
Sn13,13.469999999999999,0.009005
Sn13,13.53,0.008075666666666667
Sn13,13.59,0.007257
Sn13,13.649999999999999,0.006417666666666667
Sn13,13.71,0.005699666666666666
Sn13,13.77,0.005005666666666667
Sn13,13.829999999999998,0.004360666666666666
Sn13,13.89,0.0038033333333333335
Sn13,13.95,0.0032586666666666667
Sn13,14.009999999999998,0.00282
Sn13,14.07,0.002402333333333333
Sn13,14.129999999999999,0.0020526666666666666
Sn13,14.19,0.001736
Sn13,14.25,0.0014583333333333334
Sn13,14.309999999999999,0.0012286666666666668
Sn13,14.37,0.0010086666666666666
Sn13,14.43,0.0008353333333333333
Sn13,14.489999999999998,0.000689
Sn13,14.55,0.0005763333333333333
Sn13,14.61,0.00047566666666666666
Sn13,14.669999999999998,0.0003826666666666667
Sn13,14.73,0.000307
Sn13,14.79,0.00023733333333333335
Sn13,14.85,0.000182
Sn13,14.91,0.00014
Sn13,14.969999999999999,0.00011333333333333333
Sn13,15.03,9.166666666666667e-05
Sn13,15.09,6.866666666666666e-05
Sn13,15.149999999999999,5.766666666666667e-05
Sn13,15.21,4.7333333333333336e-05
Sn13,15.27,3.633333333333333e-05
Sn13,15.329999999999998,2.5333333333333334e-05
Sn13,15.39,1.4e-05
Sn13,15.45,1.1333333333333334e-05
Sn13,15.509999999999998,1e-05
Sn13,15.57,7.666666666666667e-06
Sn13,15.629999999999999,6.333333333333333e-06
Sn13,15.69,3.6666666666666666e-06
Sn13,15.75,3.3333333333333333e-06
Sn13,15.809999999999999,1.6666666666666667e-06
Sn13,15.87,1e-06
Sn13,15.93,3.3333333333333335e-07
Sn13,15.989999999999998,0.0
Sn13,16.049999999999997,0.0
Sn13,16.11,3.3333333333333335e-07
Sn13,16.17,3.3333333333333335e-07
Sn13,16.229999999999997,3.3333333333333335e-07
Ta13,6.33,2.5e-07
Ta13,6.39,0.0
Ta13,6.449999999999999,0.0
Ta13,6.51,0.0
Ta13,6.57,2.5e-07
Ta13,6.63,2.5e-07
Ta13,6.6899999999999995,2.5e-07
Ta13,6.75,0.0
Ta13,6.81,1.25e-06
Ta13,6.869999999999999,5e-07
Ta13,6.93,5e-07
Ta13,6.99,1.25e-06
Ta13,7.05,1.25e-06
Ta13,7.109999999999999,7.5e-07
Ta13,7.17,1.5e-06
Ta13,7.2299999999999995,3.5e-06
Ta13,7.289999999999999,3e-06
Ta13,7.35,3.25e-06
Ta13,7.41,3e-06
Ta13,7.47,7.5e-06
Ta13,7.529999999999999,3.75e-06
Ta13,7.59,5.25e-06
Ta13,7.65,1.125e-05
Ta13,7.709999999999999,1.075e-05
Ta13,7.77,1.225e-05
Ta13,7.83,1.15e-05
Ta13,7.89,2.075e-05
Ta13,7.949999999999999,2.025e-05
Ta13,8.01,2.3e-05
Ta13,8.07,2.525e-05
Ta13,8.129999999999999,3.85e-05
Ta13,8.19,3.85e-05
Ta13,8.25,4.7e-05
Ta13,8.309999999999999,6.825e-05
Ta13,8.370000000000001,6.975e-05
Ta13,8.43,7.5e-05
Ta13,8.489999999999998,0.00010125
Ta13,8.55,0.0001125
Ta13,8.61,0.0001305
Ta13,8.67,0.0001675
Ta13,8.73,0.000194
Ta13,8.79,0.0002205
Ta13,8.85,0.00027625
Ta13,8.91,0.00031575
Ta13,8.969999999999999,0.0003615
Ta13,9.030000000000001,0.0004295
Ta13,9.09,0.00050825
Ta13,9.149999999999999,0.000583
Ta13,9.21,0.000684
Ta13,9.27,0.000793
Ta13,9.329999999999998,0.000905
Ta13,9.39,0.00104325
Ta13,9.45,0.0012085
Ta13,9.51,0.00138275
Ta13,9.57,0.001593
Ta13,9.629999999999999,0.00181275
Ta13,9.69,0.00204975
Ta13,9.75,0.00239275
Ta13,9.809999999999999,0.00264625
Ta13,9.870000000000001,0.00297725
Ta13,9.93,0.00336625
Ta13,9.989999999999998,0.003828
Ta13,10.05,0.004217
Ta13,10.11,0.00473325
Ta13,10.169999999999998,0.005311
Ta13,10.23,0.0058215
Ta13,10.29,0.00643825
Ta13,10.35,0.0071745
Ta13,10.41,0.00780175
Ta13,10.469999999999999,0.008529
Ta13,10.53,0.00937825
Ta13,10.59,0.01021225
Ta13,10.649999999999999,0.010965
Ta13,10.71,0.01192975
Ta13,10.77,0.01283825
Ta13,10.829999999999998,0.013704
Ta13,10.89,0.01477775
Ta13,10.95,0.01560925
Ta13,11.01,0.0166405
Ta13,11.07,0.01766575
Ta13,11.129999999999999,0.01852275
Ta13,11.19,0.01952975
Ta13,11.25,0.02035775
Ta13,11.309999999999999,0.02126175
Ta13,11.370000000000001,0.0220865
Ta13,11.43,0.02269125
Ta13,11.489999999999998,0.023554
Ta13,11.55,0.02399
Ta13,11.61,0.024586
Ta13,11.669999999999998,0.0251365
Ta13,11.73,0.02527725
Ta13,11.79,0.0256625
Ta13,11.85,0.02569775
Ta13,11.91,0.02565525
Ta13,11.969999999999999,0.025784
Ta13,12.03,0.02536975
Ta13,12.09,0.02523175
Ta13,12.149999999999999,0.02466675
Ta13,12.21,0.024265
Ta13,12.27,0.02362225
Ta13,12.329999999999998,0.02283225
Ta13,12.39,0.022246
Ta13,12.45,0.021299
Ta13,12.51,0.02053775
Ta13,12.57,0.0195525
Ta13,12.629999999999999,0.01858675
Ta13,12.69,0.017558
Ta13,12.75,0.01649775
Ta13,12.809999999999999,0.01545525
Ta13,12.870000000000001,0.01439975
Ta13,12.93,0.0133685
Ta13,12.989999999999998,0.01231475
Ta13,13.05,0.01130525
Ta13,13.11,0.01034275
Ta13,13.169999999999998,0.0093725
Ta13,13.23,0.008435
Ta13,13.29,0.0077285
Ta13,13.35,0.006759
Ta13,13.41,0.006136
Ta13,13.469999999999999,0.00540975
Ta13,13.53,0.00472525
Ta13,13.59,0.00422375
Ta13,13.649999999999999,0.003636
Ta13,13.71,0.00313225
Ta13,13.77,0.002762
Ta13,13.829999999999998,0.0022915
Ta13,13.89,0.0020455
Ta13,13.95,0.0016645
Ta13,14.009999999999998,0.00146125
Ta13,14.07,0.0011965
Ta13,14.129999999999999,0.00101375
Ta13,14.19,0.000852
Ta13,14.25,0.00069125
Ta13,14.309999999999999,0.00057775
Ta13,14.37,0.00046675
Ta13,14.43,0.0003795
Ta13,14.489999999999998,0.00031775
Ta13,14.55,0.000245
Ta13,14.61,0.0001965
Ta13,14.669999999999998,0.000156
Ta13,14.73,0.00012275
Ta13,14.79,9.625e-05
Ta13,14.85,7.475e-05
Ta13,14.91,6.2e-05
Ta13,14.969999999999999,4.525e-05
Ta13,15.03,3.5e-05
Ta13,15.09,3e-05
Ta13,15.149999999999999,1.9e-05
Ta13,15.21,1.8e-05
Ta13,15.27,9.25e-06
Ta13,15.329999999999998,8.5e-06
Ta13,15.39,5.75e-06
Ta13,15.45,4e-06
Ta13,15.509999999999998,3.75e-06
Ta13,15.57,1.75e-06
Ta13,15.629999999999999,2e-06
Ta13,15.69,7.5e-07
Ta13,15.75,7.5e-07
Ta13,15.809999999999999,2.5e-07
Ta13,15.87,2.5e-07
Ta13,15.93,0.0
Ta13,15.989999999999998,2.5e-07
Ta13,16.049999999999997,0.0
Ta13,16.11,2.5e-07
Cu13,5.49,2e-07
Cu13,5.55,0.0
Cu13,5.609999999999999,0.0
Cu13,5.67,2e-07
Cu13,5.73,0.0
Cu13,5.789999999999999,2e-07
Cu13,5.85,2e-07
Cu13,5.91,2e-07
Cu13,5.97,8e-07
Cu13,6.029999999999999,4e-07
Cu13,6.09,4e-07
Cu13,6.15,4e-07
Cu13,6.21,1.2e-06
Cu13,6.27,8e-07
Cu13,6.33,1.6e-06
Cu13,6.39,1.2e-06
Cu13,6.449999999999999,2.4e-06
Cu13,6.51,2.4e-06
Cu13,6.57,2e-06
Cu13,6.63,3.4e-06
Cu13,6.6899999999999995,5e-06
Cu13,6.75,4e-06
Cu13,6.81,4.4e-06
Cu13,6.869999999999999,7.8e-06
Cu13,6.93,7.8e-06
Cu13,6.99,7.8e-06
Cu13,7.05,1.2e-05
Cu13,7.109999999999999,1.26e-05
Cu13,7.17,1.52e-05
Cu13,7.2299999999999995,1.62e-05
Cu13,7.289999999999999,2.14e-05
Cu13,7.35,2.3e-05
Cu13,7.41,3.14e-05
Cu13,7.47,3.32e-05
Cu13,7.529999999999999,3.92e-05
Cu13,7.59,5.48e-05
Cu13,7.65,5.42e-05
Cu13,7.709999999999999,6.3e-05
Cu13,7.77,8.58e-05
Cu13,7.83,8.2e-05
Cu13,7.89,0.000104
Cu13,7.949999999999999,0.000131
Cu13,8.01,0.000142
Cu13,8.07,0.000171
Cu13,8.129999999999999,0.000207
Cu13,8.19,0.0002358
Cu13,8.25,0.0002814
Cu13,8.309999999999999,0.0003244
Cu13,8.370000000000001,0.0003686
Cu13,8.43,0.00044
Cu13,8.489999999999998,0.0004972
Cu13,8.55,0.0005932
Cu13,8.61,0.0006612
Cu13,8.67,0.0007584
Cu13,8.73,0.000898
Cu13,8.79,0.000999
Cu13,8.85,0.0011636
Cu13,8.91,0.001316
Cu13,8.969999999999999,0.001507
Cu13,9.030000000000001,0.0016908
Cu13,9.09,0.0019438
Cu13,9.149999999999999,0.0022086
Cu13,9.21,0.0024748
Cu13,9.27,0.002744
Cu13,9.329999999999998,0.0030714
Cu13,9.39,0.0034948
Cu13,9.45,0.0038438
Cu13,9.51,0.0043028
Cu13,9.57,0.0048216
Cu13,9.629999999999999,0.0052572
Cu13,9.69,0.0058424
Cu13,9.75,0.0064246
Cu13,9.809999999999999,0.007044
Cu13,9.870000000000001,0.0076764
Cu13,9.93,0.0083704
Cu13,9.989999999999998,0.0091574
Cu13,10.05,0.0098678
Cu13,10.11,0.0106766
Cu13,10.169999999999998,0.0114842
Cu13,10.23,0.0123448
Cu13,10.29,0.0132588
Cu13,10.35,0.0140536
Cu13,10.41,0.0150442
Cu13,10.469999999999999,0.0159302
Cu13,10.53,0.0167392
Cu13,10.59,0.0177522
Cu13,10.649999999999999,0.018515
Cu13,10.71,0.0194184
Cu13,10.77,0.0202786
Cu13,10.829999999999998,0.020923
Cu13,10.89,0.02172
Cu13,10.95,0.0223364
Cu13,11.01,0.022988
Cu13,11.07,0.0235336
Cu13,11.129999999999999,0.0239948
Cu13,11.19,0.0242526
Cu13,11.25,0.0246874
Cu13,11.309999999999999,0.0247364
Cu13,11.370000000000001,0.0248746
Cu13,11.43,0.0248822
Cu13,11.489999999999998,0.0247316
Cu13,11.55,0.024632
Cu13,11.61,0.0241098
Cu13,11.669999999999998,0.024058
Cu13,11.73,0.0232406
Cu13,11.79,0.0228796
Cu13,11.85,0.0221072
Cu13,11.91,0.0214722
Cu13,11.969999999999999,0.020641
Cu13,12.03,0.0199046
Cu13,12.09,0.0189952
Cu13,12.149999999999999,0.0180728
Cu13,12.21,0.0171188
Cu13,12.27,0.016174
Cu13,12.329999999999998,0.0151196
Cu13,12.39,0.0142076
Cu13,12.45,0.0131306
Cu13,12.51,0.0122928
Cu13,12.57,0.0111672
Cu13,12.629999999999999,0.0103618
Cu13,12.69,0.0094064
Cu13,12.75,0.0085704
Cu13,12.809999999999999,0.0077038
Cu13,12.870000000000001,0.0070048
Cu13,12.93,0.006218
Cu13,12.989999999999998,0.005574
Cu13,13.05,0.0049314
Cu13,13.11,0.00435
Cu13,13.169999999999998,0.0038148
Cu13,13.23,0.003348
Cu13,13.29,0.002893
Cu13,13.35,0.002507
Cu13,13.41,0.0021536
Cu13,13.469999999999999,0.0018426
Cu13,13.53,0.0015742
Cu13,13.59,0.0013258
Cu13,13.649999999999999,0.0011412
Cu13,13.71,0.0009322
Cu13,13.77,0.0008084
Cu13,13.829999999999998,0.0006474
Cu13,13.89,0.000553
Cu13,13.95,0.0004424
Cu13,14.009999999999998,0.0003712
Cu13,14.07,0.00029
Cu13,14.129999999999999,0.0002442
Cu13,14.19,0.0001898
Cu13,14.25,0.000148
Cu13,14.309999999999999,0.0001222
Cu13,14.37,9.5e-05
Cu13,14.43,7.08e-05
Cu13,14.489999999999998,6.1e-05
Cu13,14.55,4.46e-05
Cu13,14.61,3.66e-05
Cu13,14.669999999999998,2.88e-05
Cu13,14.73,2.16e-05
Cu13,14.79,1.64e-05
Cu13,14.85,1.22e-05
Cu13,14.91,7.4e-06
Cu13,14.969999999999999,6e-06
Cu13,15.03,5.4e-06
Cu13,15.09,3.6e-06
Cu13,15.149999999999999,2.4e-06
Cu13,15.21,1.4e-06
Cu13,15.27,1e-06
Cu13,15.329999999999998,8e-07
Cu13,15.39,4e-07
Cu13,15.45,2e-07
Cu13,15.509999999999998,2e-07
Cu13,15.57,0.0
Cu13,15.629999999999999,2e-07
Cu13,15.69,0.0
Cu13,15.75,2e-07
Al_degrader_E10,0.03,1e-07
Al_degrader_E10,0.09,0.0
Al_degrader_E10,0.15,5e-08
Al_degrader_E10,0.21,0.0
Al_degrader_E10,0.27,0.0
Al_degrader_E10,0.32999999999999996,1e-07
Al_degrader_E10,0.39,0.0
Al_degrader_E10,0.44999999999999996,5e-08
Al_degrader_E10,0.51,1e-07
Al_degrader_E10,0.5700000000000001,1e-07
Al_degrader_E10,0.6299999999999999,0.0
Al_degrader_E10,0.69,1e-07
Al_degrader_E10,0.75,0.0
Al_degrader_E10,0.81,0.0
Al_degrader_E10,0.8699999999999999,0.0
Al_degrader_E10,0.9299999999999999,0.0
Al_degrader_E10,0.99,0.0
Al_degrader_E10,1.05,1e-07
Al_degrader_E10,1.1099999999999999,0.0
Al_degrader_E10,1.17,1.5e-07
Al_degrader_E10,1.23,1e-07
Al_degrader_E10,1.29,5e-08
Al_degrader_E10,1.3499999999999999,1.5e-07
Al_degrader_E10,1.41,5e-08
Al_degrader_E10,1.47,1e-07
Al_degrader_E10,1.53,0.0
Al_degrader_E10,1.5899999999999999,1e-07
Al_degrader_E10,1.65,5e-08
Al_degrader_E10,1.71,3e-07
Al_degrader_E10,1.77,3e-07
Al_degrader_E10,1.8299999999999998,5e-08
Al_degrader_E10,1.89,5e-08
Al_degrader_E10,1.95,3e-07
Al_degrader_E10,2.01,2.5e-07
Al_degrader_E10,2.0700000000000003,4.5e-07
Al_degrader_E10,2.13,4.5e-07
Al_degrader_E10,2.19,3e-07
Al_degrader_E10,2.25,1.5e-07
Al_degrader_E10,2.3099999999999996,3.5e-07
Al_degrader_E10,2.37,5e-07
Al_degrader_E10,2.4299999999999997,6e-07
Al_degrader_E10,2.49,6.5e-07
Al_degrader_E10,2.55,6e-07
Al_degrader_E10,2.61,3e-07
Al_degrader_E10,2.67,8e-07
Al_degrader_E10,2.7299999999999995,9e-07
Al_degrader_E10,2.79,8e-07
Al_degrader_E10,2.8499999999999996,1.25e-06
Al_degrader_E10,2.91,8.5e-07
Al_degrader_E10,2.9699999999999998,1.35e-06
Al_degrader_E10,3.0300000000000002,1.5e-06
Al_degrader_E10,3.09,1.35e-06
Al_degrader_E10,3.15,2.35e-06
Al_degrader_E10,3.21,1.35e-06
Al_degrader_E10,3.2699999999999996,2.1e-06
Al_degrader_E10,3.33,2.4e-06
Al_degrader_E10,3.3899999999999997,2.55e-06
Al_degrader_E10,3.45,3.25e-06
Al_degrader_E10,3.51,3.2e-06
Al_degrader_E10,3.57,3.05e-06
Al_degrader_E10,3.63,3.85e-06
Al_degrader_E10,3.6899999999999995,4.7e-06
Al_degrader_E10,3.75,4.2e-06
Al_degrader_E10,3.8099999999999996,5.95e-06
Al_degrader_E10,3.87,6.55e-06
Al_degrader_E10,3.9299999999999997,6.4e-06
Al_degrader_E10,3.9899999999999998,7.25e-06
Al_degrader_E10,4.05,8.65e-06
Al_degrader_E10,4.109999999999999,1.155e-05
Al_degrader_E10,4.17,1.1e-05
Al_degrader_E10,4.23,1.09e-05
Al_degrader_E10,4.29,1.36e-05
Al_degrader_E10,4.35,1.72e-05
Al_degrader_E10,4.41,1.635e-05
Al_degrader_E10,4.47,1.685e-05
Al_degrader_E10,4.529999999999999,2.145e-05
Al_degrader_E10,4.59,2.55e-05
Al_degrader_E10,4.65,2.45e-05
Al_degrader_E10,4.71,2.93e-05
Al_degrader_E10,4.77,3.47e-05
Al_degrader_E10,4.83,3.87e-05
Al_degrader_E10,4.89,4.045e-05
Al_degrader_E10,4.949999999999999,4.855e-05
Al_degrader_E10,5.01,5.545e-05
Al_degrader_E10,5.07,5.865e-05
Al_degrader_E10,5.13,6.595e-05
Al_degrader_E10,5.1899999999999995,7.715e-05
Al_degrader_E10,5.25,8.36e-05
Al_degrader_E10,5.31,9.495e-05
Al_degrader_E10,5.369999999999999,0.0001063
Al_degrader_E10,5.43,0.0001168
Al_degrader_E10,5.49,0.0001337
Al_degrader_E10,5.55,0.00014545
Al_degrader_E10,5.609999999999999,0.00016215
Al_degrader_E10,5.67,0.0001839
Al_degrader_E10,5.73,0.00020495
Al_degrader_E10,5.789999999999999,0.0002214
Al_degrader_E10,5.85,0.0002533
Al_degrader_E10,5.91,0.0002837
Al_degrader_E10,5.97,0.000307
Al_degrader_E10,6.029999999999999,0.0003473
Al_degrader_E10,6.09,0.00039065
Al_degrader_E10,6.15,0.0004195
Al_degrader_E10,6.21,0.0004751
Al_degrader_E10,6.27,0.00053425
Al_degrader_E10,6.33,0.00057345
Al_degrader_E10,6.39,0.00064265
Al_degrader_E10,6.449999999999999,0.0007181
Al_degrader_E10,6.51,0.0007659
Al_degrader_E10,6.57,0.00086015
Al_degrader_E10,6.63,0.00094765
Al_degrader_E10,6.6899999999999995,0.00103055
Al_degrader_E10,6.75,0.00114775
Al_degrader_E10,6.81,0.001244
Al_degrader_E10,6.869999999999999,0.0013662
Al_degrader_E10,6.93,0.00150355
Al_degrader_E10,6.99,0.00163285
Al_degrader_E10,7.05,0.00177945
Al_degrader_E10,7.109999999999999,0.00195045
Al_degrader_E10,7.17,0.0021189
Al_degrader_E10,7.2299999999999995,0.002311
Al_degrader_E10,7.289999999999999,0.00249215
Al_degrader_E10,7.35,0.0027046
Al_degrader_E10,7.41,0.0029516
Al_degrader_E10,7.47,0.0031381
Al_degrader_E10,7.529999999999999,0.00342975
Al_degrader_E10,7.59,0.003688
Al_degrader_E10,7.65,0.00394495
Al_degrader_E10,7.709999999999999,0.00427585
Al_degrader_E10,7.77,0.00455145
Al_degrader_E10,7.83,0.00491835
Al_degrader_E10,7.89,0.0052208
Al_degrader_E10,7.949999999999999,0.0055971
Al_degrader_E10,8.01,0.00597135
Al_degrader_E10,8.07,0.00633695
Al_degrader_E10,8.129999999999999,0.00678125
Al_degrader_E10,8.19,0.0071357
Al_degrader_E10,8.25,0.0075964
Al_degrader_E10,8.309999999999999,0.0080316
Al_degrader_E10,8.370000000000001,0.0084566
Al_degrader_E10,8.43,0.0089379
Al_degrader_E10,8.489999999999998,0.00938025
Al_degrader_E10,8.55,0.00988225
Al_degrader_E10,8.61,0.01032025
Al_degrader_E10,8.67,0.01083535
Al_degrader_E10,8.73,0.0113187
Al_degrader_E10,8.79,0.0118205
Al_degrader_E10,8.85,0.0123082
Al_degrader_E10,8.91,0.01277065
Al_degrader_E10,8.969999999999999,0.01329655
Al_degrader_E10,9.030000000000001,0.01370405
Al_degrader_E10,9.09,0.01423495
Al_degrader_E10,9.149999999999999,0.01462165
Al_degrader_E10,9.21,0.01512895
Al_degrader_E10,9.27,0.01550015
Al_degrader_E10,9.329999999999998,0.01592075
Al_degrader_E10,9.39,0.01631005
Al_degrader_E10,9.45,0.0167043
Al_degrader_E10,9.51,0.0170121
Al_degrader_E10,9.57,0.01735185
Al_degrader_E10,9.629999999999999,0.0176309
Al_degrader_E10,9.69,0.0178972
Al_degrader_E10,9.75,0.0181118
Al_degrader_E10,9.809999999999999,0.0183058
Al_degrader_E10,9.870000000000001,0.0184713
Al_degrader_E10,9.93,0.0185869
Al_degrader_E10,9.989999999999998,0.0186771
Al_degrader_E10,10.05,0.01872825
Al_degrader_E10,10.11,0.0187209
Al_degrader_E10,10.169999999999998,0.0186917
Al_degrader_E10,10.23,0.0186177
Al_degrader_E10,10.29,0.0184948
Al_degrader_E10,10.35,0.01832525
Al_degrader_E10,10.41,0.01813745
Al_degrader_E10,10.469999999999999,0.0179042
Al_degrader_E10,10.53,0.0176269
Al_degrader_E10,10.59,0.01730375
Al_degrader_E10,10.649999999999999,0.0169459
Al_degrader_E10,10.71,0.01655215
Al_degrader_E10,10.77,0.0161379
Al_degrader_E10,10.829999999999998,0.0156779
Al_degrader_E10,10.89,0.01522225
Al_degrader_E10,10.95,0.01472005
Al_degrader_E10,11.01,0.01418715
Al_degrader_E10,11.07,0.01363995
Al_degrader_E10,11.129999999999999,0.0130679
Al_degrader_E10,11.19,0.01250805
Al_degrader_E10,11.25,0.0118896
Al_degrader_E10,11.309999999999999,0.01133875
Al_degrader_E10,11.370000000000001,0.0106871
Al_degrader_E10,11.43,0.0101429
Al_degrader_E10,11.489999999999998,0.00951885
Al_degrader_E10,11.55,0.00894965
Al_degrader_E10,11.61,0.0083553
Al_degrader_E10,11.669999999999998,0.0078011
Al_degrader_E10,11.73,0.00724765
Al_degrader_E10,11.79,0.00668815
Al_degrader_E10,11.85,0.00619945
Al_degrader_E10,11.91,0.0056623
Al_degrader_E10,11.969999999999999,0.0052131
Al_degrader_E10,12.03,0.00473585
Al_degrader_E10,12.09,0.00429255
Al_degrader_E10,12.149999999999999,0.00391805
Al_degrader_E10,12.21,0.00348295
Al_degrader_E10,12.27,0.00316835
Al_degrader_E10,12.329999999999998,0.0028048
Al_degrader_E10,12.39,0.00251735
Al_degrader_E10,12.45,0.0022234
Al_degrader_E10,12.51,0.0019642
Al_degrader_E10,12.57,0.00173735
Al_degrader_E10,12.629999999999999,0.00150515
Al_degrader_E10,12.69,0.00133025
Al_degrader_E10,12.75,0.00114175
Al_degrader_E10,12.809999999999999,0.0009833
Al_degrader_E10,12.870000000000001,0.0008584
Al_degrader_E10,12.93,0.00072545
Al_degrader_E10,12.989999999999998,0.0006256
Al_degrader_E10,13.05,0.0005237
Al_degrader_E10,13.11,0.00044435
Al_degrader_E10,13.169999999999998,0.00038095
Al_degrader_E10,13.23,0.0003102
Al_degrader_E10,13.29,0.0002646
Al_degrader_E10,13.35,0.00021395
Al_degrader_E10,13.41,0.00018045
Al_degrader_E10,13.469999999999999,0.0001481
Al_degrader_E10,13.53,0.00012095
Al_degrader_E10,13.59,9.775e-05
Al_degrader_E10,13.649999999999999,8.185e-05
Al_degrader_E10,13.71,6.24e-05
Al_degrader_E10,13.77,5.13e-05
Al_degrader_E10,13.829999999999998,3.94e-05
Al_degrader_E10,13.89,3.205e-05
Al_degrader_E10,13.95,2.435e-05
Al_degrader_E10,14.009999999999998,1.9e-05
Al_degrader_E10,14.07,1.57e-05
Al_degrader_E10,14.129999999999999,1.185e-05
Al_degrader_E10,14.19,1.025e-05
Al_degrader_E10,14.25,6.95e-06
Al_degrader_E10,14.309999999999999,5.55e-06
Al_degrader_E10,14.37,4.4e-06
Al_degrader_E10,14.43,2.6e-06
Al_degrader_E10,14.489999999999998,2.15e-06
Al_degrader_E10,14.55,1.5e-06
Al_degrader_E10,14.61,1.15e-06
Al_degrader_E10,14.669999999999998,1.1e-06
Al_degrader_E10,14.73,5e-07
Al_degrader_E10,14.79,3.5e-07
Al_degrader_E10,14.85,3.5e-07
Al_degrader_E10,14.91,2e-07
Al_degrader_E10,14.969999999999999,5e-08
Al_degrader_E10,15.03,1e-07
Al_degrader_E10,15.09,5e-08
Al_degrader_E10,15.149999999999999,0.0
Al_degrader_E10,15.21,5e-08
Al_degrader_E10,15.27,5e-08
Ni14,0.03,1.911111111111111e-05
Ni14,0.09,1.5555555555555556e-06
Ni14,0.15,1.8888888888888888e-06
Ni14,0.21,1.3333333333333334e-06
Ni14,0.27,8.888888888888889e-07
Ni14,0.32999999999999996,7.777777777777778e-07
Ni14,0.39,1.3333333333333334e-06
Ni14,0.44999999999999996,1.111111111111111e-06
Ni14,0.51,8.888888888888889e-07
Ni14,0.5700000000000001,7.777777777777778e-07
Ni14,0.6299999999999999,7.777777777777778e-07
Ni14,0.69,1.3333333333333334e-06
Ni14,0.75,2.333333333333333e-06
Ni14,0.81,1.111111111111111e-06
Ni14,0.8699999999999999,2.333333333333333e-06
Ni14,0.9299999999999999,1.7777777777777777e-06
Ni14,0.99,1.2222222222222221e-06
Ni14,1.05,2.111111111111111e-06
Ni14,1.1099999999999999,2.666666666666667e-06
Ni14,1.17,2.888888888888889e-06
Ni14,1.23,3.2222222222222222e-06
Ni14,1.29,3.111111111111111e-06
Ni14,1.3499999999999999,2.5555555555555557e-06
Ni14,1.41,3.2222222222222222e-06
Ni14,1.47,4.444444444444444e-06
Ni14,1.53,4.444444444444444e-06
Ni14,1.5899999999999999,4.222222222222222e-06
Ni14,1.65,4.444444444444444e-06
Ni14,1.71,5.444444444444445e-06
Ni14,1.77,5.444444444444445e-06
Ni14,1.8299999999999998,6.4444444444444445e-06
Ni14,1.89,6.666666666666667e-06
Ni14,1.95,6.222222222222222e-06
Ni14,2.01,7.88888888888889e-06
Ni14,2.0700000000000003,9.11111111111111e-06
Ni14,2.13,8.555555555555556e-06
Ni14,2.19,8.555555555555556e-06
Ni14,2.25,1.1444444444444444e-05
Ni14,2.3099999999999996,1.3111111111111111e-05
Ni14,2.37,1.2444444444444445e-05
Ni14,2.4299999999999997,1.4333333333333334e-05
Ni14,2.49,1.4111111111111112e-05
Ni14,2.55,1.8333333333333333e-05
Ni14,2.61,1.7222222222222224e-05
Ni14,2.67,2.2666666666666668e-05
Ni14,2.7299999999999995,2.3222222222222224e-05
Ni14,2.79,2.611111111111111e-05
Ni14,2.8499999999999996,2.677777777777778e-05
Ni14,2.91,2.988888888888889e-05
Ni14,2.9699999999999998,3.4e-05
Ni14,3.0300000000000002,3.4666666666666665e-05
Ni14,3.09,3.9e-05
Ni14,3.15,4.155555555555556e-05
Ni14,3.21,4.5e-05
Ni14,3.2699999999999996,5.1666666666666664e-05
Ni14,3.33,5.544444444444444e-05
Ni14,3.3899999999999997,5.9888888888888886e-05
Ni14,3.45,7.066666666666667e-05
Ni14,3.51,7.5e-05
Ni14,3.57,8.1e-05
Ni14,3.63,9.377777777777778e-05
Ni14,3.6899999999999995,0.00010133333333333333
Ni14,3.75,0.00011266666666666666
Ni14,3.8099999999999996,0.0001248888888888889
Ni14,3.87,0.00013566666666666667
Ni14,3.9299999999999997,0.000154
Ni14,3.9899999999999998,0.00016322222222222224
Ni14,4.05,0.00018155555555555554
Ni14,4.109999999999999,0.000204
Ni14,4.17,0.00022155555555555557
Ni14,4.23,0.00024255555555555556
Ni14,4.29,0.0002678888888888889
Ni14,4.35,0.00029622222222222224
Ni14,4.41,0.0003281111111111111
Ni14,4.47,0.00035255555555555555
Ni14,4.529999999999999,0.000396
Ni14,4.59,0.0004336666666666667
Ni14,4.65,0.000473
Ni14,4.71,0.000525
Ni14,4.77,0.0005652222222222223
Ni14,4.83,0.0006317777777777778
Ni14,4.89,0.0006864444444444445
Ni14,4.949999999999999,0.0007541111111111111
Ni14,5.01,0.0008354444444444444
Ni14,5.07,0.0008961111111111111
Ni14,5.13,0.0010027777777777778
Ni14,5.1899999999999995,0.0010743333333333334
Ni14,5.25,0.0011897777777777779
Ni14,5.31,0.0012944444444444444
Ni14,5.369999999999999,0.0014232222222222222
Ni14,5.43,0.0015444444444444444
Ni14,5.49,0.0016927777777777779
Ni14,5.55,0.0018105555555555555
Ni14,5.609999999999999,0.0019861111111111112
Ni14,5.67,0.002137777777777778
Ni14,5.73,0.0023575555555555554
Ni14,5.789999999999999,0.0025274444444444446
Ni14,5.85,0.002745
Ni14,5.91,0.0029812222222222223
Ni14,5.97,0.0032162222222222223
Ni14,6.029999999999999,0.0034812222222222224
Ni14,6.09,0.003735
Ni14,6.15,0.004038
Ni14,6.21,0.004325444444444444
Ni14,6.27,0.004665333333333333
Ni14,6.33,0.005006888888888889
Ni14,6.39,0.005348555555555555
Ni14,6.449999999999999,0.0057257777777777775
Ni14,6.51,0.006097111111111111
Ni14,6.57,0.006530444444444445
Ni14,6.63,0.006959111111111111
Ni14,6.6899999999999995,0.007388
Ni14,6.75,0.007858444444444444
Ni14,6.81,0.008304222222222222
Ni14,6.869999999999999,0.008807777777777777
Ni14,6.93,0.009317444444444444
Ni14,6.99,0.009820333333333334
Ni14,7.05,0.010348555555555555
Ni14,7.109999999999999,0.010875777777777778
Ni14,7.17,0.011436444444444445
Ni14,7.2299999999999995,0.012018666666666667
Ni14,7.289999999999999,0.012494666666666666
Ni14,7.35,0.013102555555555555
Ni14,7.41,0.013619222222222222
Ni14,7.47,0.014165555555555556
Ni14,7.529999999999999,0.014743111111111111
Ni14,7.59,0.015228
Ni14,7.65,0.015785333333333332
Ni14,7.709999999999999,0.01623188888888889
Ni14,7.77,0.016701777777777777
Ni14,7.83,0.017219111111111112
Ni14,7.89,0.017547666666666666
Ni14,7.949999999999999,0.018016555555555556
Ni14,8.01,0.018427555555555555
Ni14,8.07,0.01866422222222222
Ni14,8.129999999999999,0.019036
Ni14,8.19,0.019231333333333333
Ni14,8.25,0.019467444444444443
Ni14,8.309999999999999,0.01963177777777778
Ni14,8.370000000000001,0.01967722222222222
Ni14,8.43,0.019773111111111113
Ni14,8.489999999999998,0.019833666666666666
Ni14,8.55,0.019745555555555554
Ni14,8.61,0.019704
Ni14,8.67,0.01953888888888889
Ni14,8.73,0.01936
Ni14,8.79,0.019113333333333333
Ni14,8.85,0.018859333333333332
Ni14,8.91,0.01846288888888889
Ni14,8.969999999999999,0.018116333333333335
Ni14,9.030000000000001,0.017704222222222222
Ni14,9.09,0.017237111111111113
Ni14,9.149999999999999,0.016804777777777776
Ni14,9.21,0.016244
Ni14,9.27,0.015705777777777777
Ni14,9.329999999999998,0.015138666666666667
Ni14,9.39,0.01451288888888889
Ni14,9.45,0.013928666666666667
Ni14,9.51,0.013232666666666667
Ni14,9.57,0.012656777777777777
Ni14,9.629999999999999,0.011948555555555556
Ni14,9.69,0.011298333333333334
Ni14,9.75,0.010663111111111111
Ni14,9.809999999999999,0.010012222222222223
Ni14,9.870000000000001,0.009342777777777778
Ni14,9.93,0.008736333333333334
Ni14,9.989999999999998,0.008107
Ni14,10.05,0.007503888888888889
Ni14,10.11,0.006907
Ni14,10.169999999999998,0.0063787777777777775
Ni14,10.23,0.005847444444444444
Ni14,10.29,0.005341111111111111
Ni14,10.35,0.004852444444444445
Ni14,10.41,0.004399666666666666
Ni14,10.469999999999999,0.003991111111111111
Ni14,10.53,0.0035632222222222224
Ni14,10.59,0.003204888888888889
Ni14,10.649999999999999,0.0028693333333333335
Ni14,10.71,0.0025553333333333335
Ni14,10.77,0.002253666666666667
Ni14,10.829999999999998,0.0019872222222222223
Ni14,10.89,0.0017542222222222221
Ni14,10.95,0.0015447777777777777
Ni14,11.01,0.0013257777777777777
Ni14,11.07,0.0011705555555555555
Ni14,11.129999999999999,0.0010216666666666666
Ni14,11.19,0.0008714444444444444
Ni14,11.25,0.0007512222222222222
Ni14,11.309999999999999,0.0006455555555555556
Ni14,11.370000000000001,0.0005471111111111111
Ni14,11.43,0.0004733333333333333
Ni14,11.489999999999998,0.000396
Ni14,11.55,0.00032655555555555557
Ni14,11.61,0.00028166666666666666
Ni14,11.669999999999998,0.00023222222222222223
Ni14,11.73,0.00019477777777777777
Ni14,11.79,0.00016011111111111111
Ni14,11.85,0.0001287777777777778
Ni14,11.91,0.00010444444444444444
Ni14,11.969999999999999,8.811111111111111e-05
Ni14,12.03,6.788888888888888e-05
Ni14,12.09,5.844444444444444e-05
Ni14,12.149999999999999,4.522222222222222e-05
Ni14,12.21,3.788888888888889e-05
Ni14,12.27,3.1222222222222225e-05
Ni14,12.329999999999998,2.5e-05
Ni14,12.39,1.8333333333333333e-05
Ni14,12.45,1.5555555555555555e-05
Ni14,12.51,1.2444444444444445e-05
Ni14,12.57,8.555555555555556e-06
Ni14,12.629999999999999,6.222222222222222e-06
Ni14,12.69,5e-06
Ni14,12.75,3.7777777777777777e-06
Ni14,12.809999999999999,3e-06
Ni14,12.870000000000001,2e-06
Ni14,12.93,1.5555555555555556e-06
Ni14,12.989999999999998,1.2222222222222221e-06
Ni14,13.05,8.888888888888889e-07
Ni14,13.11,4.4444444444444444e-07
Ni14,13.169999999999998,3.3333333333333335e-07
Ni14,13.23,2.2222222222222222e-07
Ni14,13.29,1.1111111111111111e-07
Ni14,13.35,1.1111111111111111e-07
Ni14,13.41,1.1111111111111111e-07
Ni14,13.469999999999999,1.1111111111111111e-07
Ni14,13.53,1.1111111111111111e-07
Sn14,0.03,7.166666666666667e-05
Sn14,0.09,5.333333333333334e-06
Sn14,0.15,2.666666666666667e-06
Sn14,0.21,5.333333333333334e-06
Sn14,0.27,2.666666666666667e-06
Sn14,0.32999999999999996,3.6666666666666666e-06
Sn14,0.39,3e-06
Sn14,0.44999999999999996,2.333333333333333e-06
Sn14,0.51,3e-06
Sn14,0.5700000000000001,4.666666666666666e-06
Sn14,0.6299999999999999,4.666666666666666e-06
Sn14,0.69,3.6666666666666666e-06
Sn14,0.75,6.666666666666667e-06
Sn14,0.81,3.6666666666666666e-06
Sn14,0.8699999999999999,5.333333333333334e-06
Sn14,0.9299999999999999,6.333333333333333e-06
Sn14,0.99,6e-06
Sn14,1.05,8.666666666666666e-06
Sn14,1.1099999999999999,5.666666666666667e-06
Sn14,1.17,1.0666666666666667e-05
Sn14,1.23,5.333333333333334e-06
Sn14,1.29,1e-05
Sn14,1.3499999999999999,1.2e-05
Sn14,1.41,6e-06
Sn14,1.47,1.4666666666666666e-05
Sn14,1.53,1e-05
Sn14,1.5899999999999999,1.4e-05
Sn14,1.65,1.1333333333333334e-05
Sn14,1.71,1.6e-05
Sn14,1.77,1.4666666666666666e-05
Sn14,1.8299999999999998,2.0666666666666666e-05
Sn14,1.89,2.0666666666666666e-05
Sn14,1.95,2.2e-05
Sn14,2.01,2.1333333333333335e-05
Sn14,2.0700000000000003,2.5333333333333334e-05
Sn14,2.13,2.8333333333333332e-05
Sn14,2.19,3.1e-05
Sn14,2.25,3.8333333333333334e-05
Sn14,2.3099999999999996,3.8e-05
Sn14,2.37,4.3333333333333334e-05
Sn14,2.4299999999999997,4.6e-05
Sn14,2.49,4.7e-05
Sn14,2.55,5.1e-05
Sn14,2.61,6e-05
Sn14,2.67,6.3e-05
Sn14,2.7299999999999995,6.466666666666666e-05
Sn14,2.79,7.266666666666667e-05
Sn14,2.8499999999999996,6.633333333333334e-05
Sn14,2.91,8.4e-05
Sn14,2.9699999999999998,9.066666666666667e-05
Sn14,3.0300000000000002,9.333333333333333e-05
Sn14,3.09,0.00011
Sn14,3.15,0.000121
Sn14,3.21,0.00012433333333333334
Sn14,3.2699999999999996,0.00015666666666666666
Sn14,3.33,0.000156
Sn14,3.3899999999999997,0.00018366666666666667
Sn14,3.45,0.00019933333333333334
Sn14,3.51,0.000212
Sn14,3.57,0.000241
Sn14,3.63,0.000263
Sn14,3.6899999999999995,0.00028
Sn14,3.75,0.0003026666666666667
Sn14,3.8099999999999996,0.000336
Sn14,3.87,0.000367
Sn14,3.9299999999999997,0.000393
Sn14,3.9899999999999998,0.00043266666666666665
Sn14,4.05,0.00047566666666666666
Sn14,4.109999999999999,0.000526
Sn14,4.17,0.000557
Sn14,4.23,0.0006066666666666667
Sn14,4.29,0.000675
Sn14,4.35,0.0007183333333333333
Sn14,4.41,0.0008023333333333333
Sn14,4.47,0.0008413333333333334
Sn14,4.529999999999999,0.0009373333333333333
Sn14,4.59,0.0010353333333333334
Sn14,4.65,0.001096
Sn14,4.71,0.001225
Sn14,4.77,0.001319
Sn14,4.83,0.0014523333333333333
Sn14,4.89,0.0015766666666666668
Sn14,4.949999999999999,0.001701
Sn14,5.01,0.001853
Sn14,5.07,0.002020333333333333
Sn14,5.13,0.002175
Sn14,5.1899999999999995,0.002353
Sn14,5.25,0.002508666666666667
Sn14,5.31,0.002714
Sn14,5.369999999999999,0.002903666666666667
Sn14,5.43,0.003139
Sn14,5.49,0.0033803333333333333
Sn14,5.55,0.0036006666666666665
Sn14,5.609999999999999,0.003864666666666667
Sn14,5.67,0.0042316666666666666
Sn14,5.73,0.004504
Sn14,5.789999999999999,0.004896
Sn14,5.85,0.0050943333333333335
Sn14,5.91,0.005534
Sn14,5.97,0.0058453333333333335
Sn14,6.029999999999999,0.006273666666666667
Sn14,6.09,0.0066433333333333336
Sn14,6.15,0.007091333333333333
Sn14,6.21,0.007504333333333333
Sn14,6.27,0.007932333333333333
Sn14,6.33,0.008422333333333334
Sn14,6.39,0.008820333333333333
Sn14,6.449999999999999,0.009266
Sn14,6.51,0.009770333333333334
Sn14,6.57,0.010295666666666667
Sn14,6.63,0.010832666666666668
Sn14,6.6899999999999995,0.011301333333333333
Sn14,6.75,0.011930333333333333
Sn14,6.81,0.012471
Sn14,6.869999999999999,0.012844
Sn14,6.93,0.013511
Sn14,6.99,0.013953666666666666
Sn14,7.05,0.014493
Sn14,7.109999999999999,0.014943333333333333
Sn14,7.17,0.015596333333333334
Sn14,7.2299999999999995,0.016030333333333334
Sn14,7.289999999999999,0.016361666666666667
Sn14,7.35,0.016827
Sn14,7.41,0.017211
Sn14,7.47,0.017540666666666666
Sn14,7.529999999999999,0.017903666666666665
Sn14,7.59,0.018172
Sn14,7.65,0.018521
Sn14,7.709999999999999,0.018813666666666666
Sn14,7.77,0.018880666666666667
Sn14,7.83,0.019342
Sn14,7.89,0.019296333333333332
Sn14,7.949999999999999,0.019435666666666667
Sn14,8.01,0.019461333333333334
Sn14,8.07,0.019446666666666668
Sn14,8.129999999999999,0.019184666666666666
Sn14,8.19,0.019053333333333332
Sn14,8.25,0.018923333333333334
Sn14,8.309999999999999,0.018712666666666666
Sn14,8.370000000000001,0.018441333333333334
Sn14,8.43,0.018183666666666667
Sn14,8.489999999999998,0.017745
Sn14,8.55,0.017498666666666666
Sn14,8.61,0.016998333333333334
Sn14,8.67,0.016619
Sn14,8.73,0.016093666666666666
Sn14,8.79,0.015602
Sn14,8.85,0.015025333333333333
Sn14,8.91,0.014396
Sn14,8.969999999999999,0.013959666666666667
Sn14,9.030000000000001,0.013296666666666667
Sn14,9.09,0.012677666666666667
Sn14,9.149999999999999,0.012075
Sn14,9.21,0.011371
Sn14,9.27,0.010800666666666667
Sn14,9.329999999999998,0.010080666666666667
Sn14,9.39,0.009512333333333333
Sn14,9.45,0.008842666666666667
Sn14,9.51,0.008260333333333333
Sn14,9.57,0.007704
Sn14,9.629999999999999,0.007137666666666666
Sn14,9.69,0.006564666666666667
Sn14,9.75,0.006052666666666666
Sn14,9.809999999999999,0.005546
Sn14,9.870000000000001,0.005062333333333334
Sn14,9.93,0.004616
Sn14,9.989999999999998,0.004214333333333333
Sn14,10.05,0.0037663333333333333
Sn14,10.11,0.0033983333333333335
Sn14,10.169999999999998,0.0030426666666666666
Sn14,10.23,0.0027396666666666667
Sn14,10.29,0.002384666666666667
Sn14,10.35,0.0021563333333333335
Sn14,10.41,0.0018986666666666668
Sn14,10.469999999999999,0.0016573333333333334
Sn14,10.53,0.0014926666666666667
Sn14,10.59,0.001273
Sn14,10.649999999999999,0.0011166666666666666
Sn14,10.71,0.0009776666666666666
Sn14,10.77,0.0008066666666666667
Sn14,10.829999999999998,0.000731
Sn14,10.89,0.00062
Sn14,10.95,0.0005293333333333334
Sn14,11.01,0.00045233333333333334
Sn14,11.07,0.000397
Sn14,11.129999999999999,0.000326
Sn14,11.19,0.0002773333333333333
Sn14,11.25,0.000232
Sn14,11.309999999999999,0.000182
Sn14,11.370000000000001,0.00014533333333333333
Sn14,11.43,0.00012666666666666666
Sn14,11.489999999999998,9.6e-05
Sn14,11.55,7.966666666666666e-05
Sn14,11.61,7.3e-05
Sn14,11.669999999999998,5.566666666666667e-05
Sn14,11.73,4.7e-05
Sn14,11.79,4.3666666666666666e-05
Sn14,11.85,3.3333333333333335e-05
Sn14,11.91,2.6666666666666667e-05
Sn14,11.969999999999999,1.8666666666666665e-05
Sn14,12.03,1.0333333333333333e-05
Sn14,12.09,1e-05
Sn14,12.149999999999999,9.333333333333333e-06
Sn14,12.21,7.666666666666667e-06
Sn14,12.27,6e-06
Sn14,12.329999999999998,4e-06
Sn14,12.39,2.333333333333333e-06
Sn14,12.45,2.333333333333333e-06
Sn14,12.51,1.6666666666666667e-06
Sn14,12.57,1.3333333333333334e-06
Sn14,12.629999999999999,6.666666666666667e-07
Sn14,12.69,3.3333333333333335e-07
Sn14,12.75,0.0
Sn14,12.809999999999999,0.0
Sn14,12.870000000000001,3.3333333333333335e-07
Sn14,12.93,3.3333333333333335e-07
Sn14,12.989999999999998,3.3333333333333335e-07
Ta14,0.03,0.000214375
Ta14,0.09,1.2625e-05
Ta14,0.15,1.225e-05
Ta14,0.21,1e-05
Ta14,0.27,5.5e-06
Ta14,0.32999999999999996,6.875e-06
Ta14,0.39,8.75e-06
Ta14,0.44999999999999996,9.5e-06
Ta14,0.51,9.875e-06
Ta14,0.5700000000000001,1.175e-05
Ta14,0.6299999999999999,1.0875e-05
Ta14,0.69,1.3375e-05
Ta14,0.75,1.5375e-05
Ta14,0.81,1.525e-05
Ta14,0.8699999999999999,1.8e-05
Ta14,0.9299999999999999,1.7375e-05
Ta14,0.99,2.0375e-05
Ta14,1.05,1.9375e-05
Ta14,1.1099999999999999,2.25e-05
Ta14,1.17,2.3875e-05
Ta14,1.23,2.6625e-05
Ta14,1.29,2.6875e-05
Ta14,1.3499999999999999,3.1375e-05
Ta14,1.41,2.9875e-05
Ta14,1.47,3.5125e-05
Ta14,1.53,3.4e-05
Ta14,1.5899999999999999,4.025e-05
Ta14,1.65,4.1e-05
Ta14,1.71,4.45e-05
Ta14,1.77,5.0875e-05
Ta14,1.8299999999999998,5.275e-05
Ta14,1.89,5.75e-05
Ta14,1.95,6.5e-05
Ta14,2.01,6.55e-05
Ta14,2.0700000000000003,7.4e-05
Ta14,2.13,8.1125e-05
Ta14,2.19,8.3125e-05
Ta14,2.25,9.6125e-05
Ta14,2.3099999999999996,0.0001025
Ta14,2.37,0.000107
Ta14,2.4299999999999997,0.00012025
Ta14,2.49,0.000129125
Ta14,2.55,0.00014025
Ta14,2.61,0.000150625
Ta14,2.67,0.000163375
Ta14,2.7299999999999995,0.0001765
Ta14,2.79,0.000195875
Ta14,2.8499999999999996,0.000208625
Ta14,2.91,0.00023225
Ta14,2.9699999999999998,0.00025175
Ta14,3.0300000000000002,0.000266625
Ta14,3.09,0.000292375
Ta14,3.15,0.000322125
Ta14,3.21,0.000342
Ta14,3.2699999999999996,0.000373
Ta14,3.33,0.000401625
Ta14,3.3899999999999997,0.000429
Ta14,3.45,0.00047725
Ta14,3.51,0.00051125
Ta14,3.57,0.00054675
Ta14,3.63,0.00060325
Ta14,3.6899999999999995,0.000647125
Ta14,3.75,0.000704125
Ta14,3.8099999999999996,0.00075225
Ta14,3.87,0.000825625
Ta14,3.9299999999999997,0.000899875
Ta14,3.9899999999999998,0.000970875
Ta14,4.05,0.0010315
Ta14,4.109999999999999,0.001146375
Ta14,4.17,0.00121025
Ta14,4.23,0.0013395
Ta14,4.29,0.001414625
Ta14,4.35,0.001564625
Ta14,4.41,0.001654625
Ta14,4.47,0.00179025
Ta14,4.529999999999999,0.001916125
Ta14,4.59,0.00207525
Ta14,4.65,0.002226375
Ta14,4.71,0.00240475
Ta14,4.77,0.00257
Ta14,4.83,0.002754
Ta14,4.89,0.002964625
Ta14,4.949999999999999,0.00317675
Ta14,5.01,0.003399875
Ta14,5.07,0.0036415
Ta14,5.13,0.00387925
Ta14,5.1899999999999995,0.004127
Ta14,5.25,0.00443025
Ta14,5.31,0.004682
Ta14,5.369999999999999,0.005041125
Ta14,5.43,0.005341625
Ta14,5.49,0.005701125
Ta14,5.55,0.0059995
Ta14,5.609999999999999,0.0063935
Ta14,5.67,0.006753625
Ta14,5.73,0.007104875
Ta14,5.789999999999999,0.00752975
Ta14,5.85,0.007925875
Ta14,5.91,0.008379875
Ta14,5.97,0.008762875
Ta14,6.029999999999999,0.00926875
Ta14,6.09,0.009695625
Ta14,6.15,0.01015625
Ta14,6.21,0.0106305
Ta14,6.27,0.011041
Ta14,6.33,0.01160575
Ta14,6.39,0.012021375
Ta14,6.449999999999999,0.01253325
Ta14,6.51,0.013059
Ta14,6.57,0.013494875
Ta14,6.63,0.013972625
Ta14,6.6899999999999995,0.01441425
Ta14,6.75,0.014849125
Ta14,6.81,0.01525825
Ta14,6.869999999999999,0.0157035
Ta14,6.93,0.016040375
Ta14,6.99,0.016445125
Ta14,7.05,0.016798125
Ta14,7.109999999999999,0.017133625
Ta14,7.17,0.0174
Ta14,7.2299999999999995,0.017683
Ta14,7.289999999999999,0.01794675
Ta14,7.35,0.01812
Ta14,7.41,0.018286875
Ta14,7.47,0.018448625
Ta14,7.529999999999999,0.018467625
Ta14,7.59,0.018536625
Ta14,7.65,0.0185355
Ta14,7.709999999999999,0.018485625
Ta14,7.77,0.01840125
Ta14,7.83,0.0182775
Ta14,7.89,0.018123
Ta14,7.949999999999999,0.017853875
Ta14,8.01,0.01759575
Ta14,8.07,0.017355625
Ta14,8.129999999999999,0.01702325
Ta14,8.19,0.016627875
Ta14,8.25,0.016262375
Ta14,8.309999999999999,0.015903125
Ta14,8.370000000000001,0.015433875
Ta14,8.43,0.014916
Ta14,8.489999999999998,0.01440075
Ta14,8.55,0.013980625
Ta14,8.61,0.013393375
Ta14,8.67,0.012794125
Ta14,8.73,0.012218875
Ta14,8.79,0.0116955
Ta14,8.85,0.011101625
Ta14,8.91,0.010488875
Ta14,8.969999999999999,0.009899125
Ta14,9.030000000000001,0.00932175
Ta14,9.09,0.008751125
Ta14,9.149999999999999,0.008198875
Ta14,9.21,0.007609
Ta14,9.27,0.007097375
Ta14,9.329999999999998,0.006566625
Ta14,9.39,0.006101875
Ta14,9.45,0.0056105
Ta14,9.51,0.005132875
Ta14,9.57,0.0047005
Ta14,9.629999999999999,0.004282875
Ta14,9.69,0.00390975
Ta14,9.75,0.00352775
Ta14,9.809999999999999,0.003181875
Ta14,9.870000000000001,0.002853875
Ta14,9.93,0.002553375
Ta14,9.989999999999998,0.00229525
Ta14,10.05,0.0020375
Ta14,10.11,0.001799625
Ta14,10.169999999999998,0.001596
Ta14,10.23,0.001401875
Ta14,10.29,0.00122425
Ta14,10.35,0.001079375
Ta14,10.41,0.00093525
Ta14,10.469999999999999,0.00081325
Ta14,10.53,0.0007105
Ta14,10.59,0.0006065
Ta14,10.649999999999999,0.000522125
Ta14,10.71,0.000453
Ta14,10.77,0.000384125
Ta14,10.829999999999998,0.000325125
Ta14,10.89,0.0002665
Ta14,10.95,0.00023225
Ta14,11.01,0.000190375
Ta14,11.07,0.000157375
Ta14,11.129999999999999,0.000132625
Ta14,11.19,0.000108125
Ta14,11.25,8.5875e-05
Ta14,11.309999999999999,7.075e-05
Ta14,11.370000000000001,6.0625e-05
Ta14,11.43,5.125e-05
Ta14,11.489999999999998,3.8875e-05
Ta14,11.55,3.275e-05
Ta14,11.61,2.775e-05
Ta14,11.669999999999998,2.125e-05
Ta14,11.73,1.7375e-05
Ta14,11.79,1.4125e-05
Ta14,11.85,8.5e-06
Ta14,11.91,7.25e-06
Ta14,11.969999999999999,6e-06
Ta14,12.03,4.875e-06
Ta14,12.09,4.125e-06
Ta14,12.149999999999999,2.875e-06
Ta14,12.21,2e-06
Ta14,12.27,1.375e-06
Ta14,12.329999999999998,8.75e-07
Ta14,12.39,6.25e-07
Ta14,12.45,3.75e-07
Ta14,12.51,2.5e-07
Ta14,12.57,2.5e-07
Ta14,12.629999999999999,1.25e-07
Ta14,12.69,1.25e-07
Ta14,12.75,1.25e-07
Ta14,12.809999999999999,1.25e-07
Ta14,12.870000000000001,1.25e-07
Cu14,0.03,0.001356
Cu14,0.09,7.009090909090909e-05
Cu14,0.15,6.718181818181819e-05
Cu14,0.21,4.872727272727273e-05
Cu14,0.27,3.927272727272727e-05
Cu14,0.32999999999999996,4.236363636363636e-05
Cu14,0.39,4.6636363636363634e-05
Cu14,0.44999999999999996,5.3e-05
Cu14,0.51,5.490909090909091e-05
Cu14,0.5700000000000001,5.6454545454545455e-05
Cu14,0.6299999999999999,6.281818181818181e-05
Cu14,0.69,6.654545454545455e-05
Cu14,0.75,7.218181818181819e-05
Cu14,0.81,8e-05
Cu14,0.8699999999999999,8.254545454545454e-05
Cu14,0.9299999999999999,8.727272727272727e-05
Cu14,0.99,9.436363636363636e-05
Cu14,1.05,0.00010445454545454545
Cu14,1.1099999999999999,0.00011090909090909092
Cu14,1.17,0.00011654545454545454
Cu14,1.23,0.000128
Cu14,1.29,0.00013527272727272729
Cu14,1.3499999999999999,0.00014472727272727272
Cu14,1.41,0.00015463636363636363
Cu14,1.47,0.00016772727272727273
Cu14,1.53,0.00018254545454545455
Cu14,1.5899999999999999,0.000183
Cu14,1.65,0.00020872727272727273
Cu14,1.71,0.0002190909090909091
Cu14,1.77,0.00023
Cu14,1.8299999999999998,0.00025618181818181816
Cu14,1.89,0.0002652727272727273
Cu14,1.95,0.0002798181818181818
Cu14,2.01,0.000315
Cu14,2.0700000000000003,0.00032372727272727273
Cu14,2.13,0.0003462727272727273
Cu14,2.19,0.0003796363636363636
Cu14,2.25,0.0003999090909090909
Cu14,2.3099999999999996,0.0004199090909090909
Cu14,2.37,0.00047336363636363635
Cu14,2.4299999999999997,0.0004825454545454545
Cu14,2.49,0.0005316363636363637
Cu14,2.55,0.0005670909090909091
Cu14,2.61,0.0005960909090909091
Cu14,2.67,0.0006644545454545454
Cu14,2.7299999999999995,0.0006801818181818182
Cu14,2.79,0.0007520909090909091
Cu14,2.8499999999999996,0.000787909090909091
Cu14,2.91,0.0008557272727272728
Cu14,2.9699999999999998,0.0009233636363636363
Cu14,3.0300000000000002,0.000962
Cu14,3.09,0.001064090909090909
Cu14,3.15,0.0011150909090909091
Cu14,3.21,0.0012127272727272727
Cu14,3.2699999999999996,0.0012681818181818183
Cu14,3.33,0.0013688181818181818
Cu14,3.3899999999999997,0.0014524545454545454
Cu14,3.45,0.0015542727272727273
Cu14,3.51,0.0016646363636363636
Cu14,3.57,0.0017803636363636363
Cu14,3.63,0.0018987272727272726
Cu14,3.6899999999999995,0.0020234545454545453
Cu14,3.75,0.0021521818181818183
Cu14,3.8099999999999996,0.002313
Cu14,3.87,0.0024491818181818182
Cu14,3.9299999999999997,0.002617
Cu14,3.9899999999999998,0.0027865454545454547
Cu14,4.05,0.0029504545454545456
Cu14,4.109999999999999,0.0031453636363636362
Cu14,4.17,0.003331090909090909
Cu14,4.23,0.003528727272727273
Cu14,4.29,0.0037588181818181817
Cu14,4.35,0.003990818181818182
Cu14,4.41,0.004221636363636364
Cu14,4.47,0.004473909090909091
Cu14,4.529999999999999,0.00471
Cu14,4.59,0.005023909090909091
Cu14,4.65,0.005285272727272727
Cu14,4.71,0.005570727272727272
Cu14,4.77,0.005870545454545455
Cu14,4.83,0.006181363636363637
Cu14,4.89,0.006514909090909091
Cu14,4.949999999999999,0.006839181818181818
Cu14,5.01,0.007179181818181818
Cu14,5.07,0.007551090909090909
Cu14,5.13,0.007899454545454546
Cu14,5.1899999999999995,0.008312545454545454
Cu14,5.25,0.008658090909090909
Cu14,5.31,0.00905090909090909
Cu14,5.369999999999999,0.009442090909090909
Cu14,5.43,0.009842818181818182
Cu14,5.49,0.010266363636363636
Cu14,5.55,0.010657272727272727
Cu14,5.609999999999999,0.011098818181818182
Cu14,5.67,0.01148990909090909
Cu14,5.73,0.011924090909090908
Cu14,5.789999999999999,0.012318818181818183
Cu14,5.85,0.012725181818181818
Cu14,5.91,0.013135454545454546
Cu14,5.97,0.013532090909090909
Cu14,6.029999999999999,0.01388890909090909
Cu14,6.09,0.014261545454545454
Cu14,6.15,0.014621818181818182
Cu14,6.21,0.014953818181818181
Cu14,6.27,0.015303272727272728
Cu14,6.33,0.015625636363636362
Cu14,6.39,0.015905
Cu14,6.449999999999999,0.016172636363636365
Cu14,6.51,0.016420545454545455
Cu14,6.57,0.01661290909090909
Cu14,6.63,0.016822090909090908
Cu14,6.6899999999999995,0.017001545454545453
Cu14,6.75,0.017111545454545456
Cu14,6.81,0.01717790909090909
Cu14,6.869999999999999,0.017285454545454545
Cu14,6.93,0.017288818181818183
Cu14,6.99,0.017323727272727272
Cu14,7.05,0.01726181818181818
Cu14,7.109999999999999,0.017196363636363635
Cu14,7.17,0.01705909090909091
Cu14,7.2299999999999995,0.016974090909090907
Cu14,7.289999999999999,0.01673
Cu14,7.35,0.016514454545454544
Cu14,7.41,0.016296181818181817
Cu14,7.47,0.016011181818181817
Cu14,7.529999999999999,0.01570190909090909
Cu14,7.59,0.015389818181818182
Cu14,7.65,0.015028454545454546
Cu14,7.709999999999999,0.014637818181818182
Cu14,7.77,0.014248454545454545
Cu14,7.83,0.013828272727272727
Cu14,7.89,0.013375545454545454
Cu14,7.949999999999999,0.012903272727272727
Cu14,8.01,0.012415727272727273
Cu14,8.07,0.011911727272727273
Cu14,8.129999999999999,0.011393909090909092
Cu14,8.19,0.010876909090909092
Cu14,8.25,0.010394
Cu14,8.309999999999999,0.009858181818181818
Cu14,8.370000000000001,0.009341181818181818
Cu14,8.43,0.008789545454545454
Cu14,8.489999999999998,0.00830009090909091
Cu14,8.55,0.007787636363636364
Cu14,8.61,0.007293818181818182
Cu14,8.67,0.006789272727272727
Cu14,8.73,0.006335090909090909
Cu14,8.79,0.005888272727272727
Cu14,8.85,0.005448818181818181
Cu14,8.91,0.005037272727272727
Cu14,8.969999999999999,0.004627818181818182
Cu14,9.030000000000001,0.004247636363636364
Cu14,9.09,0.0038745454545454547
Cu14,9.149999999999999,0.0035275454545454546
Cu14,9.21,0.003199181818181818
Cu14,9.27,0.0029074545454545455
Cu14,9.329999999999998,0.002616818181818182
Cu14,9.39,0.0023651818181818184
Cu14,9.45,0.002112363636363636
Cu14,9.51,0.0018818181818181818
Cu14,9.57,0.0016771818181818181
Cu14,9.629999999999999,0.0014937272727272727
Cu14,9.69,0.0013161818181818181
Cu14,9.75,0.0011606363636363637
Cu14,9.809999999999999,0.0010258181818181818
Cu14,9.870000000000001,0.0008964545454545454
Cu14,9.93,0.000785
Cu14,9.989999999999998,0.0006858181818181819
Cu14,10.05,0.0005906363636363636
Cu14,10.11,0.0005107272727272727
Cu14,10.169999999999998,0.00044554545454545454
Cu14,10.23,0.00037863636363636365
Cu14,10.29,0.000321
Cu14,10.35,0.00027563636363636364
Cu14,10.41,0.00023281818181818183
Cu14,10.469999999999999,0.00019472727272727274
Cu14,10.53,0.0001628181818181818
Cu14,10.59,0.00013672727272727274
Cu14,10.649999999999999,0.00011345454545454545
Cu14,10.71,9.427272727272728e-05
Cu14,10.77,7.745454545454546e-05
Cu14,10.829999999999998,6.536363636363636e-05
Cu14,10.89,5.318181818181818e-05
Cu14,10.95,4.490909090909091e-05
Cu14,11.01,3.4454545454545455e-05
Cu14,11.07,2.981818181818182e-05
Cu14,11.129999999999999,2.5e-05
Cu14,11.19,1.9272727272727272e-05
Cu14,11.25,1.6363636363636363e-05
Cu14,11.309999999999999,1.2454545454545454e-05
Cu14,11.370000000000001,8.818181818181819e-06
Cu14,11.43,6.545454545454546e-06
Cu14,11.489999999999998,5.636363636363636e-06
Cu14,11.55,4.636363636363636e-06
Cu14,11.61,3.272727272727273e-06
Cu14,11.669999999999998,2.9090909090909093e-06
Cu14,11.73,1.818181818181818e-06
Cu14,11.79,1.2727272727272728e-06
Cu14,11.85,1e-06
Cu14,11.91,7.272727272727273e-07
Cu14,11.969999999999999,6.363636363636364e-07
Cu14,12.03,2.7272727272727274e-07
Cu14,12.09,1.8181818181818183e-07
Cu14,12.149999999999999,1.8181818181818183e-07
Cu14,12.21,9.090909090909091e-08
Cu14,12.27,9.090909090909091e-08
Cu14,12.329999999999998,9.090909090909091e-08
Cu14,12.39,9.090909090909091e-08
Cu14,12.45,9.090909090909091e-08
