name,energy,flux
Ni08,27.63,3.3333333333333335e-07
Ni08,27.689999999999998,1.3333333333333334e-06
Ni08,27.75,1e-06
Ni08,27.81,1.6666666666666667e-06
Ni08,27.869999999999997,6e-06
Ni08,27.93,1.3e-05
Ni08,27.99,1.6666666666666667e-05
Ni08,28.049999999999997,3.066666666666667e-05
Ni08,28.11,4.7e-05
Ni08,28.17,7.133333333333334e-05
Ni08,28.229999999999997,0.00012233333333333334
Ni08,28.29,0.00019633333333333333
Ni08,28.35,0.00028866666666666667
Ni08,28.409999999999997,0.000431
Ni08,28.47,0.000627
Ni08,28.53,0.0009493333333333334
Ni08,28.589999999999996,0.0013193333333333334
Ni08,28.65,0.0018753333333333332
Ni08,28.71,0.0026373333333333335
Ni08,28.769999999999996,0.003428
Ni08,28.83,0.004736
Ni08,28.89,0.006138
Ni08,28.95,0.007852666666666668
Ni08,29.009999999999998,0.010131333333333332
Ni08,29.07,0.012549333333333332
Ni08,29.13,0.015436333333333333
Ni08,29.189999999999998,0.018883
Ni08,29.25,0.022214333333333332
Ni08,29.31,0.026069666666666668
Ni08,29.369999999999997,0.029894333333333332
Ni08,29.43,0.033951666666666665
Ni08,29.49,0.037738
Ni08,29.549999999999997,0.041451666666666664
Ni08,29.61,0.044339333333333335
Ni08,29.67,0.04744633333333333
Ni08,29.729999999999997,0.049277666666666664
Ni08,29.79,0.050639333333333335
Ni08,29.85,0.05124566666666667
Ni08,29.909999999999997,0.05102533333333333
Ni08,29.97,0.049717333333333336
Ni08,30.03,0.04788833333333333
Ni08,30.089999999999996,0.045172666666666667
Ni08,30.15,0.041819666666666665
Ni08,30.21,0.038599666666666664
Ni08,30.269999999999996,0.034436666666666664
Ni08,30.33,0.03037
Ni08,30.39,0.026459
Ni08,30.45,0.022586666666666668
Ni08,30.509999999999998,0.019168333333333332
Ni08,30.57,0.015758666666666667
Ni08,30.63,0.012937666666666667
Ni08,30.689999999999998,0.010231333333333334
Ni08,30.75,0.008166666666666666
Ni08,30.81,0.006299
Ni08,30.869999999999997,0.004813
Ni08,30.93,0.003660333333333333
Ni08,30.99,0.0026476666666666667
Ni08,31.049999999999997,0.0019033333333333333
Ni08,31.11,0.0013703333333333334
Ni08,31.17,0.0009593333333333333
Ni08,31.229999999999997,0.0006696666666666667
Ni08,31.29,0.000457
Ni08,31.35,0.00027
Ni08,31.409999999999997,0.00020533333333333333
Ni08,31.47,0.00013766666666666666
Ni08,31.53,8.2e-05
Ni08,31.589999999999996,5.1e-05
Ni08,31.65,3.0333333333333333e-05
Ni08,31.71,2.1333333333333335e-05
Ni08,31.769999999999996,1.1333333333333334e-05
Ni08,31.83,6.666666666666667e-06
Ni08,31.89,4.333333333333333e-06
Ni08,31.95,1.3333333333333334e-06
Ni08,32.01,1.6666666666666667e-06
Ni08,32.07,6.666666666666667e-07
Ni08,32.129999999999995,0.0
Ni08,32.19,3.3333333333333335e-07
Sn08,27.509999999999998,3.3333333333333335e-07
Sn08,27.57,6.666666666666667e-07
Sn08,27.63,2.333333333333333e-06
Sn08,27.689999999999998,3.3333333333333333e-06
Sn08,27.75,4.666666666666666e-06
Sn08,27.81,1.0666666666666667e-05
Sn08,27.869999999999997,2.6e-05
Sn08,27.93,4.3e-05
Sn08,27.99,5.4e-05
Sn08,28.049999999999997,9.533333333333334e-05
Sn08,28.11,0.00014266666666666667
Sn08,28.17,0.00021733333333333332
Sn08,28.229999999999997,0.00037466666666666665
Sn08,28.29,0.000553
Sn08,28.35,0.000807
Sn08,28.409999999999997,0.0011626666666666667
Sn08,28.47,0.0016503333333333333
Sn08,28.53,0.002324333333333333
Sn08,28.589999999999996,0.003173
Sn08,28.65,0.0044206666666666665
Sn08,28.71,0.005810666666666666
Sn08,28.769999999999996,0.007579333333333334
Sn08,28.83,0.009690333333333334
Sn08,28.89,0.012196666666666666
Sn08,28.95,0.015211666666666667
Sn08,29.009999999999998,0.018498333333333332
Sn08,29.07,0.02234066666666667
Sn08,29.13,0.026446
Sn08,29.189999999999998,0.030586333333333333
Sn08,29.25,0.034462
Sn08,29.31,0.038434666666666666
Sn08,29.369999999999997,0.04235233333333333
Sn08,29.43,0.04585433333333333
Sn08,29.49,0.048632
Sn08,29.549999999999997,0.05071866666666667
Sn08,29.61,0.052076333333333336
Sn08,29.67,0.05271933333333333
Sn08,29.729999999999997,0.052344666666666664
Sn08,29.79,0.05098133333333333
Sn08,29.85,0.048771
Sn08,29.909999999999997,0.045668
Sn08,29.97,0.04210666666666667
Sn08,30.03,0.038240666666666666
Sn08,30.089999999999996,0.033904
Sn08,30.15,0.029781
Sn08,30.21,0.025898333333333332
Sn08,30.269999999999996,0.021847333333333333
Sn08,30.33,0.017989
Sn08,30.39,0.014765333333333333
Sn08,30.45,0.011930333333333333
Sn08,30.509999999999998,0.009490666666666666
Sn08,30.57,0.00741
Sn08,30.63,0.005647
Sn08,30.689999999999998,0.004198333333333333
Sn08,30.75,0.003089
Sn08,30.81,0.0022586666666666666
Sn08,30.869999999999997,0.0016363333333333334
Sn08,30.93,0.0011383333333333334
Sn08,30.99,0.0007443333333333333
Sn08,31.049999999999997,0.000483
Sn08,31.11,0.00036166666666666666
Sn08,31.17,0.00024133333333333334
Sn08,31.229999999999997,0.00015566666666666666
Sn08,31.29,9.566666666666667e-05
Sn08,31.35,5.6e-05
Sn08,31.409999999999997,3.566666666666667e-05
Sn08,31.47,2.4666666666666665e-05
Sn08,31.53,1.4e-05
Sn08,31.589999999999996,7.666666666666667e-06
Sn08,31.65,3.6666666666666666e-06
Sn08,31.71,3e-06
Sn08,31.769999999999996,1e-06
Sn08,31.83,3.3333333333333335e-07
Sn08,31.89,3.3333333333333335e-07
Sn08,31.95,3.3333333333333335e-07
Ta08,27.27,3.3333333333333335e-07
Ta08,27.33,1e-06
Ta08,27.39,1e-06
Ta08,27.45,2.333333333333333e-06
Ta08,27.509999999999998,3.6666666666666666e-06
Ta08,27.57,9.666666666666667e-06
Ta08,27.63,1.7e-05
Ta08,27.689999999999998,2.5666666666666666e-05
Ta08,27.75,4.3666666666666666e-05
Ta08,27.81,6.633333333333334e-05
Ta08,27.869999999999997,0.00010933333333333334
Ta08,27.93,0.00016733333333333333
Ta08,27.99,0.000265
Ta08,28.049999999999997,0.0003953333333333333
Ta08,28.11,0.000589
Ta08,28.17,0.000852
Ta08,28.229999999999997,0.0012443333333333334
Ta08,28.29,0.0016896666666666666
Ta08,28.35,0.0024523333333333333
Ta08,28.409999999999997,0.0032426666666666667
Ta08,28.47,0.0044013333333333335
Ta08,28.53,0.005793
Ta08,28.589999999999996,0.007444666666666666
Ta08,28.65,0.009595666666666667
Ta08,28.71,0.011972
Ta08,28.769999999999996,0.014751666666666666
Ta08,28.83,0.018146666666666665
Ta08,28.89,0.021403666666666668
Ta08,28.95,0.025433666666666667
Ta08,29.009999999999998,0.02905
Ta08,29.07,0.033298666666666664
Ta08,29.13,0.03692466666666667
Ta08,29.189999999999998,0.04090566666666667
Ta08,29.25,0.04381566666666667
Ta08,29.31,0.046926
Ta08,29.369999999999997,0.049022666666666666
Ta08,29.43,0.050687333333333334
Ta08,29.49,0.05132866666666667
Ta08,29.549999999999997,0.05113033333333333
Ta08,29.61,0.050316
Ta08,29.67,0.048324
Ta08,29.729999999999997,0.04595333333333333
Ta08,29.79,0.042624666666666665
Ta08,29.85,0.03913966666666667
Ta08,29.909999999999997,0.035203333333333336
Ta08,29.97,0.031145666666666665
Ta08,30.03,0.027316
Ta08,30.089999999999996,0.023205
Ta08,30.15,0.019806666666666667
Ta08,30.21,0.016232
Ta08,30.269999999999996,0.013468666666666667
Ta08,30.33,0.010647333333333333
Ta08,30.39,0.008538
Ta08,30.45,0.006594666666666667
Ta08,30.509999999999998,0.0050476666666666664
Ta08,30.57,0.0038413333333333333
Ta08,30.63,0.0027886666666666667
Ta08,30.689999999999998,0.0020456666666666666
Ta08,30.75,0.00143
Ta08,30.81,0.0010366666666666666
Ta08,30.869999999999997,0.0006996666666666667
Ta08,30.93,0.00049
Ta08,30.99,0.00029866666666666664
Ta08,31.049999999999997,0.00021766666666666665
Ta08,31.11,0.000147
Ta08,31.17,8.933333333333333e-05
Ta08,31.229999999999997,5.8666666666666665e-05
Ta08,31.29,3.233333333333333e-05
Ta08,31.35,2.2333333333333332e-05
Ta08,31.409999999999997,1.3333333333333333e-05
Ta08,31.47,7e-06
Ta08,31.53,5e-06
Ta08,31.589999999999996,1.6666666666666667e-06
Ta08,31.65,1.6666666666666667e-06
Ta08,31.71,6.666666666666667e-07
Ta08,31.769999999999996,0.0
Ta08,31.83,3.3333333333333335e-07
Cu08,26.97,3.3333333333333335e-07
Cu08,27.03,3.3333333333333335e-07
Cu08,27.089999999999996,1e-06
Cu08,27.15,1.3333333333333334e-06
Cu08,27.21,3.6666666666666666e-06
Cu08,27.27,7.333333333333333e-06
Cu08,27.33,1.4e-05
Cu08,27.39,2.3e-05
Cu08,27.45,3.5e-05
Cu08,27.509999999999998,5.3666666666666666e-05
Cu08,27.57,8.866666666666666e-05
Cu08,27.63,0.00013766666666666666
Cu08,27.689999999999998,0.00022333333333333333
Cu08,27.75,0.000316
Cu08,27.81,0.000483
Cu08,27.869999999999997,0.0007086666666666667
Cu08,27.93,0.0010413333333333333
Cu08,27.99,0.0014073333333333334
Cu08,28.049999999999997,0.0020283333333333334
Cu08,28.11,0.0027876666666666666
Cu08,28.17,0.003694666666666667
Cu08,28.229999999999997,0.004992333333333333
Cu08,28.29,0.006373666666666666
Cu08,28.35,0.00826
Cu08,28.409999999999997,0.010457666666666667
Cu08,28.47,0.012891
Cu08,28.53,0.015852
Cu08,28.589999999999996,0.019212
Cu08,28.65,0.022600666666666668
Cu08,28.71,0.026382333333333334
Cu08,28.769999999999996,0.030166
Cu08,28.83,0.03415
Cu08,28.89,0.03775333333333333
Cu08,28.95,0.041473
Cu08,29.009999999999998,0.044276666666666666
Cu08,29.07,0.047189
Cu08,29.13,0.04885933333333333
Cu08,29.189999999999998,0.05053133333333333
Cu08,29.25,0.050658
Cu08,29.31,0.050491
Cu08,29.369999999999997,0.049198
Cu08,29.43,0.047423
Cu08,29.49,0.04462666666666667
Cu08,29.549999999999997,0.041411
Cu08,29.61,0.038156666666666665
Cu08,29.67,0.034064333333333335
Cu08,29.729999999999997,0.03021
Cu08,29.79,0.026307666666666667
Cu08,29.85,0.022483
Cu08,29.909999999999997,0.019111666666666666
Cu08,29.97,0.015704333333333334
Cu08,30.03,0.012976333333333333
Cu08,30.089999999999996,0.010260333333333333
Cu08,30.15,0.008265666666666666
Cu08,30.21,0.006357333333333334
Cu08,30.269999999999996,0.004896333333333333
Cu08,30.33,0.0037393333333333332
Cu08,30.39,0.002713
Cu08,30.45,0.0019913333333333332
Cu08,30.509999999999998,0.0013896666666666667
Cu08,30.57,0.0010186666666666666
Cu08,30.63,0.0006913333333333333
Cu08,30.689999999999998,0.00048633333333333335
Cu08,30.75,0.00029666666666666665
Cu08,30.81,0.00021333333333333333
Cu08,30.869999999999997,0.00014633333333333333
Cu08,30.93,8.966666666666667e-05
Cu08,30.99,6.0666666666666666e-05
Cu08,31.049999999999997,3.1666666666666666e-05
Cu08,31.11,2.2666666666666668e-05
Cu08,31.17,1.4e-05
Cu08,31.229999999999997,7.666666666666667e-06
Cu08,31.29,5.333333333333334e-06
Cu08,31.35,1.6666666666666667e-06
Cu08,31.409999999999997,1.6666666666666667e-06
Cu08,31.47,6.666666666666667e-07
Cu08,31.53,0.0
Cu08,31.589999999999996,3.3333333333333335e-07
Al_degrader_E2_E1,24.81,1.4285714285714285e-07
Al_degrader_E2_E1,24.869999999999997,5.714285714285714e-07
Al_degrader_E2_E1,24.93,1.4285714285714285e-07
Al_degrader_E2_E1,24.990000000000002,5.714285714285714e-07
Al_degrader_E2_E1,25.049999999999997,1.7142857142857143e-06
Al_degrader_E2_E1,25.11,3.4285714285714285e-06
Al_degrader_E2_E1,25.17,5.142857142857143e-06
Al_degrader_E2_E1,25.229999999999997,7.857142857142858e-06
Al_degrader_E2_E1,25.29,1.0285714285714286e-05
Al_degrader_E2_E1,25.35,1.7e-05
Al_degrader_E2_E1,25.409999999999997,2.5e-05
Al_degrader_E2_E1,25.47,3.985714285714286e-05
Al_degrader_E2_E1,25.53,6.728571428571428e-05
Al_degrader_E2_E1,25.589999999999996,8.742857142857143e-05
Al_degrader_E2_E1,25.65,0.0001297142857142857
Al_degrader_E2_E1,25.71,0.00017442857142857142
Al_degrader_E2_E1,25.77,0.00025471428571428574
Al_degrader_E2_E1,25.83,0.00035471428571428573
Al_degrader_E2_E1,25.89,0.0004757142857142857
Al_degrader_E2_E1,25.95,0.000665
Al_degrader_E2_E1,26.009999999999998,0.0008637142857142857
Al_degrader_E2_E1,26.07,0.0011
Al_degrader_E2_E1,26.13,0.0014564285714285714
Al_degrader_E2_E1,26.189999999999998,0.001836857142857143
Al_degrader_E2_E1,26.25,0.002288714285714286
Al_degrader_E2_E1,26.31,0.0028965714285714285
Al_degrader_E2_E1,26.369999999999997,0.003524857142857143
Al_degrader_E2_E1,26.43,0.00424
Al_degrader_E2_E1,26.49,0.0051472857142857145
Al_degrader_E2_E1,26.549999999999997,0.006044
Al_degrader_E2_E1,26.61,0.006924571428571428
Al_degrader_E2_E1,26.67,0.008079857142857142
Al_degrader_E2_E1,26.729999999999997,0.009227714285714285
Al_degrader_E2_E1,26.79,0.010348142857142858
Al_degrader_E2_E1,26.85,0.011691857142857143
Al_degrader_E2_E1,26.909999999999997,0.012837285714285714
Al_degrader_E2_E1,26.97,0.013933857142857144
Al_degrader_E2_E1,27.03,0.015255571428571429
Al_degrader_E2_E1,27.089999999999996,0.016401285714285715
Al_degrader_E2_E1,27.15,0.017458428571428573
Al_degrader_E2_E1,27.21,0.018569
Al_degrader_E2_E1,27.27,0.019474857142857144
Al_degrader_E2_E1,27.33,0.020111
Al_degrader_E2_E1,27.39,0.021071142857142858
Al_degrader_E2_E1,27.45,0.021661857142857142
Al_degrader_E2_E1,27.509999999999998,0.02222742857142857
Al_degrader_E2_E1,27.57,0.022853428571428573
Al_degrader_E2_E1,27.63,0.02324957142857143
Al_degrader_E2_E1,27.689999999999998,0.023408857142857144
Al_degrader_E2_E1,27.75,0.023838571428571428
Al_degrader_E2_E1,27.81,0.02404457142857143
Al_degrader_E2_E1,27.869999999999997,0.024233142857142856
Al_degrader_E2_E1,27.93,0.024480571428571428
Al_degrader_E2_E1,27.99,0.024563142857142856
Al_degrader_E2_E1,28.049999999999997,0.024563857142857144
Al_degrader_E2_E1,28.11,0.024639428571428573
Al_degrader_E2_E1,28.17,0.02467957142857143
Al_degrader_E2_E1,28.229999999999997,0.024747428571428573
Al_degrader_E2_E1,28.29,0.024703142857142858
Al_degrader_E2_E1,28.35,0.024507428571428572
Al_degrader_E2_E1,28.409999999999997,0.02443242857142857
Al_degrader_E2_E1,28.47,0.024223285714285715
Al_degrader_E2_E1,28.53,0.024011714285714286
Al_degrader_E2_E1,28.589999999999996,0.023770142857142858
Al_degrader_E2_E1,28.65,0.02335142857142857
Al_degrader_E2_E1,28.71,0.02263657142857143
Al_degrader_E2_E1,28.769999999999996,0.022209714285714284
Al_degrader_E2_E1,28.83,0.021361
Al_degrader_E2_E1,28.89,0.020535571428571427
Al_degrader_E2_E1,28.95,0.019688285714285714
Al_degrader_E2_E1,29.009999999999998,0.01863342857142857
Al_degrader_E2_E1,29.07,0.017441428571428573
Al_degrader_E2_E1,29.13,0.016154428571428573
Al_degrader_E2_E1,29.189999999999998,0.014958857142857144
Al_degrader_E2_E1,29.25,0.013545714285714286
Al_degrader_E2_E1,29.31,0.012301142857142858
Al_degrader_E2_E1,29.369999999999997,0.010867571428571428
Al_degrader_E2_E1,29.43,0.009586142857142857
Al_degrader_E2_E1,29.49,0.008217
Al_degrader_E2_E1,29.549999999999997,0.0070768571428571425
Al_degrader_E2_E1,29.61,0.006015857142857143
Al_degrader_E2_E1,29.67,0.005041714285714286
Al_degrader_E2_E1,29.729999999999997,0.004137
Al_degrader_E2_E1,29.79,0.0033285714285714286
Al_degrader_E2_E1,29.85,0.0026491428571428573
Al_degrader_E2_E1,29.909999999999997,0.0021035714285714286
Al_degrader_E2_E1,29.97,0.0016388571428571429
Al_degrader_E2_E1,30.03,0.0012627142857142856
Al_degrader_E2_E1,30.089999999999996,0.0009564285714285714
Al_degrader_E2_E1,30.15,0.0006778571428571428
Al_degrader_E2_E1,30.21,0.0005094285714285715
Al_degrader_E2_E1,30.269999999999996,0.00036542857142857145
Al_degrader_E2_E1,30.33,0.00026571428571428574
Al_degrader_E2_E1,30.39,0.00018457142857142858
Al_degrader_E2_E1,30.45,0.00012257142857142857
Al_degrader_E2_E1,30.509999999999998,7.2e-05
Al_degrader_E2_E1,30.57,5.642857142857143e-05
Al_degrader_E2_E1,30.63,4.028571428571429e-05
Al_degrader_E2_E1,30.689999999999998,2.5571428571428572e-05
Al_degrader_E2_E1,30.75,1.5142857142857142e-05
Al_degrader_E2_E1,30.81,8.571428571428571e-06
Al_degrader_E2_E1,30.869999999999997,5.428571428571429e-06
Al_degrader_E2_E1,30.93,3.4285714285714285e-06
Al_degrader_E2_E1,30.99,2.4285714285714284e-06
Al_degrader_E2_E1,31.049999999999997,1.7142857142857143e-06
Al_degrader_E2_E1,31.11,1.4285714285714285e-07
Al_degrader_E2_E1,31.17,7.142857142857143e-07
Al_degrader_E2_E1,31.229999999999997,1.4285714285714285e-07
Al_degrader_E2_E1,31.29,0.0
Al_degrader_E2_E1,31.35,1.4285714285714285e-07
Ni09,24.45,3.3333333333333335e-07
Ni09,24.509999999999998,1e-06
Ni09,24.57,3.3333333333333335e-07
Ni09,24.63,1.3333333333333334e-06
Ni09,24.689999999999998,3e-06
Ni09,24.75,6.666666666666667e-06
Ni09,24.81,1.1666666666666666e-05
Ni09,24.869999999999997,1.6e-05
Ni09,24.93,2.7666666666666667e-05
Ni09,24.990000000000002,4.133333333333333e-05
Ni09,25.049999999999997,6.266666666666667e-05
Ni09,25.11,9.633333333333333e-05
Ni09,25.17,0.000147
Ni09,25.229999999999997,0.00022366666666666666
Ni09,25.29,0.00031966666666666667
Ni09,25.35,0.000466
Ni09,25.409999999999997,0.0006603333333333333
Ni09,25.47,0.000943
Ni09,25.53,0.001256
Ni09,25.589999999999996,0.0017526666666666667
Ni09,25.65,0.0024203333333333334
Ni09,25.71,0.0030536666666666668
Ni09,25.77,0.004088333333333334
Ni09,25.83,0.005289333333333333
Ni09,25.89,0.006604
Ni09,25.95,0.008388
Ni09,26.009999999999998,0.010422333333333334
Ni09,26.07,0.012473333333333333
Ni09,26.13,0.015310333333333334
Ni09,26.189999999999998,0.018053666666666666
Ni09,26.25,0.021035666666666668
Ni09,26.31,0.024366333333333334
Ni09,26.369999999999997,0.027584666666666667
Ni09,26.43,0.031037666666666668
Ni09,26.49,0.03428766666666667
Ni09,26.549999999999997,0.037631333333333336
Ni09,26.61,0.040100666666666666
Ni09,26.67,0.042569333333333334
Ni09,26.729999999999997,0.044874333333333336
Ni09,26.79,0.04623633333333333
Ni09,26.85,0.047245
Ni09,26.909999999999997,0.04722066666666667
Ni09,26.97,0.047024666666666666
Ni09,27.03,0.045650666666666666
Ni09,27.089999999999996,0.044103666666666666
Ni09,27.15,0.041704
Ni09,27.21,0.03891
Ni09,27.27,0.036151666666666665
Ni09,27.33,0.032646
Ni09,27.39,0.029212
Ni09,27.45,0.025864333333333333
Ni09,27.509999999999998,0.02235
Ni09,27.57,0.019387333333333333
Ni09,27.63,0.016324
Ni09,27.689999999999998,0.013683
Ni09,27.75,0.011348666666666667
Ni09,27.81,0.009051
Ni09,27.869999999999997,0.007323
Ni09,27.93,0.005726
Ni09,27.99,0.004503333333333333
Ni09,28.049999999999997,0.0034793333333333334
Ni09,28.11,0.002583666666666667
Ni09,28.17,0.0019133333333333333
Ni09,28.229999999999997,0.0014096666666666667
Ni09,28.29,0.001029
Ni09,28.35,0.0007076666666666667
Ni09,28.409999999999997,0.0005256666666666667
Ni09,28.47,0.000354
Ni09,28.53,0.00022833333333333334
Ni09,28.589999999999996,0.000164
Ni09,28.65,0.000117
Ni09,28.71,7.4e-05
Ni09,28.769999999999996,4.433333333333333e-05
Ni09,28.83,2.8333333333333332e-05
Ni09,28.89,2.0333333333333334e-05
Ni09,28.95,1.2666666666666667e-05
Ni09,29.009999999999998,6e-06
Ni09,29.07,5.333333333333334e-06
Ni09,29.13,1.6666666666666667e-06
Ni09,29.189999999999998,1.3333333333333334e-06
Ni09,29.25,1e-06
Ni09,29.31,0.0
Ni09,29.369999999999997,0.0
Ni09,29.43,3.3333333333333335e-07
Sn09,24.39,6.666666666666667e-07
Sn09,24.45,2e-06
Sn09,24.509999999999998,2.333333333333333e-06
Sn09,24.57,2.333333333333333e-06
Sn09,24.63,6.666666666666667e-06
Sn09,24.689999999999998,1.3666666666666667e-05
Sn09,24.75,2.8e-05
Sn09,24.81,3.8e-05
Sn09,24.869999999999997,5.1e-05
Sn09,24.93,8.466666666666666e-05
Sn09,24.990000000000002,0.00012133333333333333
Sn09,25.049999999999997,0.00018733333333333332
Sn09,25.11,0.00028733333333333334
Sn09,25.17,0.00043633333333333333
Sn09,25.229999999999997,0.0006116666666666667
Sn09,25.29,0.0008473333333333333
Sn09,25.35,0.0011936666666666667
Sn09,25.409999999999997,0.0016873333333333334
Sn09,25.47,0.0022476666666666665
Sn09,25.53,0.0029896666666666665
Sn09,25.589999999999996,0.004054333333333333
Sn09,25.65,0.005236
Sn09,25.71,0.006631333333333334
Sn09,25.77,0.008421333333333333
Sn09,25.83,0.010399333333333333
Sn09,25.89,0.012751
Sn09,25.95,0.015474666666666666
Sn09,26.009999999999998,0.018520333333333333
Sn09,26.07,0.021794
Sn09,26.13,0.025338
Sn09,26.189999999999998,0.028799
Sn09,26.25,0.032062
Sn09,26.31,0.03550533333333333
Sn09,26.369999999999997,0.03880466666666667
Sn09,26.43,0.04169666666666667
Sn09,26.49,0.044368333333333336
Sn09,26.549999999999997,0.04629966666666667
Sn09,26.61,0.04765433333333333
Sn09,26.67,0.04830266666666667
Sn09,26.729999999999997,0.048607333333333336
Sn09,26.79,0.047905
Sn09,26.85,0.04641066666666667
Sn09,26.909999999999997,0.044347333333333336
Sn09,26.97,0.041761
Sn09,27.03,0.03856
Sn09,27.089999999999996,0.035244333333333336
Sn09,27.15,0.031552
Sn09,27.21,0.028117333333333334
Sn09,27.27,0.024685666666666668
Sn09,27.33,0.021207666666666666
Sn09,27.39,0.017931
Sn09,27.45,0.015003666666666667
Sn09,27.509999999999998,0.012362
Sn09,27.57,0.010055333333333333
Sn09,27.63,0.008023333333333334
Sn09,27.689999999999998,0.0064526666666666664
Sn09,27.75,0.005001666666666666
Sn09,27.81,0.0037333333333333333
Sn09,27.869999999999997,0.002833
Sn09,27.93,0.002101
Sn09,27.99,0.0015706666666666666
Sn09,28.049999999999997,0.001138
Sn09,28.11,0.0007746666666666667
Sn09,28.17,0.0005133333333333333
Sn09,28.229999999999997,0.0003753333333333333
Sn09,28.29,0.000271
Sn09,28.35,0.00018666666666666666
Sn09,28.409999999999997,0.00012133333333333333
Sn09,28.47,7.3e-05
Sn09,28.53,4.5333333333333335e-05
Sn09,28.589999999999996,3.1333333333333334e-05
Sn09,28.65,2.3e-05
Sn09,28.71,1.3e-05
Sn09,28.769999999999996,7.333333333333333e-06
Sn09,28.83,3.3333333333333333e-06
Sn09,28.89,2.666666666666667e-06
Sn09,28.95,1.3333333333333334e-06
Sn09,29.009999999999998,3.3333333333333335e-07
Sn09,29.07,6.666666666666667e-07
Sn09,29.13,3.3333333333333335e-07
Ta09,24.089999999999996,3.3333333333333335e-07
Ta09,24.15,1e-06
Ta09,24.21,6.666666666666667e-07
Ta09,24.27,1.6666666666666667e-06
Ta09,24.33,3.3333333333333333e-06
Ta09,24.39,6.666666666666667e-06
Ta09,24.45,1.3666666666666667e-05
Ta09,24.509999999999998,1.8e-05
Ta09,24.57,3.3e-05
Ta09,24.63,4.5333333333333335e-05
Ta09,24.689999999999998,6.6e-05
Ta09,24.75,0.00010866666666666666
Ta09,24.81,0.00015866666666666666
Ta09,24.869999999999997,0.00024533333333333335
Ta09,24.93,0.000342
Ta09,24.990000000000002,0.0005126666666666667
Ta09,25.049999999999997,0.0007006666666666667
Ta09,25.11,0.0010183333333333333
Ta09,25.17,0.0013253333333333333
Ta09,25.229999999999997,0.0018773333333333333
Ta09,25.29,0.0025276666666666668
Ta09,25.35,0.003268333333333333
Ta09,25.409999999999997,0.004339666666666667
Ta09,25.47,0.005492
Ta09,25.53,0.006941333333333333
Ta09,25.589999999999996,0.008751333333333333
Ta09,25.65,0.010764333333333334
Ta09,25.71,0.013023
Ta09,25.77,0.015777333333333334
Ta09,25.83,0.018604666666666665
Ta09,25.89,0.021742333333333332
Ta09,25.95,0.02494
Ta09,26.009999999999998,0.028266666666666666
Ta09,26.07,0.03174066666666667
Ta09,26.13,0.03477366666666667
Ta09,26.189999999999998,0.038067333333333335
Ta09,26.25,0.04061133333333333
Ta09,26.31,0.043194333333333335
Ta09,26.369999999999997,0.044973
Ta09,26.43,0.046391666666666664
Ta09,26.49,0.047285
Ta09,26.549999999999997,0.047192
Ta09,26.61,0.04695233333333333
Ta09,26.67,0.045323666666666665
Ta09,26.729999999999997,0.04382266666666667
Ta09,26.79,0.041099666666666666
Ta09,26.85,0.038462
Ta09,26.909999999999997,0.035275
Ta09,26.97,0.032039333333333336
Ta09,27.03,0.028551666666666666
Ta09,27.089999999999996,0.025258333333333334
Ta09,27.15,0.021725666666666667
Ta09,27.21,0.018842666666666667
Ta09,27.27,0.015781
Ta09,27.33,0.013186666666666666
Ta09,27.39,0.010841333333333333
Ta09,27.45,0.00881
Ta09,27.509999999999998,0.007017666666666667
Ta09,27.57,0.005535333333333333
Ta09,27.63,0.004266
Ta09,27.689999999999998,0.003304333333333333
Ta09,27.75,0.0024593333333333333
Ta09,27.81,0.00184
Ta09,27.869999999999997,0.0013106666666666666
Ta09,27.93,0.000977
Ta09,27.99,0.000677
Ta09,28.049999999999997,0.0005013333333333333
Ta09,28.11,0.00031066666666666666
Ta09,28.17,0.000236
Ta09,28.229999999999997,0.00015933333333333332
Ta09,28.29,0.00010466666666666667
Ta09,28.35,6.6e-05
Ta09,28.409999999999997,4.5333333333333335e-05
Ta09,28.47,2.6666666666666667e-05
Ta09,28.53,1.6e-05
Ta09,28.589999999999996,1.2666666666666667e-05
Ta09,28.65,6.666666666666667e-06
Ta09,28.71,4.666666666666666e-06
Ta09,28.769999999999996,1.3333333333333334e-06
Ta09,28.83,2e-06
Ta09,28.89,3.3333333333333335e-07
Ta09,28.95,3.3333333333333335e-07
Ta09,29.009999999999998,0.0
Ta09,29.07,3.3333333333333335e-07
Cu09,23.79,3.3333333333333335e-07
Cu09,23.85,1.3333333333333334e-06
Cu09,23.909999999999997,6.666666666666667e-07
Cu09,23.97,1.6666666666666667e-06
Cu09,24.03,3.6666666666666666e-06
Cu09,24.089999999999996,7e-06
Cu09,24.15,1.3333333333333333e-05
Cu09,24.21,2.0333333333333334e-05
Cu09,24.27,3.066666666666667e-05
Cu09,24.33,4.5e-05
Cu09,24.39,6.433333333333333e-05
Cu09,24.45,0.00010666666666666667
Cu09,24.509999999999998,0.00016033333333333335
Cu09,24.57,0.00023966666666666667
Cu09,24.63,0.0003356666666666667
Cu09,24.689999999999998,0.0004893333333333334
Cu09,24.75,0.0006893333333333334
Cu09,24.81,0.000963
Cu09,24.869999999999997,0.0012763333333333333
Cu09,24.93,0.0017776666666666668
Cu09,24.990000000000002,0.002429
Cu09,25.049999999999997,0.003096
Cu09,25.11,0.004113333333333333
Cu09,25.17,0.0052253333333333336
Cu09,25.229999999999997,0.006592
Cu09,25.29,0.008306333333333334
Cu09,25.35,0.010224333333333334
Cu09,25.409999999999997,0.012347
Cu09,25.47,0.014931
Cu09,25.53,0.01772666666666667
Cu09,25.589999999999996,0.020603666666666666
Cu09,25.65,0.023839
Cu09,25.71,0.026886333333333335
Cu09,25.77,0.030395666666666668
Cu09,25.83,0.033419333333333336
Cu09,25.89,0.03675933333333333
Cu09,25.95,0.03913966666666667
Cu09,26.009999999999998,0.041717
Cu09,26.07,0.044028
Cu09,26.13,0.045359666666666666
Cu09,26.189999999999998,0.046519333333333336
Cu09,26.25,0.046655666666666665
Cu09,26.31,0.04648466666666667
Cu09,26.369999999999997,0.045379666666666665
Cu09,26.43,0.04391066666666667
Cu09,26.49,0.042021
Cu09,26.549999999999997,0.039218666666666666
Cu09,26.61,0.036329
Cu09,26.67,0.03322866666666666
Cu09,26.729999999999997,0.029825333333333332
Cu09,26.79,0.026637666666666667
Cu09,26.85,0.023242666666666665
Cu09,26.909999999999997,0.020105
Cu09,26.97,0.017205
Cu09,27.03,0.014390333333333333
Cu09,27.089999999999996,0.012026
Cu09,27.15,0.009706666666666667
Cu09,27.21,0.007940666666666667
Cu09,27.27,0.0063553333333333335
Cu09,27.33,0.0049046666666666665
Cu09,27.39,0.0038573333333333333
Cu09,27.45,0.002937
Cu09,27.509999999999998,0.0021876666666666668
Cu09,27.57,0.0016076666666666667
Cu09,27.63,0.0011796666666666668
Cu09,27.689999999999998,0.0008696666666666667
Cu09,27.75,0.0005996666666666666
Cu09,27.81,0.000434
Cu09,27.869999999999997,0.000271
Cu09,27.93,0.000201
Cu09,27.99,0.000148
Cu09,28.049999999999997,9.233333333333333e-05
Cu09,28.11,6.133333333333334e-05
Cu09,28.17,4.0333333333333336e-05
Cu09,28.229999999999997,2.2333333333333332e-05
Cu09,28.29,1.4333333333333334e-05
Cu09,28.35,1.1e-05
Cu09,28.409999999999997,5.666666666666667e-06
Cu09,28.47,4.333333333333333e-06
Cu09,28.53,1.3333333333333334e-06
Cu09,28.589999999999996,1.6666666666666667e-06
Cu09,28.65,6.666666666666667e-07
Cu09,28.71,0.0
Cu09,28.769999999999996,0.0
Cu09,28.83,3.3333333333333335e-07
Al_degrader_E4_E3,21.33,1.1111111111111111e-07
Al_degrader_E4_E3,21.39,3.3333333333333335e-07
Al_degrader_E4_E3,21.45,1.1111111111111111e-07
Al_degrader_E4_E3,21.509999999999998,3.3333333333333335e-07
Al_degrader_E4_E3,21.57,4.4444444444444444e-07
Al_degrader_E4_E3,21.63,1.6666666666666667e-06
Al_degrader_E4_E3,21.689999999999998,2.888888888888889e-06
Al_degrader_E4_E3,21.75,3.7777777777777777e-06
Al_degrader_E4_E3,21.81,5.333333333333334e-06
Al_degrader_E4_E3,21.869999999999997,7.333333333333333e-06
Al_degrader_E4_E3,21.93,1.1777777777777778e-05
Al_degrader_E4_E3,21.990000000000002,1.4888888888888888e-05
Al_degrader_E4_E3,22.049999999999997,2.6e-05
Al_degrader_E4_E3,22.11,3.555555555555555e-05
Al_degrader_E4_E3,22.17,5.477777777777778e-05
Al_degrader_E4_E3,22.229999999999997,7.133333333333334e-05
Al_degrader_E4_E3,22.29,0.00010188888888888888
Al_degrader_E4_E3,22.35,0.00013622222222222223
Al_degrader_E4_E3,22.409999999999997,0.00018866666666666665
Al_degrader_E4_E3,22.47,0.0002688888888888889
Al_degrader_E4_E3,22.53,0.00032844444444444447
Al_degrader_E4_E3,22.589999999999996,0.00045266666666666665
Al_degrader_E4_E3,22.65,0.0005945555555555555
Al_degrader_E4_E3,22.71,0.0007562222222222223
Al_degrader_E4_E3,22.77,0.0009752222222222223
Al_degrader_E4_E3,22.83,0.0011957777777777778
Al_degrader_E4_E3,22.89,0.001512888888888889
Al_degrader_E4_E3,22.95,0.0018735555555555556
Al_degrader_E4_E3,23.009999999999998,0.0022955555555555555
Al_degrader_E4_E3,23.07,0.0027695555555555555
Al_degrader_E4_E3,23.13,0.003304888888888889
Al_degrader_E4_E3,23.189999999999998,0.003990555555555555
Al_degrader_E4_E3,23.25,0.004632444444444444
Al_degrader_E4_E3,23.31,0.005405888888888889
Al_degrader_E4_E3,23.369999999999997,0.006158444444444445
Al_degrader_E4_E3,23.43,0.0070613333333333335
Al_degrader_E4_E3,23.490000000000002,0.00807788888888889
Al_degrader_E4_E3,23.549999999999997,0.008961222222222223
Al_degrader_E4_E3,23.61,0.010053777777777778
Al_degrader_E4_E3,23.67,0.010948444444444445
Al_degrader_E4_E3,23.729999999999997,0.012009333333333334
Al_degrader_E4_E3,23.79,0.013163333333333334
Al_degrader_E4_E3,23.85,0.014066555555555556
Al_degrader_E4_E3,23.909999999999997,0.015169777777777779
Al_degrader_E4_E3,23.97,0.015995666666666665
Al_degrader_E4_E3,24.03,0.01690522222222222
Al_degrader_E4_E3,24.089999999999996,0.017832333333333332
Al_degrader_E4_E3,24.15,0.01849
Al_degrader_E4_E3,24.21,0.019346333333333333
Al_degrader_E4_E3,24.27,0.019821666666666668
Al_degrader_E4_E3,24.33,0.020410555555555557
Al_degrader_E4_E3,24.39,0.021031777777777778
Al_degrader_E4_E3,24.45,0.021373555555555555
Al_degrader_E4_E3,24.509999999999998,0.02183488888888889
Al_degrader_E4_E3,24.57,0.02203488888888889
Al_degrader_E4_E3,24.63,0.022365
Al_degrader_E4_E3,24.689999999999998,0.02263988888888889
Al_degrader_E4_E3,24.75,0.022831333333333332
Al_degrader_E4_E3,24.81,0.022934666666666666
Al_degrader_E4_E3,24.869999999999997,0.023049777777777777
Al_degrader_E4_E3,24.93,0.023195666666666667
Al_degrader_E4_E3,24.990000000000002,0.023243333333333335
Al_degrader_E4_E3,25.049999999999997,0.02335388888888889
Al_degrader_E4_E3,25.11,0.023205
Al_degrader_E4_E3,25.17,0.023233
Al_degrader_E4_E3,25.229999999999997,0.023231333333333333
Al_degrader_E4_E3,25.29,0.02303111111111111
Al_degrader_E4_E3,25.35,0.023028555555555556
Al_degrader_E4_E3,25.409999999999997,0.022626555555555556
Al_degrader_E4_E3,25.47,0.02242522222222222
Al_degrader_E4_E3,25.53,0.022154555555555556
Al_degrader_E4_E3,25.589999999999996,0.02169588888888889
Al_degrader_E4_E3,25.65,0.02120288888888889
Al_degrader_E4_E3,25.71,0.020596777777777776
Al_degrader_E4_E3,25.77,0.01994011111111111
Al_degrader_E4_E3,25.83,0.019196666666666667
Al_degrader_E4_E3,25.89,0.018448222222222223
Al_degrader_E4_E3,25.95,0.017406666666666668
Al_degrader_E4_E3,26.009999999999998,0.016412333333333334
Al_degrader_E4_E3,26.07,0.015415333333333333
Al_degrader_E4_E3,26.13,0.014263666666666666
Al_degrader_E4_E3,26.189999999999998,0.013165777777777778
Al_degrader_E4_E3,26.25,0.011943666666666667
Al_degrader_E4_E3,26.31,0.010794111111111112
Al_degrader_E4_E3,26.369999999999997,0.009649888888888888
Al_degrader_E4_E3,26.43,0.008543555555555556
Al_degrader_E4_E3,26.49,0.007445
Al_degrader_E4_E3,26.549999999999997,0.006453111111111111
Al_degrader_E4_E3,26.61,0.0054878888888888885
Al_degrader_E4_E3,26.67,0.004691111111111111
Al_degrader_E4_E3,26.729999999999997,0.003909555555555556
Al_degrader_E4_E3,26.79,0.0032134444444444446
Al_degrader_E4_E3,26.85,0.0026376666666666666
Al_degrader_E4_E3,26.909999999999997,0.0021417777777777776
Al_degrader_E4_E3,26.97,0.0016911111111111111
Al_degrader_E4_E3,27.03,0.001331111111111111
Al_degrader_E4_E3,27.089999999999996,0.0010311111111111111
Al_degrader_E4_E3,27.15,0.0008046666666666666
Al_degrader_E4_E3,27.21,0.0005996666666666666
Al_degrader_E4_E3,27.27,0.00045233333333333334
Al_degrader_E4_E3,27.33,0.0003155555555555556
Al_degrader_E4_E3,27.39,0.00024322222222222223
Al_degrader_E4_E3,27.45,0.00017855555555555555
Al_degrader_E4_E3,27.509999999999998,0.00012655555555555556
Al_degrader_E4_E3,27.57,7.788888888888888e-05
Al_degrader_E4_E3,27.63,5.755555555555555e-05
Al_degrader_E4_E3,27.689999999999998,4.1e-05
Al_degrader_E4_E3,27.75,2.7444444444444443e-05
Al_degrader_E4_E3,27.81,1.9e-05
Al_degrader_E4_E3,27.869999999999997,1.211111111111111e-05
Al_degrader_E4_E3,27.93,6.666666666666667e-06
Al_degrader_E4_E3,27.99,5.2222222222222226e-06
Al_degrader_E4_E3,28.049999999999997,3.3333333333333333e-06
Al_degrader_E4_E3,28.11,1.8888888888888888e-06
Al_degrader_E4_E3,28.17,1.2222222222222221e-06
Al_degrader_E4_E3,28.229999999999997,3.3333333333333335e-07
Al_degrader_E4_E3,28.29,3.3333333333333335e-07
Al_degrader_E4_E3,28.35,4.4444444444444444e-07
Al_degrader_E4_E3,28.409999999999997,0.0
Al_degrader_E4_E3,28.47,0.0
Al_degrader_E4_E3,28.53,1.1111111111111111e-07
Ni10,20.97,3.3333333333333335e-07
Ni10,21.03,1.3333333333333334e-06
Ni10,21.089999999999996,3.3333333333333335e-07
Ni10,21.15,1.3333333333333334e-06
Ni10,21.21,3.3333333333333333e-06
Ni10,21.27,5e-06
Ni10,21.33,1.1e-05
Ni10,21.39,1.2666666666666667e-05
Ni10,21.45,1.9666666666666666e-05
Ni10,21.509999999999998,3.233333333333333e-05
Ni10,21.57,4.433333333333333e-05
Ni10,21.63,6.233333333333334e-05
Ni10,21.689999999999998,9.733333333333333e-05
Ni10,21.75,0.00014
Ni10,21.81,0.000203
Ni10,21.869999999999997,0.0002773333333333333
Ni10,21.93,0.00038133333333333335
Ni10,21.990000000000002,0.000529
Ni10,22.049999999999997,0.00073
Ni10,22.11,0.000986
Ni10,22.17,0.001276
Ni10,22.229999999999997,0.001712
Ni10,22.29,0.002272
Ni10,22.35,0.0028223333333333334
Ni10,22.409999999999997,0.003642
Ni10,22.47,0.0046106666666666666
Ni10,22.53,0.005633666666666667
Ni10,22.589999999999996,0.006957666666666667
Ni10,22.65,0.008537333333333333
Ni10,22.71,0.010187
Ni10,22.77,0.012116333333333333
Ni10,22.83,0.014447666666666666
Ni10,22.89,0.016637333333333334
Ni10,22.95,0.019132333333333335
Ni10,23.009999999999998,0.021826666666666668
Ni10,23.07,0.024481333333333334
Ni10,23.13,0.027274
Ni10,23.189999999999998,0.029937666666666668
Ni10,23.25,0.032637
Ni10,23.31,0.035054666666666665
Ni10,23.369999999999997,0.03702966666666667
Ni10,23.43,0.039271
Ni10,23.490000000000002,0.04069333333333333
Ni10,23.549999999999997,0.04190933333333333
Ni10,23.61,0.04274566666666667
Ni10,23.67,0.042638333333333334
Ni10,23.729999999999997,0.042674333333333335
Ni10,23.79,0.04181
Ni10,23.85,0.04042233333333333
Ni10,23.909999999999997,0.039152
Ni10,23.97,0.036699333333333334
Ni10,24.03,0.034458
Ni10,24.089999999999996,0.03206766666666667
Ni10,24.15,0.029150666666666665
Ni10,24.21,0.026364666666666668
Ni10,24.27,0.023648666666666665
Ni10,24.33,0.020766333333333335
Ni10,24.39,0.018172333333333332
Ni10,24.45,0.015713666666666667
Ni10,24.509999999999998,0.013384333333333333
Ni10,24.57,0.011311666666666666
Ni10,24.63,0.009375
Ni10,24.689999999999998,0.007744333333333333
Ni10,24.75,0.006344333333333333
Ni10,24.81,0.005020666666666666
Ni10,24.869999999999997,0.0040416666666666665
Ni10,24.93,0.003193333333333333
Ni10,24.990000000000002,0.002459666666666667
Ni10,25.049999999999997,0.0018556666666666667
Ni10,25.11,0.0013956666666666666
Ni10,25.17,0.001057
Ni10,25.229999999999997,0.0007843333333333333
Ni10,25.29,0.000564
Ni10,25.35,0.00042533333333333334
Ni10,25.409999999999997,0.000275
Ni10,25.47,0.000201
Ni10,25.53,0.00014666666666666666
Ni10,25.589999999999996,0.00010133333333333333
Ni10,25.65,7e-05
Ni10,25.71,4.566666666666667e-05
Ni10,25.77,2.6666666666666667e-05
Ni10,25.83,2.0666666666666666e-05
Ni10,25.89,1.3333333333333333e-05
Ni10,25.95,9.333333333333333e-06
Ni10,26.009999999999998,4.333333333333333e-06
Ni10,26.07,4e-06
Ni10,26.13,1.3333333333333334e-06
Ni10,26.189999999999998,1.3333333333333334e-06
Ni10,26.25,1e-06
Ni10,26.31,0.0
Ni10,26.369999999999997,0.0
Ni10,26.43,3.3333333333333335e-07
Sn10,20.85,3.3333333333333335e-07
Sn10,20.909999999999997,1.6666666666666667e-06
Sn10,20.97,1.6666666666666667e-06
Sn10,21.03,2.666666666666667e-06
Sn10,21.089999999999996,2.666666666666667e-06
Sn10,21.15,7e-06
Sn10,21.21,1.4666666666666666e-05
Sn10,21.27,2.5e-05
Sn10,21.33,3.4666666666666665e-05
Sn10,21.39,4.3666666666666666e-05
Sn10,21.45,6.466666666666666e-05
Sn10,21.509999999999998,9.233333333333333e-05
Sn10,21.57,0.000134
Sn10,21.63,0.000194
Sn10,21.689999999999998,0.000303
Sn10,21.75,0.00040366666666666665
Sn10,21.81,0.000572
Sn10,21.869999999999997,0.00076
Sn10,21.93,0.0010243333333333333
Sn10,21.990000000000002,0.001397
Sn10,22.049999999999997,0.001812
Sn10,22.11,0.002361
Sn10,22.17,0.0031043333333333335
Sn10,22.229999999999997,0.003978666666666667
Sn10,22.29,0.004948
Sn10,22.35,0.006175666666666667
Sn10,22.409999999999997,0.007626
Sn10,22.47,0.009197
Sn10,22.53,0.011083
Sn10,22.589999999999996,0.013263
Sn10,22.65,0.015569333333333333
Sn10,22.71,0.018176333333333333
Sn10,22.77,0.021037333333333335
Sn10,22.83,0.023926
Sn10,22.89,0.026535666666666666
Sn10,22.95,0.029302
Sn10,23.009999999999998,0.032066
Sn10,23.07,0.034841
Sn10,23.13,0.037207
Sn10,23.189999999999998,0.039398666666666665
Sn10,23.25,0.041370333333333335
Sn10,23.31,0.042417
Sn10,23.369999999999997,0.043431333333333336
Sn10,23.43,0.043902333333333335
Sn10,23.490000000000002,0.043837
Sn10,23.549999999999997,0.04322
Sn10,23.61,0.04186
Sn10,23.67,0.040238
Sn10,23.729999999999997,0.03806866666666667
Sn10,23.79,0.03555933333333333
Sn10,23.85,0.032919666666666667
Sn10,23.909999999999997,0.029999333333333333
Sn10,23.97,0.027051333333333333
Sn10,24.03,0.024291666666666666
Sn10,24.089999999999996,0.021409
Sn10,24.15,0.018577
Sn10,24.21,0.015891333333333334
Sn10,24.27,0.013512333333333333
Sn10,24.33,0.011328333333333333
Sn10,24.39,0.009422333333333333
Sn10,24.45,0.007731333333333333
Sn10,24.509999999999998,0.006306333333333333
Sn10,24.57,0.005041333333333333
Sn10,24.63,0.00394
Sn10,24.689999999999998,0.0030486666666666665
Sn10,24.75,0.002341666666666667
Sn10,24.81,0.00179
Sn10,24.869999999999997,0.0013643333333333333
Sn10,24.93,0.0010183333333333333
Sn10,24.990000000000002,0.0007133333333333333
Sn10,25.049999999999997,0.0004926666666666666
Sn10,25.11,0.00035466666666666665
Sn10,25.17,0.000278
Sn10,25.229999999999997,0.00019433333333333333
Sn10,25.29,0.00013733333333333333
Sn10,25.35,8.366666666666666e-05
Sn10,25.409999999999997,6.1e-05
Sn10,25.47,3.733333333333333e-05
Sn10,25.53,2.7333333333333335e-05
Sn10,25.589999999999996,1.633333333333333e-05
Sn10,25.65,1.2333333333333333e-05
Sn10,25.71,7.333333333333333e-06
Sn10,25.77,3e-06
Sn10,25.83,3e-06
Sn10,25.89,1.6666666666666667e-06
Sn10,25.95,3.3333333333333335e-07
Sn10,26.009999999999998,3.3333333333333335e-07
Sn10,26.07,3.3333333333333335e-07
Sn10,26.13,3.3333333333333335e-07
Ta10,20.549999999999997,3.3333333333333335e-07
Ta10,20.61,1.3333333333333334e-06
Ta10,20.67,6.666666666666667e-07
Ta10,20.729999999999997,1.3333333333333334e-06
Ta10,20.79,2.333333333333333e-06
Ta10,20.85,5.333333333333334e-06
Ta10,20.909999999999997,1.2333333333333333e-05
Ta10,20.97,1.2e-05
Ta10,21.03,2.2e-05
Ta10,21.089999999999996,3.1333333333333334e-05
Ta10,21.15,4.5333333333333335e-05
Ta10,21.21,6.4e-05
Ta10,21.27,9.633333333333333e-05
Ta10,21.33,0.00013666666666666666
Ta10,21.39,0.000211
Ta10,21.45,0.0002666666666666667
Ta10,21.509999999999998,0.000394
Ta10,21.57,0.0005193333333333333
Ta10,21.63,0.000732
Ta10,21.689999999999998,0.0009953333333333333
Ta10,21.75,0.001235
Ta10,21.81,0.0017073333333333333
Ta10,21.869999999999997,0.002229333333333333
Ta10,21.93,0.0028106666666666666
Ta10,21.990000000000002,0.0035926666666666668
Ta10,22.049999999999997,0.004523666666666666
Ta10,22.11,0.005625333333333334
Ta10,22.17,0.006922333333333333
Ta10,22.229999999999997,0.00839
Ta10,22.29,0.010077666666666667
Ta10,22.35,0.011988666666666667
Ta10,22.409999999999997,0.014202666666666667
Ta10,22.47,0.016538
Ta10,22.53,0.018975
Ta10,22.589999999999996,0.021751
Ta10,22.65,0.024184666666666667
Ta10,22.71,0.027155
Ta10,22.77,0.029707
Ta10,22.83,0.03234533333333333
Ta10,22.89,0.034870333333333337
Ta10,22.95,0.036903
Ta10,23.009999999999998,0.03898733333333333
Ta10,23.07,0.040571666666666666
Ta10,23.13,0.04165733333333333
Ta10,23.189999999999998,0.04266166666666667
Ta10,23.25,0.042713
Ta10,23.31,0.042562
Ta10,23.369999999999997,0.04191633333333333
Ta10,23.43,0.040561
Ta10,23.490000000000002,0.039186
Ta10,23.549999999999997,0.03687466666666667
Ta10,23.61,0.034610666666666665
Ta10,23.67,0.03206233333333333
Ta10,23.729999999999997,0.029433666666666667
Ta10,23.79,0.026483666666666666
Ta10,23.85,0.023884666666666665
Ta10,23.909999999999997,0.020917333333333333
Ta10,23.97,0.018428666666666666
Ta10,24.03,0.015983
Ta10,24.089999999999996,0.013433666666666667
Ta10,24.15,0.011515
Ta10,24.21,0.009522666666666667
Ta10,24.27,0.00793
Ta10,24.33,0.0064533333333333335
Ta10,24.39,0.0051533333333333336
Ta10,24.45,0.004122
Ta10,24.509999999999998,0.003295
Ta10,24.57,0.002508666666666667
Ta10,24.63,0.0019306666666666667
Ta10,24.689999999999998,0.001456
Ta10,24.75,0.0010756666666666666
Ta10,24.81,0.0008296666666666667
Ta10,24.869999999999997,0.0005736666666666667
Ta10,24.93,0.0004423333333333333
Ta10,24.990000000000002,0.00028733333333333334
Ta10,25.049999999999997,0.00021966666666666668
Ta10,25.11,0.000152
Ta10,25.17,0.000107
Ta10,25.229999999999997,7.166666666666667e-05
Ta10,25.29,5.2e-05
Ta10,25.35,3e-05
Ta10,25.409999999999997,2.1666666666666667e-05
Ta10,25.47,1.2e-05
Ta10,25.53,1.2e-05
Ta10,25.589999999999996,4.666666666666666e-06
Ta10,25.65,4.666666666666666e-06
Ta10,25.71,1.3333333333333334e-06
Ta10,25.77,1.6666666666666667e-06
Ta10,25.83,6.666666666666667e-07
Ta10,25.89,3.3333333333333335e-07
Ta10,25.95,0.0
Ta10,26.009999999999998,3.3333333333333335e-07
Cu10,20.189999999999998,3.3333333333333335e-07
Cu10,20.25,1.3333333333333334e-06
Cu10,20.31,0.0
Cu10,20.369999999999997,1.3333333333333334e-06
Cu10,20.43,2.666666666666667e-06
Cu10,20.490000000000002,4.666666666666666e-06
Cu10,20.549999999999997,9e-06
Cu10,20.61,1.2333333333333333e-05
Cu10,20.67,1.9333333333333333e-05
Cu10,20.729999999999997,2.7333333333333335e-05
Cu10,20.79,3.8e-05
Cu10,20.85,5.5e-05
Cu10,20.909999999999997,8.566666666666667e-05
Cu10,20.97,0.00011333333333333333
Cu10,21.03,0.00018133333333333334
Cu10,21.089999999999996,0.000233
Cu10,21.15,0.00032766666666666664
Cu10,21.21,0.00046366666666666664
Cu10,21.27,0.0006126666666666666
Cu10,21.33,0.0008273333333333333
Cu10,21.39,0.0011
Cu10,21.45,0.0014253333333333334
Cu10,21.509999999999998,0.0019433333333333334
Cu10,21.57,0.0023783333333333334
Cu10,21.63,0.003094
Cu10,21.689999999999998,0.003962333333333333
Cu10,21.75,0.004849333333333333
Cu10,21.81,0.005935666666666666
Cu10,21.869999999999997,0.007339
Cu10,21.93,0.008864
Cu10,21.990000000000002,0.010489
Cu10,22.049999999999997,0.012458333333333333
Cu10,22.11,0.014802
Cu10,22.17,0.016870333333333334
Cu10,22.229999999999997,0.019383
Cu10,22.29,0.021924
Cu10,22.35,0.024501333333333333
Cu10,22.409999999999997,0.027323
Cu10,22.47,0.029723
Cu10,22.53,0.032426
Cu10,22.589999999999996,0.034641
Cu10,22.65,0.036728
Cu10,22.71,0.038684
Cu10,22.77,0.040002666666666666
Cu10,22.83,0.041131666666666664
Cu10,22.89,0.042144
Cu10,22.95,0.04196066666666667
Cu10,23.009999999999998,0.041947333333333336
Cu10,23.07,0.041061
Cu10,23.13,0.039918666666666665
Cu10,23.189999999999998,0.038531
Cu10,23.25,0.03631966666666667
Cu10,23.31,0.034012
Cu10,23.369999999999997,0.031850333333333335
Cu10,23.43,0.029069333333333332
Cu10,23.490000000000002,0.026239333333333333
Cu10,23.549999999999997,0.023706666666666668
Cu10,23.61,0.020882333333333333
Cu10,23.67,0.018370666666666667
Cu10,23.729999999999997,0.016007666666666667
Cu10,23.79,0.013563666666666667
Cu10,23.85,0.011596666666666667
Cu10,23.909999999999997,0.009738666666666666
Cu10,23.97,0.008030666666666667
Cu10,24.03,0.006580666666666667
Cu10,24.089999999999996,0.00534
Cu10,24.15,0.004245666666666667
Cu10,24.21,0.003408
Cu10,24.27,0.0026596666666666665
Cu10,24.33,0.0020326666666666666
Cu10,24.39,0.0015423333333333333
Cu10,24.45,0.0011413333333333334
Cu10,24.509999999999998,0.0008906666666666667
Cu10,24.57,0.000633
Cu10,24.63,0.00048
Cu10,24.689999999999998,0.00033933333333333336
Cu10,24.75,0.00021766666666666665
Cu10,24.81,0.00017366666666666667
Cu10,24.869999999999997,0.00012266666666666668
Cu10,24.93,8.433333333333333e-05
Cu10,24.990000000000002,5.7333333333333336e-05
Cu10,25.049999999999997,3.866666666666667e-05
Cu10,25.11,2.2333333333333332e-05
Cu10,25.17,1.633333333333333e-05
Cu10,25.229999999999997,1.1333333333333334e-05
Cu10,25.29,7e-06
Cu10,25.35,5e-06
Cu10,25.409999999999997,2e-06
Cu10,25.47,6.666666666666667e-07
Cu10,25.53,1.6666666666666667e-06
Cu10,25.589999999999996,6.666666666666667e-07
Cu10,25.65,0.0
Cu10,25.71,0.0
Cu10,25.77,3.3333333333333335e-07
Al_degrader_E6_E5,17.310000000000002,9.090909090909091e-08
Al_degrader_E6_E5,17.369999999999997,0.0
Al_degrader_E6_E5,17.43,3.6363636363636366e-07
Al_degrader_E6_E5,17.490000000000002,0.0
Al_degrader_E6_E5,17.549999999999997,2.7272727272727274e-07
Al_degrader_E6_E5,17.61,3.6363636363636366e-07
Al_degrader_E6_E5,17.67,7.272727272727273e-07
Al_degrader_E6_E5,17.729999999999997,1.818181818181818e-06
Al_degrader_E6_E5,17.79,2.3636363636363636e-06
Al_degrader_E6_E5,17.85,2.818181818181818e-06
Al_degrader_E6_E5,17.909999999999997,4.090909090909091e-06
Al_degrader_E6_E5,17.97,5.545454545454545e-06
Al_degrader_E6_E5,18.03,8.545454545454546e-06
Al_degrader_E6_E5,18.09,1.1454545454545454e-05
Al_degrader_E6_E5,18.15,1.5090909090909091e-05
Al_degrader_E6_E5,18.21,2.218181818181818e-05
Al_degrader_E6_E5,18.27,3.209090909090909e-05
Al_degrader_E6_E5,18.33,4.372727272727273e-05
Al_degrader_E6_E5,18.39,5.463636363636364e-05
Al_degrader_E6_E5,18.45,7.7e-05
Al_degrader_E6_E5,18.509999999999998,9.718181818181818e-05
Al_degrader_E6_E5,18.57,0.00013545454545454546
Al_degrader_E6_E5,18.63,0.00017390909090909092
Al_degrader_E6_E5,18.689999999999998,0.0002188181818181818
Al_degrader_E6_E5,18.75,0.00027972727272727275
Al_degrader_E6_E5,18.81,0.00036263636363636364
Al_degrader_E6_E5,18.869999999999997,0.0004796363636363636
Al_degrader_E6_E5,18.93,0.0005761818181818181
Al_degrader_E6_E5,18.990000000000002,0.0006993636363636363
Al_degrader_E6_E5,19.049999999999997,0.0008818181818181819
Al_degrader_E6_E5,19.11,0.0010816363636363636
Al_degrader_E6_E5,19.17,0.0013108181818181819
Al_degrader_E6_E5,19.229999999999997,0.0015791818181818181
Al_degrader_E6_E5,19.29,0.0018766363636363637
Al_degrader_E6_E5,19.35,0.0022367272727272726
Al_degrader_E6_E5,19.409999999999997,0.002628090909090909
Al_degrader_E6_E5,19.47,0.003102
Al_degrader_E6_E5,19.53,0.0035646363636363636
Al_degrader_E6_E5,19.59,0.004129272727272727
Al_degrader_E6_E5,19.65,0.004685545454545454
Al_degrader_E6_E5,19.71,0.005303636363636364
Al_degrader_E6_E5,19.77,0.006028454545454545
Al_degrader_E6_E5,19.83,0.006715181818181818
Al_degrader_E6_E5,19.89,0.007460181818181818
Al_degrader_E6_E5,19.95,0.008194
Al_degrader_E6_E5,20.009999999999998,0.00906690909090909
Al_degrader_E6_E5,20.07,0.009867727272727273
Al_degrader_E6_E5,20.13,0.010658818181818182
Al_degrader_E6_E5,20.189999999999998,0.011478909090909092
Al_degrader_E6_E5,20.25,0.012308181818181819
Al_degrader_E6_E5,20.31,0.01315309090909091
Al_degrader_E6_E5,20.369999999999997,0.013871727272727273
Al_degrader_E6_E5,20.43,0.014635272727272728
Al_degrader_E6_E5,20.490000000000002,0.015352727272727273
Al_degrader_E6_E5,20.549999999999997,0.01602681818181818
Al_degrader_E6_E5,20.61,0.016679545454545454
Al_degrader_E6_E5,20.67,0.017221363636363635
Al_degrader_E6_E5,20.729999999999997,0.017728454545454544
Al_degrader_E6_E5,20.79,0.018291636363636364
Al_degrader_E6_E5,20.85,0.018695727272727274
Al_degrader_E6_E5,20.909999999999997,0.019084545454545455
Al_degrader_E6_E5,20.97,0.019447636363636365
Al_degrader_E6_E5,21.03,0.019757818181818182
Al_degrader_E6_E5,21.089999999999996,0.020026454545454545
Al_degrader_E6_E5,21.15,0.020232272727272727
Al_degrader_E6_E5,21.21,0.020491
Al_degrader_E6_E5,21.27,0.020631
Al_degrader_E6_E5,21.33,0.020745909090909093
Al_degrader_E6_E5,21.39,0.020963545454545453
Al_degrader_E6_E5,21.45,0.02100390909090909
Al_degrader_E6_E5,21.509999999999998,0.021043545454545454
Al_degrader_E6_E5,21.57,0.021128272727272728
Al_degrader_E6_E5,21.63,0.021168636363636365
Al_degrader_E6_E5,21.689999999999998,0.021114363636363636
Al_degrader_E6_E5,21.75,0.02109390909090909
Al_degrader_E6_E5,21.81,0.021087545454545456
Al_degrader_E6_E5,21.869999999999997,0.020948454545454544
Al_degrader_E6_E5,21.93,0.020806727272727272
Al_degrader_E6_E5,21.990000000000002,0.020672545454545454
Al_degrader_E6_E5,22.049999999999997,0.020429727272727273
Al_degrader_E6_E5,22.11,0.020179545454545453
Al_degrader_E6_E5,22.17,0.01984
Al_degrader_E6_E5,22.229999999999997,0.01948472727272727
Al_degrader_E6_E5,22.29,0.019004818181818182
Al_degrader_E6_E5,22.35,0.018455272727272726
Al_degrader_E6_E5,22.409999999999997,0.017934636363636364
Al_degrader_E6_E5,22.47,0.017290090909090908
Al_degrader_E6_E5,22.53,0.016607363636363635
Al_degrader_E6_E5,22.589999999999996,0.015768818181818182
Al_degrader_E6_E5,22.65,0.015025
Al_degrader_E6_E5,22.71,0.014152454545454546
Al_degrader_E6_E5,22.77,0.013257818181818181
Al_degrader_E6_E5,22.83,0.012242272727272727
Al_degrader_E6_E5,22.89,0.011382
Al_degrader_E6_E5,22.95,0.010412363636363636
Al_degrader_E6_E5,23.009999999999998,0.009455909090909091
Al_degrader_E6_E5,23.07,0.00844190909090909
Al_degrader_E6_E5,23.13,0.0076022727272727275
Al_degrader_E6_E5,23.189999999999998,0.006748454545454545
Al_degrader_E6_E5,23.25,0.005888363636363636
Al_degrader_E6_E5,23.31,0.0050887272727272725
Al_degrader_E6_E5,23.369999999999997,0.004426727272727273
Al_degrader_E6_E5,23.43,0.0037942727272727273
Al_degrader_E6_E5,23.490000000000002,0.003185
Al_degrader_E6_E5,23.549999999999997,0.0026605454545454545
Al_degrader_E6_E5,23.61,0.002207181818181818
Al_degrader_E6_E5,23.67,0.0018273636363636363
Al_degrader_E6_E5,23.729999999999997,0.0014734545454545454
Al_degrader_E6_E5,23.79,0.0011744545454545454
Al_degrader_E6_E5,23.85,0.0009510909090909091
Al_degrader_E6_E5,23.909999999999997,0.0007517272727272727
Al_degrader_E6_E5,23.97,0.0005747272727272728
Al_degrader_E6_E5,24.03,0.0004413636363636364
Al_degrader_E6_E5,24.089999999999996,0.0003453636363636364
Al_degrader_E6_E5,24.15,0.0002511818181818182
Al_degrader_E6_E5,24.21,0.0001849090909090909
Al_degrader_E6_E5,24.27,0.00014372727272727272
Al_degrader_E6_E5,24.33,0.00010581818181818182
Al_degrader_E6_E5,24.39,7.263636363636364e-05
Al_degrader_E6_E5,24.45,4.627272727272727e-05
Al_degrader_E6_E5,24.509999999999998,3.9181818181818184e-05
Al_degrader_E6_E5,24.57,2.6545454545454547e-05
Al_degrader_E6_E5,24.63,1.9181818181818183e-05
Al_degrader_E6_E5,24.689999999999998,1.2e-05
Al_degrader_E6_E5,24.75,9.181818181818182e-06
Al_degrader_E6_E5,24.81,5e-06
Al_degrader_E6_E5,24.869999999999997,3.272727272727273e-06
Al_degrader_E6_E5,24.93,2.2727272727272728e-06
Al_degrader_E6_E5,24.990000000000002,1.909090909090909e-06
Al_degrader_E6_E5,25.049999999999997,1.090909090909091e-06
Al_degrader_E6_E5,25.11,2.7272727272727274e-07
Al_degrader_E6_E5,25.17,1.8181818181818183e-07
Al_degrader_E6_E5,25.229999999999997,4.545454545454545e-07
Al_degrader_E6_E5,25.29,9.090909090909091e-08
Al_degrader_E6_E5,25.35,0.0
Al_degrader_E6_E5,25.409999999999997,0.0
Al_degrader_E6_E5,25.47,9.090909090909091e-08
Ni11,16.89,3.3333333333333335e-07
Ni11,16.95,3.3333333333333335e-07
Ni11,17.009999999999998,1e-06
Ni11,17.07,3.3333333333333335e-07
Ni11,17.13,1.3333333333333334e-06
Ni11,17.189999999999998,2e-06
Ni11,17.25,4.333333333333333e-06
Ni11,17.310000000000002,5.666666666666667e-06
Ni11,17.369999999999997,1e-05
Ni11,17.43,1.2666666666666667e-05
Ni11,17.490000000000002,1.7333333333333332e-05
Ni11,17.549999999999997,2.8e-05
Ni11,17.61,3.4666666666666665e-05
Ni11,17.67,4.8e-05
Ni11,17.729999999999997,6.8e-05
Ni11,17.79,9.566666666666667e-05
Ni11,17.85,0.00013066666666666665
Ni11,17.909999999999997,0.000175
Ni11,17.97,0.000231
Ni11,18.03,0.00031433333333333335
Ni11,18.09,0.00041633333333333333
Ni11,18.15,0.000544
Ni11,18.21,0.000706
Ni11,18.27,0.000902
Ni11,18.33,0.0011263333333333334
Ni11,18.39,0.0014746666666666667
Ni11,18.45,0.001908
Ni11,18.509999999999998,0.00226
Ni11,18.57,0.0028176666666666667
Ni11,18.63,0.0035253333333333334
Ni11,18.689999999999998,0.004252333333333334
Ni11,18.75,0.005047333333333333
Ni11,18.81,0.006109666666666667
Ni11,18.869999999999997,0.007306666666666667
Ni11,18.93,0.008531333333333333
Ni11,18.990000000000002,0.009881666666666667
Ni11,19.049999999999997,0.011542666666666666
Ni11,19.11,0.013421333333333334
Ni11,19.17,0.014998666666666667
Ni11,19.229999999999997,0.017032666666666668
Ni11,19.29,0.019062666666666665
Ni11,19.35,0.021135333333333332
Ni11,19.409999999999997,0.023250666666666666
Ni11,19.47,0.025310333333333334
Ni11,19.53,0.027383333333333332
Ni11,19.59,0.029524666666666668
Ni11,19.65,0.03111533333333333
Ni11,19.71,0.032730666666666665
Ni11,19.77,0.03449066666666667
Ni11,19.83,0.03561533333333333
Ni11,19.89,0.036579
Ni11,19.95,0.037292
Ni11,20.009999999999998,0.03768333333333333
Ni11,20.07,0.03765
Ni11,20.13,0.037443333333333335
Ni11,20.189999999999998,0.036624333333333335
Ni11,20.25,0.03560066666666667
Ni11,20.31,0.03460133333333333
Ni11,20.369999999999997,0.032792666666666664
Ni11,20.43,0.031023333333333333
Ni11,20.490000000000002,0.029434333333333333
Ni11,20.549999999999997,0.02701133333333333
Ni11,20.61,0.024989
Ni11,20.67,0.022799333333333335
Ni11,20.729999999999997,0.020635666666666667
Ni11,20.79,0.018379333333333334
Ni11,20.85,0.016348333333333333
Ni11,20.909999999999997,0.014510333333333333
Ni11,20.97,0.012446
Ni11,21.03,0.010862
Ni11,21.089999999999996,0.009356333333333333
Ni11,21.15,0.007744666666666667
Ni11,21.21,0.006639
Ni11,21.27,0.005511333333333333
Ni11,21.33,0.004464333333333333
Ni11,21.39,0.0037066666666666667
Ni11,21.45,0.0029966666666666666
Ni11,21.509999999999998,0.002399
Ni11,21.57,0.001871
Ni11,21.63,0.001465
Ni11,21.689999999999998,0.00112
Ni11,21.75,0.0008953333333333334
Ni11,21.81,0.0006593333333333334
Ni11,21.869999999999997,0.0005013333333333333
Ni11,21.93,0.000388
Ni11,21.990000000000002,0.00027
Ni11,22.049999999999997,0.000185
Ni11,22.11,0.00015366666666666667
Ni11,22.17,0.00011233333333333333
Ni11,22.229999999999997,7.866666666666666e-05
Ni11,22.29,5.7e-05
Ni11,22.35,3.6666666666666666e-05
Ni11,22.409999999999997,2.3666666666666668e-05
Ni11,22.47,1.9e-05
Ni11,22.53,1.2666666666666667e-05
Ni11,22.589999999999996,8.333333333333334e-06
Ni11,22.65,5.333333333333334e-06
Ni11,22.71,5e-06
Ni11,22.77,1.6666666666666667e-06
Ni11,22.83,3.3333333333333335e-07
Ni11,22.89,1.6666666666666667e-06
Ni11,22.95,6.666666666666667e-07
Ni11,23.009999999999998,0.0
Ni11,23.07,0.0
Ni11,23.13,3.3333333333333335e-07
Sn11,16.77,3.3333333333333335e-07
Sn11,16.83,6.666666666666667e-07
Sn11,16.89,1.6666666666666667e-06
Sn11,16.95,1.6666666666666667e-06
Sn11,17.009999999999998,2.333333333333333e-06
Sn11,17.07,2.333333333333333e-06
Sn11,17.13,6e-06
Sn11,17.189999999999998,9.666666666666667e-06
Sn11,17.25,1.7666666666666668e-05
Sn11,17.310000000000002,2.2666666666666668e-05
Sn11,17.369999999999997,3.1333333333333334e-05
Sn11,17.43,4.266666666666667e-05
Sn11,17.490000000000002,5.7333333333333336e-05
Sn11,17.549999999999997,7.6e-05
Sn11,17.61,0.00010266666666666666
Sn11,17.67,0.000145
Sn11,17.729999999999997,0.000205
Sn11,17.79,0.000285
Sn11,17.85,0.00037033333333333335
Sn11,17.909999999999997,0.0004896666666666667
Sn11,17.97,0.0006316666666666667
Sn11,18.03,0.000821
Sn11,18.09,0.0010643333333333334
Sn11,18.15,0.001369
Sn11,18.21,0.0017013333333333333
Sn11,18.27,0.0021476666666666666
Sn11,18.33,0.0027106666666666668
Sn11,18.39,0.003378
Sn11,18.45,0.004082666666666667
Sn11,18.509999999999998,0.004959333333333333
Sn11,18.57,0.005960333333333333
Sn11,18.63,0.007111666666666666
Sn11,18.689999999999998,0.008375
Sn11,18.75,0.009797666666666666
Sn11,18.81,0.011517
Sn11,18.869999999999997,0.01323
Sn11,18.93,0.015158333333333333
Sn11,18.990000000000002,0.017271666666666668
Sn11,19.049999999999997,0.019438
Sn11,19.11,0.021621333333333333
Sn11,19.17,0.023584666666666667
Sn11,19.229999999999997,0.025796
Sn11,19.29,0.027907666666666667
Sn11,19.35,0.030022
Sn11,19.409999999999997,0.031975666666666666
Sn11,19.47,0.033704
Sn11,19.53,0.03524
Sn11,19.59,0.03661266666666667
Sn11,19.65,0.03732933333333333
Sn11,19.71,0.03813066666666667
Sn11,19.77,0.038501
Sn11,19.83,0.038538333333333334
Sn11,19.89,0.03816666666666667
Sn11,19.95,0.037333
Sn11,20.009999999999998,0.03623766666666667
Sn11,20.07,0.034769
Sn11,20.13,0.03311466666666667
Sn11,20.189999999999998,0.031032
Sn11,20.25,0.029031666666666667
Sn11,20.31,0.026827666666666666
Sn11,20.369999999999997,0.024502666666666666
Sn11,20.43,0.022311333333333332
Sn11,20.490000000000002,0.020179333333333334
Sn11,20.549999999999997,0.017858333333333334
Sn11,20.61,0.015799333333333332
Sn11,20.67,0.013648333333333333
Sn11,20.729999999999997,0.011848666666666667
Sn11,20.79,0.010127333333333334
Sn11,20.85,0.008616333333333333
Sn11,20.909999999999997,0.007264333333333334
Sn11,20.97,0.006065
Sn11,21.03,0.0050483333333333335
Sn11,21.089999999999996,0.0041003333333333334
Sn11,21.15,0.003275
Sn11,21.21,0.0025956666666666667
Sn11,21.27,0.002058
Sn11,21.33,0.0016253333333333332
Sn11,21.39,0.001287
Sn11,21.45,0.0009763333333333333
Sn11,21.509999999999998,0.0007496666666666667
Sn11,21.57,0.0005236666666666666
Sn11,21.63,0.00037266666666666665
Sn11,21.689999999999998,0.000304
Sn11,21.75,0.00023166666666666667
Sn11,21.81,0.000172
Sn11,21.869999999999997,0.00012466666666666667
Sn11,21.93,8.233333333333333e-05
Sn11,21.990000000000002,5.5333333333333334e-05
Sn11,22.049999999999997,3.866666666666667e-05
Sn11,22.11,2.8e-05
Sn11,22.17,1.9666666666666666e-05
Sn11,22.229999999999997,1.5333333333333334e-05
Sn11,22.29,1e-05
Sn11,22.35,5.666666666666667e-06
Sn11,22.409999999999997,2.666666666666667e-06
Sn11,22.47,2.333333333333333e-06
Sn11,22.53,2.333333333333333e-06
Sn11,22.589999999999996,3.3333333333333335e-07
Sn11,22.65,0.0
Sn11,22.71,6.666666666666667e-07
Sn11,22.77,3.3333333333333335e-07
Ta11,16.409999999999997,3.3333333333333335e-07
Ta11,16.47,3.3333333333333335e-07
Ta11,16.53,1e-06
Ta11,16.59,6.666666666666667e-07
Ta11,16.65,1.3333333333333334e-06
Ta11,16.71,2e-06
Ta11,16.77,4e-06
Ta11,16.83,6.666666666666667e-06
Ta11,16.89,1.0333333333333333e-05
Ta11,16.95,1.3e-05
Ta11,17.009999999999998,1.9333333333333333e-05
Ta11,17.07,2.6666666666666667e-05
Ta11,17.13,3.566666666666667e-05
Ta11,17.189999999999998,5e-05
Ta11,17.25,6.9e-05
Ta11,17.310000000000002,9.3e-05
Ta11,17.369999999999997,0.000125
Ta11,17.43,0.00018866666666666665
Ta11,17.490000000000002,0.00022866666666666668
Ta11,17.549999999999997,0.000305
Ta11,17.61,0.0004113333333333333
Ta11,17.67,0.0005233333333333333
Ta11,17.729999999999997,0.0007016666666666666
Ta11,17.79,0.0009166666666666666
Ta11,17.85,0.0010893333333333334
Ta11,17.909999999999997,0.001447
Ta11,17.97,0.001838
Ta11,18.03,0.0022166666666666667
Ta11,18.09,0.002781
Ta11,18.15,0.0034433333333333334
Ta11,18.21,0.0041
Ta11,18.27,0.004953
Ta11,18.33,0.006014333333333333
Ta11,18.39,0.007037666666666667
Ta11,18.45,0.008266333333333334
Ta11,18.509999999999998,0.009690333333333334
Ta11,18.57,0.011199
Ta11,18.63,0.013030666666666666
Ta11,18.689999999999998,0.014682333333333334
Ta11,18.75,0.016584333333333333
Ta11,18.81,0.018736333333333334
Ta11,18.869999999999997,0.020547333333333334
Ta11,18.93,0.022793666666666667
Ta11,18.990000000000002,0.024887666666666666
Ta11,19.049999999999997,0.026747
Ta11,19.11,0.028844666666666668
Ta11,19.17,0.030655666666666668
Ta11,19.229999999999997,0.03226966666666667
Ta11,19.29,0.033877333333333336
Ta11,19.35,0.03522533333333333
Ta11,19.409999999999997,0.036144
Ta11,19.47,0.037018666666666665
Ta11,19.53,0.03734333333333333
Ta11,19.59,0.037447
Ta11,19.65,0.037275666666666665
Ta11,19.71,0.036757333333333336
Ta11,19.77,0.035691
Ta11,19.83,0.03477
Ta11,19.89,0.03310166666666667
Ta11,19.95,0.03145033333333333
Ta11,20.009999999999998,0.029569666666666668
Ta11,20.07,0.027511
Ta11,20.13,0.025463
Ta11,20.189999999999998,0.023246333333333334
Ta11,20.25,0.021198666666666668
Ta11,20.31,0.018983
Ta11,20.369999999999997,0.016818333333333334
Ta11,20.43,0.015007
Ta11,20.490000000000002,0.013068
Ta11,20.549999999999997,0.011257666666666666
Ta11,20.61,0.0098
Ta11,20.67,0.008193333333333334
Ta11,20.729999999999997,0.007039
Ta11,20.79,0.005822
Ta11,20.85,0.004796666666666667
Ta11,20.909999999999997,0.00395
Ta11,20.97,0.0032213333333333334
Ta11,21.03,0.0026073333333333335
Ta11,21.089999999999996,0.0020283333333333334
Ta11,21.15,0.0016333333333333334
Ta11,21.21,0.001251
Ta11,21.27,0.000958
Ta11,21.33,0.000761
Ta11,21.39,0.000564
Ta11,21.45,0.000429
Ta11,21.509999999999998,0.0003136666666666667
Ta11,21.57,0.00021566666666666666
Ta11,21.63,0.000175
Ta11,21.689999999999998,0.000135
Ta11,21.75,8.8e-05
Ta11,21.81,6.333333333333333e-05
Ta11,21.869999999999997,4.766666666666667e-05
Ta11,21.93,2.7333333333333335e-05
Ta11,21.990000000000002,2.3e-05
Ta11,22.049999999999997,1.4666666666666666e-05
Ta11,22.11,1.1e-05
Ta11,22.17,6.333333333333333e-06
Ta11,22.229999999999997,4e-06
Ta11,22.29,4e-06
Ta11,22.35,6.666666666666667e-07
Ta11,22.409999999999997,1.6666666666666667e-06
Ta11,22.47,3.3333333333333335e-07
Ta11,22.53,6.666666666666667e-07
Ta11,22.589999999999996,0.0
Ta11,22.65,0.0
Ta11,22.71,3.3333333333333335e-07
Cu11,15.989999999999998,3.3333333333333335e-07
Cu11,16.049999999999997,3.3333333333333335e-07
Cu11,16.11,1e-06
Cu11,16.17,6.666666666666667e-07
Cu11,16.229999999999997,6.666666666666667e-07
Cu11,16.29,2.333333333333333e-06
Cu11,16.35,3e-06
Cu11,16.409999999999997,6e-06
Cu11,16.47,1e-05
Cu11,16.53,1.1333333333333334e-05
Cu11,16.59,1.5666666666666667e-05
Cu11,16.65,2.5333333333333334e-05
Cu11,16.71,2.8333333333333332e-05
Cu11,16.77,4.3333333333333334e-05
Cu11,16.83,5.6e-05
Cu11,16.89,8.333333333333333e-05
Cu11,16.95,0.00010633333333333333
Cu11,17.009999999999998,0.00016033333333333335
Cu11,17.07,0.00019433333333333333
Cu11,17.13,0.00025866666666666665
Cu11,17.189999999999998,0.00034333333333333335
Cu11,17.25,0.00044733333333333333
Cu11,17.310000000000002,0.0005923333333333334
Cu11,17.369999999999997,0.000763
Cu11,17.43,0.0009446666666666667
Cu11,17.490000000000002,0.001182
Cu11,17.549999999999997,0.0015336666666666667
Cu11,17.61,0.00194
Cu11,17.67,0.0022976666666666666
Cu11,17.729999999999997,0.002856333333333333
Cu11,17.79,0.003564
Cu11,17.85,0.004214333333333333
Cu11,17.909999999999997,0.005010333333333334
Cu11,17.97,0.006043333333333334
Cu11,18.03,0.007092666666666666
Cu11,18.09,0.008371
Cu11,18.15,0.009633666666666667
Cu11,18.21,0.011148
Cu11,18.27,0.012960666666666667
Cu11,18.33,0.014481
Cu11,18.39,0.016321333333333334
Cu11,18.45,0.018292333333333334
Cu11,18.509999999999998,0.020231
Cu11,18.57,0.022232333333333333
Cu11,18.63,0.024297666666666665
Cu11,18.689999999999998,0.026141666666666667
Cu11,18.75,0.028116333333333333
Cu11,18.81,0.029962666666666665
Cu11,18.869999999999997,0.031441333333333335
Cu11,18.93,0.03292066666666667
Cu11,18.990000000000002,0.03449733333333333
Cu11,19.049999999999997,0.035259
Cu11,19.11,0.036143666666666664
Cu11,19.17,0.036714333333333335
Cu11,19.229999999999997,0.036705
Cu11,19.29,0.036603666666666666
Cu11,19.35,0.03630766666666667
Cu11,19.409999999999997,0.035285
Cu11,19.47,0.03435733333333333
Cu11,19.53,0.03312866666666667
Cu11,19.59,0.031379333333333335
Cu11,19.65,0.029644333333333335
Cu11,19.71,0.028014
Cu11,19.77,0.025762333333333335
Cu11,19.83,0.023695333333333332
Cu11,19.89,0.021758
Cu11,19.95,0.019625666666666666
Cu11,20.009999999999998,0.017421666666666665
Cu11,20.07,0.015682333333333333
Cu11,20.13,0.013805333333333333
Cu11,20.189999999999998,0.01189
Cu11,20.25,0.010423
Cu11,20.31,0.00897
Cu11,20.369999999999997,0.0074593333333333334
Cu11,20.43,0.00639
Cu11,20.490000000000002,0.005363666666666667
Cu11,20.549999999999997,0.004374333333333333
Cu11,20.61,0.0036033333333333334
Cu11,20.67,0.002962666666666667
Cu11,20.729999999999997,0.00237
Cu11,20.79,0.0018533333333333334
Cu11,20.85,0.001488
Cu11,20.909999999999997,0.0011186666666666667
Cu11,20.97,0.0009086666666666667
Cu11,21.03,0.0006903333333333334
Cu11,21.089999999999996,0.0005053333333333333
Cu11,21.15,0.00040666666666666667
Cu11,21.21,0.00029133333333333333
Cu11,21.27,0.000193
Cu11,21.33,0.00015933333333333332
Cu11,21.39,0.000129
Cu11,21.45,8.266666666666667e-05
Cu11,21.509999999999998,5.966666666666667e-05
Cu11,21.57,4.3666666666666666e-05
Cu11,21.63,2.9333333333333333e-05
Cu11,21.689999999999998,1.9333333333333333e-05
Cu11,21.75,1.2666666666666667e-05
Cu11,21.81,1.1333333333333334e-05
Cu11,21.869999999999997,6e-06
Cu11,21.93,3.3333333333333333e-06
Cu11,21.990000000000002,4e-06
Cu11,22.049999999999997,1.3333333333333334e-06
Cu11,22.11,1.3333333333333334e-06
Cu11,22.17,3.3333333333333335e-07
Cu11,22.229999999999997,6.666666666666667e-07
Cu11,22.29,0.0
Cu11,22.35,0.0
Cu11,22.409999999999997,3.3333333333333335e-07
Al_degrader_E8_E7,12.45,6.666666666666667e-08
Al_degrader_E8_E7,12.51,0.0
Al_degrader_E8_E7,12.57,2e-07
Al_degrader_E8_E7,12.629999999999999,6.666666666666667e-08
Al_degrader_E8_E7,12.69,6.666666666666667e-08
Al_degrader_E8_E7,12.75,2e-07
Al_degrader_E8_E7,12.809999999999999,2e-07
Al_degrader_E8_E7,12.870000000000001,5.333333333333333e-07
Al_degrader_E8_E7,12.93,6e-07
Al_degrader_E8_E7,12.989999999999998,1.0666666666666667e-06
Al_degrader_E8_E7,13.05,1.7333333333333334e-06
Al_degrader_E8_E7,13.11,1.7333333333333334e-06
Al_degrader_E8_E7,13.169999999999998,2.333333333333333e-06
Al_degrader_E8_E7,13.23,3.1333333333333335e-06
Al_degrader_E8_E7,13.29,4.7333333333333335e-06
Al_degrader_E8_E7,13.35,5.4e-06
Al_degrader_E8_E7,13.41,7e-06
Al_degrader_E8_E7,13.469999999999999,8.933333333333333e-06
Al_degrader_E8_E7,13.53,1.3266666666666666e-05
Al_degrader_E8_E7,13.59,1.6133333333333334e-05
Al_degrader_E8_E7,13.649999999999999,2.08e-05
Al_degrader_E8_E7,13.71,2.9866666666666666e-05
Al_degrader_E8_E7,13.77,3.3e-05
Al_degrader_E8_E7,13.829999999999998,4.4e-05
Al_degrader_E8_E7,13.89,5.606666666666667e-05
Al_degrader_E8_E7,13.95,7.193333333333334e-05
Al_degrader_E8_E7,14.009999999999998,8.613333333333333e-05
Al_degrader_E8_E7,14.07,0.00010946666666666667
Al_degrader_E8_E7,14.129999999999999,0.0001432
Al_degrader_E8_E7,14.19,0.000164
Al_degrader_E8_E7,14.25,0.00019933333333333334
Al_degrader_E8_E7,14.309999999999999,0.00025946666666666667
Al_degrader_E8_E7,14.37,0.0003166
Al_degrader_E8_E7,14.43,0.00036806666666666665
Al_degrader_E8_E7,14.489999999999998,0.0004447333333333333
Al_degrader_E8_E7,14.55,0.000536
Al_degrader_E8_E7,14.61,0.0006484666666666666
Al_degrader_E8_E7,14.669999999999998,0.0007599333333333333
Al_degrader_E8_E7,14.73,0.0008862
Al_degrader_E8_E7,14.79,0.00105
Al_degrader_E8_E7,14.85,0.0012292666666666667
Al_degrader_E8_E7,14.91,0.0014227333333333334
Al_degrader_E8_E7,14.969999999999999,0.0016476
Al_degrader_E8_E7,15.03,0.0018886666666666667
Al_degrader_E8_E7,15.09,0.0021710666666666665
Al_degrader_E8_E7,15.149999999999999,0.0024888666666666665
Al_degrader_E8_E7,15.21,0.0028126
Al_degrader_E8_E7,15.27,0.0031538
Al_degrader_E8_E7,15.329999999999998,0.0035608666666666665
Al_degrader_E8_E7,15.39,0.003963066666666667
Al_degrader_E8_E7,15.45,0.0044181333333333335
Al_degrader_E8_E7,15.509999999999998,0.004862933333333333
Al_degrader_E8_E7,15.57,0.005392
Al_degrader_E8_E7,15.629999999999999,0.005889266666666667
Al_degrader_E8_E7,15.69,0.0064128
Al_degrader_E8_E7,15.75,0.0069985333333333335
Al_degrader_E8_E7,15.809999999999999,0.007574066666666666
Al_degrader_E8_E7,15.87,0.008131866666666666
Al_degrader_E8_E7,15.93,0.0086984
Al_degrader_E8_E7,15.989999999999998,0.009377066666666666
Al_degrader_E8_E7,16.049999999999997,0.009915466666666666
Al_degrader_E8_E7,16.11,0.0105152
Al_degrader_E8_E7,16.17,0.011088866666666667
Al_degrader_E8_E7,16.229999999999997,0.011718533333333333
Al_degrader_E8_E7,16.29,0.012225666666666666
Al_degrader_E8_E7,16.35,0.012808466666666667
Al_degrader_E8_E7,16.409999999999997,0.013315866666666667
Al_degrader_E8_E7,16.47,0.013794733333333333
Al_degrader_E8_E7,16.53,0.014276866666666667
Al_degrader_E8_E7,16.59,0.014734333333333334
Al_degrader_E8_E7,16.65,0.015154066666666667
Al_degrader_E8_E7,16.71,0.0155272
Al_degrader_E8_E7,16.77,0.015878533333333333
Al_degrader_E8_E7,16.83,0.016244466666666665
Al_degrader_E8_E7,16.89,0.016543133333333335
Al_degrader_E8_E7,16.95,0.016791133333333333
Al_degrader_E8_E7,17.009999999999998,0.017093533333333334
Al_degrader_E8_E7,17.07,0.017291866666666666
Al_degrader_E8_E7,17.13,0.0175024
Al_degrader_E8_E7,17.189999999999998,0.01765246666666667
Al_degrader_E8_E7,17.25,0.017871133333333334
Al_degrader_E8_E7,17.310000000000002,0.017995866666666666
Al_degrader_E8_E7,17.369999999999997,0.018119866666666668
Al_degrader_E8_E7,17.43,0.018190733333333334
Al_degrader_E8_E7,17.490000000000002,0.018324333333333335
Al_degrader_E8_E7,17.549999999999997,0.018386266666666668
Al_degrader_E8_E7,17.61,0.0184048
Al_degrader_E8_E7,17.67,0.018519733333333333
Al_degrader_E8_E7,17.729999999999997,0.018494866666666665
Al_degrader_E8_E7,17.79,0.018459466666666667
Al_degrader_E8_E7,17.85,0.0184706
Al_degrader_E8_E7,17.909999999999997,0.0184602
Al_degrader_E8_E7,17.97,0.018374866666666666
Al_degrader_E8_E7,18.03,0.01821853333333333
Al_degrader_E8_E7,18.09,0.018211266666666667
Al_degrader_E8_E7,18.15,0.018018533333333333
Al_degrader_E8_E7,18.21,0.017800066666666666
Al_degrader_E8_E7,18.27,0.017582266666666665
Al_degrader_E8_E7,18.33,0.017368066666666668
Al_degrader_E8_E7,18.39,0.017048666666666667
Al_degrader_E8_E7,18.45,0.016623066666666665
Al_degrader_E8_E7,18.509999999999998,0.0163288
Al_degrader_E8_E7,18.57,0.0158892
Al_degrader_E8_E7,18.63,0.015363266666666667
Al_degrader_E8_E7,18.689999999999998,0.0148674
Al_degrader_E8_E7,18.75,0.014349066666666667
Al_degrader_E8_E7,18.81,0.013676133333333333
Al_degrader_E8_E7,18.869999999999997,0.013073133333333334
Al_degrader_E8_E7,18.93,0.012458733333333333
Al_degrader_E8_E7,18.990000000000002,0.0117126
Al_degrader_E8_E7,19.049999999999997,0.010981933333333334
Al_degrader_E8_E7,19.11,0.010351333333333334
Al_degrader_E8_E7,19.17,0.009547133333333332
Al_degrader_E8_E7,19.229999999999997,0.008802866666666668
Al_degrader_E8_E7,19.29,0.008086933333333334
Al_degrader_E8_E7,19.35,0.007403133333333333
Al_degrader_E8_E7,19.409999999999997,0.006637666666666667
Al_degrader_E8_E7,19.47,0.005990066666666667
Al_degrader_E8_E7,19.53,0.005377933333333334
Al_degrader_E8_E7,19.59,0.004755066666666667
Al_degrader_E8_E7,19.65,0.004171866666666667
Al_degrader_E8_E7,19.71,0.0036854
Al_degrader_E8_E7,19.77,0.0031929333333333334
Al_degrader_E8_E7,19.83,0.0027336
Al_degrader_E8_E7,19.89,0.002344066666666667
Al_degrader_E8_E7,19.95,0.0020009333333333335
Al_degrader_E8_E7,20.009999999999998,0.0016524666666666668
Al_degrader_E8_E7,20.07,0.0014064666666666666
Al_degrader_E8_E7,20.13,0.0011685333333333334
Al_degrader_E8_E7,20.189999999999998,0.0009474666666666666
Al_degrader_E8_E7,20.25,0.0007844666666666667
Al_degrader_E8_E7,20.31,0.0006316666666666667
Al_degrader_E8_E7,20.369999999999997,0.000502
Al_degrader_E8_E7,20.43,0.0003997333333333333
Al_degrader_E8_E7,20.490000000000002,0.0003172
Al_degrader_E8_E7,20.549999999999997,0.000242
Al_degrader_E8_E7,20.61,0.0001912
Al_degrader_E8_E7,20.67,0.00014986666666666666
Al_degrader_E8_E7,20.729999999999997,0.00010753333333333334
Al_degrader_E8_E7,20.79,8.646666666666666e-05
Al_degrader_E8_E7,20.85,6.413333333333334e-05
Al_degrader_E8_E7,20.909999999999997,4.12e-05
Al_degrader_E8_E7,20.97,3.5266666666666666e-05
Al_degrader_E8_E7,21.03,2.4933333333333334e-05
Al_degrader_E8_E7,21.089999999999996,1.9333333333333333e-05
Al_degrader_E8_E7,21.15,1.32e-05
Al_degrader_E8_E7,21.21,9e-06
Al_degrader_E8_E7,21.27,6.933333333333334e-06
Al_degrader_E8_E7,21.33,3.8e-06
Al_degrader_E8_E7,21.39,3.4e-06
Al_degrader_E8_E7,21.45,1.933333333333333e-06
Al_degrader_E8_E7,21.509999999999998,1.6e-06
Al_degrader_E8_E7,21.57,9.333333333333333e-07
Al_degrader_E8_E7,21.63,9.333333333333333e-07
Al_degrader_E8_E7,21.689999999999998,3.3333333333333335e-07
Al_degrader_E8_E7,21.75,6.666666666666667e-08
Al_degrader_E8_E7,21.81,2.6666666666666667e-07
Al_degrader_E8_E7,21.869999999999997,1.3333333333333334e-07
Al_degrader_E8_E7,21.93,0.0
Al_degrader_E8_E7,21.990000000000002,0.0
Al_degrader_E8_E7,22.049999999999997,6.666666666666667e-08
Ni12,11.91,3.3333333333333335e-07
Ni12,11.969999999999999,3.3333333333333335e-07
Ni12,12.03,1e-06
Ni12,12.09,0.0
Ni12,12.149999999999999,6.666666666666667e-07
Ni12,12.21,1e-06
Ni12,12.27,1e-06
Ni12,12.329999999999998,3.3333333333333333e-06
Ni12,12.39,3e-06
Ni12,12.45,6.333333333333333e-06
Ni12,12.51,8e-06
Ni12,12.57,9e-06
Ni12,12.629999999999999,1.4e-05
Ni12,12.69,1.4e-05
Ni12,12.75,2.1333333333333335e-05
Ni12,12.809999999999999,2.7333333333333335e-05
Ni12,12.870000000000001,3.433333333333333e-05
Ni12,12.93,4.233333333333333e-05
Ni12,12.989999999999998,6.266666666666667e-05
Ni12,13.05,7.633333333333334e-05
Ni12,13.11,9.5e-05
Ni12,13.169999999999998,0.00013666666666666666
Ni12,13.23,0.00015066666666666668
Ni12,13.29,0.00019766666666666666
Ni12,13.35,0.0002503333333333333
Ni12,13.41,0.00031433333333333335
Ni12,13.469999999999999,0.00037566666666666667
Ni12,13.53,0.0004986666666666667
Ni12,13.59,0.0006036666666666666
Ni12,13.649999999999999,0.0007046666666666667
Ni12,13.71,0.000875
Ni12,13.77,0.0010783333333333333
Ni12,13.829999999999998,0.0012886666666666667
Ni12,13.89,0.001622
Ni12,13.95,0.0018043333333333334
Ni12,14.009999999999998,0.002168
Ni12,14.07,0.0026366666666666665
Ni12,14.129999999999999,0.0031303333333333335
Ni12,14.19,0.003561
Ni12,14.25,0.0041273333333333335
Ni12,14.309999999999999,0.004824666666666666
Ni12,14.37,0.005599
Ni12,14.43,0.006426333333333333
Ni12,14.489999999999998,0.007267666666666667
Ni12,14.55,0.008180333333333333
Ni12,14.61,0.009334
Ni12,14.669999999999998,0.010594666666666667
Ni12,14.73,0.011646666666666666
Ni12,14.79,0.012925333333333334
Ni12,14.85,0.01426
Ni12,14.91,0.015611
Ni12,14.969999999999999,0.017124666666666667
Ni12,15.03,0.018446333333333332
Ni12,15.09,0.020009666666666665
Ni12,15.149999999999999,0.021372
Ni12,15.21,0.022806
Ni12,15.27,0.024256333333333335
Ni12,15.329999999999998,0.025461
Ni12,15.39,0.02660066666666667
Ni12,15.45,0.027682666666666668
Ni12,15.509999999999998,0.028972666666666667
Ni12,15.57,0.02954033333333333
Ni12,15.629999999999999,0.030359333333333332
Ni12,15.69,0.030855333333333332
Ni12,15.75,0.031385333333333335
Ni12,15.809999999999999,0.031262
Ni12,15.87,0.031390666666666664
Ni12,15.93,0.031212666666666666
Ni12,15.989999999999998,0.030627
Ni12,16.049999999999997,0.030034
Ni12,16.11,0.029375666666666668
Ni12,16.17,0.028369333333333333
Ni12,16.229999999999997,0.027124666666666665
Ni12,16.29,0.025824
Ni12,16.35,0.024787
Ni12,16.409999999999997,0.023277333333333334
Ni12,16.47,0.021636333333333334
Ni12,16.53,0.020008666666666668
Ni12,16.59,0.018750333333333334
Ni12,16.65,0.017122333333333333
Ni12,16.71,0.01554
Ni12,16.77,0.014034666666666668
Ni12,16.83,0.012784333333333333
Ni12,16.89,0.011278333333333333
Ni12,16.95,0.010133666666666666
Ni12,17.009999999999998,0.008849666666666667
Ni12,17.07,0.007821666666666666
Ni12,17.13,0.0066363333333333335
Ni12,17.189999999999998,0.005859333333333334
Ni12,17.25,0.005025666666666667
Ni12,17.310000000000002,0.004280333333333333
Ni12,17.369999999999997,0.003552
Ni12,17.43,0.003028
Ni12,17.490000000000002,0.002526
Ni12,17.549999999999997,0.002096666666666667
Ni12,17.61,0.0017063333333333334
Ni12,17.67,0.0013843333333333333
Ni12,17.729999999999997,0.0010996666666666668
Ni12,17.79,0.0008986666666666666
Ni12,17.85,0.000738
Ni12,17.909999999999997,0.0005553333333333334
Ni12,17.97,0.00044133333333333335
Ni12,18.03,0.0003553333333333333
Ni12,18.09,0.000281
Ni12,18.15,0.00018
Ni12,18.21,0.00015766666666666666
Ni12,18.27,0.000122
Ni12,18.33,9.3e-05
Ni12,18.39,7e-05
Ni12,18.45,5.333333333333333e-05
Ni12,18.509999999999998,3.7e-05
Ni12,18.57,2.8333333333333332e-05
Ni12,18.63,1.4666666666666666e-05
Ni12,18.689999999999998,1.5e-05
Ni12,18.75,1e-05
Ni12,18.81,8e-06
Ni12,18.869999999999997,5e-06
Ni12,18.93,3.6666666666666666e-06
Ni12,18.990000000000002,2.333333333333333e-06
Ni12,19.049999999999997,1.3333333333333334e-06
Ni12,19.11,6.666666666666667e-07
Ni12,19.17,1e-06
Ni12,19.229999999999997,6.666666666666667e-07
Ni12,19.29,0.0
Ni12,19.35,0.0
Ni12,19.409999999999997,3.3333333333333335e-07
Sn12,11.73,3.3333333333333335e-07
Sn12,11.79,3.3333333333333335e-07
Sn12,11.85,1e-06
Sn12,11.91,1.6666666666666667e-06
Sn12,11.969999999999999,1e-06
Sn12,12.03,1.6666666666666667e-06
Sn12,12.09,1.3333333333333334e-06
Sn12,12.149999999999999,2.333333333333333e-06
Sn12,12.21,5.333333333333334e-06
Sn12,12.27,7e-06
Sn12,12.329999999999998,1.3333333333333333e-05
Sn12,12.39,1.4333333333333334e-05
Sn12,12.45,1.9666666666666666e-05
Sn12,12.51,2.5333333333333334e-05
Sn12,12.57,3.1666666666666666e-05
Sn12,12.629999999999999,3.9e-05
Sn12,12.69,4.766666666666667e-05
Sn12,12.75,6.0333333333333334e-05
Sn12,12.809999999999999,8.166666666666667e-05
Sn12,12.870000000000001,0.00010066666666666667
Sn12,12.93,0.00012933333333333332
Sn12,12.989999999999998,0.00018333333333333334
Sn12,13.05,0.000225
Sn12,13.11,0.000287
Sn12,13.169999999999998,0.00035833333333333333
Sn12,13.23,0.0004206666666666667
Sn12,13.29,0.0005343333333333334
Sn12,13.35,0.0006576666666666666
Sn12,13.41,0.0007903333333333333
Sn12,13.469999999999999,0.001006
Sn12,13.53,0.0011993333333333333
Sn12,13.59,0.0014143333333333334
Sn12,13.649999999999999,0.0017163333333333334
Sn12,13.71,0.0020776666666666665
Sn12,13.77,0.0024913333333333332
Sn12,13.829999999999998,0.0029373333333333335
Sn12,13.89,0.003429666666666667
Sn12,13.95,0.003983666666666667
Sn12,14.009999999999998,0.004668
Sn12,14.07,0.0053753333333333335
Sn12,14.129999999999999,0.006180333333333334
Sn12,14.19,0.007045
Sn12,14.25,0.008017
Sn12,14.309999999999999,0.009149333333333334
Sn12,14.37,0.010245
Sn12,14.43,0.011474
Sn12,14.489999999999998,0.012852666666666667
Sn12,14.55,0.014306333333333334
Sn12,14.61,0.015789
Sn12,14.669999999999998,0.017218666666666667
Sn12,14.73,0.018607
Sn12,14.79,0.01998
Sn12,14.85,0.021455
Sn12,14.91,0.022942333333333332
Sn12,14.969999999999999,0.024392666666666667
Sn12,15.03,0.025726
Sn12,15.09,0.027021
Sn12,15.149999999999999,0.028275333333333333
Sn12,15.21,0.029214333333333332
Sn12,15.27,0.030158
Sn12,15.329999999999998,0.030747
Sn12,15.39,0.031399333333333335
Sn12,15.45,0.03171566666666667
Sn12,15.509999999999998,0.03201
Sn12,15.57,0.031940666666666666
Sn12,15.629999999999999,0.03171966666666667
Sn12,15.69,0.031246
Sn12,15.75,0.030574333333333332
Sn12,15.809999999999999,0.029752333333333332
Sn12,15.87,0.02868
Sn12,15.93,0.027466666666666667
Sn12,15.989999999999998,0.026028333333333334
Sn12,16.049999999999997,0.024763
Sn12,16.11,0.023233666666666666
Sn12,16.17,0.021531
Sn12,16.229999999999997,0.020077333333333332
Sn12,16.29,0.018470666666666666
Sn12,16.35,0.017052
Sn12,16.409999999999997,0.015401
Sn12,16.47,0.013877666666666667
Sn12,16.53,0.012411333333333333
Sn12,16.59,0.011022666666666667
Sn12,16.65,0.009726
Sn12,16.71,0.008554
Sn12,16.77,0.0074786666666666664
Sn12,16.83,0.006467666666666667
Sn12,16.89,0.0055643333333333335
Sn12,16.95,0.0047873333333333335
Sn12,17.009999999999998,0.00406
Sn12,17.07,0.003390666666666667
Sn12,17.13,0.002807
Sn12,17.189999999999998,0.002311333333333333
Sn12,17.25,0.001906
Sn12,17.310000000000002,0.0015646666666666667
Sn12,17.369999999999997,0.0012606666666666667
Sn12,17.43,0.0010373333333333332
Sn12,17.490000000000002,0.0008253333333333333
Sn12,17.549999999999997,0.0006563333333333333
Sn12,17.61,0.00047966666666666665
Sn12,17.67,0.000368
Sn12,17.729999999999997,0.00027966666666666667
Sn12,17.79,0.00024133333333333334
Sn12,17.85,0.00018833333333333332
Sn12,17.909999999999997,0.00014666666666666666
Sn12,17.97,0.000109
Sn12,18.03,7.833333333333333e-05
Sn12,18.09,5.6e-05
Sn12,18.15,3.9666666666666664e-05
Sn12,18.21,2.6666666666666667e-05
Sn12,18.27,2.3666666666666668e-05
Sn12,18.33,1.6666666666666667e-05
Sn12,18.39,1.3e-05
Sn12,18.45,9e-06
Sn12,18.509999999999998,5.666666666666667e-06
Sn12,18.57,3.6666666666666666e-06
Sn12,18.63,2.666666666666667e-06
Sn12,18.689999999999998,2e-06
Sn12,18.75,1.6666666666666667e-06
Sn12,18.81,3.3333333333333335e-07
Sn12,18.869999999999997,0.0
Sn12,18.93,3.3333333333333335e-07
Sn12,18.990000000000002,3.3333333333333335e-07
Sn12,19.049999999999997,3.3333333333333335e-07
Ta12,11.25,3.3333333333333335e-07
Ta12,11.309999999999999,0.0
Ta12,11.370000000000001,1e-06
Ta12,11.43,3.3333333333333335e-07
Ta12,11.489999999999998,3.3333333333333335e-07
Ta12,11.55,6.666666666666667e-07
Ta12,11.61,2e-06
Ta12,11.669999999999998,1e-06
Ta12,11.73,3e-06
Ta12,11.79,4e-06
Ta12,11.85,7.333333333333333e-06
Ta12,11.91,7.666666666666667e-06
Ta12,11.969999999999999,1.0333333333333333e-05
Ta12,12.03,1.4666666666666666e-05
Ta12,12.09,1.7e-05
Ta12,12.149999999999999,2.0666666666666666e-05
Ta12,12.21,3.0333333333333333e-05
Ta12,12.27,3.766666666666667e-05
Ta12,12.329999999999998,4.6666666666666665e-05
Ta12,12.39,6.1e-05
Ta12,12.45,7.8e-05
Ta12,12.51,9.6e-05
Ta12,12.57,0.00013333333333333334
Ta12,12.629999999999999,0.00015933333333333332
Ta12,12.69,0.00019866666666666668
Ta12,12.75,0.00024766666666666665
Ta12,12.809999999999999,0.00031666666666666665
Ta12,12.870000000000001,0.00037466666666666665
Ta12,12.93,0.00048
Ta12,12.989999999999998,0.0005816666666666666
Ta12,13.05,0.00073
Ta12,13.11,0.0008196666666666667
Ta12,13.169999999999998,0.0010403333333333334
Ta12,13.23,0.0012633333333333333
Ta12,13.29,0.0015166666666666666
Ta12,13.35,0.001755
Ta12,13.41,0.002132
Ta12,13.469999999999999,0.0024926666666666665
Ta12,13.53,0.002956
Ta12,13.59,0.003418333333333333
Ta12,13.649999999999999,0.003944666666666667
Ta12,13.71,0.004601666666666667
Ta12,13.77,0.005266666666666667
Ta12,13.829999999999998,0.0060936666666666665
Ta12,13.89,0.0068583333333333335
Ta12,13.95,0.007802
Ta12,14.009999999999998,0.008773333333333333
Ta12,14.07,0.009917666666666667
Ta12,14.129999999999999,0.011134
Ta12,14.19,0.012210666666666667
Ta12,14.25,0.013501333333333334
Ta12,14.309999999999999,0.014995
Ta12,14.37,0.01614
Ta12,14.43,0.01752
Ta12,14.489999999999998,0.019120666666666668
Ta12,14.55,0.020446333333333334
Ta12,14.61,0.021718
Ta12,14.669999999999998,0.023094333333333335
Ta12,14.73,0.024557333333333334
Ta12,14.79,0.025508333333333334
Ta12,14.85,0.026758333333333332
Ta12,14.91,0.027769333333333333
Ta12,14.969999999999999,0.028853
Ta12,15.03,0.029423666666666667
Ta12,15.09,0.030117666666666668
Ta12,15.149999999999999,0.030765
Ta12,15.21,0.030814333333333332
Ta12,15.27,0.030931666666666666
Ta12,15.329999999999998,0.030846333333333333
Ta12,15.39,0.030824
Ta12,15.45,0.029951333333333333
Ta12,15.509999999999998,0.029447666666666667
Ta12,15.57,0.02876333333333333
Ta12,15.629999999999999,0.027651333333333333
Ta12,15.69,0.026400333333333335
Ta12,15.75,0.025307
Ta12,15.809999999999999,0.023956333333333333
Ta12,15.87,0.022557
Ta12,15.93,0.021084
Ta12,15.989999999999998,0.019554333333333333
Ta12,16.049999999999997,0.018154
Ta12,16.11,0.016653333333333332
Ta12,16.17,0.015035
Ta12,16.229999999999997,0.013795333333333333
Ta12,16.29,0.012350333333333333
Ta12,16.35,0.011067333333333334
Ta12,16.409999999999997,0.009705666666666666
Ta12,16.47,0.008702333333333333
Ta12,16.53,0.007632
Ta12,16.59,0.006564
Ta12,16.65,0.005713333333333333
Ta12,16.71,0.004934333333333333
Ta12,16.77,0.004175666666666667
Ta12,16.83,0.0035613333333333335
Ta12,16.89,0.002971333333333333
Ta12,16.95,0.0025206666666666667
Ta12,17.009999999999998,0.002077
Ta12,17.07,0.001674
Ta12,17.13,0.0014036666666666666
Ta12,17.189999999999998,0.0011343333333333333
Ta12,17.25,0.000873
Ta12,17.310000000000002,0.0007433333333333334
Ta12,17.369999999999997,0.0005786666666666667
Ta12,17.43,0.0004423333333333333
Ta12,17.490000000000002,0.000367
Ta12,17.549999999999997,0.00027866666666666665
Ta12,17.61,0.00018933333333333335
Ta12,17.67,0.00017333333333333334
Ta12,17.729999999999997,0.000122
Ta12,17.79,0.00010066666666666667
Ta12,17.85,7.766666666666667e-05
Ta12,17.909999999999997,5.133333333333333e-05
Ta12,17.97,4.066666666666667e-05
Ta12,18.03,2.966666666666667e-05
Ta12,18.09,1.9e-05
Ta12,18.15,1.5666666666666667e-05
Ta12,18.21,9.333333333333333e-06
Ta12,18.27,1.0666666666666667e-05
Ta12,18.33,5.333333333333334e-06
Ta12,18.39,2.666666666666667e-06
Ta12,18.45,4.333333333333333e-06
Ta12,18.509999999999998,1.3333333333333334e-06
Ta12,18.57,6.666666666666667e-07
Ta12,18.63,1.3333333333333334e-06
Ta12,18.689999999999998,3.3333333333333335e-07
Ta12,18.75,3.3333333333333335e-07
Ta12,18.81,0.0
Ta12,18.869999999999997,0.0
Ta12,18.93,3.3333333333333335e-07
Cu12,10.71,3.3333333333333335e-07
Cu12,10.77,0.0
Cu12,10.829999999999998,1e-06
Cu12,10.89,3.3333333333333335e-07
Cu12,10.95,6.666666666666667e-07
Cu12,11.01,6.666666666666667e-07
Cu12,11.07,1e-06
Cu12,11.129999999999999,2e-06
Cu12,11.19,2.333333333333333e-06
Cu12,11.25,4.333333333333333e-06
Cu12,11.309999999999999,5.666666666666667e-06
Cu12,11.370000000000001,8.333333333333334e-06
Cu12,11.43,9e-06
Cu12,11.489999999999998,1.2e-05
Cu12,11.55,1.3e-05
Cu12,11.61,2.2333333333333332e-05
Cu12,11.669999999999998,2.2e-05
Cu12,11.73,3.3e-05
Cu12,11.79,4.0333333333333336e-05
Cu12,11.85,5.3e-05
Cu12,11.91,6.2e-05
Cu12,11.969999999999999,8.2e-05
Cu12,12.03,0.000113
Cu12,12.09,0.000133
Cu12,12.149999999999999,0.00016366666666666667
Cu12,12.21,0.00020333333333333333
Cu12,12.27,0.0002556666666666667
Cu12,12.329999999999998,0.0003193333333333333
Cu12,12.39,0.0003696666666666667
Cu12,12.45,0.00048333333333333334
Cu12,12.51,0.0005766666666666666
Cu12,12.57,0.000698
Cu12,12.629999999999999,0.0008136666666666666
Cu12,12.69,0.001013
Cu12,12.75,0.0012133333333333334
Cu12,12.809999999999999,0.0014863333333333334
Cu12,12.870000000000001,0.0016523333333333333
Cu12,12.93,0.0020136666666666666
Cu12,12.989999999999998,0.0023406666666666667
Cu12,13.05,0.0028423333333333334
Cu12,13.11,0.0031806666666666667
Cu12,13.169999999999998,0.0037006666666666668
Cu12,13.23,0.004258333333333334
Cu12,13.29,0.004940666666666667
Cu12,13.35,0.005619333333333333
Cu12,13.41,0.006438666666666666
Cu12,13.469999999999999,0.007156333333333333
Cu12,13.53,0.008118333333333333
Cu12,13.59,0.009152333333333334
Cu12,13.649999999999999,0.010273
Cu12,13.71,0.011294666666666666
Cu12,13.77,0.012399
Cu12,13.829999999999998,0.013793666666666666
Cu12,13.89,0.014987
Cu12,13.95,0.016227
Cu12,14.009999999999998,0.017525333333333334
Cu12,14.07,0.019068666666666668
Cu12,14.129999999999999,0.02019666666666667
Cu12,14.19,0.021521
Cu12,14.25,0.022801666666666668
Cu12,14.309999999999999,0.024210333333333334
Cu12,14.37,0.025046666666666665
Cu12,14.43,0.026228666666666667
Cu12,14.489999999999998,0.027167333333333335
Cu12,14.55,0.028170666666666667
Cu12,14.61,0.028767333333333332
Cu12,14.669999999999998,0.029265
Cu12,14.73,0.029970666666666666
Cu12,14.79,0.030102
Cu12,14.85,0.030110333333333333
Cu12,14.91,0.030054
Cu12,14.969999999999999,0.030069666666666668
Cu12,15.03,0.029215
Cu12,15.09,0.028828666666666666
Cu12,15.149999999999999,0.02819
Cu12,15.21,0.027125333333333335
Cu12,15.27,0.026038333333333333
Cu12,15.329999999999998,0.024888666666666667
Cu12,15.39,0.023788
Cu12,15.45,0.022389666666666665
Cu12,15.509999999999998,0.021021666666666668
Cu12,15.57,0.019532666666666667
Cu12,15.629999999999999,0.018205333333333334
Cu12,15.69,0.016795
Cu12,15.75,0.015308
Cu12,15.809999999999999,0.013874
Cu12,15.87,0.012698
Cu12,15.93,0.011441333333333333
Cu12,15.989999999999998,0.010031333333333333
Cu12,16.049999999999997,0.009059333333333334
Cu12,16.11,0.007979
Cu12,16.17,0.006938333333333334
Cu12,16.229999999999997,0.006045
Cu12,16.29,0.005248666666666666
Cu12,16.35,0.0045386666666666665
Cu12,16.409999999999997,0.0038523333333333335
Cu12,16.47,0.003242333333333333
Cu12,16.53,0.0027856666666666668
Cu12,16.59,0.0023246666666666667
Cu12,16.65,0.001905
Cu12,16.71,0.0015593333333333334
Cu12,16.77,0.001303
Cu12,16.83,0.0010346666666666666
Cu12,16.89,0.000834
Cu12,16.95,0.000698
Cu12,17.009999999999998,0.000542
Cu12,17.07,0.000417
Cu12,17.13,0.00035033333333333336
Cu12,17.189999999999998,0.00026033333333333334
Cu12,17.25,0.000183
Cu12,17.310000000000002,0.00016166666666666668
Cu12,17.369999999999997,0.00012266666666666668
Cu12,17.43,9.8e-05
Cu12,17.490000000000002,7.1e-05
Cu12,17.549999999999997,5.1e-05
Cu12,17.61,4.0333333333333336e-05
Cu12,17.67,2.966666666666667e-05
Cu12,17.729999999999997,1.7666666666666668e-05
Cu12,17.79,1.7666666666666668e-05
Cu12,17.85,9e-06
Cu12,17.909999999999997,1.0333333333333333e-05
Cu12,17.97,5.666666666666667e-06
Cu12,18.03,2.666666666666667e-06
Cu12,18.09,4.666666666666666e-06
Cu12,18.15,1e-06
Cu12,18.21,6.666666666666667e-07
Cu12,18.27,1.3333333333333334e-06
Cu12,18.33,3.3333333333333335e-07
Cu12,18.39,6.666666666666667e-07
Cu12,18.45,0.0
Cu12,18.509999999999998,0.0
Cu12,18.57,3.3333333333333335e-07
Al_degrader_E9,8.25,8.333333333333334e-08
Al_degrader_E9,8.309999999999999,0.0
Al_degrader_E9,8.370000000000001,0.0
Al_degrader_E9,8.43,2.5e-07
Al_degrader_E9,8.489999999999998,8.333333333333334e-08
Al_degrader_E9,8.55,8.333333333333334e-08
Al_degrader_E9,8.61,8.333333333333334e-08
Al_degrader_E9,8.67,4.1666666666666667e-07
Al_degrader_E9,8.73,3.3333333333333335e-07
Al_degrader_E9,8.79,1.6666666666666668e-07
Al_degrader_E9,8.85,5e-07
Al_degrader_E9,8.91,1e-06
Al_degrader_E9,8.969999999999999,1e-06
Al_degrader_E9,9.030000000000001,1.3333333333333334e-06
Al_degrader_E9,9.09,2e-06
Al_degrader_E9,9.149999999999999,2.25e-06
Al_degrader_E9,9.21,2.8333333333333335e-06
Al_degrader_E9,9.27,4e-06
Al_degrader_E9,9.329999999999998,3.75e-06
Al_degrader_E9,9.39,6e-06
Al_degrader_E9,9.45,6.333333333333333e-06
Al_degrader_E9,9.51,8.916666666666667e-06
Al_degrader_E9,9.57,1.0166666666666667e-05
Al_degrader_E9,9.629999999999999,1.1333333333333334e-05
Al_degrader_E9,9.69,1.6916666666666667e-05
Al_degrader_E9,9.75,1.8666666666666665e-05
Al_degrader_E9,9.809999999999999,2.275e-05
Al_degrader_E9,9.870000000000001,3.025e-05
Al_degrader_E9,9.93,3.983333333333333e-05
Al_degrader_E9,9.989999999999998,4.125e-05
Al_degrader_E9,10.05,5.1e-05
Al_degrader_E9,10.11,7.033333333333334e-05
Al_degrader_E9,10.169999999999998,7.583333333333334e-05
Al_degrader_E9,10.23,9.183333333333333e-05
Al_degrader_E9,10.29,0.00010991666666666666
Al_degrader_E9,10.35,0.000145
Al_degrader_E9,10.41,0.00015358333333333334
Al_degrader_E9,10.469999999999999,0.00019508333333333332
Al_degrader_E9,10.53,0.00023191666666666668
Al_degrader_E9,10.59,0.0002589166666666667
Al_degrader_E9,10.649999999999999,0.00032483333333333333
Al_degrader_E9,10.71,0.0003753333333333333
Al_degrader_E9,10.77,0.0004475
Al_degrader_E9,10.829999999999998,0.0005094166666666667
Al_degrader_E9,10.89,0.0006094166666666666
Al_degrader_E9,10.95,0.000706
Al_degrader_E9,11.01,0.0008045
Al_degrader_E9,11.07,0.0009444166666666666
Al_degrader_E9,11.129999999999999,0.001085
Al_degrader_E9,11.19,0.00123675
Al_degrader_E9,11.25,0.0014275
Al_degrader_E9,11.309999999999999,0.0016234166666666667
Al_degrader_E9,11.370000000000001,0.0018364166666666668
Al_degrader_E9,11.43,0.0020964166666666666
Al_degrader_E9,11.489999999999998,0.002386
Al_degrader_E9,11.55,0.00265525
Al_degrader_E9,11.61,0.0029885833333333335
Al_degrader_E9,11.669999999999998,0.00337525
Al_degrader_E9,11.73,0.003764916666666667
Al_degrader_E9,11.79,0.0041705833333333334
Al_degrader_E9,11.85,0.004649833333333333
Al_degrader_E9,11.91,0.005144666666666666
Al_degrader_E9,11.969999999999999,0.005627583333333333
Al_degrader_E9,12.03,0.006195333333333333
Al_degrader_E9,12.09,0.006800166666666667
Al_degrader_E9,12.149999999999999,0.007385416666666667
Al_degrader_E9,12.21,0.008046333333333334
Al_degrader_E9,12.27,0.008733083333333334
Al_degrader_E9,12.329999999999998,0.009407833333333334
Al_degrader_E9,12.39,0.010142083333333333
Al_degrader_E9,12.45,0.010934666666666667
Al_degrader_E9,12.51,0.011630833333333333
Al_degrader_E9,12.57,0.0124425
Al_degrader_E9,12.629999999999999,0.013255166666666667
Al_degrader_E9,12.69,0.013984916666666666
Al_degrader_E9,12.75,0.0148405
Al_degrader_E9,12.809999999999999,0.015651083333333333
Al_degrader_E9,12.870000000000001,0.01637016666666667
Al_degrader_E9,12.93,0.01719725
Al_degrader_E9,12.989999999999998,0.017962666666666665
Al_degrader_E9,13.05,0.018629583333333335
Al_degrader_E9,13.11,0.01936025
Al_degrader_E9,13.169999999999998,0.020038833333333332
Al_degrader_E9,13.23,0.020610583333333335
Al_degrader_E9,13.29,0.021182416666666665
Al_degrader_E9,13.35,0.021681083333333333
Al_degrader_E9,13.41,0.022192
Al_degrader_E9,13.469999999999999,0.02254675
Al_degrader_E9,13.53,0.02284925
Al_degrader_E9,13.59,0.023115333333333335
Al_degrader_E9,13.649999999999999,0.02336525
Al_degrader_E9,13.71,0.023419583333333334
Al_degrader_E9,13.77,0.02342925
Al_degrader_E9,13.829999999999998,0.023473
Al_degrader_E9,13.89,0.023313416666666666
Al_degrader_E9,13.95,0.023107666666666665
Al_degrader_E9,14.009999999999998,0.022838416666666667
Al_degrader_E9,14.07,0.022549666666666666
Al_degrader_E9,14.129999999999999,0.022061916666666667
Al_degrader_E9,14.19,0.021603666666666667
Al_degrader_E9,14.25,0.021051
Al_degrader_E9,14.309999999999999,0.020501
Al_degrader_E9,14.37,0.019770916666666666
Al_degrader_E9,14.43,0.019040666666666668
Al_degrader_E9,14.489999999999998,0.018311166666666667
Al_degrader_E9,14.55,0.017495166666666666
Al_degrader_E9,14.61,0.016647166666666668
Al_degrader_E9,14.669999999999998,0.015818166666666668
Al_degrader_E9,14.73,0.014862833333333334
Al_degrader_E9,14.79,0.014033583333333334
Al_degrader_E9,14.85,0.013093416666666666
Al_degrader_E9,14.91,0.012156333333333333
Al_degrader_E9,14.969999999999999,0.011341
Al_degrader_E9,15.03,0.010373
Al_degrader_E9,15.09,0.009605416666666667
Al_degrader_E9,15.149999999999999,0.00873425
Al_degrader_E9,15.21,0.007928833333333333
Al_degrader_E9,15.27,0.00720875
Al_degrader_E9,15.329999999999998,0.0064544166666666665
Al_degrader_E9,15.39,0.005810333333333333
Al_degrader_E9,15.45,0.005151916666666667
Al_degrader_E9,15.509999999999998,0.004592666666666667
Al_degrader_E9,15.57,0.004039416666666667
Al_degrader_E9,15.629999999999999,0.003516416666666667
Al_degrader_E9,15.69,0.003098416666666667
Al_degrader_E9,15.75,0.00266125
Al_degrader_E9,15.809999999999999,0.0023159166666666666
Al_degrader_E9,15.87,0.0019620833333333335
Al_degrader_E9,15.93,0.0016965833333333334
Al_degrader_E9,15.989999999999998,0.0014199166666666668
Al_degrader_E9,16.049999999999997,0.0012085833333333334
Al_degrader_E9,16.11,0.0010110833333333332
Al_degrader_E9,16.17,0.00083625
Al_degrader_E9,16.229999999999997,0.0006930833333333333
Al_degrader_E9,16.29,0.0005585833333333333
Al_degrader_E9,16.35,0.0004673333333333333
Al_degrader_E9,16.409999999999997,0.00037758333333333334
Al_degrader_E9,16.47,0.00029883333333333335
Al_degrader_E9,16.53,0.00024808333333333334
Al_degrader_E9,16.59,0.00019041666666666667
Al_degrader_E9,16.65,0.00015366666666666667
Al_degrader_E9,16.71,0.00011666666666666667
Al_degrader_E9,16.77,9.583333333333334e-05
Al_degrader_E9,16.83,6.9e-05
Al_degrader_E9,16.89,5.5083333333333335e-05
Al_degrader_E9,16.95,4.383333333333333e-05
Al_degrader_E9,17.009999999999998,3.6416666666666666e-05
Al_degrader_E9,17.07,2.325e-05
Al_degrader_E9,17.13,2.0166666666666668e-05
Al_degrader_E9,17.189999999999998,1.325e-05
Al_degrader_E9,17.25,1.1e-05
Al_degrader_E9,17.310000000000002,7.083333333333333e-06
Al_degrader_E9,17.369999999999997,5.916666666666667e-06
Al_degrader_E9,17.43,3.916666666666667e-06
Al_degrader_E9,17.490000000000002,2.5e-06
Al_degrader_E9,17.549999999999997,2.5e-06
Al_degrader_E9,17.61,1.75e-06
Al_degrader_E9,17.67,8.333333333333333e-07
Al_degrader_E9,17.729999999999997,6.666666666666667e-07
Al_degrader_E9,17.79,5e-07
Al_degrader_E9,17.85,1.6666666666666668e-07
Al_degrader_E9,17.909999999999997,4.1666666666666667e-07
Al_degrader_E9,17.97,8.333333333333334e-08
Al_degrader_E9,18.03,0.0
Al_degrader_E9,18.09,8.333333333333334e-08
Al_degrader_E9,18.15,0.0
Al_degrader_E9,18.21,8.333333333333334e-08
Ni13,7.47,2e-07
Ni13,7.529999999999999,0.0
Ni13,7.59,0.0
Ni13,7.65,6e-07
Ni13,7.709999999999999,4e-07
Ni13,7.77,0.0
Ni13,7.83,4e-07
Ni13,7.89,1e-06
Ni13,7.949999999999999,4e-07
Ni13,8.01,4e-07
Ni13,8.07,1.4e-06
Ni13,8.129999999999999,1.8e-06
Ni13,8.19,1.8e-06
Ni13,8.25,3.2e-06
Ni13,8.309999999999999,5e-06
Ni13,8.370000000000001,4.6e-06
Ni13,8.43,6.2e-06
Ni13,8.489999999999998,8e-06
Ni13,8.55,1.06e-05
Ni13,8.61,9.6e-06
Ni13,8.67,1.46e-05
Ni13,8.73,1.76e-05
Ni13,8.79,2.06e-05
Ni13,8.85,2.52e-05
Ni13,8.91,3.08e-05
Ni13,8.969999999999999,3.8e-05
Ni13,9.030000000000001,4.46e-05
Ni13,9.09,5.64e-05
Ni13,9.149999999999999,6.68e-05
Ni13,9.21,8.76e-05
Ni13,9.27,9.84e-05
Ni13,9.329999999999998,0.0001182
Ni13,9.39,0.0001496
Ni13,9.45,0.0001712
Ni13,9.51,0.0002028
Ni13,9.57,0.000252
Ni13,9.629999999999999,0.000283
Ni13,9.69,0.0003604
Ni13,9.75,0.0004078
Ni13,9.809999999999999,0.0004936
Ni13,9.870000000000001,0.0005628
Ni13,9.93,0.0006616
Ni13,9.989999999999998,0.0007838
Ni13,10.05,0.0009028
Ni13,10.11,0.0010646
Ni13,10.169999999999998,0.0012444
Ni13,10.23,0.0013932
Ni13,10.29,0.0016422
Ni13,10.35,0.0018644
Ni13,10.41,0.0021432
Ni13,10.469999999999999,0.00246
Ni13,10.53,0.0027766
Ni13,10.59,0.0031506
Ni13,10.649999999999999,0.0035774
Ni13,10.71,0.004003
Ni13,10.77,0.0044974
Ni13,10.829999999999998,0.0050468
Ni13,10.89,0.0056286
Ni13,10.95,0.006229
Ni13,11.01,0.0069254
Ni13,11.07,0.007656
Ni13,11.129999999999999,0.0084926
Ni13,11.19,0.009246
Ni13,11.25,0.0101276
Ni13,11.309999999999999,0.0110746
Ni13,11.370000000000001,0.0119302
Ni13,11.43,0.0128534
Ni13,11.489999999999998,0.0139236
Ni13,11.55,0.0148602
Ni13,11.61,0.0159532
Ni13,11.669999999999998,0.0168872
Ni13,11.73,0.0179288
Ni13,11.79,0.018939
Ni13,11.85,0.0198724
Ni13,11.91,0.0208756
Ni13,11.969999999999999,0.0216662
Ni13,12.03,0.0226524
Ni13,12.09,0.023284
Ni13,12.149999999999999,0.0242552
Ni13,12.21,0.0246258
Ni13,12.27,0.0253714
Ni13,12.329999999999998,0.0257966
Ni13,12.39,0.026121
Ni13,12.45,0.0264812
Ni13,12.51,0.0264648
Ni13,12.57,0.0265612
Ni13,12.629999999999999,0.0264728
Ni13,12.69,0.0261936
Ni13,12.75,0.02592
Ni13,12.809999999999999,0.02541
Ni13,12.870000000000001,0.0248334
Ni13,12.93,0.0242172
Ni13,12.989999999999998,0.0232822
Ni13,13.05,0.0225972
Ni13,13.11,0.0214804
Ni13,13.169999999999998,0.0206964
Ni13,13.23,0.0195078
Ni13,13.29,0.0185278
Ni13,13.35,0.0172834
Ni13,13.41,0.0163508
Ni13,13.469999999999999,0.0150958
Ni13,13.53,0.014002
Ni13,13.59,0.0129538
Ni13,13.649999999999999,0.0118216
Ni13,13.71,0.0108518
Ni13,13.77,0.0098534
Ni13,13.829999999999998,0.008837
Ni13,13.89,0.0080254
Ni13,13.95,0.0070784
Ni13,14.009999999999998,0.0064108
Ni13,14.07,0.0055616
Ni13,14.129999999999999,0.0049764
Ni13,14.19,0.0043074
Ni13,14.25,0.0037898
Ni13,14.309999999999999,0.0032474
Ni13,14.37,0.0028178
Ni13,14.43,0.0024004
Ni13,14.489999999999998,0.0020652
Ni13,14.55,0.0017308
Ni13,14.61,0.0014506
Ni13,14.669999999999998,0.0012214
Ni13,14.73,0.0010076
Ni13,14.79,0.0008306
Ni13,14.85,0.0006846
Ni13,14.91,0.0005596
Ni13,14.969999999999999,0.0004572
Ni13,15.03,0.0003652
Ni13,15.09,0.0002994
Ni13,15.149999999999999,0.000231
Ni13,15.21,0.0001852
Ni13,15.27,0.0001374
Ni13,15.329999999999998,0.0001254
Ni13,15.39,9.28e-05
Ni13,15.45,7.3e-05
Ni13,15.509999999999998,5.82e-05
Ni13,15.57,4.2e-05
Ni13,15.629999999999999,3.24e-05
Ni13,15.69,2.48e-05
Ni13,15.75,1.74e-05
Ni13,15.809999999999999,1.44e-05
Ni13,15.87,1e-05
Ni13,15.93,7.8e-06
Ni13,15.989999999999998,5.6e-06
Ni13,16.049999999999997,5.2e-06
Ni13,16.11,2e-06
Ni13,16.17,2.4e-06
Ni13,16.229999999999997,1.6e-06
Ni13,16.29,4e-07
Ni13,16.35,1.2e-06
Ni13,16.409999999999997,2e-07
Ni13,16.47,4e-07
Ni13,16.53,0.0
Ni13,16.59,2e-07
Ni13,16.65,0.0
Ni13,16.71,2e-07
Sn13,7.289999999999999,3.3333333333333335e-07
Sn13,7.35,0.0
Sn13,7.41,3.3333333333333335e-07
Sn13,7.47,1.3333333333333334e-06
Sn13,7.529999999999999,6.666666666666667e-07
Sn13,7.59,1e-06
Sn13,7.65,1.3333333333333334e-06
Sn13,7.709999999999999,6.666666666666667e-07
Sn13,7.77,1e-06
Sn13,7.83,1.6666666666666667e-06
Sn13,7.89,1.6666666666666667e-06
Sn13,7.949999999999999,3.3333333333333333e-06
Sn13,8.01,4.333333333333333e-06
Sn13,8.07,6.333333333333333e-06
Sn13,8.129999999999999,1e-05
Sn13,8.19,1.0666666666666667e-05
Sn13,8.25,1.4e-05
Sn13,8.309999999999999,1.5e-05
Sn13,8.370000000000001,2e-05
Sn13,8.43,2.1e-05
Sn13,8.489999999999998,2.3e-05
Sn13,8.55,3.433333333333333e-05
Sn13,8.61,3.3333333333333335e-05
Sn13,8.67,4.633333333333333e-05
Sn13,8.73,5.066666666666667e-05
Sn13,8.79,6.6e-05
Sn13,8.85,7.6e-05
Sn13,8.91,9.7e-05
Sn13,8.969999999999999,0.00011266666666666666
Sn13,9.030000000000001,0.000146
Sn13,9.09,0.00018266666666666667
Sn13,9.149999999999999,0.00021033333333333334
Sn13,9.21,0.00024266666666666667
Sn13,9.27,0.00030233333333333333
Sn13,9.329999999999998,0.0003336666666666667
Sn13,9.39,0.000404
Sn13,9.45,0.00045766666666666666
Sn13,9.51,0.0005663333333333333
Sn13,9.57,0.0006446666666666667
Sn13,9.629999999999999,0.0007863333333333333
Sn13,9.69,0.0009036666666666667
Sn13,9.75,0.001019
Sn13,9.809999999999999,0.0011863333333333333
Sn13,9.870000000000001,0.001375
Sn13,9.93,0.0015933333333333333
Sn13,9.989999999999998,0.0018663333333333333
Sn13,10.05,0.0021363333333333334
Sn13,10.11,0.0024393333333333333
Sn13,10.169999999999998,0.0027396666666666667
Sn13,10.23,0.0031016666666666666
Sn13,10.29,0.0034933333333333335
Sn13,10.35,0.0039373333333333335
Sn13,10.41,0.0044926666666666665
Sn13,10.469999999999999,0.004937666666666667
Sn13,10.53,0.005533
Sn13,10.59,0.006130333333333333
Sn13,10.649999999999999,0.006836
Sn13,10.71,0.007562
Sn13,10.77,0.008316666666666667
Sn13,10.829999999999998,0.009136333333333333
Sn13,10.89,0.009988
Sn13,10.95,0.010920333333333334
Sn13,11.01,0.011901333333333333
Sn13,11.07,0.012959
Sn13,11.129999999999999,0.013864
Sn13,11.19,0.014789666666666666
Sn13,11.25,0.015846666666666665
Sn13,11.309999999999999,0.016742333333333335
Sn13,11.370000000000001,0.017738
Sn13,11.43,0.018736666666666665
Sn13,11.489999999999998,0.019817
Sn13,11.55,0.020770666666666666
Sn13,11.61,0.021658
Sn13,11.669999999999998,0.022427333333333334
Sn13,11.73,0.023418333333333333
Sn13,11.79,0.024180333333333335
Sn13,11.85,0.024750666666666667
Sn13,11.91,0.025217666666666666
Sn13,11.969999999999999,0.02570566666666667
Sn13,12.03,0.026190333333333333
Sn13,12.09,0.026359666666666667
Sn13,12.149999999999999,0.026611666666666665
Sn13,12.21,0.026670666666666665
Sn13,12.27,0.026623666666666667
Sn13,12.329999999999998,0.026352333333333332
Sn13,12.39,0.025996333333333333
Sn13,12.45,0.02552
Sn13,12.51,0.025053666666666665
Sn13,12.57,0.024228
Sn13,12.629999999999999,0.023583
Sn13,12.69,0.022581
Sn13,12.75,0.021624333333333332
Sn13,12.809999999999999,0.020764333333333333
Sn13,12.870000000000001,0.019701
Sn13,12.93,0.01845166666666667
Sn13,12.989999999999998,0.017453
Sn13,13.05,0.016325
Sn13,13.11,0.015216666666666667
Sn13,13.169999999999998,0.014206333333333333
Sn13,13.23,0.013086
Sn13,13.29,0.011948
Sn13,13.35,0.010910333333333333
Sn13,13.41,0.009836666666666667
Sn13,13.469999999999999,0.008895
Sn13,13.53,0.007975333333333333
Sn13,13.59,0.007179666666666667
Sn13,13.649999999999999,0.006391666666666667
Sn13,13.71,0.005669666666666667
Sn13,13.77,0.004955
Sn13,13.829999999999998,0.004360333333333333
Sn13,13.89,0.003852
Sn13,13.95,0.003335
Sn13,14.009999999999998,0.002823
Sn13,14.07,0.0023973333333333333
Sn13,14.129999999999999,0.0020366666666666667
Sn13,14.19,0.001728
Sn13,14.25,0.0014573333333333333
Sn13,14.309999999999999,0.0012113333333333334
Sn13,14.37,0.0010326666666666668
Sn13,14.43,0.000862
Sn13,14.489999999999998,0.0007056666666666666
Sn13,14.55,0.0005743333333333334
Sn13,14.61,0.00044633333333333336
Sn13,14.669999999999998,0.0003426666666666667
Sn13,14.73,0.000272
Sn13,14.79,0.00022766666666666668
Sn13,14.85,0.00019866666666666668
Sn13,14.91,0.00015733333333333333
Sn13,14.969999999999999,0.00012733333333333333
Sn13,15.03,9.766666666666666e-05
Sn13,15.09,7.266666666666667e-05
Sn13,15.149999999999999,5.466666666666667e-05
Sn13,15.21,4.2e-05
Sn13,15.27,3.2e-05
Sn13,15.329999999999998,2.3666666666666668e-05
Sn13,15.39,1.8e-05
Sn13,15.45,1.3666666666666667e-05
Sn13,15.509999999999998,1.2333333333333333e-05
Sn13,15.57,8.666666666666666e-06
Sn13,15.629999999999999,6e-06
Sn13,15.69,4e-06
Sn13,15.75,2e-06
Sn13,15.809999999999999,2e-06
Sn13,15.87,2e-06
Sn13,15.93,1.3333333333333334e-06
Sn13,15.989999999999998,3.3333333333333335e-07
Sn13,16.049999999999997,0.0
Sn13,16.11,3.3333333333333335e-07
Sn13,16.17,3.3333333333333335e-07
Sn13,16.229999999999997,3.3333333333333335e-07
Ta13,6.63,2.5e-07
Ta13,6.6899999999999995,0.0
Ta13,6.75,0.0
Ta13,6.81,2.5e-07
Ta13,6.869999999999999,1e-06
Ta13,6.93,0.0
Ta13,6.99,2.5e-07
Ta13,7.05,7.5e-07
Ta13,7.109999999999999,1e-06
Ta13,7.17,5e-07
Ta13,7.2299999999999995,7.5e-07
Ta13,7.289999999999999,2.25e-06
Ta13,7.35,2e-06
Ta13,7.41,1.75e-06
Ta13,7.47,4.25e-06
Ta13,7.529999999999999,5.5e-06
Ta13,7.59,5.5e-06
Ta13,7.65,6.5e-06
Ta13,7.709999999999999,8.5e-06
Ta13,7.77,1.225e-05
Ta13,7.83,1.025e-05
Ta13,7.89,1.525e-05
Ta13,7.949999999999999,2.075e-05
Ta13,8.01,2.025e-05
Ta13,8.07,2.85e-05
Ta13,8.129999999999999,2.925e-05
Ta13,8.19,3.625e-05
Ta13,8.25,4.875e-05
Ta13,8.309999999999999,5.075e-05
Ta13,8.370000000000001,6.425e-05
Ta13,8.43,7.9e-05
Ta13,8.489999999999998,0.000103
Ta13,8.55,0.0001105
Ta13,8.61,0.0001335
Ta13,8.67,0.0001665
Ta13,8.73,0.00019425
Ta13,8.79,0.00022
Ta13,8.85,0.00027225
Ta13,8.91,0.0003165
Ta13,8.969999999999999,0.0003705
Ta13,9.030000000000001,0.00042725
Ta13,9.09,0.000527
Ta13,9.149999999999999,0.00058875
Ta13,9.21,0.00065325
Ta13,9.27,0.000809
Ta13,9.329999999999998,0.000931
Ta13,9.39,0.001031
Ta13,9.45,0.00125725
Ta13,9.51,0.001403
Ta13,9.57,0.00159425
Ta13,9.629999999999999,0.0018565
Ta13,9.69,0.0020605
Ta13,9.75,0.0023895
Ta13,9.809999999999999,0.00267675
Ta13,9.870000000000001,0.00303775
Ta13,9.93,0.00342275
Ta13,9.989999999999998,0.00383675
Ta13,10.05,0.004234
Ta13,10.11,0.004769
Ta13,10.169999999999998,0.0053075
Ta13,10.23,0.00588525
Ta13,10.29,0.00645875
Ta13,10.35,0.007159
Ta13,10.41,0.00789025
Ta13,10.469999999999999,0.00860625
Ta13,10.53,0.009426
Ta13,10.59,0.0102365
Ta13,10.649999999999999,0.011141
Ta13,10.71,0.01201525
Ta13,10.77,0.01284775
Ta13,10.829999999999998,0.01382775
Ta13,10.89,0.01475275
Ta13,10.95,0.0156735
Ta13,11.01,0.01674125
Ta13,11.07,0.01757325
Ta13,11.129999999999999,0.01847975
Ta13,11.19,0.01946175
Ta13,11.25,0.020354
Ta13,11.309999999999999,0.02109625
Ta13,11.370000000000001,0.021926
Ta13,11.43,0.02282725
Ta13,11.489999999999998,0.023265
Ta13,11.55,0.024164
Ta13,11.61,0.024415
Ta13,11.669999999999998,0.0249325
Ta13,11.73,0.0254735
Ta13,11.79,0.0255465
Ta13,11.85,0.02574375
Ta13,11.91,0.02579075
Ta13,11.969999999999999,0.025659
Ta13,12.03,0.02567975
Ta13,12.09,0.0252045
Ta13,12.149999999999999,0.0247375
Ta13,12.21,0.0244495
Ta13,12.27,0.02366975
Ta13,12.329999999999998,0.0230875
Ta13,12.39,0.022164
Ta13,12.45,0.021387
Ta13,12.51,0.0204515
Ta13,12.57,0.01945725
Ta13,12.629999999999999,0.0185325
Ta13,12.69,0.01737775
Ta13,12.75,0.01648025
Ta13,12.809999999999999,0.01533025
Ta13,12.870000000000001,0.014376
Ta13,12.93,0.01324225
Ta13,12.989999999999998,0.01217125
Ta13,13.05,0.0113
Ta13,13.11,0.01021225
Ta13,13.169999999999998,0.0093355
Ta13,13.23,0.00843475
Ta13,13.29,0.00754125
Ta13,13.35,0.00685675
Ta13,13.41,0.00600175
Ta13,13.469999999999999,0.00543025
Ta13,13.53,0.00472525
Ta13,13.59,0.0041875
Ta13,13.649999999999999,0.00362475
Ta13,13.71,0.0031785
Ta13,13.77,0.002731
Ta13,13.829999999999998,0.002366
Ta13,13.89,0.002004
Ta13,13.95,0.00169575
Ta13,14.009999999999998,0.001438
Ta13,14.07,0.001198
Ta13,14.129999999999999,0.00102975
Ta13,14.19,0.00082925
Ta13,14.25,0.000686
Ta13,14.309999999999999,0.00057975
Ta13,14.37,0.000456
Ta13,14.43,0.000389
Ta13,14.489999999999998,0.00028925
Ta13,14.55,0.0002535
Ta13,14.61,0.00018425
Ta13,14.669999999999998,0.0001565
Ta13,14.73,0.0001305
Ta13,14.79,9.7e-05
Ta13,14.85,8.325e-05
Ta13,14.91,5.9e-05
Ta13,14.969999999999999,4.95e-05
Ta13,15.03,3.3e-05
Ta13,15.09,2.75e-05
Ta13,15.149999999999999,2e-05
Ta13,15.21,1.725e-05
Ta13,15.27,1.15e-05
Ta13,15.329999999999998,8.5e-06
Ta13,15.39,7.75e-06
Ta13,15.45,5e-06
Ta13,15.509999999999998,3.75e-06
Ta13,15.57,2.5e-06
Ta13,15.629999999999999,1.5e-06
Ta13,15.69,1e-06
Ta13,15.75,1e-06
Ta13,15.809999999999999,7.5e-07
Ta13,15.87,5e-07
Ta13,15.93,0.0
Ta13,15.989999999999998,2.5e-07
Ta13,16.049999999999997,0.0
Ta13,16.11,2.5e-07
Cu13,5.789999999999999,2e-07
Cu13,5.85,0.0
Cu13,5.91,0.0
Cu13,5.97,2e-07
Cu13,6.029999999999999,6e-07
Cu13,6.09,2e-07
Cu13,6.15,0.0
Cu13,6.21,1e-06
Cu13,6.27,4e-07
Cu13,6.33,2e-07
Cu13,6.39,6e-07
Cu13,6.449999999999999,1e-06
Cu13,6.51,1.4e-06
Cu13,6.57,1.2e-06
Cu13,6.63,2.6e-06
Cu13,6.6899999999999995,2.6e-06
Cu13,6.75,4e-06
Cu13,6.81,4.2e-06
Cu13,6.869999999999999,5e-06
Cu13,6.93,6.6e-06
Cu13,6.99,8.2e-06
Cu13,7.05,9.6e-06
Cu13,7.109999999999999,1e-05
Cu13,7.17,1.36e-05
Cu13,7.2299999999999995,1.6e-05
Cu13,7.289999999999999,1.78e-05
Cu13,7.35,2.38e-05
Cu13,7.41,2.46e-05
Cu13,7.47,3e-05
Cu13,7.529999999999999,3.92e-05
Cu13,7.59,4.42e-05
Cu13,7.65,5.06e-05
Cu13,7.709999999999999,6.2e-05
Cu13,7.77,7.98e-05
Cu13,7.83,9.18e-05
Cu13,7.89,9.98e-05
Cu13,7.949999999999999,0.0001292
Cu13,8.01,0.0001482
Cu13,8.07,0.00017
Cu13,8.129999999999999,0.0002016
Cu13,8.19,0.0002384
Cu13,8.25,0.0002726
Cu13,8.309999999999999,0.0003286
Cu13,8.370000000000001,0.000375
Cu13,8.43,0.0004392
Cu13,8.489999999999998,0.0005174
Cu13,8.55,0.0005682
Cu13,8.61,0.0006832
Cu13,8.67,0.0007726
Cu13,8.73,0.000878
Cu13,8.79,0.0010524
Cu13,8.85,0.0011762
Cu13,8.91,0.0013156
Cu13,8.969999999999999,0.0015504
Cu13,9.030000000000001,0.0016956
Cu13,9.09,0.0019738
Cu13,9.149999999999999,0.0022124
Cu13,9.21,0.0024656
Cu13,9.27,0.0028286
Cu13,9.329999999999998,0.003113
Cu13,9.39,0.0035016
Cu13,9.45,0.0039006
Cu13,9.51,0.0043112
Cu13,9.57,0.0048484
Cu13,9.629999999999999,0.0052882
Cu13,9.69,0.0058324
Cu13,9.75,0.0064542
Cu13,9.809999999999999,0.0070358
Cu13,9.870000000000001,0.0078082
Cu13,9.93,0.0084474
Cu13,9.989999999999998,0.0091576
Cu13,10.05,0.0099548
Cu13,10.11,0.0107766
Cu13,10.169999999999998,0.011587
Cu13,10.23,0.0123946
Cu13,10.29,0.0132612
Cu13,10.35,0.0141172
Cu13,10.41,0.0150784
Cu13,10.469999999999999,0.015912
Cu13,10.53,0.0168184
Cu13,10.59,0.0176632
Cu13,10.649999999999999,0.0184454
Cu13,10.71,0.0194578
Cu13,10.77,0.0200682
Cu13,10.829999999999998,0.0209766
Cu13,10.89,0.021541
Cu13,10.95,0.0223334
Cu13,11.01,0.0229872
Cu13,11.07,0.0233178
Cu13,11.129999999999999,0.024004
Cu13,11.19,0.0242278
Cu13,11.25,0.0246896
Cu13,11.309999999999999,0.0247356
Cu13,11.370000000000001,0.0249484
Cu13,11.43,0.0249156
Cu13,11.489999999999998,0.0248336
Cu13,11.55,0.0246666
Cu13,11.61,0.0243018
Cu13,11.669999999999998,0.024041
Cu13,11.73,0.0233452
Cu13,11.79,0.022985
Cu13,11.85,0.0221534
Cu13,11.91,0.0215788
Cu13,11.969999999999999,0.0206398
Cu13,12.03,0.0198938
Cu13,12.09,0.018908
Cu13,12.149999999999999,0.0179688
Cu13,12.21,0.0170936
Cu13,12.27,0.0160178
Cu13,12.329999999999998,0.0151132
Cu13,12.39,0.014046
Cu13,12.45,0.0131188
Cu13,12.51,0.012047
Cu13,12.57,0.0112118
Cu13,12.629999999999999,0.0102378
Cu13,12.69,0.0093872
Cu13,12.75,0.008443
Cu13,12.809999999999999,0.0077366
Cu13,12.870000000000001,0.0068532
Cu13,12.93,0.0062848
Cu13,12.989999999999998,0.0054814
Cu13,13.05,0.004948
Cu13,13.11,0.0043246
Cu13,13.169999999999998,0.003831
Cu13,13.23,0.0033314
Cu13,13.29,0.0029042
Cu13,13.35,0.0025198
Cu13,13.41,0.002171
Cu13,13.469999999999999,0.0018578
Cu13,13.53,0.0015704
Cu13,13.59,0.0013358
Cu13,13.649999999999999,0.0011238
Cu13,13.71,0.0009484
Cu13,13.77,0.0007738
Cu13,13.829999999999998,0.0006598
Cu13,13.89,0.0005334
Cu13,13.95,0.0004496
Cu13,14.009999999999998,0.0003538
Cu13,14.07,0.000298
Cu13,14.129999999999999,0.0002284
Cu13,14.19,0.0001934
Cu13,14.25,0.00014
Cu13,14.309999999999999,0.0001278
Cu13,14.37,9.74e-05
Cu13,14.43,8e-05
Cu13,14.489999999999998,6.02e-05
Cu13,14.55,4.56e-05
Cu13,14.61,3.8e-05
Cu13,14.669999999999998,2.56e-05
Cu13,14.73,2.3e-05
Cu13,14.79,1.5e-05
Cu13,14.85,1.2e-05
Cu13,14.91,8.8e-06
Cu13,14.969999999999999,8.8e-06
Cu13,15.03,3.6e-06
Cu13,15.09,5.4e-06
Cu13,15.149999999999999,1.8e-06
Cu13,15.21,2.2e-06
Cu13,15.27,1e-06
Cu13,15.329999999999998,1e-06
Cu13,15.39,1e-06
Cu13,15.45,4e-07
Cu13,15.509999999999998,4e-07
Cu13,15.57,0.0
Cu13,15.629999999999999,2e-07
Cu13,15.69,0.0
Cu13,15.75,2e-07
Al_degrader_E10,0.09,5e-08
Al_degrader_E10,0.15,0.0
Al_degrader_E10,0.21,0.0
Al_degrader_E10,0.27,0.0
Al_degrader_E10,0.32999999999999996,0.0
Al_degrader_E10,0.39,0.0
Al_degrader_E10,0.44999999999999996,0.0
Al_degrader_E10,0.51,5e-08
Al_degrader_E10,0.5700000000000001,5e-08
Al_degrader_E10,0.6299999999999999,0.0
Al_degrader_E10,0.69,1e-07
Al_degrader_E10,0.75,0.0
Al_degrader_E10,0.81,0.0
Al_degrader_E10,0.8699999999999999,5e-08
Al_degrader_E10,0.9299999999999999,0.0
Al_degrader_E10,0.99,0.0
Al_degrader_E10,1.05,0.0
Al_degrader_E10,1.1099999999999999,0.0
Al_degrader_E10,1.17,5e-08
Al_degrader_E10,1.23,5e-08
Al_degrader_E10,1.29,5e-08
Al_degrader_E10,1.3499999999999999,5e-08
Al_degrader_E10,1.41,5e-08
Al_degrader_E10,1.47,5e-08
Al_degrader_E10,1.53,0.0
Al_degrader_E10,1.5899999999999999,5e-08
Al_degrader_E10,1.65,0.0
Al_degrader_E10,1.71,1.5e-07
Al_degrader_E10,1.77,1.5e-07
Al_degrader_E10,1.8299999999999998,0.0
Al_degrader_E10,1.89,1.5e-07
Al_degrader_E10,1.95,0.0
Al_degrader_E10,2.01,1e-07
Al_degrader_E10,2.0700000000000003,1e-07
Al_degrader_E10,2.13,1.5e-07
Al_degrader_E10,2.19,3.5e-07
Al_degrader_E10,2.25,2e-07
Al_degrader_E10,2.3099999999999996,2e-07
Al_degrader_E10,2.37,2e-07
Al_degrader_E10,2.4299999999999997,2e-07
Al_degrader_E10,2.49,4.5e-07
Al_degrader_E10,2.55,5e-07
Al_degrader_E10,2.61,6e-07
Al_degrader_E10,2.67,6.5e-07
Al_degrader_E10,2.7299999999999995,5.5e-07
Al_degrader_E10,2.79,7e-07
Al_degrader_E10,2.8499999999999996,8e-07
Al_degrader_E10,2.91,9e-07
Al_degrader_E10,2.9699999999999998,1.05e-06
Al_degrader_E10,3.0300000000000002,1.15e-06
Al_degrader_E10,3.09,1.05e-06
Al_degrader_E10,3.15,1.8e-06
Al_degrader_E10,3.21,1.5e-06
Al_degrader_E10,3.2699999999999996,1.7e-06
Al_degrader_E10,3.33,1.65e-06
Al_degrader_E10,3.3899999999999997,2.5e-06
Al_degrader_E10,3.45,2.6e-06
Al_degrader_E10,3.51,2.5e-06
Al_degrader_E10,3.57,3.15e-06
Al_degrader_E10,3.63,3.65e-06
Al_degrader_E10,3.6899999999999995,4.15e-06
Al_degrader_E10,3.75,3.9e-06
Al_degrader_E10,3.8099999999999996,4.5e-06
Al_degrader_E10,3.87,5.55e-06
Al_degrader_E10,3.9299999999999997,6.5e-06
Al_degrader_E10,3.9899999999999998,6.8e-06
Al_degrader_E10,4.05,7.65e-06
Al_degrader_E10,4.109999999999999,8.65e-06
Al_degrader_E10,4.17,1.02e-05
Al_degrader_E10,4.23,1.08e-05
Al_degrader_E10,4.29,1.185e-05
Al_degrader_E10,4.35,1.475e-05
Al_degrader_E10,4.41,1.735e-05
Al_degrader_E10,4.47,1.875e-05
Al_degrader_E10,4.529999999999999,1.955e-05
Al_degrader_E10,4.59,2.325e-05
Al_degrader_E10,4.65,2.78e-05
Al_degrader_E10,4.71,2.86e-05
Al_degrader_E10,4.77,3.175e-05
Al_degrader_E10,4.83,3.93e-05
Al_degrader_E10,4.89,4.195e-05
Al_degrader_E10,4.949999999999999,4.485e-05
Al_degrader_E10,5.01,5.47e-05
Al_degrader_E10,5.07,5.895e-05
Al_degrader_E10,5.13,6.36e-05
Al_degrader_E10,5.1899999999999995,7.73e-05
Al_degrader_E10,5.25,8.345e-05
Al_degrader_E10,5.31,9.15e-05
Al_degrader_E10,5.369999999999999,0.0001087
Al_degrader_E10,5.43,0.00011915
Al_degrader_E10,5.49,0.00012675
Al_degrader_E10,5.55,0.00014685
Al_degrader_E10,5.609999999999999,0.0001661
Al_degrader_E10,5.67,0.0001802
Al_degrader_E10,5.73,0.00020305
Al_degrader_E10,5.789999999999999,0.00023155
Al_degrader_E10,5.85,0.00025435
Al_degrader_E10,5.91,0.00028215
Al_degrader_E10,5.97,0.00031755
Al_degrader_E10,6.029999999999999,0.00035215
Al_degrader_E10,6.09,0.0003864
Al_degrader_E10,6.15,0.0004301
Al_degrader_E10,6.21,0.00047915
Al_degrader_E10,6.27,0.00053145
Al_degrader_E10,6.33,0.0005816
Al_degrader_E10,6.39,0.00064455
Al_degrader_E10,6.449999999999999,0.00072405
Al_degrader_E10,6.51,0.00077825
Al_degrader_E10,6.57,0.0008685
Al_degrader_E10,6.63,0.0009557
Al_degrader_E10,6.6899999999999995,0.0010326
Al_degrader_E10,6.75,0.00115245
Al_degrader_E10,6.81,0.00125875
Al_degrader_E10,6.869999999999999,0.0013739
Al_degrader_E10,6.93,0.0015137
Al_degrader_E10,6.99,0.0016417
Al_degrader_E10,7.05,0.00179205
Al_degrader_E10,7.109999999999999,0.00197055
Al_degrader_E10,7.17,0.0021099
Al_degrader_E10,7.2299999999999995,0.002328
Al_degrader_E10,7.289999999999999,0.00252085
Al_degrader_E10,7.35,0.0027195
Al_degrader_E10,7.41,0.0029701
Al_degrader_E10,7.47,0.00317495
Al_degrader_E10,7.529999999999999,0.0034521
Al_degrader_E10,7.59,0.0037186
Al_degrader_E10,7.65,0.0039672
Al_degrader_E10,7.709999999999999,0.00431045
Al_degrader_E10,7.77,0.0045753
Al_degrader_E10,7.83,0.00491815
Al_degrader_E10,7.89,0.00526775
Al_degrader_E10,7.949999999999999,0.0056023
Al_degrader_E10,8.01,0.00600855
Al_degrader_E10,8.07,0.0063406
Al_degrader_E10,8.129999999999999,0.0067575
Al_degrader_E10,8.19,0.0071697
Al_degrader_E10,8.25,0.0076166
Al_degrader_E10,8.309999999999999,0.00804475
Al_degrader_E10,8.370000000000001,0.00845965
Al_degrader_E10,8.43,0.00897275
Al_degrader_E10,8.489999999999998,0.00936935
Al_degrader_E10,8.55,0.00987205
Al_degrader_E10,8.61,0.01035405
Al_degrader_E10,8.67,0.01084925
Al_degrader_E10,8.73,0.01131955
Al_degrader_E10,8.79,0.0118141
Al_degrader_E10,8.85,0.0123227
Al_degrader_E10,8.91,0.0127814
Al_degrader_E10,8.969999999999999,0.01329645
Al_degrader_E10,9.030000000000001,0.01372275
Al_degrader_E10,9.09,0.01422125
Al_degrader_E10,9.149999999999999,0.01466105
Al_degrader_E10,9.21,0.0151219
Al_degrader_E10,9.27,0.01554655
Al_degrader_E10,9.329999999999998,0.0159504
Al_degrader_E10,9.39,0.01633735
Al_degrader_E10,9.45,0.01671355
Al_degrader_E10,9.51,0.0170414
Al_degrader_E10,9.57,0.01737425
Al_degrader_E10,9.629999999999999,0.0176519
Al_degrader_E10,9.69,0.0179025
Al_degrader_E10,9.75,0.01813175
Al_degrader_E10,9.809999999999999,0.0183175
Al_degrader_E10,9.870000000000001,0.01847335
Al_degrader_E10,9.93,0.0186045
Al_degrader_E10,9.989999999999998,0.01865675
Al_degrader_E10,10.05,0.0187025
Al_degrader_E10,10.11,0.01870515
Al_degrader_E10,10.169999999999998,0.0186718
Al_degrader_E10,10.23,0.0185771
Al_degrader_E10,10.29,0.01848115
Al_degrader_E10,10.35,0.01831515
Al_degrader_E10,10.41,0.01811185
Al_degrader_E10,10.469999999999999,0.01787455
Al_degrader_E10,10.53,0.0175834
Al_degrader_E10,10.59,0.01729205
Al_degrader_E10,10.649999999999999,0.01692255
Al_degrader_E10,10.71,0.01655695
Al_degrader_E10,10.77,0.01611545
Al_degrader_E10,10.829999999999998,0.01566995
Al_degrader_E10,10.89,0.01519075
Al_degrader_E10,10.95,0.01470505
Al_degrader_E10,11.01,0.01418485
Al_degrader_E10,11.07,0.0136263
Al_degrader_E10,11.129999999999999,0.01307905
Al_degrader_E10,11.19,0.01248205
Al_degrader_E10,11.25,0.01190985
Al_degrader_E10,11.309999999999999,0.0112954
Al_degrader_E10,11.370000000000001,0.0107032
Al_degrader_E10,11.43,0.01011185
Al_degrader_E10,11.489999999999998,0.00950175
Al_degrader_E10,11.55,0.008926
Al_degrader_E10,11.61,0.00831205
Al_degrader_E10,11.669999999999998,0.00775195
Al_degrader_E10,11.73,0.00721405
Al_degrader_E10,11.79,0.00667105
Al_degrader_E10,11.85,0.00613575
Al_degrader_E10,11.91,0.00565015
Al_degrader_E10,11.969999999999999,0.00515865
Al_degrader_E10,12.03,0.00472065
Al_degrader_E10,12.09,0.0042761
Al_degrader_E10,12.149999999999999,0.0038866
Al_degrader_E10,12.21,0.00349845
Al_degrader_E10,12.27,0.00312135
Al_degrader_E10,12.329999999999998,0.002813
Al_degrader_E10,12.39,0.00249155
Al_degrader_E10,12.45,0.00221935
Al_degrader_E10,12.51,0.00194915
Al_degrader_E10,12.57,0.00172805
Al_degrader_E10,12.629999999999999,0.00151645
Al_degrader_E10,12.69,0.0013166
Al_degrader_E10,12.75,0.0011462
Al_degrader_E10,12.809999999999999,0.0009952
Al_degrader_E10,12.870000000000001,0.0008511
Al_degrader_E10,12.93,0.00073425
Al_degrader_E10,12.989999999999998,0.00062155
Al_degrader_E10,13.05,0.0005281
Al_degrader_E10,13.11,0.0004435
Al_degrader_E10,13.169999999999998,0.0003745
Al_degrader_E10,13.23,0.000313
Al_degrader_E10,13.29,0.00026235
Al_degrader_E10,13.35,0.0002146
Al_degrader_E10,13.41,0.0001816
Al_degrader_E10,13.469999999999999,0.00014765
Al_degrader_E10,13.53,0.0001183
Al_degrader_E10,13.59,9.795e-05
Al_degrader_E10,13.649999999999999,7.645e-05
Al_degrader_E10,13.71,6.27e-05
Al_degrader_E10,13.77,4.925e-05
Al_degrader_E10,13.829999999999998,4.085e-05
Al_degrader_E10,13.89,3.39e-05
Al_degrader_E10,13.95,2.625e-05
Al_degrader_E10,14.009999999999998,2.09e-05
Al_degrader_E10,14.07,1.595e-05
Al_degrader_E10,14.129999999999999,1.14e-05
Al_degrader_E10,14.19,1.03e-05
Al_degrader_E10,14.25,6.95e-06
Al_degrader_E10,14.309999999999999,5e-06
Al_degrader_E10,14.37,4.85e-06
Al_degrader_E10,14.43,3.15e-06
Al_degrader_E10,14.489999999999998,1.95e-06
Al_degrader_E10,14.55,2.35e-06
Al_degrader_E10,14.61,1.2e-06
Al_degrader_E10,14.669999999999998,9.5e-07
Al_degrader_E10,14.73,8e-07
Al_degrader_E10,14.79,5e-07
Al_degrader_E10,14.85,2e-07
Al_degrader_E10,14.91,2.5e-07
Al_degrader_E10,14.969999999999999,3e-07
Al_degrader_E10,15.03,5e-08
Al_degrader_E10,15.09,5e-08
Al_degrader_E10,15.149999999999999,5e-08
Al_degrader_E10,15.21,5e-08
Al_degrader_E10,15.27,0.0
Al_degrader_E10,15.329999999999998,5e-08
Ni14,0.03,1.0222222222222223e-05
Ni14,0.09,1.3333333333333334e-06
Ni14,0.15,1.111111111111111e-06
Ni14,0.21,5.555555555555555e-07
Ni14,0.27,1.2222222222222221e-06
Ni14,0.32999999999999996,4.4444444444444444e-07
Ni14,0.39,1e-06
Ni14,0.44999999999999996,4.4444444444444444e-07
Ni14,0.51,1.2222222222222221e-06
Ni14,0.5700000000000001,7.777777777777778e-07
Ni14,0.6299999999999999,5.555555555555555e-07
Ni14,0.69,1.5555555555555556e-06
Ni14,0.75,1e-06
Ni14,0.81,1.4444444444444445e-06
Ni14,0.8699999999999999,1.5555555555555556e-06
Ni14,0.9299999999999999,1.5555555555555556e-06
Ni14,0.99,1.4444444444444445e-06
Ni14,1.05,1.7777777777777777e-06
Ni14,1.1099999999999999,1.6666666666666667e-06
Ni14,1.17,2.222222222222222e-06
Ni14,1.23,2.333333333333333e-06
Ni14,1.29,3.4444444444444444e-06
Ni14,1.3499999999999999,2e-06
Ni14,1.41,2.777777777777778e-06
Ni14,1.47,3.3333333333333333e-06
Ni14,1.53,3.2222222222222222e-06
Ni14,1.5899999999999999,4.777777777777777e-06
Ni14,1.65,4.111111111111111e-06
Ni14,1.71,3.888888888888889e-06
Ni14,1.77,4.8888888888888885e-06
Ni14,1.8299999999999998,5.333333333333334e-06
Ni14,1.89,6.888888888888889e-06
Ni14,1.95,5.888888888888889e-06
Ni14,2.01,6.666666666666667e-06
Ni14,2.0700000000000003,7.555555555555555e-06
Ni14,2.13,9.888888888888889e-06
Ni14,2.19,8.222222222222222e-06
Ni14,2.25,9.444444444444445e-06
Ni14,2.3099999999999996,1.088888888888889e-05
Ni14,2.37,1.2777777777777777e-05
Ni14,2.4299999999999997,1.1555555555555556e-05
Ni14,2.49,1.3555555555555555e-05
Ni14,2.55,1.6888888888888888e-05
Ni14,2.61,1.7666666666666668e-05
Ni14,2.67,1.8111111111111112e-05
Ni14,2.7299999999999995,2.0666666666666666e-05
Ni14,2.79,2.3555555555555556e-05
Ni14,2.8499999999999996,2.3777777777777777e-05
Ni14,2.91,2.711111111111111e-05
Ni14,2.9699999999999998,3.1666666666666666e-05
Ni14,3.0300000000000002,3.4222222222222224e-05
Ni14,3.09,3.611111111111111e-05
Ni14,3.15,4.388888888888889e-05
Ni14,3.21,4.8333333333333334e-05
Ni14,3.2699999999999996,4.6222222222222224e-05
Ni14,3.33,5.722222222222222e-05
Ni14,3.3899999999999997,6.5e-05
Ni14,3.45,6.488888888888889e-05
Ni14,3.51,7.655555555555555e-05
Ni14,3.57,8.7e-05
Ni14,3.63,8.911111111111111e-05
Ni14,3.6899999999999995,0.000103
Ni14,3.75,0.0001101111111111111
Ni14,3.8099999999999996,0.0001242222222222222
Ni14,3.87,0.00013455555555555557
Ni14,3.9299999999999997,0.00014666666666666666
Ni14,3.9899999999999998,0.00016944444444444445
Ni14,4.05,0.00018655555555555556
Ni14,4.109999999999999,0.000197
Ni14,4.17,0.0002238888888888889
Ni14,4.23,0.0002517777777777778
Ni14,4.29,0.00026911111111111114
Ni14,4.35,0.000299
Ni14,4.41,0.00033088888888888887
Ni14,4.47,0.00035633333333333334
Ni14,4.529999999999999,0.0003932222222222222
Ni14,4.59,0.00043
Ni14,4.65,0.00047944444444444445
Ni14,4.71,0.0005264444444444444
Ni14,4.77,0.0005762222222222222
Ni14,4.83,0.000647
Ni14,4.89,0.0006907777777777778
Ni14,4.949999999999999,0.0007693333333333333
Ni14,5.01,0.0008408888888888888
Ni14,5.07,0.0009261111111111111
Ni14,5.13,0.0009963333333333332
Ni14,5.1899999999999995,0.001105
Ni14,5.25,0.0011973333333333332
Ni14,5.31,0.0013192222222222223
Ni14,5.369999999999999,0.0014257777777777778
Ni14,5.43,0.0015647777777777778
Ni14,5.49,0.0016917777777777777
Ni14,5.55,0.0018444444444444443
Ni14,5.609999999999999,0.0019998888888888887
Ni14,5.67,0.002185
Ni14,5.73,0.002362
Ni14,5.789999999999999,0.002558222222222222
Ni14,5.85,0.0027663333333333333
Ni14,5.91,0.0030006666666666667
Ni14,5.97,0.003222111111111111
Ni14,6.029999999999999,0.0035106666666666667
Ni14,6.09,0.003745111111111111
Ni14,6.15,0.004057333333333333
Ni14,6.21,0.004342
Ni14,6.27,0.004675111111111111
Ni14,6.33,0.005021777777777778
Ni14,6.39,0.0053768888888888885
Ni14,6.449999999999999,0.005783444444444444
Ni14,6.51,0.006156333333333333
Ni14,6.57,0.006572666666666667
Ni14,6.63,0.006987666666666666
Ni14,6.6899999999999995,0.007457555555555556
Ni14,6.75,0.007899666666666666
Ni14,6.81,0.008395444444444445
Ni14,6.869999999999999,0.008826777777777777
Ni14,6.93,0.009357777777777777
Ni14,6.99,0.009878666666666666
Ni14,7.05,0.010386777777777778
Ni14,7.109999999999999,0.010931
Ni14,7.17,0.011427
Ni14,7.2299999999999995,0.012018444444444444
Ni14,7.289999999999999,0.012524666666666667
Ni14,7.35,0.01306511111111111
Ni14,7.41,0.013600222222222222
Ni14,7.47,0.014166888888888889
Ni14,7.529999999999999,0.014673888888888889
Ni14,7.59,0.015162777777777778
Ni14,7.65,0.015686555555555554
Ni14,7.709999999999999,0.01622933333333333
Ni14,7.77,0.016652555555555556
Ni14,7.83,0.017134
Ni14,7.89,0.017551888888888888
Ni14,7.949999999999999,0.017928
Ni14,8.01,0.018360222222222222
Ni14,8.07,0.01864
Ni14,8.129999999999999,0.01895811111111111
Ni14,8.19,0.01927388888888889
Ni14,8.25,0.01943122222222222
Ni14,8.309999999999999,0.019641444444444444
Ni14,8.370000000000001,0.019721
Ni14,8.43,0.019792888888888888
Ni14,8.489999999999998,0.019856222222222223
Ni14,8.55,0.019821
Ni14,8.61,0.019775555555555557
Ni14,8.67,0.019628777777777776
Ni14,8.73,0.019435222222222222
Ni14,8.79,0.01918088888888889
Ni14,8.85,0.018919111111111112
Ni14,8.91,0.018582777777777778
Ni14,8.969999999999999,0.018185555555555556
Ni14,9.030000000000001,0.01773677777777778
Ni14,9.09,0.01728311111111111
Ni14,9.149999999999999,0.016756444444444445
Ni14,9.21,0.016238444444444444
Ni14,9.27,0.015662
Ni14,9.329999999999998,0.015092444444444445
Ni14,9.39,0.014446
Ni14,9.45,0.013841111111111111
Ni14,9.51,0.01318111111111111
Ni14,9.57,0.01257688888888889
Ni14,9.629999999999999,0.011887444444444445
Ni14,9.69,0.011215222222222222
Ni14,9.75,0.010572666666666666
Ni14,9.809999999999999,0.009926666666666667
Ni14,9.870000000000001,0.009275555555555556
Ni14,9.93,0.008701333333333333
Ni14,9.989999999999998,0.008044
Ni14,10.05,0.007435444444444444
Ni14,10.11,0.006872333333333334
Ni14,10.169999999999998,0.006335555555555555
Ni14,10.23,0.005801
Ni14,10.29,0.005297222222222222
Ni14,10.35,0.004835888888888889
Ni14,10.41,0.004377777777777778
Ni14,10.469999999999999,0.003977333333333334
Ni14,10.53,0.003570222222222222
Ni14,10.59,0.0032105555555555555
Ni14,10.649999999999999,0.0028564444444444444
Ni14,10.71,0.0025503333333333333
Ni14,10.77,0.0022712222222222222
Ni14,10.829999999999998,0.0020107777777777776
Ni14,10.89,0.0017562222222222222
Ni14,10.95,0.0015436666666666667
Ni14,11.01,0.0013473333333333334
Ni14,11.07,0.0011753333333333334
Ni14,11.129999999999999,0.0010066666666666666
Ni14,11.19,0.0008717777777777777
Ni14,11.25,0.0007482222222222222
Ni14,11.309999999999999,0.0006364444444444445
Ni14,11.370000000000001,0.0005465555555555556
Ni14,11.43,0.00046522222222222223
Ni14,11.489999999999998,0.0003912222222222222
Ni14,11.55,0.00032744444444444444
Ni14,11.61,0.00027277777777777776
Ni14,11.669999999999998,0.0002291111111111111
Ni14,11.73,0.00018877777777777778
Ni14,11.79,0.0001551111111111111
Ni14,11.85,0.00012666666666666666
Ni14,11.91,0.00010722222222222222
Ni14,11.969999999999999,9.1e-05
Ni14,12.03,7.377777777777778e-05
Ni14,12.09,6.177777777777777e-05
Ni14,12.149999999999999,4.8e-05
Ni14,12.21,3.911111111111111e-05
Ni14,12.27,2.9111111111111112e-05
Ni14,12.329999999999998,2.3222222222222224e-05
Ni14,12.39,1.9333333333333333e-05
Ni14,12.45,1.5222222222222223e-05
Ni14,12.51,1.1333333333333334e-05
Ni14,12.57,9.222222222222222e-06
Ni14,12.629999999999999,8.111111111111112e-06
Ni14,12.69,5e-06
Ni14,12.75,5.1111111111111115e-06
Ni14,12.809999999999999,3.3333333333333333e-06
Ni14,12.870000000000001,2.666666666666667e-06
Ni14,12.93,1.8888888888888888e-06
Ni14,12.989999999999998,8.888888888888889e-07
Ni14,13.05,8.888888888888889e-07
Ni14,13.11,7.777777777777778e-07
Ni14,13.169999999999998,7.777777777777778e-07
Ni14,13.23,3.3333333333333335e-07
Ni14,13.29,2.2222222222222222e-07
Ni14,13.35,1.1111111111111111e-07
Ni14,13.41,0.0
Ni14,13.469999999999999,1.1111111111111111e-07
Ni14,13.53,1.1111111111111111e-07
Ni14,13.59,1.1111111111111111e-07
Sn14,0.03,5.5333333333333334e-05
Sn14,0.09,4.333333333333333e-06
Sn14,0.15,3.6666666666666666e-06
Sn14,0.21,2.333333333333333e-06
Sn14,0.27,2.666666666666667e-06
Sn14,0.32999999999999996,2.666666666666667e-06
Sn14,0.39,3.3333333333333333e-06
Sn14,0.44999999999999996,2e-06
Sn14,0.51,3.3333333333333333e-06
Sn14,0.5700000000000001,5e-06
Sn14,0.6299999999999999,4.333333333333333e-06
Sn14,0.69,2e-06
Sn14,0.75,4.333333333333333e-06
Sn14,0.81,3.3333333333333333e-06
Sn14,0.8699999999999999,3.6666666666666666e-06
Sn14,0.9299999999999999,5.666666666666667e-06
Sn14,0.99,8.333333333333334e-06
Sn14,1.05,6e-06
Sn14,1.1099999999999999,7e-06
Sn14,1.17,4.666666666666666e-06
Sn14,1.23,7e-06
Sn14,1.29,9.666666666666667e-06
Sn14,1.3499999999999999,9.666666666666667e-06
Sn14,1.41,1.0333333333333333e-05
Sn14,1.47,9e-06
Sn14,1.53,1e-05
Sn14,1.5899999999999999,1.3333333333333333e-05
Sn14,1.65,1.4333333333333334e-05
Sn14,1.71,1.3e-05
Sn14,1.77,1.7333333333333332e-05
Sn14,1.8299999999999998,1.6666666666666667e-05
Sn14,1.89,1.6e-05
Sn14,1.95,1.9e-05
Sn14,2.01,2.1333333333333335e-05
Sn14,2.0700000000000003,2.6e-05
Sn14,2.13,2.5666666666666666e-05
Sn14,2.19,2.6333333333333334e-05
Sn14,2.25,3.066666666666667e-05
Sn14,2.3099999999999996,3.433333333333333e-05
Sn14,2.37,3.6666666666666666e-05
Sn14,2.4299999999999997,3.9666666666666664e-05
Sn14,2.49,4.4e-05
Sn14,2.55,4.6666666666666665e-05
Sn14,2.61,5.8666666666666665e-05
Sn14,2.67,6.366666666666666e-05
Sn14,2.7299999999999995,6.5e-05
Sn14,2.79,7.8e-05
Sn14,2.8499999999999996,8.466666666666666e-05
Sn14,2.91,8.066666666666667e-05
Sn14,2.9699999999999998,9.833333333333333e-05
Sn14,3.0300000000000002,0.00011133333333333333
Sn14,3.09,0.00011133333333333333
Sn14,3.15,0.00012466666666666667
Sn14,3.21,0.00013866666666666666
Sn14,3.2699999999999996,0.00014566666666666667
Sn14,3.33,0.000164
Sn14,3.3899999999999997,0.00017666666666666666
Sn14,3.45,0.00019
Sn14,3.51,0.00022066666666666667
Sn14,3.57,0.000225
Sn14,3.63,0.0002463333333333333
Sn14,3.6899999999999995,0.000283
Sn14,3.75,0.000301
Sn14,3.8099999999999996,0.00032733333333333334
Sn14,3.87,0.00036733333333333334
Sn14,3.9299999999999997,0.000416
Sn14,3.9899999999999998,0.000441
Sn14,4.05,0.0004823333333333333
Sn14,4.109999999999999,0.0005263333333333333
Sn14,4.17,0.000545
Sn14,4.23,0.0006223333333333334
Sn14,4.29,0.0006703333333333333
Sn14,4.35,0.000729
Sn14,4.41,0.0008053333333333334
Sn14,4.47,0.0008513333333333333
Sn14,4.529999999999999,0.0009963333333333332
Sn14,4.59,0.0010463333333333334
Sn14,4.65,0.0011573333333333333
Sn14,4.71,0.0012513333333333332
Sn14,4.77,0.001365
Sn14,4.83,0.001469
Sn14,4.89,0.0015843333333333334
Sn14,4.949999999999999,0.001695
Sn14,5.01,0.0018533333333333334
Sn14,5.07,0.002011666666666667
Sn14,5.13,0.002163
Sn14,5.1899999999999995,0.0023686666666666665
Sn14,5.25,0.002537
Sn14,5.31,0.0027526666666666667
Sn14,5.369999999999999,0.0029256666666666667
Sn14,5.43,0.003164
Sn14,5.49,0.003412333333333333
Sn14,5.55,0.0036393333333333334
Sn14,5.609999999999999,0.003915666666666666
Sn14,5.67,0.004216333333333333
Sn14,5.73,0.004506666666666667
Sn14,5.789999999999999,0.004867
Sn14,5.85,0.005152333333333333
Sn14,5.91,0.005550333333333333
Sn14,5.97,0.005880666666666667
Sn14,6.029999999999999,0.006252
Sn14,6.09,0.006679
Sn14,6.15,0.0070606666666666665
Sn14,6.21,0.007625666666666667
Sn14,6.27,0.007999666666666667
Sn14,6.33,0.00854
Sn14,6.39,0.008960333333333334
Sn14,6.449999999999999,0.009453
Sn14,6.51,0.009908666666666666
Sn14,6.57,0.01036
Sn14,6.63,0.010792666666666667
Sn14,6.6899999999999995,0.011376333333333334
Sn14,6.75,0.011797
Sn14,6.81,0.012299333333333334
Sn14,6.869999999999999,0.012905333333333333
Sn14,6.93,0.013380333333333333
Sn14,6.99,0.013953666666666666
Sn14,7.05,0.014438666666666667
Sn14,7.109999999999999,0.014942333333333334
Sn14,7.17,0.015354666666666668
Sn14,7.2299999999999995,0.015825
Sn14,7.289999999999999,0.016437333333333335
Sn14,7.35,0.016705333333333332
Sn14,7.41,0.017231
Sn14,7.47,0.017598666666666665
Sn14,7.529999999999999,0.017939
Sn14,7.59,0.018118
Sn14,7.65,0.018473
Sn14,7.709999999999999,0.018775666666666666
Sn14,7.77,0.018939666666666667
Sn14,7.83,0.019159333333333334
Sn14,7.89,0.019278666666666666
Sn14,7.949999999999999,0.019380333333333333
Sn14,8.01,0.019462333333333335
Sn14,8.07,0.019433666666666665
Sn14,8.129999999999999,0.019350333333333334
Sn14,8.19,0.019283666666666668
Sn14,8.25,0.019016333333333333
Sn14,8.309999999999999,0.018854333333333334
Sn14,8.370000000000001,0.018622666666666666
Sn14,8.43,0.018341333333333334
Sn14,8.489999999999998,0.017873333333333335
Sn14,8.55,0.017531333333333333
Sn14,8.61,0.017061666666666666
Sn14,8.67,0.016531333333333332
Sn14,8.73,0.016069
Sn14,8.79,0.015539333333333334
Sn14,8.85,0.014996333333333334
Sn14,8.91,0.014385333333333333
Sn14,8.969999999999999,0.0137
Sn14,9.030000000000001,0.013194
Sn14,9.09,0.012502333333333334
Sn14,9.149999999999999,0.011973
Sn14,9.21,0.011393333333333333
Sn14,9.27,0.010706
Sn14,9.329999999999998,0.010137666666666666
Sn14,9.39,0.009447
Sn14,9.45,0.008806
Sn14,9.51,0.008225
Sn14,9.57,0.007591333333333334
Sn14,9.629999999999999,0.007039666666666666
Sn14,9.69,0.006517
Sn14,9.75,0.005978
Sn14,9.809999999999999,0.005504
Sn14,9.870000000000001,0.005068666666666667
Sn14,9.93,0.004550666666666666
Sn14,9.989999999999998,0.004154666666666667
Sn14,10.05,0.0037853333333333333
Sn14,10.11,0.003380666666666667
Sn14,10.169999999999998,0.003103
Sn14,10.23,0.002743
Sn14,10.29,0.0024423333333333332
Sn14,10.35,0.002185
Sn14,10.41,0.001886
Sn14,10.469999999999999,0.0016543333333333334
Sn14,10.53,0.001467
Sn14,10.59,0.0012646666666666668
Sn14,10.649999999999999,0.001109
Sn14,10.71,0.0009676666666666667
Sn14,10.77,0.000855
Sn14,10.829999999999998,0.0007376666666666666
Sn14,10.89,0.000615
Sn14,10.95,0.0005473333333333334
Sn14,11.01,0.0004566666666666667
Sn14,11.07,0.000371
Sn14,11.129999999999999,0.00029866666666666664
Sn14,11.19,0.00024133333333333334
Sn14,11.25,0.00019866666666666668
Sn14,11.309999999999999,0.00019
Sn14,11.370000000000001,0.00016133333333333334
Sn14,11.43,0.000136
Sn14,11.489999999999998,0.00011733333333333333
Sn14,11.55,8.733333333333333e-05
Sn14,11.61,7.4e-05
Sn14,11.669999999999998,5.7e-05
Sn14,11.73,4.7333333333333336e-05
Sn14,11.79,3.8333333333333334e-05
Sn14,11.85,2.9e-05
Sn14,11.91,2.0666666666666666e-05
Sn14,11.969999999999999,1.8666666666666665e-05
Sn14,12.03,1.5666666666666667e-05
Sn14,12.09,1.2e-05
Sn14,12.149999999999999,1.1333333333333334e-05
Sn14,12.21,7.666666666666667e-06
Sn14,12.27,6.333333333333333e-06
Sn14,12.329999999999998,4.666666666666666e-06
Sn14,12.39,3.3333333333333333e-06
Sn14,12.45,1.6666666666666667e-06
Sn14,12.51,1.6666666666666667e-06
Sn14,12.57,1.3333333333333334e-06
Sn14,12.629999999999999,2e-06
Sn14,12.69,6.666666666666667e-07
Sn14,12.75,3.3333333333333335e-07
Sn14,12.809999999999999,0.0
Sn14,12.870000000000001,3.3333333333333335e-07
Sn14,12.93,0.0
Sn14,12.989999999999998,3.3333333333333335e-07
Sn14,13.05,3.3333333333333335e-07
Ta14,0.03,0.000184125
Ta14,0.09,1.2e-05
Ta14,0.15,9.625e-06
Ta14,0.21,7.75e-06
Ta14,0.27,5.5e-06
Ta14,0.32999999999999996,7e-06
Ta14,0.39,7.625e-06
Ta14,0.44999999999999996,9.125e-06
Ta14,0.51,8.75e-06
Ta14,0.5700000000000001,1e-05
Ta14,0.6299999999999999,1.125e-05
Ta14,0.69,1.1375e-05
Ta14,0.75,1.3125e-05
Ta14,0.81,1.45e-05
Ta14,0.8699999999999999,1.3625e-05
Ta14,0.9299999999999999,1.6625e-05
Ta14,0.99,1.8875e-05
Ta14,1.05,1.85e-05
Ta14,1.1099999999999999,1.8875e-05
Ta14,1.17,2.1625e-05
Ta14,1.23,2.45e-05
Ta14,1.29,2.6875e-05
Ta14,1.3499999999999999,2.775e-05
Ta14,1.41,3.225e-05
Ta14,1.47,3.525e-05
Ta14,1.53,3.5875e-05
Ta14,1.5899999999999999,3.9625e-05
Ta14,1.65,4.2875e-05
Ta14,1.71,4.6875e-05
Ta14,1.77,4.8375e-05
Ta14,1.8299999999999998,5.275e-05
Ta14,1.89,6.1375e-05
Ta14,1.95,6.1875e-05
Ta14,2.01,6.85e-05
Ta14,2.0700000000000003,7.4625e-05
Ta14,2.13,8.1875e-05
Ta14,2.19,8.65e-05
Ta14,2.25,9.5375e-05
Ta14,2.3099999999999996,9.975e-05
Ta14,2.37,0.000112625
Ta14,2.4299999999999997,0.000123
Ta14,2.49,0.000122125
Ta14,2.55,0.00014125
Ta14,2.61,0.000155125
Ta14,2.67,0.000165125
Ta14,2.7299999999999995,0.000182875
Ta14,2.79,0.00019575
Ta14,2.8499999999999996,0.00020825
Ta14,2.91,0.00023325
Ta14,2.9699999999999998,0.00024475
Ta14,3.0300000000000002,0.0002765
Ta14,3.09,0.000289875
Ta14,3.15,0.000317
Ta14,3.21,0.000344875
Ta14,3.2699999999999996,0.0003675
Ta14,3.33,0.000405375
Ta14,3.3899999999999997,0.000429125
Ta14,3.45,0.000482625
Ta14,3.51,0.00050675
Ta14,3.57,0.00056775
Ta14,3.63,0.00061175
Ta14,3.6899999999999995,0.00066175
Ta14,3.75,0.000721625
Ta14,3.8099999999999996,0.000767375
Ta14,3.87,0.00084825
Ta14,3.9299999999999997,0.000905875
Ta14,3.9899999999999998,0.000986
Ta14,4.05,0.001049875
Ta14,4.109999999999999,0.001145625
Ta14,4.17,0.0012395
Ta14,4.23,0.00133525
Ta14,4.29,0.001449875
Ta14,4.35,0.001562625
Ta14,4.41,0.001683875
Ta14,4.47,0.00180625
Ta14,4.529999999999999,0.0019485
Ta14,4.59,0.002093375
Ta14,4.65,0.00224025
Ta14,4.71,0.002407375
Ta14,4.77,0.00258075
Ta14,4.83,0.002777375
Ta14,4.89,0.002963
Ta14,4.949999999999999,0.003196875
Ta14,5.01,0.003424875
Ta14,5.07,0.00365625
Ta14,5.13,0.00391325
Ta14,5.1899999999999995,0.004151125
Ta14,5.25,0.004435875
Ta14,5.31,0.004713375
Ta14,5.369999999999999,0.005049625
Ta14,5.43,0.005358625
Ta14,5.49,0.00570475
Ta14,5.55,0.006061
Ta14,5.609999999999999,0.006439625
Ta14,5.67,0.00682
Ta14,5.73,0.00717425
Ta14,5.789999999999999,0.007621375
Ta14,5.85,0.00800025
Ta14,5.91,0.008373
Ta14,5.97,0.008888375
Ta14,6.029999999999999,0.009260125
Ta14,6.09,0.009766875
Ta14,6.15,0.010174125
Ta14,6.21,0.010619875
Ta14,6.27,0.011145875
Ta14,6.33,0.011553875
Ta14,6.39,0.012035625
Ta14,6.449999999999999,0.01247625
Ta14,6.51,0.01295875
Ta14,6.57,0.013413625
Ta14,6.63,0.0139135
Ta14,6.6899999999999995,0.014324
Ta14,6.75,0.0148275
Ta14,6.81,0.015199125
Ta14,6.869999999999999,0.01565575
Ta14,6.93,0.016016375
Ta14,6.99,0.0163935
Ta14,7.05,0.016739875
Ta14,7.109999999999999,0.017116625
Ta14,7.17,0.01734625
Ta14,7.2299999999999995,0.017656125
Ta14,7.289999999999999,0.017943375
Ta14,7.35,0.0180645
Ta14,7.41,0.01827975
Ta14,7.47,0.01845575
Ta14,7.529999999999999,0.018502125
Ta14,7.59,0.018514125
Ta14,7.65,0.0185985
Ta14,7.709999999999999,0.018597125
Ta14,7.77,0.01848675
Ta14,7.83,0.0183435
Ta14,7.89,0.018221375
Ta14,7.949999999999999,0.017959375
Ta14,8.01,0.0177615
Ta14,8.07,0.0173955
Ta14,8.129999999999999,0.017032
Ta14,8.19,0.016794875
Ta14,8.25,0.01627325
Ta14,8.309999999999999,0.015877625
Ta14,8.370000000000001,0.015383
Ta14,8.43,0.01489775
Ta14,8.489999999999998,0.01434225
Ta14,8.55,0.013833875
Ta14,8.61,0.013322625
Ta14,8.67,0.012756125
Ta14,8.73,0.012158375
Ta14,8.79,0.0115855
Ta14,8.85,0.011032375
Ta14,8.91,0.010409
Ta14,8.969999999999999,0.00982775
Ta14,9.030000000000001,0.009269625
Ta14,9.09,0.008710125
Ta14,9.149999999999999,0.0081315
Ta14,9.21,0.0075845
Ta14,9.27,0.007040125
Ta14,9.329999999999998,0.00652225
Ta14,9.39,0.0060175
Ta14,9.45,0.005562625
Ta14,9.51,0.005104
Ta14,9.57,0.004665625
Ta14,9.629999999999999,0.00427
Ta14,9.69,0.003891
Ta14,9.75,0.003538125
Ta14,9.809999999999999,0.003193875
Ta14,9.870000000000001,0.002846875
Ta14,9.93,0.0025605
Ta14,9.989999999999998,0.002308625
Ta14,10.05,0.002038125
Ta14,10.11,0.001824375
Ta14,10.169999999999998,0.001596375
Ta14,10.23,0.001403625
Ta14,10.29,0.001222625
Ta14,10.35,0.001077125
Ta14,10.41,0.0009445
Ta14,10.469999999999999,0.000819125
Ta14,10.53,0.000706875
Ta14,10.59,0.000603125
Ta14,10.649999999999999,0.00051875
Ta14,10.71,0.00044075
Ta14,10.77,0.000372625
Ta14,10.829999999999998,0.000316625
Ta14,10.89,0.000264625
Ta14,10.95,0.000222125
Ta14,11.01,0.00018725
Ta14,11.07,0.0001525
Ta14,11.129999999999999,0.000133375
Ta14,11.19,0.00011225
Ta14,11.25,9.25e-05
Ta14,11.309999999999999,7.7625e-05
Ta14,11.370000000000001,6.275e-05
Ta14,11.43,5.0625e-05
Ta14,11.489999999999998,4.125e-05
Ta14,11.55,3.225e-05
Ta14,11.61,2.525e-05
Ta14,11.669999999999998,2.0625e-05
Ta14,11.73,1.6375e-05
Ta14,11.79,1.3125e-05
Ta14,11.85,1.15e-05
Ta14,11.91,8.5e-06
Ta14,11.969999999999999,6.375e-06
Ta14,12.03,6e-06
Ta14,12.09,3.625e-06
Ta14,12.149999999999999,3.375e-06
Ta14,12.21,2.375e-06
Ta14,12.27,1.75e-06
Ta14,12.329999999999998,1e-06
Ta14,12.39,8.75e-07
Ta14,12.45,7.5e-07
Ta14,12.51,7.5e-07
Ta14,12.57,2.5e-07
Ta14,12.629999999999999,2.5e-07
Ta14,12.69,1.25e-07
Ta14,12.75,1.25e-07
Ta14,12.809999999999999,1.25e-07
Ta14,12.870000000000001,1.25e-07
Cu14,0.03,0.0013058181818181819
Cu14,0.09,6.981818181818182e-05
Cu14,0.15,6.4e-05
Cu14,0.21,4.8909090909090906e-05
Cu14,0.27,3.963636363636363e-05
Cu14,0.32999999999999996,4.2272727272727275e-05
Cu14,0.39,4.718181818181818e-05
Cu14,0.44999999999999996,5.2e-05
Cu14,0.51,5.518181818181818e-05
Cu14,0.5700000000000001,5.3e-05
Cu14,0.6299999999999999,6.5e-05
Cu14,0.69,6.69090909090909e-05
Cu14,0.75,7.454545454545455e-05
Cu14,0.81,8.1e-05
Cu14,0.8699999999999999,7.90909090909091e-05
Cu14,0.9299999999999999,8.936363636363636e-05
Cu14,0.99,9.536363636363636e-05
Cu14,1.05,0.00010636363636363636
Cu14,1.1099999999999999,0.00011327272727272727
Cu14,1.17,0.00011663636363636364
Cu14,1.23,0.0001301818181818182
Cu14,1.29,0.00014036363636363636
Cu14,1.3499999999999999,0.000149
Cu14,1.41,0.0001530909090909091
Cu14,1.47,0.00016663636363636362
Cu14,1.53,0.00018563636363636362
Cu14,1.5899999999999999,0.00018536363636363637
Cu14,1.65,0.00020190909090909092
Cu14,1.71,0.00022318181818181817
Cu14,1.77,0.0002310909090909091
Cu14,1.8299999999999998,0.00024754545454545456
Cu14,1.89,0.00026963636363636366
Cu14,1.95,0.0002891818181818182
Cu14,2.01,0.0003069090909090909
Cu14,2.0700000000000003,0.00032781818181818183
Cu14,2.13,0.000355
Cu14,2.19,0.0003763636363636364
Cu14,2.25,0.00041336363636363635
Cu14,2.3099999999999996,0.00043154545454545453
Cu14,2.37,0.0004658181818181818
Cu14,2.4299999999999997,0.0005071818181818182
Cu14,2.49,0.0005361818181818181
Cu14,2.55,0.0005785454545454545
Cu14,2.61,0.000617
Cu14,2.67,0.0006524545454545455
Cu14,2.7299999999999995,0.0007150909090909091
Cu14,2.79,0.0007441818181818182
Cu14,2.8499999999999996,0.0008098181818181818
Cu14,2.91,0.0008574545454545455
Cu14,2.9699999999999998,0.0009228181818181818
Cu14,3.0300000000000002,0.000997
Cu14,3.09,0.0010462727272727273
Cu14,3.15,0.001137
Cu14,3.21,0.0012154545454545454
Cu14,3.2699999999999996,0.0013016363636363635
Cu14,3.33,0.0013705454545454546
Cu14,3.3899999999999997,0.0014892727272727273
Cu14,3.45,0.001565909090909091
Cu14,3.51,0.0016953636363636363
Cu14,3.57,0.0017850909090909091
Cu14,3.63,0.0019251818181818183
Cu14,3.6899999999999995,0.002022272727272727
Cu14,3.75,0.002181
Cu14,3.8099999999999996,0.0022965454545454548
Cu14,3.87,0.002471090909090909
Cu14,3.9299999999999997,0.002622363636363636
Cu14,3.9899999999999998,0.0028033636363636364
Cu14,4.05,0.002957
Cu14,4.109999999999999,0.0031566363636363636
Cu14,4.17,0.003357
Cu14,4.23,0.003553090909090909
Cu14,4.29,0.003755181818181818
Cu14,4.35,0.004000363636363636
Cu14,4.41,0.004246636363636364
Cu14,4.47,0.004503636363636363
Cu14,4.529999999999999,0.004761636363636364
Cu14,4.59,0.005046
Cu14,4.65,0.005322727272727272
Cu14,4.71,0.005601
Cu14,4.77,0.005905909090909091
Cu14,4.83,0.0062549090909090905
Cu14,4.89,0.006571454545454545
Cu14,4.949999999999999,0.006911909090909091
Cu14,5.01,0.007211727272727272
Cu14,5.07,0.007588818181818182
Cu14,5.13,0.007935272727272727
Cu14,5.1899999999999995,0.008326363636363637
Cu14,5.25,0.008692363636363637
Cu14,5.31,0.009076090909090909
Cu14,5.369999999999999,0.009496272727272726
Cu14,5.43,0.009867090909090909
Cu14,5.49,0.010262545454545455
Cu14,5.55,0.010671636363636364
Cu14,5.609999999999999,0.011040818181818181
Cu14,5.67,0.011459818181818182
Cu14,5.73,0.011880363636363637
Cu14,5.789999999999999,0.012284727272727274
Cu14,5.85,0.012664272727272727
Cu14,5.91,0.013091636363636364
Cu14,5.97,0.013454818181818182
Cu14,6.029999999999999,0.013843
Cu14,6.09,0.014246454545454545
Cu14,6.15,0.014552
Cu14,6.21,0.014923636363636363
Cu14,6.27,0.015287454545454545
Cu14,6.33,0.015554727272727272
Cu14,6.39,0.015856272727272726
Cu14,6.449999999999999,0.016107
Cu14,6.51,0.01640818181818182
Cu14,6.57,0.016615454545454544
Cu14,6.63,0.016827454545454545
Cu14,6.6899999999999995,0.01697718181818182
Cu14,6.75,0.017134363636363635
Cu14,6.81,0.017190545454545455
Cu14,6.869999999999999,0.017302454545454544
Cu14,6.93,0.017320636363636364
Cu14,6.99,0.017378
Cu14,7.05,0.017335727272727273
Cu14,7.109999999999999,0.017261454545454545
Cu14,7.17,0.017143181818181818
Cu14,7.2299999999999995,0.017028363636363637
Cu14,7.289999999999999,0.016832
Cu14,7.35,0.016608545454545456
Cu14,7.41,0.01637209090909091
Cu14,7.47,0.016071181818181818
Cu14,7.529999999999999,0.01576209090909091
Cu14,7.59,0.015420636363636364
Cu14,7.65,0.015027545454545455
Cu14,7.709999999999999,0.014637272727272728
Cu14,7.77,0.014209454545454546
Cu14,7.83,0.013755636363636364
Cu14,7.89,0.013302545454545454
Cu14,7.949999999999999,0.012836727272727272
Cu14,8.01,0.012360454545454546
Cu14,8.07,0.011838727272727273
Cu14,8.129999999999999,0.011315363636363636
Cu14,8.19,0.010846727272727274
Cu14,8.25,0.010299818181818183
Cu14,8.309999999999999,0.009791454545454546
Cu14,8.370000000000001,0.009254636363636364
Cu14,8.43,0.008734363636363636
Cu14,8.489999999999998,0.008252818181818182
Cu14,8.55,0.007747636363636364
Cu14,8.61,0.007235545454545455
Cu14,8.67,0.006752181818181818
Cu14,8.73,0.0062941818181818186
Cu14,8.79,0.005831545454545455
Cu14,8.85,0.005409909090909091
Cu14,8.91,0.004988545454545455
Cu14,8.969999999999999,0.004583727272727272
Cu14,9.030000000000001,0.004219272727272727
Cu14,9.09,0.0038785454545454544
Cu14,9.149999999999999,0.003528818181818182
Cu14,9.21,0.0032026363636363637
Cu14,9.27,0.0029084545454545457
Cu14,9.329999999999998,0.0026175454545454544
Cu14,9.39,0.002359181818181818
Cu14,9.45,0.002133272727272727
Cu14,9.51,0.0018926363636363637
Cu14,9.57,0.0016924545454545454
Cu14,9.629999999999999,0.0014942727272727273
Cu14,9.69,0.0013213636363636364
Cu14,9.75,0.0011614545454545454
Cu14,9.809999999999999,0.0010208181818181818
Cu14,9.870000000000001,0.0008983636363636364
Cu14,9.93,0.0007863636363636364
Cu14,9.989999999999998,0.0006816363636363636
Cu14,10.05,0.0005864545454545455
Cu14,10.11,0.0005071818181818182
Cu14,10.169999999999998,0.0004367272727272727
Cu14,10.23,0.0003718181818181818
Cu14,10.29,0.0003199090909090909
Cu14,10.35,0.0002685454545454545
Cu14,10.41,0.00022827272727272727
Cu14,10.469999999999999,0.00019018181818181818
Cu14,10.53,0.0001580909090909091
Cu14,10.59,0.00013254545454545455
Cu14,10.649999999999999,0.00011327272727272727
Cu14,10.71,9.90909090909091e-05
Cu14,10.77,8.236363636363636e-05
Cu14,10.829999999999998,6.945454545454545e-05
Cu14,10.89,5.581818181818182e-05
Cu14,10.95,4.454545454545455e-05
Cu14,11.01,3.672727272727273e-05
Cu14,11.07,2.8909090909090908e-05
Cu14,11.129999999999999,2.4454545454545453e-05
Cu14,11.19,1.8363636363636364e-05
Cu14,11.25,1.5e-05
Cu14,11.309999999999999,1.2363636363636364e-05
Cu14,11.370000000000001,1.0454545454545455e-05
Cu14,11.43,7.454545454545455e-06
Cu14,11.489999999999998,6.272727272727273e-06
Cu14,11.55,5.545454545454545e-06
Cu14,11.61,3.818181818181818e-06
Cu14,11.669999999999998,3.272727272727273e-06
Cu14,11.73,2.181818181818182e-06
Cu14,11.79,1.5454545454545454e-06
Cu14,11.85,1.2727272727272728e-06
Cu14,11.91,6.363636363636364e-07
Cu14,11.969999999999999,7.272727272727273e-07
Cu14,12.03,8.181818181818182e-07
Cu14,12.09,3.6363636363636366e-07
Cu14,12.149999999999999,1.8181818181818183e-07
Cu14,12.21,9.090909090909091e-08
Cu14,12.27,9.090909090909091e-08
Cu14,12.329999999999998,1.8181818181818183e-07
Cu14,12.39,9.090909090909091e-08
Cu14,12.45,9.090909090909091e-08
