name,energy,flux
Ni08,27.39,3.3333333333333335e-07
Ni08,27.45,0.0
Ni08,27.509999999999998,6.666666666666667e-07
Ni08,27.57,0.0
Ni08,27.63,0.0
Ni08,27.689999999999998,1.3333333333333334e-06
Ni08,27.75,1.3333333333333334e-06
Ni08,27.81,1.6666666666666667e-06
Ni08,27.869999999999997,8e-06
Ni08,27.93,9.666666666666667e-06
Ni08,27.99,1.5333333333333334e-05
Ni08,28.049999999999997,3.1333333333333334e-05
Ni08,28.11,3.9e-05
Ni08,28.17,7.833333333333333e-05
Ni08,28.229999999999997,0.000125
Ni08,28.29,0.00018333333333333334
Ni08,28.35,0.0003006666666666667
Ni08,28.409999999999997,0.000436
Ni08,28.47,0.000621
Ni08,28.53,0.000952
Ni08,28.589999999999996,0.0013196666666666667
Ni08,28.65,0.001846
Ni08,28.71,0.002570666666666667
Ni08,28.769999999999996,0.0034586666666666667
Ni08,28.83,0.0046886666666666665
Ni08,28.89,0.006046
Ni08,28.95,0.007893
Ni08,29.009999999999998,0.009988
Ni08,29.07,0.012425
Ni08,29.13,0.015501
Ni08,29.189999999999998,0.018535666666666666
Ni08,29.25,0.022168333333333335
Ni08,29.31,0.026027666666666668
Ni08,29.369999999999997,0.02982833333333333
Ni08,29.43,0.034028
Ni08,29.49,0.037895
Ni08,29.549999999999997,0.04144133333333333
Ni08,29.61,0.044589
Ni08,29.67,0.04741066666666666
Ni08,29.729999999999997,0.049455
Ni08,29.79,0.05086533333333333
Ni08,29.85,0.05119833333333333
Ni08,29.909999999999997,0.050724
Ni08,29.97,0.04976233333333333
Ni08,30.03,0.047752
Ni08,30.089999999999996,0.044970333333333334
Ni08,30.15,0.04195433333333334
Ni08,30.21,0.038290333333333336
Ni08,30.269999999999996,0.03446
Ni08,30.33,0.030583333333333334
Ni08,30.39,0.026545
Ni08,30.45,0.022665666666666667
Ni08,30.509999999999998,0.019311333333333333
Ni08,30.57,0.015751333333333332
Ni08,30.63,0.013034333333333334
Ni08,30.689999999999998,0.010285
Ni08,30.75,0.008179666666666667
Ni08,30.81,0.006363
Ni08,30.869999999999997,0.004831
Ni08,30.93,0.0036003333333333334
Ni08,30.99,0.0027026666666666666
Ni08,31.049999999999997,0.0019316666666666666
Ni08,31.11,0.0013876666666666666
Ni08,31.17,0.00098
Ni08,31.229999999999997,0.000663
Ni08,31.29,0.00045433333333333334
Ni08,31.35,0.0003083333333333333
Ni08,31.409999999999997,0.000183
Ni08,31.47,0.00012933333333333332
Ni08,31.53,8.866666666666666e-05
Ni08,31.589999999999996,5.2333333333333336e-05
Ni08,31.65,2.966666666666667e-05
Ni08,31.71,1.9e-05
Ni08,31.769999999999996,1.0333333333333333e-05
Ni08,31.83,5.333333333333334e-06
Ni08,31.89,2.666666666666667e-06
Ni08,31.95,1.3333333333333334e-06
Ni08,32.01,1.3333333333333334e-06
Ni08,32.07,6.666666666666667e-07
Ni08,32.129999999999995,3.3333333333333335e-07
Ni08,32.19,3.3333333333333335e-07
Ni08,32.25,0.0
Ni08,32.31,3.3333333333333335e-07
Sn08,27.27,3.3333333333333335e-07
Sn08,27.33,3.3333333333333335e-07
Sn08,27.39,3.3333333333333335e-07
Sn08,27.45,6.666666666666667e-07
Sn08,27.509999999999998,3.3333333333333335e-07
Sn08,27.57,0.0
Sn08,27.63,1.6666666666666667e-06
Sn08,27.689999999999998,4e-06
Sn08,27.75,5.333333333333334e-06
Sn08,27.81,1.2e-05
Sn08,27.869999999999997,2.3666666666666668e-05
Sn08,27.93,3.366666666666667e-05
Sn08,27.99,5.833333333333333e-05
Sn08,28.049999999999997,8.733333333333333e-05
Sn08,28.11,0.00014333333333333334
Sn08,28.17,0.000247
Sn08,28.229999999999997,0.00036333333333333335
Sn08,28.29,0.0005426666666666667
Sn08,28.35,0.0008313333333333333
Sn08,28.409999999999997,0.001155
Sn08,28.47,0.001574
Sn08,28.53,0.0023246666666666667
Sn08,28.589999999999996,0.003178
Sn08,28.65,0.004350666666666667
Sn08,28.71,0.005797
Sn08,28.769999999999996,0.0075056666666666666
Sn08,28.83,0.009539666666666667
Sn08,28.89,0.012144333333333333
Sn08,28.95,0.015133333333333334
Sn08,29.009999999999998,0.018443666666666667
Sn08,29.07,0.022142333333333333
Sn08,29.13,0.026313333333333334
Sn08,29.189999999999998,0.030285333333333334
Sn08,29.25,0.034568666666666664
Sn08,29.31,0.03875133333333333
Sn08,29.369999999999997,0.042479666666666666
Sn08,29.43,0.046099666666666664
Sn08,29.49,0.04880333333333333
Sn08,29.549999999999997,0.050936666666666665
Sn08,29.61,0.052039666666666665
Sn08,29.67,0.052724
Sn08,29.729999999999997,0.05219833333333333
Sn08,29.79,0.050894
Sn08,29.85,0.04838166666666667
Sn08,29.909999999999997,0.045453
Sn08,29.97,0.04216966666666667
Sn08,30.03,0.038224
Sn08,30.089999999999996,0.03399566666666667
Sn08,30.15,0.030013666666666668
Sn08,30.21,0.025838
Sn08,30.269999999999996,0.021919666666666667
Sn08,30.33,0.018197666666666668
Sn08,30.39,0.014820666666666666
Sn08,30.45,0.012010666666666666
Sn08,30.509999999999998,0.009559333333333333
Sn08,30.57,0.00735
Sn08,30.63,0.005647
Sn08,30.689999999999998,0.004195
Sn08,30.75,0.0031503333333333335
Sn08,30.81,0.0022946666666666666
Sn08,30.869999999999997,0.0016396666666666667
Sn08,30.93,0.0011323333333333333
Sn08,30.99,0.00079
Sn08,31.049999999999997,0.000501
Sn08,31.11,0.000343
Sn08,31.17,0.0002466666666666667
Sn08,31.229999999999997,0.000152
Sn08,31.29,9.166666666666667e-05
Sn08,31.35,6.1e-05
Sn08,31.409999999999997,3.733333333333333e-05
Sn08,31.47,2.3e-05
Sn08,31.53,1.1e-05
Sn08,31.589999999999996,4.666666666666666e-06
Sn08,31.65,2e-06
Sn08,31.71,2.666666666666667e-06
Sn08,31.769999999999996,1.3333333333333334e-06
Sn08,31.83,1e-06
Sn08,31.89,0.0
Sn08,31.95,3.3333333333333335e-07
Sn08,32.01,6.666666666666667e-07
Ta08,27.03,3.3333333333333335e-07
Ta08,27.089999999999996,0.0
Ta08,27.15,6.666666666666667e-07
Ta08,27.21,0.0
Ta08,27.27,3.3333333333333335e-07
Ta08,27.33,6.666666666666667e-07
Ta08,27.39,1.3333333333333334e-06
Ta08,27.45,2e-06
Ta08,27.509999999999998,4.333333333333333e-06
Ta08,27.57,9.666666666666667e-06
Ta08,27.63,1.4333333333333334e-05
Ta08,27.689999999999998,2.8666666666666668e-05
Ta08,27.75,3.6666666666666666e-05
Ta08,27.81,6.866666666666666e-05
Ta08,27.869999999999997,0.00011333333333333333
Ta08,27.93,0.00015766666666666666
Ta08,27.99,0.00027466666666666666
Ta08,28.049999999999997,0.00039666666666666664
Ta08,28.11,0.0005833333333333334
Ta08,28.17,0.000857
Ta08,28.229999999999997,0.0012006666666666667
Ta08,28.29,0.0017053333333333334
Ta08,28.35,0.002387666666666667
Ta08,28.409999999999997,0.003259666666666667
Ta08,28.47,0.004339
Ta08,28.53,0.005731666666666667
Ta08,28.589999999999996,0.007397
Ta08,28.65,0.009553666666666667
Ta08,28.71,0.011841333333333334
Ta08,28.769999999999996,0.014731666666666667
Ta08,28.83,0.017871666666666668
Ta08,28.89,0.021431333333333333
Ta08,28.95,0.025189
Ta08,29.009999999999998,0.029120666666666666
Ta08,29.07,0.03323533333333333
Ta08,29.13,0.037074333333333334
Ta08,29.189999999999998,0.040815
Ta08,29.25,0.044214666666666666
Ta08,29.31,0.047039
Ta08,29.369999999999997,0.04915166666666667
Ta08,29.43,0.05069733333333333
Ta08,29.49,0.051366
Ta08,29.549999999999997,0.051134
Ta08,29.61,0.050028
Ta08,29.67,0.04831866666666667
Ta08,29.729999999999997,0.045740333333333334
Ta08,29.79,0.04264
Ta08,29.85,0.038977333333333336
Ta08,29.909999999999997,0.035311
Ta08,29.97,0.031240666666666667
Ta08,30.03,0.027373
Ta08,30.089999999999996,0.023305666666666666
Ta08,30.15,0.019940666666666666
Ta08,30.21,0.016314333333333333
Ta08,30.269999999999996,0.013526
Ta08,30.33,0.010708666666666667
Ta08,30.39,0.008535666666666667
Ta08,30.45,0.0066166666666666665
Ta08,30.509999999999998,0.005094666666666667
Ta08,30.57,0.0038
Ta08,30.63,0.002838
Ta08,30.689999999999998,0.002045
Ta08,30.75,0.0014826666666666666
Ta08,30.81,0.001026
Ta08,30.869999999999997,0.0007153333333333333
Ta08,30.93,0.0004783333333333333
Ta08,30.99,0.00032866666666666667
Ta08,31.049999999999997,0.00020366666666666667
Ta08,31.11,0.00014233333333333334
Ta08,31.17,9.633333333333333e-05
Ta08,31.229999999999997,5.6e-05
Ta08,31.29,3.233333333333333e-05
Ta08,31.35,2e-05
Ta08,31.409999999999997,1.2333333333333333e-05
Ta08,31.47,5.333333333333334e-06
Ta08,31.53,3.6666666666666666e-06
Ta08,31.589999999999996,1.6666666666666667e-06
Ta08,31.65,1e-06
Ta08,31.71,1e-06
Ta08,31.769999999999996,3.3333333333333335e-07
Ta08,31.83,3.3333333333333335e-07
Ta08,31.89,0.0
Ta08,31.95,3.3333333333333335e-07
Cu08,26.729999999999997,3.3333333333333335e-07
Cu08,26.79,0.0
Cu08,26.85,3.3333333333333335e-07
Cu08,26.909999999999997,3.3333333333333335e-07
Cu08,26.97,0.0
Cu08,27.03,6.666666666666667e-07
Cu08,27.089999999999996,1.3333333333333334e-06
Cu08,27.15,2.333333333333333e-06
Cu08,27.21,2.666666666666667e-06
Cu08,27.27,8e-06
Cu08,27.33,1.1e-05
Cu08,27.39,2.3666666666666668e-05
Cu08,27.45,3.1333333333333334e-05
Cu08,27.509999999999998,5.066666666666667e-05
Cu08,27.57,9.266666666666666e-05
Cu08,27.63,0.000135
Cu08,27.689999999999998,0.00021933333333333334
Cu08,27.75,0.00032566666666666665
Cu08,27.81,0.000493
Cu08,27.869999999999997,0.0007076666666666667
Cu08,27.93,0.001005
Cu08,27.99,0.0014386666666666667
Cu08,28.049999999999997,0.0019876666666666667
Cu08,28.11,0.00278
Cu08,28.17,0.0036823333333333335
Cu08,28.229999999999997,0.004878
Cu08,28.29,0.006329666666666667
Cu08,28.35,0.008282
Cu08,28.409999999999997,0.010294666666666667
Cu08,28.47,0.012800333333333334
Cu08,28.53,0.015862333333333332
Cu08,28.589999999999996,0.018944666666666665
Cu08,28.65,0.02254
Cu08,28.71,0.026331333333333335
Cu08,28.769999999999996,0.030100666666666668
Cu08,28.83,0.034239
Cu08,28.89,0.037989
Cu08,28.95,0.04133166666666667
Cu08,29.009999999999998,0.04462766666666667
Cu08,29.07,0.047144
Cu08,29.13,0.04912166666666667
Cu08,29.189999999999998,0.05031066666666666
Cu08,29.25,0.05083466666666667
Cu08,29.31,0.05032333333333333
Cu08,29.369999999999997,0.04911833333333333
Cu08,29.43,0.04724366666666667
Cu08,29.49,0.044596333333333335
Cu08,29.549999999999997,0.041465666666666665
Cu08,29.61,0.037875
Cu08,29.67,0.034249666666666664
Cu08,29.729999999999997,0.030234666666666667
Cu08,29.79,0.026431666666666666
Cu08,29.85,0.022533666666666667
Cu08,29.909999999999997,0.019279
Cu08,29.97,0.015690666666666665
Cu08,30.03,0.013101333333333333
Cu08,30.089999999999996,0.010329333333333333
Cu08,30.15,0.008221
Cu08,30.21,0.0064403333333333335
Cu08,30.269999999999996,0.004928333333333333
Cu08,30.33,0.003684666666666667
Cu08,30.39,0.002767
Cu08,30.45,0.001986
Cu08,30.509999999999998,0.0014516666666666666
Cu08,30.57,0.0010156666666666667
Cu08,30.63,0.000696
Cu08,30.689999999999998,0.000473
Cu08,30.75,0.000322
Cu08,30.81,0.00020633333333333333
Cu08,30.869999999999997,0.00014266666666666667
Cu08,30.93,9.166666666666667e-05
Cu08,30.99,5.966666666666667e-05
Cu08,31.049999999999997,3.3e-05
Cu08,31.11,1.9333333333333333e-05
Cu08,31.17,1.3333333333333333e-05
Cu08,31.229999999999997,6.333333333333333e-06
Cu08,31.29,3.3333333333333333e-06
Cu08,31.35,1.3333333333333334e-06
Cu08,31.409999999999997,1.3333333333333334e-06
Cu08,31.47,1e-06
Cu08,31.53,3.3333333333333335e-07
Cu08,31.589999999999996,3.3333333333333335e-07
Cu08,31.65,0.0
Cu08,31.71,3.3333333333333335e-07
Al_degrader_E2_E1,24.509999999999998,1.4285714285714285e-07
Al_degrader_E2_E1,24.57,0.0
Al_degrader_E2_E1,24.63,0.0
Al_degrader_E2_E1,24.689999999999998,1.4285714285714285e-07
Al_degrader_E2_E1,24.75,0.0
Al_degrader_E2_E1,24.81,0.0
Al_degrader_E2_E1,24.869999999999997,4.2857142857142857e-07
Al_degrader_E2_E1,24.93,5.714285714285714e-07
Al_degrader_E2_E1,24.990000000000002,5.714285714285714e-07
Al_degrader_E2_E1,25.049999999999997,1.857142857142857e-06
Al_degrader_E2_E1,25.11,3.142857142857143e-06
Al_degrader_E2_E1,25.17,3.857142857142857e-06
Al_degrader_E2_E1,25.229999999999997,7.428571428571428e-06
Al_degrader_E2_E1,25.29,1.1142857142857143e-05
Al_degrader_E2_E1,25.35,1.557142857142857e-05
Al_degrader_E2_E1,25.409999999999997,2.7857142857142858e-05
Al_degrader_E2_E1,25.47,4.242857142857143e-05
Al_degrader_E2_E1,25.53,6.042857142857143e-05
Al_degrader_E2_E1,25.589999999999996,9.014285714285714e-05
Al_degrader_E2_E1,25.65,0.00013142857142857143
Al_degrader_E2_E1,25.71,0.00017257142857142856
Al_degrader_E2_E1,25.77,0.00025014285714285714
Al_degrader_E2_E1,25.83,0.00035057142857142855
Al_degrader_E2_E1,25.89,0.00047185714285714284
Al_degrader_E2_E1,25.95,0.0006534285714285714
Al_degrader_E2_E1,26.009999999999998,0.0008664285714285714
Al_degrader_E2_E1,26.07,0.001102142857142857
Al_degrader_E2_E1,26.13,0.0014217142857142857
Al_degrader_E2_E1,26.189999999999998,0.0018071428571428572
Al_degrader_E2_E1,26.25,0.0023178571428571428
Al_degrader_E2_E1,26.31,0.002854
Al_degrader_E2_E1,26.369999999999997,0.0034962857142857144
Al_degrader_E2_E1,26.43,0.004264857142857143
Al_degrader_E2_E1,26.49,0.005059285714285714
Al_degrader_E2_E1,26.549999999999997,0.005959714285714286
Al_degrader_E2_E1,26.61,0.007011714285714286
Al_degrader_E2_E1,26.67,0.008065571428571429
Al_degrader_E2_E1,26.729999999999997,0.009209
Al_degrader_E2_E1,26.79,0.010424857142857144
Al_degrader_E2_E1,26.85,0.011567285714285714
Al_degrader_E2_E1,26.909999999999997,0.012809857142857144
Al_degrader_E2_E1,26.97,0.014051714285714285
Al_degrader_E2_E1,27.03,0.015210142857142858
Al_degrader_E2_E1,27.089999999999996,0.01639
Al_degrader_E2_E1,27.15,0.017491714285714284
Al_degrader_E2_E1,27.21,0.01845942857142857
Al_degrader_E2_E1,27.27,0.019345571428571427
Al_degrader_E2_E1,27.33,0.020287142857142858
Al_degrader_E2_E1,27.39,0.02096
Al_degrader_E2_E1,27.45,0.021681
Al_degrader_E2_E1,27.509999999999998,0.022336714285714286
Al_degrader_E2_E1,27.57,0.022712
Al_degrader_E2_E1,27.63,0.02311142857142857
Al_degrader_E2_E1,27.689999999999998,0.023549285714285714
Al_degrader_E2_E1,27.75,0.023825
Al_degrader_E2_E1,27.81,0.024045
Al_degrader_E2_E1,27.869999999999997,0.02436042857142857
Al_degrader_E2_E1,27.93,0.02435
Al_degrader_E2_E1,27.99,0.024476571428571427
Al_degrader_E2_E1,28.049999999999997,0.024640285714285715
Al_degrader_E2_E1,28.11,0.024705142857142856
Al_degrader_E2_E1,28.17,0.024635142857142855
Al_degrader_E2_E1,28.229999999999997,0.024802285714285714
Al_degrader_E2_E1,28.29,0.024611571428571427
Al_degrader_E2_E1,28.35,0.024523285714285713
Al_degrader_E2_E1,28.409999999999997,0.024491142857142857
Al_degrader_E2_E1,28.47,0.024225857142857143
Al_degrader_E2_E1,28.53,0.024042714285714285
Al_degrader_E2_E1,28.589999999999996,0.023734714285714286
Al_degrader_E2_E1,28.65,0.023248571428571427
Al_degrader_E2_E1,28.71,0.022814428571428572
Al_degrader_E2_E1,28.769999999999996,0.022162142857142856
Al_degrader_E2_E1,28.83,0.021409285714285714
Al_degrader_E2_E1,28.89,0.02066614285714286
Al_degrader_E2_E1,28.95,0.01965957142857143
Al_degrader_E2_E1,29.009999999999998,0.01857657142857143
Al_degrader_E2_E1,29.07,0.017447571428571427
Al_degrader_E2_E1,29.13,0.016225142857142858
Al_degrader_E2_E1,29.189999999999998,0.014878714285714285
Al_degrader_E2_E1,29.25,0.013634428571428572
Al_degrader_E2_E1,29.31,0.012236857142857143
Al_degrader_E2_E1,29.369999999999997,0.010851
Al_degrader_E2_E1,29.43,0.009609142857142858
Al_degrader_E2_E1,29.49,0.008282285714285714
Al_degrader_E2_E1,29.549999999999997,0.007070428571428571
Al_degrader_E2_E1,29.61,0.006076714285714286
Al_degrader_E2_E1,29.67,0.005055142857142857
Al_degrader_E2_E1,29.729999999999997,0.004113142857142857
Al_degrader_E2_E1,29.79,0.0033658571428571427
Al_degrader_E2_E1,29.85,0.002654142857142857
Al_degrader_E2_E1,29.909999999999997,0.0021377142857142858
Al_degrader_E2_E1,29.97,0.001640857142857143
Al_degrader_E2_E1,30.03,0.0012637142857142858
Al_degrader_E2_E1,30.089999999999996,0.0009472857142857143
Al_degrader_E2_E1,30.15,0.0006961428571428572
Al_degrader_E2_E1,30.21,0.000503
Al_degrader_E2_E1,30.269999999999996,0.0003792857142857143
Al_degrader_E2_E1,30.33,0.0002654285714285714
Al_degrader_E2_E1,30.39,0.000182
Al_degrader_E2_E1,30.45,0.00012457142857142856
Al_degrader_E2_E1,30.509999999999998,8e-05
Al_degrader_E2_E1,30.57,5.471428571428571e-05
Al_degrader_E2_E1,30.63,3.742857142857143e-05
Al_degrader_E2_E1,30.689999999999998,2.5142857142857143e-05
Al_degrader_E2_E1,30.75,1.4428571428571429e-05
Al_degrader_E2_E1,30.81,8.142857142857143e-06
Al_degrader_E2_E1,30.869999999999997,6.5714285714285714e-06
Al_degrader_E2_E1,30.93,3.857142857142857e-06
Al_degrader_E2_E1,30.99,1.7142857142857143e-06
Al_degrader_E2_E1,31.049999999999997,5.714285714285714e-07
Al_degrader_E2_E1,31.11,4.2857142857142857e-07
Al_degrader_E2_E1,31.17,4.2857142857142857e-07
Al_degrader_E2_E1,31.229999999999997,2.857142857142857e-07
Al_degrader_E2_E1,31.29,1.4285714285714285e-07
Al_degrader_E2_E1,31.35,0.0
Al_degrader_E2_E1,31.409999999999997,0.0
Al_degrader_E2_E1,31.47,1.4285714285714285e-07
Ni09,24.15,3.3333333333333335e-07
Ni09,24.21,0.0
Ni09,24.27,0.0
Ni09,24.33,6.666666666666667e-07
Ni09,24.39,0.0
Ni09,24.45,0.0
Ni09,24.509999999999998,1e-06
Ni09,24.57,1.3333333333333334e-06
Ni09,24.63,1.6666666666666667e-06
Ni09,24.689999999999998,2e-06
Ni09,24.75,8e-06
Ni09,24.81,8.666666666666666e-06
Ni09,24.869999999999997,1.5e-05
Ni09,24.93,2.7333333333333335e-05
Ni09,24.990000000000002,3.633333333333333e-05
Ni09,25.049999999999997,6.333333333333333e-05
Ni09,25.11,0.00010766666666666666
Ni09,25.17,0.00013466666666666667
Ni09,25.229999999999997,0.00022
Ni09,25.29,0.00033966666666666666
Ni09,25.35,0.00045766666666666666
Ni09,25.409999999999997,0.0006616666666666666
Ni09,25.47,0.0009183333333333333
Ni09,25.53,0.0012846666666666666
Ni09,25.589999999999996,0.001722
Ni09,25.65,0.0023313333333333333
Ni09,25.71,0.0031076666666666666
Ni09,25.77,0.004057
Ni09,25.83,0.005179666666666667
Ni09,25.89,0.006605
Ni09,25.95,0.008360666666666667
Ni09,26.009999999999998,0.010203
Ni09,26.07,0.012548
Ni09,26.13,0.015131
Ni09,26.189999999999998,0.017887333333333335
Ni09,26.25,0.021015666666666665
Ni09,26.31,0.024253666666666666
Ni09,26.369999999999997,0.027579
Ni09,26.43,0.031132666666666666
Ni09,26.49,0.03444166666666667
Ni09,26.549999999999997,0.03738
Ni09,26.61,0.04045233333333333
Ni09,26.67,0.042876
Ni09,26.729999999999997,0.044817
Ni09,26.79,0.046266666666666664
Ni09,26.85,0.047260333333333335
Ni09,26.909999999999997,0.04733166666666667
Ni09,26.97,0.046625
Ni09,27.03,0.045781666666666665
Ni09,27.089999999999996,0.04391333333333333
Ni09,27.15,0.04159366666666667
Ni09,27.21,0.039029
Ni09,27.27,0.035895
Ni09,27.33,0.03272766666666667
Ni09,27.39,0.029322666666666667
Ni09,27.45,0.025916333333333333
Ni09,27.509999999999998,0.022434666666666665
Ni09,27.57,0.019514
Ni09,27.63,0.016456333333333333
Ni09,27.689999999999998,0.013638666666666667
Ni09,27.75,0.011421666666666667
Ni09,27.81,0.009041666666666667
Ni09,27.869999999999997,0.007386666666666666
Ni09,27.93,0.0057926666666666665
Ni09,27.99,0.004505
Ni09,28.049999999999997,0.0034403333333333334
Ni09,28.11,0.002616666666666667
Ni09,28.17,0.001954
Ni09,28.229999999999997,0.0014126666666666667
Ni09,28.29,0.0010373333333333332
Ni09,28.35,0.000737
Ni09,28.409999999999997,0.0005146666666666666
Ni09,28.47,0.00036333333333333335
Ni09,28.53,0.00023466666666666666
Ni09,28.589999999999996,0.00016066666666666668
Ni09,28.65,0.000112
Ni09,28.71,7.466666666666666e-05
Ni09,28.769999999999996,4.7333333333333336e-05
Ni09,28.83,2.7333333333333335e-05
Ni09,28.89,1.7333333333333332e-05
Ni09,28.95,1.1333333333333334e-05
Ni09,29.009999999999998,5.666666666666667e-06
Ni09,29.07,3e-06
Ni09,29.13,1.3333333333333334e-06
Ni09,29.189999999999998,1.3333333333333334e-06
Ni09,29.25,1e-06
Ni09,29.31,6.666666666666667e-07
Ni09,29.369999999999997,3.3333333333333335e-07
Ni09,29.43,0.0
Ni09,29.49,0.0
Ni09,29.549999999999997,3.3333333333333335e-07
Sn09,24.089999999999996,3.3333333333333335e-07
Sn09,24.15,6.666666666666667e-07
Sn09,24.21,0.0
Sn09,24.27,3.3333333333333335e-07
Sn09,24.33,6.666666666666667e-07
Sn09,24.39,0.0
Sn09,24.45,6.666666666666667e-07
Sn09,24.509999999999998,2.666666666666667e-06
Sn09,24.57,3.6666666666666666e-06
Sn09,24.63,6.666666666666667e-06
Sn09,24.689999999999998,1.5e-05
Sn09,24.75,2.1333333333333335e-05
Sn09,24.81,3.366666666666667e-05
Sn09,24.869999999999997,5.433333333333333e-05
Sn09,24.93,7.566666666666667e-05
Sn09,24.990000000000002,0.00012266666666666668
Sn09,25.049999999999997,0.000197
Sn09,25.11,0.00030166666666666666
Sn09,25.17,0.00041966666666666666
Sn09,25.229999999999997,0.000618
Sn09,25.29,0.000867
Sn09,25.35,0.0011703333333333333
Sn09,25.409999999999997,0.0016376666666666666
Sn09,25.47,0.0022166666666666667
Sn09,25.53,0.0030266666666666667
Sn09,25.589999999999996,0.003986333333333333
Sn09,25.65,0.005191333333333333
Sn09,25.71,0.006607333333333333
Sn09,25.77,0.008288
Sn09,25.83,0.010303666666666666
Sn09,25.89,0.012752
Sn09,25.95,0.0154
Sn09,26.009999999999998,0.01830033333333333
Sn09,26.07,0.021767
Sn09,26.13,0.025122333333333333
Sn09,26.189999999999998,0.028596333333333335
Sn09,26.25,0.032190333333333335
Sn09,26.31,0.03573
Sn09,26.369999999999997,0.038995666666666665
Sn09,26.43,0.04198866666666667
Sn09,26.49,0.04450066666666667
Sn09,26.549999999999997,0.04627833333333333
Sn09,26.61,0.047872333333333336
Sn09,26.67,0.04836733333333333
Sn09,26.729999999999997,0.048319666666666664
Sn09,26.79,0.047839
Sn09,26.85,0.046361
Sn09,26.909999999999997,0.04400933333333333
Sn09,26.97,0.041463
Sn09,27.03,0.038652
Sn09,27.089999999999996,0.03527533333333333
Sn09,27.15,0.03167433333333333
Sn09,27.21,0.028201
Sn09,27.27,0.024761666666666668
Sn09,27.33,0.021284
Sn09,27.39,0.018088
Sn09,27.45,0.015059333333333333
Sn09,27.509999999999998,0.012378
Sn09,27.57,0.010210333333333333
Sn09,27.63,0.008061666666666667
Sn09,27.689999999999998,0.006393
Sn09,27.75,0.004946666666666667
Sn09,27.81,0.003787
Sn09,27.869999999999997,0.002873
Sn09,27.93,0.002142
Sn09,27.99,0.0015816666666666668
Sn09,28.049999999999997,0.0011286666666666667
Sn09,28.11,0.000805
Sn09,28.17,0.000544
Sn09,28.229999999999997,0.00036533333333333334
Sn09,28.29,0.0002663333333333333
Sn09,28.35,0.000181
Sn09,28.409999999999997,0.000118
Sn09,28.47,7.7e-05
Sn09,28.53,4.633333333333333e-05
Sn09,28.589999999999996,3.5333333333333336e-05
Sn09,28.65,1.8666666666666665e-05
Sn09,28.71,9.666666666666667e-06
Sn09,28.769999999999996,4.333333333333333e-06
Sn09,28.83,2.333333333333333e-06
Sn09,28.89,2e-06
Sn09,28.95,2e-06
Sn09,29.009999999999998,6.666666666666667e-07
Sn09,29.07,3.3333333333333335e-07
Sn09,29.13,3.3333333333333335e-07
Sn09,29.189999999999998,3.3333333333333335e-07
Sn09,29.25,3.3333333333333335e-07
Ta09,23.79,3.3333333333333335e-07
Ta09,23.85,0.0
Ta09,23.909999999999997,0.0
Ta09,23.97,6.666666666666667e-07
Ta09,24.03,0.0
Ta09,24.089999999999996,6.666666666666667e-07
Ta09,24.15,3.3333333333333335e-07
Ta09,24.21,1.3333333333333334e-06
Ta09,24.27,2e-06
Ta09,24.33,3.3333333333333333e-06
Ta09,24.39,8e-06
Ta09,24.45,8.333333333333334e-06
Ta09,24.509999999999998,2e-05
Ta09,24.57,2.9e-05
Ta09,24.63,4.066666666666667e-05
Ta09,24.689999999999998,7.333333333333333e-05
Ta09,24.75,0.00011
Ta09,24.81,0.00015433333333333334
Ta09,24.869999999999997,0.000245
Ta09,24.93,0.00035666666666666664
Ta09,24.990000000000002,0.0005063333333333334
Ta09,25.049999999999997,0.000697
Ta09,25.11,0.0009853333333333333
Ta09,25.17,0.0013683333333333334
Ta09,25.229999999999997,0.0018513333333333333
Ta09,25.29,0.002472
Ta09,25.35,0.003240666666666667
Ta09,25.409999999999997,0.004287333333333333
Ta09,25.47,0.005426
Ta09,25.53,0.006922
Ta09,25.589999999999996,0.008725333333333333
Ta09,25.65,0.010594333333333334
Ta09,25.71,0.013037666666666666
Ta09,25.77,0.015601666666666666
Ta09,25.83,0.018496666666666668
Ta09,25.89,0.02163
Ta09,25.95,0.024895333333333332
Ta09,26.009999999999998,0.028262666666666665
Ta09,26.07,0.031720333333333336
Ta09,26.13,0.035011
Ta09,26.189999999999998,0.037979
Ta09,26.25,0.04090333333333333
Ta09,26.31,0.043299
Ta09,26.369999999999997,0.04513166666666667
Ta09,26.43,0.04650833333333333
Ta09,26.49,0.047294666666666665
Ta09,26.549999999999997,0.04717233333333333
Ta09,26.61,0.04658
Ta09,26.67,0.045421
Ta09,26.729999999999997,0.043424
Ta09,26.79,0.041256
Ta09,26.85,0.038318333333333336
Ta09,26.909999999999997,0.03520433333333333
Ta09,26.97,0.03213233333333333
Ta09,27.03,0.028588
Ta09,27.089999999999996,0.025344333333333333
Ta09,27.15,0.021874666666666667
Ta09,27.21,0.018900333333333335
Ta09,27.27,0.015922
Ta09,27.33,0.013201
Ta09,27.39,0.010949
Ta09,27.45,0.008738666666666667
Ta09,27.509999999999998,0.007101333333333334
Ta09,27.57,0.005526666666666667
Ta09,27.63,0.004302333333333333
Ta09,27.689999999999998,0.003276666666666667
Ta09,27.75,0.0025043333333333332
Ta09,27.81,0.0018516666666666666
Ta09,27.869999999999997,0.001358
Ta09,27.93,0.000968
Ta09,27.99,0.000695
Ta09,28.049999999999997,0.00048333333333333334
Ta09,28.11,0.00034133333333333335
Ta09,28.17,0.000222
Ta09,28.229999999999997,0.00015966666666666665
Ta09,28.29,0.00010666666666666667
Ta09,28.35,6.833333333333333e-05
Ta09,28.409999999999997,4.0333333333333336e-05
Ta09,28.47,2.7e-05
Ta09,28.53,1.633333333333333e-05
Ta09,28.589999999999996,1.1e-05
Ta09,28.65,5e-06
Ta09,28.71,2.666666666666667e-06
Ta09,28.769999999999996,1.3333333333333334e-06
Ta09,28.83,1.3333333333333334e-06
Ta09,28.89,1e-06
Ta09,28.95,3.3333333333333335e-07
Ta09,29.009999999999998,3.3333333333333335e-07
Ta09,29.07,0.0
Ta09,29.13,3.3333333333333335e-07
Cu09,23.490000000000002,3.3333333333333335e-07
Cu09,23.549999999999997,0.0
Cu09,23.61,0.0
Cu09,23.67,6.666666666666667e-07
Cu09,23.729999999999997,0.0
Cu09,23.79,3.3333333333333335e-07
Cu09,23.85,1e-06
Cu09,23.909999999999997,1e-06
Cu09,23.97,2e-06
Cu09,24.03,3.6666666666666666e-06
Cu09,24.089999999999996,8e-06
Cu09,24.15,1e-05
Cu09,24.21,1.9666666666666666e-05
Cu09,24.27,2.8333333333333332e-05
Cu09,24.33,3.933333333333333e-05
Cu09,24.39,7.4e-05
Cu09,24.45,0.00010733333333333333
Cu09,24.509999999999998,0.000153
Cu09,24.57,0.00024166666666666667
Cu09,24.63,0.0003426666666666667
Cu09,24.689999999999998,0.0004886666666666667
Cu09,24.75,0.0006916666666666667
Cu09,24.81,0.000927
Cu09,24.869999999999997,0.0013113333333333334
Cu09,24.93,0.00175
Cu09,24.990000000000002,0.0023693333333333335
Cu09,25.049999999999997,0.003109666666666667
Cu09,25.11,0.004077333333333333
Cu09,25.17,0.005167333333333334
Cu09,25.229999999999997,0.0065376666666666665
Cu09,25.29,0.008269
Cu09,25.35,0.010054666666666667
Cu09,25.409999999999997,0.012391666666666667
Cu09,25.47,0.014790666666666667
Cu09,25.53,0.017550333333333334
Cu09,25.589999999999996,0.020557666666666665
Cu09,25.65,0.023666333333333334
Cu09,25.71,0.026993666666666666
Cu09,25.77,0.030288
Cu09,25.83,0.03361466666666667
Cu09,25.89,0.036558
Cu09,25.95,0.03952166666666666
Cu09,26.009999999999998,0.042086
Cu09,26.07,0.043887666666666665
Cu09,26.13,0.04552833333333333
Cu09,26.189999999999998,0.046348
Cu09,26.25,0.046803333333333336
Cu09,26.31,0.04628633333333333
Cu09,26.369999999999997,0.045353333333333336
Cu09,26.43,0.04389266666666667
Cu09,26.49,0.041722666666666665
Cu09,26.549999999999997,0.03922766666666667
Cu09,26.61,0.036289666666666665
Cu09,26.67,0.033253333333333336
Cu09,26.729999999999997,0.029888333333333333
Cu09,26.79,0.026739
Cu09,26.85,0.023295666666666666
Cu09,26.909999999999997,0.020118333333333332
Cu09,26.97,0.017393333333333334
Cu09,27.03,0.014362666666666666
Cu09,27.089999999999996,0.012140333333333333
Cu09,27.15,0.009798666666666667
Cu09,27.21,0.007914
Cu09,27.27,0.006377
Cu09,27.33,0.004924666666666667
Cu09,27.39,0.003875
Cu09,27.45,0.002927
Cu09,27.509999999999998,0.002222
Cu09,27.57,0.0016333333333333334
Cu09,27.63,0.001204
Cu09,27.689999999999998,0.0008666666666666666
Cu09,27.75,0.0006183333333333334
Cu09,27.81,0.00042333333333333334
Cu09,27.869999999999997,0.00029133333333333333
Cu09,27.93,0.000195
Cu09,27.99,0.000144
Cu09,28.049999999999997,9.333333333333333e-05
Cu09,28.11,6.1e-05
Cu09,28.17,3.8e-05
Cu09,28.229999999999997,2.1333333333333335e-05
Cu09,28.29,1.5666666666666667e-05
Cu09,28.35,1e-05
Cu09,28.409999999999997,3.3333333333333333e-06
Cu09,28.47,2.333333333333333e-06
Cu09,28.53,1.6666666666666667e-06
Cu09,28.589999999999996,1e-06
Cu09,28.65,1e-06
Cu09,28.71,3.3333333333333335e-07
Cu09,28.769999999999996,3.3333333333333335e-07
Cu09,28.83,0.0
Cu09,28.89,3.3333333333333335e-07
Al_degrader_E4_E3,21.03,1.1111111111111111e-07
Al_degrader_E4_E3,21.089999999999996,0.0
Al_degrader_E4_E3,21.15,0.0
Al_degrader_E4_E3,21.21,1.1111111111111111e-07
Al_degrader_E4_E3,21.27,0.0
Al_degrader_E4_E3,21.33,1.1111111111111111e-07
Al_degrader_E4_E3,21.39,1.1111111111111111e-07
Al_degrader_E4_E3,21.45,4.4444444444444444e-07
Al_degrader_E4_E3,21.509999999999998,6.666666666666667e-07
Al_degrader_E4_E3,21.57,1.1111111111111111e-07
Al_degrader_E4_E3,21.63,2.222222222222222e-06
Al_degrader_E4_E3,21.689999999999998,1.6666666666666667e-06
Al_degrader_E4_E3,21.75,3.4444444444444444e-06
Al_degrader_E4_E3,21.81,5.444444444444445e-06
Al_degrader_E4_E3,21.869999999999997,7.222222222222222e-06
Al_degrader_E4_E3,21.93,9.888888888888889e-06
Al_degrader_E4_E3,21.990000000000002,1.7666666666666668e-05
Al_degrader_E4_E3,22.049999999999997,2.711111111111111e-05
Al_degrader_E4_E3,22.11,3.4666666666666665e-05
Al_degrader_E4_E3,22.17,5.433333333333333e-05
Al_degrader_E4_E3,22.229999999999997,6.877777777777778e-05
Al_degrader_E4_E3,22.29,0.00010622222222222222
Al_degrader_E4_E3,22.35,0.0001378888888888889
Al_degrader_E4_E3,22.409999999999997,0.00018322222222222223
Al_degrader_E4_E3,22.47,0.0002517777777777778
Al_degrader_E4_E3,22.53,0.0003401111111111111
Al_degrader_E4_E3,22.589999999999996,0.00045266666666666665
Al_degrader_E4_E3,22.65,0.0005922222222222222
Al_degrader_E4_E3,22.71,0.0007457777777777778
Al_degrader_E4_E3,22.77,0.0009552222222222222
Al_degrader_E4_E3,22.83,0.0011935555555555556
Al_degrader_E4_E3,22.89,0.0014951111111111111
Al_degrader_E4_E3,22.95,0.0018873333333333333
Al_degrader_E4_E3,23.009999999999998,0.002271111111111111
Al_degrader_E4_E3,23.07,0.002743
Al_degrader_E4_E3,23.13,0.003295666666666667
Al_degrader_E4_E3,23.189999999999998,0.003919222222222222
Al_degrader_E4_E3,23.25,0.004637
Al_degrader_E4_E3,23.31,0.005356111111111111
Al_degrader_E4_E3,23.369999999999997,0.006188111111111111
Al_degrader_E4_E3,23.43,0.007062
Al_degrader_E4_E3,23.490000000000002,0.008019888888888889
Al_degrader_E4_E3,23.549999999999997,0.009012333333333334
Al_degrader_E4_E3,23.61,0.009962333333333333
Al_degrader_E4_E3,23.67,0.011034222222222223
Al_degrader_E4_E3,23.729999999999997,0.012018111111111111
Al_degrader_E4_E3,23.79,0.013122777777777778
Al_degrader_E4_E3,23.85,0.014132
Al_degrader_E4_E3,23.909999999999997,0.015025666666666666
Al_degrader_E4_E3,23.97,0.016066777777777777
Al_degrader_E4_E3,24.03,0.016895555555555556
Al_degrader_E4_E3,24.089999999999996,0.017758
Al_degrader_E4_E3,24.15,0.01856588888888889
Al_degrader_E4_E3,24.21,0.019193666666666668
Al_degrader_E4_E3,24.27,0.019895222222222224
Al_degrader_E4_E3,24.33,0.020418555555555554
Al_degrader_E4_E3,24.39,0.020909333333333332
Al_degrader_E4_E3,24.45,0.021464444444444446
Al_degrader_E4_E3,24.509999999999998,0.021730222222222224
Al_degrader_E4_E3,24.57,0.022142
Al_degrader_E4_E3,24.63,0.022342444444444446
Al_degrader_E4_E3,24.689999999999998,0.022561
Al_degrader_E4_E3,24.75,0.022881555555555554
Al_degrader_E4_E3,24.81,0.022961
Al_degrader_E4_E3,24.869999999999997,0.02308811111111111
Al_degrader_E4_E3,24.93,0.023125
Al_degrader_E4_E3,24.990000000000002,0.02323188888888889
Al_degrader_E4_E3,25.049999999999997,0.02330188888888889
Al_degrader_E4_E3,25.11,0.023302444444444445
Al_degrader_E4_E3,25.17,0.023228111111111113
Al_degrader_E4_E3,25.229999999999997,0.023164777777777777
Al_degrader_E4_E3,25.29,0.023126
Al_degrader_E4_E3,25.35,0.022901777777777778
Al_degrader_E4_E3,25.409999999999997,0.022748
Al_degrader_E4_E3,25.47,0.02244811111111111
Al_degrader_E4_E3,25.53,0.022063666666666665
Al_degrader_E4_E3,25.589999999999996,0.021780666666666667
Al_degrader_E4_E3,25.65,0.021229
Al_degrader_E4_E3,25.71,0.02067988888888889
Al_degrader_E4_E3,25.77,0.019910666666666667
Al_degrader_E4_E3,25.83,0.019210222222222222
Al_degrader_E4_E3,25.89,0.018422666666666667
Al_degrader_E4_E3,25.95,0.01747011111111111
Al_degrader_E4_E3,26.009999999999998,0.016471777777777776
Al_degrader_E4_E3,26.07,0.015307888888888888
Al_degrader_E4_E3,26.13,0.014316666666666667
Al_degrader_E4_E3,26.189999999999998,0.013150555555555556
Al_degrader_E4_E3,26.25,0.012002
Al_degrader_E4_E3,26.31,0.010755333333333334
Al_degrader_E4_E3,26.369999999999997,0.009629444444444444
Al_degrader_E4_E3,26.43,0.008596666666666667
Al_degrader_E4_E3,26.49,0.007448666666666667
Al_degrader_E4_E3,26.549999999999997,0.006475
Al_degrader_E4_E3,26.61,0.005513
Al_degrader_E4_E3,26.67,0.004708777777777778
Al_degrader_E4_E3,26.729999999999997,0.003930222222222222
Al_degrader_E4_E3,26.79,0.003255333333333333
Al_degrader_E4_E3,26.85,0.0026366666666666665
Al_degrader_E4_E3,26.909999999999997,0.002120222222222222
Al_degrader_E4_E3,26.97,0.00173
Al_degrader_E4_E3,27.03,0.0013317777777777779
Al_degrader_E4_E3,27.089999999999996,0.0010398888888888888
Al_degrader_E4_E3,27.15,0.0007948888888888889
Al_degrader_E4_E3,27.21,0.0006085555555555555
Al_degrader_E4_E3,27.27,0.00044855555555555556
Al_degrader_E4_E3,27.33,0.0003338888888888889
Al_degrader_E4_E3,27.39,0.00024
Al_degrader_E4_E3,27.45,0.000176
Al_degrader_E4_E3,27.509999999999998,0.00012577777777777777
Al_degrader_E4_E3,27.57,8.777777777777778e-05
Al_degrader_E4_E3,27.63,5.522222222222222e-05
Al_degrader_E4_E3,27.689999999999998,3.8777777777777775e-05
Al_degrader_E4_E3,27.75,2.8888888888888888e-05
Al_degrader_E4_E3,27.81,1.8555555555555557e-05
Al_degrader_E4_E3,27.869999999999997,1.1333333333333334e-05
Al_degrader_E4_E3,27.93,6.5555555555555556e-06
Al_degrader_E4_E3,27.99,4.777777777777777e-06
Al_degrader_E4_E3,28.049999999999997,3.3333333333333333e-06
Al_degrader_E4_E3,28.11,1.6666666666666667e-06
Al_degrader_E4_E3,28.17,8.888888888888889e-07
Al_degrader_E4_E3,28.229999999999997,2.2222222222222222e-07
Al_degrader_E4_E3,28.29,2.2222222222222222e-07
Al_degrader_E4_E3,28.35,3.3333333333333335e-07
Al_degrader_E4_E3,28.409999999999997,2.2222222222222222e-07
Al_degrader_E4_E3,28.47,1.1111111111111111e-07
Al_degrader_E4_E3,28.53,0.0
Al_degrader_E4_E3,28.589999999999996,0.0
Al_degrader_E4_E3,28.65,1.1111111111111111e-07
Ni10,20.61,3.3333333333333335e-07
Ni10,20.67,0.0
Ni10,20.729999999999997,0.0
Ni10,20.79,6.666666666666667e-07
Ni10,20.85,0.0
Ni10,20.909999999999997,0.0
Ni10,20.97,0.0
Ni10,21.03,1.3333333333333334e-06
Ni10,21.089999999999996,1e-06
Ni10,21.15,1.6666666666666667e-06
Ni10,21.21,3e-06
Ni10,21.27,7e-06
Ni10,21.33,7.333333333333333e-06
Ni10,21.39,9.333333333333333e-06
Ni10,21.45,2.5333333333333334e-05
Ni10,21.509999999999998,2.8333333333333332e-05
Ni10,21.57,3.8e-05
Ni10,21.63,6.933333333333333e-05
Ni10,21.689999999999998,9.966666666666667e-05
Ni10,21.75,0.00013233333333333334
Ni10,21.81,0.00019833333333333332
Ni10,21.869999999999997,0.0002883333333333333
Ni10,21.93,0.00038533333333333334
Ni10,21.990000000000002,0.000529
Ni10,22.049999999999997,0.000716
Ni10,22.11,0.0009653333333333333
Ni10,22.17,0.0012936666666666667
Ni10,22.229999999999997,0.001682
Ni10,22.29,0.002240666666666667
Ni10,22.35,0.0028366666666666666
Ni10,22.409999999999997,0.0036123333333333333
Ni10,22.47,0.004496
Ni10,22.53,0.005600333333333333
Ni10,22.589999999999996,0.007016666666666667
Ni10,22.65,0.008400666666666667
Ni10,22.71,0.010092
Ni10,22.77,0.012165333333333334
Ni10,22.83,0.014210666666666667
Ni10,22.89,0.016507666666666667
Ni10,22.95,0.019118333333333334
Ni10,23.009999999999998,0.021794666666666667
Ni10,23.07,0.024472666666666667
Ni10,23.13,0.027188666666666667
Ni10,23.189999999999998,0.030053
Ni10,23.25,0.032655333333333335
Ni10,23.31,0.035119
Ni10,23.369999999999997,0.037325
Ni10,23.43,0.039242
Ni10,23.490000000000002,0.04089333333333333
Ni10,23.549999999999997,0.04186666666666667
Ni10,23.61,0.04272033333333333
Ni10,23.67,0.04282333333333333
Ni10,23.729999999999997,0.042355666666666666
Ni10,23.79,0.041849
Ni10,23.85,0.040494
Ni10,23.909999999999997,0.03869
Ni10,23.97,0.036844666666666664
Ni10,24.03,0.03452
Ni10,24.089999999999996,0.031792666666666664
Ni10,24.15,0.029259666666666666
Ni10,24.21,0.026478666666666668
Ni10,24.27,0.023720666666666668
Ni10,24.33,0.02076
Ni10,24.39,0.018231
Ni10,24.45,0.015930666666666666
Ni10,24.509999999999998,0.013329666666666667
Ni10,24.57,0.011424333333333333
Ni10,24.63,0.009442333333333334
Ni10,24.689999999999998,0.007715333333333334
Ni10,24.75,0.006374
Ni10,24.81,0.005091
Ni10,24.869999999999997,0.004039333333333333
Ni10,24.93,0.003154333333333333
Ni10,24.990000000000002,0.0024766666666666665
Ni10,25.049999999999997,0.001899
Ni10,25.11,0.0014033333333333333
Ni10,25.17,0.0010816666666666668
Ni10,25.229999999999997,0.000799
Ni10,25.29,0.0005676666666666666
Ni10,25.35,0.0004116666666666667
Ni10,25.409999999999997,0.00029133333333333333
Ni10,25.47,0.00020333333333333333
Ni10,25.53,0.000141
Ni10,25.589999999999996,0.00010133333333333333
Ni10,25.65,7e-05
Ni10,25.71,4.6e-05
Ni10,25.77,2.8666666666666668e-05
Ni10,25.83,1.633333333333333e-05
Ni10,25.89,1.4666666666666666e-05
Ni10,25.95,7.666666666666667e-06
Ni10,26.009999999999998,3e-06
Ni10,26.07,2e-06
Ni10,26.13,1.3333333333333334e-06
Ni10,26.189999999999998,1.3333333333333334e-06
Ni10,26.25,6.666666666666667e-07
Ni10,26.31,3.3333333333333335e-07
Ni10,26.369999999999997,6.666666666666667e-07
Ni10,26.43,0.0
Ni10,26.49,0.0
Ni10,26.549999999999997,3.3333333333333335e-07
Sn10,20.490000000000002,3.3333333333333335e-07
Sn10,20.549999999999997,3.3333333333333335e-07
Sn10,20.61,3.3333333333333335e-07
Sn10,20.67,0.0
Sn10,20.729999999999997,3.3333333333333335e-07
Sn10,20.79,6.666666666666667e-07
Sn10,20.85,0.0
Sn10,20.909999999999997,6.666666666666667e-07
Sn10,20.97,1.6666666666666667e-06
Sn10,21.03,3.3333333333333333e-06
Sn10,21.089999999999996,3e-06
Sn10,21.15,9e-06
Sn10,21.21,1.2666666666666667e-05
Sn10,21.27,2e-05
Sn10,21.33,2.9e-05
Sn10,21.39,4.4666666666666664e-05
Sn10,21.45,6.233333333333334e-05
Sn10,21.509999999999998,9.3e-05
Sn10,21.57,0.00014366666666666667
Sn10,21.63,0.00020566666666666666
Sn10,21.689999999999998,0.00029066666666666667
Sn10,21.75,0.00040666666666666667
Sn10,21.81,0.0005656666666666667
Sn10,21.869999999999997,0.000779
Sn10,21.93,0.0010126666666666667
Sn10,21.990000000000002,0.0013196666666666667
Sn10,22.049999999999997,0.0018146666666666667
Sn10,22.11,0.0023666666666666667
Sn10,22.17,0.0030803333333333334
Sn10,22.229999999999997,0.003927333333333333
Sn10,22.29,0.004944
Sn10,22.35,0.006130333333333333
Sn10,22.409999999999997,0.007493
Sn10,22.47,0.009135666666666667
Sn10,22.53,0.011072
Sn10,22.589999999999996,0.0132
Sn10,22.65,0.015485666666666667
Sn10,22.71,0.018042666666666665
Sn10,22.77,0.020852666666666665
Sn10,22.83,0.023653
Sn10,22.89,0.026507666666666665
Sn10,22.95,0.029412
Sn10,23.009999999999998,0.03237633333333333
Sn10,23.07,0.034992666666666665
Sn10,23.13,0.037483333333333334
Sn10,23.189999999999998,0.039483
Sn10,23.25,0.041391
Sn10,23.31,0.042673333333333334
Sn10,23.369999999999997,0.043369333333333336
Sn10,23.43,0.043818333333333334
Sn10,23.490000000000002,0.043755
Sn10,23.549999999999997,0.04306
Sn10,23.61,0.041868333333333334
Sn10,23.67,0.039821
Sn10,23.729999999999997,0.037925
Sn10,23.79,0.035642
Sn10,23.85,0.032942
Sn10,23.909999999999997,0.030011
Sn10,23.97,0.027201
Sn10,24.03,0.024355666666666668
Sn10,24.089999999999996,0.021414333333333334
Sn10,24.15,0.01869233333333333
Sn10,24.21,0.016014666666666667
Sn10,24.27,0.013591
Sn10,24.33,0.011332333333333333
Sn10,24.39,0.009529666666666667
Sn10,24.45,0.007791333333333333
Sn10,24.509999999999998,0.006248333333333333
Sn10,24.57,0.004999
Sn10,24.63,0.0039766666666666665
Sn10,24.689999999999998,0.003071
Sn10,24.75,0.0023706666666666668
Sn10,24.81,0.001841
Sn10,24.869999999999997,0.0013673333333333332
Sn10,24.93,0.0010043333333333334
Sn10,24.990000000000002,0.0007403333333333333
Sn10,25.049999999999997,0.000523
Sn10,25.11,0.000361
Sn10,25.17,0.00026066666666666664
Sn10,25.229999999999997,0.000198
Sn10,25.29,0.00013433333333333334
Sn10,25.35,8.8e-05
Sn10,25.409999999999997,5.4e-05
Sn10,25.47,4.066666666666667e-05
Sn10,25.53,2.8e-05
Sn10,25.589999999999996,1.5666666666666667e-05
Sn10,25.65,8.666666666666666e-06
Sn10,25.71,3.6666666666666666e-06
Sn10,25.77,3e-06
Sn10,25.83,1.6666666666666667e-06
Sn10,25.89,1.6666666666666667e-06
Sn10,25.95,1.3333333333333334e-06
Sn10,26.009999999999998,3.3333333333333335e-07
Sn10,26.07,0.0
Sn10,26.13,3.3333333333333335e-07
Sn10,26.189999999999998,3.3333333333333335e-07
Sn10,26.25,3.3333333333333335e-07
Ta10,20.189999999999998,3.3333333333333335e-07
Ta10,20.25,0.0
Ta10,20.31,0.0
Ta10,20.369999999999997,6.666666666666667e-07
Ta10,20.43,0.0
Ta10,20.490000000000002,3.3333333333333335e-07
Ta10,20.549999999999997,3.3333333333333335e-07
Ta10,20.61,6.666666666666667e-07
Ta10,20.67,1e-06
Ta10,20.729999999999997,2e-06
Ta10,20.79,2e-06
Ta10,20.85,6.666666666666667e-06
Ta10,20.909999999999997,7.333333333333333e-06
Ta10,20.97,1.2666666666666667e-05
Ta10,21.03,2.4e-05
Ta10,21.089999999999996,2.6333333333333334e-05
Ta10,21.15,4.1666666666666665e-05
Ta10,21.21,6.833333333333333e-05
Ta10,21.27,0.00010233333333333333
Ta10,21.33,0.00013266666666666667
Ta10,21.39,0.00020466666666666666
Ta10,21.45,0.0002703333333333333
Ta10,21.509999999999998,0.0004006666666666667
Ta10,21.57,0.0005356666666666667
Ta10,21.63,0.000712
Ta10,21.689999999999998,0.0009413333333333333
Ta10,21.75,0.0012916666666666667
Ta10,21.81,0.001689
Ta10,21.869999999999997,0.0021863333333333335
Ta10,21.93,0.002774
Ta10,21.990000000000002,0.003572333333333333
Ta10,22.049999999999997,0.004521333333333333
Ta10,22.11,0.005535
Ta10,22.17,0.0068913333333333335
Ta10,22.229999999999997,0.008321333333333333
Ta10,22.29,0.009939333333333333
Ta10,22.35,0.011999333333333334
Ta10,22.409999999999997,0.014078
Ta10,22.47,0.016444
Ta10,22.53,0.018883666666666667
Ta10,22.589999999999996,0.021537666666666667
Ta10,22.65,0.024268666666666668
Ta10,22.71,0.02703
Ta10,22.77,0.029872333333333334
Ta10,22.83,0.03249666666666667
Ta10,22.89,0.034819333333333334
Ta10,22.95,0.03716933333333333
Ta10,23.009999999999998,0.03917866666666667
Ta10,23.07,0.04063033333333333
Ta10,23.13,0.041884
Ta10,23.189999999999998,0.04239933333333333
Ta10,23.25,0.04285733333333333
Ta10,23.31,0.04247733333333333
Ta10,23.369999999999997,0.041653333333333334
Ta10,23.43,0.040592333333333334
Ta10,23.490000000000002,0.03894266666666667
Ta10,23.549999999999997,0.036868333333333336
Ta10,23.61,0.034545
Ta10,23.67,0.03193933333333333
Ta10,23.729999999999997,0.029526
Ta10,23.79,0.026659333333333333
Ta10,23.85,0.023882333333333332
Ta10,23.909999999999997,0.021120333333333335
Ta10,23.97,0.018369666666666666
Ta10,24.03,0.016086666666666666
Ta10,24.089999999999996,0.013508666666666667
Ta10,24.15,0.011554
Ta10,24.21,0.009656
Ta10,24.27,0.007872
Ta10,24.33,0.006503666666666666
Ta10,24.39,0.005165
Ta10,24.45,0.004147
Ta10,24.509999999999998,0.0032526666666666667
Ta10,24.57,0.0025223333333333335
Ta10,24.63,0.0019876666666666667
Ta10,24.689999999999998,0.0014773333333333333
Ta10,24.75,0.001103
Ta10,24.81,0.0008113333333333333
Ta10,24.869999999999997,0.0005976666666666667
Ta10,24.93,0.00042533333333333334
Ta10,24.990000000000002,0.000316
Ta10,25.049999999999997,0.00021166666666666667
Ta10,25.11,0.00014833333333333332
Ta10,25.17,0.00010566666666666667
Ta10,25.229999999999997,7.466666666666666e-05
Ta10,25.29,4.966666666666667e-05
Ta10,25.35,3.066666666666667e-05
Ta10,25.409999999999997,1.9e-05
Ta10,25.47,1.4666666666666666e-05
Ta10,25.53,8.333333333333334e-06
Ta10,25.589999999999996,3.6666666666666666e-06
Ta10,25.65,2.333333333333333e-06
Ta10,25.71,1e-06
Ta10,25.77,1.6666666666666667e-06
Ta10,25.83,3.3333333333333335e-07
Ta10,25.89,6.666666666666667e-07
Ta10,25.95,3.3333333333333335e-07
Ta10,26.009999999999998,3.3333333333333335e-07
Ta10,26.07,0.0
Ta10,26.13,3.3333333333333335e-07
Cu10,19.83,3.3333333333333335e-07
Cu10,19.89,0.0
Cu10,19.95,0.0
Cu10,20.009999999999998,6.666666666666667e-07
Cu10,20.07,0.0
Cu10,20.13,0.0
Cu10,20.189999999999998,6.666666666666667e-07
Cu10,20.25,6.666666666666667e-07
Cu10,20.31,1e-06
Cu10,20.369999999999997,2e-06
Cu10,20.43,1e-06
Cu10,20.490000000000002,6.666666666666667e-06
Cu10,20.549999999999997,7.333333333333333e-06
Cu10,20.61,9e-06
Cu10,20.67,2.1333333333333335e-05
Cu10,20.729999999999997,2.4333333333333333e-05
Cu10,20.79,3.3e-05
Cu10,20.85,5.8666666666666665e-05
Cu10,20.909999999999997,9e-05
Cu10,20.97,0.00011166666666666667
Cu10,21.03,0.00017133333333333334
Cu10,21.089999999999996,0.0002486666666666667
Cu10,21.15,0.000337
Cu10,21.21,0.000444
Cu10,21.27,0.000628
Cu10,21.33,0.0008156666666666667
Cu10,21.39,0.001088
Cu10,21.45,0.001419
Cu10,21.509999999999998,0.001886
Cu10,21.57,0.002449
Cu10,21.63,0.0030416666666666665
Cu10,21.689999999999998,0.0038726666666666666
Cu10,21.75,0.004796666666666667
Cu10,21.81,0.005918333333333334
Cu10,21.869999999999997,0.007355
Cu10,21.93,0.008688333333333333
Cu10,21.990000000000002,0.010447666666666666
Cu10,22.049999999999997,0.012480666666666666
Cu10,22.11,0.014485
Cu10,22.17,0.016814666666666665
Cu10,22.229999999999997,0.019377
Cu10,22.29,0.021877
Cu10,22.35,0.024547
Cu10,22.409999999999997,0.027212333333333335
Cu10,22.47,0.02992766666666667
Cu10,22.53,0.032308666666666666
Cu10,22.589999999999996,0.03486966666666667
Cu10,22.65,0.036874333333333335
Cu10,22.71,0.038657
Cu10,22.77,0.04021433333333333
Cu10,22.83,0.041326
Cu10,22.89,0.041919
Cu10,22.95,0.042118
Cu10,23.009999999999998,0.04172633333333333
Cu10,23.07,0.041022666666666666
Cu10,23.13,0.03991833333333333
Cu10,23.189999999999998,0.038164
Cu10,23.25,0.036431333333333336
Cu10,23.31,0.03404633333333333
Cu10,23.369999999999997,0.03161666666666667
Cu10,23.43,0.029124
Cu10,23.490000000000002,0.026436333333333333
Cu10,23.549999999999997,0.023739666666666666
Cu10,23.61,0.020965
Cu10,23.67,0.018338333333333335
Cu10,23.729999999999997,0.01616333333333333
Cu10,23.79,0.013631666666666667
Cu10,23.85,0.011628666666666667
Cu10,23.909999999999997,0.009829
Cu10,23.97,0.007975333333333333
Cu10,24.03,0.006665
Cu10,24.089999999999996,0.005339
Cu10,24.15,0.004292333333333334
Cu10,24.21,0.003405333333333333
Cu10,24.27,0.002645
Cu10,24.33,0.0020523333333333335
Cu10,24.39,0.0015786666666666666
Cu10,24.45,0.0011763333333333333
Cu10,24.509999999999998,0.0008716666666666666
Cu10,24.57,0.0006516666666666667
Cu10,24.63,0.000476
Cu10,24.689999999999998,0.000342
Cu10,24.75,0.00023933333333333334
Cu10,24.81,0.00015766666666666666
Cu10,24.869999999999997,0.000126
Cu10,24.93,8.466666666666666e-05
Cu10,24.990000000000002,5.6666666666666664e-05
Cu10,25.049999999999997,3.6e-05
Cu10,25.11,2.3666666666666668e-05
Cu10,25.17,1.5333333333333334e-05
Cu10,25.229999999999997,9.666666666666667e-06
Cu10,25.29,6.333333333333333e-06
Cu10,25.35,3e-06
Cu10,25.409999999999997,1.6666666666666667e-06
Cu10,25.47,1e-06
Cu10,25.53,1e-06
Cu10,25.589999999999996,1e-06
Cu10,25.65,3.3333333333333335e-07
Cu10,25.71,3.3333333333333335e-07
Cu10,25.77,0.0
Cu10,25.83,0.0
Cu10,25.89,3.3333333333333335e-07
Al_degrader_E6_E5,16.95,9.090909090909091e-08
Al_degrader_E6_E5,17.009999999999998,0.0
Al_degrader_E6_E5,17.07,0.0
Al_degrader_E6_E5,17.13,0.0
Al_degrader_E6_E5,17.189999999999998,9.090909090909091e-08
Al_degrader_E6_E5,17.25,9.090909090909091e-08
Al_degrader_E6_E5,17.310000000000002,0.0
Al_degrader_E6_E5,17.369999999999997,0.0
Al_degrader_E6_E5,17.43,1.8181818181818183e-07
Al_degrader_E6_E5,17.490000000000002,3.6363636363636366e-07
Al_degrader_E6_E5,17.549999999999997,3.6363636363636366e-07
Al_degrader_E6_E5,17.61,1.8181818181818183e-07
Al_degrader_E6_E5,17.67,1e-06
Al_degrader_E6_E5,17.729999999999997,1.6363636363636365e-06
Al_degrader_E6_E5,17.79,2e-06
Al_degrader_E6_E5,17.85,2.4545454545454544e-06
Al_degrader_E6_E5,17.909999999999997,4.090909090909091e-06
Al_degrader_E6_E5,17.97,5.8181818181818185e-06
Al_degrader_E6_E5,18.03,7.272727272727272e-06
Al_degrader_E6_E5,18.09,1.1727272727272728e-05
Al_degrader_E6_E5,18.15,1.6727272727272726e-05
Al_degrader_E6_E5,18.21,2.2545454545454544e-05
Al_degrader_E6_E5,18.27,3.1090909090909094e-05
Al_degrader_E6_E5,18.33,4.0545454545454545e-05
Al_degrader_E6_E5,18.39,5.6454545454545455e-05
Al_degrader_E6_E5,18.45,8.118181818181818e-05
Al_degrader_E6_E5,18.509999999999998,9.718181818181818e-05
Al_degrader_E6_E5,18.57,0.00013254545454545455
Al_degrader_E6_E5,18.63,0.00016709090909090908
Al_degrader_E6_E5,18.689999999999998,0.00021854545454545455
Al_degrader_E6_E5,18.75,0.0002836363636363636
Al_degrader_E6_E5,18.81,0.0003639090909090909
Al_degrader_E6_E5,18.869999999999997,0.00045981818181818184
Al_degrader_E6_E5,18.93,0.0005685454545454545
Al_degrader_E6_E5,18.990000000000002,0.0007187272727272727
Al_degrader_E6_E5,19.049999999999997,0.0008691818181818182
Al_degrader_E6_E5,19.11,0.0010577272727272727
Al_degrader_E6_E5,19.17,0.001303
Al_degrader_E6_E5,19.229999999999997,0.0015744545454545456
Al_degrader_E6_E5,19.29,0.0018833636363636364
Al_degrader_E6_E5,19.35,0.0022017272727272727
Al_degrader_E6_E5,19.409999999999997,0.002606
Al_degrader_E6_E5,19.47,0.003069
Al_degrader_E6_E5,19.53,0.003575
Al_degrader_E6_E5,19.59,0.004073181818181818
Al_degrader_E6_E5,19.65,0.0046563636363636364
Al_degrader_E6_E5,19.71,0.005331545454545454
Al_degrader_E6_E5,19.77,0.006000090909090909
Al_degrader_E6_E5,19.83,0.006722818181818182
Al_degrader_E6_E5,19.89,0.007440181818181818
Al_degrader_E6_E5,19.95,0.00822690909090909
Al_degrader_E6_E5,20.009999999999998,0.009026454545454546
Al_degrader_E6_E5,20.07,0.009885545454545454
Al_degrader_E6_E5,20.13,0.010671454545454545
Al_degrader_E6_E5,20.189999999999998,0.01146209090909091
Al_degrader_E6_E5,20.25,0.012316727272727273
Al_degrader_E6_E5,20.31,0.013099181818181819
Al_degrader_E6_E5,20.369999999999997,0.013912272727272728
Al_degrader_E6_E5,20.43,0.014610181818181819
Al_degrader_E6_E5,20.490000000000002,0.015296
Al_degrader_E6_E5,20.549999999999997,0.016010636363636362
Al_degrader_E6_E5,20.61,0.016691181818181817
Al_degrader_E6_E5,20.67,0.017221363636363635
Al_degrader_E6_E5,20.729999999999997,0.017713363636363635
Al_degrader_E6_E5,20.79,0.01821127272727273
Al_degrader_E6_E5,20.85,0.01871090909090909
Al_degrader_E6_E5,20.909999999999997,0.019133545454545455
Al_degrader_E6_E5,20.97,0.019425181818181817
Al_degrader_E6_E5,21.03,0.01967790909090909
Al_degrader_E6_E5,21.089999999999996,0.02007190909090909
Al_degrader_E6_E5,21.15,0.020283636363636365
Al_degrader_E6_E5,21.21,0.02045572727272727
Al_degrader_E6_E5,21.27,0.02057390909090909
Al_degrader_E6_E5,21.33,0.020783454545454546
Al_degrader_E6_E5,21.39,0.020962545454545456
Al_degrader_E6_E5,21.45,0.021000545454545456
Al_degrader_E6_E5,21.509999999999998,0.02104018181818182
Al_degrader_E6_E5,21.57,0.02107918181818182
Al_degrader_E6_E5,21.63,0.021172727272727274
Al_degrader_E6_E5,21.689999999999998,0.02119581818181818
Al_degrader_E6_E5,21.75,0.02107672727272727
Al_degrader_E6_E5,21.81,0.021020363636363636
Al_degrader_E6_E5,21.869999999999997,0.020994727272727273
Al_degrader_E6_E5,21.93,0.020842636363636365
Al_degrader_E6_E5,21.990000000000002,0.020669363636363635
Al_degrader_E6_E5,22.049999999999997,0.020402
Al_degrader_E6_E5,22.11,0.02022881818181818
Al_degrader_E6_E5,22.17,0.019867727272727273
Al_degrader_E6_E5,22.229999999999997,0.01947809090909091
Al_degrader_E6_E5,22.29,0.01901209090909091
Al_degrader_E6_E5,22.35,0.018519818181818182
Al_degrader_E6_E5,22.409999999999997,0.017980545454545454
Al_degrader_E6_E5,22.47,0.017309818181818183
Al_degrader_E6_E5,22.53,0.016554
Al_degrader_E6_E5,22.589999999999996,0.015815727272727273
Al_degrader_E6_E5,22.65,0.015047818181818181
Al_degrader_E6_E5,22.71,0.014156181818181818
Al_degrader_E6_E5,22.77,0.013191727272727273
Al_degrader_E6_E5,22.83,0.012295636363636364
Al_degrader_E6_E5,22.89,0.01140309090909091
Al_degrader_E6_E5,22.95,0.010400818181818181
Al_degrader_E6_E5,23.009999999999998,0.009423272727272728
Al_degrader_E6_E5,23.07,0.008483
Al_degrader_E6_E5,23.13,0.007625272727272727
Al_degrader_E6_E5,23.189999999999998,0.006729727272727273
Al_degrader_E6_E5,23.25,0.005917272727272728
Al_degrader_E6_E5,23.31,0.005139818181818182
Al_degrader_E6_E5,23.369999999999997,0.004441
Al_degrader_E6_E5,23.43,0.0037845454545454545
Al_degrader_E6_E5,23.490000000000002,0.0032004545454545454
Al_degrader_E6_E5,23.549999999999997,0.0026934545454545453
Al_degrader_E6_E5,23.61,0.002215
Al_degrader_E6_E5,23.67,0.001817
Al_degrader_E6_E5,23.729999999999997,0.0014935454545454546
Al_degrader_E6_E5,23.79,0.0011863636363636364
Al_degrader_E6_E5,23.85,0.0009500909090909091
Al_degrader_E6_E5,23.909999999999997,0.0007461818181818181
Al_degrader_E6_E5,23.97,0.0005799090909090909
Al_degrader_E6_E5,24.03,0.0004459090909090909
Al_degrader_E6_E5,24.089999999999996,0.00034254545454545453
Al_degrader_E6_E5,24.15,0.00026236363636363637
Al_degrader_E6_E5,24.21,0.00019063636363636364
Al_degrader_E6_E5,24.27,0.00013745454545454545
Al_degrader_E6_E5,24.33,0.00010390909090909091
Al_degrader_E6_E5,24.39,7.636363636363636e-05
Al_degrader_E6_E5,24.45,5.1181818181818185e-05
Al_degrader_E6_E5,24.509999999999998,3.436363636363636e-05
Al_degrader_E6_E5,24.57,2.590909090909091e-05
Al_degrader_E6_E5,24.63,1.9e-05
Al_degrader_E6_E5,24.689999999999998,1.3090909090909092e-05
Al_degrader_E6_E5,24.75,7.727272727272727e-06
Al_degrader_E6_E5,24.81,4.909090909090909e-06
Al_degrader_E6_E5,24.869999999999997,3.909090909090909e-06
Al_degrader_E6_E5,24.93,2.4545454545454544e-06
Al_degrader_E6_E5,24.990000000000002,1.3636363636363636e-06
Al_degrader_E6_E5,25.049999999999997,5.454545454545455e-07
Al_degrader_E6_E5,25.11,5.454545454545455e-07
Al_degrader_E6_E5,25.17,1.8181818181818183e-07
Al_degrader_E6_E5,25.229999999999997,1.8181818181818183e-07
Al_degrader_E6_E5,25.29,1.8181818181818183e-07
Al_degrader_E6_E5,25.35,1.8181818181818183e-07
Al_degrader_E6_E5,25.409999999999997,0.0
Al_degrader_E6_E5,25.47,0.0
Al_degrader_E6_E5,25.53,0.0
Al_degrader_E6_E5,25.589999999999996,9.090909090909091e-08
Ni11,16.53,3.3333333333333335e-07
Ni11,16.59,0.0
Ni11,16.65,0.0
Ni11,16.71,6.666666666666667e-07
Ni11,16.77,0.0
Ni11,16.83,0.0
Ni11,16.89,0.0
Ni11,16.95,6.666666666666667e-07
Ni11,17.009999999999998,6.666666666666667e-07
Ni11,17.07,1e-06
Ni11,17.13,1.6666666666666667e-06
Ni11,17.189999999999998,1e-06
Ni11,17.25,5.333333333333334e-06
Ni11,17.310000000000002,6.333333333333333e-06
Ni11,17.369999999999997,6.666666666666667e-06
Ni11,17.43,1.2666666666666667e-05
Ni11,17.490000000000002,2.0333333333333334e-05
Ni11,17.549999999999997,2.2e-05
Ni11,17.61,2.966666666666667e-05
Ni11,17.67,5e-05
Ni11,17.729999999999997,7.433333333333333e-05
Ni11,17.79,9.166666666666667e-05
Ni11,17.85,0.00012633333333333333
Ni11,17.909999999999997,0.00017366666666666667
Ni11,17.97,0.0002446666666666667
Ni11,18.03,0.00032166666666666666
Ni11,18.09,0.00040533333333333334
Ni11,18.15,0.0005426666666666667
Ni11,18.21,0.0006943333333333334
Ni11,18.27,0.0008956666666666667
Ni11,18.33,0.001126
Ni11,18.39,0.0014456666666666667
Ni11,18.45,0.001855
Ni11,18.509999999999998,0.002307
Ni11,18.57,0.0028176666666666667
Ni11,18.63,0.0034666666666666665
Ni11,18.689999999999998,0.004170333333333333
Ni11,18.75,0.005019666666666667
Ni11,18.81,0.0061586666666666665
Ni11,18.869999999999997,0.007155
Ni11,18.93,0.008459
Ni11,18.990000000000002,0.009877
Ni11,19.049999999999997,0.011566
Ni11,19.11,0.013118
Ni11,19.17,0.014935666666666667
Ni11,19.229999999999997,0.017004666666666668
Ni11,19.29,0.019074666666666667
Ni11,19.35,0.021101666666666668
Ni11,19.409999999999997,0.023189333333333333
Ni11,19.47,0.02537733333333333
Ni11,19.53,0.027568333333333334
Ni11,19.59,0.029261333333333334
Ni11,19.65,0.031387
Ni11,19.71,0.032974
Ni11,19.77,0.034479
Ni11,19.83,0.035716
Ni11,19.89,0.036658666666666666
Ni11,19.95,0.037397
Ni11,20.009999999999998,0.03759066666666667
Ni11,20.07,0.03766133333333333
Ni11,20.13,0.037180333333333336
Ni11,20.189999999999998,0.03667633333333333
Ni11,20.25,0.03567133333333333
Ni11,20.31,0.034202666666666666
Ni11,20.369999999999997,0.032878333333333336
Ni11,20.43,0.031094333333333335
Ni11,20.490000000000002,0.02913666666666667
Ni11,20.549999999999997,0.027124666666666665
Ni11,20.61,0.024992
Ni11,20.67,0.02286233333333333
Ni11,20.729999999999997,0.020755
Ni11,20.79,0.018426
Ni11,20.85,0.016379333333333333
Ni11,20.909999999999997,0.014643666666666666
Ni11,20.97,0.012583
Ni11,21.03,0.010801333333333333
Ni11,21.089999999999996,0.009415333333333333
Ni11,21.15,0.007841333333333334
Ni11,21.21,0.0065643333333333335
Ni11,21.27,0.005572333333333334
Ni11,21.33,0.004516333333333333
Ni11,21.39,0.003693
Ni11,21.45,0.002986
Ni11,21.509999999999998,0.002388
Ni11,21.57,0.001902
Ni11,21.63,0.001478
Ni11,21.689999999999998,0.0011496666666666667
Ni11,21.75,0.0008926666666666667
Ni11,21.81,0.0006836666666666666
Ni11,21.869999999999997,0.000509
Ni11,21.93,0.0003716666666666667
Ni11,21.990000000000002,0.00028566666666666665
Ni11,22.049999999999997,0.000206
Ni11,22.11,0.00013366666666666667
Ni11,22.17,0.00011333333333333333
Ni11,22.229999999999997,8.3e-05
Ni11,22.29,4.933333333333333e-05
Ni11,22.35,3.8333333333333334e-05
Ni11,22.409999999999997,2.5e-05
Ni11,22.47,1.4e-05
Ni11,22.53,1.3666666666666667e-05
Ni11,22.589999999999996,8e-06
Ni11,22.65,3.6666666666666666e-06
Ni11,22.71,3e-06
Ni11,22.77,1e-06
Ni11,22.83,1e-06
Ni11,22.89,1.3333333333333334e-06
Ni11,22.95,3.3333333333333335e-07
Ni11,23.009999999999998,6.666666666666667e-07
Ni11,23.07,3.3333333333333335e-07
Ni11,23.13,0.0
Ni11,23.189999999999998,0.0
Ni11,23.25,3.3333333333333335e-07
Sn11,16.409999999999997,3.3333333333333335e-07
Sn11,16.47,3.3333333333333335e-07
Sn11,16.53,3.3333333333333335e-07
Sn11,16.59,3.3333333333333335e-07
Sn11,16.65,3.3333333333333335e-07
Sn11,16.71,3.3333333333333335e-07
Sn11,16.77,0.0
Sn11,16.83,0.0
Sn11,16.89,6.666666666666667e-07
Sn11,16.95,1.6666666666666667e-06
Sn11,17.009999999999998,3.3333333333333333e-06
Sn11,17.07,3e-06
Sn11,17.13,6.666666666666667e-06
Sn11,17.189999999999998,1.0333333333333333e-05
Sn11,17.25,1.5333333333333334e-05
Sn11,17.310000000000002,2.0666666666666666e-05
Sn11,17.369999999999997,2.9e-05
Sn11,17.43,4.1e-05
Sn11,17.490000000000002,5.266666666666667e-05
Sn11,17.549999999999997,7.3e-05
Sn11,17.61,0.00010633333333333333
Sn11,17.67,0.00015433333333333334
Sn11,17.729999999999997,0.00020966666666666668
Sn11,17.79,0.00027666666666666665
Sn11,17.85,0.00036333333333333335
Sn11,17.909999999999997,0.000502
Sn11,17.97,0.000641
Sn11,18.03,0.000827
Sn11,18.09,0.0010446666666666666
Sn11,18.15,0.001319
Sn11,18.21,0.0016853333333333334
Sn11,18.27,0.0021383333333333332
Sn11,18.33,0.0027043333333333333
Sn11,18.39,0.0033276666666666667
Sn11,18.45,0.004085333333333333
Sn11,18.509999999999998,0.004948
Sn11,18.57,0.005885666666666667
Sn11,18.63,0.006970333333333334
Sn11,18.689999999999998,0.008327
Sn11,18.75,0.009835333333333333
Sn11,18.81,0.011421333333333334
Sn11,18.869999999999997,0.01312
Sn11,18.93,0.015094666666666666
Sn11,18.990000000000002,0.017140666666666665
Sn11,19.049999999999997,0.019315
Sn11,19.11,0.02137966666666667
Sn11,19.17,0.023625666666666666
Sn11,19.229999999999997,0.025855666666666666
Sn11,19.29,0.028105
Sn11,19.35,0.030226666666666666
Sn11,19.409999999999997,0.032127666666666665
Sn11,19.47,0.03385
Sn11,19.53,0.035439
Sn11,19.59,0.03651633333333333
Sn11,19.65,0.037562
Sn11,19.71,0.038097
Sn11,19.77,0.038478
Sn11,19.83,0.038392666666666665
Sn11,19.89,0.038101
Sn11,19.95,0.037301666666666664
Sn11,20.009999999999998,0.036072
Sn11,20.07,0.034479
Sn11,20.13,0.032911333333333334
Sn11,20.189999999999998,0.031192333333333332
Sn11,20.25,0.029032333333333334
Sn11,20.31,0.026847
Sn11,20.369999999999997,0.024545666666666667
Sn11,20.43,0.022414333333333335
Sn11,20.490000000000002,0.020234333333333333
Sn11,20.549999999999997,0.017938666666666665
Sn11,20.61,0.015834
Sn11,20.67,0.013781666666666666
Sn11,20.729999999999997,0.011913666666666666
Sn11,20.79,0.010185666666666668
Sn11,20.85,0.008672
Sn11,20.909999999999997,0.007357
Sn11,20.97,0.0060543333333333334
Sn11,21.03,0.005013666666666666
Sn11,21.089999999999996,0.004066666666666666
Sn11,21.15,0.0032786666666666667
Sn11,21.21,0.002619666666666667
Sn11,21.27,0.002093666666666667
Sn11,21.33,0.001668
Sn11,21.39,0.0012806666666666667
Sn11,21.45,0.0009916666666666667
Sn11,21.509999999999998,0.0007383333333333334
Sn11,21.57,0.0005586666666666666
Sn11,21.63,0.0003953333333333333
Sn11,21.689999999999998,0.00029433333333333335
Sn11,21.75,0.00022366666666666666
Sn11,21.81,0.00017133333333333334
Sn11,21.869999999999997,0.00012233333333333334
Sn11,21.93,8.233333333333333e-05
Sn11,21.990000000000002,5.5333333333333334e-05
Sn11,22.049999999999997,3.9666666666666664e-05
Sn11,22.11,2.6666666666666667e-05
Sn11,22.17,2.3666666666666668e-05
Sn11,22.229999999999997,1.2333333333333333e-05
Sn11,22.29,5.666666666666667e-06
Sn11,22.35,3.3333333333333333e-06
Sn11,22.409999999999997,2.333333333333333e-06
Sn11,22.47,2e-06
Sn11,22.53,1.3333333333333334e-06
Sn11,22.589999999999996,1e-06
Sn11,22.65,6.666666666666667e-07
Sn11,22.71,3.3333333333333335e-07
Sn11,22.77,0.0
Sn11,22.83,3.3333333333333335e-07
Sn11,22.89,6.666666666666667e-07
Ta11,16.049999999999997,3.3333333333333335e-07
Ta11,16.11,0.0
Ta11,16.17,0.0
Ta11,16.229999999999997,6.666666666666667e-07
Ta11,16.29,0.0
Ta11,16.35,0.0
Ta11,16.409999999999997,6.666666666666667e-07
Ta11,16.47,0.0
Ta11,16.53,6.666666666666667e-07
Ta11,16.59,1.3333333333333334e-06
Ta11,16.65,1.6666666666666667e-06
Ta11,16.71,6.666666666666667e-07
Ta11,16.77,5.333333333333334e-06
Ta11,16.83,7.333333333333333e-06
Ta11,16.89,6e-06
Ta11,16.95,1.3666666666666667e-05
Ta11,17.009999999999998,2.1e-05
Ta11,17.07,2.2666666666666668e-05
Ta11,17.13,3.2e-05
Ta11,17.189999999999998,5.2e-05
Ta11,17.25,7.233333333333333e-05
Ta11,17.310000000000002,9.466666666666667e-05
Ta11,17.369999999999997,0.000123
Ta11,17.43,0.00018133333333333334
Ta11,17.490000000000002,0.00023866666666666668
Ta11,17.549999999999997,0.000315
Ta11,17.61,0.0004116666666666667
Ta11,17.67,0.0005153333333333334
Ta11,17.729999999999997,0.000694
Ta11,17.79,0.0008663333333333333
Ta11,17.85,0.001141
Ta11,17.909999999999997,0.0014293333333333332
Ta11,17.97,0.0017676666666666667
Ta11,18.03,0.002279
Ta11,18.09,0.002745
Ta11,18.15,0.0033613333333333334
Ta11,18.21,0.004086666666666666
Ta11,18.27,0.004919333333333334
Ta11,18.33,0.005952
Ta11,18.39,0.006991666666666667
Ta11,18.45,0.008226333333333334
Ta11,18.509999999999998,0.009657333333333334
Ta11,18.57,0.011130333333333334
Ta11,18.63,0.012780666666666666
Ta11,18.689999999999998,0.014694666666666667
Ta11,18.75,0.016542666666666667
Ta11,18.81,0.018516666666666667
Ta11,18.869999999999997,0.020655333333333335
Ta11,18.93,0.022730666666666666
Ta11,18.990000000000002,0.024854
Ta11,19.049999999999997,0.026898333333333333
Ta11,19.11,0.02888
Ta11,19.17,0.030754
Ta11,19.229999999999997,0.032468666666666667
Ta11,19.29,0.033989
Ta11,19.35,0.035302
Ta11,19.409999999999997,0.036247666666666664
Ta11,19.47,0.036961
Ta11,19.53,0.037512
Ta11,19.59,0.037464333333333336
Ta11,19.65,0.037045
Ta11,19.71,0.036551
Ta11,19.77,0.035837666666666664
Ta11,19.83,0.03440133333333333
Ta11,19.89,0.033092333333333335
Ta11,19.95,0.03144366666666667
Ta11,20.009999999999998,0.029478
Ta11,20.07,0.027527333333333334
Ta11,20.13,0.025513
Ta11,20.189999999999998,0.023363666666666668
Ta11,20.25,0.021189
Ta11,20.31,0.019103666666666668
Ta11,20.369999999999997,0.016841333333333333
Ta11,20.43,0.015096
Ta11,20.490000000000002,0.013197666666666667
Ta11,20.549999999999997,0.011256333333333333
Ta11,20.61,0.009854
Ta11,20.67,0.008292
Ta11,20.729999999999997,0.006949333333333333
Ta11,20.79,0.005888
Ta11,20.85,0.004824
Ta11,20.909999999999997,0.003947666666666667
Ta11,20.97,0.003258
Ta11,21.03,0.0025813333333333335
Ta11,21.089999999999996,0.002069
Ta11,21.15,0.0016276666666666666
Ta11,21.21,0.0012863333333333333
Ta11,21.27,0.0009883333333333333
Ta11,21.33,0.0007433333333333334
Ta11,21.39,0.0005746666666666667
Ta11,21.45,0.0004333333333333333
Ta11,21.509999999999998,0.00031233333333333335
Ta11,21.57,0.000233
Ta11,21.63,0.00016433333333333333
Ta11,21.689999999999998,0.00013166666666666668
Ta11,21.75,9.066666666666667e-05
Ta11,21.81,6.3e-05
Ta11,21.869999999999997,4.4666666666666664e-05
Ta11,21.93,3.1333333333333334e-05
Ta11,21.990000000000002,1.9666666666666666e-05
Ta11,22.049999999999997,1.3333333333333333e-05
Ta11,22.11,8.666666666666666e-06
Ta11,22.17,6.333333333333333e-06
Ta11,22.229999999999997,3.3333333333333333e-06
Ta11,22.29,2e-06
Ta11,22.35,1e-06
Ta11,22.409999999999997,1.3333333333333334e-06
Ta11,22.47,6.666666666666667e-07
Ta11,22.53,6.666666666666667e-07
Ta11,22.589999999999996,3.3333333333333335e-07
Ta11,22.65,3.3333333333333335e-07
Ta11,22.71,0.0
Ta11,22.77,0.0
Ta11,22.83,3.3333333333333335e-07
Cu11,15.57,3.3333333333333335e-07
Cu11,15.629999999999999,0.0
Cu11,15.69,0.0
Cu11,15.75,0.0
Cu11,15.809999999999999,6.666666666666667e-07
Cu11,15.87,0.0
Cu11,15.93,0.0
Cu11,15.989999999999998,0.0
Cu11,16.049999999999997,6.666666666666667e-07
Cu11,16.11,6.666666666666667e-07
Cu11,16.17,1e-06
Cu11,16.229999999999997,2e-06
Cu11,16.29,3.3333333333333335e-07
Cu11,16.35,4.666666666666666e-06
Cu11,16.409999999999997,6e-06
Cu11,16.47,7e-06
Cu11,16.53,9.666666666666667e-06
Cu11,16.59,1.8666666666666665e-05
Cu11,16.65,2.2666666666666668e-05
Cu11,16.71,2.4e-05
Cu11,16.77,4.4e-05
Cu11,16.83,6.133333333333334e-05
Cu11,16.89,8.566666666666667e-05
Cu11,16.95,0.00010433333333333334
Cu11,17.009999999999998,0.00014933333333333332
Cu11,17.07,0.000206
Cu11,17.13,0.00026
Cu11,17.189999999999998,0.00034666666666666667
Cu11,17.25,0.0004426666666666667
Cu11,17.310000000000002,0.0005856666666666666
Cu11,17.369999999999997,0.000736
Cu11,17.43,0.0009596666666666667
Cu11,17.490000000000002,0.0011803333333333334
Cu11,17.549999999999997,0.0015296666666666666
Cu11,17.61,0.0018746666666666666
Cu11,17.67,0.0023093333333333334
Cu11,17.729999999999997,0.002864666666666667
Cu11,17.79,0.003479
Cu11,17.85,0.004167666666666667
Cu11,17.909999999999997,0.004997666666666667
Cu11,17.97,0.006058333333333333
Cu11,18.03,0.007047333333333333
Cu11,18.09,0.008196333333333333
Cu11,18.15,0.009659333333333334
Cu11,18.21,0.011113666666666668
Cu11,18.27,0.012659666666666666
Cu11,18.33,0.014448666666666667
Cu11,18.39,0.01633333333333333
Cu11,18.45,0.018222
Cu11,18.509999999999998,0.020202333333333333
Cu11,18.57,0.022161333333333335
Cu11,18.63,0.024340666666666667
Cu11,18.689999999999998,0.026317333333333335
Cu11,18.75,0.028102666666666668
Cu11,18.81,0.029973
Cu11,18.869999999999997,0.031731666666666665
Cu11,18.93,0.03317333333333333
Cu11,18.990000000000002,0.03435933333333333
Cu11,19.049999999999997,0.035383
Cu11,19.11,0.03621066666666667
Cu11,19.17,0.03660666666666667
Cu11,19.229999999999997,0.036748333333333334
Cu11,19.29,0.03652766666666667
Cu11,19.35,0.036074666666666665
Cu11,19.409999999999997,0.035375
Cu11,19.47,0.03420466666666667
Cu11,19.53,0.03296533333333333
Cu11,19.59,0.031499
Cu11,19.65,0.029586333333333333
Cu11,19.71,0.027754666666666667
Cu11,19.77,0.025949
Cu11,19.83,0.023700333333333334
Cu11,19.89,0.021799
Cu11,19.95,0.019729333333333335
Cu11,20.009999999999998,0.017513666666666667
Cu11,20.07,0.015687333333333334
Cu11,20.13,0.013959333333333334
Cu11,20.189999999999998,0.011956333333333333
Cu11,20.25,0.010407
Cu11,20.31,0.009057333333333334
Cu11,20.369999999999997,0.007510333333333333
Cu11,20.43,0.0063623333333333336
Cu11,20.490000000000002,0.005408333333333334
Cu11,20.549999999999997,0.004416333333333334
Cu11,20.61,0.0036133333333333334
Cu11,20.67,0.0029433333333333334
Cu11,20.729999999999997,0.002361666666666667
Cu11,20.79,0.001888
Cu11,20.85,0.001487
Cu11,20.909999999999997,0.0011483333333333332
Cu11,20.97,0.000914
Cu11,21.03,0.0007003333333333333
Cu11,21.089999999999996,0.0005213333333333333
Cu11,21.15,0.00038733333333333333
Cu11,21.21,0.000303
Cu11,21.27,0.00021266666666666667
Cu11,21.33,0.00014966666666666665
Cu11,21.39,0.00012266666666666668
Cu11,21.45,8.533333333333334e-05
Cu11,21.509999999999998,6.1e-05
Cu11,21.57,4.133333333333333e-05
Cu11,21.63,2.8333333333333332e-05
Cu11,21.689999999999998,1.9e-05
Cu11,21.75,1.3666666666666667e-05
Cu11,21.81,8e-06
Cu11,21.869999999999997,6.333333333333333e-06
Cu11,21.93,2.666666666666667e-06
Cu11,21.990000000000002,2e-06
Cu11,22.049999999999997,1.3333333333333334e-06
Cu11,22.11,6.666666666666667e-07
Cu11,22.17,1e-06
Cu11,22.229999999999997,6.666666666666667e-07
Cu11,22.29,3.3333333333333335e-07
Cu11,22.35,3.3333333333333335e-07
Cu11,22.409999999999997,0.0
Cu11,22.47,0.0
Cu11,22.53,3.3333333333333335e-07
Al_degrader_E8_E7,11.969999999999999,6.666666666666667e-08
Al_degrader_E8_E7,12.03,0.0
Al_degrader_E8_E7,12.09,0.0
Al_degrader_E8_E7,12.149999999999999,0.0
Al_degrader_E8_E7,12.21,0.0
Al_degrader_E8_E7,12.27,1.3333333333333334e-07
Al_degrader_E8_E7,12.329999999999998,0.0
Al_degrader_E8_E7,12.39,0.0
Al_degrader_E8_E7,12.45,0.0
Al_degrader_E8_E7,12.51,0.0
Al_degrader_E8_E7,12.57,2e-07
Al_degrader_E8_E7,12.629999999999999,1.3333333333333334e-07
Al_degrader_E8_E7,12.69,1.3333333333333334e-07
Al_degrader_E8_E7,12.75,2.6666666666666667e-07
Al_degrader_E8_E7,12.809999999999999,2e-07
Al_degrader_E8_E7,12.870000000000001,5.333333333333333e-07
Al_degrader_E8_E7,12.93,8.666666666666667e-07
Al_degrader_E8_E7,12.989999999999998,1.0666666666666667e-06
Al_degrader_E8_E7,13.05,1.1333333333333334e-06
Al_degrader_E8_E7,13.11,1.3333333333333334e-06
Al_degrader_E8_E7,13.169999999999998,2.6e-06
Al_degrader_E8_E7,13.23,3.6666666666666666e-06
Al_degrader_E8_E7,13.29,3.8e-06
Al_degrader_E8_E7,13.35,4.666666666666666e-06
Al_degrader_E8_E7,13.41,7.533333333333333e-06
Al_degrader_E8_E7,13.469999999999999,9.8e-06
Al_degrader_E8_E7,13.53,1.42e-05
Al_degrader_E8_E7,13.59,1.42e-05
Al_degrader_E8_E7,13.649999999999999,2.0133333333333333e-05
Al_degrader_E8_E7,13.71,2.94e-05
Al_degrader_E8_E7,13.77,3.506666666666667e-05
Al_degrader_E8_E7,13.829999999999998,4.5333333333333335e-05
Al_degrader_E8_E7,13.89,5.546666666666667e-05
Al_degrader_E8_E7,13.95,6.933333333333333e-05
Al_degrader_E8_E7,14.009999999999998,8.786666666666667e-05
Al_degrader_E8_E7,14.07,0.00010633333333333333
Al_degrader_E8_E7,14.129999999999999,0.0001384
Al_degrader_E8_E7,14.19,0.00016933333333333332
Al_degrader_E8_E7,14.25,0.0001996
Al_degrader_E8_E7,14.309999999999999,0.0002538666666666667
Al_degrader_E8_E7,14.37,0.0003074
Al_degrader_E8_E7,14.43,0.0003748
Al_degrader_E8_E7,14.489999999999998,0.0004425333333333333
Al_degrader_E8_E7,14.55,0.0005382
Al_degrader_E8_E7,14.61,0.0006357333333333334
Al_degrader_E8_E7,14.669999999999998,0.0007474
Al_degrader_E8_E7,14.73,0.0008832666666666667
Al_degrader_E8_E7,14.79,0.0010475333333333334
Al_degrader_E8_E7,14.85,0.0012262666666666667
Al_degrader_E8_E7,14.91,0.0013978666666666667
Al_degrader_E8_E7,14.969999999999999,0.0016302
Al_degrader_E8_E7,15.03,0.0018902
Al_degrader_E8_E7,15.09,0.0021705333333333333
Al_degrader_E8_E7,15.149999999999999,0.0024448666666666667
Al_degrader_E8_E7,15.21,0.002789666666666667
Al_degrader_E8_E7,15.27,0.0031558
Al_degrader_E8_E7,15.329999999999998,0.0035350666666666667
Al_degrader_E8_E7,15.39,0.0039556
Al_degrader_E8_E7,15.45,0.004396
Al_degrader_E8_E7,15.509999999999998,0.004853866666666666
Al_degrader_E8_E7,15.57,0.005383
Al_degrader_E8_E7,15.629999999999999,0.005897533333333333
Al_degrader_E8_E7,15.69,0.0064252
Al_degrader_E8_E7,15.75,0.0069512
Al_degrader_E8_E7,15.809999999999999,0.007586333333333333
Al_degrader_E8_E7,15.87,0.008147
Al_degrader_E8_E7,15.93,0.008728666666666666
Al_degrader_E8_E7,15.989999999999998,0.009308066666666667
Al_degrader_E8_E7,16.049999999999997,0.009934333333333333
Al_degrader_E8_E7,16.11,0.0105084
Al_degrader_E8_E7,16.17,0.011119133333333333
Al_degrader_E8_E7,16.229999999999997,0.011686666666666666
Al_degrader_E8_E7,16.29,0.012236066666666667
Al_degrader_E8_E7,16.35,0.012769133333333333
Al_degrader_E8_E7,16.409999999999997,0.013268066666666667
Al_degrader_E8_E7,16.47,0.013829133333333334
Al_degrader_E8_E7,16.53,0.014262466666666666
Al_degrader_E8_E7,16.59,0.0147068
Al_degrader_E8_E7,16.65,0.0151012
Al_degrader_E8_E7,16.71,0.015549666666666666
Al_degrader_E8_E7,16.77,0.015897133333333334
Al_degrader_E8_E7,16.83,0.016207
Al_degrader_E8_E7,16.89,0.016526733333333335
Al_degrader_E8_E7,16.95,0.0168268
Al_degrader_E8_E7,17.009999999999998,0.017054466666666667
Al_degrader_E8_E7,17.07,0.017280666666666666
Al_degrader_E8_E7,17.13,0.017509666666666666
Al_degrader_E8_E7,17.189999999999998,0.017657866666666668
Al_degrader_E8_E7,17.25,0.017848466666666667
Al_degrader_E8_E7,17.310000000000002,0.0179692
Al_degrader_E8_E7,17.369999999999997,0.0181378
Al_degrader_E8_E7,17.43,0.018216
Al_degrader_E8_E7,17.490000000000002,0.0183096
Al_degrader_E8_E7,17.549999999999997,0.018386266666666668
Al_degrader_E8_E7,17.61,0.018418733333333333
Al_degrader_E8_E7,17.67,0.018448666666666665
Al_degrader_E8_E7,17.729999999999997,0.018518533333333333
Al_degrader_E8_E7,17.79,0.0185268
Al_degrader_E8_E7,17.85,0.0184532
Al_degrader_E8_E7,17.909999999999997,0.018444333333333333
Al_degrader_E8_E7,17.97,0.0183714
Al_degrader_E8_E7,18.03,0.0182726
Al_degrader_E8_E7,18.09,0.0181452
Al_degrader_E8_E7,18.15,0.01804
Al_degrader_E8_E7,18.21,0.017838733333333332
Al_degrader_E8_E7,18.27,0.0176082
Al_degrader_E8_E7,18.33,0.017368933333333333
Al_degrader_E8_E7,18.39,0.0170442
Al_degrader_E8_E7,18.45,0.016685
Al_degrader_E8_E7,18.509999999999998,0.0163258
Al_degrader_E8_E7,18.57,0.0158752
Al_degrader_E8_E7,18.63,0.015424133333333333
Al_degrader_E8_E7,18.689999999999998,0.0148946
Al_degrader_E8_E7,18.75,0.014334066666666668
Al_degrader_E8_E7,18.81,0.0137214
Al_degrader_E8_E7,18.869999999999997,0.0130754
Al_degrader_E8_E7,18.93,0.012435533333333334
Al_degrader_E8_E7,18.990000000000002,0.011742733333333333
Al_degrader_E8_E7,19.049999999999997,0.010988733333333334
Al_degrader_E8_E7,19.11,0.010263266666666666
Al_degrader_E8_E7,19.17,0.009592866666666667
Al_degrader_E8_E7,19.229999999999997,0.008822533333333334
Al_degrader_E8_E7,19.29,0.008103933333333334
Al_degrader_E8_E7,19.35,0.007375866666666666
Al_degrader_E8_E7,19.409999999999997,0.006683466666666667
Al_degrader_E8_E7,19.47,0.0059914
Al_degrader_E8_E7,19.53,0.005405
Al_degrader_E8_E7,19.59,0.004772666666666666
Al_degrader_E8_E7,19.65,0.0041694666666666665
Al_degrader_E8_E7,19.71,0.003708
Al_degrader_E8_E7,19.77,0.0032132666666666665
Al_degrader_E8_E7,19.83,0.0027346
Al_degrader_E8_E7,19.89,0.0023528
Al_degrader_E8_E7,19.95,0.0020248666666666665
Al_degrader_E8_E7,20.009999999999998,0.0016711333333333334
Al_degrader_E8_E7,20.07,0.0014034666666666667
Al_degrader_E8_E7,20.13,0.0011751333333333332
Al_degrader_E8_E7,20.189999999999998,0.0009548
Al_degrader_E8_E7,20.25,0.000779
Al_degrader_E8_E7,20.31,0.000635
Al_degrader_E8_E7,20.369999999999997,0.0005066666666666667
Al_degrader_E8_E7,20.43,0.0004032
Al_degrader_E8_E7,20.490000000000002,0.00031813333333333333
Al_degrader_E8_E7,20.549999999999997,0.0002488
Al_degrader_E8_E7,20.61,0.00019126666666666666
Al_degrader_E8_E7,20.67,0.00014866666666666666
Al_degrader_E8_E7,20.729999999999997,0.00011006666666666667
Al_degrader_E8_E7,20.79,8.5e-05
Al_degrader_E8_E7,20.85,6.48e-05
Al_degrader_E8_E7,20.909999999999997,4.493333333333333e-05
Al_degrader_E8_E7,20.97,3.293333333333333e-05
Al_degrader_E8_E7,21.03,2.5733333333333333e-05
Al_degrader_E8_E7,21.089999999999996,1.8133333333333335e-05
Al_degrader_E8_E7,21.15,1.3066666666666666e-05
Al_degrader_E8_E7,21.21,9.6e-06
Al_degrader_E8_E7,21.27,6.333333333333333e-06
Al_degrader_E8_E7,21.33,4.266666666666667e-06
Al_degrader_E8_E7,21.39,2.8e-06
Al_degrader_E8_E7,21.45,2.266666666666667e-06
Al_degrader_E8_E7,21.509999999999998,1.4666666666666667e-06
Al_degrader_E8_E7,21.57,5.333333333333333e-07
Al_degrader_E8_E7,21.63,4.6666666666666666e-07
Al_degrader_E8_E7,21.689999999999998,2.6666666666666667e-07
Al_degrader_E8_E7,21.75,2e-07
Al_degrader_E8_E7,21.81,2e-07
Al_degrader_E8_E7,21.869999999999997,1.3333333333333334e-07
Al_degrader_E8_E7,21.93,6.666666666666667e-08
Al_degrader_E8_E7,21.990000000000002,6.666666666666667e-08
Al_degrader_E8_E7,22.049999999999997,0.0
Al_degrader_E8_E7,22.11,0.0
Al_degrader_E8_E7,22.17,6.666666666666667e-08
Ni12,11.370000000000001,3.3333333333333335e-07
Ni12,11.43,0.0
Ni12,11.489999999999998,0.0
Ni12,11.55,0.0
Ni12,11.61,0.0
Ni12,11.669999999999998,6.666666666666667e-07
Ni12,11.73,0.0
Ni12,11.79,0.0
Ni12,11.85,0.0
Ni12,11.91,0.0
Ni12,11.969999999999999,6.666666666666667e-07
Ni12,12.03,6.666666666666667e-07
Ni12,12.09,6.666666666666667e-07
Ni12,12.149999999999999,6.666666666666667e-07
Ni12,12.21,1.3333333333333334e-06
Ni12,12.27,3.3333333333333335e-07
Ni12,12.329999999999998,3.3333333333333333e-06
Ni12,12.39,5.333333333333334e-06
Ni12,12.45,4e-06
Ni12,12.51,6.333333333333333e-06
Ni12,12.57,6e-06
Ni12,12.629999999999999,1.4e-05
Ni12,12.69,1.7666666666666668e-05
Ni12,12.75,1.8666666666666665e-05
Ni12,12.809999999999999,2.2666666666666668e-05
Ni12,12.870000000000001,3.566666666666667e-05
Ni12,12.93,4.7e-05
Ni12,12.989999999999998,6.9e-05
Ni12,13.05,6.7e-05
Ni12,13.11,9.1e-05
Ni12,13.169999999999998,0.00013033333333333332
Ni12,13.23,0.00016433333333333333
Ni12,13.29,0.00019733333333333332
Ni12,13.35,0.00026766666666666665
Ni12,13.41,0.00030333333333333335
Ni12,13.469999999999999,0.000366
Ni12,13.53,0.0004963333333333333
Ni12,13.59,0.000581
Ni12,13.649999999999999,0.0007083333333333334
Ni12,13.71,0.0008983333333333333
Ni12,13.77,0.001051
Ni12,13.829999999999998,0.001281
Ni12,13.89,0.001553
Ni12,13.95,0.0018683333333333334
Ni12,14.009999999999998,0.002170333333333333
Ni12,14.07,0.002599
Ni12,14.129999999999999,0.003014666666666667
Ni12,14.19,0.0035633333333333333
Ni12,14.25,0.004102
Ni12,14.309999999999999,0.004868666666666667
Ni12,14.37,0.005539666666666667
Ni12,14.43,0.006299333333333333
Ni12,14.489999999999998,0.007212666666666667
Ni12,14.55,0.008207333333333334
Ni12,14.61,0.009366333333333334
Ni12,14.669999999999998,0.010338
Ni12,14.73,0.011590333333333333
Ni12,14.79,0.012824333333333333
Ni12,14.85,0.014230333333333333
Ni12,14.91,0.015652666666666665
Ni12,14.969999999999999,0.017052
Ni12,15.03,0.018412
Ni12,15.09,0.019987
Ni12,15.149999999999999,0.021517333333333333
Ni12,15.21,0.022917
Ni12,15.27,0.024089666666666665
Ni12,15.329999999999998,0.025598
Ni12,15.39,0.026787333333333333
Ni12,15.45,0.027933333333333334
Ni12,15.509999999999998,0.028678
Ni12,15.57,0.029787
Ni12,15.629999999999999,0.030449
Ni12,15.69,0.030968333333333334
Ni12,15.75,0.03121466666666667
Ni12,15.809999999999999,0.031377666666666665
Ni12,15.87,0.03127633333333334
Ni12,15.93,0.030996333333333334
Ni12,15.989999999999998,0.030765666666666667
Ni12,16.049999999999997,0.029978333333333333
Ni12,16.11,0.029233666666666668
Ni12,16.17,0.02813
Ni12,16.229999999999997,0.027264
Ni12,16.29,0.025910333333333334
Ni12,16.35,0.024584333333333333
Ni12,16.409999999999997,0.023183
Ni12,16.47,0.021733333333333334
Ni12,16.53,0.02011
Ni12,16.59,0.018765666666666667
Ni12,16.65,0.017179333333333335
Ni12,16.71,0.015577
Ni12,16.77,0.014137
Ni12,16.83,0.012851333333333333
Ni12,16.89,0.0114
Ni12,16.95,0.010021666666666667
Ni12,17.009999999999998,0.008876
Ni12,17.07,0.007925666666666666
Ni12,17.13,0.006733
Ni12,17.189999999999998,0.005798666666666666
Ni12,17.25,0.005044666666666667
Ni12,17.310000000000002,0.004302333333333333
Ni12,17.369999999999997,0.003589666666666667
Ni12,17.43,0.0030403333333333333
Ni12,17.490000000000002,0.002535
Ni12,17.549999999999997,0.002078
Ni12,17.61,0.0017103333333333332
Ni12,17.67,0.001422
Ni12,17.729999999999997,0.0011206666666666667
Ni12,17.79,0.000923
Ni12,17.85,0.000719
Ni12,17.909999999999997,0.000576
Ni12,17.97,0.00044866666666666666
Ni12,18.03,0.0003443333333333333
Ni12,18.09,0.000278
Ni12,18.15,0.00020033333333333334
Ni12,18.21,0.00015533333333333333
Ni12,18.27,0.00011633333333333333
Ni12,18.33,9.566666666666667e-05
Ni12,18.39,7.333333333333333e-05
Ni12,18.45,4.566666666666667e-05
Ni12,18.509999999999998,3.6666666666666666e-05
Ni12,18.57,2.6e-05
Ni12,18.63,1.9666666666666666e-05
Ni12,18.689999999999998,1.2e-05
Ni12,18.75,1.0666666666666667e-05
Ni12,18.81,6.666666666666667e-06
Ni12,18.869999999999997,4e-06
Ni12,18.93,3e-06
Ni12,18.990000000000002,6.666666666666667e-07
Ni12,19.049999999999997,1e-06
Ni12,19.11,1e-06
Ni12,19.17,1e-06
Ni12,19.229999999999997,6.666666666666667e-07
Ni12,19.29,0.0
Ni12,19.35,3.3333333333333335e-07
Ni12,19.409999999999997,3.3333333333333335e-07
Ni12,19.47,0.0
Ni12,19.53,0.0
Ni12,19.59,3.3333333333333335e-07
Sn12,11.25,3.3333333333333335e-07
Sn12,11.309999999999999,3.3333333333333335e-07
Sn12,11.370000000000001,3.3333333333333335e-07
Sn12,11.43,0.0
Sn12,11.489999999999998,0.0
Sn12,11.55,3.3333333333333335e-07
Sn12,11.61,3.3333333333333335e-07
Sn12,11.669999999999998,3.3333333333333335e-07
Sn12,11.73,0.0
Sn12,11.79,0.0
Sn12,11.85,3.3333333333333335e-07
Sn12,11.91,6.666666666666667e-07
Sn12,11.969999999999999,1.3333333333333334e-06
Sn12,12.03,2.666666666666667e-06
Sn12,12.09,1.6666666666666667e-06
Sn12,12.149999999999999,3.6666666666666666e-06
Sn12,12.21,5e-06
Sn12,12.27,7.333333333333333e-06
Sn12,12.329999999999998,1e-05
Sn12,12.39,1.4333333333333334e-05
Sn12,12.45,1.8e-05
Sn12,12.51,2.1666666666666667e-05
Sn12,12.57,2.9333333333333333e-05
Sn12,12.629999999999999,3.566666666666667e-05
Sn12,12.69,4.766666666666667e-05
Sn12,12.75,5.933333333333334e-05
Sn12,12.809999999999999,8.433333333333333e-05
Sn12,12.870000000000001,0.000109
Sn12,12.93,0.000144
Sn12,12.989999999999998,0.000178
Sn12,13.05,0.00022166666666666667
Sn12,13.11,0.00027833333333333334
Sn12,13.169999999999998,0.0003556666666666667
Sn12,13.23,0.0004366666666666667
Sn12,13.29,0.000534
Sn12,13.35,0.0006666666666666666
Sn12,13.41,0.000764
Sn12,13.469999999999999,0.000939
Sn12,13.53,0.0012106666666666667
Sn12,13.59,0.0014096666666666667
Sn12,13.649999999999999,0.0017156666666666668
Sn12,13.71,0.002080666666666667
Sn12,13.77,0.0024686666666666668
Sn12,13.829999999999998,0.0028966666666666667
Sn12,13.89,0.0034193333333333333
Sn12,13.95,0.004008
Sn12,14.009999999999998,0.004593
Sn12,14.07,0.005292333333333333
Sn12,14.129999999999999,0.006064333333333333
Sn12,14.19,0.007033
Sn12,14.25,0.008037
Sn12,14.309999999999999,0.009065
Sn12,14.37,0.010204333333333333
Sn12,14.43,0.011392666666666667
Sn12,14.489999999999998,0.012803333333333333
Sn12,14.55,0.014180666666666666
Sn12,14.61,0.015607333333333334
Sn12,14.669999999999998,0.017062666666666667
Sn12,14.73,0.018495333333333332
Sn12,14.79,0.020060666666666668
Sn12,14.85,0.021582
Sn12,14.91,0.023039
Sn12,14.969999999999999,0.024554666666666666
Sn12,15.03,0.025849
Sn12,15.09,0.027342333333333333
Sn12,15.149999999999999,0.028301
Sn12,15.21,0.029315666666666667
Sn12,15.27,0.030152
Sn12,15.329999999999998,0.030925333333333332
Sn12,15.39,0.03146566666666667
Sn12,15.45,0.031703
Sn12,15.509999999999998,0.031835
Sn12,15.57,0.031848666666666664
Sn12,15.629999999999999,0.031726
Sn12,15.69,0.031227666666666667
Sn12,15.75,0.030478
Sn12,15.809999999999999,0.029487333333333334
Sn12,15.87,0.028445333333333333
Sn12,15.93,0.027335
Sn12,15.989999999999998,0.026182
Sn12,16.049999999999997,0.024775
Sn12,16.11,0.023197666666666665
Sn12,16.17,0.021600666666666667
Sn12,16.229999999999997,0.020100666666666666
Sn12,16.29,0.018605
Sn12,16.35,0.017088666666666665
Sn12,16.409999999999997,0.015476666666666666
Sn12,16.47,0.013931
Sn12,16.53,0.012455333333333334
Sn12,16.59,0.011136
Sn12,16.65,0.009750333333333333
Sn12,16.71,0.008595333333333333
Sn12,16.77,0.007553666666666667
Sn12,16.83,0.006539666666666667
Sn12,16.89,0.005566333333333334
Sn12,16.95,0.004729333333333334
Sn12,17.009999999999998,0.004034
Sn12,17.07,0.0033996666666666667
Sn12,17.13,0.0028313333333333333
Sn12,17.189999999999998,0.0023276666666666667
Sn12,17.25,0.0019246666666666668
Sn12,17.310000000000002,0.0015796666666666667
Sn12,17.369999999999997,0.001301
Sn12,17.43,0.001035
Sn12,17.490000000000002,0.0008313333333333333
Sn12,17.549999999999997,0.0006463333333333333
Sn12,17.61,0.000507
Sn12,17.67,0.00038833333333333336
Sn12,17.729999999999997,0.00029133333333333333
Sn12,17.79,0.00022833333333333334
Sn12,17.85,0.00018166666666666667
Sn12,17.909999999999997,0.00014266666666666667
Sn12,17.97,0.00010833333333333333
Sn12,18.03,7.233333333333333e-05
Sn12,18.09,5.566666666666667e-05
Sn12,18.15,4.233333333333333e-05
Sn12,18.21,3.1666666666666666e-05
Sn12,18.27,2.4e-05
Sn12,18.33,1.7e-05
Sn12,18.39,1.0666666666666667e-05
Sn12,18.45,6e-06
Sn12,18.509999999999998,3.3333333333333333e-06
Sn12,18.57,2e-06
Sn12,18.63,1.6666666666666667e-06
Sn12,18.689999999999998,1.6666666666666667e-06
Sn12,18.75,1.3333333333333334e-06
Sn12,18.81,1e-06
Sn12,18.869999999999997,6.666666666666667e-07
Sn12,18.93,3.3333333333333335e-07
Sn12,18.990000000000002,0.0
Sn12,19.049999999999997,3.3333333333333335e-07
Sn12,19.11,3.3333333333333335e-07
Sn12,19.17,3.3333333333333335e-07
Ta12,10.71,3.3333333333333335e-07
Ta12,10.77,0.0
Ta12,10.829999999999998,0.0
Ta12,10.89,0.0
Ta12,10.95,0.0
Ta12,11.01,3.3333333333333335e-07
Ta12,11.07,3.3333333333333335e-07
Ta12,11.129999999999999,0.0
Ta12,11.19,0.0
Ta12,11.25,3.3333333333333335e-07
Ta12,11.309999999999999,3.3333333333333335e-07
Ta12,11.370000000000001,3.3333333333333335e-07
Ta12,11.43,3.3333333333333335e-07
Ta12,11.489999999999998,1e-06
Ta12,11.55,6.666666666666667e-07
Ta12,11.61,1.6666666666666667e-06
Ta12,11.669999999999998,1e-06
Ta12,11.73,4e-06
Ta12,11.79,4.666666666666666e-06
Ta12,11.85,5.333333333333334e-06
Ta12,11.91,5.333333333333334e-06
Ta12,11.969999999999999,9.666666666666667e-06
Ta12,12.03,1.6e-05
Ta12,12.09,1.6e-05
Ta12,12.149999999999999,2.1333333333333335e-05
Ta12,12.21,2.4e-05
Ta12,12.27,3.866666666666667e-05
Ta12,12.329999999999998,4.566666666666667e-05
Ta12,12.39,6.6e-05
Ta12,12.45,7.8e-05
Ta12,12.51,9.366666666666666e-05
Ta12,12.57,0.00012966666666666666
Ta12,12.629999999999999,0.00016833333333333332
Ta12,12.69,0.000187
Ta12,12.75,0.000267
Ta12,12.809999999999999,0.00031466666666666665
Ta12,12.870000000000001,0.00038
Ta12,12.93,0.0004713333333333333
Ta12,12.989999999999998,0.000577
Ta12,13.05,0.0006856666666666667
Ta12,13.11,0.00086
Ta12,13.169999999999998,0.0010143333333333332
Ta12,13.23,0.0012586666666666666
Ta12,13.29,0.0014686666666666667
Ta12,13.35,0.0018133333333333332
Ta12,13.41,0.002050666666666667
Ta12,13.469999999999999,0.002484
Ta12,13.53,0.002964333333333333
Ta12,13.59,0.00333
Ta12,13.649999999999999,0.00395
Ta12,13.71,0.004549333333333333
Ta12,13.77,0.005314
Ta12,13.829999999999998,0.005955
Ta12,13.89,0.006793
Ta12,13.95,0.007806
Ta12,14.009999999999998,0.008715333333333334
Ta12,14.07,0.009859
Ta12,14.129999999999999,0.010958333333333334
Ta12,14.19,0.012206
Ta12,14.25,0.01348
Ta12,14.309999999999999,0.014715
Ta12,14.37,0.016266333333333334
Ta12,14.43,0.017528
Ta12,14.489999999999998,0.019001333333333332
Ta12,14.55,0.020506333333333335
Ta12,14.61,0.021822
Ta12,14.669999999999998,0.023264666666666666
Ta12,14.73,0.024423666666666666
Ta12,14.79,0.025770333333333333
Ta12,14.85,0.026852333333333332
Ta12,14.91,0.02791
Ta12,14.969999999999999,0.028832333333333335
Ta12,15.03,0.029539333333333334
Ta12,15.09,0.030352666666666667
Ta12,15.149999999999999,0.030463666666666667
Ta12,15.21,0.030975666666666665
Ta12,15.27,0.030948
Ta12,15.329999999999998,0.030804666666666668
Ta12,15.39,0.030509
Ta12,15.45,0.02992766666666667
Ta12,15.509999999999998,0.029464
Ta12,15.57,0.028510333333333332
Ta12,15.629999999999999,0.027626666666666667
Ta12,15.69,0.026536
Ta12,15.75,0.025185666666666665
Ta12,15.809999999999999,0.023887333333333333
Ta12,15.87,0.022616333333333332
Ta12,15.93,0.021095333333333334
Ta12,15.989999999999998,0.019661666666666668
Ta12,16.049999999999997,0.018124666666666667
Ta12,16.11,0.016701666666666667
Ta12,16.17,0.015169666666666666
Ta12,16.229999999999997,0.013737666666666667
Ta12,16.29,0.012465333333333333
Ta12,16.35,0.011198666666666668
Ta12,16.409999999999997,0.009718333333333334
Ta12,16.47,0.008714333333333333
Ta12,16.53,0.007678333333333333
Ta12,16.59,0.006581333333333333
Ta12,16.65,0.005717
Ta12,16.71,0.004965666666666667
Ta12,16.77,0.004216666666666666
Ta12,16.83,0.0035403333333333333
Ta12,16.89,0.002997333333333333
Ta12,16.95,0.0025026666666666665
Ta12,17.009999999999998,0.002086
Ta12,17.07,0.0017106666666666668
Ta12,17.13,0.0014096666666666667
Ta12,17.189999999999998,0.0011356666666666668
Ta12,17.25,0.000912
Ta12,17.310000000000002,0.0007386666666666667
Ta12,17.369999999999997,0.0005866666666666667
Ta12,17.43,0.00045633333333333333
Ta12,17.490000000000002,0.00036
Ta12,17.549999999999997,0.00027233333333333336
Ta12,17.61,0.000216
Ta12,17.67,0.00016366666666666667
Ta12,17.729999999999997,0.000119
Ta12,17.79,9.566666666666667e-05
Ta12,17.85,7.966666666666666e-05
Ta12,17.909999999999997,5.1666666666666664e-05
Ta12,17.97,3.733333333333333e-05
Ta12,18.03,2.966666666666667e-05
Ta12,18.09,2.1e-05
Ta12,18.15,1.4666666666666666e-05
Ta12,18.21,1.0666666666666667e-05
Ta12,18.27,7.666666666666667e-06
Ta12,18.33,4e-06
Ta12,18.39,2.666666666666667e-06
Ta12,18.45,2.333333333333333e-06
Ta12,18.509999999999998,6.666666666666667e-07
Ta12,18.57,1e-06
Ta12,18.63,1e-06
Ta12,18.689999999999998,3.3333333333333335e-07
Ta12,18.75,6.666666666666667e-07
Ta12,18.81,3.3333333333333335e-07
Ta12,18.869999999999997,3.3333333333333335e-07
Ta12,18.93,0.0
Ta12,18.990000000000002,0.0
Ta12,19.049999999999997,3.3333333333333335e-07
Cu12,10.169999999999998,3.3333333333333335e-07
Cu12,10.23,0.0
Cu12,10.29,0.0
Cu12,10.35,0.0
Cu12,10.41,0.0
Cu12,10.469999999999999,6.666666666666667e-07
Cu12,10.53,0.0
Cu12,10.59,0.0
Cu12,10.649999999999999,0.0
Cu12,10.71,3.3333333333333335e-07
Cu12,10.77,3.3333333333333335e-07
Cu12,10.829999999999998,3.3333333333333335e-07
Cu12,10.89,6.666666666666667e-07
Cu12,10.95,6.666666666666667e-07
Cu12,11.01,6.666666666666667e-07
Cu12,11.07,1.3333333333333334e-06
Cu12,11.129999999999999,1e-06
Cu12,11.19,4e-06
Cu12,11.25,5e-06
Cu12,11.309999999999999,4.666666666666666e-06
Cu12,11.370000000000001,4.666666666666666e-06
Cu12,11.43,8e-06
Cu12,11.489999999999998,1.3666666666666667e-05
Cu12,11.55,1.5666666666666667e-05
Cu12,11.61,1.7666666666666668e-05
Cu12,11.669999999999998,1.9666666666666666e-05
Cu12,11.73,3.3e-05
Cu12,11.79,4.2e-05
Cu12,11.85,5.5333333333333334e-05
Cu12,11.91,6.5e-05
Cu12,11.969999999999999,7.8e-05
Cu12,12.03,0.00010666666666666667
Cu12,12.09,0.00013566666666666667
Cu12,12.149999999999999,0.00017366666666666667
Cu12,12.21,0.00019566666666666666
Cu12,12.27,0.00026
Cu12,12.329999999999998,0.000317
Cu12,12.39,0.0003733333333333333
Cu12,12.45,0.00047433333333333333
Cu12,12.51,0.000583
Cu12,12.57,0.0006666666666666666
Cu12,12.629999999999999,0.0008496666666666666
Cu12,12.69,0.0009833333333333332
Cu12,12.75,0.0012173333333333333
Cu12,12.809999999999999,0.00141
Cu12,12.870000000000001,0.001731
Cu12,12.93,0.0019606666666666665
Cu12,12.989999999999998,0.002353
Cu12,13.05,0.0027403333333333333
Cu12,13.11,0.003173333333333333
Cu12,13.169999999999998,0.003648
Cu12,13.23,0.004275333333333333
Cu12,13.29,0.004949333333333333
Cu12,13.35,0.005562
Cu12,13.41,0.006294
Cu12,13.469999999999999,0.007181333333333333
Cu12,13.53,0.008137666666666666
Cu12,13.59,0.009057333333333334
Cu12,13.649999999999999,0.010098333333333334
Cu12,13.71,0.011248
Cu12,13.77,0.012419
Cu12,13.829999999999998,0.013655333333333334
Cu12,13.89,0.014917
Cu12,13.95,0.016272666666666668
Cu12,14.009999999999998,0.017564
Cu12,14.07,0.018934
Cu12,14.129999999999999,0.020314
Cu12,14.19,0.021587666666666668
Cu12,14.25,0.022909666666666665
Cu12,14.309999999999999,0.02401966666666667
Cu12,14.37,0.025316
Cu12,14.43,0.026350333333333333
Cu12,14.489999999999998,0.027252
Cu12,14.55,0.028189333333333334
Cu12,14.61,0.02880833333333333
Cu12,14.669999999999998,0.029530666666666667
Cu12,14.73,0.02981
Cu12,14.79,0.030152333333333333
Cu12,14.85,0.030116666666666667
Cu12,14.91,0.029977333333333335
Cu12,14.969999999999999,0.029748333333333335
Cu12,15.03,0.029308
Cu12,15.09,0.028885333333333332
Cu12,15.149999999999999,0.027908333333333334
Cu12,15.21,0.027048666666666665
Cu12,15.27,0.026162666666666667
Cu12,15.329999999999998,0.024854333333333332
Cu12,15.39,0.023687333333333335
Cu12,15.45,0.022295
Cu12,15.509999999999998,0.021087333333333333
Cu12,15.57,0.019579333333333334
Cu12,15.629999999999999,0.018233
Cu12,15.69,0.016903333333333333
Cu12,15.75,0.015362666666666667
Cu12,15.809999999999999,0.013946
Cu12,15.87,0.012708666666666667
Cu12,15.93,0.011574
Cu12,15.989999999999998,0.010117
Cu12,16.049999999999997,0.008968666666666666
Cu12,16.11,0.008057666666666666
Cu12,16.17,0.007018333333333333
Cu12,16.229999999999997,0.00604
Cu12,16.29,0.005241333333333333
Cu12,16.35,0.004602666666666666
Cu12,16.409999999999997,0.003833333333333333
Cu12,16.47,0.003265333333333333
Cu12,16.53,0.0027853333333333332
Cu12,16.59,0.0023033333333333334
Cu12,16.65,0.001935
Cu12,16.71,0.001597
Cu12,16.77,0.001296
Cu12,16.83,0.0010526666666666666
Cu12,16.89,0.0008733333333333334
Cu12,16.95,0.0006743333333333333
Cu12,17.009999999999998,0.0005636666666666666
Cu12,17.07,0.0004226666666666667
Cu12,17.13,0.000337
Cu12,17.189999999999998,0.00027133333333333333
Cu12,17.25,0.00019966666666666668
Cu12,17.310000000000002,0.00015966666666666665
Cu12,17.369999999999997,0.00011
Cu12,17.43,0.0001
Cu12,17.490000000000002,7.133333333333334e-05
Cu12,17.549999999999997,5.1e-05
Cu12,17.61,4e-05
Cu12,17.67,2.8333333333333332e-05
Cu12,17.729999999999997,2e-05
Cu12,17.79,1.2666666666666667e-05
Cu12,17.85,1.1333333333333334e-05
Cu12,17.909999999999997,7.333333333333333e-06
Cu12,17.97,5.666666666666667e-06
Cu12,18.03,2.666666666666667e-06
Cu12,18.09,2.333333333333333e-06
Cu12,18.15,1e-06
Cu12,18.21,1e-06
Cu12,18.27,1e-06
Cu12,18.33,3.3333333333333335e-07
Cu12,18.39,6.666666666666667e-07
Cu12,18.45,3.3333333333333335e-07
Cu12,18.509999999999998,3.3333333333333335e-07
Cu12,18.57,0.0
Cu12,18.63,0.0
Cu12,18.689999999999998,0.0
Cu12,18.75,3.3333333333333335e-07
Al_degrader_E9,7.59,8.333333333333334e-08
Al_degrader_E9,7.65,0.0
Al_degrader_E9,7.709999999999999,0.0
Al_degrader_E9,7.77,0.0
Al_degrader_E9,7.83,0.0
Al_degrader_E9,7.89,8.333333333333334e-08
Al_degrader_E9,7.949999999999999,0.0
Al_degrader_E9,8.01,8.333333333333334e-08
Al_degrader_E9,8.07,0.0
Al_degrader_E9,8.129999999999999,8.333333333333334e-08
Al_degrader_E9,8.19,0.0
Al_degrader_E9,8.25,8.333333333333334e-08
Al_degrader_E9,8.309999999999999,0.0
Al_degrader_E9,8.370000000000001,8.333333333333334e-08
Al_degrader_E9,8.43,8.333333333333334e-08
Al_degrader_E9,8.489999999999998,1.6666666666666668e-07
Al_degrader_E9,8.55,1.6666666666666668e-07
Al_degrader_E9,8.61,1.6666666666666668e-07
Al_degrader_E9,8.67,2.5e-07
Al_degrader_E9,8.73,4.1666666666666667e-07
Al_degrader_E9,8.79,1.6666666666666668e-07
Al_degrader_E9,8.85,8.333333333333333e-07
Al_degrader_E9,8.91,1e-06
Al_degrader_E9,8.969999999999999,1.1666666666666666e-06
Al_degrader_E9,9.030000000000001,1e-06
Al_degrader_E9,9.09,1.6666666666666667e-06
Al_degrader_E9,9.149999999999999,2.5e-06
Al_degrader_E9,9.21,2.5833333333333333e-06
Al_degrader_E9,9.27,3.1666666666666667e-06
Al_degrader_E9,9.329999999999998,4.25e-06
Al_degrader_E9,9.39,5.583333333333333e-06
Al_degrader_E9,9.45,5.5e-06
Al_degrader_E9,9.51,8.333333333333334e-06
Al_degrader_E9,9.57,1.05e-05
Al_degrader_E9,9.629999999999999,1.2583333333333334e-05
Al_degrader_E9,9.69,1.575e-05
Al_degrader_E9,9.75,2.025e-05
Al_degrader_E9,9.809999999999999,2.3916666666666668e-05
Al_degrader_E9,9.870000000000001,2.8833333333333334e-05
Al_degrader_E9,9.93,3.683333333333333e-05
Al_degrader_E9,9.989999999999998,4.158333333333333e-05
Al_degrader_E9,10.05,5.3083333333333334e-05
Al_degrader_E9,10.11,6.816666666666667e-05
Al_degrader_E9,10.169999999999998,7.9e-05
Al_degrader_E9,10.23,9.408333333333333e-05
Al_degrader_E9,10.29,0.00010866666666666666
Al_degrader_E9,10.35,0.00014258333333333332
Al_degrader_E9,10.41,0.00015366666666666667
Al_degrader_E9,10.469999999999999,0.00018283333333333332
Al_degrader_E9,10.53,0.0002385
Al_degrader_E9,10.59,0.00026158333333333334
Al_degrader_E9,10.649999999999999,0.00031516666666666667
Al_degrader_E9,10.71,0.00037183333333333334
Al_degrader_E9,10.77,0.0004489166666666667
Al_degrader_E9,10.829999999999998,0.0005119166666666667
Al_degrader_E9,10.89,0.0005916666666666667
Al_degrader_E9,10.95,0.000717
Al_degrader_E9,11.01,0.000799
Al_degrader_E9,11.07,0.0009238333333333334
Al_degrader_E9,11.129999999999999,0.0010803333333333333
Al_degrader_E9,11.19,0.0012214166666666667
Al_degrader_E9,11.25,0.0014111666666666667
Al_degrader_E9,11.309999999999999,0.0016200833333333334
Al_degrader_E9,11.370000000000001,0.0018375
Al_degrader_E9,11.43,0.00207475
Al_degrader_E9,11.489999999999998,0.0023409166666666665
Al_degrader_E9,11.55,0.002662583333333333
Al_degrader_E9,11.61,0.0029694166666666666
Al_degrader_E9,11.669999999999998,0.0033388333333333334
Al_degrader_E9,11.73,0.003755333333333333
Al_degrader_E9,11.79,0.0041445
Al_degrader_E9,11.85,0.004590416666666666
Al_degrader_E9,11.91,0.005122666666666667
Al_degrader_E9,11.969999999999999,0.005610833333333333
Al_degrader_E9,12.03,0.006155
Al_degrader_E9,12.09,0.006793083333333333
Al_degrader_E9,12.149999999999999,0.00735725
Al_degrader_E9,12.21,0.008031
Al_degrader_E9,12.27,0.008740666666666667
Al_degrader_E9,12.329999999999998,0.00938725
Al_degrader_E9,12.39,0.010157
Al_degrader_E9,12.45,0.010894833333333333
Al_degrader_E9,12.51,0.011652
Al_degrader_E9,12.57,0.01244925
Al_degrader_E9,12.629999999999999,0.01321925
Al_degrader_E9,12.69,0.0140275
Al_degrader_E9,12.75,0.014846666666666666
Al_degrader_E9,12.809999999999999,0.015605083333333334
Al_degrader_E9,12.870000000000001,0.016408833333333334
Al_degrader_E9,12.93,0.017186666666666666
Al_degrader_E9,12.989999999999998,0.01791925
Al_degrader_E9,13.05,0.018666583333333334
Al_degrader_E9,13.11,0.019336416666666665
Al_degrader_E9,13.169999999999998,0.02000575
Al_degrader_E9,13.23,0.020573083333333332
Al_degrader_E9,13.29,0.021188083333333333
Al_degrader_E9,13.35,0.0217105
Al_degrader_E9,13.41,0.022134333333333332
Al_degrader_E9,13.469999999999999,0.0225215
Al_degrader_E9,13.53,0.022873416666666667
Al_degrader_E9,13.59,0.023139583333333335
Al_degrader_E9,13.649999999999999,0.023310666666666667
Al_degrader_E9,13.71,0.023426083333333333
Al_degrader_E9,13.77,0.023484
Al_degrader_E9,13.829999999999998,0.023480833333333333
Al_degrader_E9,13.89,0.023295
Al_degrader_E9,13.95,0.02315591666666667
Al_degrader_E9,14.009999999999998,0.022900833333333332
Al_degrader_E9,14.07,0.02252875
Al_degrader_E9,14.129999999999999,0.022084416666666665
Al_degrader_E9,14.19,0.0216305
Al_degrader_E9,14.25,0.021078666666666666
Al_degrader_E9,14.309999999999999,0.0204685
Al_degrader_E9,14.37,0.0197475
Al_degrader_E9,14.43,0.019085166666666667
Al_degrader_E9,14.489999999999998,0.018332
Al_degrader_E9,14.55,0.0174615
Al_degrader_E9,14.61,0.01667125
Al_degrader_E9,14.669999999999998,0.015747916666666667
Al_degrader_E9,14.73,0.014918666666666667
Al_degrader_E9,14.79,0.014041083333333333
Al_degrader_E9,14.85,0.013068
Al_degrader_E9,14.91,0.012211333333333333
Al_degrader_E9,14.969999999999999,0.011289666666666667
Al_degrader_E9,15.03,0.01043325
Al_degrader_E9,15.09,0.009628
Al_degrader_E9,15.149999999999999,0.008752083333333334
Al_degrader_E9,15.21,0.007978583333333334
Al_degrader_E9,15.27,0.007217333333333333
Al_degrader_E9,15.329999999999998,0.00649025
Al_degrader_E9,15.39,0.00583825
Al_degrader_E9,15.45,0.00516875
Al_degrader_E9,15.509999999999998,0.004620666666666667
Al_degrader_E9,15.57,0.00405
Al_degrader_E9,15.629999999999999,0.00354675
Al_degrader_E9,15.69,0.0031039166666666667
Al_degrader_E9,15.75,0.0026865
Al_degrader_E9,15.809999999999999,0.0023148333333333332
Al_degrader_E9,15.87,0.0019733333333333334
Al_degrader_E9,15.93,0.0017080833333333334
Al_degrader_E9,15.989999999999998,0.001432
Al_degrader_E9,16.049999999999997,0.00120725
Al_degrader_E9,16.11,0.0010058333333333334
Al_degrader_E9,16.17,0.0008486666666666666
Al_degrader_E9,16.229999999999997,0.00069375
Al_degrader_E9,16.29,0.0005759166666666666
Al_degrader_E9,16.35,0.0004689166666666667
Al_degrader_E9,16.409999999999997,0.00037516666666666666
Al_degrader_E9,16.47,0.0003084166666666667
Al_degrader_E9,16.53,0.00024608333333333334
Al_degrader_E9,16.59,0.00019425
Al_degrader_E9,16.65,0.00015125
Al_degrader_E9,16.71,0.00012108333333333333
Al_degrader_E9,16.77,9.458333333333333e-05
Al_degrader_E9,16.83,7.183333333333334e-05
Al_degrader_E9,16.89,5.683333333333333e-05
Al_degrader_E9,16.95,4.0333333333333336e-05
Al_degrader_E9,17.009999999999998,3.4e-05
Al_degrader_E9,17.07,2.5583333333333333e-05
Al_degrader_E9,17.13,1.8416666666666666e-05
Al_degrader_E9,17.189999999999998,1.4333333333333334e-05
Al_degrader_E9,17.25,9.5e-06
Al_degrader_E9,17.310000000000002,8.083333333333333e-06
Al_degrader_E9,17.369999999999997,4.333333333333333e-06
Al_degrader_E9,17.43,4.583333333333333e-06
Al_degrader_E9,17.490000000000002,2.5833333333333333e-06
Al_degrader_E9,17.549999999999997,2e-06
Al_degrader_E9,17.61,1e-06
Al_degrader_E9,17.67,7.5e-07
Al_degrader_E9,17.729999999999997,4.1666666666666667e-07
Al_degrader_E9,17.79,4.1666666666666667e-07
Al_degrader_E9,17.85,3.3333333333333335e-07
Al_degrader_E9,17.909999999999997,1.6666666666666668e-07
Al_degrader_E9,17.97,2.5e-07
Al_degrader_E9,18.03,8.333333333333334e-08
Al_degrader_E9,18.09,1.6666666666666668e-07
Al_degrader_E9,18.15,0.0
Al_degrader_E9,18.21,8.333333333333334e-08
Al_degrader_E9,18.27,0.0
Al_degrader_E9,18.33,8.333333333333334e-08
Ni13,6.75,2e-07
Ni13,6.81,0.0
Ni13,6.869999999999999,0.0
Ni13,6.93,0.0
Ni13,6.99,2e-07
Ni13,7.05,0.0
Ni13,7.109999999999999,0.0
Ni13,7.17,0.0
Ni13,7.2299999999999995,4e-07
Ni13,7.289999999999999,0.0
Ni13,7.35,0.0
Ni13,7.41,4e-07
Ni13,7.47,0.0
Ni13,7.529999999999999,0.0
Ni13,7.59,2e-07
Ni13,7.65,2e-07
Ni13,7.709999999999999,4e-07
Ni13,7.77,2e-07
Ni13,7.83,6e-07
Ni13,7.89,6e-07
Ni13,7.949999999999999,1e-06
Ni13,8.01,6e-07
Ni13,8.07,8e-07
Ni13,8.129999999999999,2.2e-06
Ni13,8.19,3e-06
Ni13,8.25,2.2e-06
Ni13,8.309999999999999,3.6e-06
Ni13,8.370000000000001,4.8e-06
Ni13,8.43,5.2e-06
Ni13,8.489999999999998,7.6e-06
Ni13,8.55,9.8e-06
Ni13,8.61,1.06e-05
Ni13,8.67,1.4e-05
Ni13,8.73,1.56e-05
Ni13,8.79,1.8e-05
Ni13,8.85,2.68e-05
Ni13,8.91,3.02e-05
Ni13,8.969999999999999,3.74e-05
Ni13,9.030000000000001,5.08e-05
Ni13,9.09,5.02e-05
Ni13,9.149999999999999,6.86e-05
Ni13,9.21,8.66e-05
Ni13,9.27,0.0001016
Ni13,9.329999999999998,0.0001172
Ni13,9.39,0.0001438
Ni13,9.45,0.0001842
Ni13,9.51,0.0002032
Ni13,9.57,0.0002458
Ni13,9.629999999999999,0.0002904
Ni13,9.69,0.0003582
Ni13,9.75,0.0004012
Ni13,9.809999999999999,0.0004724
Ni13,9.870000000000001,0.0005714
Ni13,9.93,0.000673
Ni13,9.989999999999998,0.0007414
Ni13,10.05,0.000914
Ni13,10.11,0.001058
Ni13,10.169999999999998,0.0012172
Ni13,10.23,0.0014
Ni13,10.29,0.0016104
Ni13,10.35,0.0018914
Ni13,10.41,0.0021238
Ni13,10.469999999999999,0.002388
Ni13,10.53,0.0027862
Ni13,10.59,0.0031152
Ni13,10.649999999999999,0.0035088
Ni13,10.71,0.004029
Ni13,10.77,0.004452
Ni13,10.829999999999998,0.0050178
Ni13,10.89,0.0056
Ni13,10.95,0.0061792
Ni13,11.01,0.006895
Ni13,11.07,0.0076316
Ni13,11.129999999999999,0.0083492
Ni13,11.19,0.0092124
Ni13,11.25,0.010046
Ni13,11.309999999999999,0.0109936
Ni13,11.370000000000001,0.0119094
Ni13,11.43,0.0128396
Ni13,11.489999999999998,0.0138384
Ni13,11.55,0.0148624
Ni13,11.61,0.0159418
Ni13,11.669999999999998,0.0169562
Ni13,11.73,0.0179176
Ni13,11.79,0.0190202
Ni13,11.85,0.0198988
Ni13,11.91,0.0209354
Ni13,11.969999999999999,0.0218494
Ni13,12.03,0.0226024
Ni13,12.09,0.0235906
Ni13,12.149999999999999,0.0240744
Ni13,12.21,0.0248736
Ni13,12.27,0.025374
Ni13,12.329999999999998,0.025746
Ni13,12.39,0.0262742
Ni13,12.45,0.0263838
Ni13,12.51,0.0265246
Ni13,12.57,0.026507
Ni13,12.629999999999999,0.0263548
Ni13,12.69,0.0261934
Ni13,12.75,0.0257546
Ni13,12.809999999999999,0.0253414
Ni13,12.870000000000001,0.0248536
Ni13,12.93,0.0240384
Ni13,12.989999999999998,0.0233364
Ni13,13.05,0.0224662
Ni13,13.11,0.0215434
Ni13,13.169999999999998,0.0205788
Ni13,13.23,0.0195634
Ni13,13.29,0.0185142
Ni13,13.35,0.0173786
Ni13,13.41,0.0163746
Ni13,13.469999999999999,0.0151426
Ni13,13.53,0.0140662
Ni13,13.59,0.0129808
Ni13,13.649999999999999,0.011931
Ni13,13.71,0.0109028
Ni13,13.77,0.0098636
Ni13,13.829999999999998,0.0089434
Ni13,13.89,0.0079836
Ni13,13.95,0.0071678
Ni13,14.009999999999998,0.0063956
Ni13,14.07,0.005593
Ni13,14.129999999999999,0.0049646
Ni13,14.19,0.0043428
Ni13,14.25,0.0038068
Ni13,14.309999999999999,0.0032688
Ni13,14.37,0.0028094
Ni13,14.43,0.0024208
Ni13,14.489999999999998,0.0020544
Ni13,14.55,0.001742
Ni13,14.61,0.001465
Ni13,14.669999999999998,0.0012306
Ni13,14.73,0.0010264
Ni13,14.79,0.0008434
Ni13,14.85,0.0006984
Ni13,14.91,0.0005672
Ni13,14.969999999999999,0.0004608
Ni13,15.03,0.0003702
Ni13,15.09,0.0002976
Ni13,15.149999999999999,0.000244
Ni13,15.21,0.000182
Ni13,15.27,0.0001522
Ni13,15.329999999999998,0.0001078
Ni13,15.39,9.76e-05
Ni13,15.45,6.88e-05
Ni13,15.509999999999998,6.12e-05
Ni13,15.57,3.92e-05
Ni13,15.629999999999999,3.46e-05
Ni13,15.69,2.2e-05
Ni13,15.75,1.86e-05
Ni13,15.809999999999999,1.22e-05
Ni13,15.87,9.8e-06
Ni13,15.93,7.6e-06
Ni13,15.989999999999998,4.2e-06
Ni13,16.049999999999997,3.4e-06
Ni13,16.11,1.8e-06
Ni13,16.17,1.8e-06
Ni13,16.229999999999997,6e-07
Ni13,16.29,1e-06
Ni13,16.35,6e-07
Ni13,16.409999999999997,6e-07
Ni13,16.47,6e-07
Ni13,16.53,2e-07
Ni13,16.59,2e-07
Ni13,16.65,2e-07
Ni13,16.71,0.0
Ni13,16.77,2e-07
Ni13,16.83,2e-07
Sn13,6.57,3.3333333333333335e-07
Sn13,6.63,0.0
Sn13,6.6899999999999995,3.3333333333333335e-07
Sn13,6.75,3.3333333333333335e-07
Sn13,6.81,0.0
Sn13,6.869999999999999,0.0
Sn13,6.93,0.0
Sn13,6.99,3.3333333333333335e-07
Sn13,7.05,0.0
Sn13,7.109999999999999,3.3333333333333335e-07
Sn13,7.17,0.0
Sn13,7.2299999999999995,3.3333333333333335e-07
Sn13,7.289999999999999,0.0
Sn13,7.35,0.0
Sn13,7.41,0.0
Sn13,7.47,3.3333333333333335e-07
Sn13,7.529999999999999,3.3333333333333335e-07
Sn13,7.59,1.3333333333333334e-06
Sn13,7.65,6.666666666666667e-07
Sn13,7.709999999999999,1.6666666666666667e-06
Sn13,7.77,2e-06
Sn13,7.83,1.6666666666666667e-06
Sn13,7.89,1.6666666666666667e-06
Sn13,7.949999999999999,3.6666666666666666e-06
Sn13,8.01,5.666666666666667e-06
Sn13,8.07,6.333333333333333e-06
Sn13,8.129999999999999,7e-06
Sn13,8.19,1.0666666666666667e-05
Sn13,8.25,1.1e-05
Sn13,8.309999999999999,1.2666666666666667e-05
Sn13,8.370000000000001,1.6e-05
Sn13,8.43,2.2333333333333332e-05
Sn13,8.489999999999998,2.6e-05
Sn13,8.55,2.8666666666666668e-05
Sn13,8.61,3.4e-05
Sn13,8.67,4.1666666666666665e-05
Sn13,8.73,5.4e-05
Sn13,8.79,6.7e-05
Sn13,8.85,8.533333333333334e-05
Sn13,8.91,0.00010233333333333333
Sn13,8.969999999999999,0.00012166666666666667
Sn13,9.030000000000001,0.000148
Sn13,9.09,0.000164
Sn13,9.149999999999999,0.000207
Sn13,9.21,0.00024033333333333334
Sn13,9.27,0.0003133333333333333
Sn13,9.329999999999998,0.0003423333333333333
Sn13,9.39,0.0004043333333333333
Sn13,9.45,0.00047633333333333333
Sn13,9.51,0.0005573333333333333
Sn13,9.57,0.000615
Sn13,9.629999999999999,0.0007396666666666667
Sn13,9.69,0.000898
Sn13,9.75,0.0010143333333333332
Sn13,9.809999999999999,0.0011636666666666666
Sn13,9.870000000000001,0.0014073333333333334
Sn13,9.93,0.0015903333333333334
Sn13,9.989999999999998,0.0018276666666666667
Sn13,10.05,0.0021193333333333333
Sn13,10.11,0.0024146666666666665
Sn13,10.169999999999998,0.0027373333333333334
Sn13,10.23,0.003103
Sn13,10.29,0.003468
Sn13,10.35,0.003909333333333333
Sn13,10.41,0.004373333333333333
Sn13,10.469999999999999,0.0048263333333333335
Sn13,10.53,0.005525666666666667
Sn13,10.59,0.006141
Sn13,10.649999999999999,0.00681
Sn13,10.71,0.007537
Sn13,10.77,0.008264666666666667
Sn13,10.829999999999998,0.009097
Sn13,10.89,0.009905666666666667
Sn13,10.95,0.010826666666666667
Sn13,11.01,0.011905666666666667
Sn13,11.07,0.012760333333333334
Sn13,11.129999999999999,0.013759666666666667
Sn13,11.19,0.014754
Sn13,11.25,0.015737333333333332
Sn13,11.309999999999999,0.016831
Sn13,11.370000000000001,0.017844333333333334
Sn13,11.43,0.01884366666666667
Sn13,11.489999999999998,0.019940333333333334
Sn13,11.55,0.020936666666666666
Sn13,11.61,0.021743666666666668
Sn13,11.669999999999998,0.022682333333333332
Sn13,11.73,0.02345066666666667
Sn13,11.79,0.024161666666666668
Sn13,11.85,0.024727
Sn13,11.91,0.025282333333333334
Sn13,11.969999999999999,0.025941333333333334
Sn13,12.03,0.026158
Sn13,12.09,0.026393
Sn13,12.149999999999999,0.026490333333333334
Sn13,12.21,0.026595333333333332
Sn13,12.27,0.026556
Sn13,12.329999999999998,0.026242
Sn13,12.39,0.026047666666666667
Sn13,12.45,0.025511333333333334
Sn13,12.51,0.024759
Sn13,12.57,0.02409733333333333
Sn13,12.629999999999999,0.023368
Sn13,12.69,0.022625666666666665
Sn13,12.75,0.021761333333333334
Sn13,12.809999999999999,0.020718666666666666
Sn13,12.870000000000001,0.019680666666666666
Sn13,12.93,0.018479666666666665
Sn13,12.989999999999998,0.017524333333333333
Sn13,13.05,0.016406333333333332
Sn13,13.11,0.015333
Sn13,13.169999999999998,0.014203666666666667
Sn13,13.23,0.013082666666666666
Sn13,13.29,0.011976666666666667
Sn13,13.35,0.010953
Sn13,13.41,0.009982333333333333
Sn13,13.469999999999999,0.008918333333333334
Sn13,13.53,0.007993666666666666
Sn13,13.59,0.007240666666666667
Sn13,13.649999999999999,0.006456
Sn13,13.71,0.005718333333333333
Sn13,13.77,0.004987666666666666
Sn13,13.829999999999998,0.004355
Sn13,13.89,0.003809
Sn13,13.95,0.003294333333333333
Sn13,14.009999999999998,0.002824333333333333
Sn13,14.07,0.002426666666666667
Sn13,14.129999999999999,0.0020533333333333332
Sn13,14.19,0.0017433333333333333
Sn13,14.25,0.001481
Sn13,14.309999999999999,0.0012366666666666667
Sn13,14.37,0.0010493333333333333
Sn13,14.43,0.0008503333333333334
Sn13,14.489999999999998,0.0007086666666666667
Sn13,14.55,0.00057
Sn13,14.61,0.000463
Sn13,14.669999999999998,0.0003696666666666667
Sn13,14.73,0.00028766666666666665
Sn13,14.79,0.00022933333333333334
Sn13,14.85,0.000184
Sn13,14.91,0.00015766666666666666
Sn13,14.969999999999999,0.000122
Sn13,15.03,9.833333333333333e-05
Sn13,15.09,7.033333333333334e-05
Sn13,15.149999999999999,5.633333333333333e-05
Sn13,15.21,3.933333333333333e-05
Sn13,15.27,3.2e-05
Sn13,15.329999999999998,2.4666666666666665e-05
Sn13,15.39,2.1e-05
Sn13,15.45,1.5333333333333334e-05
Sn13,15.509999999999998,9e-06
Sn13,15.57,6e-06
Sn13,15.629999999999999,3.6666666666666666e-06
Sn13,15.69,2e-06
Sn13,15.75,1.3333333333333334e-06
Sn13,15.809999999999999,1.3333333333333334e-06
Sn13,15.87,1.3333333333333334e-06
Sn13,15.93,1.3333333333333334e-06
Sn13,15.989999999999998,1e-06
Sn13,16.049999999999997,6.666666666666667e-07
Sn13,16.11,3.3333333333333335e-07
Sn13,16.17,0.0
Sn13,16.229999999999997,0.0
Sn13,16.29,3.3333333333333335e-07
Sn13,16.35,3.3333333333333335e-07
Sn13,16.409999999999997,3.3333333333333335e-07
Ta13,5.85,2.5e-07
Ta13,5.91,0.0
Ta13,5.97,0.0
Ta13,6.029999999999999,0.0
Ta13,6.09,2.5e-07
Ta13,6.15,0.0
Ta13,6.21,0.0
Ta13,6.27,0.0
Ta13,6.33,5e-07
Ta13,6.39,0.0
Ta13,6.449999999999999,0.0
Ta13,6.51,0.0
Ta13,6.57,5e-07
Ta13,6.63,0.0
Ta13,6.6899999999999995,0.0
Ta13,6.75,0.0
Ta13,6.81,2.5e-07
Ta13,6.869999999999999,5e-07
Ta13,6.93,2.5e-07
Ta13,6.99,7.5e-07
Ta13,7.05,5e-07
Ta13,7.109999999999999,7.5e-07
Ta13,7.17,7.5e-07
Ta13,7.2299999999999995,5e-07
Ta13,7.289999999999999,2e-06
Ta13,7.35,2.75e-06
Ta13,7.41,3e-06
Ta13,7.47,2.75e-06
Ta13,7.529999999999999,4.25e-06
Ta13,7.59,6e-06
Ta13,7.65,5.75e-06
Ta13,7.709999999999999,8.5e-06
Ta13,7.77,1.075e-05
Ta13,7.83,1.2e-05
Ta13,7.89,1.3e-05
Ta13,7.949999999999999,1.7e-05
Ta13,8.01,2.15e-05
Ta13,8.07,2.475e-05
Ta13,8.129999999999999,3.075e-05
Ta13,8.19,3.6e-05
Ta13,8.25,4.8e-05
Ta13,8.309999999999999,5.575e-05
Ta13,8.370000000000001,6.425e-05
Ta13,8.43,7.7e-05
Ta13,8.489999999999998,0.000102
Ta13,8.55,0.00011325
Ta13,8.61,0.00013475
Ta13,8.67,0.00016325
Ta13,8.73,0.000204
Ta13,8.79,0.0002255
Ta13,8.85,0.0002665
Ta13,8.91,0.0003145
Ta13,8.969999999999999,0.000375
Ta13,9.030000000000001,0.000408
Ta13,9.09,0.00051025
Ta13,9.149999999999999,0.0005855
Ta13,9.21,0.000677
Ta13,9.27,0.00078125
Ta13,9.329999999999998,0.00091825
Ta13,9.39,0.001055
Ta13,9.45,0.00119625
Ta13,9.51,0.00141925
Ta13,9.57,0.0015855
Ta13,9.629999999999999,0.00182425
Ta13,9.69,0.002077
Ta13,9.75,0.002393
Ta13,9.809999999999999,0.00262625
Ta13,9.870000000000001,0.00300575
Ta13,9.93,0.00337375
Ta13,9.989999999999998,0.00377825
Ta13,10.05,0.00428125
Ta13,10.11,0.0047115
Ta13,10.169999999999998,0.005251
Ta13,10.23,0.005851
Ta13,10.29,0.0064205
Ta13,10.35,0.00708275
Ta13,10.41,0.00784375
Ta13,10.469999999999999,0.00854075
Ta13,10.53,0.009405
Ta13,10.59,0.0102205
Ta13,10.649999999999999,0.01099875
Ta13,10.71,0.01188175
Ta13,10.77,0.01288575
Ta13,10.829999999999998,0.013753
Ta13,10.89,0.0147285
Ta13,10.95,0.01569775
Ta13,11.01,0.0168145
Ta13,11.07,0.01759325
Ta13,11.129999999999999,0.01853575
Ta13,11.19,0.019585
Ta13,11.25,0.02033575
Ta13,11.309999999999999,0.021285
Ta13,11.370000000000001,0.02209125
Ta13,11.43,0.022701
Ta13,11.489999999999998,0.023674
Ta13,11.55,0.02394425
Ta13,11.61,0.024533
Ta13,11.669999999999998,0.02518675
Ta13,11.73,0.0252585
Ta13,11.79,0.025578
Ta13,11.85,0.02572875
Ta13,11.91,0.0257235
Ta13,11.969999999999999,0.025812
Ta13,12.03,0.02536875
Ta13,12.09,0.02508975
Ta13,12.149999999999999,0.02481075
Ta13,12.21,0.024256
Ta13,12.27,0.023652
Ta13,12.329999999999998,0.02295325
Ta13,12.39,0.0221825
Ta13,12.45,0.02131425
Ta13,12.51,0.0203875
Ta13,12.57,0.01951475
Ta13,12.629999999999999,0.0185475
Ta13,12.69,0.01752825
Ta13,12.75,0.0164165
Ta13,12.809999999999999,0.0153875
Ta13,12.870000000000001,0.01439125
Ta13,12.93,0.013296
Ta13,12.989999999999998,0.01228875
Ta13,13.05,0.01127575
Ta13,13.11,0.01030525
Ta13,13.169999999999998,0.00943725
Ta13,13.23,0.008412
Ta13,13.29,0.007626
Ta13,13.35,0.00687075
Ta13,13.41,0.006045
Ta13,13.469999999999999,0.00539675
Ta13,13.53,0.00474775
Ta13,13.59,0.00423225
Ta13,13.649999999999999,0.0036525
Ta13,13.71,0.0031485
Ta13,13.77,0.0027295
Ta13,13.829999999999998,0.00237725
Ta13,13.89,0.002007
Ta13,13.95,0.0017295
Ta13,14.009999999999998,0.00144275
Ta13,14.07,0.00122475
Ta13,14.129999999999999,0.001017
Ta13,14.19,0.00085375
Ta13,14.25,0.00070175
Ta13,14.309999999999999,0.00057825
Ta13,14.37,0.00046975
Ta13,14.43,0.00038275
Ta13,14.489999999999998,0.00030475
Ta13,14.55,0.00024775
Ta13,14.61,0.0001935
Ta13,14.669999999999998,0.00016475
Ta13,14.73,0.00011425
Ta13,14.79,0.0001035
Ta13,14.85,7.675e-05
Ta13,14.91,6.575e-05
Ta13,14.969999999999999,4.375e-05
Ta13,15.03,3.85e-05
Ta13,15.09,2.55e-05
Ta13,15.149999999999999,2.05e-05
Ta13,15.21,1.425e-05
Ta13,15.27,1.125e-05
Ta13,15.329999999999998,9e-06
Ta13,15.39,5e-06
Ta13,15.45,4.25e-06
Ta13,15.509999999999998,2e-06
Ta13,15.57,1.75e-06
Ta13,15.629999999999999,1.25e-06
Ta13,15.69,1e-06
Ta13,15.75,7.5e-07
Ta13,15.809999999999999,7.5e-07
Ta13,15.87,5e-07
Ta13,15.93,5e-07
Ta13,15.989999999999998,2.5e-07
Ta13,16.049999999999997,2.5e-07
Ta13,16.11,0.0
Ta13,16.17,2.5e-07
Ta13,16.229999999999997,0.0
Ta13,16.29,2.5e-07
Cu13,4.949999999999999,2e-07
Cu13,5.01,0.0
Cu13,5.07,0.0
Cu13,5.13,0.0
Cu13,5.1899999999999995,2e-07
Cu13,5.25,0.0
Cu13,5.31,0.0
Cu13,5.369999999999999,0.0
Cu13,5.43,2e-07
Cu13,5.49,2e-07
Cu13,5.55,0.0
Cu13,5.609999999999999,0.0
Cu13,5.67,4e-07
Cu13,5.73,0.0
Cu13,5.789999999999999,0.0
Cu13,5.85,2e-07
Cu13,5.91,2e-07
Cu13,5.97,0.0
Cu13,6.029999999999999,2e-07
Cu13,6.09,2e-07
Cu13,6.15,6e-07
Cu13,6.21,4e-07
Cu13,6.27,4e-07
Cu13,6.33,1.2e-06
Cu13,6.39,4e-07
Cu13,6.449999999999999,4e-07
Cu13,6.51,1.8e-06
Cu13,6.57,1.8e-06
Cu13,6.63,2.2e-06
Cu13,6.6899999999999995,2.2e-06
Cu13,6.75,3.8e-06
Cu13,6.81,4e-06
Cu13,6.869999999999999,4.8e-06
Cu13,6.93,5.6e-06
Cu13,6.99,7.2e-06
Cu13,7.05,1e-05
Cu13,7.109999999999999,9.8e-06
Cu13,7.17,1.2e-05
Cu13,7.2299999999999995,1.46e-05
Cu13,7.289999999999999,1.76e-05
Cu13,7.35,2.08e-05
Cu13,7.41,2.7e-05
Cu13,7.47,2.88e-05
Cu13,7.529999999999999,3.96e-05
Cu13,7.59,4.7e-05
Cu13,7.65,4.76e-05
Cu13,7.709999999999999,6.74e-05
Cu13,7.77,7.68e-05
Cu13,7.83,8.66e-05
Cu13,7.89,0.0001086
Cu13,7.949999999999999,0.0001286
Cu13,8.01,0.0001436
Cu13,8.07,0.0001802
Cu13,8.129999999999999,0.0002026
Cu13,8.19,0.0002376
Cu13,8.25,0.0002782
Cu13,8.309999999999999,0.000325
Cu13,8.370000000000001,0.000367
Cu13,8.43,0.0004278
Cu13,8.489999999999998,0.0005038
Cu13,8.55,0.0005902
Cu13,8.61,0.0006546
Cu13,8.67,0.0007664
Cu13,8.73,0.0009116
Cu13,8.79,0.0009864
Cu13,8.85,0.001182
Cu13,8.91,0.0013274
Cu13,8.969999999999999,0.0014856
Cu13,9.030000000000001,0.0017474
Cu13,9.09,0.0019362
Cu13,9.149999999999999,0.002185
Cu13,9.21,0.002478
Cu13,9.27,0.0027564
Cu13,9.329999999999998,0.003097
Cu13,9.39,0.0034634
Cu13,9.45,0.0039008
Cu13,9.51,0.0042904
Cu13,9.57,0.0047852
Cu13,9.629999999999999,0.0052526
Cu13,9.69,0.005798
Cu13,9.75,0.0064316
Cu13,9.809999999999999,0.007012
Cu13,9.870000000000001,0.0076754
Cu13,9.93,0.008401
Cu13,9.989999999999998,0.0091296
Cu13,10.05,0.0099076
Cu13,10.11,0.0107124
Cu13,10.169999999999998,0.011483
Cu13,10.23,0.0123864
Cu13,10.29,0.0132264
Cu13,10.35,0.0141658
Cu13,10.41,0.015031
Cu13,10.469999999999999,0.0159224
Cu13,10.53,0.0168174
Cu13,10.59,0.0177574
Cu13,10.649999999999999,0.0185938
Cu13,10.71,0.0193832
Cu13,10.77,0.020344
Cu13,10.829999999999998,0.0208638
Cu13,10.89,0.0217574
Cu13,10.95,0.022337
Cu13,11.01,0.0230314
Cu13,11.07,0.02355
Cu13,11.129999999999999,0.0238832
Cu13,11.19,0.024394
Cu13,11.25,0.0245346
Cu13,11.309999999999999,0.024842
Cu13,11.370000000000001,0.0249074
Cu13,11.43,0.0249008
Cu13,11.489999999999998,0.0246952
Cu13,11.55,0.024602
Cu13,11.61,0.024227
Cu13,11.669999999999998,0.0239298
Cu13,11.73,0.0233462
Cu13,11.79,0.0228368
Cu13,11.85,0.0222062
Cu13,11.91,0.0214854
Cu13,11.969999999999999,0.020598
Cu13,12.03,0.0198776
Cu13,12.09,0.0188506
Cu13,12.149999999999999,0.0180948
Cu13,12.21,0.0170616
Cu13,12.27,0.0160818
Cu13,12.329999999999998,0.0150854
Cu13,12.39,0.0141634
Cu13,12.45,0.0131098
Cu13,12.51,0.0121788
Cu13,12.57,0.0112384
Cu13,12.629999999999999,0.0102774
Cu13,12.69,0.0094402
Cu13,12.75,0.008535
Cu13,12.809999999999999,0.0077026
Cu13,12.870000000000001,0.0069528
Cu13,12.93,0.0062582
Cu13,12.989999999999998,0.0055224
Cu13,13.05,0.004954
Cu13,13.11,0.0043332
Cu13,13.169999999999998,0.0038744
Cu13,13.23,0.0033312
Cu13,13.29,0.0029208
Cu13,13.35,0.0025006
Cu13,13.41,0.002193
Cu13,13.469999999999999,0.0018478
Cu13,13.53,0.00159
Cu13,13.59,0.001351
Cu13,13.649999999999999,0.0011314
Cu13,13.71,0.0009626
Cu13,13.77,0.0007848
Cu13,13.829999999999998,0.0006762
Cu13,13.89,0.000532
Cu13,13.95,0.000458
Cu13,14.009999999999998,0.0003524
Cu13,14.07,0.0003054
Cu13,14.129999999999999,0.0002284
Cu13,14.19,0.0002
Cu13,14.25,0.0001434
Cu13,14.309999999999999,0.0001272
Cu13,14.37,9.04e-05
Cu13,14.43,8.18e-05
Cu13,14.489999999999998,6.02e-05
Cu13,14.55,4.62e-05
Cu13,14.61,3.82e-05
Cu13,14.669999999999998,2.78e-05
Cu13,14.73,1.9e-05
Cu13,14.79,1.6e-05
Cu13,14.85,1.1e-05
Cu13,14.91,9.4e-06
Cu13,14.969999999999999,6e-06
Cu13,15.03,4.4e-06
Cu13,15.09,2.8e-06
Cu13,15.149999999999999,1.6e-06
Cu13,15.21,1.4e-06
Cu13,15.27,8e-07
Cu13,15.329999999999998,1e-06
Cu13,15.39,4e-07
Cu13,15.45,6e-07
Cu13,15.509999999999998,8e-07
Cu13,15.57,2e-07
Cu13,15.629999999999999,2e-07
Cu13,15.69,2e-07
Cu13,15.75,0.0
Cu13,15.809999999999999,2e-07
Cu13,15.87,0.0
Cu13,15.93,2e-07
Al_degrader_E10,0.03,3.5e-07
Al_degrader_E10,0.09,5e-08
Al_degrader_E10,0.15,0.0
Al_degrader_E10,0.21,0.0
Al_degrader_E10,0.27,0.0
Al_degrader_E10,0.32999999999999996,5e-08
Al_degrader_E10,0.39,0.0
Al_degrader_E10,0.44999999999999996,0.0
Al_degrader_E10,0.51,0.0
Al_degrader_E10,0.5700000000000001,0.0
Al_degrader_E10,0.6299999999999999,0.0
Al_degrader_E10,0.69,0.0
Al_degrader_E10,0.75,1e-07
Al_degrader_E10,0.81,0.0
Al_degrader_E10,0.8699999999999999,5e-08
Al_degrader_E10,0.9299999999999999,0.0
Al_degrader_E10,0.99,5e-08
Al_degrader_E10,1.05,0.0
Al_degrader_E10,1.1099999999999999,5e-08
Al_degrader_E10,1.17,0.0
Al_degrader_E10,1.23,0.0
Al_degrader_E10,1.29,1e-07
Al_degrader_E10,1.3499999999999999,1e-07
Al_degrader_E10,1.41,0.0
Al_degrader_E10,1.47,5e-08
Al_degrader_E10,1.53,1e-07
Al_degrader_E10,1.5899999999999999,0.0
Al_degrader_E10,1.65,5e-08
Al_degrader_E10,1.71,1.5e-07
Al_degrader_E10,1.77,1.5e-07
Al_degrader_E10,1.8299999999999998,1e-07
Al_degrader_E10,1.89,5e-08
Al_degrader_E10,1.95,1e-07
Al_degrader_E10,2.01,0.0
Al_degrader_E10,2.0700000000000003,1e-07
Al_degrader_E10,2.13,3.5e-07
Al_degrader_E10,2.19,3.5e-07
Al_degrader_E10,2.25,1e-07
Al_degrader_E10,2.3099999999999996,2.5e-07
Al_degrader_E10,2.37,3e-07
Al_degrader_E10,2.4299999999999997,2.5e-07
Al_degrader_E10,2.49,6.5e-07
Al_degrader_E10,2.55,5e-07
Al_degrader_E10,2.61,2.5e-07
Al_degrader_E10,2.67,6e-07
Al_degrader_E10,2.7299999999999995,5e-07
Al_degrader_E10,2.79,7.5e-07
Al_degrader_E10,2.8499999999999996,1.05e-06
Al_degrader_E10,2.91,4.5e-07
Al_degrader_E10,2.9699999999999998,9e-07
Al_degrader_E10,3.0300000000000002,1e-06
Al_degrader_E10,3.09,1.3e-06
Al_degrader_E10,3.15,1.65e-06
Al_degrader_E10,3.21,1.3e-06
Al_degrader_E10,3.2699999999999996,1.5e-06
Al_degrader_E10,3.33,2.1e-06
Al_degrader_E10,3.3899999999999997,2.05e-06
Al_degrader_E10,3.45,2.7e-06
Al_degrader_E10,3.51,2.15e-06
Al_degrader_E10,3.57,2.5e-06
Al_degrader_E10,3.63,3.35e-06
Al_degrader_E10,3.6899999999999995,4.35e-06
Al_degrader_E10,3.75,3.9e-06
Al_degrader_E10,3.8099999999999996,4.55e-06
Al_degrader_E10,3.87,5.15e-06
Al_degrader_E10,3.9299999999999997,6.45e-06
Al_degrader_E10,3.9899999999999998,7.35e-06
Al_degrader_E10,4.05,7.9e-06
Al_degrader_E10,4.109999999999999,8.75e-06
Al_degrader_E10,4.17,1.02e-05
Al_degrader_E10,4.23,1.115e-05
Al_degrader_E10,4.29,1.285e-05
Al_degrader_E10,4.35,1.365e-05
Al_degrader_E10,4.41,1.7e-05
Al_degrader_E10,4.47,1.81e-05
Al_degrader_E10,4.529999999999999,2.12e-05
Al_degrader_E10,4.59,2.265e-05
Al_degrader_E10,4.65,2.62e-05
Al_degrader_E10,4.71,2.895e-05
Al_degrader_E10,4.77,3.35e-05
Al_degrader_E10,4.83,3.935e-05
Al_degrader_E10,4.89,4.15e-05
Al_degrader_E10,4.949999999999999,4.705e-05
Al_degrader_E10,5.01,5.26e-05
Al_degrader_E10,5.07,5.945e-05
Al_degrader_E10,5.13,6.355e-05
Al_degrader_E10,5.1899999999999995,7.775e-05
Al_degrader_E10,5.25,8.185e-05
Al_degrader_E10,5.31,9.11e-05
Al_degrader_E10,5.369999999999999,0.00010515
Al_degrader_E10,5.43,0.00011515
Al_degrader_E10,5.49,0.0001306
Al_degrader_E10,5.55,0.0001499
Al_degrader_E10,5.609999999999999,0.0001572
Al_degrader_E10,5.67,0.0001818
Al_degrader_E10,5.73,0.00020775
Al_degrader_E10,5.789999999999999,0.0002217
Al_degrader_E10,5.85,0.00025145
Al_degrader_E10,5.91,0.0002881
Al_degrader_E10,5.97,0.000311
Al_degrader_E10,6.029999999999999,0.00034255
Al_degrader_E10,6.09,0.0003931
Al_degrader_E10,6.15,0.00042895
Al_degrader_E10,6.21,0.00046945
Al_degrader_E10,6.27,0.0005348
Al_degrader_E10,6.33,0.0005797
Al_degrader_E10,6.39,0.00062995
Al_degrader_E10,6.449999999999999,0.00071675
Al_degrader_E10,6.51,0.00077775
Al_degrader_E10,6.57,0.0008437
Al_degrader_E10,6.63,0.0009526
Al_degrader_E10,6.6899999999999995,0.00103635
Al_degrader_E10,6.75,0.00113895
Al_degrader_E10,6.81,0.0012579
Al_degrader_E10,6.869999999999999,0.0013577
Al_degrader_E10,6.93,0.0015005
Al_degrader_E10,6.99,0.00164175
Al_degrader_E10,7.05,0.00177055
Al_degrader_E10,7.109999999999999,0.0019474
Al_degrader_E10,7.17,0.00211895
Al_degrader_E10,7.2299999999999995,0.0022959
Al_degrader_E10,7.289999999999999,0.0025071
Al_degrader_E10,7.35,0.0027107
Al_degrader_E10,7.41,0.0029273
Al_degrader_E10,7.47,0.0031761
Al_degrader_E10,7.529999999999999,0.0034083
Al_degrader_E10,7.59,0.0036916
Al_degrader_E10,7.65,0.0039814
Al_degrader_E10,7.709999999999999,0.0042524
Al_degrader_E10,7.77,0.0045806
Al_degrader_E10,7.83,0.0048921
Al_degrader_E10,7.89,0.00524455
Al_degrader_E10,7.949999999999999,0.00560825
Al_degrader_E10,8.01,0.00596845
Al_degrader_E10,8.07,0.00634635
Al_degrader_E10,8.129999999999999,0.006784
Al_degrader_E10,8.19,0.0071598
Al_degrader_E10,8.25,0.007585
Al_degrader_E10,8.309999999999999,0.0080352
Al_degrader_E10,8.370000000000001,0.00849195
Al_degrader_E10,8.43,0.0089156
Al_degrader_E10,8.489999999999998,0.0094031
Al_degrader_E10,8.55,0.00989495
Al_degrader_E10,8.61,0.010353
Al_degrader_E10,8.67,0.01082675
Al_degrader_E10,8.73,0.01132085
Al_degrader_E10,8.79,0.01184735
Al_degrader_E10,8.85,0.0122797
Al_degrader_E10,8.91,0.01278135
Al_degrader_E10,8.969999999999999,0.013272
Al_degrader_E10,9.030000000000001,0.01373775
Al_degrader_E10,9.09,0.0142487
Al_degrader_E10,9.149999999999999,0.01463855
Al_degrader_E10,9.21,0.0151273
Al_degrader_E10,9.27,0.01552055
Al_degrader_E10,9.329999999999998,0.0159357
Al_degrader_E10,9.39,0.0163071
Al_degrader_E10,9.45,0.01672355
Al_degrader_E10,9.51,0.0170226
Al_degrader_E10,9.57,0.01739245
Al_degrader_E10,9.629999999999999,0.017603
Al_degrader_E10,9.69,0.01792545
Al_degrader_E10,9.75,0.018094
Al_degrader_E10,9.809999999999999,0.0183415
Al_degrader_E10,9.870000000000001,0.01845755
Al_degrader_E10,9.93,0.0186086
Al_degrader_E10,9.989999999999998,0.01866945
Al_degrader_E10,10.05,0.0187199
Al_degrader_E10,10.11,0.018719
Al_degrader_E10,10.169999999999998,0.01867965
Al_degrader_E10,10.23,0.01861395
Al_degrader_E10,10.29,0.01849075
Al_degrader_E10,10.35,0.01833655
Al_degrader_E10,10.41,0.0181228
Al_degrader_E10,10.469999999999999,0.0178766
Al_degrader_E10,10.53,0.01760805
Al_degrader_E10,10.59,0.0172865
Al_degrader_E10,10.649999999999999,0.01694875
Al_degrader_E10,10.71,0.0165415
Al_degrader_E10,10.77,0.01614
Al_degrader_E10,10.829999999999998,0.01567105
Al_degrader_E10,10.89,0.0151852
Al_degrader_E10,10.95,0.01471115
Al_degrader_E10,11.01,0.01417855
Al_degrader_E10,11.07,0.0136215
Al_degrader_E10,11.129999999999999,0.0130729
Al_degrader_E10,11.19,0.01247795
Al_degrader_E10,11.25,0.01189245
Al_degrader_E10,11.309999999999999,0.0113277
Al_degrader_E10,11.370000000000001,0.01071245
Al_degrader_E10,11.43,0.0101055
Al_degrader_E10,11.489999999999998,0.00951155
Al_degrader_E10,11.55,0.00891995
Al_degrader_E10,11.61,0.00836315
Al_degrader_E10,11.669999999999998,0.0077787
Al_degrader_E10,11.73,0.0072257
Al_degrader_E10,11.79,0.00669245
Al_degrader_E10,11.85,0.0061657
Al_degrader_E10,11.91,0.00567475
Al_degrader_E10,11.969999999999999,0.00517275
Al_degrader_E10,12.03,0.0047554
Al_degrader_E10,12.09,0.00428355
Al_degrader_E10,12.149999999999999,0.00390675
Al_degrader_E10,12.21,0.00351185
Al_degrader_E10,12.27,0.0031471
Al_degrader_E10,12.329999999999998,0.0028176
Al_degrader_E10,12.39,0.00251475
Al_degrader_E10,12.45,0.0022266
Al_degrader_E10,12.51,0.0019659
Al_degrader_E10,12.57,0.001731
Al_degrader_E10,12.629999999999999,0.0015153
Al_degrader_E10,12.69,0.00133155
Al_degrader_E10,12.75,0.0011543
Al_degrader_E10,12.809999999999999,0.000993
Al_degrader_E10,12.870000000000001,0.0008534
Al_degrader_E10,12.93,0.0007341
Al_degrader_E10,12.989999999999998,0.00062735
Al_degrader_E10,13.05,0.0005323
Al_degrader_E10,13.11,0.0004497
Al_degrader_E10,13.169999999999998,0.0003774
Al_degrader_E10,13.23,0.00031535
Al_degrader_E10,13.29,0.0002679
Al_degrader_E10,13.35,0.00021735
Al_degrader_E10,13.41,0.00018085
Al_degrader_E10,13.469999999999999,0.00014775
Al_degrader_E10,13.53,0.00011885
Al_degrader_E10,13.59,0.00010095
Al_degrader_E10,13.649999999999999,7.755e-05
Al_degrader_E10,13.71,6.295e-05
Al_degrader_E10,13.77,5.075e-05
Al_degrader_E10,13.829999999999998,3.84e-05
Al_degrader_E10,13.89,3.33e-05
Al_degrader_E10,13.95,2.615e-05
Al_degrader_E10,14.009999999999998,1.915e-05
Al_degrader_E10,14.07,1.75e-05
Al_degrader_E10,14.129999999999999,1.175e-05
Al_degrader_E10,14.19,8.85e-06
Al_degrader_E10,14.25,7.15e-06
Al_degrader_E10,14.309999999999999,5.3e-06
Al_degrader_E10,14.37,3.9e-06
Al_degrader_E10,14.43,3.15e-06
Al_degrader_E10,14.489999999999998,2.3e-06
Al_degrader_E10,14.55,1.55e-06
Al_degrader_E10,14.61,1.1e-06
Al_degrader_E10,14.669999999999998,5.5e-07
Al_degrader_E10,14.73,6e-07
Al_degrader_E10,14.79,4e-07
Al_degrader_E10,14.85,2e-07
Al_degrader_E10,14.91,3.5e-07
Al_degrader_E10,14.969999999999999,2e-07
Al_degrader_E10,15.03,1.5e-07
Al_degrader_E10,15.09,1.5e-07
Al_degrader_E10,15.149999999999999,1e-07
Al_degrader_E10,15.21,5e-08
Al_degrader_E10,15.27,0.0
Al_degrader_E10,15.329999999999998,5e-08
Al_degrader_E10,15.39,5e-08
Al_degrader_E10,15.45,0.0
Al_degrader_E10,15.509999999999998,5e-08
Ni14,0.03,1.2666666666666667e-05
Ni14,0.09,6.666666666666667e-07
Ni14,0.15,1.111111111111111e-06
Ni14,0.21,7.777777777777778e-07
Ni14,0.27,5.555555555555555e-07
Ni14,0.32999999999999996,2.2222222222222222e-07
Ni14,0.39,3.3333333333333335e-07
Ni14,0.44999999999999996,7.777777777777778e-07
Ni14,0.51,1e-06
Ni14,0.5700000000000001,1.111111111111111e-06
Ni14,0.6299999999999999,7.777777777777778e-07
Ni14,0.69,1e-06
Ni14,0.75,1.7777777777777777e-06
Ni14,0.81,5.555555555555555e-07
Ni14,0.8699999999999999,8.888888888888889e-07
Ni14,0.9299999999999999,1.5555555555555556e-06
Ni14,0.99,1.7777777777777777e-06
Ni14,1.05,1.5555555555555556e-06
Ni14,1.1099999999999999,2.111111111111111e-06
Ni14,1.17,1.7777777777777777e-06
Ni14,1.23,1.4444444444444445e-06
Ni14,1.29,3.111111111111111e-06
Ni14,1.3499999999999999,2.666666666666667e-06
Ni14,1.41,3.2222222222222222e-06
Ni14,1.47,3.111111111111111e-06
Ni14,1.53,2.4444444444444442e-06
Ni14,1.5899999999999999,4.333333333333333e-06
Ni14,1.65,3.2222222222222222e-06
Ni14,1.71,5.333333333333334e-06
Ni14,1.77,4.333333333333333e-06
Ni14,1.8299999999999998,4.777777777777777e-06
Ni14,1.89,5.777777777777778e-06
Ni14,1.95,6e-06
Ni14,2.01,6.111111111111111e-06
Ni14,2.0700000000000003,6.111111111111111e-06
Ni14,2.13,8.888888888888888e-06
Ni14,2.19,9.222222222222222e-06
Ni14,2.25,9.222222222222222e-06
Ni14,2.3099999999999996,1.0444444444444445e-05
Ni14,2.37,1.1333333333333334e-05
Ni14,2.4299999999999997,1.2777777777777777e-05
Ni14,2.49,1.3e-05
Ni14,2.55,1.788888888888889e-05
Ni14,2.61,1.6666666666666667e-05
Ni14,2.67,1.9666666666666666e-05
Ni14,2.7299999999999995,2.011111111111111e-05
Ni14,2.79,2.3111111111111112e-05
Ni14,2.8499999999999996,2.6444444444444446e-05
Ni14,2.91,2.611111111111111e-05
Ni14,2.9699999999999998,3.155555555555556e-05
Ni14,3.0300000000000002,3.411111111111111e-05
Ni14,3.09,3.855555555555556e-05
Ni14,3.15,4.222222222222222e-05
Ni14,3.21,4.6e-05
Ni14,3.2699999999999996,5e-05
Ni14,3.33,5.722222222222222e-05
Ni14,3.3899999999999997,6.188888888888889e-05
Ni14,3.45,6.622222222222222e-05
Ni14,3.51,7.677777777777778e-05
Ni14,3.57,8.677777777777778e-05
Ni14,3.63,9.11111111111111e-05
Ni14,3.6899999999999995,0.00010488888888888889
Ni14,3.75,0.00011711111111111111
Ni14,3.8099999999999996,0.00012366666666666667
Ni14,3.87,0.0001348888888888889
Ni14,3.9299999999999997,0.00015044444444444445
Ni14,3.9899999999999998,0.00016344444444444444
Ni14,4.05,0.00018855555555555555
Ni14,4.109999999999999,0.0001928888888888889
Ni14,4.17,0.0002248888888888889
Ni14,4.23,0.0002485555555555556
Ni14,4.29,0.0002501111111111111
Ni14,4.35,0.00030877777777777777
Ni14,4.41,0.000314
Ni14,4.47,0.0003627777777777778
Ni14,4.529999999999999,0.0003948888888888889
Ni14,4.59,0.0004151111111111111
Ni14,4.65,0.0004912222222222222
Ni14,4.71,0.0005078888888888889
Ni14,4.77,0.0005836666666666667
Ni14,4.83,0.0006327777777777778
Ni14,4.89,0.0006888888888888888
Ni14,4.949999999999999,0.0007713333333333333
Ni14,5.01,0.0008134444444444444
Ni14,5.07,0.0009278888888888889
Ni14,5.13,0.0009845555555555556
Ni14,5.1899999999999995,0.0011021111111111112
Ni14,5.25,0.0011831111111111111
Ni14,5.31,0.0013142222222222223
Ni14,5.369999999999999,0.0014185555555555555
Ni14,5.43,0.0015435555555555556
Ni14,5.49,0.0016863333333333333
Ni14,5.55,0.0018303333333333333
Ni14,5.609999999999999,0.0019795555555555556
Ni14,5.67,0.002145
Ni14,5.73,0.0023584444444444443
Ni14,5.789999999999999,0.0025351111111111112
Ni14,5.85,0.0027596666666666668
Ni14,5.91,0.002973222222222222
Ni14,5.97,0.0032154444444444444
Ni14,6.029999999999999,0.0034525555555555555
Ni14,6.09,0.0037434444444444446
Ni14,6.15,0.004007333333333333
Ni14,6.21,0.004334777777777778
Ni14,6.27,0.004629777777777778
Ni14,6.33,0.004997333333333334
Ni14,6.39,0.005332555555555556
Ni14,6.449999999999999,0.005742333333333334
Ni14,6.51,0.006097444444444444
Ni14,6.57,0.006551777777777778
Ni14,6.63,0.0069281111111111114
Ni14,6.6899999999999995,0.00742
Ni14,6.75,0.007843555555555555
Ni14,6.81,0.008349111111111111
Ni14,6.869999999999999,0.008818777777777778
Ni14,6.93,0.009324222222222222
Ni14,6.99,0.009841444444444444
Ni14,7.05,0.010390222222222223
Ni14,7.109999999999999,0.010881333333333333
Ni14,7.17,0.011507555555555556
Ni14,7.2299999999999995,0.011980777777777778
Ni14,7.289999999999999,0.012539777777777778
Ni14,7.35,0.013138222222222223
Ni14,7.41,0.013614666666666667
Ni14,7.47,0.014244111111111112
Ni14,7.529999999999999,0.014691555555555555
Ni14,7.59,0.015258666666666667
Ni14,7.65,0.015787555555555555
Ni14,7.709999999999999,0.016261444444444443
Ni14,7.77,0.016742666666666666
Ni14,7.83,0.017199222222222223
Ni14,7.89,0.017578666666666666
Ni14,7.949999999999999,0.01804888888888889
Ni14,8.01,0.018363777777777777
Ni14,8.07,0.01866111111111111
Ni14,8.129999999999999,0.019033333333333333
Ni14,8.19,0.019227888888888888
Ni14,8.25,0.019421
Ni14,8.309999999999999,0.019648111111111113
Ni14,8.370000000000001,0.01973
Ni14,8.43,0.019792555555555556
Ni14,8.489999999999998,0.019832666666666665
Ni14,8.55,0.019787555555555555
Ni14,8.61,0.01968811111111111
Ni14,8.67,0.019501222222222222
Ni14,8.73,0.019397888888888888
Ni14,8.79,0.01912611111111111
Ni14,8.85,0.018851555555555555
Ni14,8.91,0.018530777777777778
Ni14,8.969999999999999,0.018137888888888887
Ni14,9.030000000000001,0.017711777777777778
Ni14,9.09,0.017239333333333332
Ni14,9.149999999999999,0.016732555555555556
Ni14,9.21,0.016215444444444446
Ni14,9.27,0.015639
Ni14,9.329999999999998,0.015100555555555556
Ni14,9.39,0.014509222222222222
Ni14,9.45,0.013890555555555555
Ni14,9.51,0.013194444444444444
Ni14,9.57,0.01259511111111111
Ni14,9.629999999999999,0.011940777777777778
Ni14,9.69,0.011253555555555555
Ni14,9.75,0.010596111111111112
Ni14,9.809999999999999,0.009964666666666667
Ni14,9.870000000000001,0.009373444444444445
Ni14,9.93,0.008676888888888888
Ni14,9.989999999999998,0.008086444444444445
Ni14,10.05,0.007512222222222222
Ni14,10.11,0.006919888888888889
Ni14,10.169999999999998,0.006334
Ni14,10.23,0.005838
Ni14,10.29,0.005355777777777778
Ni14,10.35,0.004837555555555556
Ni14,10.41,0.004368
Ni14,10.469999999999999,0.003979444444444444
Ni14,10.53,0.0035997777777777777
Ni14,10.59,0.0032243333333333334
Ni14,10.649999999999999,0.002870888888888889
Ni14,10.71,0.0025473333333333333
Ni14,10.77,0.0022776666666666666
Ni14,10.829999999999998,0.0020013333333333333
Ni14,10.89,0.0017835555555555556
Ni14,10.95,0.0015386666666666667
Ni14,11.01,0.0013527777777777778
Ni14,11.07,0.0011775555555555556
Ni14,11.129999999999999,0.0010306666666666667
Ni14,11.19,0.0008825555555555556
Ni14,11.25,0.0007615555555555556
Ni14,11.309999999999999,0.0006554444444444444
Ni14,11.370000000000001,0.0005477777777777778
Ni14,11.43,0.0004672222222222222
Ni14,11.489999999999998,0.0003937777777777778
Ni14,11.55,0.0003352222222222222
Ni14,11.61,0.0002751111111111111
Ni14,11.669999999999998,0.0002318888888888889
Ni14,11.73,0.00019088888888888888
Ni14,11.79,0.00015855555555555555
Ni14,11.85,0.00012733333333333333
Ni14,11.91,0.00010833333333333333
Ni14,11.969999999999999,8.866666666666666e-05
Ni14,12.03,7.144444444444444e-05
Ni14,12.09,5.9555555555555554e-05
Ni14,12.149999999999999,4.8e-05
Ni14,12.21,3.977777777777778e-05
Ni14,12.27,2.9777777777777777e-05
Ni14,12.329999999999998,2.488888888888889e-05
Ni14,12.39,1.822222222222222e-05
Ni14,12.45,1.4111111111111112e-05
Ni14,12.51,1.0555555555555555e-05
Ni14,12.57,9.11111111111111e-06
Ni14,12.629999999999999,7.444444444444444e-06
Ni14,12.69,4.555555555555555e-06
Ni14,12.75,3.3333333333333333e-06
Ni14,12.809999999999999,2.5555555555555557e-06
Ni14,12.870000000000001,1.5555555555555556e-06
Ni14,12.93,1.3333333333333334e-06
Ni14,12.989999999999998,8.888888888888889e-07
Ni14,13.05,8.888888888888889e-07
Ni14,13.11,6.666666666666667e-07
Ni14,13.169999999999998,3.3333333333333335e-07
Ni14,13.23,6.666666666666667e-07
Ni14,13.29,4.4444444444444444e-07
Ni14,13.35,3.3333333333333335e-07
Ni14,13.41,2.2222222222222222e-07
Ni14,13.469999999999999,1.1111111111111111e-07
Ni14,13.53,0.0
Ni14,13.59,1.1111111111111111e-07
Ni14,13.649999999999999,1.1111111111111111e-07
Ni14,13.71,1.1111111111111111e-07
Ni14,13.77,1.1111111111111111e-07
Sn14,0.03,5.6e-05
Sn14,0.09,1.3333333333333334e-06
Sn14,0.15,2e-06
Sn14,0.21,1.6666666666666667e-06
Sn14,0.27,4e-06
Sn14,0.32999999999999996,2.333333333333333e-06
Sn14,0.39,1e-06
Sn14,0.44999999999999996,1.3333333333333334e-06
Sn14,0.51,3.6666666666666666e-06
Sn14,0.5700000000000001,3.6666666666666666e-06
Sn14,0.6299999999999999,2.333333333333333e-06
Sn14,0.69,3.6666666666666666e-06
Sn14,0.75,6e-06
Sn14,0.81,4.333333333333333e-06
Sn14,0.8699999999999999,4e-06
Sn14,0.9299999999999999,4e-06
Sn14,0.99,5.666666666666667e-06
Sn14,1.05,6e-06
Sn14,1.1099999999999999,8.333333333333334e-06
Sn14,1.17,6e-06
Sn14,1.23,7.333333333333333e-06
Sn14,1.29,8.333333333333334e-06
Sn14,1.3499999999999999,9.666666666666667e-06
Sn14,1.41,8.666666666666666e-06
Sn14,1.47,8.333333333333334e-06
Sn14,1.53,1.0666666666666667e-05
Sn14,1.5899999999999999,1.3333333333333333e-05
Sn14,1.65,8e-06
Sn14,1.71,1.6666666666666667e-05
Sn14,1.77,1.3333333333333333e-05
Sn14,1.8299999999999998,1.6e-05
Sn14,1.89,1.9e-05
Sn14,1.95,2.1e-05
Sn14,2.01,1.7666666666666668e-05
Sn14,2.0700000000000003,2.5333333333333334e-05
Sn14,2.13,3.233333333333333e-05
Sn14,2.19,2.966666666666667e-05
Sn14,2.25,3.6666666666666666e-05
Sn14,2.3099999999999996,3.4666666666666665e-05
Sn14,2.37,4e-05
Sn14,2.4299999999999997,4.266666666666667e-05
Sn14,2.49,4.633333333333333e-05
Sn14,2.55,5.5e-05
Sn14,2.61,5.1e-05
Sn14,2.67,6.6e-05
Sn14,2.7299999999999995,6.733333333333333e-05
Sn14,2.79,6.933333333333333e-05
Sn14,2.8499999999999996,7.433333333333333e-05
Sn14,2.91,8.566666666666667e-05
Sn14,2.9699999999999998,9.6e-05
Sn14,3.0300000000000002,0.00010733333333333333
Sn14,3.09,0.00010933333333333334
Sn14,3.15,0.00012166666666666667
Sn14,3.21,0.00015
Sn14,3.2699999999999996,0.000151
Sn14,3.33,0.00016433333333333333
Sn14,3.3899999999999997,0.000183
Sn14,3.45,0.000199
Sn14,3.51,0.00020566666666666666
Sn14,3.57,0.00023833333333333334
Sn14,3.63,0.000249
Sn14,3.6899999999999995,0.00027233333333333336
Sn14,3.75,0.00030766666666666665
Sn14,3.8099999999999996,0.000305
Sn14,3.87,0.000373
Sn14,3.9299999999999997,0.00038833333333333336
Sn14,3.9899999999999998,0.000396
Sn14,4.05,0.0004993333333333333
Sn14,4.109999999999999,0.0004963333333333333
Sn14,4.17,0.000567
Sn14,4.23,0.0006203333333333333
Sn14,4.29,0.0006453333333333334
Sn14,4.35,0.000748
Sn14,4.41,0.0008153333333333334
Sn14,4.47,0.0008736666666666667
Sn14,4.529999999999999,0.0009683333333333333
Sn14,4.59,0.0010176666666666667
Sn14,4.65,0.001148
Sn14,4.71,0.0012333333333333332
Sn14,4.77,0.0013426666666666667
Sn14,4.83,0.0014676666666666666
Sn14,4.89,0.0015756666666666666
Sn14,4.949999999999999,0.0017273333333333333
Sn14,5.01,0.0018366666666666666
Sn14,5.07,0.0020183333333333334
Sn14,5.13,0.002145
Sn14,5.1899999999999995,0.002315666666666667
Sn14,5.25,0.0024803333333333335
Sn14,5.31,0.0027136666666666667
Sn14,5.369999999999999,0.002877
Sn14,5.43,0.0031283333333333332
Sn14,5.49,0.003355
Sn14,5.55,0.003677
Sn14,5.609999999999999,0.0039003333333333333
Sn14,5.67,0.004236
Sn14,5.73,0.0044856666666666664
Sn14,5.789999999999999,0.004837
Sn14,5.85,0.005143333333333333
Sn14,5.91,0.005462
Sn14,5.97,0.005862666666666667
Sn14,6.029999999999999,0.006193
Sn14,6.09,0.006682
Sn14,6.15,0.007042333333333334
Sn14,6.21,0.007539666666666667
Sn14,6.27,0.007949666666666667
Sn14,6.33,0.008429666666666667
Sn14,6.39,0.008883333333333333
Sn14,6.449999999999999,0.009348666666666667
Sn14,6.51,0.009809666666666666
Sn14,6.57,0.010294
Sn14,6.63,0.010876333333333333
Sn14,6.6899999999999995,0.011362333333333334
Sn14,6.75,0.011913
Sn14,6.81,0.012450333333333334
Sn14,6.869999999999999,0.012897
Sn14,6.93,0.013544
Sn14,6.99,0.013911
Sn14,7.05,0.014621666666666666
Sn14,7.109999999999999,0.014915
Sn14,7.17,0.015565666666666667
Sn14,7.2299999999999995,0.015963
Sn14,7.289999999999999,0.016384
Sn14,7.35,0.016809
Sn14,7.41,0.017295666666666668
Sn14,7.47,0.017481666666666666
Sn14,7.529999999999999,0.017988333333333332
Sn14,7.59,0.018252333333333332
Sn14,7.65,0.018607666666666668
Sn14,7.709999999999999,0.018714333333333333
Sn14,7.77,0.018931
Sn14,7.83,0.01921
Sn14,7.89,0.019212666666666666
Sn14,7.949999999999999,0.019379
Sn14,8.01,0.019318333333333333
Sn14,8.07,0.019436333333333333
Sn14,8.129999999999999,0.019289666666666667
Sn14,8.19,0.019228666666666668
Sn14,8.25,0.01903
Sn14,8.309999999999999,0.018851333333333335
Sn14,8.370000000000001,0.018519666666666667
Sn14,8.43,0.018011
Sn14,8.489999999999998,0.017789
Sn14,8.55,0.017434
Sn14,8.61,0.017025333333333333
Sn14,8.67,0.016631
Sn14,8.73,0.016056666666666667
Sn14,8.79,0.015594
Sn14,8.85,0.015020333333333333
Sn14,8.91,0.014344333333333334
Sn14,8.969999999999999,0.013759
Sn14,9.030000000000001,0.013234666666666667
Sn14,9.09,0.012577666666666666
Sn14,9.149999999999999,0.012
Sn14,9.21,0.011426
Sn14,9.27,0.010774666666666667
Sn14,9.329999999999998,0.010095
Sn14,9.39,0.009462333333333333
Sn14,9.45,0.008934333333333334
Sn14,9.51,0.008215666666666666
Sn14,9.57,0.0076883333333333335
Sn14,9.629999999999999,0.007115
Sn14,9.69,0.006522
Sn14,9.75,0.005942666666666666
Sn14,9.809999999999999,0.0055713333333333335
Sn14,9.870000000000001,0.005105
Sn14,9.93,0.004605333333333334
Sn14,9.989999999999998,0.004208333333333333
Sn14,10.05,0.0037916666666666667
Sn14,10.11,0.0033823333333333335
Sn14,10.169999999999998,0.003034666666666667
Sn14,10.23,0.002749
Sn14,10.29,0.0024073333333333334
Sn14,10.35,0.0021756666666666665
Sn14,10.41,0.0019286666666666666
Sn14,10.469999999999999,0.0016403333333333333
Sn14,10.53,0.0014976666666666667
Sn14,10.59,0.0012943333333333333
Sn14,10.649999999999999,0.001139
Sn14,10.71,0.000982
Sn14,10.77,0.0008686666666666667
Sn14,10.829999999999998,0.0007263333333333333
Sn14,10.89,0.0006313333333333334
Sn14,10.95,0.000538
Sn14,11.01,0.000451
Sn14,11.07,0.00038333333333333334
Sn14,11.129999999999999,0.00031633333333333334
Sn14,11.19,0.00026366666666666666
Sn14,11.25,0.00021233333333333334
Sn14,11.309999999999999,0.00018266666666666667
Sn14,11.370000000000001,0.000148
Sn14,11.43,0.00013033333333333332
Sn14,11.489999999999998,0.00011066666666666667
Sn14,11.55,9.166666666666667e-05
Sn14,11.61,7.833333333333333e-05
Sn14,11.669999999999998,5.5e-05
Sn14,11.73,4.8666666666666666e-05
Sn14,11.79,3.4e-05
Sn14,11.85,2.8e-05
Sn14,11.91,2.4e-05
Sn14,11.969999999999999,2.1333333333333335e-05
Sn14,12.03,1.6e-05
Sn14,12.09,1.2333333333333333e-05
Sn14,12.149999999999999,9.666666666666667e-06
Sn14,12.21,7e-06
Sn14,12.27,3e-06
Sn14,12.329999999999998,2.666666666666667e-06
Sn14,12.39,2e-06
Sn14,12.45,6.666666666666667e-07
Sn14,12.51,1.6666666666666667e-06
Sn14,12.57,1.3333333333333334e-06
Sn14,12.629999999999999,1e-06
Sn14,12.69,6.666666666666667e-07
Sn14,12.75,1e-06
Sn14,12.809999999999999,6.666666666666667e-07
Sn14,12.870000000000001,3.3333333333333335e-07
Sn14,12.93,0.0
Sn14,12.989999999999998,0.0
Sn14,13.05,0.0
Sn14,13.11,3.3333333333333335e-07
Sn14,13.169999999999998,3.3333333333333335e-07
Sn14,13.23,3.3333333333333335e-07
Ta14,0.03,0.000171375
Ta14,0.09,1.125e-05
Ta14,0.15,1.2625e-05
Ta14,0.21,8e-06
Ta14,0.27,4.625e-06
Ta14,0.32999999999999996,8.5e-06
Ta14,0.39,7.5e-06
Ta14,0.44999999999999996,9e-06
Ta14,0.51,9.25e-06
Ta14,0.5700000000000001,1.1125e-05
Ta14,0.6299999999999999,9.5e-06
Ta14,0.69,1.5375e-05
Ta14,0.75,1.2375e-05
Ta14,0.81,1.4875e-05
Ta14,0.8699999999999999,1.4875e-05
Ta14,0.9299999999999999,1.6375e-05
Ta14,0.99,1.9125e-05
Ta14,1.05,1.9875e-05
Ta14,1.1099999999999999,2e-05
Ta14,1.17,2.4125e-05
Ta14,1.23,2.425e-05
Ta14,1.29,2.525e-05
Ta14,1.3499999999999999,2.9375e-05
Ta14,1.41,3.175e-05
Ta14,1.47,3.275e-05
Ta14,1.53,3.7375e-05
Ta14,1.5899999999999999,3.95e-05
Ta14,1.65,4.425e-05
Ta14,1.71,4.275e-05
Ta14,1.77,5.3e-05
Ta14,1.8299999999999998,5.6875e-05
Ta14,1.89,5.45e-05
Ta14,1.95,6.4e-05
Ta14,2.01,7.0625e-05
Ta14,2.0700000000000003,7.525e-05
Ta14,2.13,8.3e-05
Ta14,2.19,9.0875e-05
Ta14,2.25,9.3e-05
Ta14,2.3099999999999996,0.000101375
Ta14,2.37,0.0001155
Ta14,2.4299999999999997,0.000116375
Ta14,2.49,0.00012925
Ta14,2.55,0.000145625
Ta14,2.61,0.000143625
Ta14,2.67,0.000173125
Ta14,2.7299999999999995,0.000180875
Ta14,2.79,0.00018075
Ta14,2.8499999999999996,0.000215375
Ta14,2.91,0.000228
Ta14,2.9699999999999998,0.000234875
Ta14,3.0300000000000002,0.000272625
Ta14,3.09,0.000286625
Ta14,3.15,0.000312375
Ta14,3.21,0.000344875
Ta14,3.2699999999999996,0.000365
Ta14,3.33,0.000405
Ta14,3.3899999999999997,0.000422125
Ta14,3.45,0.00048125
Ta14,3.51,0.00050525
Ta14,3.57,0.0005555
Ta14,3.63,0.00060275
Ta14,3.6899999999999995,0.000643125
Ta14,3.75,0.000724375
Ta14,3.8099999999999996,0.000763125
Ta14,3.87,0.00083325
Ta14,3.9299999999999997,0.000907125
Ta14,3.9899999999999998,0.0009765
Ta14,4.05,0.001057875
Ta14,4.109999999999999,0.00115375
Ta14,4.17,0.0012295
Ta14,4.23,0.001342125
Ta14,4.29,0.001424875
Ta14,4.35,0.00154
Ta14,4.41,0.00166875
Ta14,4.47,0.001785125
Ta14,4.529999999999999,0.001920375
Ta14,4.59,0.002069
Ta14,4.65,0.002224875
Ta14,4.71,0.0023865
Ta14,4.77,0.00257975
Ta14,4.83,0.00274525
Ta14,4.89,0.002968
Ta14,4.949999999999999,0.003156125
Ta14,5.01,0.00338675
Ta14,5.07,0.0036135
Ta14,5.13,0.00387575
Ta14,5.1899999999999995,0.004126
Ta14,5.25,0.004416625
Ta14,5.31,0.004705125
Ta14,5.369999999999999,0.005012125
Ta14,5.43,0.005353625
Ta14,5.49,0.005672
Ta14,5.55,0.00604325
Ta14,5.609999999999999,0.0063625
Ta14,5.67,0.00675825
Ta14,5.73,0.00711325
Ta14,5.789999999999999,0.0075445
Ta14,5.85,0.0079505
Ta14,5.91,0.008391625
Ta14,5.97,0.008819625
Ta14,6.029999999999999,0.0092875
Ta14,6.09,0.0097185
Ta14,6.15,0.010180625
Ta14,6.21,0.0106115
Ta14,6.27,0.01115375
Ta14,6.33,0.011592625
Ta14,6.39,0.012078125
Ta14,6.449999999999999,0.012561375
Ta14,6.51,0.012977625
Ta14,6.57,0.013561875
Ta14,6.63,0.01397925
Ta14,6.6899999999999995,0.0143495
Ta14,6.75,0.014914
Ta14,6.81,0.015253
Ta14,6.869999999999999,0.015710125
Ta14,6.93,0.016101625
Ta14,6.99,0.0164395
Ta14,7.05,0.01682825
Ta14,7.109999999999999,0.01712225
Ta14,7.17,0.017392875
Ta14,7.2299999999999995,0.017685625
Ta14,7.289999999999999,0.017893
Ta14,7.35,0.0181165
Ta14,7.41,0.018278375
Ta14,7.47,0.018412875
Ta14,7.529999999999999,0.018493
Ta14,7.59,0.0185615
Ta14,7.65,0.018550375
Ta14,7.709999999999999,0.01848175
Ta14,7.77,0.018439875
Ta14,7.83,0.018255
Ta14,7.89,0.0181295
Ta14,7.949999999999999,0.0178985
Ta14,8.01,0.017698125
Ta14,8.07,0.017336
Ta14,8.129999999999999,0.017045
Ta14,8.19,0.01671925
Ta14,8.25,0.016203125
Ta14,8.309999999999999,0.01582075
Ta14,8.370000000000001,0.015393875
Ta14,8.43,0.01489
Ta14,8.489999999999998,0.01436625
Ta14,8.55,0.013890625
Ta14,8.61,0.01338325
Ta14,8.67,0.012738
Ta14,8.73,0.012205875
Ta14,8.79,0.011611875
Ta14,8.85,0.011062625
Ta14,8.91,0.010429875
Ta14,8.969999999999999,0.009931625
Ta14,9.030000000000001,0.0093105
Ta14,9.09,0.008716
Ta14,9.149999999999999,0.008183625
Ta14,9.21,0.007595625
Ta14,9.27,0.007078875
Ta14,9.329999999999998,0.006565125
Ta14,9.39,0.0060805
Ta14,9.45,0.005595
Ta14,9.51,0.005122625
Ta14,9.57,0.004686375
Ta14,9.629999999999999,0.004270625
Ta14,9.69,0.003903375
Ta14,9.75,0.003545875
Ta14,9.809999999999999,0.003211375
Ta14,9.870000000000001,0.00284325
Ta14,9.93,0.002562125
Ta14,9.989999999999998,0.0023035
Ta14,10.05,0.002052125
Ta14,10.11,0.00182625
Ta14,10.169999999999998,0.001592625
Ta14,10.23,0.00141
Ta14,10.29,0.001252375
Ta14,10.35,0.00109175
Ta14,10.41,0.000950375
Ta14,10.469999999999999,0.00082625
Ta14,10.53,0.000719625
Ta14,10.59,0.000610375
Ta14,10.649999999999999,0.0005285
Ta14,10.71,0.00044875
Ta14,10.77,0.000377375
Ta14,10.829999999999998,0.000314875
Ta14,10.89,0.000275375
Ta14,10.95,0.000226
Ta14,11.01,0.00018775
Ta14,11.07,0.0001585
Ta14,11.129999999999999,0.00012925
Ta14,11.19,0.000109625
Ta14,11.25,9.1625e-05
Ta14,11.309999999999999,7.6375e-05
Ta14,11.370000000000001,6.0625e-05
Ta14,11.43,5.0125e-05
Ta14,11.489999999999998,4.225e-05
Ta14,11.55,3.3e-05
Ta14,11.61,2.6375e-05
Ta14,11.669999999999998,2.1e-05
Ta14,11.73,1.625e-05
Ta14,11.79,1.2625e-05
Ta14,11.85,1.0375e-05
Ta14,11.91,8.25e-06
Ta14,11.969999999999999,5.875e-06
Ta14,12.03,3.875e-06
Ta14,12.09,2.875e-06
Ta14,12.149999999999999,2e-06
Ta14,12.21,1.625e-06
Ta14,12.27,1.125e-06
Ta14,12.329999999999998,1e-06
Ta14,12.39,8.75e-07
Ta14,12.45,6.25e-07
Ta14,12.51,6.25e-07
Ta14,12.57,3.75e-07
Ta14,12.629999999999999,3.75e-07
Ta14,12.69,2.5e-07
Ta14,12.75,2.5e-07
Ta14,12.809999999999999,1.25e-07
Ta14,12.870000000000001,1.25e-07
Ta14,12.93,1.25e-07
Ta14,12.989999999999998,1.25e-07
Ta14,13.05,1.25e-07
Ta14,13.11,1.25e-07
Cu14,0.03,0.0013113636363636363
Cu14,0.09,6.872727272727273e-05
Cu14,0.15,6.627272727272728e-05
Cu14,0.21,5.090909090909091e-05
Cu14,0.27,4.209090909090909e-05
Cu14,0.32999999999999996,4.2545454545454546e-05
Cu14,0.39,4.154545454545455e-05
Cu14,0.44999999999999996,5.4e-05
Cu14,0.51,5.190909090909091e-05
Cu14,0.5700000000000001,5.790909090909091e-05
Cu14,0.6299999999999999,6.69090909090909e-05
Cu14,0.69,6.781818181818181e-05
Cu14,0.75,6.827272727272727e-05
Cu14,0.81,7.845454545454545e-05
Cu14,0.8699999999999999,8.063636363636363e-05
Cu14,0.9299999999999999,9.209090909090909e-05
Cu14,0.99,9.163636363636363e-05
Cu14,1.05,0.000105
Cu14,1.1099999999999999,0.00010872727272727272
Cu14,1.17,0.00011945454545454545
Cu14,1.23,0.000125
Cu14,1.29,0.00013372727272727272
Cu14,1.3499999999999999,0.00013963636363636364
Cu14,1.41,0.00015645454545454545
Cu14,1.47,0.00016527272727272728
Cu14,1.53,0.00017936363636363636
Cu14,1.5899999999999999,0.00018972727272727273
Cu14,1.65,0.0002059090909090909
Cu14,1.71,0.0002190909090909091
Cu14,1.77,0.00022736363636363636
Cu14,1.8299999999999998,0.0002499090909090909
Cu14,1.89,0.0002653636363636364
Cu14,1.95,0.0002832727272727273
Cu14,2.01,0.0003100909090909091
Cu14,2.0700000000000003,0.0003242727272727273
Cu14,2.13,0.0003520909090909091
Cu14,2.19,0.00037654545454545455
Cu14,2.25,0.0004013636363636364
Cu14,2.3099999999999996,0.0004278181818181818
Cu14,2.37,0.00046463636363636363
Cu14,2.4299999999999997,0.0004982727272727273
Cu14,2.49,0.0005351818181818182
Cu14,2.55,0.0005634545454545455
Cu14,2.61,0.0006105454545454545
Cu14,2.67,0.000655
Cu14,2.7299999999999995,0.0007001818181818182
Cu14,2.79,0.0007557272727272727
Cu14,2.8499999999999996,0.0007943636363636363
Cu14,2.91,0.0008585454545454545
Cu14,2.9699999999999998,0.0009230909090909091
Cu14,3.0300000000000002,0.000986
Cu14,3.09,0.0010605454545454546
Cu14,3.15,0.001115909090909091
Cu14,3.21,0.0012045454545454545
Cu14,3.2699999999999996,0.0012699090909090909
Cu14,3.33,0.0013745454545454545
Cu14,3.3899999999999997,0.0014505454545454546
Cu14,3.45,0.0015606363636363637
Cu14,3.51,0.0016631818181818182
Cu14,3.57,0.0017714545454545455
Cu14,3.63,0.0019088181818181819
Cu14,3.6899999999999995,0.002022272727272727
Cu14,3.75,0.0021647272727272726
Cu14,3.8099999999999996,0.0022993636363636363
Cu14,3.87,0.002445636363636364
Cu14,3.9299999999999997,0.0026122727272727274
Cu14,3.9899999999999998,0.0027680909090909093
Cu14,4.05,0.002946818181818182
Cu14,4.109999999999999,0.0031312727272727273
Cu14,4.17,0.0033074545454545453
Cu14,4.23,0.0035347272727272727
Cu14,4.29,0.003754090909090909
Cu14,4.35,0.003962454545454545
Cu14,4.41,0.004231727272727272
Cu14,4.47,0.0044571818181818185
Cu14,4.529999999999999,0.0047430909090909095
Cu14,4.59,0.005002090909090909
Cu14,4.65,0.005287363636363636
Cu14,4.71,0.005592727272727273
Cu14,4.77,0.005869636363636363
Cu14,4.83,0.006213909090909091
Cu14,4.89,0.006505545454545455
Cu14,4.949999999999999,0.006823636363636363
Cu14,5.01,0.007224272727272728
Cu14,5.07,0.00755
Cu14,5.13,0.007943818181818182
Cu14,5.1899999999999995,0.008291
Cu14,5.25,0.008697363636363637
Cu14,5.31,0.009057727272727273
Cu14,5.369999999999999,0.009506818181818182
Cu14,5.43,0.009857090909090909
Cu14,5.49,0.010265454545454545
Cu14,5.55,0.010719090909090909
Cu14,5.609999999999999,0.011093727272727272
Cu14,5.67,0.011491
Cu14,5.73,0.011955909090909092
Cu14,5.789999999999999,0.012328181818181818
Cu14,5.85,0.012710545454545455
Cu14,5.91,0.013148727272727272
Cu14,5.97,0.013554545454545455
Cu14,6.029999999999999,0.013891818181818182
Cu14,6.09,0.014299727272727273
Cu14,6.15,0.014606636363636363
Cu14,6.21,0.014982
Cu14,6.27,0.015342545454545454
Cu14,6.33,0.015577818181818182
Cu14,6.39,0.015912
Cu14,6.449999999999999,0.01615518181818182
Cu14,6.51,0.016405636363636365
Cu14,6.57,0.016626454545454545
Cu14,6.63,0.01681327272727273
Cu14,6.6899999999999995,0.016962818181818183
Cu14,6.75,0.017110818181818182
Cu14,6.81,0.017228818181818182
Cu14,6.869999999999999,0.017323636363636364
Cu14,6.93,0.01729290909090909
Cu14,6.99,0.01730909090909091
Cu14,7.05,0.01724290909090909
Cu14,7.109999999999999,0.017214727272727274
Cu14,7.17,0.017066636363636364
Cu14,7.2299999999999995,0.016951454545454544
Cu14,7.289999999999999,0.016773545454545454
Cu14,7.35,0.016556181818181817
Cu14,7.41,0.016338818181818184
Cu14,7.47,0.01604390909090909
Cu14,7.529999999999999,0.015729727272727274
Cu14,7.59,0.015358272727272727
Cu14,7.65,0.014994090909090908
Cu14,7.709999999999999,0.014588
Cu14,7.77,0.014212
Cu14,7.83,0.013785181818181818
Cu14,7.89,0.013332727272727272
Cu14,7.949999999999999,0.01287009090909091
Cu14,8.01,0.012363272727272728
Cu14,8.07,0.011874636363636363
Cu14,8.129999999999999,0.011363181818181817
Cu14,8.19,0.010850636363636364
Cu14,8.25,0.010349
Cu14,8.309999999999999,0.009834272727272728
Cu14,8.370000000000001,0.009294545454545455
Cu14,8.43,0.008775818181818182
Cu14,8.489999999999998,0.008292181818181818
Cu14,8.55,0.007765272727272727
Cu14,8.61,0.007276909090909091
Cu14,8.67,0.006788272727272727
Cu14,8.73,0.006331181818181818
Cu14,8.79,0.005874636363636364
Cu14,8.85,0.005442272727272727
Cu14,8.91,0.0050223636363636364
Cu14,8.969999999999999,0.004608545454545455
Cu14,9.030000000000001,0.004223181818181818
Cu14,9.09,0.003880818181818182
Cu14,9.149999999999999,0.0035296363636363637
Cu14,9.21,0.0032286363636363636
Cu14,9.27,0.0029209090909090908
Cu14,9.329999999999998,0.0026243636363636365
Cu14,9.39,0.0023577272727272726
Cu14,9.45,0.0021155454545454546
Cu14,9.51,0.0019026363636363637
Cu14,9.57,0.0016956363636363636
Cu14,9.629999999999999,0.0015024545454545455
Cu14,9.69,0.0013296363636363636
Cu14,9.75,0.001179
Cu14,9.809999999999999,0.0010332727272727273
Cu14,9.870000000000001,0.0009097272727272728
Cu14,9.93,0.0007930909090909091
Cu14,9.989999999999998,0.0006916363636363637
Cu14,10.05,0.000598
Cu14,10.11,0.0005178181818181818
Cu14,10.169999999999998,0.00043972727272727273
Cu14,10.23,0.00037627272727272726
Cu14,10.29,0.0003230909090909091
Cu14,10.35,0.00026963636363636366
Cu14,10.41,0.000233
Cu14,10.469999999999999,0.00019272727272727272
Cu14,10.53,0.00016272727272727272
Cu14,10.59,0.000134
Cu14,10.649999999999999,0.000117
Cu14,10.71,9.463636363636364e-05
Cu14,10.77,7.990909090909091e-05
Cu14,10.829999999999998,6.718181818181819e-05
Cu14,10.89,5.518181818181818e-05
Cu14,10.95,4.5e-05
Cu14,11.01,3.654545454545454e-05
Cu14,11.07,2.9727272727272727e-05
Cu14,11.129999999999999,2.4e-05
Cu14,11.19,1.881818181818182e-05
Cu14,11.25,1.5e-05
Cu14,11.309999999999999,1.1545454545454546e-05
Cu14,11.370000000000001,9e-06
Cu14,11.43,7.727272727272727e-06
Cu14,11.489999999999998,5.636363636363636e-06
Cu14,11.55,4.1818181818181814e-06
Cu14,11.61,2.9090909090909093e-06
Cu14,11.669999999999998,1.909090909090909e-06
Cu14,11.73,1.4545454545454546e-06
Cu14,11.79,1.1818181818181818e-06
Cu14,11.85,9.09090909090909e-07
Cu14,11.91,8.181818181818182e-07
Cu14,11.969999999999999,6.363636363636364e-07
Cu14,12.03,6.363636363636364e-07
Cu14,12.09,4.545454545454545e-07
Cu14,12.149999999999999,3.6363636363636366e-07
Cu14,12.21,2.7272727272727274e-07
Cu14,12.27,1.8181818181818183e-07
Cu14,12.329999999999998,2.7272727272727274e-07
Cu14,12.39,9.090909090909091e-08
Cu14,12.45,9.090909090909091e-08
Cu14,12.51,9.090909090909091e-08
Cu14,12.57,9.090909090909091e-08
Cu14,12.629999999999999,9.090909090909091e-08
Cu14,12.69,9.090909090909091e-08
