name,energy,flux
Ni08,27.45,6.666666666666667e-07
Ni08,27.509999999999998,3.3333333333333335e-07
Ni08,27.57,1e-06
Ni08,27.63,6.666666666666667e-07
Ni08,27.689999999999998,3.3333333333333335e-07
Ni08,27.75,2.333333333333333e-06
Ni08,27.81,4.333333333333333e-06
Ni08,27.869999999999997,6.666666666666667e-06
Ni08,27.93,1.1e-05
Ni08,27.99,1.7e-05
Ni08,28.049999999999997,2.8333333333333332e-05
Ni08,28.11,5.1e-05
Ni08,28.17,7.5e-05
Ni08,28.229999999999997,0.00012633333333333333
Ni08,28.29,0.000184
Ni08,28.35,0.0002843333333333333
Ni08,28.409999999999997,0.000442
Ni08,28.47,0.0006273333333333334
Ni08,28.53,0.000928
Ni08,28.589999999999996,0.0013513333333333333
Ni08,28.65,0.001875
Ni08,28.71,0.0026306666666666666
Ni08,28.769999999999996,0.003518
Ni08,28.83,0.004701333333333333
Ni08,28.89,0.006160333333333334
Ni08,28.95,0.008020666666666667
Ni08,29.009999999999998,0.010116333333333333
Ni08,29.07,0.01249
Ni08,29.13,0.015584
Ni08,29.189999999999998,0.018701
Ni08,29.25,0.02233366666666667
Ni08,29.31,0.026101666666666665
Ni08,29.369999999999997,0.029863
Ni08,29.43,0.034037
Ni08,29.49,0.037745666666666663
Ni08,29.549999999999997,0.04137233333333333
Ni08,29.61,0.04466033333333334
Ni08,29.67,0.047156
Ni08,29.729999999999997,0.049333666666666665
Ni08,29.79,0.05057933333333333
Ni08,29.85,0.050943
Ni08,29.909999999999997,0.05070633333333333
Ni08,29.97,0.04949033333333333
Ni08,30.03,0.047669
Ni08,30.089999999999996,0.04521733333333333
Ni08,30.15,0.041724
Ni08,30.21,0.038504333333333335
Ni08,30.269999999999996,0.03453933333333333
Ni08,30.33,0.030591666666666666
Ni08,30.39,0.026676
Ni08,30.45,0.022664
Ni08,30.509999999999998,0.019254666666666666
Ni08,30.57,0.015809666666666666
Ni08,30.63,0.012925666666666667
Ni08,30.689999999999998,0.010351
Ni08,30.75,0.008158666666666666
Ni08,30.81,0.0063226666666666665
Ni08,30.869999999999997,0.004803333333333333
Ni08,30.93,0.003576
Ni08,30.99,0.002703
Ni08,31.049999999999997,0.0019276666666666667
Ni08,31.11,0.0013893333333333333
Ni08,31.17,0.0009573333333333334
Ni08,31.229999999999997,0.0006763333333333334
Ni08,31.29,0.0004583333333333333
Ni08,31.35,0.00030566666666666665
Ni08,31.409999999999997,0.00020833333333333335
Ni08,31.47,0.00011466666666666667
Ni08,31.53,8.6e-05
Ni08,31.589999999999996,5.4e-05
Ni08,31.65,2.6e-05
Ni08,31.71,1.7333333333333332e-05
Ni08,31.769999999999996,1e-05
Ni08,31.83,4.333333333333333e-06
Ni08,31.89,5.666666666666667e-06
Ni08,31.95,1.3333333333333334e-06
Ni08,32.01,2.333333333333333e-06
Ni08,32.07,1.3333333333333334e-06
Ni08,32.129999999999995,0.0
Ni08,32.19,1e-06
Ni08,32.25,0.0
Ni08,32.31,3.3333333333333335e-07
Ni08,32.37,3.3333333333333335e-07
Ni08,32.43,3.3333333333333335e-07
Sn08,27.33,6.666666666666667e-07
Sn08,27.39,1e-06
Sn08,27.45,1e-06
Sn08,27.509999999999998,1e-06
Sn08,27.57,1.3333333333333334e-06
Sn08,27.63,1e-06
Sn08,27.689999999999998,4.666666666666666e-06
Sn08,27.75,7.333333333333333e-06
Sn08,27.81,1.3e-05
Sn08,27.869999999999997,2.4666666666666665e-05
Sn08,27.93,3.4666666666666665e-05
Sn08,27.99,5.833333333333333e-05
Sn08,28.049999999999997,9.4e-05
Sn08,28.11,0.000153
Sn08,28.17,0.00023733333333333335
Sn08,28.229999999999997,0.0003573333333333333
Sn08,28.29,0.000522
Sn08,28.35,0.0007896666666666667
Sn08,28.409999999999997,0.001159
Sn08,28.47,0.0016543333333333334
Sn08,28.53,0.0023903333333333333
Sn08,28.589999999999996,0.003298
Sn08,28.65,0.004393333333333333
Sn08,28.71,0.005803666666666667
Sn08,28.769999999999996,0.007552333333333334
Sn08,28.83,0.009743666666666666
Sn08,28.89,0.012324
Sn08,28.95,0.015319
Sn08,29.009999999999998,0.018507666666666665
Sn08,29.07,0.022236666666666665
Sn08,29.13,0.026343666666666668
Sn08,29.189999999999998,0.030415333333333332
Sn08,29.25,0.03462966666666667
Sn08,29.31,0.038618
Sn08,29.369999999999997,0.042466666666666666
Sn08,29.43,0.04595866666666667
Sn08,29.49,0.048568
Sn08,29.549999999999997,0.05083133333333333
Sn08,29.61,0.051949666666666665
Sn08,29.67,0.052372
Sn08,29.729999999999997,0.051967
Sn08,29.79,0.05038
Sn08,29.85,0.04834033333333333
Sn08,29.909999999999997,0.045627
Sn08,29.97,0.042347
Sn08,30.03,0.038504333333333335
Sn08,30.089999999999996,0.034194666666666665
Sn08,30.15,0.029933666666666667
Sn08,30.21,0.025834
Sn08,30.269999999999996,0.021816666666666668
Sn08,30.33,0.018226666666666665
Sn08,30.39,0.014889
Sn08,30.45,0.012067666666666668
Sn08,30.509999999999998,0.009456333333333334
Sn08,30.57,0.007294666666666666
Sn08,30.63,0.005595666666666666
Sn08,30.689999999999998,0.004242666666666666
Sn08,30.75,0.0031233333333333334
Sn08,30.81,0.002286666666666667
Sn08,30.869999999999997,0.0016063333333333333
Sn08,30.93,0.001127
Sn08,30.99,0.0007913333333333333
Sn08,31.049999999999997,0.0005496666666666666
Sn08,31.11,0.0003406666666666667
Sn08,31.17,0.00022633333333333332
Sn08,31.229999999999997,0.00016633333333333333
Sn08,31.29,9.1e-05
Sn08,31.35,5.5333333333333334e-05
Sn08,31.409999999999997,3.366666666666667e-05
Sn08,31.47,1.8e-05
Sn08,31.53,8.666666666666666e-06
Sn08,31.589999999999996,7.333333333333333e-06
Sn08,31.65,4e-06
Sn08,31.71,4.333333333333333e-06
Sn08,31.769999999999996,2.333333333333333e-06
Sn08,31.83,6.666666666666667e-07
Sn08,31.89,6.666666666666667e-07
Sn08,31.95,0.0
Sn08,32.01,3.3333333333333335e-07
Sn08,32.07,6.666666666666667e-07
Sn08,32.129999999999995,6.666666666666667e-07
Sn08,32.19,3.3333333333333335e-07
Ta08,27.089999999999996,6.666666666666667e-07
Ta08,27.15,3.3333333333333335e-07
Ta08,27.21,1e-06
Ta08,27.27,6.666666666666667e-07
Ta08,27.33,1e-06
Ta08,27.39,2e-06
Ta08,27.45,2.666666666666667e-06
Ta08,27.509999999999998,5.333333333333334e-06
Ta08,27.57,1e-05
Ta08,27.63,1.633333333333333e-05
Ta08,27.689999999999998,2.5666666666666666e-05
Ta08,27.75,4.5e-05
Ta08,27.81,6.6e-05
Ta08,27.869999999999997,0.000116
Ta08,27.93,0.00016333333333333334
Ta08,27.99,0.000269
Ta08,28.049999999999997,0.00038133333333333335
Ta08,28.11,0.000597
Ta08,28.17,0.0008226666666666666
Ta08,28.229999999999997,0.0012426666666666667
Ta08,28.29,0.0017523333333333334
Ta08,28.35,0.0024326666666666667
Ta08,28.409999999999997,0.0032963333333333334
Ta08,28.47,0.0044013333333333335
Ta08,28.53,0.005843666666666666
Ta08,28.589999999999996,0.007513
Ta08,28.65,0.009642333333333333
Ta08,28.71,0.011944666666666666
Ta08,28.769999999999996,0.01487
Ta08,28.83,0.018004666666666665
Ta08,28.89,0.021574666666666666
Ta08,28.95,0.025242333333333332
Ta08,29.009999999999998,0.029226666666666668
Ta08,29.07,0.033107333333333336
Ta08,29.13,0.037206333333333334
Ta08,29.189999999999998,0.040673
Ta08,29.25,0.044127
Ta08,29.31,0.046901
Ta08,29.369999999999997,0.049054
Ta08,29.43,0.050517
Ta08,29.49,0.05107166666666667
Ta08,29.549999999999997,0.05090833333333333
Ta08,29.61,0.049949
Ta08,29.67,0.04804133333333333
Ta08,29.729999999999997,0.04581233333333333
Ta08,29.79,0.04260333333333333
Ta08,29.85,0.03920733333333333
Ta08,29.909999999999997,0.03534966666666667
Ta08,29.97,0.031385
Ta08,30.03,0.027365333333333332
Ta08,30.089999999999996,0.023390333333333332
Ta08,30.15,0.019815666666666665
Ta08,30.21,0.016453666666666665
Ta08,30.269999999999996,0.013360333333333333
Ta08,30.33,0.010790666666666667
Ta08,30.39,0.008481333333333334
Ta08,30.45,0.006625
Ta08,30.509999999999998,0.005018
Ta08,30.57,0.003783
Ta08,30.63,0.0028226666666666665
Ta08,30.689999999999998,0.0020556666666666666
Ta08,30.75,0.001471
Ta08,30.81,0.001032
Ta08,30.869999999999997,0.000708
Ta08,30.93,0.0004916666666666666
Ta08,30.99,0.00033466666666666665
Ta08,31.049999999999997,0.000215
Ta08,31.11,0.000134
Ta08,31.17,8.966666666666667e-05
Ta08,31.229999999999997,5.6666666666666664e-05
Ta08,31.29,2.966666666666667e-05
Ta08,31.35,1.9e-05
Ta08,31.409999999999997,1.1e-05
Ta08,31.47,5.666666666666667e-06
Ta08,31.53,5e-06
Ta08,31.589999999999996,2.666666666666667e-06
Ta08,31.65,1.6666666666666667e-06
Ta08,31.71,1.6666666666666667e-06
Ta08,31.769999999999996,3.3333333333333335e-07
Ta08,31.83,3.3333333333333335e-07
Ta08,31.89,6.666666666666667e-07
Ta08,31.95,0.0
Ta08,32.01,6.666666666666667e-07
Ta08,32.07,0.0
Ta08,32.129999999999995,3.3333333333333335e-07
Cu08,26.79,6.666666666666667e-07
Cu08,26.85,3.3333333333333335e-07
Cu08,26.909999999999997,3.3333333333333335e-07
Cu08,26.97,1e-06
Cu08,27.03,6.666666666666667e-07
Cu08,27.089999999999996,1.3333333333333334e-06
Cu08,27.15,3.6666666666666666e-06
Cu08,27.21,4e-06
Cu08,27.27,7.666666666666667e-06
Cu08,27.33,1.4666666666666666e-05
Cu08,27.39,1.8333333333333333e-05
Cu08,27.45,3.633333333333333e-05
Cu08,27.509999999999998,5.6666666666666664e-05
Cu08,27.57,9.066666666666667e-05
Cu08,27.63,0.00014433333333333334
Cu08,27.689999999999998,0.000208
Cu08,27.75,0.0003206666666666667
Cu08,27.81,0.000483
Cu08,27.869999999999997,0.000688
Cu08,27.93,0.0010463333333333334
Cu08,27.99,0.0014616666666666667
Cu08,28.049999999999997,0.0020296666666666666
Cu08,28.11,0.002808
Cu08,28.17,0.003702
Cu08,28.229999999999997,0.004962
Cu08,28.29,0.006471
Cu08,28.35,0.008355
Cu08,28.409999999999997,0.010428666666666666
Cu08,28.47,0.012914
Cu08,28.53,0.015947333333333334
Cu08,28.589999999999996,0.019086666666666665
Cu08,28.65,0.022741333333333332
Cu08,28.71,0.026303
Cu08,28.769999999999996,0.030207
Cu08,28.83,0.034181666666666666
Cu08,28.89,0.037864666666666665
Cu08,28.95,0.041327
Cu08,29.009999999999998,0.044572
Cu08,29.07,0.046913333333333335
Cu08,29.13,0.049028
Cu08,29.189999999999998,0.05014766666666667
Cu08,29.25,0.05047566666666667
Cu08,29.31,0.05023266666666667
Cu08,29.369999999999997,0.048966333333333334
Cu08,29.43,0.047119666666666664
Cu08,29.49,0.04470933333333333
Cu08,29.549999999999997,0.041365
Cu08,29.61,0.038163666666666665
Cu08,29.67,0.03417666666666667
Cu08,29.729999999999997,0.030309
Cu08,29.79,0.026549333333333335
Cu08,29.85,0.022538666666666665
Cu08,29.909999999999997,0.019182666666666667
Cu08,29.97,0.015847333333333335
Cu08,30.03,0.012931333333333333
Cu08,30.089999999999996,0.010399
Cu08,30.15,0.008217333333333333
Cu08,30.21,0.006396666666666667
Cu08,30.269999999999996,0.0048916666666666666
Cu08,30.33,0.003658
Cu08,30.39,0.0027623333333333332
Cu08,30.45,0.001994333333333333
Cu08,30.509999999999998,0.0014306666666666667
Cu08,30.57,0.0010123333333333334
Cu08,30.63,0.0007046666666666667
Cu08,30.689999999999998,0.0004856666666666667
Cu08,30.75,0.0003246666666666667
Cu08,30.81,0.000219
Cu08,30.869999999999997,0.00013133333333333335
Cu08,30.93,8.833333333333333e-05
Cu08,30.99,5.9e-05
Cu08,31.049999999999997,2.9333333333333333e-05
Cu08,31.11,1.9e-05
Cu08,31.17,1.2333333333333333e-05
Cu08,31.229999999999997,4.666666666666666e-06
Cu08,31.29,5.666666666666667e-06
Cu08,31.35,2.666666666666667e-06
Cu08,31.409999999999997,1.3333333333333334e-06
Cu08,31.47,1.6666666666666667e-06
Cu08,31.53,6.666666666666667e-07
Cu08,31.589999999999996,3.3333333333333335e-07
Cu08,31.65,6.666666666666667e-07
Cu08,31.71,0.0
Cu08,31.769999999999996,6.666666666666667e-07
Cu08,31.83,0.0
Cu08,31.89,3.3333333333333335e-07
Al_degrader_E2_E1,24.57,2.857142857142857e-07
Al_degrader_E2_E1,24.63,1.4285714285714285e-07
Al_degrader_E2_E1,24.689999999999998,0.0
Al_degrader_E2_E1,24.75,1.4285714285714285e-07
Al_degrader_E2_E1,24.81,1.4285714285714285e-07
Al_degrader_E2_E1,24.869999999999997,1.4285714285714285e-07
Al_degrader_E2_E1,24.93,7.142857142857143e-07
Al_degrader_E2_E1,24.990000000000002,1.2857142857142858e-06
Al_degrader_E2_E1,25.049999999999997,2e-06
Al_degrader_E2_E1,25.11,3.142857142857143e-06
Al_degrader_E2_E1,25.17,4.857142857142857e-06
Al_degrader_E2_E1,25.229999999999997,6.5714285714285714e-06
Al_degrader_E2_E1,25.29,1.1714285714285715e-05
Al_degrader_E2_E1,25.35,1.757142857142857e-05
Al_degrader_E2_E1,25.409999999999997,2.8285714285714287e-05
Al_degrader_E2_E1,25.47,4.142857142857143e-05
Al_degrader_E2_E1,25.53,5.9857142857142856e-05
Al_degrader_E2_E1,25.589999999999996,8.285714285714286e-05
Al_degrader_E2_E1,25.65,0.00013371428571428573
Al_degrader_E2_E1,25.71,0.0001772857142857143
Al_degrader_E2_E1,25.77,0.0002564285714285714
Al_degrader_E2_E1,25.83,0.00035885714285714286
Al_degrader_E2_E1,25.89,0.0005007142857142858
Al_degrader_E2_E1,25.95,0.0006391428571428571
Al_degrader_E2_E1,26.009999999999998,0.0008675714285714286
Al_degrader_E2_E1,26.07,0.0011144285714285713
Al_degrader_E2_E1,26.13,0.0014497142857142857
Al_degrader_E2_E1,26.189999999999998,0.0018408571428571428
Al_degrader_E2_E1,26.25,0.0023744285714285716
Al_degrader_E2_E1,26.31,0.0028622857142857143
Al_degrader_E2_E1,26.369999999999997,0.0034955714285714286
Al_degrader_E2_E1,26.43,0.004277571428571428
Al_degrader_E2_E1,26.49,0.005094714285714286
Al_degrader_E2_E1,26.549999999999997,0.006020571428571429
Al_degrader_E2_E1,26.61,0.007064285714285714
Al_degrader_E2_E1,26.67,0.008057571428571428
Al_degrader_E2_E1,26.729999999999997,0.009203571428571429
Al_degrader_E2_E1,26.79,0.010444857142857143
Al_degrader_E2_E1,26.85,0.011573857142857143
Al_degrader_E2_E1,26.909999999999997,0.012848714285714286
Al_degrader_E2_E1,26.97,0.014097142857142857
Al_degrader_E2_E1,27.03,0.015170285714285714
Al_degrader_E2_E1,27.089999999999996,0.016334714285714286
Al_degrader_E2_E1,27.15,0.01745357142857143
Al_degrader_E2_E1,27.21,0.018409571428571428
Al_degrader_E2_E1,27.27,0.019409
Al_degrader_E2_E1,27.33,0.020312714285714285
Al_degrader_E2_E1,27.39,0.021006857142857143
Al_degrader_E2_E1,27.45,0.021690857142857144
Al_degrader_E2_E1,27.509999999999998,0.022221571428571427
Al_degrader_E2_E1,27.57,0.022715142857142857
Al_degrader_E2_E1,27.63,0.02317457142857143
Al_degrader_E2_E1,27.689999999999998,0.023550142857142856
Al_degrader_E2_E1,27.75,0.023829714285714287
Al_degrader_E2_E1,27.81,0.024108857142857144
Al_degrader_E2_E1,27.869999999999997,0.024215857142857143
Al_degrader_E2_E1,27.93,0.024394142857142857
Al_degrader_E2_E1,27.99,0.024536285714285715
Al_degrader_E2_E1,28.049999999999997,0.024587857142857144
Al_degrader_E2_E1,28.11,0.02469042857142857
Al_degrader_E2_E1,28.17,0.024731142857142858
Al_degrader_E2_E1,28.229999999999997,0.02459957142857143
Al_degrader_E2_E1,28.29,0.024682142857142857
Al_degrader_E2_E1,28.35,0.024619571428571428
Al_degrader_E2_E1,28.409999999999997,0.024403714285714286
Al_degrader_E2_E1,28.47,0.024278571428571427
Al_degrader_E2_E1,28.53,0.024059285714285714
Al_degrader_E2_E1,28.589999999999996,0.023578714285714286
Al_degrader_E2_E1,28.65,0.023318714285714286
Al_degrader_E2_E1,28.71,0.022757714285714287
Al_degrader_E2_E1,28.769999999999996,0.022136714285714287
Al_degrader_E2_E1,28.83,0.021489428571428573
Al_degrader_E2_E1,28.89,0.020525714285714286
Al_degrader_E2_E1,28.95,0.01959357142857143
Al_degrader_E2_E1,29.009999999999998,0.01858114285714286
Al_degrader_E2_E1,29.07,0.017397857142857142
Al_degrader_E2_E1,29.13,0.01621842857142857
Al_degrader_E2_E1,29.189999999999998,0.014951857142857143
Al_degrader_E2_E1,29.25,0.013515142857142858
Al_degrader_E2_E1,29.31,0.01220942857142857
Al_degrader_E2_E1,29.369999999999997,0.010903857142857142
Al_degrader_E2_E1,29.43,0.009587428571428571
Al_degrader_E2_E1,29.49,0.008353714285714285
Al_degrader_E2_E1,29.549999999999997,0.0071187142857142855
Al_degrader_E2_E1,29.61,0.0060467142857142855
Al_degrader_E2_E1,29.67,0.005008285714285714
Al_degrader_E2_E1,29.729999999999997,0.004123
Al_degrader_E2_E1,29.79,0.0033522857142857143
Al_degrader_E2_E1,29.85,0.0026847142857142855
Al_degrader_E2_E1,29.909999999999997,0.002138142857142857
Al_degrader_E2_E1,29.97,0.001636142857142857
Al_degrader_E2_E1,30.03,0.001236142857142857
Al_degrader_E2_E1,30.089999999999996,0.0009407142857142857
Al_degrader_E2_E1,30.15,0.0007038571428571429
Al_degrader_E2_E1,30.21,0.0005112857142857143
Al_degrader_E2_E1,30.269999999999996,0.0003772857142857143
Al_degrader_E2_E1,30.33,0.000253
Al_degrader_E2_E1,30.39,0.00018742857142857143
Al_degrader_E2_E1,30.45,0.00012042857142857143
Al_degrader_E2_E1,30.509999999999998,8.842857142857143e-05
Al_degrader_E2_E1,30.57,5.6e-05
Al_degrader_E2_E1,30.63,3.257142857142857e-05
Al_degrader_E2_E1,30.689999999999998,2.7285714285714286e-05
Al_degrader_E2_E1,30.75,1.4857142857142857e-05
Al_degrader_E2_E1,30.81,8.428571428571429e-06
Al_degrader_E2_E1,30.869999999999997,5.857142857142857e-06
Al_degrader_E2_E1,30.93,2.8571428571428573e-06
Al_degrader_E2_E1,30.99,1.2857142857142858e-06
Al_degrader_E2_E1,31.049999999999997,1.5714285714285714e-06
Al_degrader_E2_E1,31.11,2.857142857142857e-07
Al_degrader_E2_E1,31.17,7.142857142857143e-07
Al_degrader_E2_E1,31.229999999999997,5.714285714285714e-07
Al_degrader_E2_E1,31.29,1.4285714285714285e-07
Al_degrader_E2_E1,31.35,1.4285714285714285e-07
Al_degrader_E2_E1,31.409999999999997,0.0
Al_degrader_E2_E1,31.47,0.0
Al_degrader_E2_E1,31.53,1.4285714285714285e-07
Al_degrader_E2_E1,31.589999999999996,0.0
Al_degrader_E2_E1,31.65,1.4285714285714285e-07
Ni09,24.27,6.666666666666667e-07
Ni09,24.33,3.3333333333333335e-07
Ni09,24.39,6.666666666666667e-07
Ni09,24.45,1e-06
Ni09,24.509999999999998,3.3333333333333335e-07
Ni09,24.57,1.3333333333333334e-06
Ni09,24.63,3.6666666666666666e-06
Ni09,24.689999999999998,2.666666666666667e-06
Ni09,24.75,7.666666666666667e-06
Ni09,24.81,1e-05
Ni09,24.869999999999997,1.6e-05
Ni09,24.93,2.6333333333333334e-05
Ni09,24.990000000000002,4.566666666666667e-05
Ni09,25.049999999999997,5.933333333333334e-05
Ni09,25.11,0.000106
Ni09,25.17,0.00014766666666666666
Ni09,25.229999999999997,0.00021433333333333333
Ni09,25.29,0.00031466666666666665
Ni09,25.35,0.0004623333333333333
Ni09,25.409999999999997,0.0006443333333333333
Ni09,25.47,0.000946
Ni09,25.53,0.0013086666666666667
Ni09,25.589999999999996,0.0017413333333333332
Ni09,25.65,0.002386
Ni09,25.71,0.0031366666666666665
Ni09,25.77,0.004099
Ni09,25.83,0.005294666666666666
Ni09,25.89,0.006697333333333333
Ni09,25.95,0.008459333333333333
Ni09,26.009999999999998,0.010313666666666667
Ni09,26.07,0.012639
Ni09,26.13,0.015261
Ni09,26.189999999999998,0.017997333333333334
Ni09,26.25,0.021183
Ni09,26.31,0.024303
Ni09,26.369999999999997,0.027573
Ni09,26.43,0.031113333333333333
Ni09,26.49,0.034369333333333335
Ni09,26.549999999999997,0.037420666666666665
Ni09,26.61,0.04031766666666667
Ni09,26.67,0.042673
Ni09,26.729999999999997,0.044770333333333336
Ni09,26.79,0.046212666666666666
Ni09,26.85,0.046851333333333335
Ni09,26.909999999999997,0.04699866666666667
Ni09,26.97,0.04678566666666667
Ni09,27.03,0.04546833333333333
Ni09,27.089999999999996,0.043915333333333334
Ni09,27.15,0.041750666666666665
Ni09,27.21,0.03884566666666667
Ni09,27.27,0.03610733333333333
Ni09,27.33,0.032766
Ni09,27.39,0.029347
Ni09,27.45,0.026015666666666666
Ni09,27.509999999999998,0.022532
Ni09,27.57,0.019433333333333334
Ni09,27.63,0.016461
Ni09,27.689999999999998,0.013634
Ni09,27.75,0.011339
Ni09,27.81,0.009141333333333333
Ni09,27.869999999999997,0.007324
Ni09,27.93,0.005792
Ni09,27.99,0.004470666666666667
Ni09,28.049999999999997,0.0034173333333333334
Ni09,28.11,0.002611
Ni09,28.17,0.001935
Ni09,28.229999999999997,0.001425
Ni09,28.29,0.0010453333333333332
Ni09,28.35,0.000711
Ni09,28.409999999999997,0.0005293333333333334
Ni09,28.47,0.00035233333333333335
Ni09,28.53,0.00025433333333333335
Ni09,28.589999999999996,0.000168
Ni09,28.65,9.6e-05
Ni09,28.71,7.8e-05
Ni09,28.769999999999996,4.8e-05
Ni09,28.83,2.3333333333333332e-05
Ni09,28.89,1.6666666666666667e-05
Ni09,28.95,1.1e-05
Ni09,29.009999999999998,4.666666666666666e-06
Ni09,29.07,4.666666666666666e-06
Ni09,29.13,3.3333333333333333e-06
Ni09,29.189999999999998,6.666666666666667e-07
Ni09,29.25,2.333333333333333e-06
Ni09,29.31,6.666666666666667e-07
Ni09,29.369999999999997,3.3333333333333335e-07
Ni09,29.43,6.666666666666667e-07
Ni09,29.49,0.0
Ni09,29.549999999999997,3.3333333333333335e-07
Ni09,29.61,3.3333333333333335e-07
Ni09,29.67,3.3333333333333335e-07
Sn09,24.15,6.666666666666667e-07
Sn09,24.21,1e-06
Sn09,24.27,1e-06
Sn09,24.33,6.666666666666667e-07
Sn09,24.39,1.3333333333333334e-06
Sn09,24.45,1e-06
Sn09,24.509999999999998,2e-06
Sn09,24.57,4.666666666666666e-06
Sn09,24.63,9.666666666666667e-06
Sn09,24.689999999999998,1.4333333333333334e-05
Sn09,24.75,2.5333333333333334e-05
Sn09,24.81,3.3333333333333335e-05
Sn09,24.869999999999997,5.266666666666667e-05
Sn09,24.93,8.3e-05
Sn09,24.990000000000002,0.00013266666666666667
Sn09,25.049999999999997,0.0002
Sn09,25.11,0.0002843333333333333
Sn09,25.17,0.0004023333333333333
Sn09,25.229999999999997,0.000607
Sn09,25.29,0.000853
Sn09,25.35,0.001185
Sn09,25.409999999999997,0.001669
Sn09,25.47,0.0023436666666666666
Sn09,25.53,0.0030886666666666666
Sn09,25.589999999999996,0.004037333333333334
Sn09,25.65,0.005203666666666666
Sn09,25.71,0.006628333333333333
Sn09,25.77,0.008417333333333334
Sn09,25.83,0.010533333333333334
Sn09,25.89,0.012926
Sn09,25.95,0.015487666666666667
Sn09,26.009999999999998,0.018412666666666667
Sn09,26.07,0.021729333333333333
Sn09,26.13,0.025224666666666666
Sn09,26.189999999999998,0.028754666666666668
Sn09,26.25,0.032202
Sn09,26.31,0.035608666666666663
Sn09,26.369999999999997,0.038871666666666665
Sn09,26.43,0.04196266666666667
Sn09,26.49,0.04433533333333333
Sn09,26.549999999999997,0.046164666666666666
Sn09,26.61,0.047678333333333336
Sn09,26.67,0.048167
Sn09,26.729999999999997,0.04824966666666667
Sn09,26.79,0.04737966666666667
Sn09,26.85,0.04593766666666667
Sn09,26.909999999999997,0.044005333333333334
Sn09,26.97,0.041716666666666666
Sn09,27.03,0.038815
Sn09,27.089999999999996,0.035572
Sn09,27.15,0.03183766666666667
Sn09,27.21,0.028157333333333333
Sn09,27.27,0.024723666666666668
Sn09,27.33,0.021277
Sn09,27.39,0.018002666666666667
Sn09,27.45,0.015054333333333333
Sn09,27.509999999999998,0.012526333333333334
Sn09,27.57,0.010155666666666667
Sn09,27.63,0.008047
Sn09,27.689999999999998,0.006264
Sn09,27.75,0.004947333333333333
Sn09,27.81,0.003811
Sn09,27.869999999999997,0.0028536666666666667
Sn09,27.93,0.002154333333333333
Sn09,27.99,0.001546
Sn09,28.049999999999997,0.001099
Sn09,28.11,0.000815
Sn09,28.17,0.0005683333333333333
Sn09,28.229999999999997,0.0003916666666666667
Sn09,28.29,0.00025466666666666666
Sn09,28.35,0.00018366666666666667
Sn09,28.409999999999997,0.00012133333333333333
Sn09,28.47,7.3e-05
Sn09,28.53,4.5e-05
Sn09,28.589999999999996,3e-05
Sn09,28.65,1.3e-05
Sn09,28.71,8.333333333333334e-06
Sn09,28.769999999999996,7e-06
Sn09,28.83,3.6666666666666666e-06
Sn09,28.89,3.6666666666666666e-06
Sn09,28.95,3e-06
Sn09,29.009999999999998,1.3333333333333334e-06
Sn09,29.07,3.3333333333333335e-07
Sn09,29.13,3.3333333333333335e-07
Sn09,29.189999999999998,3.3333333333333335e-07
Sn09,29.25,3.3333333333333335e-07
Sn09,29.31,6.666666666666667e-07
Sn09,29.369999999999997,3.3333333333333335e-07
Sn09,29.43,3.3333333333333335e-07
Ta09,23.85,3.3333333333333335e-07
Ta09,23.909999999999997,6.666666666666667e-07
Ta09,23.97,0.0
Ta09,24.03,1e-06
Ta09,24.089999999999996,6.666666666666667e-07
Ta09,24.15,1.3333333333333334e-06
Ta09,24.21,1.6666666666666667e-06
Ta09,24.27,2.666666666666667e-06
Ta09,24.33,4.333333333333333e-06
Ta09,24.39,8.333333333333334e-06
Ta09,24.45,1.1333333333333334e-05
Ta09,24.509999999999998,1.9e-05
Ta09,24.57,2.966666666666667e-05
Ta09,24.63,4.6666666666666665e-05
Ta09,24.689999999999998,6.733333333333333e-05
Ta09,24.75,0.00011566666666666667
Ta09,24.81,0.00015766666666666666
Ta09,24.869999999999997,0.000245
Ta09,24.93,0.000337
Ta09,24.990000000000002,0.0005056666666666666
Ta09,25.049999999999997,0.000689
Ta09,25.11,0.0010166666666666666
Ta09,25.17,0.0013536666666666666
Ta09,25.229999999999997,0.0019006666666666666
Ta09,25.29,0.00251
Ta09,25.35,0.003314
Ta09,25.409999999999997,0.0043233333333333335
Ta09,25.47,0.0055836666666666665
Ta09,25.53,0.006973333333333333
Ta09,25.589999999999996,0.008835333333333334
Ta09,25.65,0.010705666666666667
Ta09,25.71,0.013138
Ta09,25.77,0.015695333333333332
Ta09,25.83,0.018641666666666667
Ta09,25.89,0.02178333333333333
Ta09,25.95,0.024819
Ta09,26.009999999999998,0.028363333333333334
Ta09,26.07,0.031671333333333336
Ta09,26.13,0.034946
Ta09,26.189999999999998,0.037962
Ta09,26.25,0.04087433333333333
Ta09,26.31,0.043137
Ta09,26.369999999999997,0.04498866666666667
Ta09,26.43,0.046349
Ta09,26.49,0.046997
Ta09,26.549999999999997,0.046961333333333334
Ta09,26.61,0.046418666666666664
Ta09,26.67,0.04517966666666667
Ta09,26.729999999999997,0.04348066666666667
Ta09,26.79,0.041246333333333336
Ta09,26.85,0.03839666666666667
Ta09,26.909999999999997,0.035473333333333336
Ta09,26.97,0.032138
Ta09,27.03,0.028730666666666668
Ta09,27.089999999999996,0.025358666666666668
Ta09,27.15,0.02186
Ta09,27.21,0.018871666666666665
Ta09,27.27,0.015902666666666666
Ta09,27.33,0.013231
Ta09,27.39,0.010868
Ta09,27.45,0.008763666666666666
Ta09,27.509999999999998,0.007066666666666666
Ta09,27.57,0.005520333333333334
Ta09,27.63,0.004285
Ta09,27.689999999999998,0.003252333333333333
Ta09,27.75,0.0024946666666666667
Ta09,27.81,0.0018463333333333333
Ta09,27.869999999999997,0.0013546666666666666
Ta09,27.93,0.0009813333333333334
Ta09,27.99,0.0006883333333333333
Ta09,28.049999999999997,0.0004926666666666666
Ta09,28.11,0.000347
Ta09,28.17,0.000224
Ta09,28.229999999999997,0.000163
Ta09,28.29,9.633333333333333e-05
Ta09,28.35,7.433333333333333e-05
Ta09,28.409999999999997,3.6e-05
Ta09,28.47,2.7666666666666667e-05
Ta09,28.53,1.3333333333333333e-05
Ta09,28.589999999999996,1e-05
Ta09,28.65,4.666666666666666e-06
Ta09,28.71,4.666666666666666e-06
Ta09,28.769999999999996,2.333333333333333e-06
Ta09,28.83,1.6666666666666667e-06
Ta09,28.89,1.6666666666666667e-06
Ta09,28.95,6.666666666666667e-07
Ta09,29.009999999999998,3.3333333333333335e-07
Ta09,29.07,6.666666666666667e-07
Ta09,29.13,0.0
Ta09,29.189999999999998,6.666666666666667e-07
Ta09,29.25,0.0
Ta09,29.31,3.3333333333333335e-07
Cu09,23.549999999999997,6.666666666666667e-07
Cu09,23.61,3.3333333333333335e-07
Cu09,23.67,0.0
Cu09,23.729999999999997,1e-06
Cu09,23.79,6.666666666666667e-07
Cu09,23.85,6.666666666666667e-07
Cu09,23.909999999999997,2.333333333333333e-06
Cu09,23.97,2.666666666666667e-06
Cu09,24.03,4.333333333333333e-06
Cu09,24.089999999999996,7.333333333333333e-06
Cu09,24.15,1.4333333333333334e-05
Cu09,24.21,1.7333333333333332e-05
Cu09,24.27,3.2e-05
Cu09,24.33,4.7e-05
Cu09,24.39,6.7e-05
Cu09,24.45,0.00011133333333333333
Cu09,24.509999999999998,0.00015266666666666667
Cu09,24.57,0.00023666666666666665
Cu09,24.63,0.00033133333333333333
Cu09,24.689999999999998,0.0004823333333333333
Cu09,24.75,0.0006693333333333333
Cu09,24.81,0.0009746666666666666
Cu09,24.869999999999997,0.0013253333333333333
Cu09,24.93,0.0017833333333333334
Cu09,24.990000000000002,0.0024053333333333335
Cu09,25.049999999999997,0.003158666666666667
Cu09,25.11,0.004111666666666666
Cu09,25.17,0.005284666666666667
Cu09,25.229999999999997,0.006643666666666667
Cu09,25.29,0.008349666666666667
Cu09,25.35,0.010165333333333334
Cu09,25.409999999999997,0.012403333333333334
Cu09,25.47,0.014993666666666667
Cu09,25.53,0.017626
Cu09,25.589999999999996,0.020728666666666666
Cu09,25.65,0.023726666666666667
Cu09,25.71,0.026941666666666666
Cu09,25.77,0.030300333333333332
Cu09,25.83,0.033681666666666665
Cu09,25.89,0.03655733333333333
Cu09,25.95,0.03936033333333333
Cu09,26.009999999999998,0.041882666666666665
Cu09,26.07,0.04383733333333333
Cu09,26.13,0.04545333333333333
Cu09,26.189999999999998,0.04608266666666667
Cu09,26.25,0.046483666666666666
Cu09,26.31,0.04623833333333333
Cu09,26.369999999999997,0.045276666666666666
Cu09,26.43,0.04366833333333334
Cu09,26.49,0.041854333333333334
Cu09,26.549999999999997,0.039114333333333334
Cu09,26.61,0.036381333333333335
Cu09,26.67,0.033433
Cu09,26.729999999999997,0.029939
Cu09,26.79,0.026728
Cu09,26.85,0.023375333333333335
Cu09,26.909999999999997,0.020091333333333333
Cu09,26.97,0.017363333333333335
Cu09,27.03,0.01449
Cu09,27.089999999999996,0.011997
Cu09,27.15,0.009842666666666666
Cu09,27.21,0.007903
Cu09,27.27,0.0063486666666666665
Cu09,27.33,0.004938666666666667
Cu09,27.39,0.0038136666666666666
Cu09,27.45,0.002901
Cu09,27.509999999999998,0.002226
Cu09,27.57,0.0016246666666666666
Cu09,27.63,0.0012216666666666667
Cu09,27.689999999999998,0.000849
Cu09,27.75,0.0006093333333333334
Cu09,27.81,0.00044166666666666665
Cu09,27.869999999999997,0.000301
Cu09,27.93,0.000207
Cu09,27.99,0.00013233333333333334
Cu09,28.049999999999997,8.7e-05
Cu09,28.11,6.433333333333333e-05
Cu09,28.17,3.266666666666666e-05
Cu09,28.229999999999997,2.3e-05
Cu09,28.29,1.4333333333333334e-05
Cu09,28.35,9e-06
Cu09,28.409999999999997,3.6666666666666666e-06
Cu09,28.47,5e-06
Cu09,28.53,1.6666666666666667e-06
Cu09,28.589999999999996,1.6666666666666667e-06
Cu09,28.65,1.6666666666666667e-06
Cu09,28.71,3.3333333333333335e-07
Cu09,28.769999999999996,3.3333333333333335e-07
Cu09,28.83,6.666666666666667e-07
Cu09,28.89,0.0
Cu09,28.95,6.666666666666667e-07
Cu09,29.009999999999998,0.0
Cu09,29.07,3.3333333333333335e-07
Al_degrader_E4_E3,21.089999999999996,2.2222222222222222e-07
Al_degrader_E4_E3,21.15,1.1111111111111111e-07
Al_degrader_E4_E3,21.21,0.0
Al_degrader_E4_E3,21.27,1.1111111111111111e-07
Al_degrader_E4_E3,21.33,1.1111111111111111e-07
Al_degrader_E4_E3,21.39,2.2222222222222222e-07
Al_degrader_E4_E3,21.45,4.4444444444444444e-07
Al_degrader_E4_E3,21.509999999999998,7.777777777777778e-07
Al_degrader_E4_E3,21.57,7.777777777777778e-07
Al_degrader_E4_E3,21.63,1.7777777777777777e-06
Al_degrader_E4_E3,21.689999999999998,2.333333333333333e-06
Al_degrader_E4_E3,21.75,3.6666666666666666e-06
Al_degrader_E4_E3,21.81,5e-06
Al_degrader_E4_E3,21.869999999999997,8e-06
Al_degrader_E4_E3,21.93,1.2e-05
Al_degrader_E4_E3,21.990000000000002,1.6666666666666667e-05
Al_degrader_E4_E3,22.049999999999997,2.7333333333333335e-05
Al_degrader_E4_E3,22.11,3.5e-05
Al_degrader_E4_E3,22.17,5.2333333333333336e-05
Al_degrader_E4_E3,22.229999999999997,6.911111111111111e-05
Al_degrader_E4_E3,22.29,0.0001051111111111111
Al_degrader_E4_E3,22.35,0.0001388888888888889
Al_degrader_E4_E3,22.409999999999997,0.0001858888888888889
Al_degrader_E4_E3,22.47,0.0002588888888888889
Al_degrader_E4_E3,22.53,0.00035033333333333336
Al_degrader_E4_E3,22.589999999999996,0.0004638888888888889
Al_degrader_E4_E3,22.65,0.0005878888888888889
Al_degrader_E4_E3,22.71,0.0007438888888888889
Al_degrader_E4_E3,22.77,0.0009683333333333333
Al_degrader_E4_E3,22.83,0.0012286666666666668
Al_degrader_E4_E3,22.89,0.0015252222222222223
Al_degrader_E4_E3,22.95,0.0019037777777777777
Al_degrader_E4_E3,23.009999999999998,0.0022712222222222222
Al_degrader_E4_E3,23.07,0.0027595555555555555
Al_degrader_E4_E3,23.13,0.0033528888888888888
Al_degrader_E4_E3,23.189999999999998,0.003951222222222222
Al_degrader_E4_E3,23.25,0.004680222222222222
Al_degrader_E4_E3,23.31,0.005350777777777778
Al_degrader_E4_E3,23.369999999999997,0.006201555555555556
Al_degrader_E4_E3,23.43,0.007115
Al_degrader_E4_E3,23.490000000000002,0.008036888888888889
Al_degrader_E4_E3,23.549999999999997,0.009055
Al_degrader_E4_E3,23.61,0.009945111111111111
Al_degrader_E4_E3,23.67,0.010998777777777777
Al_degrader_E4_E3,23.729999999999997,0.012079111111111112
Al_degrader_E4_E3,23.79,0.013096222222222223
Al_degrader_E4_E3,23.85,0.014129666666666667
Al_degrader_E4_E3,23.909999999999997,0.01504188888888889
Al_degrader_E4_E3,23.97,0.015975666666666666
Al_degrader_E4_E3,24.03,0.016931666666666668
Al_degrader_E4_E3,24.089999999999996,0.01774788888888889
Al_degrader_E4_E3,24.15,0.018562111111111113
Al_degrader_E4_E3,24.21,0.019212555555555556
Al_degrader_E4_E3,24.27,0.019841333333333332
Al_degrader_E4_E3,24.33,0.02048111111111111
Al_degrader_E4_E3,24.39,0.020964666666666666
Al_degrader_E4_E3,24.45,0.021414666666666665
Al_degrader_E4_E3,24.509999999999998,0.02175222222222222
Al_degrader_E4_E3,24.57,0.02206422222222222
Al_degrader_E4_E3,24.63,0.022351444444444445
Al_degrader_E4_E3,24.689999999999998,0.022654888888888888
Al_degrader_E4_E3,24.75,0.022837777777777776
Al_degrader_E4_E3,24.81,0.022966555555555556
Al_degrader_E4_E3,24.869999999999997,0.02303088888888889
Al_degrader_E4_E3,24.93,0.02312477777777778
Al_degrader_E4_E3,24.990000000000002,0.023344555555555556
Al_degrader_E4_E3,25.049999999999997,0.023265888888888888
Al_degrader_E4_E3,25.11,0.023249
Al_degrader_E4_E3,25.17,0.023233666666666666
Al_degrader_E4_E3,25.229999999999997,0.023148
Al_degrader_E4_E3,25.29,0.023134333333333333
Al_degrader_E4_E3,25.35,0.022916333333333334
Al_degrader_E4_E3,25.409999999999997,0.022653555555555555
Al_degrader_E4_E3,25.47,0.022447666666666668
Al_degrader_E4_E3,25.53,0.022105444444444445
Al_degrader_E4_E3,25.589999999999996,0.02171311111111111
Al_degrader_E4_E3,25.65,0.021228555555555556
Al_degrader_E4_E3,25.71,0.020599444444444445
Al_degrader_E4_E3,25.77,0.019895444444444445
Al_degrader_E4_E3,25.83,0.019233666666666666
Al_degrader_E4_E3,25.89,0.018385222222222223
Al_degrader_E4_E3,25.95,0.017416777777777778
Al_degrader_E4_E3,26.009999999999998,0.016438666666666667
Al_degrader_E4_E3,26.07,0.015330666666666666
Al_degrader_E4_E3,26.13,0.014301444444444445
Al_degrader_E4_E3,26.189999999999998,0.013134333333333333
Al_degrader_E4_E3,26.25,0.01195311111111111
Al_degrader_E4_E3,26.31,0.010752666666666667
Al_degrader_E4_E3,26.369999999999997,0.009667666666666666
Al_degrader_E4_E3,26.43,0.008572
Al_degrader_E4_E3,26.49,0.0075135555555555554
Al_degrader_E4_E3,26.549999999999997,0.0064767777777777775
Al_degrader_E4_E3,26.61,0.005526111111111111
Al_degrader_E4_E3,26.67,0.004695888888888889
Al_degrader_E4_E3,26.729999999999997,0.0039224444444444445
Al_degrader_E4_E3,26.79,0.003232333333333333
Al_degrader_E4_E3,26.85,0.002642888888888889
Al_degrader_E4_E3,26.909999999999997,0.0021127777777777777
Al_degrader_E4_E3,26.97,0.0017278888888888888
Al_degrader_E4_E3,27.03,0.001334888888888889
Al_degrader_E4_E3,27.089999999999996,0.0010365555555555555
Al_degrader_E4_E3,27.15,0.0007883333333333334
Al_degrader_E4_E3,27.21,0.000602
Al_degrader_E4_E3,27.27,0.00045366666666666667
Al_degrader_E4_E3,27.33,0.00033644444444444444
Al_degrader_E4_E3,27.39,0.00024555555555555556
Al_degrader_E4_E3,27.45,0.00016377777777777777
Al_degrader_E4_E3,27.509999999999998,0.00012577777777777777
Al_degrader_E4_E3,27.57,9.055555555555556e-05
Al_degrader_E4_E3,27.63,5.755555555555555e-05
Al_degrader_E4_E3,27.689999999999998,4.077777777777778e-05
Al_degrader_E4_E3,27.75,2.4666666666666665e-05
Al_degrader_E4_E3,27.81,2.1333333333333335e-05
Al_degrader_E4_E3,27.869999999999997,1.1111111111111112e-05
Al_degrader_E4_E3,27.93,6.666666666666667e-06
Al_degrader_E4_E3,27.99,4.444444444444444e-06
Al_degrader_E4_E3,28.049999999999997,2.5555555555555557e-06
Al_degrader_E4_E3,28.11,1.3333333333333334e-06
Al_degrader_E4_E3,28.17,1.4444444444444445e-06
Al_degrader_E4_E3,28.229999999999997,5.555555555555555e-07
Al_degrader_E4_E3,28.29,3.3333333333333335e-07
Al_degrader_E4_E3,28.35,6.666666666666667e-07
Al_degrader_E4_E3,28.409999999999997,2.2222222222222222e-07
Al_degrader_E4_E3,28.47,1.1111111111111111e-07
Al_degrader_E4_E3,28.53,1.1111111111111111e-07
Al_degrader_E4_E3,28.589999999999996,1.1111111111111111e-07
Al_degrader_E4_E3,28.65,0.0
Al_degrader_E4_E3,28.71,1.1111111111111111e-07
Al_degrader_E4_E3,28.769999999999996,0.0
Al_degrader_E4_E3,28.83,1.1111111111111111e-07
Ni10,20.67,3.3333333333333335e-07
Ni10,20.729999999999997,3.3333333333333335e-07
Ni10,20.79,3.3333333333333335e-07
Ni10,20.85,0.0
Ni10,20.909999999999997,1e-06
Ni10,20.97,1e-06
Ni10,21.03,0.0
Ni10,21.089999999999996,2.333333333333333e-06
Ni10,21.15,2.666666666666667e-06
Ni10,21.21,3.6666666666666666e-06
Ni10,21.27,6.666666666666667e-06
Ni10,21.33,9e-06
Ni10,21.39,1.3666666666666667e-05
Ni10,21.45,2e-05
Ni10,21.509999999999998,3.233333333333333e-05
Ni10,21.57,4.3666666666666666e-05
Ni10,21.63,6.7e-05
Ni10,21.689999999999998,0.000101
Ni10,21.75,0.00013633333333333333
Ni10,21.81,0.000197
Ni10,21.869999999999997,0.00027633333333333335
Ni10,21.93,0.000393
Ni10,21.990000000000002,0.00052
Ni10,22.049999999999997,0.000715
Ni10,22.11,0.0010003333333333333
Ni10,22.17,0.001327
Ni10,22.229999999999997,0.0017096666666666666
Ni10,22.29,0.0022563333333333333
Ni10,22.35,0.002861666666666667
Ni10,22.409999999999997,0.003651
Ni10,22.47,0.0046043333333333335
Ni10,22.53,0.005691
Ni10,22.589999999999996,0.007107666666666667
Ni10,22.65,0.008494333333333333
Ni10,22.71,0.010132666666666667
Ni10,22.77,0.012290333333333334
Ni10,22.83,0.014301
Ni10,22.89,0.016647666666666668
Ni10,22.95,0.019236666666666666
Ni10,23.009999999999998,0.021792333333333334
Ni10,23.07,0.02446366666666667
Ni10,23.13,0.027279
Ni10,23.189999999999998,0.030090333333333334
Ni10,23.25,0.032537333333333335
Ni10,23.31,0.035011
Ni10,23.369999999999997,0.037355
Ni10,23.43,0.03906166666666667
Ni10,23.490000000000002,0.040737333333333334
Ni10,23.549999999999997,0.041861
Ni10,23.61,0.04235133333333333
Ni10,23.67,0.042535333333333335
Ni10,23.729999999999997,0.042423
Ni10,23.79,0.041614
Ni10,23.85,0.04028466666666667
Ni10,23.909999999999997,0.038984333333333336
Ni10,23.97,0.036734
Ni10,24.03,0.034417
Ni10,24.089999999999996,0.03203433333333333
Ni10,24.15,0.029286666666666666
Ni10,24.21,0.026513333333333333
Ni10,24.27,0.02373866666666667
Ni10,24.33,0.020941666666666667
Ni10,24.39,0.018209333333333334
Ni10,24.45,0.015839333333333334
Ni10,24.509999999999998,0.013397333333333334
Ni10,24.57,0.011337333333333333
Ni10,24.63,0.009424
Ni10,24.689999999999998,0.007752333333333333
Ni10,24.75,0.006341
Ni10,24.81,0.0051003333333333335
Ni10,24.869999999999997,0.004022666666666667
Ni10,24.93,0.003122666666666667
Ni10,24.990000000000002,0.00245
Ni10,25.049999999999997,0.0019003333333333333
Ni10,25.11,0.001413
Ni10,25.17,0.001086
Ni10,25.229999999999997,0.0007703333333333334
Ni10,25.29,0.0005813333333333333
Ni10,25.35,0.00041733333333333336
Ni10,25.409999999999997,0.00028933333333333334
Ni10,25.47,0.00021633333333333332
Ni10,25.53,0.00014333333333333334
Ni10,25.589999999999996,8.933333333333333e-05
Ni10,25.65,7.266666666666667e-05
Ni10,25.71,4.7333333333333336e-05
Ni10,25.77,2.3e-05
Ni10,25.83,1.8e-05
Ni10,25.89,1.4333333333333334e-05
Ni10,25.95,5.333333333333334e-06
Ni10,26.009999999999998,2.666666666666667e-06
Ni10,26.07,5e-06
Ni10,26.13,1.6666666666666667e-06
Ni10,26.189999999999998,1.3333333333333334e-06
Ni10,26.25,1.6666666666666667e-06
Ni10,26.31,6.666666666666667e-07
Ni10,26.369999999999997,3.3333333333333335e-07
Ni10,26.43,6.666666666666667e-07
Ni10,26.49,0.0
Ni10,26.549999999999997,3.3333333333333335e-07
Ni10,26.61,3.3333333333333335e-07
Ni10,26.67,0.0
Ni10,26.729999999999997,3.3333333333333335e-07
Sn10,20.61,6.666666666666667e-07
Sn10,20.67,1.3333333333333334e-06
Sn10,20.729999999999997,6.666666666666667e-07
Sn10,20.79,6.666666666666667e-07
Sn10,20.85,6.666666666666667e-07
Sn10,20.909999999999997,1e-06
Sn10,20.97,2.333333333333333e-06
Sn10,21.03,3e-06
Sn10,21.089999999999996,5.333333333333334e-06
Sn10,21.15,9.666666666666667e-06
Sn10,21.21,1.5e-05
Sn10,21.27,2.1666666666666667e-05
Sn10,21.33,2.8333333333333332e-05
Sn10,21.39,4.566666666666667e-05
Sn10,21.45,6.566666666666667e-05
Sn10,21.509999999999998,9.366666666666666e-05
Sn10,21.57,0.000148
Sn10,21.63,0.000207
Sn10,21.689999999999998,0.00028533333333333335
Sn10,21.75,0.00039033333333333335
Sn10,21.81,0.0005563333333333334
Sn10,21.869999999999997,0.0007586666666666667
Sn10,21.93,0.0010203333333333334
Sn10,21.990000000000002,0.001372
Sn10,22.049999999999997,0.0018736666666666667
Sn10,22.11,0.002447
Sn10,22.17,0.0031453333333333333
Sn10,22.229999999999997,0.003968666666666666
Sn10,22.29,0.004946
Sn10,22.35,0.006155
Sn10,22.409999999999997,0.007625
Sn10,22.47,0.009307333333333334
Sn10,22.53,0.011238333333333333
Sn10,22.589999999999996,0.013326333333333334
Sn10,22.65,0.015539333333333334
Sn10,22.71,0.018058
Sn10,22.77,0.020981333333333334
Sn10,22.83,0.023737
Sn10,22.89,0.02660766666666667
Sn10,22.95,0.02937733333333333
Sn10,23.009999999999998,0.032233
Sn10,23.07,0.03485
Sn10,23.13,0.03742633333333333
Sn10,23.189999999999998,0.039496333333333335
Sn10,23.25,0.041180666666666664
Sn10,23.31,0.042535333333333335
Sn10,23.369999999999997,0.043331
Sn10,23.43,0.043662
Sn10,23.490000000000002,0.043512666666666665
Sn10,23.549999999999997,0.042689333333333336
Sn10,23.61,0.041467
Sn10,23.67,0.039914333333333336
Sn10,23.729999999999997,0.038046
Sn10,23.79,0.03580333333333333
Sn10,23.85,0.03320033333333333
Sn10,23.909999999999997,0.030258666666666666
Sn10,23.97,0.027197
Sn10,24.03,0.024263
Sn10,24.089999999999996,0.021426
Sn10,24.15,0.018590333333333334
Sn10,24.21,0.016014333333333332
Sn10,24.27,0.013585666666666666
Sn10,24.33,0.0115
Sn10,24.39,0.009499
Sn10,24.45,0.007710333333333333
Sn10,24.509999999999998,0.006206333333333334
Sn10,24.57,0.004977666666666667
Sn10,24.63,0.003949
Sn10,24.689999999999998,0.0030776666666666665
Sn10,24.75,0.0023983333333333335
Sn10,24.81,0.001797
Sn10,24.869999999999997,0.0013523333333333334
Sn10,24.93,0.0009723333333333333
Sn10,24.990000000000002,0.0007573333333333334
Sn10,25.049999999999997,0.0005353333333333333
Sn10,25.11,0.000394
Sn10,25.17,0.000253
Sn10,25.229999999999997,0.00018533333333333333
Sn10,25.29,0.00014233333333333334
Sn10,25.35,9.033333333333334e-05
Sn10,25.409999999999997,5.1e-05
Sn10,25.47,3.9666666666666664e-05
Sn10,25.53,2.1666666666666667e-05
Sn10,25.589999999999996,1.1333333333333334e-05
Sn10,25.65,8e-06
Sn10,25.71,6.666666666666667e-06
Sn10,25.77,3.6666666666666666e-06
Sn10,25.83,3.3333333333333333e-06
Sn10,25.89,3.3333333333333333e-06
Sn10,25.95,1.3333333333333334e-06
Sn10,26.009999999999998,6.666666666666667e-07
Sn10,26.07,3.3333333333333335e-07
Sn10,26.13,0.0
Sn10,26.189999999999998,3.3333333333333335e-07
Sn10,26.25,3.3333333333333335e-07
Sn10,26.31,6.666666666666667e-07
Sn10,26.369999999999997,3.3333333333333335e-07
Sn10,26.43,3.3333333333333335e-07
Ta10,20.25,3.3333333333333335e-07
Ta10,20.31,3.3333333333333335e-07
Ta10,20.369999999999997,3.3333333333333335e-07
Ta10,20.43,6.666666666666667e-07
Ta10,20.490000000000002,6.666666666666667e-07
Ta10,20.549999999999997,3.3333333333333335e-07
Ta10,20.61,1.3333333333333334e-06
Ta10,20.67,1.6666666666666667e-06
Ta10,20.729999999999997,2.666666666666667e-06
Ta10,20.79,3e-06
Ta10,20.85,7e-06
Ta10,20.909999999999997,8.666666666666666e-06
Ta10,20.97,1.5666666666666667e-05
Ta10,21.03,1.9333333333333333e-05
Ta10,21.089999999999996,3.233333333333333e-05
Ta10,21.15,4.6e-05
Ta10,21.21,6.3e-05
Ta10,21.27,0.000104
Ta10,21.33,0.000136
Ta10,21.39,0.00020033333333333334
Ta10,21.45,0.00027066666666666667
Ta10,21.509999999999998,0.0003846666666666667
Ta10,21.57,0.0005276666666666666
Ta10,21.63,0.0007
Ta10,21.689999999999998,0.0009796666666666667
Ta10,21.75,0.0013003333333333332
Ta10,21.81,0.0017233333333333332
Ta10,21.869999999999997,0.0022093333333333335
Ta10,21.93,0.002872
Ta10,21.990000000000002,0.0036016666666666666
Ta10,22.049999999999997,0.004572666666666667
Ta10,22.11,0.005610666666666667
Ta10,22.17,0.0069503333333333335
Ta10,22.229999999999997,0.008466333333333333
Ta10,22.29,0.010073
Ta10,22.35,0.012087333333333334
Ta10,22.409999999999997,0.014141666666666667
Ta10,22.47,0.01652
Ta10,22.53,0.019082666666666668
Ta10,22.589999999999996,0.021547
Ta10,22.65,0.024340666666666667
Ta10,22.71,0.027001
Ta10,22.77,0.029924666666666665
Ta10,22.83,0.032378333333333335
Ta10,22.89,0.034774
Ta10,22.95,0.03711333333333333
Ta10,23.009999999999998,0.039003333333333334
Ta10,23.07,0.04051866666666667
Ta10,23.13,0.041668333333333335
Ta10,23.189999999999998,0.04232433333333333
Ta10,23.25,0.042592
Ta10,23.31,0.042328
Ta10,23.369999999999997,0.041591666666666666
Ta10,23.43,0.040342666666666666
Ta10,23.490000000000002,0.03893066666666667
Ta10,23.549999999999997,0.03683533333333333
Ta10,23.61,0.034678
Ta10,23.67,0.032226
Ta10,23.729999999999997,0.029513333333333332
Ta10,23.79,0.026668333333333332
Ta10,23.85,0.023982333333333335
Ta10,23.909999999999997,0.021045
Ta10,23.97,0.018412
Ta10,24.03,0.016058333333333334
Ta10,24.089999999999996,0.013628333333333333
Ta10,24.15,0.011475333333333334
Ta10,24.21,0.009583333333333333
Ta10,24.27,0.007891
Ta10,24.33,0.006496333333333333
Ta10,24.39,0.005158333333333333
Ta10,24.45,0.004099666666666666
Ta10,24.509999999999998,0.003276
Ta10,24.57,0.0024976666666666667
Ta10,24.63,0.0019736666666666665
Ta10,24.689999999999998,0.0014326666666666667
Ta10,24.75,0.0011436666666666667
Ta10,24.81,0.0008016666666666667
Ta10,24.869999999999997,0.0005953333333333333
Ta10,24.93,0.00043566666666666667
Ta10,24.990000000000002,0.00032166666666666666
Ta10,25.049999999999997,0.00021133333333333334
Ta10,25.11,0.00016033333333333335
Ta10,25.17,9.733333333333333e-05
Ta10,25.229999999999997,7.4e-05
Ta10,25.29,4.8e-05
Ta10,25.35,2.7666666666666667e-05
Ta10,25.409999999999997,1.9333333333333333e-05
Ta10,25.47,1.2666666666666667e-05
Ta10,25.53,7.666666666666667e-06
Ta10,25.589999999999996,3.6666666666666666e-06
Ta10,25.65,4.333333333333333e-06
Ta10,25.71,2.333333333333333e-06
Ta10,25.77,1.6666666666666667e-06
Ta10,25.83,1.6666666666666667e-06
Ta10,25.89,3.3333333333333335e-07
Ta10,25.95,3.3333333333333335e-07
Ta10,26.009999999999998,3.3333333333333335e-07
Ta10,26.07,6.666666666666667e-07
Ta10,26.13,0.0
Ta10,26.189999999999998,6.666666666666667e-07
Ta10,26.25,0.0
Ta10,26.31,3.3333333333333335e-07
Cu10,19.89,3.3333333333333335e-07
Cu10,19.95,3.3333333333333335e-07
Cu10,20.009999999999998,3.3333333333333335e-07
Cu10,20.07,3.3333333333333335e-07
Cu10,20.13,6.666666666666667e-07
Cu10,20.189999999999998,6.666666666666667e-07
Cu10,20.25,6.666666666666667e-07
Cu10,20.31,2e-06
Cu10,20.369999999999997,2.666666666666667e-06
Cu10,20.43,2e-06
Cu10,20.490000000000002,6.666666666666667e-06
Cu10,20.549999999999997,8e-06
Cu10,20.61,1.2666666666666667e-05
Cu10,20.67,1.5333333333333334e-05
Cu10,20.729999999999997,3.0333333333333333e-05
Cu10,20.79,3.9e-05
Cu10,20.85,5.5e-05
Cu10,20.909999999999997,9.366666666666666e-05
Cu10,20.97,0.000118
Cu10,21.03,0.00016
Cu10,21.089999999999996,0.000234
Cu10,21.15,0.0003333333333333333
Cu10,21.21,0.0004533333333333333
Cu10,21.27,0.00059
Cu10,21.33,0.000847
Cu10,21.39,0.0011126666666666668
Cu10,21.45,0.0014646666666666666
Cu10,21.509999999999998,0.001919
Cu10,21.57,0.002435
Cu10,21.63,0.0030956666666666667
Cu10,21.689999999999998,0.0039183333333333336
Cu10,21.75,0.0049236666666666665
Cu10,21.81,0.0060156666666666666
Cu10,21.869999999999997,0.007392
Cu10,21.93,0.008828
Cu10,21.990000000000002,0.010513
Cu10,22.049999999999997,0.012592
Cu10,22.11,0.014592333333333334
Cu10,22.17,0.016951666666666667
Cu10,22.229999999999997,0.019426
Cu10,22.29,0.021910666666666665
Cu10,22.35,0.024523666666666666
Cu10,22.409999999999997,0.027191
Cu10,22.47,0.029961
Cu10,22.53,0.03237166666666667
Cu10,22.589999999999996,0.034729666666666666
Cu10,22.65,0.036850666666666664
Cu10,22.71,0.038496333333333334
Cu10,22.77,0.040116
Cu10,22.83,0.041175666666666666
Cu10,22.89,0.041673666666666664
Cu10,22.95,0.041862666666666666
Cu10,23.009999999999998,0.04168
Cu10,23.07,0.040925
Cu10,23.13,0.03963833333333333
Cu10,23.189999999999998,0.038325333333333336
Cu10,23.25,0.036387
Cu10,23.31,0.034076
Cu10,23.369999999999997,0.031792
Cu10,23.43,0.029171666666666665
Cu10,23.490000000000002,0.026456666666666667
Cu10,23.549999999999997,0.023766333333333334
Cu10,23.61,0.021024333333333332
Cu10,23.67,0.018363666666666667
Cu10,23.729999999999997,0.016116666666666668
Cu10,23.79,0.013675666666666666
Cu10,23.85,0.011598
Cu10,23.909999999999997,0.009765333333333334
Cu10,23.97,0.008038333333333333
Cu10,24.03,0.006613333333333333
Cu10,24.089999999999996,0.005353
Cu10,24.15,0.004272333333333334
Cu10,24.21,0.0033506666666666667
Cu10,24.27,0.0026396666666666665
Cu10,24.33,0.0020673333333333333
Cu10,24.39,0.0015483333333333334
Cu10,24.45,0.0011866666666666666
Cu10,24.509999999999998,0.0008956666666666667
Cu10,24.57,0.000629
Cu10,24.63,0.000481
Cu10,24.689999999999998,0.0003443333333333333
Cu10,24.75,0.00024366666666666666
Cu10,24.81,0.000177
Cu10,24.869999999999997,0.00011133333333333333
Cu10,24.93,7.733333333333333e-05
Cu10,24.990000000000002,6.233333333333334e-05
Cu10,25.049999999999997,3.3e-05
Cu10,25.11,2.2666666666666668e-05
Cu10,25.17,1.3333333333333333e-05
Cu10,25.229999999999997,1.0333333333333333e-05
Cu10,25.29,4e-06
Cu10,25.35,4.666666666666666e-06
Cu10,25.409999999999997,3.3333333333333333e-06
Cu10,25.47,1.3333333333333334e-06
Cu10,25.53,1.6666666666666667e-06
Cu10,25.589999999999996,1.3333333333333334e-06
Cu10,25.65,3.3333333333333335e-07
Cu10,25.71,3.3333333333333335e-07
Cu10,25.77,6.666666666666667e-07
Cu10,25.83,0.0
Cu10,25.89,3.3333333333333335e-07
Cu10,25.95,3.3333333333333335e-07
Cu10,26.009999999999998,0.0
Cu10,26.07,3.3333333333333335e-07
Al_degrader_E6_E5,17.07,1.8181818181818183e-07
Al_degrader_E6_E5,17.13,9.090909090909091e-08
Al_degrader_E6_E5,17.189999999999998,0.0
Al_degrader_E6_E5,17.25,9.090909090909091e-08
Al_degrader_E6_E5,17.310000000000002,0.0
Al_degrader_E6_E5,17.369999999999997,3.6363636363636366e-07
Al_degrader_E6_E5,17.43,9.090909090909091e-08
Al_degrader_E6_E5,17.490000000000002,3.6363636363636366e-07
Al_degrader_E6_E5,17.549999999999997,3.6363636363636366e-07
Al_degrader_E6_E5,17.61,5.454545454545455e-07
Al_degrader_E6_E5,17.67,1.1818181818181818e-06
Al_degrader_E6_E5,17.729999999999997,1.5454545454545454e-06
Al_degrader_E6_E5,17.79,2.0909090909090907e-06
Al_degrader_E6_E5,17.85,3.3636363636363637e-06
Al_degrader_E6_E5,17.909999999999997,3.636363636363636e-06
Al_degrader_E6_E5,17.97,6.363636363636363e-06
Al_degrader_E6_E5,18.03,8e-06
Al_degrader_E6_E5,18.09,1.1636363636363637e-05
Al_degrader_E6_E5,18.15,1.7363636363636363e-05
Al_degrader_E6_E5,18.21,2.3090909090909093e-05
Al_degrader_E6_E5,18.27,2.9636363636363638e-05
Al_degrader_E6_E5,18.33,4.2272727272727275e-05
Al_degrader_E6_E5,18.39,5.481818181818182e-05
Al_degrader_E6_E5,18.45,7.863636363636364e-05
Al_degrader_E6_E5,18.509999999999998,0.00010054545454545455
Al_degrader_E6_E5,18.57,0.00012481818181818183
Al_degrader_E6_E5,18.63,0.00017563636363636363
Al_degrader_E6_E5,18.689999999999998,0.00022163636363636363
Al_degrader_E6_E5,18.75,0.000302
Al_degrader_E6_E5,18.81,0.0003649090909090909
Al_degrader_E6_E5,18.869999999999997,0.00045463636363636366
Al_degrader_E6_E5,18.93,0.0005803636363636363
Al_degrader_E6_E5,18.990000000000002,0.0007122727272727273
Al_degrader_E6_E5,19.049999999999997,0.0008966363636363637
Al_degrader_E6_E5,19.11,0.001080909090909091
Al_degrader_E6_E5,19.17,0.0013114545454545456
Al_degrader_E6_E5,19.229999999999997,0.001593090909090909
Al_degrader_E6_E5,19.29,0.0018906363636363637
Al_degrader_E6_E5,19.35,0.0022422727272727273
Al_degrader_E6_E5,19.409999999999997,0.002613272727272727
Al_degrader_E6_E5,19.47,0.0031033636363636363
Al_degrader_E6_E5,19.53,0.003579090909090909
Al_degrader_E6_E5,19.59,0.004134818181818182
Al_degrader_E6_E5,19.65,0.004678272727272727
Al_degrader_E6_E5,19.71,0.005338909090909091
Al_degrader_E6_E5,19.77,0.006021363636363636
Al_degrader_E6_E5,19.83,0.006734818181818182
Al_degrader_E6_E5,19.89,0.007469727272727273
Al_degrader_E6_E5,19.95,0.00821990909090909
Al_degrader_E6_E5,20.009999999999998,0.00904390909090909
Al_degrader_E6_E5,20.07,0.009872090909090908
Al_degrader_E6_E5,20.13,0.010713454545454545
Al_degrader_E6_E5,20.189999999999998,0.011475363636363636
Al_degrader_E6_E5,20.25,0.012273363636363636
Al_degrader_E6_E5,20.31,0.01311990909090909
Al_degrader_E6_E5,20.369999999999997,0.013875454545454545
Al_degrader_E6_E5,20.43,0.014597090909090909
Al_degrader_E6_E5,20.490000000000002,0.015293090909090909
Al_degrader_E6_E5,20.549999999999997,0.016028454545454547
Al_degrader_E6_E5,20.61,0.01665518181818182
Al_degrader_E6_E5,20.67,0.01720318181818182
Al_degrader_E6_E5,20.729999999999997,0.017777454545454544
Al_degrader_E6_E5,20.79,0.01822209090909091
Al_degrader_E6_E5,20.85,0.018685272727272727
Al_degrader_E6_E5,20.909999999999997,0.019123454545454544
Al_degrader_E6_E5,20.97,0.019407181818181816
Al_degrader_E6_E5,21.03,0.019743
Al_degrader_E6_E5,21.089999999999996,0.020055
Al_degrader_E6_E5,21.15,0.020252
Al_degrader_E6_E5,21.21,0.020451
Al_degrader_E6_E5,21.27,0.020635272727272728
Al_degrader_E6_E5,21.33,0.020796545454545453
Al_degrader_E6_E5,21.39,0.020894363636363638
Al_degrader_E6_E5,21.45,0.020982
Al_degrader_E6_E5,21.509999999999998,0.021095454545454546
Al_degrader_E6_E5,21.57,0.021133
Al_degrader_E6_E5,21.63,0.02111718181818182
Al_degrader_E6_E5,21.689999999999998,0.021145
Al_degrader_E6_E5,21.75,0.021101454545454545
Al_degrader_E6_E5,21.81,0.02102218181818182
Al_degrader_E6_E5,21.869999999999997,0.020971636363636362
Al_degrader_E6_E5,21.93,0.020831454545454545
Al_degrader_E6_E5,21.990000000000002,0.020626181818181818
Al_degrader_E6_E5,22.049999999999997,0.02046972727272727
Al_degrader_E6_E5,22.11,0.020148545454545454
Al_degrader_E6_E5,22.17,0.01982981818181818
Al_degrader_E6_E5,22.229999999999997,0.019464727272727272
Al_degrader_E6_E5,22.29,0.019026181818181817
Al_degrader_E6_E5,22.35,0.018490545454545454
Al_degrader_E6_E5,22.409999999999997,0.017904545454545454
Al_degrader_E6_E5,22.47,0.017264
Al_degrader_E6_E5,22.53,0.016585454545454546
Al_degrader_E6_E5,22.589999999999996,0.015828272727272726
Al_degrader_E6_E5,22.65,0.014985272727272727
Al_degrader_E6_E5,22.71,0.014090181818181818
Al_degrader_E6_E5,22.77,0.013252636363636364
Al_degrader_E6_E5,22.83,0.012301363636363636
Al_degrader_E6_E5,22.89,0.011320636363636364
Al_degrader_E6_E5,22.95,0.010382818181818182
Al_degrader_E6_E5,23.009999999999998,0.009464454545454545
Al_degrader_E6_E5,23.07,0.008519727272727273
Al_degrader_E6_E5,23.13,0.007585818181818181
Al_degrader_E6_E5,23.189999999999998,0.0067592727272727275
Al_degrader_E6_E5,23.25,0.005958272727272727
Al_degrader_E6_E5,23.31,0.005132363636363636
Al_degrader_E6_E5,23.369999999999997,0.004414545454545455
Al_degrader_E6_E5,23.43,0.003776090909090909
Al_degrader_E6_E5,23.490000000000002,0.0032232727272727274
Al_degrader_E6_E5,23.549999999999997,0.002684090909090909
Al_degrader_E6_E5,23.61,0.0022026363636363636
Al_degrader_E6_E5,23.67,0.0018096363636363637
Al_degrader_E6_E5,23.729999999999997,0.001500090909090909
Al_degrader_E6_E5,23.79,0.0011872727272727274
Al_degrader_E6_E5,23.85,0.0009382727272727273
Al_degrader_E6_E5,23.909999999999997,0.0007416363636363636
Al_degrader_E6_E5,23.97,0.0005859090909090909
Al_degrader_E6_E5,24.03,0.0004428181818181818
Al_degrader_E6_E5,24.089999999999996,0.00033863636363636366
Al_degrader_E6_E5,24.15,0.00026081818181818183
Al_degrader_E6_E5,24.21,0.00019563636363636362
Al_degrader_E6_E5,24.27,0.00013618181818181817
Al_degrader_E6_E5,24.33,0.00010218181818181818
Al_degrader_E6_E5,24.39,7.418181818181818e-05
Al_degrader_E6_E5,24.45,5.7818181818181815e-05
Al_degrader_E6_E5,24.509999999999998,3.481818181818182e-05
Al_degrader_E6_E5,24.57,2.427272727272727e-05
Al_degrader_E6_E5,24.63,1.9181818181818183e-05
Al_degrader_E6_E5,24.689999999999998,1.3363636363636364e-05
Al_degrader_E6_E5,24.75,6.363636363636363e-06
Al_degrader_E6_E5,24.81,5.8181818181818185e-06
Al_degrader_E6_E5,24.869999999999997,3.7272727272727274e-06
Al_degrader_E6_E5,24.93,1.4545454545454546e-06
Al_degrader_E6_E5,24.990000000000002,1.1818181818181818e-06
Al_degrader_E6_E5,25.049999999999997,1.3636363636363636e-06
Al_degrader_E6_E5,25.11,6.363636363636364e-07
Al_degrader_E6_E5,25.17,3.6363636363636366e-07
Al_degrader_E6_E5,25.229999999999997,4.545454545454545e-07
Al_degrader_E6_E5,25.29,3.6363636363636366e-07
Al_degrader_E6_E5,25.35,0.0
Al_degrader_E6_E5,25.409999999999997,1.8181818181818183e-07
Al_degrader_E6_E5,25.47,0.0
Al_degrader_E6_E5,25.53,9.090909090909091e-08
Al_degrader_E6_E5,25.589999999999996,0.0
Al_degrader_E6_E5,25.65,9.090909090909091e-08
Al_degrader_E6_E5,25.71,0.0
Al_degrader_E6_E5,25.77,9.090909090909091e-08
Ni11,16.59,3.3333333333333335e-07
Ni11,16.65,3.3333333333333335e-07
Ni11,16.71,3.3333333333333335e-07
Ni11,16.77,0.0
Ni11,16.83,1e-06
Ni11,16.89,6.666666666666667e-07
Ni11,16.95,3.3333333333333335e-07
Ni11,17.009999999999998,3.3333333333333335e-07
Ni11,17.07,2e-06
Ni11,17.13,2.666666666666667e-06
Ni11,17.189999999999998,2e-06
Ni11,17.25,5e-06
Ni11,17.310000000000002,5e-06
Ni11,17.369999999999997,1.1666666666666666e-05
Ni11,17.43,1.2333333333333333e-05
Ni11,17.490000000000002,1.7666666666666668e-05
Ni11,17.549999999999997,2.4666666666666665e-05
Ni11,17.61,3.8e-05
Ni11,17.67,4.6e-05
Ni11,17.729999999999997,7.333333333333333e-05
Ni11,17.79,9.833333333333333e-05
Ni11,17.85,0.00012433333333333334
Ni11,17.909999999999997,0.000174
Ni11,17.97,0.00023066666666666667
Ni11,18.03,0.00032
Ni11,18.09,0.000407
Ni11,18.15,0.0005156666666666667
Ni11,18.21,0.0007176666666666667
Ni11,18.27,0.0009073333333333333
Ni11,18.33,0.0011913333333333333
Ni11,18.39,0.001468
Ni11,18.45,0.0018513333333333333
Ni11,18.509999999999998,0.002336
Ni11,18.57,0.0028313333333333333
Ni11,18.63,0.003520333333333333
Ni11,18.689999999999998,0.004261
Ni11,18.75,0.005130666666666667
Ni11,18.81,0.006209
Ni11,18.869999999999997,0.007268
Ni11,18.93,0.008475
Ni11,18.990000000000002,0.009988333333333333
Ni11,19.049999999999997,0.011585666666666666
Ni11,19.11,0.013257333333333333
Ni11,19.17,0.015055
Ni11,19.229999999999997,0.017138
Ni11,19.29,0.019014333333333334
Ni11,19.35,0.021106333333333335
Ni11,19.409999999999997,0.023259
Ni11,19.47,0.025368333333333333
Ni11,19.53,0.027499333333333334
Ni11,19.59,0.029340666666666668
Ni11,19.65,0.03126166666666667
Ni11,19.71,0.032967
Ni11,19.77,0.03428766666666667
Ni11,19.83,0.03562066666666667
Ni11,19.89,0.03662133333333333
Ni11,19.95,0.03708366666666667
Ni11,20.009999999999998,0.037434
Ni11,20.07,0.03748633333333334
Ni11,20.13,0.037208
Ni11,20.189999999999998,0.036456333333333334
Ni11,20.25,0.03542833333333333
Ni11,20.31,0.03449833333333333
Ni11,20.369999999999997,0.03287366666666667
Ni11,20.43,0.03095
Ni11,20.490000000000002,0.029219333333333333
Ni11,20.549999999999997,0.027344
Ni11,20.61,0.024946333333333334
Ni11,20.67,0.022923
Ni11,20.729999999999997,0.020788333333333332
Ni11,20.79,0.018515666666666666
Ni11,20.85,0.016389333333333332
Ni11,20.909999999999997,0.014565333333333333
Ni11,20.97,0.012558333333333333
Ni11,21.03,0.010834333333333333
Ni11,21.089999999999996,0.009369
Ni11,21.15,0.007864333333333333
Ni11,21.21,0.0065713333333333335
Ni11,21.27,0.005535
Ni11,21.33,0.004535
Ni11,21.39,0.0036826666666666666
Ni11,21.45,0.0029363333333333333
Ni11,21.509999999999998,0.002372
Ni11,21.57,0.0019103333333333333
Ni11,21.63,0.001488
Ni11,21.689999999999998,0.0011463333333333334
Ni11,21.75,0.0009
Ni11,21.81,0.000654
Ni11,21.869999999999997,0.000517
Ni11,21.93,0.00038333333333333334
Ni11,21.990000000000002,0.00027066666666666667
Ni11,22.049999999999997,0.00021866666666666668
Ni11,22.11,0.000152
Ni11,22.17,0.00010066666666666667
Ni11,22.229999999999997,7.233333333333333e-05
Ni11,22.29,5.8666666666666665e-05
Ni11,22.35,3.766666666666667e-05
Ni11,22.409999999999997,1.9333333333333333e-05
Ni11,22.47,1.5333333333333334e-05
Ni11,22.53,1.3333333333333333e-05
Ni11,22.589999999999996,6.333333333333333e-06
Ni11,22.65,3e-06
Ni11,22.71,4e-06
Ni11,22.77,3e-06
Ni11,22.83,1e-06
Ni11,22.89,1.3333333333333334e-06
Ni11,22.95,1.3333333333333334e-06
Ni11,23.009999999999998,6.666666666666667e-07
Ni11,23.07,0.0
Ni11,23.13,6.666666666666667e-07
Ni11,23.189999999999998,3.3333333333333335e-07
Ni11,23.25,0.0
Ni11,23.31,6.666666666666667e-07
Ni11,23.369999999999997,0.0
Ni11,23.43,0.0
Ni11,23.490000000000002,3.3333333333333335e-07
Sn11,16.47,6.666666666666667e-07
Sn11,16.53,3.3333333333333335e-07
Sn11,16.59,1e-06
Sn11,16.65,6.666666666666667e-07
Sn11,16.71,6.666666666666667e-07
Sn11,16.77,6.666666666666667e-07
Sn11,16.83,1e-06
Sn11,16.89,1e-06
Sn11,16.95,1.6666666666666667e-06
Sn11,17.009999999999998,3.3333333333333333e-06
Sn11,17.07,4.666666666666666e-06
Sn11,17.13,7.333333333333333e-06
Sn11,17.189999999999998,1.0333333333333333e-05
Sn11,17.25,1.6666666666666667e-05
Sn11,17.310000000000002,2.1e-05
Sn11,17.369999999999997,3e-05
Sn11,17.43,4e-05
Sn11,17.490000000000002,5.566666666666667e-05
Sn11,17.549999999999997,7.733333333333333e-05
Sn11,17.61,0.000113
Sn11,17.67,0.00015666666666666666
Sn11,17.729999999999997,0.00020266666666666667
Sn11,17.79,0.000275
Sn11,17.85,0.00035066666666666666
Sn11,17.909999999999997,0.00048133333333333334
Sn11,17.97,0.000636
Sn11,18.03,0.0008123333333333333
Sn11,18.09,0.0010526666666666666
Sn11,18.15,0.0013583333333333334
Sn11,18.21,0.001771
Sn11,18.27,0.002225
Sn11,18.33,0.0027563333333333333
Sn11,18.39,0.0033526666666666666
Sn11,18.45,0.004082
Sn11,18.509999999999998,0.004946666666666667
Sn11,18.57,0.00597
Sn11,18.63,0.007128666666666667
Sn11,18.689999999999998,0.008497
Sn11,18.75,0.009931
Sn11,18.81,0.011541666666666667
Sn11,18.869999999999997,0.013153333333333333
Sn11,18.93,0.01514
Sn11,18.990000000000002,0.017201666666666667
Sn11,19.049999999999997,0.01935366666666667
Sn11,19.11,0.021543
Sn11,19.17,0.023666333333333334
Sn11,19.229999999999997,0.025824333333333335
Sn11,19.29,0.028002333333333334
Sn11,19.35,0.030135666666666668
Sn11,19.409999999999997,0.032133666666666665
Sn11,19.47,0.03373366666666667
Sn11,19.53,0.035295
Sn11,19.59,0.036443333333333335
Sn11,19.65,0.037391
Sn11,19.71,0.038086
Sn11,19.77,0.03834133333333333
Sn11,19.83,0.03823033333333333
Sn11,19.89,0.03776633333333333
Sn11,19.95,0.036880333333333334
Sn11,20.009999999999998,0.03587333333333333
Sn11,20.07,0.034718
Sn11,20.13,0.033004
Sn11,20.189999999999998,0.031293666666666664
Sn11,20.25,0.029277333333333332
Sn11,20.31,0.027071666666666667
Sn11,20.369999999999997,0.02460033333333333
Sn11,20.43,0.022380666666666667
Sn11,20.490000000000002,0.020125
Sn11,20.549999999999997,0.017946
Sn11,20.61,0.015775
Sn11,20.67,0.013809333333333333
Sn11,20.729999999999997,0.011898333333333334
Sn11,20.79,0.010281666666666666
Sn11,20.85,0.008739666666666666
Sn11,20.909999999999997,0.007292333333333333
Sn11,20.97,0.005979666666666667
Sn11,21.03,0.00493
Sn11,21.089999999999996,0.004072
Sn11,21.15,0.003289
Sn11,21.21,0.0026393333333333334
Sn11,21.27,0.002108333333333333
Sn11,21.33,0.0016313333333333334
Sn11,21.39,0.0012593333333333334
Sn11,21.45,0.0009626666666666667
Sn11,21.509999999999998,0.0007376666666666666
Sn11,21.57,0.0005696666666666667
Sn11,21.63,0.00043233333333333334
Sn11,21.689999999999998,0.0003043333333333333
Sn11,21.75,0.00021533333333333333
Sn11,21.81,0.000162
Sn11,21.869999999999997,0.00013
Sn11,21.93,8.433333333333333e-05
Sn11,21.990000000000002,5.5333333333333334e-05
Sn11,22.049999999999997,3.733333333333333e-05
Sn11,22.11,2.6333333333333334e-05
Sn11,22.17,1.5666666666666667e-05
Sn11,22.229999999999997,8.333333333333334e-06
Sn11,22.29,7.333333333333333e-06
Sn11,22.35,5.666666666666667e-06
Sn11,22.409999999999997,3e-06
Sn11,22.47,3e-06
Sn11,22.53,3.6666666666666666e-06
Sn11,22.589999999999996,1.3333333333333334e-06
Sn11,22.65,6.666666666666667e-07
Sn11,22.71,3.3333333333333335e-07
Sn11,22.77,3.3333333333333335e-07
Sn11,22.83,0.0
Sn11,22.89,3.3333333333333335e-07
Sn11,22.95,3.3333333333333335e-07
Sn11,23.009999999999998,6.666666666666667e-07
Sn11,23.07,3.3333333333333335e-07
Sn11,23.13,3.3333333333333335e-07
Ta11,16.11,6.666666666666667e-07
Ta11,16.17,3.3333333333333335e-07
Ta11,16.229999999999997,0.0
Ta11,16.29,6.666666666666667e-07
Ta11,16.35,3.3333333333333335e-07
Ta11,16.409999999999997,6.666666666666667e-07
Ta11,16.47,1e-06
Ta11,16.53,6.666666666666667e-07
Ta11,16.59,1.6666666666666667e-06
Ta11,16.65,2.333333333333333e-06
Ta11,16.71,2.333333333333333e-06
Ta11,16.77,4.666666666666666e-06
Ta11,16.83,6.666666666666667e-06
Ta11,16.89,9e-06
Ta11,16.95,1.4e-05
Ta11,17.009999999999998,1.8333333333333333e-05
Ta11,17.07,2.8e-05
Ta11,17.13,3.6e-05
Ta11,17.189999999999998,4.8333333333333334e-05
Ta11,17.25,7.466666666666666e-05
Ta11,17.310000000000002,9.433333333333333e-05
Ta11,17.369999999999997,0.000127
Ta11,17.43,0.00017733333333333333
Ta11,17.490000000000002,0.000222
Ta11,17.549999999999997,0.000307
Ta11,17.61,0.00042
Ta11,17.67,0.000517
Ta11,17.729999999999997,0.000681
Ta11,17.79,0.0009073333333333333
Ta11,17.85,0.0011423333333333333
Ta11,17.909999999999997,0.00146
Ta11,17.97,0.0018336666666666666
Ta11,18.03,0.0022693333333333333
Ta11,18.09,0.0027723333333333332
Ta11,18.15,0.0034176666666666665
Ta11,18.21,0.004188
Ta11,18.27,0.004974666666666666
Ta11,18.33,0.005975333333333333
Ta11,18.39,0.007151666666666666
Ta11,18.45,0.008288333333333333
Ta11,18.509999999999998,0.009696333333333333
Ta11,18.57,0.011259333333333333
Ta11,18.63,0.012912666666666666
Ta11,18.689999999999998,0.014740333333333333
Ta11,18.75,0.016672333333333334
Ta11,18.81,0.018550666666666667
Ta11,18.869999999999997,0.020631333333333335
Ta11,18.93,0.022779
Ta11,18.990000000000002,0.024787
Ta11,19.049999999999997,0.02699266666666667
Ta11,19.11,0.028813333333333333
Ta11,19.17,0.030706666666666667
Ta11,19.229999999999997,0.032397
Ta11,19.29,0.033861
Ta11,19.35,0.03518
Ta11,19.409999999999997,0.036227333333333334
Ta11,19.47,0.036811666666666666
Ta11,19.53,0.037198666666666665
Ta11,19.59,0.037130333333333335
Ta11,19.65,0.03713
Ta11,19.71,0.036487
Ta11,19.77,0.035576333333333335
Ta11,19.83,0.034418
Ta11,19.89,0.033196666666666666
Ta11,19.95,0.031317333333333336
Ta11,20.009999999999998,0.029637666666666666
Ta11,20.07,0.027694333333333335
Ta11,20.13,0.025557
Ta11,20.189999999999998,0.023395666666666665
Ta11,20.25,0.021267333333333333
Ta11,20.31,0.019049666666666666
Ta11,20.369999999999997,0.016947666666666666
Ta11,20.43,0.015029666666666667
Ta11,20.490000000000002,0.013101666666666666
Ta11,20.549999999999997,0.011380666666666667
Ta11,20.61,0.009772666666666667
Ta11,20.67,0.00829
Ta11,20.729999999999997,0.006959666666666667
Ta11,20.79,0.005873666666666667
Ta11,20.85,0.0048456666666666665
Ta11,20.909999999999997,0.003929666666666666
Ta11,20.97,0.0031943333333333333
Ta11,21.03,0.002572
Ta11,21.089999999999996,0.00206
Ta11,21.15,0.0016593333333333334
Ta11,21.21,0.0012276666666666666
Ta11,21.27,0.0010186666666666666
Ta11,21.33,0.0007416666666666666
Ta11,21.39,0.0005613333333333333
Ta11,21.45,0.00043633333333333333
Ta11,21.509999999999998,0.0003243333333333333
Ta11,21.57,0.000242
Ta11,21.63,0.000167
Ta11,21.689999999999998,0.00013166666666666668
Ta11,21.75,8.166666666666667e-05
Ta11,21.81,6.666666666666667e-05
Ta11,21.869999999999997,4.4e-05
Ta11,21.93,2.6e-05
Ta11,21.990000000000002,2.3e-05
Ta11,22.049999999999997,1.1e-05
Ta11,22.11,7.666666666666667e-06
Ta11,22.17,5.333333333333334e-06
Ta11,22.229999999999997,4.333333333333333e-06
Ta11,22.29,4e-06
Ta11,22.35,1.6666666666666667e-06
Ta11,22.409999999999997,1.3333333333333334e-06
Ta11,22.47,1e-06
Ta11,22.53,1.3333333333333334e-06
Ta11,22.589999999999996,3.3333333333333335e-07
Ta11,22.65,3.3333333333333335e-07
Ta11,22.71,3.3333333333333335e-07
Ta11,22.77,3.3333333333333335e-07
Ta11,22.83,0.0
Ta11,22.89,6.666666666666667e-07
Ta11,22.95,0.0
Ta11,23.009999999999998,3.3333333333333335e-07
Cu11,15.69,6.666666666666667e-07
Cu11,15.75,3.3333333333333335e-07
Cu11,15.809999999999999,0.0
Cu11,15.87,3.3333333333333335e-07
Cu11,15.93,6.666666666666667e-07
Cu11,15.989999999999998,6.666666666666667e-07
Cu11,16.049999999999997,3.3333333333333335e-07
Cu11,16.11,1.3333333333333334e-06
Cu11,16.17,1.3333333333333334e-06
Cu11,16.229999999999997,2.333333333333333e-06
Cu11,16.29,1.6666666666666667e-06
Cu11,16.35,3.6666666666666666e-06
Cu11,16.409999999999997,6.666666666666667e-06
Cu11,16.47,8.333333333333334e-06
Cu11,16.53,1.3e-05
Cu11,16.59,1.4333333333333334e-05
Cu11,16.65,2.4e-05
Cu11,16.71,3.3333333333333335e-05
Cu11,16.77,4e-05
Cu11,16.83,6e-05
Cu11,16.89,8.7e-05
Cu11,16.95,0.00011266666666666666
Cu11,17.009999999999998,0.000138
Cu11,17.07,0.000202
Cu11,17.13,0.000256
Cu11,17.189999999999998,0.000351
Cu11,17.25,0.000444
Cu11,17.310000000000002,0.0005626666666666667
Cu11,17.369999999999997,0.0007736666666666666
Cu11,17.43,0.0009663333333333334
Cu11,17.490000000000002,0.001217
Cu11,17.549999999999997,0.001538
Cu11,17.61,0.0018963333333333334
Cu11,17.67,0.0023703333333333332
Cu11,17.729999999999997,0.002866
Cu11,17.79,0.0035253333333333334
Cu11,17.85,0.004279333333333333
Cu11,17.909999999999997,0.005052333333333333
Cu11,17.97,0.006119
Cu11,18.03,0.007123333333333333
Cu11,18.09,0.008273666666666667
Cu11,18.15,0.009691
Cu11,18.21,0.011257666666666666
Cu11,18.27,0.012789666666666666
Cu11,18.33,0.014518333333333333
Cu11,18.39,0.016455
Cu11,18.45,0.018232333333333333
Cu11,18.509999999999998,0.020209
Cu11,18.57,0.022198333333333334
Cu11,18.63,0.024353333333333334
Cu11,18.689999999999998,0.026300666666666667
Cu11,18.75,0.028092666666666665
Cu11,18.81,0.029867666666666667
Cu11,18.869999999999997,0.03165833333333333
Cu11,18.93,0.03302
Cu11,18.990000000000002,0.034237666666666666
Cu11,19.049999999999997,0.03534333333333333
Cu11,19.11,0.036116666666666665
Cu11,19.17,0.03638433333333333
Cu11,19.229999999999997,0.03652766666666667
Cu11,19.29,0.036443
Cu11,19.35,0.036014
Cu11,19.409999999999997,0.03516166666666667
Cu11,19.47,0.034210333333333336
Cu11,19.53,0.03307433333333333
Cu11,19.59,0.031279666666666664
Cu11,19.65,0.029747666666666665
Cu11,19.71,0.02791
Cu11,19.77,0.025988
Cu11,19.83,0.023802333333333335
Cu11,19.89,0.021799
Cu11,19.95,0.019772
Cu11,20.009999999999998,0.017572666666666667
Cu11,20.07,0.015614666666666667
Cu11,20.13,0.013914666666666667
Cu11,20.189999999999998,0.012040333333333333
Cu11,20.25,0.010379
Cu11,20.31,0.008944
Cu11,20.369999999999997,0.007597666666666667
Cu11,20.43,0.006380333333333333
Cu11,20.490000000000002,0.005358
Cu11,20.549999999999997,0.004379333333333333
Cu11,20.61,0.0036163333333333334
Cu11,20.67,0.0029193333333333332
Cu11,20.729999999999997,0.0023323333333333334
Cu11,20.79,0.0019143333333333334
Cu11,20.85,0.001476
Cu11,20.909999999999997,0.001157
Cu11,20.97,0.0009186666666666667
Cu11,21.03,0.000674
Cu11,21.089999999999996,0.0005263333333333333
Cu11,21.15,0.00040466666666666667
Cu11,21.21,0.0002916666666666667
Cu11,21.27,0.000224
Cu11,21.33,0.00016066666666666668
Cu11,21.39,0.000116
Cu11,21.45,7.333333333333333e-05
Cu11,21.509999999999998,6.666666666666667e-05
Cu11,21.57,4.1e-05
Cu11,21.63,2.3333333333333332e-05
Cu11,21.689999999999998,2.1333333333333335e-05
Cu11,21.75,1.1e-05
Cu11,21.81,9.666666666666667e-06
Cu11,21.869999999999997,4e-06
Cu11,21.93,3.3333333333333333e-06
Cu11,21.990000000000002,4.333333333333333e-06
Cu11,22.049999999999997,1.6666666666666667e-06
Cu11,22.11,3.3333333333333335e-07
Cu11,22.17,2e-06
Cu11,22.229999999999997,1e-06
Cu11,22.29,3.3333333333333335e-07
Cu11,22.35,3.3333333333333335e-07
Cu11,22.409999999999997,6.666666666666667e-07
Cu11,22.47,0.0
Cu11,22.53,0.0
Cu11,22.589999999999996,6.666666666666667e-07
Cu11,22.65,0.0
Cu11,22.71,3.3333333333333335e-07
Al_degrader_E8_E7,12.09,1.3333333333333334e-07
Al_degrader_E8_E7,12.149999999999999,0.0
Al_degrader_E8_E7,12.21,6.666666666666667e-08
Al_degrader_E8_E7,12.27,0.0
Al_degrader_E8_E7,12.329999999999998,0.0
Al_degrader_E8_E7,12.39,2e-07
Al_degrader_E8_E7,12.45,0.0
Al_degrader_E8_E7,12.51,2e-07
Al_degrader_E8_E7,12.57,0.0
Al_degrader_E8_E7,12.629999999999999,2e-07
Al_degrader_E8_E7,12.69,2.6666666666666667e-07
Al_degrader_E8_E7,12.75,4.6666666666666666e-07
Al_degrader_E8_E7,12.809999999999999,2.6666666666666667e-07
Al_degrader_E8_E7,12.870000000000001,6e-07
Al_degrader_E8_E7,12.93,8.666666666666667e-07
Al_degrader_E8_E7,12.989999999999998,8e-07
Al_degrader_E8_E7,13.05,1.6666666666666667e-06
Al_degrader_E8_E7,13.11,1.933333333333333e-06
Al_degrader_E8_E7,13.169999999999998,2.2e-06
Al_degrader_E8_E7,13.23,3.6e-06
Al_degrader_E8_E7,13.29,4.333333333333333e-06
Al_degrader_E8_E7,13.35,6.0666666666666665e-06
Al_degrader_E8_E7,13.41,6.8666666666666664e-06
Al_degrader_E8_E7,13.469999999999999,9.866666666666667e-06
Al_degrader_E8_E7,13.53,1.36e-05
Al_degrader_E8_E7,13.59,1.6933333333333333e-05
Al_degrader_E8_E7,13.649999999999999,2.02e-05
Al_degrader_E8_E7,13.71,2.6266666666666667e-05
Al_degrader_E8_E7,13.77,3.3866666666666665e-05
Al_degrader_E8_E7,13.829999999999998,4.4733333333333334e-05
Al_degrader_E8_E7,13.89,5.8933333333333334e-05
Al_degrader_E8_E7,13.95,6.88e-05
Al_degrader_E8_E7,14.009999999999998,8.486666666666667e-05
Al_degrader_E8_E7,14.07,0.00010866666666666666
Al_degrader_E8_E7,14.129999999999999,0.00014173333333333333
Al_degrader_E8_E7,14.19,0.0001684
Al_degrader_E8_E7,14.25,0.00021366666666666667
Al_degrader_E8_E7,14.309999999999999,0.00025193333333333335
Al_degrader_E8_E7,14.37,0.0003132
Al_degrader_E8_E7,14.43,0.0003734666666666667
Al_degrader_E8_E7,14.489999999999998,0.0004506
Al_degrader_E8_E7,14.55,0.0005369333333333333
Al_degrader_E8_E7,14.61,0.0006482666666666666
Al_degrader_E8_E7,14.669999999999998,0.0007646666666666666
Al_degrader_E8_E7,14.73,0.00089
Al_degrader_E8_E7,14.79,0.0010555333333333334
Al_degrader_E8_E7,14.85,0.0012428666666666668
Al_degrader_E8_E7,14.91,0.0014301333333333333
Al_degrader_E8_E7,14.969999999999999,0.0016395333333333333
Al_degrader_E8_E7,15.03,0.001886
Al_degrader_E8_E7,15.09,0.0022058
Al_degrader_E8_E7,15.149999999999999,0.0024746666666666667
Al_degrader_E8_E7,15.21,0.002798066666666667
Al_degrader_E8_E7,15.27,0.0031585333333333334
Al_degrader_E8_E7,15.329999999999998,0.0035829333333333335
Al_degrader_E8_E7,15.39,0.0039757333333333335
Al_degrader_E8_E7,15.45,0.004400266666666667
Al_degrader_E8_E7,15.509999999999998,0.0048774
Al_degrader_E8_E7,15.57,0.0054036
Al_degrader_E8_E7,15.629999999999999,0.0059052
Al_degrader_E8_E7,15.69,0.0064428666666666665
Al_degrader_E8_E7,15.75,0.0069852
Al_degrader_E8_E7,15.809999999999999,0.007573933333333334
Al_degrader_E8_E7,15.87,0.0081602
Al_degrader_E8_E7,15.93,0.0087364
Al_degrader_E8_E7,15.989999999999998,0.009311
Al_degrader_E8_E7,16.049999999999997,0.009940466666666667
Al_degrader_E8_E7,16.11,0.0105314
Al_degrader_E8_E7,16.17,0.011078466666666667
Al_degrader_E8_E7,16.229999999999997,0.011665733333333332
Al_degrader_E8_E7,16.29,0.012210933333333333
Al_degrader_E8_E7,16.35,0.012786866666666667
Al_degrader_E8_E7,16.409999999999997,0.013266466666666667
Al_degrader_E8_E7,16.47,0.013809933333333333
Al_degrader_E8_E7,16.53,0.0142344
Al_degrader_E8_E7,16.59,0.014740933333333333
Al_degrader_E8_E7,16.65,0.015127333333333333
Al_degrader_E8_E7,16.71,0.015515866666666666
Al_degrader_E8_E7,16.77,0.0159022
Al_degrader_E8_E7,16.83,0.0162476
Al_degrader_E8_E7,16.89,0.0165138
Al_degrader_E8_E7,16.95,0.016782733333333334
Al_degrader_E8_E7,17.009999999999998,0.017077066666666668
Al_degrader_E8_E7,17.07,0.01729
Al_degrader_E8_E7,17.13,0.0175264
Al_degrader_E8_E7,17.189999999999998,0.017643866666666667
Al_degrader_E8_E7,17.25,0.017868666666666668
Al_degrader_E8_E7,17.310000000000002,0.017995333333333332
Al_degrader_E8_E7,17.369999999999997,0.0180872
Al_degrader_E8_E7,17.43,0.018245466666666668
Al_degrader_E8_E7,17.490000000000002,0.0183076
Al_degrader_E8_E7,17.549999999999997,0.018380733333333333
Al_degrader_E8_E7,17.61,0.018406733333333335
Al_degrader_E8_E7,17.67,0.0184812
Al_degrader_E8_E7,17.729999999999997,0.0185008
Al_degrader_E8_E7,17.79,0.018460733333333333
Al_degrader_E8_E7,17.85,0.0185034
Al_degrader_E8_E7,17.909999999999997,0.0184384
Al_degrader_E8_E7,17.97,0.018353266666666666
Al_degrader_E8_E7,18.03,0.018244466666666667
Al_degrader_E8_E7,18.09,0.018166266666666667
Al_degrader_E8_E7,18.15,0.0180172
Al_degrader_E8_E7,18.21,0.0177818
Al_degrader_E8_E7,18.27,0.017620066666666667
Al_degrader_E8_E7,18.33,0.017345733333333332
Al_degrader_E8_E7,18.39,0.0170188
Al_degrader_E8_E7,18.45,0.0166576
Al_degrader_E8_E7,18.509999999999998,0.0163178
Al_degrader_E8_E7,18.57,0.015870866666666667
Al_degrader_E8_E7,18.63,0.0153692
Al_degrader_E8_E7,18.689999999999998,0.014882533333333333
Al_degrader_E8_E7,18.75,0.014307866666666667
Al_degrader_E8_E7,18.81,0.013705
Al_degrader_E8_E7,18.869999999999997,0.013052733333333334
Al_degrader_E8_E7,18.93,0.012432133333333333
Al_degrader_E8_E7,18.990000000000002,0.011716866666666667
Al_degrader_E8_E7,19.049999999999997,0.010966666666666666
Al_degrader_E8_E7,19.11,0.0102898
Al_degrader_E8_E7,19.17,0.009587733333333332
Al_degrader_E8_E7,19.229999999999997,0.0087772
Al_degrader_E8_E7,19.29,0.008098866666666666
Al_degrader_E8_E7,19.35,0.007416466666666666
Al_degrader_E8_E7,19.409999999999997,0.006702866666666666
Al_degrader_E8_E7,19.47,0.0060066
Al_degrader_E8_E7,19.53,0.0054012
Al_degrader_E8_E7,19.59,0.004774
Al_degrader_E8_E7,19.65,0.004204533333333333
Al_degrader_E8_E7,19.71,0.0036685333333333335
Al_degrader_E8_E7,19.77,0.0032002666666666665
Al_degrader_E8_E7,19.83,0.0027576666666666665
Al_degrader_E8_E7,19.89,0.002340866666666667
Al_degrader_E8_E7,19.95,0.0020104
Al_degrader_E8_E7,20.009999999999998,0.0016745333333333333
Al_degrader_E8_E7,20.07,0.0014054666666666667
Al_degrader_E8_E7,20.13,0.0011684666666666667
Al_degrader_E8_E7,20.189999999999998,0.0009603333333333333
Al_degrader_E8_E7,20.25,0.0007798666666666667
Al_degrader_E8_E7,20.31,0.0006200666666666667
Al_degrader_E8_E7,20.369999999999997,0.0005053333333333333
Al_degrader_E8_E7,20.43,0.00040806666666666665
Al_degrader_E8_E7,20.490000000000002,0.00031466666666666665
Al_degrader_E8_E7,20.549999999999997,0.00024373333333333334
Al_degrader_E8_E7,20.61,0.00019826666666666667
Al_degrader_E8_E7,20.67,0.00014473333333333335
Al_degrader_E8_E7,20.729999999999997,0.00011166666666666667
Al_degrader_E8_E7,20.79,8.7e-05
Al_degrader_E8_E7,20.85,6.226666666666667e-05
Al_degrader_E8_E7,20.909999999999997,4.706666666666667e-05
Al_degrader_E8_E7,20.97,3.493333333333333e-05
Al_degrader_E8_E7,21.03,2.52e-05
Al_degrader_E8_E7,21.089999999999996,1.68e-05
Al_degrader_E8_E7,21.15,1.3866666666666667e-05
Al_degrader_E8_E7,21.21,9.533333333333334e-06
Al_degrader_E8_E7,21.27,5.666666666666667e-06
Al_degrader_E8_E7,21.33,4.2e-06
Al_degrader_E8_E7,21.39,2.6e-06
Al_degrader_E8_E7,21.45,2.333333333333333e-06
Al_degrader_E8_E7,21.509999999999998,1.1333333333333334e-06
Al_degrader_E8_E7,21.57,6.666666666666667e-07
Al_degrader_E8_E7,21.63,7.333333333333333e-07
Al_degrader_E8_E7,21.689999999999998,6e-07
Al_degrader_E8_E7,21.75,2.6666666666666667e-07
Al_degrader_E8_E7,21.81,2.6666666666666667e-07
Al_degrader_E8_E7,21.869999999999997,3.3333333333333335e-07
Al_degrader_E8_E7,21.93,1.3333333333333334e-07
Al_degrader_E8_E7,21.990000000000002,0.0
Al_degrader_E8_E7,22.049999999999997,1.3333333333333334e-07
Al_degrader_E8_E7,22.11,6.666666666666667e-08
Al_degrader_E8_E7,22.17,0.0
Al_degrader_E8_E7,22.229999999999997,6.666666666666667e-08
Al_degrader_E8_E7,22.29,6.666666666666667e-08
Al_degrader_E8_E7,22.35,0.0
Al_degrader_E8_E7,22.409999999999997,6.666666666666667e-08
Ni12,11.489999999999998,3.3333333333333335e-07
Ni12,11.55,3.3333333333333335e-07
Ni12,11.61,3.3333333333333335e-07
Ni12,11.669999999999998,0.0
Ni12,11.73,0.0
Ni12,11.79,6.666666666666667e-07
Ni12,11.85,3.3333333333333335e-07
Ni12,11.91,6.666666666666667e-07
Ni12,11.969999999999999,3.3333333333333335e-07
Ni12,12.03,0.0
Ni12,12.09,1.3333333333333334e-06
Ni12,12.149999999999999,1e-06
Ni12,12.21,2.666666666666667e-06
Ni12,12.27,1.6666666666666667e-06
Ni12,12.329999999999998,2.666666666666667e-06
Ni12,12.39,5.666666666666667e-06
Ni12,12.45,3.3333333333333333e-06
Ni12,12.51,8.333333333333334e-06
Ni12,12.57,9.333333333333333e-06
Ni12,12.629999999999999,1e-05
Ni12,12.69,1.8e-05
Ni12,12.75,2.2333333333333332e-05
Ni12,12.809999999999999,2.7666666666666667e-05
Ni12,12.870000000000001,3.4666666666666665e-05
Ni12,12.93,4.5333333333333335e-05
Ni12,12.989999999999998,6.533333333333333e-05
Ni12,13.05,7.533333333333334e-05
Ni12,13.11,9.566666666666667e-05
Ni12,13.169999999999998,0.00012133333333333333
Ni12,13.23,0.00015433333333333334
Ni12,13.29,0.000198
Ni12,13.35,0.0002556666666666667
Ni12,13.41,0.000304
Ni12,13.469999999999999,0.000383
Ni12,13.53,0.0004673333333333333
Ni12,13.59,0.0006126666666666666
Ni12,13.649999999999999,0.0007266666666666667
Ni12,13.71,0.0009053333333333333
Ni12,13.77,0.0010686666666666668
Ni12,13.829999999999998,0.0013073333333333333
Ni12,13.89,0.0015813333333333332
Ni12,13.95,0.001871
Ni12,14.009999999999998,0.0022013333333333334
Ni12,14.07,0.002624333333333333
Ni12,14.129999999999999,0.0030843333333333335
Ni12,14.19,0.003618
Ni12,14.25,0.004205
Ni12,14.309999999999999,0.004890666666666666
Ni12,14.37,0.0055903333333333334
Ni12,14.43,0.006425
Ni12,14.489999999999998,0.007207666666666667
Ni12,14.55,0.008297333333333334
Ni12,14.61,0.009393333333333333
Ni12,14.669999999999998,0.010448666666666667
Ni12,14.73,0.011602
Ni12,14.79,0.012956333333333334
Ni12,14.85,0.014321
Ni12,14.91,0.015659
Ni12,14.969999999999999,0.017055333333333332
Ni12,15.03,0.018450666666666667
Ni12,15.09,0.020027333333333334
Ni12,15.149999999999999,0.021426666666666667
Ni12,15.21,0.022931333333333335
Ni12,15.27,0.024129
Ni12,15.329999999999998,0.025468
Ni12,15.39,0.026747333333333335
Ni12,15.45,0.027908
Ni12,15.509999999999998,0.028628333333333332
Ni12,15.57,0.029635
Ni12,15.629999999999999,0.030343333333333333
Ni12,15.69,0.030916333333333334
Ni12,15.75,0.030959
Ni12,15.809999999999999,0.031204
Ni12,15.87,0.031214333333333334
Ni12,15.93,0.031011
Ni12,15.989999999999998,0.030539333333333335
Ni12,16.049999999999997,0.02987333333333333
Ni12,16.11,0.029204666666666667
Ni12,16.17,0.028341333333333333
Ni12,16.229999999999997,0.027146333333333335
Ni12,16.29,0.025818
Ni12,16.35,0.024629333333333333
Ni12,16.409999999999997,0.023386
Ni12,16.47,0.021734
Ni12,16.53,0.020209
Ni12,16.59,0.018731333333333332
Ni12,16.65,0.017276333333333335
Ni12,16.71,0.015587666666666666
Ni12,16.77,0.014140333333333333
Ni12,16.83,0.012829
Ni12,16.89,0.011377
Ni12,16.95,0.010087333333333334
Ni12,17.009999999999998,0.008851333333333333
Ni12,17.07,0.007849
Ni12,17.13,0.006781666666666667
Ni12,17.189999999999998,0.005803
Ni12,17.25,0.005037
Ni12,17.310000000000002,0.004256
Ni12,17.369999999999997,0.0035916666666666666
Ni12,17.43,0.0030323333333333335
Ni12,17.490000000000002,0.002483
Ni12,17.549999999999997,0.002074
Ni12,17.61,0.0017376666666666667
Ni12,17.67,0.001396
Ni12,17.729999999999997,0.0011206666666666667
Ni12,17.79,0.000913
Ni12,17.85,0.0007296666666666667
Ni12,17.909999999999997,0.0005636666666666666
Ni12,17.97,0.0004516666666666667
Ni12,18.03,0.00036033333333333333
Ni12,18.09,0.00026733333333333334
Ni12,18.15,0.000209
Ni12,18.21,0.00016566666666666666
Ni12,18.27,0.00012366666666666667
Ni12,18.33,8.233333333333333e-05
Ni12,18.39,6e-05
Ni12,18.45,5.7e-05
Ni12,18.509999999999998,4e-05
Ni12,18.57,2.1e-05
Ni12,18.63,1.7666666666666668e-05
Ni12,18.689999999999998,1.1e-05
Ni12,18.75,1.1666666666666666e-05
Ni12,18.81,5e-06
Ni12,18.869999999999997,2.666666666666667e-06
Ni12,18.93,4e-06
Ni12,18.990000000000002,3.3333333333333333e-06
Ni12,19.049999999999997,1.6666666666666667e-06
Ni12,19.11,3.3333333333333335e-07
Ni12,19.17,2e-06
Ni12,19.229999999999997,6.666666666666667e-07
Ni12,19.29,6.666666666666667e-07
Ni12,19.35,0.0
Ni12,19.409999999999997,6.666666666666667e-07
Ni12,19.47,3.3333333333333335e-07
Ni12,19.53,0.0
Ni12,19.59,3.3333333333333335e-07
Ni12,19.65,3.3333333333333335e-07
Ni12,19.71,0.0
Ni12,19.77,0.0
Ni12,19.83,3.3333333333333335e-07
Sn12,11.309999999999999,3.3333333333333335e-07
Sn12,11.370000000000001,3.3333333333333335e-07
Sn12,11.43,1e-06
Sn12,11.489999999999998,3.3333333333333335e-07
Sn12,11.55,6.666666666666667e-07
Sn12,11.61,6.666666666666667e-07
Sn12,11.669999999999998,0.0
Sn12,11.73,6.666666666666667e-07
Sn12,11.79,6.666666666666667e-07
Sn12,11.85,3.3333333333333335e-07
Sn12,11.91,1e-06
Sn12,11.969999999999999,1.3333333333333334e-06
Sn12,12.03,2.333333333333333e-06
Sn12,12.09,2e-06
Sn12,12.149999999999999,5.333333333333334e-06
Sn12,12.21,6.666666666666667e-06
Sn12,12.27,7.333333333333333e-06
Sn12,12.329999999999998,1.2333333333333333e-05
Sn12,12.39,1.4e-05
Sn12,12.45,1.7666666666666668e-05
Sn12,12.51,2.2e-05
Sn12,12.57,2.8333333333333332e-05
Sn12,12.629999999999999,3.766666666666667e-05
Sn12,12.69,5.2e-05
Sn12,12.75,6.5e-05
Sn12,12.809999999999999,8.6e-05
Sn12,12.870000000000001,0.00010833333333333333
Sn12,12.93,0.000141
Sn12,12.989999999999998,0.00017766666666666666
Sn12,13.05,0.000215
Sn12,13.11,0.00026066666666666664
Sn12,13.169999999999998,0.0003356666666666667
Sn12,13.23,0.000436
Sn12,13.29,0.000542
Sn12,13.35,0.0006406666666666667
Sn12,13.41,0.0007896666666666667
Sn12,13.469999999999999,0.000986
Sn12,13.53,0.0012143333333333333
Sn12,13.59,0.001498
Sn12,13.649999999999999,0.0017673333333333334
Sn12,13.71,0.002121333333333333
Sn12,13.77,0.002505
Sn12,13.829999999999998,0.002919
Sn12,13.89,0.0034073333333333334
Sn12,13.95,0.003993666666666667
Sn12,14.009999999999998,0.004649
Sn12,14.07,0.005383333333333334
Sn12,14.129999999999999,0.006189666666666666
Sn12,14.19,0.007206
Sn12,14.25,0.008116
Sn12,14.309999999999999,0.009147666666666667
Sn12,14.37,0.010237
Sn12,14.43,0.011469333333333333
Sn12,14.489999999999998,0.012842333333333334
Sn12,14.55,0.014198666666666667
Sn12,14.61,0.015714333333333334
Sn12,14.669999999999998,0.017096666666666666
Sn12,14.73,0.018581666666666666
Sn12,14.79,0.020088333333333333
Sn12,14.85,0.021501666666666665
Sn12,14.91,0.023048666666666665
Sn12,14.969999999999999,0.024506333333333335
Sn12,15.03,0.025831333333333335
Sn12,15.09,0.027076333333333334
Sn12,15.149999999999999,0.028232333333333335
Sn12,15.21,0.029324666666666666
Sn12,15.27,0.030072666666666668
Sn12,15.329999999999998,0.030822333333333334
Sn12,15.39,0.031341666666666664
Sn12,15.45,0.03164
Sn12,15.509999999999998,0.031714
Sn12,15.57,0.031766666666666665
Sn12,15.629999999999999,0.03145166666666667
Sn12,15.69,0.030897
Sn12,15.75,0.030211
Sn12,15.809999999999999,0.029484
Sn12,15.87,0.028575333333333335
Sn12,15.93,0.027448
Sn12,15.989999999999998,0.026276333333333332
Sn12,16.049999999999997,0.024890333333333334
Sn12,16.11,0.023443
Sn12,16.17,0.021805
Sn12,16.229999999999997,0.020067333333333333
Sn12,16.29,0.018547666666666667
Sn12,16.35,0.016994333333333334
Sn12,16.409999999999997,0.015494666666666667
Sn12,16.47,0.013909333333333333
Sn12,16.53,0.012475666666666666
Sn12,16.59,0.011099333333333333
Sn12,16.65,0.009788666666666666
Sn12,16.71,0.008631333333333333
Sn12,16.77,0.007545666666666667
Sn12,16.83,0.006526333333333334
Sn12,16.89,0.005546
Sn12,16.95,0.004711
Sn12,17.009999999999998,0.003986666666666667
Sn12,17.07,0.0033703333333333333
Sn12,17.13,0.002836
Sn12,17.189999999999998,0.0023443333333333333
Sn12,17.25,0.00193
Sn12,17.310000000000002,0.0015713333333333334
Sn12,17.369999999999997,0.0012826666666666668
Sn12,17.43,0.001018
Sn12,17.490000000000002,0.000805
Sn12,17.549999999999997,0.0006453333333333334
Sn12,17.61,0.0005183333333333333
Sn12,17.67,0.000407
Sn12,17.729999999999997,0.000315
Sn12,17.79,0.000229
Sn12,17.85,0.00017566666666666666
Sn12,17.909999999999997,0.000137
Sn12,17.97,0.00011433333333333334
Sn12,18.03,8.1e-05
Sn12,18.09,5.4e-05
Sn12,18.15,3.7e-05
Sn12,18.21,3.1666666666666666e-05
Sn12,18.27,1.9666666666666666e-05
Sn12,18.33,1.2666666666666667e-05
Sn12,18.39,7.333333333333333e-06
Sn12,18.45,7e-06
Sn12,18.509999999999998,5.333333333333334e-06
Sn12,18.57,3.3333333333333333e-06
Sn12,18.63,2.666666666666667e-06
Sn12,18.689999999999998,2.666666666666667e-06
Sn12,18.75,2.666666666666667e-06
Sn12,18.81,1.3333333333333334e-06
Sn12,18.869999999999997,6.666666666666667e-07
Sn12,18.93,3.3333333333333335e-07
Sn12,18.990000000000002,3.3333333333333335e-07
Sn12,19.049999999999997,0.0
Sn12,19.11,0.0
Sn12,19.17,3.3333333333333335e-07
Sn12,19.229999999999997,3.3333333333333335e-07
Sn12,19.29,6.666666666666667e-07
Sn12,19.35,3.3333333333333335e-07
Sn12,19.409999999999997,3.3333333333333335e-07
Ta12,10.829999999999998,3.3333333333333335e-07
Ta12,10.89,3.3333333333333335e-07
Ta12,10.95,3.3333333333333335e-07
Ta12,11.01,0.0
Ta12,11.07,3.3333333333333335e-07
Ta12,11.129999999999999,6.666666666666667e-07
Ta12,11.19,3.3333333333333335e-07
Ta12,11.25,0.0
Ta12,11.309999999999999,6.666666666666667e-07
Ta12,11.370000000000001,1e-06
Ta12,11.43,6.666666666666667e-07
Ta12,11.489999999999998,1e-06
Ta12,11.55,1e-06
Ta12,11.61,2e-06
Ta12,11.669999999999998,2e-06
Ta12,11.73,3.6666666666666666e-06
Ta12,11.79,5.333333333333334e-06
Ta12,11.85,5e-06
Ta12,11.91,9.666666666666667e-06
Ta12,11.969999999999999,1e-05
Ta12,12.03,1.0666666666666667e-05
Ta12,12.09,1.8666666666666665e-05
Ta12,12.149999999999999,2.5e-05
Ta12,12.21,2.9333333333333333e-05
Ta12,12.27,3.3e-05
Ta12,12.329999999999998,4.966666666666667e-05
Ta12,12.39,6.9e-05
Ta12,12.45,7.4e-05
Ta12,12.51,9.866666666666666e-05
Ta12,12.57,0.00012666666666666666
Ta12,12.629999999999999,0.00016233333333333334
Ta12,12.69,0.000191
Ta12,12.75,0.00024333333333333333
Ta12,12.809999999999999,0.00032166666666666666
Ta12,12.870000000000001,0.00036866666666666667
Ta12,12.93,0.000468
Ta12,12.989999999999998,0.0005843333333333333
Ta12,13.05,0.0007116666666666667
Ta12,13.11,0.0008463333333333334
Ta12,13.169999999999998,0.001076
Ta12,13.23,0.0012803333333333334
Ta12,13.29,0.001498
Ta12,13.35,0.0018196666666666667
Ta12,13.41,0.0021133333333333334
Ta12,13.469999999999999,0.002509
Ta12,13.53,0.002929666666666667
Ta12,13.59,0.003473
Ta12,13.649999999999999,0.003973666666666667
Ta12,13.71,0.004595333333333333
Ta12,13.77,0.0054006666666666665
Ta12,13.829999999999998,0.006043666666666667
Ta12,13.89,0.006835
Ta12,13.95,0.007830666666666666
Ta12,14.009999999999998,0.008880666666666667
Ta12,14.07,0.009882
Ta12,14.129999999999999,0.011
Ta12,14.19,0.012318333333333334
Ta12,14.25,0.013556333333333333
Ta12,14.309999999999999,0.014806666666666666
Ta12,14.37,0.016191666666666667
Ta12,14.43,0.017638666666666667
Ta12,14.489999999999998,0.01902
Ta12,14.55,0.020377
Ta12,14.61,0.021919
Ta12,14.669999999999998,0.023143
Ta12,14.73,0.024406
Ta12,14.79,0.025779666666666666
Ta12,14.85,0.026782
Ta12,14.91,0.027803
Ta12,14.969999999999999,0.028741
Ta12,15.03,0.029562
Ta12,15.09,0.029987333333333335
Ta12,15.149999999999999,0.030529333333333332
Ta12,15.21,0.030790333333333333
Ta12,15.27,0.030644333333333332
Ta12,15.329999999999998,0.030780333333333333
Ta12,15.39,0.030327666666666666
Ta12,15.45,0.03003866666666667
Ta12,15.509999999999998,0.029242333333333332
Ta12,15.57,0.028509666666666666
Ta12,15.629999999999999,0.027709
Ta12,15.69,0.026445333333333335
Ta12,15.75,0.025260666666666667
Ta12,15.809999999999999,0.024021666666666667
Ta12,15.87,0.022691666666666666
Ta12,15.93,0.021158
Ta12,15.989999999999998,0.019673666666666666
Ta12,16.049999999999997,0.01818933333333333
Ta12,16.11,0.016803333333333333
Ta12,16.17,0.015116666666666667
Ta12,16.229999999999997,0.013739
Ta12,16.29,0.012462666666666667
Ta12,16.35,0.011074
Ta12,16.409999999999997,0.009903
Ta12,16.47,0.008632333333333334
Ta12,16.53,0.00762
Ta12,16.59,0.00664
Ta12,16.65,0.005697333333333334
Ta12,16.71,0.004933
Ta12,16.77,0.004207333333333334
Ta12,16.83,0.0035226666666666666
Ta12,16.89,0.002974333333333333
Ta12,16.95,0.002522
Ta12,17.009999999999998,0.002035
Ta12,17.07,0.0017143333333333333
Ta12,17.13,0.0014246666666666667
Ta12,17.189999999999998,0.0011086666666666667
Ta12,17.25,0.0009253333333333333
Ta12,17.310000000000002,0.000747
Ta12,17.369999999999997,0.000568
Ta12,17.43,0.000458
Ta12,17.490000000000002,0.000362
Ta12,17.549999999999997,0.00028
Ta12,17.61,0.00022633333333333332
Ta12,17.67,0.000161
Ta12,17.729999999999997,0.00012733333333333333
Ta12,17.79,9.6e-05
Ta12,17.85,6.733333333333333e-05
Ta12,17.909999999999997,5.6666666666666664e-05
Ta12,17.97,4.1666666666666665e-05
Ta12,18.03,2.3666666666666668e-05
Ta12,18.09,1.8333333333333333e-05
Ta12,18.15,1.3666666666666667e-05
Ta12,18.21,1e-05
Ta12,18.27,7.333333333333333e-06
Ta12,18.33,3.3333333333333333e-06
Ta12,18.39,4.333333333333333e-06
Ta12,18.45,3.3333333333333333e-06
Ta12,18.509999999999998,1.3333333333333334e-06
Ta12,18.57,1.6666666666666667e-06
Ta12,18.63,1.3333333333333334e-06
Ta12,18.689999999999998,1.3333333333333334e-06
Ta12,18.75,3.3333333333333335e-07
Ta12,18.81,3.3333333333333335e-07
Ta12,18.869999999999997,3.3333333333333335e-07
Ta12,18.93,0.0
Ta12,18.990000000000002,6.666666666666667e-07
Ta12,19.049999999999997,0.0
Ta12,19.11,3.3333333333333335e-07
Ta12,19.17,3.3333333333333335e-07
Ta12,19.229999999999997,0.0
Ta12,19.29,3.3333333333333335e-07
Cu12,10.29,6.666666666666667e-07
Cu12,10.35,0.0
Cu12,10.41,3.3333333333333335e-07
Cu12,10.469999999999999,0.0
Cu12,10.53,0.0
Cu12,10.59,1e-06
Cu12,10.649999999999999,0.0
Cu12,10.71,6.666666666666667e-07
Cu12,10.77,3.3333333333333335e-07
Cu12,10.829999999999998,3.3333333333333335e-07
Cu12,10.89,1e-06
Cu12,10.95,1.3333333333333334e-06
Cu12,11.01,1e-06
Cu12,11.07,1.6666666666666667e-06
Cu12,11.129999999999999,2.333333333333333e-06
Cu12,11.19,2.666666666666667e-06
Cu12,11.25,5e-06
Cu12,11.309999999999999,6e-06
Cu12,11.370000000000001,6.666666666666667e-06
Cu12,11.43,1.0333333333333333e-05
Cu12,11.489999999999998,1.0333333333333333e-05
Cu12,11.55,1.4333333333333334e-05
Cu12,11.61,2.1e-05
Cu12,11.669999999999998,2.7333333333333335e-05
Cu12,11.73,2.8666666666666668e-05
Cu12,11.79,4.2e-05
Cu12,11.85,5.4e-05
Cu12,11.91,6.866666666666666e-05
Cu12,11.969999999999999,8.7e-05
Cu12,12.03,9.666666666666667e-05
Cu12,12.09,0.00013666666666666666
Cu12,12.149999999999999,0.00015633333333333333
Cu12,12.21,0.00020733333333333332
Cu12,12.27,0.00025833333333333334
Cu12,12.329999999999998,0.00031066666666666666
Cu12,12.39,0.00037566666666666667
Cu12,12.45,0.000456
Cu12,12.51,0.0005903333333333333
Cu12,12.57,0.0006933333333333333
Cu12,12.629999999999999,0.000862
Cu12,12.69,0.0010076666666666667
Cu12,12.75,0.0012333333333333332
Cu12,12.809999999999999,0.0014376666666666667
Cu12,12.870000000000001,0.0017313333333333334
Cu12,12.93,0.0020156666666666665
Cu12,12.989999999999998,0.0023713333333333334
Cu12,13.05,0.002757
Cu12,13.11,0.003257
Cu12,13.169999999999998,0.0037393333333333332
Cu12,13.23,0.004290666666666667
Cu12,13.29,0.004999666666666667
Cu12,13.35,0.005644
Cu12,13.41,0.006383
Cu12,13.469999999999999,0.007186666666666667
Cu12,13.53,0.00821
Cu12,13.59,0.009143
Cu12,13.649999999999999,0.01017
Cu12,13.71,0.011287333333333333
Cu12,13.77,0.012564333333333334
Cu12,13.829999999999998,0.013686
Cu12,13.89,0.014956333333333334
Cu12,13.95,0.016267666666666666
Cu12,14.009999999999998,0.017533
Cu12,14.07,0.019005333333333332
Cu12,14.129999999999999,0.020301
Cu12,14.19,0.021603666666666667
Cu12,14.25,0.022769333333333332
Cu12,14.309999999999999,0.024053666666666668
Cu12,14.37,0.025249666666666667
Cu12,14.43,0.026377
Cu12,14.489999999999998,0.027168333333333333
Cu12,14.55,0.027982666666666666
Cu12,14.61,0.028806333333333333
Cu12,14.669999999999998,0.029433666666666667
Cu12,14.73,0.029610666666666667
Cu12,14.79,0.029968333333333333
Cu12,14.85,0.029974666666666667
Cu12,14.91,0.029937
Cu12,14.969999999999999,0.029694
Cu12,15.03,0.02929
Cu12,15.09,0.028551666666666666
Cu12,15.149999999999999,0.028044
Cu12,15.21,0.027141666666666668
Cu12,15.27,0.025988666666666667
Cu12,15.329999999999998,0.024890666666666665
Cu12,15.39,0.023688333333333332
Cu12,15.45,0.022606666666666667
Cu12,15.509999999999998,0.021055666666666667
Cu12,15.57,0.019658
Cu12,15.629999999999999,0.018256666666666668
Cu12,15.69,0.016943333333333335
Cu12,15.75,0.015368
Cu12,15.809999999999999,0.013983
Cu12,15.87,0.012700333333333333
Cu12,15.93,0.011454
Cu12,15.989999999999998,0.010174333333333334
Cu12,16.049999999999997,0.009007666666666667
Cu12,16.11,0.008025666666666667
Cu12,16.17,0.0069763333333333335
Cu12,16.229999999999997,0.00608
Cu12,16.29,0.00524
Cu12,16.35,0.004537
Cu12,16.409999999999997,0.003868
Cu12,16.47,0.003262
Cu12,16.53,0.0027433333333333333
Cu12,16.59,0.002304
Cu12,16.65,0.001893
Cu12,16.71,0.001604
Cu12,16.77,0.0013093333333333334
Cu12,16.83,0.001025
Cu12,16.89,0.0008703333333333333
Cu12,16.95,0.000701
Cu12,17.009999999999998,0.0005276666666666666
Cu12,17.07,0.00043566666666666667
Cu12,17.13,0.00034333333333333335
Cu12,17.189999999999998,0.000272
Cu12,17.25,0.000211
Cu12,17.310000000000002,0.00015566666666666666
Cu12,17.369999999999997,0.000127
Cu12,17.43,8.566666666666667e-05
Cu12,17.490000000000002,6.3e-05
Cu12,17.549999999999997,5.7333333333333336e-05
Cu12,17.61,3.9666666666666664e-05
Cu12,17.67,2.7e-05
Cu12,17.729999999999997,1.7666666666666668e-05
Cu12,17.79,1.2666666666666667e-05
Cu12,17.85,1.1e-05
Cu12,17.909999999999997,7.666666666666667e-06
Cu12,17.97,3.6666666666666666e-06
Cu12,18.03,3e-06
Cu12,18.09,3e-06
Cu12,18.15,2.666666666666667e-06
Cu12,18.21,1e-06
Cu12,18.27,1.3333333333333334e-06
Cu12,18.33,1e-06
Cu12,18.39,1e-06
Cu12,18.45,3.3333333333333335e-07
Cu12,18.509999999999998,0.0
Cu12,18.57,6.666666666666667e-07
Cu12,18.63,3.3333333333333335e-07
Cu12,18.689999999999998,0.0
Cu12,18.75,0.0
Cu12,18.81,6.666666666666667e-07
Cu12,18.869999999999997,0.0
Cu12,18.93,0.0
Cu12,18.990000000000002,3.3333333333333335e-07
Al_degrader_E9,7.77,8.333333333333334e-08
Al_degrader_E9,7.83,8.333333333333334e-08
Al_degrader_E9,7.89,0.0
Al_degrader_E9,7.949999999999999,8.333333333333334e-08
Al_degrader_E9,8.01,8.333333333333334e-08
Al_degrader_E9,8.07,8.333333333333334e-08
Al_degrader_E9,8.129999999999999,8.333333333333334e-08
Al_degrader_E9,8.19,8.333333333333334e-08
Al_degrader_E9,8.25,8.333333333333334e-08
Al_degrader_E9,8.309999999999999,1.6666666666666668e-07
Al_degrader_E9,8.370000000000001,8.333333333333334e-08
Al_degrader_E9,8.43,1.6666666666666668e-07
Al_degrader_E9,8.489999999999998,8.333333333333334e-08
Al_degrader_E9,8.55,2.5e-07
Al_degrader_E9,8.61,4.1666666666666667e-07
Al_degrader_E9,8.67,3.3333333333333335e-07
Al_degrader_E9,8.73,3.3333333333333335e-07
Al_degrader_E9,8.79,5.833333333333333e-07
Al_degrader_E9,8.85,1e-06
Al_degrader_E9,8.91,1e-06
Al_degrader_E9,8.969999999999999,1.0833333333333333e-06
Al_degrader_E9,9.030000000000001,1.4166666666666667e-06
Al_degrader_E9,9.09,2e-06
Al_degrader_E9,9.149999999999999,2.75e-06
Al_degrader_E9,9.21,2.333333333333333e-06
Al_degrader_E9,9.27,3.416666666666667e-06
Al_degrader_E9,9.329999999999998,5e-06
Al_degrader_E9,9.39,5.916666666666667e-06
Al_degrader_E9,9.45,6.333333333333333e-06
Al_degrader_E9,9.51,8.5e-06
Al_degrader_E9,9.57,1.0416666666666666e-05
Al_degrader_E9,9.629999999999999,1.3083333333333334e-05
Al_degrader_E9,9.69,1.675e-05
Al_degrader_E9,9.75,1.95e-05
Al_degrader_E9,9.809999999999999,2.5166666666666667e-05
Al_degrader_E9,9.870000000000001,2.8166666666666666e-05
Al_degrader_E9,9.93,3.75e-05
Al_degrader_E9,9.989999999999998,4.2833333333333335e-05
Al_degrader_E9,10.05,5.1916666666666664e-05
Al_degrader_E9,10.11,6.4e-05
Al_degrader_E9,10.169999999999998,8.066666666666667e-05
Al_degrader_E9,10.23,9.091666666666666e-05
Al_degrader_E9,10.29,0.00010933333333333334
Al_degrader_E9,10.35,0.00013491666666666668
Al_degrader_E9,10.41,0.00016108333333333334
Al_degrader_E9,10.469999999999999,0.00019241666666666666
Al_degrader_E9,10.53,0.00022816666666666667
Al_degrader_E9,10.59,0.000279
Al_degrader_E9,10.649999999999999,0.00032525
Al_degrader_E9,10.71,0.00037566666666666667
Al_degrader_E9,10.77,0.00044975
Al_degrader_E9,10.829999999999998,0.0005249166666666667
Al_degrader_E9,10.89,0.0006000833333333333
Al_degrader_E9,10.95,0.0006994166666666667
Al_degrader_E9,11.01,0.00082475
Al_degrader_E9,11.07,0.0009396666666666667
Al_degrader_E9,11.129999999999999,0.0010865833333333333
Al_degrader_E9,11.19,0.0012423333333333334
Al_degrader_E9,11.25,0.001433
Al_degrader_E9,11.309999999999999,0.0016413333333333334
Al_degrader_E9,11.370000000000001,0.0018601666666666667
Al_degrader_E9,11.43,0.0021011666666666665
Al_degrader_E9,11.489999999999998,0.0023731666666666667
Al_degrader_E9,11.55,0.0026756666666666665
Al_degrader_E9,11.61,0.00301325
Al_degrader_E9,11.669999999999998,0.003371166666666667
Al_degrader_E9,11.73,0.0037646666666666666
Al_degrader_E9,11.79,0.004175083333333334
Al_degrader_E9,11.85,0.004661166666666667
Al_degrader_E9,11.91,0.0051301666666666666
Al_degrader_E9,11.969999999999999,0.005636916666666667
Al_degrader_E9,12.03,0.00622825
Al_degrader_E9,12.09,0.006783416666666667
Al_degrader_E9,12.149999999999999,0.007396833333333333
Al_degrader_E9,12.21,0.00807775
Al_degrader_E9,12.27,0.008740333333333333
Al_degrader_E9,12.329999999999998,0.009427
Al_degrader_E9,12.39,0.010180583333333333
Al_degrader_E9,12.45,0.0109125
Al_degrader_E9,12.51,0.011666916666666667
Al_degrader_E9,12.57,0.012474083333333334
Al_degrader_E9,12.629999999999999,0.013232083333333334
Al_degrader_E9,12.69,0.014031916666666666
Al_degrader_E9,12.75,0.014836833333333334
Al_degrader_E9,12.809999999999999,0.015600166666666667
Al_degrader_E9,12.870000000000001,0.016419
Al_degrader_E9,12.93,0.01718975
Al_degrader_E9,12.989999999999998,0.017859
Al_degrader_E9,13.05,0.018607666666666668
Al_degrader_E9,13.11,0.019360916666666665
Al_degrader_E9,13.169999999999998,0.019919416666666665
Al_degrader_E9,13.23,0.020615083333333332
Al_degrader_E9,13.29,0.021183416666666666
Al_degrader_E9,13.35,0.021587916666666665
Al_degrader_E9,13.41,0.022188166666666665
Al_degrader_E9,13.469999999999999,0.0225215
Al_degrader_E9,13.53,0.022816916666666666
Al_degrader_E9,13.59,0.023130083333333332
Al_degrader_E9,13.649999999999999,0.023282666666666667
Al_degrader_E9,13.71,0.023382833333333332
Al_degrader_E9,13.77,0.023497333333333332
Al_degrader_E9,13.829999999999998,0.023352666666666667
Al_degrader_E9,13.89,0.023338333333333332
Al_degrader_E9,13.95,0.023147333333333332
Al_degrader_E9,14.009999999999998,0.02277
Al_degrader_E9,14.07,0.02254625
Al_degrader_E9,14.129999999999999,0.022070666666666666
Al_degrader_E9,14.19,0.02158
Al_degrader_E9,14.25,0.021049166666666667
Al_degrader_E9,14.309999999999999,0.020417166666666667
Al_degrader_E9,14.37,0.019776166666666668
Al_degrader_E9,14.43,0.01909525
Al_degrader_E9,14.489999999999998,0.018230583333333335
Al_degrader_E9,14.55,0.01749925
Al_degrader_E9,14.61,0.01661475
Al_degrader_E9,14.669999999999998,0.01575058333333333
Al_degrader_E9,14.73,0.01491475
Al_degrader_E9,14.79,0.013977
Al_degrader_E9,14.85,0.013150083333333333
Al_degrader_E9,14.91,0.012202083333333334
Al_degrader_E9,14.969999999999999,0.011300333333333334
Al_degrader_E9,15.03,0.010484166666666666
Al_degrader_E9,15.09,0.009597083333333332
Al_degrader_E9,15.149999999999999,0.0087945
Al_degrader_E9,15.21,0.0079845
Al_degrader_E9,15.27,0.00721575
Al_degrader_E9,15.329999999999998,0.006499916666666667
Al_degrader_E9,15.39,0.005808416666666667
Al_degrader_E9,15.45,0.005190916666666667
Al_degrader_E9,15.509999999999998,0.004591
Al_degrader_E9,15.57,0.0040525
Al_degrader_E9,15.629999999999999,0.0035466666666666667
Al_degrader_E9,15.69,0.0030973333333333334
Al_degrader_E9,15.75,0.0026789166666666667
Al_degrader_E9,15.809999999999999,0.002315666666666667
Al_degrader_E9,15.87,0.0019823333333333333
Al_degrader_E9,15.93,0.00169425
Al_degrader_E9,15.989999999999998,0.00143125
Al_degrader_E9,16.049999999999997,0.0011945
Al_degrader_E9,16.11,0.0010081666666666668
Al_degrader_E9,16.17,0.0008379166666666667
Al_degrader_E9,16.229999999999997,0.0006979166666666667
Al_degrader_E9,16.29,0.0005658333333333333
Al_degrader_E9,16.35,0.0004680833333333333
Al_degrader_E9,16.409999999999997,0.00038225
Al_degrader_E9,16.47,0.0003014166666666667
Al_degrader_E9,16.53,0.00024741666666666667
Al_degrader_E9,16.59,0.00019558333333333333
Al_degrader_E9,16.65,0.00014941666666666668
Al_degrader_E9,16.71,0.0001265
Al_degrader_E9,16.77,9.275e-05
Al_degrader_E9,16.83,7.466666666666666e-05
Al_degrader_E9,16.89,5.5583333333333334e-05
Al_degrader_E9,16.95,4.341666666666667e-05
Al_degrader_E9,17.009999999999998,3.1666666666666666e-05
Al_degrader_E9,17.07,2.5166666666666667e-05
Al_degrader_E9,17.13,1.8333333333333333e-05
Al_degrader_E9,17.189999999999998,1.4583333333333333e-05
Al_degrader_E9,17.25,9.916666666666666e-06
Al_degrader_E9,17.310000000000002,6e-06
Al_degrader_E9,17.369999999999997,6.083333333333333e-06
Al_degrader_E9,17.43,3.25e-06
Al_degrader_E9,17.490000000000002,2.9166666666666666e-06
Al_degrader_E9,17.549999999999997,1.5833333333333333e-06
Al_degrader_E9,17.61,1.3333333333333334e-06
Al_degrader_E9,17.67,9.166666666666666e-07
Al_degrader_E9,17.729999999999997,1.0833333333333333e-06
Al_degrader_E9,17.79,6.666666666666667e-07
Al_degrader_E9,17.85,2.5e-07
Al_degrader_E9,17.909999999999997,6.666666666666667e-07
Al_degrader_E9,17.97,2.5e-07
Al_degrader_E9,18.03,2.5e-07
Al_degrader_E9,18.09,8.333333333333334e-08
Al_degrader_E9,18.15,1.6666666666666668e-07
Al_degrader_E9,18.21,8.333333333333334e-08
Al_degrader_E9,18.27,0.0
Al_degrader_E9,18.33,1.6666666666666668e-07
Al_degrader_E9,18.39,0.0
Al_degrader_E9,18.45,1.6666666666666668e-07
Al_degrader_E9,18.509999999999998,0.0
Al_degrader_E9,18.57,8.333333333333334e-08
Ni13,6.93,2e-07
Ni13,6.99,2e-07
Ni13,7.05,0.0
Ni13,7.109999999999999,2e-07
Ni13,7.17,2e-07
Ni13,7.2299999999999995,2e-07
Ni13,7.289999999999999,0.0
Ni13,7.35,6e-07
Ni13,7.41,2e-07
Ni13,7.47,0.0
Ni13,7.529999999999999,4e-07
Ni13,7.59,8e-07
Ni13,7.65,0.0
Ni13,7.709999999999999,4e-07
Ni13,7.77,6e-07
Ni13,7.83,1e-06
Ni13,7.89,2e-07
Ni13,7.949999999999999,1.8e-06
Ni13,8.01,1.2e-06
Ni13,8.07,1e-06
Ni13,8.129999999999999,2.6e-06
Ni13,8.19,2.8e-06
Ni13,8.25,2.4e-06
Ni13,8.309999999999999,4.6e-06
Ni13,8.370000000000001,5.4e-06
Ni13,8.43,6.2e-06
Ni13,8.489999999999998,6.6e-06
Ni13,8.55,9.2e-06
Ni13,8.61,1.28e-05
Ni13,8.67,1.36e-05
Ni13,8.73,1.6e-05
Ni13,8.79,2.32e-05
Ni13,8.85,2.44e-05
Ni13,8.91,2.86e-05
Ni13,8.969999999999999,4.42e-05
Ni13,9.030000000000001,4.5e-05
Ni13,9.09,5.54e-05
Ni13,9.149999999999999,7.3e-05
Ni13,9.21,7.78e-05
Ni13,9.27,0.0001014
Ni13,9.329999999999998,0.0001164
Ni13,9.39,0.0001436
Ni13,9.45,0.0001748
Ni13,9.51,0.000204
Ni13,9.57,0.0002506
Ni13,9.629999999999999,0.0002848
Ni13,9.69,0.0003372
Ni13,9.75,0.0004152
Ni13,9.809999999999999,0.000486
Ni13,9.870000000000001,0.0005584
Ni13,9.93,0.0006906
Ni13,9.989999999999998,0.0007864
Ni13,10.05,0.0009192
Ni13,10.11,0.0010746
Ni13,10.169999999999998,0.001242
Ni13,10.23,0.001421
Ni13,10.29,0.0016412
Ni13,10.35,0.0018784
Ni13,10.41,0.002163
Ni13,10.469999999999999,0.002453
Ni13,10.53,0.0028022
Ni13,10.59,0.0031684
Ni13,10.649999999999999,0.0036042
Ni13,10.71,0.0040422
Ni13,10.77,0.0044984
Ni13,10.829999999999998,0.0050918
Ni13,10.89,0.0056028
Ni13,10.95,0.0062594
Ni13,11.01,0.0069676
Ni13,11.07,0.0076644
Ni13,11.129999999999999,0.0084568
Ni13,11.19,0.0092912
Ni13,11.25,0.0100776
Ni13,11.309999999999999,0.011034
Ni13,11.370000000000001,0.0119662
Ni13,11.43,0.0128616
Ni13,11.489999999999998,0.0138954
Ni13,11.55,0.0148758
Ni13,11.61,0.0158982
Ni13,11.669999999999998,0.016967
Ni13,11.73,0.017947
Ni13,11.79,0.0189578
Ni13,11.85,0.0199242
Ni13,11.91,0.020909
Ni13,11.969999999999999,0.0217154
Ni13,12.03,0.0226578
Ni13,12.09,0.0234252
Ni13,12.149999999999999,0.0240716
Ni13,12.21,0.0247676
Ni13,12.27,0.025245
Ni13,12.329999999999998,0.0257926
Ni13,12.39,0.026045
Ni13,12.45,0.026292
Ni13,12.51,0.0264128
Ni13,12.57,0.026324
Ni13,12.629999999999999,0.0263046
Ni13,12.69,0.0260448
Ni13,12.75,0.0257108
Ni13,12.809999999999999,0.0253112
Ni13,12.870000000000001,0.024764
Ni13,12.93,0.0240796
Ni13,12.989999999999998,0.0233868
Ni13,13.05,0.0224068
Ni13,13.11,0.021682
Ni13,13.169999999999998,0.0205924
Ni13,13.23,0.0196912
Ni13,13.29,0.0185392
Ni13,13.35,0.0174582
Ni13,13.41,0.016337
Ni13,13.469999999999999,0.015228
Ni13,13.53,0.0140952
Ni13,13.59,0.013004
Ni13,13.649999999999999,0.0118514
Ni13,13.71,0.010878
Ni13,13.77,0.0099066
Ni13,13.829999999999998,0.008905
Ni13,13.89,0.00802
Ni13,13.95,0.0071782
Ni13,14.009999999999998,0.0063618
Ni13,14.07,0.0056272
Ni13,14.129999999999999,0.0049544
Ni13,14.19,0.004323
Ni13,14.25,0.0037874
Ni13,14.309999999999999,0.0032364
Ni13,14.37,0.0028242
Ni13,14.43,0.0023804
Ni13,14.489999999999998,0.002051
Ni13,14.55,0.0017316
Ni13,14.61,0.0014732
Ni13,14.669999999999998,0.0012164
Ni13,14.73,0.0010274
Ni13,14.79,0.0008352
Ni13,14.85,0.000698
Ni13,14.91,0.000571
Ni13,14.969999999999999,0.0004534
Ni13,15.03,0.0003744
Ni13,15.09,0.0002972
Ni13,15.149999999999999,0.0002476
Ni13,15.21,0.0001858
Ni13,15.27,0.0001564
Ni13,15.329999999999998,0.0001158
Ni13,15.39,9.14e-05
Ni13,15.45,7.26e-05
Ni13,15.509999999999998,5.22e-05
Ni13,15.57,4.5e-05
Ni13,15.629999999999999,3.06e-05
Ni13,15.69,2.38e-05
Ni13,15.75,1.34e-05
Ni13,15.809999999999999,1.4e-05
Ni13,15.87,7.8e-06
Ni13,15.93,6.8e-06
Ni13,15.989999999999998,4e-06
Ni13,16.049999999999997,3.8e-06
Ni13,16.11,2.6e-06
Ni13,16.17,3e-06
Ni13,16.229999999999997,1.2e-06
Ni13,16.29,1.6e-06
Ni13,16.35,8e-07
Ni13,16.409999999999997,1.2e-06
Ni13,16.47,6e-07
Ni13,16.53,4e-07
Ni13,16.59,2e-07
Ni13,16.65,4e-07
Ni13,16.71,2e-07
Ni13,16.77,2e-07
Ni13,16.83,2e-07
Ni13,16.89,2e-07
Ni13,16.95,2e-07
Ni13,17.009999999999998,2e-07
Ni13,17.07,0.0
Ni13,17.13,2e-07
Sn13,6.75,3.3333333333333335e-07
Sn13,6.81,6.666666666666667e-07
Sn13,6.869999999999999,3.3333333333333335e-07
Sn13,6.93,6.666666666666667e-07
Sn13,6.99,6.666666666666667e-07
Sn13,7.05,0.0
Sn13,7.109999999999999,3.3333333333333335e-07
Sn13,7.17,3.3333333333333335e-07
Sn13,7.2299999999999995,0.0
Sn13,7.289999999999999,3.3333333333333335e-07
Sn13,7.35,6.666666666666667e-07
Sn13,7.41,6.666666666666667e-07
Sn13,7.47,0.0
Sn13,7.529999999999999,6.666666666666667e-07
Sn13,7.59,6.666666666666667e-07
Sn13,7.65,1.3333333333333334e-06
Sn13,7.709999999999999,1e-06
Sn13,7.77,2.333333333333333e-06
Sn13,7.83,3.3333333333333333e-06
Sn13,7.89,2.333333333333333e-06
Sn13,7.949999999999999,4.666666666666666e-06
Sn13,8.01,7e-06
Sn13,8.07,4.666666666666666e-06
Sn13,8.129999999999999,9e-06
Sn13,8.19,1.0333333333333333e-05
Sn13,8.25,1.1e-05
Sn13,8.309999999999999,1.4e-05
Sn13,8.370000000000001,1.7333333333333332e-05
Sn13,8.43,1.9666666666666666e-05
Sn13,8.489999999999998,2.5666666666666666e-05
Sn13,8.55,2.9e-05
Sn13,8.61,4.133333333333333e-05
Sn13,8.67,4.6e-05
Sn13,8.73,4.966666666666667e-05
Sn13,8.79,7.266666666666667e-05
Sn13,8.85,8.233333333333333e-05
Sn13,8.91,0.000105
Sn13,8.969999999999999,0.00011733333333333333
Sn13,9.030000000000001,0.000142
Sn13,9.09,0.000171
Sn13,9.149999999999999,0.000194
Sn13,9.21,0.00023866666666666668
Sn13,9.27,0.00027666666666666665
Sn13,9.329999999999998,0.000343
Sn13,9.39,0.000404
Sn13,9.45,0.0004656666666666667
Sn13,9.51,0.0005566666666666667
Sn13,9.57,0.000649
Sn13,9.629999999999999,0.000763
Sn13,9.69,0.0009
Sn13,9.75,0.001065
Sn13,9.809999999999999,0.0012453333333333333
Sn13,9.870000000000001,0.0014213333333333333
Sn13,9.93,0.00166
Sn13,9.989999999999998,0.0018573333333333332
Sn13,10.05,0.0021306666666666666
Sn13,10.11,0.002412
Sn13,10.169999999999998,0.0027446666666666665
Sn13,10.23,0.0030686666666666666
Sn13,10.29,0.0035096666666666666
Sn13,10.35,0.003971
Sn13,10.41,0.00444
Sn13,10.469999999999999,0.004979
Sn13,10.53,0.005596
Sn13,10.59,0.006235333333333333
Sn13,10.649999999999999,0.006922666666666666
Sn13,10.71,0.007586333333333333
Sn13,10.77,0.008284333333333333
Sn13,10.829999999999998,0.009120666666666666
Sn13,10.89,0.009935
Sn13,10.95,0.010907333333333333
Sn13,11.01,0.011819333333333333
Sn13,11.07,0.012907666666666666
Sn13,11.129999999999999,0.013792666666666667
Sn13,11.19,0.014801333333333333
Sn13,11.25,0.015860333333333334
Sn13,11.309999999999999,0.016786333333333334
Sn13,11.370000000000001,0.017791333333333333
Sn13,11.43,0.018853
Sn13,11.489999999999998,0.019820666666666667
Sn13,11.55,0.020831333333333334
Sn13,11.61,0.021806
Sn13,11.669999999999998,0.022578666666666667
Sn13,11.73,0.023352333333333333
Sn13,11.79,0.024101333333333332
Sn13,11.85,0.024659666666666667
Sn13,11.91,0.025277
Sn13,11.969999999999999,0.025768666666666665
Sn13,12.03,0.026161
Sn13,12.09,0.026286
Sn13,12.149999999999999,0.026390666666666666
Sn13,12.21,0.026537
Sn13,12.27,0.02631966666666667
Sn13,12.329999999999998,0.026101333333333334
Sn13,12.39,0.025730333333333334
Sn13,12.45,0.025288333333333333
Sn13,12.51,0.024766
Sn13,12.57,0.024211333333333335
Sn13,12.629999999999999,0.023452666666666667
Sn13,12.69,0.02273
Sn13,12.75,0.021775
Sn13,12.809999999999999,0.020870333333333334
Sn13,12.870000000000001,0.019856333333333333
Sn13,12.93,0.018690666666666668
Sn13,12.989999999999998,0.017524
Sn13,13.05,0.016388
Sn13,13.11,0.015259666666666666
Sn13,13.169999999999998,0.014166333333333333
Sn13,13.23,0.013115666666666666
Sn13,13.29,0.011956333333333333
Sn13,13.35,0.010911333333333334
Sn13,13.41,0.009936
Sn13,13.469999999999999,0.008983
Sn13,13.53,0.008055333333333333
Sn13,13.59,0.007253333333333333
Sn13,13.649999999999999,0.006427
Sn13,13.71,0.005703666666666667
Sn13,13.77,0.004978666666666667
Sn13,13.829999999999998,0.004340333333333333
Sn13,13.89,0.0037526666666666667
Sn13,13.95,0.003245333333333333
Sn13,14.009999999999998,0.0028366666666666666
Sn13,14.07,0.002414
Sn13,14.129999999999999,0.002078
Sn13,14.19,0.0017466666666666668
Sn13,14.25,0.001484
Sn13,14.309999999999999,0.0012466666666666668
Sn13,14.37,0.0010183333333333333
Sn13,14.43,0.0008323333333333334
Sn13,14.489999999999998,0.000682
Sn13,14.55,0.0005676666666666666
Sn13,14.61,0.00047433333333333333
Sn13,14.669999999999998,0.00038566666666666664
Sn13,14.73,0.00030933333333333334
Sn13,14.79,0.00024366666666666666
Sn13,14.85,0.00017766666666666666
Sn13,14.91,0.000145
Sn13,14.969999999999999,0.00011633333333333333
Sn13,15.03,0.000103
Sn13,15.09,8.033333333333334e-05
Sn13,15.149999999999999,5.3666666666666666e-05
Sn13,15.21,3.8e-05
Sn13,15.27,2.9e-05
Sn13,15.329999999999998,2.6e-05
Sn13,15.39,1.5666666666666667e-05
Sn13,15.45,1.0333333333333333e-05
Sn13,15.509999999999998,6.333333333333333e-06
Sn13,15.57,6e-06
Sn13,15.629999999999999,5.333333333333334e-06
Sn13,15.69,3.6666666666666666e-06
Sn13,15.75,2e-06
Sn13,15.809999999999999,2e-06
Sn13,15.87,2.666666666666667e-06
Sn13,15.93,2.666666666666667e-06
Sn13,15.989999999999998,1.3333333333333334e-06
Sn13,16.049999999999997,6.666666666666667e-07
Sn13,16.11,3.3333333333333335e-07
Sn13,16.17,3.3333333333333335e-07
Sn13,16.229999999999997,0.0
Sn13,16.29,0.0
Sn13,16.35,0.0
Sn13,16.409999999999997,3.3333333333333335e-07
Sn13,16.47,6.666666666666667e-07
Sn13,16.53,3.3333333333333335e-07
Sn13,16.59,3.3333333333333335e-07
Sn13,16.65,3.3333333333333335e-07
Ta13,6.029999999999999,2.5e-07
Ta13,6.09,2.5e-07
Ta13,6.15,0.0
Ta13,6.21,2.5e-07
Ta13,6.27,2.5e-07
Ta13,6.33,2.5e-07
Ta13,6.39,0.0
Ta13,6.449999999999999,2.5e-07
Ta13,6.51,5e-07
Ta13,6.57,2.5e-07
Ta13,6.63,0.0
Ta13,6.6899999999999995,5e-07
Ta13,6.75,7.5e-07
Ta13,6.81,2.5e-07
Ta13,6.869999999999999,0.0
Ta13,6.93,1e-06
Ta13,6.99,7.5e-07
Ta13,7.05,2.5e-07
Ta13,7.109999999999999,1e-06
Ta13,7.17,1.25e-06
Ta13,7.2299999999999995,1.75e-06
Ta13,7.289999999999999,2e-06
Ta13,7.35,2.75e-06
Ta13,7.41,3.25e-06
Ta13,7.47,2.75e-06
Ta13,7.529999999999999,5.25e-06
Ta13,7.59,6.5e-06
Ta13,7.65,7.5e-06
Ta13,7.709999999999999,7.5e-06
Ta13,7.77,7.75e-06
Ta13,7.83,1.525e-05
Ta13,7.89,1.475e-05
Ta13,7.949999999999999,1.675e-05
Ta13,8.01,2.5e-05
Ta13,8.07,2.4e-05
Ta13,8.129999999999999,3.125e-05
Ta13,8.19,4.125e-05
Ta13,8.25,4.8e-05
Ta13,8.309999999999999,5.325e-05
Ta13,8.370000000000001,6.675e-05
Ta13,8.43,7.975e-05
Ta13,8.489999999999998,9.5e-05
Ta13,8.55,0.0001135
Ta13,8.61,0.00013125
Ta13,8.67,0.00016
Ta13,8.73,0.000194
Ta13,8.79,0.00022775
Ta13,8.85,0.00026425
Ta13,8.91,0.000309
Ta13,8.969999999999999,0.00036425
Ta13,9.030000000000001,0.00042125
Ta13,9.09,0.000517
Ta13,9.149999999999999,0.000585
Ta13,9.21,0.0006895
Ta13,9.27,0.000824
Ta13,9.329999999999998,0.000922
Ta13,9.39,0.0010765
Ta13,9.45,0.00125325
Ta13,9.51,0.00140925
Ta13,9.57,0.00162075
Ta13,9.629999999999999,0.001852
Ta13,9.69,0.002111
Ta13,9.75,0.00237375
Ta13,9.809999999999999,0.00270725
Ta13,9.870000000000001,0.00303675
Ta13,9.93,0.003412
Ta13,9.989999999999998,0.00383675
Ta13,10.05,0.004328
Ta13,10.11,0.00473475
Ta13,10.169999999999998,0.00536325
Ta13,10.23,0.0058945
Ta13,10.29,0.0064795
Ta13,10.35,0.007198
Ta13,10.41,0.0078735
Ta13,10.469999999999999,0.00859225
Ta13,10.53,0.00942325
Ta13,10.59,0.01030325
Ta13,10.649999999999999,0.01101025
Ta13,10.71,0.01198475
Ta13,10.77,0.01289325
Ta13,10.829999999999998,0.01378225
Ta13,10.89,0.01474625
Ta13,10.95,0.01571
Ta13,11.01,0.01673575
Ta13,11.07,0.01762525
Ta13,11.129999999999999,0.01858175
Ta13,11.19,0.0194795
Ta13,11.25,0.02033625
Ta13,11.309999999999999,0.021224
Ta13,11.370000000000001,0.02194975
Ta13,11.43,0.022763
Ta13,11.489999999999998,0.023443
Ta13,11.55,0.023955
Ta13,11.61,0.02459625
Ta13,11.669999999999998,0.02481225
Ta13,11.73,0.0253145
Ta13,11.79,0.0255185
Ta13,11.85,0.025577
Ta13,11.91,0.0256155
Ta13,11.969999999999999,0.0255645
Ta13,12.03,0.02528375
Ta13,12.09,0.02511725
Ta13,12.149999999999999,0.0246585
Ta13,12.21,0.0241535
Ta13,12.27,0.02374175
Ta13,12.329999999999998,0.02288225
Ta13,12.39,0.0222395
Ta13,12.45,0.02142525
Ta13,12.51,0.02047525
Ta13,12.57,0.0196465
Ta13,12.629999999999999,0.01856925
Ta13,12.69,0.0175405
Ta13,12.75,0.01649325
Ta13,12.809999999999999,0.01549275
Ta13,12.870000000000001,0.014326
Ta13,12.93,0.01330225
Ta13,12.989999999999998,0.0122555
Ta13,13.05,0.011297
Ta13,13.11,0.01031675
Ta13,13.169999999999998,0.0093535
Ta13,13.23,0.00847075
Ta13,13.29,0.0076425
Ta13,13.35,0.00682625
Ta13,13.41,0.00609425
Ta13,13.469999999999999,0.005392
Ta13,13.53,0.00473325
Ta13,13.59,0.00418825
Ta13,13.649999999999999,0.00362525
Ta13,13.71,0.0031525
Ta13,13.77,0.0027245
Ta13,13.829999999999998,0.002352
Ta13,13.89,0.00200625
Ta13,13.95,0.0016995
Ta13,14.009999999999998,0.0014535
Ta13,14.07,0.001218
Ta13,14.129999999999999,0.0010145
Ta13,14.19,0.000843
Ta13,14.25,0.0007125
Ta13,14.309999999999999,0.000578
Ta13,14.37,0.000469
Ta13,14.43,0.000378
Ta13,14.489999999999998,0.000315
Ta13,14.55,0.000248
Ta13,14.61,0.00020425
Ta13,14.669999999999998,0.00016475
Ta13,14.73,0.0001195
Ta13,14.79,0.0001
Ta13,14.85,7.375e-05
Ta13,14.91,6.2e-05
Ta13,14.969999999999999,4.825e-05
Ta13,15.03,3.625e-05
Ta13,15.09,2.5e-05
Ta13,15.149999999999999,1.45e-05
Ta13,15.21,1.725e-05
Ta13,15.27,8.25e-06
Ta13,15.329999999999998,7.5e-06
Ta13,15.39,4.75e-06
Ta13,15.45,4.25e-06
Ta13,15.509999999999998,3.25e-06
Ta13,15.57,3.25e-06
Ta13,15.629999999999999,1.75e-06
Ta13,15.69,2e-06
Ta13,15.75,7.5e-07
Ta13,15.809999999999999,1.5e-06
Ta13,15.87,7.5e-07
Ta13,15.93,5e-07
Ta13,15.989999999999998,2.5e-07
Ta13,16.049999999999997,2.5e-07
Ta13,16.11,2.5e-07
Ta13,16.17,2.5e-07
Ta13,16.229999999999997,0.0
Ta13,16.29,5e-07
Ta13,16.35,0.0
Ta13,16.409999999999997,5e-07
Ta13,16.47,0.0
Ta13,16.53,2.5e-07
Cu13,5.13,2e-07
Cu13,5.1899999999999995,2e-07
Cu13,5.25,0.0
Cu13,5.31,0.0
Cu13,5.369999999999999,4e-07
Cu13,5.43,2e-07
Cu13,5.49,0.0
Cu13,5.55,2e-07
Cu13,5.609999999999999,2e-07
Cu13,5.67,4e-07
Cu13,5.73,0.0
Cu13,5.789999999999999,2e-07
Cu13,5.85,6e-07
Cu13,5.91,2e-07
Cu13,5.97,2e-07
Cu13,6.029999999999999,4e-07
Cu13,6.09,6e-07
Cu13,6.15,4e-07
Cu13,6.21,8e-07
Cu13,6.27,4e-07
Cu13,6.33,1.2e-06
Cu13,6.39,8e-07
Cu13,6.449999999999999,1e-06
Cu13,6.51,2.4e-06
Cu13,6.57,1.4e-06
Cu13,6.63,3.2e-06
Cu13,6.6899999999999995,2.2e-06
Cu13,6.75,4e-06
Cu13,6.81,4.4e-06
Cu13,6.869999999999999,5.2e-06
Cu13,6.93,6.8e-06
Cu13,6.99,7e-06
Cu13,7.05,1e-05
Cu13,7.109999999999999,1.04e-05
Cu13,7.17,1.3e-05
Cu13,7.2299999999999995,1.56e-05
Cu13,7.289999999999999,1.84e-05
Cu13,7.35,2.28e-05
Cu13,7.41,2.46e-05
Cu13,7.47,3.28e-05
Cu13,7.529999999999999,3.98e-05
Cu13,7.59,4.38e-05
Cu13,7.65,5.74e-05
Cu13,7.709999999999999,6.24e-05
Cu13,7.77,7.24e-05
Cu13,7.83,9.36e-05
Cu13,7.89,0.0001038
Cu13,7.949999999999999,0.0001176
Cu13,8.01,0.000148
Cu13,8.07,0.000175
Cu13,8.129999999999999,0.0001952
Cu13,8.19,0.0002428
Cu13,8.25,0.0002716
Cu13,8.309999999999999,0.0003116
Cu13,8.370000000000001,0.0003824
Cu13,8.43,0.0004392
Cu13,8.489999999999998,0.0004914
Cu13,8.55,0.0005912
Cu13,8.61,0.000696
Cu13,8.67,0.0007804
Cu13,8.73,0.000914
Cu13,8.79,0.0010322
Cu13,8.85,0.001189
Cu13,8.91,0.001354
Cu13,8.969999999999999,0.0015226
Cu13,9.030000000000001,0.0017512
Cu13,9.09,0.0019668
Cu13,9.149999999999999,0.0022146
Cu13,9.21,0.002508
Cu13,9.27,0.002801
Cu13,9.329999999999998,0.0031322
Cu13,9.39,0.0035212
Cu13,9.45,0.0039316
Cu13,9.51,0.004355
Cu13,9.57,0.0048214
Cu13,9.629999999999999,0.0053102
Cu13,9.69,0.0058742
Cu13,9.75,0.0064748
Cu13,9.809999999999999,0.0070754
Cu13,9.870000000000001,0.0077462
Cu13,9.93,0.0084278
Cu13,9.989999999999998,0.0092002
Cu13,10.05,0.0099846
Cu13,10.11,0.0107208
Cu13,10.169999999999998,0.0115432
Cu13,10.23,0.012361
Cu13,10.29,0.0132968
Cu13,10.35,0.0141232
Cu13,10.41,0.0150634
Cu13,10.469999999999999,0.0159654
Cu13,10.53,0.0167992
Cu13,10.59,0.0177206
Cu13,10.649999999999999,0.0185498
Cu13,10.71,0.0194186
Cu13,10.77,0.0201728
Cu13,10.829999999999998,0.0209372
Cu13,10.89,0.0216718
Cu13,10.95,0.0222986
Cu13,11.01,0.0229394
Cu13,11.07,0.0234676
Cu13,11.129999999999999,0.0238066
Cu13,11.19,0.0242892
Cu13,11.25,0.0244482
Cu13,11.309999999999999,0.0247024
Cu13,11.370000000000001,0.0247394
Cu13,11.43,0.0247906
Cu13,11.489999999999998,0.0246752
Cu13,11.55,0.024417
Cu13,11.61,0.0242624
Cu13,11.669999999999998,0.0237462
Cu13,11.73,0.0233972
Cu13,11.79,0.0227794
Cu13,11.85,0.0222286
Cu13,11.91,0.0213818
Cu13,11.969999999999999,0.0208316
Cu13,12.03,0.0198544
Cu13,12.09,0.0190104
Cu13,12.149999999999999,0.0181492
Cu13,12.21,0.0170488
Cu13,12.27,0.0162002
Cu13,12.329999999999998,0.0151198
Cu13,12.39,0.0141662
Cu13,12.45,0.0131268
Cu13,12.51,0.0121366
Cu13,12.57,0.011209
Cu13,12.629999999999999,0.010319
Cu13,12.69,0.0094112
Cu13,12.75,0.0085196
Cu13,12.809999999999999,0.0077414
Cu13,12.870000000000001,0.0069428
Cu13,12.93,0.0062288
Cu13,12.989999999999998,0.0055508
Cu13,13.05,0.0049208
Cu13,13.11,0.0043552
Cu13,13.169999999999998,0.0038122
Cu13,13.23,0.0033478
Cu13,13.29,0.0028828
Cu13,13.35,0.0025226
Cu13,13.41,0.0021596
Cu13,13.469999999999999,0.001852
Cu13,13.53,0.0015776
Cu13,13.59,0.0013478
Cu13,13.649999999999999,0.0011332
Cu13,13.71,0.0009486
Cu13,13.77,0.000804
Cu13,13.829999999999998,0.0006526
Cu13,13.89,0.000552
Cu13,13.95,0.0004374
Cu13,14.009999999999998,0.000362
Cu13,14.07,0.000302
Cu13,14.129999999999999,0.0002408
Cu13,14.19,0.0001926
Cu13,14.25,0.000163
Cu13,14.309999999999999,0.0001182
Cu13,14.37,9.82e-05
Cu13,14.43,7.38e-05
Cu13,14.489999999999998,6.12e-05
Cu13,14.55,4.6e-05
Cu13,14.61,3.62e-05
Cu13,14.669999999999998,2.56e-05
Cu13,14.73,1.82e-05
Cu13,14.79,1.42e-05
Cu13,14.85,1.08e-05
Cu13,14.91,8.2e-06
Cu13,14.969999999999999,5.2e-06
Cu13,15.03,4.4e-06
Cu13,15.09,3e-06
Cu13,15.149999999999999,2.8e-06
Cu13,15.21,2.8e-06
Cu13,15.27,1.2e-06
Cu13,15.329999999999998,1.4e-06
Cu13,15.39,1e-06
Cu13,15.45,1e-06
Cu13,15.509999999999998,6e-07
Cu13,15.57,6e-07
Cu13,15.629999999999999,0.0
Cu13,15.69,4e-07
Cu13,15.75,2e-07
Cu13,15.809999999999999,2e-07
Cu13,15.87,2e-07
Cu13,15.93,2e-07
Cu13,15.989999999999998,4e-07
Cu13,16.049999999999997,0.0
Cu13,16.11,2e-07
Cu13,16.17,2e-07
Al_degrader_E10,0.03,7e-07
Al_degrader_E10,0.09,0.0
Al_degrader_E10,0.15,5e-08
Al_degrader_E10,0.21,0.0
Al_degrader_E10,0.27,5e-08
Al_degrader_E10,0.32999999999999996,5e-08
Al_degrader_E10,0.39,5e-08
Al_degrader_E10,0.44999999999999996,0.0
Al_degrader_E10,0.51,0.0
Al_degrader_E10,0.5700000000000001,0.0
Al_degrader_E10,0.6299999999999999,0.0
Al_degrader_E10,0.69,5e-08
Al_degrader_E10,0.75,5e-08
Al_degrader_E10,0.81,0.0
Al_degrader_E10,0.8699999999999999,0.0
Al_degrader_E10,0.9299999999999999,5e-08
Al_degrader_E10,0.99,5e-08
Al_degrader_E10,1.05,0.0
Al_degrader_E10,1.1099999999999999,1.5e-07
Al_degrader_E10,1.17,0.0
Al_degrader_E10,1.23,0.0
Al_degrader_E10,1.29,5e-08
Al_degrader_E10,1.3499999999999999,2e-07
Al_degrader_E10,1.41,0.0
Al_degrader_E10,1.47,5e-08
Al_degrader_E10,1.53,5e-08
Al_degrader_E10,1.5899999999999999,1.5e-07
Al_degrader_E10,1.65,1e-07
Al_degrader_E10,1.71,1.5e-07
Al_degrader_E10,1.77,1e-07
Al_degrader_E10,1.8299999999999998,2e-07
Al_degrader_E10,1.89,0.0
Al_degrader_E10,1.95,2e-07
Al_degrader_E10,2.01,2e-07
Al_degrader_E10,2.0700000000000003,2e-07
Al_degrader_E10,2.13,2.5e-07
Al_degrader_E10,2.19,4e-07
Al_degrader_E10,2.25,1.5e-07
Al_degrader_E10,2.3099999999999996,2.5e-07
Al_degrader_E10,2.37,5e-07
Al_degrader_E10,2.4299999999999997,4.5e-07
Al_degrader_E10,2.49,4.5e-07
Al_degrader_E10,2.55,5e-07
Al_degrader_E10,2.61,2e-07
Al_degrader_E10,2.67,7e-07
Al_degrader_E10,2.7299999999999995,9.5e-07
Al_degrader_E10,2.79,6.5e-07
Al_degrader_E10,2.8499999999999996,1.15e-06
Al_degrader_E10,2.91,6.5e-07
Al_degrader_E10,2.9699999999999998,1.05e-06
Al_degrader_E10,3.0300000000000002,1.2e-06
Al_degrader_E10,3.09,1.05e-06
Al_degrader_E10,3.15,1.55e-06
Al_degrader_E10,3.21,1.55e-06
Al_degrader_E10,3.2699999999999996,1.55e-06
Al_degrader_E10,3.33,2.35e-06
Al_degrader_E10,3.3899999999999997,2.1e-06
Al_degrader_E10,3.45,2.15e-06
Al_degrader_E10,3.51,2.9e-06
Al_degrader_E10,3.57,3.65e-06
Al_degrader_E10,3.63,2.95e-06
Al_degrader_E10,3.6899999999999995,4.4e-06
Al_degrader_E10,3.75,4.35e-06
Al_degrader_E10,3.8099999999999996,4.65e-06
Al_degrader_E10,3.87,5.45e-06
Al_degrader_E10,3.9299999999999997,7.3e-06
Al_degrader_E10,3.9899999999999998,7.3e-06
Al_degrader_E10,4.05,7.85e-06
Al_degrader_E10,4.109999999999999,8.55e-06
Al_degrader_E10,4.17,1.085e-05
Al_degrader_E10,4.23,1.175e-05
Al_degrader_E10,4.29,1.315e-05
Al_degrader_E10,4.35,1.27e-05
Al_degrader_E10,4.41,1.7e-05
Al_degrader_E10,4.47,1.89e-05
Al_degrader_E10,4.529999999999999,2.105e-05
Al_degrader_E10,4.59,2.125e-05
Al_degrader_E10,4.65,2.56e-05
Al_degrader_E10,4.71,2.99e-05
Al_degrader_E10,4.77,3.31e-05
Al_degrader_E10,4.83,3.58e-05
Al_degrader_E10,4.89,4.395e-05
Al_degrader_E10,4.949999999999999,4.57e-05
Al_degrader_E10,5.01,5.13e-05
Al_degrader_E10,5.07,5.925e-05
Al_degrader_E10,5.13,6.66e-05
Al_degrader_E10,5.1899999999999995,7.28e-05
Al_degrader_E10,5.25,8.1e-05
Al_degrader_E10,5.31,9.71e-05
Al_degrader_E10,5.369999999999999,0.00010335
Al_degrader_E10,5.43,0.000117
Al_degrader_E10,5.49,0.0001343
Al_degrader_E10,5.55,0.0001472
Al_degrader_E10,5.609999999999999,0.00016515
Al_degrader_E10,5.67,0.00018715
Al_degrader_E10,5.73,0.00020615
Al_degrader_E10,5.789999999999999,0.0002315
Al_degrader_E10,5.85,0.0002574
Al_degrader_E10,5.91,0.00028445
Al_degrader_E10,5.97,0.00032015
Al_degrader_E10,6.029999999999999,0.000351
Al_degrader_E10,6.09,0.0003883
Al_degrader_E10,6.15,0.000436
Al_degrader_E10,6.21,0.00047855
Al_degrader_E10,6.27,0.00052715
Al_degrader_E10,6.33,0.00059155
Al_degrader_E10,6.39,0.00065165
Al_degrader_E10,6.449999999999999,0.00071245
Al_degrader_E10,6.51,0.0007908
Al_degrader_E10,6.57,0.00086515
Al_degrader_E10,6.63,0.0009604
Al_degrader_E10,6.6899999999999995,0.00105515
Al_degrader_E10,6.75,0.00115745
Al_degrader_E10,6.81,0.0012561
Al_degrader_E10,6.869999999999999,0.00139025
Al_degrader_E10,6.93,0.00151585
Al_degrader_E10,6.99,0.00164525
Al_degrader_E10,7.05,0.00180745
Al_degrader_E10,7.109999999999999,0.0019592
Al_degrader_E10,7.17,0.0021433
Al_degrader_E10,7.2299999999999995,0.0023178
Al_degrader_E10,7.289999999999999,0.0025074
Al_degrader_E10,7.35,0.002742
Al_degrader_E10,7.41,0.0029495
Al_degrader_E10,7.47,0.0032079
Al_degrader_E10,7.529999999999999,0.00344655
Al_degrader_E10,7.59,0.0037
Al_degrader_E10,7.65,0.00398985
Al_degrader_E10,7.709999999999999,0.0042935
Al_degrader_E10,7.77,0.00460745
Al_degrader_E10,7.83,0.00491755
Al_degrader_E10,7.89,0.00526485
Al_degrader_E10,7.949999999999999,0.0056235
Al_degrader_E10,8.01,0.00598735
Al_degrader_E10,8.07,0.00639045
Al_degrader_E10,8.129999999999999,0.0067621
Al_degrader_E10,8.19,0.0072039
Al_degrader_E10,8.25,0.0076047
Al_degrader_E10,8.309999999999999,0.00806265
Al_degrader_E10,8.370000000000001,0.00846565
Al_degrader_E10,8.43,0.0089687
Al_degrader_E10,8.489999999999998,0.0094232
Al_degrader_E10,8.55,0.0098557
Al_degrader_E10,8.61,0.01039725
Al_degrader_E10,8.67,0.01082855
Al_degrader_E10,8.73,0.0113539
Al_degrader_E10,8.79,0.01178115
Al_degrader_E10,8.85,0.0123391
Al_degrader_E10,8.91,0.0127518
Al_degrader_E10,8.969999999999999,0.01326745
Al_degrader_E10,9.030000000000001,0.01372795
Al_degrader_E10,9.09,0.01416345
Al_degrader_E10,9.149999999999999,0.01468785
Al_degrader_E10,9.21,0.01504315
Al_degrader_E10,9.27,0.01553945
Al_degrader_E10,9.329999999999998,0.01590935
Al_degrader_E10,9.39,0.01631995
Al_degrader_E10,9.45,0.01665975
Al_degrader_E10,9.51,0.01703865
Al_degrader_E10,9.57,0.0173042
Al_degrader_E10,9.629999999999999,0.0176463
Al_degrader_E10,9.69,0.0178475
Al_degrader_E10,9.75,0.0181457
Al_degrader_E10,9.809999999999999,0.0182691
Al_degrader_E10,9.870000000000001,0.0184664
Al_degrader_E10,9.93,0.0185556
Al_degrader_E10,9.989999999999998,0.0186621
Al_degrader_E10,10.05,0.0186882
Al_degrader_E10,10.11,0.01870145
Al_degrader_E10,10.169999999999998,0.0186535
Al_degrader_E10,10.23,0.01857685
Al_degrader_E10,10.29,0.0184628
Al_degrader_E10,10.35,0.01829135
Al_degrader_E10,10.41,0.0181096
Al_degrader_E10,10.469999999999999,0.0178671
Al_degrader_E10,10.53,0.0175732
Al_degrader_E10,10.59,0.01728275
Al_degrader_E10,10.649999999999999,0.01689435
Al_degrader_E10,10.71,0.01654515
Al_degrader_E10,10.77,0.01610735
Al_degrader_E10,10.829999999999998,0.01567895
Al_degrader_E10,10.89,0.0151634
Al_degrader_E10,10.95,0.0147034
Al_degrader_E10,11.01,0.0141345
Al_degrader_E10,11.07,0.01363305
Al_degrader_E10,11.129999999999999,0.0130512
Al_degrader_E10,11.19,0.0124686
Al_degrader_E10,11.25,0.01189965
Al_degrader_E10,11.309999999999999,0.0113077
Al_degrader_E10,11.370000000000001,0.0107087
Al_degrader_E10,11.43,0.0101328
Al_degrader_E10,11.489999999999998,0.009525
Al_degrader_E10,11.55,0.00895615
Al_degrader_E10,11.61,0.00836675
Al_degrader_E10,11.669999999999998,0.0077908
Al_degrader_E10,11.73,0.0072489
Al_degrader_E10,11.79,0.00669845
Al_degrader_E10,11.85,0.00616655
Al_degrader_E10,11.91,0.0056666
Al_degrader_E10,11.969999999999999,0.0051815
Al_degrader_E10,12.03,0.00471695
Al_degrader_E10,12.09,0.0043084
Al_degrader_E10,12.149999999999999,0.00389095
Al_degrader_E10,12.21,0.00350645
Al_degrader_E10,12.27,0.0031416
Al_degrader_E10,12.329999999999998,0.0028202
Al_degrader_E10,12.39,0.00250705
Al_degrader_E10,12.45,0.0022247
Al_degrader_E10,12.51,0.00196745
Al_degrader_E10,12.57,0.00172945
Al_degrader_E10,12.629999999999999,0.00151455
Al_degrader_E10,12.69,0.001324
Al_degrader_E10,12.75,0.0011397
Al_degrader_E10,12.809999999999999,0.00099545
Al_degrader_E10,12.870000000000001,0.0008465
Al_degrader_E10,12.93,0.0007321
Al_degrader_E10,12.989999999999998,0.00062915
Al_degrader_E10,13.05,0.000524
Al_degrader_E10,13.11,0.00045615
Al_degrader_E10,13.169999999999998,0.00037485
Al_degrader_E10,13.23,0.0003173
Al_degrader_E10,13.29,0.0002648
Al_degrader_E10,13.35,0.0002168
Al_degrader_E10,13.41,0.00018305
Al_degrader_E10,13.469999999999999,0.0001455
Al_degrader_E10,13.53,0.00011985
Al_degrader_E10,13.59,9.925e-05
Al_degrader_E10,13.649999999999999,8.05e-05
Al_degrader_E10,13.71,6.495e-05
Al_degrader_E10,13.77,5.155e-05
Al_degrader_E10,13.829999999999998,3.995e-05
Al_degrader_E10,13.89,3.265e-05
Al_degrader_E10,13.95,2.48e-05
Al_degrader_E10,14.009999999999998,1.95e-05
Al_degrader_E10,14.07,1.67e-05
Al_degrader_E10,14.129999999999999,1.175e-05
Al_degrader_E10,14.19,8.9e-06
Al_degrader_E10,14.25,7e-06
Al_degrader_E10,14.309999999999999,4.7e-06
Al_degrader_E10,14.37,4.3e-06
Al_degrader_E10,14.43,2.8e-06
Al_degrader_E10,14.489999999999998,2.15e-06
Al_degrader_E10,14.55,1.35e-06
Al_degrader_E10,14.61,1.4e-06
Al_degrader_E10,14.669999999999998,8.5e-07
Al_degrader_E10,14.73,1e-06
Al_degrader_E10,14.79,6.5e-07
Al_degrader_E10,14.85,3e-07
Al_degrader_E10,14.91,6e-07
Al_degrader_E10,14.969999999999999,3.5e-07
Al_degrader_E10,15.03,2e-07
Al_degrader_E10,15.09,3e-07
Al_degrader_E10,15.149999999999999,1e-07
Al_degrader_E10,15.21,1e-07
Al_degrader_E10,15.27,1e-07
Al_degrader_E10,15.329999999999998,1e-07
Al_degrader_E10,15.39,5e-08
Al_degrader_E10,15.45,5e-08
Al_degrader_E10,15.509999999999998,1e-07
Al_degrader_E10,15.57,1e-07
Al_degrader_E10,15.629999999999999,0.0
Al_degrader_E10,15.69,5e-08
Al_degrader_E10,15.75,5e-08
Ni14,0.03,1.7222222222222224e-05
Ni14,0.09,6.666666666666667e-07
Ni14,0.15,6.666666666666667e-07
Ni14,0.21,1.111111111111111e-06
Ni14,0.27,4.4444444444444444e-07
Ni14,0.32999999999999996,8.888888888888889e-07
Ni14,0.39,4.4444444444444444e-07
Ni14,0.44999999999999996,7.777777777777778e-07
Ni14,0.51,3.3333333333333335e-07
Ni14,0.5700000000000001,8.888888888888889e-07
Ni14,0.6299999999999999,1.4444444444444445e-06
Ni14,0.69,1.6666666666666667e-06
Ni14,0.75,1.3333333333333334e-06
Ni14,0.81,1e-06
Ni14,0.8699999999999999,1.6666666666666667e-06
Ni14,0.9299999999999999,7.777777777777778e-07
Ni14,0.99,1.6666666666666667e-06
Ni14,1.05,2.333333333333333e-06
Ni14,1.1099999999999999,2.222222222222222e-06
Ni14,1.17,1.7777777777777777e-06
Ni14,1.23,2.222222222222222e-06
Ni14,1.29,1.5555555555555556e-06
Ni14,1.3499999999999999,2.777777777777778e-06
Ni14,1.41,4.222222222222222e-06
Ni14,1.47,2.666666666666667e-06
Ni14,1.53,3.3333333333333333e-06
Ni14,1.5899999999999999,3.2222222222222222e-06
Ni14,1.65,3.7777777777777777e-06
Ni14,1.71,6.222222222222222e-06
Ni14,1.77,3.888888888888889e-06
Ni14,1.8299999999999998,5.888888888888889e-06
Ni14,1.89,4.333333333333333e-06
Ni14,1.95,8.111111111111112e-06
Ni14,2.01,7.111111111111111e-06
Ni14,2.0700000000000003,7.111111111111111e-06
Ni14,2.13,7.222222222222222e-06
Ni14,2.19,1.0555555555555555e-05
Ni14,2.25,9.666666666666667e-06
Ni14,2.3099999999999996,1.0666666666666667e-05
Ni14,2.37,1.0333333333333333e-05
Ni14,2.4299999999999997,1.5e-05
Ni14,2.49,1.3555555555555555e-05
Ni14,2.55,1.6444444444444444e-05
Ni14,2.61,1.6666666666666667e-05
Ni14,2.67,2.2222222222222223e-05
Ni14,2.7299999999999995,2.0444444444444446e-05
Ni14,2.79,2.0666666666666666e-05
Ni14,2.8499999999999996,3.1e-05
Ni14,2.91,2.5444444444444446e-05
Ni14,2.9699999999999998,3.1e-05
Ni14,3.0300000000000002,3.477777777777778e-05
Ni14,3.09,3.6222222222222225e-05
Ni14,3.15,4.188888888888889e-05
Ni14,3.21,4.7555555555555553e-05
Ni14,3.2699999999999996,4.933333333333333e-05
Ni14,3.33,5.4444444444444446e-05
Ni14,3.3899999999999997,5.966666666666667e-05
Ni14,3.45,6.833333333333333e-05
Ni14,3.51,7.511111111111111e-05
Ni14,3.57,8.133333333333334e-05
Ni14,3.63,9.233333333333333e-05
Ni14,3.6899999999999995,0.00010055555555555555
Ni14,3.75,0.00011077777777777778
Ni14,3.8099999999999996,0.00012544444444444444
Ni14,3.87,0.00013388888888888888
Ni14,3.9299999999999997,0.00014566666666666667
Ni14,3.9899999999999998,0.0001668888888888889
Ni14,4.05,0.00017566666666666666
Ni14,4.109999999999999,0.000201
Ni14,4.17,0.00022066666666666667
Ni14,4.23,0.00024266666666666667
Ni14,4.29,0.00027355555555555553
Ni14,4.35,0.0002887777777777778
Ni14,4.41,0.0003318888888888889
Ni14,4.47,0.000364
Ni14,4.529999999999999,0.0004011111111111111
Ni14,4.59,0.000445
Ni14,4.65,0.0004856666666666667
Ni14,4.71,0.0005394444444444445
Ni14,4.77,0.0005836666666666667
Ni14,4.83,0.0006382222222222222
Ni14,4.89,0.0007123333333333334
Ni14,4.949999999999999,0.0007793333333333334
Ni14,5.01,0.0008418888888888889
Ni14,5.07,0.0009318888888888889
Ni14,5.13,0.0010113333333333333
Ni14,5.1899999999999995,0.0011122222222222221
Ni14,5.25,0.001202888888888889
Ni14,5.31,0.0013163333333333334
Ni14,5.369999999999999,0.0014396666666666666
Ni14,5.43,0.0015712222222222221
Ni14,5.49,0.001700111111111111
Ni14,5.55,0.001852111111111111
Ni14,5.609999999999999,0.00202
Ni14,5.67,0.002177
Ni14,5.73,0.0023806666666666668
Ni14,5.789999999999999,0.0025783333333333335
Ni14,5.85,0.002784
Ni14,5.91,0.003009
Ni14,5.97,0.0032511111111111113
Ni14,6.029999999999999,0.0035015555555555555
Ni14,6.09,0.003767
Ni14,6.15,0.004055222222222222
Ni14,6.21,0.0043594444444444444
Ni14,6.27,0.004686
Ni14,6.33,0.005034888888888889
Ni14,6.39,0.005382222222222222
Ni14,6.449999999999999,0.005785888888888889
Ni14,6.51,0.006151666666666666
Ni14,6.57,0.0065773333333333335
Ni14,6.63,0.006997
Ni14,6.6899999999999995,0.007438444444444445
Ni14,6.75,0.007896888888888889
Ni14,6.81,0.008343555555555555
Ni14,6.869999999999999,0.008833222222222221
Ni14,6.93,0.009358555555555556
Ni14,6.99,0.009855111111111111
Ni14,7.05,0.010393555555555555
Ni14,7.109999999999999,0.010925777777777777
Ni14,7.17,0.011480222222222222
Ni14,7.2299999999999995,0.01199588888888889
Ni14,7.289999999999999,0.012519
Ni14,7.35,0.013144111111111112
Ni14,7.41,0.013609111111111112
Ni14,7.47,0.014199444444444445
Ni14,7.529999999999999,0.014679888888888888
Ni14,7.59,0.015213222222222222
Ni14,7.65,0.015743555555555556
Ni14,7.709999999999999,0.01624311111111111
Ni14,7.77,0.016674333333333333
Ni14,7.83,0.017156333333333332
Ni14,7.89,0.017530444444444446
Ni14,7.949999999999999,0.017991555555555556
Ni14,8.01,0.018326444444444444
Ni14,8.07,0.018604555555555555
Ni14,8.129999999999999,0.018952666666666666
Ni14,8.19,0.01918911111111111
Ni14,8.25,0.01933388888888889
Ni14,8.309999999999999,0.01954488888888889
Ni14,8.370000000000001,0.019598777777777777
Ni14,8.43,0.01969988888888889
Ni14,8.489999999999998,0.019756222222222224
Ni14,8.55,0.019655555555555555
Ni14,8.61,0.019604333333333335
Ni14,8.67,0.019521555555555556
Ni14,8.73,0.019285333333333335
Ni14,8.79,0.01907388888888889
Ni14,8.85,0.018850555555555554
Ni14,8.91,0.018472555555555555
Ni14,8.969999999999999,0.01815088888888889
Ni14,9.030000000000001,0.017739555555555557
Ni14,9.09,0.017254
Ni14,9.149999999999999,0.016809333333333332
Ni14,9.21,0.01631777777777778
Ni14,9.27,0.01567977777777778
Ni14,9.329999999999998,0.015174333333333333
Ni14,9.39,0.014549555555555555
Ni14,9.45,0.013882777777777779
Ni14,9.51,0.013269111111111112
Ni14,9.57,0.01260211111111111
Ni14,9.629999999999999,0.011976666666666667
Ni14,9.69,0.011260444444444444
Ni14,9.75,0.010595555555555556
Ni14,9.809999999999999,0.009970777777777778
Ni14,9.870000000000001,0.009307666666666667
Ni14,9.93,0.008714333333333333
Ni14,9.989999999999998,0.008098111111111111
Ni14,10.05,0.007501333333333333
Ni14,10.11,0.006897111111111111
Ni14,10.169999999999998,0.006382777777777778
Ni14,10.23,0.005802
Ni14,10.29,0.005329555555555555
Ni14,10.35,0.004843111111111111
Ni14,10.41,0.004408222222222222
Ni14,10.469999999999999,0.00396
Ni14,10.53,0.0035696666666666667
Ni14,10.59,0.0032234444444444446
Ni14,10.649999999999999,0.0028656666666666665
Ni14,10.71,0.0025295555555555557
Ni14,10.77,0.002261
Ni14,10.829999999999998,0.001995
Ni14,10.89,0.001765
Ni14,10.95,0.0015422222222222222
Ni14,11.01,0.001347
Ni14,11.07,0.001171111111111111
Ni14,11.129999999999999,0.001022888888888889
Ni14,11.19,0.0008777777777777778
Ni14,11.25,0.0007656666666666667
Ni14,11.309999999999999,0.0006464444444444445
Ni14,11.370000000000001,0.0005506666666666666
Ni14,11.43,0.0004628888888888889
Ni14,11.489999999999998,0.0003967777777777778
Ni14,11.55,0.00033133333333333333
Ni14,11.61,0.000283
Ni14,11.669999999999998,0.00023433333333333333
Ni14,11.73,0.00019566666666666666
Ni14,11.79,0.000164
Ni14,11.85,0.00013355555555555554
Ni14,11.91,0.00010811111111111111
Ni14,11.969999999999999,8.766666666666667e-05
Ni14,12.03,6.966666666666666e-05
Ni14,12.09,5.8666666666666665e-05
Ni14,12.149999999999999,4.7444444444444445e-05
Ni14,12.21,3.844444444444444e-05
Ni14,12.27,3.0444444444444445e-05
Ni14,12.329999999999998,2.2666666666666668e-05
Ni14,12.39,1.633333333333333e-05
Ni14,12.45,1.2777777777777777e-05
Ni14,12.51,1.1e-05
Ni14,12.57,7.555555555555555e-06
Ni14,12.629999999999999,6.222222222222222e-06
Ni14,12.69,4.333333333333333e-06
Ni14,12.75,3.111111111111111e-06
Ni14,12.809999999999999,3.3333333333333333e-06
Ni14,12.870000000000001,2.5555555555555557e-06
Ni14,12.93,2.111111111111111e-06
Ni14,12.989999999999998,1.7777777777777777e-06
Ni14,13.05,1.111111111111111e-06
Ni14,13.11,1e-06
Ni14,13.169999999999998,7.777777777777778e-07
Ni14,13.23,1e-06
Ni14,13.29,3.3333333333333335e-07
Ni14,13.35,3.3333333333333335e-07
Ni14,13.41,2.2222222222222222e-07
Ni14,13.469999999999999,2.2222222222222222e-07
Ni14,13.53,3.3333333333333335e-07
Ni14,13.59,2.2222222222222222e-07
Ni14,13.649999999999999,2.2222222222222222e-07
Ni14,13.71,0.0
Ni14,13.77,2.2222222222222222e-07
Ni14,13.829999999999998,2.2222222222222222e-07
Ni14,13.89,2.2222222222222222e-07
Ni14,13.95,1.1111111111111111e-07
Ni14,14.009999999999998,1.1111111111111111e-07
Ni14,14.07,1.1111111111111111e-07
Sn14,0.03,6.166666666666667e-05
Sn14,0.09,1.6666666666666667e-06
Sn14,0.15,4e-06
Sn14,0.21,5e-06
Sn14,0.27,2e-06
Sn14,0.32999999999999996,2e-06
Sn14,0.39,2e-06
Sn14,0.44999999999999996,2.666666666666667e-06
Sn14,0.51,2.666666666666667e-06
Sn14,0.5700000000000001,1.6666666666666667e-06
Sn14,0.6299999999999999,3e-06
Sn14,0.69,4.333333333333333e-06
Sn14,0.75,4.333333333333333e-06
Sn14,0.81,5e-06
Sn14,0.8699999999999999,4e-06
Sn14,0.9299999999999999,4.666666666666666e-06
Sn14,0.99,5.333333333333334e-06
Sn14,1.05,4e-06
Sn14,1.1099999999999999,7.666666666666667e-06
Sn14,1.17,8e-06
Sn14,1.23,6.666666666666667e-06
Sn14,1.29,8.333333333333334e-06
Sn14,1.3499999999999999,7e-06
Sn14,1.41,1.2e-05
Sn14,1.47,1.3e-05
Sn14,1.53,1.0666666666666667e-05
Sn14,1.5899999999999999,1.2333333333333333e-05
Sn14,1.65,1.3e-05
Sn14,1.71,1.5e-05
Sn14,1.77,1.8e-05
Sn14,1.8299999999999998,1.3333333333333333e-05
Sn14,1.89,2.0333333333333334e-05
Sn14,1.95,1.9e-05
Sn14,2.01,2.8333333333333332e-05
Sn14,2.0700000000000003,1.9666666666666666e-05
Sn14,2.13,3.1333333333333334e-05
Sn14,2.19,2.7666666666666667e-05
Sn14,2.25,3.4666666666666665e-05
Sn14,2.3099999999999996,3.7e-05
Sn14,2.37,3.6666666666666666e-05
Sn14,2.4299999999999997,4.8333333333333334e-05
Sn14,2.49,4.566666666666667e-05
Sn14,2.55,5.1e-05
Sn14,2.61,5.4e-05
Sn14,2.67,5.8e-05
Sn14,2.7299999999999995,6.366666666666666e-05
Sn14,2.79,7.266666666666667e-05
Sn14,2.8499999999999996,7.733333333333333e-05
Sn14,2.91,8.333333333333333e-05
Sn14,2.9699999999999998,8.933333333333333e-05
Sn14,3.0300000000000002,9.4e-05
Sn14,3.09,0.00011133333333333333
Sn14,3.15,0.00012233333333333334
Sn14,3.21,0.00012733333333333333
Sn14,3.2699999999999996,0.00014966666666666665
Sn14,3.33,0.00016766666666666666
Sn14,3.3899999999999997,0.000169
Sn14,3.45,0.00018866666666666665
Sn14,3.51,0.000232
Sn14,3.57,0.00021966666666666668
Sn14,3.63,0.000252
Sn14,3.6899999999999995,0.00028966666666666664
Sn14,3.75,0.000284
Sn14,3.8099999999999996,0.00033433333333333335
Sn14,3.87,0.0003643333333333333
Sn14,3.9299999999999997,0.0004003333333333333
Sn14,3.9899999999999998,0.000435
Sn14,4.05,0.000477
Sn14,4.109999999999999,0.000536
Sn14,4.17,0.0005763333333333333
Sn14,4.23,0.0006573333333333333
Sn14,4.29,0.000699
Sn14,4.35,0.000766
Sn14,4.41,0.0008163333333333333
Sn14,4.47,0.000917
Sn14,4.529999999999999,0.000976
Sn14,4.59,0.0010666666666666667
Sn14,4.65,0.0011496666666666667
Sn14,4.71,0.001239
Sn14,4.77,0.0013346666666666667
Sn14,4.83,0.001455
Sn14,4.89,0.0015773333333333334
Sn14,4.949999999999999,0.0017373333333333334
Sn14,5.01,0.0018246666666666667
Sn14,5.07,0.0020206666666666667
Sn14,5.13,0.0021726666666666665
Sn14,5.1899999999999995,0.0023703333333333332
Sn14,5.25,0.0025353333333333334
Sn14,5.31,0.0027413333333333335
Sn14,5.369999999999999,0.002933
Sn14,5.43,0.0032036666666666667
Sn14,5.49,0.003428
Sn14,5.55,0.003723
Sn14,5.609999999999999,0.003962666666666666
Sn14,5.67,0.004294666666666666
Sn14,5.73,0.004540666666666667
Sn14,5.789999999999999,0.004865
Sn14,5.85,0.00516
Sn14,5.91,0.005478
Sn14,5.97,0.005848
Sn14,6.029999999999999,0.006264666666666667
Sn14,6.09,0.006676
Sn14,6.15,0.007050333333333333
Sn14,6.21,0.0075576666666666665
Sn14,6.27,0.007978
Sn14,6.33,0.00851
Sn14,6.39,0.008887
Sn14,6.449999999999999,0.009383
Sn14,6.51,0.009934666666666666
Sn14,6.57,0.010333666666666666
Sn14,6.63,0.010871333333333334
Sn14,6.6899999999999995,0.011357333333333334
Sn14,6.75,0.011894
Sn14,6.81,0.012355
Sn14,6.869999999999999,0.012963
Sn14,6.93,0.013402
Sn14,6.99,0.013956333333333333
Sn14,7.05,0.014497333333333333
Sn14,7.109999999999999,0.014992
Sn14,7.17,0.01546
Sn14,7.2299999999999995,0.015945333333333332
Sn14,7.289999999999999,0.016336666666666666
Sn14,7.35,0.016761666666666668
Sn14,7.41,0.017241666666666666
Sn14,7.47,0.017426
Sn14,7.529999999999999,0.017928333333333334
Sn14,7.59,0.018202333333333334
Sn14,7.65,0.018526
Sn14,7.709999999999999,0.018714333333333333
Sn14,7.77,0.018906333333333334
Sn14,7.83,0.019107
Sn14,7.89,0.019116666666666667
Sn14,7.949999999999999,0.019241333333333333
Sn14,8.01,0.019383
Sn14,8.07,0.019209666666666667
Sn14,8.129999999999999,0.019186
Sn14,8.19,0.018988666666666668
Sn14,8.25,0.018851
Sn14,8.309999999999999,0.018700666666666668
Sn14,8.370000000000001,0.018352
Sn14,8.43,0.018223333333333334
Sn14,8.489999999999998,0.017899666666666668
Sn14,8.55,0.017444
Sn14,8.61,0.017122666666666668
Sn14,8.67,0.016670666666666667
Sn14,8.73,0.01615866666666667
Sn14,8.79,0.015669
Sn14,8.85,0.015158333333333333
Sn14,8.91,0.014494
Sn14,8.969999999999999,0.013861333333333333
Sn14,9.030000000000001,0.013252
Sn14,9.09,0.012573333333333334
Sn14,9.149999999999999,0.011945333333333334
Sn14,9.21,0.011383666666666667
Sn14,9.27,0.010723
Sn14,9.329999999999998,0.010140333333333333
Sn14,9.39,0.009407666666666667
Sn14,9.45,0.008876
Sn14,9.51,0.008278333333333334
Sn14,9.57,0.0076293333333333335
Sn14,9.629999999999999,0.0071523333333333335
Sn14,9.69,0.006486666666666667
Sn14,9.75,0.006087666666666667
Sn14,9.809999999999999,0.00557
Sn14,9.870000000000001,0.005046
Sn14,9.93,0.004672666666666667
Sn14,9.989999999999998,0.004170666666666666
Sn14,10.05,0.00374
Sn14,10.11,0.0033813333333333334
Sn14,10.169999999999998,0.002998666666666667
Sn14,10.23,0.002676
Sn14,10.29,0.002435333333333333
Sn14,10.35,0.0021533333333333335
Sn14,10.41,0.0019213333333333333
Sn14,10.469999999999999,0.0016866666666666666
Sn14,10.53,0.001476
Sn14,10.59,0.0013023333333333333
Sn14,10.649999999999999,0.0011386666666666667
Sn14,10.71,0.000989
Sn14,10.77,0.000838
Sn14,10.829999999999998,0.0007156666666666666
Sn14,10.89,0.0005976666666666667
Sn14,10.95,0.0005333333333333334
Sn14,11.01,0.00045066666666666665
Sn14,11.07,0.0003916666666666667
Sn14,11.129999999999999,0.0003266666666666667
Sn14,11.19,0.0002773333333333333
Sn14,11.25,0.00023366666666666666
Sn14,11.309999999999999,0.000191
Sn14,11.370000000000001,0.00014366666666666667
Sn14,11.43,0.00012433333333333334
Sn14,11.489999999999998,0.00010566666666666667
Sn14,11.55,9.1e-05
Sn14,11.61,7.833333333333333e-05
Sn14,11.669999999999998,6.4e-05
Sn14,11.73,4.4666666666666664e-05
Sn14,11.79,3.3e-05
Sn14,11.85,2.6666666666666667e-05
Sn14,11.91,2.5e-05
Sn14,11.969999999999999,2.0333333333333334e-05
Sn14,12.03,1.0333333333333333e-05
Sn14,12.09,1.0333333333333333e-05
Sn14,12.149999999999999,6.333333333333333e-06
Sn14,12.21,4.333333333333333e-06
Sn14,12.27,5e-06
Sn14,12.329999999999998,3.6666666666666666e-06
Sn14,12.39,3.6666666666666666e-06
Sn14,12.45,2e-06
Sn14,12.51,1.6666666666666667e-06
Sn14,12.57,2e-06
Sn14,12.629999999999999,2e-06
Sn14,12.69,2e-06
Sn14,12.75,1e-06
Sn14,12.809999999999999,3.3333333333333335e-07
Sn14,12.870000000000001,3.3333333333333335e-07
Sn14,12.93,3.3333333333333335e-07
Sn14,12.989999999999998,3.3333333333333335e-07
Sn14,13.05,0.0
Sn14,13.11,0.0
Sn14,13.169999999999998,0.0
Sn14,13.23,3.3333333333333335e-07
Sn14,13.29,3.3333333333333335e-07
Sn14,13.35,3.3333333333333335e-07
Sn14,13.41,3.3333333333333335e-07
Sn14,13.469999999999999,3.3333333333333335e-07
Sn14,13.53,3.3333333333333335e-07
Ta14,0.03,0.00018675
Ta14,0.09,1.2375e-05
Ta14,0.15,8.875e-06
Ta14,0.21,7.625e-06
Ta14,0.27,6.75e-06
Ta14,0.32999999999999996,7.875e-06
Ta14,0.39,8e-06
Ta14,0.44999999999999996,9.5e-06
Ta14,0.51,9.625e-06
Ta14,0.5700000000000001,7.875e-06
Ta14,0.6299999999999999,1.375e-05
Ta14,0.69,1.325e-05
Ta14,0.75,1.35e-05
Ta14,0.81,1.5375e-05
Ta14,0.8699999999999999,1.3e-05
Ta14,0.9299999999999999,1.9e-05
Ta14,0.99,1.925e-05
Ta14,1.05,2.1375e-05
Ta14,1.1099999999999999,1.9e-05
Ta14,1.17,2.4125e-05
Ta14,1.23,2.575e-05
Ta14,1.29,2.6625e-05
Ta14,1.3499999999999999,2.7e-05
Ta14,1.41,3.1125e-05
Ta14,1.47,3.5625e-05
Ta14,1.53,3.4625e-05
Ta14,1.5899999999999999,3.7875e-05
Ta14,1.65,4.475e-05
Ta14,1.71,4.4125e-05
Ta14,1.77,4.7125e-05
Ta14,1.8299999999999998,5.2125e-05
Ta14,1.89,5.9125e-05
Ta14,1.95,6.1375e-05
Ta14,2.01,6.6375e-05
Ta14,2.0700000000000003,7.3625e-05
Ta14,2.13,7.925e-05
Ta14,2.19,8.5e-05
Ta14,2.25,9.6625e-05
Ta14,2.3099999999999996,9.775e-05
Ta14,2.37,0.000105625
Ta14,2.4299999999999997,0.000125625
Ta14,2.49,0.000124875
Ta14,2.55,0.000135625
Ta14,2.61,0.00015475
Ta14,2.67,0.0001525
Ta14,2.7299999999999995,0.000178875
Ta14,2.79,0.000196
Ta14,2.8499999999999996,0.000204625
Ta14,2.91,0.00023225
Ta14,2.9699999999999998,0.00025
Ta14,3.0300000000000002,0.000263
Ta14,3.09,0.000298625
Ta14,3.15,0.00031675
Ta14,3.21,0.000347375
Ta14,3.2699999999999996,0.000387125
Ta14,3.33,0.00040575
Ta14,3.3899999999999997,0.000455625
Ta14,3.45,0.00047525
Ta14,3.51,0.000535375
Ta14,3.57,0.000566125
Ta14,3.63,0.0006145
Ta14,3.6899999999999995,0.000683375
Ta14,3.75,0.000709875
Ta14,3.8099999999999996,0.00079925
Ta14,3.87,0.000839375
Ta14,3.9299999999999997,0.000930375
Ta14,3.9899999999999998,0.000979
Ta14,4.05,0.00107575
Ta14,4.109999999999999,0.00114675
Ta14,4.17,0.001250125
Ta14,4.23,0.001340875
Ta14,4.29,0.001457
Ta14,4.35,0.001549
Ta14,4.41,0.00168775
Ta14,4.47,0.001798625
Ta14,4.529999999999999,0.0019545
Ta14,4.59,0.002075125
Ta14,4.65,0.002264875
Ta14,4.71,0.002423
Ta14,4.77,0.0026105
Ta14,4.83,0.002790875
Ta14,4.89,0.0029945
Ta14,4.949999999999999,0.003225375
Ta14,5.01,0.00342825
Ta14,5.07,0.003660375
Ta14,5.13,0.00392725
Ta14,5.1899999999999995,0.004148125
Ta14,5.25,0.00447075
Ta14,5.31,0.0047305
Ta14,5.369999999999999,0.005054375
Ta14,5.43,0.005366625
Ta14,5.49,0.00572075
Ta14,5.55,0.006037
Ta14,5.609999999999999,0.006406625
Ta14,5.67,0.006805625
Ta14,5.73,0.007135625
Ta14,5.789999999999999,0.007593375
Ta14,5.85,0.007948875
Ta14,5.91,0.008424625
Ta14,5.97,0.0088305
Ta14,6.029999999999999,0.009306125
Ta14,6.09,0.0097375
Ta14,6.15,0.0101665
Ta14,6.21,0.010666625
Ta14,6.27,0.011111875
Ta14,6.33,0.01158975
Ta14,6.39,0.01208675
Ta14,6.449999999999999,0.01252825
Ta14,6.51,0.01299225
Ta14,6.57,0.013491875
Ta14,6.63,0.013924625
Ta14,6.6899999999999995,0.01435125
Ta14,6.75,0.0148495
Ta14,6.81,0.0152065
Ta14,6.869999999999999,0.015672
Ta14,6.93,0.01607775
Ta14,6.99,0.016381125
Ta14,7.05,0.01675575
Ta14,7.109999999999999,0.01709275
Ta14,7.17,0.017362625
Ta14,7.2299999999999995,0.017584375
Ta14,7.289999999999999,0.017871
Ta14,7.35,0.01803425
Ta14,7.41,0.018209375
Ta14,7.47,0.018364875
Ta14,7.529999999999999,0.018373125
Ta14,7.59,0.018398
Ta14,7.65,0.018473125
Ta14,7.709999999999999,0.0183865
Ta14,7.77,0.018311875
Ta14,7.83,0.01824125
Ta14,7.89,0.018063375
Ta14,7.949999999999999,0.017845
Ta14,8.01,0.017558625
Ta14,8.07,0.017400625
Ta14,8.129999999999999,0.017055
Ta14,8.19,0.016678625
Ta14,8.25,0.01633275
Ta14,8.309999999999999,0.015923625
Ta14,8.370000000000001,0.01547325
Ta14,8.43,0.01499875
Ta14,8.489999999999998,0.01441725
Ta14,8.55,0.013915
Ta14,8.61,0.01340225
Ta14,8.67,0.01283425
Ta14,8.73,0.012208875
Ta14,8.79,0.011641875
Ta14,8.85,0.01104675
Ta14,8.91,0.01045225
Ta14,8.969999999999999,0.009859125
Ta14,9.030000000000001,0.00931
Ta14,9.09,0.008708125
Ta14,9.149999999999999,0.008168125
Ta14,9.21,0.007622125
Ta14,9.27,0.007086
Ta14,9.329999999999998,0.006564125
Ta14,9.39,0.006073125
Ta14,9.45,0.005605375
Ta14,9.51,0.00513325
Ta14,9.57,0.00468425
Ta14,9.629999999999999,0.00427775
Ta14,9.69,0.003885375
Ta14,9.75,0.00352125
Ta14,9.809999999999999,0.003191
Ta14,9.870000000000001,0.002846625
Ta14,9.93,0.00254975
Ta14,9.989999999999998,0.00227875
Ta14,10.05,0.002027625
Ta14,10.11,0.001826
Ta14,10.169999999999998,0.001599375
Ta14,10.23,0.0014155
Ta14,10.29,0.001246375
Ta14,10.35,0.001081375
Ta14,10.41,0.000950125
Ta14,10.469999999999999,0.00081125
Ta14,10.53,0.000703375
Ta14,10.59,0.000613625
Ta14,10.649999999999999,0.000533125
Ta14,10.71,0.000444625
Ta14,10.77,0.000377125
Ta14,10.829999999999998,0.000322375
Ta14,10.89,0.00027575
Ta14,10.95,0.00023
Ta14,11.01,0.000192
Ta14,11.07,0.00016525
Ta14,11.129999999999999,0.000137
Ta14,11.19,0.00010975
Ta14,11.25,8.8875e-05
Ta14,11.309999999999999,7.2875e-05
Ta14,11.370000000000001,6.1625e-05
Ta14,11.43,5.2e-05
Ta14,11.489999999999998,4.275e-05
Ta14,11.55,3.2e-05
Ta14,11.61,2.475e-05
Ta14,11.669999999999998,1.7125e-05
Ta14,11.73,1.425e-05
Ta14,11.79,1.2625e-05
Ta14,11.85,9e-06
Ta14,11.91,7.125e-06
Ta14,11.969999999999999,4.875e-06
Ta14,12.03,3.25e-06
Ta14,12.09,3.375e-06
Ta14,12.149999999999999,2.75e-06
Ta14,12.21,2.875e-06
Ta14,12.27,2.25e-06
Ta14,12.329999999999998,1.125e-06
Ta14,12.39,1.375e-06
Ta14,12.45,1.25e-06
Ta14,12.51,1.125e-06
Ta14,12.57,6.25e-07
Ta14,12.629999999999999,5e-07
Ta14,12.69,1.25e-07
Ta14,12.75,2.5e-07
Ta14,12.809999999999999,2.5e-07
Ta14,12.870000000000001,1.25e-07
Ta14,12.93,1.25e-07
Ta14,12.989999999999998,2.5e-07
Ta14,13.05,2.5e-07
Ta14,13.11,2.5e-07
Ta14,13.169999999999998,2.5e-07
Ta14,13.23,2.5e-07
Ta14,13.29,1.25e-07
Ta14,13.35,1.25e-07
Ta14,13.41,1.25e-07
Cu14,0.03,0.001307
Cu14,0.09,7e-05
Cu14,0.15,6.554545454545455e-05
Cu14,0.21,4.9e-05
Cu14,0.27,3.890909090909091e-05
Cu14,0.32999999999999996,3.7e-05
Cu14,0.39,5.0636363636363636e-05
Cu14,0.44999999999999996,5.072727272727273e-05
Cu14,0.51,5.5545454545454543e-05
Cu14,0.5700000000000001,5.627272727272727e-05
Cu14,0.6299999999999999,6.154545454545455e-05
Cu14,0.69,5.7e-05
Cu14,0.75,7.8e-05
Cu14,0.81,7.572727272727273e-05
Cu14,0.8699999999999999,8.618181818181819e-05
Cu14,0.9299999999999999,8.490909090909091e-05
Cu14,0.99,8.945454545454545e-05
Cu14,1.05,0.00010745454545454545
Cu14,1.1099999999999999,0.00011181818181818181
Cu14,1.17,0.00011727272727272727
Cu14,1.23,0.00012136363636363637
Cu14,1.29,0.0001420909090909091
Cu14,1.3499999999999999,0.00014545454545454546
Cu14,1.41,0.00015372727272727272
Cu14,1.47,0.00016727272727272728
Cu14,1.53,0.00018218181818181818
Cu14,1.5899999999999999,0.00019118181818181818
Cu14,1.65,0.00019927272727272727
Cu14,1.71,0.00023263636363636363
Cu14,1.77,0.00023845454545454547
Cu14,1.8299999999999998,0.0002467272727272727
Cu14,1.89,0.0002820909090909091
Cu14,1.95,0.00029472727272727273
Cu14,2.01,0.00030354545454545456
Cu14,2.0700000000000003,0.00034554545454545455
Cu14,2.13,0.00036354545454545456
Cu14,2.19,0.00037245454545454544
Cu14,2.25,0.00042618181818181817
Cu14,2.3099999999999996,0.0004351818181818182
Cu14,2.37,0.0004686363636363636
Cu14,2.4299999999999997,0.0005173636363636363
Cu14,2.49,0.0005285454545454545
Cu14,2.55,0.000586909090909091
Cu14,2.61,0.0006227272727272727
Cu14,2.67,0.0006605454545454546
Cu14,2.7299999999999995,0.0007145454545454546
Cu14,2.79,0.0007524545454545454
Cu14,2.8499999999999996,0.0008185454545454545
Cu14,2.91,0.0008676363636363636
Cu14,2.9699999999999998,0.000935
Cu14,3.0300000000000002,0.0009932727272727272
Cu14,3.09,0.0010650909090909092
Cu14,3.15,0.0011366363636363635
Cu14,3.21,0.0012108181818181818
Cu14,3.2699999999999996,0.0013004545454545454
Cu14,3.33,0.0013841818181818183
Cu14,3.3899999999999997,0.0014757272727272727
Cu14,3.45,0.001575818181818182
Cu14,3.51,0.0016866363636363637
Cu14,3.57,0.001801909090909091
Cu14,3.63,0.0019253636363636363
Cu14,3.6899999999999995,0.0020564545454545453
Cu14,3.75,0.002182727272727273
Cu14,3.8099999999999996,0.002328
Cu14,3.87,0.0024773636363636365
Cu14,3.9299999999999997,0.0026331818181818184
Cu14,3.9899999999999998,0.0028055454545454547
Cu14,4.05,0.0029761818181818184
Cu14,4.109999999999999,0.0031713636363636362
Cu14,4.17,0.0033555454545454544
Cu14,4.23,0.003571090909090909
Cu14,4.29,0.0037874545454545452
Cu14,4.35,0.004008454545454545
Cu14,4.41,0.004249818181818182
Cu14,4.47,0.004492
Cu14,4.529999999999999,0.00477
Cu14,4.59,0.005023090909090909
Cu14,4.65,0.005320272727272727
Cu14,4.71,0.005621363636363636
Cu14,4.77,0.005898
Cu14,4.83,0.006219363636363637
Cu14,4.89,0.006538090909090909
Cu14,4.949999999999999,0.006875636363636363
Cu14,5.01,0.0072383636363636365
Cu14,5.07,0.007568636363636363
Cu14,5.13,0.007941272727272727
Cu14,5.1899999999999995,0.008330818181818182
Cu14,5.25,0.008682090909090908
Cu14,5.31,0.00908409090909091
Cu14,5.369999999999999,0.009483636363636364
Cu14,5.43,0.009860090909090909
Cu14,5.49,0.010308181818181819
Cu14,5.55,0.010665727272727273
Cu14,5.609999999999999,0.011089272727272727
Cu14,5.67,0.011535363636363637
Cu14,5.73,0.011880545454545454
Cu14,5.789999999999999,0.01231009090909091
Cu14,5.85,0.012708636363636363
Cu14,5.91,0.013109545454545455
Cu14,5.97,0.013485272727272728
Cu14,6.029999999999999,0.013870454545454545
Cu14,6.09,0.014244181818181819
Cu14,6.15,0.014573636363636363
Cu14,6.21,0.014951727272727273
Cu14,6.27,0.015268818181818182
Cu14,6.33,0.015571636363636364
Cu14,6.39,0.015877636363636365
Cu14,6.449999999999999,0.01608718181818182
Cu14,6.51,0.016360636363636362
Cu14,6.57,0.01653081818181818
Cu14,6.63,0.016774454545454544
Cu14,6.6899999999999995,0.01693318181818182
Cu14,6.75,0.01703
Cu14,6.81,0.017086818181818182
Cu14,6.869999999999999,0.017216909090909092
Cu14,6.93,0.017246363636363636
Cu14,6.99,0.017186272727272727
Cu14,7.05,0.017142818181818183
Cu14,7.109999999999999,0.01716372727272727
Cu14,7.17,0.017070454545454545
Cu14,7.2299999999999995,0.016860363636363635
Cu14,7.289999999999999,0.01671481818181818
Cu14,7.35,0.01652490909090909
Cu14,7.41,0.016320636363636364
Cu14,7.47,0.016049272727272728
Cu14,7.529999999999999,0.015722090909090908
Cu14,7.59,0.015406272727272727
Cu14,7.65,0.015084909090909092
Cu14,7.709999999999999,0.014701090909090908
Cu14,7.77,0.014246363636363637
Cu14,7.83,0.013832272727272728
Cu14,7.89,0.013395
Cu14,7.949999999999999,0.012905727272727274
Cu14,8.01,0.012432090909090908
Cu14,8.07,0.011912636363636363
Cu14,8.129999999999999,0.011389818181818182
Cu14,8.19,0.010843
Cu14,8.25,0.010334181818181819
Cu14,8.309999999999999,0.009820545454545455
Cu14,8.370000000000001,0.009292272727272727
Cu14,8.43,0.008778818181818181
Cu14,8.489999999999998,0.008268545454545454
Cu14,8.55,0.007778454545454546
Cu14,8.61,0.007278090909090909
Cu14,8.67,0.006798363636363636
Cu14,8.73,0.0063269090909090905
Cu14,8.79,0.005881363636363636
Cu14,8.85,0.005436636363636364
Cu14,8.91,0.005018636363636364
Cu14,8.969999999999999,0.004607090909090909
Cu14,9.030000000000001,0.004230454545454545
Cu14,9.09,0.003868272727272727
Cu14,9.149999999999999,0.0035262727272727273
Cu14,9.21,0.003210818181818182
Cu14,9.27,0.002896090909090909
Cu14,9.329999999999998,0.002621909090909091
Cu14,9.39,0.0023447272727272726
Cu14,9.45,0.002105090909090909
Cu14,9.51,0.0018884545454545454
Cu14,9.57,0.001686818181818182
Cu14,9.629999999999999,0.001502909090909091
Cu14,9.69,0.001326
Cu14,9.75,0.0011732727272727272
Cu14,9.809999999999999,0.0010332727272727273
Cu14,9.870000000000001,0.0009028181818181818
Cu14,9.93,0.000789
Cu14,9.989999999999998,0.0006831818181818181
Cu14,10.05,0.0005948181818181818
Cu14,10.11,0.0005127272727272728
Cu14,10.169999999999998,0.000442
Cu14,10.23,0.00037536363636363635
Cu14,10.29,0.00032227272727272725
Cu14,10.35,0.000276
Cu14,10.41,0.00023481818181818182
Cu14,10.469999999999999,0.00020027272727272727
Cu14,10.53,0.00016936363636363636
Cu14,10.59,0.00014263636363636364
Cu14,10.649999999999999,0.00011690909090909091
Cu14,10.71,9.454545454545455e-05
Cu14,10.77,7.8e-05
Cu14,10.829999999999998,6.50909090909091e-05
Cu14,10.89,5.509090909090909e-05
Cu14,10.95,4.5272727272727274e-05
Cu14,11.01,3.6636363636363635e-05
Cu14,11.07,2.9545454545454545e-05
Cu14,11.129999999999999,2.2090909090909092e-05
Cu14,11.19,1.618181818181818e-05
Cu14,11.25,1.3e-05
Cu14,11.309999999999999,1.1363636363636363e-05
Cu14,11.370000000000001,8.727272727272728e-06
Cu14,11.43,6.363636363636363e-06
Cu14,11.489999999999998,5e-06
Cu14,11.55,3.636363636363636e-06
Cu14,11.61,2.9090909090909093e-06
Cu14,11.669999999999998,2.818181818181818e-06
Cu14,11.73,2.6363636363636364e-06
Cu14,11.79,2e-06
Cu14,11.85,1.3636363636363636e-06
Cu14,11.91,1e-06
Cu14,11.969999999999999,1.1818181818181818e-06
Cu14,12.03,9.09090909090909e-07
Cu14,12.09,1e-06
Cu14,12.149999999999999,4.545454545454545e-07
Cu14,12.21,2.7272727272727274e-07
Cu14,12.27,1.8181818181818183e-07
Cu14,12.329999999999998,2.7272727272727274e-07
Cu14,12.39,1.8181818181818183e-07
Cu14,12.45,1.8181818181818183e-07
Cu14,12.51,2.7272727272727274e-07
Cu14,12.57,1.8181818181818183e-07
Cu14,12.629999999999999,1.8181818181818183e-07
Cu14,12.69,1.8181818181818183e-07
Cu14,12.75,2.7272727272727274e-07
Cu14,12.809999999999999,1.8181818181818183e-07
Cu14,12.870000000000001,9.090909090909091e-08
Cu14,12.93,9.090909090909091e-08
Cu14,12.989999999999998,9.090909090909091e-08
