name,energy,flux
Ni08,27.57,6.666666666666667e-07
Ni08,27.63,6.666666666666667e-07
Ni08,27.689999999999998,1.3333333333333334e-06
Ni08,27.75,2.666666666666667e-06
Ni08,27.81,3.3333333333333333e-06
Ni08,27.869999999999997,8.666666666666666e-06
Ni08,27.93,6.666666666666667e-06
Ni08,27.99,1.8666666666666665e-05
Ni08,28.049999999999997,2.9333333333333333e-05
Ni08,28.11,4.5e-05
Ni08,28.17,7.6e-05
Ni08,28.229999999999997,0.000103
Ni08,28.29,0.000193
Ni08,28.35,0.00026966666666666664
Ni08,28.409999999999997,0.00043066666666666665
Ni08,28.47,0.000654
Ni08,28.53,0.000937
Ni08,28.589999999999996,0.0013423333333333334
Ni08,28.65,0.001848
Ni08,28.71,0.0025503333333333333
Ni08,28.769999999999996,0.003544
Ni08,28.83,0.004603333333333333
Ni08,28.89,0.006063666666666667
Ni08,28.95,0.007936333333333333
Ni08,29.009999999999998,0.00989
Ni08,29.07,0.012575
Ni08,29.13,0.015499333333333334
Ni08,29.189999999999998,0.018669333333333333
Ni08,29.25,0.022277333333333333
Ni08,29.31,0.025983
Ni08,29.369999999999997,0.030007333333333334
Ni08,29.43,0.033940333333333336
Ni08,29.49,0.037698666666666665
Ni08,29.549999999999997,0.041343333333333336
Ni08,29.61,0.044532
Ni08,29.67,0.04741466666666667
Ni08,29.729999999999997,0.049209333333333334
Ni08,29.79,0.05061633333333333
Ni08,29.85,0.05120533333333333
Ni08,29.909999999999997,0.050869
Ni08,29.97,0.049651
Ni08,30.03,0.04786833333333333
Ni08,30.089999999999996,0.04496033333333333
Ni08,30.15,0.04211033333333333
Ni08,30.21,0.038475333333333334
Ni08,30.269999999999996,0.034446
Ni08,30.33,0.030663666666666665
Ni08,30.39,0.026608666666666666
Ni08,30.45,0.022630333333333332
Ni08,30.509999999999998,0.019134
Ni08,30.57,0.015830666666666666
Ni08,30.63,0.012908333333333334
Ni08,30.689999999999998,0.010378333333333333
Ni08,30.75,0.008155666666666667
Ni08,30.81,0.006375
Ni08,30.869999999999997,0.004842333333333333
Ni08,30.93,0.0036236666666666665
Ni08,30.99,0.002692
Ni08,31.049999999999997,0.001933
Ni08,31.11,0.001411
Ni08,31.17,0.000969
Ni08,31.229999999999997,0.0006736666666666667
Ni08,31.29,0.000448
Ni08,31.35,0.0002976666666666667
Ni08,31.409999999999997,0.00020133333333333334
Ni08,31.47,0.00011733333333333333
Ni08,31.53,8.3e-05
Ni08,31.589999999999996,4.433333333333333e-05
Ni08,31.65,2.8e-05
Ni08,31.71,1.5e-05
Ni08,31.769999999999996,1.0666666666666667e-05
Ni08,31.83,6.666666666666667e-06
Ni08,31.89,1.3333333333333334e-06
Ni08,31.95,4.333333333333333e-06
Ni08,32.01,1e-06
Ni08,32.07,1e-06
Ni08,32.129999999999995,6.666666666666667e-07
Ni08,32.19,3.3333333333333335e-07
Sn08,27.45,3.3333333333333335e-07
Sn08,27.509999999999998,1.3333333333333334e-06
Sn08,27.57,2e-06
Sn08,27.63,2.666666666666667e-06
Sn08,27.689999999999998,4.666666666666666e-06
Sn08,27.75,1e-05
Sn08,27.81,1.3e-05
Sn08,27.869999999999997,1.8333333333333333e-05
Sn08,27.93,3.0333333333333333e-05
Sn08,27.99,5.6e-05
Sn08,28.049999999999997,9.6e-05
Sn08,28.11,0.000144
Sn08,28.17,0.000204
Sn08,28.229999999999997,0.0003496666666666667
Sn08,28.29,0.0005353333333333333
Sn08,28.35,0.000817
Sn08,28.409999999999997,0.0011896666666666666
Sn08,28.47,0.0016906666666666667
Sn08,28.53,0.0023246666666666667
Sn08,28.589999999999996,0.0031563333333333335
Sn08,28.65,0.00427
Sn08,28.71,0.005779
Sn08,28.769999999999996,0.007522333333333333
Sn08,28.83,0.009561666666666666
Sn08,28.89,0.012168333333333333
Sn08,28.95,0.015196666666666667
Sn08,29.009999999999998,0.018463333333333335
Sn08,29.07,0.022347333333333334
Sn08,29.13,0.026433666666666668
Sn08,29.189999999999998,0.03052
Sn08,29.25,0.034473666666666666
Sn08,29.31,0.038440666666666665
Sn08,29.369999999999997,0.042331
Sn08,29.43,0.045789666666666666
Sn08,29.49,0.048677333333333336
Sn08,29.549999999999997,0.05094133333333333
Sn08,29.61,0.05229866666666667
Sn08,29.67,0.05246066666666667
Sn08,29.729999999999997,0.051984
Sn08,29.79,0.050701333333333334
Sn08,29.85,0.048537666666666666
Sn08,29.909999999999997,0.045609666666666666
Sn08,29.97,0.04250466666666667
Sn08,30.03,0.038514
Sn08,30.089999999999996,0.0341
Sn08,30.15,0.029853
Sn08,30.21,0.025782666666666666
Sn08,30.269999999999996,0.021812
Sn08,30.33,0.018195333333333334
Sn08,30.39,0.014895333333333333
Sn08,30.45,0.011947333333333334
Sn08,30.509999999999998,0.009425
Sn08,30.57,0.007405333333333333
Sn08,30.63,0.005676333333333334
Sn08,30.689999999999998,0.0042836666666666665
Sn08,30.75,0.0031363333333333334
Sn08,30.81,0.0023016666666666667
Sn08,30.869999999999997,0.0016313333333333334
Sn08,30.93,0.0011286666666666667
Sn08,30.99,0.0007713333333333333
Sn08,31.049999999999997,0.0005293333333333334
Sn08,31.11,0.0003623333333333333
Sn08,31.17,0.00022433333333333333
Sn08,31.229999999999997,0.00014666666666666666
Sn08,31.29,8.9e-05
Sn08,31.35,5.0333333333333335e-05
Sn08,31.409999999999997,3.433333333333333e-05
Sn08,31.47,1.8666666666666665e-05
Sn08,31.53,8.333333333333334e-06
Sn08,31.589999999999996,5.666666666666667e-06
Sn08,31.65,6e-06
Sn08,31.71,2.333333333333333e-06
Sn08,31.769999999999996,2.666666666666667e-06
Sn08,31.83,1.3333333333333334e-06
Sn08,31.89,3.3333333333333335e-07
Sn08,31.95,3.3333333333333335e-07
Ta08,27.21,3.3333333333333335e-07
Ta08,27.27,1e-06
Ta08,27.33,1e-06
Ta08,27.39,2.666666666666667e-06
Ta08,27.45,3e-06
Ta08,27.509999999999998,8e-06
Ta08,27.57,6.333333333333333e-06
Ta08,27.63,1.633333333333333e-05
Ta08,27.689999999999998,2.3e-05
Ta08,27.75,4.2e-05
Ta08,27.81,6.966666666666666e-05
Ta08,27.869999999999997,9e-05
Ta08,27.93,0.000177
Ta08,27.99,0.00023466666666666666
Ta08,28.049999999999997,0.000402
Ta08,28.11,0.0005796666666666667
Ta08,28.17,0.0008703333333333333
Ta08,28.229999999999997,0.001233
Ta08,28.29,0.001744
Ta08,28.35,0.0023523333333333334
Ta08,28.409999999999997,0.003276
Ta08,28.47,0.004366
Ta08,28.53,0.005673666666666666
Ta08,28.589999999999996,0.007449333333333333
Ta08,28.65,0.009479
Ta08,28.71,0.011922333333333333
Ta08,28.769999999999996,0.014734333333333334
Ta08,28.83,0.018020666666666667
Ta08,28.89,0.021504666666666665
Ta08,28.95,0.025361333333333333
Ta08,29.009999999999998,0.029111666666666668
Ta08,29.07,0.033212
Ta08,29.13,0.036984
Ta08,29.189999999999998,0.04075
Ta08,29.25,0.04391266666666667
Ta08,29.31,0.047012
Ta08,29.369999999999997,0.04902
Ta08,29.43,0.050637
Ta08,29.49,0.05120466666666667
Ta08,29.549999999999997,0.051159
Ta08,29.61,0.049995333333333336
Ta08,29.67,0.048259
Ta08,29.729999999999997,0.045902
Ta08,29.79,0.04272
Ta08,29.85,0.03919566666666666
Ta08,29.909999999999997,0.035277
Ta08,29.97,0.03145866666666667
Ta08,30.03,0.027287666666666665
Ta08,30.089999999999996,0.023381
Ta08,30.15,0.019781
Ta08,30.21,0.016387
Ta08,30.269999999999996,0.013420333333333333
Ta08,30.33,0.010758333333333333
Ta08,30.39,0.008537666666666667
Ta08,30.45,0.006566
Ta08,30.509999999999998,0.005120666666666667
Ta08,30.57,0.0038133333333333335
Ta08,30.63,0.0028693333333333335
Ta08,30.689999999999998,0.002044
Ta08,30.75,0.0014773333333333333
Ta08,30.81,0.0010366666666666666
Ta08,30.869999999999997,0.0007036666666666667
Ta08,30.93,0.0004843333333333333
Ta08,30.99,0.0003173333333333333
Ta08,31.049999999999997,0.00021633333333333332
Ta08,31.11,0.00013
Ta08,31.17,8.833333333333333e-05
Ta08,31.229999999999997,4.9e-05
Ta08,31.29,2.8666666666666668e-05
Ta08,31.35,1.9666666666666666e-05
Ta08,31.409999999999997,1.0333333333333333e-05
Ta08,31.47,7.333333333333333e-06
Ta08,31.53,3e-06
Ta08,31.589999999999996,3e-06
Ta08,31.65,2.333333333333333e-06
Ta08,31.71,1e-06
Ta08,31.769999999999996,6.666666666666667e-07
Ta08,31.83,3.3333333333333335e-07
Cu08,26.909999999999997,3.3333333333333335e-07
Cu08,26.97,1e-06
Cu08,27.03,3.3333333333333335e-07
Cu08,27.089999999999996,1.6666666666666667e-06
Cu08,27.15,2.666666666666667e-06
Cu08,27.21,7e-06
Cu08,27.27,7.333333333333333e-06
Cu08,27.33,1e-05
Cu08,27.39,2.4666666666666665e-05
Cu08,27.45,2.966666666666667e-05
Cu08,27.509999999999998,5.6666666666666664e-05
Cu08,27.57,8.066666666666667e-05
Cu08,27.63,0.000125
Cu08,27.689999999999998,0.000217
Cu08,27.75,0.00030933333333333334
Cu08,27.81,0.0005
Cu08,27.869999999999997,0.0006913333333333333
Cu08,27.93,0.0010416666666666667
Cu08,27.99,0.001449
Cu08,28.049999999999997,0.0019966666666666666
Cu08,28.11,0.002749
Cu08,28.17,0.0037143333333333334
Cu08,28.229999999999997,0.004849333333333333
Cu08,28.29,0.006393666666666666
Cu08,28.35,0.008203666666666666
Cu08,28.409999999999997,0.010302
Cu08,28.47,0.012952
Cu08,28.53,0.015821666666666668
Cu08,28.589999999999996,0.019079
Cu08,28.65,0.022664666666666666
Cu08,28.71,0.026319
Cu08,28.769999999999996,0.030205
Cu08,28.83,0.034119
Cu08,28.89,0.037825
Cu08,28.95,0.041300666666666666
Cu08,29.009999999999998,0.04443866666666667
Cu08,29.07,0.04713
Cu08,29.13,0.048981
Cu08,29.189999999999998,0.050335333333333336
Cu08,29.25,0.050632
Cu08,29.31,0.05037933333333333
Cu08,29.369999999999997,0.049062
Cu08,29.43,0.047306
Cu08,29.49,0.04462933333333333
Cu08,29.549999999999997,0.04165866666666666
Cu08,29.61,0.03805466666666667
Cu08,29.67,0.03411566666666667
Cu08,29.729999999999997,0.030473666666666666
Cu08,29.79,0.026329666666666668
Cu08,29.85,0.022561666666666667
Cu08,29.909999999999997,0.019067
Cu08,29.97,0.015851333333333332
Cu08,30.03,0.012935
Cu08,30.089999999999996,0.010420333333333334
Cu08,30.15,0.008277333333333333
Cu08,30.21,0.006402
Cu08,30.269999999999996,0.004922666666666666
Cu08,30.33,0.0036906666666666667
Cu08,30.39,0.0027723333333333332
Cu08,30.45,0.0019933333333333335
Cu08,30.509999999999998,0.0014616666666666667
Cu08,30.57,0.0010143333333333332
Cu08,30.63,0.0007073333333333334
Cu08,30.689999999999998,0.000472
Cu08,30.75,0.00030966666666666664
Cu08,30.81,0.000224
Cu08,30.869999999999997,0.00012533333333333334
Cu08,30.93,8.9e-05
Cu08,30.99,4.8333333333333334e-05
Cu08,31.049999999999997,2.9e-05
Cu08,31.11,2.1333333333333335e-05
Cu08,31.17,9.333333333333333e-06
Cu08,31.229999999999997,8.666666666666666e-06
Cu08,31.29,3e-06
Cu08,31.35,3e-06
Cu08,31.409999999999997,2.333333333333333e-06
Cu08,31.47,1e-06
Cu08,31.53,6.666666666666667e-07
Cu08,31.589999999999996,0.0
Cu08,31.65,3.3333333333333335e-07
Al_degrader_E2_E1,24.689999999999998,1.4285714285714285e-07
Al_degrader_E2_E1,24.75,2.857142857142857e-07
Al_degrader_E2_E1,24.81,1.4285714285714285e-07
Al_degrader_E2_E1,24.869999999999997,4.2857142857142857e-07
Al_degrader_E2_E1,24.93,7.142857142857143e-07
Al_degrader_E2_E1,24.990000000000002,1.1428571428571428e-06
Al_degrader_E2_E1,25.049999999999997,2.5714285714285716e-06
Al_degrader_E2_E1,25.11,1.7142857142857143e-06
Al_degrader_E2_E1,25.17,4e-06
Al_degrader_E2_E1,25.229999999999997,7.2857142857142855e-06
Al_degrader_E2_E1,25.29,1.0857142857142858e-05
Al_degrader_E2_E1,25.35,1.9285714285714285e-05
Al_degrader_E2_E1,25.409999999999997,2.3285714285714287e-05
Al_degrader_E2_E1,25.47,3.571428571428572e-05
Al_degrader_E2_E1,25.53,6.257142857142857e-05
Al_degrader_E2_E1,25.589999999999996,8.685714285714286e-05
Al_degrader_E2_E1,25.65,0.00012657142857142858
Al_degrader_E2_E1,25.71,0.00019185714285714287
Al_degrader_E2_E1,25.77,0.0002532857142857143
Al_degrader_E2_E1,25.83,0.0003504285714285714
Al_degrader_E2_E1,25.89,0.000469
Al_degrader_E2_E1,25.95,0.0006332857142857143
Al_degrader_E2_E1,26.009999999999998,0.000859
Al_degrader_E2_E1,26.07,0.0011337142857142856
Al_degrader_E2_E1,26.13,0.00141
Al_degrader_E2_E1,26.189999999999998,0.0018315714285714285
Al_degrader_E2_E1,26.25,0.0023042857142857144
Al_degrader_E2_E1,26.31,0.0028398571428571427
Al_degrader_E2_E1,26.369999999999997,0.003523
Al_degrader_E2_E1,26.43,0.0042915714285714284
Al_degrader_E2_E1,26.49,0.0050822857142857145
Al_degrader_E2_E1,26.549999999999997,0.006007285714285714
Al_degrader_E2_E1,26.61,0.006979714285714286
Al_degrader_E2_E1,26.67,0.008022857142857142
Al_degrader_E2_E1,26.729999999999997,0.009185857142857143
Al_degrader_E2_E1,26.79,0.010418571428571428
Al_degrader_E2_E1,26.85,0.011607142857142858
Al_degrader_E2_E1,26.909999999999997,0.012826857142857143
Al_degrader_E2_E1,26.97,0.014058571428571429
Al_degrader_E2_E1,27.03,0.015171571428571428
Al_degrader_E2_E1,27.089999999999996,0.016295857142857143
Al_degrader_E2_E1,27.15,0.017451714285714286
Al_degrader_E2_E1,27.21,0.01851514285714286
Al_degrader_E2_E1,27.27,0.019419285714285715
Al_degrader_E2_E1,27.33,0.020216571428571427
Al_degrader_E2_E1,27.39,0.021012285714285716
Al_degrader_E2_E1,27.45,0.021673285714285714
Al_degrader_E2_E1,27.509999999999998,0.022266571428571427
Al_degrader_E2_E1,27.57,0.02275157142857143
Al_degrader_E2_E1,27.63,0.023172571428571428
Al_degrader_E2_E1,27.689999999999998,0.023536571428571428
Al_degrader_E2_E1,27.75,0.023823714285714285
Al_degrader_E2_E1,27.81,0.024061285714285716
Al_degrader_E2_E1,27.869999999999997,0.024226428571428572
Al_degrader_E2_E1,27.93,0.024419
Al_degrader_E2_E1,27.99,0.024536714285714287
Al_degrader_E2_E1,28.049999999999997,0.024588285714285715
Al_degrader_E2_E1,28.11,0.024713
Al_degrader_E2_E1,28.17,0.024654285714285715
Al_degrader_E2_E1,28.229999999999997,0.024693142857142858
Al_degrader_E2_E1,28.29,0.024673857142857143
Al_degrader_E2_E1,28.35,0.024574
Al_degrader_E2_E1,28.409999999999997,0.024466857142857144
Al_degrader_E2_E1,28.47,0.024258
Al_degrader_E2_E1,28.53,0.023994
Al_degrader_E2_E1,28.589999999999996,0.023737714285714286
Al_degrader_E2_E1,28.65,0.02330257142857143
Al_degrader_E2_E1,28.71,0.02276442857142857
Al_degrader_E2_E1,28.769999999999996,0.022210857142857143
Al_degrader_E2_E1,28.83,0.021397857142857142
Al_degrader_E2_E1,28.89,0.020540714285714287
Al_degrader_E2_E1,28.95,0.01965542857142857
Al_degrader_E2_E1,29.009999999999998,0.018582571428571427
Al_degrader_E2_E1,29.07,0.017472714285714286
Al_degrader_E2_E1,29.13,0.01627
Al_degrader_E2_E1,29.189999999999998,0.014901571428571429
Al_degrader_E2_E1,29.25,0.013577142857142857
Al_degrader_E2_E1,29.31,0.012220857142857143
Al_degrader_E2_E1,29.369999999999997,0.010874285714285715
Al_degrader_E2_E1,29.43,0.009639714285714286
Al_degrader_E2_E1,29.49,0.008384571428571429
Al_degrader_E2_E1,29.549999999999997,0.007086571428571428
Al_degrader_E2_E1,29.61,0.006004285714285715
Al_degrader_E2_E1,29.67,0.005031
Al_degrader_E2_E1,29.729999999999997,0.004117714285714285
Al_degrader_E2_E1,29.79,0.0033595714285714288
Al_degrader_E2_E1,29.85,0.002677285714285714
Al_degrader_E2_E1,29.909999999999997,0.002122142857142857
Al_degrader_E2_E1,29.97,0.0016305714285714285
Al_degrader_E2_E1,30.03,0.001261857142857143
Al_degrader_E2_E1,30.089999999999996,0.0009545714285714285
Al_degrader_E2_E1,30.15,0.0007071428571428571
Al_degrader_E2_E1,30.21,0.0005151428571428571
Al_degrader_E2_E1,30.269999999999996,0.00036742857142857145
Al_degrader_E2_E1,30.33,0.00026857142857142856
Al_degrader_E2_E1,30.39,0.000179
Al_degrader_E2_E1,30.45,0.00011857142857142858
Al_degrader_E2_E1,30.509999999999998,8.685714285714286e-05
Al_degrader_E2_E1,30.57,5.642857142857143e-05
Al_degrader_E2_E1,30.63,3.4285714285714284e-05
Al_degrader_E2_E1,30.689999999999998,2.4285714285714285e-05
Al_degrader_E2_E1,30.75,1.2285714285714286e-05
Al_degrader_E2_E1,30.81,9.714285714285713e-06
Al_degrader_E2_E1,30.869999999999997,4.571428571428571e-06
Al_degrader_E2_E1,30.93,3.4285714285714285e-06
Al_degrader_E2_E1,30.99,1.7142857142857143e-06
Al_degrader_E2_E1,31.049999999999997,8.571428571428571e-07
Al_degrader_E2_E1,31.11,1e-06
Al_degrader_E2_E1,31.17,2.857142857142857e-07
Al_degrader_E2_E1,31.229999999999997,2.857142857142857e-07
Al_degrader_E2_E1,31.29,2.857142857142857e-07
Al_degrader_E2_E1,31.35,1.4285714285714285e-07
Ni09,24.39,3.3333333333333335e-07
Ni09,24.45,1e-06
Ni09,24.509999999999998,3.3333333333333335e-07
Ni09,24.57,2.333333333333333e-06
Ni09,24.63,2e-06
Ni09,24.689999999999998,6.333333333333333e-06
Ni09,24.75,6e-06
Ni09,24.81,7e-06
Ni09,24.869999999999997,1.8e-05
Ni09,24.93,2.6333333333333334e-05
Ni09,24.990000000000002,3.9e-05
Ni09,25.049999999999997,6.9e-05
Ni09,25.11,7.533333333333334e-05
Ni09,25.17,0.00015266666666666667
Ni09,25.229999999999997,0.00020533333333333333
Ni09,25.29,0.000315
Ni09,25.35,0.000489
Ni09,25.409999999999997,0.000637
Ni09,25.47,0.0009396666666666667
Ni09,25.53,0.0012926666666666666
Ni09,25.589999999999996,0.001728
Ni09,25.65,0.0023096666666666665
Ni09,25.71,0.003156
Ni09,25.77,0.004049666666666667
Ni09,25.83,0.005149333333333333
Ni09,25.89,0.006643
Ni09,25.95,0.008317666666666666
Ni09,26.009999999999998,0.010242666666666667
Ni09,26.07,0.012666333333333333
Ni09,26.13,0.015111
Ni09,26.189999999999998,0.017987
Ni09,26.25,0.021120333333333335
Ni09,26.31,0.024274666666666667
Ni09,26.369999999999997,0.027686
Ni09,26.43,0.031042
Ni09,26.49,0.034236333333333334
Ni09,26.549999999999997,0.03746466666666667
Ni09,26.61,0.040266333333333335
Ni09,26.67,0.042813333333333335
Ni09,26.729999999999997,0.04468
Ni09,26.79,0.04615166666666667
Ni09,26.85,0.04714466666666667
Ni09,26.909999999999997,0.047238
Ni09,26.97,0.04677
Ni09,27.03,0.04568733333333334
Ni09,27.089999999999996,0.044060666666666665
Ni09,27.15,0.041598333333333334
Ni09,27.21,0.039106
Ni09,27.27,0.036145666666666666
Ni09,27.33,0.03263933333333333
Ni09,27.39,0.029344
Ni09,27.45,0.026075666666666667
Ni09,27.509999999999998,0.02246333333333333
Ni09,27.57,0.019398666666666668
Ni09,27.63,0.016348666666666668
Ni09,27.689999999999998,0.013732
Ni09,27.75,0.011236
Ni09,27.81,0.009216333333333333
Ni09,27.869999999999997,0.007313333333333333
Ni09,27.93,0.005809
Ni09,27.99,0.0045186666666666665
Ni09,28.049999999999997,0.003424
Ni09,28.11,0.0026423333333333333
Ni09,28.17,0.0019446666666666666
Ni09,28.229999999999997,0.001452
Ni09,28.29,0.0010226666666666667
Ni09,28.35,0.0007333333333333333
Ni09,28.409999999999997,0.000521
Ni09,28.47,0.00033866666666666664
Ni09,28.53,0.0002483333333333333
Ni09,28.589999999999996,0.00016866666666666666
Ni09,28.65,9.833333333333333e-05
Ni09,28.71,7.266666666666667e-05
Ni09,28.769999999999996,3.866666666666667e-05
Ni09,28.83,2.5666666666666666e-05
Ni09,28.89,1.5666666666666667e-05
Ni09,28.95,9.333333333333333e-06
Ni09,29.009999999999998,8.666666666666666e-06
Ni09,29.07,2.333333333333333e-06
Ni09,29.13,3e-06
Ni09,29.189999999999998,2e-06
Ni09,29.25,3.3333333333333335e-07
Ni09,29.31,1.6666666666666667e-06
Ni09,29.369999999999997,0.0
Ni09,29.43,3.3333333333333335e-07
Sn09,24.27,3.3333333333333335e-07
Sn09,24.33,1e-06
Sn09,24.39,1.6666666666666667e-06
Sn09,24.45,2.333333333333333e-06
Sn09,24.509999999999998,2.666666666666667e-06
Sn09,24.57,6e-06
Sn09,24.63,1.1e-05
Sn09,24.689999999999998,1.4333333333333334e-05
Sn09,24.75,1.5666666666666667e-05
Sn09,24.81,3.1333333333333334e-05
Sn09,24.869999999999997,5.1666666666666664e-05
Sn09,24.93,8.433333333333333e-05
Sn09,24.990000000000002,0.00012333333333333334
Sn09,25.049999999999997,0.000175
Sn09,25.11,0.00026733333333333334
Sn09,25.17,0.00042133333333333335
Sn09,25.229999999999997,0.000601
Sn09,25.29,0.00088
Sn09,25.35,0.0012446666666666667
Sn09,25.409999999999997,0.0016646666666666667
Sn09,25.47,0.002276666666666667
Sn09,25.53,0.0029453333333333332
Sn09,25.589999999999996,0.003939
Sn09,25.65,0.005152333333333333
Sn09,25.71,0.006645333333333333
Sn09,25.77,0.008288
Sn09,25.83,0.010350666666666666
Sn09,25.89,0.012733333333333333
Sn09,25.95,0.015500666666666666
Sn09,26.009999999999998,0.018441
Sn09,26.07,0.021856333333333332
Sn09,26.13,0.025267
Sn09,26.189999999999998,0.028723
Sn09,26.25,0.03218033333333333
Sn09,26.31,0.035425
Sn09,26.369999999999997,0.038777
Sn09,26.43,0.041729666666666665
Sn09,26.49,0.044396
Sn09,26.549999999999997,0.046293
Sn09,26.61,0.047926666666666666
Sn09,26.67,0.04841566666666667
Sn09,26.729999999999997,0.048202
Sn09,26.79,0.04745133333333333
Sn09,26.85,0.04638433333333333
Sn09,26.909999999999997,0.04414233333333333
Sn09,26.97,0.041600333333333336
Sn09,27.03,0.038958
Sn09,27.089999999999996,0.035543
Sn09,27.15,0.031760333333333335
Sn09,27.21,0.028163666666666667
Sn09,27.27,0.024616666666666665
Sn09,27.33,0.021227666666666666
Sn09,27.39,0.018021333333333334
Sn09,27.45,0.015086666666666667
Sn09,27.509999999999998,0.012445666666666667
Sn09,27.57,0.01003
Sn09,27.63,0.008082
Sn09,27.689999999999998,0.0064203333333333334
Sn09,27.75,0.004999
Sn09,27.81,0.0038296666666666665
Sn09,27.869999999999997,0.0028573333333333333
Sn09,27.93,0.0021616666666666668
Sn09,27.99,0.001586
Sn09,28.049999999999997,0.001108
Sn09,28.11,0.0007743333333333334
Sn09,28.17,0.000568
Sn09,28.229999999999997,0.000389
Sn09,28.29,0.00025866666666666665
Sn09,28.35,0.000175
Sn09,28.409999999999997,0.00011733333333333333
Sn09,28.47,6.5e-05
Sn09,28.53,4.4e-05
Sn09,28.589999999999996,2.6666666666666667e-05
Sn09,28.65,1.6666666666666667e-05
Sn09,28.71,7.666666666666667e-06
Sn09,28.769999999999996,5.333333333333334e-06
Sn09,28.83,5.333333333333334e-06
Sn09,28.89,3.3333333333333333e-06
Sn09,28.95,1.6666666666666667e-06
Sn09,29.009999999999998,1.6666666666666667e-06
Sn09,29.07,1e-06
Sn09,29.13,3.3333333333333335e-07
Ta09,24.03,6.666666666666667e-07
Ta09,24.089999999999996,6.666666666666667e-07
Ta09,24.15,1e-06
Ta09,24.21,2.666666666666667e-06
Ta09,24.27,2e-06
Ta09,24.33,7e-06
Ta09,24.39,6.333333333333333e-06
Ta09,24.45,1.1e-05
Ta09,24.509999999999998,1.9333333333333333e-05
Ta09,24.57,2.6333333333333334e-05
Ta09,24.63,4.566666666666667e-05
Ta09,24.689999999999998,6.9e-05
Ta09,24.75,8.666666666666667e-05
Ta09,24.81,0.00017066666666666668
Ta09,24.869999999999997,0.00021866666666666668
Ta09,24.93,0.0003533333333333333
Ta09,24.990000000000002,0.000507
Ta09,25.049999999999997,0.0007016666666666666
Ta09,25.11,0.001006
Ta09,25.17,0.001375
Ta09,25.229999999999997,0.0018366666666666666
Ta09,25.29,0.002487
Ta09,25.35,0.0032773333333333335
Ta09,25.409999999999997,0.004277
Ta09,25.47,0.005402
Ta09,25.53,0.006955
Ta09,25.589999999999996,0.008636
Ta09,25.65,0.010709
Ta09,25.71,0.013027
Ta09,25.77,0.015696666666666668
Ta09,25.83,0.018635666666666665
Ta09,25.89,0.021671
Ta09,25.95,0.024965666666666667
Ta09,26.009999999999998,0.028275333333333333
Ta09,26.07,0.031668
Ta09,26.13,0.034863
Ta09,26.189999999999998,0.03800666666666667
Ta09,26.25,0.040675333333333334
Ta09,26.31,0.04319633333333334
Ta09,26.369999999999997,0.045004333333333334
Ta09,26.43,0.04643033333333333
Ta09,26.49,0.047116
Ta09,26.549999999999997,0.047177666666666666
Ta09,26.61,0.04661866666666667
Ta09,26.67,0.045337
Ta09,26.729999999999997,0.043633333333333336
Ta09,26.79,0.04126066666666667
Ta09,26.85,0.038551666666666665
Ta09,26.909999999999997,0.03534533333333333
Ta09,26.97,0.032105666666666664
Ta09,27.03,0.028764333333333333
Ta09,27.089999999999996,0.025219333333333333
Ta09,27.15,0.021874
Ta09,27.21,0.018887333333333332
Ta09,27.27,0.015758666666666667
Ta09,27.33,0.013283666666666666
Ta09,27.39,0.010822
Ta09,27.45,0.008833666666666667
Ta09,27.509999999999998,0.007055666666666667
Ta09,27.57,0.005554
Ta09,27.63,0.0043096666666666665
Ta09,27.689999999999998,0.0033526666666666666
Ta09,27.75,0.0024923333333333334
Ta09,27.81,0.0018443333333333332
Ta09,27.869999999999997,0.0013603333333333334
Ta09,27.93,0.0009856666666666666
Ta09,27.99,0.0006876666666666666
Ta09,28.049999999999997,0.000483
Ta09,28.11,0.00033
Ta09,28.17,0.00023066666666666667
Ta09,28.229999999999997,0.000154
Ta09,28.29,9.6e-05
Ta09,28.35,6.766666666666667e-05
Ta09,28.409999999999997,3.633333333333333e-05
Ta09,28.47,2.5e-05
Ta09,28.53,1.4333333333333334e-05
Ta09,28.589999999999996,8.666666666666666e-06
Ta09,28.65,6.666666666666667e-06
Ta09,28.71,3e-06
Ta09,28.769999999999996,3e-06
Ta09,28.83,2.333333333333333e-06
Ta09,28.89,6.666666666666667e-07
Ta09,28.95,1e-06
Ta09,29.009999999999998,0.0
Ta09,29.07,3.3333333333333335e-07
Cu09,23.67,3.3333333333333335e-07
Cu09,23.729999999999997,6.666666666666667e-07
Cu09,23.79,3.3333333333333335e-07
Cu09,23.85,1e-06
Cu09,23.909999999999997,3e-06
Cu09,23.97,2.333333333333333e-06
Cu09,24.03,6.333333333333333e-06
Cu09,24.089999999999996,6.333333333333333e-06
Cu09,24.15,1e-05
Cu09,24.21,2.2333333333333332e-05
Cu09,24.27,2.7e-05
Cu09,24.33,4.3666666666666666e-05
Cu09,24.39,6.866666666666666e-05
Cu09,24.45,8.533333333333334e-05
Cu09,24.509999999999998,0.000168
Cu09,24.57,0.000213
Cu09,24.63,0.00034033333333333333
Cu09,24.689999999999998,0.0004986666666666667
Cu09,24.75,0.000664
Cu09,24.81,0.000978
Cu09,24.869999999999997,0.0013083333333333334
Cu09,24.93,0.0017663333333333333
Cu09,24.990000000000002,0.0023586666666666665
Cu09,25.049999999999997,0.0031476666666666667
Cu09,25.11,0.0040676666666666665
Cu09,25.17,0.005114666666666667
Cu09,25.229999999999997,0.006576
Cu09,25.29,0.008195333333333334
Cu09,25.35,0.010161333333333333
Cu09,25.409999999999997,0.012434
Cu09,25.47,0.014782333333333333
Cu09,25.53,0.017686
Cu09,25.589999999999996,0.020627
Cu09,25.65,0.023771666666666667
Cu09,25.71,0.026981666666666668
Cu09,25.77,0.030296666666666666
Cu09,25.83,0.03344266666666667
Cu09,25.89,0.03666333333333333
Cu09,25.95,0.039248
Cu09,26.009999999999998,0.041939
Cu09,26.07,0.043809
Cu09,26.13,0.045400333333333334
Cu09,26.189999999999998,0.04639133333333333
Cu09,26.25,0.046683333333333334
Cu09,26.31,0.04634233333333333
Cu09,26.369999999999997,0.04524566666666666
Cu09,26.43,0.043956666666666665
Cu09,26.49,0.04180966666666667
Cu09,26.549999999999997,0.039232
Cu09,26.61,0.03647966666666667
Cu09,26.67,0.033322333333333336
Cu09,26.729999999999997,0.02999133333333333
Cu09,26.79,0.026724333333333333
Cu09,26.85,0.023295
Cu09,26.909999999999997,0.020158333333333334
Cu09,26.97,0.017213
Cu09,27.03,0.014486666666666667
Cu09,27.089999999999996,0.012001
Cu09,27.15,0.009894
Cu09,27.21,0.007946
Cu09,27.27,0.006242666666666666
Cu09,27.33,0.005029333333333334
Cu09,27.39,0.0038276666666666667
Cu09,27.45,0.002997
Cu09,27.509999999999998,0.002203
Cu09,27.57,0.0016433333333333332
Cu09,27.63,0.0011856666666666667
Cu09,27.689999999999998,0.0008833333333333333
Cu09,27.75,0.0006096666666666667
Cu09,27.81,0.000428
Cu09,27.869999999999997,0.00028733333333333334
Cu09,27.93,0.00021366666666666667
Cu09,27.99,0.000121
Cu09,28.049999999999997,8.766666666666667e-05
Cu09,28.11,6.266666666666667e-05
Cu09,28.17,3.1e-05
Cu09,28.229999999999997,2.1333333333333335e-05
Cu09,28.29,1.4e-05
Cu09,28.35,6.333333333333333e-06
Cu09,28.409999999999997,6.333333333333333e-06
Cu09,28.47,2.666666666666667e-06
Cu09,28.53,3e-06
Cu09,28.589999999999996,1.6666666666666667e-06
Cu09,28.65,1e-06
Cu09,28.71,6.666666666666667e-07
Cu09,28.769999999999996,0.0
Cu09,28.83,3.3333333333333335e-07
Al_degrader_E4_E3,21.21,1.1111111111111111e-07
Al_degrader_E4_E3,21.27,1.1111111111111111e-07
Al_degrader_E4_E3,21.33,2.2222222222222222e-07
Al_degrader_E4_E3,21.39,2.2222222222222222e-07
Al_degrader_E4_E3,21.45,5.555555555555555e-07
Al_degrader_E4_E3,21.509999999999998,2.2222222222222222e-07
Al_degrader_E4_E3,21.57,1.7777777777777777e-06
Al_degrader_E4_E3,21.63,1.7777777777777777e-06
Al_degrader_E4_E3,21.689999999999998,1.3333333333333334e-06
Al_degrader_E4_E3,21.75,2.666666666666667e-06
Al_degrader_E4_E3,21.81,5.888888888888889e-06
Al_degrader_E4_E3,21.869999999999997,7.333333333333333e-06
Al_degrader_E4_E3,21.93,1.2666666666666667e-05
Al_degrader_E4_E3,21.990000000000002,1.5888888888888887e-05
Al_degrader_E4_E3,22.049999999999997,1.8777777777777777e-05
Al_degrader_E4_E3,22.11,3.922222222222222e-05
Al_degrader_E4_E3,22.17,5.011111111111111e-05
Al_degrader_E4_E3,22.229999999999997,7.433333333333333e-05
Al_degrader_E4_E3,22.29,0.00010033333333333334
Al_degrader_E4_E3,22.35,0.00014122222222222222
Al_degrader_E4_E3,22.409999999999997,0.00019144444444444444
Al_degrader_E4_E3,22.47,0.0002578888888888889
Al_degrader_E4_E3,22.53,0.00033633333333333334
Al_degrader_E4_E3,22.589999999999996,0.00044322222222222224
Al_degrader_E4_E3,22.65,0.0005778888888888889
Al_degrader_E4_E3,22.71,0.0007645555555555555
Al_degrader_E4_E3,22.77,0.0009627777777777778
Al_degrader_E4_E3,22.83,0.0011812222222222222
Al_degrader_E4_E3,22.89,0.0015055555555555556
Al_degrader_E4_E3,22.95,0.0018653333333333334
Al_degrader_E4_E3,23.009999999999998,0.0022844444444444444
Al_degrader_E4_E3,23.07,0.002771888888888889
Al_degrader_E4_E3,23.13,0.003286
Al_degrader_E4_E3,23.189999999999998,0.003963777777777778
Al_degrader_E4_E3,23.25,0.004629555555555555
Al_degrader_E4_E3,23.31,0.005396
Al_degrader_E4_E3,23.369999999999997,0.0061716666666666664
Al_degrader_E4_E3,23.43,0.007045222222222222
Al_degrader_E4_E3,23.490000000000002,0.00802
Al_degrader_E4_E3,23.549999999999997,0.008982
Al_degrader_E4_E3,23.61,0.010023333333333334
Al_degrader_E4_E3,23.67,0.010967222222222222
Al_degrader_E4_E3,23.729999999999997,0.012057888888888889
Al_degrader_E4_E3,23.79,0.013082333333333333
Al_degrader_E4_E3,23.85,0.014070333333333334
Al_degrader_E4_E3,23.909999999999997,0.015112777777777777
Al_degrader_E4_E3,23.97,0.015935333333333333
Al_degrader_E4_E3,24.03,0.01698511111111111
Al_degrader_E4_E3,24.089999999999996,0.017717666666666666
Al_degrader_E4_E3,24.15,0.018504777777777776
Al_degrader_E4_E3,24.21,0.01929788888888889
Al_degrader_E4_E3,24.27,0.019885777777777777
Al_degrader_E4_E3,24.33,0.020467666666666665
Al_degrader_E4_E3,24.39,0.020875555555555557
Al_degrader_E4_E3,24.45,0.021395777777777777
Al_degrader_E4_E3,24.509999999999998,0.02177288888888889
Al_degrader_E4_E3,24.57,0.022150333333333334
Al_degrader_E4_E3,24.63,0.02236988888888889
Al_degrader_E4_E3,24.689999999999998,0.022576333333333334
Al_degrader_E4_E3,24.75,0.022781333333333334
Al_degrader_E4_E3,24.81,0.022981111111111112
Al_degrader_E4_E3,24.869999999999997,0.023093444444444444
Al_degrader_E4_E3,24.93,0.023166444444444444
Al_degrader_E4_E3,24.990000000000002,0.023231333333333333
Al_degrader_E4_E3,25.049999999999997,0.023287111111111113
Al_degrader_E4_E3,25.11,0.023293444444444443
Al_degrader_E4_E3,25.17,0.023252
Al_degrader_E4_E3,25.229999999999997,0.023160333333333335
Al_degrader_E4_E3,25.29,0.023079555555555555
Al_degrader_E4_E3,25.35,0.02292988888888889
Al_degrader_E4_E3,25.409999999999997,0.022768666666666666
Al_degrader_E4_E3,25.47,0.022470444444444446
Al_degrader_E4_E3,25.53,0.02208188888888889
Al_degrader_E4_E3,25.589999999999996,0.021678333333333334
Al_degrader_E4_E3,25.65,0.021221666666666666
Al_degrader_E4_E3,25.71,0.020681222222222222
Al_degrader_E4_E3,25.77,0.019941888888888887
Al_degrader_E4_E3,25.83,0.019187
Al_degrader_E4_E3,25.89,0.01839977777777778
Al_degrader_E4_E3,25.95,0.017449222222222224
Al_degrader_E4_E3,26.009999999999998,0.016499666666666666
Al_degrader_E4_E3,26.07,0.015368777777777778
Al_degrader_E4_E3,26.13,0.014268222222222222
Al_degrader_E4_E3,26.189999999999998,0.013129
Al_degrader_E4_E3,26.25,0.012029222222222222
Al_degrader_E4_E3,26.31,0.010771777777777778
Al_degrader_E4_E3,26.369999999999997,0.009668777777777778
Al_degrader_E4_E3,26.43,0.008563222222222222
Al_degrader_E4_E3,26.49,0.00752
Al_degrader_E4_E3,26.549999999999997,0.0064581111111111115
Al_degrader_E4_E3,26.61,0.005537222222222222
Al_degrader_E4_E3,26.67,0.004691555555555556
Al_degrader_E4_E3,26.729999999999997,0.003882888888888889
Al_degrader_E4_E3,26.79,0.003252888888888889
Al_degrader_E4_E3,26.85,0.002636
Al_degrader_E4_E3,26.909999999999997,0.0021568888888888887
Al_degrader_E4_E3,26.97,0.0016954444444444445
Al_degrader_E4_E3,27.03,0.0013358888888888888
Al_degrader_E4_E3,27.089999999999996,0.0010394444444444444
Al_degrader_E4_E3,27.15,0.000819
Al_degrader_E4_E3,27.21,0.0006036666666666666
Al_degrader_E4_E3,27.27,0.00044644444444444446
Al_degrader_E4_E3,27.33,0.0003353333333333333
Al_degrader_E4_E3,27.39,0.00024366666666666666
Al_degrader_E4_E3,27.45,0.00017433333333333333
Al_degrader_E4_E3,27.509999999999998,0.00011977777777777777
Al_degrader_E4_E3,27.57,8.477777777777778e-05
Al_degrader_E4_E3,27.63,5.844444444444444e-05
Al_degrader_E4_E3,27.689999999999998,3.988888888888889e-05
Al_degrader_E4_E3,27.75,2.688888888888889e-05
Al_degrader_E4_E3,27.81,1.7777777777777777e-05
Al_degrader_E4_E3,27.869999999999997,9.777777777777777e-06
Al_degrader_E4_E3,27.93,7e-06
Al_degrader_E4_E3,27.99,4.222222222222222e-06
Al_degrader_E4_E3,28.049999999999997,2.777777777777778e-06
Al_degrader_E4_E3,28.11,2.111111111111111e-06
Al_degrader_E4_E3,28.17,6.666666666666667e-07
Al_degrader_E4_E3,28.229999999999997,4.4444444444444444e-07
Al_degrader_E4_E3,28.29,7.777777777777778e-07
Al_degrader_E4_E3,28.35,1.1111111111111111e-07
Al_degrader_E4_E3,28.409999999999997,3.3333333333333335e-07
Al_degrader_E4_E3,28.47,1.1111111111111111e-07
Al_degrader_E4_E3,28.53,1.1111111111111111e-07
Ni10,20.85,3.3333333333333335e-07
Ni10,20.909999999999997,6.666666666666667e-07
Ni10,20.97,3.3333333333333335e-07
Ni10,21.03,1.3333333333333334e-06
Ni10,21.089999999999996,2.333333333333333e-06
Ni10,21.15,1.3333333333333334e-06
Ni10,21.21,6.333333333333333e-06
Ni10,21.27,5.333333333333334e-06
Ni10,21.33,6e-06
Ni10,21.39,1.4333333333333334e-05
Ni10,21.45,2.1e-05
Ni10,21.509999999999998,2.5666666666666666e-05
Ni10,21.57,4.766666666666667e-05
Ni10,21.63,6.3e-05
Ni10,21.689999999999998,8.066666666666667e-05
Ni10,21.75,0.00014266666666666667
Ni10,21.81,0.00019
Ni10,21.869999999999997,0.000271
Ni10,21.93,0.00039433333333333334
Ni10,21.990000000000002,0.0005393333333333333
Ni10,22.049999999999997,0.0007183333333333333
Ni10,22.11,0.0009816666666666667
Ni10,22.17,0.001306
Ni10,22.229999999999997,0.001691
Ni10,22.29,0.0021973333333333333
Ni10,22.35,0.002889333333333333
Ni10,22.409999999999997,0.003612666666666667
Ni10,22.47,0.004452
Ni10,22.53,0.005672666666666667
Ni10,22.589999999999996,0.006963
Ni10,22.65,0.008344333333333334
Ni10,22.71,0.010230333333333333
Ni10,22.77,0.012149666666666666
Ni10,22.83,0.014247
Ni10,22.89,0.016678
Ni10,22.95,0.019163333333333334
Ni10,23.009999999999998,0.021758666666666666
Ni10,23.07,0.024514333333333332
Ni10,23.13,0.027191333333333335
Ni10,23.189999999999998,0.02997966666666667
Ni10,23.25,0.03263666666666667
Ni10,23.31,0.034991
Ni10,23.369999999999997,0.037214
Ni10,23.43,0.039259333333333334
Ni10,23.490000000000002,0.040643
Ni10,23.549999999999997,0.041824
Ni10,23.61,0.04266866666666667
Ni10,23.67,0.042735
Ni10,23.729999999999997,0.042488
Ni10,23.79,0.04162433333333333
Ni10,23.85,0.04059633333333333
Ni10,23.909999999999997,0.03890966666666667
Ni10,23.97,0.03670366666666667
Ni10,24.03,0.03466366666666667
Ni10,24.089999999999996,0.031987666666666664
Ni10,24.15,0.029222666666666668
Ni10,24.21,0.026484666666666667
Ni10,24.27,0.023827
Ni10,24.33,0.020825333333333335
Ni10,24.39,0.018198666666666665
Ni10,24.45,0.015725
Ni10,24.509999999999998,0.013444666666666667
Ni10,24.57,0.011345
Ni10,24.63,0.009412
Ni10,24.689999999999998,0.007807666666666667
Ni10,24.75,0.006281
Ni10,24.81,0.005132333333333333
Ni10,24.869999999999997,0.004065666666666667
Ni10,24.93,0.0031523333333333334
Ni10,24.990000000000002,0.002512
Ni10,25.049999999999997,0.001885
Ni10,25.11,0.001432
Ni10,25.17,0.001054
Ni10,25.229999999999997,0.0007956666666666666
Ni10,25.29,0.000585
Ni10,25.35,0.000403
Ni10,25.409999999999997,0.00028066666666666664
Ni10,25.47,0.00021233333333333334
Ni10,25.53,0.00014566666666666667
Ni10,25.589999999999996,8.833333333333333e-05
Ni10,25.65,7.033333333333334e-05
Ni10,25.71,3.6666666666666666e-05
Ni10,25.77,2.5e-05
Ni10,25.83,2.1e-05
Ni10,25.89,9.333333333333333e-06
Ni10,25.95,7.333333333333333e-06
Ni10,26.009999999999998,4.666666666666666e-06
Ni10,26.07,1.3333333333333334e-06
Ni10,26.13,3.6666666666666666e-06
Ni10,26.189999999999998,1.3333333333333334e-06
Ni10,26.25,6.666666666666667e-07
Ni10,26.31,1.3333333333333334e-06
Ni10,26.369999999999997,0.0
Ni10,26.43,3.3333333333333335e-07
Sn10,20.729999999999997,3.3333333333333335e-07
Sn10,20.79,1e-06
Sn10,20.85,1.3333333333333334e-06
Sn10,20.909999999999997,1.6666666666666667e-06
Sn10,20.97,2.666666666666667e-06
Sn10,21.03,3.6666666666666666e-06
Sn10,21.089999999999996,7.333333333333333e-06
Sn10,21.15,1.0666666666666667e-05
Sn10,21.21,1.2666666666666667e-05
Sn10,21.27,1.4e-05
Sn10,21.33,2.7e-05
Sn10,21.39,4.4666666666666664e-05
Sn10,21.45,6.433333333333333e-05
Sn10,21.509999999999998,9.666666666666667e-05
Sn10,21.57,0.000125
Sn10,21.63,0.000183
Sn10,21.689999999999998,0.00028133333333333336
Sn10,21.75,0.0004006666666666667
Sn10,21.81,0.0005596666666666666
Sn10,21.869999999999997,0.0007866666666666666
Sn10,21.93,0.001054
Sn10,21.990000000000002,0.0014123333333333334
Sn10,22.049999999999997,0.001819
Sn10,22.11,0.002361666666666667
Sn10,22.17,0.00301
Sn10,22.229999999999997,0.003882333333333333
Sn10,22.29,0.004962
Sn10,22.35,0.006135666666666667
Sn10,22.409999999999997,0.0074986666666666665
Sn10,22.47,0.00916
Sn10,22.53,0.011101666666666666
Sn10,22.589999999999996,0.013186
Sn10,22.65,0.015549333333333333
Sn10,22.71,0.018195
Sn10,22.77,0.020978666666666666
Sn10,22.83,0.023786666666666668
Sn10,22.89,0.026653333333333334
Sn10,22.95,0.029351666666666668
Sn10,23.009999999999998,0.032053
Sn10,23.07,0.03480166666666667
Sn10,23.13,0.03721066666666667
Sn10,23.189999999999998,0.03941466666666667
Sn10,23.25,0.041338
Sn10,23.31,0.042673333333333334
Sn10,23.369999999999997,0.04360233333333333
Sn10,23.43,0.04374733333333333
Sn10,23.490000000000002,0.043409333333333334
Sn10,23.549999999999997,0.042913
Sn10,23.61,0.04182533333333333
Sn10,23.67,0.040071333333333334
Sn10,23.729999999999997,0.03793966666666666
Sn10,23.79,0.035836
Sn10,23.85,0.033336333333333336
Sn10,23.909999999999997,0.03021
Sn10,23.97,0.0271
Sn10,24.03,0.024186333333333334
Sn10,24.089999999999996,0.021404666666666666
Sn10,24.15,0.018609666666666667
Sn10,24.21,0.015996333333333335
Sn10,24.27,0.013586666666666667
Sn10,24.33,0.011439666666666667
Sn10,24.39,0.009371
Sn10,24.45,0.007747
Sn10,24.509999999999998,0.006262
Sn10,24.57,0.005079666666666666
Sn10,24.63,0.003986666666666667
Sn10,24.689999999999998,0.0031076666666666666
Sn10,24.75,0.0023643333333333333
Sn10,24.81,0.0018516666666666666
Sn10,24.869999999999997,0.0013573333333333334
Sn10,24.93,0.0010003333333333333
Sn10,24.990000000000002,0.0007186666666666667
Sn10,25.049999999999997,0.0005266666666666667
Sn10,25.11,0.0003936666666666667
Sn10,25.17,0.000261
Sn10,25.229999999999997,0.000184
Sn10,25.29,0.000127
Sn10,25.35,8.233333333333333e-05
Sn10,25.409999999999997,5.3666666666666666e-05
Sn10,25.47,3.633333333333333e-05
Sn10,25.53,2.1333333333333335e-05
Sn10,25.589999999999996,1.3666666666666667e-05
Sn10,25.65,7.666666666666667e-06
Sn10,25.71,5e-06
Sn10,25.77,4.666666666666666e-06
Sn10,25.83,3.3333333333333333e-06
Sn10,25.89,2.333333333333333e-06
Sn10,25.95,1.6666666666666667e-06
Sn10,26.009999999999998,1e-06
Sn10,26.07,3.3333333333333335e-07
Sn10,26.13,3.3333333333333335e-07
Ta10,20.43,3.3333333333333335e-07
Ta10,20.490000000000002,6.666666666666667e-07
Ta10,20.549999999999997,3.3333333333333335e-07
Ta10,20.61,1e-06
Ta10,20.67,2.666666666666667e-06
Ta10,20.729999999999997,1.6666666666666667e-06
Ta10,20.79,6.666666666666667e-06
Ta10,20.85,5.666666666666667e-06
Ta10,20.909999999999997,6.666666666666667e-06
Ta10,20.97,1.4e-05
Ta10,21.03,2.0666666666666666e-05
Ta10,21.089999999999996,2.9e-05
Ta10,21.15,4.433333333333333e-05
Ta10,21.21,6.533333333333333e-05
Ta10,21.27,7.666666666666667e-05
Ta10,21.33,0.00014566666666666667
Ta10,21.39,0.000189
Ta10,21.45,0.0002626666666666667
Ta10,21.509999999999998,0.00039966666666666666
Ta10,21.57,0.000513
Ta10,21.63,0.0007453333333333333
Ta10,21.689999999999998,0.000981
Ta10,21.75,0.0012803333333333334
Ta10,21.81,0.001667
Ta10,21.869999999999997,0.0022006666666666667
Ta10,21.93,0.0028196666666666665
Ta10,21.990000000000002,0.003575
Ta10,22.049999999999997,0.0044473333333333335
Ta10,22.11,0.005575333333333333
Ta10,22.17,0.006867333333333333
Ta10,22.229999999999997,0.008312333333333333
Ta10,22.29,0.010063
Ta10,22.35,0.011954
Ta10,22.409999999999997,0.014156
Ta10,22.47,0.016545666666666667
Ta10,22.53,0.018956333333333332
Ta10,22.589999999999996,0.021685
Ta10,22.65,0.024213333333333333
Ta10,22.71,0.027161
Ta10,22.77,0.029675666666666666
Ta10,22.83,0.032356
Ta10,22.89,0.03479
Ta10,22.95,0.03702833333333334
Ta10,23.009999999999998,0.039036
Ta10,23.07,0.040548
Ta10,23.13,0.041699
Ta10,23.189999999999998,0.042493333333333334
Ta10,23.25,0.04278066666666667
Ta10,23.31,0.04249033333333333
Ta10,23.369999999999997,0.041605
Ta10,23.43,0.04052466666666667
Ta10,23.490000000000002,0.038899333333333334
Ta10,23.549999999999997,0.037119
Ta10,23.61,0.034736666666666666
Ta10,23.67,0.03211
Ta10,23.729999999999997,0.029442666666666666
Ta10,23.79,0.026705
Ta10,23.85,0.023938333333333332
Ta10,23.909999999999997,0.021048666666666667
Ta10,23.97,0.018484
Ta10,24.03,0.015904333333333333
Ta10,24.089999999999996,0.013592666666666666
Ta10,24.15,0.011505666666666668
Ta10,24.21,0.009534333333333334
Ta10,24.27,0.007933333333333334
Ta10,24.33,0.006471333333333333
Ta10,24.39,0.005212
Ta10,24.45,0.004174666666666667
Ta10,24.509999999999998,0.0032346666666666665
Ta10,24.57,0.0025926666666666667
Ta10,24.63,0.0019406666666666667
Ta10,24.689999999999998,0.0014876666666666667
Ta10,24.75,0.0010963333333333333
Ta10,24.81,0.0008346666666666667
Ta10,24.869999999999997,0.0005916666666666667
Ta10,24.93,0.00042533333333333334
Ta10,24.990000000000002,0.00030333333333333335
Ta10,25.049999999999997,0.000215
Ta10,25.11,0.00015933333333333332
Ta10,25.17,9.166666666666667e-05
Ta10,25.229999999999997,7.366666666666666e-05
Ta10,25.29,4.133333333333333e-05
Ta10,25.35,2.7666666666666667e-05
Ta10,25.409999999999997,2.0333333333333334e-05
Ta10,25.47,1.1666666666666666e-05
Ta10,25.53,6.333333333333333e-06
Ta10,25.589999999999996,5.666666666666667e-06
Ta10,25.65,2.666666666666667e-06
Ta10,25.71,2.666666666666667e-06
Ta10,25.77,2.333333333333333e-06
Ta10,25.83,3.3333333333333335e-07
Ta10,25.89,1.3333333333333334e-06
Ta10,25.95,3.3333333333333335e-07
Ta10,26.009999999999998,3.3333333333333335e-07
Cu10,20.07,3.3333333333333335e-07
Cu10,20.13,6.666666666666667e-07
Cu10,20.189999999999998,3.3333333333333335e-07
Cu10,20.25,1e-06
Cu10,20.31,2.333333333333333e-06
Cu10,20.369999999999997,1.3333333333333334e-06
Cu10,20.43,5.666666666666667e-06
Cu10,20.490000000000002,6.666666666666667e-06
Cu10,20.549999999999997,4.666666666666666e-06
Cu10,20.61,1.2333333333333333e-05
Cu10,20.67,1.9666666666666666e-05
Cu10,20.729999999999997,2.3666666666666668e-05
Cu10,20.79,3.8e-05
Cu10,20.85,6.333333333333333e-05
Cu10,20.909999999999997,6.5e-05
Cu10,20.97,0.00011033333333333334
Cu10,21.03,0.000179
Cu10,21.089999999999996,0.00021333333333333333
Cu10,21.15,0.0003353333333333333
Cu10,21.21,0.000463
Cu10,21.27,0.0005976666666666667
Cu10,21.33,0.0008533333333333333
Cu10,21.39,0.0011033333333333333
Cu10,21.45,0.0014303333333333334
Cu10,21.509999999999998,0.001872
Cu10,21.57,0.0024373333333333335
Cu10,21.63,0.0030863333333333333
Cu10,21.689999999999998,0.003853333333333333
Cu10,21.75,0.004783333333333333
Cu10,21.81,0.005932333333333334
Cu10,21.869999999999997,0.007284333333333334
Cu10,21.93,0.008754666666666666
Cu10,21.990000000000002,0.010527333333333333
Cu10,22.049999999999997,0.012465
Cu10,22.11,0.014606333333333334
Cu10,22.17,0.016962333333333333
Cu10,22.229999999999997,0.019393666666666667
Cu10,22.29,0.021867666666666667
Cu10,22.35,0.024586333333333335
Cu10,22.409999999999997,0.027199
Cu10,22.47,0.029776666666666667
Cu10,22.53,0.032394
Cu10,22.589999999999996,0.03463133333333333
Cu10,22.65,0.03675333333333333
Cu10,22.71,0.038815333333333334
Cu10,22.77,0.039996333333333335
Cu10,22.83,0.04113033333333333
Cu10,22.89,0.041869
Cu10,22.95,0.042096666666666664
Cu10,23.009999999999998,0.041787
Cu10,23.07,0.040896666666666665
Cu10,23.13,0.03987966666666667
Cu10,23.189999999999998,0.038393
Cu10,23.25,0.03639233333333333
Cu10,23.31,0.034276666666666664
Cu10,23.369999999999997,0.031747
Cu10,23.43,0.029041666666666667
Cu10,23.490000000000002,0.026447
Cu10,23.549999999999997,0.023847666666666666
Cu10,23.61,0.020917666666666668
Cu10,23.67,0.018400666666666666
Cu10,23.729999999999997,0.016037
Cu10,23.79,0.013634
Cu10,23.85,0.011673666666666667
Cu10,23.909999999999997,0.009653
Cu10,23.97,0.008142666666666666
Cu10,24.03,0.006606666666666667
Cu10,24.089999999999996,0.005349666666666667
Cu10,24.15,0.004299666666666667
Cu10,24.21,0.0033713333333333334
Cu10,24.27,0.0027156666666666666
Cu10,24.33,0.002045
Cu10,24.39,0.0015636666666666668
Cu10,24.45,0.0011923333333333334
Cu10,24.509999999999998,0.0008796666666666666
Cu10,24.57,0.0006473333333333333
Cu10,24.63,0.0004693333333333333
Cu10,24.689999999999998,0.000336
Cu10,24.75,0.000241
Cu10,24.81,0.00017633333333333333
Cu10,24.869999999999997,0.00010733333333333333
Cu10,24.93,7.533333333333334e-05
Cu10,24.990000000000002,5.966666666666667e-05
Cu10,25.049999999999997,2.8333333333333332e-05
Cu10,25.11,2.2333333333333332e-05
Cu10,25.17,1.4e-05
Cu10,25.229999999999997,8e-06
Cu10,25.29,7.333333333333333e-06
Cu10,25.35,3.6666666666666666e-06
Cu10,25.409999999999997,1.6666666666666667e-06
Cu10,25.47,3.3333333333333333e-06
Cu10,25.53,1e-06
Cu10,25.589999999999996,1e-06
Cu10,25.65,6.666666666666667e-07
Cu10,25.71,0.0
Cu10,25.77,3.3333333333333335e-07
Al_degrader_E6_E5,17.25,9.090909090909091e-08
Al_degrader_E6_E5,17.310000000000002,2.7272727272727274e-07
Al_degrader_E6_E5,17.369999999999997,0.0
Al_degrader_E6_E5,17.43,1.8181818181818183e-07
Al_degrader_E6_E5,17.490000000000002,4.545454545454545e-07
Al_degrader_E6_E5,17.549999999999997,2.7272727272727274e-07
Al_degrader_E6_E5,17.61,9.09090909090909e-07
Al_degrader_E6_E5,17.67,1.2727272727272728e-06
Al_degrader_E6_E5,17.729999999999997,1.1818181818181818e-06
Al_degrader_E6_E5,17.79,1.4545454545454546e-06
Al_degrader_E6_E5,17.85,2.4545454545454544e-06
Al_degrader_E6_E5,17.909999999999997,4.909090909090909e-06
Al_degrader_E6_E5,17.97,6.363636363636363e-06
Al_degrader_E6_E5,18.03,7.454545454545455e-06
Al_degrader_E6_E5,18.09,1.190909090909091e-05
Al_degrader_E6_E5,18.15,1.3181818181818183e-05
Al_degrader_E6_E5,18.21,2.090909090909091e-05
Al_degrader_E6_E5,18.27,3.254545454545455e-05
Al_degrader_E6_E5,18.33,3.9e-05
Al_degrader_E6_E5,18.39,5.809090909090909e-05
Al_degrader_E6_E5,18.45,7.3e-05
Al_degrader_E6_E5,18.509999999999998,0.00010245454545454545
Al_degrader_E6_E5,18.57,0.00013545454545454546
Al_degrader_E6_E5,18.63,0.000168
Al_degrader_E6_E5,18.689999999999998,0.00022672727272727273
Al_degrader_E6_E5,18.75,0.00027709090909090907
Al_degrader_E6_E5,18.81,0.00036145454545454545
Al_degrader_E6_E5,18.869999999999997,0.00045654545454545454
Al_degrader_E6_E5,18.93,0.0005763636363636364
Al_degrader_E6_E5,18.990000000000002,0.000712
Al_degrader_E6_E5,19.049999999999997,0.0008620909090909091
Al_degrader_E6_E5,19.11,0.0010689090909090909
Al_degrader_E6_E5,19.17,0.001298
Al_degrader_E6_E5,19.229999999999997,0.0015861818181818182
Al_degrader_E6_E5,19.29,0.0018745454545454545
Al_degrader_E6_E5,19.35,0.002202181818181818
Al_degrader_E6_E5,19.409999999999997,0.0026240909090909093
Al_degrader_E6_E5,19.47,0.0031015454545454545
Al_degrader_E6_E5,19.53,0.003577727272727273
Al_degrader_E6_E5,19.59,0.004085909090909091
Al_degrader_E6_E5,19.65,0.004690727272727273
Al_degrader_E6_E5,19.71,0.0052826363636363635
Al_degrader_E6_E5,19.77,0.006028272727272728
Al_degrader_E6_E5,19.83,0.006695
Al_degrader_E6_E5,19.89,0.007438090909090909
Al_degrader_E6_E5,19.95,0.008220454545454545
Al_degrader_E6_E5,20.009999999999998,0.009038272727272728
Al_degrader_E6_E5,20.07,0.009883818181818181
Al_degrader_E6_E5,20.13,0.010655
Al_degrader_E6_E5,20.189999999999998,0.01148490909090909
Al_degrader_E6_E5,20.25,0.012249272727272727
Al_degrader_E6_E5,20.31,0.013123727272727273
Al_degrader_E6_E5,20.369999999999997,0.013862363636363636
Al_degrader_E6_E5,20.43,0.014648
Al_degrader_E6_E5,20.490000000000002,0.015296
Al_degrader_E6_E5,20.549999999999997,0.015961636363636365
Al_degrader_E6_E5,20.61,0.016657454545454545
Al_degrader_E6_E5,20.67,0.017276636363636362
Al_degrader_E6_E5,20.729999999999997,0.017801454545454544
Al_degrader_E6_E5,20.79,0.018139363636363637
Al_degrader_E6_E5,20.85,0.01872281818181818
Al_degrader_E6_E5,20.909999999999997,0.01910209090909091
Al_degrader_E6_E5,20.97,0.019471
Al_degrader_E6_E5,21.03,0.01969627272727273
Al_degrader_E6_E5,21.089999999999996,0.019994454545454544
Al_degrader_E6_E5,21.15,0.020265727272727272
Al_degrader_E6_E5,21.21,0.02052981818181818
Al_degrader_E6_E5,21.27,0.020602545454545453
Al_degrader_E6_E5,21.33,0.02072609090909091
Al_degrader_E6_E5,21.39,0.020907181818181818
Al_degrader_E6_E5,21.45,0.021039181818181818
Al_degrader_E6_E5,21.509999999999998,0.021116
Al_degrader_E6_E5,21.57,0.021032545454545453
Al_degrader_E6_E5,21.63,0.021166818181818182
Al_degrader_E6_E5,21.689999999999998,0.021181454545454545
Al_degrader_E6_E5,21.75,0.021130090909090907
Al_degrader_E6_E5,21.81,0.020977727272727273
Al_degrader_E6_E5,21.869999999999997,0.020966272727272726
Al_degrader_E6_E5,21.93,0.02086618181818182
Al_degrader_E6_E5,21.990000000000002,0.020718363636363635
Al_degrader_E6_E5,22.049999999999997,0.020394363636363638
Al_degrader_E6_E5,22.11,0.02015281818181818
Al_degrader_E6_E5,22.17,0.019884363636363638
Al_degrader_E6_E5,22.229999999999997,0.019533545454545456
Al_degrader_E6_E5,22.29,0.018983727272727274
Al_degrader_E6_E5,22.35,0.018449090909090908
Al_degrader_E6_E5,22.409999999999997,0.017958363636363637
Al_degrader_E6_E5,22.47,0.017352909090909092
Al_degrader_E6_E5,22.53,0.016593545454545455
Al_degrader_E6_E5,22.589999999999996,0.015741454545454545
Al_degrader_E6_E5,22.65,0.015042181818181817
Al_degrader_E6_E5,22.71,0.014202454545454546
Al_degrader_E6_E5,22.77,0.013249909090909092
Al_degrader_E6_E5,22.83,0.012229181818181818
Al_degrader_E6_E5,22.89,0.011359272727272727
Al_degrader_E6_E5,22.95,0.010450454545454546
Al_degrader_E6_E5,23.009999999999998,0.009471727272727272
Al_degrader_E6_E5,23.07,0.008474272727272728
Al_degrader_E6_E5,23.13,0.007611181818181818
Al_degrader_E6_E5,23.189999999999998,0.006769181818181818
Al_degrader_E6_E5,23.25,0.005930636363636364
Al_degrader_E6_E5,23.31,0.005141272727272727
Al_degrader_E6_E5,23.369999999999997,0.004423181818181818
Al_degrader_E6_E5,23.43,0.003775090909090909
Al_degrader_E6_E5,23.490000000000002,0.003205727272727273
Al_degrader_E6_E5,23.549999999999997,0.0026837272727272725
Al_degrader_E6_E5,23.61,0.002210818181818182
Al_degrader_E6_E5,23.67,0.0018180909090909092
Al_degrader_E6_E5,23.729999999999997,0.0015018181818181819
Al_degrader_E6_E5,23.79,0.0011872727272727274
Al_degrader_E6_E5,23.85,0.0009442727272727273
Al_degrader_E6_E5,23.909999999999997,0.0007425454545454545
Al_degrader_E6_E5,23.97,0.0005962727272727273
Al_degrader_E6_E5,24.03,0.00045136363636363635
Al_degrader_E6_E5,24.089999999999996,0.0003322727272727273
Al_degrader_E6_E5,24.15,0.00025827272727272727
Al_degrader_E6_E5,24.21,0.00019609090909090908
Al_degrader_E6_E5,24.27,0.00014245454545454546
Al_degrader_E6_E5,24.33,9.645454545454546e-05
Al_degrader_E6_E5,24.39,7.236363636363636e-05
Al_degrader_E6_E5,24.45,5.5545454545454543e-05
Al_degrader_E6_E5,24.509999999999998,3.6e-05
Al_degrader_E6_E5,24.57,2.481818181818182e-05
Al_degrader_E6_E5,24.63,1.690909090909091e-05
Al_degrader_E6_E5,24.689999999999998,1.2727272727272727e-05
Al_degrader_E6_E5,24.75,6.636363636363637e-06
Al_degrader_E6_E5,24.81,5.272727272727273e-06
Al_degrader_E6_E5,24.869999999999997,2.818181818181818e-06
Al_degrader_E6_E5,24.93,2.2727272727272728e-06
Al_degrader_E6_E5,24.990000000000002,1.7272727272727273e-06
Al_degrader_E6_E5,25.049999999999997,5.454545454545455e-07
Al_degrader_E6_E5,25.11,5.454545454545455e-07
Al_degrader_E6_E5,25.17,5.454545454545455e-07
Al_degrader_E6_E5,25.229999999999997,2.7272727272727274e-07
Al_degrader_E6_E5,25.29,1.8181818181818183e-07
Al_degrader_E6_E5,25.35,1.8181818181818183e-07
Al_degrader_E6_E5,25.409999999999997,0.0
Al_degrader_E6_E5,25.47,9.090909090909091e-08
Ni11,16.77,3.3333333333333335e-07
Ni11,16.83,3.3333333333333335e-07
Ni11,16.89,6.666666666666667e-07
Ni11,16.95,3.3333333333333335e-07
Ni11,17.009999999999998,1e-06
Ni11,17.07,2.333333333333333e-06
Ni11,17.13,1e-06
Ni11,17.189999999999998,5e-06
Ni11,17.25,5e-06
Ni11,17.310000000000002,4.333333333333333e-06
Ni11,17.369999999999997,7.666666666666667e-06
Ni11,17.43,1.2333333333333333e-05
Ni11,17.490000000000002,1.9e-05
Ni11,17.549999999999997,2.3e-05
Ni11,17.61,3.5e-05
Ni11,17.67,5.5333333333333334e-05
Ni11,17.729999999999997,5.433333333333333e-05
Ni11,17.79,8.366666666666666e-05
Ni11,17.85,0.00013566666666666667
Ni11,17.909999999999997,0.00016366666666666667
Ni11,17.97,0.00022533333333333333
Ni11,18.03,0.00031966666666666667
Ni11,18.09,0.000425
Ni11,18.15,0.00053
Ni11,18.21,0.0007073333333333334
Ni11,18.27,0.0009156666666666666
Ni11,18.33,0.0011476666666666666
Ni11,18.39,0.001457
Ni11,18.45,0.0018113333333333334
Ni11,18.509999999999998,0.002302666666666667
Ni11,18.57,0.002830333333333333
Ni11,18.63,0.0034506666666666666
Ni11,18.689999999999998,0.004164333333333333
Ni11,18.75,0.005114333333333334
Ni11,18.81,0.006087666666666667
Ni11,18.869999999999997,0.007108333333333334
Ni11,18.93,0.008533666666666667
Ni11,18.990000000000002,0.009971333333333334
Ni11,19.049999999999997,0.011538
Ni11,19.11,0.013198666666666666
Ni11,19.17,0.015055333333333334
Ni11,19.229999999999997,0.017051
Ni11,19.29,0.019028333333333335
Ni11,19.35,0.021092666666666666
Ni11,19.409999999999997,0.023219
Ni11,19.47,0.0254
Ni11,19.53,0.027377
Ni11,19.59,0.029460666666666666
Ni11,19.65,0.031148666666666668
Ni11,19.71,0.032884333333333335
Ni11,19.77,0.03448433333333333
Ni11,19.83,0.03553566666666667
Ni11,19.89,0.03652933333333333
Ni11,19.95,0.037299
Ni11,20.009999999999998,0.037592
Ni11,20.07,0.037651333333333335
Ni11,20.13,0.03721233333333333
Ni11,20.189999999999998,0.036553333333333334
Ni11,20.25,0.03573866666666667
Ni11,20.31,0.034451
Ni11,20.369999999999997,0.032787666666666666
Ni11,20.43,0.031162
Ni11,20.490000000000002,0.029309333333333333
Ni11,20.549999999999997,0.027131333333333334
Ni11,20.61,0.025015666666666665
Ni11,20.67,0.022946666666666667
Ni11,20.729999999999997,0.020802333333333332
Ni11,20.79,0.018412
Ni11,20.85,0.016387333333333334
Ni11,20.909999999999997,0.014481666666666667
Ni11,20.97,0.012580666666666667
Ni11,21.03,0.010881666666666666
Ni11,21.089999999999996,0.009253666666666667
Ni11,21.15,0.007889666666666666
Ni11,21.21,0.006633666666666667
Ni11,21.27,0.005467666666666667
Ni11,21.33,0.004586333333333334
Ni11,21.39,0.0037203333333333333
Ni11,21.45,0.002959
Ni11,21.509999999999998,0.0024343333333333335
Ni11,21.57,0.001894
Ni11,21.63,0.00148
Ni11,21.689999999999998,0.0011773333333333334
Ni11,21.75,0.0008666666666666666
Ni11,21.81,0.000686
Ni11,21.869999999999997,0.0005106666666666666
Ni11,21.93,0.000376
Ni11,21.990000000000002,0.000261
Ni11,22.049999999999997,0.00020633333333333333
Ni11,22.11,0.00016233333333333334
Ni11,22.17,9.333333333333333e-05
Ni11,22.229999999999997,7.133333333333334e-05
Ni11,22.29,5.8e-05
Ni11,22.35,3.0333333333333333e-05
Ni11,22.409999999999997,2.0333333333333334e-05
Ni11,22.47,2e-05
Ni11,22.53,8.333333333333334e-06
Ni11,22.589999999999996,6.666666666666667e-06
Ni11,22.65,6e-06
Ni11,22.71,1.6666666666666667e-06
Ni11,22.77,2.333333333333333e-06
Ni11,22.83,2.666666666666667e-06
Ni11,22.89,6.666666666666667e-07
Ni11,22.95,1e-06
Ni11,23.009999999999998,6.666666666666667e-07
Ni11,23.07,0.0
Ni11,23.13,3.3333333333333335e-07
Sn11,16.65,3.3333333333333335e-07
Sn11,16.71,6.666666666666667e-07
Sn11,16.77,1.3333333333333334e-06
Sn11,16.83,1.3333333333333334e-06
Sn11,16.89,1.6666666666666667e-06
Sn11,16.95,2.666666666666667e-06
Sn11,17.009999999999998,3e-06
Sn11,17.07,6.666666666666667e-06
Sn11,17.13,9.333333333333333e-06
Sn11,17.189999999999998,1.0333333333333333e-05
Sn11,17.25,1.1333333333333334e-05
Sn11,17.310000000000002,1.4333333333333334e-05
Sn11,17.369999999999997,2.7333333333333335e-05
Sn11,17.43,3.9666666666666664e-05
Sn11,17.490000000000002,5.833333333333333e-05
Sn11,17.549999999999997,8.2e-05
Sn11,17.61,0.000103
Sn11,17.67,0.00013433333333333334
Sn11,17.729999999999997,0.000187
Sn11,17.79,0.00026566666666666666
Sn11,17.85,0.00036533333333333334
Sn11,17.909999999999997,0.0004823333333333333
Sn11,17.97,0.000649
Sn11,18.03,0.000841
Sn11,18.09,0.0010873333333333334
Sn11,18.15,0.001379
Sn11,18.21,0.001713
Sn11,18.27,0.002131333333333333
Sn11,18.33,0.002644333333333333
Sn11,18.39,0.0032773333333333335
Sn11,18.45,0.004051666666666667
Sn11,18.509999999999998,0.004947333333333333
Sn11,18.57,0.005883
Sn11,18.63,0.007023
Sn11,18.689999999999998,0.008370333333333334
Sn11,18.75,0.009836
Sn11,18.81,0.011443666666666666
Sn11,18.869999999999997,0.013182333333333334
Sn11,18.93,0.015166666666666667
Sn11,18.990000000000002,0.017277333333333332
Sn11,19.049999999999997,0.019435666666666667
Sn11,19.11,0.021543333333333334
Sn11,19.17,0.023667666666666667
Sn11,19.229999999999997,0.025809666666666668
Sn11,19.29,0.027907333333333333
Sn11,19.35,0.029985
Sn11,19.409999999999997,0.03189
Sn11,19.47,0.033736
Sn11,19.53,0.035278333333333335
Sn11,19.59,0.03659
Sn11,19.65,0.037610333333333336
Sn11,19.71,0.038271
Sn11,19.77,0.03836266666666667
Sn11,19.83,0.038262333333333336
Sn11,19.89,0.03780466666666667
Sn11,19.95,0.03721133333333333
Sn11,20.009999999999998,0.03617633333333333
Sn11,20.07,0.034633
Sn11,20.13,0.03295466666666667
Sn11,20.189999999999998,0.03137433333333333
Sn11,20.25,0.029405333333333332
Sn11,20.31,0.026989666666666665
Sn11,20.369999999999997,0.024599333333333334
Sn11,20.43,0.022301666666666668
Sn11,20.490000000000002,0.020090333333333335
Sn11,20.549999999999997,0.017867666666666667
Sn11,20.61,0.015777
Sn11,20.67,0.013820333333333334
Sn11,20.729999999999997,0.011892333333333333
Sn11,20.79,0.01023
Sn11,20.85,0.008642333333333333
Sn11,20.909999999999997,0.007232
Sn11,20.97,0.006063
Sn11,21.03,0.005032333333333333
Sn11,21.089999999999996,0.004096333333333333
Sn11,21.15,0.0033266666666666666
Sn11,21.21,0.0026626666666666665
Sn11,21.27,0.0020766666666666668
Sn11,21.33,0.0016723333333333334
Sn11,21.39,0.0012976666666666666
Sn11,21.45,0.000965
Sn11,21.509999999999998,0.0007243333333333333
Sn11,21.57,0.0005486666666666667
Sn11,21.63,0.0004206666666666667
Sn11,21.689999999999998,0.00031033333333333336
Sn11,21.75,0.000222
Sn11,21.81,0.00016266666666666667
Sn11,21.869999999999997,0.00011433333333333334
Sn11,21.93,7.833333333333333e-05
Sn11,21.990000000000002,5.1e-05
Sn11,22.049999999999997,3.433333333333333e-05
Sn11,22.11,2.7e-05
Sn11,22.17,1.7e-05
Sn11,22.229999999999997,1.0333333333333333e-05
Sn11,22.29,6.333333333333333e-06
Sn11,22.35,3e-06
Sn11,22.409999999999997,4.333333333333333e-06
Sn11,22.47,3.3333333333333333e-06
Sn11,22.53,2e-06
Sn11,22.589999999999996,2e-06
Sn11,22.65,6.666666666666667e-07
Sn11,22.71,6.666666666666667e-07
Sn11,22.77,6.666666666666667e-07
Ta11,16.29,3.3333333333333335e-07
Ta11,16.35,6.666666666666667e-07
Ta11,16.409999999999997,3.3333333333333335e-07
Ta11,16.47,6.666666666666667e-07
Ta11,16.53,1e-06
Ta11,16.59,2.333333333333333e-06
Ta11,16.65,1.3333333333333334e-06
Ta11,16.71,5e-06
Ta11,16.77,6.666666666666667e-06
Ta11,16.83,3e-06
Ta11,16.89,9.333333333333333e-06
Ta11,16.95,1.3333333333333333e-05
Ta11,17.009999999999998,1.6666666666666667e-05
Ta11,17.07,2.6e-05
Ta11,17.13,3.5e-05
Ta11,17.189999999999998,4.966666666666667e-05
Ta11,17.25,6.133333333333334e-05
Ta11,17.310000000000002,8.166666666666667e-05
Ta11,17.369999999999997,0.00013733333333333333
Ta11,17.43,0.00016266666666666667
Ta11,17.490000000000002,0.00022133333333333334
Ta11,17.549999999999997,0.0003223333333333333
Ta11,17.61,0.00040366666666666665
Ta11,17.67,0.0005253333333333334
Ta11,17.729999999999997,0.0007136666666666667
Ta11,17.79,0.0008883333333333333
Ta11,17.85,0.001146
Ta11,17.909999999999997,0.0014103333333333333
Ta11,17.97,0.001796
Ta11,18.03,0.00223
Ta11,18.09,0.0027953333333333333
Ta11,18.15,0.003363333333333333
Ta11,18.21,0.004047333333333333
Ta11,18.27,0.004958333333333334
Ta11,18.33,0.005910333333333333
Ta11,18.39,0.006988
Ta11,18.45,0.008252
Ta11,18.509999999999998,0.009705
Ta11,18.57,0.011133666666666667
Ta11,18.63,0.012928666666666666
Ta11,18.689999999999998,0.014756666666666666
Ta11,18.75,0.016588666666666668
Ta11,18.81,0.018630666666666667
Ta11,18.869999999999997,0.020583
Ta11,18.93,0.022781333333333334
Ta11,18.990000000000002,0.024835333333333334
Ta11,19.049999999999997,0.026786666666666667
Ta11,19.11,0.028889333333333333
Ta11,19.17,0.030583333333333334
Ta11,19.229999999999997,0.03234033333333333
Ta11,19.29,0.033994
Ta11,19.35,0.03514766666666667
Ta11,19.409999999999997,0.036187333333333335
Ta11,19.47,0.03692033333333333
Ta11,19.53,0.03723766666666667
Ta11,19.59,0.037476666666666665
Ta11,19.65,0.037326333333333336
Ta11,19.71,0.036433
Ta11,19.77,0.03563733333333333
Ta11,19.83,0.03465
Ta11,19.89,0.033102
Ta11,19.95,0.031525
Ta11,20.009999999999998,0.029605333333333334
Ta11,20.07,0.027663666666666666
Ta11,20.13,0.025501
Ta11,20.189999999999998,0.023414
Ta11,20.25,0.021317
Ta11,20.31,0.018972666666666665
Ta11,20.369999999999997,0.016907666666666668
Ta11,20.43,0.015009
Ta11,20.490000000000002,0.013061666666666666
Ta11,20.549999999999997,0.011382666666666666
Ta11,20.61,0.009781
Ta11,20.67,0.008214666666666667
Ta11,20.729999999999997,0.00702
Ta11,20.79,0.0058906666666666664
Ta11,20.85,0.004808
Ta11,20.909999999999997,0.004026
Ta11,20.97,0.0032116666666666665
Ta11,21.03,0.0026116666666666667
Ta11,21.089999999999996,0.0020913333333333335
Ta11,21.15,0.0015883333333333333
Ta11,21.21,0.0013123333333333333
Ta11,21.27,0.000972
Ta11,21.33,0.000774
Ta11,21.39,0.000557
Ta11,21.45,0.00041733333333333336
Ta11,21.509999999999998,0.000321
Ta11,21.57,0.000239
Ta11,21.63,0.000172
Ta11,21.689999999999998,0.00011966666666666667
Ta11,21.75,8.233333333333333e-05
Ta11,21.81,6.566666666666667e-05
Ta11,21.869999999999997,3.933333333333333e-05
Ta11,21.93,2.5333333333333334e-05
Ta11,21.990000000000002,1.9e-05
Ta11,22.049999999999997,1.2333333333333333e-05
Ta11,22.11,8.333333333333334e-06
Ta11,22.17,6e-06
Ta11,22.229999999999997,4e-06
Ta11,22.29,2.666666666666667e-06
Ta11,22.35,2e-06
Ta11,22.409999999999997,2.333333333333333e-06
Ta11,22.47,3.3333333333333335e-07
Ta11,22.53,1.3333333333333334e-06
Ta11,22.589999999999996,3.3333333333333335e-07
Ta11,22.65,0.0
Ta11,22.71,3.3333333333333335e-07
Cu11,15.87,3.3333333333333335e-07
Cu11,15.93,6.666666666666667e-07
Cu11,15.989999999999998,3.3333333333333335e-07
Cu11,16.049999999999997,3.3333333333333335e-07
Cu11,16.11,1e-06
Cu11,16.17,2.666666666666667e-06
Cu11,16.229999999999997,6.666666666666667e-07
Cu11,16.29,3.6666666666666666e-06
Cu11,16.35,6e-06
Cu11,16.409999999999997,4.666666666666666e-06
Cu11,16.47,6e-06
Cu11,16.53,1.2e-05
Cu11,16.59,1.8333333333333333e-05
Cu11,16.65,1.9e-05
Cu11,16.71,2.966666666666667e-05
Cu11,16.77,4.9e-05
Cu11,16.83,5.0333333333333335e-05
Cu11,16.89,6.366666666666666e-05
Cu11,16.95,0.00011633333333333333
Cu11,17.009999999999998,0.00015133333333333334
Cu11,17.07,0.000175
Cu11,17.13,0.0002666666666666667
Cu11,17.189999999999998,0.00035266666666666666
Cu11,17.25,0.0004423333333333333
Cu11,17.310000000000002,0.00059
Cu11,17.369999999999997,0.0007593333333333333
Cu11,17.43,0.0009593333333333333
Cu11,17.490000000000002,0.0011963333333333333
Cu11,17.549999999999997,0.0015123333333333334
Cu11,17.61,0.0018713333333333334
Cu11,17.67,0.0023443333333333333
Cu11,17.729999999999997,0.0028423333333333334
Cu11,17.79,0.0034646666666666667
Cu11,17.85,0.004171333333333333
Cu11,17.909999999999997,0.005030666666666667
Cu11,17.97,0.005998333333333333
Cu11,18.03,0.0070016666666666665
Cu11,18.09,0.008340666666666666
Cu11,18.15,0.009691666666666666
Cu11,18.21,0.011083
Cu11,18.27,0.012777333333333333
Cu11,18.33,0.014537666666666667
Cu11,18.39,0.016366666666666668
Cu11,18.45,0.018275
Cu11,18.509999999999998,0.020198333333333332
Cu11,18.57,0.022217
Cu11,18.63,0.024339333333333334
Cu11,18.689999999999998,0.026120333333333332
Cu11,18.75,0.028135666666666666
Cu11,18.81,0.029871
Cu11,18.869999999999997,0.031574
Cu11,18.93,0.03308133333333333
Cu11,18.990000000000002,0.03428333333333333
Cu11,19.049999999999997,0.03538033333333333
Cu11,19.11,0.036073666666666664
Cu11,19.17,0.036543
Cu11,19.229999999999997,0.036728333333333335
Cu11,19.29,0.03658733333333333
Cu11,19.35,0.035988
Cu11,19.409999999999997,0.035371
Cu11,19.47,0.034382
Cu11,19.53,0.032908
Cu11,19.59,0.031509
Cu11,19.65,0.029848666666666666
Cu11,19.71,0.027889666666666667
Cu11,19.77,0.025826
Cu11,19.83,0.02384966666666667
Cu11,19.89,0.021887
Cu11,19.95,0.019611
Cu11,20.009999999999998,0.017574
Cu11,20.07,0.015675333333333333
Cu11,20.13,0.013751
Cu11,20.189999999999998,0.012026
Cu11,20.25,0.010446666666666667
Cu11,20.31,0.008895333333333333
Cu11,20.369999999999997,0.007622
Cu11,20.43,0.0064
Cu11,20.490000000000002,0.005298333333333334
Cu11,20.549999999999997,0.004447666666666667
Cu11,20.61,0.0036523333333333334
Cu11,20.67,0.0029076666666666665
Cu11,20.729999999999997,0.0024303333333333334
Cu11,20.79,0.001877
Cu11,20.85,0.0014856666666666666
Cu11,20.909999999999997,0.0011863333333333333
Cu11,20.97,0.0008813333333333334
Cu11,21.03,0.0007056666666666666
Cu11,21.089999999999996,0.0005283333333333333
Cu11,21.15,0.0003863333333333333
Cu11,21.21,0.00028566666666666665
Cu11,21.27,0.000216
Cu11,21.33,0.00016933333333333332
Cu11,21.39,0.00010533333333333334
Cu11,21.45,8e-05
Cu11,21.509999999999998,6.0333333333333334e-05
Cu11,21.57,3.5333333333333336e-05
Cu11,21.63,2.4666666666666665e-05
Cu11,21.689999999999998,1.9e-05
Cu11,21.75,1.0666666666666667e-05
Cu11,21.81,7.666666666666667e-06
Cu11,21.869999999999997,6.333333333333333e-06
Cu11,21.93,4e-06
Cu11,21.990000000000002,2e-06
Cu11,22.049999999999997,2.333333333333333e-06
Cu11,22.11,2e-06
Cu11,22.17,3.3333333333333335e-07
Cu11,22.229999999999997,1e-06
Cu11,22.29,6.666666666666667e-07
Cu11,22.35,0.0
Cu11,22.409999999999997,3.3333333333333335e-07
Al_degrader_E8_E7,12.329999999999998,6.666666666666667e-08
Al_degrader_E8_E7,12.39,6.666666666666667e-08
Al_degrader_E8_E7,12.45,1.3333333333333334e-07
Al_degrader_E8_E7,12.51,0.0
Al_degrader_E8_E7,12.57,2e-07
Al_degrader_E8_E7,12.629999999999999,6.666666666666667e-08
Al_degrader_E8_E7,12.69,4.6666666666666666e-07
Al_degrader_E8_E7,12.75,1.3333333333333334e-07
Al_degrader_E8_E7,12.809999999999999,5.333333333333333e-07
Al_degrader_E8_E7,12.870000000000001,8.666666666666667e-07
Al_degrader_E8_E7,12.93,9.333333333333333e-07
Al_degrader_E8_E7,12.989999999999998,6e-07
Al_degrader_E8_E7,13.05,8.666666666666667e-07
Al_degrader_E8_E7,13.11,2.1333333333333334e-06
Al_degrader_E8_E7,13.169999999999998,2.4e-06
Al_degrader_E8_E7,13.23,3.3333333333333333e-06
Al_degrader_E8_E7,13.29,3.8e-06
Al_degrader_E8_E7,13.35,5.466666666666666e-06
Al_degrader_E8_E7,13.41,8e-06
Al_degrader_E8_E7,13.469999999999999,9.333333333333333e-06
Al_degrader_E8_E7,13.53,1.0266666666666666e-05
Al_degrader_E8_E7,13.59,1.4733333333333333e-05
Al_degrader_E8_E7,13.649999999999999,2.24e-05
Al_degrader_E8_E7,13.71,2.7933333333333332e-05
Al_degrader_E8_E7,13.77,3.08e-05
Al_degrader_E8_E7,13.829999999999998,4.3933333333333335e-05
Al_degrader_E8_E7,13.89,5.5066666666666666e-05
Al_degrader_E8_E7,13.95,7.44e-05
Al_degrader_E8_E7,14.009999999999998,8.46e-05
Al_degrader_E8_E7,14.07,0.00011213333333333334
Al_degrader_E8_E7,14.129999999999999,0.0001386
Al_degrader_E8_E7,14.19,0.00017153333333333335
Al_degrader_E8_E7,14.25,0.00020306666666666668
Al_degrader_E8_E7,14.309999999999999,0.0002483333333333333
Al_degrader_E8_E7,14.37,0.00030386666666666666
Al_degrader_E8_E7,14.43,0.0003754
Al_degrader_E8_E7,14.489999999999998,0.00044866666666666666
Al_degrader_E8_E7,14.55,0.0005279333333333333
Al_degrader_E8_E7,14.61,0.0006337333333333333
Al_degrader_E8_E7,14.669999999999998,0.0007459333333333333
Al_degrader_E8_E7,14.73,0.0008950666666666667
Al_degrader_E8_E7,14.79,0.0010413333333333333
Al_degrader_E8_E7,14.85,0.0012192
Al_degrader_E8_E7,14.91,0.0014062666666666667
Al_degrader_E8_E7,14.969999999999999,0.0016478666666666668
Al_degrader_E8_E7,15.03,0.0018828
Al_degrader_E8_E7,15.09,0.002167866666666667
Al_degrader_E8_E7,15.149999999999999,0.0024678666666666667
Al_degrader_E8_E7,15.21,0.0028100666666666667
Al_degrader_E8_E7,15.27,0.003151866666666667
Al_degrader_E8_E7,15.329999999999998,0.0035483333333333335
Al_degrader_E8_E7,15.39,0.003955666666666666
Al_degrader_E8_E7,15.45,0.004408733333333333
Al_degrader_E8_E7,15.509999999999998,0.004869333333333333
Al_degrader_E8_E7,15.57,0.0053585333333333336
Al_degrader_E8_E7,15.629999999999999,0.005876933333333333
Al_degrader_E8_E7,15.69,0.006434333333333334
Al_degrader_E8_E7,15.75,0.006993066666666666
Al_degrader_E8_E7,15.809999999999999,0.007541333333333333
Al_degrader_E8_E7,15.87,0.008129
Al_degrader_E8_E7,15.93,0.008747466666666667
Al_degrader_E8_E7,15.989999999999998,0.009333133333333334
Al_degrader_E8_E7,16.049999999999997,0.0098992
Al_degrader_E8_E7,16.11,0.0104966
Al_degrader_E8_E7,16.17,0.0111038
Al_degrader_E8_E7,16.229999999999997,0.011664666666666667
Al_degrader_E8_E7,16.29,0.012214066666666667
Al_degrader_E8_E7,16.35,0.012769133333333333
Al_degrader_E8_E7,16.409999999999997,0.0132922
Al_degrader_E8_E7,16.47,0.0137862
Al_degrader_E8_E7,16.53,0.014276533333333334
Al_degrader_E8_E7,16.59,0.014720666666666667
Al_degrader_E8_E7,16.65,0.015145066666666667
Al_degrader_E8_E7,16.71,0.0155016
Al_degrader_E8_E7,16.77,0.0159106
Al_degrader_E8_E7,16.83,0.016251266666666667
Al_degrader_E8_E7,16.89,0.0165076
Al_degrader_E8_E7,16.95,0.016792133333333334
Al_degrader_E8_E7,17.009999999999998,0.017068333333333335
Al_degrader_E8_E7,17.07,0.017290133333333332
Al_degrader_E8_E7,17.13,0.0174944
Al_degrader_E8_E7,17.189999999999998,0.017672333333333335
Al_degrader_E8_E7,17.25,0.017867
Al_degrader_E8_E7,17.310000000000002,0.0179872
Al_degrader_E8_E7,17.369999999999997,0.018094133333333335
Al_degrader_E8_E7,17.43,0.018208733333333334
Al_degrader_E8_E7,17.490000000000002,0.018326866666666667
Al_degrader_E8_E7,17.549999999999997,0.018359133333333333
Al_degrader_E8_E7,17.61,0.018433266666666667
Al_degrader_E8_E7,17.67,0.0184686
Al_degrader_E8_E7,17.729999999999997,0.018519333333333332
Al_degrader_E8_E7,17.79,0.018477866666666665
Al_degrader_E8_E7,17.85,0.0184876
Al_degrader_E8_E7,17.909999999999997,0.018447666666666668
Al_degrader_E8_E7,17.97,0.0183578
Al_degrader_E8_E7,18.03,0.018289266666666668
Al_degrader_E8_E7,18.09,0.018157666666666666
Al_degrader_E8_E7,18.15,0.0180404
Al_degrader_E8_E7,18.21,0.017806733333333335
Al_degrader_E8_E7,18.27,0.0176136
Al_degrader_E8_E7,18.33,0.017360333333333332
Al_degrader_E8_E7,18.39,0.017019866666666668
Al_degrader_E8_E7,18.45,0.0167052
Al_degrader_E8_E7,18.509999999999998,0.01631406666666667
Al_degrader_E8_E7,18.57,0.015867866666666668
Al_degrader_E8_E7,18.63,0.015395266666666668
Al_degrader_E8_E7,18.689999999999998,0.0148986
Al_degrader_E8_E7,18.75,0.014314733333333333
Al_degrader_E8_E7,18.81,0.013730066666666667
Al_degrader_E8_E7,18.869999999999997,0.013092933333333334
Al_degrader_E8_E7,18.93,0.01245
Al_degrader_E8_E7,18.990000000000002,0.0117146
Al_degrader_E8_E7,19.049999999999997,0.011015466666666666
Al_degrader_E8_E7,19.11,0.010301066666666667
Al_degrader_E8_E7,19.17,0.009549666666666666
Al_degrader_E8_E7,19.229999999999997,0.008831133333333333
Al_degrader_E8_E7,19.29,0.0081292
Al_degrader_E8_E7,19.35,0.007372666666666666
Al_degrader_E8_E7,19.409999999999997,0.006701533333333333
Al_degrader_E8_E7,19.47,0.006023733333333333
Al_degrader_E8_E7,19.53,0.005406933333333333
Al_degrader_E8_E7,19.59,0.004759133333333334
Al_degrader_E8_E7,19.65,0.004195133333333333
Al_degrader_E8_E7,19.71,0.0036865333333333332
Al_degrader_E8_E7,19.77,0.0031763333333333335
Al_degrader_E8_E7,19.83,0.0027677333333333332
Al_degrader_E8_E7,19.89,0.0023602666666666665
Al_degrader_E8_E7,19.95,0.001981866666666667
Al_degrader_E8_E7,20.009999999999998,0.0016950666666666666
Al_degrader_E8_E7,20.07,0.0014106
Al_degrader_E8_E7,20.13,0.0011513333333333334
Al_degrader_E8_E7,20.189999999999998,0.0009686
Al_degrader_E8_E7,20.25,0.0007860666666666666
Al_degrader_E8_E7,20.31,0.0006263333333333333
Al_degrader_E8_E7,20.369999999999997,0.0005162
Al_degrader_E8_E7,20.43,0.00040153333333333335
Al_degrader_E8_E7,20.490000000000002,0.0003133333333333333
Al_degrader_E8_E7,20.549999999999997,0.00025506666666666667
Al_degrader_E8_E7,20.61,0.0001884
Al_degrader_E8_E7,20.67,0.00014806666666666667
Al_degrader_E8_E7,20.729999999999997,0.0001118
Al_degrader_E8_E7,20.79,8.44e-05
Al_degrader_E8_E7,20.85,6.126666666666666e-05
Al_degrader_E8_E7,20.909999999999997,4.5333333333333335e-05
Al_degrader_E8_E7,20.97,3.593333333333333e-05
Al_degrader_E8_E7,21.03,2.4333333333333333e-05
Al_degrader_E8_E7,21.089999999999996,1.62e-05
Al_degrader_E8_E7,21.15,1.3333333333333333e-05
Al_degrader_E8_E7,21.21,8.6e-06
Al_degrader_E8_E7,21.27,5.2e-06
Al_degrader_E8_E7,21.33,4.133333333333333e-06
Al_degrader_E8_E7,21.39,2.8e-06
Al_degrader_E8_E7,21.45,1.8666666666666667e-06
Al_degrader_E8_E7,21.509999999999998,1.2e-06
Al_degrader_E8_E7,21.57,1.0666666666666667e-06
Al_degrader_E8_E7,21.63,3.3333333333333335e-07
Al_degrader_E8_E7,21.689999999999998,4.6666666666666666e-07
Al_degrader_E8_E7,21.75,4.6666666666666666e-07
Al_degrader_E8_E7,21.81,1.3333333333333334e-07
Al_degrader_E8_E7,21.869999999999997,2e-07
Al_degrader_E8_E7,21.93,1.3333333333333334e-07
Al_degrader_E8_E7,21.990000000000002,0.0
Al_degrader_E8_E7,22.049999999999997,6.666666666666667e-08
Ni12,11.73,3.3333333333333335e-07
Ni12,11.79,0.0
Ni12,11.85,6.666666666666667e-07
Ni12,11.91,3.3333333333333335e-07
Ni12,11.969999999999999,3.3333333333333335e-07
Ni12,12.03,6.666666666666667e-07
Ni12,12.09,1.3333333333333334e-06
Ni12,12.149999999999999,1.6666666666666667e-06
Ni12,12.21,6.666666666666667e-07
Ni12,12.27,2.666666666666667e-06
Ni12,12.329999999999998,5e-06
Ni12,12.39,4.333333333333333e-06
Ni12,12.45,3e-06
Ni12,12.51,5.666666666666667e-06
Ni12,12.57,1e-05
Ni12,12.629999999999999,1.3666666666666667e-05
Ni12,12.69,1.6e-05
Ni12,12.75,1.7e-05
Ni12,12.809999999999999,2.6e-05
Ni12,12.870000000000001,3.8333333333333334e-05
Ni12,12.93,4.433333333333333e-05
Ni12,12.989999999999998,4.766666666666667e-05
Ni12,13.05,6.7e-05
Ni12,13.11,0.00010333333333333333
Ni12,13.169999999999998,0.00012733333333333333
Ni12,13.23,0.00013766666666666666
Ni12,13.29,0.00019766666666666666
Ni12,13.35,0.00025633333333333335
Ni12,13.41,0.0003243333333333333
Ni12,13.469999999999999,0.0003803333333333333
Ni12,13.53,0.00048
Ni12,13.59,0.000596
Ni12,13.649999999999999,0.0007373333333333333
Ni12,13.71,0.0008833333333333333
Ni12,13.77,0.0010433333333333334
Ni12,13.829999999999998,0.0012876666666666666
Ni12,13.89,0.0015333333333333334
Ni12,13.95,0.0018716666666666667
Ni12,14.009999999999998,0.0022143333333333333
Ni12,14.07,0.0026033333333333334
Ni12,14.129999999999999,0.002978666666666667
Ni12,14.19,0.003572
Ni12,14.25,0.004170333333333333
Ni12,14.309999999999999,0.004831666666666666
Ni12,14.37,0.005477666666666666
Ni12,14.43,0.006313333333333333
Ni12,14.489999999999998,0.007272333333333333
Ni12,14.55,0.008274
Ni12,14.61,0.009322
Ni12,14.669999999999998,0.010372
Ni12,14.73,0.011659333333333334
Ni12,14.79,0.012957333333333333
Ni12,14.85,0.014303333333333333
Ni12,14.91,0.015607333333333334
Ni12,14.969999999999999,0.017070333333333333
Ni12,15.03,0.018474
Ni12,15.09,0.019938
Ni12,15.149999999999999,0.021429666666666666
Ni12,15.21,0.022825666666666668
Ni12,15.27,0.024225
Ni12,15.329999999999998,0.025376666666666665
Ni12,15.39,0.026754666666666666
Ni12,15.45,0.027797
Ni12,15.509999999999998,0.028860333333333335
Ni12,15.57,0.029529
Ni12,15.629999999999999,0.030335666666666667
Ni12,15.69,0.030901333333333333
Ni12,15.75,0.031204333333333334
Ni12,15.809999999999999,0.031365
Ni12,15.87,0.031294333333333334
Ni12,15.93,0.030984
Ni12,15.989999999999998,0.030639666666666666
Ni12,16.049999999999997,0.030028333333333334
Ni12,16.11,0.029341666666666665
Ni12,16.17,0.028248
Ni12,16.229999999999997,0.027125
Ni12,16.29,0.026013666666666668
Ni12,16.35,0.024732
Ni12,16.409999999999997,0.023256333333333334
Ni12,16.47,0.021692
Ni12,16.53,0.02023
Ni12,16.59,0.018797666666666667
Ni12,16.65,0.017214666666666666
Ni12,16.71,0.015578333333333333
Ni12,16.77,0.014079333333333333
Ni12,16.83,0.012782666666666666
Ni12,16.89,0.011302
Ni12,16.95,0.010129666666666667
Ni12,17.009999999999998,0.008919
Ni12,17.07,0.007749666666666667
Ni12,17.13,0.006781666666666667
Ni12,17.189999999999998,0.005878
Ni12,17.25,0.004995
Ni12,17.310000000000002,0.004264666666666667
Ni12,17.369999999999997,0.0036383333333333333
Ni12,17.43,0.003051
Ni12,17.490000000000002,0.002515
Ni12,17.549999999999997,0.002144
Ni12,17.61,0.001687
Ni12,17.67,0.001422
Ni12,17.729999999999997,0.001122
Ni12,17.79,0.000921
Ni12,17.85,0.000719
Ni12,17.909999999999997,0.0005733333333333334
Ni12,17.97,0.00046333333333333334
Ni12,18.03,0.0003423333333333333
Ni12,18.09,0.0002626666666666667
Ni12,18.15,0.0002
Ni12,18.21,0.000162
Ni12,18.27,0.00012566666666666667
Ni12,18.33,8.2e-05
Ni12,18.39,6.433333333333333e-05
Ni12,18.45,5.2333333333333336e-05
Ni12,18.509999999999998,3.2e-05
Ni12,18.57,2.0666666666666666e-05
Ni12,18.63,1.8333333333333333e-05
Ni12,18.689999999999998,1.3333333333333333e-05
Ni12,18.75,7.333333333333333e-06
Ni12,18.81,5.333333333333334e-06
Ni12,18.869999999999997,5.333333333333334e-06
Ni12,18.93,2.666666666666667e-06
Ni12,18.990000000000002,1e-06
Ni12,19.049999999999997,3e-06
Ni12,19.11,2e-06
Ni12,19.17,3.3333333333333335e-07
Ni12,19.229999999999997,1e-06
Ni12,19.29,3.3333333333333335e-07
Ni12,19.35,3.3333333333333335e-07
Ni12,19.409999999999997,0.0
Ni12,19.47,3.3333333333333335e-07
Sn12,11.61,3.3333333333333335e-07
Sn12,11.669999999999998,1e-06
Sn12,11.73,1e-06
Sn12,11.79,6.666666666666667e-07
Sn12,11.85,1.3333333333333334e-06
Sn12,11.91,1e-06
Sn12,11.969999999999999,2.666666666666667e-06
Sn12,12.03,2e-06
Sn12,12.09,3.3333333333333333e-06
Sn12,12.149999999999999,6.666666666666667e-06
Sn12,12.21,7.333333333333333e-06
Sn12,12.27,6.333333333333333e-06
Sn12,12.329999999999998,8.333333333333334e-06
Sn12,12.39,1.1333333333333334e-05
Sn12,12.45,1.1666666666666666e-05
Sn12,12.51,2.2666666666666668e-05
Sn12,12.57,3.0333333333333333e-05
Sn12,12.629999999999999,3.6666666666666666e-05
Sn12,12.69,5.2e-05
Sn12,12.75,6.666666666666667e-05
Sn12,12.809999999999999,7.433333333333333e-05
Sn12,12.870000000000001,9.166666666666667e-05
Sn12,12.93,0.00012433333333333334
Sn12,12.989999999999998,0.00017166666666666667
Sn12,13.05,0.00021266666666666667
Sn12,13.11,0.00027633333333333335
Sn12,13.169999999999998,0.00034733333333333334
Sn12,13.23,0.00042366666666666665
Sn12,13.29,0.0005563333333333334
Sn12,13.35,0.0006723333333333334
Sn12,13.41,0.000825
Sn12,13.469999999999999,0.0010086666666666666
Sn12,13.53,0.0011996666666666666
Sn12,13.59,0.0014316666666666666
Sn12,13.649999999999999,0.0017073333333333333
Sn12,13.71,0.0020026666666666665
Sn12,13.77,0.0024333333333333334
Sn12,13.829999999999998,0.0028936666666666668
Sn12,13.89,0.0033913333333333334
Sn12,13.95,0.004008333333333333
Sn12,14.009999999999998,0.0046036666666666665
Sn12,14.07,0.005295
Sn12,14.129999999999999,0.006099666666666666
Sn12,14.19,0.007043666666666667
Sn12,14.25,0.008048
Sn12,14.309999999999999,0.009129666666666666
Sn12,14.37,0.01022
Sn12,14.43,0.011462666666666666
Sn12,14.489999999999998,0.012880666666666667
Sn12,14.55,0.01428
Sn12,14.61,0.015675666666666668
Sn12,14.669999999999998,0.017138
Sn12,14.73,0.018675
Sn12,14.79,0.020029666666666668
Sn12,14.85,0.021523333333333332
Sn12,14.91,0.022957333333333333
Sn12,14.969999999999999,0.024352
Sn12,15.03,0.025682333333333335
Sn12,15.09,0.02701
Sn12,15.149999999999999,0.028264
Sn12,15.21,0.029255666666666666
Sn12,15.27,0.030153333333333334
Sn12,15.329999999999998,0.030938333333333335
Sn12,15.39,0.03152933333333333
Sn12,15.45,0.03176366666666667
Sn12,15.509999999999998,0.03185533333333333
Sn12,15.57,0.03170066666666667
Sn12,15.629999999999999,0.031485
Sn12,15.69,0.031113666666666668
Sn12,15.75,0.030471
Sn12,15.809999999999999,0.029622666666666665
Sn12,15.87,0.028552333333333332
Sn12,15.93,0.027365666666666667
Sn12,15.989999999999998,0.02631
Sn12,16.049999999999997,0.024972333333333332
Sn12,16.11,0.023444
Sn12,16.17,0.021756333333333332
Sn12,16.229999999999997,0.020080666666666667
Sn12,16.29,0.018503666666666668
Sn12,16.35,0.016963
Sn12,16.409999999999997,0.015405333333333333
Sn12,16.47,0.013878
Sn12,16.53,0.012464333333333332
Sn12,16.59,0.011125333333333333
Sn12,16.65,0.009809666666666666
Sn12,16.71,0.008599
Sn12,16.77,0.007460333333333334
Sn12,16.83,0.006461333333333334
Sn12,16.89,0.005582333333333333
Sn12,16.95,0.004749666666666667
Sn12,17.009999999999998,0.004068
Sn12,17.07,0.003422
Sn12,17.13,0.002861
Sn12,17.189999999999998,0.0023543333333333333
Sn12,17.25,0.0019286666666666666
Sn12,17.310000000000002,0.0016016666666666666
Sn12,17.369999999999997,0.0012903333333333334
Sn12,17.43,0.0010433333333333334
Sn12,17.490000000000002,0.0008136666666666666
Sn12,17.549999999999997,0.0006336666666666667
Sn12,17.61,0.0004916666666666666
Sn12,17.67,0.00039766666666666667
Sn12,17.729999999999997,0.00031133333333333333
Sn12,17.79,0.00023666666666666665
Sn12,17.85,0.00018066666666666668
Sn12,17.909999999999997,0.00013966666666666666
Sn12,17.97,0.00010533333333333334
Sn12,18.03,7.333333333333333e-05
Sn12,18.09,4.8333333333333334e-05
Sn12,18.15,3.6e-05
Sn12,18.21,2.9333333333333333e-05
Sn12,18.27,1.8666666666666665e-05
Sn12,18.33,1.4333333333333334e-05
Sn12,18.39,8e-06
Sn12,18.45,5.333333333333334e-06
Sn12,18.509999999999998,3.3333333333333333e-06
Sn12,18.57,4e-06
Sn12,18.63,4e-06
Sn12,18.689999999999998,2.333333333333333e-06
Sn12,18.75,1.3333333333333334e-06
Sn12,18.81,1.6666666666666667e-06
Sn12,18.869999999999997,1e-06
Sn12,18.93,6.666666666666667e-07
Sn12,18.990000000000002,3.3333333333333335e-07
Sn12,19.049999999999997,3.3333333333333335e-07
Ta12,11.129999999999999,3.3333333333333335e-07
Ta12,11.19,6.666666666666667e-07
Ta12,11.25,3.3333333333333335e-07
Ta12,11.309999999999999,0.0
Ta12,11.370000000000001,6.666666666666667e-07
Ta12,11.43,1.3333333333333334e-06
Ta12,11.489999999999998,1.6666666666666667e-06
Ta12,11.55,3.3333333333333335e-07
Ta12,11.61,2.666666666666667e-06
Ta12,11.669999999999998,4.666666666666666e-06
Ta12,11.73,3.6666666666666666e-06
Ta12,11.79,3e-06
Ta12,11.85,5.333333333333334e-06
Ta12,11.91,7.666666666666667e-06
Ta12,11.969999999999999,1e-05
Ta12,12.03,1.3e-05
Ta12,12.09,1.633333333333333e-05
Ta12,12.149999999999999,2.0666666666666666e-05
Ta12,12.21,2.8666666666666668e-05
Ta12,12.27,4.0333333333333336e-05
Ta12,12.329999999999998,4.066666666666667e-05
Ta12,12.39,5.133333333333333e-05
Ta12,12.45,7.2e-05
Ta12,12.51,0.00010633333333333333
Ta12,12.57,0.00012033333333333334
Ta12,12.629999999999999,0.00013733333333333333
Ta12,12.69,0.000206
Ta12,12.75,0.00026066666666666664
Ta12,12.809999999999999,0.00030733333333333334
Ta12,12.870000000000001,0.00036866666666666667
Ta12,12.93,0.0004906666666666667
Ta12,12.989999999999998,0.0005853333333333333
Ta12,13.05,0.0007153333333333333
Ta12,13.11,0.0008656666666666667
Ta12,13.169999999999998,0.0010416666666666667
Ta12,13.23,0.001231
Ta12,13.29,0.0014833333333333332
Ta12,13.35,0.001774
Ta12,13.41,0.0020946666666666666
Ta12,13.469999999999999,0.002491
Ta12,13.53,0.0028963333333333332
Ta12,13.59,0.003351
Ta12,13.649999999999999,0.003960666666666667
Ta12,13.71,0.004539333333333334
Ta12,13.77,0.005266
Ta12,13.829999999999998,0.006007
Ta12,13.89,0.006833333333333334
Ta12,13.95,0.007843
Ta12,14.009999999999998,0.00869
Ta12,14.07,0.0099
Ta12,14.129999999999999,0.011062666666666667
Ta12,14.19,0.012256333333333333
Ta12,14.25,0.013512666666666666
Ta12,14.309999999999999,0.014923
Ta12,14.37,0.016168333333333333
Ta12,14.43,0.017563
Ta12,14.489999999999998,0.019088666666666667
Ta12,14.55,0.020404666666666668
Ta12,14.61,0.021674666666666665
Ta12,14.669999999999998,0.023167
Ta12,14.73,0.024492666666666666
Ta12,14.79,0.025538666666666668
Ta12,14.85,0.026857333333333334
Ta12,14.91,0.027907666666666667
Ta12,14.969999999999999,0.028737
Ta12,15.03,0.029434333333333333
Ta12,15.09,0.030159333333333333
Ta12,15.149999999999999,0.030614666666666665
Ta12,15.21,0.030755
Ta12,15.27,0.030971666666666668
Ta12,15.329999999999998,0.030835
Ta12,15.39,0.030461
Ta12,15.45,0.029965666666666668
Ta12,15.509999999999998,0.029419333333333332
Ta12,15.57,0.028681333333333333
Ta12,15.629999999999999,0.027588666666666668
Ta12,15.69,0.026603
Ta12,15.75,0.025352333333333334
Ta12,15.809999999999999,0.023923333333333335
Ta12,15.87,0.022719666666666666
Ta12,15.93,0.021066666666666668
Ta12,15.989999999999998,0.019700666666666665
Ta12,16.049999999999997,0.018279
Ta12,16.11,0.016604666666666667
Ta12,16.17,0.015147
Ta12,16.229999999999997,0.013814666666666666
Ta12,16.29,0.012374333333333333
Ta12,16.35,0.011030333333333333
Ta12,16.409999999999997,0.00986
Ta12,16.47,0.008626333333333333
Ta12,16.53,0.007637
Ta12,16.59,0.006620333333333333
Ta12,16.65,0.005727
Ta12,16.71,0.004971666666666667
Ta12,16.77,0.004138
Ta12,16.83,0.0036043333333333335
Ta12,16.89,0.003037666666666667
Ta12,16.95,0.002467
Ta12,17.009999999999998,0.002141333333333333
Ta12,17.07,0.001728
Ta12,17.13,0.0013676666666666668
Ta12,17.189999999999998,0.0011613333333333332
Ta12,17.25,0.0009176666666666667
Ta12,17.310000000000002,0.0007246666666666666
Ta12,17.369999999999997,0.0005963333333333334
Ta12,17.43,0.00045733333333333335
Ta12,17.490000000000002,0.00034333333333333335
Ta12,17.549999999999997,0.00028933333333333334
Ta12,17.61,0.00020566666666666666
Ta12,17.67,0.00016333333333333334
Ta12,17.729999999999997,0.00013
Ta12,17.79,8.966666666666667e-05
Ta12,17.85,6.866666666666666e-05
Ta12,17.909999999999997,5.5e-05
Ta12,17.97,3.7e-05
Ta12,18.03,2.0666666666666666e-05
Ta12,18.09,1.8333333333333333e-05
Ta12,18.15,1.4666666666666666e-05
Ta12,18.21,9.666666666666667e-06
Ta12,18.27,5e-06
Ta12,18.33,5.666666666666667e-06
Ta12,18.39,3.3333333333333333e-06
Ta12,18.45,2e-06
Ta12,18.509999999999998,1.6666666666666667e-06
Ta12,18.57,2.666666666666667e-06
Ta12,18.63,1.3333333333333334e-06
Ta12,18.689999999999998,0.0
Ta12,18.75,1.3333333333333334e-06
Ta12,18.81,3.3333333333333335e-07
Ta12,18.869999999999997,0.0
Ta12,18.93,3.3333333333333335e-07
Cu12,10.53,3.3333333333333335e-07
Cu12,10.59,0.0
Cu12,10.649999999999999,6.666666666666667e-07
Cu12,10.71,3.3333333333333335e-07
Cu12,10.77,0.0
Cu12,10.829999999999998,1e-06
Cu12,10.89,6.666666666666667e-07
Cu12,10.95,2.333333333333333e-06
Cu12,11.01,3.3333333333333335e-07
Cu12,11.07,2.333333333333333e-06
Cu12,11.129999999999999,4e-06
Cu12,11.19,3.3333333333333333e-06
Cu12,11.25,3.6666666666666666e-06
Cu12,11.309999999999999,2.666666666666667e-06
Cu12,11.370000000000001,7e-06
Cu12,11.43,9.333333333333333e-06
Cu12,11.489999999999998,1.4333333333333334e-05
Cu12,11.55,1.2e-05
Cu12,11.61,1.8e-05
Cu12,11.669999999999998,2.5333333333333334e-05
Cu12,11.73,3.1e-05
Cu12,11.79,4.4e-05
Cu12,11.85,4.066666666666667e-05
Cu12,11.91,5.2e-05
Cu12,11.969999999999999,8.633333333333334e-05
Cu12,12.03,0.00011433333333333334
Cu12,12.09,0.000119
Cu12,12.149999999999999,0.00014933333333333332
Cu12,12.21,0.000215
Cu12,12.27,0.0002573333333333333
Cu12,12.329999999999998,0.000322
Cu12,12.39,0.00036766666666666664
Cu12,12.45,0.000486
Cu12,12.51,0.0005796666666666667
Cu12,12.57,0.0007046666666666667
Cu12,12.629999999999999,0.0008246666666666667
Cu12,12.69,0.0010066666666666666
Cu12,12.75,0.001194
Cu12,12.809999999999999,0.0014226666666666667
Cu12,12.870000000000001,0.001706
Cu12,12.93,0.002024
Cu12,12.989999999999998,0.0023276666666666667
Cu12,13.05,0.0027326666666666667
Cu12,13.11,0.003138
Cu12,13.169999999999998,0.0037123333333333335
Cu12,13.23,0.004241333333333333
Cu12,13.29,0.004912333333333334
Cu12,13.35,0.0055453333333333335
Cu12,13.41,0.006348333333333333
Cu12,13.469999999999999,0.007194333333333333
Cu12,13.53,0.008159
Cu12,13.59,0.009086333333333333
Cu12,13.649999999999999,0.010162333333333334
Cu12,13.71,0.011319333333333334
Cu12,13.77,0.012502666666666667
Cu12,13.829999999999998,0.013718666666666667
Cu12,13.89,0.014923666666666667
Cu12,13.95,0.016228666666666666
Cu12,14.009999999999998,0.017622666666666665
Cu12,14.07,0.018941
Cu12,14.129999999999999,0.020266
Cu12,14.19,0.021476
Cu12,14.25,0.022852333333333332
Cu12,14.309999999999999,0.024087666666666667
Cu12,14.37,0.025164
Cu12,14.43,0.026249333333333333
Cu12,14.489999999999998,0.027315
Cu12,14.55,0.027992
Cu12,14.61,0.028799
Cu12,14.669999999999998,0.029329
Cu12,14.73,0.029933333333333333
Cu12,14.79,0.029913333333333333
Cu12,14.85,0.030222333333333334
Cu12,14.91,0.030071333333333332
Cu12,14.969999999999999,0.029702333333333334
Cu12,15.03,0.029223666666666665
Cu12,15.09,0.028750333333333333
Cu12,15.149999999999999,0.028118333333333332
Cu12,15.21,0.027100333333333334
Cu12,15.27,0.026125666666666665
Cu12,15.329999999999998,0.025002666666666666
Cu12,15.39,0.023725666666666666
Cu12,15.45,0.022454666666666668
Cu12,15.509999999999998,0.021082
Cu12,15.57,0.019691
Cu12,15.629999999999999,0.018292666666666665
Cu12,15.69,0.016862
Cu12,15.75,0.015317
Cu12,15.809999999999999,0.013983666666666667
Cu12,15.87,0.012737666666666666
Cu12,15.93,0.011325666666666666
Cu12,15.989999999999998,0.010159
Cu12,16.049999999999997,0.009036
Cu12,16.11,0.008007
Cu12,16.17,0.0069166666666666664
Cu12,16.229999999999997,0.006164333333333333
Cu12,16.29,0.005273333333333333
Cu12,16.35,0.0045063333333333335
Cu12,16.409999999999997,0.003881
Cu12,16.47,0.0032773333333333335
Cu12,16.53,0.0027873333333333335
Cu12,16.59,0.0022743333333333335
Cu12,16.65,0.0019913333333333332
Cu12,16.71,0.001582
Cu12,16.77,0.0012883333333333334
Cu12,16.83,0.0010813333333333332
Cu12,16.89,0.0008596666666666667
Cu12,16.95,0.0006876666666666666
Cu12,17.009999999999998,0.0005456666666666666
Cu12,17.07,0.0004383333333333333
Cu12,17.13,0.0003263333333333333
Cu12,17.189999999999998,0.00026766666666666665
Cu12,17.25,0.00019666666666666666
Cu12,17.310000000000002,0.00015733333333333333
Cu12,17.369999999999997,0.000132
Cu12,17.43,8.233333333333333e-05
Cu12,17.490000000000002,6.766666666666667e-05
Cu12,17.549999999999997,5.133333333333333e-05
Cu12,17.61,3.633333333333333e-05
Cu12,17.67,2.1333333333333335e-05
Cu12,17.729999999999997,1.7e-05
Cu12,17.79,1.633333333333333e-05
Cu12,17.85,8e-06
Cu12,17.909999999999997,6.333333333333333e-06
Cu12,17.97,5.666666666666667e-06
Cu12,18.03,4e-06
Cu12,18.09,2e-06
Cu12,18.15,1e-06
Cu12,18.21,3e-06
Cu12,18.27,1e-06
Cu12,18.33,3.3333333333333335e-07
Cu12,18.39,1e-06
Cu12,18.45,6.666666666666667e-07
Cu12,18.509999999999998,0.0
Cu12,18.57,3.3333333333333335e-07
Al_degrader_E9,8.07,8.333333333333334e-08
Al_degrader_E9,8.129999999999999,0.0
Al_degrader_E9,8.19,8.333333333333334e-08
Al_degrader_E9,8.25,1.6666666666666668e-07
Al_degrader_E9,8.309999999999999,8.333333333333334e-08
Al_degrader_E9,8.370000000000001,0.0
Al_degrader_E9,8.43,1.6666666666666668e-07
Al_degrader_E9,8.489999999999998,3.3333333333333335e-07
Al_degrader_E9,8.55,1.6666666666666668e-07
Al_degrader_E9,8.61,3.3333333333333335e-07
Al_degrader_E9,8.67,2.5e-07
Al_degrader_E9,8.73,5.833333333333333e-07
Al_degrader_E9,8.79,6.666666666666667e-07
Al_degrader_E9,8.85,1.1666666666666666e-06
Al_degrader_E9,8.91,1e-06
Al_degrader_E9,8.969999999999999,1e-06
Al_degrader_E9,9.030000000000001,1.4166666666666667e-06
Al_degrader_E9,9.09,1.5833333333333333e-06
Al_degrader_E9,9.149999999999999,2.0833333333333334e-06
Al_degrader_E9,9.21,2.25e-06
Al_degrader_E9,9.27,4.5e-06
Al_degrader_E9,9.329999999999998,3.5e-06
Al_degrader_E9,9.39,5.0833333333333335e-06
Al_degrader_E9,9.45,6.25e-06
Al_degrader_E9,9.51,9.333333333333333e-06
Al_degrader_E9,9.57,1.0416666666666666e-05
Al_degrader_E9,9.629999999999999,1.0583333333333333e-05
Al_degrader_E9,9.69,1.5416666666666668e-05
Al_degrader_E9,9.75,1.7666666666666668e-05
Al_degrader_E9,9.809999999999999,2.5333333333333334e-05
Al_degrader_E9,9.870000000000001,2.6333333333333334e-05
Al_degrader_E9,9.93,3.425e-05
Al_degrader_E9,9.989999999999998,4.0833333333333334e-05
Al_degrader_E9,10.05,5.525e-05
Al_degrader_E9,10.11,6.408333333333334e-05
Al_degrader_E9,10.169999999999998,7.325e-05
Al_degrader_E9,10.23,9.816666666666666e-05
Al_degrader_E9,10.29,0.00011408333333333333
Al_degrader_E9,10.35,0.00013516666666666665
Al_degrader_E9,10.41,0.00015875
Al_degrader_E9,10.469999999999999,0.00019616666666666667
Al_degrader_E9,10.53,0.00023058333333333335
Al_degrader_E9,10.59,0.0002665
Al_degrader_E9,10.649999999999999,0.000314
Al_degrader_E9,10.71,0.00037808333333333335
Al_degrader_E9,10.77,0.00043
Al_degrader_E9,10.829999999999998,0.00051875
Al_degrader_E9,10.89,0.00060075
Al_degrader_E9,10.95,0.00069925
Al_degrader_E9,11.01,0.0008065
Al_degrader_E9,11.07,0.00092575
Al_degrader_E9,11.129999999999999,0.0010745833333333334
Al_degrader_E9,11.19,0.0012289166666666666
Al_degrader_E9,11.25,0.0014116666666666668
Al_degrader_E9,11.309999999999999,0.0016196666666666666
Al_degrader_E9,11.370000000000001,0.0018291666666666667
Al_degrader_E9,11.43,0.00207775
Al_degrader_E9,11.489999999999998,0.0023665
Al_degrader_E9,11.55,0.0026445
Al_degrader_E9,11.61,0.0029831666666666665
Al_degrader_E9,11.669999999999998,0.0033739166666666666
Al_degrader_E9,11.73,0.003730583333333333
Al_degrader_E9,11.79,0.004178416666666667
Al_degrader_E9,11.85,0.004633333333333333
Al_degrader_E9,11.91,0.00510425
Al_degrader_E9,11.969999999999999,0.00565275
Al_degrader_E9,12.03,0.006165333333333333
Al_degrader_E9,12.09,0.00677625
Al_degrader_E9,12.149999999999999,0.007411083333333334
Al_degrader_E9,12.21,0.008000416666666666
Al_degrader_E9,12.27,0.008725166666666668
Al_degrader_E9,12.329999999999998,0.009423416666666667
Al_degrader_E9,12.39,0.01010575
Al_degrader_E9,12.45,0.010901916666666667
Al_degrader_E9,12.51,0.011649916666666666
Al_degrader_E9,12.57,0.012434166666666666
Al_degrader_E9,12.629999999999999,0.0132405
Al_degrader_E9,12.69,0.014034083333333334
Al_degrader_E9,12.75,0.014789
Al_degrader_E9,12.809999999999999,0.015626916666666667
Al_degrader_E9,12.870000000000001,0.01639
Al_degrader_E9,12.93,0.017169583333333332
Al_degrader_E9,12.989999999999998,0.0179035
Al_degrader_E9,13.05,0.018606833333333333
Al_degrader_E9,13.11,0.019331
Al_degrader_E9,13.169999999999998,0.019983333333333332
Al_degrader_E9,13.23,0.020567416666666668
Al_degrader_E9,13.29,0.02118225
Al_degrader_E9,13.35,0.02168625
Al_degrader_E9,13.41,0.022137833333333332
Al_degrader_E9,13.469999999999999,0.022590666666666665
Al_degrader_E9,13.53,0.02283825
Al_degrader_E9,13.59,0.02313625
Al_degrader_E9,13.649999999999999,0.0233405
Al_degrader_E9,13.71,0.0234555
Al_degrader_E9,13.77,0.023456916666666668
Al_degrader_E9,13.829999999999998,0.023416333333333334
Al_degrader_E9,13.89,0.02329725
Al_degrader_E9,13.95,0.023137666666666667
Al_degrader_E9,14.009999999999998,0.02282575
Al_degrader_E9,14.07,0.022533666666666667
Al_degrader_E9,14.129999999999999,0.02213525
Al_degrader_E9,14.19,0.02160475
Al_degrader_E9,14.25,0.021102083333333334
Al_degrader_E9,14.309999999999999,0.02043875
Al_degrader_E9,14.37,0.019779416666666667
Al_degrader_E9,14.43,0.019109666666666667
Al_degrader_E9,14.489999999999998,0.018261833333333335
Al_degrader_E9,14.55,0.017520333333333332
Al_degrader_E9,14.61,0.01665775
Al_degrader_E9,14.669999999999998,0.0157745
Al_degrader_E9,14.73,0.014944666666666667
Al_degrader_E9,14.79,0.013986916666666667
Al_degrader_E9,14.85,0.01311825
Al_degrader_E9,14.91,0.012259333333333334
Al_degrader_E9,14.969999999999999,0.01130075
Al_degrader_E9,15.03,0.010470833333333334
Al_degrader_E9,15.09,0.009585333333333333
Al_degrader_E9,15.149999999999999,0.008791416666666666
Al_degrader_E9,15.21,0.008010166666666667
Al_degrader_E9,15.27,0.007188416666666667
Al_degrader_E9,15.329999999999998,0.006506916666666667
Al_degrader_E9,15.39,0.005786416666666666
Al_degrader_E9,15.45,0.005203333333333333
Al_degrader_E9,15.509999999999998,0.0046060833333333336
Al_degrader_E9,15.57,0.0040335
Al_degrader_E9,15.629999999999999,0.0035638333333333333
Al_degrader_E9,15.69,0.0030799166666666666
Al_degrader_E9,15.75,0.0026908333333333333
Al_degrader_E9,15.809999999999999,0.0023323333333333334
Al_degrader_E9,15.87,0.00197175
Al_degrader_E9,15.93,0.0016945833333333333
Al_degrader_E9,15.989999999999998,0.0014361666666666668
Al_degrader_E9,16.049999999999997,0.0012085
Al_degrader_E9,16.11,0.00101775
Al_degrader_E9,16.17,0.0008415
Al_degrader_E9,16.229999999999997,0.0006959166666666666
Al_degrader_E9,16.29,0.0005803333333333333
Al_degrader_E9,16.35,0.0004625
Al_degrader_E9,16.409999999999997,0.00037641666666666666
Al_degrader_E9,16.47,0.0003095
Al_degrader_E9,16.53,0.00024658333333333335
Al_degrader_E9,16.59,0.00019291666666666668
Al_degrader_E9,16.65,0.00015225
Al_degrader_E9,16.71,0.00011816666666666666
Al_degrader_E9,16.77,9.3e-05
Al_degrader_E9,16.83,7.125e-05
Al_degrader_E9,16.89,5.725e-05
Al_degrader_E9,16.95,4.358333333333333e-05
Al_degrader_E9,17.009999999999998,3.0583333333333336e-05
Al_degrader_E9,17.07,2.3666666666666668e-05
Al_degrader_E9,17.13,1.7166666666666666e-05
Al_degrader_E9,17.189999999999998,1.3333333333333333e-05
Al_degrader_E9,17.25,9.166666666666666e-06
Al_degrader_E9,17.310000000000002,6.5833333333333335e-06
Al_degrader_E9,17.369999999999997,5.583333333333333e-06
Al_degrader_E9,17.43,3.083333333333333e-06
Al_degrader_E9,17.490000000000002,2.9166666666666666e-06
Al_degrader_E9,17.549999999999997,1.5e-06
Al_degrader_E9,17.61,1.4166666666666667e-06
Al_degrader_E9,17.67,9.166666666666666e-07
Al_degrader_E9,17.729999999999997,7.5e-07
Al_degrader_E9,17.79,6.666666666666667e-07
Al_degrader_E9,17.85,5e-07
Al_degrader_E9,17.909999999999997,1.6666666666666668e-07
Al_degrader_E9,17.97,2.5e-07
Al_degrader_E9,18.03,1.6666666666666668e-07
Al_degrader_E9,18.09,1.6666666666666668e-07
Al_degrader_E9,18.15,0.0
Al_degrader_E9,18.21,8.333333333333334e-08
Ni13,7.289999999999999,2e-07
Ni13,7.35,0.0
Ni13,7.41,2e-07
Ni13,7.47,6e-07
Ni13,7.529999999999999,0.0
Ni13,7.59,2e-07
Ni13,7.65,4e-07
Ni13,7.709999999999999,8e-07
Ni13,7.77,0.0
Ni13,7.83,1.4e-06
Ni13,7.89,8e-07
Ni13,7.949999999999999,6e-07
Ni13,8.01,2.4e-06
Ni13,8.07,2.8e-06
Ni13,8.129999999999999,1.2e-06
Ni13,8.19,3.8e-06
Ni13,8.25,3.4e-06
Ni13,8.309999999999999,3e-06
Ni13,8.370000000000001,5e-06
Ni13,8.43,5.2e-06
Ni13,8.489999999999998,6.8e-06
Ni13,8.55,9.8e-06
Ni13,8.61,1.02e-05
Ni13,8.67,1.28e-05
Ni13,8.73,1.68e-05
Ni13,8.79,2.06e-05
Ni13,8.85,2.64e-05
Ni13,8.91,2.9e-05
Ni13,8.969999999999999,3.4e-05
Ni13,9.030000000000001,3.98e-05
Ni13,9.09,5.48e-05
Ni13,9.149999999999999,6.68e-05
Ni13,9.21,7.78e-05
Ni13,9.27,9.64e-05
Ni13,9.329999999999998,0.0001164
Ni13,9.39,0.0001448
Ni13,9.45,0.0001674
Ni13,9.51,0.000204
Ni13,9.57,0.0002546
Ni13,9.629999999999999,0.0002882
Ni13,9.69,0.0003576
Ni13,9.75,0.0004088
Ni13,9.809999999999999,0.0004842
Ni13,9.870000000000001,0.0005804
Ni13,9.93,0.0006752
Ni13,9.989999999999998,0.0007536
Ni13,10.05,0.0009308
Ni13,10.11,0.00104
Ni13,10.169999999999998,0.0012006
Ni13,10.23,0.001429
Ni13,10.29,0.0016306
Ni13,10.35,0.0018432
Ni13,10.41,0.0021332
Ni13,10.469999999999999,0.0024142
Ni13,10.53,0.0027596
Ni13,10.59,0.0031094
Ni13,10.649999999999999,0.003509
Ni13,10.71,0.004025
Ni13,10.77,0.0044612
Ni13,10.829999999999998,0.0050154
Ni13,10.89,0.0056054
Ni13,10.95,0.0062066
Ni13,11.01,0.0069324
Ni13,11.07,0.0076444
Ni13,11.129999999999999,0.0083944
Ni13,11.19,0.009251
Ni13,11.25,0.0101306
Ni13,11.309999999999999,0.0110426
Ni13,11.370000000000001,0.011958
Ni13,11.43,0.0128514
Ni13,11.489999999999998,0.0138798
Ni13,11.55,0.0149008
Ni13,11.61,0.015882
Ni13,11.669999999999998,0.0169324
Ni13,11.73,0.0179256
Ni13,11.79,0.018901
Ni13,11.85,0.0199148
Ni13,11.91,0.020774
Ni13,11.969999999999999,0.0217826
Ni13,12.03,0.0226394
Ni13,12.09,0.0233764
Ni13,12.149999999999999,0.0241778
Ni13,12.21,0.0247298
Ni13,12.27,0.0253668
Ni13,12.329999999999998,0.0256926
Ni13,12.39,0.0261896
Ni13,12.45,0.0263388
Ni13,12.51,0.0265466
Ni13,12.57,0.026476
Ni13,12.629999999999999,0.026357
Ni13,12.69,0.026101
Ni13,12.75,0.0258032
Ni13,12.809999999999999,0.0253392
Ni13,12.870000000000001,0.0248198
Ni13,12.93,0.0241626
Ni13,12.989999999999998,0.0233948
Ni13,13.05,0.0225536
Ni13,13.11,0.0216568
Ni13,13.169999999999998,0.0206394
Ni13,13.23,0.0196136
Ni13,13.29,0.0185164
Ni13,13.35,0.0174492
Ni13,13.41,0.0163646
Ni13,13.469999999999999,0.015204
Ni13,13.53,0.0140258
Ni13,13.59,0.0129802
Ni13,13.649999999999999,0.011842
Ni13,13.71,0.010899
Ni13,13.77,0.0098114
Ni13,13.829999999999998,0.0089444
Ni13,13.89,0.0079662
Ni13,13.95,0.0071746
Ni13,14.009999999999998,0.0063618
Ni13,14.07,0.0056442
Ni13,14.129999999999999,0.0049598
Ni13,14.19,0.0043798
Ni13,14.25,0.003728
Ni13,14.309999999999999,0.0033266
Ni13,14.37,0.0027734
Ni13,14.43,0.0024732
Ni13,14.489999999999998,0.0020326
Ni13,14.55,0.001784
Ni13,14.61,0.001456
Ni13,14.669999999999998,0.0012456
Ni13,14.73,0.0010028
Ni13,14.79,0.0008626
Ni13,14.85,0.0006916
Ni13,14.91,0.0005698
Ni13,14.969999999999999,0.0004588
Ni13,15.03,0.0003688
Ni13,15.09,0.0002918
Ni13,15.149999999999999,0.0002422
Ni13,15.21,0.000183
Ni13,15.27,0.000153
Ni13,15.329999999999998,0.0001148
Ni13,15.39,8.96e-05
Ni13,15.45,6.88e-05
Ni13,15.509999999999998,5.28e-05
Ni13,15.57,4.12e-05
Ni13,15.629999999999999,2.74e-05
Ni13,15.69,2.18e-05
Ni13,15.75,1.4e-05
Ni13,15.809999999999999,1.4e-05
Ni13,15.87,7.4e-06
Ni13,15.93,7e-06
Ni13,15.989999999999998,4e-06
Ni13,16.049999999999997,4.2e-06
Ni13,16.11,2.4e-06
Ni13,16.17,1.8e-06
Ni13,16.229999999999997,2e-06
Ni13,16.29,1.2e-06
Ni13,16.35,1.4e-06
Ni13,16.409999999999997,4e-07
Ni13,16.47,8e-07
Ni13,16.53,2e-07
Ni13,16.59,4e-07
Ni13,16.65,0.0
Ni13,16.71,2e-07
Sn13,7.109999999999999,3.3333333333333335e-07
Sn13,7.17,3.3333333333333335e-07
Sn13,7.2299999999999995,6.666666666666667e-07
Sn13,7.289999999999999,1e-06
Sn13,7.35,3.3333333333333335e-07
Sn13,7.41,6.666666666666667e-07
Sn13,7.47,1.3333333333333334e-06
Sn13,7.529999999999999,6.666666666666667e-07
Sn13,7.59,6.666666666666667e-07
Sn13,7.65,2e-06
Sn13,7.709999999999999,2e-06
Sn13,7.77,1.3333333333333334e-06
Sn13,7.83,3.3333333333333333e-06
Sn13,7.89,5.333333333333334e-06
Sn13,7.949999999999999,3.6666666666666666e-06
Sn13,8.01,7.333333333333333e-06
Sn13,8.07,7e-06
Sn13,8.129999999999999,4e-06
Sn13,8.19,7.666666666666667e-06
Sn13,8.25,8e-06
Sn13,8.309999999999999,1.2e-05
Sn13,8.370000000000001,1.6666666666666667e-05
Sn13,8.43,2.1e-05
Sn13,8.489999999999998,2.3666666666666668e-05
Sn13,8.55,3.066666666666667e-05
Sn13,8.61,3.733333333333333e-05
Sn13,8.67,5e-05
Sn13,8.73,5.1e-05
Sn13,8.79,6.433333333333333e-05
Sn13,8.85,6.733333333333333e-05
Sn13,8.91,8.933333333333333e-05
Sn13,8.969999999999999,0.000106
Sn13,9.030000000000001,0.00013766666666666666
Sn13,9.09,0.000171
Sn13,9.149999999999999,0.00020233333333333334
Sn13,9.21,0.00023866666666666668
Sn13,9.27,0.000288
Sn13,9.329999999999998,0.00034133333333333335
Sn13,9.39,0.000426
Sn13,9.45,0.0004956666666666667
Sn13,9.51,0.0005673333333333333
Sn13,9.57,0.000659
Sn13,9.629999999999999,0.000784
Sn13,9.69,0.0009123333333333334
Sn13,9.75,0.0010123333333333334
Sn13,9.809999999999999,0.001216
Sn13,9.870000000000001,0.0013466666666666666
Sn13,9.93,0.0015786666666666666
Sn13,9.989999999999998,0.001785
Sn13,10.05,0.002097
Sn13,10.11,0.0023816666666666665
Sn13,10.169999999999998,0.002732333333333333
Sn13,10.23,0.0031396666666666665
Sn13,10.29,0.003467333333333333
Sn13,10.35,0.0038523333333333335
Sn13,10.41,0.004388
Sn13,10.469999999999999,0.004902
Sn13,10.53,0.005549666666666666
Sn13,10.59,0.006144
Sn13,10.649999999999999,0.006803
Sn13,10.71,0.0075446666666666665
Sn13,10.77,0.008317333333333333
Sn13,10.829999999999998,0.009099666666666667
Sn13,10.89,0.010009666666666667
Sn13,10.95,0.010911666666666667
Sn13,11.01,0.011914333333333334
Sn13,11.07,0.012869
Sn13,11.129999999999999,0.013849333333333333
Sn13,11.19,0.014862
Sn13,11.25,0.015829
Sn13,11.309999999999999,0.016756
Sn13,11.370000000000001,0.017784333333333333
Sn13,11.43,0.018746666666666665
Sn13,11.489999999999998,0.019743333333333335
Sn13,11.55,0.020760666666666667
Sn13,11.61,0.021593
Sn13,11.669999999999998,0.02257
Sn13,11.73,0.023374333333333334
Sn13,11.79,0.02407
Sn13,11.85,0.024787333333333335
Sn13,11.91,0.02531
Sn13,11.969999999999999,0.025896333333333334
Sn13,12.03,0.02628
Sn13,12.09,0.026438333333333335
Sn13,12.149999999999999,0.026422666666666667
Sn13,12.21,0.026485333333333333
Sn13,12.27,0.02628
Sn13,12.329999999999998,0.026216
Sn13,12.39,0.025971333333333332
Sn13,12.45,0.025551666666666667
Sn13,12.51,0.024907333333333333
Sn13,12.57,0.024134333333333334
Sn13,12.629999999999999,0.023421333333333332
Sn13,12.69,0.022712
Sn13,12.75,0.021873333333333335
Sn13,12.809999999999999,0.020913
Sn13,12.870000000000001,0.019887
Sn13,12.93,0.018693
Sn13,12.989999999999998,0.017376
Sn13,13.05,0.016377333333333334
Sn13,13.11,0.015253333333333334
Sn13,13.169999999999998,0.014188333333333334
Sn13,13.23,0.013014
Sn13,13.29,0.011957333333333334
Sn13,13.35,0.010943
Sn13,13.41,0.009886666666666667
Sn13,13.469999999999999,0.008964
Sn13,13.53,0.008072666666666667
Sn13,13.59,0.007231
Sn13,13.649999999999999,0.006353666666666666
Sn13,13.71,0.005629333333333333
Sn13,13.77,0.004988666666666666
Sn13,13.829999999999998,0.004374
Sn13,13.89,0.003806
Sn13,13.95,0.0033053333333333333
Sn13,14.009999999999998,0.0028873333333333333
Sn13,14.07,0.0024616666666666667
Sn13,14.129999999999999,0.002069
Sn13,14.19,0.0017676666666666667
Sn13,14.25,0.0014706666666666666
Sn13,14.309999999999999,0.001245
Sn13,14.37,0.001029
Sn13,14.43,0.000874
Sn13,14.489999999999998,0.0006996666666666667
Sn13,14.55,0.000558
Sn13,14.61,0.00044633333333333336
Sn13,14.669999999999998,0.000376
Sn13,14.73,0.00030133333333333336
Sn13,14.79,0.000248
Sn13,14.85,0.00018766666666666666
Sn13,14.91,0.000149
Sn13,14.969999999999999,0.000118
Sn13,15.03,9.333333333333333e-05
Sn13,15.09,6.8e-05
Sn13,15.149999999999999,4.8666666666666666e-05
Sn13,15.21,3.6666666666666666e-05
Sn13,15.27,2.8666666666666668e-05
Sn13,15.329999999999998,2.3e-05
Sn13,15.39,1.5333333333333334e-05
Sn13,15.45,1.2666666666666667e-05
Sn13,15.509999999999998,7.666666666666667e-06
Sn13,15.57,5.666666666666667e-06
Sn13,15.629999999999999,3.6666666666666666e-06
Sn13,15.69,3e-06
Sn13,15.75,3.3333333333333333e-06
Sn13,15.809999999999999,3e-06
Sn13,15.87,1.6666666666666667e-06
Sn13,15.93,1.3333333333333334e-06
Sn13,15.989999999999998,1.3333333333333334e-06
Sn13,16.049999999999997,1.3333333333333334e-06
Sn13,16.11,6.666666666666667e-07
Sn13,16.17,3.3333333333333335e-07
Sn13,16.229999999999997,3.3333333333333335e-07
Ta13,6.449999999999999,2.5e-07
Ta13,6.51,0.0
Ta13,6.57,5e-07
Ta13,6.63,5e-07
Ta13,6.6899999999999995,0.0
Ta13,6.75,2.5e-07
Ta13,6.81,5e-07
Ta13,6.869999999999999,7.5e-07
Ta13,6.93,2.5e-07
Ta13,6.99,1.25e-06
Ta13,7.05,1.25e-06
Ta13,7.109999999999999,7.5e-07
Ta13,7.17,1e-06
Ta13,7.2299999999999995,3e-06
Ta13,7.289999999999999,3e-06
Ta13,7.35,2e-06
Ta13,7.41,3.5e-06
Ta13,7.47,4.25e-06
Ta13,7.529999999999999,3.25e-06
Ta13,7.59,5.75e-06
Ta13,7.65,5.5e-06
Ta13,7.709999999999999,6.75e-06
Ta13,7.77,1.125e-05
Ta13,7.83,1.1e-05
Ta13,7.89,1.45e-05
Ta13,7.949999999999999,1.6e-05
Ta13,8.01,2.15e-05
Ta13,8.07,2.575e-05
Ta13,8.129999999999999,3.25e-05
Ta13,8.19,3.325e-05
Ta13,8.25,4.025e-05
Ta13,8.309999999999999,4.975e-05
Ta13,8.370000000000001,6.475e-05
Ta13,8.43,8.075e-05
Ta13,8.489999999999998,8.85e-05
Ta13,8.55,0.00010725
Ta13,8.61,0.000133
Ta13,8.67,0.0001635
Ta13,8.73,0.0001875
Ta13,8.79,0.00021675
Ta13,8.85,0.00027475
Ta13,8.91,0.000318
Ta13,8.969999999999999,0.0003655
Ta13,9.030000000000001,0.00045125
Ta13,9.09,0.00051275
Ta13,9.149999999999999,0.00058025
Ta13,9.21,0.000703
Ta13,9.27,0.0008005
Ta13,9.329999999999998,0.00089575
Ta13,9.39,0.00107575
Ta13,9.45,0.00120775
Ta13,9.51,0.00138475
Ta13,9.57,0.00160925
Ta13,9.629999999999999,0.001832
Ta13,9.69,0.002068
Ta13,9.75,0.00234825
Ta13,9.809999999999999,0.00263475
Ta13,9.870000000000001,0.0029915
Ta13,9.93,0.00338475
Ta13,9.989999999999998,0.003758
Ta13,10.05,0.004301
Ta13,10.11,0.00472725
Ta13,10.169999999999998,0.00523725
Ta13,10.23,0.00589
Ta13,10.29,0.00644025
Ta13,10.35,0.00712175
Ta13,10.41,0.00784675
Ta13,10.469999999999999,0.008625
Ta13,10.53,0.00942375
Ta13,10.59,0.01020875
Ta13,10.649999999999999,0.0111115
Ta13,10.71,0.01198225
Ta13,10.77,0.01291325
Ta13,10.829999999999998,0.0137685
Ta13,10.89,0.01482875
Ta13,10.95,0.0157135
Ta13,11.01,0.01658
Ta13,11.07,0.01766125
Ta13,11.129999999999999,0.018496
Ta13,11.19,0.01942075
Ta13,11.25,0.020345
Ta13,11.309999999999999,0.0210775
Ta13,11.370000000000001,0.0219875
Ta13,11.43,0.02279425
Ta13,11.489999999999998,0.02342675
Ta13,11.55,0.02407525
Ta13,11.61,0.02447225
Ta13,11.669999999999998,0.02503775
Ta13,11.73,0.02531675
Ta13,11.79,0.02557775
Ta13,11.85,0.0256865
Ta13,11.91,0.02572075
Ta13,11.969999999999999,0.02563275
Ta13,12.03,0.02542825
Ta13,12.09,0.02514225
Ta13,12.149999999999999,0.0247555
Ta13,12.21,0.024192
Ta13,12.27,0.02370875
Ta13,12.329999999999998,0.02307925
Ta13,12.39,0.0222875
Ta13,12.45,0.02143675
Ta13,12.51,0.02047725
Ta13,12.57,0.019517
Ta13,12.629999999999999,0.0186365
Ta13,12.69,0.01754325
Ta13,12.75,0.0165105
Ta13,12.809999999999999,0.015408
Ta13,12.870000000000001,0.014325
Ta13,12.93,0.01328925
Ta13,12.989999999999998,0.012193
Ta13,13.05,0.01133025
Ta13,13.11,0.01025825
Ta13,13.169999999999998,0.009357
Ta13,13.23,0.0084095
Ta13,13.29,0.0076675
Ta13,13.35,0.00681025
Ta13,13.41,0.006053
Ta13,13.469999999999999,0.0054295
Ta13,13.53,0.00476625
Ta13,13.59,0.00414225
Ta13,13.649999999999999,0.003689
Ta13,13.71,0.0031535
Ta13,13.77,0.002794
Ta13,13.829999999999998,0.00233725
Ta13,13.89,0.0020365
Ta13,13.95,0.00172675
Ta13,14.009999999999998,0.00147325
Ta13,14.07,0.0012175
Ta13,14.129999999999999,0.00100575
Ta13,14.19,0.00086125
Ta13,14.25,0.0006955
Ta13,14.309999999999999,0.00058025
Ta13,14.37,0.0004725
Ta13,14.43,0.00038425
Ta13,14.489999999999998,0.00030075
Ta13,14.55,0.00025
Ta13,14.61,0.000201
Ta13,14.669999999999998,0.00015775
Ta13,14.73,0.00012375
Ta13,14.79,9.7e-05
Ta13,14.85,7.425e-05
Ta13,14.91,5.475e-05
Ta13,14.969999999999999,4.575e-05
Ta13,15.03,3.075e-05
Ta13,15.09,2.6e-05
Ta13,15.149999999999999,1.55e-05
Ta13,15.21,1.525e-05
Ta13,15.27,9e-06
Ta13,15.329999999999998,8.25e-06
Ta13,15.39,4.5e-06
Ta13,15.45,4.5e-06
Ta13,15.509999999999998,3e-06
Ta13,15.57,2.25e-06
Ta13,15.629999999999999,2.25e-06
Ta13,15.69,1.5e-06
Ta13,15.75,1.75e-06
Ta13,15.809999999999999,7.5e-07
Ta13,15.87,5e-07
Ta13,15.93,7.5e-07
Ta13,15.989999999999998,5e-07
Ta13,16.049999999999997,0.0
Ta13,16.11,2.5e-07
Cu13,5.55,2e-07
Cu13,5.609999999999999,0.0
Cu13,5.67,2e-07
Cu13,5.73,2e-07
Cu13,5.789999999999999,4e-07
Cu13,5.85,0.0
Cu13,5.91,2e-07
Cu13,5.97,4e-07
Cu13,6.029999999999999,6e-07
Cu13,6.09,2e-07
Cu13,6.15,6e-07
Cu13,6.21,1.4e-06
Cu13,6.27,2e-07
Cu13,6.33,6e-07
Cu13,6.39,2.4e-06
Cu13,6.449999999999999,1.2e-06
Cu13,6.51,2.4e-06
Cu13,6.57,2e-06
Cu13,6.63,3.2e-06
Cu13,6.6899999999999995,3e-06
Cu13,6.75,2.2e-06
Cu13,6.81,4.6e-06
Cu13,6.869999999999999,4.6e-06
Cu13,6.93,5.2e-06
Cu13,6.99,8.6e-06
Cu13,7.05,7.8e-06
Cu13,7.109999999999999,9.4e-06
Cu13,7.17,1.32e-05
Cu13,7.2299999999999995,1.36e-05
Cu13,7.289999999999999,1.96e-05
Cu13,7.35,2.24e-05
Cu13,7.41,2.54e-05
Cu13,7.47,2.7e-05
Cu13,7.529999999999999,3.52e-05
Cu13,7.59,3.82e-05
Cu13,7.65,5.28e-05
Cu13,7.709999999999999,6.14e-05
Cu13,7.77,7.16e-05
Cu13,7.83,8.74e-05
Cu13,7.89,9.78e-05
Cu13,7.949999999999999,0.0001212
Cu13,8.01,0.000149
Cu13,8.07,0.0001674
Cu13,8.129999999999999,0.0002054
Cu13,8.19,0.0002344
Cu13,8.25,0.0002774
Cu13,8.309999999999999,0.00033
Cu13,8.370000000000001,0.0003782
Cu13,8.43,0.0004382
Cu13,8.489999999999998,0.0005214
Cu13,8.55,0.000581
Cu13,8.61,0.0006676
Cu13,8.67,0.0007842
Cu13,8.73,0.000891
Cu13,8.79,0.00101
Cu13,8.85,0.001167
Cu13,8.91,0.0013414
Cu13,8.969999999999999,0.0015062
Cu13,9.030000000000001,0.0017084
Cu13,9.09,0.001958
Cu13,9.149999999999999,0.002166
Cu13,9.21,0.0024368
Cu13,9.27,0.0027924
Cu13,9.329999999999998,0.0030766
Cu13,9.39,0.0034842
Cu13,9.45,0.00388
Cu13,9.51,0.0042674
Cu13,9.57,0.004832
Cu13,9.629999999999999,0.005263
Cu13,9.69,0.0058384
Cu13,9.75,0.0064328
Cu13,9.809999999999999,0.007007
Cu13,9.870000000000001,0.0077708
Cu13,9.93,0.0084294
Cu13,9.989999999999998,0.0091926
Cu13,10.05,0.0099434
Cu13,10.11,0.0107344
Cu13,10.169999999999998,0.0115844
Cu13,10.23,0.0123656
Cu13,10.29,0.0133
Cu13,10.35,0.0141486
Cu13,10.41,0.015022
Cu13,10.469999999999999,0.0159306
Cu13,10.53,0.0167644
Cu13,10.59,0.0176706
Cu13,10.649999999999999,0.0185228
Cu13,10.71,0.0193424
Cu13,10.77,0.0201434
Cu13,10.829999999999998,0.020953
Cu13,10.89,0.0216
Cu13,10.95,0.022387
Cu13,11.01,0.0229182
Cu13,11.07,0.0234726
Cu13,11.129999999999999,0.023946
Cu13,11.19,0.0242452
Cu13,11.25,0.0246296
Cu13,11.309999999999999,0.0246774
Cu13,11.370000000000001,0.024916
Cu13,11.43,0.0248146
Cu13,11.489999999999998,0.0248096
Cu13,11.55,0.024437
Cu13,11.61,0.024298
Cu13,11.669999999999998,0.0238336
Cu13,11.73,0.0234612
Cu13,11.79,0.0228902
Cu13,11.85,0.0222466
Cu13,11.91,0.0215494
Cu13,11.969999999999999,0.0207414
Cu13,12.03,0.0198726
Cu13,12.09,0.0189892
Cu13,12.149999999999999,0.018065
Cu13,12.21,0.0171572
Cu13,12.27,0.016166
Cu13,12.329999999999998,0.015129
Cu13,12.39,0.0140988
Cu13,12.45,0.0130918
Cu13,12.51,0.012148
Cu13,12.57,0.0111682
Cu13,12.629999999999999,0.0102936
Cu13,12.69,0.0093644
Cu13,12.75,0.0085422
Cu13,12.809999999999999,0.0077146
Cu13,12.870000000000001,0.0069434
Cu13,12.93,0.0062368
Cu13,12.989999999999998,0.0055234
Cu13,13.05,0.004937
Cu13,13.11,0.0043564
Cu13,13.169999999999998,0.0038222
Cu13,13.23,0.0033524
Cu13,13.29,0.002927
Cu13,13.35,0.0025378
Cu13,13.41,0.0021908
Cu13,13.469999999999999,0.0018702
Cu13,13.53,0.0016178
Cu13,13.59,0.001344
Cu13,13.649999999999999,0.001148
Cu13,13.71,0.0009472
Cu13,13.77,0.0007992
Cu13,13.829999999999998,0.0006576
Cu13,13.89,0.0005456
Cu13,13.95,0.000446
Cu13,14.009999999999998,0.0003694
Cu13,14.07,0.0002828
Cu13,14.129999999999999,0.0002462
Cu13,14.19,0.000183
Cu13,14.25,0.0001598
Cu13,14.309999999999999,0.0001176
Cu13,14.37,9.88e-05
Cu13,14.43,7.02e-05
Cu13,14.489999999999998,5.88e-05
Cu13,14.55,4.22e-05
Cu13,14.61,3.62e-05
Cu13,14.669999999999998,2.22e-05
Cu13,14.73,1.94e-05
Cu13,14.79,1.38e-05
Cu13,14.85,1.12e-05
Cu13,14.91,6.8e-06
Cu13,14.969999999999999,6.6e-06
Cu13,15.03,3.4e-06
Cu13,15.09,4e-06
Cu13,15.149999999999999,2e-06
Cu13,15.21,2e-06
Cu13,15.27,1.8e-06
Cu13,15.329999999999998,1.6e-06
Cu13,15.39,1e-06
Cu13,15.45,8e-07
Cu13,15.509999999999998,6e-07
Cu13,15.57,4e-07
Cu13,15.629999999999999,4e-07
Cu13,15.69,0.0
Cu13,15.75,2e-07
Al_degrader_E10,0.03,2.5e-07
Al_degrader_E10,0.09,5e-08
Al_degrader_E10,0.15,0.0
Al_degrader_E10,0.21,0.0
Al_degrader_E10,0.27,1e-07
Al_degrader_E10,0.32999999999999996,0.0
Al_degrader_E10,0.39,0.0
Al_degrader_E10,0.44999999999999996,0.0
Al_degrader_E10,0.51,1e-07
Al_degrader_E10,0.5700000000000001,0.0
Al_degrader_E10,0.6299999999999999,0.0
Al_degrader_E10,0.69,0.0
Al_degrader_E10,0.75,5e-08
Al_degrader_E10,0.81,0.0
Al_degrader_E10,0.8699999999999999,5e-08
Al_degrader_E10,0.9299999999999999,0.0
Al_degrader_E10,0.99,5e-08
Al_degrader_E10,1.05,1e-07
Al_degrader_E10,1.1099999999999999,0.0
Al_degrader_E10,1.17,0.0
Al_degrader_E10,1.23,1e-07
Al_degrader_E10,1.29,1e-07
Al_degrader_E10,1.3499999999999999,1.5e-07
Al_degrader_E10,1.41,0.0
Al_degrader_E10,1.47,1e-07
Al_degrader_E10,1.53,5e-08
Al_degrader_E10,1.5899999999999999,1e-07
Al_degrader_E10,1.65,5e-08
Al_degrader_E10,1.71,1e-07
Al_degrader_E10,1.77,2.5e-07
Al_degrader_E10,1.8299999999999998,1e-07
Al_degrader_E10,1.89,3e-07
Al_degrader_E10,1.95,1e-07
Al_degrader_E10,2.01,1.5e-07
Al_degrader_E10,2.0700000000000003,3e-07
Al_degrader_E10,2.13,3.5e-07
Al_degrader_E10,2.19,3e-07
Al_degrader_E10,2.25,3.5e-07
Al_degrader_E10,2.3099999999999996,3.5e-07
Al_degrader_E10,2.37,3.5e-07
Al_degrader_E10,2.4299999999999997,3.5e-07
Al_degrader_E10,2.49,4.5e-07
Al_degrader_E10,2.55,5e-07
Al_degrader_E10,2.61,4.5e-07
Al_degrader_E10,2.67,6e-07
Al_degrader_E10,2.7299999999999995,3.5e-07
Al_degrader_E10,2.79,7.5e-07
Al_degrader_E10,2.8499999999999996,8.5e-07
Al_degrader_E10,2.91,8e-07
Al_degrader_E10,2.9699999999999998,9.5e-07
Al_degrader_E10,3.0300000000000002,7e-07
Al_degrader_E10,3.09,1.45e-06
Al_degrader_E10,3.15,1.55e-06
Al_degrader_E10,3.21,1.55e-06
Al_degrader_E10,3.2699999999999996,1.45e-06
Al_degrader_E10,3.33,1.55e-06
Al_degrader_E10,3.3899999999999997,2.5e-06
Al_degrader_E10,3.45,2.4e-06
Al_degrader_E10,3.51,2.35e-06
Al_degrader_E10,3.57,2.8e-06
Al_degrader_E10,3.63,3.65e-06
Al_degrader_E10,3.6899999999999995,4.55e-06
Al_degrader_E10,3.75,4.35e-06
Al_degrader_E10,3.8099999999999996,4.5e-06
Al_degrader_E10,3.87,5.45e-06
Al_degrader_E10,3.9299999999999997,5.75e-06
Al_degrader_E10,3.9899999999999998,6.75e-06
Al_degrader_E10,4.05,6.9e-06
Al_degrader_E10,4.109999999999999,7.8e-06
Al_degrader_E10,4.17,9.95e-06
Al_degrader_E10,4.23,1.1e-05
Al_degrader_E10,4.29,1.225e-05
Al_degrader_E10,4.35,1.295e-05
Al_degrader_E10,4.41,1.685e-05
Al_degrader_E10,4.47,1.735e-05
Al_degrader_E10,4.529999999999999,1.875e-05
Al_degrader_E10,4.59,2.135e-05
Al_degrader_E10,4.65,2.71e-05
Al_degrader_E10,4.71,2.915e-05
Al_degrader_E10,4.77,3.155e-05
Al_degrader_E10,4.83,3.745e-05
Al_degrader_E10,4.89,4e-05
Al_degrader_E10,4.949999999999999,4.815e-05
Al_degrader_E10,5.01,5.03e-05
Al_degrader_E10,5.07,6.1e-05
Al_degrader_E10,5.13,6.735e-05
Al_degrader_E10,5.1899999999999995,7.475e-05
Al_degrader_E10,5.25,8.455e-05
Al_degrader_E10,5.31,9.115e-05
Al_degrader_E10,5.369999999999999,0.0001077
Al_degrader_E10,5.43,0.00011745
Al_degrader_E10,5.49,0.0001307
Al_degrader_E10,5.55,0.000149
Al_degrader_E10,5.609999999999999,0.0001625
Al_degrader_E10,5.67,0.000182
Al_degrader_E10,5.73,0.00020455
Al_degrader_E10,5.789999999999999,0.0002257
Al_degrader_E10,5.85,0.00024965
Al_degrader_E10,5.91,0.0002817
Al_degrader_E10,5.97,0.00031415
Al_degrader_E10,6.029999999999999,0.0003453
Al_degrader_E10,6.09,0.00038725
Al_degrader_E10,6.15,0.0004313
Al_degrader_E10,6.21,0.0004687
Al_degrader_E10,6.27,0.0005304
Al_degrader_E10,6.33,0.00058035
Al_degrader_E10,6.39,0.00063045
Al_degrader_E10,6.449999999999999,0.0007144
Al_degrader_E10,6.51,0.0007771
Al_degrader_E10,6.57,0.00084935
Al_degrader_E10,6.63,0.00095585
Al_degrader_E10,6.6899999999999995,0.00104275
Al_degrader_E10,6.75,0.00112815
Al_degrader_E10,6.81,0.0012635
Al_degrader_E10,6.869999999999999,0.0013607
Al_degrader_E10,6.93,0.001491
Al_degrader_E10,6.99,0.0016492
Al_degrader_E10,7.05,0.0017739
Al_degrader_E10,7.109999999999999,0.0019603
Al_degrader_E10,7.17,0.0021208
Al_degrader_E10,7.2299999999999995,0.0023056
Al_degrader_E10,7.289999999999999,0.0025167
Al_degrader_E10,7.35,0.0027036
Al_degrader_E10,7.41,0.0029508
Al_degrader_E10,7.47,0.00318575
Al_degrader_E10,7.529999999999999,0.003427
Al_degrader_E10,7.59,0.0037175
Al_degrader_E10,7.65,0.00396975
Al_degrader_E10,7.709999999999999,0.0042697
Al_degrader_E10,7.77,0.0045887
Al_degrader_E10,7.83,0.00490535
Al_degrader_E10,7.89,0.005258
Al_degrader_E10,7.949999999999999,0.0056024
Al_degrader_E10,8.01,0.00597505
Al_degrader_E10,8.07,0.0063605
Al_degrader_E10,8.129999999999999,0.00674445
Al_degrader_E10,8.19,0.0071699
Al_degrader_E10,8.25,0.0075786
Al_degrader_E10,8.309999999999999,0.00803255
Al_degrader_E10,8.370000000000001,0.00846545
Al_degrader_E10,8.43,0.00892855
Al_degrader_E10,8.489999999999998,0.00940355
Al_degrader_E10,8.55,0.0098749
Al_degrader_E10,8.61,0.0103542
Al_degrader_E10,8.67,0.01081885
Al_degrader_E10,8.73,0.0113364
Al_degrader_E10,8.79,0.0117944
Al_degrader_E10,8.85,0.0123011
Al_degrader_E10,8.91,0.01278225
Al_degrader_E10,8.969999999999999,0.0132449
Al_degrader_E10,9.030000000000001,0.01375125
Al_degrader_E10,9.09,0.01417345
Al_degrader_E10,9.149999999999999,0.01467605
Al_degrader_E10,9.21,0.0150874
Al_degrader_E10,9.27,0.0155084
Al_degrader_E10,9.329999999999998,0.01593075
Al_degrader_E10,9.39,0.0163165
Al_degrader_E10,9.45,0.01669275
Al_degrader_E10,9.51,0.01702235
Al_degrader_E10,9.57,0.01736965
Al_degrader_E10,9.629999999999999,0.01763775
Al_degrader_E10,9.69,0.0179211
Al_degrader_E10,9.75,0.01810965
Al_degrader_E10,9.809999999999999,0.0183373
Al_degrader_E10,9.870000000000001,0.01845565
Al_degrader_E10,9.93,0.0186104
Al_degrader_E10,9.989999999999998,0.0186519
Al_degrader_E10,10.05,0.01871895
Al_degrader_E10,10.11,0.0186956
Al_degrader_E10,10.169999999999998,0.0186789
Al_degrader_E10,10.23,0.0185797
Al_degrader_E10,10.29,0.01848015
Al_degrader_E10,10.35,0.0183143
Al_degrader_E10,10.41,0.0181194
Al_degrader_E10,10.469999999999999,0.0178799
Al_degrader_E10,10.53,0.0176063
Al_degrader_E10,10.59,0.0172884
Al_degrader_E10,10.649999999999999,0.01694075
Al_degrader_E10,10.71,0.0165637
Al_degrader_E10,10.77,0.01612605
Al_degrader_E10,10.829999999999998,0.0156861
Al_degrader_E10,10.89,0.01520855
Al_degrader_E10,10.95,0.01470095
Al_degrader_E10,11.01,0.01418945
Al_degrader_E10,11.07,0.01361445
Al_degrader_E10,11.129999999999999,0.0130788
Al_degrader_E10,11.19,0.01247735
Al_degrader_E10,11.25,0.01193795
Al_degrader_E10,11.309999999999999,0.01130305
Al_degrader_E10,11.370000000000001,0.0107473
Al_degrader_E10,11.43,0.01010385
Al_degrader_E10,11.489999999999998,0.00954585
Al_degrader_E10,11.55,0.0089471
Al_degrader_E10,11.61,0.00837525
Al_degrader_E10,11.669999999999998,0.0077908
Al_degrader_E10,11.73,0.0072422
Al_degrader_E10,11.79,0.0066876
Al_degrader_E10,11.85,0.0061555
Al_degrader_E10,11.91,0.00568045
Al_degrader_E10,11.969999999999999,0.00516085
Al_degrader_E10,12.03,0.00474415
Al_degrader_E10,12.09,0.0042877
Al_degrader_E10,12.149999999999999,0.00389455
Al_degrader_E10,12.21,0.0035071
Al_degrader_E10,12.27,0.00313985
Al_degrader_E10,12.329999999999998,0.00283515
Al_degrader_E10,12.39,0.0024963
Al_degrader_E10,12.45,0.0022427
Al_degrader_E10,12.51,0.00196135
Al_degrader_E10,12.57,0.0017321
Al_degrader_E10,12.629999999999999,0.00151465
Al_degrader_E10,12.69,0.0013258
Al_degrader_E10,12.75,0.0011516
Al_degrader_E10,12.809999999999999,0.0009965
Al_degrader_E10,12.870000000000001,0.00086375
Al_degrader_E10,12.93,0.0007328
Al_degrader_E10,12.989999999999998,0.00062885
Al_degrader_E10,13.05,0.0005352
Al_degrader_E10,13.11,0.00044865
Al_degrader_E10,13.169999999999998,0.0003811
Al_degrader_E10,13.23,0.0003134
Al_degrader_E10,13.29,0.00026605
Al_degrader_E10,13.35,0.0002186
Al_degrader_E10,13.41,0.0001788
Al_degrader_E10,13.469999999999999,0.0001485
Al_degrader_E10,13.53,0.00011705
Al_degrader_E10,13.59,9.735e-05
Al_degrader_E10,13.649999999999999,7.795e-05
Al_degrader_E10,13.71,6.33e-05
Al_degrader_E10,13.77,5.065e-05
Al_degrader_E10,13.829999999999998,4.025e-05
Al_degrader_E10,13.89,3.15e-05
Al_degrader_E10,13.95,2.47e-05
Al_degrader_E10,14.009999999999998,1.98e-05
Al_degrader_E10,14.07,1.4e-05
Al_degrader_E10,14.129999999999999,1.16e-05
Al_degrader_E10,14.19,8.8e-06
Al_degrader_E10,14.25,6.05e-06
Al_degrader_E10,14.309999999999999,5e-06
Al_degrader_E10,14.37,3.75e-06
Al_degrader_E10,14.43,2.85e-06
Al_degrader_E10,14.489999999999998,2.05e-06
Al_degrader_E10,14.55,1.45e-06
Al_degrader_E10,14.61,1.2e-06
Al_degrader_E10,14.669999999999998,1e-06
Al_degrader_E10,14.73,6.5e-07
Al_degrader_E10,14.79,5e-07
Al_degrader_E10,14.85,6e-07
Al_degrader_E10,14.91,4e-07
Al_degrader_E10,14.969999999999999,2.5e-07
Al_degrader_E10,15.03,1.5e-07
Al_degrader_E10,15.09,2e-07
Al_degrader_E10,15.149999999999999,1.5e-07
Al_degrader_E10,15.21,5e-08
Al_degrader_E10,15.27,0.0
Al_degrader_E10,15.329999999999998,5e-08
Ni14,0.03,1.7222222222222224e-05
Ni14,0.09,4.4444444444444444e-07
Ni14,0.15,1.2222222222222221e-06
Ni14,0.21,1.111111111111111e-06
Ni14,0.27,6.666666666666667e-07
Ni14,0.32999999999999996,3.3333333333333335e-07
Ni14,0.39,5.555555555555555e-07
Ni14,0.44999999999999996,1e-06
Ni14,0.51,1.3333333333333334e-06
Ni14,0.5700000000000001,1e-06
Ni14,0.6299999999999999,6.666666666666667e-07
Ni14,0.69,7.777777777777778e-07
Ni14,0.75,6.666666666666667e-07
Ni14,0.81,1e-06
Ni14,0.8699999999999999,1.5555555555555556e-06
Ni14,0.9299999999999999,1.7777777777777777e-06
Ni14,0.99,1.4444444444444445e-06
Ni14,1.05,1.4444444444444445e-06
Ni14,1.1099999999999999,1e-06
Ni14,1.17,1.5555555555555556e-06
Ni14,1.23,3.2222222222222222e-06
Ni14,1.29,2.666666666666667e-06
Ni14,1.3499999999999999,2.4444444444444442e-06
Ni14,1.41,2.5555555555555557e-06
Ni14,1.47,1.8888888888888888e-06
Ni14,1.53,4.666666666666666e-06
Ni14,1.5899999999999999,3.5555555555555555e-06
Ni14,1.65,3.7777777777777777e-06
Ni14,1.71,3.6666666666666666e-06
Ni14,1.77,3.888888888888889e-06
Ni14,1.8299999999999998,5.888888888888889e-06
Ni14,1.89,5.555555555555556e-06
Ni14,1.95,5.777777777777778e-06
Ni14,2.01,6.5555555555555556e-06
Ni14,2.0700000000000003,7.555555555555555e-06
Ni14,2.13,8e-06
Ni14,2.19,8.777777777777778e-06
Ni14,2.25,1.0444444444444445e-05
Ni14,2.3099999999999996,1.0111111111111111e-05
Ni14,2.37,1.1444444444444444e-05
Ni14,2.4299999999999997,1.2e-05
Ni14,2.49,1.3111111111111111e-05
Ni14,2.55,1.5e-05
Ni14,2.61,1.5666666666666667e-05
Ni14,2.67,1.7e-05
Ni14,2.7299999999999995,1.7333333333333332e-05
Ni14,2.79,2.4e-05
Ni14,2.8499999999999996,2.3333333333333332e-05
Ni14,2.91,2.588888888888889e-05
Ni14,2.9699999999999998,3.1e-05
Ni14,3.0300000000000002,3.288888888888889e-05
Ni14,3.09,3.4222222222222224e-05
Ni14,3.15,4.1666666666666665e-05
Ni14,3.21,4.522222222222222e-05
Ni14,3.2699999999999996,4.511111111111111e-05
Ni14,3.33,5.311111111111111e-05
Ni14,3.3899999999999997,6.333333333333333e-05
Ni14,3.45,6.333333333333333e-05
Ni14,3.51,7.7e-05
Ni14,3.57,8.077777777777777e-05
Ni14,3.63,8.866666666666666e-05
Ni14,3.6899999999999995,0.00010266666666666666
Ni14,3.75,0.00011133333333333333
Ni14,3.8099999999999996,0.00012077777777777778
Ni14,3.87,0.00013733333333333333
Ni14,3.9299999999999997,0.00015266666666666667
Ni14,3.9899999999999998,0.0001621111111111111
Ni14,4.05,0.00018988888888888888
Ni14,4.109999999999999,0.00020133333333333334
Ni14,4.17,0.00021955555555555555
Ni14,4.23,0.000257
Ni14,4.29,0.00026777777777777775
Ni14,4.35,0.00030255555555555553
Ni14,4.41,0.00033466666666666665
Ni14,4.47,0.000355
Ni14,4.529999999999999,0.0004076666666666667
Ni14,4.59,0.00043055555555555555
Ni14,4.65,0.0004807777777777778
Ni14,4.71,0.0005302222222222222
Ni14,4.77,0.000562
Ni14,4.83,0.0006411111111111111
Ni14,4.89,0.0006831111111111111
Ni14,4.949999999999999,0.0007718888888888889
Ni14,5.01,0.0008322222222222223
Ni14,5.07,0.0009123333333333334
Ni14,5.13,0.0010102222222222223
Ni14,5.1899999999999995,0.0010757777777777777
Ni14,5.25,0.0012036666666666667
Ni14,5.31,0.0012852222222222223
Ni14,5.369999999999999,0.0014244444444444445
Ni14,5.43,0.0015238888888888889
Ni14,5.49,0.0016795555555555557
Ni14,5.55,0.0018306666666666666
Ni14,5.609999999999999,0.001966
Ni14,5.67,0.0021683333333333333
Ni14,5.73,0.0023331111111111113
Ni14,5.789999999999999,0.0025543333333333334
Ni14,5.85,0.002732888888888889
Ni14,5.91,0.002992222222222222
Ni14,5.97,0.003199888888888889
Ni14,6.029999999999999,0.003493777777777778
Ni14,6.09,0.0037243333333333334
Ni14,6.15,0.004054444444444445
Ni14,6.21,0.004318222222222222
Ni14,6.27,0.004661666666666666
Ni14,6.33,0.005018666666666667
Ni14,6.39,0.005353333333333333
Ni14,6.449999999999999,0.005775666666666667
Ni14,6.51,0.006144
Ni14,6.57,0.006578444444444444
Ni14,6.63,0.006970777777777778
Ni14,6.6899999999999995,0.007446555555555555
Ni14,6.75,0.007894888888888889
Ni14,6.81,0.008393444444444445
Ni14,6.869999999999999,0.008838333333333333
Ni14,6.93,0.009356333333333333
Ni14,6.99,0.009863777777777779
Ni14,7.05,0.010381777777777778
Ni14,7.109999999999999,0.010932777777777777
Ni14,7.17,0.011413555555555555
Ni14,7.2299999999999995,0.012001666666666667
Ni14,7.289999999999999,0.01254588888888889
Ni14,7.35,0.013064444444444444
Ni14,7.41,0.013607
Ni14,7.47,0.014144
Ni14,7.529999999999999,0.014683555555555556
Ni14,7.59,0.015162666666666666
Ni14,7.65,0.01569822222222222
Ni14,7.709999999999999,0.01624011111111111
Ni14,7.77,0.016635888888888888
Ni14,7.83,0.017188111111111112
Ni14,7.89,0.01757777777777778
Ni14,7.949999999999999,0.01794188888888889
Ni14,8.01,0.01839311111111111
Ni14,8.07,0.018639666666666665
Ni14,8.129999999999999,0.018972333333333334
Ni14,8.19,0.019212666666666666
Ni14,8.25,0.019385666666666666
Ni14,8.309999999999999,0.01961888888888889
Ni14,8.370000000000001,0.019693555555555554
Ni14,8.43,0.01976688888888889
Ni14,8.489999999999998,0.019869333333333333
Ni14,8.55,0.019731666666666668
Ni14,8.61,0.019636777777777777
Ni14,8.67,0.019586222222222224
Ni14,8.73,0.019289555555555556
Ni14,8.79,0.019132444444444445
Ni14,8.85,0.01889611111111111
Ni14,8.91,0.01853577777777778
Ni14,8.969999999999999,0.018194555555555554
Ni14,9.030000000000001,0.017799111111111113
Ni14,9.09,0.017343888888888888
Ni14,9.149999999999999,0.016782444444444444
Ni14,9.21,0.016286555555555554
Ni14,9.27,0.015722777777777776
Ni14,9.329999999999998,0.015106666666666666
Ni14,9.39,0.014522444444444444
Ni14,9.45,0.01394411111111111
Ni14,9.51,0.013244555555555556
Ni14,9.57,0.012596333333333333
Ni14,9.629999999999999,0.011932444444444445
Ni14,9.69,0.011265777777777777
Ni14,9.75,0.010577222222222222
Ni14,9.809999999999999,0.009945555555555555
Ni14,9.870000000000001,0.009300888888888888
Ni14,9.93,0.008693222222222222
Ni14,9.989999999999998,0.008064222222222223
Ni14,10.05,0.007471444444444445
Ni14,10.11,0.006907111111111111
Ni14,10.169999999999998,0.006362444444444445
Ni14,10.23,0.0058152222222222225
Ni14,10.29,0.0053055555555555555
Ni14,10.35,0.004846
Ni14,10.41,0.004401444444444445
Ni14,10.469999999999999,0.003989777777777778
Ni14,10.53,0.003570111111111111
Ni14,10.59,0.0032135555555555554
Ni14,10.649999999999999,0.0028766666666666667
Ni14,10.71,0.002572111111111111
Ni14,10.77,0.0022834444444444443
Ni14,10.829999999999998,0.002013333333333333
Ni14,10.89,0.001769
Ni14,10.95,0.0015661111111111112
Ni14,11.01,0.0013742222222222222
Ni14,11.07,0.0011853333333333334
Ni14,11.129999999999999,0.0010174444444444445
Ni14,11.19,0.000883
Ni14,11.25,0.0007546666666666666
Ni14,11.309999999999999,0.0006583333333333334
Ni14,11.370000000000001,0.0005503333333333333
Ni14,11.43,0.0004658888888888889
Ni14,11.489999999999998,0.0003953333333333333
Ni14,11.55,0.00033277777777777776
Ni14,11.61,0.00027866666666666665
Ni14,11.669999999999998,0.0002268888888888889
Ni14,11.73,0.00019222222222222224
Ni14,11.79,0.00015711111111111112
Ni14,11.85,0.000134
Ni14,11.91,0.0001101111111111111
Ni14,11.969999999999999,8.666666666666667e-05
Ni14,12.03,6.733333333333333e-05
Ni14,12.09,5.555555555555556e-05
Ni14,12.149999999999999,4.511111111111111e-05
Ni14,12.21,3.5888888888888886e-05
Ni14,12.27,2.8666666666666668e-05
Ni14,12.329999999999998,2.0333333333333334e-05
Ni14,12.39,1.633333333333333e-05
Ni14,12.45,1.3444444444444445e-05
Ni14,12.51,1.0333333333333333e-05
Ni14,12.57,7.555555555555555e-06
Ni14,12.629999999999999,5.888888888888889e-06
Ni14,12.69,4.555555555555555e-06
Ni14,12.75,3.5555555555555555e-06
Ni14,12.809999999999999,2.666666666666667e-06
Ni14,12.870000000000001,2.4444444444444442e-06
Ni14,12.93,1.8888888888888888e-06
Ni14,12.989999999999998,1.2222222222222221e-06
Ni14,13.05,1.6666666666666667e-06
Ni14,13.11,1.3333333333333334e-06
Ni14,13.169999999999998,7.777777777777778e-07
Ni14,13.23,6.666666666666667e-07
Ni14,13.29,3.3333333333333335e-07
Ni14,13.35,3.3333333333333335e-07
Ni14,13.41,3.3333333333333335e-07
Ni14,13.469999999999999,1.1111111111111111e-07
Ni14,13.53,1.1111111111111111e-07
Ni14,13.59,1.1111111111111111e-07
Sn14,0.03,5.466666666666667e-05
Sn14,0.09,2e-06
Sn14,0.15,3.3333333333333333e-06
Sn14,0.21,3e-06
Sn14,0.27,1.3333333333333334e-06
Sn14,0.32999999999999996,2e-06
Sn14,0.39,2e-06
Sn14,0.44999999999999996,2.333333333333333e-06
Sn14,0.51,3.6666666666666666e-06
Sn14,0.5700000000000001,2.333333333333333e-06
Sn14,0.6299999999999999,3.6666666666666666e-06
Sn14,0.69,4.333333333333333e-06
Sn14,0.75,2.333333333333333e-06
Sn14,0.81,4.666666666666666e-06
Sn14,0.8699999999999999,4e-06
Sn14,0.9299999999999999,6.666666666666667e-06
Sn14,0.99,6e-06
Sn14,1.05,4.333333333333333e-06
Sn14,1.1099999999999999,7e-06
Sn14,1.17,6.666666666666667e-06
Sn14,1.23,9e-06
Sn14,1.29,8.333333333333334e-06
Sn14,1.3499999999999999,7e-06
Sn14,1.41,1.1666666666666666e-05
Sn14,1.47,8.666666666666666e-06
Sn14,1.53,1.3333333333333333e-05
Sn14,1.5899999999999999,1e-05
Sn14,1.65,1.3666666666666667e-05
Sn14,1.71,1.6e-05
Sn14,1.77,2e-05
Sn14,1.8299999999999998,1.5666666666666667e-05
Sn14,1.89,1.633333333333333e-05
Sn14,1.95,2.1e-05
Sn14,2.01,2.4333333333333333e-05
Sn14,2.0700000000000003,1.9666666666666666e-05
Sn14,2.13,2.8333333333333332e-05
Sn14,2.19,2.4333333333333333e-05
Sn14,2.25,2.7e-05
Sn14,2.3099999999999996,2.5666666666666666e-05
Sn14,2.37,3.866666666666667e-05
Sn14,2.4299999999999997,3.733333333333333e-05
Sn14,2.49,3.4e-05
Sn14,2.55,5.2333333333333336e-05
Sn14,2.61,5.6e-05
Sn14,2.67,5.4e-05
Sn14,2.7299999999999995,6.366666666666666e-05
Sn14,2.79,7.666666666666667e-05
Sn14,2.8499999999999996,7.5e-05
Sn14,2.91,8.266666666666667e-05
Sn14,2.9699999999999998,8.833333333333333e-05
Sn14,3.0300000000000002,0.00010533333333333334
Sn14,3.09,0.000114
Sn14,3.15,0.00012233333333333334
Sn14,3.21,0.00013966666666666666
Sn14,3.2699999999999996,0.000142
Sn14,3.33,0.00016266666666666667
Sn14,3.3899999999999997,0.000183
Sn14,3.45,0.000209
Sn14,3.51,0.00021233333333333334
Sn14,3.57,0.00024266666666666667
Sn14,3.63,0.00026766666666666665
Sn14,3.6899999999999995,0.00026233333333333333
Sn14,3.75,0.000334
Sn14,3.8099999999999996,0.000337
Sn14,3.87,0.000366
Sn14,3.9299999999999997,0.0004243333333333333
Sn14,3.9899999999999998,0.00042633333333333336
Sn14,4.05,0.000479
Sn14,4.109999999999999,0.0005296666666666667
Sn14,4.17,0.0005616666666666667
Sn14,4.23,0.0006283333333333333
Sn14,4.29,0.000683
Sn14,4.35,0.0006963333333333333
Sn14,4.41,0.0008063333333333334
Sn14,4.47,0.0008646666666666667
Sn14,4.529999999999999,0.0009263333333333334
Sn14,4.59,0.001045
Sn14,4.65,0.0011066666666666666
Sn14,4.71,0.001198
Sn14,4.77,0.0013386666666666666
Sn14,4.83,0.0014516666666666666
Sn14,4.89,0.0015903333333333334
Sn14,4.949999999999999,0.0017093333333333333
Sn14,5.01,0.0018776666666666666
Sn14,5.07,0.001982666666666667
Sn14,5.13,0.0021756666666666665
Sn14,5.1899999999999995,0.002275333333333333
Sn14,5.25,0.0025126666666666665
Sn14,5.31,0.002691666666666667
Sn14,5.369999999999999,0.002908
Sn14,5.43,0.0031193333333333333
Sn14,5.49,0.0034263333333333333
Sn14,5.55,0.003649
Sn14,5.609999999999999,0.003926
Sn14,5.67,0.0042053333333333335
Sn14,5.73,0.004510333333333333
Sn14,5.789999999999999,0.004838
Sn14,5.85,0.005127333333333334
Sn14,5.91,0.005526333333333334
Sn14,5.97,0.005857666666666666
Sn14,6.029999999999999,0.006274
Sn14,6.09,0.006684666666666667
Sn14,6.15,0.007122333333333333
Sn14,6.21,0.00757
Sn14,6.27,0.007994666666666667
Sn14,6.33,0.00848
Sn14,6.39,0.008972
Sn14,6.449999999999999,0.009394
Sn14,6.51,0.009931333333333334
Sn14,6.57,0.010350333333333333
Sn14,6.63,0.010860333333333333
Sn14,6.6899999999999995,0.01133
Sn14,6.75,0.011877
Sn14,6.81,0.012363
Sn14,6.869999999999999,0.012867333333333333
Sn14,6.93,0.013373
Sn14,6.99,0.013901333333333333
Sn14,7.05,0.014455
Sn14,7.109999999999999,0.014897333333333334
Sn14,7.17,0.015326666666666667
Sn14,7.2299999999999995,0.01593
Sn14,7.289999999999999,0.016328333333333334
Sn14,7.35,0.016728666666666666
Sn14,7.41,0.017298666666666667
Sn14,7.47,0.017484
Sn14,7.529999999999999,0.017989
Sn14,7.59,0.018293
Sn14,7.65,0.018553
Sn14,7.709999999999999,0.018861333333333334
Sn14,7.77,0.019026666666666667
Sn14,7.83,0.019108666666666666
Sn14,7.89,0.019197
Sn14,7.949999999999999,0.019270333333333334
Sn14,8.01,0.019358
Sn14,8.07,0.019114
Sn14,8.129999999999999,0.01929
Sn14,8.19,0.019176
Sn14,8.25,0.018958333333333334
Sn14,8.309999999999999,0.018894666666666667
Sn14,8.370000000000001,0.018527
Sn14,8.43,0.018179
Sn14,8.489999999999998,0.017876333333333334
Sn14,8.55,0.017378
Sn14,8.61,0.017088666666666665
Sn14,8.67,0.016638666666666666
Sn14,8.73,0.016336666666666666
Sn14,8.79,0.01567
Sn14,8.85,0.015173333333333334
Sn14,8.91,0.014524
Sn14,8.969999999999999,0.013806333333333334
Sn14,9.030000000000001,0.013140333333333334
Sn14,9.09,0.012606
Sn14,9.149999999999999,0.011928666666666667
Sn14,9.21,0.011323333333333333
Sn14,9.27,0.010768666666666666
Sn14,9.329999999999998,0.010056666666666667
Sn14,9.39,0.009423666666666667
Sn14,9.45,0.008848
Sn14,9.51,0.008260666666666666
Sn14,9.57,0.007645
Sn14,9.629999999999999,0.007134666666666667
Sn14,9.69,0.0065513333333333335
Sn14,9.75,0.006014666666666666
Sn14,9.809999999999999,0.005553333333333334
Sn14,9.870000000000001,0.00499
Sn14,9.93,0.004619
Sn14,9.989999999999998,0.004149
Sn14,10.05,0.003752333333333333
Sn14,10.11,0.0034096666666666667
Sn14,10.169999999999998,0.00306
Sn14,10.23,0.0027646666666666666
Sn14,10.29,0.0024666666666666665
Sn14,10.35,0.0021913333333333333
Sn14,10.41,0.001916
Sn14,10.469999999999999,0.0016913333333333333
Sn14,10.53,0.0014863333333333334
Sn14,10.59,0.0012853333333333334
Sn14,10.649999999999999,0.0011373333333333333
Sn14,10.71,0.0009926666666666667
Sn14,10.77,0.0008623333333333333
Sn14,10.829999999999998,0.000738
Sn14,10.89,0.0006203333333333333
Sn14,10.95,0.0005246666666666667
Sn14,11.01,0.00044866666666666666
Sn14,11.07,0.000367
Sn14,11.129999999999999,0.0003156666666666667
Sn14,11.19,0.000268
Sn14,11.25,0.00023666666666666665
Sn14,11.309999999999999,0.000195
Sn14,11.370000000000001,0.00014733333333333333
Sn14,11.43,0.000128
Sn14,11.489999999999998,0.00010333333333333333
Sn14,11.55,9.166666666666667e-05
Sn14,11.61,7.133333333333334e-05
Sn14,11.669999999999998,5.5e-05
Sn14,11.73,4.266666666666667e-05
Sn14,11.79,3.1666666666666666e-05
Sn14,11.85,2.7e-05
Sn14,11.91,1.9e-05
Sn14,11.969999999999999,1.9666666666666666e-05
Sn14,12.03,1.2e-05
Sn14,12.09,1.1e-05
Sn14,12.149999999999999,8.333333333333334e-06
Sn14,12.21,4.666666666666666e-06
Sn14,12.27,3.3333333333333333e-06
Sn14,12.329999999999998,3e-06
Sn14,12.39,2.333333333333333e-06
Sn14,12.45,3.6666666666666666e-06
Sn14,12.51,2.333333333333333e-06
Sn14,12.57,1.6666666666666667e-06
Sn14,12.629999999999999,1.3333333333333334e-06
Sn14,12.69,1.3333333333333334e-06
Sn14,12.75,6.666666666666667e-07
Sn14,12.809999999999999,1e-06
Sn14,12.870000000000001,6.666666666666667e-07
Sn14,12.93,3.3333333333333335e-07
Sn14,12.989999999999998,3.3333333333333335e-07
Sn14,13.05,3.3333333333333335e-07
Ta14,0.03,0.000177625
Ta14,0.09,1.1875e-05
Ta14,0.15,1e-05
Ta14,0.21,8.875e-06
Ta14,0.27,6e-06
Ta14,0.32999999999999996,5.625e-06
Ta14,0.39,7.375e-06
Ta14,0.44999999999999996,9.5e-06
Ta14,0.51,9.25e-06
Ta14,0.5700000000000001,9.75e-06
Ta14,0.6299999999999999,1.0125e-05
Ta14,0.69,1.0125e-05
Ta14,0.75,1.2125e-05
Ta14,0.81,1.3375e-05
Ta14,0.8699999999999999,1.3875e-05
Ta14,0.9299999999999999,1.6375e-05
Ta14,0.99,1.525e-05
Ta14,1.05,1.8625e-05
Ta14,1.1099999999999999,2e-05
Ta14,1.17,2.3e-05
Ta14,1.23,2.2125e-05
Ta14,1.29,2.575e-05
Ta14,1.3499999999999999,2.7125e-05
Ta14,1.41,3.1625e-05
Ta14,1.47,3.025e-05
Ta14,1.53,3.6125e-05
Ta14,1.5899999999999999,3.7125e-05
Ta14,1.65,3.9375e-05
Ta14,1.71,4.375e-05
Ta14,1.77,4.6375e-05
Ta14,1.8299999999999998,5.35e-05
Ta14,1.89,5.35e-05
Ta14,1.95,5.9e-05
Ta14,2.01,7.0875e-05
Ta14,2.0700000000000003,7.175e-05
Ta14,2.13,7.5625e-05
Ta14,2.19,8.9875e-05
Ta14,2.25,8.9125e-05
Ta14,2.3099999999999996,0.000101875
Ta14,2.37,0.000115625
Ta14,2.4299999999999997,0.000115375
Ta14,2.49,0.000135125
Ta14,2.55,0.00014675
Ta14,2.61,0.000148625
Ta14,2.67,0.000174875
Ta14,2.7299999999999995,0.000181625
Ta14,2.79,0.000189
Ta14,2.8499999999999996,0.0002165
Ta14,2.91,0.000235375
Ta14,2.9699999999999998,0.000251125
Ta14,3.0300000000000002,0.000278875
Ta14,3.09,0.000292
Ta14,3.15,0.000327125
Ta14,3.21,0.000347375
Ta14,3.2699999999999996,0.000377625
Ta14,3.33,0.00040725
Ta14,3.3899999999999997,0.000431625
Ta14,3.45,0.0004795
Ta14,3.51,0.000518125
Ta14,3.57,0.000550125
Ta14,3.63,0.00061
Ta14,3.6899999999999995,0.0006445
Ta14,3.75,0.000710125
Ta14,3.8099999999999996,0.000764625
Ta14,3.87,0.00081975
Ta14,3.9299999999999997,0.000905
Ta14,3.9899999999999998,0.00097925
Ta14,4.05,0.001047625
Ta14,4.109999999999999,0.001132875
Ta14,4.17,0.00123575
Ta14,4.23,0.0013105
Ta14,4.29,0.001436625
Ta14,4.35,0.001517375
Ta14,4.41,0.0016665
Ta14,4.47,0.00178025
Ta14,4.529999999999999,0.001934125
Ta14,4.59,0.002058375
Ta14,4.65,0.00224075
Ta14,4.71,0.002401875
Ta14,4.77,0.0025735
Ta14,4.83,0.002764375
Ta14,4.89,0.0029645
Ta14,4.949999999999999,0.003151
Ta14,5.01,0.003402125
Ta14,5.07,0.00364225
Ta14,5.13,0.00387525
Ta14,5.1899999999999995,0.004144375
Ta14,5.25,0.004428375
Ta14,5.31,0.00473475
Ta14,5.369999999999999,0.00503575
Ta14,5.43,0.005357375
Ta14,5.49,0.005715875
Ta14,5.55,0.006052625
Ta14,5.609999999999999,0.00640025
Ta14,5.67,0.00681275
Ta14,5.73,0.0071585
Ta14,5.789999999999999,0.00759625
Ta14,5.85,0.0079955
Ta14,5.91,0.008443
Ta14,5.97,0.008832125
Ta14,6.029999999999999,0.009295125
Ta14,6.09,0.00973225
Ta14,6.15,0.010169375
Ta14,6.21,0.010660125
Ta14,6.27,0.011083625
Ta14,6.33,0.0115815
Ta14,6.39,0.012038125
Ta14,6.449999999999999,0.01247925
Ta14,6.51,0.012973375
Ta14,6.57,0.013434125
Ta14,6.63,0.013882375
Ta14,6.6899999999999995,0.01433625
Ta14,6.75,0.014770875
Ta14,6.81,0.01521325
Ta14,6.869999999999999,0.01568725
Ta14,6.93,0.016018625
Ta14,6.99,0.0164105
Ta14,7.05,0.016863125
Ta14,7.109999999999999,0.0170595
Ta14,7.17,0.01741225
Ta14,7.2299999999999995,0.017723375
Ta14,7.289999999999999,0.017848375
Ta14,7.35,0.018083875
Ta14,7.41,0.0183145
Ta14,7.47,0.018336375
Ta14,7.529999999999999,0.018435
Ta14,7.59,0.01857725
Ta14,7.65,0.018514
Ta14,7.709999999999999,0.018421125
Ta14,7.77,0.01842
Ta14,7.83,0.018274875
Ta14,7.89,0.017986
Ta14,7.949999999999999,0.018002375
Ta14,8.01,0.017636
Ta14,8.07,0.017397875
Ta14,8.129999999999999,0.017113125
Ta14,8.19,0.016756625
Ta14,8.25,0.016393375
Ta14,8.309999999999999,0.01586725
Ta14,8.370000000000001,0.015473
Ta14,8.43,0.014926875
Ta14,8.489999999999998,0.01448725
Ta14,8.55,0.0139205
Ta14,8.61,0.013400375
Ta14,8.67,0.012795625
Ta14,8.73,0.01221275
Ta14,8.79,0.011607625
Ta14,8.85,0.011027125
Ta14,8.91,0.01042125
Ta14,8.969999999999999,0.0098455
Ta14,9.030000000000001,0.009286375
Ta14,9.09,0.008738125
Ta14,9.149999999999999,0.008142875
Ta14,9.21,0.00759675
Ta14,9.27,0.00708575
Ta14,9.329999999999998,0.00653975
Ta14,9.39,0.006062375
Ta14,9.45,0.005568
Ta14,9.51,0.005130875
Ta14,9.57,0.00467625
Ta14,9.629999999999999,0.0042855
Ta14,9.69,0.00389025
Ta14,9.75,0.00352975
Ta14,9.809999999999999,0.003167625
Ta14,9.870000000000001,0.002881875
Ta14,9.93,0.002595125
Ta14,9.989999999999998,0.00230275
Ta14,10.05,0.002078125
Ta14,10.11,0.0018075
Ta14,10.169999999999998,0.00161625
Ta14,10.23,0.001436875
Ta14,10.29,0.00124775
Ta14,10.35,0.00109275
Ta14,10.41,0.0009585
Ta14,10.469999999999999,0.000823375
Ta14,10.53,0.00071375
Ta14,10.59,0.000608
Ta14,10.649999999999999,0.0005205
Ta14,10.71,0.000449875
Ta14,10.77,0.000382625
Ta14,10.829999999999998,0.000318875
Ta14,10.89,0.0002685
Ta14,10.95,0.000222875
Ta14,11.01,0.000192375
Ta14,11.07,0.000161875
Ta14,11.129999999999999,0.000135625
Ta14,11.19,0.00010875
Ta14,11.25,9.2125e-05
Ta14,11.309999999999999,7.125e-05
Ta14,11.370000000000001,5.6125e-05
Ta14,11.43,4.75e-05
Ta14,11.489999999999998,3.85e-05
Ta14,11.55,3.0875e-05
Ta14,11.61,2.275e-05
Ta14,11.669999999999998,1.85e-05
Ta14,11.73,1.525e-05
Ta14,11.79,1.125e-05
Ta14,11.85,8.5e-06
Ta14,11.91,6.375e-06
Ta14,11.969999999999999,5.75e-06
Ta14,12.03,3.875e-06
Ta14,12.09,3.5e-06
Ta14,12.149999999999999,2.25e-06
Ta14,12.21,1.875e-06
Ta14,12.27,2.125e-06
Ta14,12.329999999999998,1.625e-06
Ta14,12.39,1.5e-06
Ta14,12.45,1.25e-06
Ta14,12.51,7.5e-07
Ta14,12.57,6.25e-07
Ta14,12.629999999999999,5e-07
Ta14,12.69,3.75e-07
Ta14,12.75,2.5e-07
Ta14,12.809999999999999,1.25e-07
Ta14,12.870000000000001,1.25e-07
Ta14,12.93,1.25e-07
Cu14,0.03,0.0012664545454545454
Cu14,0.09,6.654545454545455e-05
Cu14,0.15,6.918181818181818e-05
Cu14,0.21,5.354545454545454e-05
Cu14,0.27,4.0818181818181815e-05
Cu14,0.32999999999999996,4.072727272727273e-05
Cu14,0.39,4.3909090909090906e-05
Cu14,0.44999999999999996,4.854545454545454e-05
Cu14,0.51,5.1454545454545455e-05
Cu14,0.5700000000000001,6.209090909090909e-05
Cu14,0.6299999999999999,6.836363636363637e-05
Cu14,0.69,6.472727272727272e-05
Cu14,0.75,6.954545454545455e-05
Cu14,0.81,7.827272727272727e-05
Cu14,0.8699999999999999,8.59090909090909e-05
Cu14,0.9299999999999999,9.663636363636363e-05
Cu14,0.99,9.4e-05
Cu14,1.05,0.000104
Cu14,1.1099999999999999,0.000108
Cu14,1.17,0.000128
Cu14,1.23,0.00012881818181818182
Cu14,1.29,0.00013581818181818183
Cu14,1.3499999999999999,0.000144
Cu14,1.41,0.00016354545454545455
Cu14,1.47,0.00016854545454545453
Cu14,1.53,0.00017881818181818182
Cu14,1.5899999999999999,0.00019627272727272728
Cu14,1.65,0.00020845454545454544
Cu14,1.71,0.00021672727272727273
Cu14,1.77,0.00023863636363636364
Cu14,1.8299999999999998,0.000256
Cu14,1.89,0.00026754545454545455
Cu14,1.95,0.000284
Cu14,2.01,0.0003129090909090909
Cu14,2.0700000000000003,0.0003308181818181818
Cu14,2.13,0.00034945454545454543
Cu14,2.19,0.00038036363636363636
Cu14,2.25,0.000405
Cu14,2.3099999999999996,0.00042618181818181817
Cu14,2.37,0.00046763636363636365
Cu14,2.4299999999999997,0.0004919090909090909
Cu14,2.49,0.0005339090909090909
Cu14,2.55,0.0005694545454545454
Cu14,2.61,0.000601
Cu14,2.67,0.0006590909090909091
Cu14,2.7299999999999995,0.0007035454545454545
Cu14,2.79,0.0007427272727272727
Cu14,2.8499999999999996,0.0007968181818181818
Cu14,2.91,0.0008613636363636363
Cu14,2.9699999999999998,0.0009219090909090909
Cu14,3.0300000000000002,0.000977
Cu14,3.09,0.0010465454545454545
Cu14,3.15,0.0011053636363636363
Cu14,3.21,0.0011971818181818182
Cu14,3.2699999999999996,0.001276090909090909
Cu14,3.33,0.001364090909090909
Cu14,3.3899999999999997,0.001457
Cu14,3.45,0.0015567272727272728
Cu14,3.51,0.001654090909090909
Cu14,3.57,0.001792
Cu14,3.63,0.001894909090909091
Cu14,3.6899999999999995,0.002032
Cu14,3.75,0.002151818181818182
Cu14,3.8099999999999996,0.002319818181818182
Cu14,3.87,0.002442909090909091
Cu14,3.9299999999999997,0.002625090909090909
Cu14,3.9899999999999998,0.0027657272727272726
Cu14,4.05,0.002962
Cu14,4.109999999999999,0.003130272727272727
Cu14,4.17,0.0033387272727272727
Cu14,4.23,0.0035447272727272727
Cu14,4.29,0.0037523636363636366
Cu14,4.35,0.003989636363636364
Cu14,4.41,0.0042387272727272725
Cu14,4.47,0.004497363636363636
Cu14,4.529999999999999,0.004752090909090909
Cu14,4.59,0.005043181818181818
Cu14,4.65,0.005307090909090909
Cu14,4.71,0.00561
Cu14,4.77,0.005919545454545454
Cu14,4.83,0.0062187272727272725
Cu14,4.89,0.006557909090909091
Cu14,4.949999999999999,0.006886
Cu14,5.01,0.007242272727272727
Cu14,5.07,0.007596181818181818
Cu14,5.13,0.007925727272727274
Cu14,5.1899999999999995,0.008328636363636364
Cu14,5.25,0.008681727272727273
Cu14,5.31,0.009092181818181819
Cu14,5.369999999999999,0.00948309090909091
Cu14,5.43,0.009853272727272728
Cu14,5.49,0.010255272727272727
Cu14,5.55,0.010675272727272728
Cu14,5.609999999999999,0.011064
Cu14,5.67,0.011447545454545455
Cu14,5.73,0.011887363636363637
Cu14,5.789999999999999,0.012298636363636364
Cu14,5.85,0.012653636363636363
Cu14,5.91,0.013074636363636363
Cu14,5.97,0.013462
Cu14,6.029999999999999,0.01386090909090909
Cu14,6.09,0.014212636363636363
Cu14,6.15,0.014617909090909091
Cu14,6.21,0.014939545454545455
Cu14,6.27,0.015260363636363636
Cu14,6.33,0.015613
Cu14,6.39,0.015884272727272726
Cu14,6.449999999999999,0.01615427272727273
Cu14,6.51,0.016355454545454545
Cu14,6.57,0.01661781818181818
Cu14,6.63,0.016793
Cu14,6.6899999999999995,0.016952363636363637
Cu14,6.75,0.017072818181818182
Cu14,6.81,0.01721018181818182
Cu14,6.869999999999999,0.01725709090909091
Cu14,6.93,0.01729572727272727
Cu14,6.99,0.017310727272727273
Cu14,7.05,0.017277636363636363
Cu14,7.109999999999999,0.017127
Cu14,7.17,0.01705690909090909
Cu14,7.2299999999999995,0.016925363636363638
Cu14,7.289999999999999,0.016763272727272727
Cu14,7.35,0.016598636363636364
Cu14,7.41,0.016362181818181817
Cu14,7.47,0.016079454545454546
Cu14,7.529999999999999,0.015804181818181818
Cu14,7.59,0.015444181818181819
Cu14,7.65,0.01509609090909091
Cu14,7.709999999999999,0.01467290909090909
Cu14,7.77,0.014260636363636364
Cu14,7.83,0.013833909090909091
Cu14,7.89,0.013354
Cu14,7.949999999999999,0.012900727272727272
Cu14,8.01,0.012423727272727272
Cu14,8.07,0.011911636363636364
Cu14,8.129999999999999,0.011366727272727273
Cu14,8.19,0.010877
Cu14,8.25,0.010313545454545454
Cu14,8.309999999999999,0.009764454545454545
Cu14,8.370000000000001,0.009260454545454546
Cu14,8.43,0.008779454545454545
Cu14,8.489999999999998,0.008267181818181818
Cu14,8.55,0.007773545454545455
Cu14,8.61,0.007250363636363636
Cu14,8.67,0.006772454545454545
Cu14,8.73,0.006314727272727273
Cu14,8.79,0.005861363636363637
Cu14,8.85,0.005422454545454545
Cu14,8.91,0.005006090909090909
Cu14,8.969999999999999,0.004614363636363636
Cu14,9.030000000000001,0.004223
Cu14,9.09,0.0038785454545454544
Cu14,9.149999999999999,0.0035360909090909093
Cu14,9.21,0.003221818181818182
Cu14,9.27,0.0029128181818181818
Cu14,9.329999999999998,0.0026243636363636365
Cu14,9.39,0.002376
Cu14,9.45,0.0021326363636363635
Cu14,9.51,0.001908
Cu14,9.57,0.0016995454545454544
Cu14,9.629999999999999,0.0015192727272727272
Cu14,9.69,0.0013448181818181818
Cu14,9.75,0.0011818181818181819
Cu14,9.809999999999999,0.0010385454545454545
Cu14,9.870000000000001,0.0009059090909090909
Cu14,9.93,0.0007906363636363636
Cu14,9.989999999999998,0.0006901818181818182
Cu14,10.05,0.0005974545454545454
Cu14,10.11,0.0005117272727272727
Cu14,10.169999999999998,0.00044345454545454544
Cu14,10.23,0.000378
Cu14,10.29,0.00032045454545454543
Cu14,10.35,0.00027163636363636365
Cu14,10.41,0.00022827272727272727
Cu14,10.469999999999999,0.00019663636363636365
Cu14,10.53,0.000165
Cu14,10.59,0.00013881818181818182
Cu14,10.649999999999999,0.000116
Cu14,10.71,9.527272727272728e-05
Cu14,10.77,7.854545454545454e-05
Cu14,10.829999999999998,6.218181818181819e-05
Cu14,10.89,5.109090909090909e-05
Cu14,10.95,4.4e-05
Cu14,11.01,3.4e-05
Cu14,11.07,2.6545454545454547e-05
Cu14,11.129999999999999,2.1e-05
Cu14,11.19,1.6818181818181818e-05
Cu14,11.25,1.3272727272727273e-05
Cu14,11.309999999999999,1.0818181818181818e-05
Cu14,11.370000000000001,8.09090909090909e-06
Cu14,11.43,6.454545454545454e-06
Cu14,11.489999999999998,5.090909090909091e-06
Cu14,11.55,3.909090909090909e-06
Cu14,11.61,2.9090909090909093e-06
Cu14,11.669999999999998,2.4545454545454544e-06
Cu14,11.73,1.818181818181818e-06
Cu14,11.79,2.0909090909090907e-06
Cu14,11.85,1.4545454545454546e-06
Cu14,11.91,1.6363636363636365e-06
Cu14,11.969999999999999,1.1818181818181818e-06
Cu14,12.03,7.272727272727273e-07
Cu14,12.09,6.363636363636364e-07
Cu14,12.149999999999999,4.545454545454545e-07
Cu14,12.21,4.545454545454545e-07
Cu14,12.27,3.6363636363636366e-07
Cu14,12.329999999999998,9.090909090909091e-08
Cu14,12.39,9.090909090909091e-08
Cu14,12.45,1.8181818181818183e-07
