name,energy,flux
Ni08,27.57,3.3333333333333335e-07
Ni08,27.63,0.0
Ni08,27.689999999999998,1e-06
Ni08,27.75,2.666666666666667e-06
Ni08,27.81,3e-06
Ni08,27.869999999999997,4.333333333333333e-06
Ni08,27.93,9.666666666666667e-06
Ni08,27.99,1.7333333333333332e-05
Ni08,28.049999999999997,2.5666666666666666e-05
Ni08,28.11,4.3333333333333334e-05
Ni08,28.17,7.933333333333333e-05
Ni08,28.229999999999997,0.000126
Ni08,28.29,0.00018033333333333334
Ni08,28.35,0.00028533333333333335
Ni08,28.409999999999997,0.00043733333333333336
Ni08,28.47,0.0006543333333333334
Ni08,28.53,0.0009383333333333333
Ni08,28.589999999999996,0.0013413333333333333
Ni08,28.65,0.001867
Ni08,28.71,0.002559
Ni08,28.769999999999996,0.003557
Ni08,28.83,0.004672
Ni08,28.89,0.0061333333333333335
Ni08,28.95,0.008027666666666667
Ni08,29.009999999999998,0.00998
Ni08,29.07,0.012569333333333333
Ni08,29.13,0.015630333333333333
Ni08,29.189999999999998,0.018593666666666668
Ni08,29.25,0.02215
Ni08,29.31,0.026059
Ni08,29.369999999999997,0.029717666666666667
Ni08,29.43,0.03398233333333334
Ni08,29.49,0.03782233333333333
Ni08,29.549999999999997,0.041225
Ni08,29.61,0.044655
Ni08,29.67,0.04721033333333333
Ni08,29.729999999999997,0.04931166666666666
Ni08,29.79,0.050816
Ni08,29.85,0.05111533333333333
Ni08,29.909999999999997,0.05092666666666667
Ni08,29.97,0.04941566666666666
Ni08,30.03,0.04790866666666667
Ni08,30.089999999999996,0.04502
Ni08,30.15,0.04183133333333333
Ni08,30.21,0.038442
Ni08,30.269999999999996,0.03441433333333333
Ni08,30.33,0.030570333333333335
Ni08,30.39,0.026644666666666667
Ni08,30.45,0.022758666666666667
Ni08,30.509999999999998,0.019270666666666665
Ni08,30.57,0.015977333333333333
Ni08,30.63,0.012991333333333334
Ni08,30.689999999999998,0.010378666666666666
Ni08,30.75,0.008217333333333333
Ni08,30.81,0.006281666666666666
Ni08,30.869999999999997,0.004866
Ni08,30.93,0.003556
Ni08,30.99,0.002599
Ni08,31.049999999999997,0.001967
Ni08,31.11,0.001313
Ni08,31.17,0.0009783333333333332
Ni08,31.229999999999997,0.000637
Ni08,31.29,0.000421
Ni08,31.35,0.000296
Ni08,31.409999999999997,0.00017666666666666666
Ni08,31.47,0.00013866666666666666
Ni08,31.53,7.233333333333333e-05
Ni08,31.589999999999996,5e-05
Ni08,31.65,2.9333333333333333e-05
Ni08,31.71,1.8e-05
Ni08,31.769999999999996,1.1e-05
Ni08,31.83,8.333333333333334e-06
Ni08,31.89,3e-06
Ni08,31.95,2.666666666666667e-06
Ni08,32.01,6.666666666666667e-07
Ni08,32.07,6.666666666666667e-07
Ni08,32.129999999999995,1e-06
Ni08,32.19,0.0
Ni08,32.25,3.3333333333333335e-07
Ni08,32.31,3.3333333333333335e-07
Ni08,32.37,3.3333333333333335e-07
Ni08,32.43,3.3333333333333335e-07
Sn08,27.509999999999998,3.3333333333333335e-07
Sn08,27.57,1.3333333333333334e-06
Sn08,27.63,2e-06
Sn08,27.689999999999998,4.666666666666666e-06
Sn08,27.75,7.666666666666667e-06
Sn08,27.81,1.0333333333333333e-05
Sn08,27.869999999999997,1.7333333333333332e-05
Sn08,27.93,3.366666666666667e-05
Sn08,27.99,5.5333333333333334e-05
Sn08,28.049999999999997,8.6e-05
Sn08,28.11,0.000157
Sn08,28.17,0.000242
Sn08,28.229999999999997,0.00036133333333333335
Sn08,28.29,0.0005236666666666666
Sn08,28.35,0.0008066666666666667
Sn08,28.409999999999997,0.0011746666666666667
Sn08,28.47,0.0016956666666666667
Sn08,28.53,0.0023493333333333335
Sn08,28.589999999999996,0.0032186666666666666
Sn08,28.65,0.004330666666666667
Sn08,28.71,0.005803
Sn08,28.769999999999996,0.007555333333333333
Sn08,28.83,0.009687
Sn08,28.89,0.012375333333333334
Sn08,28.95,0.015258666666666667
Sn08,29.009999999999998,0.018476333333333334
Sn08,29.07,0.022305666666666668
Sn08,29.13,0.026261
Sn08,29.189999999999998,0.030084
Sn08,29.25,0.034385
Sn08,29.31,0.03852333333333333
Sn08,29.369999999999997,0.042515333333333336
Sn08,29.43,0.046063
Sn08,29.49,0.04881566666666667
Sn08,29.549999999999997,0.05069866666666667
Sn08,29.61,0.05188366666666667
Sn08,29.67,0.052481
Sn08,29.729999999999997,0.052307
Sn08,29.79,0.05083533333333334
Sn08,29.85,0.048641
Sn08,29.909999999999997,0.045524666666666665
Sn08,29.97,0.042054
Sn08,30.03,0.03817
Sn08,30.089999999999996,0.033897666666666666
Sn08,30.15,0.029968
Sn08,30.21,0.026029333333333335
Sn08,30.269999999999996,0.022032333333333334
Sn08,30.33,0.018325666666666667
Sn08,30.39,0.015014333333333333
Sn08,30.45,0.012082666666666667
Sn08,30.509999999999998,0.009515333333333334
Sn08,30.57,0.0073546666666666665
Sn08,30.63,0.005522333333333333
Sn08,30.689999999999998,0.004235333333333333
Sn08,30.75,0.003124
Sn08,30.81,0.002244
Sn08,30.869999999999997,0.001641
Sn08,30.93,0.0010516666666666667
Sn08,30.99,0.0007226666666666667
Sn08,31.049999999999997,0.00051
Sn08,31.11,0.00034333333333333335
Sn08,31.17,0.00023466666666666666
Sn08,31.229999999999997,0.00013166666666666668
Sn08,31.29,9.333333333333333e-05
Sn08,31.35,5.6666666666666664e-05
Sn08,31.409999999999997,3.2e-05
Sn08,31.47,2.2666666666666668e-05
Sn08,31.53,1.3666666666666667e-05
Sn08,31.589999999999996,8.666666666666666e-06
Sn08,31.65,3.3333333333333333e-06
Sn08,31.71,1.6666666666666667e-06
Sn08,31.769999999999996,2e-06
Sn08,31.83,1e-06
Sn08,31.89,0.0
Sn08,31.95,0.0
Sn08,32.01,3.3333333333333335e-07
Sn08,32.07,1e-06
Sn08,32.129999999999995,6.666666666666667e-07
Ta08,27.27,3.3333333333333335e-07
Ta08,27.33,6.666666666666667e-07
Ta08,27.39,2.333333333333333e-06
Ta08,27.45,2.666666666666667e-06
Ta08,27.509999999999998,5e-06
Ta08,27.57,7.333333333333333e-06
Ta08,27.63,1.4333333333333334e-05
Ta08,27.689999999999998,2.5333333333333334e-05
Ta08,27.75,3.8333333333333334e-05
Ta08,27.81,6.866666666666666e-05
Ta08,27.869999999999997,0.00010733333333333333
Ta08,27.93,0.00017
Ta08,27.99,0.0002643333333333333
Ta08,28.049999999999997,0.00038866666666666666
Ta08,28.11,0.0005933333333333333
Ta08,28.17,0.0008613333333333333
Ta08,28.229999999999997,0.001232
Ta08,28.29,0.0017446666666666667
Ta08,28.35,0.002388
Ta08,28.409999999999997,0.0032953333333333333
Ta08,28.47,0.00441
Ta08,28.53,0.005753
Ta08,28.589999999999996,0.0075636666666666665
Ta08,28.65,0.009546
Ta08,28.71,0.012014333333333333
Ta08,28.769999999999996,0.014809
Ta08,28.83,0.018019666666666666
Ta08,28.89,0.021452333333333334
Ta08,28.95,0.025165333333333335
Ta08,29.009999999999998,0.029018
Ta08,29.07,0.03312966666666667
Ta08,29.13,0.03699466666666667
Ta08,29.189999999999998,0.04074033333333334
Ta08,29.25,0.044022
Ta08,29.31,0.04697
Ta08,29.369999999999997,0.048985666666666663
Ta08,29.43,0.050749
Ta08,29.49,0.05111566666666666
Ta08,29.549999999999997,0.051159
Ta08,29.61,0.050021
Ta08,29.67,0.048306666666666664
Ta08,29.729999999999997,0.045836
Ta08,29.79,0.042570666666666666
Ta08,29.85,0.039032
Ta08,29.909999999999997,0.03523966666666667
Ta08,29.97,0.03127933333333333
Ta08,30.03,0.027386333333333332
Ta08,30.089999999999996,0.023446666666666668
Ta08,30.15,0.02
Ta08,30.21,0.016521333333333332
Ta08,30.269999999999996,0.013527
Ta08,30.33,0.010773666666666668
Ta08,30.39,0.008551
Ta08,30.45,0.006594666666666667
Ta08,30.509999999999998,0.005022
Ta08,30.57,0.0038163333333333335
Ta08,30.63,0.002758
Ta08,30.689999999999998,0.0020416666666666665
Ta08,30.75,0.0014273333333333334
Ta08,30.81,0.0010033333333333333
Ta08,30.869999999999997,0.0007013333333333333
Ta08,30.93,0.000434
Ta08,30.99,0.0003226666666666667
Ta08,31.049999999999997,0.00019933333333333334
Ta08,31.11,0.000141
Ta08,31.17,8.166666666666667e-05
Ta08,31.229999999999997,5.2333333333333336e-05
Ta08,31.29,3.433333333333333e-05
Ta08,31.35,2e-05
Ta08,31.409999999999997,1.3e-05
Ta08,31.47,7.333333333333333e-06
Ta08,31.53,4.666666666666666e-06
Ta08,31.589999999999996,2e-06
Ta08,31.65,1.3333333333333334e-06
Ta08,31.71,3.3333333333333335e-07
Ta08,31.769999999999996,1e-06
Ta08,31.83,3.3333333333333335e-07
Ta08,31.89,3.3333333333333335e-07
Ta08,31.95,3.3333333333333335e-07
Ta08,32.01,3.3333333333333335e-07
Ta08,32.07,3.3333333333333335e-07
Cu08,26.97,3.3333333333333335e-07
Cu08,27.03,6.666666666666667e-07
Cu08,27.089999999999996,1.6666666666666667e-06
Cu08,27.15,1.6666666666666667e-06
Cu08,27.21,4.333333333333333e-06
Cu08,27.27,6.666666666666667e-06
Cu08,27.33,1.2e-05
Cu08,27.39,1.8666666666666665e-05
Cu08,27.45,3.3333333333333335e-05
Cu08,27.509999999999998,5.0333333333333335e-05
Cu08,27.57,9.466666666666667e-05
Cu08,27.63,0.000138
Cu08,27.689999999999998,0.00021633333333333332
Cu08,27.75,0.0003206666666666667
Cu08,27.81,0.0004926666666666666
Cu08,27.869999999999997,0.0007106666666666666
Cu08,27.93,0.0010356666666666667
Cu08,27.99,0.0014576666666666666
Cu08,28.049999999999997,0.0020123333333333334
Cu08,28.11,0.002748
Cu08,28.17,0.003761
Cu08,28.229999999999997,0.0049
Cu08,28.29,0.006455
Cu08,28.35,0.008308
Cu08,28.409999999999997,0.010380666666666667
Cu08,28.47,0.013003
Cu08,28.53,0.015911666666666668
Cu08,28.589999999999996,0.019017666666666665
Cu08,28.65,0.022543
Cu08,28.71,0.026286666666666667
Cu08,28.769999999999996,0.030015666666666666
Cu08,28.83,0.034174333333333334
Cu08,28.89,0.03778666666666667
Cu08,28.95,0.041401
Cu08,29.009999999999998,0.04439766666666667
Cu08,29.07,0.047079666666666665
Cu08,29.13,0.04900266666666667
Cu08,29.189999999999998,0.050376333333333335
Cu08,29.25,0.050656
Cu08,29.31,0.05037433333333333
Cu08,29.369999999999997,0.04897833333333333
Cu08,29.43,0.04735
Cu08,29.49,0.044566
Cu08,29.549999999999997,0.041432
Cu08,29.61,0.037998333333333335
Cu08,29.67,0.034103666666666664
Cu08,29.729999999999997,0.0303
Cu08,29.79,0.026457
Cu08,29.85,0.022650333333333335
Cu08,29.909999999999997,0.01926133333333333
Cu08,29.97,0.015961333333333334
Cu08,30.03,0.013041666666666667
Cu08,30.089999999999996,0.010400333333333333
Cu08,30.15,0.008310333333333333
Cu08,30.21,0.006403333333333333
Cu08,30.269999999999996,0.004863
Cu08,30.33,0.003675
Cu08,30.39,0.002673333333333333
Cu08,30.45,0.0020093333333333335
Cu08,30.509999999999998,0.001387
Cu08,30.57,0.0009946666666666667
Cu08,30.63,0.0006846666666666666
Cu08,30.689999999999998,0.00043066666666666665
Cu08,30.75,0.00032566666666666665
Cu08,30.81,0.00018833333333333332
Cu08,30.869999999999997,0.00014566666666666667
Cu08,30.93,8.366666666666666e-05
Cu08,30.99,5.066666666666667e-05
Cu08,31.049999999999997,3.5e-05
Cu08,31.11,2.0666666666666666e-05
Cu08,31.17,1.1e-05
Cu08,31.229999999999997,8.666666666666666e-06
Cu08,31.29,5.333333333333334e-06
Cu08,31.35,1.6666666666666667e-06
Cu08,31.409999999999997,1.6666666666666667e-06
Cu08,31.47,0.0
Cu08,31.53,1.3333333333333334e-06
Cu08,31.589999999999996,3.3333333333333335e-07
Cu08,31.65,3.3333333333333335e-07
Cu08,31.71,3.3333333333333335e-07
Cu08,31.769999999999996,3.3333333333333335e-07
Cu08,31.83,3.3333333333333335e-07
Al_degrader_E2_E1,24.75,1.4285714285714285e-07
Al_degrader_E2_E1,24.81,0.0
Al_degrader_E2_E1,24.869999999999997,4.2857142857142857e-07
Al_degrader_E2_E1,24.93,1e-06
Al_degrader_E2_E1,24.990000000000002,5.714285714285714e-07
Al_degrader_E2_E1,25.049999999999997,1.5714285714285714e-06
Al_degrader_E2_E1,25.11,2.4285714285714284e-06
Al_degrader_E2_E1,25.17,3.2857142857142857e-06
Al_degrader_E2_E1,25.229999999999997,8e-06
Al_degrader_E2_E1,25.29,1.1285714285714285e-05
Al_degrader_E2_E1,25.35,1.5285714285714286e-05
Al_degrader_E2_E1,25.409999999999997,3.0142857142857143e-05
Al_degrader_E2_E1,25.47,4.1285714285714284e-05
Al_degrader_E2_E1,25.53,5.842857142857143e-05
Al_degrader_E2_E1,25.589999999999996,8.485714285714285e-05
Al_degrader_E2_E1,25.65,0.0001292857142857143
Al_degrader_E2_E1,25.71,0.00018542857142857144
Al_degrader_E2_E1,25.77,0.000262
Al_degrader_E2_E1,25.83,0.0003517142857142857
Al_degrader_E2_E1,25.89,0.0004894285714285714
Al_degrader_E2_E1,25.95,0.0006317142857142857
Al_degrader_E2_E1,26.009999999999998,0.0008615714285714286
Al_degrader_E2_E1,26.07,0.0011441428571428572
Al_degrader_E2_E1,26.13,0.0014231428571428572
Al_degrader_E2_E1,26.189999999999998,0.0018454285714285714
Al_degrader_E2_E1,26.25,0.002345
Al_degrader_E2_E1,26.31,0.0028487142857142856
Al_degrader_E2_E1,26.369999999999997,0.003503
Al_degrader_E2_E1,26.43,0.004316
Al_degrader_E2_E1,26.49,0.00506
Al_degrader_E2_E1,26.549999999999997,0.005935571428571429
Al_degrader_E2_E1,26.61,0.007055
Al_degrader_E2_E1,26.67,0.008020285714285714
Al_degrader_E2_E1,26.729999999999997,0.009226428571428571
Al_degrader_E2_E1,26.79,0.010457857142857142
Al_degrader_E2_E1,26.85,0.011616714285714286
Al_degrader_E2_E1,26.909999999999997,0.012715857142857143
Al_degrader_E2_E1,26.97,0.014063
Al_degrader_E2_E1,27.03,0.015110428571428572
Al_degrader_E2_E1,27.089999999999996,0.016422857142857142
Al_degrader_E2_E1,27.15,0.01757142857142857
Al_degrader_E2_E1,27.21,0.018504142857142858
Al_degrader_E2_E1,27.27,0.019322714285714287
Al_degrader_E2_E1,27.33,0.020235285714285713
Al_degrader_E2_E1,27.39,0.020874285714285713
Al_degrader_E2_E1,27.45,0.021704285714285714
Al_degrader_E2_E1,27.509999999999998,0.02235042857142857
Al_degrader_E2_E1,27.57,0.022769571428571427
Al_degrader_E2_E1,27.63,0.023155142857142857
Al_degrader_E2_E1,27.689999999999998,0.02350942857142857
Al_degrader_E2_E1,27.75,0.023764857142857143
Al_degrader_E2_E1,27.81,0.024086714285714284
Al_degrader_E2_E1,27.869999999999997,0.024379857142857144
Al_degrader_E2_E1,27.93,0.024403285714285714
Al_degrader_E2_E1,27.99,0.024539428571428573
Al_degrader_E2_E1,28.049999999999997,0.024512714285714287
Al_degrader_E2_E1,28.11,0.024632714285714286
Al_degrader_E2_E1,28.17,0.02476242857142857
Al_degrader_E2_E1,28.229999999999997,0.024759714285714284
Al_degrader_E2_E1,28.29,0.02461057142857143
Al_degrader_E2_E1,28.35,0.024603
Al_degrader_E2_E1,28.409999999999997,0.024329142857142858
Al_degrader_E2_E1,28.47,0.024286142857142857
Al_degrader_E2_E1,28.53,0.024082857142857142
Al_degrader_E2_E1,28.589999999999996,0.023727571428571428
Al_degrader_E2_E1,28.65,0.023262714285714286
Al_degrader_E2_E1,28.71,0.02271557142857143
Al_degrader_E2_E1,28.769999999999996,0.022049714285714287
Al_degrader_E2_E1,28.83,0.021480714285714287
Al_degrader_E2_E1,28.89,0.020638
Al_degrader_E2_E1,28.95,0.019700142857142857
Al_degrader_E2_E1,29.009999999999998,0.018610714285714286
Al_degrader_E2_E1,29.07,0.017348
Al_degrader_E2_E1,29.13,0.016206857142857144
Al_degrader_E2_E1,29.189999999999998,0.014939
Al_degrader_E2_E1,29.25,0.013568
Al_degrader_E2_E1,29.31,0.012327714285714286
Al_degrader_E2_E1,29.369999999999997,0.010857857142857143
Al_degrader_E2_E1,29.43,0.00957157142857143
Al_degrader_E2_E1,29.49,0.008286714285714286
Al_degrader_E2_E1,29.549999999999997,0.007110857142857143
Al_degrader_E2_E1,29.61,0.006039571428571429
Al_degrader_E2_E1,29.67,0.005071285714285714
Al_degrader_E2_E1,29.729999999999997,0.0041155714285714285
Al_degrader_E2_E1,29.79,0.0033605714285714285
Al_degrader_E2_E1,29.85,0.0026957142857142857
Al_degrader_E2_E1,29.909999999999997,0.0021078571428571427
Al_degrader_E2_E1,29.97,0.0016735714285714286
Al_degrader_E2_E1,30.03,0.001235
Al_degrader_E2_E1,30.089999999999996,0.000914
Al_degrader_E2_E1,30.15,0.0007008571428571428
Al_degrader_E2_E1,30.21,0.000511
Al_degrader_E2_E1,30.269999999999996,0.000361
Al_degrader_E2_E1,30.33,0.00026785714285714287
Al_degrader_E2_E1,30.39,0.00016785714285714285
Al_degrader_E2_E1,30.45,0.000117
Al_degrader_E2_E1,30.509999999999998,7.957142857142858e-05
Al_degrader_E2_E1,30.57,5.271428571428572e-05
Al_degrader_E2_E1,30.63,3.9e-05
Al_degrader_E2_E1,30.689999999999998,2.1142857142857144e-05
Al_degrader_E2_E1,30.75,1.4285714285714285e-05
Al_degrader_E2_E1,30.81,8.571428571428571e-06
Al_degrader_E2_E1,30.869999999999997,5.428571428571429e-06
Al_degrader_E2_E1,30.93,4.571428571428571e-06
Al_degrader_E2_E1,30.99,1.857142857142857e-06
Al_degrader_E2_E1,31.049999999999997,1e-06
Al_degrader_E2_E1,31.11,7.142857142857143e-07
Al_degrader_E2_E1,31.17,2.857142857142857e-07
Al_degrader_E2_E1,31.229999999999997,2.857142857142857e-07
Al_degrader_E2_E1,31.29,4.2857142857142857e-07
Al_degrader_E2_E1,31.35,0.0
Al_degrader_E2_E1,31.409999999999997,0.0
Al_degrader_E2_E1,31.47,0.0
Al_degrader_E2_E1,31.53,1.4285714285714285e-07
Al_degrader_E2_E1,31.589999999999996,1.4285714285714285e-07
Ni09,24.45,3.3333333333333335e-07
Ni09,24.509999999999998,6.666666666666667e-07
Ni09,24.57,1.6666666666666667e-06
Ni09,24.63,1.6666666666666667e-06
Ni09,24.689999999999998,4e-06
Ni09,24.75,4.333333333333333e-06
Ni09,24.81,9.666666666666667e-06
Ni09,24.869999999999997,1.6e-05
Ni09,24.93,2.3666666666666668e-05
Ni09,24.990000000000002,4e-05
Ni09,25.049999999999997,6.633333333333334e-05
Ni09,25.11,9.333333333333333e-05
Ni09,25.17,0.000146
Ni09,25.229999999999997,0.000223
Ni09,25.29,0.00031833333333333334
Ni09,25.35,0.000473
Ni09,25.409999999999997,0.000663
Ni09,25.47,0.0009436666666666667
Ni09,25.53,0.0012833333333333334
Ni09,25.589999999999996,0.001755
Ni09,25.65,0.0023253333333333333
Ni09,25.71,0.003158666666666667
Ni09,25.77,0.004095
Ni09,25.83,0.005201666666666667
Ni09,25.89,0.006782666666666667
Ni09,25.95,0.008367
Ni09,26.009999999999998,0.010288333333333333
Ni09,26.07,0.012714666666666668
Ni09,26.13,0.015186333333333333
Ni09,26.189999999999998,0.017917
Ni09,26.25,0.020986
Ni09,26.31,0.024318666666666666
Ni09,26.369999999999997,0.027427
Ni09,26.43,0.0311
Ni09,26.49,0.034336
Ni09,26.549999999999997,0.037303
Ni09,26.61,0.040340666666666664
Ni09,26.67,0.04276666666666667
Ni09,26.729999999999997,0.044714333333333335
Ni09,26.79,0.046295333333333334
Ni09,26.85,0.047081333333333336
Ni09,26.909999999999997,0.047196
Ni09,26.97,0.04686066666666667
Ni09,27.03,0.045469333333333334
Ni09,27.089999999999996,0.044094666666666664
Ni09,27.15,0.041666666666666664
Ni09,27.21,0.038895
Ni09,27.27,0.03603066666666667
Ni09,27.33,0.03261733333333333
Ni09,27.39,0.029258666666666665
Ni09,27.45,0.026028
Ni09,27.509999999999998,0.022553
Ni09,27.57,0.019558
Ni09,27.63,0.016533333333333334
Ni09,27.689999999999998,0.013825
Ni09,27.75,0.011301
Ni09,27.81,0.009192333333333334
Ni09,27.869999999999997,0.007364333333333333
Ni09,27.93,0.0057536666666666665
Ni09,27.99,0.004527
Ni09,28.049999999999997,0.003406
Ni09,28.11,0.002523333333333333
Ni09,28.17,0.0019573333333333335
Ni09,28.229999999999997,0.0013806666666666668
Ni09,28.29,0.001008
Ni09,28.35,0.0007413333333333333
Ni09,28.409999999999997,0.00045266666666666665
Ni09,28.47,0.00035233333333333335
Ni09,28.53,0.000229
Ni09,28.589999999999996,0.000157
Ni09,28.65,0.000112
Ni09,28.71,6.1e-05
Ni09,28.769999999999996,4.766666666666667e-05
Ni09,28.83,2.6e-05
Ni09,28.89,1.9e-05
Ni09,28.95,1e-05
Ni09,29.009999999999998,8.333333333333334e-06
Ni09,29.07,4.666666666666666e-06
Ni09,29.13,1.3333333333333334e-06
Ni09,29.189999999999998,1.6666666666666667e-06
Ni09,29.25,3.3333333333333335e-07
Ni09,29.31,1.3333333333333334e-06
Ni09,29.369999999999997,3.3333333333333335e-07
Ni09,29.43,3.3333333333333335e-07
Ni09,29.49,3.3333333333333335e-07
Ni09,29.549999999999997,0.0
Ni09,29.61,3.3333333333333335e-07
Ni09,29.67,3.3333333333333335e-07
Sn09,24.33,3.3333333333333335e-07
Sn09,24.39,3.3333333333333335e-07
Sn09,24.45,1.6666666666666667e-06
Sn09,24.509999999999998,4e-06
Sn09,24.57,4.666666666666666e-06
Sn09,24.63,8.333333333333334e-06
Sn09,24.689999999999998,1.0666666666666667e-05
Sn09,24.75,1.6e-05
Sn09,24.81,3.5e-05
Sn09,24.869999999999997,5.066666666666667e-05
Sn09,24.93,7.566666666666667e-05
Sn09,24.990000000000002,0.00013733333333333333
Sn09,25.049999999999997,0.00020033333333333334
Sn09,25.11,0.0002903333333333333
Sn09,25.17,0.0004133333333333333
Sn09,25.229999999999997,0.0005933333333333333
Sn09,25.29,0.0008706666666666666
Sn09,25.35,0.001246
Sn09,25.409999999999997,0.001662
Sn09,25.47,0.0022956666666666668
Sn09,25.53,0.003014
Sn09,25.589999999999996,0.003989
Sn09,25.65,0.005199
Sn09,25.71,0.006680666666666666
Sn09,25.77,0.008353333333333334
Sn09,25.83,0.010482333333333333
Sn09,25.89,0.012916
Sn09,25.95,0.015462
Sn09,26.009999999999998,0.018436
Sn09,26.07,0.021808666666666667
Sn09,26.13,0.025040333333333335
Sn09,26.189999999999998,0.028393333333333333
Sn09,26.25,0.03203166666666667
Sn09,26.31,0.03557066666666667
Sn09,26.369999999999997,0.038921
Sn09,26.43,0.042051
Sn09,26.49,0.04449733333333333
Sn09,26.549999999999997,0.046241
Sn09,26.61,0.047439
Sn09,26.67,0.04819933333333333
Sn09,26.729999999999997,0.048452666666666665
Sn09,26.79,0.047796
Sn09,26.85,0.046407
Sn09,26.909999999999997,0.044237
Sn09,26.97,0.041508
Sn09,27.03,0.038518
Sn09,27.089999999999996,0.035213
Sn09,27.15,0.03159233333333333
Sn09,27.21,0.028164333333333333
Sn09,27.27,0.024870666666666666
Sn09,27.33,0.021446333333333335
Sn09,27.39,0.018155333333333332
Sn09,27.45,0.015204666666666667
Sn09,27.509999999999998,0.012502333333333334
Sn09,27.57,0.010224666666666667
Sn09,27.63,0.008102666666666666
Sn09,27.689999999999998,0.0063163333333333335
Sn09,27.75,0.004892
Sn09,27.81,0.003769666666666667
Sn09,27.869999999999997,0.0028706666666666668
Sn09,27.93,0.002102
Sn09,27.99,0.0015723333333333334
Sn09,28.049999999999997,0.001078
Sn09,28.11,0.0007256666666666667
Sn09,28.17,0.0005253333333333334
Sn09,28.229999999999997,0.0003713333333333333
Sn09,28.29,0.0002643333333333333
Sn09,28.35,0.00017366666666666667
Sn09,28.409999999999997,0.00010466666666666667
Sn09,28.47,7.2e-05
Sn09,28.53,4.3666666666666666e-05
Sn09,28.589999999999996,3.1e-05
Sn09,28.65,1.8333333333333333e-05
Sn09,28.71,1.3333333333333333e-05
Sn09,28.769999999999996,8e-06
Sn09,28.83,3e-06
Sn09,28.89,2.333333333333333e-06
Sn09,28.95,1.6666666666666667e-06
Sn09,29.009999999999998,1.6666666666666667e-06
Sn09,29.07,0.0
Sn09,29.13,0.0
Sn09,29.189999999999998,0.0
Sn09,29.25,6.666666666666667e-07
Sn09,29.31,1e-06
Sn09,29.369999999999997,3.3333333333333335e-07
Ta09,24.03,3.3333333333333335e-07
Ta09,24.089999999999996,0.0
Ta09,24.15,6.666666666666667e-07
Ta09,24.21,2e-06
Ta09,24.27,2e-06
Ta09,24.33,4.666666666666666e-06
Ta09,24.39,4.666666666666666e-06
Ta09,24.45,1.2e-05
Ta09,24.509999999999998,1.7333333333333332e-05
Ta09,24.57,2.6e-05
Ta09,24.63,4.3e-05
Ta09,24.689999999999998,7.266666666666667e-05
Ta09,24.75,0.000105
Ta09,24.81,0.00016266666666666667
Ta09,24.869999999999997,0.00024233333333333333
Ta09,24.93,0.000338
Ta09,24.990000000000002,0.000524
Ta09,25.049999999999997,0.0007046666666666667
Ta09,25.11,0.001013
Ta09,25.17,0.0013723333333333333
Ta09,25.229999999999997,0.001866
Ta09,25.29,0.0024766666666666665
Ta09,25.35,0.0033393333333333335
Ta09,25.409999999999997,0.004287666666666667
Ta09,25.47,0.005480333333333334
Ta09,25.53,0.007049666666666667
Ta09,25.589999999999996,0.008736
Ta09,25.65,0.010748
Ta09,25.71,0.013080333333333333
Ta09,25.77,0.015737666666666667
Ta09,25.83,0.018567
Ta09,25.89,0.021589333333333332
Ta09,25.95,0.024833666666666667
Ta09,26.009999999999998,0.028128
Ta09,26.07,0.03177166666666666
Ta09,26.13,0.034739
Ta09,26.189999999999998,0.038072666666666664
Ta09,26.25,0.040682
Ta09,26.31,0.043246
Ta09,26.369999999999997,0.044900333333333334
Ta09,26.43,0.04665933333333333
Ta09,26.49,0.04698033333333333
Ta09,26.549999999999997,0.04728966666666667
Ta09,26.61,0.04657766666666667
Ta09,26.67,0.04529433333333333
Ta09,26.729999999999997,0.04364766666666667
Ta09,26.79,0.041093
Ta09,26.85,0.038441333333333334
Ta09,26.909999999999997,0.035219
Ta09,26.97,0.032014
Ta09,27.03,0.028645
Ta09,27.089999999999996,0.025360666666666667
Ta09,27.15,0.021976
Ta09,27.21,0.018984333333333332
Ta09,27.27,0.015982666666666666
Ta09,27.33,0.013395333333333334
Ta09,27.39,0.010849333333333334
Ta09,27.45,0.008882333333333334
Ta09,27.509999999999998,0.006992333333333333
Ta09,27.57,0.005569666666666666
Ta09,27.63,0.004245666666666667
Ta09,27.689999999999998,0.0032853333333333332
Ta09,27.75,0.002437
Ta09,27.81,0.0018353333333333333
Ta09,27.869999999999997,0.0013146666666666667
Ta09,27.93,0.0009536666666666667
Ta09,27.99,0.000681
Ta09,28.049999999999997,0.000435
Ta09,28.11,0.00033766666666666667
Ta09,28.17,0.00021366666666666667
Ta09,28.229999999999997,0.000152
Ta09,28.29,9.966666666666667e-05
Ta09,28.35,6.333333333333333e-05
Ta09,28.409999999999997,4.233333333333333e-05
Ta09,28.47,2.6333333333333334e-05
Ta09,28.53,1.7e-05
Ta09,28.589999999999996,1.0333333333333333e-05
Ta09,28.65,6.666666666666667e-06
Ta09,28.71,4.333333333333333e-06
Ta09,28.769999999999996,1.6666666666666667e-06
Ta09,28.83,1.6666666666666667e-06
Ta09,28.89,0.0
Ta09,28.95,1e-06
Ta09,29.009999999999998,3.3333333333333335e-07
Ta09,29.07,3.3333333333333335e-07
Ta09,29.13,3.3333333333333335e-07
Ta09,29.189999999999998,3.3333333333333335e-07
Ta09,29.25,3.3333333333333335e-07
Ta09,29.31,3.3333333333333335e-07
Cu09,23.729999999999997,3.3333333333333335e-07
Cu09,23.79,0.0
Cu09,23.85,1e-06
Cu09,23.909999999999997,2e-06
Cu09,23.97,2.333333333333333e-06
Cu09,24.03,4.666666666666666e-06
Cu09,24.089999999999996,5.333333333333334e-06
Cu09,24.15,1.2e-05
Cu09,24.21,1.7e-05
Cu09,24.27,2.5333333333333334e-05
Cu09,24.33,4.3e-05
Cu09,24.39,7.333333333333333e-05
Cu09,24.45,0.00010766666666666666
Cu09,24.509999999999998,0.000152
Cu09,24.57,0.00023866666666666668
Cu09,24.63,0.00032866666666666667
Cu09,24.689999999999998,0.0005006666666666666
Cu09,24.75,0.0006843333333333333
Cu09,24.81,0.0009733333333333333
Cu09,24.869999999999997,0.0013166666666666667
Cu09,24.93,0.0017803333333333334
Cu09,24.990000000000002,0.002358
Cu09,25.049999999999997,0.0031856666666666665
Cu09,25.11,0.004099
Cu09,25.17,0.005192
Cu09,25.229999999999997,0.00669
Cu09,25.29,0.008277666666666666
Cu09,25.35,0.010147666666666666
Cu09,25.409999999999997,0.012481
Cu09,25.47,0.014886666666666666
Cu09,25.53,0.01761566666666667
Cu09,25.589999999999996,0.020519333333333334
Cu09,25.65,0.023780333333333334
Cu09,25.71,0.026786333333333332
Cu09,25.77,0.030328666666666667
Cu09,25.83,0.033517333333333336
Cu09,25.89,0.036493
Cu09,25.95,0.039316
Cu09,26.009999999999998,0.04194233333333333
Cu09,26.07,0.043818333333333334
Cu09,26.13,0.04552333333333333
Cu09,26.189999999999998,0.046364
Cu09,26.25,0.046607
Cu09,26.31,0.046358333333333335
Cu09,26.369999999999997,0.045231
Cu09,26.43,0.043953
Cu09,26.49,0.041756666666666664
Cu09,26.549999999999997,0.039143
Cu09,26.61,0.036385
Cu09,26.67,0.03317266666666667
Cu09,26.729999999999997,0.029932666666666666
Cu09,26.79,0.026708333333333334
Cu09,26.85,0.023388333333333334
Cu09,26.909999999999997,0.020253
Cu09,26.97,0.017321333333333334
Cu09,27.03,0.014625333333333334
Cu09,27.089999999999996,0.012131333333333333
Cu09,27.15,0.009839
Cu09,27.21,0.008005333333333333
Cu09,27.27,0.006274666666666666
Cu09,27.33,0.004962
Cu09,27.39,0.003815666666666667
Cu09,27.45,0.0028786666666666665
Cu09,27.509999999999998,0.0021856666666666665
Cu09,27.57,0.0016463333333333334
Cu09,27.63,0.001131
Cu09,27.689999999999998,0.000864
Cu09,27.75,0.0005923333333333334
Cu09,27.81,0.00038533333333333334
Cu09,27.869999999999997,0.0002976666666666667
Cu09,27.93,0.00018333333333333334
Cu09,27.99,0.00014033333333333332
Cu09,28.049999999999997,8.4e-05
Cu09,28.11,5.4e-05
Cu09,28.17,4.233333333333333e-05
Cu09,28.229999999999997,1.7333333333333332e-05
Cu09,28.29,1.7333333333333332e-05
Cu09,28.35,9.666666666666667e-06
Cu09,28.409999999999997,7.333333333333333e-06
Cu09,28.47,2.333333333333333e-06
Cu09,28.53,2.333333333333333e-06
Cu09,28.589999999999996,1e-06
Cu09,28.65,0.0
Cu09,28.71,1.3333333333333334e-06
Cu09,28.769999999999996,3.3333333333333335e-07
Cu09,28.83,3.3333333333333335e-07
Cu09,28.89,3.3333333333333335e-07
Cu09,28.95,0.0
Cu09,29.009999999999998,3.3333333333333335e-07
Cu09,29.07,3.3333333333333335e-07
Al_degrader_E4_E3,21.27,1.1111111111111111e-07
Al_degrader_E4_E3,21.33,0.0
Al_degrader_E4_E3,21.39,2.2222222222222222e-07
Al_degrader_E4_E3,21.45,4.4444444444444444e-07
Al_degrader_E4_E3,21.509999999999998,5.555555555555555e-07
Al_degrader_E4_E3,21.57,8.888888888888889e-07
Al_degrader_E4_E3,21.63,8.888888888888889e-07
Al_degrader_E4_E3,21.689999999999998,2.333333333333333e-06
Al_degrader_E4_E3,21.75,2.5555555555555557e-06
Al_degrader_E4_E3,21.81,5.666666666666667e-06
Al_degrader_E4_E3,21.869999999999997,6.777777777777778e-06
Al_degrader_E4_E3,21.93,1.088888888888889e-05
Al_degrader_E4_E3,21.990000000000002,1.8111111111111112e-05
Al_degrader_E4_E3,22.049999999999997,2.5444444444444446e-05
Al_degrader_E4_E3,22.11,3.722222222222222e-05
Al_degrader_E4_E3,22.17,5e-05
Al_degrader_E4_E3,22.229999999999997,6.988888888888889e-05
Al_degrader_E4_E3,22.29,0.00010311111111111111
Al_degrader_E4_E3,22.35,0.00014344444444444444
Al_degrader_E4_E3,22.409999999999997,0.00019555555555555556
Al_degrader_E4_E3,22.47,0.00025166666666666664
Al_degrader_E4_E3,22.53,0.0003446666666666667
Al_degrader_E4_E3,22.589999999999996,0.00044555555555555554
Al_degrader_E4_E3,22.65,0.0005854444444444444
Al_degrader_E4_E3,22.71,0.000761
Al_degrader_E4_E3,22.77,0.0009738888888888889
Al_degrader_E4_E3,22.83,0.0012006666666666667
Al_degrader_E4_E3,22.89,0.0015237777777777778
Al_degrader_E4_E3,22.95,0.0018832222222222223
Al_degrader_E4_E3,23.009999999999998,0.0022927777777777777
Al_degrader_E4_E3,23.07,0.0027604444444444443
Al_degrader_E4_E3,23.13,0.003329222222222222
Al_degrader_E4_E3,23.189999999999998,0.003959888888888889
Al_degrader_E4_E3,23.25,0.0046188888888888885
Al_degrader_E4_E3,23.31,0.005352888888888889
Al_degrader_E4_E3,23.369999999999997,0.006193
Al_degrader_E4_E3,23.43,0.007065555555555556
Al_degrader_E4_E3,23.490000000000002,0.008054
Al_degrader_E4_E3,23.549999999999997,0.008988444444444445
Al_degrader_E4_E3,23.61,0.010003111111111112
Al_degrader_E4_E3,23.67,0.010966
Al_degrader_E4_E3,23.729999999999997,0.012064666666666666
Al_degrader_E4_E3,23.79,0.013066111111111112
Al_degrader_E4_E3,23.85,0.01410211111111111
Al_degrader_E4_E3,23.909999999999997,0.015123777777777778
Al_degrader_E4_E3,23.97,0.015995
Al_degrader_E4_E3,24.03,0.01690911111111111
Al_degrader_E4_E3,24.089999999999996,0.017731888888888887
Al_degrader_E4_E3,24.15,0.01854588888888889
Al_degrader_E4_E3,24.21,0.019251
Al_degrader_E4_E3,24.27,0.019831333333333333
Al_degrader_E4_E3,24.33,0.020451333333333332
Al_degrader_E4_E3,24.39,0.020884444444444445
Al_degrader_E4_E3,24.45,0.021438
Al_degrader_E4_E3,24.509999999999998,0.02184933333333333
Al_degrader_E4_E3,24.57,0.022057333333333335
Al_degrader_E4_E3,24.63,0.022371444444444444
Al_degrader_E4_E3,24.689999999999998,0.022598777777777777
Al_degrader_E4_E3,24.75,0.022837777777777776
Al_degrader_E4_E3,24.81,0.023007777777777776
Al_degrader_E4_E3,24.869999999999997,0.023057555555555557
Al_degrader_E4_E3,24.93,0.023157777777777777
Al_degrader_E4_E3,24.990000000000002,0.023241222222222222
Al_degrader_E4_E3,25.049999999999997,0.023314111111111112
Al_degrader_E4_E3,25.11,0.023258888888888888
Al_degrader_E4_E3,25.17,0.023238111111111112
Al_degrader_E4_E3,25.229999999999997,0.023154222222222222
Al_degrader_E4_E3,25.29,0.023110555555555554
Al_degrader_E4_E3,25.35,0.022935666666666667
Al_degrader_E4_E3,25.409999999999997,0.022711333333333333
Al_degrader_E4_E3,25.47,0.022448222222222224
Al_degrader_E4_E3,25.53,0.02204
Al_degrader_E4_E3,25.589999999999996,0.02171688888888889
Al_degrader_E4_E3,25.65,0.02127311111111111
Al_degrader_E4_E3,25.71,0.020609666666666665
Al_degrader_E4_E3,25.77,0.01991322222222222
Al_degrader_E4_E3,25.83,0.019235
Al_degrader_E4_E3,25.89,0.018434666666666665
Al_degrader_E4_E3,25.95,0.017444
Al_degrader_E4_E3,26.009999999999998,0.016413777777777777
Al_degrader_E4_E3,26.07,0.015319555555555555
Al_degrader_E4_E3,26.13,0.014329
Al_degrader_E4_E3,26.189999999999998,0.013175666666666667
Al_degrader_E4_E3,26.25,0.011979333333333333
Al_degrader_E4_E3,26.31,0.010778444444444445
Al_degrader_E4_E3,26.369999999999997,0.009652666666666667
Al_degrader_E4_E3,26.43,0.008552222222222221
Al_degrader_E4_E3,26.49,0.007491444444444445
Al_degrader_E4_E3,26.549999999999997,0.006453222222222222
Al_degrader_E4_E3,26.61,0.005521777777777777
Al_degrader_E4_E3,26.67,0.004719555555555556
Al_degrader_E4_E3,26.729999999999997,0.0039373333333333335
Al_degrader_E4_E3,26.79,0.003255888888888889
Al_degrader_E4_E3,26.85,0.0026397777777777778
Al_degrader_E4_E3,26.909999999999997,0.0021461111111111112
Al_degrader_E4_E3,26.97,0.001688
Al_degrader_E4_E3,27.03,0.0013518888888888888
Al_degrader_E4_E3,27.089999999999996,0.0010207777777777778
Al_degrader_E4_E3,27.15,0.0007925555555555556
Al_degrader_E4_E3,27.21,0.0005937777777777778
Al_degrader_E4_E3,27.27,0.0004441111111111111
Al_degrader_E4_E3,27.33,0.0003227777777777778
Al_degrader_E4_E3,27.39,0.0002463333333333333
Al_degrader_E4_E3,27.45,0.00017044444444444445
Al_degrader_E4_E3,27.509999999999998,0.00010933333333333334
Al_degrader_E4_E3,27.57,8.366666666666666e-05
Al_degrader_E4_E3,27.63,5.711111111111111e-05
Al_degrader_E4_E3,27.689999999999998,3.911111111111111e-05
Al_degrader_E4_E3,27.75,2.7222222222222223e-05
Al_degrader_E4_E3,27.81,1.6555555555555556e-05
Al_degrader_E4_E3,27.869999999999997,1.1111111111111112e-05
Al_degrader_E4_E3,27.93,7.111111111111111e-06
Al_degrader_E4_E3,27.99,4.666666666666666e-06
Al_degrader_E4_E3,28.049999999999997,2.666666666666667e-06
Al_degrader_E4_E3,28.11,1.8888888888888888e-06
Al_degrader_E4_E3,28.17,1.7777777777777777e-06
Al_degrader_E4_E3,28.229999999999997,2.2222222222222222e-07
Al_degrader_E4_E3,28.29,6.666666666666667e-07
Al_degrader_E4_E3,28.35,1.1111111111111111e-07
Al_degrader_E4_E3,28.409999999999997,3.3333333333333335e-07
Al_degrader_E4_E3,28.47,1.1111111111111111e-07
Al_degrader_E4_E3,28.53,1.1111111111111111e-07
Al_degrader_E4_E3,28.589999999999996,0.0
Al_degrader_E4_E3,28.65,0.0
Al_degrader_E4_E3,28.71,1.1111111111111111e-07
Al_degrader_E4_E3,28.769999999999996,1.1111111111111111e-07
Ni10,20.909999999999997,3.3333333333333335e-07
Ni10,20.97,0.0
Ni10,21.03,1e-06
Ni10,21.089999999999996,2e-06
Ni10,21.15,1.3333333333333334e-06
Ni10,21.21,4e-06
Ni10,21.27,4e-06
Ni10,21.33,8.333333333333334e-06
Ni10,21.39,1.2666666666666667e-05
Ni10,21.45,1.9e-05
Ni10,21.509999999999998,2.8666666666666668e-05
Ni10,21.57,4e-05
Ni10,21.63,7e-05
Ni10,21.689999999999998,0.000101
Ni10,21.75,0.00013033333333333332
Ni10,21.81,0.000203
Ni10,21.869999999999997,0.0002716666666666667
Ni10,21.93,0.0003933333333333333
Ni10,21.990000000000002,0.000544
Ni10,22.049999999999997,0.000729
Ni10,22.11,0.000975
Ni10,22.17,0.001327
Ni10,22.229999999999997,0.0016956666666666667
Ni10,22.29,0.0022053333333333335
Ni10,22.35,0.002890666666666667
Ni10,22.409999999999997,0.003668
Ni10,22.47,0.004486666666666667
Ni10,22.53,0.00574
Ni10,22.589999999999996,0.007065666666666666
Ni10,22.65,0.00841
Ni10,22.71,0.010187666666666666
Ni10,22.77,0.012305333333333333
Ni10,22.83,0.014267666666666666
Ni10,22.89,0.016530333333333334
Ni10,22.95,0.019117
Ni10,23.009999999999998,0.021807
Ni10,23.07,0.024326666666666667
Ni10,23.13,0.027261333333333332
Ni10,23.189999999999998,0.030010666666666668
Ni10,23.25,0.032562
Ni10,23.31,0.03496666666666667
Ni10,23.369999999999997,0.037296333333333334
Ni10,23.43,0.039098666666666664
Ni10,23.490000000000002,0.040745333333333335
Ni10,23.549999999999997,0.04192666666666667
Ni10,23.61,0.042612333333333335
Ni10,23.67,0.04268466666666667
Ni10,23.729999999999997,0.042611666666666666
Ni10,23.79,0.041471
Ni10,23.85,0.040502333333333335
Ni10,23.909999999999997,0.038913666666666666
Ni10,23.97,0.03677933333333333
Ni10,24.03,0.034383333333333335
Ni10,24.089999999999996,0.03197333333333333
Ni10,24.15,0.029209666666666665
Ni10,24.21,0.026395666666666668
Ni10,24.27,0.023769
Ni10,24.33,0.020920666666666667
Ni10,24.39,0.018362
Ni10,24.45,0.015833666666666666
Ni10,24.509999999999998,0.013543333333333333
Ni10,24.57,0.01143
Ni10,24.63,0.009470666666666667
Ni10,24.689999999999998,0.007774333333333334
Ni10,24.75,0.006321
Ni10,24.81,0.005078333333333333
Ni10,24.869999999999997,0.004079333333333333
Ni10,24.93,0.0031116666666666667
Ni10,24.990000000000002,0.002402
Ni10,25.049999999999997,0.001897
Ni10,25.11,0.0013976666666666666
Ni10,25.17,0.0010026666666666667
Ni10,25.229999999999997,0.000804
Ni10,25.29,0.0005483333333333333
Ni10,25.35,0.000372
Ni10,25.409999999999997,0.00029133333333333333
Ni10,25.47,0.00019333333333333333
Ni10,25.53,0.00013766666666666666
Ni10,25.589999999999996,0.000102
Ni10,25.65,5.8666666666666665e-05
Ni10,25.71,4.133333333333333e-05
Ni10,25.77,3.1333333333333334e-05
Ni10,25.83,1.6e-05
Ni10,25.89,1.4333333333333334e-05
Ni10,25.95,7.333333333333333e-06
Ni10,26.009999999999998,6.333333333333333e-06
Ni10,26.07,2.333333333333333e-06
Ni10,26.13,2.333333333333333e-06
Ni10,26.189999999999998,6.666666666666667e-07
Ni10,26.25,3.3333333333333335e-07
Ni10,26.31,1.3333333333333334e-06
Ni10,26.369999999999997,3.3333333333333335e-07
Ni10,26.43,0.0
Ni10,26.49,3.3333333333333335e-07
Ni10,26.549999999999997,3.3333333333333335e-07
Ni10,26.61,3.3333333333333335e-07
Ni10,26.67,3.3333333333333335e-07
Sn10,20.79,3.3333333333333335e-07
Sn10,20.85,3.3333333333333335e-07
Sn10,20.909999999999997,1e-06
Sn10,20.97,2.333333333333333e-06
Sn10,21.03,4.333333333333333e-06
Sn10,21.089999999999996,5.333333333333334e-06
Sn10,21.15,6.666666666666667e-06
Sn10,21.21,1.1333333333333334e-05
Sn10,21.27,1.4666666666666666e-05
Sn10,21.33,3.0333333333333333e-05
Sn10,21.39,4.1e-05
Sn10,21.45,6.433333333333333e-05
Sn10,21.509999999999998,9.566666666666667e-05
Sn10,21.57,0.00014433333333333334
Sn10,21.63,0.000214
Sn10,21.689999999999998,0.00029133333333333333
Sn10,21.75,0.0003896666666666667
Sn10,21.81,0.000555
Sn10,21.869999999999997,0.0007636666666666666
Sn10,21.93,0.0010636666666666668
Sn10,21.990000000000002,0.0013976666666666666
Sn10,22.049999999999997,0.0018413333333333333
Sn10,22.11,0.002393
Sn10,22.17,0.0030733333333333333
Sn10,22.229999999999997,0.0039026666666666667
Sn10,22.29,0.005016333333333334
Sn10,22.35,0.0061463333333333335
Sn10,22.409999999999997,0.007595
Sn10,22.47,0.009283666666666667
Sn10,22.53,0.01126
Sn10,22.589999999999996,0.013251666666666667
Sn10,22.65,0.015524
Sn10,22.71,0.018144333333333332
Sn10,22.77,0.020947
Sn10,22.83,0.023467666666666668
Sn10,22.89,0.026373
Sn10,22.95,0.029228333333333332
Sn10,23.009999999999998,0.03219266666666667
Sn10,23.07,0.034907
Sn10,23.13,0.03752966666666667
Sn10,23.189999999999998,0.039618
Sn10,23.25,0.041258
Sn10,23.31,0.04250166666666667
Sn10,23.369999999999997,0.04315833333333333
Sn10,23.43,0.043731
Sn10,23.490000000000002,0.043739
Sn10,23.549999999999997,0.04309366666666667
Sn10,23.61,0.04183066666666667
Sn10,23.67,0.040134666666666666
Sn10,23.729999999999997,0.037926666666666664
Sn10,23.79,0.03550966666666667
Sn10,23.85,0.032912666666666666
Sn10,23.909999999999997,0.02995
Sn10,23.97,0.027092
Sn10,24.03,0.024336666666666666
Sn10,24.089999999999996,0.0216
Sn10,24.15,0.01879866666666667
Sn10,24.21,0.016074666666666668
Sn10,24.27,0.013734666666666666
Sn10,24.33,0.01151
Sn10,24.39,0.009542333333333333
Sn10,24.45,0.0077673333333333336
Sn10,24.509999999999998,0.006260666666666667
Sn10,24.57,0.00493
Sn10,24.63,0.0039043333333333334
Sn10,24.689999999999998,0.0030803333333333334
Sn10,24.75,0.0023553333333333334
Sn10,24.81,0.0018133333333333332
Sn10,24.869999999999997,0.001361
Sn10,24.93,0.0009513333333333333
Sn10,24.990000000000002,0.0006736666666666667
Sn10,25.049999999999997,0.000505
Sn10,25.11,0.00035433333333333334
Sn10,25.17,0.000263
Sn10,25.229999999999997,0.00019
Sn10,25.29,0.000115
Sn10,25.35,8.7e-05
Sn10,25.409999999999997,5.1e-05
Sn10,25.47,3.8333333333333334e-05
Sn10,25.53,2.5333333333333334e-05
Sn10,25.589999999999996,1.5333333333333334e-05
Sn10,25.65,1.2666666666666667e-05
Sn10,25.71,7e-06
Sn10,25.77,3.6666666666666666e-06
Sn10,25.83,2.666666666666667e-06
Sn10,25.89,1.3333333333333334e-06
Sn10,25.95,1.3333333333333334e-06
Sn10,26.009999999999998,6.666666666666667e-07
Sn10,26.07,0.0
Sn10,26.13,0.0
Sn10,26.189999999999998,3.3333333333333335e-07
Sn10,26.25,3.3333333333333335e-07
Sn10,26.31,1e-06
Sn10,26.369999999999997,3.3333333333333335e-07
Ta10,20.490000000000002,3.3333333333333335e-07
Ta10,20.549999999999997,0.0
Ta10,20.61,1e-06
Ta10,20.67,2e-06
Ta10,20.729999999999997,1.6666666666666667e-06
Ta10,20.79,4e-06
Ta10,20.85,4e-06
Ta10,20.909999999999997,8.666666666666666e-06
Ta10,20.97,1.1666666666666666e-05
Ta10,21.03,2.0333333333333334e-05
Ta10,21.089999999999996,2.8666666666666668e-05
Ta10,21.15,4e-05
Ta10,21.21,7e-05
Ta10,21.27,9.4e-05
Ta10,21.33,0.000143
Ta10,21.39,0.00020066666666666667
Ta10,21.45,0.000268
Ta10,21.509999999999998,0.00039433333333333334
Ta10,21.57,0.0005316666666666666
Ta10,21.63,0.0007306666666666667
Ta10,21.689999999999998,0.0009823333333333333
Ta10,21.75,0.0012966666666666667
Ta10,21.81,0.001695
Ta10,21.869999999999997,0.0021756666666666665
Ta10,21.93,0.002877666666666667
Ta10,21.990000000000002,0.0036043333333333335
Ta10,22.049999999999997,0.004484333333333333
Ta10,22.11,0.005619333333333333
Ta10,22.17,0.006964
Ta10,22.229999999999997,0.008401666666666667
Ta10,22.29,0.010146
Ta10,22.35,0.011966666666666667
Ta10,22.409999999999997,0.014190666666666667
Ta10,22.47,0.016486333333333332
Ta10,22.53,0.018911333333333332
Ta10,22.589999999999996,0.021556333333333334
Ta10,22.65,0.024183666666666666
Ta10,22.71,0.026984
Ta10,22.77,0.029723333333333334
Ta10,22.83,0.032274333333333335
Ta10,22.89,0.035027666666666665
Ta10,22.95,0.036901666666666666
Ta10,23.009999999999998,0.039097
Ta10,23.07,0.040424666666666664
Ta10,23.13,0.041936666666666664
Ta10,23.189999999999998,0.042433
Ta10,23.25,0.042720666666666664
Ta10,23.31,0.04249466666666667
Ta10,23.369999999999997,0.041570666666666665
Ta10,23.43,0.040604
Ta10,23.490000000000002,0.038964
Ta10,23.549999999999997,0.03687733333333333
Ta10,23.61,0.034571333333333336
Ta10,23.67,0.032027
Ta10,23.729999999999997,0.029388333333333332
Ta10,23.79,0.026606666666666667
Ta10,23.85,0.023973333333333333
Ta10,23.909999999999997,0.021111666666666667
Ta10,23.97,0.018531666666666665
Ta10,24.03,0.016110333333333334
Ta10,24.089999999999996,0.013717666666666666
Ta10,24.15,0.011635333333333333
Ta10,24.21,0.009547666666666666
Ta10,24.27,0.007998
Ta10,24.33,0.006422
Ta10,24.39,0.005211
Ta10,24.45,0.004094666666666667
Ta10,24.509999999999998,0.0032396666666666667
Ta10,24.57,0.0024963333333333335
Ta10,24.63,0.0019316666666666666
Ta10,24.689999999999998,0.0014633333333333334
Ta10,24.75,0.0010506666666666668
Ta10,24.81,0.0008063333333333334
Ta10,24.869999999999997,0.0005833333333333334
Ta10,24.93,0.0003846666666666667
Ta10,24.990000000000002,0.00031
Ta10,25.049999999999997,0.00020666666666666666
Ta10,25.11,0.00014533333333333333
Ta10,25.17,0.00010533333333333334
Ta10,25.229999999999997,6.3e-05
Ta10,25.29,4.566666666666667e-05
Ta10,25.35,3.366666666666667e-05
Ta10,25.409999999999997,1.633333333333333e-05
Ta10,25.47,1.6e-05
Ta10,25.53,9e-06
Ta10,25.589999999999996,6e-06
Ta10,25.65,3.6666666666666666e-06
Ta10,25.71,1.6666666666666667e-06
Ta10,25.77,1.3333333333333334e-06
Ta10,25.83,3.3333333333333335e-07
Ta10,25.89,1e-06
Ta10,25.95,3.3333333333333335e-07
Ta10,26.009999999999998,3.3333333333333335e-07
Ta10,26.07,3.3333333333333335e-07
Ta10,26.13,3.3333333333333335e-07
Ta10,26.189999999999998,3.3333333333333335e-07
Ta10,26.25,0.0
Ta10,26.31,3.3333333333333335e-07
Cu10,20.13,3.3333333333333335e-07
Cu10,20.189999999999998,0.0
Cu10,20.25,1e-06
Cu10,20.31,1.6666666666666667e-06
Cu10,20.369999999999997,1.3333333333333334e-06
Cu10,20.43,3.6666666666666666e-06
Cu10,20.490000000000002,4e-06
Cu10,20.549999999999997,6.666666666666667e-06
Cu10,20.61,1.0666666666666667e-05
Cu10,20.67,1.7333333333333332e-05
Cu10,20.729999999999997,2.3333333333333332e-05
Cu10,20.79,3.5333333333333336e-05
Cu10,20.85,6.133333333333334e-05
Cu10,20.909999999999997,8e-05
Cu10,20.97,0.00012433333333333334
Cu10,21.03,0.00016733333333333333
Cu10,21.089999999999996,0.00023333333333333333
Cu10,21.15,0.000326
Cu10,21.21,0.0004693333333333333
Cu10,21.27,0.0006133333333333334
Cu10,21.33,0.0008436666666666667
Cu10,21.39,0.0010996666666666668
Cu10,21.45,0.0014636666666666667
Cu10,21.509999999999998,0.0018783333333333334
Cu10,21.57,0.002445
Cu10,21.63,0.0031156666666666668
Cu10,21.689999999999998,0.0038926666666666667
Cu10,21.75,0.00483
Cu10,21.81,0.006060333333333333
Cu10,21.869999999999997,0.007295
Cu10,21.93,0.008837
Cu10,21.990000000000002,0.010567666666666666
Cu10,22.049999999999997,0.012544333333333333
Cu10,22.11,0.014583333333333334
Cu10,22.17,0.016849666666666666
Cu10,22.229999999999997,0.019380666666666668
Cu10,22.29,0.02183066666666667
Cu10,22.35,0.024371
Cu10,22.409999999999997,0.027268666666666667
Cu10,22.47,0.029817666666666666
Cu10,22.53,0.032265666666666665
Cu10,22.589999999999996,0.03472366666666667
Cu10,22.65,0.036825
Cu10,22.71,0.038622666666666666
Cu10,22.77,0.039940666666666666
Cu10,22.83,0.04140833333333333
Cu10,22.89,0.041861666666666665
Cu10,22.95,0.041949
Cu10,23.009999999999998,0.04183666666666667
Cu10,23.07,0.040883666666666665
Cu10,23.13,0.03991733333333333
Cu10,23.189999999999998,0.038404
Cu10,23.25,0.036262333333333334
Cu10,23.31,0.034088
Cu10,23.369999999999997,0.03168666666666667
Cu10,23.43,0.029032333333333334
Cu10,23.490000000000002,0.026347666666666665
Cu10,23.549999999999997,0.023782666666666667
Cu10,23.61,0.021080666666666668
Cu10,23.67,0.018496666666666668
Cu10,23.729999999999997,0.016118
Cu10,23.79,0.013796666666666667
Cu10,23.85,0.011776
Cu10,23.909999999999997,0.009686
Cu10,23.97,0.008104666666666666
Cu10,24.03,0.006644333333333334
Cu10,24.089999999999996,0.0053553333333333335
Cu10,24.15,0.004235666666666667
Cu10,24.21,0.003373
Cu10,24.27,0.0026126666666666668
Cu10,24.33,0.0020176666666666667
Cu10,24.39,0.0015656666666666666
Cu10,24.45,0.0011393333333333333
Cu10,24.509999999999998,0.0008616666666666666
Cu10,24.57,0.0006443333333333333
Cu10,24.63,0.000426
Cu10,24.689999999999998,0.0003263333333333333
Cu10,24.75,0.00023733333333333335
Cu10,24.81,0.00015166666666666668
Cu10,24.869999999999997,0.00012333333333333334
Cu10,24.93,7.7e-05
Cu10,24.990000000000002,5.066666666666667e-05
Cu10,25.049999999999997,3.8e-05
Cu10,25.11,2.2e-05
Cu10,25.17,1.7e-05
Cu10,25.229999999999997,9e-06
Cu10,25.29,7.666666666666667e-06
Cu10,25.35,4.666666666666666e-06
Cu10,25.409999999999997,2e-06
Cu10,25.47,2.333333333333333e-06
Cu10,25.53,6.666666666666667e-07
Cu10,25.589999999999996,3.3333333333333335e-07
Cu10,25.65,1e-06
Cu10,25.71,3.3333333333333335e-07
Cu10,25.77,0.0
Cu10,25.83,3.3333333333333335e-07
Cu10,25.89,3.3333333333333335e-07
Cu10,25.95,3.3333333333333335e-07
Cu10,26.009999999999998,3.3333333333333335e-07
Al_degrader_E6_E5,17.310000000000002,9.090909090909091e-08
Al_degrader_E6_E5,17.369999999999997,9.090909090909091e-08
Al_degrader_E6_E5,17.43,1.8181818181818183e-07
Al_degrader_E6_E5,17.490000000000002,2.7272727272727274e-07
Al_degrader_E6_E5,17.549999999999997,4.545454545454545e-07
Al_degrader_E6_E5,17.61,5.454545454545455e-07
Al_degrader_E6_E5,17.67,8.181818181818182e-07
Al_degrader_E6_E5,17.729999999999997,1e-06
Al_degrader_E6_E5,17.79,2e-06
Al_degrader_E6_E5,17.85,2.6363636363636364e-06
Al_degrader_E6_E5,17.909999999999997,4.090909090909091e-06
Al_degrader_E6_E5,17.97,4.636363636363636e-06
Al_degrader_E6_E5,18.03,7.818181818181818e-06
Al_degrader_E6_E5,18.09,1.3181818181818183e-05
Al_degrader_E6_E5,18.15,1.6090909090909092e-05
Al_degrader_E6_E5,18.21,2.3545454545454545e-05
Al_degrader_E6_E5,18.27,2.9272727272727274e-05
Al_degrader_E6_E5,18.33,4.0818181818181815e-05
Al_degrader_E6_E5,18.39,5.636363636363636e-05
Al_degrader_E6_E5,18.45,7.636363636363636e-05
Al_degrader_E6_E5,18.509999999999998,0.00010145454545454546
Al_degrader_E6_E5,18.57,0.00013290909090909092
Al_degrader_E6_E5,18.63,0.00017418181818181817
Al_degrader_E6_E5,18.689999999999998,0.00021845454545454544
Al_degrader_E6_E5,18.75,0.00029363636363636365
Al_degrader_E6_E5,18.81,0.0003610909090909091
Al_degrader_E6_E5,18.869999999999997,0.0004547272727272727
Al_degrader_E6_E5,18.93,0.0005826363636363636
Al_degrader_E6_E5,18.990000000000002,0.000721
Al_degrader_E6_E5,19.049999999999997,0.0008843636363636364
Al_degrader_E6_E5,19.11,0.0010703636363636364
Al_degrader_E6_E5,19.17,0.0013171818181818183
Al_degrader_E6_E5,19.229999999999997,0.0015790909090909091
Al_degrader_E6_E5,19.29,0.0019004545454545455
Al_degrader_E6_E5,19.35,0.0022102727272727274
Al_degrader_E6_E5,19.409999999999997,0.002638818181818182
Al_degrader_E6_E5,19.47,0.0031135454545454543
Al_degrader_E6_E5,19.53,0.0035705454545454547
Al_degrader_E6_E5,19.59,0.004055
Al_degrader_E6_E5,19.65,0.004661181818181818
Al_degrader_E6_E5,19.71,0.005353909090909091
Al_degrader_E6_E5,19.77,0.0060069090909090905
Al_degrader_E6_E5,19.83,0.006722545454545454
Al_degrader_E6_E5,19.89,0.007408
Al_degrader_E6_E5,19.95,0.008286363636363637
Al_degrader_E6_E5,20.009999999999998,0.009047363636363636
Al_degrader_E6_E5,20.07,0.009840181818181817
Al_degrader_E6_E5,20.13,0.010613272727272728
Al_degrader_E6_E5,20.189999999999998,0.011457454545454545
Al_degrader_E6_E5,20.25,0.012366545454545455
Al_degrader_E6_E5,20.31,0.013089181818181818
Al_degrader_E6_E5,20.369999999999997,0.013916909090909091
Al_degrader_E6_E5,20.43,0.014538363636363636
Al_degrader_E6_E5,20.490000000000002,0.015382545454545454
Al_degrader_E6_E5,20.549999999999997,0.016022
Al_degrader_E6_E5,20.61,0.016640636363636364
Al_degrader_E6_E5,20.67,0.017162363636363635
Al_degrader_E6_E5,20.729999999999997,0.017743636363636364
Al_degrader_E6_E5,20.79,0.018279818181818182
Al_degrader_E6_E5,20.85,0.018649454545454545
Al_degrader_E6_E5,20.909999999999997,0.019123
Al_degrader_E6_E5,20.97,0.01936890909090909
Al_degrader_E6_E5,21.03,0.019813272727272728
Al_degrader_E6_E5,21.089999999999996,0.019999545454545454
Al_degrader_E6_E5,21.15,0.02030481818181818
Al_degrader_E6_E5,21.21,0.02041490909090909
Al_degrader_E6_E5,21.27,0.02068590909090909
Al_degrader_E6_E5,21.33,0.020783727272727273
Al_degrader_E6_E5,21.39,0.020929
Al_degrader_E6_E5,21.45,0.02095909090909091
Al_degrader_E6_E5,21.509999999999998,0.021056545454545456
Al_degrader_E6_E5,21.57,0.021168727272727273
Al_degrader_E6_E5,21.63,0.02113209090909091
Al_degrader_E6_E5,21.689999999999998,0.02109809090909091
Al_degrader_E6_E5,21.75,0.02111618181818182
Al_degrader_E6_E5,21.81,0.021089727272727274
Al_degrader_E6_E5,21.869999999999997,0.020958818181818183
Al_degrader_E6_E5,21.93,0.020847636363636363
Al_degrader_E6_E5,21.990000000000002,0.020591545454545456
Al_degrader_E6_E5,22.049999999999997,0.020502
Al_degrader_E6_E5,22.11,0.02011818181818182
Al_degrader_E6_E5,22.17,0.01988372727272727
Al_degrader_E6_E5,22.229999999999997,0.019419
Al_degrader_E6_E5,22.29,0.019084636363636363
Al_degrader_E6_E5,22.35,0.018433363636363637
Al_degrader_E6_E5,22.409999999999997,0.017977363636363635
Al_degrader_E6_E5,22.47,0.017280727272727274
Al_degrader_E6_E5,22.53,0.016624272727272727
Al_degrader_E6_E5,22.589999999999996,0.015778272727272728
Al_degrader_E6_E5,22.65,0.015044272727272727
Al_degrader_E6_E5,22.71,0.01411109090909091
Al_degrader_E6_E5,22.77,0.013238909090909091
Al_degrader_E6_E5,22.83,0.012289545454545454
Al_degrader_E6_E5,22.89,0.011374727272727272
Al_degrader_E6_E5,22.95,0.010400818181818181
Al_degrader_E6_E5,23.009999999999998,0.009475454545454546
Al_degrader_E6_E5,23.07,0.008484
Al_degrader_E6_E5,23.13,0.007605272727272727
Al_degrader_E6_E5,23.189999999999998,0.006730727272727273
Al_degrader_E6_E5,23.25,0.005933545454545454
Al_degrader_E6_E5,23.31,0.005129181818181818
Al_degrader_E6_E5,23.369999999999997,0.004450727272727273
Al_degrader_E6_E5,23.43,0.003782909090909091
Al_degrader_E6_E5,23.490000000000002,0.003226
Al_degrader_E6_E5,23.549999999999997,0.002688272727272727
Al_degrader_E6_E5,23.61,0.002225727272727273
Al_degrader_E6_E5,23.67,0.0018116363636363636
Al_degrader_E6_E5,23.729999999999997,0.0014851818181818182
Al_degrader_E6_E5,23.79,0.0011870909090909091
Al_degrader_E6_E5,23.85,0.0009459090909090909
Al_degrader_E6_E5,23.909999999999997,0.0007234545454545455
Al_degrader_E6_E5,23.97,0.00058
Al_degrader_E6_E5,24.03,0.00044090909090909093
Al_degrader_E6_E5,24.089999999999996,0.0003369090909090909
Al_degrader_E6_E5,24.15,0.0002447272727272727
Al_degrader_E6_E5,24.21,0.00019572727272727274
Al_degrader_E6_E5,24.27,0.00013445454545454546
Al_degrader_E6_E5,24.33,9.627272727272727e-05
Al_degrader_E6_E5,24.39,7.063636363636363e-05
Al_degrader_E6_E5,24.45,5.027272727272727e-05
Al_degrader_E6_E5,24.509999999999998,3.4727272727272726e-05
Al_degrader_E6_E5,24.57,2.790909090909091e-05
Al_degrader_E6_E5,24.63,1.5818181818181818e-05
Al_degrader_E6_E5,24.689999999999998,1.1545454545454546e-05
Al_degrader_E6_E5,24.75,8.545454545454546e-06
Al_degrader_E6_E5,24.81,4.636363636363636e-06
Al_degrader_E6_E5,24.869999999999997,3.636363636363636e-06
Al_degrader_E6_E5,24.93,2.4545454545454544e-06
Al_degrader_E6_E5,24.990000000000002,1.5454545454545454e-06
Al_degrader_E6_E5,25.049999999999997,1e-06
Al_degrader_E6_E5,25.11,7.272727272727273e-07
Al_degrader_E6_E5,25.17,4.545454545454545e-07
Al_degrader_E6_E5,25.229999999999997,1.8181818181818183e-07
Al_degrader_E6_E5,25.29,1.8181818181818183e-07
Al_degrader_E6_E5,25.35,1.8181818181818183e-07
Al_degrader_E6_E5,25.409999999999997,9.090909090909091e-08
Al_degrader_E6_E5,25.47,9.090909090909091e-08
Al_degrader_E6_E5,25.53,0.0
Al_degrader_E6_E5,25.589999999999996,0.0
Al_degrader_E6_E5,25.65,9.090909090909091e-08
Al_degrader_E6_E5,25.71,9.090909090909091e-08
Ni11,16.83,3.3333333333333335e-07
Ni11,16.89,0.0
Ni11,16.95,3.3333333333333335e-07
Ni11,17.009999999999998,6.666666666666667e-07
Ni11,17.07,2e-06
Ni11,17.13,1e-06
Ni11,17.189999999999998,3.3333333333333333e-06
Ni11,17.25,3e-06
Ni11,17.310000000000002,6e-06
Ni11,17.369999999999997,7.666666666666667e-06
Ni11,17.43,1.2e-05
Ni11,17.490000000000002,1.633333333333333e-05
Ni11,17.549999999999997,2.4666666666666665e-05
Ni11,17.61,3.066666666666667e-05
Ni11,17.67,5.433333333333333e-05
Ni11,17.729999999999997,6.633333333333334e-05
Ni11,17.79,9.733333333333333e-05
Ni11,17.85,0.000124
Ni11,17.909999999999997,0.000177
Ni11,17.97,0.00022566666666666666
Ni11,18.03,0.000322
Ni11,18.09,0.0004166666666666667
Ni11,18.15,0.0005416666666666666
Ni11,18.21,0.000714
Ni11,18.27,0.0009086666666666667
Ni11,18.33,0.0011696666666666667
Ni11,18.39,0.001466
Ni11,18.45,0.0018156666666666666
Ni11,18.509999999999998,0.0023283333333333333
Ni11,18.57,0.00289
Ni11,18.63,0.0034506666666666666
Ni11,18.689999999999998,0.004202333333333333
Ni11,18.75,0.005169666666666667
Ni11,18.81,0.006159
Ni11,18.869999999999997,0.0071853333333333335
Ni11,18.93,0.008545
Ni11,18.990000000000002,0.010026333333333333
Ni11,19.049999999999997,0.011616666666666668
Ni11,19.11,0.013140666666666667
Ni11,19.17,0.014994666666666667
Ni11,19.229999999999997,0.017007333333333333
Ni11,19.29,0.019067666666666667
Ni11,19.35,0.020968
Ni11,19.409999999999997,0.023081666666666667
Ni11,19.47,0.025453333333333335
Ni11,19.53,0.027457333333333334
Ni11,19.59,0.029287666666666667
Ni11,19.65,0.031177333333333335
Ni11,19.71,0.032988
Ni11,19.77,0.03430933333333333
Ni11,19.83,0.035639
Ni11,19.89,0.03667366666666667
Ni11,19.95,0.03736133333333334
Ni11,20.009999999999998,0.037434
Ni11,20.07,0.037661
Ni11,20.13,0.037262333333333335
Ni11,20.189999999999998,0.03648133333333333
Ni11,20.25,0.035635
Ni11,20.31,0.034467
Ni11,20.369999999999997,0.032758
Ni11,20.43,0.031042333333333335
Ni11,20.490000000000002,0.029267666666666668
Ni11,20.549999999999997,0.027127333333333333
Ni11,20.61,0.024923333333333332
Ni11,20.67,0.022903
Ni11,20.729999999999997,0.020690666666666666
Ni11,20.79,0.018552
Ni11,20.85,0.016480333333333333
Ni11,20.909999999999997,0.014561333333333334
Ni11,20.97,0.012729666666666667
Ni11,21.03,0.010953333333333334
Ni11,21.089999999999996,0.009318
Ni11,21.15,0.007896
Ni11,21.21,0.006694
Ni11,21.27,0.005475333333333333
Ni11,21.33,0.004495
Ni11,21.39,0.003723
Ni11,21.45,0.002946
Ni11,21.509999999999998,0.002346
Ni11,21.57,0.0018643333333333333
Ni11,21.63,0.001489
Ni11,21.689999999999998,0.0011246666666666666
Ni11,21.75,0.0008356666666666666
Ni11,21.81,0.000696
Ni11,21.869999999999997,0.000485
Ni11,21.93,0.000333
Ni11,21.990000000000002,0.0002863333333333333
Ni11,22.049999999999997,0.000192
Ni11,22.11,0.000132
Ni11,22.17,0.00011766666666666666
Ni11,22.229999999999997,6.966666666666666e-05
Ni11,22.29,4.9e-05
Ni11,22.35,3.733333333333333e-05
Ni11,22.409999999999997,2.5666666666666666e-05
Ni11,22.47,1.4666666666666666e-05
Ni11,22.53,1.3333333333333333e-05
Ni11,22.589999999999996,7.333333333333333e-06
Ni11,22.65,6e-06
Ni11,22.71,4e-06
Ni11,22.77,1e-06
Ni11,22.83,2.333333333333333e-06
Ni11,22.89,6.666666666666667e-07
Ni11,22.95,0.0
Ni11,23.009999999999998,1.3333333333333334e-06
Ni11,23.07,3.3333333333333335e-07
Ni11,23.13,0.0
Ni11,23.189999999999998,3.3333333333333335e-07
Ni11,23.25,3.3333333333333335e-07
Ni11,23.31,0.0
Ni11,23.369999999999997,3.3333333333333335e-07
Ni11,23.43,3.3333333333333335e-07
Sn11,16.71,3.3333333333333335e-07
Sn11,16.77,3.3333333333333335e-07
Sn11,16.83,1e-06
Sn11,16.89,1e-06
Sn11,16.95,2.333333333333333e-06
Sn11,17.009999999999998,3.3333333333333333e-06
Sn11,17.07,5.333333333333334e-06
Sn11,17.13,5.666666666666667e-06
Sn11,17.189999999999998,8.333333333333334e-06
Sn11,17.25,1.1666666666666666e-05
Sn11,17.310000000000002,1.9333333333333333e-05
Sn11,17.369999999999997,2.8666666666666668e-05
Sn11,17.43,3.8e-05
Sn11,17.490000000000002,5.3e-05
Sn11,17.549999999999997,8.066666666666667e-05
Sn11,17.61,0.00011166666666666667
Sn11,17.67,0.000158
Sn11,17.729999999999997,0.00020533333333333333
Sn11,17.79,0.00027333333333333333
Sn11,17.85,0.0003586666666666667
Sn11,17.909999999999997,0.000474
Sn11,17.97,0.0006396666666666666
Sn11,18.03,0.0008393333333333333
Sn11,18.09,0.0010853333333333333
Sn11,18.15,0.0013656666666666667
Sn11,18.21,0.0017433333333333333
Sn11,18.27,0.002165
Sn11,18.33,0.0026806666666666667
Sn11,18.39,0.003327333333333333
Sn11,18.45,0.004099333333333333
Sn11,18.509999999999998,0.004986666666666667
Sn11,18.57,0.005926333333333333
Sn11,18.63,0.007081666666666667
Sn11,18.689999999999998,0.008475666666666666
Sn11,18.75,0.009982666666666667
Sn11,18.81,0.011474333333333333
Sn11,18.869999999999997,0.013162666666666666
Sn11,18.93,0.015192333333333334
Sn11,18.990000000000002,0.017211333333333332
Sn11,19.049999999999997,0.019244
Sn11,19.11,0.021251666666666665
Sn11,19.17,0.02352833333333333
Sn11,19.229999999999997,0.025710666666666666
Sn11,19.29,0.028003333333333335
Sn11,19.35,0.030001
Sn11,19.409999999999997,0.032142
Sn11,19.47,0.033930666666666665
Sn11,19.53,0.035436666666666665
Sn11,19.59,0.03652066666666667
Sn11,19.65,0.037306
Sn11,19.71,0.03797233333333333
Sn11,19.77,0.03831166666666667
Sn11,19.83,0.03845966666666667
Sn11,19.89,0.03813833333333334
Sn11,19.95,0.03724366666666667
Sn11,20.009999999999998,0.036207
Sn11,20.07,0.03463
Sn11,20.13,0.0329
Sn11,20.189999999999998,0.031083666666666666
Sn11,20.25,0.029012333333333334
Sn11,20.31,0.026774
Sn11,20.369999999999997,0.024525666666666668
Sn11,20.43,0.022349666666666667
Sn11,20.490000000000002,0.020298333333333335
Sn11,20.549999999999997,0.018037333333333332
Sn11,20.61,0.015921
Sn11,20.67,0.013888333333333334
Sn11,20.729999999999997,0.012037666666666667
Sn11,20.79,0.010306
Sn11,20.85,0.008750666666666667
Sn11,20.909999999999997,0.007299
Sn11,20.97,0.006078
Sn11,21.03,0.004929666666666666
Sn11,21.089999999999996,0.0040086666666666665
Sn11,21.15,0.003269666666666667
Sn11,21.21,0.002643
Sn11,21.27,0.0020786666666666666
Sn11,21.33,0.0016253333333333332
Sn11,21.39,0.0012806666666666667
Sn11,21.45,0.000944
Sn11,21.509999999999998,0.0006836666666666666
Sn11,21.57,0.0005193333333333333
Sn11,21.63,0.00039266666666666665
Sn11,21.689999999999998,0.0002956666666666667
Sn11,21.75,0.00022533333333333333
Sn11,21.81,0.00016366666666666667
Sn11,21.869999999999997,0.00010366666666666666
Sn11,21.93,7.9e-05
Sn11,21.990000000000002,5.7333333333333336e-05
Sn11,22.049999999999997,3.6666666666666666e-05
Sn11,22.11,2.3666666666666668e-05
Sn11,22.17,2.1e-05
Sn11,22.229999999999997,1.3e-05
Sn11,22.29,9.333333333333333e-06
Sn11,22.35,7e-06
Sn11,22.409999999999997,2.666666666666667e-06
Sn11,22.47,2e-06
Sn11,22.53,1.6666666666666667e-06
Sn11,22.589999999999996,1.3333333333333334e-06
Sn11,22.65,1e-06
Sn11,22.71,0.0
Sn11,22.77,0.0
Sn11,22.83,0.0
Sn11,22.89,3.3333333333333335e-07
Sn11,22.95,6.666666666666667e-07
Sn11,23.009999999999998,6.666666666666667e-07
Sn11,23.07,3.3333333333333335e-07
Ta11,16.35,3.3333333333333335e-07
Ta11,16.409999999999997,0.0
Ta11,16.47,6.666666666666667e-07
Ta11,16.53,6.666666666666667e-07
Ta11,16.59,1.6666666666666667e-06
Ta11,16.65,1.6666666666666667e-06
Ta11,16.71,3.3333333333333333e-06
Ta11,16.77,3.6666666666666666e-06
Ta11,16.83,5e-06
Ta11,16.89,8.666666666666666e-06
Ta11,16.95,1.2666666666666667e-05
Ta11,17.009999999999998,1.6e-05
Ta11,17.07,2.2333333333333332e-05
Ta11,17.13,3.5333333333333336e-05
Ta11,17.189999999999998,5.0333333333333335e-05
Ta11,17.25,7.166666666666667e-05
Ta11,17.310000000000002,9.633333333333333e-05
Ta11,17.369999999999997,0.000129
Ta11,17.43,0.00017633333333333333
Ta11,17.490000000000002,0.000226
Ta11,17.549999999999997,0.00030733333333333334
Ta11,17.61,0.0004276666666666667
Ta11,17.67,0.000529
Ta11,17.729999999999997,0.0006963333333333333
Ta11,17.79,0.000895
Ta11,17.85,0.00115
Ta11,17.909999999999997,0.001451
Ta11,17.97,0.0017733333333333334
Ta11,18.03,0.002283
Ta11,18.09,0.002773
Ta11,18.15,0.0034116666666666666
Ta11,18.21,0.004104333333333333
Ta11,18.27,0.0049893333333333335
Ta11,18.33,0.005999
Ta11,18.39,0.007065666666666666
Ta11,18.45,0.008309666666666667
Ta11,18.509999999999998,0.009703666666666666
Ta11,18.57,0.011251333333333334
Ta11,18.63,0.012927333333333334
Ta11,18.689999999999998,0.014667
Ta11,18.75,0.016538
Ta11,18.81,0.018546
Ta11,18.869999999999997,0.020541666666666666
Ta11,18.93,0.022600666666666668
Ta11,18.990000000000002,0.024884333333333335
Ta11,19.049999999999997,0.026773666666666668
Ta11,19.11,0.028766333333333335
Ta11,19.17,0.030829
Ta11,19.229999999999997,0.03226166666666667
Ta11,19.29,0.03406033333333333
Ta11,19.35,0.03506466666666667
Ta11,19.409999999999997,0.036253
Ta11,19.47,0.03692466666666667
Ta11,19.53,0.037236
Ta11,19.59,0.03749333333333333
Ta11,19.65,0.037207
Ta11,19.71,0.03643966666666667
Ta11,19.77,0.035779
Ta11,19.83,0.03459433333333333
Ta11,19.89,0.03307966666666667
Ta11,19.95,0.031314
Ta11,20.009999999999998,0.029567
Ta11,20.07,0.027492666666666665
Ta11,20.13,0.025477666666666666
Ta11,20.189999999999998,0.023344
Ta11,20.25,0.021243666666666668
Ta11,20.31,0.019106333333333333
Ta11,20.369999999999997,0.017017666666666667
Ta11,20.43,0.015124666666666666
Ta11,20.490000000000002,0.013241
Ta11,20.549999999999997,0.011386666666666666
Ta11,20.61,0.009888333333333334
Ta11,20.67,0.008248666666666666
Ta11,20.729999999999997,0.007088666666666667
Ta11,20.79,0.005850666666666666
Ta11,20.85,0.0048
Ta11,20.909999999999997,0.003969333333333333
Ta11,20.97,0.003167333333333333
Ta11,21.03,0.002586
Ta11,21.089999999999996,0.0020253333333333334
Ta11,21.15,0.0016196666666666666
Ta11,21.21,0.0012606666666666667
Ta11,21.27,0.0009433333333333334
Ta11,21.33,0.000736
Ta11,21.39,0.0005573333333333333
Ta11,21.45,0.00039566666666666667
Ta11,21.509999999999998,0.00030166666666666666
Ta11,21.57,0.00023333333333333333
Ta11,21.63,0.00015466666666666667
Ta11,21.689999999999998,0.000125
Ta11,21.75,8.966666666666667e-05
Ta11,21.81,5.6666666666666664e-05
Ta11,21.869999999999997,4.1e-05
Ta11,21.93,3.3e-05
Ta11,21.990000000000002,1.9333333333333333e-05
Ta11,22.049999999999997,1.3333333333333333e-05
Ta11,22.11,1e-05
Ta11,22.17,6e-06
Ta11,22.229999999999997,5.333333333333334e-06
Ta11,22.29,3e-06
Ta11,22.35,1.6666666666666667e-06
Ta11,22.409999999999997,1.3333333333333334e-06
Ta11,22.47,3.3333333333333335e-07
Ta11,22.53,6.666666666666667e-07
Ta11,22.589999999999996,6.666666666666667e-07
Ta11,22.65,0.0
Ta11,22.71,3.3333333333333335e-07
Ta11,22.77,3.3333333333333335e-07
Ta11,22.83,3.3333333333333335e-07
Ta11,22.89,3.3333333333333335e-07
Ta11,22.95,3.3333333333333335e-07
Cu11,15.93,3.3333333333333335e-07
Cu11,15.989999999999998,0.0
Cu11,16.049999999999997,6.666666666666667e-07
Cu11,16.11,3.3333333333333335e-07
Cu11,16.17,2e-06
Cu11,16.229999999999997,1e-06
Cu11,16.29,3e-06
Cu11,16.35,4e-06
Cu11,16.409999999999997,4.333333333333333e-06
Cu11,16.47,7.333333333333333e-06
Cu11,16.53,9.333333333333333e-06
Cu11,16.59,1.5333333333333334e-05
Cu11,16.65,2e-05
Cu11,16.71,3.0333333333333333e-05
Cu11,16.77,4e-05
Cu11,16.83,6.266666666666667e-05
Cu11,16.89,8.333333333333333e-05
Cu11,16.95,0.00011033333333333334
Cu11,17.009999999999998,0.00014666666666666666
Cu11,17.07,0.000191
Cu11,17.13,0.000261
Cu11,17.189999999999998,0.00035833333333333333
Cu11,17.25,0.0004566666666666667
Cu11,17.310000000000002,0.000581
Cu11,17.369999999999997,0.0007633333333333333
Cu11,17.43,0.0009513333333333333
Cu11,17.490000000000002,0.001224
Cu11,17.549999999999997,0.0015086666666666666
Cu11,17.61,0.0018753333333333332
Cu11,17.67,0.0023833333333333332
Cu11,17.729999999999997,0.0028986666666666666
Cu11,17.79,0.003459666666666667
Cu11,17.85,0.004215666666666667
Cu11,17.909999999999997,0.005103
Cu11,17.97,0.006063333333333333
Cu11,18.03,0.0071
Cu11,18.09,0.008309
Cu11,18.15,0.009733666666666667
Cu11,18.21,0.011205333333333333
Cu11,18.27,0.012745
Cu11,18.33,0.014463
Cu11,18.39,0.016279
Cu11,18.45,0.018268
Cu11,18.509999999999998,0.020117666666666666
Cu11,18.57,0.022056
Cu11,18.63,0.024388333333333335
Cu11,18.689999999999998,0.026198
Cu11,18.75,0.028025666666666667
Cu11,18.81,0.029986333333333334
Cu11,18.869999999999997,0.031523
Cu11,18.93,0.033043
Cu11,18.990000000000002,0.034340333333333334
Cu11,19.049999999999997,0.03532833333333334
Cu11,19.11,0.03618
Cu11,19.17,0.036532
Cu11,19.229999999999997,0.036699333333333334
Cu11,19.29,0.036634
Cu11,19.35,0.035999
Cu11,19.409999999999997,0.03529533333333333
Cu11,19.47,0.034334
Cu11,19.53,0.03296333333333333
Cu11,19.59,0.03137966666666667
Cu11,19.65,0.029706666666666666
Cu11,19.71,0.027764333333333332
Cu11,19.77,0.025852
Cu11,19.83,0.023789666666666667
Cu11,19.89,0.021733
Cu11,19.95,0.019739666666666666
Cu11,20.009999999999998,0.01762
Cu11,20.07,0.015754333333333332
Cu11,20.13,0.013922333333333333
Cu11,20.189999999999998,0.012139666666666667
Cu11,20.25,0.010513
Cu11,20.31,0.008945666666666666
Cu11,20.369999999999997,0.007612333333333333
Cu11,20.43,0.00645
Cu11,20.490000000000002,0.005296
Cu11,20.549999999999997,0.004426333333333333
Cu11,20.61,0.0036136666666666665
Cu11,20.67,0.0029066666666666668
Cu11,20.729999999999997,0.0023283333333333333
Cu11,20.79,0.001843
Cu11,20.85,0.0014943333333333334
Cu11,20.909999999999997,0.0011433333333333334
Cu11,20.97,0.0008526666666666667
Cu11,21.03,0.0007043333333333333
Cu11,21.089999999999996,0.0005093333333333333
Cu11,21.15,0.00034533333333333334
Cu11,21.21,0.0002903333333333333
Cu11,21.27,0.000216
Cu11,21.33,0.00014333333333333334
Cu11,21.39,0.000116
Cu11,21.45,8.466666666666666e-05
Cu11,21.509999999999998,5.2333333333333336e-05
Cu11,21.57,3.9666666666666664e-05
Cu11,21.63,3e-05
Cu11,21.689999999999998,1.6e-05
Cu11,21.75,1.5e-05
Cu11,21.81,8.333333333333334e-06
Cu11,21.869999999999997,6.333333333333333e-06
Cu11,21.93,5.666666666666667e-06
Cu11,21.990000000000002,2.333333333333333e-06
Cu11,22.049999999999997,1.6666666666666667e-06
Cu11,22.11,1.3333333333333334e-06
Cu11,22.17,3.3333333333333335e-07
Cu11,22.229999999999997,6.666666666666667e-07
Cu11,22.29,6.666666666666667e-07
Cu11,22.35,3.3333333333333335e-07
Cu11,22.409999999999997,0.0
Cu11,22.47,3.3333333333333335e-07
Cu11,22.53,3.3333333333333335e-07
Cu11,22.589999999999996,3.3333333333333335e-07
Cu11,22.65,0.0
Cu11,22.71,3.3333333333333335e-07
Al_degrader_E8_E7,12.39,6.666666666666667e-08
Al_degrader_E8_E7,12.45,0.0
Al_degrader_E8_E7,12.51,0.0
Al_degrader_E8_E7,12.57,1.3333333333333334e-07
Al_degrader_E8_E7,12.629999999999999,1.3333333333333334e-07
Al_degrader_E8_E7,12.69,3.3333333333333335e-07
Al_degrader_E8_E7,12.75,2e-07
Al_degrader_E8_E7,12.809999999999999,2.6666666666666667e-07
Al_degrader_E8_E7,12.870000000000001,6e-07
Al_degrader_E8_E7,12.93,5.333333333333333e-07
Al_degrader_E8_E7,12.989999999999998,9.333333333333333e-07
Al_degrader_E8_E7,13.05,1.1333333333333334e-06
Al_degrader_E8_E7,13.11,1.4e-06
Al_degrader_E8_E7,13.169999999999998,2.666666666666667e-06
Al_degrader_E8_E7,13.23,2.666666666666667e-06
Al_degrader_E8_E7,13.29,4.266666666666667e-06
Al_degrader_E8_E7,13.35,5.133333333333333e-06
Al_degrader_E8_E7,13.41,6.8666666666666664e-06
Al_degrader_E8_E7,13.469999999999999,1.04e-05
Al_degrader_E8_E7,13.53,1.2333333333333333e-05
Al_degrader_E8_E7,13.59,1.7e-05
Al_degrader_E8_E7,13.649999999999999,1.9733333333333333e-05
Al_degrader_E8_E7,13.71,2.88e-05
Al_degrader_E8_E7,13.77,3.293333333333333e-05
Al_degrader_E8_E7,13.829999999999998,4.433333333333333e-05
Al_degrader_E8_E7,13.89,5.62e-05
Al_degrader_E8_E7,13.95,7.153333333333333e-05
Al_degrader_E8_E7,14.009999999999998,9.053333333333333e-05
Al_degrader_E8_E7,14.07,0.00011046666666666666
Al_degrader_E8_E7,14.129999999999999,0.00013586666666666667
Al_degrader_E8_E7,14.19,0.00016986666666666666
Al_degrader_E8_E7,14.25,0.00021066666666666667
Al_degrader_E8_E7,14.309999999999999,0.00025133333333333333
Al_degrader_E8_E7,14.37,0.0003068666666666667
Al_degrader_E8_E7,14.43,0.00037486666666666665
Al_degrader_E8_E7,14.489999999999998,0.00045073333333333336
Al_degrader_E8_E7,14.55,0.0005418666666666666
Al_degrader_E8_E7,14.61,0.0006351333333333333
Al_degrader_E8_E7,14.669999999999998,0.0007502666666666666
Al_degrader_E8_E7,14.73,0.0009067333333333333
Al_degrader_E8_E7,14.79,0.0010627333333333333
Al_degrader_E8_E7,14.85,0.0012254666666666667
Al_degrader_E8_E7,14.91,0.0014092666666666667
Al_degrader_E8_E7,14.969999999999999,0.0016537333333333333
Al_degrader_E8_E7,15.03,0.0019026666666666667
Al_degrader_E8_E7,15.09,0.0021816
Al_degrader_E8_E7,15.149999999999999,0.0024701333333333334
Al_degrader_E8_E7,15.21,0.0027965333333333335
Al_degrader_E8_E7,15.27,0.003149733333333333
Al_degrader_E8_E7,15.329999999999998,0.0035537333333333335
Al_degrader_E8_E7,15.39,0.0039616
Al_degrader_E8_E7,15.45,0.004394733333333334
Al_degrader_E8_E7,15.509999999999998,0.004858133333333334
Al_degrader_E8_E7,15.57,0.0053926
Al_degrader_E8_E7,15.629999999999999,0.0058784
Al_degrader_E8_E7,15.69,0.006443666666666667
Al_degrader_E8_E7,15.75,0.006984133333333333
Al_degrader_E8_E7,15.809999999999999,0.0075718
Al_degrader_E8_E7,15.87,0.008129666666666667
Al_degrader_E8_E7,15.93,0.008709733333333334
Al_degrader_E8_E7,15.989999999999998,0.009319133333333333
Al_degrader_E8_E7,16.049999999999997,0.009932533333333333
Al_degrader_E8_E7,16.11,0.010524
Al_degrader_E8_E7,16.17,0.0110906
Al_degrader_E8_E7,16.229999999999997,0.011653066666666666
Al_degrader_E8_E7,16.29,0.0122478
Al_degrader_E8_E7,16.35,0.012786733333333333
Al_degrader_E8_E7,16.409999999999997,0.013300866666666666
Al_degrader_E8_E7,16.47,0.0137532
Al_degrader_E8_E7,16.53,0.014264533333333333
Al_degrader_E8_E7,16.59,0.014756
Al_degrader_E8_E7,16.65,0.015096533333333334
Al_degrader_E8_E7,16.71,0.0155142
Al_degrader_E8_E7,16.77,0.015887
Al_degrader_E8_E7,16.83,0.016227466666666666
Al_degrader_E8_E7,16.89,0.0165094
Al_degrader_E8_E7,16.95,0.0167978
Al_degrader_E8_E7,17.009999999999998,0.017085066666666666
Al_degrader_E8_E7,17.07,0.017300266666666668
Al_degrader_E8_E7,17.13,0.017478066666666667
Al_degrader_E8_E7,17.189999999999998,0.0176706
Al_degrader_E8_E7,17.25,0.0179232
Al_degrader_E8_E7,17.310000000000002,0.017946533333333334
Al_degrader_E8_E7,17.369999999999997,0.0181318
Al_degrader_E8_E7,17.43,0.018232066666666668
Al_degrader_E8_E7,17.490000000000002,0.0183034
Al_degrader_E8_E7,17.549999999999997,0.018361666666666665
Al_degrader_E8_E7,17.61,0.018428933333333335
Al_degrader_E8_E7,17.67,0.018507266666666668
Al_degrader_E8_E7,17.729999999999997,0.0184732
Al_degrader_E8_E7,17.79,0.0184992
Al_degrader_E8_E7,17.85,0.018499466666666665
Al_degrader_E8_E7,17.909999999999997,0.0184364
Al_degrader_E8_E7,17.97,0.018336
Al_degrader_E8_E7,18.03,0.018287
Al_degrader_E8_E7,18.09,0.018182933333333335
Al_degrader_E8_E7,18.15,0.017973533333333333
Al_degrader_E8_E7,18.21,0.017818133333333333
Al_degrader_E8_E7,18.27,0.017628
Al_degrader_E8_E7,18.33,0.017336066666666667
Al_degrader_E8_E7,18.39,0.016997333333333333
Al_degrader_E8_E7,18.45,0.016672533333333333
Al_degrader_E8_E7,18.509999999999998,0.016377133333333332
Al_degrader_E8_E7,18.57,0.015848
Al_degrader_E8_E7,18.63,0.015372333333333333
Al_degrader_E8_E7,18.689999999999998,0.014920133333333334
Al_degrader_E8_E7,18.75,0.0143204
Al_degrader_E8_E7,18.81,0.0136896
Al_degrader_E8_E7,18.869999999999997,0.013089866666666667
Al_degrader_E8_E7,18.93,0.012451066666666667
Al_degrader_E8_E7,18.990000000000002,0.0116962
Al_degrader_E8_E7,19.049999999999997,0.011007866666666666
Al_degrader_E8_E7,19.11,0.010322333333333333
Al_degrader_E8_E7,19.17,0.009559466666666667
Al_degrader_E8_E7,19.229999999999997,0.008817266666666667
Al_degrader_E8_E7,19.29,0.0081136
Al_degrader_E8_E7,19.35,0.00738
Al_degrader_E8_E7,19.409999999999997,0.006679733333333333
Al_degrader_E8_E7,19.47,0.0060114
Al_degrader_E8_E7,19.53,0.005396266666666667
Al_degrader_E8_E7,19.59,0.004781333333333334
Al_degrader_E8_E7,19.65,0.004181466666666666
Al_degrader_E8_E7,19.71,0.0037094
Al_degrader_E8_E7,19.77,0.0032006
Al_degrader_E8_E7,19.83,0.0027586666666666666
Al_degrader_E8_E7,19.89,0.0023670666666666665
Al_degrader_E8_E7,19.95,0.0019966
Al_degrader_E8_E7,20.009999999999998,0.0016792
Al_degrader_E8_E7,20.07,0.0014123333333333334
Al_degrader_E8_E7,20.13,0.0011602666666666666
Al_degrader_E8_E7,20.189999999999998,0.0009498666666666667
Al_degrader_E8_E7,20.25,0.0007757333333333333
Al_degrader_E8_E7,20.31,0.000627
Al_degrader_E8_E7,20.369999999999997,0.0004981333333333334
Al_degrader_E8_E7,20.43,0.0003894
Al_degrader_E8_E7,20.490000000000002,0.0003236
Al_degrader_E8_E7,20.549999999999997,0.0002434
Al_degrader_E8_E7,20.61,0.0001804
Al_degrader_E8_E7,20.67,0.00015006666666666666
Al_degrader_E8_E7,20.729999999999997,0.00010926666666666666
Al_degrader_E8_E7,20.79,7.473333333333334e-05
Al_degrader_E8_E7,20.85,6.14e-05
Al_degrader_E8_E7,20.909999999999997,4.7533333333333334e-05
Al_degrader_E8_E7,20.97,3.0066666666666668e-05
Al_degrader_E8_E7,21.03,2.5466666666666668e-05
Al_degrader_E8_E7,21.089999999999996,1.86e-05
Al_degrader_E8_E7,21.15,1.12e-05
Al_degrader_E8_E7,21.21,8.8e-06
Al_degrader_E8_E7,21.27,6.333333333333333e-06
Al_degrader_E8_E7,21.33,3.9333333333333335e-06
Al_degrader_E8_E7,21.39,3.4e-06
Al_degrader_E8_E7,21.45,2e-06
Al_degrader_E8_E7,21.509999999999998,1.2e-06
Al_degrader_E8_E7,21.57,1.4e-06
Al_degrader_E8_E7,21.63,6.666666666666667e-07
Al_degrader_E8_E7,21.689999999999998,6.666666666666667e-08
Al_degrader_E8_E7,21.75,6e-07
Al_degrader_E8_E7,21.81,1.3333333333333334e-07
Al_degrader_E8_E7,21.869999999999997,0.0
Al_degrader_E8_E7,21.93,2.6666666666666667e-07
Al_degrader_E8_E7,21.990000000000002,6.666666666666667e-08
Al_degrader_E8_E7,22.049999999999997,0.0
Al_degrader_E8_E7,22.11,6.666666666666667e-08
Al_degrader_E8_E7,22.17,6.666666666666667e-08
Al_degrader_E8_E7,22.229999999999997,0.0
Al_degrader_E8_E7,22.29,6.666666666666667e-08
Al_degrader_E8_E7,22.35,6.666666666666667e-08
Ni12,11.85,3.3333333333333335e-07
Ni12,11.91,0.0
Ni12,11.969999999999999,3.3333333333333335e-07
Ni12,12.03,6.666666666666667e-07
Ni12,12.09,1.3333333333333334e-06
Ni12,12.149999999999999,1.3333333333333334e-06
Ni12,12.21,3.3333333333333335e-07
Ni12,12.27,2.666666666666667e-06
Ni12,12.329999999999998,2.666666666666667e-06
Ni12,12.39,2e-06
Ni12,12.45,5.666666666666667e-06
Ni12,12.51,6e-06
Ni12,12.57,7.666666666666667e-06
Ni12,12.629999999999999,1.3e-05
Ni12,12.69,1.3e-05
Ni12,12.75,2.1666666666666667e-05
Ni12,12.809999999999999,2.3666666666666668e-05
Ni12,12.870000000000001,3.4e-05
Ni12,12.93,4.8666666666666666e-05
Ni12,12.989999999999998,5.6666666666666664e-05
Ni12,13.05,8.066666666666667e-05
Ni12,13.11,8.966666666666667e-05
Ni12,13.169999999999998,0.00013233333333333334
Ni12,13.23,0.000155
Ni12,13.29,0.000193
Ni12,13.35,0.0002536666666666667
Ni12,13.41,0.00031833333333333334
Ni12,13.469999999999999,0.0003936666666666667
Ni12,13.53,0.00048366666666666664
Ni12,13.59,0.0006046666666666667
Ni12,13.649999999999999,0.0007146666666666666
Ni12,13.71,0.00091
Ni12,13.77,0.001072
Ni12,13.829999999999998,0.0012823333333333332
Ni12,13.89,0.0015293333333333333
Ni12,13.95,0.001897
Ni12,14.009999999999998,0.0022286666666666666
Ni12,14.07,0.0026246666666666666
Ni12,14.129999999999999,0.0030053333333333334
Ni12,14.19,0.0036203333333333335
Ni12,14.25,0.004191333333333333
Ni12,14.309999999999999,0.004920666666666667
Ni12,14.37,0.005562
Ni12,14.43,0.006297666666666667
Ni12,14.489999999999998,0.0072636666666666665
Ni12,14.55,0.008364
Ni12,14.61,0.009393333333333333
Ni12,14.669999999999998,0.01036
Ni12,14.73,0.011624666666666667
Ni12,14.79,0.012811666666666667
Ni12,14.85,0.01433
Ni12,14.91,0.015627
Ni12,14.969999999999999,0.016959333333333333
Ni12,15.03,0.018342666666666667
Ni12,15.09,0.020034
Ni12,15.149999999999999,0.021469666666666668
Ni12,15.21,0.022789666666666666
Ni12,15.27,0.024138333333333335
Ni12,15.329999999999998,0.025432333333333335
Ni12,15.39,0.026691
Ni12,15.45,0.027810333333333333
Ni12,15.509999999999998,0.02877
Ni12,15.57,0.029611
Ni12,15.629999999999999,0.030399
Ni12,15.69,0.030964666666666668
Ni12,15.75,0.031164
Ni12,15.809999999999999,0.03127133333333333
Ni12,15.87,0.03145766666666667
Ni12,15.93,0.030994666666666667
Ni12,15.989999999999998,0.030464
Ni12,16.049999999999997,0.030040666666666667
Ni12,16.11,0.029336666666666667
Ni12,16.17,0.028215666666666667
Ni12,16.229999999999997,0.027121666666666665
Ni12,16.29,0.025879666666666665
Ni12,16.35,0.024651333333333334
Ni12,16.409999999999997,0.023221333333333333
Ni12,16.47,0.021696
Ni12,16.53,0.020146333333333332
Ni12,16.59,0.018776666666666667
Ni12,16.65,0.01718
Ni12,16.71,0.015652333333333334
Ni12,16.77,0.014167666666666667
Ni12,16.83,0.012866
Ni12,16.89,0.011465666666666667
Ni12,16.95,0.010198333333333334
Ni12,17.009999999999998,0.008939333333333334
Ni12,17.07,0.0078
Ni12,17.13,0.006800333333333334
Ni12,17.189999999999998,0.005868
Ni12,17.25,0.005064
Ni12,17.310000000000002,0.004220666666666667
Ni12,17.369999999999997,0.0036116666666666667
Ni12,17.43,0.0030496666666666667
Ni12,17.490000000000002,0.002482666666666667
Ni12,17.549999999999997,0.002065
Ni12,17.61,0.0016513333333333334
Ni12,17.67,0.0014256666666666667
Ni12,17.729999999999997,0.001119
Ni12,17.79,0.0008586666666666666
Ni12,17.85,0.000708
Ni12,17.909999999999997,0.000583
Ni12,17.97,0.0004276666666666667
Ni12,18.03,0.00030933333333333334
Ni12,18.09,0.0002666666666666667
Ni12,18.15,0.00020866666666666668
Ni12,18.21,0.000142
Ni12,18.27,0.00010966666666666667
Ni12,18.33,9.8e-05
Ni12,18.39,6.6e-05
Ni12,18.45,4.3333333333333334e-05
Ni12,18.509999999999998,3.3e-05
Ni12,18.57,2.7666666666666667e-05
Ni12,18.63,1.7333333333333332e-05
Ni12,18.689999999999998,1.3333333333333333e-05
Ni12,18.75,1.0666666666666667e-05
Ni12,18.81,5.666666666666667e-06
Ni12,18.869999999999997,6e-06
Ni12,18.93,3e-06
Ni12,18.990000000000002,2.333333333333333e-06
Ni12,19.049999999999997,1.3333333333333334e-06
Ni12,19.11,1.6666666666666667e-06
Ni12,19.17,3.3333333333333335e-07
Ni12,19.229999999999997,0.0
Ni12,19.29,1.3333333333333334e-06
Ni12,19.35,3.3333333333333335e-07
Ni12,19.409999999999997,0.0
Ni12,19.47,3.3333333333333335e-07
Ni12,19.53,0.0
Ni12,19.59,3.3333333333333335e-07
Ni12,19.65,0.0
Ni12,19.71,3.3333333333333335e-07
Ni12,19.77,3.3333333333333335e-07
Sn12,11.669999999999998,3.3333333333333335e-07
Sn12,11.73,3.3333333333333335e-07
Sn12,11.79,3.3333333333333335e-07
Sn12,11.85,6.666666666666667e-07
Sn12,11.91,1.3333333333333334e-06
Sn12,11.969999999999999,2e-06
Sn12,12.03,2.333333333333333e-06
Sn12,12.09,3.6666666666666666e-06
Sn12,12.149999999999999,5e-06
Sn12,12.21,3.3333333333333333e-06
Sn12,12.27,6.333333333333333e-06
Sn12,12.329999999999998,8.666666666666666e-06
Sn12,12.39,1.0333333333333333e-05
Sn12,12.45,1.7333333333333332e-05
Sn12,12.51,2.1333333333333335e-05
Sn12,12.57,2.5e-05
Sn12,12.629999999999999,4e-05
Sn12,12.69,4.633333333333333e-05
Sn12,12.75,6.633333333333334e-05
Sn12,12.809999999999999,8.766666666666667e-05
Sn12,12.870000000000001,0.000108
Sn12,12.93,0.000145
Sn12,12.989999999999998,0.00017566666666666666
Sn12,13.05,0.000218
Sn12,13.11,0.00026933333333333334
Sn12,13.169999999999998,0.00033666666666666665
Sn12,13.23,0.000428
Sn12,13.29,0.0005376666666666667
Sn12,13.35,0.0006783333333333333
Sn12,13.41,0.0008293333333333333
Sn12,13.469999999999999,0.000993
Sn12,13.53,0.001208
Sn12,13.59,0.001452
Sn12,13.649999999999999,0.001727
Sn12,13.71,0.00208
Sn12,13.77,0.0024376666666666665
Sn12,13.829999999999998,0.0029046666666666665
Sn12,13.89,0.003433
Sn12,13.95,0.004049333333333334
Sn12,14.009999999999998,0.0045913333333333336
Sn12,14.07,0.005384
Sn12,14.129999999999999,0.006203
Sn12,14.19,0.007141
Sn12,14.25,0.008145333333333333
Sn12,14.309999999999999,0.009139
Sn12,14.37,0.010198666666666667
Sn12,14.43,0.011467333333333333
Sn12,14.489999999999998,0.012853
Sn12,14.55,0.014253
Sn12,14.61,0.015643
Sn12,14.669999999999998,0.016870333333333334
Sn12,14.73,0.018416
Sn12,14.79,0.019929333333333334
Sn12,14.85,0.02150233333333333
Sn12,14.91,0.022977666666666667
Sn12,14.969999999999999,0.024453666666666665
Sn12,15.03,0.025843666666666668
Sn12,15.09,0.027207
Sn12,15.149999999999999,0.028366333333333334
Sn12,15.21,0.029351
Sn12,15.27,0.030152333333333333
Sn12,15.329999999999998,0.030713333333333332
Sn12,15.39,0.031194
Sn12,15.45,0.03163966666666667
Sn12,15.509999999999998,0.031865333333333336
Sn12,15.57,0.03186766666666667
Sn12,15.629999999999999,0.031729
Sn12,15.69,0.031185
Sn12,15.75,0.030529666666666667
Sn12,15.809999999999999,0.029663333333333333
Sn12,15.87,0.028536
Sn12,15.93,0.027328333333333333
Sn12,15.989999999999998,0.026053
Sn12,16.049999999999997,0.024722
Sn12,16.11,0.023178666666666667
Sn12,16.17,0.021564333333333335
Sn12,16.229999999999997,0.020072333333333334
Sn12,16.29,0.018555333333333333
Sn12,16.35,0.017111333333333333
Sn12,16.409999999999997,0.015578333333333333
Sn12,16.47,0.014038666666666666
Sn12,16.53,0.012564666666666667
Sn12,16.59,0.011193333333333333
Sn12,16.65,0.009872333333333334
Sn12,16.71,0.008675666666666667
Sn12,16.77,0.007582
Sn12,16.83,0.006542666666666666
Sn12,16.89,0.005594666666666667
Sn12,16.95,0.004725666666666667
Sn12,17.009999999999998,0.003955666666666666
Sn12,17.07,0.0033356666666666665
Sn12,17.13,0.0028223333333333334
Sn12,17.189999999999998,0.0023566666666666666
Sn12,17.25,0.0019143333333333334
Sn12,17.310000000000002,0.0015596666666666667
Sn12,17.369999999999997,0.0012663333333333333
Sn12,17.43,0.0010326666666666668
Sn12,17.490000000000002,0.0007833333333333334
Sn12,17.549999999999997,0.000602
Sn12,17.61,0.000468
Sn12,17.67,0.0003806666666666667
Sn12,17.729999999999997,0.00029233333333333336
Sn12,17.79,0.00022966666666666667
Sn12,17.85,0.00017933333333333335
Sn12,17.909999999999997,0.000135
Sn12,17.97,9.2e-05
Sn12,18.03,7.266666666666667e-05
Sn12,18.09,5.5e-05
Sn12,18.15,3.7e-05
Sn12,18.21,2.8e-05
Sn12,18.27,2.1333333333333335e-05
Sn12,18.33,1.7e-05
Sn12,18.39,1.1333333333333334e-05
Sn12,18.45,9.333333333333333e-06
Sn12,18.509999999999998,5e-06
Sn12,18.57,4e-06
Sn12,18.63,2.666666666666667e-06
Sn12,18.689999999999998,1.6666666666666667e-06
Sn12,18.75,1e-06
Sn12,18.81,1.3333333333333334e-06
Sn12,18.869999999999997,1e-06
Sn12,18.93,0.0
Sn12,18.990000000000002,0.0
Sn12,19.049999999999997,0.0
Sn12,19.11,0.0
Sn12,19.17,3.3333333333333335e-07
Sn12,19.229999999999997,6.666666666666667e-07
Sn12,19.29,6.666666666666667e-07
Sn12,19.35,3.3333333333333335e-07
Ta12,11.19,3.3333333333333335e-07
Ta12,11.25,0.0
Ta12,11.309999999999999,0.0
Ta12,11.370000000000001,6.666666666666667e-07
Ta12,11.43,6.666666666666667e-07
Ta12,11.489999999999998,1.6666666666666667e-06
Ta12,11.55,6.666666666666667e-07
Ta12,11.61,2e-06
Ta12,11.669999999999998,2.666666666666667e-06
Ta12,11.73,3e-06
Ta12,11.79,2e-06
Ta12,11.85,6.333333333333333e-06
Ta12,11.91,7.666666666666667e-06
Ta12,11.969999999999999,8.333333333333334e-06
Ta12,12.03,1.1333333333333334e-05
Ta12,12.09,1.7e-05
Ta12,12.149999999999999,2.1333333333333335e-05
Ta12,12.21,2.6e-05
Ta12,12.27,3.3333333333333335e-05
Ta12,12.329999999999998,5.1666666666666664e-05
Ta12,12.39,6.366666666666666e-05
Ta12,12.45,7.866666666666666e-05
Ta12,12.51,0.000102
Ta12,12.57,0.00012033333333333334
Ta12,12.629999999999999,0.00016333333333333334
Ta12,12.69,0.00019033333333333334
Ta12,12.75,0.0002503333333333333
Ta12,12.809999999999999,0.00033266666666666666
Ta12,12.870000000000001,0.00037266666666666665
Ta12,12.93,0.0004783333333333333
Ta12,12.989999999999998,0.0005916666666666667
Ta12,13.05,0.000706
Ta12,13.11,0.0008613333333333333
Ta12,13.169999999999998,0.0010563333333333334
Ta12,13.23,0.0012596666666666667
Ta12,13.29,0.001462
Ta12,13.35,0.001822
Ta12,13.41,0.00212
Ta12,13.469999999999999,0.0025043333333333332
Ta12,13.53,0.002914
Ta12,13.59,0.0033986666666666666
Ta12,13.649999999999999,0.003983
Ta12,13.71,0.004640666666666667
Ta12,13.77,0.005291
Ta12,13.829999999999998,0.006068
Ta12,13.89,0.006861333333333333
Ta12,13.95,0.007844
Ta12,14.009999999999998,0.008802333333333334
Ta12,14.07,0.009952666666666667
Ta12,14.129999999999999,0.011011333333333333
Ta12,14.19,0.012202666666666667
Ta12,14.25,0.013460333333333333
Ta12,14.309999999999999,0.014797
Ta12,14.37,0.016124
Ta12,14.43,0.017531333333333333
Ta12,14.489999999999998,0.018906
Ta12,14.55,0.020481333333333334
Ta12,14.61,0.021719333333333334
Ta12,14.669999999999998,0.023056666666666666
Ta12,14.73,0.024555666666666667
Ta12,14.79,0.025659
Ta12,14.85,0.026786666666666667
Ta12,14.91,0.027988
Ta12,14.969999999999999,0.028670333333333332
Ta12,15.03,0.029384333333333332
Ta12,15.09,0.030271333333333334
Ta12,15.149999999999999,0.030664
Ta12,15.21,0.030656
Ta12,15.27,0.031001
Ta12,15.329999999999998,0.030725
Ta12,15.39,0.030551
Ta12,15.45,0.030042666666666665
Ta12,15.509999999999998,0.029405
Ta12,15.57,0.028629
Ta12,15.629999999999999,0.02755466666666667
Ta12,15.69,0.026448
Ta12,15.75,0.025294
Ta12,15.809999999999999,0.02385
Ta12,15.87,0.022550666666666667
Ta12,15.93,0.021102
Ta12,15.989999999999998,0.019633666666666667
Ta12,16.049999999999997,0.018221666666666667
Ta12,16.11,0.016716
Ta12,16.17,0.015220333333333334
Ta12,16.229999999999997,0.013833333333333333
Ta12,16.29,0.012507
Ta12,16.35,0.011166666666666667
Ta12,16.409999999999997,0.009914
Ta12,16.47,0.008778
Ta12,16.53,0.007641333333333333
Ta12,16.59,0.006614666666666666
Ta12,16.65,0.005782
Ta12,16.71,0.004913666666666667
Ta12,16.77,0.0041923333333333335
Ta12,16.83,0.0035643333333333334
Ta12,16.89,0.002941333333333333
Ta12,16.95,0.0024976666666666667
Ta12,17.009999999999998,0.0020633333333333333
Ta12,17.07,0.001668
Ta12,17.13,0.001402
Ta12,17.189999999999998,0.0011253333333333334
Ta12,17.25,0.000875
Ta12,17.310000000000002,0.0007193333333333333
Ta12,17.369999999999997,0.000565
Ta12,17.43,0.0004496666666666667
Ta12,17.490000000000002,0.000328
Ta12,17.549999999999997,0.00026066666666666664
Ta12,17.61,0.00021733333333333332
Ta12,17.67,0.000155
Ta12,17.729999999999997,0.00011566666666666667
Ta12,17.79,9.833333333333333e-05
Ta12,17.85,6.6e-05
Ta12,17.909999999999997,4.966666666666667e-05
Ta12,17.97,3.4e-05
Ta12,18.03,3.1666666666666666e-05
Ta12,18.09,1.9e-05
Ta12,18.15,1.2333333333333333e-05
Ta12,18.21,1.3333333333333333e-05
Ta12,18.27,8e-06
Ta12,18.33,4.333333333333333e-06
Ta12,18.39,5e-06
Ta12,18.45,3.3333333333333333e-06
Ta12,18.509999999999998,3.3333333333333335e-07
Ta12,18.57,2.333333333333333e-06
Ta12,18.63,6.666666666666667e-07
Ta12,18.689999999999998,0.0
Ta12,18.75,6.666666666666667e-07
Ta12,18.81,6.666666666666667e-07
Ta12,18.869999999999997,0.0
Ta12,18.93,3.3333333333333335e-07
Ta12,18.990000000000002,3.3333333333333335e-07
Ta12,19.049999999999997,0.0
Ta12,19.11,3.3333333333333335e-07
Ta12,19.17,3.3333333333333335e-07
Ta12,19.229999999999997,3.3333333333333335e-07
Cu12,10.649999999999999,3.3333333333333335e-07
Cu12,10.71,0.0
Cu12,10.77,3.3333333333333335e-07
Cu12,10.829999999999998,3.3333333333333335e-07
Cu12,10.89,1e-06
Cu12,10.95,1.3333333333333334e-06
Cu12,11.01,6.666666666666667e-07
Cu12,11.07,1.6666666666666667e-06
Cu12,11.129999999999999,2.333333333333333e-06
Cu12,11.19,3e-06
Cu12,11.25,2.333333333333333e-06
Cu12,11.309999999999999,5e-06
Cu12,11.370000000000001,5.666666666666667e-06
Cu12,11.43,8e-06
Cu12,11.489999999999998,1.2666666666666667e-05
Cu12,11.55,1.2666666666666667e-05
Cu12,11.61,1.8e-05
Cu12,11.669999999999998,2.3666666666666668e-05
Cu12,11.73,2.966666666666667e-05
Cu12,11.79,4.4666666666666664e-05
Cu12,11.85,5.3e-05
Cu12,11.91,6.666666666666667e-05
Cu12,11.969999999999999,8.266666666666667e-05
Cu12,12.03,0.00010566666666666667
Cu12,12.09,0.00013233333333333334
Cu12,12.149999999999999,0.00015866666666666666
Cu12,12.21,0.00020233333333333334
Cu12,12.27,0.00025333333333333333
Cu12,12.329999999999998,0.00033233333333333335
Cu12,12.39,0.00038166666666666666
Cu12,12.45,0.00047766666666666666
Cu12,12.51,0.0005823333333333334
Cu12,12.57,0.0006873333333333333
Cu12,12.629999999999999,0.0008563333333333333
Cu12,12.69,0.0010106666666666667
Cu12,12.75,0.0011993333333333333
Cu12,12.809999999999999,0.001429
Cu12,12.870000000000001,0.0017296666666666667
Cu12,12.93,0.0020166666666666666
Cu12,12.989999999999998,0.002392333333333333
Cu12,13.05,0.002725
Cu12,13.11,0.0031696666666666666
Cu12,13.169999999999998,0.003761
Cu12,13.23,0.004343333333333334
Cu12,13.29,0.004929666666666666
Cu12,13.35,0.005598
Cu12,13.41,0.006351333333333333
Cu12,13.469999999999999,0.0072696666666666665
Cu12,13.53,0.008174
Cu12,13.59,0.009170666666666667
Cu12,13.649999999999999,0.010129666666666667
Cu12,13.71,0.011257
Cu12,13.77,0.012397333333333333
Cu12,13.829999999999998,0.013739
Cu12,13.89,0.014912666666666666
Cu12,13.95,0.016153
Cu12,14.009999999999998,0.017468666666666667
Cu12,14.07,0.018951666666666665
Cu12,14.129999999999999,0.0203
Cu12,14.19,0.021556
Cu12,14.25,0.022737
Cu12,14.309999999999999,0.02409733333333333
Cu12,14.37,0.025114333333333332
Cu12,14.43,0.026376333333333335
Cu12,14.489999999999998,0.027207666666666668
Cu12,14.55,0.028065666666666666
Cu12,14.61,0.028735333333333335
Cu12,14.669999999999998,0.029533
Cu12,14.73,0.029855
Cu12,14.79,0.029892333333333333
Cu12,14.85,0.030162666666666667
Cu12,14.91,0.030105666666666666
Cu12,14.969999999999999,0.029683666666666667
Cu12,15.03,0.029262666666666666
Cu12,15.09,0.028754666666666668
Cu12,15.149999999999999,0.028064333333333333
Cu12,15.21,0.027098333333333332
Cu12,15.27,0.026036
Cu12,15.329999999999998,0.024858
Cu12,15.39,0.023754666666666667
Cu12,15.45,0.022333
Cu12,15.509999999999998,0.021027
Cu12,15.57,0.019667666666666667
Cu12,15.629999999999999,0.018181666666666665
Cu12,15.69,0.016897
Cu12,15.75,0.015399333333333333
Cu12,15.809999999999999,0.014006666666666667
Cu12,15.87,0.012848666666666666
Cu12,15.93,0.01146
Cu12,15.989999999999998,0.010265
Cu12,16.049999999999997,0.009125333333333333
Cu12,16.11,0.008039333333333334
Cu12,16.17,0.006970666666666667
Cu12,16.229999999999997,0.006109333333333333
Cu12,16.29,0.0053156666666666665
Cu12,16.35,0.004494666666666667
Cu12,16.409999999999997,0.0038836666666666668
Cu12,16.47,0.0032556666666666667
Cu12,16.53,0.002752
Cu12,16.59,0.0022823333333333333
Cu12,16.65,0.00188
Cu12,16.71,0.0015563333333333334
Cu12,16.77,0.0013136666666666668
Cu12,16.83,0.0010533333333333334
Cu12,16.89,0.0008056666666666667
Cu12,16.95,0.0006626666666666667
Cu12,17.009999999999998,0.0005496666666666666
Cu12,17.07,0.0004243333333333333
Cu12,17.13,0.00029866666666666664
Cu12,17.189999999999998,0.00025133333333333333
Cu12,17.25,0.00020933333333333334
Cu12,17.310000000000002,0.00014733333333333333
Cu12,17.369999999999997,0.000109
Cu12,17.43,9.766666666666666e-05
Cu12,17.490000000000002,6.9e-05
Cu12,17.549999999999997,4.7e-05
Cu12,17.61,3.266666666666666e-05
Cu12,17.67,2.8666666666666668e-05
Cu12,17.729999999999997,2.1666666666666667e-05
Cu12,17.79,1.2333333333333333e-05
Cu12,17.85,1.2e-05
Cu12,17.909999999999997,7e-06
Cu12,17.97,5e-06
Cu12,18.03,6.333333333333333e-06
Cu12,18.09,3e-06
Cu12,18.15,3.3333333333333335e-07
Cu12,18.21,2e-06
Cu12,18.27,6.666666666666667e-07
Cu12,18.33,3.3333333333333335e-07
Cu12,18.39,3.3333333333333335e-07
Cu12,18.45,1e-06
Cu12,18.509999999999998,0.0
Cu12,18.57,3.3333333333333335e-07
Cu12,18.63,3.3333333333333335e-07
Cu12,18.689999999999998,0.0
Cu12,18.75,3.3333333333333335e-07
Cu12,18.81,3.3333333333333335e-07
Cu12,18.869999999999997,0.0
Cu12,18.93,3.3333333333333335e-07
Al_degrader_E9,8.19,8.333333333333334e-08
Al_degrader_E9,8.25,0.0
Al_degrader_E9,8.309999999999999,0.0
Al_degrader_E9,8.370000000000001,8.333333333333334e-08
Al_degrader_E9,8.43,1.6666666666666668e-07
Al_degrader_E9,8.489999999999998,8.333333333333334e-08
Al_degrader_E9,8.55,2.5e-07
Al_degrader_E9,8.61,3.3333333333333335e-07
Al_degrader_E9,8.67,2.5e-07
Al_degrader_E9,8.73,4.1666666666666667e-07
Al_degrader_E9,8.79,5e-07
Al_degrader_E9,8.85,7.5e-07
Al_degrader_E9,8.91,5e-07
Al_degrader_E9,8.969999999999999,7.5e-07
Al_degrader_E9,9.030000000000001,1.6666666666666667e-06
Al_degrader_E9,9.09,1.5833333333333333e-06
Al_degrader_E9,9.149999999999999,1.3333333333333334e-06
Al_degrader_E9,9.21,3.1666666666666667e-06
Al_degrader_E9,9.27,3.5833333333333335e-06
Al_degrader_E9,9.329999999999998,3.6666666666666666e-06
Al_degrader_E9,9.39,4.25e-06
Al_degrader_E9,9.45,6.75e-06
Al_degrader_E9,9.51,8.5e-06
Al_degrader_E9,9.57,1.0416666666666666e-05
Al_degrader_E9,9.629999999999999,1.2333333333333333e-05
Al_degrader_E9,9.69,1.625e-05
Al_degrader_E9,9.75,1.8916666666666668e-05
Al_degrader_E9,9.809999999999999,2.4916666666666668e-05
Al_degrader_E9,9.870000000000001,3.0166666666666667e-05
Al_degrader_E9,9.93,3.458333333333333e-05
Al_degrader_E9,9.989999999999998,4.291666666666667e-05
Al_degrader_E9,10.05,5.241666666666667e-05
Al_degrader_E9,10.11,6.45e-05
Al_degrader_E9,10.169999999999998,7.741666666666666e-05
Al_degrader_E9,10.23,9.491666666666667e-05
Al_degrader_E9,10.29,0.00011383333333333334
Al_degrader_E9,10.35,0.00013341666666666667
Al_degrader_E9,10.41,0.00016675
Al_degrader_E9,10.469999999999999,0.00018925
Al_degrader_E9,10.53,0.00022808333333333334
Al_degrader_E9,10.59,0.00028033333333333333
Al_degrader_E9,10.649999999999999,0.00031975
Al_degrader_E9,10.71,0.0003695833333333333
Al_degrader_E9,10.77,0.0004455
Al_degrader_E9,10.829999999999998,0.0005231666666666667
Al_degrader_E9,10.89,0.0005976666666666667
Al_degrader_E9,10.95,0.00069725
Al_degrader_E9,11.01,0.0008244166666666667
Al_degrader_E9,11.07,0.00093325
Al_degrader_E9,11.129999999999999,0.0010715833333333332
Al_degrader_E9,11.19,0.0012643333333333332
Al_degrader_E9,11.25,0.001429
Al_degrader_E9,11.309999999999999,0.0016151666666666667
Al_degrader_E9,11.370000000000001,0.0018699166666666666
Al_degrader_E9,11.43,0.0021016666666666666
Al_degrader_E9,11.489999999999998,0.0023539166666666665
Al_degrader_E9,11.55,0.002678
Al_degrader_E9,11.61,0.00301575
Al_degrader_E9,11.669999999999998,0.0033604166666666665
Al_degrader_E9,11.73,0.0037551666666666666
Al_degrader_E9,11.79,0.004183416666666667
Al_degrader_E9,11.85,0.00462325
Al_degrader_E9,11.91,0.00508625
Al_degrader_E9,11.969999999999999,0.0056563333333333335
Al_degrader_E9,12.03,0.006182583333333333
Al_degrader_E9,12.09,0.00673275
Al_degrader_E9,12.149999999999999,0.00741925
Al_degrader_E9,12.21,0.00804225
Al_degrader_E9,12.27,0.00867425
Al_degrader_E9,12.329999999999998,0.009462333333333333
Al_degrader_E9,12.39,0.010162833333333333
Al_degrader_E9,12.45,0.010860416666666668
Al_degrader_E9,12.51,0.01169275
Al_degrader_E9,12.57,0.01244275
Al_degrader_E9,12.629999999999999,0.013205833333333333
Al_degrader_E9,12.69,0.014022166666666667
Al_degrader_E9,12.75,0.014813916666666666
Al_degrader_E9,12.809999999999999,0.015615333333333333
Al_degrader_E9,12.870000000000001,0.016397416666666668
Al_degrader_E9,12.93,0.017163333333333333
Al_degrader_E9,12.989999999999998,0.017906416666666668
Al_degrader_E9,13.05,0.01864225
Al_degrader_E9,13.11,0.019325416666666668
Al_degrader_E9,13.169999999999998,0.01999475
Al_degrader_E9,13.23,0.020603583333333335
Al_degrader_E9,13.29,0.02114725
Al_degrader_E9,13.35,0.021684666666666668
Al_degrader_E9,13.41,0.022097
Al_degrader_E9,13.469999999999999,0.022520583333333333
Al_degrader_E9,13.53,0.022866583333333333
Al_degrader_E9,13.59,0.02307775
Al_degrader_E9,13.649999999999999,0.023276916666666668
Al_degrader_E9,13.71,0.02344025
Al_degrader_E9,13.77,0.0234005
Al_degrader_E9,13.829999999999998,0.023424666666666667
Al_degrader_E9,13.89,0.02332375
Al_degrader_E9,13.95,0.023128583333333334
Al_degrader_E9,14.009999999999998,0.022881583333333334
Al_degrader_E9,14.07,0.02248575
Al_degrader_E9,14.129999999999999,0.022138083333333333
Al_degrader_E9,14.19,0.021652333333333332
Al_degrader_E9,14.25,0.021042833333333334
Al_degrader_E9,14.309999999999999,0.020508083333333333
Al_degrader_E9,14.37,0.01977875
Al_degrader_E9,14.43,0.0190355
Al_degrader_E9,14.489999999999998,0.01833575
Al_degrader_E9,14.55,0.01748525
Al_degrader_E9,14.61,0.01665816666666667
Al_degrader_E9,14.669999999999998,0.015843916666666666
Al_degrader_E9,14.73,0.014863833333333333
Al_degrader_E9,14.79,0.014042583333333334
Al_degrader_E9,14.85,0.013118
Al_degrader_E9,14.91,0.012192666666666666
Al_degrader_E9,14.969999999999999,0.0113475
Al_degrader_E9,15.03,0.010421333333333333
Al_degrader_E9,15.09,0.009615583333333334
Al_degrader_E9,15.149999999999999,0.008782166666666667
Al_degrader_E9,15.21,0.007950666666666667
Al_degrader_E9,15.27,0.0072395
Al_degrader_E9,15.329999999999998,0.006495333333333333
Al_degrader_E9,15.39,0.005839833333333333
Al_degrader_E9,15.45,0.005216333333333333
Al_degrader_E9,15.509999999999998,0.0045941666666666665
Al_degrader_E9,15.57,0.00406725
Al_degrader_E9,15.629999999999999,0.0035563333333333332
Al_degrader_E9,15.69,0.0031105833333333333
Al_degrader_E9,15.75,0.0026883333333333334
Al_degrader_E9,15.809999999999999,0.002293
Al_degrader_E9,15.87,0.0019903333333333335
Al_degrader_E9,15.93,0.00168175
Al_degrader_E9,15.989999999999998,0.00142575
Al_degrader_E9,16.049999999999997,0.001204
Al_degrader_E9,16.11,0.0009891666666666666
Al_degrader_E9,16.17,0.0008201666666666666
Al_degrader_E9,16.229999999999997,0.0006866666666666667
Al_degrader_E9,16.29,0.00056825
Al_degrader_E9,16.35,0.0004598333333333333
Al_degrader_E9,16.409999999999997,0.0003749166666666667
Al_degrader_E9,16.47,0.00029416666666666664
Al_degrader_E9,16.53,0.00023816666666666666
Al_degrader_E9,16.59,0.00019008333333333334
Al_degrader_E9,16.65,0.00014625
Al_degrader_E9,16.71,0.000113
Al_degrader_E9,16.77,8.95e-05
Al_degrader_E9,16.83,6.825e-05
Al_degrader_E9,16.89,5.766666666666667e-05
Al_degrader_E9,16.95,3.983333333333333e-05
Al_degrader_E9,17.009999999999998,3.3833333333333334e-05
Al_degrader_E9,17.07,2.4e-05
Al_degrader_E9,17.13,1.6166666666666665e-05
Al_degrader_E9,17.189999999999998,1.3916666666666667e-05
Al_degrader_E9,17.25,9.166666666666666e-06
Al_degrader_E9,17.310000000000002,8.25e-06
Al_degrader_E9,17.369999999999997,5.0833333333333335e-06
Al_degrader_E9,17.43,4.25e-06
Al_degrader_E9,17.490000000000002,2.666666666666667e-06
Al_degrader_E9,17.549999999999997,2.5833333333333333e-06
Al_degrader_E9,17.61,1.1666666666666666e-06
Al_degrader_E9,17.67,1.25e-06
Al_degrader_E9,17.729999999999997,6.666666666666667e-07
Al_degrader_E9,17.79,5.833333333333333e-07
Al_degrader_E9,17.85,2.5e-07
Al_degrader_E9,17.909999999999997,5e-07
Al_degrader_E9,17.97,0.0
Al_degrader_E9,18.03,3.3333333333333335e-07
Al_degrader_E9,18.09,8.333333333333334e-08
Al_degrader_E9,18.15,8.333333333333334e-08
Al_degrader_E9,18.21,8.333333333333334e-08
Al_degrader_E9,18.27,8.333333333333334e-08
Al_degrader_E9,18.33,8.333333333333334e-08
Al_degrader_E9,18.39,8.333333333333334e-08
Al_degrader_E9,18.45,8.333333333333334e-08
Al_degrader_E9,18.509999999999998,0.0
Al_degrader_E9,18.57,8.333333333333334e-08
Ni13,7.41,2e-07
Ni13,7.47,0.0
Ni13,7.529999999999999,0.0
Ni13,7.59,4e-07
Ni13,7.65,2e-07
Ni13,7.709999999999999,2e-07
Ni13,7.77,2e-07
Ni13,7.83,1.4e-06
Ni13,7.89,6e-07
Ni13,7.949999999999999,4e-07
Ni13,8.01,1.4e-06
Ni13,8.07,2.2e-06
Ni13,8.129999999999999,1.2e-06
Ni13,8.19,2e-06
Ni13,8.25,3.6e-06
Ni13,8.309999999999999,3.6e-06
Ni13,8.370000000000001,3.2e-06
Ni13,8.43,5.2e-06
Ni13,8.489999999999998,7.8e-06
Ni13,8.55,8.4e-06
Ni13,8.61,9e-06
Ni13,8.67,1.36e-05
Ni13,8.73,1.68e-05
Ni13,8.79,1.7e-05
Ni13,8.85,2.46e-05
Ni13,8.91,3.42e-05
Ni13,8.969999999999999,3.64e-05
Ni13,9.030000000000001,4.4e-05
Ni13,9.09,6.18e-05
Ni13,9.149999999999999,6.76e-05
Ni13,9.21,8e-05
Ni13,9.27,0.0001034
Ni13,9.329999999999998,0.0001154
Ni13,9.39,0.0001462
Ni13,9.45,0.0001718
Ni13,9.51,0.0002092
Ni13,9.57,0.0002476
Ni13,9.629999999999999,0.0002984
Ni13,9.69,0.0003458
Ni13,9.75,0.0004162
Ni13,9.809999999999999,0.000492
Ni13,9.870000000000001,0.0005728
Ni13,9.93,0.0006794
Ni13,9.989999999999998,0.0007786
Ni13,10.05,0.000911
Ni13,10.11,0.0010592
Ni13,10.169999999999998,0.0012146
Ni13,10.23,0.0014324
Ni13,10.29,0.0016306
Ni13,10.35,0.001881
Ni13,10.41,0.0021564
Ni13,10.469999999999999,0.0024192
Ni13,10.53,0.0028024
Ni13,10.59,0.0031386
Ni13,10.649999999999999,0.0035866
Ni13,10.71,0.0040394
Ni13,10.77,0.0045102
Ni13,10.829999999999998,0.0050332
Ni13,10.89,0.0056526
Ni13,10.95,0.00623
Ni13,11.01,0.0069726
Ni13,11.07,0.0076904
Ni13,11.129999999999999,0.008416
Ni13,11.19,0.0092442
Ni13,11.25,0.0100992
Ni13,11.309999999999999,0.0109096
Ni13,11.370000000000001,0.011968
Ni13,11.43,0.012786
Ni13,11.489999999999998,0.0138248
Ni13,11.55,0.0148446
Ni13,11.61,0.0158256
Ni13,11.669999999999998,0.0169592
Ni13,11.73,0.017878
Ni13,11.79,0.018943
Ni13,11.85,0.019868
Ni13,11.91,0.0208456
Ni13,11.969999999999999,0.0217854
Ni13,12.03,0.0227142
Ni13,12.09,0.0233614
Ni13,12.149999999999999,0.0240868
Ni13,12.21,0.0247748
Ni13,12.27,0.0253112
Ni13,12.329999999999998,0.025757
Ni13,12.39,0.0261926
Ni13,12.45,0.026362
Ni13,12.51,0.026466
Ni13,12.57,0.0264798
Ni13,12.629999999999999,0.0264082
Ni13,12.69,0.026105
Ni13,12.75,0.0257734
Ni13,12.809999999999999,0.0254188
Ni13,12.870000000000001,0.0247988
Ni13,12.93,0.0240832
Ni13,12.989999999999998,0.0233496
Ni13,13.05,0.0224736
Ni13,13.11,0.0215192
Ni13,13.169999999999998,0.0206122
Ni13,13.23,0.0195198
Ni13,13.29,0.0185008
Ni13,13.35,0.0173886
Ni13,13.41,0.0163208
Ni13,13.469999999999999,0.0151986
Ni13,13.53,0.0141126
Ni13,13.59,0.0130452
Ni13,13.649999999999999,0.011933
Ni13,13.71,0.0109844
Ni13,13.77,0.0099154
Ni13,13.829999999999998,0.009017
Ni13,13.89,0.0080506
Ni13,13.95,0.0072002
Ni13,14.009999999999998,0.0063658
Ni13,14.07,0.0056976
Ni13,14.129999999999999,0.004925
Ni13,14.19,0.0043978
Ni13,14.25,0.0037566
Ni13,14.309999999999999,0.0032556
Ni13,14.37,0.0027916
Ni13,14.43,0.0024134
Ni13,14.489999999999998,0.0020142
Ni13,14.55,0.001748
Ni13,14.61,0.001427
Ni13,14.669999999999998,0.001219
Ni13,14.73,0.0009978
Ni13,14.79,0.0008336
Ni13,14.85,0.0006662
Ni13,14.91,0.0005548
Ni13,14.969999999999999,0.0004486
Ni13,15.03,0.0003544
Ni13,15.09,0.0002824
Ni13,15.149999999999999,0.0002228
Ni13,15.21,0.0001848
Ni13,15.27,0.0001422
Ni13,15.329999999999998,0.0001146
Ni13,15.39,8.7e-05
Ni13,15.45,7.16e-05
Ni13,15.509999999999998,5.14e-05
Ni13,15.57,3.82e-05
Ni13,15.629999999999999,3.04e-05
Ni13,15.69,2.28e-05
Ni13,15.75,1.78e-05
Ni13,15.809999999999999,1.3e-05
Ni13,15.87,9.4e-06
Ni13,15.93,7.8e-06
Ni13,15.989999999999998,5e-06
Ni13,16.049999999999997,4.4e-06
Ni13,16.11,2.6e-06
Ni13,16.17,2.8e-06
Ni13,16.229999999999997,4e-07
Ni13,16.29,1.6e-06
Ni13,16.35,2e-07
Ni13,16.409999999999997,8e-07
Ni13,16.47,0.0
Ni13,16.53,8e-07
Ni13,16.59,2e-07
Ni13,16.65,2e-07
Ni13,16.71,2e-07
Ni13,16.77,2e-07
Ni13,16.83,2e-07
Ni13,16.89,2e-07
Ni13,16.95,4e-07
Ni13,17.009999999999998,0.0
Ni13,17.07,2e-07
Sn13,7.2299999999999995,3.3333333333333335e-07
Sn13,7.289999999999999,3.3333333333333335e-07
Sn13,7.35,0.0
Sn13,7.41,6.666666666666667e-07
Sn13,7.47,3.3333333333333335e-07
Sn13,7.529999999999999,6.666666666666667e-07
Sn13,7.59,1.6666666666666667e-06
Sn13,7.65,1.6666666666666667e-06
Sn13,7.709999999999999,1.6666666666666667e-06
Sn13,7.77,2e-06
Sn13,7.83,2.666666666666667e-06
Sn13,7.89,4e-06
Sn13,7.949999999999999,2.666666666666667e-06
Sn13,8.01,3e-06
Sn13,8.07,5.666666666666667e-06
Sn13,8.129999999999999,6e-06
Sn13,8.19,7.666666666666667e-06
Sn13,8.25,9e-06
Sn13,8.309999999999999,1.5333333333333334e-05
Sn13,8.370000000000001,1.5333333333333334e-05
Sn13,8.43,1.7666666666666668e-05
Sn13,8.489999999999998,2.5333333333333334e-05
Sn13,8.55,2.966666666666667e-05
Sn13,8.61,3.5333333333333336e-05
Sn13,8.67,4.1666666666666665e-05
Sn13,8.73,5.9e-05
Sn13,8.79,7.566666666666667e-05
Sn13,8.85,7.666666666666667e-05
Sn13,8.91,0.00010833333333333333
Sn13,8.969999999999999,0.00012666666666666666
Sn13,9.030000000000001,0.00013933333333333332
Sn13,9.09,0.00016933333333333332
Sn13,9.149999999999999,0.00019566666666666666
Sn13,9.21,0.00024166666666666667
Sn13,9.27,0.00028133333333333336
Sn13,9.329999999999998,0.00033133333333333333
Sn13,9.39,0.00041833333333333333
Sn13,9.45,0.000486
Sn13,9.51,0.000566
Sn13,9.57,0.0006743333333333333
Sn13,9.629999999999999,0.0007823333333333333
Sn13,9.69,0.000874
Sn13,9.75,0.0010536666666666667
Sn13,9.809999999999999,0.001223
Sn13,9.870000000000001,0.0013873333333333333
Sn13,9.93,0.0016223333333333333
Sn13,9.989999999999998,0.001797
Sn13,10.05,0.002116666666666667
Sn13,10.11,0.002379
Sn13,10.169999999999998,0.0027676666666666665
Sn13,10.23,0.003134
Sn13,10.29,0.003515
Sn13,10.35,0.003929666666666666
Sn13,10.41,0.004409333333333334
Sn13,10.469999999999999,0.0049896666666666666
Sn13,10.53,0.005583
Sn13,10.59,0.006254666666666667
Sn13,10.649999999999999,0.006873333333333334
Sn13,10.71,0.007566666666666667
Sn13,10.77,0.008272333333333333
Sn13,10.829999999999998,0.009065333333333333
Sn13,10.89,0.010025666666666667
Sn13,10.95,0.010928
Sn13,11.01,0.011838666666666667
Sn13,11.07,0.012858333333333333
Sn13,11.129999999999999,0.013623333333333333
Sn13,11.19,0.014598666666666666
Sn13,11.25,0.015716666666666667
Sn13,11.309999999999999,0.016674333333333333
Sn13,11.370000000000001,0.017799666666666665
Sn13,11.43,0.018819333333333334
Sn13,11.489999999999998,0.019834333333333332
Sn13,11.55,0.020733333333333333
Sn13,11.61,0.021807
Sn13,11.669999999999998,0.022738333333333333
Sn13,11.73,0.023478
Sn13,11.79,0.024176333333333334
Sn13,11.85,0.024744333333333333
Sn13,11.91,0.025262
Sn13,11.969999999999999,0.025680666666666668
Sn13,12.03,0.026034666666666668
Sn13,12.09,0.026204
Sn13,12.149999999999999,0.026535666666666666
Sn13,12.21,0.026552666666666665
Sn13,12.27,0.026572333333333333
Sn13,12.329999999999998,0.026339666666666667
Sn13,12.39,0.025982
Sn13,12.45,0.025545333333333333
Sn13,12.51,0.024960666666666666
Sn13,12.57,0.024211333333333335
Sn13,12.629999999999999,0.023396
Sn13,12.69,0.022519666666666667
Sn13,12.75,0.021648
Sn13,12.809999999999999,0.020658666666666665
Sn13,12.870000000000001,0.019665333333333333
Sn13,12.93,0.018497666666666666
Sn13,12.989999999999998,0.017454333333333332
Sn13,13.05,0.016332666666666665
Sn13,13.11,0.015324333333333334
Sn13,13.169999999999998,0.014295666666666667
Sn13,13.23,0.013165333333333333
Sn13,13.29,0.012119666666666667
Sn13,13.35,0.010982666666666667
Sn13,13.41,0.009993
Sn13,13.469999999999999,0.009032
Sn13,13.53,0.008166
Sn13,13.59,0.007245
Sn13,13.649999999999999,0.006458
Sn13,13.71,0.0057206666666666664
Sn13,13.77,0.005014666666666666
Sn13,13.829999999999998,0.004363
Sn13,13.89,0.003771
Sn13,13.95,0.0032226666666666666
Sn13,14.009999999999998,0.0027983333333333332
Sn13,14.07,0.0024193333333333332
Sn13,14.129999999999999,0.002057666666666667
Sn13,14.19,0.0017553333333333334
Sn13,14.25,0.001449
Sn13,14.309999999999999,0.0012373333333333333
Sn13,14.37,0.001035
Sn13,14.43,0.0008533333333333333
Sn13,14.489999999999998,0.000655
Sn13,14.55,0.0005216666666666667
Sn13,14.61,0.00042866666666666666
Sn13,14.669999999999998,0.00035266666666666666
Sn13,14.73,0.0002846666666666667
Sn13,14.79,0.000228
Sn13,14.85,0.00018733333333333332
Sn13,14.91,0.00015566666666666666
Sn13,14.969999999999999,0.00011866666666666667
Sn13,15.03,8.566666666666667e-05
Sn13,15.09,6.633333333333334e-05
Sn13,15.149999999999999,5.1666666666666664e-05
Sn13,15.21,3.8333333333333334e-05
Sn13,15.27,2.966666666666667e-05
Sn13,15.329999999999998,2.2333333333333332e-05
Sn13,15.39,1.8e-05
Sn13,15.45,1.3e-05
Sn13,15.509999999999998,1.1e-05
Sn13,15.57,8.333333333333334e-06
Sn13,15.629999999999999,6.333333333333333e-06
Sn13,15.69,4.333333333333333e-06
Sn13,15.75,2e-06
Sn13,15.809999999999999,2e-06
Sn13,15.87,6.666666666666667e-07
Sn13,15.93,1e-06
Sn13,15.989999999999998,1e-06
Sn13,16.049999999999997,1e-06
Sn13,16.11,3.3333333333333335e-07
Sn13,16.17,0.0
Sn13,16.229999999999997,0.0
Sn13,16.29,0.0
Sn13,16.35,0.0
Sn13,16.409999999999997,3.3333333333333335e-07
Sn13,16.47,3.3333333333333335e-07
Sn13,16.53,1e-06
Sn13,16.59,3.3333333333333335e-07
Ta13,6.57,2.5e-07
Ta13,6.63,0.0
Ta13,6.6899999999999995,0.0
Ta13,6.75,2.5e-07
Ta13,6.81,5e-07
Ta13,6.869999999999999,2.5e-07
Ta13,6.93,2.5e-07
Ta13,6.99,1e-06
Ta13,7.05,1.25e-06
Ta13,7.109999999999999,2.5e-07
Ta13,7.17,1.5e-06
Ta13,7.2299999999999995,2e-06
Ta13,7.289999999999999,2e-06
Ta13,7.35,1.5e-06
Ta13,7.41,1.75e-06
Ta13,7.47,4.75e-06
Ta13,7.529999999999999,4.25e-06
Ta13,7.59,3.75e-06
Ta13,7.65,4.75e-06
Ta13,7.709999999999999,1e-05
Ta13,7.77,8.5e-06
Ta13,7.83,9e-06
Ta13,7.89,1.55e-05
Ta13,7.949999999999999,1.85e-05
Ta13,8.01,1.85e-05
Ta13,8.07,2.15e-05
Ta13,8.129999999999999,3.775e-05
Ta13,8.19,3.6e-05
Ta13,8.25,4.275e-05
Ta13,8.309999999999999,6.175e-05
Ta13,8.370000000000001,6.725e-05
Ta13,8.43,7.5e-05
Ta13,8.489999999999998,9.625e-05
Ta13,8.55,0.000118
Ta13,8.61,0.000133
Ta13,8.67,0.000158
Ta13,8.73,0.00019275
Ta13,8.79,0.00023225
Ta13,8.85,0.000267
Ta13,8.91,0.000322
Ta13,8.969999999999999,0.000362
Ta13,9.030000000000001,0.000447
Ta13,9.09,0.0005125
Ta13,9.149999999999999,0.00056875
Ta13,9.21,0.000714
Ta13,9.27,0.0008045
Ta13,9.329999999999998,0.000913
Ta13,9.39,0.00106925
Ta13,9.45,0.00123175
Ta13,9.51,0.001399
Ta13,9.57,0.00161225
Ta13,9.629999999999999,0.0018375
Ta13,9.69,0.002114
Ta13,9.75,0.0023675
Ta13,9.809999999999999,0.0026395
Ta13,9.870000000000001,0.003066
Ta13,9.93,0.00339825
Ta13,9.989999999999998,0.003821
Ta13,10.05,0.0043325
Ta13,10.11,0.0047675
Ta13,10.169999999999998,0.00531575
Ta13,10.23,0.00588625
Ta13,10.29,0.00647725
Ta13,10.35,0.007155
Ta13,10.41,0.00789225
Ta13,10.469999999999999,0.008639
Ta13,10.53,0.00937975
Ta13,10.59,0.0102455
Ta13,10.649999999999999,0.010943
Ta13,10.71,0.01190625
Ta13,10.77,0.01285075
Ta13,10.829999999999998,0.013722
Ta13,10.89,0.014742
Ta13,10.95,0.01568125
Ta13,11.01,0.01655175
Ta13,11.07,0.01758725
Ta13,11.129999999999999,0.018553
Ta13,11.19,0.019446
Ta13,11.25,0.020372
Ta13,11.309999999999999,0.02125875
Ta13,11.370000000000001,0.021991
Ta13,11.43,0.02282725
Ta13,11.489999999999998,0.02339575
Ta13,11.55,0.02397
Ta13,11.61,0.02453725
Ta13,11.669999999999998,0.0249805
Ta13,11.73,0.02531425
Ta13,11.79,0.02551025
Ta13,11.85,0.02567475
Ta13,11.91,0.025746
Ta13,11.969999999999999,0.0256695
Ta13,12.03,0.02544225
Ta13,12.09,0.02518525
Ta13,12.149999999999999,0.0247845
Ta13,12.21,0.0243135
Ta13,12.27,0.023625
Ta13,12.329999999999998,0.023007
Ta13,12.39,0.02215725
Ta13,12.45,0.021353
Ta13,12.51,0.0203815
Ta13,12.57,0.0194425
Ta13,12.629999999999999,0.01850025
Ta13,12.69,0.01747175
Ta13,12.75,0.01649775
Ta13,12.809999999999999,0.0153675
Ta13,12.870000000000001,0.01444525
Ta13,12.93,0.01327725
Ta13,12.989999999999998,0.012338
Ta13,13.05,0.01138625
Ta13,13.11,0.01039825
Ta13,13.169999999999998,0.0094175
Ta13,13.23,0.00853125
Ta13,13.29,0.0076965
Ta13,13.35,0.00683275
Ta13,13.41,0.006153
Ta13,13.469999999999999,0.0053845
Ta13,13.53,0.0047975
Ta13,13.59,0.0041535
Ta13,13.649999999999999,0.00364725
Ta13,13.71,0.00316
Ta13,13.77,0.00273825
Ta13,13.829999999999998,0.002302
Ta13,13.89,0.00202125
Ta13,13.95,0.00168225
Ta13,14.009999999999998,0.0014505
Ta13,14.07,0.00120475
Ta13,14.129999999999999,0.000989
Ta13,14.19,0.000838
Ta13,14.25,0.00067925
Ta13,14.309999999999999,0.000569
Ta13,14.37,0.00044575
Ta13,14.43,0.0003665
Ta13,14.489999999999998,0.00028325
Ta13,14.55,0.00023775
Ta13,14.61,0.000193
Ta13,14.669999999999998,0.0001515
Ta13,14.73,0.00011825
Ta13,14.79,9.55e-05
Ta13,14.85,7.725e-05
Ta13,14.91,5.725e-05
Ta13,14.969999999999999,4.175e-05
Ta13,15.03,3.625e-05
Ta13,15.09,2.325e-05
Ta13,15.149999999999999,2.1e-05
Ta13,15.21,1.4e-05
Ta13,15.27,1.15e-05
Ta13,15.329999999999998,9.25e-06
Ta13,15.39,5.75e-06
Ta13,15.45,5.25e-06
Ta13,15.509999999999998,3.25e-06
Ta13,15.57,3.5e-06
Ta13,15.629999999999999,7.5e-07
Ta13,15.69,2e-06
Ta13,15.75,2.5e-07
Ta13,15.809999999999999,7.5e-07
Ta13,15.87,2.5e-07
Ta13,15.93,5e-07
Ta13,15.989999999999998,2.5e-07
Ta13,16.049999999999997,2.5e-07
Ta13,16.11,2.5e-07
Ta13,16.17,2.5e-07
Ta13,16.229999999999997,2.5e-07
Ta13,16.29,2.5e-07
Ta13,16.35,0.0
Ta13,16.409999999999997,5e-07
Ta13,16.47,0.0
Ta13,16.53,2.5e-07
Cu13,5.73,2e-07
Cu13,5.789999999999999,0.0
Cu13,5.85,0.0
Cu13,5.91,2e-07
Cu13,5.97,4e-07
Cu13,6.029999999999999,0.0
Cu13,6.09,2e-07
Cu13,6.15,1e-06
Cu13,6.21,6e-07
Cu13,6.27,6e-07
Cu13,6.33,6e-07
Cu13,6.39,1.2e-06
Cu13,6.449999999999999,1.4e-06
Cu13,6.51,1.2e-06
Cu13,6.57,2e-06
Cu13,6.63,1.4e-06
Cu13,6.6899999999999995,3.4e-06
Cu13,6.75,3e-06
Cu13,6.81,3.6e-06
Cu13,6.869999999999999,4.4e-06
Cu13,6.93,6e-06
Cu13,6.99,7e-06
Cu13,7.05,8.4e-06
Cu13,7.109999999999999,8e-06
Cu13,7.17,1.2e-05
Cu13,7.2299999999999995,1.6e-05
Cu13,7.289999999999999,1.5e-05
Cu13,7.35,2.06e-05
Cu13,7.41,2.92e-05
Cu13,7.47,2.82e-05
Cu13,7.529999999999999,3.84e-05
Cu13,7.59,4.86e-05
Cu13,7.65,5.12e-05
Cu13,7.709999999999999,6.46e-05
Cu13,7.77,7.96e-05
Cu13,7.83,8.8e-05
Cu13,7.89,0.0001026
Cu13,7.949999999999999,0.000127
Cu13,8.01,0.0001418
Cu13,8.07,0.0001722
Cu13,8.129999999999999,0.0002082
Cu13,8.19,0.0002358
Cu13,8.25,0.0002776
Cu13,8.309999999999999,0.0003294
Cu13,8.370000000000001,0.000379
Cu13,8.43,0.0004436
Cu13,8.489999999999998,0.000498
Cu13,8.55,0.0005954
Cu13,8.61,0.0006926
Cu13,8.67,0.0007718
Cu13,8.73,0.000894
Cu13,8.79,0.0010288
Cu13,8.85,0.0011752
Cu13,8.91,0.0013478
Cu13,8.969999999999999,0.0015092
Cu13,9.030000000000001,0.0017518
Cu13,9.09,0.0019668
Cu13,9.149999999999999,0.0021614
Cu13,9.21,0.0025072
Cu13,9.27,0.0027958
Cu13,9.329999999999998,0.0031166
Cu13,9.39,0.0035346
Cu13,9.45,0.0038992
Cu13,9.51,0.0043634
Cu13,9.57,0.004823
Cu13,9.629999999999999,0.0052964
Cu13,9.69,0.0058786
Cu13,9.75,0.0064448
Cu13,9.809999999999999,0.0070908
Cu13,9.870000000000001,0.007732
Cu13,9.93,0.0084462
Cu13,9.989999999999998,0.0092054
Cu13,10.05,0.0098262
Cu13,10.11,0.0107184
Cu13,10.169999999999998,0.0115024
Cu13,10.23,0.0123178
Cu13,10.29,0.0132354
Cu13,10.35,0.0140988
Cu13,10.41,0.0149716
Cu13,10.469999999999999,0.0159166
Cu13,10.53,0.0167096
Cu13,10.59,0.0177084
Cu13,10.649999999999999,0.0185078
Cu13,10.71,0.0194212
Cu13,10.77,0.0201992
Cu13,10.829999999999998,0.0209554
Cu13,10.89,0.0217112
Cu13,10.95,0.0222854
Cu13,11.01,0.0229498
Cu13,11.07,0.0233652
Cu13,11.129999999999999,0.023992
Cu13,11.19,0.0242218
Cu13,11.25,0.0246292
Cu13,11.309999999999999,0.024722
Cu13,11.370000000000001,0.0248702
Cu13,11.43,0.024831
Cu13,11.489999999999998,0.0247716
Cu13,11.55,0.0245638
Cu13,11.61,0.024263
Cu13,11.669999999999998,0.0238962
Cu13,11.73,0.02347
Cu13,11.79,0.0228376
Cu13,11.85,0.0221556
Cu13,11.91,0.0215072
Cu13,11.969999999999999,0.020599
Cu13,12.03,0.0197936
Cu13,12.09,0.0189296
Cu13,12.149999999999999,0.0179764
Cu13,12.21,0.0170778
Cu13,12.27,0.016114
Cu13,12.329999999999998,0.0151242
Cu13,12.39,0.0141372
Cu13,12.45,0.013187
Cu13,12.51,0.0122064
Cu13,12.57,0.0112356
Cu13,12.629999999999999,0.0104146
Cu13,12.69,0.0094404
Cu13,12.75,0.0086478
Cu13,12.809999999999999,0.0077356
Cu13,12.870000000000001,0.0070492
Cu13,12.93,0.0062056
Cu13,12.989999999999998,0.0056038
Cu13,13.05,0.0049024
Cu13,13.11,0.0043848
Cu13,13.169999999999998,0.0038266
Cu13,13.23,0.0033322
Cu13,13.29,0.0029022
Cu13,13.35,0.0025004
Cu13,13.41,0.00216
Cu13,13.469999999999999,0.0018324
Cu13,13.53,0.0015872
Cu13,13.59,0.001316
Cu13,13.649999999999999,0.0011364
Cu13,13.71,0.0009286
Cu13,13.77,0.0007816
Cu13,13.829999999999998,0.0006334
Cu13,13.89,0.0005354
Cu13,13.95,0.00043
Cu13,14.009999999999998,0.0003454
Cu13,14.07,0.0002764
Cu13,14.129999999999999,0.000226
Cu13,14.19,0.0001872
Cu13,14.25,0.0001486
Cu13,14.309999999999999,0.0001176
Cu13,14.37,9.16e-05
Cu13,14.43,7.48e-05
Cu13,14.489999999999998,5.78e-05
Cu13,14.55,4.24e-05
Cu13,14.61,3.32e-05
Cu13,14.669999999999998,2.7e-05
Cu13,14.73,1.96e-05
Cu13,14.79,1.6e-05
Cu13,14.85,1.06e-05
Cu13,14.91,9.8e-06
Cu13,14.969999999999999,7.4e-06
Cu13,15.03,5e-06
Cu13,15.09,3.6e-06
Cu13,15.149999999999999,2.4e-06
Cu13,15.21,2.4e-06
Cu13,15.27,8e-07
Cu13,15.329999999999998,1.4e-06
Cu13,15.39,4e-07
Cu13,15.45,6e-07
Cu13,15.509999999999998,2e-07
Cu13,15.57,6e-07
Cu13,15.629999999999999,2e-07
Cu13,15.69,2e-07
Cu13,15.75,2e-07
Cu13,15.809999999999999,4e-07
Cu13,15.87,0.0
Cu13,15.93,4e-07
Cu13,15.989999999999998,0.0
Cu13,16.049999999999997,4e-07
Cu13,16.11,2e-07
Al_degrader_E10,0.03,1e-07
Al_degrader_E10,0.09,0.0
Al_degrader_E10,0.15,0.0
Al_degrader_E10,0.21,0.0
Al_degrader_E10,0.27,0.0
Al_degrader_E10,0.32999999999999996,0.0
Al_degrader_E10,0.39,5e-08
Al_degrader_E10,0.44999999999999996,0.0
Al_degrader_E10,0.51,0.0
Al_degrader_E10,0.5700000000000001,0.0
Al_degrader_E10,0.6299999999999999,5e-08
Al_degrader_E10,0.69,0.0
Al_degrader_E10,0.75,0.0
Al_degrader_E10,0.81,0.0
Al_degrader_E10,0.8699999999999999,0.0
Al_degrader_E10,0.9299999999999999,1e-07
Al_degrader_E10,0.99,0.0
Al_degrader_E10,1.05,0.0
Al_degrader_E10,1.1099999999999999,5e-08
Al_degrader_E10,1.17,5e-08
Al_degrader_E10,1.23,5e-08
Al_degrader_E10,1.29,1e-07
Al_degrader_E10,1.3499999999999999,0.0
Al_degrader_E10,1.41,1e-07
Al_degrader_E10,1.47,1.5e-07
Al_degrader_E10,1.53,5e-08
Al_degrader_E10,1.5899999999999999,0.0
Al_degrader_E10,1.65,1e-07
Al_degrader_E10,1.71,1e-07
Al_degrader_E10,1.77,1e-07
Al_degrader_E10,1.8299999999999998,1.5e-07
Al_degrader_E10,1.89,2e-07
Al_degrader_E10,1.95,1e-07
Al_degrader_E10,2.01,1e-07
Al_degrader_E10,2.0700000000000003,2.5e-07
Al_degrader_E10,2.13,3e-07
Al_degrader_E10,2.19,0.0
Al_degrader_E10,2.25,4e-07
Al_degrader_E10,2.3099999999999996,2e-07
Al_degrader_E10,2.37,1e-07
Al_degrader_E10,2.4299999999999997,3.5e-07
Al_degrader_E10,2.49,4e-07
Al_degrader_E10,2.55,3.5e-07
Al_degrader_E10,2.61,6e-07
Al_degrader_E10,2.67,4.5e-07
Al_degrader_E10,2.7299999999999995,6.5e-07
Al_degrader_E10,2.79,4e-07
Al_degrader_E10,2.8499999999999996,7.5e-07
Al_degrader_E10,2.91,7.5e-07
Al_degrader_E10,2.9699999999999998,8e-07
Al_degrader_E10,3.0300000000000002,1.2e-06
Al_degrader_E10,3.09,9.5e-07
Al_degrader_E10,3.15,1.4e-06
Al_degrader_E10,3.21,1.4e-06
Al_degrader_E10,3.2699999999999996,1.5e-06
Al_degrader_E10,3.33,1.75e-06
Al_degrader_E10,3.3899999999999997,1.85e-06
Al_degrader_E10,3.45,2.4e-06
Al_degrader_E10,3.51,2.8e-06
Al_degrader_E10,3.57,2.7e-06
Al_degrader_E10,3.63,2.85e-06
Al_degrader_E10,3.6899999999999995,3.55e-06
Al_degrader_E10,3.75,4.15e-06
Al_degrader_E10,3.8099999999999996,5.4e-06
Al_degrader_E10,3.87,5.5e-06
Al_degrader_E10,3.9299999999999997,5.55e-06
Al_degrader_E10,3.9899999999999998,7.45e-06
Al_degrader_E10,4.05,7.9e-06
Al_degrader_E10,4.109999999999999,9.1e-06
Al_degrader_E10,4.17,1e-05
Al_degrader_E10,4.23,1.14e-05
Al_degrader_E10,4.29,1.315e-05
Al_degrader_E10,4.35,1.37e-05
Al_degrader_E10,4.41,1.615e-05
Al_degrader_E10,4.47,1.88e-05
Al_degrader_E10,4.529999999999999,2.065e-05
Al_degrader_E10,4.59,2.225e-05
Al_degrader_E10,4.65,2.585e-05
Al_degrader_E10,4.71,2.95e-05
Al_degrader_E10,4.77,3.2e-05
Al_degrader_E10,4.83,3.655e-05
Al_degrader_E10,4.89,4.15e-05
Al_degrader_E10,4.949999999999999,4.845e-05
Al_degrader_E10,5.01,5.215e-05
Al_degrader_E10,5.07,5.93e-05
Al_degrader_E10,5.13,6.815e-05
Al_degrader_E10,5.1899999999999995,7.33e-05
Al_degrader_E10,5.25,8.385e-05
Al_degrader_E10,5.31,9.6e-05
Al_degrader_E10,5.369999999999999,0.00010695
Al_degrader_E10,5.43,0.0001146
Al_degrader_E10,5.49,0.0001337
Al_degrader_E10,5.55,0.00014965
Al_degrader_E10,5.609999999999999,0.00016215
Al_degrader_E10,5.67,0.0001858
Al_degrader_E10,5.73,0.00020805
Al_degrader_E10,5.789999999999999,0.00022485
Al_degrader_E10,5.85,0.000257
Al_degrader_E10,5.91,0.0002823
Al_degrader_E10,5.97,0.00031215
Al_degrader_E10,6.029999999999999,0.00035635
Al_degrader_E10,6.09,0.0003859
Al_degrader_E10,6.15,0.000429
Al_degrader_E10,6.21,0.0004856
Al_degrader_E10,6.27,0.0005307
Al_degrader_E10,6.33,0.00057455
Al_degrader_E10,6.39,0.0006524
Al_degrader_E10,6.449999999999999,0.00070845
Al_degrader_E10,6.51,0.0007898
Al_degrader_E10,6.57,0.00086725
Al_degrader_E10,6.63,0.00095325
Al_degrader_E10,6.6899999999999995,0.00105715
Al_degrader_E10,6.75,0.00114895
Al_degrader_E10,6.81,0.001269
Al_degrader_E10,6.869999999999999,0.0013769
Al_degrader_E10,6.93,0.0015062
Al_degrader_E10,6.99,0.00164895
Al_degrader_E10,7.05,0.00179295
Al_degrader_E10,7.109999999999999,0.0019605
Al_degrader_E10,7.17,0.00214355
Al_degrader_E10,7.2299999999999995,0.00230965
Al_degrader_E10,7.289999999999999,0.002532
Al_degrader_E10,7.35,0.0027183
Al_degrader_E10,7.41,0.0029446
Al_degrader_E10,7.47,0.0031872
Al_degrader_E10,7.529999999999999,0.00341545
Al_degrader_E10,7.59,0.0037195
Al_degrader_E10,7.65,0.0039655
Al_degrader_E10,7.709999999999999,0.0042669
Al_degrader_E10,7.77,0.00459695
Al_degrader_E10,7.83,0.00488985
Al_degrader_E10,7.89,0.0052637
Al_degrader_E10,7.949999999999999,0.0055905
Al_degrader_E10,8.01,0.0059864
Al_degrader_E10,8.07,0.00636185
Al_degrader_E10,8.129999999999999,0.0067555
Al_degrader_E10,8.19,0.0071817
Al_degrader_E10,8.25,0.0075953
Al_degrader_E10,8.309999999999999,0.00805845
Al_degrader_E10,8.370000000000001,0.00846105
Al_degrader_E10,8.43,0.00894345
Al_degrader_E10,8.489999999999998,0.0094074
Al_degrader_E10,8.55,0.00985585
Al_degrader_E10,8.61,0.0103579
Al_degrader_E10,8.67,0.0108201
Al_degrader_E10,8.73,0.0113312
Al_degrader_E10,8.79,0.01178555
Al_degrader_E10,8.85,0.01229025
Al_degrader_E10,8.91,0.01279035
Al_degrader_E10,8.969999999999999,0.01325495
Al_degrader_E10,9.030000000000001,0.0137373
Al_degrader_E10,9.09,0.01419655
Al_degrader_E10,9.149999999999999,0.0146727
Al_degrader_E10,9.21,0.01508815
Al_degrader_E10,9.27,0.01554945
Al_degrader_E10,9.329999999999998,0.0159141
Al_degrader_E10,9.39,0.0163367
Al_degrader_E10,9.45,0.016671
Al_degrader_E10,9.51,0.01701975
Al_degrader_E10,9.57,0.0173264
Al_degrader_E10,9.629999999999999,0.0176111
Al_degrader_E10,9.69,0.01788185
Al_degrader_E10,9.75,0.0180935
Al_degrader_E10,9.809999999999999,0.0182971
Al_degrader_E10,9.870000000000001,0.01844465
Al_degrader_E10,9.93,0.0185631
Al_degrader_E10,9.989999999999998,0.01864365
Al_degrader_E10,10.05,0.01869055
Al_degrader_E10,10.11,0.01870335
Al_degrader_E10,10.169999999999998,0.0186747
Al_degrader_E10,10.23,0.01859505
Al_degrader_E10,10.29,0.0184769
Al_degrader_E10,10.35,0.0183182
Al_degrader_E10,10.41,0.0181284
Al_degrader_E10,10.469999999999999,0.017883
Al_degrader_E10,10.53,0.01762035
Al_degrader_E10,10.59,0.01727795
Al_degrader_E10,10.649999999999999,0.0169573
Al_degrader_E10,10.71,0.01654095
Al_degrader_E10,10.77,0.0161374
Al_degrader_E10,10.829999999999998,0.01567635
Al_degrader_E10,10.89,0.01522765
Al_degrader_E10,10.95,0.01469305
Al_degrader_E10,11.01,0.01418695
Al_degrader_E10,11.07,0.01363425
Al_degrader_E10,11.129999999999999,0.0130911
Al_degrader_E10,11.19,0.0124991
Al_degrader_E10,11.25,0.0119205
Al_degrader_E10,11.309999999999999,0.01131555
Al_degrader_E10,11.370000000000001,0.01072745
Al_degrader_E10,11.43,0.0101085
Al_degrader_E10,11.489999999999998,0.00952635
Al_degrader_E10,11.55,0.00893335
Al_degrader_E10,11.61,0.00836095
Al_degrader_E10,11.669999999999998,0.00778615
Al_degrader_E10,11.73,0.00723775
Al_degrader_E10,11.79,0.00668925
Al_degrader_E10,11.85,0.00616885
Al_degrader_E10,11.91,0.00567245
Al_degrader_E10,11.969999999999999,0.0051971
Al_degrader_E10,12.03,0.00473555
Al_degrader_E10,12.09,0.004318
Al_degrader_E10,12.149999999999999,0.003908
Al_degrader_E10,12.21,0.0035204
Al_degrader_E10,12.27,0.00316065
Al_degrader_E10,12.329999999999998,0.00281775
Al_degrader_E10,12.39,0.0025127
Al_degrader_E10,12.45,0.00222195
Al_degrader_E10,12.51,0.00196765
Al_degrader_E10,12.57,0.00172865
Al_degrader_E10,12.629999999999999,0.00151195
Al_degrader_E10,12.69,0.00131065
Al_degrader_E10,12.75,0.0011438
Al_degrader_E10,12.809999999999999,0.00098375
Al_degrader_E10,12.870000000000001,0.00084975
Al_degrader_E10,12.93,0.0007161
Al_degrader_E10,12.989999999999998,0.0006161
Al_degrader_E10,13.05,0.00052465
Al_degrader_E10,13.11,0.0004402
Al_degrader_E10,13.169999999999998,0.00037825
Al_degrader_E10,13.23,0.0003066
Al_degrader_E10,13.29,0.0002573
Al_degrader_E10,13.35,0.00021235
Al_degrader_E10,13.41,0.0001766
Al_degrader_E10,13.469999999999999,0.00014255
Al_degrader_E10,13.53,0.0001135
Al_degrader_E10,13.59,9.13e-05
Al_degrader_E10,13.649999999999999,7.725e-05
Al_degrader_E10,13.71,5.94e-05
Al_degrader_E10,13.77,5.02e-05
Al_degrader_E10,13.829999999999998,3.995e-05
Al_degrader_E10,13.89,2.99e-05
Al_degrader_E10,13.95,2.585e-05
Al_degrader_E10,14.009999999999998,2.01e-05
Al_degrader_E10,14.07,1.35e-05
Al_degrader_E10,14.129999999999999,1.205e-05
Al_degrader_E10,14.19,9.2e-06
Al_degrader_E10,14.25,6.65e-06
Al_degrader_E10,14.309999999999999,5.95e-06
Al_degrader_E10,14.37,3.6e-06
Al_degrader_E10,14.43,3.15e-06
Al_degrader_E10,14.489999999999998,2.75e-06
Al_degrader_E10,14.55,1.6e-06
Al_degrader_E10,14.61,1.35e-06
Al_degrader_E10,14.669999999999998,1.25e-06
Al_degrader_E10,14.73,6.5e-07
Al_degrader_E10,14.79,5.5e-07
Al_degrader_E10,14.85,4e-07
Al_degrader_E10,14.91,4e-07
Al_degrader_E10,14.969999999999999,2e-07
Al_degrader_E10,15.03,1.5e-07
Al_degrader_E10,15.09,2e-07
Al_degrader_E10,15.149999999999999,1.5e-07
Al_degrader_E10,15.21,5e-08
Al_degrader_E10,15.27,1e-07
Al_degrader_E10,15.329999999999998,5e-08
Al_degrader_E10,15.39,5e-08
Al_degrader_E10,15.45,1e-07
Al_degrader_E10,15.509999999999998,1e-07
Al_degrader_E10,15.57,0.0
Al_degrader_E10,15.629999999999999,1e-07
Al_degrader_E10,15.69,5e-08
Ni14,0.03,1.2333333333333333e-05
Ni14,0.09,6.666666666666667e-07
Ni14,0.15,7.777777777777778e-07
Ni14,0.21,1.3333333333333334e-06
Ni14,0.27,4.4444444444444444e-07
Ni14,0.32999999999999996,7.777777777777778e-07
Ni14,0.39,5.555555555555555e-07
Ni14,0.44999999999999996,1.2222222222222221e-06
Ni14,0.51,7.777777777777778e-07
Ni14,0.5700000000000001,4.4444444444444444e-07
Ni14,0.6299999999999999,5.555555555555555e-07
Ni14,0.69,1e-06
Ni14,0.75,8.888888888888889e-07
Ni14,0.81,1.3333333333333334e-06
Ni14,0.8699999999999999,1e-06
Ni14,0.9299999999999999,1.4444444444444445e-06
Ni14,0.99,1.2222222222222221e-06
Ni14,1.05,1.8888888888888888e-06
Ni14,1.1099999999999999,1.6666666666666667e-06
Ni14,1.17,2.222222222222222e-06
Ni14,1.23,1.6666666666666667e-06
Ni14,1.29,2.222222222222222e-06
Ni14,1.3499999999999999,2.222222222222222e-06
Ni14,1.41,3.2222222222222222e-06
Ni14,1.47,3.3333333333333333e-06
Ni14,1.53,2e-06
Ni14,1.5899999999999999,3.5555555555555555e-06
Ni14,1.65,3.2222222222222222e-06
Ni14,1.71,4.222222222222222e-06
Ni14,1.77,4.444444444444444e-06
Ni14,1.8299999999999998,5.1111111111111115e-06
Ni14,1.89,4.666666666666666e-06
Ni14,1.95,6.333333333333333e-06
Ni14,2.01,6.4444444444444445e-06
Ni14,2.0700000000000003,7e-06
Ni14,2.13,6.888888888888889e-06
Ni14,2.19,8.555555555555556e-06
Ni14,2.25,9.777777777777777e-06
Ni14,2.3099999999999996,1.1222222222222222e-05
Ni14,2.37,1.1333333333333334e-05
Ni14,2.4299999999999997,1.1666666666666666e-05
Ni14,2.49,1.4222222222222222e-05
Ni14,2.55,1.8777777777777777e-05
Ni14,2.61,1.5666666666666667e-05
Ni14,2.67,1.8777777777777777e-05
Ni14,2.7299999999999995,2.388888888888889e-05
Ni14,2.79,2.2777777777777776e-05
Ni14,2.8499999999999996,2.2e-05
Ni14,2.91,3.1666666666666666e-05
Ni14,2.9699999999999998,3.2555555555555555e-05
Ni14,3.0300000000000002,3.0888888888888886e-05
Ni14,3.09,3.9666666666666664e-05
Ni14,3.15,4.355555555555556e-05
Ni14,3.21,4.355555555555556e-05
Ni14,3.2699999999999996,5.1555555555555556e-05
Ni14,3.33,5.644444444444445e-05
Ni14,3.3899999999999997,5.877777777777778e-05
Ni14,3.45,6.788888888888888e-05
Ni14,3.51,7.61111111111111e-05
Ni14,3.57,8.166666666666667e-05
Ni14,3.63,9.366666666666666e-05
Ni14,3.6899999999999995,9.944444444444444e-05
Ni14,3.75,0.00011433333333333334
Ni14,3.8099999999999996,0.00012766666666666666
Ni14,3.87,0.000132
Ni14,3.9299999999999997,0.00015333333333333334
Ni14,3.9899999999999998,0.00016933333333333332
Ni14,4.05,0.00017955555555555555
Ni14,4.109999999999999,0.00020788888888888889
Ni14,4.17,0.00021944444444444444
Ni14,4.23,0.00025255555555555556
Ni14,4.29,0.0002721111111111111
Ni14,4.35,0.00029122222222222223
Ni14,4.41,0.00033811111111111113
Ni14,4.47,0.00035466666666666665
Ni14,4.529999999999999,0.0004063333333333333
Ni14,4.59,0.0004427777777777778
Ni14,4.65,0.0004806666666666667
Ni14,4.71,0.000531
Ni14,4.77,0.0005741111111111111
Ni14,4.83,0.0006444444444444444
Ni14,4.89,0.0006907777777777778
Ni14,4.949999999999999,0.0007748888888888889
Ni14,5.01,0.0008403333333333333
Ni14,5.07,0.0009162222222222222
Ni14,5.13,0.001016111111111111
Ni14,5.1899999999999995,0.0010997777777777779
Ni14,5.25,0.0012075555555555555
Ni14,5.31,0.001307111111111111
Ni14,5.369999999999999,0.001433
Ni14,5.43,0.0015382222222222223
Ni14,5.49,0.0016952222222222223
Ni14,5.55,0.0018533333333333334
Ni14,5.609999999999999,0.001999222222222222
Ni14,5.67,0.002184
Ni14,5.73,0.0023724444444444444
Ni14,5.789999999999999,0.0025665555555555554
Ni14,5.85,0.002786
Ni14,5.91,0.00301
Ni14,5.97,0.0032455555555555553
Ni14,6.029999999999999,0.003498111111111111
Ni14,6.09,0.003771
Ni14,6.15,0.004037
Ni14,6.21,0.004361444444444445
Ni14,6.27,0.0046838888888888885
Ni14,6.33,0.005016666666666667
Ni14,6.39,0.005393333333333333
Ni14,6.449999999999999,0.005768444444444444
Ni14,6.51,0.006152777777777778
Ni14,6.57,0.006582777777777778
Ni14,6.63,0.006953111111111111
Ni14,6.6899999999999995,0.007397222222222223
Ni14,6.75,0.007837222222222223
Ni14,6.81,0.00832888888888889
Ni14,6.869999999999999,0.008829666666666666
Ni14,6.93,0.009259222222222223
Ni14,6.99,0.00985
Ni14,7.05,0.010339666666666667
Ni14,7.109999999999999,0.010898222222222222
Ni14,7.17,0.011410444444444445
Ni14,7.2299999999999995,0.011967
Ni14,7.289999999999999,0.01250788888888889
Ni14,7.35,0.013022666666666667
Ni14,7.41,0.013638666666666667
Ni14,7.47,0.014145111111111112
Ni14,7.529999999999999,0.014713333333333333
Ni14,7.59,0.015232333333333334
Ni14,7.65,0.015734666666666668
Ni14,7.709999999999999,0.016261666666666667
Ni14,7.77,0.016674
Ni14,7.83,0.017182666666666666
Ni14,7.89,0.01755811111111111
Ni14,7.949999999999999,0.017945333333333334
Ni14,8.01,0.018363
Ni14,8.07,0.01860222222222222
Ni14,8.129999999999999,0.019017666666666665
Ni14,8.19,0.01919777777777778
Ni14,8.25,0.019373333333333333
Ni14,8.309999999999999,0.019626666666666667
Ni14,8.370000000000001,0.019671777777777778
Ni14,8.43,0.01976977777777778
Ni14,8.489999999999998,0.01981
Ni14,8.55,0.019758555555555557
Ni14,8.61,0.01971511111111111
Ni14,8.67,0.019553
Ni14,8.73,0.019359777777777778
Ni14,8.79,0.019176333333333333
Ni14,8.85,0.018864222222222223
Ni14,8.91,0.018533666666666667
Ni14,8.969999999999999,0.018147444444444445
Ni14,9.030000000000001,0.017702222222222223
Ni14,9.09,0.017254111111111112
Ni14,9.149999999999999,0.01672611111111111
Ni14,9.21,0.016206222222222223
Ni14,9.27,0.015665444444444444
Ni14,9.329999999999998,0.015067666666666667
Ni14,9.39,0.014429555555555555
Ni14,9.45,0.013896
Ni14,9.51,0.013232333333333334
Ni14,9.57,0.012558888888888889
Ni14,9.629999999999999,0.011965555555555556
Ni14,9.69,0.011287
Ni14,9.75,0.010653444444444445
Ni14,9.809999999999999,0.010000777777777779
Ni14,9.870000000000001,0.009386555555555556
Ni14,9.93,0.008752777777777778
Ni14,9.989999999999998,0.008123333333333333
Ni14,10.05,0.007563555555555555
Ni14,10.11,0.006971444444444444
Ni14,10.169999999999998,0.006398888888888889
Ni14,10.23,0.005878888888888889
Ni14,10.29,0.005347
Ni14,10.35,0.004859444444444444
Ni14,10.41,0.004409111111111111
Ni14,10.469999999999999,0.003989777777777778
Ni14,10.53,0.0035863333333333333
Ni14,10.59,0.0032021111111111113
Ni14,10.649999999999999,0.002860111111111111
Ni14,10.71,0.0025555555555555557
Ni14,10.77,0.0022593333333333332
Ni14,10.829999999999998,0.001988111111111111
Ni14,10.89,0.0017408888888888888
Ni14,10.95,0.0015397777777777777
Ni14,11.01,0.0013472222222222223
Ni14,11.07,0.001165
Ni14,11.129999999999999,0.0010104444444444445
Ni14,11.19,0.000865
Ni14,11.25,0.0007413333333333333
Ni14,11.309999999999999,0.0006301111111111111
Ni14,11.370000000000001,0.000534
Ni14,11.43,0.000458
Ni14,11.489999999999998,0.0003861111111111111
Ni14,11.55,0.0003156666666666667
Ni14,11.61,0.00025844444444444444
Ni14,11.669999999999998,0.00022055555555555554
Ni14,11.73,0.00018433333333333333
Ni14,11.79,0.00015233333333333334
Ni14,11.85,0.00012666666666666666
Ni14,11.91,0.00010366666666666666
Ni14,11.969999999999999,8.477777777777778e-05
Ni14,12.03,7.244444444444445e-05
Ni14,12.09,5.544444444444444e-05
Ni14,12.149999999999999,4.222222222222222e-05
Ni14,12.21,3.5888888888888886e-05
Ni14,12.27,2.8777777777777776e-05
Ni14,12.329999999999998,2.3444444444444444e-05
Ni14,12.39,1.822222222222222e-05
Ni14,12.45,1.3555555555555555e-05
Ni14,12.51,1.0555555555555555e-05
Ni14,12.57,9.222222222222222e-06
Ni14,12.629999999999999,7.777777777777777e-06
Ni14,12.69,6.111111111111111e-06
Ni14,12.75,4e-06
Ni14,12.809999999999999,3.5555555555555555e-06
Ni14,12.870000000000001,2.333333333333333e-06
Ni14,12.93,1.6666666666666667e-06
Ni14,12.989999999999998,1.111111111111111e-06
Ni14,13.05,1e-06
Ni14,13.11,1e-06
Ni14,13.169999999999998,5.555555555555555e-07
Ni14,13.23,3.3333333333333335e-07
Ni14,13.29,3.3333333333333335e-07
Ni14,13.35,4.4444444444444444e-07
Ni14,13.41,1.1111111111111111e-07
Ni14,13.469999999999999,2.2222222222222222e-07
Ni14,13.53,2.2222222222222222e-07
Ni14,13.59,2.2222222222222222e-07
Ni14,13.649999999999999,1.1111111111111111e-07
Ni14,13.71,2.2222222222222222e-07
Ni14,13.77,2.2222222222222222e-07
Ni14,13.829999999999998,2.2222222222222222e-07
Ni14,13.89,2.2222222222222222e-07
Ni14,13.95,1.1111111111111111e-07
Ni14,14.009999999999998,1.1111111111111111e-07
Sn14,0.03,4.9e-05
Sn14,0.09,2.333333333333333e-06
Sn14,0.15,2e-06
Sn14,0.21,5.666666666666667e-06
Sn14,0.27,1.6666666666666667e-06
Sn14,0.32999999999999996,3e-06
Sn14,0.39,1.6666666666666667e-06
Sn14,0.44999999999999996,1e-06
Sn14,0.51,2.333333333333333e-06
Sn14,0.5700000000000001,3e-06
Sn14,0.6299999999999999,2.666666666666667e-06
Sn14,0.69,5e-06
Sn14,0.75,4.333333333333333e-06
Sn14,0.81,3.6666666666666666e-06
Sn14,0.8699999999999999,3.6666666666666666e-06
Sn14,0.9299999999999999,3e-06
Sn14,0.99,6e-06
Sn14,1.05,6e-06
Sn14,1.1099999999999999,7e-06
Sn14,1.17,7.333333333333333e-06
Sn14,1.23,6e-06
Sn14,1.29,9.666666666666667e-06
Sn14,1.3499999999999999,8e-06
Sn14,1.41,8.333333333333334e-06
Sn14,1.47,1e-05
Sn14,1.53,1e-05
Sn14,1.5899999999999999,1.2333333333333333e-05
Sn14,1.65,1.2e-05
Sn14,1.71,1.2333333333333333e-05
Sn14,1.77,1.4666666666666666e-05
Sn14,1.8299999999999998,2.0666666666666666e-05
Sn14,1.89,2.2e-05
Sn14,1.95,1.9333333333333333e-05
Sn14,2.01,2.1e-05
Sn14,2.0700000000000003,2.8e-05
Sn14,2.13,3.266666666666666e-05
Sn14,2.19,2.5333333333333334e-05
Sn14,2.25,3.266666666666666e-05
Sn14,2.3099999999999996,4.233333333333333e-05
Sn14,2.37,4.266666666666667e-05
Sn14,2.4299999999999997,3.933333333333333e-05
Sn14,2.49,4.6666666666666665e-05
Sn14,2.55,5.933333333333334e-05
Sn14,2.61,4.8666666666666666e-05
Sn14,2.67,5.633333333333333e-05
Sn14,2.7299999999999995,7.2e-05
Sn14,2.79,7.1e-05
Sn14,2.8499999999999996,7.566666666666667e-05
Sn14,2.91,8.933333333333333e-05
Sn14,2.9699999999999998,8.566666666666667e-05
Sn14,3.0300000000000002,0.00010166666666666667
Sn14,3.09,0.00010866666666666666
Sn14,3.15,0.00011666666666666667
Sn14,3.21,0.00013666666666666666
Sn14,3.2699999999999996,0.000142
Sn14,3.33,0.00016166666666666668
Sn14,3.3899999999999997,0.00017733333333333333
Sn14,3.45,0.000201
Sn14,3.51,0.000214
Sn14,3.57,0.00024033333333333334
Sn14,3.63,0.0002613333333333333
Sn14,3.6899999999999995,0.000284
Sn14,3.75,0.00030733333333333334
Sn14,3.8099999999999996,0.00034733333333333334
Sn14,3.87,0.00036833333333333336
Sn14,3.9299999999999997,0.000411
Sn14,3.9899999999999998,0.00045033333333333335
Sn14,4.05,0.0004583333333333333
Sn14,4.109999999999999,0.0005413333333333333
Sn14,4.17,0.000559
Sn14,4.23,0.0006433333333333333
Sn14,4.29,0.0006796666666666666
Sn14,4.35,0.0007353333333333333
Sn14,4.41,0.0008103333333333334
Sn14,4.47,0.000888
Sn14,4.529999999999999,0.0009583333333333333
Sn14,4.59,0.001029
Sn14,4.65,0.0011323333333333333
Sn14,4.71,0.001233
Sn14,4.77,0.001319
Sn14,4.83,0.0014626666666666666
Sn14,4.89,0.0015853333333333333
Sn14,4.949999999999999,0.0017366666666666667
Sn14,5.01,0.0018836666666666667
Sn14,5.07,0.002030333333333333
Sn14,5.13,0.002157
Sn14,5.1899999999999995,0.002335
Sn14,5.25,0.0025353333333333334
Sn14,5.31,0.0027096666666666666
Sn14,5.369999999999999,0.00291
Sn14,5.43,0.0032043333333333333
Sn14,5.49,0.003435333333333333
Sn14,5.55,0.00372
Sn14,5.609999999999999,0.004003333333333334
Sn14,5.67,0.0042506666666666665
Sn14,5.73,0.004556
Sn14,5.789999999999999,0.004821333333333334
Sn14,5.85,0.005162666666666667
Sn14,5.91,0.005462333333333333
Sn14,5.97,0.0058716666666666665
Sn14,6.029999999999999,0.006236
Sn14,6.09,0.006718
Sn14,6.15,0.0070736666666666665
Sn14,6.21,0.007591666666666667
Sn14,6.27,0.007948333333333333
Sn14,6.33,0.008473666666666666
Sn14,6.39,0.008830333333333334
Sn14,6.449999999999999,0.009262666666666667
Sn14,6.51,0.009756333333333334
Sn14,6.57,0.010276
Sn14,6.63,0.010769333333333334
Sn14,6.6899999999999995,0.011247666666666666
Sn14,6.75,0.011901
Sn14,6.81,0.012375333333333334
Sn14,6.869999999999999,0.012894333333333334
Sn14,6.93,0.013393333333333333
Sn14,6.99,0.013965
Sn14,7.05,0.014436666666666667
Sn14,7.109999999999999,0.015038333333333334
Sn14,7.17,0.015466
Sn14,7.2299999999999995,0.016037333333333334
Sn14,7.289999999999999,0.016434333333333332
Sn14,7.35,0.016849666666666666
Sn14,7.41,0.017234666666666665
Sn14,7.47,0.017534
Sn14,7.529999999999999,0.017930333333333333
Sn14,7.59,0.018167333333333334
Sn14,7.65,0.018434666666666665
Sn14,7.709999999999999,0.018637
Sn14,7.77,0.018829333333333333
Sn14,7.83,0.019102333333333332
Sn14,7.89,0.019174333333333335
Sn14,7.949999999999999,0.019331
Sn14,8.01,0.019462
Sn14,8.07,0.019416333333333334
Sn14,8.129999999999999,0.019285666666666666
Sn14,8.19,0.019278666666666666
Sn14,8.25,0.019024333333333334
Sn14,8.309999999999999,0.018838
Sn14,8.370000000000001,0.018561666666666667
Sn14,8.43,0.018164
Sn14,8.489999999999998,0.017861
Sn14,8.55,0.01747
Sn14,8.61,0.016963
Sn14,8.67,0.016497333333333333
Sn14,8.73,0.016103
Sn14,8.79,0.015523666666666667
Sn14,8.85,0.014976
Sn14,8.91,0.014364666666666666
Sn14,8.969999999999999,0.013745333333333333
Sn14,9.030000000000001,0.013197
Sn14,9.09,0.012516
Sn14,9.149999999999999,0.012034333333333333
Sn14,9.21,0.011411333333333334
Sn14,9.27,0.010850666666666666
Sn14,9.329999999999998,0.010158333333333333
Sn14,9.39,0.009504333333333333
Sn14,9.45,0.009011
Sn14,9.51,0.008298666666666666
Sn14,9.57,0.007677
Sn14,9.629999999999999,0.007158
Sn14,9.69,0.00661
Sn14,9.75,0.006079333333333333
Sn14,9.809999999999999,0.005608333333333333
Sn14,9.870000000000001,0.005085333333333333
Sn14,9.93,0.004622666666666666
Sn14,9.989999999999998,0.004219
Sn14,10.05,0.0037763333333333334
Sn14,10.11,0.0033853333333333335
Sn14,10.169999999999998,0.0030503333333333333
Sn14,10.23,0.002652
Sn14,10.29,0.0024246666666666666
Sn14,10.35,0.0021236666666666665
Sn14,10.41,0.0019036666666666666
Sn14,10.469999999999999,0.001683
Sn14,10.53,0.001478
Sn14,10.59,0.0012973333333333333
Sn14,10.649999999999999,0.0010856666666666666
Sn14,10.71,0.000996
Sn14,10.77,0.0008513333333333333
Sn14,10.829999999999998,0.000728
Sn14,10.89,0.000619
Sn14,10.95,0.0004906666666666667
Sn14,11.01,0.00041266666666666665
Sn14,11.07,0.000354
Sn14,11.129999999999999,0.00030033333333333333
Sn14,11.19,0.0002626666666666667
Sn14,11.25,0.000209
Sn14,11.309999999999999,0.000177
Sn14,11.370000000000001,0.00015566666666666666
Sn14,11.43,0.00013
Sn14,11.489999999999998,0.00010533333333333334
Sn14,11.55,8.5e-05
Sn14,11.61,6.366666666666666e-05
Sn14,11.669999999999998,5.6666666666666664e-05
Sn14,11.73,4.1666666666666665e-05
Sn14,11.79,3.433333333333333e-05
Sn14,11.85,2.8333333333333332e-05
Sn14,11.91,2.2333333333333332e-05
Sn14,11.969999999999999,1.7333333333333332e-05
Sn14,12.03,1.5666666666666667e-05
Sn14,12.09,9.333333333333333e-06
Sn14,12.149999999999999,1.0666666666666667e-05
Sn14,12.21,8e-06
Sn14,12.27,6.333333333333333e-06
Sn14,12.329999999999998,5e-06
Sn14,12.39,3e-06
Sn14,12.45,2e-06
Sn14,12.51,1.6666666666666667e-06
Sn14,12.57,1e-06
Sn14,12.629999999999999,6.666666666666667e-07
Sn14,12.69,1.3333333333333334e-06
Sn14,12.75,6.666666666666667e-07
Sn14,12.809999999999999,1e-06
Sn14,12.870000000000001,3.3333333333333335e-07
Sn14,12.93,0.0
Sn14,12.989999999999998,0.0
Sn14,13.05,0.0
Sn14,13.11,0.0
Sn14,13.169999999999998,0.0
Sn14,13.23,3.3333333333333335e-07
Sn14,13.29,3.3333333333333335e-07
Sn14,13.35,6.666666666666667e-07
Sn14,13.41,3.3333333333333335e-07
Sn14,13.469999999999999,3.3333333333333335e-07
Ta14,0.03,0.0001675
Ta14,0.09,1.2e-05
Ta14,0.15,1.0875e-05
Ta14,0.21,7.875e-06
Ta14,0.27,6.75e-06
Ta14,0.32999999999999996,6.375e-06
Ta14,0.39,1.025e-05
Ta14,0.44999999999999996,9.625e-06
Ta14,0.51,7.875e-06
Ta14,0.5700000000000001,1.0125e-05
Ta14,0.6299999999999999,1.125e-05
Ta14,0.69,1.1875e-05
Ta14,0.75,1.5e-05
Ta14,0.81,1.475e-05
Ta14,0.8699999999999999,1.65e-05
Ta14,0.9299999999999999,1.6375e-05
Ta14,0.99,1.825e-05
Ta14,1.05,2.075e-05
Ta14,1.1099999999999999,2.1375e-05
Ta14,1.17,2.375e-05
Ta14,1.23,2.425e-05
Ta14,1.29,2.6625e-05
Ta14,1.3499999999999999,2.9875e-05
Ta14,1.41,3.375e-05
Ta14,1.47,3.2625e-05
Ta14,1.53,3.4625e-05
Ta14,1.5899999999999999,4.2875e-05
Ta14,1.65,3.9875e-05
Ta14,1.71,4.65e-05
Ta14,1.77,4.8375e-05
Ta14,1.8299999999999998,5.7375e-05
Ta14,1.89,5.6e-05
Ta14,1.95,6.1625e-05
Ta14,2.01,6.8875e-05
Ta14,2.0700000000000003,6.95e-05
Ta14,2.13,8.0875e-05
Ta14,2.19,8.7625e-05
Ta14,2.25,9.0875e-05
Ta14,2.3099999999999996,0.00010225
Ta14,2.37,0.000114125
Ta14,2.4299999999999997,0.000114875
Ta14,2.49,0.000129
Ta14,2.55,0.000145125
Ta14,2.61,0.00014875
Ta14,2.67,0.0001675
Ta14,2.7299999999999995,0.00018025
Ta14,2.79,0.000199
Ta14,2.8499999999999996,0.000213375
Ta14,2.91,0.0002305
Ta14,2.9699999999999998,0.000254375
Ta14,3.0300000000000002,0.000265625
Ta14,3.09,0.000297
Ta14,3.15,0.00032375
Ta14,3.21,0.000342125
Ta14,3.2699999999999996,0.000389
Ta14,3.33,0.000404
Ta14,3.3899999999999997,0.000450375
Ta14,3.45,0.000483375
Ta14,3.51,0.00051975
Ta14,3.57,0.000560625
Ta14,3.63,0.000598625
Ta14,3.6899999999999995,0.0006785
Ta14,3.75,0.000694125
Ta14,3.8099999999999996,0.000783375
Ta14,3.87,0.000846
Ta14,3.9299999999999997,0.000901125
Ta14,3.9899999999999998,0.000979
Ta14,4.05,0.0010565
Ta14,4.109999999999999,0.00115175
Ta14,4.17,0.00124325
Ta14,4.23,0.00134025
Ta14,4.29,0.001436875
Ta14,4.35,0.001553125
Ta14,4.41,0.001660125
Ta14,4.47,0.00181325
Ta14,4.529999999999999,0.0019295
Ta14,4.59,0.002102
Ta14,4.65,0.00225175
Ta14,4.71,0.002437125
Ta14,4.77,0.002602125
Ta14,4.83,0.002804375
Ta14,4.89,0.002986875
Ta14,4.949999999999999,0.0032075
Ta14,5.01,0.0034175
Ta14,5.07,0.003662875
Ta14,5.13,0.003889625
Ta14,5.1899999999999995,0.00416225
Ta14,5.25,0.004435875
Ta14,5.31,0.0047605
Ta14,5.369999999999999,0.005054125
Ta14,5.43,0.00537575
Ta14,5.49,0.00572275
Ta14,5.55,0.0060205
Ta14,5.609999999999999,0.006416375
Ta14,5.67,0.00674325
Ta14,5.73,0.00713225
Ta14,5.789999999999999,0.007510125
Ta14,5.85,0.00793275
Ta14,5.91,0.008403375
Ta14,5.97,0.008772
Ta14,6.029999999999999,0.009257
Ta14,6.09,0.00967675
Ta14,6.15,0.010137
Ta14,6.21,0.0105665
Ta14,6.27,0.01106075
Ta14,6.33,0.011575875
Ta14,6.39,0.012001875
Ta14,6.449999999999999,0.01251475
Ta14,6.51,0.012985
Ta14,6.57,0.013483875
Ta14,6.63,0.01398125
Ta14,6.6899999999999995,0.014388125
Ta14,6.75,0.01482925
Ta14,6.81,0.015269125
Ta14,6.869999999999999,0.015689875
Ta14,6.93,0.016065625
Ta14,6.99,0.016423125
Ta14,7.05,0.016789375
Ta14,7.109999999999999,0.017074
Ta14,7.17,0.01731675
Ta14,7.2299999999999995,0.0176815
Ta14,7.289999999999999,0.017846125
Ta14,7.35,0.01800925
Ta14,7.41,0.0183035
Ta14,7.47,0.01833525
Ta14,7.529999999999999,0.01845625
Ta14,7.59,0.018533125
Ta14,7.65,0.018545375
Ta14,7.709999999999999,0.018505875
Ta14,7.77,0.01842
Ta14,7.83,0.018352625
Ta14,7.89,0.01816725
Ta14,7.949999999999999,0.01790625
Ta14,8.01,0.017662
Ta14,8.07,0.017413125
Ta14,8.129999999999999,0.017049625
Ta14,8.19,0.01667
Ta14,8.25,0.016250125
Ta14,8.309999999999999,0.01586225
Ta14,8.370000000000001,0.01534525
Ta14,8.43,0.014812875
Ta14,8.489999999999998,0.014378
Ta14,8.55,0.013855875
Ta14,8.61,0.013309125
Ta14,8.67,0.012760625
Ta14,8.73,0.012220375
Ta14,8.79,0.011644125
Ta14,8.85,0.011040875
Ta14,8.91,0.010486375
Ta14,8.969999999999999,0.00992925
Ta14,9.030000000000001,0.009363875
Ta14,9.09,0.008781
Ta14,9.149999999999999,0.00823125
Ta14,9.21,0.00766975
Ta14,9.27,0.0071515
Ta14,9.329999999999998,0.006598125
Ta14,9.39,0.00610625
Ta14,9.45,0.00563425
Ta14,9.51,0.00517125
Ta14,9.57,0.004711125
Ta14,9.629999999999999,0.0042965
Ta14,9.69,0.003908125
Ta14,9.75,0.003537625
Ta14,9.809999999999999,0.00316575
Ta14,9.870000000000001,0.00285225
Ta14,9.93,0.002567
Ta14,9.989999999999998,0.0022835
Ta14,10.05,0.002026375
Ta14,10.11,0.001782375
Ta14,10.169999999999998,0.001594375
Ta14,10.23,0.001412625
Ta14,10.29,0.00124425
Ta14,10.35,0.00107575
Ta14,10.41,0.000942125
Ta14,10.469999999999999,0.000802625
Ta14,10.53,0.000698875
Ta14,10.59,0.00059375
Ta14,10.649999999999999,0.00050975
Ta14,10.71,0.0004325
Ta14,10.77,0.000359375
Ta14,10.829999999999998,0.000301875
Ta14,10.89,0.0002565
Ta14,10.95,0.000214625
Ta14,11.01,0.00018725
Ta14,11.07,0.0001555
Ta14,11.129999999999999,0.00012675
Ta14,11.19,0.000105
Ta14,11.25,8.975e-05
Ta14,11.309999999999999,7.3e-05
Ta14,11.370000000000001,5.8625e-05
Ta14,11.43,4.6e-05
Ta14,11.489999999999998,3.6e-05
Ta14,11.55,3.05e-05
Ta14,11.61,2.5125e-05
Ta14,11.669999999999998,1.975e-05
Ta14,11.73,1.65e-05
Ta14,11.79,1.2125e-05
Ta14,11.85,1.0375e-05
Ta14,11.91,7.875e-06
Ta14,11.969999999999999,6.875e-06
Ta14,12.03,5.125e-06
Ta14,12.09,3.875e-06
Ta14,12.149999999999999,3.25e-06
Ta14,12.21,2.25e-06
Ta14,12.27,2e-06
Ta14,12.329999999999998,1.25e-06
Ta14,12.39,1.125e-06
Ta14,12.45,5e-07
Ta14,12.51,5e-07
Ta14,12.57,3.75e-07
Ta14,12.629999999999999,3.75e-07
Ta14,12.69,3.75e-07
Ta14,12.75,0.0
Ta14,12.809999999999999,1.25e-07
Ta14,12.870000000000001,1.25e-07
Ta14,12.93,2.5e-07
Ta14,12.989999999999998,2.5e-07
Ta14,13.05,2.5e-07
Ta14,13.11,2.5e-07
Ta14,13.169999999999998,2.5e-07
Ta14,13.23,2.5e-07
Ta14,13.29,1.25e-07
Ta14,13.35,1.25e-07
Cu14,0.03,0.0012976363636363637
Cu14,0.09,6.990909090909091e-05
Cu14,0.15,6.681818181818182e-05
Cu14,0.21,5.1454545454545455e-05
Cu14,0.27,3.981818181818182e-05
Cu14,0.32999999999999996,3.827272727272727e-05
Cu14,0.39,4.8636363636363635e-05
Cu14,0.44999999999999996,5e-05
Cu14,0.51,5.6454545454545455e-05
Cu14,0.5700000000000001,5.990909090909091e-05
Cu14,0.6299999999999999,6.6e-05
Cu14,0.69,6.018181818181818e-05
Cu14,0.75,7.345454545454545e-05
Cu14,0.81,7.809090909090908e-05
Cu14,0.8699999999999999,8.690909090909091e-05
Cu14,0.9299999999999999,9.354545454545454e-05
Cu14,0.99,9.290909090909091e-05
Cu14,1.05,0.00010218181818181818
Cu14,1.1099999999999999,0.00011136363636363636
Cu14,1.17,0.0001240909090909091
Cu14,1.23,0.00012772727272727274
Cu14,1.29,0.0001359090909090909
Cu14,1.3499999999999999,0.00014527272727272729
Cu14,1.41,0.00016036363636363636
Cu14,1.47,0.00016709090909090908
Cu14,1.53,0.00017963636363636364
Cu14,1.5899999999999999,0.000192
Cu14,1.65,0.00020772727272727273
Cu14,1.71,0.00022345454545454546
Cu14,1.77,0.00023536363636363636
Cu14,1.8299999999999998,0.000253
Cu14,1.89,0.00027827272727272727
Cu14,1.95,0.000287
Cu14,2.01,0.0003126363636363636
Cu14,2.0700000000000003,0.00033572727272727275
Cu14,2.13,0.000353
Cu14,2.19,0.00038581818181818183
Cu14,2.25,0.0004086363636363636
Cu14,2.3099999999999996,0.00043454545454545455
Cu14,2.37,0.0004674545454545455
Cu14,2.4299999999999997,0.0005005454545454546
Cu14,2.49,0.0005307272727272728
Cu14,2.55,0.000577909090909091
Cu14,2.61,0.0006134545454545455
Cu14,2.67,0.0006618181818181818
Cu14,2.7299999999999995,0.0007012727272727272
Cu14,2.79,0.00075
Cu14,2.8499999999999996,0.0008168181818181818
Cu14,2.91,0.0008678181818181818
Cu14,2.9699999999999998,0.0009300909090909091
Cu14,3.0300000000000002,0.000982909090909091
Cu14,3.09,0.0010573636363636364
Cu14,3.15,0.001129
Cu14,3.21,0.001196090909090909
Cu14,3.2699999999999996,0.0012954545454545454
Cu14,3.33,0.0013747272727272727
Cu14,3.3899999999999997,0.0014745454545454545
Cu14,3.45,0.0015793636363636363
Cu14,3.51,0.001675909090909091
Cu14,3.57,0.001802818181818182
Cu14,3.63,0.001917090909090909
Cu14,3.6899999999999995,0.002057090909090909
Cu14,3.75,0.00218
Cu14,3.8099999999999996,0.0023386363636363635
Cu14,3.87,0.0024691818181818183
Cu14,3.9299999999999997,0.0026436363636363636
Cu14,3.9899999999999998,0.002784727272727273
Cu14,4.05,0.0029743636363636365
Cu14,4.109999999999999,0.003156727272727273
Cu14,4.17,0.003350909090909091
Cu14,4.23,0.0035592727272727273
Cu14,4.29,0.0037799090909090907
Cu14,4.35,0.0040135454545454545
Cu14,4.41,0.004247181818181818
Cu14,4.47,0.004514636363636364
Cu14,4.529999999999999,0.0047553636363636366
Cu14,4.59,0.005044545454545454
Cu14,4.65,0.005294727272727273
Cu14,4.71,0.005600363636363636
Cu14,4.77,0.005884272727272728
Cu14,4.83,0.006161727272727273
Cu14,4.89,0.006520272727272727
Cu14,4.949999999999999,0.006831909090909091
Cu14,5.01,0.0071927272727272725
Cu14,5.07,0.007566636363636364
Cu14,5.13,0.007896909090909092
Cu14,5.1899999999999995,0.008288545454545455
Cu14,5.25,0.008657363636363637
Cu14,5.31,0.009035545454545454
Cu14,5.369999999999999,0.009443454545454545
Cu14,5.43,0.009842636363636364
Cu14,5.49,0.010221090909090909
Cu14,5.55,0.010648545454545454
Cu14,5.609999999999999,0.011047454545454546
Cu14,5.67,0.01147909090909091
Cu14,5.73,0.011897727272727273
Cu14,5.789999999999999,0.012310363636363637
Cu14,5.85,0.012749545454545454
Cu14,5.91,0.013105
Cu14,5.97,0.013504363636363636
Cu14,6.029999999999999,0.013884818181818182
Cu14,6.09,0.014243545454545455
Cu14,6.15,0.014608727272727273
Cu14,6.21,0.01497490909090909
Cu14,6.27,0.015258
Cu14,6.33,0.015577818181818182
Cu14,6.39,0.015858545454545455
Cu14,6.449999999999999,0.016132636363636363
Cu14,6.51,0.016360090909090907
Cu14,6.57,0.01657990909090909
Cu14,6.63,0.016783454545454546
Cu14,6.6899999999999995,0.016950727272727274
Cu14,6.75,0.017049
Cu14,6.81,0.017176636363636363
Cu14,6.869999999999999,0.017275545454545453
Cu14,6.93,0.017303181818181818
Cu14,6.99,0.01729
Cu14,7.05,0.017275545454545453
Cu14,7.109999999999999,0.01723690909090909
Cu14,7.17,0.017114272727272728
Cu14,7.2299999999999995,0.016961727272727274
Cu14,7.289999999999999,0.016796727272727272
Cu14,7.35,0.016589727272727273
Cu14,7.41,0.016326545454545455
Cu14,7.47,0.016029636363636364
Cu14,7.529999999999999,0.015715272727272727
Cu14,7.59,0.015394818181818181
Cu14,7.65,0.015019363636363636
Cu14,7.709999999999999,0.014602545454545455
Cu14,7.77,0.014171
Cu14,7.83,0.013734
Cu14,7.89,0.013296545454545455
Cu14,7.949999999999999,0.012849272727272727
Cu14,8.01,0.012361454545454545
Cu14,8.07,0.011899727272727272
Cu14,8.129999999999999,0.011372909090909092
Cu14,8.19,0.010857090909090908
Cu14,8.25,0.010348636363636364
Cu14,8.309999999999999,0.009845818181818181
Cu14,8.370000000000001,0.009317181818181818
Cu14,8.43,0.00884109090909091
Cu14,8.489999999999998,0.008324454545454545
Cu14,8.55,0.007843090909090909
Cu14,8.61,0.007313
Cu14,8.67,0.006839
Cu14,8.73,0.006380363636363636
Cu14,8.79,0.0059183636363636365
Cu14,8.85,0.005482181818181818
Cu14,8.91,0.005049
Cu14,8.969999999999999,0.004641272727272727
Cu14,9.030000000000001,0.0042453636363636365
Cu14,9.09,0.003883090909090909
Cu14,9.149999999999999,0.0035328181818181817
Cu14,9.21,0.003213636363636364
Cu14,9.27,0.002897
Cu14,9.329999999999998,0.002620272727272727
Cu14,9.39,0.002359272727272727
Cu14,9.45,0.002103272727272727
Cu14,9.51,0.0018786363636363636
Cu14,9.57,0.0016712727272727272
Cu14,9.629999999999999,0.0014893636363636363
Cu14,9.69,0.0013298181818181818
Cu14,9.75,0.001164909090909091
Cu14,9.809999999999999,0.0010244545454545454
Cu14,9.870000000000001,0.000896
Cu14,9.93,0.0007758181818181818
Cu14,9.989999999999998,0.0006721818181818182
Cu14,10.05,0.0005811818181818181
Cu14,10.11,0.0005005454545454546
Cu14,10.169999999999998,0.0004274545454545455
Cu14,10.23,0.0003612727272727273
Cu14,10.29,0.00030527272727272727
Cu14,10.35,0.00025681818181818184
Cu14,10.41,0.000219
Cu14,10.469999999999999,0.00018672727272727273
Cu14,10.53,0.00015836363636363636
Cu14,10.59,0.00013536363636363637
Cu14,10.649999999999999,0.00011063636363636363
Cu14,10.71,9.209090909090909e-05
Cu14,10.77,7.636363636363636e-05
Cu14,10.829999999999998,6.554545454545455e-05
Cu14,10.89,5.218181818181818e-05
Cu14,10.95,4.0545454545454545e-05
Cu14,11.01,3.209090909090909e-05
Cu14,11.07,2.8090909090909092e-05
Cu14,11.129999999999999,2.2272727272727274e-05
Cu14,11.19,1.890909090909091e-05
Cu14,11.25,1.5090909090909091e-05
Cu14,11.309999999999999,1.1363636363636363e-05
Cu14,11.370000000000001,8.727272727272728e-06
Cu14,11.43,8.09090909090909e-06
Cu14,11.489999999999998,6.454545454545454e-06
Cu14,11.55,4.818181818181818e-06
Cu14,11.61,4.090909090909091e-06
Cu14,11.669999999999998,2.4545454545454544e-06
Cu14,11.73,2.7272727272727272e-06
Cu14,11.79,1.4545454545454546e-06
Cu14,11.85,1.090909090909091e-06
Cu14,11.91,1.090909090909091e-06
Cu14,11.969999999999999,8.181818181818182e-07
Cu14,12.03,4.545454545454545e-07
Cu14,12.09,4.545454545454545e-07
Cu14,12.149999999999999,3.6363636363636366e-07
Cu14,12.21,2.7272727272727274e-07
Cu14,12.27,1.8181818181818183e-07
Cu14,12.329999999999998,1.8181818181818183e-07
Cu14,12.39,1.8181818181818183e-07
Cu14,12.45,1.8181818181818183e-07
Cu14,12.51,1.8181818181818183e-07
Cu14,12.57,1.8181818181818183e-07
Cu14,12.629999999999999,2.7272727272727274e-07
Cu14,12.69,2.7272727272727274e-07
Cu14,12.75,1.8181818181818183e-07
Cu14,12.809999999999999,1.8181818181818183e-07
Cu14,12.870000000000001,9.090909090909091e-08
Cu14,12.93,9.090909090909091e-08
