name,energy,flux
Ni08,27.57,3.3333333333333335e-07
Ni08,27.63,0.0
Ni08,27.689999999999998,6.666666666666667e-07
Ni08,27.75,1.3333333333333334e-06
Ni08,27.81,3e-06
Ni08,27.869999999999997,4.333333333333333e-06
Ni08,27.93,1e-05
Ni08,27.99,1.7666666666666668e-05
Ni08,28.049999999999997,2.6e-05
Ni08,28.11,4.7e-05
Ni08,28.17,8.4e-05
Ni08,28.229999999999997,0.00011566666666666667
Ni08,28.29,0.00019666666666666666
Ni08,28.35,0.0002973333333333333
Ni08,28.409999999999997,0.000413
Ni08,28.47,0.000657
Ni08,28.53,0.0009446666666666667
Ni08,28.589999999999996,0.0013273333333333334
Ni08,28.65,0.0018753333333333332
Ni08,28.71,0.002595
Ni08,28.769999999999996,0.0034693333333333334
Ni08,28.83,0.004690333333333334
Ni08,28.89,0.006105666666666666
Ni08,28.95,0.007912
Ni08,29.009999999999998,0.010122666666666667
Ni08,29.07,0.012514
Ni08,29.13,0.015476
Ni08,29.189999999999998,0.018702666666666666
Ni08,29.25,0.022155333333333332
Ni08,29.31,0.026142
Ni08,29.369999999999997,0.029833333333333333
Ni08,29.43,0.03391333333333333
Ni08,29.49,0.03768966666666667
Ni08,29.549999999999997,0.04116966666666667
Ni08,29.61,0.044736
Ni08,29.67,0.04713733333333334
Ni08,29.729999999999997,0.049564
Ni08,29.79,0.05058066666666667
Ni08,29.85,0.05125866666666667
Ni08,29.909999999999997,0.050853666666666665
Ni08,29.97,0.04964366666666667
Ni08,30.03,0.047974333333333334
Ni08,30.089999999999996,0.045018333333333334
Ni08,30.15,0.042036
Ni08,30.21,0.03824433333333333
Ni08,30.269999999999996,0.03446966666666667
Ni08,30.33,0.030661333333333332
Ni08,30.39,0.026433333333333333
Ni08,30.45,0.022846
Ni08,30.509999999999998,0.019083666666666665
Ni08,30.57,0.015902666666666666
Ni08,30.63,0.013007333333333333
Ni08,30.689999999999998,0.010302
Ni08,30.75,0.008271666666666667
Ni08,30.81,0.006296
Ni08,30.869999999999997,0.004843666666666666
Ni08,30.93,0.003588
Ni08,30.99,0.0026536666666666666
Ni08,31.049999999999997,0.0019
Ni08,31.11,0.0013693333333333333
Ni08,31.17,0.0009456666666666667
Ni08,31.229999999999997,0.000643
Ni08,31.29,0.000443
Ni08,31.35,0.000292
Ni08,31.409999999999997,0.00017233333333333334
Ni08,31.47,0.00012333333333333334
Ni08,31.53,7.633333333333334e-05
Ni08,31.589999999999996,4.7333333333333336e-05
Ni08,31.65,2.966666666666667e-05
Ni08,31.71,1.9e-05
Ni08,31.769999999999996,9.333333333333333e-06
Ni08,31.83,5.666666666666667e-06
Ni08,31.89,3e-06
Ni08,31.95,1.6666666666666667e-06
Ni08,32.01,1e-06
Sn08,27.45,3.3333333333333335e-07
Sn08,27.509999999999998,3.3333333333333335e-07
Sn08,27.57,6.666666666666667e-07
Sn08,27.63,1e-06
Sn08,27.689999999999998,3.3333333333333333e-06
Sn08,27.75,7.333333333333333e-06
Sn08,27.81,1.0666666666666667e-05
Sn08,27.869999999999997,1.9e-05
Sn08,27.93,3.766666666666667e-05
Sn08,27.99,5.833333333333333e-05
Sn08,28.049999999999997,9.4e-05
Sn08,28.11,0.00015833333333333332
Sn08,28.17,0.00023466666666666666
Sn08,28.229999999999997,0.00035933333333333336
Sn08,28.29,0.0005506666666666666
Sn08,28.35,0.0007933333333333333
Sn08,28.409999999999997,0.0011443333333333334
Sn08,28.47,0.001677
Sn08,28.53,0.0023696666666666666
Sn08,28.589999999999996,0.00323
Sn08,28.65,0.004321
Sn08,28.71,0.005742
Sn08,28.769999999999996,0.007496
Sn08,28.83,0.009691
Sn08,28.89,0.012216
Sn08,28.95,0.015323333333333333
Sn08,29.009999999999998,0.018663666666666665
Sn08,29.07,0.022237333333333335
Sn08,29.13,0.026213333333333335
Sn08,29.189999999999998,0.030182666666666667
Sn08,29.25,0.034488333333333336
Sn08,29.31,0.03864566666666667
Sn08,29.369999999999997,0.042409
Sn08,29.43,0.04577066666666667
Sn08,29.49,0.04865333333333333
Sn08,29.549999999999997,0.05078033333333333
Sn08,29.61,0.05217533333333333
Sn08,29.67,0.052761
Sn08,29.729999999999997,0.05225433333333333
Sn08,29.79,0.050586
Sn08,29.85,0.048696
Sn08,29.909999999999997,0.04559833333333333
Sn08,29.97,0.042334
Sn08,30.03,0.03815533333333333
Sn08,30.089999999999996,0.03403233333333333
Sn08,30.15,0.029964333333333332
Sn08,30.21,0.025760666666666668
Sn08,30.269999999999996,0.021874666666666667
Sn08,30.33,0.018188666666666665
Sn08,30.39,0.014939
Sn08,30.45,0.01211
Sn08,30.509999999999998,0.009513666666666667
Sn08,30.57,0.007414666666666667
Sn08,30.63,0.005626666666666667
Sn08,30.689999999999998,0.004205
Sn08,30.75,0.003131333333333333
Sn08,30.81,0.00222
Sn08,30.869999999999997,0.0015756666666666666
Sn08,30.93,0.0011226666666666666
Sn08,30.99,0.0007763333333333333
Sn08,31.049999999999997,0.0005006666666666666
Sn08,31.11,0.00032166666666666666
Sn08,31.17,0.00021566666666666666
Sn08,31.229999999999997,0.00013433333333333334
Sn08,31.29,9.366666666666666e-05
Sn08,31.35,5.9e-05
Sn08,31.409999999999997,3.0333333333333333e-05
Sn08,31.47,1.9666666666666666e-05
Sn08,31.53,1.1333333333333334e-05
Sn08,31.589999999999996,8e-06
Sn08,31.65,4.333333333333333e-06
Sn08,31.71,1.6666666666666667e-06
Ta08,27.21,3.3333333333333335e-07
Ta08,27.27,0.0
Ta08,27.33,6.666666666666667e-07
Ta08,27.39,6.666666666666667e-07
Ta08,27.45,3.6666666666666666e-06
Ta08,27.509999999999998,3.3333333333333333e-06
Ta08,27.57,7.333333333333333e-06
Ta08,27.63,1.7e-05
Ta08,27.689999999999998,2.4666666666666665e-05
Ta08,27.75,3.866666666666667e-05
Ta08,27.81,7.8e-05
Ta08,27.869999999999997,0.000106
Ta08,27.93,0.00016833333333333332
Ta08,27.99,0.0002736666666666667
Ta08,28.049999999999997,0.000394
Ta08,28.11,0.0005776666666666666
Ta08,28.17,0.0008516666666666667
Ta08,28.229999999999997,0.001251
Ta08,28.29,0.001725
Ta08,28.35,0.0024203333333333334
Ta08,28.409999999999997,0.0032396666666666667
Ta08,28.47,0.004396666666666667
Ta08,28.53,0.005752333333333333
Ta08,28.589999999999996,0.007436
Ta08,28.65,0.009546666666666667
Ta08,28.71,0.011990666666666667
Ta08,28.769999999999996,0.014818666666666667
Ta08,28.83,0.018019
Ta08,28.89,0.02145033333333333
Ta08,28.95,0.025252
Ta08,29.009999999999998,0.029129333333333333
Ta08,29.07,0.033099
Ta08,29.13,0.037011333333333334
Ta08,29.189999999999998,0.04057533333333333
Ta08,29.25,0.04417133333333333
Ta08,29.31,0.04680733333333333
Ta08,29.369999999999997,0.04917033333333334
Ta08,29.43,0.050681
Ta08,29.49,0.051228
Ta08,29.549999999999997,0.05124133333333333
Ta08,29.61,0.05001033333333333
Ta08,29.67,0.04844533333333333
Ta08,29.729999999999997,0.045733666666666666
Ta08,29.79,0.04264166666666667
Ta08,29.85,0.03915
Ta08,29.909999999999997,0.035284333333333334
Ta08,29.97,0.03128
Ta08,30.03,0.027247333333333332
Ta08,30.089999999999996,0.023386666666666667
Ta08,30.15,0.019862333333333333
Ta08,30.21,0.016351666666666667
Ta08,30.269999999999996,0.013576666666666667
Ta08,30.33,0.010723333333333333
Ta08,30.39,0.008626
Ta08,30.45,0.006587333333333333
Ta08,30.509999999999998,0.005097333333333333
Ta08,30.57,0.0037716666666666667
Ta08,30.63,0.002789666666666667
Ta08,30.689999999999998,0.0020196666666666666
Ta08,30.75,0.0014606666666666668
Ta08,30.81,0.000993
Ta08,30.869999999999997,0.000693
Ta08,30.93,0.0004606666666666667
Ta08,30.99,0.0003136666666666667
Ta08,31.049999999999997,0.00019366666666666667
Ta08,31.11,0.00012933333333333332
Ta08,31.17,8.533333333333334e-05
Ta08,31.229999999999997,5.2333333333333336e-05
Ta08,31.29,3.1e-05
Ta08,31.35,2.1e-05
Ta08,31.409999999999997,9.666666666666667e-06
Ta08,31.47,7.333333333333333e-06
Ta08,31.53,3e-06
Ta08,31.589999999999996,2e-06
Ta08,31.65,1e-06
Cu08,26.909999999999997,3.3333333333333335e-07
Cu08,26.97,0.0
Cu08,27.03,3.3333333333333335e-07
Cu08,27.089999999999996,6.666666666666667e-07
Cu08,27.15,2.333333333333333e-06
Cu08,27.21,3.6666666666666666e-06
Cu08,27.27,5.333333333333334e-06
Cu08,27.33,1.3333333333333333e-05
Cu08,27.39,1.7666666666666668e-05
Cu08,27.45,3.6666666666666666e-05
Cu08,27.509999999999998,6.1e-05
Cu08,27.57,8.8e-05
Cu08,27.63,0.000133
Cu08,27.689999999999998,0.00022533333333333333
Cu08,27.75,0.0003336666666666667
Cu08,27.81,0.0004713333333333333
Cu08,27.869999999999997,0.0007096666666666667
Cu08,27.93,0.0010206666666666667
Cu08,27.99,0.001466
Cu08,28.049999999999997,0.0020146666666666668
Cu08,28.11,0.0027586666666666666
Cu08,28.17,0.003681
Cu08,28.229999999999997,0.004944
Cu08,28.29,0.006408666666666667
Cu08,28.35,0.008227666666666666
Cu08,28.409999999999997,0.01046
Cu08,28.47,0.012916333333333333
Cu08,28.53,0.015918333333333333
Cu08,28.589999999999996,0.019033333333333333
Cu08,28.65,0.022509
Cu08,28.71,0.026426666666666668
Cu08,28.769999999999996,0.030087
Cu08,28.83,0.034118
Cu08,28.89,0.037805
Cu08,28.95,0.04117766666666667
Cu08,29.009999999999998,0.044618333333333336
Cu08,29.07,0.046877
Cu08,29.13,0.04923533333333333
Cu08,29.189999999999998,0.05012
Cu08,29.25,0.050909666666666666
Cu08,29.31,0.050378
Cu08,29.369999999999997,0.04906933333333333
Cu08,29.43,0.047532333333333336
Cu08,29.49,0.04448233333333333
Cu08,29.549999999999997,0.04151266666666667
Cu08,29.61,0.037957333333333336
Cu08,29.67,0.03417066666666667
Cu08,29.729999999999997,0.030333333333333334
Cu08,29.79,0.026313666666666666
Cu08,29.85,0.022641
Cu08,29.909999999999997,0.019122333333333335
Cu08,29.97,0.015844333333333332
Cu08,30.03,0.01305
Cu08,30.089999999999996,0.010364
Cu08,30.15,0.008339333333333334
Cu08,30.21,0.006373666666666666
Cu08,30.269999999999996,0.004938666666666667
Cu08,30.33,0.003668666666666667
Cu08,30.39,0.0027243333333333334
Cu08,30.45,0.0019683333333333332
Cu08,30.509999999999998,0.0014153333333333333
Cu08,30.57,0.0009793333333333334
Cu08,30.63,0.0006846666666666666
Cu08,30.689999999999998,0.0004496666666666667
Cu08,30.75,0.000315
Cu08,30.81,0.00019466666666666666
Cu08,30.869999999999997,0.000129
Cu08,30.93,8.033333333333334e-05
Cu08,30.99,5.333333333333333e-05
Cu08,31.049999999999997,3.4e-05
Cu08,31.11,2.0666666666666666e-05
Cu08,31.17,1.0666666666666667e-05
Cu08,31.229999999999997,7.333333333333333e-06
Cu08,31.29,3e-06
Cu08,31.35,2.333333333333333e-06
Cu08,31.409999999999997,1e-06
Al_degrader_E2_E1,24.75,1.4285714285714285e-07
Al_degrader_E2_E1,24.81,1.4285714285714285e-07
Al_degrader_E2_E1,24.869999999999997,0.0
Al_degrader_E2_E1,24.93,5.714285714285714e-07
Al_degrader_E2_E1,24.990000000000002,1e-06
Al_degrader_E2_E1,25.049999999999997,1.4285714285714286e-06
Al_degrader_E2_E1,25.11,2.4285714285714284e-06
Al_degrader_E2_E1,25.17,4.714285714285714e-06
Al_degrader_E2_E1,25.229999999999997,7.2857142857142855e-06
Al_degrader_E2_E1,25.29,1.0285714285714286e-05
Al_degrader_E2_E1,25.35,2.0428571428571428e-05
Al_degrader_E2_E1,25.409999999999997,2.7428571428571428e-05
Al_degrader_E2_E1,25.47,3.785714285714286e-05
Al_degrader_E2_E1,25.53,6.214285714285714e-05
Al_degrader_E2_E1,25.589999999999996,9.142857142857143e-05
Al_degrader_E2_E1,25.65,0.000124
Al_degrader_E2_E1,25.71,0.00018085714285714287
Al_degrader_E2_E1,25.77,0.0002577142857142857
Al_degrader_E2_E1,25.83,0.0003557142857142857
Al_degrader_E2_E1,25.89,0.0004832857142857143
Al_degrader_E2_E1,25.95,0.0006481428571428571
Al_degrader_E2_E1,26.009999999999998,0.0008507142857142857
Al_degrader_E2_E1,26.07,0.0011054285714285714
Al_degrader_E2_E1,26.13,0.0014428571428571429
Al_degrader_E2_E1,26.189999999999998,0.0018527142857142857
Al_degrader_E2_E1,26.25,0.0022984285714285715
Al_degrader_E2_E1,26.31,0.0029231428571428572
Al_degrader_E2_E1,26.369999999999997,0.003501285714285714
Al_degrader_E2_E1,26.43,0.0042392857142857145
Al_degrader_E2_E1,26.49,0.005087142857142857
Al_degrader_E2_E1,26.549999999999997,0.0059588571428571425
Al_degrader_E2_E1,26.61,0.007007142857142857
Al_degrader_E2_E1,26.67,0.008133142857142858
Al_degrader_E2_E1,26.729999999999997,0.009167285714285715
Al_degrader_E2_E1,26.79,0.010392
Al_degrader_E2_E1,26.85,0.011559571428571428
Al_degrader_E2_E1,26.909999999999997,0.01280657142857143
Al_degrader_E2_E1,26.97,0.014059714285714286
Al_degrader_E2_E1,27.03,0.015242428571428572
Al_degrader_E2_E1,27.089999999999996,0.016395714285714284
Al_degrader_E2_E1,27.15,0.017439285714285713
Al_degrader_E2_E1,27.21,0.018441857142857142
Al_degrader_E2_E1,27.27,0.019324571428571427
Al_degrader_E2_E1,27.33,0.020353285714285713
Al_degrader_E2_E1,27.39,0.021015
Al_degrader_E2_E1,27.45,0.021708142857142856
Al_degrader_E2_E1,27.509999999999998,0.022184714285714287
Al_degrader_E2_E1,27.57,0.022749142857142857
Al_degrader_E2_E1,27.63,0.023119285714285714
Al_degrader_E2_E1,27.689999999999998,0.023604285714285713
Al_degrader_E2_E1,27.75,0.02386357142857143
Al_degrader_E2_E1,27.81,0.024064714285714287
Al_degrader_E2_E1,27.869999999999997,0.024242142857142858
Al_degrader_E2_E1,27.93,0.02434714285714286
Al_degrader_E2_E1,27.99,0.02457914285714286
Al_degrader_E2_E1,28.049999999999997,0.02464542857142857
Al_degrader_E2_E1,28.11,0.024700285714285713
Al_degrader_E2_E1,28.17,0.02471057142857143
Al_degrader_E2_E1,28.229999999999997,0.02466557142857143
Al_degrader_E2_E1,28.29,0.02456042857142857
Al_degrader_E2_E1,28.35,0.024634142857142858
Al_degrader_E2_E1,28.409999999999997,0.02450657142857143
Al_degrader_E2_E1,28.47,0.024235142857142858
Al_degrader_E2_E1,28.53,0.024023142857142857
Al_degrader_E2_E1,28.589999999999996,0.023677714285714285
Al_degrader_E2_E1,28.65,0.023191142857142858
Al_degrader_E2_E1,28.71,0.02285085714285714
Al_degrader_E2_E1,28.769999999999996,0.02214757142857143
Al_degrader_E2_E1,28.83,0.02145014285714286
Al_degrader_E2_E1,28.89,0.020560714285714286
Al_degrader_E2_E1,28.95,0.01961742857142857
Al_degrader_E2_E1,29.009999999999998,0.018637285714285714
Al_degrader_E2_E1,29.07,0.017417
Al_degrader_E2_E1,29.13,0.016277142857142858
Al_degrader_E2_E1,29.189999999999998,0.014903285714285714
Al_degrader_E2_E1,29.25,0.013605285714285714
Al_degrader_E2_E1,29.31,0.012204428571428571
Al_degrader_E2_E1,29.369999999999997,0.010892142857142857
Al_degrader_E2_E1,29.43,0.009621285714285714
Al_degrader_E2_E1,29.49,0.00824
Al_degrader_E2_E1,29.549999999999997,0.0071342857142857145
Al_degrader_E2_E1,29.61,0.00603
Al_degrader_E2_E1,29.67,0.0050048571428571425
Al_degrader_E2_E1,29.729999999999997,0.004157857142857143
Al_degrader_E2_E1,29.79,0.0033414285714285716
Al_degrader_E2_E1,29.85,0.0026982857142857143
Al_degrader_E2_E1,29.909999999999997,0.0021114285714285714
Al_degrader_E2_E1,29.97,0.0016394285714285714
Al_degrader_E2_E1,30.03,0.001249
Al_degrader_E2_E1,30.089999999999996,0.0009468571428571428
Al_degrader_E2_E1,30.15,0.0006957142857142857
Al_degrader_E2_E1,30.21,0.000497
Al_degrader_E2_E1,30.269999999999996,0.000367
Al_degrader_E2_E1,30.33,0.0002495714285714286
Al_degrader_E2_E1,30.39,0.00018042857142857143
Al_degrader_E2_E1,30.45,0.000123
Al_degrader_E2_E1,30.509999999999998,8.257142857142857e-05
Al_degrader_E2_E1,30.57,4.857142857142857e-05
Al_degrader_E2_E1,30.63,3.4142857142857145e-05
Al_degrader_E2_E1,30.689999999999998,2.1428571428571428e-05
Al_degrader_E2_E1,30.75,1.4857142857142857e-05
Al_degrader_E2_E1,30.81,9.142857142857142e-06
Al_degrader_E2_E1,30.869999999999997,5.142857142857143e-06
Al_degrader_E2_E1,30.93,2.2857142857142856e-06
Al_degrader_E2_E1,30.99,2.4285714285714284e-06
Al_degrader_E2_E1,31.049999999999997,7.142857142857143e-07
Al_degrader_E2_E1,31.11,7.142857142857143e-07
Al_degrader_E2_E1,31.17,4.2857142857142857e-07
Ni09,24.39,3.3333333333333335e-07
Ni09,24.45,0.0
Ni09,24.509999999999998,3.3333333333333335e-07
Ni09,24.57,1e-06
Ni09,24.63,1.3333333333333334e-06
Ni09,24.689999999999998,4e-06
Ni09,24.75,4.333333333333333e-06
Ni09,24.81,9.666666666666667e-06
Ni09,24.869999999999997,1.7e-05
Ni09,24.93,2.4e-05
Ni09,24.990000000000002,4.0333333333333336e-05
Ni09,25.049999999999997,6.966666666666666e-05
Ni09,25.11,0.0001
Ni09,25.17,0.00014
Ni09,25.229999999999997,0.00023766666666666668
Ni09,25.29,0.00032366666666666666
Ni09,25.35,0.00044866666666666666
Ni09,25.409999999999997,0.0006613333333333333
Ni09,25.47,0.0009396666666666667
Ni09,25.53,0.0012883333333333334
Ni09,25.589999999999996,0.0017573333333333334
Ni09,25.65,0.0023583333333333334
Ni09,25.71,0.0031116666666666667
Ni09,25.77,0.004047666666666666
Ni09,25.83,0.005249
Ni09,25.89,0.006608
Ni09,25.95,0.008376333333333333
Ni09,26.009999999999998,0.010352666666666666
Ni09,26.07,0.012614666666666666
Ni09,26.13,0.015237666666666667
Ni09,26.189999999999998,0.017971
Ni09,26.25,0.020926666666666666
Ni09,26.31,0.024452666666666668
Ni09,26.369999999999997,0.02755466666666667
Ni09,26.43,0.030969666666666666
Ni09,26.49,0.034291
Ni09,26.549999999999997,0.037269
Ni09,26.61,0.04036133333333333
Ni09,26.67,0.042755666666666664
Ni09,26.729999999999997,0.04467466666666667
Ni09,26.79,0.046466
Ni09,26.85,0.046856666666666665
Ni09,26.909999999999997,0.047474
Ni09,26.97,0.04679933333333333
Ni09,27.03,0.045729
Ni09,27.089999999999996,0.04410633333333333
Ni09,27.15,0.04156033333333333
Ni09,27.21,0.03908233333333333
Ni09,27.27,0.035838666666666665
Ni09,27.33,0.032766666666666666
Ni09,27.39,0.029369
Ni09,27.45,0.02581
Ni09,27.509999999999998,0.022502333333333333
Ni09,27.57,0.019520333333333334
Ni09,27.63,0.016347
Ni09,27.689999999999998,0.013828
Ni09,27.75,0.011323666666666666
Ni09,27.81,0.009137
Ni09,27.869999999999997,0.007422
Ni09,27.93,0.005763333333333333
Ni09,27.99,0.004493666666666667
Ni09,28.049999999999997,0.003433
Ni09,28.11,0.002602
Ni09,28.17,0.001926
Ni09,28.229999999999997,0.0013803333333333332
Ni09,28.29,0.0009986666666666666
Ni09,28.35,0.0007096666666666667
Ni09,28.409999999999997,0.0005026666666666667
Ni09,28.47,0.000341
Ni09,28.53,0.000231
Ni09,28.589999999999996,0.00014933333333333332
Ni09,28.65,0.000102
Ni09,28.71,6.666666666666667e-05
Ni09,28.769999999999996,4.3666666666666666e-05
Ni09,28.83,2.7e-05
Ni09,28.89,1.8666666666666665e-05
Ni09,28.95,8.333333333333334e-06
Ni09,29.009999999999998,7e-06
Ni09,29.07,2.666666666666667e-06
Ni09,29.13,2.666666666666667e-06
Ni09,29.189999999999998,1e-06
Sn09,24.33,6.666666666666667e-07
Sn09,24.39,6.666666666666667e-07
Sn09,24.45,3.3333333333333335e-07
Sn09,24.509999999999998,1.6666666666666667e-06
Sn09,24.57,4.666666666666666e-06
Sn09,24.63,7.333333333333333e-06
Sn09,24.689999999999998,1.2e-05
Sn09,24.75,2.0666666666666666e-05
Sn09,24.81,3.4666666666666665e-05
Sn09,24.869999999999997,5.566666666666667e-05
Sn09,24.93,8.266666666666667e-05
Sn09,24.990000000000002,0.00013766666666666666
Sn09,25.049999999999997,0.000197
Sn09,25.11,0.0002793333333333333
Sn09,25.17,0.00042533333333333334
Sn09,25.229999999999997,0.000626
Sn09,25.29,0.000842
Sn09,25.35,0.0011816666666666666
Sn09,25.409999999999997,0.0017013333333333333
Sn09,25.47,0.0022793333333333333
Sn09,25.53,0.0030433333333333332
Sn09,25.589999999999996,0.003967333333333333
Sn09,25.65,0.005132
Sn09,25.71,0.006644
Sn09,25.77,0.008348
Sn09,25.83,0.010449666666666666
Sn09,25.89,0.012831666666666667
Sn09,25.95,0.015585666666666666
Sn09,26.009999999999998,0.018521333333333334
Sn09,26.07,0.021707666666666667
Sn09,26.13,0.025022
Sn09,26.189999999999998,0.028482666666666667
Sn09,26.25,0.03213133333333333
Sn09,26.31,0.03570966666666667
Sn09,26.369999999999997,0.038854
Sn09,26.43,0.04174933333333333
Sn09,26.49,0.04416933333333333
Sn09,26.549999999999997,0.04641666666666667
Sn09,26.61,0.04762966666666667
Sn09,26.67,0.048550666666666666
Sn09,26.729999999999997,0.04853366666666667
Sn09,26.79,0.04769966666666667
Sn09,26.85,0.046291
Sn09,26.909999999999997,0.04414166666666667
Sn09,26.97,0.04167833333333333
Sn09,27.03,0.03874533333333333
Sn09,27.089999999999996,0.035220666666666664
Sn09,27.15,0.031683666666666666
Sn09,27.21,0.028216666666666668
Sn09,27.27,0.024667333333333333
Sn09,27.33,0.021215333333333333
Sn09,27.39,0.018079
Sn09,27.45,0.015078
Sn09,27.509999999999998,0.012521666666666667
Sn09,27.57,0.010177
Sn09,27.63,0.008121333333333333
Sn09,27.689999999999998,0.006435666666666667
Sn09,27.75,0.004933666666666667
Sn09,27.81,0.003775
Sn09,27.869999999999997,0.0028613333333333334
Sn09,27.93,0.0020816666666666666
Sn09,27.99,0.0015153333333333334
Sn09,28.049999999999997,0.001098
Sn09,28.11,0.000801
Sn09,28.17,0.0005346666666666667
Sn09,28.229999999999997,0.00035833333333333333
Sn09,28.29,0.00023533333333333333
Sn09,28.35,0.00016166666666666668
Sn09,28.409999999999997,0.00011266666666666666
Sn09,28.47,7.5e-05
Sn09,28.53,4.633333333333333e-05
Sn09,28.589999999999996,2.5e-05
Sn09,28.65,1.8e-05
Sn09,28.71,1.0666666666666667e-05
Sn09,28.769999999999996,7.333333333333333e-06
Sn09,28.83,4.333333333333333e-06
Sn09,28.89,1.6666666666666667e-06
Sn09,28.95,3.3333333333333335e-07
Ta09,24.03,3.3333333333333335e-07
Ta09,24.089999999999996,0.0
Ta09,24.15,6.666666666666667e-07
Ta09,24.21,6.666666666666667e-07
Ta09,24.27,2.333333333333333e-06
Ta09,24.33,4e-06
Ta09,24.39,5e-06
Ta09,24.45,1.1e-05
Ta09,24.509999999999998,1.7e-05
Ta09,24.57,2.9e-05
Ta09,24.63,4.633333333333333e-05
Ta09,24.689999999999998,7.766666666666667e-05
Ta09,24.75,0.00010566666666666667
Ta09,24.81,0.000161
Ta09,24.869999999999997,0.000251
Ta09,24.93,0.0003496666666666667
Ta09,24.990000000000002,0.0004976666666666667
Ta09,25.049999999999997,0.000708
Ta09,25.11,0.000994
Ta09,25.17,0.0013846666666666666
Ta09,25.229999999999997,0.0018536666666666667
Ta09,25.29,0.002503
Ta09,25.35,0.0032643333333333335
Ta09,25.409999999999997,0.004308666666666666
Ta09,25.47,0.005472
Ta09,25.53,0.006951666666666667
Ta09,25.589999999999996,0.008705333333333334
Ta09,25.65,0.010788333333333334
Ta09,25.71,0.013068666666666666
Ta09,25.77,0.015771666666666666
Ta09,25.83,0.018524
Ta09,25.89,0.021667333333333334
Ta09,25.95,0.024913
Ta09,26.009999999999998,0.028176666666666666
Ta09,26.07,0.031653
Ta09,26.13,0.034828
Ta09,26.189999999999998,0.037881
Ta09,26.25,0.04084566666666667
Ta09,26.31,0.043097333333333335
Ta09,26.369999999999997,0.04512733333333333
Ta09,26.43,0.046488
Ta09,26.49,0.046959
Ta09,26.549999999999997,0.047487666666666664
Ta09,26.61,0.04642466666666667
Ta09,26.67,0.045623333333333335
Ta09,26.729999999999997,0.04361633333333333
Ta09,26.79,0.041086
Ta09,26.85,0.038510333333333334
Ta09,26.909999999999997,0.035297666666666665
Ta09,26.97,0.03207733333333333
Ta09,27.03,0.028591666666666668
Ta09,27.089999999999996,0.025227
Ta09,27.15,0.021916333333333333
Ta09,27.21,0.018899
Ta09,27.27,0.015820333333333332
Ta09,27.33,0.013384
Ta09,27.39,0.010849333333333334
Ta09,27.45,0.008868333333333334
Ta09,27.509999999999998,0.0070736666666666665
Ta09,27.57,0.005546666666666667
Ta09,27.63,0.004275333333333333
Ta09,27.689999999999998,0.003284
Ta09,27.75,0.002454
Ta09,27.81,0.0018273333333333334
Ta09,27.869999999999997,0.001342
Ta09,27.93,0.0009426666666666666
Ta09,27.99,0.0006783333333333333
Ta09,28.049999999999997,0.0004583333333333333
Ta09,28.11,0.000329
Ta09,28.17,0.00020566666666666666
Ta09,28.229999999999997,0.00014666666666666666
Ta09,28.29,9.666666666666667e-05
Ta09,28.35,6.1e-05
Ta09,28.409999999999997,4.3333333333333334e-05
Ta09,28.47,2.5e-05
Ta09,28.53,1.7666666666666668e-05
Ta09,28.589999999999996,7.333333333333333e-06
Ta09,28.65,6.666666666666667e-06
Ta09,28.71,3e-06
Ta09,28.769999999999996,2e-06
Ta09,28.83,1e-06
Cu09,23.729999999999997,3.3333333333333335e-07
Cu09,23.79,0.0
Cu09,23.85,6.666666666666667e-07
Cu09,23.909999999999997,1.3333333333333334e-06
Cu09,23.97,2.666666666666667e-06
Cu09,24.03,2.666666666666667e-06
Cu09,24.089999999999996,6e-06
Cu09,24.15,1.2333333333333333e-05
Cu09,24.21,1.7e-05
Cu09,24.27,2.9333333333333333e-05
Cu09,24.33,4.633333333333333e-05
Cu09,24.39,7.433333333333333e-05
Cu09,24.45,0.00010466666666666667
Cu09,24.509999999999998,0.000157
Cu09,24.57,0.00024233333333333333
Cu09,24.63,0.000339
Cu09,24.689999999999998,0.0004803333333333333
Cu09,24.75,0.000684
Cu09,24.81,0.0009516666666666666
Cu09,24.869999999999997,0.0013323333333333334
Cu09,24.93,0.0017846666666666666
Cu09,24.990000000000002,0.002382
Cu09,25.049999999999997,0.0031063333333333333
Cu09,25.11,0.004083
Cu09,25.17,0.00521
Cu09,25.229999999999997,0.006560333333333333
Cu09,25.29,0.008300666666666666
Cu09,25.35,0.010221333333333334
Cu09,25.409999999999997,0.012395666666666666
Cu09,25.47,0.014961333333333333
Cu09,25.53,0.017578333333333335
Cu09,25.589999999999996,0.020511333333333333
Cu09,25.65,0.023821
Cu09,25.71,0.026984333333333332
Cu09,25.77,0.030168666666666667
Cu09,25.83,0.033488333333333335
Cu09,25.89,0.036376
Cu09,25.95,0.039556
Cu09,26.009999999999998,0.041834333333333334
Cu09,26.07,0.043713666666666665
Cu09,26.13,0.045715
Cu09,26.189999999999998,0.046164
Cu09,26.25,0.046843666666666665
Cu09,26.31,0.04638233333333333
Cu09,26.369999999999997,0.045342
Cu09,26.43,0.04401566666666667
Cu09,26.49,0.041662333333333336
Cu09,26.549999999999997,0.03932733333333333
Cu09,26.61,0.03633433333333334
Cu09,26.67,0.033194
Cu09,26.729999999999997,0.03003166666666667
Cu09,26.79,0.026573333333333334
Cu09,26.85,0.023220333333333332
Cu09,26.909999999999997,0.020343666666666666
Cu09,26.97,0.017259666666666666
Cu09,27.03,0.014446666666666667
Cu09,27.089999999999996,0.01212
Cu09,27.15,0.009786666666666667
Cu09,27.21,0.008046333333333334
Cu09,27.27,0.006307
Cu09,27.33,0.004988333333333333
Cu09,27.39,0.0038296666666666665
Cu09,27.45,0.002884
Cu09,27.509999999999998,0.002198
Cu09,27.57,0.001597
Cu09,27.63,0.0011876666666666667
Cu09,27.689999999999998,0.0008396666666666666
Cu09,27.75,0.0005976666666666667
Cu09,27.81,0.00040533333333333334
Cu09,27.869999999999997,0.0002916666666666667
Cu09,27.93,0.000185
Cu09,27.99,0.00012533333333333334
Cu09,28.049999999999997,8.266666666666667e-05
Cu09,28.11,5.966666666666667e-05
Cu09,28.17,3.3e-05
Cu09,28.229999999999997,2.5333333333333334e-05
Cu09,28.29,1.4333333333333334e-05
Cu09,28.35,7.333333333333333e-06
Cu09,28.409999999999997,5.666666666666667e-06
Cu09,28.47,2.333333333333333e-06
Cu09,28.53,1.6666666666666667e-06
Cu09,28.589999999999996,1e-06
Al_degrader_E4_E3,21.27,1.1111111111111111e-07
Al_degrader_E4_E3,21.33,0.0
Al_degrader_E4_E3,21.39,1.1111111111111111e-07
Al_degrader_E4_E3,21.45,2.2222222222222222e-07
Al_degrader_E4_E3,21.509999999999998,4.4444444444444444e-07
Al_degrader_E4_E3,21.57,1e-06
Al_degrader_E4_E3,21.63,8.888888888888889e-07
Al_degrader_E4_E3,21.689999999999998,2.4444444444444442e-06
Al_degrader_E4_E3,21.75,3.3333333333333333e-06
Al_degrader_E4_E3,21.81,4.777777777777777e-06
Al_degrader_E4_E3,21.869999999999997,8.222222222222222e-06
Al_degrader_E4_E3,21.93,1.1777777777777778e-05
Al_degrader_E4_E3,21.990000000000002,1.7666666666666668e-05
Al_degrader_E4_E3,22.049999999999997,2.588888888888889e-05
Al_degrader_E4_E3,22.11,3.288888888888889e-05
Al_degrader_E4_E3,22.17,5.6555555555555555e-05
Al_degrader_E4_E3,22.229999999999997,7.411111111111111e-05
Al_degrader_E4_E3,22.29,9.777777777777778e-05
Al_degrader_E4_E3,22.35,0.0001388888888888889
Al_degrader_E4_E3,22.409999999999997,0.00018533333333333333
Al_degrader_E4_E3,22.47,0.00027133333333333333
Al_degrader_E4_E3,22.53,0.0003408888888888889
Al_degrader_E4_E3,22.589999999999996,0.0004512222222222222
Al_degrader_E4_E3,22.65,0.0005795555555555556
Al_degrader_E4_E3,22.71,0.0007497777777777778
Al_degrader_E4_E3,22.77,0.0009654444444444444
Al_degrader_E4_E3,22.83,0.0012102222222222221
Al_degrader_E4_E3,22.89,0.0015136666666666666
Al_degrader_E4_E3,22.95,0.0018612222222222222
Al_degrader_E4_E3,23.009999999999998,0.002317333333333333
Al_degrader_E4_E3,23.07,0.0027623333333333332
Al_degrader_E4_E3,23.13,0.003325222222222222
Al_degrader_E4_E3,23.189999999999998,0.003934888888888889
Al_degrader_E4_E3,23.25,0.004606111111111111
Al_degrader_E4_E3,23.31,0.005386666666666666
Al_degrader_E4_E3,23.369999999999997,0.006208888888888889
Al_degrader_E4_E3,23.43,0.007081666666666667
Al_degrader_E4_E3,23.490000000000002,0.007993888888888889
Al_degrader_E4_E3,23.549999999999997,0.008975777777777777
Al_degrader_E4_E3,23.61,0.009964555555555556
Al_degrader_E4_E3,23.67,0.011049555555555556
Al_degrader_E4_E3,23.729999999999997,0.012060555555555555
Al_degrader_E4_E3,23.79,0.013044444444444444
Al_degrader_E4_E3,23.85,0.014113777777777777
Al_degrader_E4_E3,23.909999999999997,0.015087
Al_degrader_E4_E3,23.97,0.016050333333333333
Al_degrader_E4_E3,24.03,0.016897111111111113
Al_degrader_E4_E3,24.089999999999996,0.017718555555555557
Al_degrader_E4_E3,24.15,0.01856811111111111
Al_degrader_E4_E3,24.21,0.019253
Al_degrader_E4_E3,24.27,0.019865444444444446
Al_degrader_E4_E3,24.33,0.020438333333333333
Al_degrader_E4_E3,24.39,0.020959
Al_degrader_E4_E3,24.45,0.021382555555555554
Al_degrader_E4_E3,24.509999999999998,0.021785666666666665
Al_degrader_E4_E3,24.57,0.022109555555555556
Al_degrader_E4_E3,24.63,0.022359888888888887
Al_degrader_E4_E3,24.689999999999998,0.022623666666666667
Al_degrader_E4_E3,24.75,0.022845
Al_degrader_E4_E3,24.81,0.022926333333333333
Al_degrader_E4_E3,24.869999999999997,0.023154666666666667
Al_degrader_E4_E3,24.93,0.02309077777777778
Al_degrader_E4_E3,24.990000000000002,0.023269555555555557
Al_degrader_E4_E3,25.049999999999997,0.023310222222222222
Al_degrader_E4_E3,25.11,0.02324411111111111
Al_degrader_E4_E3,25.17,0.02327211111111111
Al_degrader_E4_E3,25.229999999999997,0.023123
Al_degrader_E4_E3,25.29,0.023137
Al_degrader_E4_E3,25.35,0.022923666666666665
Al_degrader_E4_E3,25.409999999999997,0.022696222222222222
Al_degrader_E4_E3,25.47,0.022454111111111112
Al_degrader_E4_E3,25.53,0.022126
Al_degrader_E4_E3,25.589999999999996,0.021703333333333335
Al_degrader_E4_E3,25.65,0.021177444444444443
Al_degrader_E4_E3,25.71,0.020711666666666666
Al_degrader_E4_E3,25.77,0.019861
Al_degrader_E4_E3,25.83,0.019260666666666666
Al_degrader_E4_E3,25.89,0.018378444444444444
Al_degrader_E4_E3,25.95,0.017446555555555555
Al_degrader_E4_E3,26.009999999999998,0.01642688888888889
Al_degrader_E4_E3,26.07,0.015366
Al_degrader_E4_E3,26.13,0.014363666666666667
Al_degrader_E4_E3,26.189999999999998,0.013128111111111111
Al_degrader_E4_E3,26.25,0.01197888888888889
Al_degrader_E4_E3,26.31,0.010766222222222222
Al_degrader_E4_E3,26.369999999999997,0.009669
Al_degrader_E4_E3,26.43,0.00857911111111111
Al_degrader_E4_E3,26.49,0.007444666666666666
Al_degrader_E4_E3,26.549999999999997,0.006475888888888889
Al_degrader_E4_E3,26.61,0.005517222222222222
Al_degrader_E4_E3,26.67,0.004692333333333333
Al_degrader_E4_E3,26.729999999999997,0.003924888888888889
Al_degrader_E4_E3,26.79,0.0032405555555555556
Al_degrader_E4_E3,26.85,0.0026308888888888888
Al_degrader_E4_E3,26.909999999999997,0.0021401111111111113
Al_degrader_E4_E3,26.97,0.0017105555555555557
Al_degrader_E4_E3,27.03,0.0013352222222222222
Al_degrader_E4_E3,27.089999999999996,0.0010387777777777778
Al_degrader_E4_E3,27.15,0.0007886666666666667
Al_degrader_E4_E3,27.21,0.0005934444444444444
Al_degrader_E4_E3,27.27,0.00045033333333333335
Al_degrader_E4_E3,27.33,0.000332
Al_degrader_E4_E3,27.39,0.00023166666666666667
Al_degrader_E4_E3,27.45,0.00016733333333333333
Al_degrader_E4_E3,27.509999999999998,0.00011866666666666667
Al_degrader_E4_E3,27.57,8.533333333333334e-05
Al_degrader_E4_E3,27.63,5.477777777777778e-05
Al_degrader_E4_E3,27.689999999999998,3.777777777777778e-05
Al_degrader_E4_E3,27.75,2.5e-05
Al_degrader_E4_E3,27.81,1.4555555555555556e-05
Al_degrader_E4_E3,27.869999999999997,1.2e-05
Al_degrader_E4_E3,27.93,7.111111111111111e-06
Al_degrader_E4_E3,27.99,4.666666666666666e-06
Al_degrader_E4_E3,28.049999999999997,2.5555555555555557e-06
Al_degrader_E4_E3,28.11,1.7777777777777777e-06
Al_degrader_E4_E3,28.17,5.555555555555555e-07
Al_degrader_E4_E3,28.229999999999997,8.888888888888889e-07
Al_degrader_E4_E3,28.29,2.2222222222222222e-07
Al_degrader_E4_E3,28.35,1.1111111111111111e-07
Ni10,20.85,3.3333333333333335e-07
Ni10,20.909999999999997,0.0
Ni10,20.97,3.3333333333333335e-07
Ni10,21.03,0.0
Ni10,21.089999999999996,1.6666666666666667e-06
Ni10,21.15,1.3333333333333334e-06
Ni10,21.21,3.3333333333333333e-06
Ni10,21.27,4.333333333333333e-06
Ni10,21.33,8.333333333333334e-06
Ni10,21.39,1.4e-05
Ni10,21.45,1.9e-05
Ni10,21.509999999999998,2.9e-05
Ni10,21.57,5.333333333333333e-05
Ni10,21.63,6.533333333333333e-05
Ni10,21.689999999999998,9.666666666666667e-05
Ni10,21.75,0.00013166666666666668
Ni10,21.81,0.000214
Ni10,21.869999999999997,0.000287
Ni10,21.93,0.00035933333333333336
Ni10,21.990000000000002,0.0005503333333333333
Ni10,22.049999999999997,0.000731
Ni10,22.11,0.0009873333333333333
Ni10,22.17,0.0013073333333333333
Ni10,22.229999999999997,0.001706
Ni10,22.29,0.002225
Ni10,22.35,0.0028496666666666666
Ni10,22.409999999999997,0.0036033333333333334
Ni10,22.47,0.004574333333333333
Ni10,22.53,0.0056693333333333335
Ni10,22.589999999999996,0.006914
Ni10,22.65,0.008586
Ni10,22.71,0.010182
Ni10,22.77,0.012093
Ni10,22.83,0.014399666666666667
Ni10,22.89,0.01657
Ni10,22.95,0.019029
Ni10,23.009999999999998,0.021926
Ni10,23.07,0.024422
Ni10,23.13,0.02712933333333333
Ni10,23.189999999999998,0.030029666666666666
Ni10,23.25,0.03246
Ni10,23.31,0.03492
Ni10,23.369999999999997,0.037427
Ni10,23.43,0.03900833333333333
Ni10,23.490000000000002,0.040819666666666664
Ni10,23.549999999999997,0.042043
Ni10,23.61,0.04234333333333333
Ni10,23.67,0.04298133333333334
Ni10,23.729999999999997,0.042492
Ni10,23.79,0.041633666666666666
Ni10,23.85,0.040709666666666665
Ni10,23.909999999999997,0.03878266666666667
Ni10,23.97,0.03683
Ni10,24.03,0.034498
Ni10,24.089999999999996,0.031879333333333336
Ni10,24.15,0.029214666666666667
Ni10,24.21,0.026593666666666668
Ni10,24.27,0.023540666666666668
Ni10,24.33,0.020825333333333335
Ni10,24.39,0.018397333333333335
Ni10,24.45,0.015711333333333334
Ni10,24.509999999999998,0.013506333333333334
Ni10,24.57,0.011372
Ni10,24.63,0.009432666666666667
Ni10,24.689999999999998,0.007795666666666667
Ni10,24.75,0.006397333333333333
Ni10,24.81,0.0050546666666666665
Ni10,24.869999999999997,0.004063666666666667
Ni10,24.93,0.0031423333333333333
Ni10,24.990000000000002,0.002438
Ni10,25.049999999999997,0.0018756666666666668
Ni10,25.11,0.00139
Ni10,25.17,0.0010553333333333333
Ni10,25.229999999999997,0.0007616666666666667
Ni10,25.29,0.0005556666666666667
Ni10,25.35,0.000392
Ni10,25.409999999999997,0.00028733333333333334
Ni10,25.47,0.00019166666666666667
Ni10,25.53,0.000132
Ni10,25.589999999999996,9.033333333333334e-05
Ni10,25.65,6.433333333333333e-05
Ni10,25.71,4.1e-05
Ni10,25.77,3.1e-05
Ni10,25.83,1.7666666666666668e-05
Ni10,25.89,9.666666666666667e-06
Ni10,25.95,8e-06
Ni10,26.009999999999998,5e-06
Ni10,26.07,2e-06
Ni10,26.13,1.6666666666666667e-06
Ni10,26.189999999999998,1e-06
Sn10,20.79,6.666666666666667e-07
Sn10,20.85,3.3333333333333335e-07
Sn10,20.909999999999997,6.666666666666667e-07
Sn10,20.97,1e-06
Sn10,21.03,2e-06
Sn10,21.089999999999996,6e-06
Sn10,21.15,6.333333333333333e-06
Sn10,21.21,1.2666666666666667e-05
Sn10,21.27,1.9e-05
Sn10,21.33,3.1333333333333334e-05
Sn10,21.39,4.6e-05
Sn10,21.45,6.3e-05
Sn10,21.509999999999998,0.000106
Sn10,21.57,0.00015066666666666668
Sn10,21.63,0.00019566666666666666
Sn10,21.689999999999998,0.0002883333333333333
Sn10,21.75,0.00041066666666666666
Sn10,21.81,0.0005733333333333334
Sn10,21.869999999999997,0.0007463333333333333
Sn10,21.93,0.0010063333333333333
Sn10,21.990000000000002,0.0013936666666666668
Sn10,22.049999999999997,0.0018686666666666667
Sn10,22.11,0.002416666666666667
Sn10,22.17,0.0030653333333333335
Sn10,22.229999999999997,0.003903666666666667
Sn10,22.29,0.004908
Sn10,22.35,0.006130666666666667
Sn10,22.409999999999997,0.007581
Sn10,22.47,0.009237
Sn10,22.53,0.011188666666666666
Sn10,22.589999999999996,0.013310333333333334
Sn10,22.65,0.015673333333333334
Sn10,22.71,0.018088333333333335
Sn10,22.77,0.020834666666666668
Sn10,22.83,0.023531
Sn10,22.89,0.026484
Sn10,22.95,0.029344
Sn10,23.009999999999998,0.032287333333333335
Sn10,23.07,0.034882666666666666
Sn10,23.13,0.037253666666666664
Sn10,23.189999999999998,0.03937966666666667
Sn10,23.25,0.041064
Sn10,23.31,0.042751
Sn10,23.369999999999997,0.04349033333333333
Sn10,23.43,0.04387133333333333
Sn10,23.490000000000002,0.04382966666666667
Sn10,23.549999999999997,0.043020333333333334
Sn10,23.61,0.041723
Sn10,23.67,0.04008866666666667
Sn10,23.729999999999997,0.038004666666666666
Sn10,23.79,0.03575966666666667
Sn10,23.85,0.03295
Sn10,23.909999999999997,0.029994666666666666
Sn10,23.97,0.027213666666666667
Sn10,24.03,0.024237
Sn10,24.089999999999996,0.021362666666666665
Sn10,24.15,0.018622333333333334
Sn10,24.21,0.01603
Sn10,24.27,0.013614
Sn10,24.33,0.011492333333333334
Sn10,24.39,0.009549666666666666
Sn10,24.45,0.007770333333333333
Sn10,24.509999999999998,0.0063356666666666665
Sn10,24.57,0.0049893333333333335
Sn10,24.63,0.003961333333333333
Sn10,24.689999999999998,0.003034666666666667
Sn10,24.75,0.002349
Sn10,24.81,0.0017836666666666667
Sn10,24.869999999999997,0.0013203333333333333
Sn10,24.93,0.0009826666666666666
Sn10,24.990000000000002,0.0007343333333333334
Sn10,25.049999999999997,0.0005146666666666666
Sn10,25.11,0.000357
Sn10,25.17,0.00024033333333333334
Sn10,25.229999999999997,0.00017166666666666667
Sn10,25.29,0.000114
Sn10,25.35,8.9e-05
Sn10,25.409999999999997,5.6e-05
Sn10,25.47,3.766666666666667e-05
Sn10,25.53,2.2333333333333332e-05
Sn10,25.589999999999996,1.5333333333333334e-05
Sn10,25.65,9e-06
Sn10,25.71,6.666666666666667e-06
Sn10,25.77,5e-06
Sn10,25.83,1.6666666666666667e-06
Sn10,25.89,6.666666666666667e-07
Ta10,20.43,3.3333333333333335e-07
Ta10,20.490000000000002,0.0
Ta10,20.549999999999997,3.3333333333333335e-07
Ta10,20.61,3.3333333333333335e-07
Ta10,20.67,6.666666666666667e-07
Ta10,20.729999999999997,2.333333333333333e-06
Ta10,20.79,2.666666666666667e-06
Ta10,20.85,4.333333333333333e-06
Ta10,20.909999999999997,9e-06
Ta10,20.97,1.4333333333333334e-05
Ta10,21.03,1.8e-05
Ta10,21.089999999999996,3.1333333333333334e-05
Ta10,21.15,4.5333333333333335e-05
Ta10,21.21,7.166666666666667e-05
Ta10,21.27,9.6e-05
Ta10,21.33,0.00013966666666666666
Ta10,21.39,0.000207
Ta10,21.45,0.00027333333333333333
Ta10,21.509999999999998,0.00038933333333333333
Ta10,21.57,0.0005243333333333334
Ta10,21.63,0.0007166666666666667
Ta10,21.689999999999998,0.000974
Ta10,21.75,0.001311
Ta10,21.81,0.001689
Ta10,21.869999999999997,0.002195
Ta10,21.93,0.002811
Ta10,21.990000000000002,0.0035923333333333332
Ta10,22.049999999999997,0.004516333333333333
Ta10,22.11,0.005579
Ta10,22.17,0.006878666666666667
Ta10,22.229999999999997,0.008426
Ta10,22.29,0.010057
Ta10,22.35,0.012024333333333333
Ta10,22.409999999999997,0.014267666666666666
Ta10,22.47,0.016442666666666668
Ta10,22.53,0.018925333333333332
Ta10,22.589999999999996,0.021587
Ta10,22.65,0.024275333333333333
Ta10,22.71,0.026912666666666668
Ta10,22.77,0.029809333333333334
Ta10,22.83,0.03221333333333333
Ta10,22.89,0.034821
Ta10,22.95,0.03711
Ta10,23.009999999999998,0.03895066666666667
Ta10,23.07,0.040515333333333334
Ta10,23.13,0.041994666666666666
Ta10,23.189999999999998,0.04235133333333333
Ta10,23.25,0.04276766666666667
Ta10,23.31,0.04261366666666667
Ta10,23.369999999999997,0.041639
Ta10,23.43,0.040738333333333335
Ta10,23.490000000000002,0.03879066666666667
Ta10,23.549999999999997,0.036982666666666664
Ta10,23.61,0.03470566666666667
Ta10,23.67,0.03209066666666667
Ta10,23.729999999999997,0.029392
Ta10,23.79,0.026631666666666668
Ta10,23.85,0.023806333333333332
Ta10,23.909999999999997,0.021031666666666667
Ta10,23.97,0.018571
Ta10,24.03,0.015983333333333332
Ta10,24.089999999999996,0.013532333333333334
Ta10,24.15,0.011648333333333333
Ta10,24.21,0.009551333333333334
Ta10,24.27,0.008004666666666667
Ta10,24.33,0.006471
Ta10,24.39,0.005212
Ta10,24.45,0.004151333333333333
Ta10,24.509999999999998,0.003253666666666667
Ta10,24.57,0.0024793333333333334
Ta10,24.63,0.0019326666666666667
Ta10,24.689999999999998,0.0014186666666666666
Ta10,24.75,0.0011073333333333334
Ta10,24.81,0.000789
Ta10,24.869999999999997,0.0005843333333333333
Ta10,24.93,0.00041266666666666665
Ta10,24.990000000000002,0.000296
Ta10,25.049999999999997,0.000205
Ta10,25.11,0.00013933333333333332
Ta10,25.17,9.7e-05
Ta10,25.229999999999997,6.666666666666667e-05
Ta10,25.29,4.233333333333333e-05
Ta10,25.35,3.366666666666667e-05
Ta10,25.409999999999997,1.9333333333333333e-05
Ta10,25.47,1.2333333333333333e-05
Ta10,25.53,7e-06
Ta10,25.589999999999996,6e-06
Ta10,25.65,2.333333333333333e-06
Ta10,25.71,2e-06
Ta10,25.77,1e-06
Cu10,20.07,3.3333333333333335e-07
Cu10,20.13,0.0
Cu10,20.189999999999998,0.0
Cu10,20.25,6.666666666666667e-07
Cu10,20.31,6.666666666666667e-07
Cu10,20.369999999999997,1.6666666666666667e-06
Cu10,20.43,3e-06
Cu10,20.490000000000002,3.3333333333333333e-06
Cu10,20.549999999999997,8e-06
Cu10,20.61,1.1e-05
Cu10,20.67,1.5e-05
Cu10,20.729999999999997,2.8333333333333332e-05
Cu10,20.79,3.8e-05
Cu10,20.85,6.2e-05
Cu10,20.909999999999997,8.766666666666667e-05
Cu10,20.97,0.000108
Cu10,21.03,0.00018233333333333334
Cu10,21.089999999999996,0.00024066666666666667
Cu10,21.15,0.0003223333333333333
Cu10,21.21,0.00045066666666666665
Cu10,21.27,0.0006226666666666667
Cu10,21.33,0.000833
Cu10,21.39,0.00111
Cu10,21.45,0.0014463333333333333
Cu10,21.509999999999998,0.0019053333333333333
Cu10,21.57,0.0024196666666666668
Cu10,21.63,0.003053
Cu10,21.689999999999998,0.003903666666666667
Cu10,21.75,0.004846333333333334
Cu10,21.81,0.0059306666666666666
Cu10,21.869999999999997,0.007332
Cu10,21.93,0.008875
Cu10,21.990000000000002,0.010510333333333333
Cu10,22.049999999999997,0.012504
Cu10,22.11,0.014637333333333334
Cu10,22.17,0.016883
Cu10,22.229999999999997,0.019305
Cu10,22.29,0.021959666666666666
Cu10,22.35,0.024490666666666668
Cu10,22.409999999999997,0.02714
Cu10,22.47,0.029936333333333332
Cu10,22.53,0.032093666666666666
Cu10,22.589999999999996,0.03467766666666667
Cu10,22.65,0.036925
Cu10,22.71,0.038469
Cu10,22.77,0.040183
Cu10,22.83,0.04133933333333333
Cu10,22.89,0.041687666666666665
Cu10,22.95,0.04223233333333333
Cu10,23.009999999999998,0.041876666666666666
Cu10,23.07,0.04090133333333333
Cu10,23.13,0.040065
Cu10,23.189999999999998,0.03826266666666667
Cu10,23.25,0.036307
Cu10,23.31,0.034221666666666664
Cu10,23.369999999999997,0.031657333333333336
Cu10,23.43,0.029104
Cu10,23.490000000000002,0.026368
Cu10,23.549999999999997,0.023708333333333335
Cu10,23.61,0.020898666666666666
Cu10,23.67,0.018558333333333333
Cu10,23.729999999999997,0.016010666666666666
Cu10,23.79,0.013656
Cu10,23.85,0.011746
Cu10,23.909999999999997,0.009719333333333333
Cu10,23.97,0.008100333333333333
Cu10,24.03,0.006674666666666666
Cu10,24.089999999999996,0.005315333333333333
Cu10,24.15,0.004305
Cu10,24.21,0.0033963333333333332
Cu10,24.27,0.0026076666666666666
Cu10,24.33,0.002021666666666667
Cu10,24.39,0.0015466666666666667
Cu10,24.45,0.0011766666666666666
Cu10,24.509999999999998,0.0008503333333333334
Cu10,24.57,0.0006266666666666666
Cu10,24.63,0.00045266666666666665
Cu10,24.689999999999998,0.00033033333333333336
Cu10,24.75,0.00023766666666666668
Cu10,24.81,0.00014733333333333333
Cu10,24.869999999999997,0.00010666666666666667
Cu10,24.93,7.733333333333333e-05
Cu10,24.990000000000002,5.266666666666667e-05
Cu10,25.049999999999997,3.633333333333333e-05
Cu10,25.11,2.4666666666666665e-05
Cu10,25.17,1.4666666666666666e-05
Cu10,25.229999999999997,8.333333333333334e-06
Cu10,25.29,5.333333333333334e-06
Cu10,25.35,4.666666666666666e-06
Cu10,25.409999999999997,2.333333333333333e-06
Cu10,25.47,6.666666666666667e-07
Cu10,25.53,6.666666666666667e-07
Al_degrader_E6_E5,17.25,9.090909090909091e-08
Al_degrader_E6_E5,17.310000000000002,0.0
Al_degrader_E6_E5,17.369999999999997,9.090909090909091e-08
Al_degrader_E6_E5,17.43,0.0
Al_degrader_E6_E5,17.490000000000002,1.8181818181818183e-07
Al_degrader_E6_E5,17.549999999999997,4.545454545454545e-07
Al_degrader_E6_E5,17.61,5.454545454545455e-07
Al_degrader_E6_E5,17.67,7.272727272727273e-07
Al_degrader_E6_E5,17.729999999999997,1.090909090909091e-06
Al_degrader_E6_E5,17.79,1.7272727272727273e-06
Al_degrader_E6_E5,17.85,3.4545454545454545e-06
Al_degrader_E6_E5,17.909999999999997,3.636363636363636e-06
Al_degrader_E6_E5,17.97,6.181818181818182e-06
Al_degrader_E6_E5,18.03,7e-06
Al_degrader_E6_E5,18.09,1.3818181818181818e-05
Al_degrader_E6_E5,18.15,1.6727272727272726e-05
Al_degrader_E6_E5,18.21,2.1363636363636362e-05
Al_degrader_E6_E5,18.27,2.9272727272727274e-05
Al_degrader_E6_E5,18.33,4.4e-05
Al_degrader_E6_E5,18.39,6.027272727272727e-05
Al_degrader_E6_E5,18.45,7.40909090909091e-05
Al_degrader_E6_E5,18.509999999999998,9.618181818181819e-05
Al_degrader_E6_E5,18.57,0.00012854545454545454
Al_degrader_E6_E5,18.63,0.000179
Al_degrader_E6_E5,18.689999999999998,0.00022836363636363636
Al_degrader_E6_E5,18.75,0.0002827272727272727
Al_degrader_E6_E5,18.81,0.00036
Al_degrader_E6_E5,18.869999999999997,0.0004587272727272727
Al_degrader_E6_E5,18.93,0.0005761818181818181
Al_degrader_E6_E5,18.990000000000002,0.0007160909090909091
Al_degrader_E6_E5,19.049999999999997,0.0008737272727272728
Al_degrader_E6_E5,19.11,0.0010736363636363636
Al_degrader_E6_E5,19.17,0.0013062727272727273
Al_degrader_E6_E5,19.229999999999997,0.0015828181818181818
Al_degrader_E6_E5,19.29,0.0019010909090909091
Al_degrader_E6_E5,19.35,0.002219909090909091
Al_degrader_E6_E5,19.409999999999997,0.002632818181818182
Al_degrader_E6_E5,19.47,0.0030737272727272727
Al_degrader_E6_E5,19.53,0.0035706363636363635
Al_degrader_E6_E5,19.59,0.0040898181818181814
Al_degrader_E6_E5,19.65,0.004695727272727272
Al_degrader_E6_E5,19.71,0.005332545454545454
Al_degrader_E6_E5,19.77,0.005974636363636363
Al_degrader_E6_E5,19.83,0.006725090909090909
Al_degrader_E6_E5,19.89,0.007447090909090909
Al_degrader_E6_E5,19.95,0.008222727272727272
Al_degrader_E6_E5,20.009999999999998,0.009023636363636364
Al_degrader_E6_E5,20.07,0.009840272727272727
Al_degrader_E6_E5,20.13,0.010689090909090909
Al_degrader_E6_E5,20.189999999999998,0.011459363636363636
Al_degrader_E6_E5,20.25,0.012331454545454545
Al_degrader_E6_E5,20.31,0.013099727272727273
Al_degrader_E6_E5,20.369999999999997,0.01389890909090909
Al_degrader_E6_E5,20.43,0.014597727272727273
Al_degrader_E6_E5,20.490000000000002,0.015331727272727273
Al_degrader_E6_E5,20.549999999999997,0.016031090909090908
Al_degrader_E6_E5,20.61,0.016638454545454547
Al_degrader_E6_E5,20.67,0.01723118181818182
Al_degrader_E6_E5,20.729999999999997,0.01772490909090909
Al_degrader_E6_E5,20.79,0.01826009090909091
Al_degrader_E6_E5,20.85,0.01872490909090909
Al_degrader_E6_E5,20.909999999999997,0.019090636363636365
Al_degrader_E6_E5,20.97,0.019349818181818183
Al_degrader_E6_E5,21.03,0.019780454545454546
Al_degrader_E6_E5,21.089999999999996,0.020034272727272727
Al_degrader_E6_E5,21.15,0.020299363636363636
Al_degrader_E6_E5,21.21,0.020457545454545454
Al_degrader_E6_E5,21.27,0.02060827272727273
Al_degrader_E6_E5,21.33,0.020799727272727272
Al_degrader_E6_E5,21.39,0.020908636363636365
Al_degrader_E6_E5,21.45,0.021020636363636363
Al_degrader_E6_E5,21.509999999999998,0.021086545454545455
Al_degrader_E6_E5,21.57,0.021061
Al_degrader_E6_E5,21.63,0.021183727272727274
Al_degrader_E6_E5,21.689999999999998,0.02112190909090909
Al_degrader_E6_E5,21.75,0.02107518181818182
Al_degrader_E6_E5,21.81,0.021098545454545453
Al_degrader_E6_E5,21.869999999999997,0.020992272727272727
Al_degrader_E6_E5,21.93,0.02083918181818182
Al_degrader_E6_E5,21.990000000000002,0.02058809090909091
Al_degrader_E6_E5,22.049999999999997,0.020461090909090908
Al_degrader_E6_E5,22.11,0.020202636363636364
Al_degrader_E6_E5,22.17,0.019854545454545455
Al_degrader_E6_E5,22.229999999999997,0.01943309090909091
Al_degrader_E6_E5,22.29,0.019010909090909092
Al_degrader_E6_E5,22.35,0.018540454545454544
Al_degrader_E6_E5,22.409999999999997,0.017944727272727272
Al_degrader_E6_E5,22.47,0.017301272727272728
Al_degrader_E6_E5,22.53,0.01656409090909091
Al_degrader_E6_E5,22.589999999999996,0.015829363636363638
Al_degrader_E6_E5,22.65,0.015036
Al_degrader_E6_E5,22.71,0.014129454545454546
Al_degrader_E6_E5,22.77,0.013224454545454546
Al_degrader_E6_E5,22.83,0.012325727272727273
Al_degrader_E6_E5,22.89,0.011354818181818181
Al_degrader_E6_E5,22.95,0.010406909090909092
Al_degrader_E6_E5,23.009999999999998,0.009429181818181817
Al_degrader_E6_E5,23.07,0.008496
Al_degrader_E6_E5,23.13,0.007619909090909091
Al_degrader_E6_E5,23.189999999999998,0.006746545454545455
Al_degrader_E6_E5,23.25,0.005896181818181818
Al_degrader_E6_E5,23.31,0.005123727272727273
Al_degrader_E6_E5,23.369999999999997,0.0044424545454545454
Al_degrader_E6_E5,23.43,0.003786818181818182
Al_degrader_E6_E5,23.490000000000002,0.0032011818181818183
Al_degrader_E6_E5,23.549999999999997,0.002672818181818182
Al_degrader_E6_E5,23.61,0.0022168181818181818
Al_degrader_E6_E5,23.67,0.0018299090909090908
Al_degrader_E6_E5,23.729999999999997,0.0014868181818181818
Al_degrader_E6_E5,23.79,0.0011743636363636364
Al_degrader_E6_E5,23.85,0.0009550909090909091
Al_degrader_E6_E5,23.909999999999997,0.0007445454545454545
Al_degrader_E6_E5,23.97,0.000567
Al_degrader_E6_E5,24.03,0.00043854545454545454
Al_degrader_E6_E5,24.089999999999996,0.0003371818181818182
Al_degrader_E6_E5,24.15,0.000257
Al_degrader_E6_E5,24.21,0.0001849090909090909
Al_degrader_E6_E5,24.27,0.00013263636363636364
Al_degrader_E6_E5,24.33,0.00010145454545454546
Al_degrader_E6_E5,24.39,7.054545454545455e-05
Al_degrader_E6_E5,24.45,5.090909090909091e-05
Al_degrader_E6_E5,24.509999999999998,3.236363636363636e-05
Al_degrader_E6_E5,24.57,2.5181818181818183e-05
Al_degrader_E6_E5,24.63,1.5818181818181818e-05
Al_degrader_E6_E5,24.689999999999998,1.190909090909091e-05
Al_degrader_E6_E5,24.75,7.727272727272727e-06
Al_degrader_E6_E5,24.81,5.909090909090909e-06
Al_degrader_E6_E5,24.869999999999997,2.5454545454545456e-06
Al_degrader_E6_E5,24.93,2.0909090909090907e-06
Al_degrader_E6_E5,24.990000000000002,1.3636363636363636e-06
Al_degrader_E6_E5,25.049999999999997,8.181818181818182e-07
Al_degrader_E6_E5,25.11,6.363636363636364e-07
Al_degrader_E6_E5,25.17,1.8181818181818183e-07
Al_degrader_E6_E5,25.229999999999997,1.8181818181818183e-07
Ni11,16.83,3.3333333333333335e-07
Ni11,16.89,0.0
Ni11,16.95,3.3333333333333335e-07
Ni11,17.009999999999998,3.3333333333333335e-07
Ni11,17.07,1.3333333333333334e-06
Ni11,17.13,1.3333333333333334e-06
Ni11,17.189999999999998,2.333333333333333e-06
Ni11,17.25,3e-06
Ni11,17.310000000000002,5e-06
Ni11,17.369999999999997,9.333333333333333e-06
Ni11,17.43,1.2e-05
Ni11,17.490000000000002,1.7333333333333332e-05
Ni11,17.549999999999997,2.5666666666666666e-05
Ni11,17.61,3.2e-05
Ni11,17.67,5.566666666666667e-05
Ni11,17.729999999999997,7.166666666666667e-05
Ni11,17.79,8.6e-05
Ni11,17.85,0.000138
Ni11,17.909999999999997,0.000184
Ni11,17.97,0.00024433333333333333
Ni11,18.03,0.000288
Ni11,18.09,0.0004186666666666667
Ni11,18.15,0.000533
Ni11,18.21,0.0007213333333333334
Ni11,18.27,0.0008896666666666666
Ni11,18.33,0.001188
Ni11,18.39,0.0014576666666666666
Ni11,18.45,0.0018456666666666667
Ni11,18.509999999999998,0.0022833333333333334
Ni11,18.57,0.0027976666666666666
Ni11,18.63,0.003527
Ni11,18.689999999999998,0.004217
Ni11,18.75,0.0050806666666666665
Ni11,18.81,0.006067
Ni11,18.869999999999997,0.007351333333333333
Ni11,18.93,0.008513666666666666
Ni11,18.990000000000002,0.009915
Ni11,19.049999999999997,0.011547666666666666
Ni11,19.11,0.013246
Ni11,19.17,0.015035333333333333
Ni11,19.229999999999997,0.016936666666666666
Ni11,19.29,0.019160666666666666
Ni11,19.35,0.021061333333333335
Ni11,19.409999999999997,0.023111
Ni11,19.47,0.025389666666666668
Ni11,19.53,0.027370666666666668
Ni11,19.59,0.02919566666666667
Ni11,19.65,0.03133433333333333
Ni11,19.71,0.032988333333333335
Ni11,19.77,0.03419333333333333
Ni11,19.83,0.03565533333333333
Ni11,19.89,0.036878
Ni11,19.95,0.03714833333333333
Ni11,20.009999999999998,0.037551
Ni11,20.07,0.03763866666666667
Ni11,20.13,0.037377
Ni11,20.189999999999998,0.03649633333333333
Ni11,20.25,0.03584866666666667
Ni11,20.31,0.034319666666666665
Ni11,20.369999999999997,0.03283233333333333
Ni11,20.43,0.031167
Ni11,20.490000000000002,0.029206333333333334
Ni11,20.549999999999997,0.027106333333333333
Ni11,20.61,0.024989333333333332
Ni11,20.67,0.022899
Ni11,20.729999999999997,0.020601666666666667
Ni11,20.79,0.018463
Ni11,20.85,0.016581666666666668
Ni11,20.909999999999997,0.014436666666666667
Ni11,20.97,0.012532333333333333
Ni11,21.03,0.011005666666666667
Ni11,21.089999999999996,0.009317666666666667
Ni11,21.15,0.007820333333333334
Ni11,21.21,0.006686666666666666
Ni11,21.27,0.005549666666666666
Ni11,21.33,0.004517333333333333
Ni11,21.39,0.003678
Ni11,21.45,0.002997333333333333
Ni11,21.509999999999998,0.002376333333333333
Ni11,21.57,0.0018546666666666666
Ni11,21.63,0.0014913333333333332
Ni11,21.689999999999998,0.001116
Ni11,21.75,0.0008603333333333333
Ni11,21.81,0.0006623333333333334
Ni11,21.869999999999997,0.000496
Ni11,21.93,0.0003573333333333333
Ni11,21.990000000000002,0.0002736666666666667
Ni11,22.049999999999997,0.00020033333333333334
Ni11,22.11,0.000127
Ni11,22.17,0.000103
Ni11,22.229999999999997,7.1e-05
Ni11,22.29,4.8e-05
Ni11,22.35,3.633333333333333e-05
Ni11,22.409999999999997,2.5e-05
Ni11,22.47,1.633333333333333e-05
Ni11,22.53,1.0666666666666667e-05
Ni11,22.589999999999996,6.333333333333333e-06
Ni11,22.65,5.333333333333334e-06
Ni11,22.71,2.333333333333333e-06
Ni11,22.77,2.333333333333333e-06
Ni11,22.83,6.666666666666667e-07
Ni11,22.89,6.666666666666667e-07
Sn11,16.71,3.3333333333333335e-07
Sn11,16.77,3.3333333333333335e-07
Sn11,16.83,6.666666666666667e-07
Sn11,16.89,3.3333333333333335e-07
Sn11,16.95,1.6666666666666667e-06
Sn11,17.009999999999998,2.666666666666667e-06
Sn11,17.07,4.333333333333333e-06
Sn11,17.13,6e-06
Sn11,17.189999999999998,8e-06
Sn11,17.25,1.3333333333333333e-05
Sn11,17.310000000000002,2.0333333333333334e-05
Sn11,17.369999999999997,3.1e-05
Sn11,17.43,4.233333333333333e-05
Sn11,17.490000000000002,5.5333333333333334e-05
Sn11,17.549999999999997,8.233333333333333e-05
Sn11,17.61,0.000116
Sn11,17.67,0.000154
Sn11,17.729999999999997,0.000197
Sn11,17.79,0.00027866666666666665
Sn11,17.85,0.00038
Sn11,17.909999999999997,0.00049
Sn11,17.97,0.000614
Sn11,18.03,0.000803
Sn11,18.09,0.0010683333333333332
Sn11,18.15,0.001374
Sn11,18.21,0.0017566666666666666
Sn11,18.27,0.002179
Sn11,18.33,0.002693
Sn11,18.39,0.0033076666666666667
Sn11,18.45,0.004014
Sn11,18.509999999999998,0.004938
Sn11,18.57,0.005935666666666666
Sn11,18.63,0.007107
Sn11,18.689999999999998,0.008385666666666666
Sn11,18.75,0.009915666666666666
Sn11,18.81,0.011520666666666667
Sn11,18.869999999999997,0.013330333333333333
Sn11,18.93,0.015190666666666667
Sn11,18.990000000000002,0.017114666666666667
Sn11,19.049999999999997,0.019255
Sn11,19.11,0.021309666666666668
Sn11,19.17,0.023557333333333333
Sn11,19.229999999999997,0.025845333333333335
Sn11,19.29,0.028036666666666668
Sn11,19.35,0.030110666666666668
Sn11,19.409999999999997,0.031967333333333334
Sn11,19.47,0.033626333333333334
Sn11,19.53,0.035143
Sn11,19.59,0.036632
Sn11,19.65,0.037593666666666664
Sn11,19.71,0.038137
Sn11,19.77,0.038473
Sn11,19.83,0.03854933333333333
Sn11,19.89,0.03799966666666667
Sn11,19.95,0.037143
Sn11,20.009999999999998,0.036003
Sn11,20.07,0.03474766666666667
Sn11,20.13,0.033125
Sn11,20.189999999999998,0.03126866666666667
Sn11,20.25,0.029101666666666668
Sn11,20.31,0.026712666666666666
Sn11,20.369999999999997,0.024643666666666668
Sn11,20.43,0.022351666666666666
Sn11,20.490000000000002,0.020099333333333334
Sn11,20.549999999999997,0.017924333333333334
Sn11,20.61,0.015806
Sn11,20.67,0.013765333333333333
Sn11,20.729999999999997,0.011961666666666667
Sn11,20.79,0.010300333333333333
Sn11,20.85,0.00875
Sn11,20.909999999999997,0.007288666666666666
Sn11,20.97,0.006108333333333334
Sn11,21.03,0.005046666666666666
Sn11,21.089999999999996,0.004042666666666667
Sn11,21.15,0.00328
Sn11,21.21,0.002615
Sn11,21.27,0.00206
Sn11,21.33,0.001618
Sn11,21.39,0.0012416666666666667
Sn11,21.45,0.000956
Sn11,21.509999999999998,0.0007313333333333333
Sn11,21.57,0.000552
Sn11,21.63,0.00039766666666666667
Sn11,21.689999999999998,0.000282
Sn11,21.75,0.000201
Sn11,21.81,0.00015066666666666668
Sn11,21.869999999999997,0.000106
Sn11,21.93,7.633333333333334e-05
Sn11,21.990000000000002,6.366666666666666e-05
Sn11,22.049999999999997,3.733333333333333e-05
Sn11,22.11,2.4666666666666665e-05
Sn11,22.17,1.6e-05
Sn11,22.229999999999997,1.1333333333333334e-05
Sn11,22.29,8.666666666666666e-06
Sn11,22.35,4.666666666666666e-06
Sn11,22.409999999999997,4.666666666666666e-06
Sn11,22.47,1.3333333333333334e-06
Sn11,22.53,1e-06
Ta11,16.35,3.3333333333333335e-07
Ta11,16.409999999999997,0.0
Ta11,16.47,3.3333333333333335e-07
Ta11,16.53,3.3333333333333335e-07
Ta11,16.59,1.3333333333333334e-06
Ta11,16.65,1.6666666666666667e-06
Ta11,16.71,2e-06
Ta11,16.77,4e-06
Ta11,16.83,5.333333333333334e-06
Ta11,16.89,8e-06
Ta11,16.95,1.4e-05
Ta11,17.009999999999998,1.6666666666666667e-05
Ta11,17.07,2.5666666666666666e-05
Ta11,17.13,3.4e-05
Ta11,17.189999999999998,6.0666666666666666e-05
Ta11,17.25,6.766666666666667e-05
Ta11,17.310000000000002,9.233333333333333e-05
Ta11,17.369999999999997,0.000129
Ta11,17.43,0.000186
Ta11,17.490000000000002,0.000231
Ta11,17.549999999999997,0.00030533333333333335
Ta11,17.61,0.0004153333333333333
Ta11,17.67,0.000531
Ta11,17.729999999999997,0.0006833333333333333
Ta11,17.79,0.0009153333333333333
Ta11,17.85,0.001141
Ta11,17.909999999999997,0.0014283333333333333
Ta11,17.97,0.0018156666666666666
Ta11,18.03,0.0022266666666666667
Ta11,18.09,0.002783
Ta11,18.15,0.00337
Ta11,18.21,0.004123
Ta11,18.27,0.0049503333333333335
Ta11,18.33,0.005939
Ta11,18.39,0.0070413333333333335
Ta11,18.45,0.008363333333333334
Ta11,18.509999999999998,0.009685333333333334
Ta11,18.57,0.011213333333333334
Ta11,18.63,0.012927333333333334
Ta11,18.689999999999998,0.014694
Ta11,18.75,0.016570333333333333
Ta11,18.81,0.018574
Ta11,18.869999999999997,0.020621
Ta11,18.93,0.022631666666666668
Ta11,18.990000000000002,0.024825666666666666
Ta11,19.049999999999997,0.026867333333333333
Ta11,19.11,0.028678
Ta11,19.17,0.030637
Ta11,19.229999999999997,0.03247666666666667
Ta11,19.29,0.033850333333333336
Ta11,19.35,0.03511466666666667
Ta11,19.409999999999997,0.036345666666666665
Ta11,19.47,0.03693333333333333
Ta11,19.53,0.037123666666666666
Ta11,19.59,0.03777866666666667
Ta11,19.65,0.03711866666666667
Ta11,19.71,0.036542
Ta11,19.77,0.035906
Ta11,19.83,0.034576333333333334
Ta11,19.89,0.032984
Ta11,19.95,0.03146566666666667
Ta11,20.009999999999998,0.029504666666666665
Ta11,20.07,0.027635
Ta11,20.13,0.025531
Ta11,20.189999999999998,0.023297
Ta11,20.25,0.021183333333333332
Ta11,20.31,0.018989333333333334
Ta11,20.369999999999997,0.016997
Ta11,20.43,0.015039666666666666
Ta11,20.490000000000002,0.013073333333333333
Ta11,20.549999999999997,0.011428
Ta11,20.61,0.009843
Ta11,20.67,0.008219666666666667
Ta11,20.729999999999997,0.007108666666666667
Ta11,20.79,0.005890333333333333
Ta11,20.85,0.004836333333333333
Ta11,20.909999999999997,0.003926333333333334
Ta11,20.97,0.0032273333333333334
Ta11,21.03,0.0025803333333333334
Ta11,21.089999999999996,0.0020513333333333334
Ta11,21.15,0.0016193333333333333
Ta11,21.21,0.0012146666666666666
Ta11,21.27,0.000982
Ta11,21.33,0.0007336666666666666
Ta11,21.39,0.0005523333333333334
Ta11,21.45,0.0004153333333333333
Ta11,21.509999999999998,0.0002976666666666667
Ta11,21.57,0.00023133333333333334
Ta11,21.63,0.000148
Ta11,21.689999999999998,0.00012233333333333334
Ta11,21.75,8.266666666666667e-05
Ta11,21.81,5.9e-05
Ta11,21.869999999999997,4e-05
Ta11,21.93,2.9333333333333333e-05
Ta11,21.990000000000002,2.1e-05
Ta11,22.049999999999997,1.4e-05
Ta11,22.11,7.666666666666667e-06
Ta11,22.17,6.333333333333333e-06
Ta11,22.229999999999997,4.333333333333333e-06
Ta11,22.29,1.6666666666666667e-06
Ta11,22.35,1.6666666666666667e-06
Ta11,22.409999999999997,1e-06
Cu11,15.87,3.3333333333333335e-07
Cu11,15.93,0.0
Cu11,15.989999999999998,0.0
Cu11,16.049999999999997,3.3333333333333335e-07
Cu11,16.11,3.3333333333333335e-07
Cu11,16.17,1e-06
Cu11,16.229999999999997,2e-06
Cu11,16.29,1.3333333333333334e-06
Cu11,16.35,3.6666666666666666e-06
Cu11,16.409999999999997,4.333333333333333e-06
Cu11,16.47,8.333333333333334e-06
Cu11,16.53,1.2333333333333333e-05
Cu11,16.59,1.3333333333333333e-05
Cu11,16.65,2.1666666666666667e-05
Cu11,16.71,2.9333333333333333e-05
Cu11,16.77,5.066666666666667e-05
Cu11,16.83,6.1e-05
Cu11,16.89,8e-05
Cu11,16.95,0.00010566666666666667
Cu11,17.009999999999998,0.00015833333333333332
Cu11,17.07,0.000198
Cu11,17.13,0.000267
Cu11,17.189999999999998,0.00033466666666666665
Cu11,17.25,0.000452
Cu11,17.310000000000002,0.0005916666666666667
Cu11,17.369999999999997,0.0007366666666666667
Cu11,17.43,0.000974
Cu11,17.490000000000002,0.0012026666666666668
Cu11,17.549999999999997,0.0015386666666666667
Cu11,17.61,0.001881
Cu11,17.67,0.002333
Cu11,17.729999999999997,0.0028343333333333332
Cu11,17.79,0.003534
Cu11,17.85,0.004197333333333333
Cu11,17.909999999999997,0.005025333333333333
Cu11,17.97,0.006024333333333333
Cu11,18.03,0.0071593333333333335
Cu11,18.09,0.008309666666666667
Cu11,18.15,0.009672333333333333
Cu11,18.21,0.011166
Cu11,18.27,0.012794666666666666
Cu11,18.33,0.014489
Cu11,18.39,0.016247666666666667
Cu11,18.45,0.018395333333333333
Cu11,18.509999999999998,0.020139333333333332
Cu11,18.57,0.022093666666666668
Cu11,18.63,0.024256666666666666
Cu11,18.689999999999998,0.026278666666666665
Cu11,18.75,0.027963666666666668
Cu11,18.81,0.029908333333333332
Cu11,18.869999999999997,0.03164533333333333
Cu11,18.93,0.033029666666666666
Cu11,18.990000000000002,0.03420033333333333
Cu11,19.049999999999997,0.035542333333333335
Cu11,19.11,0.03618
Cu11,19.17,0.03633433333333334
Cu11,19.229999999999997,0.03693866666666667
Cu11,19.29,0.036635
Cu11,19.35,0.035898
Cu11,19.409999999999997,0.03557866666666667
Cu11,19.47,0.034340666666666665
Cu11,19.53,0.03278366666666667
Cu11,19.59,0.031577666666666664
Cu11,19.65,0.029686666666666667
Cu11,19.71,0.0278
Cu11,19.77,0.025897
Cu11,19.83,0.023804666666666665
Cu11,19.89,0.021723333333333334
Cu11,19.95,0.019651666666666668
Cu11,20.009999999999998,0.017505
Cu11,20.07,0.015793
Cu11,20.13,0.013826333333333333
Cu11,20.189999999999998,0.011957666666666667
Cu11,20.25,0.010548
Cu11,20.31,0.008970333333333334
Cu11,20.369999999999997,0.007552666666666667
Cu11,20.43,0.006472333333333333
Cu11,20.490000000000002,0.0053753333333333335
Cu11,20.549999999999997,0.004381
Cu11,20.61,0.003634333333333333
Cu11,20.67,0.0029406666666666665
Cu11,20.729999999999997,0.002318
Cu11,20.79,0.001865
Cu11,20.85,0.0014973333333333334
Cu11,20.909999999999997,0.0011196666666666666
Cu11,20.97,0.0008886666666666666
Cu11,21.03,0.0006663333333333333
Cu11,21.089999999999996,0.000518
Cu11,21.15,0.000372
Cu11,21.21,0.000284
Cu11,21.27,0.00021133333333333334
Cu11,21.33,0.00014233333333333334
Cu11,21.39,0.00010833333333333333
Cu11,21.45,7.7e-05
Cu11,21.509999999999998,5.466666666666667e-05
Cu11,21.57,3.866666666666667e-05
Cu11,21.63,2.5333333333333334e-05
Cu11,21.689999999999998,2.1666666666666667e-05
Cu11,21.75,1.2333333333333333e-05
Cu11,21.81,8e-06
Cu11,21.869999999999997,5.333333333333334e-06
Cu11,21.93,4e-06
Cu11,21.990000000000002,2e-06
Cu11,22.049999999999997,1.6666666666666667e-06
Cu11,22.11,6.666666666666667e-07
Cu11,22.17,3.3333333333333335e-07
Al_degrader_E8_E7,12.329999999999998,6.666666666666667e-08
Al_degrader_E8_E7,12.39,0.0
Al_degrader_E8_E7,12.45,0.0
Al_degrader_E8_E7,12.51,6.666666666666667e-08
Al_degrader_E8_E7,12.57,0.0
Al_degrader_E8_E7,12.629999999999999,6.666666666666667e-08
Al_degrader_E8_E7,12.69,2.6666666666666667e-07
Al_degrader_E8_E7,12.75,1.3333333333333334e-07
Al_degrader_E8_E7,12.809999999999999,4e-07
Al_degrader_E8_E7,12.870000000000001,4e-07
Al_degrader_E8_E7,12.93,5.333333333333333e-07
Al_degrader_E8_E7,12.989999999999998,8e-07
Al_degrader_E8_E7,13.05,1.4e-06
Al_degrader_E8_E7,13.11,1.8e-06
Al_degrader_E8_E7,13.169999999999998,2.2e-06
Al_degrader_E8_E7,13.23,3.2e-06
Al_degrader_E8_E7,13.29,4.4e-06
Al_degrader_E8_E7,13.35,4.866666666666667e-06
Al_degrader_E8_E7,13.41,9e-06
Al_degrader_E8_E7,13.469999999999999,9.333333333333333e-06
Al_degrader_E8_E7,13.53,1.2333333333333333e-05
Al_degrader_E8_E7,13.59,1.5133333333333333e-05
Al_degrader_E8_E7,13.649999999999999,2.16e-05
Al_degrader_E8_E7,13.71,2.8733333333333335e-05
Al_degrader_E8_E7,13.77,3.486666666666667e-05
Al_degrader_E8_E7,13.829999999999998,4.6133333333333334e-05
Al_degrader_E8_E7,13.89,5.213333333333333e-05
Al_degrader_E8_E7,13.95,7.02e-05
Al_degrader_E8_E7,14.009999999999998,8.946666666666667e-05
Al_degrader_E8_E7,14.07,0.000112
Al_degrader_E8_E7,14.129999999999999,0.00013433333333333334
Al_degrader_E8_E7,14.19,0.000174
Al_degrader_E8_E7,14.25,0.00020826666666666667
Al_degrader_E8_E7,14.309999999999999,0.00025433333333333335
Al_degrader_E8_E7,14.37,0.00030293333333333334
Al_degrader_E8_E7,14.43,0.0003758
Al_degrader_E8_E7,14.489999999999998,0.0004496
Al_degrader_E8_E7,14.55,0.0005286
Al_degrader_E8_E7,14.61,0.0006427333333333333
Al_degrader_E8_E7,14.669999999999998,0.0007552
Al_degrader_E8_E7,14.73,0.0008935333333333333
Al_degrader_E8_E7,14.79,0.0010400666666666666
Al_degrader_E8_E7,14.85,0.0012333333333333332
Al_degrader_E8_E7,14.91,0.0014382
Al_degrader_E8_E7,14.969999999999999,0.0016408
Al_degrader_E8_E7,15.03,0.0018855333333333334
Al_degrader_E8_E7,15.09,0.002178666666666667
Al_degrader_E8_E7,15.149999999999999,0.002479466666666667
Al_degrader_E8_E7,15.21,0.0027993333333333334
Al_degrader_E8_E7,15.27,0.0031318
Al_degrader_E8_E7,15.329999999999998,0.0035534
Al_degrader_E8_E7,15.39,0.0039768
Al_degrader_E8_E7,15.45,0.004394866666666667
Al_degrader_E8_E7,15.509999999999998,0.004855666666666667
Al_degrader_E8_E7,15.57,0.0053758
Al_degrader_E8_E7,15.629999999999999,0.005914666666666667
Al_degrader_E8_E7,15.69,0.0064102
Al_degrader_E8_E7,15.75,0.006945533333333333
Al_degrader_E8_E7,15.809999999999999,0.007565533333333333
Al_degrader_E8_E7,15.87,0.008177533333333334
Al_degrader_E8_E7,15.93,0.008728466666666667
Al_degrader_E8_E7,15.989999999999998,0.009261333333333333
Al_degrader_E8_E7,16.049999999999997,0.009956866666666666
Al_degrader_E8_E7,16.11,0.0105664
Al_degrader_E8_E7,16.17,0.011069133333333333
Al_degrader_E8_E7,16.229999999999997,0.0116262
Al_degrader_E8_E7,16.29,0.012289266666666666
Al_degrader_E8_E7,16.35,0.0128034
Al_degrader_E8_E7,16.409999999999997,0.0132434
Al_degrader_E8_E7,16.47,0.013782
Al_degrader_E8_E7,16.53,0.014337666666666667
Al_degrader_E8_E7,16.59,0.014722466666666666
Al_degrader_E8_E7,16.65,0.015053266666666667
Al_degrader_E8_E7,16.71,0.015544133333333333
Al_degrader_E8_E7,16.77,0.015944066666666666
Al_degrader_E8_E7,16.83,0.016208933333333335
Al_degrader_E8_E7,16.89,0.0164622
Al_degrader_E8_E7,16.95,0.016847066666666667
Al_degrader_E8_E7,17.009999999999998,0.017125
Al_degrader_E8_E7,17.07,0.017229066666666668
Al_degrader_E8_E7,17.13,0.0174644
Al_degrader_E8_E7,17.189999999999998,0.0177584
Al_degrader_E8_E7,17.25,0.017859533333333334
Al_degrader_E8_E7,17.310000000000002,0.017896733333333335
Al_degrader_E8_E7,17.369999999999997,0.018129933333333334
Al_degrader_E8_E7,17.43,0.018301266666666666
Al_degrader_E8_E7,17.490000000000002,0.018292466666666667
Al_degrader_E8_E7,17.549999999999997,0.018308466666666665
Al_degrader_E8_E7,17.61,0.018517133333333335
Al_degrader_E8_E7,17.67,0.0184872
Al_degrader_E8_E7,17.729999999999997,0.0184248
Al_degrader_E8_E7,17.79,0.0184868
Al_degrader_E8_E7,17.85,0.018550066666666667
Al_degrader_E8_E7,17.909999999999997,0.018442
Al_degrader_E8_E7,17.97,0.018285
Al_degrader_E8_E7,18.03,0.018356933333333332
Al_degrader_E8_E7,18.09,0.0181828
Al_degrader_E8_E7,18.15,0.017937933333333333
Al_degrader_E8_E7,18.21,0.0178186
Al_degrader_E8_E7,18.27,0.017648666666666667
Al_degrader_E8_E7,18.33,0.017342466666666667
Al_degrader_E8_E7,18.39,0.016970533333333333
Al_degrader_E8_E7,18.45,0.016760866666666666
Al_degrader_E8_E7,18.509999999999998,0.016321866666666667
Al_degrader_E8_E7,18.57,0.0157956
Al_degrader_E8_E7,18.63,0.015418666666666667
Al_degrader_E8_E7,18.689999999999998,0.014952933333333333
Al_degrader_E8_E7,18.75,0.014263066666666666
Al_degrader_E8_E7,18.81,0.013714733333333333
Al_degrader_E8_E7,18.869999999999997,0.013097933333333334
Al_degrader_E8_E7,18.93,0.012441266666666667
Al_degrader_E8_E7,18.990000000000002,0.011700866666666667
Al_degrader_E8_E7,19.049999999999997,0.011050066666666667
Al_degrader_E8_E7,19.11,0.010318266666666666
Al_degrader_E8_E7,19.17,0.009527133333333333
Al_degrader_E8_E7,19.229999999999997,0.008824
Al_degrader_E8_E7,19.29,0.0081188
Al_degrader_E8_E7,19.35,0.0073602
Al_degrader_E8_E7,19.409999999999997,0.006684266666666667
Al_degrader_E8_E7,19.47,0.0060248666666666666
Al_degrader_E8_E7,19.53,0.0053872
Al_degrader_E8_E7,19.59,0.004748533333333333
Al_degrader_E8_E7,19.65,0.0042054
Al_degrader_E8_E7,19.71,0.003692266666666667
Al_degrader_E8_E7,19.77,0.0031801333333333335
Al_degrader_E8_E7,19.83,0.002745333333333333
Al_degrader_E8_E7,19.89,0.0023708
Al_degrader_E8_E7,19.95,0.0019966666666666666
Al_degrader_E8_E7,20.009999999999998,0.0016632
Al_degrader_E8_E7,20.07,0.001422
Al_degrader_E8_E7,20.13,0.0011634
Al_degrader_E8_E7,20.189999999999998,0.0009526
Al_degrader_E8_E7,20.25,0.0007743333333333334
Al_degrader_E8_E7,20.31,0.0006348666666666666
Al_degrader_E8_E7,20.369999999999997,0.000502
Al_degrader_E8_E7,20.43,0.00039486666666666665
Al_degrader_E8_E7,20.490000000000002,0.0003166
Al_degrader_E8_E7,20.549999999999997,0.00023773333333333333
Al_degrader_E8_E7,20.61,0.0001886
Al_degrader_E8_E7,20.67,0.000143
Al_degrader_E8_E7,20.729999999999997,0.00010786666666666667
Al_degrader_E8_E7,20.79,8.166666666666667e-05
Al_degrader_E8_E7,20.85,6.06e-05
Al_degrader_E8_E7,20.909999999999997,4.4533333333333336e-05
Al_degrader_E8_E7,20.97,3.16e-05
Al_degrader_E8_E7,21.03,2.32e-05
Al_degrader_E8_E7,21.089999999999996,1.62e-05
Al_degrader_E8_E7,21.15,1.24e-05
Al_degrader_E8_E7,21.21,8.533333333333334e-06
Al_degrader_E8_E7,21.27,5.6e-06
Al_degrader_E8_E7,21.33,4.4666666666666665e-06
Al_degrader_E8_E7,21.39,2.9333333333333333e-06
Al_degrader_E8_E7,21.45,1.4e-06
Al_degrader_E8_E7,21.509999999999998,1.5333333333333334e-06
Al_degrader_E8_E7,21.57,8.666666666666667e-07
Al_degrader_E8_E7,21.63,4e-07
Al_degrader_E8_E7,21.689999999999998,4.6666666666666666e-07
Al_degrader_E8_E7,21.75,1.3333333333333334e-07
Al_degrader_E8_E7,21.81,1.3333333333333334e-07
Ni12,11.79,3.3333333333333335e-07
Ni12,11.85,0.0
Ni12,11.91,0.0
Ni12,11.969999999999999,3.3333333333333335e-07
Ni12,12.03,0.0
Ni12,12.09,1e-06
Ni12,12.149999999999999,6.666666666666667e-07
Ni12,12.21,1.3333333333333334e-06
Ni12,12.27,1.6666666666666667e-06
Ni12,12.329999999999998,2.333333333333333e-06
Ni12,12.39,2.666666666666667e-06
Ni12,12.45,4e-06
Ni12,12.51,8.333333333333334e-06
Ni12,12.57,1e-05
Ni12,12.629999999999999,9.333333333333333e-06
Ni12,12.69,1.6e-05
Ni12,12.75,2.0666666666666666e-05
Ni12,12.809999999999999,2.5e-05
Ni12,12.870000000000001,4.3666666666666666e-05
Ni12,12.93,4.433333333333333e-05
Ni12,12.989999999999998,5.966666666666667e-05
Ni12,13.05,6.8e-05
Ni12,13.11,9.8e-05
Ni12,13.169999999999998,0.00013633333333333333
Ni12,13.23,0.00015633333333333333
Ni12,13.29,0.000213
Ni12,13.35,0.000229
Ni12,13.41,0.000319
Ni12,13.469999999999999,0.00039233333333333335
Ni12,13.53,0.00048166666666666665
Ni12,13.59,0.000597
Ni12,13.649999999999999,0.000717
Ni12,13.71,0.000895
Ni12,13.77,0.0010576666666666666
Ni12,13.829999999999998,0.001329
Ni12,13.89,0.0015523333333333333
Ni12,13.95,0.001824
Ni12,14.009999999999998,0.0021873333333333332
Ni12,14.07,0.002619
Ni12,14.129999999999999,0.003047
Ni12,14.19,0.0035923333333333332
Ni12,14.25,0.004179
Ni12,14.309999999999999,0.004834
Ni12,14.37,0.005546666666666667
Ni12,14.43,0.006472333333333333
Ni12,14.489999999999998,0.007245333333333334
Ni12,14.55,0.008205333333333334
Ni12,14.61,0.009353
Ni12,14.669999999999998,0.010460333333333334
Ni12,14.73,0.011603
Ni12,14.79,0.012856333333333334
Ni12,14.85,0.014259
Ni12,14.91,0.015746
Ni12,14.969999999999999,0.016987
Ni12,15.03,0.018397666666666666
Ni12,15.09,0.019939333333333333
Ni12,15.149999999999999,0.021469666666666668
Ni12,15.21,0.022768666666666666
Ni12,15.27,0.023992666666666666
Ni12,15.329999999999998,0.025447
Ni12,15.39,0.026795666666666666
Ni12,15.45,0.027803333333333333
Ni12,15.509999999999998,0.028684333333333333
Ni12,15.57,0.029693666666666667
Ni12,15.629999999999999,0.030506
Ni12,15.69,0.030906333333333334
Ni12,15.75,0.031023
Ni12,15.809999999999999,0.031456
Ni12,15.87,0.03142533333333333
Ni12,15.93,0.031082666666666668
Ni12,15.989999999999998,0.030515333333333332
Ni12,16.049999999999997,0.030240333333333334
Ni12,16.11,0.029311
Ni12,16.17,0.028114666666666666
Ni12,16.229999999999997,0.027204
Ni12,16.29,0.026008
Ni12,16.35,0.024628666666666667
Ni12,16.409999999999997,0.023093666666666665
Ni12,16.47,0.021774
Ni12,16.53,0.020261666666666667
Ni12,16.59,0.018705333333333334
Ni12,16.65,0.017052666666666667
Ni12,16.71,0.015586333333333334
Ni12,16.77,0.014213
Ni12,16.83,0.012852
Ni12,16.89,0.011288333333333333
Ni12,16.95,0.010098333333333334
Ni12,17.009999999999998,0.009041666666666667
Ni12,17.07,0.0077863333333333335
Ni12,17.13,0.006737
Ni12,17.189999999999998,0.005884333333333333
Ni12,17.25,0.005081
Ni12,17.310000000000002,0.004234666666666667
Ni12,17.369999999999997,0.003622
Ni12,17.43,0.0030076666666666667
Ni12,17.490000000000002,0.0025293333333333335
Ni12,17.549999999999997,0.002072
Ni12,17.61,0.0017203333333333333
Ni12,17.67,0.00137
Ni12,17.729999999999997,0.001104
Ni12,17.79,0.0008943333333333334
Ni12,17.85,0.0007036666666666667
Ni12,17.909999999999997,0.0005593333333333333
Ni12,17.97,0.0004426666666666667
Ni12,18.03,0.000331
Ni12,18.09,0.00026366666666666666
Ni12,18.15,0.000202
Ni12,18.21,0.000142
Ni12,18.27,0.00010866666666666666
Ni12,18.33,8.866666666666666e-05
Ni12,18.39,6.3e-05
Ni12,18.45,4.5e-05
Ni12,18.509999999999998,3.4666666666666665e-05
Ni12,18.57,2.3666666666666668e-05
Ni12,18.63,1.9e-05
Ni12,18.689999999999998,1.3333333333333333e-05
Ni12,18.75,8.666666666666666e-06
Ni12,18.81,6.333333333333333e-06
Ni12,18.869999999999997,3e-06
Ni12,18.93,4.666666666666666e-06
Ni12,18.990000000000002,1e-06
Ni12,19.049999999999997,1.6666666666666667e-06
Ni12,19.11,3.3333333333333335e-07
Ni12,19.17,6.666666666666667e-07
Sn12,11.61,3.3333333333333335e-07
Sn12,11.669999999999998,3.3333333333333335e-07
Sn12,11.73,0.0
Sn12,11.79,6.666666666666667e-07
Sn12,11.85,0.0
Sn12,11.91,3.3333333333333335e-07
Sn12,11.969999999999999,1.3333333333333334e-06
Sn12,12.03,1.6666666666666667e-06
Sn12,12.09,3e-06
Sn12,12.149999999999999,5e-06
Sn12,12.21,3.6666666666666666e-06
Sn12,12.27,7e-06
Sn12,12.329999999999998,8e-06
Sn12,12.39,1.3333333333333333e-05
Sn12,12.45,1.6666666666666667e-05
Sn12,12.51,2.4333333333333333e-05
Sn12,12.57,2.966666666666667e-05
Sn12,12.629999999999999,3.4e-05
Sn12,12.69,5.5333333333333334e-05
Sn12,12.75,6.666666666666667e-05
Sn12,12.809999999999999,9.3e-05
Sn12,12.870000000000001,0.00011333333333333333
Sn12,12.93,0.00012866666666666666
Sn12,12.989999999999998,0.000172
Sn12,13.05,0.00022166666666666667
Sn12,13.11,0.00028033333333333333
Sn12,13.169999999999998,0.000353
Sn12,13.23,0.000429
Sn12,13.29,0.0005323333333333333
Sn12,13.35,0.000635
Sn12,13.41,0.000801
Sn12,13.469999999999999,0.0009866666666666667
Sn12,13.53,0.0012276666666666666
Sn12,13.59,0.0014693333333333333
Sn12,13.649999999999999,0.001748
Sn12,13.71,0.002059333333333333
Sn12,13.77,0.002473
Sn12,13.829999999999998,0.0028903333333333333
Sn12,13.89,0.0033473333333333332
Sn12,13.95,0.0039566666666666665
Sn12,14.009999999999998,0.004635666666666666
Sn12,14.07,0.005368
Sn12,14.129999999999999,0.006150333333333333
Sn12,14.19,0.007047333333333333
Sn12,14.25,0.008175333333333333
Sn12,14.309999999999999,0.009185333333333334
Sn12,14.37,0.010279666666666666
Sn12,14.43,0.011593
Sn12,14.489999999999998,0.012804
Sn12,14.55,0.014164666666666667
Sn12,14.61,0.015577333333333334
Sn12,14.669999999999998,0.016932666666666665
Sn12,14.73,0.018497
Sn12,14.79,0.020019333333333333
Sn12,14.85,0.021558333333333332
Sn12,14.91,0.02303
Sn12,14.969999999999999,0.024360333333333335
Sn12,15.03,0.025869333333333334
Sn12,15.09,0.027067
Sn12,15.149999999999999,0.028175333333333333
Sn12,15.21,0.029089666666666666
Sn12,15.27,0.030140333333333335
Sn12,15.329999999999998,0.030970333333333332
Sn12,15.39,0.031341666666666664
Sn12,15.45,0.03185966666666667
Sn12,15.509999999999998,0.03199266666666667
Sn12,15.57,0.031917
Sn12,15.629999999999999,0.03168
Sn12,15.69,0.031106666666666668
Sn12,15.75,0.030462
Sn12,15.809999999999999,0.029565666666666667
Sn12,15.87,0.028573
Sn12,15.93,0.027461333333333334
Sn12,15.989999999999998,0.026237
Sn12,16.049999999999997,0.024720666666666665
Sn12,16.11,0.023243333333333335
Sn12,16.17,0.021614666666666667
Sn12,16.229999999999997,0.020161333333333333
Sn12,16.29,0.018535
Sn12,16.35,0.016971333333333335
Sn12,16.409999999999997,0.015375
Sn12,16.47,0.013942
Sn12,16.53,0.012528
Sn12,16.59,0.011086
Sn12,16.65,0.009849666666666666
Sn12,16.71,0.008666
Sn12,16.77,0.007564666666666667
Sn12,16.83,0.006529666666666666
Sn12,16.89,0.005595333333333333
Sn12,16.95,0.004802666666666667
Sn12,17.009999999999998,0.004041
Sn12,17.07,0.00336
Sn12,17.13,0.0028266666666666666
Sn12,17.189999999999998,0.0023123333333333333
Sn12,17.25,0.0019226666666666667
Sn12,17.310000000000002,0.001536
Sn12,17.369999999999997,0.0012593333333333334
Sn12,17.43,0.0009963333333333332
Sn12,17.490000000000002,0.0008073333333333333
Sn12,17.549999999999997,0.0006436666666666666
Sn12,17.61,0.0005036666666666667
Sn12,17.67,0.000379
Sn12,17.729999999999997,0.00028566666666666665
Sn12,17.79,0.000214
Sn12,17.85,0.00016666666666666666
Sn12,17.909999999999997,0.000127
Sn12,17.97,9.8e-05
Sn12,18.03,7.066666666666667e-05
Sn12,18.09,5.466666666666667e-05
Sn12,18.15,3.933333333333333e-05
Sn12,18.21,2.9333333333333333e-05
Sn12,18.27,2.0333333333333334e-05
Sn12,18.33,1.3333333333333333e-05
Sn12,18.39,1e-05
Sn12,18.45,7.333333333333333e-06
Sn12,18.509999999999998,6e-06
Sn12,18.57,3.6666666666666666e-06
Sn12,18.63,3e-06
Sn12,18.689999999999998,1e-06
Sn12,18.75,6.666666666666667e-07
Ta12,11.129999999999999,3.3333333333333335e-07
Ta12,11.19,0.0
Ta12,11.25,0.0
Ta12,11.309999999999999,3.3333333333333335e-07
Ta12,11.370000000000001,3.3333333333333335e-07
Ta12,11.43,0.0
Ta12,11.489999999999998,6.666666666666667e-07
Ta12,11.55,1e-06
Ta12,11.61,2.666666666666667e-06
Ta12,11.669999999999998,1e-06
Ta12,11.73,2.333333333333333e-06
Ta12,11.79,4e-06
Ta12,11.85,5.333333333333334e-06
Ta12,11.91,6.333333333333333e-06
Ta12,11.969999999999999,1.1666666666666666e-05
Ta12,12.03,1e-05
Ta12,12.09,2e-05
Ta12,12.149999999999999,2.1666666666666667e-05
Ta12,12.21,2.5e-05
Ta12,12.27,4.4666666666666664e-05
Ta12,12.329999999999998,4.633333333333333e-05
Ta12,12.39,6.6e-05
Ta12,12.45,7.3e-05
Ta12,12.51,0.00010266666666666666
Ta12,12.57,0.000132
Ta12,12.629999999999999,0.00015766666666666666
Ta12,12.69,0.00020766666666666665
Ta12,12.75,0.00023933333333333334
Ta12,12.809999999999999,0.00031266666666666666
Ta12,12.870000000000001,0.00037966666666666666
Ta12,12.93,0.00047066666666666665
Ta12,12.989999999999998,0.0005826666666666667
Ta12,13.05,0.0007293333333333334
Ta12,13.11,0.0008633333333333334
Ta12,13.169999999999998,0.001034
Ta12,13.23,0.0012526666666666667
Ta12,13.29,0.001498
Ta12,13.35,0.0017923333333333333
Ta12,13.41,0.0020846666666666665
Ta12,13.469999999999999,0.002474333333333333
Ta12,13.53,0.0029386666666666667
Ta12,13.59,0.0034086666666666666
Ta12,13.649999999999999,0.003944
Ta12,13.71,0.004559
Ta12,13.77,0.005315
Ta12,13.829999999999998,0.006070666666666667
Ta12,13.89,0.006863
Ta12,13.95,0.007810333333333333
Ta12,14.009999999999998,0.008807333333333334
Ta12,14.07,0.009994333333333333
Ta12,14.129999999999999,0.01093
Ta12,14.19,0.012227333333333333
Ta12,14.25,0.013498333333333333
Ta12,14.309999999999999,0.01482
Ta12,14.37,0.016212
Ta12,14.43,0.017539333333333334
Ta12,14.489999999999998,0.018945
Ta12,14.55,0.020451666666666667
Ta12,14.61,0.021813
Ta12,14.669999999999998,0.022988
Ta12,14.73,0.024374666666666666
Ta12,14.79,0.025729666666666668
Ta12,14.85,0.026816333333333334
Ta12,14.91,0.027843333333333335
Ta12,14.969999999999999,0.028687666666666667
Ta12,15.03,0.029650666666666665
Ta12,15.09,0.030221333333333333
Ta12,15.149999999999999,0.030521
Ta12,15.21,0.030628666666666665
Ta12,15.27,0.031130333333333333
Ta12,15.329999999999998,0.030915666666666668
Ta12,15.39,0.030373333333333332
Ta12,15.45,0.030198666666666665
Ta12,15.509999999999998,0.029493333333333333
Ta12,15.57,0.028584666666666668
Ta12,15.629999999999999,0.027555
Ta12,15.69,0.026529333333333332
Ta12,15.75,0.025321333333333335
Ta12,15.809999999999999,0.023873666666666668
Ta12,15.87,0.022572666666666668
Ta12,15.93,0.021153
Ta12,15.989999999999998,0.01964
Ta12,16.049999999999997,0.018128333333333333
Ta12,16.11,0.016643
Ta12,16.17,0.015117333333333333
Ta12,16.229999999999997,0.013839
Ta12,16.29,0.012445333333333333
Ta12,16.35,0.011055666666666667
Ta12,16.409999999999997,0.009821333333333333
Ta12,16.47,0.008831666666666666
Ta12,16.53,0.007657
Ta12,16.59,0.006555333333333333
Ta12,16.65,0.00582
Ta12,16.71,0.0049626666666666664
Ta12,16.77,0.004189666666666667
Ta12,16.83,0.003534
Ta12,16.89,0.003026333333333333
Ta12,16.95,0.002488666666666667
Ta12,17.009999999999998,0.0020256666666666665
Ta12,17.07,0.0017083333333333334
Ta12,17.13,0.0013976666666666666
Ta12,17.189999999999998,0.0010826666666666667
Ta12,17.25,0.0009346666666666667
Ta12,17.310000000000002,0.0006986666666666667
Ta12,17.369999999999997,0.000555
Ta12,17.43,0.0004623333333333333
Ta12,17.490000000000002,0.0003426666666666667
Ta12,17.549999999999997,0.000261
Ta12,17.61,0.000215
Ta12,17.67,0.00014566666666666667
Ta12,17.729999999999997,0.00011533333333333334
Ta12,17.79,9.033333333333334e-05
Ta12,17.85,6.666666666666667e-05
Ta12,17.909999999999997,4.9e-05
Ta12,17.97,3.633333333333333e-05
Ta12,18.03,2.8666666666666668e-05
Ta12,18.09,1.7666666666666668e-05
Ta12,18.15,1.4666666666666666e-05
Ta12,18.21,1.0666666666666667e-05
Ta12,18.27,6e-06
Ta12,18.33,5e-06
Ta12,18.39,3.6666666666666666e-06
Ta12,18.45,2e-06
Ta12,18.509999999999998,1.6666666666666667e-06
Ta12,18.57,6.666666666666667e-07
Ta12,18.63,6.666666666666667e-07
Cu12,10.59,3.3333333333333335e-07
Cu12,10.649999999999999,0.0
Cu12,10.71,0.0
Cu12,10.77,3.3333333333333335e-07
Cu12,10.829999999999998,0.0
Cu12,10.89,3.3333333333333335e-07
Cu12,10.95,6.666666666666667e-07
Cu12,11.01,1e-06
Cu12,11.07,2.333333333333333e-06
Cu12,11.129999999999999,1.3333333333333334e-06
Cu12,11.19,2e-06
Cu12,11.25,3.6666666666666666e-06
Cu12,11.309999999999999,5e-06
Cu12,11.370000000000001,6e-06
Cu12,11.43,1.0666666666666667e-05
Cu12,11.489999999999998,9e-06
Cu12,11.55,1.5666666666666667e-05
Cu12,11.61,1.9666666666666666e-05
Cu12,11.669999999999998,2.1333333333333335e-05
Cu12,11.73,4.066666666666667e-05
Cu12,11.79,3.866666666666667e-05
Cu12,11.85,5.333333333333333e-05
Cu12,11.91,6.4e-05
Cu12,11.969999999999999,7.666666666666667e-05
Cu12,12.03,0.000116
Cu12,12.09,0.00014066666666666668
Cu12,12.149999999999999,0.000161
Cu12,12.21,0.000209
Cu12,12.27,0.00024766666666666665
Cu12,12.329999999999998,0.00031033333333333336
Cu12,12.39,0.000386
Cu12,12.45,0.00048
Cu12,12.51,0.0005736666666666667
Cu12,12.57,0.0007103333333333333
Cu12,12.629999999999999,0.0008273333333333333
Cu12,12.69,0.0010166666666666666
Cu12,12.75,0.0012206666666666668
Cu12,12.809999999999999,0.0014273333333333334
Cu12,12.870000000000001,0.0017003333333333334
Cu12,12.93,0.001988666666666667
Cu12,12.989999999999998,0.002337
Cu12,13.05,0.0027853333333333332
Cu12,13.11,0.003197
Cu12,13.169999999999998,0.0037003333333333333
Cu12,13.23,0.004235
Cu12,13.29,0.004939
Cu12,13.35,0.00566
Cu12,13.41,0.006391
Cu12,13.469999999999999,0.007176
Cu12,13.53,0.008155666666666667
Cu12,13.59,0.009182333333333334
Cu12,13.649999999999999,0.010159333333333333
Cu12,13.71,0.011262333333333333
Cu12,13.77,0.012403333333333334
Cu12,13.829999999999998,0.013698333333333333
Cu12,13.89,0.014995333333333333
Cu12,13.95,0.016262
Cu12,14.009999999999998,0.017485
Cu12,14.07,0.018891333333333333
Cu12,14.129999999999999,0.020286333333333333
Cu12,14.19,0.021532
Cu12,14.25,0.022729333333333334
Cu12,14.309999999999999,0.023990666666666667
Cu12,14.37,0.025235666666666667
Cu12,14.43,0.026322
Cu12,14.489999999999998,0.027217666666666668
Cu12,14.55,0.027968333333333335
Cu12,14.61,0.02903033333333333
Cu12,14.669999999999998,0.029408
Cu12,14.73,0.029700666666666667
Cu12,14.79,0.029930666666666668
Cu12,14.85,0.030331666666666666
Cu12,14.91,0.030082666666666667
Cu12,14.969999999999999,0.029679666666666667
Cu12,15.03,0.029417333333333334
Cu12,15.09,0.028893333333333333
Cu12,15.149999999999999,0.028043333333333333
Cu12,15.21,0.02695
Cu12,15.27,0.026085
Cu12,15.329999999999998,0.02495
Cu12,15.39,0.023755333333333333
Cu12,15.45,0.022361666666666665
Cu12,15.509999999999998,0.021073333333333333
Cu12,15.57,0.019649666666666666
Cu12,15.629999999999999,0.018274
Cu12,15.69,0.016722
Cu12,15.75,0.015319
Cu12,15.809999999999999,0.014027
Cu12,15.87,0.012775
Cu12,15.93,0.011408666666666666
Cu12,15.989999999999998,0.010126333333333333
Cu12,16.049999999999997,0.009132666666666667
Cu12,16.11,0.008063666666666667
Cu12,16.17,0.006931666666666667
Cu12,16.229999999999997,0.006109333333333333
Cu12,16.29,0.0053286666666666664
Cu12,16.35,0.004548333333333333
Cu12,16.409999999999997,0.003826
Cu12,16.47,0.003313
Cu12,16.53,0.0027546666666666665
Cu12,16.59,0.0023
Cu12,16.65,0.0018793333333333333
Cu12,16.71,0.0015776666666666667
Cu12,16.77,0.0013093333333333334
Cu12,16.83,0.0010076666666666667
Cu12,16.89,0.000865
Cu12,16.95,0.0006583333333333334
Cu12,17.009999999999998,0.000526
Cu12,17.07,0.000431
Cu12,17.13,0.00032
Cu12,17.189999999999998,0.00025333333333333333
Cu12,17.25,0.00020133333333333334
Cu12,17.310000000000002,0.00014533333333333333
Cu12,17.369999999999997,0.00010933333333333334
Cu12,17.43,8.866666666666666e-05
Cu12,17.490000000000002,6.4e-05
Cu12,17.549999999999997,4.7333333333333336e-05
Cu12,17.61,3.7e-05
Cu12,17.67,2.5666666666666666e-05
Cu12,17.729999999999997,2e-05
Cu12,17.79,1.4333333333333334e-05
Cu12,17.85,1.0666666666666667e-05
Cu12,17.909999999999997,6e-06
Cu12,17.97,4.666666666666666e-06
Cu12,18.03,4.333333333333333e-06
Cu12,18.09,1.3333333333333334e-06
Cu12,18.15,2.333333333333333e-06
Cu12,18.21,3.3333333333333335e-07
Cu12,18.27,1e-06
Al_degrader_E9,8.129999999999999,8.333333333333334e-08
Al_degrader_E9,8.19,0.0
Al_degrader_E9,8.25,0.0
Al_degrader_E9,8.309999999999999,0.0
Al_degrader_E9,8.370000000000001,1.6666666666666668e-07
Al_degrader_E9,8.43,0.0
Al_degrader_E9,8.489999999999998,0.0
Al_degrader_E9,8.55,8.333333333333334e-08
Al_degrader_E9,8.61,4.1666666666666667e-07
Al_degrader_E9,8.67,8.333333333333334e-08
Al_degrader_E9,8.73,3.3333333333333335e-07
Al_degrader_E9,8.79,4.1666666666666667e-07
Al_degrader_E9,8.85,8.333333333333333e-07
Al_degrader_E9,8.91,4.1666666666666667e-07
Al_degrader_E9,8.969999999999999,9.166666666666666e-07
Al_degrader_E9,9.030000000000001,1.1666666666666666e-06
Al_degrader_E9,9.09,1.8333333333333333e-06
Al_degrader_E9,9.149999999999999,1.8333333333333333e-06
Al_degrader_E9,9.21,2.8333333333333335e-06
Al_degrader_E9,9.27,3.5e-06
Al_degrader_E9,9.329999999999998,4.25e-06
Al_degrader_E9,9.39,5.583333333333333e-06
Al_degrader_E9,9.45,5e-06
Al_degrader_E9,9.51,1.025e-05
Al_degrader_E9,9.57,1.1e-05
Al_degrader_E9,9.629999999999999,1.2916666666666666e-05
Al_degrader_E9,9.69,1.5166666666666667e-05
Al_degrader_E9,9.75,2.1583333333333334e-05
Al_degrader_E9,9.809999999999999,2.0916666666666666e-05
Al_degrader_E9,9.870000000000001,3e-05
Al_degrader_E9,9.93,3.7416666666666664e-05
Al_degrader_E9,9.989999999999998,4.325e-05
Al_degrader_E9,10.05,5.575e-05
Al_degrader_E9,10.11,6.366666666666666e-05
Al_degrader_E9,10.169999999999998,7.916666666666666e-05
Al_degrader_E9,10.23,8.908333333333333e-05
Al_degrader_E9,10.29,0.00011558333333333333
Al_degrader_E9,10.35,0.00013558333333333334
Al_degrader_E9,10.41,0.00015775
Al_degrader_E9,10.469999999999999,0.00019725
Al_degrader_E9,10.53,0.00022983333333333333
Al_degrader_E9,10.59,0.00026891666666666665
Al_degrader_E9,10.649999999999999,0.0003193333333333333
Al_degrader_E9,10.71,0.000383
Al_degrader_E9,10.77,0.00043975
Al_degrader_E9,10.829999999999998,0.0005155833333333333
Al_degrader_E9,10.89,0.0006048333333333333
Al_degrader_E9,10.95,0.0006975833333333334
Al_degrader_E9,11.01,0.0008064166666666667
Al_degrader_E9,11.07,0.0009396666666666667
Al_degrader_E9,11.129999999999999,0.0010805833333333334
Al_degrader_E9,11.19,0.0012331666666666667
Al_degrader_E9,11.25,0.0014213333333333333
Al_degrader_E9,11.309999999999999,0.0016271666666666667
Al_degrader_E9,11.370000000000001,0.0018265833333333333
Al_degrader_E9,11.43,0.0021245
Al_degrader_E9,11.489999999999998,0.0023595
Al_degrader_E9,11.55,0.0026628333333333335
Al_degrader_E9,11.61,0.00301725
Al_degrader_E9,11.669999999999998,0.0033675
Al_degrader_E9,11.73,0.003724
Al_degrader_E9,11.79,0.004209333333333333
Al_degrader_E9,11.85,0.00461925
Al_degrader_E9,11.91,0.005065166666666667
Al_degrader_E9,11.969999999999999,0.005681083333333333
Al_degrader_E9,12.03,0.006189
Al_degrader_E9,12.09,0.006722833333333333
Al_degrader_E9,12.149999999999999,0.007434833333333333
Al_degrader_E9,12.21,0.0080415
Al_degrader_E9,12.27,0.008670166666666666
Al_degrader_E9,12.329999999999998,0.009457166666666666
Al_degrader_E9,12.39,0.010145166666666667
Al_degrader_E9,12.45,0.010829583333333333
Al_degrader_E9,12.51,0.011695166666666666
Al_degrader_E9,12.57,0.012437083333333333
Al_degrader_E9,12.629999999999999,0.013195
Al_degrader_E9,12.69,0.014055166666666667
Al_degrader_E9,12.75,0.014791916666666667
Al_degrader_E9,12.809999999999999,0.015622666666666667
Al_degrader_E9,12.870000000000001,0.016411333333333333
Al_degrader_E9,12.93,0.017146583333333333
Al_degrader_E9,12.989999999999998,0.017927166666666668
Al_degrader_E9,13.05,0.018684916666666666
Al_degrader_E9,13.11,0.01929258333333333
Al_degrader_E9,13.169999999999998,0.020003833333333332
Al_degrader_E9,13.23,0.020619416666666668
Al_degrader_E9,13.29,0.021122083333333333
Al_degrader_E9,13.35,0.021756333333333332
Al_degrader_E9,13.41,0.022116083333333335
Al_degrader_E9,13.469999999999999,0.022475666666666668
Al_degrader_E9,13.53,0.02290575
Al_degrader_E9,13.59,0.023112666666666667
Al_degrader_E9,13.649999999999999,0.0233055
Al_degrader_E9,13.71,0.023416666666666665
Al_degrader_E9,13.77,0.023421416666666667
Al_degrader_E9,13.829999999999998,0.023461333333333334
Al_degrader_E9,13.89,0.023339
Al_degrader_E9,13.95,0.023077083333333335
Al_degrader_E9,14.009999999999998,0.022934166666666665
Al_degrader_E9,14.07,0.022484916666666667
Al_degrader_E9,14.129999999999999,0.022079416666666667
Al_degrader_E9,14.19,0.021667583333333334
Al_degrader_E9,14.25,0.021029083333333334
Al_degrader_E9,14.309999999999999,0.02048116666666667
Al_degrader_E9,14.37,0.01981925
Al_degrader_E9,14.43,0.019042666666666666
Al_degrader_E9,14.489999999999998,0.018363833333333333
Al_degrader_E9,14.55,0.017483833333333334
Al_degrader_E9,14.61,0.016670333333333332
Al_degrader_E9,14.669999999999998,0.0158205
Al_degrader_E9,14.73,0.014887
Al_degrader_E9,14.79,0.014000583333333334
Al_degrader_E9,14.85,0.013130583333333333
Al_degrader_E9,14.91,0.01218925
Al_degrader_E9,14.969999999999999,0.011348333333333334
Al_degrader_E9,15.03,0.01042225
Al_degrader_E9,15.09,0.009603416666666666
Al_degrader_E9,15.149999999999999,0.0087745
Al_degrader_E9,15.21,0.007947833333333333
Al_degrader_E9,15.27,0.007228333333333333
Al_degrader_E9,15.329999999999998,0.0064793333333333335
Al_degrader_E9,15.39,0.005829666666666667
Al_degrader_E9,15.45,0.005184583333333334
Al_degrader_E9,15.509999999999998,0.00458225
Al_degrader_E9,15.57,0.0040613333333333335
Al_degrader_E9,15.629999999999999,0.0035566666666666667
Al_degrader_E9,15.69,0.003091416666666667
Al_degrader_E9,15.75,0.00268975
Al_degrader_E9,15.809999999999999,0.00230025
Al_degrader_E9,15.87,0.00199725
Al_degrader_E9,15.93,0.0016898333333333333
Al_degrader_E9,15.989999999999998,0.00141775
Al_degrader_E9,16.049999999999997,0.0012116666666666667
Al_degrader_E9,16.11,0.0009965833333333333
Al_degrader_E9,16.17,0.0008364166666666666
Al_degrader_E9,16.229999999999997,0.0006885833333333334
Al_degrader_E9,16.29,0.00055675
Al_degrader_E9,16.35,0.0004644166666666667
Al_degrader_E9,16.409999999999997,0.0003623333333333333
Al_degrader_E9,16.47,0.0003026666666666667
Al_degrader_E9,16.53,0.00023766666666666668
Al_degrader_E9,16.59,0.00018983333333333333
Al_degrader_E9,16.65,0.00014408333333333333
Al_degrader_E9,16.71,0.000119
Al_degrader_E9,16.77,8.933333333333333e-05
Al_degrader_E9,16.83,6.983333333333333e-05
Al_degrader_E9,16.89,5.3916666666666665e-05
Al_degrader_E9,16.95,3.9416666666666665e-05
Al_degrader_E9,17.009999999999998,2.925e-05
Al_degrader_E9,17.07,2.35e-05
Al_degrader_E9,17.13,1.633333333333333e-05
Al_degrader_E9,17.189999999999998,1.375e-05
Al_degrader_E9,17.25,9.5e-06
Al_degrader_E9,17.310000000000002,7.083333333333333e-06
Al_degrader_E9,17.369999999999997,5.5e-06
Al_degrader_E9,17.43,3e-06
Al_degrader_E9,17.490000000000002,2.666666666666667e-06
Al_degrader_E9,17.549999999999997,1.4166666666666667e-06
Al_degrader_E9,17.61,1.75e-06
Al_degrader_E9,17.67,7.5e-07
Al_degrader_E9,17.729999999999997,4.1666666666666667e-07
Al_degrader_E9,17.79,5e-07
Al_degrader_E9,17.85,8.333333333333334e-08
Al_degrader_E9,17.909999999999997,1.6666666666666668e-07
Ni13,7.35,2e-07
Ni13,7.41,0.0
Ni13,7.47,0.0
Ni13,7.529999999999999,2e-07
Ni13,7.59,2e-07
Ni13,7.65,0.0
Ni13,7.709999999999999,0.0
Ni13,7.77,4e-07
Ni13,7.83,4e-07
Ni13,7.89,4e-07
Ni13,7.949999999999999,1e-06
Ni13,8.01,1.2e-06
Ni13,8.07,1e-06
Ni13,8.129999999999999,1.6e-06
Ni13,8.19,2.2e-06
Ni13,8.25,3e-06
Ni13,8.309999999999999,3.4e-06
Ni13,8.370000000000001,4.4e-06
Ni13,8.43,5.6e-06
Ni13,8.489999999999998,6.8e-06
Ni13,8.55,9e-06
Ni13,8.61,1.1e-05
Ni13,8.67,1.4e-05
Ni13,8.73,1.42e-05
Ni13,8.79,2.2e-05
Ni13,8.85,3.08e-05
Ni13,8.91,2.64e-05
Ni13,8.969999999999999,4.18e-05
Ni13,9.030000000000001,5.1e-05
Ni13,9.09,5.06e-05
Ni13,9.149999999999999,6.92e-05
Ni13,9.21,8.98e-05
Ni13,9.27,0.0001002
Ni13,9.329999999999998,0.000116
Ni13,9.39,0.0001572
Ni13,9.45,0.0001672
Ni13,9.51,0.000201
Ni13,9.57,0.0002546
Ni13,9.629999999999999,0.0002918
Ni13,9.69,0.0003378
Ni13,9.75,0.0004208
Ni13,9.809999999999999,0.0004736
Ni13,9.870000000000001,0.000574
Ni13,9.93,0.000685
Ni13,9.989999999999998,0.0007794
Ni13,10.05,0.0009156
Ni13,10.11,0.0010602
Ni13,10.169999999999998,0.0012134
Ni13,10.23,0.001414
Ni13,10.29,0.0016306
Ni13,10.35,0.0018584
Ni13,10.41,0.00213
Ni13,10.469999999999999,0.0024368
Ni13,10.53,0.00278
Ni13,10.59,0.003162
Ni13,10.649999999999999,0.0035008
Ni13,10.71,0.0040066
Ni13,10.77,0.0045272
Ni13,10.829999999999998,0.0050834
Ni13,10.89,0.0055946
Ni13,10.95,0.0062716
Ni13,11.01,0.0069184
Ni13,11.07,0.0076746
Ni13,11.129999999999999,0.0084674
Ni13,11.19,0.0092162
Ni13,11.25,0.0100988
Ni13,11.309999999999999,0.0109624
Ni13,11.370000000000001,0.0119512
Ni13,11.43,0.0128766
Ni13,11.489999999999998,0.0138276
Ni13,11.55,0.0148916
Ni13,11.61,0.0158352
Ni13,11.669999999999998,0.0169162
Ni13,11.73,0.0178666
Ni13,11.79,0.018886
Ni13,11.85,0.019901
Ni13,11.91,0.0208416
Ni13,11.969999999999999,0.0217746
Ni13,12.03,0.0226368
Ni13,12.09,0.0233394
Ni13,12.149999999999999,0.0240964
Ni13,12.21,0.024832
Ni13,12.27,0.0253666
Ni13,12.329999999999998,0.0257886
Ni13,12.39,0.0261262
Ni13,12.45,0.0263474
Ni13,12.51,0.0265428
Ni13,12.57,0.0264754
Ni13,12.629999999999999,0.0265032
Ni13,12.69,0.0260972
Ni13,12.75,0.0258818
Ni13,12.809999999999999,0.0254022
Ni13,12.870000000000001,0.0248424
Ni13,12.93,0.0240828
Ni13,12.989999999999998,0.0233544
Ni13,13.05,0.0224886
Ni13,13.11,0.0215884
Ni13,13.169999999999998,0.0206226
Ni13,13.23,0.0195674
Ni13,13.29,0.0185364
Ni13,13.35,0.0173822
Ni13,13.41,0.0163152
Ni13,13.469999999999999,0.0151024
Ni13,13.53,0.0141144
Ni13,13.59,0.0129098
Ni13,13.649999999999999,0.011942
Ni13,13.71,0.0108918
Ni13,13.77,0.009862
Ni13,13.829999999999998,0.0089294
Ni13,13.89,0.0080564
Ni13,13.95,0.0071724
Ni13,14.009999999999998,0.006433
Ni13,14.07,0.0056406
Ni13,14.129999999999999,0.0049864
Ni13,14.19,0.0043698
Ni13,14.25,0.00379
Ni13,14.309999999999999,0.0032532
Ni13,14.37,0.002816
Ni13,14.43,0.0024164
Ni13,14.489999999999998,0.002032
Ni13,14.55,0.001722
Ni13,14.61,0.0014586
Ni13,14.669999999999998,0.001193
Ni13,14.73,0.0010282
Ni13,14.79,0.0008126
Ni13,14.85,0.000682
Ni13,14.91,0.0005504
Ni13,14.969999999999999,0.0004448
Ni13,15.03,0.0003624
Ni13,15.09,0.000285
Ni13,15.149999999999999,0.000235
Ni13,15.21,0.0001754
Ni13,15.27,0.0001434
Ni13,15.329999999999998,0.0001068
Ni13,15.39,8.46e-05
Ni13,15.45,6.68e-05
Ni13,15.509999999999998,5.18e-05
Ni13,15.57,3.86e-05
Ni13,15.629999999999999,2.96e-05
Ni13,15.69,2.3e-05
Ni13,15.75,1.8e-05
Ni13,15.809999999999999,1.12e-05
Ni13,15.87,9.8e-06
Ni13,15.93,5.4e-06
Ni13,15.989999999999998,6e-06
Ni13,16.049999999999997,2.4e-06
Ni13,16.11,3.6e-06
Ni13,16.17,8e-07
Ni13,16.229999999999997,1.8e-06
Ni13,16.29,4e-07
Ni13,16.35,4e-07
Ni13,16.409999999999997,2e-07
Sn13,7.109999999999999,3.3333333333333335e-07
Sn13,7.17,0.0
Sn13,7.2299999999999995,3.3333333333333335e-07
Sn13,7.289999999999999,0.0
Sn13,7.35,3.3333333333333335e-07
Sn13,7.41,3.3333333333333335e-07
Sn13,7.47,0.0
Sn13,7.529999999999999,3.3333333333333335e-07
Sn13,7.59,6.666666666666667e-07
Sn13,7.65,1e-06
Sn13,7.709999999999999,6.666666666666667e-07
Sn13,7.77,2.333333333333333e-06
Sn13,7.83,2e-06
Sn13,7.89,3.6666666666666666e-06
Sn13,7.949999999999999,3e-06
Sn13,8.01,4.333333333333333e-06
Sn13,8.07,5e-06
Sn13,8.129999999999999,7.333333333333333e-06
Sn13,8.19,6.666666666666667e-06
Sn13,8.25,1.3e-05
Sn13,8.309999999999999,1.5e-05
Sn13,8.370000000000001,1.7333333333333332e-05
Sn13,8.43,2.0666666666666666e-05
Sn13,8.489999999999998,2.6333333333333334e-05
Sn13,8.55,2.4666666666666665e-05
Sn13,8.61,4.066666666666667e-05
Sn13,8.67,5.066666666666667e-05
Sn13,8.73,6.1e-05
Sn13,8.79,7.133333333333334e-05
Sn13,8.85,8.833333333333333e-05
Sn13,8.91,9.433333333333333e-05
Sn13,8.969999999999999,0.00011733333333333333
Sn13,9.030000000000001,0.00013633333333333333
Sn13,9.09,0.000172
Sn13,9.149999999999999,0.000199
Sn13,9.21,0.0002643333333333333
Sn13,9.27,0.0002936666666666667
Sn13,9.329999999999998,0.00033
Sn13,9.39,0.000398
Sn13,9.45,0.00045733333333333335
Sn13,9.51,0.00055
Sn13,9.57,0.000648
Sn13,9.629999999999999,0.0007846666666666667
Sn13,9.69,0.000916
Sn13,9.75,0.0010553333333333333
Sn13,9.809999999999999,0.0012063333333333333
Sn13,9.870000000000001,0.001403
Sn13,9.93,0.0016056666666666667
Sn13,9.989999999999998,0.0018316666666666668
Sn13,10.05,0.002095
Sn13,10.11,0.0024143333333333334
Sn13,10.169999999999998,0.002664
Sn13,10.23,0.0030846666666666665
Sn13,10.29,0.003502
Sn13,10.35,0.003922
Sn13,10.41,0.004412666666666666
Sn13,10.469999999999999,0.004955333333333333
Sn13,10.53,0.005572666666666667
Sn13,10.59,0.006176666666666666
Sn13,10.649999999999999,0.006889666666666666
Sn13,10.71,0.007575666666666666
Sn13,10.77,0.008388333333333333
Sn13,10.829999999999998,0.009210333333333333
Sn13,10.89,0.009998666666666666
Sn13,10.95,0.010829666666666666
Sn13,11.01,0.011838666666666667
Sn13,11.07,0.012747
Sn13,11.129999999999999,0.013651666666666666
Sn13,11.19,0.014739
Sn13,11.25,0.015762666666666668
Sn13,11.309999999999999,0.016740333333333333
Sn13,11.370000000000001,0.017885333333333333
Sn13,11.43,0.018805
Sn13,11.489999999999998,0.019829666666666666
Sn13,11.55,0.020794666666666666
Sn13,11.61,0.021677666666666668
Sn13,11.669999999999998,0.022576333333333334
Sn13,11.73,0.023264333333333335
Sn13,11.79,0.023949333333333333
Sn13,11.85,0.024741333333333334
Sn13,11.91,0.025459666666666665
Sn13,11.969999999999999,0.025872666666666665
Sn13,12.03,0.026074333333333335
Sn13,12.09,0.026397666666666667
Sn13,12.149999999999999,0.026586666666666668
Sn13,12.21,0.026781666666666665
Sn13,12.27,0.026465
Sn13,12.329999999999998,0.026289333333333335
Sn13,12.39,0.025859333333333335
Sn13,12.45,0.025511666666666665
Sn13,12.51,0.024823333333333333
Sn13,12.57,0.024188666666666667
Sn13,12.629999999999999,0.023571666666666668
Sn13,12.69,0.022736333333333334
Sn13,12.75,0.021755666666666666
Sn13,12.809999999999999,0.020673666666666667
Sn13,12.870000000000001,0.019641
Sn13,12.93,0.018532
Sn13,12.989999999999998,0.017511666666666665
Sn13,13.05,0.0164
Sn13,13.11,0.015262666666666667
Sn13,13.169999999999998,0.014148
Sn13,13.23,0.013031666666666667
Sn13,13.29,0.011986333333333333
Sn13,13.35,0.010993666666666667
Sn13,13.41,0.009916
Sn13,13.469999999999999,0.008929666666666667
Sn13,13.53,0.008111666666666666
Sn13,13.59,0.007297666666666667
Sn13,13.649999999999999,0.006438666666666666
Sn13,13.71,0.005705333333333333
Sn13,13.77,0.0050023333333333335
Sn13,13.829999999999998,0.004403666666666667
Sn13,13.89,0.0038306666666666667
Sn13,13.95,0.003303
Sn13,14.009999999999998,0.0028276666666666667
Sn13,14.07,0.0024186666666666666
Sn13,14.129999999999999,0.002047666666666667
Sn13,14.19,0.0017286666666666668
Sn13,14.25,0.001447
Sn13,14.309999999999999,0.001224
Sn13,14.37,0.0009993333333333334
Sn13,14.43,0.0008293333333333333
Sn13,14.489999999999998,0.0006853333333333334
Sn13,14.55,0.0005686666666666666
Sn13,14.61,0.00045466666666666664
Sn13,14.669999999999998,0.00037
Sn13,14.73,0.00028166666666666666
Sn13,14.79,0.00022166666666666667
Sn13,14.85,0.000166
Sn13,14.91,0.00014266666666666667
Sn13,14.969999999999999,0.00010933333333333334
Sn13,15.03,8.6e-05
Sn13,15.09,6.7e-05
Sn13,15.149999999999999,5.3e-05
Sn13,15.21,4.3666666666666666e-05
Sn13,15.27,3.066666666666667e-05
Sn13,15.329999999999998,2.1333333333333335e-05
Sn13,15.39,1.4666666666666666e-05
Sn13,15.45,1.1333333333333334e-05
Sn13,15.509999999999998,9.666666666666667e-06
Sn13,15.57,6.666666666666667e-06
Sn13,15.629999999999999,6e-06
Sn13,15.69,3.3333333333333333e-06
Sn13,15.75,3.3333333333333333e-06
Sn13,15.809999999999999,1.6666666666666667e-06
Sn13,15.87,1e-06
Sn13,15.93,3.3333333333333335e-07
Ta13,6.449999999999999,2.5e-07
Ta13,6.51,0.0
Ta13,6.57,0.0
Ta13,6.63,0.0
Ta13,6.6899999999999995,2.5e-07
Ta13,6.75,2.5e-07
Ta13,6.81,0.0
Ta13,6.869999999999999,0.0
Ta13,6.93,2.5e-07
Ta13,6.99,7.5e-07
Ta13,7.05,5e-07
Ta13,7.109999999999999,7.5e-07
Ta13,7.17,1.5e-06
Ta13,7.2299999999999995,7.5e-07
Ta13,7.289999999999999,1.75e-06
Ta13,7.35,2e-06
Ta13,7.41,2.25e-06
Ta13,7.47,3.25e-06
Ta13,7.529999999999999,4.25e-06
Ta13,7.59,5e-06
Ta13,7.65,6.5e-06
Ta13,7.709999999999999,8e-06
Ta13,7.77,8.5e-06
Ta13,7.83,1.375e-05
Ta13,7.89,1.3e-05
Ta13,7.949999999999999,1.7e-05
Ta13,8.01,2.175e-05
Ta13,8.07,3.175e-05
Ta13,8.129999999999999,3.1e-05
Ta13,8.19,3.7e-05
Ta13,8.25,5.25e-05
Ta13,8.309999999999999,5.775e-05
Ta13,8.370000000000001,5.8e-05
Ta13,8.43,8.025e-05
Ta13,8.489999999999998,0.0001065
Ta13,8.55,0.00011175
Ta13,8.61,0.00012975
Ta13,8.67,0.000179
Ta13,8.73,0.0001855
Ta13,8.79,0.00021625
Ta13,8.85,0.00027325
Ta13,8.91,0.00031125
Ta13,8.969999999999999,0.00035075
Ta13,9.030000000000001,0.000445
Ta13,9.09,0.00051975
Ta13,9.149999999999999,0.00058875
Ta13,9.21,0.0006915
Ta13,9.27,0.000806
Ta13,9.329999999999998,0.00091775
Ta13,9.39,0.00105725
Ta13,9.45,0.001227
Ta13,9.51,0.001419
Ta13,9.57,0.0015895
Ta13,9.629999999999999,0.00182925
Ta13,9.69,0.00208525
Ta13,9.75,0.00236975
Ta13,9.809999999999999,0.00264325
Ta13,9.870000000000001,0.003026
Ta13,9.93,0.003424
Ta13,9.989999999999998,0.003754
Ta13,10.05,0.0042495
Ta13,10.11,0.004818
Ta13,10.169999999999998,0.005316
Ta13,10.23,0.00581625
Ta13,10.29,0.00656175
Ta13,10.35,0.0071965
Ta13,10.41,0.007847
Ta13,10.469999999999999,0.00862125
Ta13,10.53,0.0094065
Ta13,10.59,0.01020925
Ta13,10.649999999999999,0.01106575
Ta13,10.71,0.011894
Ta13,10.77,0.012902
Ta13,10.829999999999998,0.0137025
Ta13,10.89,0.014767
Ta13,10.95,0.01564075
Ta13,11.01,0.01664425
Ta13,11.07,0.01764025
Ta13,11.129999999999999,0.01844975
Ta13,11.19,0.01939475
Ta13,11.25,0.0204045
Ta13,11.309999999999999,0.02116875
Ta13,11.370000000000001,0.0220145
Ta13,11.43,0.02277425
Ta13,11.489999999999998,0.02331775
Ta13,11.55,0.0239605
Ta13,11.61,0.024631
Ta13,11.669999999999998,0.02505725
Ta13,11.73,0.02525425
Ta13,11.79,0.02563825
Ta13,11.85,0.025712
Ta13,11.91,0.025858
Ta13,11.969999999999999,0.02556375
Ta13,12.03,0.0254795
Ta13,12.09,0.0252355
Ta13,12.149999999999999,0.02479925
Ta13,12.21,0.02430425
Ta13,12.27,0.023617
Ta13,12.329999999999998,0.0230145
Ta13,12.39,0.02223775
Ta13,12.45,0.021333
Ta13,12.51,0.02043075
Ta13,12.57,0.0196215
Ta13,12.629999999999999,0.0184465
Ta13,12.69,0.0175535
Ta13,12.75,0.016429
Ta13,12.809999999999999,0.01532775
Ta13,12.870000000000001,0.01437575
Ta13,12.93,0.01328575
Ta13,12.989999999999998,0.01230675
Ta13,13.05,0.01125525
Ta13,13.11,0.010297
Ta13,13.169999999999998,0.0093655
Ta13,13.23,0.0084825
Ta13,13.29,0.0076455
Ta13,13.35,0.00688475
Ta13,13.41,0.00609925
Ta13,13.469999999999999,0.0054235
Ta13,13.53,0.0048065
Ta13,13.59,0.0042045
Ta13,13.649999999999999,0.00364975
Ta13,13.71,0.00315875
Ta13,13.77,0.00273325
Ta13,13.829999999999998,0.0023615
Ta13,13.89,0.001991
Ta13,13.95,0.00171525
Ta13,14.009999999999998,0.00140275
Ta13,14.07,0.00123175
Ta13,14.129999999999999,0.00098375
Ta13,14.19,0.00083625
Ta13,14.25,0.0006865
Ta13,14.309999999999999,0.0005665
Ta13,14.37,0.000453
Ta13,14.43,0.0003755
Ta13,14.489999999999998,0.0002955
Ta13,14.55,0.000242
Ta13,14.61,0.00018425
Ta13,14.669999999999998,0.0001515
Ta13,14.73,0.00010875
Ta13,14.79,9.45e-05
Ta13,14.85,7e-05
Ta13,14.91,5.875e-05
Ta13,14.969999999999999,4.2e-05
Ta13,15.03,3.325e-05
Ta13,15.09,2.55e-05
Ta13,15.149999999999999,2.05e-05
Ta13,15.21,1.35e-05
Ta13,15.27,1.125e-05
Ta13,15.329999999999998,6.25e-06
Ta13,15.39,7.25e-06
Ta13,15.45,3e-06
Ta13,15.509999999999998,4.75e-06
Ta13,15.57,1e-06
Ta13,15.629999999999999,2e-06
Ta13,15.69,7.5e-07
Ta13,15.75,2.5e-07
Ta13,15.809999999999999,5e-07
Cu13,5.609999999999999,2e-07
Cu13,5.67,0.0
Cu13,5.73,0.0
Cu13,5.789999999999999,0.0
Cu13,5.85,2e-07
Cu13,5.91,2e-07
Cu13,5.97,0.0
Cu13,6.029999999999999,2e-07
Cu13,6.09,0.0
Cu13,6.15,4e-07
Cu13,6.21,2e-07
Cu13,6.27,6e-07
Cu13,6.33,6e-07
Cu13,6.39,1.4e-06
Cu13,6.449999999999999,8e-07
Cu13,6.51,1.2e-06
Cu13,6.57,1.8e-06
Cu13,6.63,1.4e-06
Cu13,6.6899999999999995,2.4e-06
Cu13,6.75,3.4e-06
Cu13,6.81,3.6e-06
Cu13,6.869999999999999,4.8e-06
Cu13,6.93,6.2e-06
Cu13,6.99,6.4e-06
Cu13,7.05,9.2e-06
Cu13,7.109999999999999,1.14e-05
Cu13,7.17,1.26e-05
Cu13,7.2299999999999995,1.26e-05
Cu13,7.289999999999999,1.98e-05
Cu13,7.35,2.54e-05
Cu13,7.41,2.46e-05
Cu13,7.47,3.3e-05
Cu13,7.529999999999999,4.32e-05
Cu13,7.59,4.22e-05
Cu13,7.65,5.18e-05
Cu13,7.709999999999999,6.62e-05
Cu13,7.77,7.6e-05
Cu13,7.83,8.92e-05
Cu13,7.89,0.000108
Cu13,7.949999999999999,0.0001302
Cu13,8.01,0.0001488
Cu13,8.07,0.0001694
Cu13,8.129999999999999,0.0002032
Cu13,8.19,0.0002382
Cu13,8.25,0.0002672
Cu13,8.309999999999999,0.0003212
Cu13,8.370000000000001,0.0003828
Cu13,8.43,0.00043
Cu13,8.489999999999998,0.0005256
Cu13,8.55,0.0005876
Cu13,8.61,0.0006684
Cu13,8.67,0.0007826
Cu13,8.73,0.000899
Cu13,8.79,0.0010202
Cu13,8.85,0.001166
Cu13,8.91,0.0013462
Cu13,8.969999999999999,0.0015108
Cu13,9.030000000000001,0.0017166
Cu13,9.09,0.0019538
Cu13,9.149999999999999,0.0022166
Cu13,9.21,0.0024552
Cu13,9.27,0.0027842
Cu13,9.329999999999998,0.0031132
Cu13,9.39,0.003487
Cu13,9.45,0.0038832
Cu13,9.51,0.0043178
Cu13,9.57,0.0048454
Cu13,9.629999999999999,0.0052972
Cu13,9.69,0.0058858
Cu13,9.75,0.0064386
Cu13,9.809999999999999,0.0070906
Cu13,9.870000000000001,0.0077752
Cu13,9.93,0.0084016
Cu13,9.989999999999998,0.0091774
Cu13,10.05,0.009872
Cu13,10.11,0.0107282
Cu13,10.169999999999998,0.0115794
Cu13,10.23,0.0123166
Cu13,10.29,0.0132628
Cu13,10.35,0.014104
Cu13,10.41,0.0150368
Cu13,10.469999999999999,0.0158504
Cu13,10.53,0.0167642
Cu13,10.59,0.0176552
Cu13,10.649999999999999,0.0185334
Cu13,10.71,0.0193394
Cu13,10.77,0.0202018
Cu13,10.829999999999998,0.0209194
Cu13,10.89,0.021672
Cu13,10.95,0.0223272
Cu13,11.01,0.0228682
Cu13,11.07,0.0234614
Cu13,11.129999999999999,0.0239568
Cu13,11.19,0.0243252
Cu13,11.25,0.0245566
Cu13,11.309999999999999,0.024783
Cu13,11.370000000000001,0.0250054
Cu13,11.43,0.024784
Cu13,11.489999999999998,0.0248146
Cu13,11.55,0.02454
Cu13,11.61,0.0243834
Cu13,11.669999999999998,0.0238768
Cu13,11.73,0.0234748
Cu13,11.79,0.022829
Cu13,11.85,0.0221668
Cu13,11.91,0.0215394
Cu13,11.969999999999999,0.0206094
Cu13,12.03,0.0198838
Cu13,12.09,0.0189666
Cu13,12.149999999999999,0.0180262
Cu13,12.21,0.0170946
Cu13,12.27,0.0161148
Cu13,12.329999999999998,0.015119
Cu13,12.39,0.014035
Cu13,12.45,0.0131646
Cu13,12.51,0.012098
Cu13,12.57,0.0112738
Cu13,12.629999999999999,0.0102652
Cu13,12.69,0.009418
Cu13,12.75,0.0085122
Cu13,12.809999999999999,0.0077868
Cu13,12.870000000000001,0.0069614
Cu13,12.93,0.0062702
Cu13,12.989999999999998,0.00556
Cu13,13.05,0.0049442
Cu13,13.11,0.0043842
Cu13,13.169999999999998,0.0038616
Cu13,13.23,0.0033132
Cu13,13.29,0.0029316
Cu13,13.35,0.002527
Cu13,13.41,0.0021494
Cu13,13.469999999999999,0.0018674
Cu13,13.53,0.0015488
Cu13,13.59,0.0013394
Cu13,13.649999999999999,0.0011138
Cu13,13.71,0.00094
Cu13,13.77,0.0007826
Cu13,13.829999999999998,0.0006496
Cu13,13.89,0.0005304
Cu13,13.95,0.000426
Cu13,14.009999999999998,0.0003606
Cu13,14.07,0.0002816
Cu13,14.129999999999999,0.0002324
Cu13,14.19,0.0001796
Cu13,14.25,0.000145
Cu13,14.309999999999999,0.0001136
Cu13,14.37,8.78e-05
Cu13,14.43,7.18e-05
Cu13,14.489999999999998,5.4e-05
Cu13,14.55,4.4e-05
Cu13,14.61,3.38e-05
Cu13,14.669999999999998,2.66e-05
Cu13,14.73,1.92e-05
Cu13,14.79,1.6e-05
Cu13,14.85,1.02e-05
Cu13,14.91,8e-06
Cu13,14.969999999999999,5.8e-06
Cu13,15.03,5.6e-06
Cu13,15.09,2.6e-06
Cu13,15.149999999999999,3.2e-06
Cu13,15.21,1.2e-06
Cu13,15.27,1.4e-06
Cu13,15.329999999999998,4e-07
Cu13,15.39,4e-07
Cu13,15.45,2e-07
Al_degrader_E10,0.03,5e-08
Al_degrader_E10,0.09,0.0
Al_degrader_E10,0.15,5e-08
Al_degrader_E10,0.21,0.0
Al_degrader_E10,0.27,5e-08
Al_degrader_E10,0.32999999999999996,0.0
Al_degrader_E10,0.39,0.0
Al_degrader_E10,0.44999999999999996,0.0
Al_degrader_E10,0.51,0.0
Al_degrader_E10,0.5700000000000001,5e-08
Al_degrader_E10,0.6299999999999999,0.0
Al_degrader_E10,0.69,0.0
Al_degrader_E10,0.75,0.0
Al_degrader_E10,0.81,0.0
Al_degrader_E10,0.8699999999999999,0.0
Al_degrader_E10,0.9299999999999999,0.0
Al_degrader_E10,0.99,0.0
Al_degrader_E10,1.05,5e-08
Al_degrader_E10,1.1099999999999999,0.0
Al_degrader_E10,1.17,0.0
Al_degrader_E10,1.23,1e-07
Al_degrader_E10,1.29,5e-08
Al_degrader_E10,1.3499999999999999,0.0
Al_degrader_E10,1.41,0.0
Al_degrader_E10,1.47,1e-07
Al_degrader_E10,1.53,0.0
Al_degrader_E10,1.5899999999999999,5e-08
Al_degrader_E10,1.65,5e-08
Al_degrader_E10,1.71,1.5e-07
Al_degrader_E10,1.77,1.5e-07
Al_degrader_E10,1.8299999999999998,0.0
Al_degrader_E10,1.89,2.5e-07
Al_degrader_E10,1.95,0.0
Al_degrader_E10,2.01,1e-07
Al_degrader_E10,2.0700000000000003,1e-07
Al_degrader_E10,2.13,3.5e-07
Al_degrader_E10,2.19,2e-07
Al_degrader_E10,2.25,1.5e-07
Al_degrader_E10,2.3099999999999996,2.5e-07
Al_degrader_E10,2.37,1.5e-07
Al_degrader_E10,2.4299999999999997,2e-07
Al_degrader_E10,2.49,5e-07
Al_degrader_E10,2.55,4.5e-07
Al_degrader_E10,2.61,3.5e-07
Al_degrader_E10,2.67,5e-07
Al_degrader_E10,2.7299999999999995,3e-07
Al_degrader_E10,2.79,8e-07
Al_degrader_E10,2.8499999999999996,9e-07
Al_degrader_E10,2.91,6.5e-07
Al_degrader_E10,2.9699999999999998,1.15e-06
Al_degrader_E10,3.0300000000000002,7e-07
Al_degrader_E10,3.09,1.2e-06
Al_degrader_E10,3.15,1.55e-06
Al_degrader_E10,3.21,1.25e-06
Al_degrader_E10,3.2699999999999996,2.05e-06
Al_degrader_E10,3.33,1.2e-06
Al_degrader_E10,3.3899999999999997,2.05e-06
Al_degrader_E10,3.45,2.7e-06
Al_degrader_E10,3.51,2.75e-06
Al_degrader_E10,3.57,2.6e-06
Al_degrader_E10,3.63,3.15e-06
Al_degrader_E10,3.6899999999999995,5e-06
Al_degrader_E10,3.75,4.45e-06
Al_degrader_E10,3.8099999999999996,5.1e-06
Al_degrader_E10,3.87,4.8e-06
Al_degrader_E10,3.9299999999999997,7.3e-06
Al_degrader_E10,3.9899999999999998,7.6e-06
Al_degrader_E10,4.05,8.2e-06
Al_degrader_E10,4.109999999999999,7.7e-06
Al_degrader_E10,4.17,1.095e-05
Al_degrader_E10,4.23,1.13e-05
Al_degrader_E10,4.29,1.2e-05
Al_degrader_E10,4.35,1.33e-05
Al_degrader_E10,4.41,1.805e-05
Al_degrader_E10,4.47,1.805e-05
Al_degrader_E10,4.529999999999999,2.08e-05
Al_degrader_E10,4.59,2.135e-05
Al_degrader_E10,4.65,2.865e-05
Al_degrader_E10,4.71,3.065e-05
Al_degrader_E10,4.77,3.135e-05
Al_degrader_E10,4.83,3.71e-05
Al_degrader_E10,4.89,4.3e-05
Al_degrader_E10,4.949999999999999,4.645e-05
Al_degrader_E10,5.01,4.955e-05
Al_degrader_E10,5.07,6.15e-05
Al_degrader_E10,5.13,6.62e-05
Al_degrader_E10,5.1899999999999995,7.21e-05
Al_degrader_E10,5.25,8.575e-05
Al_degrader_E10,5.31,9.485e-05
Al_degrader_E10,5.369999999999999,0.0001031
Al_degrader_E10,5.43,0.00011955
Al_degrader_E10,5.49,0.0001321
Al_degrader_E10,5.55,0.00014775
Al_degrader_E10,5.609999999999999,0.0001649
Al_degrader_E10,5.67,0.0001846
Al_degrader_E10,5.73,0.0002066
Al_degrader_E10,5.789999999999999,0.0002268
Al_degrader_E10,5.85,0.00025645
Al_degrader_E10,5.91,0.00028375
Al_degrader_E10,5.97,0.0003137
Al_degrader_E10,6.029999999999999,0.00035085
Al_degrader_E10,6.09,0.0003882
Al_degrader_E10,6.15,0.00042755
Al_degrader_E10,6.21,0.000474
Al_degrader_E10,6.27,0.0005313
Al_degrader_E10,6.33,0.0005816
Al_degrader_E10,6.39,0.00063965
Al_degrader_E10,6.449999999999999,0.00071795
Al_degrader_E10,6.51,0.00077985
Al_degrader_E10,6.57,0.00085925
Al_degrader_E10,6.63,0.00095125
Al_degrader_E10,6.6899999999999995,0.00104775
Al_degrader_E10,6.75,0.00113955
Al_degrader_E10,6.81,0.0012594
Al_degrader_E10,6.869999999999999,0.00139015
Al_degrader_E10,6.93,0.00150045
Al_degrader_E10,6.99,0.0016535
Al_degrader_E10,7.05,0.00178855
Al_degrader_E10,7.109999999999999,0.0019573
Al_degrader_E10,7.17,0.0021477
Al_degrader_E10,7.2299999999999995,0.0023065
Al_degrader_E10,7.289999999999999,0.0025122
Al_degrader_E10,7.35,0.0027339
Al_degrader_E10,7.41,0.00293015
Al_degrader_E10,7.47,0.0031984
Al_degrader_E10,7.529999999999999,0.00341265
Al_degrader_E10,7.59,0.00368735
Al_degrader_E10,7.65,0.0040002
Al_degrader_E10,7.709999999999999,0.0042608
Al_degrader_E10,7.77,0.0046074
Al_degrader_E10,7.83,0.00489005
Al_degrader_E10,7.89,0.0052533
Al_degrader_E10,7.949999999999999,0.005613
Al_degrader_E10,8.01,0.0059565
Al_degrader_E10,8.07,0.00639325
Al_degrader_E10,8.129999999999999,0.00674585
Al_degrader_E10,8.19,0.00716925
Al_degrader_E10,8.25,0.00759275
Al_degrader_E10,8.309999999999999,0.00800085
Al_degrader_E10,8.370000000000001,0.00849825
Al_degrader_E10,8.43,0.0089054
Al_degrader_E10,8.489999999999998,0.0094364
Al_degrader_E10,8.55,0.00984065
Al_degrader_E10,8.61,0.0103605
Al_degrader_E10,8.67,0.01081675
Al_degrader_E10,8.73,0.0113332
Al_degrader_E10,8.79,0.01181045
Al_degrader_E10,8.85,0.01228245
Al_degrader_E10,8.91,0.0128265
Al_degrader_E10,8.969999999999999,0.0132141
Al_degrader_E10,9.030000000000001,0.01378685
Al_degrader_E10,9.09,0.01416345
Al_degrader_E10,9.149999999999999,0.0146966
Al_degrader_E10,9.21,0.0150749
Al_degrader_E10,9.27,0.01553365
Al_degrader_E10,9.329999999999998,0.01593125
Al_degrader_E10,9.39,0.0163348
Al_degrader_E10,9.45,0.0166909
Al_degrader_E10,9.51,0.0170408
Al_degrader_E10,9.57,0.01734565
Al_degrader_E10,9.629999999999999,0.0176395
Al_degrader_E10,9.69,0.01788465
Al_degrader_E10,9.75,0.0181179
Al_degrader_E10,9.809999999999999,0.0183047
Al_degrader_E10,9.870000000000001,0.0184559
Al_degrader_E10,9.93,0.0185933
Al_degrader_E10,9.989999999999998,0.01865505
Al_degrader_E10,10.05,0.01871295
Al_degrader_E10,10.11,0.0186879
Al_degrader_E10,10.169999999999998,0.0186911
Al_degrader_E10,10.23,0.01858585
Al_degrader_E10,10.29,0.01849195
Al_degrader_E10,10.35,0.01830795
Al_degrader_E10,10.41,0.01811975
Al_degrader_E10,10.469999999999999,0.0178663
Al_degrader_E10,10.53,0.0176115
Al_degrader_E10,10.59,0.017289
Al_degrader_E10,10.649999999999999,0.01693065
Al_degrader_E10,10.71,0.0165713
Al_degrader_E10,10.77,0.01611795
Al_degrader_E10,10.829999999999998,0.01571205
Al_degrader_E10,10.89,0.01519945
Al_degrader_E10,10.95,0.014728
Al_degrader_E10,11.01,0.0141712
Al_degrader_E10,11.07,0.01364685
Al_degrader_E10,11.129999999999999,0.01308385
Al_degrader_E10,11.19,0.01249735
Al_degrader_E10,11.25,0.01190245
Al_degrader_E10,11.309999999999999,0.0113209
Al_degrader_E10,11.370000000000001,0.01073665
Al_degrader_E10,11.43,0.0100974
Al_degrader_E10,11.489999999999998,0.00952925
Al_degrader_E10,11.55,0.0089275
Al_degrader_E10,11.61,0.00835985
Al_degrader_E10,11.669999999999998,0.00778155
Al_degrader_E10,11.73,0.0072262
Al_degrader_E10,11.79,0.0066807
Al_degrader_E10,11.85,0.0061708
Al_degrader_E10,11.91,0.0056588
Al_degrader_E10,11.969999999999999,0.00518785
Al_degrader_E10,12.03,0.00471895
Al_degrader_E10,12.09,0.00431105
Al_degrader_E10,12.149999999999999,0.00387245
Al_degrader_E10,12.21,0.00351505
Al_degrader_E10,12.27,0.00316205
Al_degrader_E10,12.329999999999998,0.00280825
Al_degrader_E10,12.39,0.0025174
Al_degrader_E10,12.45,0.00221285
Al_degrader_E10,12.51,0.0019702
Al_degrader_E10,12.57,0.0017358
Al_degrader_E10,12.629999999999999,0.0015097
Al_degrader_E10,12.69,0.0013288
Al_degrader_E10,12.75,0.001134
Al_degrader_E10,12.809999999999999,0.00099635
Al_degrader_E10,12.870000000000001,0.0008477
Al_degrader_E10,12.93,0.0007227
Al_degrader_E10,12.989999999999998,0.000622
Al_degrader_E10,13.05,0.0005218
Al_degrader_E10,13.11,0.00044215
Al_degrader_E10,13.169999999999998,0.00037
Al_degrader_E10,13.23,0.00031015
Al_degrader_E10,13.29,0.00025335
Al_degrader_E10,13.35,0.00021805
Al_degrader_E10,13.41,0.00017185
Al_degrader_E10,13.469999999999999,0.0001445
Al_degrader_E10,13.53,0.000115
Al_degrader_E10,13.59,9.405e-05
Al_degrader_E10,13.649999999999999,7.67e-05
Al_degrader_E10,13.71,5.99e-05
Al_degrader_E10,13.77,4.89e-05
Al_degrader_E10,13.829999999999998,3.71e-05
Al_degrader_E10,13.89,2.935e-05
Al_degrader_E10,13.95,2.405e-05
Al_degrader_E10,14.009999999999998,1.88e-05
Al_degrader_E10,14.07,1.39e-05
Al_degrader_E10,14.129999999999999,1.145e-05
Al_degrader_E10,14.19,9.35e-06
Al_degrader_E10,14.25,6.15e-06
Al_degrader_E10,14.309999999999999,5.5e-06
Al_degrader_E10,14.37,3.9e-06
Al_degrader_E10,14.43,2.4e-06
Al_degrader_E10,14.489999999999998,2.05e-06
Al_degrader_E10,14.55,1.55e-06
Al_degrader_E10,14.61,1.1e-06
Al_degrader_E10,14.669999999999998,9e-07
Al_degrader_E10,14.73,6e-07
Al_degrader_E10,14.79,3e-07
Al_degrader_E10,14.85,3.5e-07
Al_degrader_E10,14.91,1e-07
Al_degrader_E10,14.969999999999999,1e-07
Ni14,0.03,1.0777777777777778e-05
Ni14,0.09,4.4444444444444444e-07
Ni14,0.15,4.4444444444444444e-07
Ni14,0.21,1.111111111111111e-06
Ni14,0.27,5.555555555555555e-07
Ni14,0.32999999999999996,1e-06
Ni14,0.39,4.4444444444444444e-07
Ni14,0.44999999999999996,4.4444444444444444e-07
Ni14,0.51,1e-06
Ni14,0.5700000000000001,5.555555555555555e-07
Ni14,0.6299999999999999,8.888888888888889e-07
Ni14,0.69,5.555555555555555e-07
Ni14,0.75,1.6666666666666667e-06
Ni14,0.81,1.6666666666666667e-06
Ni14,0.8699999999999999,2.2222222222222222e-07
Ni14,0.9299999999999999,1.7777777777777777e-06
Ni14,0.99,1.6666666666666667e-06
Ni14,1.05,1.3333333333333334e-06
Ni14,1.1099999999999999,1.8888888888888888e-06
Ni14,1.17,2.222222222222222e-06
Ni14,1.23,1.5555555555555556e-06
Ni14,1.29,2.888888888888889e-06
Ni14,1.3499999999999999,2.222222222222222e-06
Ni14,1.41,3e-06
Ni14,1.47,3.5555555555555555e-06
Ni14,1.53,2.666666666666667e-06
Ni14,1.5899999999999999,4.111111111111111e-06
Ni14,1.65,2.888888888888889e-06
Ni14,1.71,4.444444444444444e-06
Ni14,1.77,6.333333333333333e-06
Ni14,1.8299999999999998,4.222222222222222e-06
Ni14,1.89,4.555555555555555e-06
Ni14,1.95,6e-06
Ni14,2.01,7.444444444444444e-06
Ni14,2.0700000000000003,7.333333333333333e-06
Ni14,2.13,8.555555555555556e-06
Ni14,2.19,1e-05
Ni14,2.25,1.0666666666666667e-05
Ni14,2.3099999999999996,1.1222222222222222e-05
Ni14,2.37,1.0444444444444445e-05
Ni14,2.4299999999999997,1.4111111111111112e-05
Ni14,2.49,1.6555555555555556e-05
Ni14,2.55,1.633333333333333e-05
Ni14,2.61,1.7666666666666668e-05
Ni14,2.67,1.9777777777777778e-05
Ni14,2.7299999999999995,2.2333333333333332e-05
Ni14,2.79,2.1333333333333335e-05
Ni14,2.8499999999999996,2.6444444444444446e-05
Ni14,2.91,2.811111111111111e-05
Ni14,2.9699999999999998,3.077777777777778e-05
Ni14,3.0300000000000002,3.3777777777777776e-05
Ni14,3.09,3.8777777777777775e-05
Ni14,3.15,4.311111111111111e-05
Ni14,3.21,4.5333333333333335e-05
Ni14,3.2699999999999996,5.3e-05
Ni14,3.33,5.555555555555556e-05
Ni14,3.3899999999999997,6.366666666666666e-05
Ni14,3.45,7.033333333333334e-05
Ni14,3.51,7.466666666666666e-05
Ni14,3.57,8.522222222222222e-05
Ni14,3.63,9.444444444444444e-05
Ni14,3.6899999999999995,9.866666666666666e-05
Ni14,3.75,0.00011255555555555556
Ni14,3.8099999999999996,0.00012355555555555554
Ni14,3.87,0.00013222222222222221
Ni14,3.9299999999999997,0.00014933333333333332
Ni14,3.9899999999999998,0.000164
Ni14,4.05,0.00017966666666666668
Ni14,4.109999999999999,0.0002048888888888889
Ni14,4.17,0.00021877777777777778
Ni14,4.23,0.0002447777777777778
Ni14,4.29,0.0002668888888888889
Ni14,4.35,0.00030744444444444444
Ni14,4.41,0.0003301111111111111
Ni14,4.47,0.0003643333333333333
Ni14,4.529999999999999,0.0003952222222222222
Ni14,4.59,0.00043588888888888887
Ni14,4.65,0.0004894444444444445
Ni14,4.71,0.0005292222222222223
Ni14,4.77,0.000578
Ni14,4.83,0.000633
Ni14,4.89,0.0007021111111111111
Ni14,4.949999999999999,0.0007662222222222222
Ni14,5.01,0.0008316666666666666
Ni14,5.07,0.0009248888888888889
Ni14,5.13,0.000996
Ni14,5.1899999999999995,0.0010936666666666666
Ni14,5.25,0.0012004444444444445
Ni14,5.31,0.0013025555555555555
Ni14,5.369999999999999,0.0014338888888888888
Ni14,5.43,0.0015411111111111112
Ni14,5.49,0.0017005555555555556
Ni14,5.55,0.0018195555555555556
Ni14,5.609999999999999,0.0020155555555555556
Ni14,5.67,0.002142
Ni14,5.73,0.002370111111111111
Ni14,5.789999999999999,0.0025294444444444444
Ni14,5.85,0.002784
Ni14,5.91,0.0029817777777777776
Ni14,5.97,0.0032613333333333335
Ni14,6.029999999999999,0.003469
Ni14,6.09,0.0037864444444444443
Ni14,6.15,0.004037
Ni14,6.21,0.004391888888888889
Ni14,6.27,0.004662444444444445
Ni14,6.33,0.005064111111111111
Ni14,6.39,0.005331666666666667
Ni14,6.449999999999999,0.005804
Ni14,6.51,0.00611
Ni14,6.57,0.006587
Ni14,6.63,0.006960888888888889
Ni14,6.6899999999999995,0.007410888888888889
Ni14,6.75,0.007859222222222222
Ni14,6.81,0.008349222222222221
Ni14,6.869999999999999,0.008858
Ni14,6.93,0.009317
Ni14,6.99,0.009826111111111112
Ni14,7.05,0.010381
Ni14,7.109999999999999,0.010863111111111112
Ni14,7.17,0.011440111111111111
Ni14,7.2299999999999995,0.011971333333333334
Ni14,7.289999999999999,0.012513
Ni14,7.35,0.013070888888888889
Ni14,7.41,0.013570777777777777
Ni14,7.47,0.014184444444444444
Ni14,7.529999999999999,0.01465711111111111
Ni14,7.59,0.015167333333333333
Ni14,7.65,0.015774555555555556
Ni14,7.709999999999999,0.016147666666666668
Ni14,7.77,0.016750888888888888
Ni14,7.83,0.01714
Ni14,7.89,0.01750811111111111
Ni14,7.949999999999999,0.018
Ni14,8.01,0.018278222222222223
Ni14,8.07,0.01874422222222222
Ni14,8.129999999999999,0.018988111111111112
Ni14,8.19,0.019148
Ni14,8.25,0.019496666666666666
Ni14,8.309999999999999,0.01961077777777778
Ni14,8.370000000000001,0.019726777777777777
Ni14,8.43,0.019844888888888888
Ni14,8.489999999999998,0.019801333333333334
Ni14,8.55,0.019792333333333332
Ni14,8.61,0.019695444444444446
Ni14,8.67,0.01954211111111111
Ni14,8.73,0.01943111111111111
Ni14,8.79,0.019196444444444443
Ni14,8.85,0.018861444444444445
Ni14,8.91,0.018537666666666668
Ni14,8.969999999999999,0.018140666666666666
Ni14,9.030000000000001,0.017740222222222223
Ni14,9.09,0.01726488888888889
Ni14,9.149999999999999,0.016793
Ni14,9.21,0.016226333333333332
Ni14,9.27,0.015709888888888888
Ni14,9.329999999999998,0.015108777777777778
Ni14,9.39,0.014480888888888889
Ni14,9.45,0.013854444444444445
Ni14,9.51,0.013221777777777778
Ni14,9.57,0.012557777777777777
Ni14,9.629999999999999,0.011907
Ni14,9.69,0.011246333333333334
Ni14,9.75,0.010629333333333333
Ni14,9.809999999999999,0.009937111111111112
Ni14,9.870000000000001,0.009320777777777779
Ni14,9.93,0.008718444444444444
Ni14,9.989999999999998,0.00810888888888889
Ni14,10.05,0.007477777777777778
Ni14,10.11,0.006918
Ni14,10.169999999999998,0.006383444444444444
Ni14,10.23,0.005868444444444444
Ni14,10.29,0.005329888888888889
Ni14,10.35,0.004871888888888889
Ni14,10.41,0.004426111111111111
Ni14,10.469999999999999,0.003989777777777778
Ni14,10.53,0.0035876666666666665
Ni14,10.59,0.003228
Ni14,10.649999999999999,0.0028864444444444445
Ni14,10.71,0.002551111111111111
Ni14,10.77,0.0022725555555555554
Ni14,10.829999999999998,0.0019933333333333335
Ni14,10.89,0.0017658888888888889
Ni14,10.95,0.0015305555555555556
Ni14,11.01,0.0013434444444444444
Ni14,11.07,0.0011566666666666667
Ni14,11.129999999999999,0.0010066666666666666
Ni14,11.19,0.0008732222222222222
Ni14,11.25,0.0007414444444444444
Ni14,11.309999999999999,0.0006426666666666667
Ni14,11.370000000000001,0.0005394444444444445
Ni14,11.43,0.00044844444444444445
Ni14,11.489999999999998,0.0003878888888888889
Ni14,11.55,0.00031977777777777777
Ni14,11.61,0.00027455555555555556
Ni14,11.669999999999998,0.00022122222222222224
Ni14,11.73,0.00018433333333333333
Ni14,11.79,0.00014711111111111112
Ni14,11.85,0.00012733333333333333
Ni14,11.91,0.00010033333333333334
Ni14,11.969999999999999,7.977777777777778e-05
Ni14,12.03,6.755555555555555e-05
Ni14,12.09,5.2444444444444445e-05
Ni14,12.149999999999999,4.2888888888888886e-05
Ni14,12.21,3.633333333333333e-05
Ni14,12.27,2.9e-05
Ni14,12.329999999999998,2.3555555555555556e-05
Ni14,12.39,1.8444444444444445e-05
Ni14,12.45,1.2666666666666667e-05
Ni14,12.51,1.1222222222222222e-05
Ni14,12.57,8.222222222222222e-06
Ni14,12.629999999999999,6.222222222222222e-06
Ni14,12.69,4.222222222222222e-06
Ni14,12.75,4.333333333333333e-06
Ni14,12.809999999999999,3e-06
Ni14,12.870000000000001,2e-06
Ni14,12.93,1.6666666666666667e-06
Ni14,12.989999999999998,1.2222222222222221e-06
Ni14,13.05,6.666666666666667e-07
Ni14,13.11,4.4444444444444444e-07
Ni14,13.169999999999998,2.2222222222222222e-07
Ni14,13.23,1.1111111111111111e-07
Sn14,0.03,5.133333333333333e-05
Sn14,0.09,3e-06
Sn14,0.15,1.3333333333333334e-06
Sn14,0.21,4.333333333333333e-06
Sn14,0.27,1.3333333333333334e-06
Sn14,0.32999999999999996,2.666666666666667e-06
Sn14,0.39,2e-06
Sn14,0.44999999999999996,2e-06
Sn14,0.51,1.6666666666666667e-06
Sn14,0.5700000000000001,5e-06
Sn14,0.6299999999999999,3e-06
Sn14,0.69,2.333333333333333e-06
Sn14,0.75,6.333333333333333e-06
Sn14,0.81,3.3333333333333333e-06
Sn14,0.8699999999999999,5.666666666666667e-06
Sn14,0.9299999999999999,5.666666666666667e-06
Sn14,0.99,5e-06
Sn14,1.05,4e-06
Sn14,1.1099999999999999,6e-06
Sn14,1.17,7.333333333333333e-06
Sn14,1.23,9.666666666666667e-06
Sn14,1.29,7.666666666666667e-06
Sn14,1.3499999999999999,5.666666666666667e-06
Sn14,1.41,7.666666666666667e-06
Sn14,1.47,1.2333333333333333e-05
Sn14,1.53,1.3666666666666667e-05
Sn14,1.5899999999999999,1.2333333333333333e-05
Sn14,1.65,1.2e-05
Sn14,1.71,1.8666666666666665e-05
Sn14,1.77,1.7e-05
Sn14,1.8299999999999998,2.0333333333333334e-05
Sn14,1.89,1.9e-05
Sn14,1.95,2.4333333333333333e-05
Sn14,2.01,2.1333333333333335e-05
Sn14,2.0700000000000003,2.8666666666666668e-05
Sn14,2.13,3.0333333333333333e-05
Sn14,2.19,3.566666666666667e-05
Sn14,2.25,3.066666666666667e-05
Sn14,2.3099999999999996,3.8e-05
Sn14,2.37,3.566666666666667e-05
Sn14,2.4299999999999997,3.9e-05
Sn14,2.49,4.3333333333333334e-05
Sn14,2.55,4.7333333333333336e-05
Sn14,2.61,5.133333333333333e-05
Sn14,2.67,5.933333333333334e-05
Sn14,2.7299999999999995,6.666666666666667e-05
Sn14,2.79,7.066666666666667e-05
Sn14,2.8499999999999996,7.933333333333333e-05
Sn14,2.91,8.933333333333333e-05
Sn14,2.9699999999999998,8.966666666666667e-05
Sn14,3.0300000000000002,0.000108
Sn14,3.09,0.00012733333333333333
Sn14,3.15,0.000118
Sn14,3.21,0.000142
Sn14,3.2699999999999996,0.00015
Sn14,3.33,0.00015466666666666667
Sn14,3.3899999999999997,0.00017633333333333333
Sn14,3.45,0.00018966666666666668
Sn14,3.51,0.000212
Sn14,3.57,0.00022366666666666666
Sn14,3.63,0.00025233333333333336
Sn14,3.6899999999999995,0.00026533333333333335
Sn14,3.75,0.0003
Sn14,3.8099999999999996,0.00033833333333333334
Sn14,3.87,0.00036766666666666664
Sn14,3.9299999999999997,0.000407
Sn14,3.9899999999999998,0.0004316666666666667
Sn14,4.05,0.0005036666666666667
Sn14,4.109999999999999,0.0005153333333333334
Sn14,4.17,0.0006033333333333333
Sn14,4.23,0.000615
Sn14,4.29,0.0006916666666666667
Sn14,4.35,0.0007536666666666667
Sn14,4.41,0.0008053333333333334
Sn14,4.47,0.0008793333333333333
Sn14,4.529999999999999,0.0009703333333333334
Sn14,4.59,0.001025
Sn14,4.65,0.001138
Sn14,4.71,0.001217
Sn14,4.77,0.0013383333333333333
Sn14,4.83,0.0014506666666666667
Sn14,4.89,0.001549
Sn14,4.949999999999999,0.001708
Sn14,5.01,0.0018316666666666668
Sn14,5.07,0.001976
Sn14,5.13,0.0021906666666666667
Sn14,5.1899999999999995,0.002296
Sn14,5.25,0.002555
Sn14,5.31,0.0027066666666666667
Sn14,5.369999999999999,0.0029853333333333333
Sn14,5.43,0.00312
Sn14,5.49,0.003449
Sn14,5.55,0.0036286666666666668
Sn14,5.609999999999999,0.003977666666666667
Sn14,5.67,0.004248666666666667
Sn14,5.73,0.004578
Sn14,5.789999999999999,0.004856666666666666
Sn14,5.85,0.005242666666666666
Sn14,5.91,0.005497333333333333
Sn14,5.97,0.005954666666666666
Sn14,6.029999999999999,0.006227666666666667
Sn14,6.09,0.006697666666666667
Sn14,6.15,0.007059
Sn14,6.21,0.0075706666666666665
Sn14,6.27,0.007908333333333333
Sn14,6.33,0.008409333333333333
Sn14,6.39,0.008856333333333334
Sn14,6.449999999999999,0.009254666666666666
Sn14,6.51,0.009847333333333333
Sn14,6.57,0.010251666666666666
Sn14,6.63,0.010862
Sn14,6.6899999999999995,0.011334333333333333
Sn14,6.75,0.011886333333333334
Sn14,6.81,0.012450333333333334
Sn14,6.869999999999999,0.012860333333333333
Sn14,6.93,0.013483666666666666
Sn14,6.99,0.013862333333333334
Sn14,7.05,0.014534666666666666
Sn14,7.109999999999999,0.014905
Sn14,7.17,0.015479333333333333
Sn14,7.2299999999999995,0.015873666666666668
Sn14,7.289999999999999,0.016223666666666667
Sn14,7.35,0.016788666666666667
Sn14,7.41,0.017105333333333334
Sn14,7.47,0.017599
Sn14,7.529999999999999,0.017898333333333332
Sn14,7.59,0.018232
Sn14,7.65,0.018693
Sn14,7.709999999999999,0.018607333333333333
Sn14,7.77,0.019012
Sn14,7.83,0.019208
Sn14,7.89,0.019274666666666666
Sn14,7.949999999999999,0.019381666666666665
Sn14,8.01,0.019433
Sn14,8.07,0.019406666666666666
Sn14,8.129999999999999,0.019284666666666665
Sn14,8.19,0.019198666666666666
Sn14,8.25,0.018846666666666668
Sn14,8.309999999999999,0.018890333333333332
Sn14,8.370000000000001,0.018465333333333334
Sn14,8.43,0.01828166666666667
Sn14,8.489999999999998,0.017818333333333332
Sn14,8.55,0.017538333333333333
Sn14,8.61,0.017107333333333332
Sn14,8.67,0.016640333333333333
Sn14,8.73,0.016121666666666666
Sn14,8.79,0.015518
Sn14,8.85,0.015013333333333333
Sn14,8.91,0.014360333333333333
Sn14,8.969999999999999,0.013795333333333333
Sn14,9.030000000000001,0.013205666666666666
Sn14,9.09,0.012612
Sn14,9.149999999999999,0.011991
Sn14,9.21,0.011356666666666666
Sn14,9.27,0.010677
Sn14,9.329999999999998,0.010056333333333334
Sn14,9.39,0.009539666666666667
Sn14,9.45,0.008806333333333333
Sn14,9.51,0.008272333333333333
Sn14,9.57,0.007670333333333334
Sn14,9.629999999999999,0.007091
Sn14,9.69,0.006585
Sn14,9.75,0.0060736666666666664
Sn14,9.809999999999999,0.005581333333333333
Sn14,9.870000000000001,0.005061666666666667
Sn14,9.93,0.004657
Sn14,9.989999999999998,0.004214
Sn14,10.05,0.003782
Sn14,10.11,0.003402333333333333
Sn14,10.169999999999998,0.0031086666666666667
Sn14,10.23,0.0027246666666666665
Sn14,10.29,0.002406
Sn14,10.35,0.0021613333333333332
Sn14,10.41,0.0019273333333333334
Sn14,10.469999999999999,0.0016573333333333334
Sn14,10.53,0.0014583333333333334
Sn14,10.59,0.0013043333333333333
Sn14,10.649999999999999,0.0010946666666666667
Sn14,10.71,0.0009676666666666667
Sn14,10.77,0.0008306666666666666
Sn14,10.829999999999998,0.0006986666666666667
Sn14,10.89,0.0006073333333333333
Sn14,10.95,0.0005253333333333334
Sn14,11.01,0.000454
Sn14,11.07,0.00037066666666666666
Sn14,11.129999999999999,0.00031966666666666667
Sn14,11.19,0.00026
Sn14,11.25,0.00021233333333333334
Sn14,11.309999999999999,0.000172
Sn14,11.370000000000001,0.00013633333333333333
Sn14,11.43,0.00011933333333333334
Sn14,11.489999999999998,0.0001
Sn14,11.55,7.866666666666666e-05
Sn14,11.61,6.866666666666666e-05
Sn14,11.669999999999998,5.333333333333333e-05
Sn14,11.73,4.1666666666666665e-05
Sn14,11.79,3.6666666666666666e-05
Sn14,11.85,3.2e-05
Sn14,11.91,2.2666666666666668e-05
Sn14,11.969999999999999,1.7e-05
Sn14,12.03,1.3e-05
Sn14,12.09,9.666666666666667e-06
Sn14,12.149999999999999,8.333333333333334e-06
Sn14,12.21,7.333333333333333e-06
Sn14,12.27,3.6666666666666666e-06
Sn14,12.329999999999998,5.333333333333334e-06
Sn14,12.39,3e-06
Sn14,12.45,2e-06
Sn14,12.51,2.666666666666667e-06
Sn14,12.57,6.666666666666667e-07
Sn14,12.629999999999999,1e-06
Ta14,0.03,0.00017575
Ta14,0.09,1.45e-05
Ta14,0.15,1.175e-05
Ta14,0.21,6.625e-06
Ta14,0.27,6.125e-06
Ta14,0.32999999999999996,9.5e-06
Ta14,0.39,8.125e-06
Ta14,0.44999999999999996,8.125e-06
Ta14,0.51,1.0875e-05
Ta14,0.5700000000000001,1.0125e-05
Ta14,0.6299999999999999,1.125e-05
Ta14,0.69,1.4375e-05
Ta14,0.75,1.2875e-05
Ta14,0.81,1.5375e-05
Ta14,0.8699999999999999,1.55e-05
Ta14,0.9299999999999999,1.8e-05
Ta14,0.99,1.675e-05
Ta14,1.05,1.975e-05
Ta14,1.1099999999999999,2.0875e-05
Ta14,1.17,2.1625e-05
Ta14,1.23,2.6e-05
Ta14,1.29,2.475e-05
Ta14,1.3499999999999999,2.9875e-05
Ta14,1.41,3.225e-05
Ta14,1.47,3.375e-05
Ta14,1.53,3.6375e-05
Ta14,1.5899999999999999,4.075e-05
Ta14,1.65,4.6625e-05
Ta14,1.71,4.1875e-05
Ta14,1.77,5e-05
Ta14,1.8299999999999998,5.9125e-05
Ta14,1.89,5.675e-05
Ta14,1.95,6.275e-05
Ta14,2.01,6.925e-05
Ta14,2.0700000000000003,7.425e-05
Ta14,2.13,7.6875e-05
Ta14,2.19,8.9125e-05
Ta14,2.25,9.2375e-05
Ta14,2.3099999999999996,9.6125e-05
Ta14,2.37,0.000111375
Ta14,2.4299999999999997,0.00011725
Ta14,2.49,0.00012675
Ta14,2.55,0.000145625
Ta14,2.61,0.00014575
Ta14,2.67,0.000167625
Ta14,2.7299999999999995,0.00018275
Ta14,2.79,0.000189875
Ta14,2.8499999999999996,0.000207125
Ta14,2.91,0.000236125
Ta14,2.9699999999999998,0.000241
Ta14,3.0300000000000002,0.000277375
Ta14,3.09,0.000297125
Ta14,3.15,0.000310625
Ta14,3.21,0.00035825
Ta14,3.2699999999999996,0.00036375
Ta14,3.33,0.000418375
Ta14,3.3899999999999997,0.000438375
Ta14,3.45,0.000471625
Ta14,3.51,0.000533625
Ta14,3.57,0.00055075
Ta14,3.63,0.00062625
Ta14,3.6899999999999995,0.00065475
Ta14,3.75,0.00072725
Ta14,3.8099999999999996,0.00076625
Ta14,3.87,0.000842
Ta14,3.9299999999999997,0.000904625
Ta14,3.9899999999999998,0.0009745
Ta14,4.05,0.001054875
Ta14,4.109999999999999,0.001133375
Ta14,4.17,0.00123225
Ta14,4.23,0.0013185
Ta14,4.29,0.001444625
Ta14,4.35,0.001537375
Ta14,4.41,0.00167225
Ta14,4.47,0.00178725
Ta14,4.529999999999999,0.0019415
Ta14,4.59,0.00207525
Ta14,4.65,0.002230625
Ta14,4.71,0.002407375
Ta14,4.77,0.00257725
Ta14,4.83,0.002777875
Ta14,4.89,0.00298
Ta14,4.949999999999999,0.003214
Ta14,5.01,0.003424125
Ta14,5.07,0.003658
Ta14,5.13,0.003914375
Ta14,5.1899999999999995,0.004184
Ta14,5.25,0.0044515
Ta14,5.31,0.004747125
Ta14,5.369999999999999,0.00507325
Ta14,5.43,0.005361625
Ta14,5.49,0.005706
Ta14,5.55,0.006044375
Ta14,5.609999999999999,0.006401
Ta14,5.67,0.006803125
Ta14,5.73,0.00713
Ta14,5.789999999999999,0.007537125
Ta14,5.85,0.00793125
Ta14,5.91,0.00838825
Ta14,5.97,0.00878375
Ta14,6.029999999999999,0.009261375
Ta14,6.09,0.009698125
Ta14,6.15,0.010163875
Ta14,6.21,0.01061725
Ta14,6.27,0.011075875
Ta14,6.33,0.01154625
Ta14,6.39,0.012060125
Ta14,6.449999999999999,0.01252575
Ta14,6.51,0.01295875
Ta14,6.57,0.013488625
Ta14,6.63,0.013896625
Ta14,6.6899999999999995,0.014356125
Ta14,6.75,0.01477575
Ta14,6.81,0.0152355
Ta14,6.869999999999999,0.01563475
Ta14,6.93,0.016058
Ta14,6.99,0.016415
Ta14,7.05,0.01673675
Ta14,7.109999999999999,0.017081875
Ta14,7.17,0.017390375
Ta14,7.2299999999999995,0.017644625
Ta14,7.289999999999999,0.017927875
Ta14,7.35,0.018152
Ta14,7.41,0.018267125
Ta14,7.47,0.0184275
Ta14,7.529999999999999,0.018514125
Ta14,7.59,0.018564625
Ta14,7.65,0.01851725
Ta14,7.709999999999999,0.01851125
Ta14,7.77,0.018451
Ta14,7.83,0.0183065
Ta14,7.89,0.018137
Ta14,7.949999999999999,0.017926125
Ta14,8.01,0.017684625
Ta14,8.07,0.01738625
Ta14,8.129999999999999,0.017076875
Ta14,8.19,0.01669275
Ta14,8.25,0.016322625
Ta14,8.309999999999999,0.01587875
Ta14,8.370000000000001,0.01537375
Ta14,8.43,0.014914
Ta14,8.489999999999998,0.0144355
Ta14,8.55,0.013893
Ta14,8.61,0.0133
Ta14,8.67,0.012769125
Ta14,8.73,0.01218075
Ta14,8.79,0.011581875
Ta14,8.85,0.011033375
Ta14,8.91,0.010471
Ta14,8.969999999999999,0.00986325
Ta14,9.030000000000001,0.009281
Ta14,9.09,0.008724375
Ta14,9.149999999999999,0.00818375
Ta14,9.21,0.007610625
Ta14,9.27,0.00708225
Ta14,9.329999999999998,0.0065685
Ta14,9.39,0.00612025
Ta14,9.45,0.005599125
Ta14,9.51,0.005143625
Ta14,9.57,0.0047025
Ta14,9.629999999999999,0.004302375
Ta14,9.69,0.003955375
Ta14,9.75,0.0035385
Ta14,9.809999999999999,0.003190125
Ta14,9.870000000000001,0.002869875
Ta14,9.93,0.002575125
Ta14,9.989999999999998,0.0022985
Ta14,10.05,0.002046375
Ta14,10.11,0.001805875
Ta14,10.169999999999998,0.001610125
Ta14,10.23,0.001391875
Ta14,10.29,0.001220375
Ta14,10.35,0.001072
Ta14,10.41,0.000938875
Ta14,10.469999999999999,0.0007975
Ta14,10.53,0.000701375
Ta14,10.59,0.000606125
Ta14,10.649999999999999,0.0005115
Ta14,10.71,0.000436375
Ta14,10.77,0.000369
Ta14,10.829999999999998,0.00031125
Ta14,10.89,0.000263875
Ta14,10.95,0.0002225
Ta14,11.01,0.00018025
Ta14,11.07,0.00015075
Ta14,11.129999999999999,0.000122
Ta14,11.19,0.000101875
Ta14,11.25,8.275e-05
Ta14,11.309999999999999,6.85e-05
Ta14,11.370000000000001,5.8375e-05
Ta14,11.43,4.6625e-05
Ta14,11.489999999999998,3.7375e-05
Ta14,11.55,3.2125e-05
Ta14,11.61,2.4125e-05
Ta14,11.669999999999998,1.9375e-05
Ta14,11.73,1.4875e-05
Ta14,11.79,1.2e-05
Ta14,11.85,9.625e-06
Ta14,11.91,7.625e-06
Ta14,11.969999999999999,5.75e-06
Ta14,12.03,4.875e-06
Ta14,12.09,3.75e-06
Ta14,12.149999999999999,3.125e-06
Ta14,12.21,1.875e-06
Ta14,12.27,1.125e-06
Ta14,12.329999999999998,1.25e-06
Ta14,12.39,5e-07
Ta14,12.45,3.75e-07
Ta14,12.51,2.5e-07
Cu14,0.03,0.0013115454545454546
Cu14,0.09,6.818181818181818e-05
Cu14,0.15,6.554545454545455e-05
Cu14,0.21,5.218181818181818e-05
Cu14,0.27,4.1636363636363634e-05
Cu14,0.32999999999999996,4.0545454545454545e-05
Cu14,0.39,4.609090909090909e-05
Cu14,0.44999999999999996,4.881818181818182e-05
Cu14,0.51,5.1727272727272726e-05
Cu14,0.5700000000000001,5.890909090909091e-05
Cu14,0.6299999999999999,6.536363636363636e-05
Cu14,0.69,6.327272727272727e-05
Cu14,0.75,7.081818181818182e-05
Cu14,0.81,7.572727272727273e-05
Cu14,0.8699999999999999,8.263636363636364e-05
Cu14,0.9299999999999999,9.40909090909091e-05
Cu14,0.99,9.209090909090909e-05
Cu14,1.05,0.00010190909090909091
Cu14,1.1099999999999999,0.00010936363636363636
Cu14,1.17,0.0001238181818181818
Cu14,1.23,0.00012754545454545454
Cu14,1.29,0.00013318181818181818
Cu14,1.3499999999999999,0.00014654545454545454
Cu14,1.41,0.00016627272727272728
Cu14,1.47,0.00016936363636363636
Cu14,1.53,0.000172
Cu14,1.5899999999999999,0.000203
Cu14,1.65,0.0002061818181818182
Cu14,1.71,0.00021281818181818183
Cu14,1.77,0.0002390909090909091
Cu14,1.8299999999999998,0.0002607272727272727
Cu14,1.89,0.0002583636363636364
Cu14,1.95,0.000294
Cu14,2.01,0.00031845454545454543
Cu14,2.0700000000000003,0.0003192727272727273
Cu14,2.13,0.00036118181818181816
Cu14,2.19,0.00038645454545454546
Cu14,2.25,0.00039736363636363634
Cu14,2.3099999999999996,0.00044327272727272726
Cu14,2.37,0.00046545454545454543
Cu14,2.4299999999999997,0.000493
Cu14,2.49,0.000552
Cu14,2.55,0.0005624545454545455
Cu14,2.61,0.0006144545454545454
Cu14,2.67,0.0006632727272727273
Cu14,2.7299999999999995,0.0006956363636363637
Cu14,2.79,0.0007599090909090909
Cu14,2.8499999999999996,0.0007978181818181818
Cu14,2.91,0.0008615454545454546
Cu14,2.9699999999999998,0.0009117272727272727
Cu14,3.0300000000000002,0.0009884545454545454
Cu14,3.09,0.0010596363636363637
Cu14,3.15,0.001113090909090909
Cu14,3.21,0.0012102727272727274
Cu14,3.2699999999999996,0.0012811818181818182
Cu14,3.33,0.0013668181818181817
Cu14,3.3899999999999997,0.0014731818181818181
Cu14,3.45,0.0015635454545454546
Cu14,3.51,0.0016784545454545455
Cu14,3.57,0.0017807272727272728
Cu14,3.63,0.0019080909090909092
Cu14,3.6899999999999995,0.0020224545454545456
Cu14,3.75,0.002175818181818182
Cu14,3.8099999999999996,0.002306727272727273
Cu14,3.87,0.002488363636363636
Cu14,3.9299999999999997,0.0026145454545454545
Cu14,3.9899999999999998,0.0028115454545454546
Cu14,4.05,0.0029627272727272727
Cu14,4.109999999999999,0.003173727272727273
Cu14,4.17,0.0033605454545454546
Cu14,4.23,0.003566636363636364
Cu14,4.29,0.003788090909090909
Cu14,4.35,0.004009363636363636
Cu14,4.41,0.004255727272727273
Cu14,4.47,0.004470272727272727
Cu14,4.529999999999999,0.0047862727272727276
Cu14,4.59,0.005022909090909091
Cu14,4.65,0.005311
Cu14,4.71,0.005602181818181818
Cu14,4.77,0.005874181818181818
Cu14,4.83,0.006212454545454545
Cu14,4.89,0.006515090909090909
Cu14,4.949999999999999,0.006878272727272728
Cu14,5.01,0.0071951818181818184
Cu14,5.07,0.007554636363636364
Cu14,5.13,0.007942
Cu14,5.1899999999999995,0.00825809090909091
Cu14,5.25,0.008689363636363636
Cu14,5.31,0.009044545454545454
Cu14,5.369999999999999,0.009439545454545454
Cu14,5.43,0.009847636363636364
Cu14,5.49,0.010265727272727274
Cu14,5.55,0.010648545454545454
Cu14,5.609999999999999,0.011076818181818182
Cu14,5.67,0.011472272727272727
Cu14,5.73,0.011867363636363636
Cu14,5.789999999999999,0.012276727272727272
Cu14,5.85,0.012721454545454546
Cu14,5.91,0.013057363636363636
Cu14,5.97,0.013474454545454545
Cu14,6.029999999999999,0.013875181818181818
Cu14,6.09,0.01423009090909091
Cu14,6.15,0.014579545454545454
Cu14,6.21,0.014931363636363637
Cu14,6.27,0.015315818181818182
Cu14,6.33,0.01552590909090909
Cu14,6.39,0.01583681818181818
Cu14,6.449999999999999,0.016199454545454545
Cu14,6.51,0.01639881818181818
Cu14,6.57,0.01661490909090909
Cu14,6.63,0.016759545454545454
Cu14,6.6899999999999995,0.017023363636363635
Cu14,6.75,0.017125363636363636
Cu14,6.81,0.017223545454545453
Cu14,6.869999999999999,0.017254636363636364
Cu14,6.93,0.017329272727272728
Cu14,6.99,0.017346545454545455
Cu14,7.05,0.017259454545454547
Cu14,7.109999999999999,0.017196090909090907
Cu14,7.17,0.017134272727272727
Cu14,7.2299999999999995,0.01697909090909091
Cu14,7.289999999999999,0.016834
Cu14,7.35,0.016569545454545455
Cu14,7.41,0.01632109090909091
Cu14,7.47,0.016036181818181817
Cu14,7.529999999999999,0.015752181818181818
Cu14,7.59,0.01544490909090909
Cu14,7.65,0.015022090909090909
Cu14,7.709999999999999,0.014619363636363637
Cu14,7.77,0.014244363636363637
Cu14,7.83,0.013778545454545455
Cu14,7.89,0.013350545454545455
Cu14,7.949999999999999,0.012873454545454546
Cu14,8.01,0.012355909090909091
Cu14,8.07,0.011867727272727273
Cu14,8.129999999999999,0.011336636363636363
Cu14,8.19,0.01084490909090909
Cu14,8.25,0.010320272727272727
Cu14,8.309999999999999,0.009811454545454545
Cu14,8.370000000000001,0.00928009090909091
Cu14,8.43,0.008764818181818183
Cu14,8.489999999999998,0.008264818181818182
Cu14,8.55,0.0077754545454545455
Cu14,8.61,0.0072903636363636365
Cu14,8.67,0.006810272727272727
Cu14,8.73,0.006326727272727273
Cu14,8.79,0.005898818181818182
Cu14,8.85,0.005453454545454545
Cu14,8.91,0.005035363636363636
Cu14,8.969999999999999,0.004631
Cu14,9.030000000000001,0.004264090909090909
Cu14,9.09,0.0038973636363636363
Cu14,9.149999999999999,0.0035505454545454547
Cu14,9.21,0.0032198181818181818
Cu14,9.27,0.002911272727272727
Cu14,9.329999999999998,0.0026287272727272726
Cu14,9.39,0.0023651818181818184
Cu14,9.45,0.0021292727272727275
Cu14,9.51,0.0018953636363636364
Cu14,9.57,0.0016879090909090908
Cu14,9.629999999999999,0.0014915454545454546
Cu14,9.69,0.0013186363636363636
Cu14,9.75,0.001157090909090909
Cu14,9.809999999999999,0.0010191818181818182
Cu14,9.870000000000001,0.0008937272727272727
Cu14,9.93,0.0007777272727272727
Cu14,9.989999999999998,0.0006692727272727272
Cu14,10.05,0.0005876363636363636
Cu14,10.11,0.0005045454545454546
Cu14,10.169999999999998,0.00042563636363636366
Cu14,10.23,0.0003671818181818182
Cu14,10.29,0.00031236363636363634
Cu14,10.35,0.000266
Cu14,10.41,0.00022481818181818182
Cu14,10.469999999999999,0.00019
Cu14,10.53,0.00015472727272727272
Cu14,10.59,0.0001301818181818182
Cu14,10.649999999999999,0.00010709090909090908
Cu14,10.71,8.745454545454546e-05
Cu14,10.77,7.345454545454545e-05
Cu14,10.829999999999998,6.054545454545454e-05
Cu14,10.89,5.072727272727273e-05
Cu14,10.95,4.0818181818181815e-05
Cu14,11.01,3.372727272727273e-05
Cu14,11.07,2.8272727272727274e-05
Cu14,11.129999999999999,2.2545454545454544e-05
Cu14,11.19,1.8454545454545456e-05
Cu14,11.25,1.4454545454545454e-05
Cu14,11.309999999999999,1.1363636363636363e-05
Cu14,11.370000000000001,8.636363636363637e-06
Cu14,11.43,6.636363636363637e-06
Cu14,11.489999999999998,5.272727272727273e-06
Cu14,11.55,4.727272727272727e-06
Cu14,11.61,3.272727272727273e-06
Cu14,11.669999999999998,2.818181818181818e-06
Cu14,11.73,2e-06
Cu14,11.79,1.1818181818181818e-06
Cu14,11.85,1e-06
Cu14,11.91,9.09090909090909e-07
Cu14,11.969999999999999,2.7272727272727274e-07
Cu14,12.03,2.7272727272727274e-07
Cu14,12.09,9.090909090909091e-08
