name,energy,flux
Ni08,27.57,6.666666666666667e-07
Ni08,27.63,3.3333333333333335e-07
Ni08,27.689999999999998,6.666666666666667e-07
Ni08,27.75,2.666666666666667e-06
Ni08,27.81,3.3333333333333333e-06
Ni08,27.869999999999997,5e-06
Ni08,27.93,1.3e-05
Ni08,27.99,1.9666666666666666e-05
Ni08,28.049999999999997,2.5666666666666666e-05
Ni08,28.11,5e-05
Ni08,28.17,7.4e-05
Ni08,28.229999999999997,0.00012233333333333334
Ni08,28.29,0.00018666666666666666
Ni08,28.35,0.000293
Ni08,28.409999999999997,0.00042733333333333333
Ni08,28.47,0.0006456666666666667
Ni08,28.53,0.0009413333333333333
Ni08,28.589999999999996,0.0013446666666666668
Ni08,28.65,0.0019243333333333332
Ni08,28.71,0.002605
Ni08,28.769999999999996,0.003563666666666667
Ni08,28.83,0.004677666666666667
Ni08,28.89,0.0061853333333333335
Ni08,28.95,0.007952666666666667
Ni08,29.009999999999998,0.010136666666666667
Ni08,29.07,0.012673
Ni08,29.13,0.015423
Ni08,29.189999999999998,0.018792333333333334
Ni08,29.25,0.022157666666666666
Ni08,29.31,0.025961
Ni08,29.369999999999997,0.030123
Ni08,29.43,0.03369266666666667
Ni08,29.49,0.037839
Ni08,29.549999999999997,0.041354
Ni08,29.61,0.044830666666666664
Ni08,29.67,0.047461666666666666
Ni08,29.729999999999997,0.04948366666666667
Ni08,29.79,0.050714
Ni08,29.85,0.051229333333333335
Ni08,29.909999999999997,0.05080933333333333
Ni08,29.97,0.04953233333333333
Ni08,30.03,0.047557
Ni08,30.089999999999996,0.044881333333333336
Ni08,30.15,0.04185933333333333
Ni08,30.21,0.038131333333333337
Ni08,30.269999999999996,0.03459366666666667
Ni08,30.33,0.030365666666666666
Ni08,30.39,0.026593666666666668
Ni08,30.45,0.022727666666666667
Ni08,30.509999999999998,0.019090666666666666
Ni08,30.57,0.01598166666666667
Ni08,30.63,0.012822333333333333
Ni08,30.689999999999998,0.010386666666666667
Ni08,30.75,0.008203666666666666
Ni08,30.81,0.006274333333333333
Ni08,30.869999999999997,0.004852666666666667
Ni08,30.93,0.003564
Ni08,30.99,0.0026626666666666665
Ni08,31.049999999999997,0.0019123333333333334
Ni08,31.11,0.0013813333333333334
Ni08,31.17,0.0009363333333333333
Ni08,31.229999999999997,0.0006746666666666666
Ni08,31.29,0.00045033333333333335
Ni08,31.35,0.0003043333333333333
Ni08,31.409999999999997,0.00018733333333333332
Ni08,31.47,0.00013066666666666665
Ni08,31.53,7.133333333333334e-05
Ni08,31.589999999999996,4.633333333333333e-05
Ni08,31.65,3.233333333333333e-05
Ni08,31.71,1.4666666666666666e-05
Ni08,31.769999999999996,1.3666666666666667e-05
Ni08,31.83,7e-06
Ni08,31.89,6e-06
Ni08,31.95,2.333333333333333e-06
Ni08,32.01,1.3333333333333334e-06
Ni08,32.07,3.3333333333333335e-07
Ni08,32.129999999999995,6.666666666666667e-07
Ni08,32.19,3.3333333333333335e-07
Sn08,27.509999999999998,1.3333333333333334e-06
Sn08,27.57,1.6666666666666667e-06
Sn08,27.63,1.3333333333333334e-06
Sn08,27.689999999999998,5e-06
Sn08,27.75,6.333333333333333e-06
Sn08,27.81,1.0666666666666667e-05
Sn08,27.869999999999997,2.5666666666666666e-05
Sn08,27.93,4.4666666666666664e-05
Sn08,27.99,5.766666666666667e-05
Sn08,28.049999999999997,8.5e-05
Sn08,28.11,0.00014566666666666667
Sn08,28.17,0.00023533333333333333
Sn08,28.229999999999997,0.00035833333333333333
Sn08,28.29,0.0005386666666666667
Sn08,28.35,0.0007953333333333333
Sn08,28.409999999999997,0.001165
Sn08,28.47,0.0017176666666666666
Sn08,28.53,0.0023816666666666665
Sn08,28.589999999999996,0.00329
Sn08,28.65,0.004413
Sn08,28.71,0.005775333333333334
Sn08,28.769999999999996,0.007553666666666667
Sn08,28.83,0.009721666666666667
Sn08,28.89,0.012358666666666667
Sn08,28.95,0.015286
Sn08,29.009999999999998,0.018712
Sn08,29.07,0.022189
Sn08,29.13,0.026182666666666667
Sn08,29.189999999999998,0.030308666666666668
Sn08,29.25,0.034327666666666666
Sn08,29.31,0.03856766666666667
Sn08,29.369999999999997,0.04253833333333333
Sn08,29.43,0.045954
Sn08,29.49,0.04908133333333333
Sn08,29.549999999999997,0.051213
Sn08,29.61,0.052401
Sn08,29.67,0.05254166666666667
Sn08,29.729999999999997,0.051817666666666665
Sn08,29.79,0.050467333333333336
Sn08,29.85,0.04830566666666666
Sn08,29.909999999999997,0.045317666666666666
Sn08,29.97,0.042135
Sn08,30.03,0.03829766666666667
Sn08,30.089999999999996,0.03403866666666667
Sn08,30.15,0.029837666666666665
Sn08,30.21,0.025741666666666666
Sn08,30.269999999999996,0.021957
Sn08,30.33,0.018157333333333334
Sn08,30.39,0.014887
Sn08,30.45,0.011946666666666666
Sn08,30.509999999999998,0.009539
Sn08,30.57,0.007448333333333334
Sn08,30.63,0.005611666666666667
Sn08,30.689999999999998,0.004242
Sn08,30.75,0.003072
Sn08,30.81,0.0021913333333333333
Sn08,30.869999999999997,0.0015933333333333333
Sn08,30.93,0.0011336666666666667
Sn08,30.99,0.00078
Sn08,31.049999999999997,0.0005403333333333333
Sn08,31.11,0.00037066666666666666
Sn08,31.17,0.00021933333333333334
Sn08,31.229999999999997,0.000132
Sn08,31.29,8.4e-05
Sn08,31.35,5.266666666666667e-05
Sn08,31.409999999999997,3.0333333333333333e-05
Sn08,31.47,2.3333333333333332e-05
Sn08,31.53,1.4333333333333334e-05
Sn08,31.589999999999996,1.0666666666666667e-05
Sn08,31.65,6.333333333333333e-06
Sn08,31.71,1.6666666666666667e-06
Sn08,31.769999999999996,1.3333333333333334e-06
Sn08,31.83,1.6666666666666667e-06
Sn08,31.89,6.666666666666667e-07
Ta08,27.27,1e-06
Ta08,27.33,3.3333333333333335e-07
Ta08,27.39,2e-06
Ta08,27.45,3e-06
Ta08,27.509999999999998,4.666666666666666e-06
Ta08,27.57,1e-05
Ta08,27.63,1.9333333333333333e-05
Ta08,27.689999999999998,2.6666666666666667e-05
Ta08,27.75,4e-05
Ta08,27.81,6.8e-05
Ta08,27.869999999999997,0.00011233333333333333
Ta08,27.93,0.00016433333333333333
Ta08,27.99,0.0002643333333333333
Ta08,28.049999999999997,0.00038366666666666665
Ta08,28.11,0.000583
Ta08,28.17,0.0008716666666666666
Ta08,28.229999999999997,0.0012403333333333333
Ta08,28.29,0.0017806666666666667
Ta08,28.35,0.002442
Ta08,28.409999999999997,0.003291
Ta08,28.47,0.004426
Ta08,28.53,0.005810666666666666
Ta08,28.589999999999996,0.00753
Ta08,28.65,0.009616333333333333
Ta08,28.71,0.012055333333333333
Ta08,28.769999999999996,0.014820333333333333
Ta08,28.83,0.018029666666666666
Ta08,28.89,0.021553333333333334
Ta08,28.95,0.025136333333333333
Ta08,29.009999999999998,0.029187333333333332
Ta08,29.07,0.03297633333333334
Ta08,29.13,0.03708433333333333
Ta08,29.189999999999998,0.04072233333333333
Ta08,29.25,0.04425233333333333
Ta08,29.31,0.047141666666666665
Ta08,29.369999999999997,0.04931133333333333
Ta08,29.43,0.05073333333333333
Ta08,29.49,0.051238
Ta08,29.549999999999997,0.051159
Ta08,29.61,0.04983033333333333
Ta08,29.67,0.04812966666666667
Ta08,29.729999999999997,0.04546133333333333
Ta08,29.79,0.04268433333333333
Ta08,29.85,0.038906666666666666
Ta08,29.909999999999997,0.03529533333333333
Ta08,29.97,0.0312
Ta08,30.03,0.027337666666666666
Ta08,30.089999999999996,0.023339333333333333
Ta08,30.15,0.019750333333333335
Ta08,30.21,0.016429
Ta08,30.269999999999996,0.013447666666666667
Ta08,30.33,0.010732333333333333
Ta08,30.39,0.008561333333333334
Ta08,30.45,0.006588
Ta08,30.509999999999998,0.005095666666666667
Ta08,30.57,0.003758
Ta08,30.63,0.0028006666666666666
Ta08,30.689999999999998,0.002008
Ta08,30.75,0.0014566666666666667
Ta08,30.81,0.001005
Ta08,30.869999999999997,0.000725
Ta08,30.93,0.00047566666666666666
Ta08,30.99,0.0003333333333333333
Ta08,31.049999999999997,0.00020433333333333333
Ta08,31.11,0.00013766666666666666
Ta08,31.17,7.866666666666666e-05
Ta08,31.229999999999997,4.933333333333333e-05
Ta08,31.29,3.3e-05
Ta08,31.35,2e-05
Ta08,31.409999999999997,1.1666666666666666e-05
Ta08,31.47,1e-05
Ta08,31.53,5.333333333333334e-06
Ta08,31.589999999999996,3.3333333333333333e-06
Ta08,31.65,1.3333333333333334e-06
Ta08,31.71,6.666666666666667e-07
Ta08,31.769999999999996,6.666666666666667e-07
Ta08,31.83,3.3333333333333335e-07
Cu08,26.97,1e-06
Cu08,27.03,3.3333333333333335e-07
Cu08,27.089999999999996,1.3333333333333334e-06
Cu08,27.15,3e-06
Cu08,27.21,3.3333333333333333e-06
Cu08,27.27,7.333333333333333e-06
Cu08,27.33,1.7333333333333332e-05
Cu08,27.39,2.2333333333333332e-05
Cu08,27.45,3.2e-05
Cu08,27.509999999999998,5.7e-05
Cu08,27.57,8.633333333333334e-05
Cu08,27.63,0.00014533333333333333
Cu08,27.689999999999998,0.00021566666666666666
Cu08,27.75,0.000312
Cu08,27.81,0.000475
Cu08,27.869999999999997,0.0007306666666666667
Cu08,27.93,0.0010173333333333334
Cu08,27.99,0.0014733333333333334
Cu08,28.049999999999997,0.002067666666666667
Cu08,28.11,0.00278
Cu08,28.17,0.0037766666666666665
Cu08,28.229999999999997,0.004941666666666666
Cu08,28.29,0.006513666666666667
Cu08,28.35,0.008272333333333333
Cu08,28.409999999999997,0.010463666666666666
Cu08,28.47,0.013019
Cu08,28.53,0.01584
Cu08,28.589999999999996,0.019171666666666667
Cu08,28.65,0.022499
Cu08,28.71,0.02627466666666667
Cu08,28.769999999999996,0.030307333333333332
Cu08,28.83,0.033891333333333336
Cu08,28.89,0.03799166666666667
Cu08,28.95,0.041279
Cu08,29.009999999999998,0.04473566666666667
Cu08,29.07,0.047316333333333335
Cu08,29.13,0.04912166666666667
Cu08,29.189999999999998,0.050380666666666664
Cu08,29.25,0.05075333333333333
Cu08,29.31,0.050258333333333335
Cu08,29.369999999999997,0.04899166666666667
Cu08,29.43,0.04704966666666666
Cu08,29.49,0.044394333333333334
Cu08,29.549999999999997,0.041478
Cu08,29.61,0.037729
Cu08,29.67,0.03419866666666667
Cu08,29.729999999999997,0.030238333333333332
Cu08,29.79,0.026415666666666667
Cu08,29.85,0.022584666666666666
Cu08,29.909999999999997,0.019011666666666666
Cu08,29.97,0.015949666666666668
Cu08,30.03,0.012905666666666666
Cu08,30.089999999999996,0.010400666666666667
Cu08,30.15,0.008276333333333333
Cu08,30.21,0.006359333333333333
Cu08,30.269999999999996,0.0049366666666666665
Cu08,30.33,0.003645
Cu08,30.39,0.0027493333333333332
Cu08,30.45,0.001947
Cu08,30.509999999999998,0.0014346666666666668
Cu08,30.57,0.000986
Cu08,30.63,0.0007066666666666666
Cu08,30.689999999999998,0.00046666666666666666
Cu08,30.75,0.00033233333333333335
Cu08,30.81,0.00020266666666666667
Cu08,30.869999999999997,0.00013433333333333334
Cu08,30.93,8.133333333333334e-05
Cu08,30.99,4.933333333333333e-05
Cu08,31.049999999999997,3.5333333333333336e-05
Cu08,31.11,1.9e-05
Cu08,31.17,1.3666666666666667e-05
Cu08,31.229999999999997,8.666666666666666e-06
Cu08,31.29,5e-06
Cu08,31.35,4e-06
Cu08,31.409999999999997,1e-06
Cu08,31.47,1e-06
Cu08,31.53,3.3333333333333335e-07
Cu08,31.589999999999996,6.666666666666667e-07
Al_degrader_E2_E1,24.75,2.857142857142857e-07
Al_degrader_E2_E1,24.81,2.857142857142857e-07
Al_degrader_E2_E1,24.869999999999997,1.4285714285714285e-07
Al_degrader_E2_E1,24.93,5.714285714285714e-07
Al_degrader_E2_E1,24.990000000000002,1.1428571428571428e-06
Al_degrader_E2_E1,25.049999999999997,1e-06
Al_degrader_E2_E1,25.11,3.4285714285714285e-06
Al_degrader_E2_E1,25.17,6.714285714285714e-06
Al_degrader_E2_E1,25.229999999999997,7.2857142857142855e-06
Al_degrader_E2_E1,25.29,9e-06
Al_degrader_E2_E1,25.35,1.657142857142857e-05
Al_degrader_E2_E1,25.409999999999997,2.757142857142857e-05
Al_degrader_E2_E1,25.47,4.157142857142857e-05
Al_degrader_E2_E1,25.53,6.342857142857143e-05
Al_degrader_E2_E1,25.589999999999996,8.757142857142857e-05
Al_degrader_E2_E1,25.65,0.000125
Al_degrader_E2_E1,25.71,0.00018185714285714287
Al_degrader_E2_E1,25.77,0.000262
Al_degrader_E2_E1,25.83,0.0003614285714285714
Al_degrader_E2_E1,25.89,0.000495
Al_degrader_E2_E1,25.95,0.0006592857142857142
Al_degrader_E2_E1,26.009999999999998,0.0008458571428571429
Al_degrader_E2_E1,26.07,0.001114
Al_degrader_E2_E1,26.13,0.0014567142857142858
Al_degrader_E2_E1,26.189999999999998,0.0018594285714285713
Al_degrader_E2_E1,26.25,0.002341857142857143
Al_degrader_E2_E1,26.31,0.002897857142857143
Al_degrader_E2_E1,26.369999999999997,0.0035264285714285714
Al_degrader_E2_E1,26.43,0.004241857142857143
Al_degrader_E2_E1,26.49,0.005086142857142857
Al_degrader_E2_E1,26.549999999999997,0.006011857142857143
Al_degrader_E2_E1,26.61,0.006997428571428571
Al_degrader_E2_E1,26.67,0.008120714285714285
Al_degrader_E2_E1,26.729999999999997,0.009174857142857143
Al_degrader_E2_E1,26.79,0.010436857142857144
Al_degrader_E2_E1,26.85,0.011625714285714286
Al_degrader_E2_E1,26.909999999999997,0.012865714285714286
Al_degrader_E2_E1,26.97,0.014108285714285714
Al_degrader_E2_E1,27.03,0.015279571428571429
Al_degrader_E2_E1,27.089999999999996,0.016318714285714287
Al_degrader_E2_E1,27.15,0.017396714285714286
Al_degrader_E2_E1,27.21,0.018530142857142856
Al_degrader_E2_E1,27.27,0.019380285714285714
Al_degrader_E2_E1,27.33,0.020277857142857143
Al_degrader_E2_E1,27.39,0.021090285714285714
Al_degrader_E2_E1,27.45,0.021614142857142856
Al_degrader_E2_E1,27.509999999999998,0.022219714285714287
Al_degrader_E2_E1,27.57,0.022780142857142856
Al_degrader_E2_E1,27.63,0.023174
Al_degrader_E2_E1,27.689999999999998,0.02358357142857143
Al_degrader_E2_E1,27.75,0.02385457142857143
Al_degrader_E2_E1,27.81,0.024028285714285714
Al_degrader_E2_E1,27.869999999999997,0.024178857142857144
Al_degrader_E2_E1,27.93,0.024439285714285715
Al_degrader_E2_E1,27.99,0.024559714285714285
Al_degrader_E2_E1,28.049999999999997,0.02464742857142857
Al_degrader_E2_E1,28.11,0.024676285714285713
Al_degrader_E2_E1,28.17,0.02469757142857143
Al_degrader_E2_E1,28.229999999999997,0.024584714285714286
Al_degrader_E2_E1,28.29,0.024690857142857143
Al_degrader_E2_E1,28.35,0.024624
Al_degrader_E2_E1,28.409999999999997,0.02443
Al_degrader_E2_E1,28.47,0.024228285714285713
Al_degrader_E2_E1,28.53,0.02400257142857143
Al_degrader_E2_E1,28.589999999999996,0.023640714285714286
Al_degrader_E2_E1,28.65,0.02325414285714286
Al_degrader_E2_E1,28.71,0.022779142857142855
Al_degrader_E2_E1,28.769999999999996,0.022206285714285713
Al_degrader_E2_E1,28.83,0.02138342857142857
Al_degrader_E2_E1,28.89,0.020532
Al_degrader_E2_E1,28.95,0.01962142857142857
Al_degrader_E2_E1,29.009999999999998,0.018658571428571427
Al_degrader_E2_E1,29.07,0.017468857142857144
Al_degrader_E2_E1,29.13,0.016162285714285716
Al_degrader_E2_E1,29.189999999999998,0.014949571428571428
Al_degrader_E2_E1,29.25,0.013459142857142857
Al_degrader_E2_E1,29.31,0.012157285714285714
Al_degrader_E2_E1,29.369999999999997,0.010897285714285714
Al_degrader_E2_E1,29.43,0.009571714285714286
Al_degrader_E2_E1,29.49,0.008295571428571428
Al_degrader_E2_E1,29.549999999999997,0.0071244285714285715
Al_degrader_E2_E1,29.61,0.005969142857142857
Al_degrader_E2_E1,29.67,0.005041142857142857
Al_degrader_E2_E1,29.729999999999997,0.004149285714285714
Al_degrader_E2_E1,29.79,0.003343
Al_degrader_E2_E1,29.85,0.0026965714285714284
Al_degrader_E2_E1,29.909999999999997,0.0020671428571428572
Al_degrader_E2_E1,29.97,0.0016595714285714287
Al_degrader_E2_E1,30.03,0.0012605714285714286
Al_degrader_E2_E1,30.089999999999996,0.000937
Al_degrader_E2_E1,30.15,0.0007075714285714286
Al_degrader_E2_E1,30.21,0.0005021428571428571
Al_degrader_E2_E1,30.269999999999996,0.000358
Al_degrader_E2_E1,30.33,0.0002564285714285714
Al_degrader_E2_E1,30.39,0.00018057142857142857
Al_degrader_E2_E1,30.45,0.00012128571428571429
Al_degrader_E2_E1,30.509999999999998,9.014285714285714e-05
Al_degrader_E2_E1,30.57,5.4857142857142857e-05
Al_degrader_E2_E1,30.63,3.442857142857143e-05
Al_degrader_E2_E1,30.689999999999998,2.1142857142857144e-05
Al_degrader_E2_E1,30.75,1.5857142857142857e-05
Al_degrader_E2_E1,30.81,8e-06
Al_degrader_E2_E1,30.869999999999997,4.142857142857143e-06
Al_degrader_E2_E1,30.93,3.857142857142857e-06
Al_degrader_E2_E1,30.99,2.2857142857142856e-06
Al_degrader_E2_E1,31.049999999999997,2.1428571428571427e-06
Al_degrader_E2_E1,31.11,7.142857142857143e-07
Al_degrader_E2_E1,31.17,2.857142857142857e-07
Al_degrader_E2_E1,31.229999999999997,1.4285714285714285e-07
Al_degrader_E2_E1,31.29,2.857142857142857e-07
Al_degrader_E2_E1,31.35,1.4285714285714285e-07
Ni09,24.39,3.3333333333333335e-07
Ni09,24.45,6.666666666666667e-07
Ni09,24.509999999999998,3.3333333333333335e-07
Ni09,24.57,1.3333333333333334e-06
Ni09,24.63,3e-06
Ni09,24.689999999999998,2.333333333333333e-06
Ni09,24.75,6.333333333333333e-06
Ni09,24.81,1.3e-05
Ni09,24.869999999999997,1.9333333333333333e-05
Ni09,24.93,2.3e-05
Ni09,24.990000000000002,4.566666666666667e-05
Ni09,25.049999999999997,6.233333333333334e-05
Ni09,25.11,9.6e-05
Ni09,25.17,0.000148
Ni09,25.229999999999997,0.00021866666666666668
Ni09,25.29,0.000318
Ni09,25.35,0.00045233333333333334
Ni09,25.409999999999997,0.000678
Ni09,25.47,0.0009386666666666666
Ni09,25.53,0.0013
Ni09,25.589999999999996,0.001799
Ni09,25.65,0.0023883333333333335
Ni09,25.71,0.003134
Ni09,25.77,0.004119
Ni09,25.83,0.005271
Ni09,25.89,0.006745
Ni09,25.95,0.008389
Ni09,26.009999999999998,0.010415
Ni09,26.07,0.012645333333333333
Ni09,26.13,0.015128
Ni09,26.189999999999998,0.018138666666666668
Ni09,26.25,0.020912
Ni09,26.31,0.024238333333333334
Ni09,26.369999999999997,0.027833666666666666
Ni09,26.43,0.030793666666666667
Ni09,26.49,0.03438633333333333
Ni09,26.549999999999997,0.037553666666666666
Ni09,26.61,0.040355666666666665
Ni09,26.67,0.04293966666666667
Ni09,26.729999999999997,0.044804333333333335
Ni09,26.79,0.046473
Ni09,26.85,0.047023333333333334
Ni09,26.909999999999997,0.04731666666666667
Ni09,26.97,0.046727
Ni09,27.03,0.045624
Ni09,27.089999999999996,0.043728666666666666
Ni09,27.15,0.041467
Ni09,27.21,0.03893233333333333
Ni09,27.27,0.03568933333333334
Ni09,27.33,0.032786
Ni09,27.39,0.029264666666666668
Ni09,27.45,0.025893
Ni09,27.509999999999998,0.022598333333333335
Ni09,27.57,0.019253333333333334
Ni09,27.63,0.016427
Ni09,27.689999999999998,0.013798333333333333
Ni09,27.75,0.011243333333333333
Ni09,27.81,0.009223
Ni09,27.869999999999997,0.007312333333333333
Ni09,27.93,0.005764666666666667
Ni09,27.99,0.004523333333333333
Ni09,28.049999999999997,0.003399
Ni09,28.11,0.0026103333333333334
Ni09,28.17,0.0018946666666666667
Ni09,28.229999999999997,0.0014133333333333333
Ni09,28.29,0.0010083333333333333
Ni09,28.35,0.000731
Ni09,28.409999999999997,0.0005166666666666667
Ni09,28.47,0.0003516666666666667
Ni09,28.53,0.000247
Ni09,28.589999999999996,0.000156
Ni09,28.65,0.00010066666666666667
Ni09,28.71,6.466666666666666e-05
Ni09,28.769999999999996,4.3666666666666666e-05
Ni09,28.83,2.9333333333333333e-05
Ni09,28.89,1.5e-05
Ni09,28.95,1.3333333333333333e-05
Ni09,29.009999999999998,7.666666666666667e-06
Ni09,29.07,4.333333333333333e-06
Ni09,29.13,4.333333333333333e-06
Ni09,29.189999999999998,1.3333333333333334e-06
Ni09,29.25,1e-06
Ni09,29.31,3.3333333333333335e-07
Ni09,29.369999999999997,6.666666666666667e-07
Sn09,24.33,6.666666666666667e-07
Sn09,24.39,2e-06
Sn09,24.45,1.3333333333333334e-06
Sn09,24.509999999999998,2e-06
Sn09,24.57,5.666666666666667e-06
Sn09,24.63,7.333333333333333e-06
Sn09,24.689999999999998,1.2e-05
Sn09,24.75,2.6e-05
Sn09,24.81,4.4e-05
Sn09,24.869999999999997,5.333333333333333e-05
Sn09,24.93,7.3e-05
Sn09,24.990000000000002,0.00012333333333333334
Sn09,25.049999999999997,0.000199
Sn09,25.11,0.00028333333333333335
Sn09,25.17,0.0004276666666666667
Sn09,25.229999999999997,0.0005913333333333334
Sn09,25.29,0.0008523333333333333
Sn09,25.35,0.001232
Sn09,25.409999999999997,0.0017083333333333334
Sn09,25.47,0.0023283333333333333
Sn09,25.53,0.003085
Sn09,25.589999999999996,0.004059666666666666
Sn09,25.65,0.005194
Sn09,25.71,0.0066096666666666665
Sn09,25.77,0.008446
Sn09,25.83,0.010466333333333333
Sn09,25.89,0.0129
Sn09,25.95,0.015675666666666668
Sn09,26.009999999999998,0.018475666666666668
Sn09,26.07,0.021642
Sn09,26.13,0.025116333333333334
Sn09,26.189999999999998,0.028547333333333334
Sn09,26.25,0.03195666666666667
Sn09,26.31,0.035631333333333334
Sn09,26.369999999999997,0.038952
Sn09,26.43,0.041863
Sn09,26.49,0.044650333333333334
Sn09,26.549999999999997,0.046727333333333336
Sn09,26.61,0.04804033333333333
Sn09,26.67,0.048427333333333336
Sn09,26.729999999999997,0.04824333333333333
Sn09,26.79,0.047361
Sn09,26.85,0.04594466666666667
Sn09,26.909999999999997,0.043947
Sn09,26.97,0.04147933333333333
Sn09,27.03,0.038593333333333334
Sn09,27.089999999999996,0.03532266666666667
Sn09,27.15,0.031732333333333335
Sn09,27.21,0.028087333333333332
Sn09,27.27,0.024612333333333333
Sn09,27.33,0.021276666666666666
Sn09,27.39,0.018045333333333333
Sn09,27.45,0.015130666666666667
Sn09,27.509999999999998,0.012404
Sn09,27.57,0.010062
Sn09,27.63,0.008197333333333333
Sn09,27.689999999999998,0.006382
Sn09,27.75,0.004958
Sn09,27.81,0.003783
Sn09,27.869999999999997,0.0028106666666666666
Sn09,27.93,0.0020583333333333335
Sn09,27.99,0.001522
Sn09,28.049999999999997,0.0011233333333333334
Sn09,28.11,0.0007996666666666666
Sn09,28.17,0.000572
Sn09,28.229999999999997,0.00039466666666666665
Sn09,28.29,0.00026
Sn09,28.35,0.000162
Sn09,28.409999999999997,0.00010233333333333333
Sn09,28.47,6.9e-05
Sn09,28.53,4.2e-05
Sn09,28.589999999999996,2.7333333333333335e-05
Sn09,28.65,2e-05
Sn09,28.71,1.3e-05
Sn09,28.769999999999996,1.0333333333333333e-05
Sn09,28.83,6e-06
Sn09,28.89,2.333333333333333e-06
Sn09,28.95,1e-06
Sn09,29.009999999999998,1.6666666666666667e-06
Sn09,29.07,1e-06
Ta09,24.03,6.666666666666667e-07
Ta09,24.089999999999996,3.3333333333333335e-07
Ta09,24.15,3.3333333333333335e-07
Ta09,24.21,1.6666666666666667e-06
Ta09,24.27,3.3333333333333333e-06
Ta09,24.33,3.6666666666666666e-06
Ta09,24.39,7.333333333333333e-06
Ta09,24.45,1.5e-05
Ta09,24.509999999999998,1.9333333333333333e-05
Ta09,24.57,2.8e-05
Ta09,24.63,4.7333333333333336e-05
Ta09,24.689999999999998,6.833333333333333e-05
Ta09,24.75,0.00011233333333333333
Ta09,24.81,0.00015633333333333333
Ta09,24.869999999999997,0.00023933333333333334
Ta09,24.93,0.00034333333333333335
Ta09,24.990000000000002,0.0005003333333333333
Ta09,25.049999999999997,0.000718
Ta09,25.11,0.0009993333333333334
Ta09,25.17,0.0014053333333333333
Ta09,25.229999999999997,0.0018986666666666668
Ta09,25.29,0.002521
Ta09,25.35,0.003341666666666667
Ta09,25.409999999999997,0.004319
Ta09,25.47,0.005533
Ta09,25.53,0.007017333333333334
Ta09,25.589999999999996,0.008758333333333333
Ta09,25.65,0.010846666666666666
Ta09,25.71,0.013071333333333334
Ta09,25.77,0.015739
Ta09,25.83,0.018622
Ta09,25.89,0.021591333333333334
Ta09,25.95,0.024955333333333333
Ta09,26.009999999999998,0.028229333333333332
Ta09,26.07,0.031421333333333336
Ta09,26.13,0.035092333333333336
Ta09,26.189999999999998,0.037893666666666666
Ta09,26.25,0.040973333333333334
Ta09,26.31,0.04343533333333333
Ta09,26.369999999999997,0.045175
Ta09,26.43,0.04667333333333333
Ta09,26.49,0.04707533333333333
Ta09,26.549999999999997,0.047315333333333334
Ta09,26.61,0.046372666666666666
Ta09,26.67,0.045235
Ta09,26.729999999999997,0.04332233333333333
Ta09,26.79,0.041046
Ta09,26.85,0.03832666666666667
Ta09,26.909999999999997,0.03520566666666667
Ta09,26.97,0.032061
Ta09,27.03,0.028559666666666667
Ta09,27.089999999999996,0.025307
Ta09,27.15,0.02191
Ta09,27.21,0.018755333333333332
Ta09,27.27,0.015868333333333335
Ta09,27.33,0.013313
Ta09,27.39,0.010829333333333333
Ta09,27.45,0.008875333333333334
Ta09,27.509999999999998,0.007003333333333334
Ta09,27.57,0.005553666666666667
Ta09,27.63,0.004325666666666667
Ta09,27.689999999999998,0.003207
Ta09,27.75,0.002491
Ta09,27.81,0.0017886666666666667
Ta09,27.869999999999997,0.001348
Ta09,27.93,0.00096
Ta09,27.99,0.000698
Ta09,28.049999999999997,0.0004886666666666667
Ta09,28.11,0.0003336666666666667
Ta09,28.17,0.000233
Ta09,28.229999999999997,0.00014933333333333332
Ta09,28.29,8.933333333333333e-05
Ta09,28.35,6.133333333333334e-05
Ta09,28.409999999999997,3.8333333333333334e-05
Ta09,28.47,2.8333333333333332e-05
Ta09,28.53,1.4333333333333334e-05
Ta09,28.589999999999996,1.3333333333333333e-05
Ta09,28.65,7.333333333333333e-06
Ta09,28.71,5e-06
Ta09,28.769999999999996,3.6666666666666666e-06
Ta09,28.83,6.666666666666667e-07
Ta09,28.89,1.3333333333333334e-06
Ta09,28.95,3.3333333333333335e-07
Ta09,29.009999999999998,6.666666666666667e-07
Cu09,23.729999999999997,6.666666666666667e-07
Cu09,23.79,3.3333333333333335e-07
Cu09,23.85,3.3333333333333335e-07
Cu09,23.909999999999997,2.666666666666667e-06
Cu09,23.97,2.333333333333333e-06
Cu09,24.03,3.6666666666666666e-06
Cu09,24.089999999999996,7e-06
Cu09,24.15,1.6666666666666667e-05
Cu09,24.21,1.9333333333333333e-05
Cu09,24.27,2.7e-05
Cu09,24.33,4.8e-05
Cu09,24.39,6.8e-05
Cu09,24.45,0.00010833333333333333
Cu09,24.509999999999998,0.000152
Cu09,24.57,0.000237
Cu09,24.63,0.00034
Cu09,24.689999999999998,0.00047533333333333336
Cu09,24.75,0.000704
Cu09,24.81,0.000954
Cu09,24.869999999999997,0.0013326666666666667
Cu09,24.93,0.001825
Cu09,24.990000000000002,0.0024103333333333333
Cu09,25.049999999999997,0.003183333333333333
Cu09,25.11,0.0040813333333333335
Cu09,25.17,0.005262
Cu09,25.229999999999997,0.006690333333333334
Cu09,25.29,0.008298333333333333
Cu09,25.35,0.010277333333333333
Cu09,25.409999999999997,0.012407666666666666
Cu09,25.47,0.014903666666666667
Cu09,25.53,0.017719
Cu09,25.589999999999996,0.020517
Cu09,25.65,0.023703333333333333
Cu09,25.71,0.027064666666666667
Cu09,25.77,0.030088666666666666
Cu09,25.83,0.033541
Cu09,25.89,0.036652
Cu09,25.95,0.039446
Cu09,26.009999999999998,0.04218266666666667
Cu09,26.07,0.04389866666666667
Cu09,26.13,0.045664
Cu09,26.189999999999998,0.046333
Cu09,26.25,0.046738
Cu09,26.31,0.04630666666666667
Cu09,26.369999999999997,0.045117333333333336
Cu09,26.43,0.043783333333333334
Cu09,26.49,0.04150633333333333
Cu09,26.549999999999997,0.039272666666666664
Cu09,26.61,0.036090333333333335
Cu09,26.67,0.033161333333333334
Cu09,26.729999999999997,0.029995
Cu09,26.79,0.026504
Cu09,26.85,0.023404333333333333
Cu09,26.909999999999997,0.020212666666666667
Cu09,26.97,0.017181666666666668
Cu09,27.03,0.014551333333333333
Cu09,27.089999999999996,0.011989
Cu09,27.15,0.009831
Cu09,27.21,0.007995
Cu09,27.27,0.0062506666666666665
Cu09,27.33,0.005013333333333333
Cu09,27.39,0.003814
Cu09,27.45,0.002885
Cu09,27.509999999999998,0.002203333333333333
Cu09,27.57,0.0015963333333333333
Cu09,27.63,0.001197
Cu09,27.689999999999998,0.000837
Cu09,27.75,0.0006263333333333333
Cu09,27.81,0.000419
Cu09,27.869999999999997,0.000306
Cu09,27.93,0.000195
Cu09,27.99,0.00013333333333333334
Cu09,28.049999999999997,8.266666666666667e-05
Cu09,28.11,5.0333333333333335e-05
Cu09,28.17,3.4e-05
Cu09,28.229999999999997,2.6666666666666667e-05
Cu09,28.29,1.2666666666666667e-05
Cu09,28.35,1.2e-05
Cu09,28.409999999999997,5.666666666666667e-06
Cu09,28.47,6.333333333333333e-06
Cu09,28.53,1.6666666666666667e-06
Cu09,28.589999999999996,1.3333333333333334e-06
Cu09,28.65,6.666666666666667e-07
Cu09,28.71,3.3333333333333335e-07
Cu09,28.769999999999996,6.666666666666667e-07
Al_degrader_E4_E3,21.27,2.2222222222222222e-07
Al_degrader_E4_E3,21.33,1.1111111111111111e-07
Al_degrader_E4_E3,21.39,1.1111111111111111e-07
Al_degrader_E4_E3,21.45,2.2222222222222222e-07
Al_degrader_E4_E3,21.509999999999998,8.888888888888889e-07
Al_degrader_E4_E3,21.57,7.777777777777778e-07
Al_degrader_E4_E3,21.63,1.2222222222222221e-06
Al_degrader_E4_E3,21.689999999999998,2.4444444444444442e-06
Al_degrader_E4_E3,21.75,4.8888888888888885e-06
Al_degrader_E4_E3,21.81,5.888888888888889e-06
Al_degrader_E4_E3,21.869999999999997,6e-06
Al_degrader_E4_E3,21.93,1.1e-05
Al_degrader_E4_E3,21.990000000000002,1.6444444444444444e-05
Al_degrader_E4_E3,22.049999999999997,2.7666666666666667e-05
Al_degrader_E4_E3,22.11,3.566666666666667e-05
Al_degrader_E4_E3,22.17,5.1555555555555556e-05
Al_degrader_E4_E3,22.229999999999997,7.011111111111111e-05
Al_degrader_E4_E3,22.29,0.00010133333333333333
Al_degrader_E4_E3,22.35,0.00014266666666666667
Al_degrader_E4_E3,22.409999999999997,0.00019444444444444443
Al_degrader_E4_E3,22.47,0.00026388888888888886
Al_degrader_E4_E3,22.53,0.000348
Al_degrader_E4_E3,22.589999999999996,0.00045244444444444444
Al_degrader_E4_E3,22.65,0.0005907777777777777
Al_degrader_E4_E3,22.71,0.0007628888888888889
Al_degrader_E4_E3,22.77,0.0009653333333333333
Al_degrader_E4_E3,22.83,0.001220111111111111
Al_degrader_E4_E3,22.89,0.0015235555555555556
Al_degrader_E4_E3,22.95,0.001882111111111111
Al_degrader_E4_E3,23.009999999999998,0.002315111111111111
Al_degrader_E4_E3,23.07,0.0027976666666666666
Al_degrader_E4_E3,23.13,0.003297111111111111
Al_degrader_E4_E3,23.189999999999998,0.003948666666666666
Al_degrader_E4_E3,23.25,0.004653555555555556
Al_degrader_E4_E3,23.31,0.005369111111111111
Al_degrader_E4_E3,23.369999999999997,0.006215
Al_degrader_E4_E3,23.43,0.0070854444444444446
Al_degrader_E4_E3,23.490000000000002,0.008000666666666666
Al_degrader_E4_E3,23.549999999999997,0.00904388888888889
Al_degrader_E4_E3,23.61,0.009986222222222223
Al_degrader_E4_E3,23.67,0.011073
Al_degrader_E4_E3,23.729999999999997,0.012117666666666667
Al_degrader_E4_E3,23.79,0.013070888888888889
Al_degrader_E4_E3,23.85,0.014153777777777777
Al_degrader_E4_E3,23.909999999999997,0.01507288888888889
Al_degrader_E4_E3,23.97,0.016012555555555554
Al_degrader_E4_E3,24.03,0.01698777777777778
Al_degrader_E4_E3,24.089999999999996,0.01770388888888889
Al_degrader_E4_E3,24.15,0.018577666666666666
Al_degrader_E4_E3,24.21,0.019225555555555555
Al_degrader_E4_E3,24.27,0.01985788888888889
Al_degrader_E4_E3,24.33,0.020516222222222224
Al_degrader_E4_E3,24.39,0.020908222222222224
Al_degrader_E4_E3,24.45,0.021395333333333332
Al_degrader_E4_E3,24.509999999999998,0.021767555555555554
Al_degrader_E4_E3,24.57,0.022122
Al_degrader_E4_E3,24.63,0.022387444444444446
Al_degrader_E4_E3,24.689999999999998,0.022623555555555556
Al_degrader_E4_E3,24.75,0.022747666666666666
Al_degrader_E4_E3,24.81,0.02293888888888889
Al_degrader_E4_E3,24.869999999999997,0.023179
Al_degrader_E4_E3,24.93,0.023103666666666668
Al_degrader_E4_E3,24.990000000000002,0.02328788888888889
Al_degrader_E4_E3,25.049999999999997,0.023235555555555554
Al_degrader_E4_E3,25.11,0.023250444444444445
Al_degrader_E4_E3,25.17,0.023345333333333333
Al_degrader_E4_E3,25.229999999999997,0.023076444444444445
Al_degrader_E4_E3,25.29,0.023113222222222223
Al_degrader_E4_E3,25.35,0.022900444444444445
Al_degrader_E4_E3,25.409999999999997,0.02274088888888889
Al_degrader_E4_E3,25.47,0.02244877777777778
Al_degrader_E4_E3,25.53,0.022086444444444443
Al_degrader_E4_E3,25.589999999999996,0.02165688888888889
Al_degrader_E4_E3,25.65,0.021162666666666666
Al_degrader_E4_E3,25.71,0.020707333333333335
Al_degrader_E4_E3,25.77,0.019876
Al_degrader_E4_E3,25.83,0.019220222222222222
Al_degrader_E4_E3,25.89,0.018373666666666667
Al_degrader_E4_E3,25.95,0.017407555555555555
Al_degrader_E4_E3,26.009999999999998,0.016539666666666668
Al_degrader_E4_E3,26.07,0.015318333333333333
Al_degrader_E4_E3,26.13,0.014271555555555555
Al_degrader_E4_E3,26.189999999999998,0.013068
Al_degrader_E4_E3,26.25,0.011963888888888888
Al_degrader_E4_E3,26.31,0.010739333333333333
Al_degrader_E4_E3,26.369999999999997,0.009636666666666667
Al_degrader_E4_E3,26.43,0.008518333333333333
Al_degrader_E4_E3,26.49,0.007475
Al_degrader_E4_E3,26.549999999999997,0.006499
Al_degrader_E4_E3,26.61,0.0055008888888888885
Al_degrader_E4_E3,26.67,0.004672888888888889
Al_degrader_E4_E3,26.729999999999997,0.003915222222222222
Al_degrader_E4_E3,26.79,0.0032492222222222224
Al_degrader_E4_E3,26.85,0.002636777777777778
Al_degrader_E4_E3,26.909999999999997,0.0021514444444444445
Al_degrader_E4_E3,26.97,0.0016758888888888889
Al_degrader_E4_E3,27.03,0.0013422222222222223
Al_degrader_E4_E3,27.089999999999996,0.001045111111111111
Al_degrader_E4_E3,27.15,0.0007866666666666666
Al_degrader_E4_E3,27.21,0.0006077777777777778
Al_degrader_E4_E3,27.27,0.00044133333333333335
Al_degrader_E4_E3,27.33,0.00032922222222222223
Al_degrader_E4_E3,27.39,0.00023511111111111112
Al_degrader_E4_E3,27.45,0.00017333333333333334
Al_degrader_E4_E3,27.509999999999998,0.00011988888888888889
Al_degrader_E4_E3,27.57,8.544444444444444e-05
Al_degrader_E4_E3,27.63,5.966666666666667e-05
Al_degrader_E4_E3,27.689999999999998,4.2888888888888886e-05
Al_degrader_E4_E3,27.75,2.388888888888889e-05
Al_degrader_E4_E3,27.81,1.577777777777778e-05
Al_degrader_E4_E3,27.869999999999997,1.1222222222222222e-05
Al_degrader_E4_E3,27.93,7.88888888888889e-06
Al_degrader_E4_E3,27.99,4.111111111111111e-06
Al_degrader_E4_E3,28.049999999999997,2.666666666666667e-06
Al_degrader_E4_E3,28.11,2.111111111111111e-06
Al_degrader_E4_E3,28.17,1.111111111111111e-06
Al_degrader_E4_E3,28.229999999999997,1.5555555555555556e-06
Al_degrader_E4_E3,28.29,2.2222222222222222e-07
Al_degrader_E4_E3,28.35,2.2222222222222222e-07
Al_degrader_E4_E3,28.409999999999997,1.1111111111111111e-07
Al_degrader_E4_E3,28.47,2.2222222222222222e-07
Ni10,20.909999999999997,1e-06
Ni10,20.97,3.3333333333333335e-07
Ni10,21.03,0.0
Ni10,21.089999999999996,2.333333333333333e-06
Ni10,21.15,2.333333333333333e-06
Ni10,21.21,2.333333333333333e-06
Ni10,21.27,5.333333333333334e-06
Ni10,21.33,1.2e-05
Ni10,21.39,1.5e-05
Ni10,21.45,2.0333333333333334e-05
Ni10,21.509999999999998,2.8e-05
Ni10,21.57,4.766666666666667e-05
Ni10,21.63,6.533333333333333e-05
Ni10,21.689999999999998,9.733333333333333e-05
Ni10,21.75,0.00013633333333333333
Ni10,21.81,0.00020033333333333334
Ni10,21.869999999999997,0.000272
Ni10,21.93,0.000385
Ni10,21.990000000000002,0.00054
Ni10,22.049999999999997,0.0007393333333333334
Ni10,22.11,0.000989
Ni10,22.17,0.0013303333333333333
Ni10,22.229999999999997,0.0017373333333333334
Ni10,22.29,0.002245
Ni10,22.35,0.002892333333333333
Ni10,22.409999999999997,0.0036366666666666665
Ni10,22.47,0.004599
Ni10,22.53,0.0057276666666666665
Ni10,22.589999999999996,0.0070093333333333336
Ni10,22.65,0.008534333333333333
Ni10,22.71,0.010310333333333333
Ni10,22.77,0.012087
Ni10,22.83,0.014349666666666667
Ni10,22.89,0.016742666666666666
Ni10,22.95,0.018982666666666665
Ni10,23.009999999999998,0.021756666666666667
Ni10,23.07,0.024642666666666667
Ni10,23.13,0.026972333333333334
Ni10,23.189999999999998,0.030014666666666665
Ni10,23.25,0.03275533333333333
Ni10,23.31,0.03493333333333333
Ni10,23.369999999999997,0.03750033333333333
Ni10,23.43,0.039383666666666664
Ni10,23.490000000000002,0.040758666666666665
Ni10,23.549999999999997,0.042084333333333335
Ni10,23.61,0.042472666666666666
Ni10,23.67,0.042847666666666666
Ni10,23.729999999999997,0.042485
Ni10,23.79,0.04151266666666667
Ni10,23.85,0.040437
Ni10,23.909999999999997,0.038615666666666666
Ni10,23.97,0.036685
Ni10,24.03,0.03443566666666667
Ni10,24.089999999999996,0.03171366666666667
Ni10,24.15,0.029318666666666666
Ni10,24.21,0.026427666666666665
Ni10,24.27,0.023575
Ni10,24.33,0.020918333333333334
Ni10,24.39,0.018235666666666667
Ni10,24.45,0.015676666666666665
Ni10,24.509999999999998,0.013529
Ni10,24.57,0.011329333333333334
Ni10,24.63,0.009454333333333334
Ni10,24.689999999999998,0.007822
Ni10,24.75,0.0062436666666666665
Ni10,24.81,0.005064666666666667
Ni10,24.869999999999997,0.004093333333333333
Ni10,24.93,0.003122
Ni10,24.990000000000002,0.0024636666666666665
Ni10,25.049999999999997,0.0018526666666666667
Ni10,25.11,0.0014036666666666666
Ni10,25.17,0.001043
Ni10,25.229999999999997,0.00077
Ni10,25.29,0.000581
Ni10,25.35,0.00040866666666666666
Ni10,25.409999999999997,0.00029233333333333336
Ni10,25.47,0.00020333333333333333
Ni10,25.53,0.00013866666666666666
Ni10,25.589999999999996,9.266666666666666e-05
Ni10,25.65,6.266666666666667e-05
Ni10,25.71,3.9e-05
Ni10,25.77,3.266666666666666e-05
Ni10,25.83,1.6e-05
Ni10,25.89,1.1333333333333334e-05
Ni10,25.95,1.0333333333333333e-05
Ni10,26.009999999999998,4.333333333333333e-06
Ni10,26.07,5.666666666666667e-06
Ni10,26.13,2.333333333333333e-06
Ni10,26.189999999999998,1e-06
Ni10,26.25,1e-06
Ni10,26.31,3.3333333333333335e-07
Ni10,26.369999999999997,6.666666666666667e-07
Sn10,20.79,6.666666666666667e-07
Sn10,20.85,1e-06
Sn10,20.909999999999997,1.6666666666666667e-06
Sn10,20.97,1.3333333333333334e-06
Sn10,21.03,3.6666666666666666e-06
Sn10,21.089999999999996,6.333333333333333e-06
Sn10,21.15,6.666666666666667e-06
Sn10,21.21,1.2666666666666667e-05
Sn10,21.27,2.5333333333333334e-05
Sn10,21.33,3.7e-05
Sn10,21.39,4.5333333333333335e-05
Sn10,21.45,6.1e-05
Sn10,21.509999999999998,8.9e-05
Sn10,21.57,0.00014133333333333334
Sn10,21.63,0.000204
Sn10,21.689999999999998,0.00029266666666666666
Sn10,21.75,0.00039266666666666665
Sn10,21.81,0.000552
Sn10,21.869999999999997,0.0007593333333333333
Sn10,21.93,0.0010533333333333334
Sn10,21.990000000000002,0.001422
Sn10,22.049999999999997,0.0018716666666666667
Sn10,22.11,0.0024553333333333332
Sn10,22.17,0.0031346666666666667
Sn10,22.229999999999997,0.003964333333333334
Sn10,22.29,0.004927666666666667
Sn10,22.35,0.006178333333333333
Sn10,22.409999999999997,0.007621
Sn10,22.47,0.009297666666666666
Sn10,22.53,0.011191333333333333
Sn10,22.589999999999996,0.013381333333333334
Sn10,22.65,0.01570066666666667
Sn10,22.71,0.018112333333333334
Sn10,22.77,0.020746333333333332
Sn10,22.83,0.023660333333333332
Sn10,22.89,0.026394333333333332
Sn10,22.95,0.029242
Sn10,23.009999999999998,0.03222133333333333
Sn10,23.07,0.03493466666666667
Sn10,23.13,0.03739833333333333
Sn10,23.189999999999998,0.03970733333333333
Sn10,23.25,0.04155333333333333
Sn10,23.31,0.04285033333333333
Sn10,23.369999999999997,0.04374033333333333
Sn10,23.43,0.043796666666666664
Sn10,23.490000000000002,0.043457666666666665
Sn10,23.549999999999997,0.04270433333333333
Sn10,23.61,0.041458
Sn10,23.67,0.03988866666666667
Sn10,23.729999999999997,0.03783533333333333
Sn10,23.79,0.035526
Sn10,23.85,0.032981666666666666
Sn10,23.909999999999997,0.030113333333333332
Sn10,23.97,0.027209666666666667
Sn10,24.03,0.024111
Sn10,24.089999999999996,0.021365
Sn10,24.15,0.018671
Sn10,24.21,0.016049666666666667
Sn10,24.27,0.013602666666666667
Sn10,24.33,0.01135
Sn10,24.39,0.009488
Sn10,24.45,0.007778333333333333
Sn10,24.509999999999998,0.006320666666666666
Sn10,24.57,0.005017
Sn10,24.63,0.003966666666666667
Sn10,24.689999999999998,0.003052
Sn10,24.75,0.002305
Sn10,24.81,0.001766
Sn10,24.869999999999997,0.0013263333333333332
Sn10,24.93,0.000994
Sn10,24.990000000000002,0.0007426666666666666
Sn10,25.049999999999997,0.0005333333333333334
Sn10,25.11,0.00040166666666666665
Sn10,25.17,0.00026066666666666664
Sn10,25.229999999999997,0.00018033333333333334
Sn10,25.29,0.00011133333333333333
Sn10,25.35,8.466666666666666e-05
Sn10,25.409999999999997,5e-05
Sn10,25.47,3.233333333333333e-05
Sn10,25.53,2.3e-05
Sn10,25.589999999999996,1.633333333333333e-05
Sn10,25.65,1.2666666666666667e-05
Sn10,25.71,1e-05
Sn10,25.77,6e-06
Sn10,25.83,2.333333333333333e-06
Sn10,25.89,1e-06
Sn10,25.95,1.3333333333333334e-06
Sn10,26.009999999999998,1e-06
Sn10,26.07,6.666666666666667e-07
Ta10,20.490000000000002,6.666666666666667e-07
Ta10,20.549999999999997,6.666666666666667e-07
Ta10,20.61,6.666666666666667e-07
Ta10,20.67,1.6666666666666667e-06
Ta10,20.729999999999997,2.666666666666667e-06
Ta10,20.79,2.666666666666667e-06
Ta10,20.85,5.333333333333334e-06
Ta10,20.909999999999997,9.666666666666667e-06
Ta10,20.97,1.7333333333333332e-05
Ta10,21.03,2.2333333333333332e-05
Ta10,21.089999999999996,2.966666666666667e-05
Ta10,21.15,4.566666666666667e-05
Ta10,21.21,6.3e-05
Ta10,21.27,0.000102
Ta10,21.33,0.000135
Ta10,21.39,0.000201
Ta10,21.45,0.00027433333333333335
Ta10,21.509999999999998,0.000373
Ta10,21.57,0.0005353333333333333
Ta10,21.63,0.000736
Ta10,21.689999999999998,0.0009933333333333333
Ta10,21.75,0.0012936666666666667
Ta10,21.81,0.001732
Ta10,21.869999999999997,0.002222
Ta10,21.93,0.0028743333333333333
Ta10,21.990000000000002,0.0036303333333333335
Ta10,22.049999999999997,0.004521666666666667
Ta10,22.11,0.005699
Ta10,22.17,0.006922666666666666
Ta10,22.229999999999997,0.008414666666666668
Ta10,22.29,0.010156
Ta10,22.35,0.012037333333333334
Ta10,22.409999999999997,0.014202333333333334
Ta10,22.47,0.01655066666666667
Ta10,22.53,0.018921666666666666
Ta10,22.589999999999996,0.021530333333333332
Ta10,22.65,0.024312
Ta10,22.71,0.026892666666666665
Ta10,22.77,0.029683
Ta10,22.83,0.03249966666666667
Ta10,22.89,0.03480966666666667
Ta10,22.95,0.03719833333333333
Ta10,23.009999999999998,0.039288
Ta10,23.07,0.040662333333333335
Ta10,23.13,0.04199
Ta10,23.189999999999998,0.042541333333333334
Ta10,23.25,0.04274533333333334
Ta10,23.31,0.042376
Ta10,23.369999999999997,0.04149666666666667
Ta10,23.43,0.040475
Ta10,23.490000000000002,0.038614
Ta10,23.549999999999997,0.036881
Ta10,23.61,0.034522
Ta10,23.67,0.031995333333333334
Ta10,23.729999999999997,0.029436666666666667
Ta10,23.79,0.026549333333333335
Ta10,23.85,0.023803
Ta10,23.909999999999997,0.021126333333333334
Ta10,23.97,0.018437
Ta10,24.03,0.015912333333333334
Ta10,24.089999999999996,0.013659
Ta10,24.15,0.011538
Ta10,24.21,0.009539333333333334
Ta10,24.27,0.007974333333333333
Ta10,24.33,0.006435666666666667
Ta10,24.39,0.005195666666666667
Ta10,24.45,0.004161666666666667
Ta10,24.509999999999998,0.0032003333333333332
Ta10,24.57,0.0025343333333333333
Ta10,24.63,0.0019243333333333332
Ta10,24.689999999999998,0.0014246666666666667
Ta10,24.75,0.0011003333333333334
Ta10,24.81,0.0007953333333333333
Ta10,24.869999999999997,0.0006116666666666667
Ta10,24.93,0.0004293333333333333
Ta10,24.990000000000002,0.000311
Ta10,25.049999999999997,0.000214
Ta10,25.11,0.000148
Ta10,25.17,9.6e-05
Ta10,25.229999999999997,6.5e-05
Ta10,25.29,4.266666666666667e-05
Ta10,25.35,3.1333333333333334e-05
Ta10,25.409999999999997,2e-05
Ta10,25.47,1.2e-05
Ta10,25.53,1.1e-05
Ta10,25.589999999999996,5.666666666666667e-06
Ta10,25.65,5e-06
Ta10,25.71,3.6666666666666666e-06
Ta10,25.77,6.666666666666667e-07
Ta10,25.83,1.3333333333333334e-06
Ta10,25.89,3.3333333333333335e-07
Ta10,25.95,6.666666666666667e-07
Cu10,20.13,6.666666666666667e-07
Cu10,20.189999999999998,3.3333333333333335e-07
Cu10,20.25,3.3333333333333335e-07
Cu10,20.31,1.3333333333333334e-06
Cu10,20.369999999999997,3e-06
Cu10,20.43,2.333333333333333e-06
Cu10,20.490000000000002,4.333333333333333e-06
Cu10,20.549999999999997,9.333333333333333e-06
Cu10,20.61,1.4666666666666666e-05
Cu10,20.67,2e-05
Cu10,20.729999999999997,2.3333333333333332e-05
Cu10,20.79,4.2e-05
Cu10,20.85,5.466666666666667e-05
Cu10,20.909999999999997,8.433333333333333e-05
Cu10,20.97,0.000122
Cu10,21.03,0.00017233333333333334
Cu10,21.089999999999996,0.00023466666666666666
Cu10,21.15,0.00032033333333333333
Cu10,21.21,0.000451
Cu10,21.27,0.0006313333333333334
Cu10,21.33,0.0008316666666666666
Cu10,21.39,0.0011206666666666667
Cu10,21.45,0.0014823333333333333
Cu10,21.509999999999998,0.0019273333333333334
Cu10,21.57,0.0024346666666666666
Cu10,21.63,0.003148666666666667
Cu10,21.689999999999998,0.003912
Cu10,21.75,0.004878
Cu10,21.81,0.006048
Cu10,21.869999999999997,0.007306666666666667
Cu10,21.93,0.008897333333333333
Cu10,21.990000000000002,0.010639333333333334
Cu10,22.049999999999997,0.012434
Cu10,22.11,0.014674666666666667
Cu10,22.17,0.016982333333333332
Cu10,22.229999999999997,0.019205333333333335
Cu10,22.29,0.021870666666666667
Cu10,22.35,0.024681
Cu10,22.409999999999997,0.02701133333333333
Cu10,22.47,0.02989
Cu10,22.53,0.03243066666666666
Cu10,22.589999999999996,0.034640333333333335
Cu10,22.65,0.037024
Cu10,22.71,0.03879433333333333
Cu10,22.77,0.040183333333333335
Cu10,22.83,0.04146433333333333
Cu10,22.89,0.041833666666666665
Cu10,22.95,0.04202366666666667
Cu10,23.009999999999998,0.041808
Cu10,23.07,0.040807666666666666
Cu10,23.13,0.039771
Cu10,23.189999999999998,0.038
Cu10,23.25,0.036313
Cu10,23.31,0.03406733333333333
Cu10,23.369999999999997,0.031510666666666666
Cu10,23.43,0.029188333333333333
Cu10,23.490000000000002,0.026308
Cu10,23.549999999999997,0.023582666666666665
Cu10,23.61,0.021053666666666665
Cu10,23.67,0.018434333333333334
Cu10,23.729999999999997,0.015933
Cu10,23.79,0.013716333333333334
Cu10,23.85,0.011714333333333334
Cu10,23.909999999999997,0.009663333333333333
Cu10,23.97,0.008171
Cu10,24.03,0.006582666666666666
Cu10,24.089999999999996,0.0053093333333333334
Cu10,24.15,0.004324
Cu10,24.21,0.0033543333333333333
Cu10,24.27,0.002605333333333333
Cu10,24.33,0.002046333333333333
Cu10,24.39,0.001523
Cu10,24.45,0.0011876666666666667
Cu10,24.509999999999998,0.000849
Cu10,24.57,0.0006546666666666667
Cu10,24.63,0.0004783333333333333
Cu10,24.689999999999998,0.000329
Cu10,24.75,0.00024733333333333335
Cu10,24.81,0.00015766666666666666
Cu10,24.869999999999997,0.00011566666666666667
Cu10,24.93,7.766666666666667e-05
Cu10,24.990000000000002,4.8e-05
Cu10,25.049999999999997,3.3e-05
Cu10,25.11,2.5333333333333334e-05
Cu10,25.17,1.3666666666666667e-05
Cu10,25.229999999999997,1.2e-05
Cu10,25.29,7.666666666666667e-06
Cu10,25.35,3.6666666666666666e-06
Cu10,25.409999999999997,5.666666666666667e-06
Cu10,25.47,1e-06
Cu10,25.53,1.3333333333333334e-06
Cu10,25.589999999999996,3.3333333333333335e-07
Cu10,25.65,3.3333333333333335e-07
Cu10,25.71,6.666666666666667e-07
Al_degrader_E6_E5,17.25,1.8181818181818183e-07
Al_degrader_E6_E5,17.310000000000002,9.090909090909091e-08
Al_degrader_E6_E5,17.369999999999997,9.090909090909091e-08
Al_degrader_E6_E5,17.43,0.0
Al_degrader_E6_E5,17.490000000000002,1.8181818181818183e-07
Al_degrader_E6_E5,17.549999999999997,6.363636363636364e-07
Al_degrader_E6_E5,17.61,8.181818181818182e-07
Al_degrader_E6_E5,17.67,5.454545454545455e-07
Al_degrader_E6_E5,17.729999999999997,1.090909090909091e-06
Al_degrader_E6_E5,17.79,2.4545454545454544e-06
Al_degrader_E6_E5,17.85,4.1818181818181814e-06
Al_degrader_E6_E5,17.909999999999997,4.636363636363636e-06
Al_degrader_E6_E5,17.97,4.1818181818181814e-06
Al_degrader_E6_E5,18.03,8e-06
Al_degrader_E6_E5,18.09,1.1636363636363637e-05
Al_degrader_E6_E5,18.15,1.7363636363636363e-05
Al_degrader_E6_E5,18.21,2.4e-05
Al_degrader_E6_E5,18.27,2.7363636363636362e-05
Al_degrader_E6_E5,18.33,4.2727272727272724e-05
Al_degrader_E6_E5,18.39,5.627272727272727e-05
Al_degrader_E6_E5,18.45,7.636363636363636e-05
Al_degrader_E6_E5,18.509999999999998,0.0001
Al_degrader_E6_E5,18.57,0.0001320909090909091
Al_degrader_E6_E5,18.63,0.00017681818181818182
Al_degrader_E6_E5,18.689999999999998,0.00022472727272727274
Al_degrader_E6_E5,18.75,0.0002972727272727273
Al_degrader_E6_E5,18.81,0.0003648181818181818
Al_degrader_E6_E5,18.869999999999997,0.0004666363636363636
Al_degrader_E6_E5,18.93,0.000578
Al_degrader_E6_E5,18.990000000000002,0.0007141818181818182
Al_degrader_E6_E5,19.049999999999997,0.0008863636363636364
Al_degrader_E6_E5,19.11,0.0010963636363636364
Al_degrader_E6_E5,19.17,0.0013155454545454544
Al_degrader_E6_E5,19.229999999999997,0.0015837272727272727
Al_degrader_E6_E5,19.29,0.001889090909090909
Al_degrader_E6_E5,19.35,0.002260272727272727
Al_degrader_E6_E5,19.409999999999997,0.0026357272727272727
Al_degrader_E6_E5,19.47,0.0030780909090909092
Al_degrader_E6_E5,19.53,0.0035816363636363637
Al_degrader_E6_E5,19.59,0.004121
Al_degrader_E6_E5,19.65,0.004683545454545454
Al_degrader_E6_E5,19.71,0.005309272727272728
Al_degrader_E6_E5,19.77,0.006012272727272727
Al_degrader_E6_E5,19.83,0.006706090909090909
Al_degrader_E6_E5,19.89,0.007496272727272727
Al_degrader_E6_E5,19.95,0.008247454545454546
Al_degrader_E6_E5,20.009999999999998,0.00906
Al_degrader_E6_E5,20.07,0.00989709090909091
Al_degrader_E6_E5,20.13,0.010717545454545455
Al_degrader_E6_E5,20.189999999999998,0.011505727272727273
Al_degrader_E6_E5,20.25,0.012293636363636364
Al_degrader_E6_E5,20.31,0.013131545454545455
Al_degrader_E6_E5,20.369999999999997,0.013867
Al_degrader_E6_E5,20.43,0.014661727272727272
Al_degrader_E6_E5,20.490000000000002,0.015320454545454545
Al_degrader_E6_E5,20.549999999999997,0.016029727272727272
Al_degrader_E6_E5,20.61,0.016643363636363637
Al_degrader_E6_E5,20.67,0.017240727272727272
Al_degrader_E6_E5,20.729999999999997,0.01775518181818182
Al_degrader_E6_E5,20.79,0.018239363636363637
Al_degrader_E6_E5,20.85,0.01869409090909091
Al_degrader_E6_E5,20.909999999999997,0.019085454545454544
Al_degrader_E6_E5,20.97,0.019434636363636362
Al_degrader_E6_E5,21.03,0.019725909090909093
Al_degrader_E6_E5,21.089999999999996,0.020042181818181817
Al_degrader_E6_E5,21.15,0.020226818181818183
Al_degrader_E6_E5,21.21,0.02051509090909091
Al_degrader_E6_E5,21.27,0.020614636363636363
Al_degrader_E6_E5,21.33,0.020805272727272728
Al_degrader_E6_E5,21.39,0.02091027272727273
Al_degrader_E6_E5,21.45,0.02101890909090909
Al_degrader_E6_E5,21.509999999999998,0.021055181818181817
Al_degrader_E6_E5,21.57,0.021126727272727273
Al_degrader_E6_E5,21.63,0.021148363636363635
Al_degrader_E6_E5,21.689999999999998,0.021128272727272728
Al_degrader_E6_E5,21.75,0.021077636363636364
Al_degrader_E6_E5,21.81,0.021029363636363638
Al_degrader_E6_E5,21.869999999999997,0.02095872727272727
Al_degrader_E6_E5,21.93,0.02082881818181818
Al_degrader_E6_E5,21.990000000000002,0.020667818181818183
Al_degrader_E6_E5,22.049999999999997,0.020396272727272728
Al_degrader_E6_E5,22.11,0.020194090909090908
Al_degrader_E6_E5,22.17,0.019804636363636365
Al_degrader_E6_E5,22.229999999999997,0.019466454545454544
Al_degrader_E6_E5,22.29,0.01899718181818182
Al_degrader_E6_E5,22.35,0.018531909090909092
Al_degrader_E6_E5,22.409999999999997,0.01788290909090909
Al_degrader_E6_E5,22.47,0.01733590909090909
Al_degrader_E6_E5,22.53,0.01655890909090909
Al_degrader_E6_E5,22.589999999999996,0.015822909090909092
Al_degrader_E6_E5,22.65,0.014990818181818182
Al_degrader_E6_E5,22.71,0.014131545454545454
Al_degrader_E6_E5,22.77,0.013201272727272726
Al_degrader_E6_E5,22.83,0.012285
Al_degrader_E6_E5,22.89,0.011301363636363637
Al_degrader_E6_E5,22.95,0.01037590909090909
Al_degrader_E6_E5,23.009999999999998,0.009410181818181818
Al_degrader_E6_E5,23.07,0.008505818181818182
Al_degrader_E6_E5,23.13,0.007587
Al_degrader_E6_E5,23.189999999999998,0.006722545454545454
Al_degrader_E6_E5,23.25,0.005903090909090909
Al_degrader_E6_E5,23.31,0.005146181818181818
Al_degrader_E6_E5,23.369999999999997,0.004422818181818181
Al_degrader_E6_E5,23.43,0.0037897272727272727
Al_degrader_E6_E5,23.490000000000002,0.003181818181818182
Al_degrader_E6_E5,23.549999999999997,0.002677818181818182
Al_degrader_E6_E5,23.61,0.0022277272727272727
Al_degrader_E6_E5,23.67,0.0018228181818181817
Al_degrader_E6_E5,23.729999999999997,0.0014592727272727272
Al_degrader_E6_E5,23.79,0.0011961818181818182
Al_degrader_E6_E5,23.85,0.0009563636363636364
Al_degrader_E6_E5,23.909999999999997,0.0007360909090909091
Al_degrader_E6_E5,23.97,0.0005811818181818181
Al_degrader_E6_E5,24.03,0.0004468181818181818
Al_degrader_E6_E5,24.089999999999996,0.0003320909090909091
Al_degrader_E6_E5,24.15,0.00025
Al_degrader_E6_E5,24.21,0.0001890909090909091
Al_degrader_E6_E5,24.27,0.00013754545454545454
Al_degrader_E6_E5,24.33,0.00010381818181818182
Al_degrader_E6_E5,24.39,7.154545454545455e-05
Al_degrader_E6_E5,24.45,5.6181818181818184e-05
Al_degrader_E6_E5,24.509999999999998,3.481818181818182e-05
Al_degrader_E6_E5,24.57,2.6181818181818183e-05
Al_degrader_E6_E5,24.63,1.6090909090909092e-05
Al_degrader_E6_E5,24.689999999999998,1.1545454545454546e-05
Al_degrader_E6_E5,24.75,7.454545454545455e-06
Al_degrader_E6_E5,24.81,5e-06
Al_degrader_E6_E5,24.869999999999997,3.4545454545454545e-06
Al_degrader_E6_E5,24.93,2.6363636363636364e-06
Al_degrader_E6_E5,24.990000000000002,1.4545454545454546e-06
Al_degrader_E6_E5,25.049999999999997,1e-06
Al_degrader_E6_E5,25.11,1.2727272727272728e-06
Al_degrader_E6_E5,25.17,4.545454545454545e-07
Al_degrader_E6_E5,25.229999999999997,9.090909090909091e-08
Al_degrader_E6_E5,25.29,9.090909090909091e-08
Al_degrader_E6_E5,25.35,9.090909090909091e-08
Al_degrader_E6_E5,25.409999999999997,1.8181818181818183e-07
Ni11,16.83,6.666666666666667e-07
Ni11,16.89,3.3333333333333335e-07
Ni11,16.95,3.3333333333333335e-07
Ni11,17.009999999999998,3.3333333333333335e-07
Ni11,17.07,2e-06
Ni11,17.13,2.333333333333333e-06
Ni11,17.189999999999998,1.6666666666666667e-06
Ni11,17.25,3e-06
Ni11,17.310000000000002,6.666666666666667e-06
Ni11,17.369999999999997,1.3666666666666667e-05
Ni11,17.43,1.2666666666666667e-05
Ni11,17.490000000000002,1.8e-05
Ni11,17.549999999999997,2.2333333333333332e-05
Ni11,17.61,3.766666666666667e-05
Ni11,17.67,4.8333333333333334e-05
Ni11,17.729999999999997,6.866666666666666e-05
Ni11,17.79,9.733333333333333e-05
Ni11,17.85,0.00012433333333333334
Ni11,17.909999999999997,0.000177
Ni11,17.97,0.00023033333333333334
Ni11,18.03,0.000313
Ni11,18.09,0.000409
Ni11,18.15,0.0005496666666666666
Ni11,18.21,0.00071
Ni11,18.27,0.000911
Ni11,18.33,0.0011963333333333333
Ni11,18.39,0.0014866666666666667
Ni11,18.45,0.0018756666666666668
Ni11,18.509999999999998,0.0022903333333333335
Ni11,18.57,0.0028846666666666665
Ni11,18.63,0.0035046666666666668
Ni11,18.689999999999998,0.004283
Ni11,18.75,0.0051526666666666665
Ni11,18.81,0.006112
Ni11,18.869999999999997,0.007278
Ni11,18.93,0.008660333333333334
Ni11,18.990000000000002,0.009941666666666666
Ni11,19.049999999999997,0.011516
Ni11,19.11,0.013249333333333333
Ni11,19.17,0.015169333333333333
Ni11,19.229999999999997,0.016840333333333332
Ni11,19.29,0.019022
Ni11,19.35,0.02121666666666667
Ni11,19.409999999999997,0.023128333333333334
Ni11,19.47,0.025291666666666667
Ni11,19.53,0.02748
Ni11,19.59,0.029459666666666665
Ni11,19.65,0.031164
Ni11,19.71,0.03315733333333333
Ni11,19.77,0.03450633333333333
Ni11,19.83,0.03567733333333333
Ni11,19.89,0.036810333333333334
Ni11,19.95,0.037241333333333335
Ni11,20.009999999999998,0.03765966666666667
Ni11,20.07,0.037581333333333335
Ni11,20.13,0.03721633333333333
Ni11,20.189999999999998,0.036396
Ni11,20.25,0.03560566666666667
Ni11,20.31,0.03419833333333333
Ni11,20.369999999999997,0.032689
Ni11,20.43,0.031109
Ni11,20.490000000000002,0.028961
Ni11,20.549999999999997,0.027219
Ni11,20.61,0.024962666666666668
Ni11,20.67,0.022801333333333333
Ni11,20.729999999999997,0.020652666666666666
Ni11,20.79,0.018477666666666667
Ni11,20.85,0.016460666666666665
Ni11,20.909999999999997,0.014366
Ni11,20.97,0.01265
Ni11,21.03,0.010925333333333334
Ni11,21.089999999999996,0.009263
Ni11,21.15,0.007887
Ni11,21.21,0.006715666666666667
Ni11,21.27,0.0054013333333333335
Ni11,21.33,0.004535333333333333
Ni11,21.39,0.0037326666666666667
Ni11,21.45,0.002941333333333333
Ni11,21.509999999999998,0.0023703333333333332
Ni11,21.57,0.001886
Ni11,21.63,0.001446
Ni11,21.689999999999998,0.0011446666666666667
Ni11,21.75,0.0008656666666666667
Ni11,21.81,0.0006703333333333333
Ni11,21.869999999999997,0.0005146666666666666
Ni11,21.93,0.000366
Ni11,21.990000000000002,0.00028966666666666664
Ni11,22.049999999999997,0.00020866666666666668
Ni11,22.11,0.00013133333333333335
Ni11,22.17,0.000114
Ni11,22.229999999999997,6.933333333333333e-05
Ni11,22.29,4.3666666666666666e-05
Ni11,22.35,3.5333333333333336e-05
Ni11,22.409999999999997,2.8e-05
Ni11,22.47,1.4e-05
Ni11,22.53,1e-05
Ni11,22.589999999999996,1.1e-05
Ni11,22.65,5.666666666666667e-06
Ni11,22.71,3e-06
Ni11,22.77,4.666666666666666e-06
Ni11,22.83,1.3333333333333334e-06
Ni11,22.89,1e-06
Ni11,22.95,3.3333333333333335e-07
Ni11,23.009999999999998,3.3333333333333335e-07
Ni11,23.07,6.666666666666667e-07
Sn11,16.71,6.666666666666667e-07
Sn11,16.77,1e-06
Sn11,16.83,1.3333333333333334e-06
Sn11,16.89,1e-06
Sn11,16.95,2e-06
Sn11,17.009999999999998,3.6666666666666666e-06
Sn11,17.07,4.666666666666666e-06
Sn11,17.13,5e-06
Sn11,17.189999999999998,8e-06
Sn11,17.25,1.7666666666666668e-05
Sn11,17.310000000000002,2.7333333333333335e-05
Sn11,17.369999999999997,3.566666666666667e-05
Sn11,17.43,3.8e-05
Sn11,17.490000000000002,5.3666666666666666e-05
Sn11,17.549999999999997,7.033333333333334e-05
Sn11,17.61,0.00010866666666666666
Sn11,17.67,0.00015433333333333334
Sn11,17.729999999999997,0.00020166666666666667
Sn11,17.79,0.00027666666666666665
Sn11,17.85,0.0003573333333333333
Sn11,17.909999999999997,0.00048
Sn11,17.97,0.000621
Sn11,18.03,0.0008393333333333333
Sn11,18.09,0.0010846666666666667
Sn11,18.15,0.001397
Sn11,18.21,0.0017686666666666667
Sn11,18.27,0.0022196666666666667
Sn11,18.33,0.0027476666666666665
Sn11,18.39,0.003362
Sn11,18.45,0.004086333333333333
Sn11,18.509999999999998,0.0049306666666666665
Sn11,18.57,0.005944333333333334
Sn11,18.63,0.00713
Sn11,18.689999999999998,0.008479333333333334
Sn11,18.75,0.009934333333333333
Sn11,18.81,0.011585666666666666
Sn11,18.869999999999997,0.013312333333333334
Sn11,18.93,0.015175666666666667
Sn11,18.990000000000002,0.017071
Sn11,19.049999999999997,0.019266
Sn11,19.11,0.021374
Sn11,19.17,0.023565
Sn11,19.229999999999997,0.02568
Sn11,19.29,0.028053
Sn11,19.35,0.030088333333333335
Sn11,19.409999999999997,0.032068
Sn11,19.47,0.033894
Sn11,19.53,0.03546666666666667
Sn11,19.59,0.03680833333333333
Sn11,19.65,0.03779933333333333
Sn11,19.71,0.038392333333333334
Sn11,19.77,0.038456
Sn11,19.83,0.03823666666666667
Sn11,19.89,0.037725
Sn11,19.95,0.036972333333333336
Sn11,20.009999999999998,0.03585766666666667
Sn11,20.07,0.034469
Sn11,20.13,0.032917
Sn11,20.189999999999998,0.031015
Sn11,20.25,0.029116
Sn11,20.31,0.026920333333333334
Sn11,20.369999999999997,0.024628
Sn11,20.43,0.022284666666666668
Sn11,20.490000000000002,0.020064
Sn11,20.549999999999997,0.017913666666666668
Sn11,20.61,0.015881666666666665
Sn11,20.67,0.013773
Sn11,20.729999999999997,0.011932333333333333
Sn11,20.79,0.010130666666666666
Sn11,20.85,0.008671
Sn11,20.909999999999997,0.007288666666666666
Sn11,20.97,0.006161
Sn11,21.03,0.005021
Sn11,21.089999999999996,0.004064
Sn11,21.15,0.0032973333333333335
Sn11,21.21,0.0025973333333333334
Sn11,21.27,0.002037
Sn11,21.33,0.0015846666666666667
Sn11,21.39,0.0012466666666666668
Sn11,21.45,0.0009623333333333334
Sn11,21.509999999999998,0.000738
Sn11,21.57,0.000572
Sn11,21.63,0.00042866666666666666
Sn11,21.689999999999998,0.0003193333333333333
Sn11,21.75,0.00021433333333333333
Sn11,21.81,0.000159
Sn11,21.869999999999997,0.00010133333333333333
Sn11,21.93,7.266666666666667e-05
Sn11,21.990000000000002,5.633333333333333e-05
Sn11,22.049999999999997,3.5333333333333336e-05
Sn11,22.11,2.2333333333333332e-05
Sn11,22.17,1.8e-05
Sn11,22.229999999999997,1.4e-05
Sn11,22.29,1.1333333333333334e-05
Sn11,22.35,8e-06
Sn11,22.409999999999997,5.666666666666667e-06
Sn11,22.47,1.6666666666666667e-06
Sn11,22.53,1.3333333333333334e-06
Sn11,22.589999999999996,1e-06
Sn11,22.65,1.3333333333333334e-06
Sn11,22.71,1e-06
Ta11,16.35,6.666666666666667e-07
Ta11,16.409999999999997,3.3333333333333335e-07
Ta11,16.47,3.3333333333333335e-07
Ta11,16.53,1e-06
Ta11,16.59,1.6666666666666667e-06
Ta11,16.65,2.333333333333333e-06
Ta11,16.71,2.333333333333333e-06
Ta11,16.77,3.3333333333333333e-06
Ta11,16.83,6.666666666666667e-06
Ta11,16.89,1.1666666666666666e-05
Ta11,16.95,1.3666666666666667e-05
Ta11,17.009999999999998,2.1e-05
Ta11,17.07,2.4333333333333333e-05
Ta11,17.13,3.5e-05
Ta11,17.189999999999998,4.8666666666666666e-05
Ta11,17.25,7.1e-05
Ta11,17.310000000000002,9.933333333333334e-05
Ta11,17.369999999999997,0.000121
Ta11,17.43,0.00018133333333333334
Ta11,17.490000000000002,0.000232
Ta11,17.549999999999997,0.0002953333333333333
Ta11,17.61,0.00041066666666666666
Ta11,17.67,0.000547
Ta11,17.729999999999997,0.0006896666666666667
Ta11,17.79,0.0009133333333333334
Ta11,17.85,0.001148
Ta11,17.909999999999997,0.0014733333333333334
Ta11,17.97,0.0018316666666666668
Ta11,18.03,0.002274
Ta11,18.09,0.0028116666666666667
Ta11,18.15,0.003417
Ta11,18.21,0.004148666666666667
Ta11,18.27,0.005032
Ta11,18.33,0.0059693333333333334
Ta11,18.39,0.00708
Ta11,18.45,0.008364333333333333
Ta11,18.509999999999998,0.009771666666666666
Ta11,18.57,0.011190333333333333
Ta11,18.63,0.012918666666666667
Ta11,18.689999999999998,0.014727333333333334
Ta11,18.75,0.016580666666666667
Ta11,18.81,0.018554666666666667
Ta11,18.869999999999997,0.020602333333333334
Ta11,18.93,0.02266
Ta11,18.990000000000002,0.024659
Ta11,19.049999999999997,0.026967333333333333
Ta11,19.11,0.028873333333333334
Ta11,19.17,0.030699
Ta11,19.229999999999997,0.03248533333333333
Ta11,19.29,0.03423966666666667
Ta11,19.35,0.035167666666666667
Ta11,19.409999999999997,0.036414666666666665
Ta11,19.47,0.037021
Ta11,19.53,0.03729
Ta11,19.59,0.037498333333333335
Ta11,19.65,0.037128666666666664
Ta11,19.71,0.036332333333333335
Ta11,19.77,0.035672
Ta11,19.83,0.034347666666666665
Ta11,19.89,0.03288
Ta11,19.95,0.03143833333333333
Ta11,20.009999999999998,0.029399666666666668
Ta11,20.07,0.027526
Ta11,20.13,0.025565333333333332
Ta11,20.189999999999998,0.023229666666666666
Ta11,20.25,0.021177333333333333
Ta11,20.31,0.019068
Ta11,20.369999999999997,0.016936333333333334
Ta11,20.43,0.014954333333333333
Ta11,20.490000000000002,0.013099333333333333
Ta11,20.549999999999997,0.011400333333333333
Ta11,20.61,0.009817333333333334
Ta11,20.67,0.008241666666666666
Ta11,20.729999999999997,0.007056333333333334
Ta11,20.79,0.005810666666666666
Ta11,20.85,0.004836
Ta11,20.909999999999997,0.003995
Ta11,20.97,0.003197
Ta11,21.03,0.002544666666666667
Ta11,21.089999999999996,0.002059333333333333
Ta11,21.15,0.0016023333333333334
Ta11,21.21,0.0012343333333333334
Ta11,21.27,0.0009883333333333333
Ta11,21.33,0.0007303333333333334
Ta11,21.39,0.0005826666666666667
Ta11,21.45,0.0004276666666666667
Ta11,21.509999999999998,0.00031133333333333333
Ta11,21.57,0.00024333333333333333
Ta11,21.63,0.00016666666666666666
Ta11,21.689999999999998,0.000125
Ta11,21.75,7.666666666666667e-05
Ta11,21.81,5.833333333333333e-05
Ta11,21.869999999999997,3.8e-05
Ta11,21.93,2.7666666666666667e-05
Ta11,21.990000000000002,2.2666666666666668e-05
Ta11,22.049999999999997,1.3666666666666667e-05
Ta11,22.11,1e-05
Ta11,22.17,8.666666666666666e-06
Ta11,22.229999999999997,3.6666666666666666e-06
Ta11,22.29,5.333333333333334e-06
Ta11,22.35,2.333333333333333e-06
Ta11,22.409999999999997,6.666666666666667e-07
Ta11,22.47,1.3333333333333334e-06
Ta11,22.53,0.0
Ta11,22.589999999999996,6.666666666666667e-07
Ta11,22.65,3.3333333333333335e-07
Cu11,15.93,6.666666666666667e-07
Cu11,15.989999999999998,3.3333333333333335e-07
Cu11,16.049999999999997,3.3333333333333335e-07
Cu11,16.11,6.666666666666667e-07
Cu11,16.17,1.6666666666666667e-06
Cu11,16.229999999999997,2e-06
Cu11,16.29,2e-06
Cu11,16.35,3e-06
Cu11,16.409999999999997,6e-06
Cu11,16.47,1e-05
Cu11,16.53,1.4e-05
Cu11,16.59,1.7333333333333332e-05
Cu11,16.65,1.9e-05
Cu11,16.71,3.4666666666666665e-05
Cu11,16.77,4e-05
Cu11,16.83,5.7333333333333336e-05
Cu11,16.89,8.533333333333334e-05
Cu11,16.95,0.00011233333333333333
Cu11,17.009999999999998,0.00015066666666666668
Cu11,17.07,0.00019533333333333333
Cu11,17.13,0.00025633333333333335
Cu11,17.189999999999998,0.000334
Cu11,17.25,0.000453
Cu11,17.310000000000002,0.0005923333333333334
Cu11,17.369999999999997,0.0007523333333333334
Cu11,17.43,0.0009813333333333334
Cu11,17.490000000000002,0.0012563333333333333
Cu11,17.549999999999997,0.0015293333333333333
Cu11,17.61,0.0019143333333333334
Cu11,17.67,0.002368
Cu11,17.729999999999997,0.002902
Cu11,17.79,0.0034956666666666665
Cu11,17.85,0.004251
Cu11,17.909999999999997,0.005108
Cu11,17.97,0.0060483333333333335
Cu11,18.03,0.007129
Cu11,18.09,0.008419
Cu11,18.15,0.009698
Cu11,18.21,0.011132
Cu11,18.27,0.012834333333333333
Cu11,18.33,0.014576666666666667
Cu11,18.39,0.016235
Cu11,18.45,0.018238666666666667
Cu11,18.509999999999998,0.020263666666666666
Cu11,18.57,0.022240666666666666
Cu11,18.63,0.024039
Cu11,18.689999999999998,0.026286
Cu11,18.75,0.028227
Cu11,18.81,0.029808666666666667
Cu11,18.869999999999997,0.031806
Cu11,18.93,0.033279666666666666
Cu11,18.990000000000002,0.03435233333333333
Cu11,19.049999999999997,0.035468
Cu11,19.11,0.036277333333333335
Cu11,19.17,0.03651633333333333
Cu11,19.229999999999997,0.03674733333333333
Cu11,19.29,0.036586
Cu11,19.35,0.035862
Cu11,19.409999999999997,0.03527333333333333
Cu11,19.47,0.034126333333333335
Cu11,19.53,0.03270466666666667
Cu11,19.59,0.031427333333333335
Cu11,19.65,0.029642
Cu11,19.71,0.027689666666666668
Cu11,19.77,0.025832666666666667
Cu11,19.83,0.023840666666666666
Cu11,19.89,0.021667
Cu11,19.95,0.019648666666666665
Cu11,20.009999999999998,0.017633666666666666
Cu11,20.07,0.015667666666666667
Cu11,20.13,0.013712333333333333
Cu11,20.189999999999998,0.01207
Cu11,20.25,0.010508
Cu11,20.31,0.008881333333333333
Cu11,20.369999999999997,0.007578666666666667
Cu11,20.43,0.006478666666666666
Cu11,20.490000000000002,0.005282666666666666
Cu11,20.549999999999997,0.004403
Cu11,20.61,0.003673
Cu11,20.67,0.002907
Cu11,20.729999999999997,0.002325
Cu11,20.79,0.001885
Cu11,20.85,0.0014416666666666666
Cu11,20.909999999999997,0.0011483333333333332
Cu11,20.97,0.0008966666666666667
Cu11,21.03,0.0006723333333333334
Cu11,21.089999999999996,0.0005323333333333333
Cu11,21.15,0.00039466666666666665
Cu11,21.21,0.0002916666666666667
Cu11,21.27,0.00022433333333333333
Cu11,21.33,0.000152
Cu11,21.39,0.00011233333333333333
Cu11,21.45,7.466666666666666e-05
Cu11,21.509999999999998,5.4e-05
Cu11,21.57,3.633333333333333e-05
Cu11,21.63,2.7333333333333335e-05
Cu11,21.689999999999998,2.1333333333333335e-05
Cu11,21.75,1.1333333333333334e-05
Cu11,21.81,1.0666666666666667e-05
Cu11,21.869999999999997,8e-06
Cu11,21.93,3.6666666666666666e-06
Cu11,21.990000000000002,5.333333333333334e-06
Cu11,22.049999999999997,2e-06
Cu11,22.11,6.666666666666667e-07
Cu11,22.17,1.3333333333333334e-06
Cu11,22.229999999999997,0.0
Cu11,22.29,6.666666666666667e-07
Cu11,22.35,3.3333333333333335e-07
Al_degrader_E8_E7,12.39,1.3333333333333334e-07
Al_degrader_E8_E7,12.45,6.666666666666667e-08
Al_degrader_E8_E7,12.51,6.666666666666667e-08
Al_degrader_E8_E7,12.57,0.0
Al_degrader_E8_E7,12.629999999999999,6.666666666666667e-08
Al_degrader_E8_E7,12.69,3.3333333333333335e-07
Al_degrader_E8_E7,12.75,4e-07
Al_degrader_E8_E7,12.809999999999999,3.3333333333333335e-07
Al_degrader_E8_E7,12.870000000000001,3.3333333333333335e-07
Al_degrader_E8_E7,12.93,7.333333333333333e-07
Al_degrader_E8_E7,12.989999999999998,1e-06
Al_degrader_E8_E7,13.05,1.8e-06
Al_degrader_E8_E7,13.11,2.4e-06
Al_degrader_E8_E7,13.169999999999998,2.333333333333333e-06
Al_degrader_E8_E7,13.23,3.1333333333333335e-06
Al_degrader_E8_E7,13.29,3.8e-06
Al_degrader_E8_E7,13.35,6.4e-06
Al_degrader_E8_E7,13.41,6.6e-06
Al_degrader_E8_E7,13.469999999999999,9.8e-06
Al_degrader_E8_E7,13.53,1.26e-05
Al_degrader_E8_E7,13.59,1.7133333333333334e-05
Al_degrader_E8_E7,13.649999999999999,1.9933333333333334e-05
Al_degrader_E8_E7,13.71,2.9133333333333334e-05
Al_degrader_E8_E7,13.77,3.3266666666666664e-05
Al_degrader_E8_E7,13.829999999999998,4.3666666666666666e-05
Al_degrader_E8_E7,13.89,5.553333333333333e-05
Al_degrader_E8_E7,13.95,6.96e-05
Al_degrader_E8_E7,14.009999999999998,9.113333333333333e-05
Al_degrader_E8_E7,14.07,0.00010953333333333333
Al_degrader_E8_E7,14.129999999999999,0.000142
Al_degrader_E8_E7,14.19,0.00016826666666666667
Al_degrader_E8_E7,14.25,0.000216
Al_degrader_E8_E7,14.309999999999999,0.00025553333333333333
Al_degrader_E8_E7,14.37,0.00031393333333333334
Al_degrader_E8_E7,14.43,0.00037273333333333336
Al_degrader_E8_E7,14.489999999999998,0.0004544
Al_degrader_E8_E7,14.55,0.0005382
Al_degrader_E8_E7,14.61,0.0006427333333333333
Al_degrader_E8_E7,14.669999999999998,0.0007590666666666666
Al_degrader_E8_E7,14.73,0.0009091333333333334
Al_degrader_E8_E7,14.79,0.0010554666666666667
Al_degrader_E8_E7,14.85,0.001232
Al_degrader_E8_E7,14.91,0.0014250666666666668
Al_degrader_E8_E7,14.969999999999999,0.0016749333333333334
Al_degrader_E8_E7,15.03,0.0018952666666666666
Al_degrader_E8_E7,15.09,0.0021716
Al_degrader_E8_E7,15.149999999999999,0.0024711333333333335
Al_degrader_E8_E7,15.21,0.0028316
Al_degrader_E8_E7,15.27,0.0031663333333333335
Al_degrader_E8_E7,15.329999999999998,0.0035252
Al_degrader_E8_E7,15.39,0.0039618
Al_degrader_E8_E7,15.45,0.004440266666666666
Al_degrader_E8_E7,15.509999999999998,0.004892866666666666
Al_degrader_E8_E7,15.57,0.005323133333333333
Al_degrader_E8_E7,15.629999999999999,0.0059122666666666665
Al_degrader_E8_E7,15.69,0.0064646
Al_degrader_E8_E7,15.75,0.0070131333333333335
Al_degrader_E8_E7,15.809999999999999,0.007537933333333333
Al_degrader_E8_E7,15.87,0.008186333333333334
Al_degrader_E8_E7,15.93,0.008788466666666666
Al_degrader_E8_E7,15.989999999999998,0.009339133333333333
Al_degrader_E8_E7,16.049999999999997,0.0099176
Al_degrader_E8_E7,16.11,0.010530066666666667
Al_degrader_E8_E7,16.17,0.011165333333333333
Al_degrader_E8_E7,16.229999999999997,0.011654933333333334
Al_degrader_E8_E7,16.29,0.012218933333333333
Al_degrader_E8_E7,16.35,0.012813266666666667
Al_degrader_E8_E7,16.409999999999997,0.013312266666666666
Al_degrader_E8_E7,16.47,0.013769933333333333
Al_degrader_E8_E7,16.53,0.0142736
Al_degrader_E8_E7,16.59,0.0147324
Al_degrader_E8_E7,16.65,0.015143733333333333
Al_degrader_E8_E7,16.71,0.015505133333333334
Al_degrader_E8_E7,16.77,0.015912933333333334
Al_degrader_E8_E7,16.83,0.016214533333333333
Al_degrader_E8_E7,16.89,0.016526266666666668
Al_degrader_E8_E7,16.95,0.016805
Al_degrader_E8_E7,17.009999999999998,0.017073133333333334
Al_degrader_E8_E7,17.07,0.017298133333333333
Al_degrader_E8_E7,17.13,0.017496666666666667
Al_degrader_E8_E7,17.189999999999998,0.017687333333333333
Al_degrader_E8_E7,17.25,0.017854533333333332
Al_degrader_E8_E7,17.310000000000002,0.0179852
Al_degrader_E8_E7,17.369999999999997,0.018091666666666666
Al_degrader_E8_E7,17.43,0.018250733333333335
Al_degrader_E8_E7,17.490000000000002,0.018298
Al_degrader_E8_E7,17.549999999999997,0.0183754
Al_degrader_E8_E7,17.61,0.018428
Al_degrader_E8_E7,17.67,0.0184908
Al_degrader_E8_E7,17.729999999999997,0.0184858
Al_degrader_E8_E7,17.79,0.018466866666666668
Al_degrader_E8_E7,17.85,0.018503466666666666
Al_degrader_E8_E7,17.909999999999997,0.018417266666666668
Al_degrader_E8_E7,17.97,0.018351
Al_degrader_E8_E7,18.03,0.0182772
Al_degrader_E8_E7,18.09,0.0181616
Al_degrader_E8_E7,18.15,0.017991066666666666
Al_degrader_E8_E7,18.21,0.017805666666666668
Al_degrader_E8_E7,18.27,0.0176162
Al_degrader_E8_E7,18.33,0.017295933333333333
Al_degrader_E8_E7,18.39,0.017031266666666666
Al_degrader_E8_E7,18.45,0.0167
Al_degrader_E8_E7,18.509999999999998,0.016289533333333335
Al_degrader_E8_E7,18.57,0.015864133333333332
Al_degrader_E8_E7,18.63,0.015396533333333334
Al_degrader_E8_E7,18.689999999999998,0.014893066666666666
Al_degrader_E8_E7,18.75,0.0142682
Al_degrader_E8_E7,18.81,0.013745533333333334
Al_degrader_E8_E7,18.869999999999997,0.013092466666666667
Al_degrader_E8_E7,18.93,0.0123786
Al_degrader_E8_E7,18.990000000000002,0.0116994
Al_degrader_E8_E7,19.049999999999997,0.011025133333333333
Al_degrader_E8_E7,19.11,0.0102322
Al_degrader_E8_E7,19.17,0.009518866666666667
Al_degrader_E8_E7,19.229999999999997,0.0088224
Al_degrader_E8_E7,19.29,0.008074533333333333
Al_degrader_E8_E7,19.35,0.0073316
Al_degrader_E8_E7,19.409999999999997,0.006699733333333333
Al_degrader_E8_E7,19.47,0.006023333333333334
Al_degrader_E8_E7,19.53,0.005331466666666666
Al_degrader_E8_E7,19.59,0.0047944
Al_degrader_E8_E7,19.65,0.004212666666666667
Al_degrader_E8_E7,19.71,0.0036663333333333335
Al_degrader_E8_E7,19.77,0.0031748666666666665
Al_degrader_E8_E7,19.83,0.0027676666666666665
Al_degrader_E8_E7,19.89,0.002357133333333333
Al_degrader_E8_E7,19.95,0.0019784
Al_degrader_E8_E7,20.009999999999998,0.0016836666666666666
Al_degrader_E8_E7,20.07,0.0014141333333333333
Al_degrader_E8_E7,20.13,0.0011466666666666667
Al_degrader_E8_E7,20.189999999999998,0.0009579333333333334
Al_degrader_E8_E7,20.25,0.0007878
Al_degrader_E8_E7,20.31,0.0006265333333333333
Al_degrader_E8_E7,20.369999999999997,0.0005023333333333334
Al_degrader_E8_E7,20.43,0.000398
Al_degrader_E8_E7,20.490000000000002,0.0003148
Al_degrader_E8_E7,20.549999999999997,0.00024533333333333335
Al_degrader_E8_E7,20.61,0.0001886
Al_degrader_E8_E7,20.67,0.000144
Al_degrader_E8_E7,20.729999999999997,0.00011213333333333334
Al_degrader_E8_E7,20.79,8.46e-05
Al_degrader_E8_E7,20.85,6.0933333333333335e-05
Al_degrader_E8_E7,20.909999999999997,4.72e-05
Al_degrader_E8_E7,20.97,3.513333333333333e-05
Al_degrader_E8_E7,21.03,2.34e-05
Al_degrader_E8_E7,21.089999999999996,1.7733333333333332e-05
Al_degrader_E8_E7,21.15,1.2e-05
Al_degrader_E8_E7,21.21,7.8e-06
Al_degrader_E8_E7,21.27,6.4e-06
Al_degrader_E8_E7,21.33,4.266666666666667e-06
Al_degrader_E8_E7,21.39,2.666666666666667e-06
Al_degrader_E8_E7,21.45,2.1333333333333334e-06
Al_degrader_E8_E7,21.509999999999998,1.7333333333333334e-06
Al_degrader_E8_E7,21.57,1e-06
Al_degrader_E8_E7,21.63,7.333333333333333e-07
Al_degrader_E8_E7,21.689999999999998,7.333333333333333e-07
Al_degrader_E8_E7,21.75,2.6666666666666667e-07
Al_degrader_E8_E7,21.81,2e-07
Al_degrader_E8_E7,21.869999999999997,6.666666666666667e-08
Al_degrader_E8_E7,21.93,6.666666666666667e-08
Al_degrader_E8_E7,21.990000000000002,1.3333333333333334e-07
Ni12,11.79,6.666666666666667e-07
Ni12,11.85,3.3333333333333335e-07
Ni12,11.91,0.0
Ni12,11.969999999999999,3.3333333333333335e-07
Ni12,12.03,0.0
Ni12,12.09,1.3333333333333334e-06
Ni12,12.149999999999999,1.3333333333333334e-06
Ni12,12.21,2e-06
Ni12,12.27,1.6666666666666667e-06
Ni12,12.329999999999998,1.6666666666666667e-06
Ni12,12.39,4e-06
Ni12,12.45,6e-06
Ni12,12.51,9.666666666666667e-06
Ni12,12.57,1.0333333333333333e-05
Ni12,12.629999999999999,1.2666666666666667e-05
Ni12,12.69,1.3666666666666667e-05
Ni12,12.75,2.1e-05
Ni12,12.809999999999999,2.9333333333333333e-05
Ni12,12.870000000000001,3.233333333333333e-05
Ni12,12.93,4.633333333333333e-05
Ni12,12.989999999999998,6.0666666666666666e-05
Ni12,13.05,7.7e-05
Ni12,13.11,9.633333333333333e-05
Ni12,13.169999999999998,0.00013
Ni12,13.23,0.00015066666666666668
Ni12,13.29,0.00019333333333333333
Ni12,13.35,0.000252
Ni12,13.41,0.0003026666666666667
Ni12,13.469999999999999,0.00039733333333333336
Ni12,13.53,0.0004946666666666667
Ni12,13.59,0.0005956666666666667
Ni12,13.649999999999999,0.00073
Ni12,13.71,0.0008983333333333333
Ni12,13.77,0.0011083333333333333
Ni12,13.829999999999998,0.0013166666666666667
Ni12,13.89,0.0015666666666666667
Ni12,13.95,0.0018446666666666668
Ni12,14.009999999999998,0.0022756666666666667
Ni12,14.07,0.002593
Ni12,14.129999999999999,0.003088
Ni12,14.19,0.0036266666666666665
Ni12,14.25,0.004205666666666667
Ni12,14.309999999999999,0.00484
Ni12,14.37,0.005626
Ni12,14.43,0.006429666666666667
Ni12,14.489999999999998,0.007336666666666667
Ni12,14.55,0.008259666666666667
Ni12,14.61,0.009278666666666666
Ni12,14.669999999999998,0.010458666666666666
Ni12,14.73,0.011748
Ni12,14.79,0.012921
Ni12,14.85,0.014097333333333333
Ni12,14.91,0.015632666666666666
Ni12,14.969999999999999,0.017125
Ni12,15.03,0.018559
Ni12,15.09,0.019684
Ni12,15.149999999999999,0.021493333333333333
Ni12,15.21,0.022871
Ni12,15.27,0.024274333333333332
Ni12,15.329999999999998,0.025367333333333332
Ni12,15.39,0.026897333333333332
Ni12,15.45,0.027994
Ni12,15.509999999999998,0.028851666666666668
Ni12,15.57,0.029647333333333335
Ni12,15.629999999999999,0.030521
Ni12,15.69,0.030984666666666667
Ni12,15.75,0.031065333333333334
Ni12,15.809999999999999,0.031441333333333335
Ni12,15.87,0.031314666666666664
Ni12,15.93,0.031003666666666665
Ni12,15.989999999999998,0.030459
Ni12,16.049999999999997,0.030037333333333333
Ni12,16.11,0.029082666666666666
Ni12,16.17,0.028124
Ni12,16.229999999999997,0.027061333333333333
Ni12,16.29,0.02589433333333333
Ni12,16.35,0.024498333333333334
Ni12,16.409999999999997,0.023135333333333334
Ni12,16.47,0.021762666666666666
Ni12,16.53,0.020202666666666667
Ni12,16.59,0.018569333333333334
Ni12,16.65,0.017202333333333333
Ni12,16.71,0.015596333333333334
Ni12,16.77,0.014209
Ni12,16.83,0.012604333333333334
Ni12,16.89,0.011453666666666666
Ni12,16.95,0.010135666666666666
Ni12,17.009999999999998,0.008913333333333334
Ni12,17.07,0.007744333333333333
Ni12,17.13,0.0067803333333333335
Ni12,17.189999999999998,0.005959333333333333
Ni12,17.25,0.004986
Ni12,17.310000000000002,0.0041726666666666665
Ni12,17.369999999999997,0.0036576666666666667
Ni12,17.43,0.0030423333333333335
Ni12,17.490000000000002,0.002471
Ni12,17.549999999999997,0.0020696666666666667
Ni12,17.61,0.0017223333333333333
Ni12,17.67,0.001379
Ni12,17.729999999999997,0.001107
Ni12,17.79,0.0008996666666666667
Ni12,17.85,0.0007116666666666667
Ni12,17.909999999999997,0.000557
Ni12,17.97,0.000462
Ni12,18.03,0.000348
Ni12,18.09,0.00026533333333333335
Ni12,18.15,0.000208
Ni12,18.21,0.000158
Ni12,18.27,0.000112
Ni12,18.33,9.366666666666666e-05
Ni12,18.39,5.933333333333334e-05
Ni12,18.45,4.4666666666666664e-05
Ni12,18.509999999999998,3.1e-05
Ni12,18.57,2.7333333333333335e-05
Ni12,18.63,2.0333333333333334e-05
Ni12,18.689999999999998,1.0666666666666667e-05
Ni12,18.75,8e-06
Ni12,18.81,9.666666666666667e-06
Ni12,18.869999999999997,5.333333333333334e-06
Ni12,18.93,3.3333333333333333e-06
Ni12,18.990000000000002,4.333333333333333e-06
Ni12,19.049999999999997,2e-06
Ni12,19.11,1e-06
Ni12,19.17,1e-06
Ni12,19.229999999999997,3.3333333333333335e-07
Ni12,19.29,3.3333333333333335e-07
Ni12,19.35,3.3333333333333335e-07
Ni12,19.409999999999997,3.3333333333333335e-07
Sn12,11.669999999999998,6.666666666666667e-07
Sn12,11.73,1e-06
Sn12,11.79,1.3333333333333334e-06
Sn12,11.85,3.3333333333333335e-07
Sn12,11.91,6.666666666666667e-07
Sn12,11.969999999999999,1.6666666666666667e-06
Sn12,12.03,1.6666666666666667e-06
Sn12,12.09,3.6666666666666666e-06
Sn12,12.149999999999999,3.6666666666666666e-06
Sn12,12.21,5e-06
Sn12,12.27,6.666666666666667e-06
Sn12,12.329999999999998,1.0333333333333333e-05
Sn12,12.39,1.7e-05
Sn12,12.45,2.3333333333333332e-05
Sn12,12.51,2.6e-05
Sn12,12.57,2.9333333333333333e-05
Sn12,12.629999999999999,3.5e-05
Sn12,12.69,4.5333333333333335e-05
Sn12,12.75,6.133333333333334e-05
Sn12,12.809999999999999,7.933333333333333e-05
Sn12,12.870000000000001,0.00010633333333333333
Sn12,12.93,0.000142
Sn12,12.989999999999998,0.000177
Sn12,13.05,0.000218
Sn12,13.11,0.00028133333333333336
Sn12,13.169999999999998,0.000344
Sn12,13.23,0.00041966666666666666
Sn12,13.29,0.0005223333333333333
Sn12,13.35,0.000669
Sn12,13.41,0.000823
Sn12,13.469999999999999,0.001018
Sn12,13.53,0.001218
Sn12,13.59,0.0014853333333333333
Sn12,13.649999999999999,0.001789
Sn12,13.71,0.002088
Sn12,13.77,0.002520333333333333
Sn12,13.829999999999998,0.002915333333333333
Sn12,13.89,0.003414
Sn12,13.95,0.003996
Sn12,14.009999999999998,0.004658
Sn12,14.07,0.005366333333333333
Sn12,14.129999999999999,0.006232333333333334
Sn12,14.19,0.007116
Sn12,14.25,0.008094333333333334
Sn12,14.309999999999999,0.009216333333333333
Sn12,14.37,0.010370333333333334
Sn12,14.43,0.011543666666666667
Sn12,14.489999999999998,0.012834333333333333
Sn12,14.55,0.014071333333333333
Sn12,14.61,0.015585
Sn12,14.669999999999998,0.017101
Sn12,14.73,0.018474
Sn12,14.79,0.019913
Sn12,14.85,0.021428333333333334
Sn12,14.91,0.023054666666666668
Sn12,14.969999999999999,0.024435
Sn12,15.03,0.025885
Sn12,15.09,0.027085333333333333
Sn12,15.149999999999999,0.028415666666666665
Sn12,15.21,0.029394666666666666
Sn12,15.27,0.030402
Sn12,15.329999999999998,0.031159333333333334
Sn12,15.39,0.031581333333333336
Sn12,15.45,0.03188666666666667
Sn12,15.509999999999998,0.031806
Sn12,15.57,0.031717333333333333
Sn12,15.629999999999999,0.03136766666666667
Sn12,15.69,0.030944
Sn12,15.75,0.030221333333333333
Sn12,15.809999999999999,0.029444666666666668
Sn12,15.87,0.028441
Sn12,15.93,0.027344
Sn12,15.989999999999998,0.026082
Sn12,16.049999999999997,0.024708333333333332
Sn12,16.11,0.023341
Sn12,16.17,0.021692333333333334
Sn12,16.229999999999997,0.020109
Sn12,16.29,0.018420333333333334
Sn12,16.35,0.016942333333333334
Sn12,16.409999999999997,0.015448333333333333
Sn12,16.47,0.013929333333333333
Sn12,16.53,0.012512666666666667
Sn12,16.59,0.011081333333333334
Sn12,16.65,0.009828
Sn12,16.71,0.008560333333333333
Sn12,16.77,0.007510666666666666
Sn12,16.83,0.006482333333333333
Sn12,16.89,0.005641
Sn12,16.95,0.00479
Sn12,17.009999999999998,0.004032666666666667
Sn12,17.07,0.003377666666666667
Sn12,17.13,0.0028393333333333335
Sn12,17.189999999999998,0.0023293333333333334
Sn12,17.25,0.0018953333333333333
Sn12,17.310000000000002,0.0015183333333333333
Sn12,17.369999999999997,0.001241
Sn12,17.43,0.0009963333333333332
Sn12,17.490000000000002,0.000812
Sn12,17.549999999999997,0.000649
Sn12,17.61,0.0005146666666666666
Sn12,17.67,0.00040333333333333334
Sn12,17.729999999999997,0.000316
Sn12,17.79,0.000245
Sn12,17.85,0.00017833333333333332
Sn12,17.909999999999997,0.00013
Sn12,17.97,8.933333333333333e-05
Sn12,18.03,6.866666666666666e-05
Sn12,18.09,5.2333333333333336e-05
Sn12,18.15,3.7e-05
Sn12,18.21,2.6666666666666667e-05
Sn12,18.27,1.8e-05
Sn12,18.33,1.5e-05
Sn12,18.39,1.2333333333333333e-05
Sn12,18.45,9.333333333333333e-06
Sn12,18.509999999999998,8e-06
Sn12,18.57,7e-06
Sn12,18.63,3.3333333333333333e-06
Sn12,18.689999999999998,1.3333333333333334e-06
Sn12,18.75,6.666666666666667e-07
Sn12,18.81,1e-06
Sn12,18.869999999999997,1e-06
Sn12,18.93,1e-06
Sn12,18.990000000000002,3.3333333333333335e-07
Ta12,11.19,6.666666666666667e-07
Ta12,11.25,3.3333333333333335e-07
Ta12,11.309999999999999,3.3333333333333335e-07
Ta12,11.370000000000001,0.0
Ta12,11.43,1e-06
Ta12,11.489999999999998,6.666666666666667e-07
Ta12,11.55,2e-06
Ta12,11.61,1.3333333333333334e-06
Ta12,11.669999999999998,2.333333333333333e-06
Ta12,11.73,2.666666666666667e-06
Ta12,11.79,5e-06
Ta12,11.85,5.333333333333334e-06
Ta12,11.91,1.1333333333333334e-05
Ta12,11.969999999999999,9.666666666666667e-06
Ta12,12.03,1.6e-05
Ta12,12.09,1.4666666666666666e-05
Ta12,12.149999999999999,2.4e-05
Ta12,12.21,2.7e-05
Ta12,12.27,3.566666666666667e-05
Ta12,12.329999999999998,4.633333333333333e-05
Ta12,12.39,6.433333333333333e-05
Ta12,12.45,8.266666666666667e-05
Ta12,12.51,9.4e-05
Ta12,12.57,0.00012533333333333334
Ta12,12.629999999999999,0.00016066666666666668
Ta12,12.69,0.0002
Ta12,12.75,0.00023633333333333332
Ta12,12.809999999999999,0.00031666666666666665
Ta12,12.870000000000001,0.00037966666666666666
Ta12,12.93,0.00048466666666666667
Ta12,12.989999999999998,0.0005883333333333333
Ta12,13.05,0.000726
Ta12,13.11,0.0008733333333333334
Ta12,13.169999999999998,0.0010723333333333333
Ta12,13.23,0.0012593333333333334
Ta12,13.29,0.0015233333333333334
Ta12,13.35,0.0017956666666666668
Ta12,13.41,0.002152
Ta12,13.469999999999999,0.0025326666666666666
Ta12,13.53,0.002908
Ta12,13.59,0.0034453333333333332
Ta12,13.649999999999999,0.004022666666666667
Ta12,13.71,0.0045776666666666665
Ta12,13.77,0.005299333333333333
Ta12,13.829999999999998,0.006096
Ta12,13.89,0.006917
Ta12,13.95,0.007905333333333334
Ta12,14.009999999999998,0.008784
Ta12,14.07,0.009885
Ta12,14.129999999999999,0.011085
Ta12,14.19,0.01223
Ta12,14.25,0.013505333333333333
Ta12,14.309999999999999,0.014739666666666667
Ta12,14.37,0.016228666666666666
Ta12,14.43,0.017606666666666666
Ta12,14.489999999999998,0.018894333333333332
Ta12,14.55,0.020281333333333332
Ta12,14.61,0.021884666666666667
Ta12,14.669999999999998,0.02321
Ta12,14.73,0.024390333333333333
Ta12,14.79,0.025654333333333335
Ta12,14.85,0.027047
Ta12,14.91,0.028066666666666667
Ta12,14.969999999999999,0.028789333333333333
Ta12,15.03,0.029644
Ta12,15.09,0.030261666666666666
Ta12,15.149999999999999,0.03063
Ta12,15.21,0.030768666666666666
Ta12,15.27,0.031083
Ta12,15.329999999999998,0.030729666666666666
Ta12,15.39,0.030325
Ta12,15.45,0.029990666666666665
Ta12,15.509999999999998,0.029301333333333332
Ta12,15.57,0.028396333333333332
Ta12,15.629999999999999,0.027376333333333332
Ta12,15.69,0.026544
Ta12,15.75,0.025181666666666668
Ta12,15.809999999999999,0.023845
Ta12,15.87,0.022536
Ta12,15.93,0.021209333333333334
Ta12,15.989999999999998,0.019529333333333333
Ta12,16.049999999999997,0.018112333333333334
Ta12,16.11,0.016755
Ta12,16.17,0.015149666666666667
Ta12,16.229999999999997,0.013767666666666666
Ta12,16.29,0.012328666666666667
Ta12,16.35,0.011054333333333333
Ta12,16.409999999999997,0.009921
Ta12,16.47,0.008682333333333334
Ta12,16.53,0.007600333333333333
Ta12,16.59,0.006652333333333333
Ta12,16.65,0.0057543333333333335
Ta12,16.71,0.00492
Ta12,16.77,0.004200333333333334
Ta12,16.83,0.003547666666666667
Ta12,16.89,0.0030256666666666665
Ta12,16.95,0.002481
Ta12,17.009999999999998,0.0020166666666666666
Ta12,17.07,0.0017163333333333334
Ta12,17.13,0.0013933333333333332
Ta12,17.189999999999998,0.001087
Ta12,17.25,0.0009136666666666667
Ta12,17.310000000000002,0.0007263333333333333
Ta12,17.369999999999997,0.0005616666666666667
Ta12,17.43,0.00047266666666666665
Ta12,17.490000000000002,0.00036133333333333335
Ta12,17.549999999999997,0.0002703333333333333
Ta12,17.61,0.00022366666666666666
Ta12,17.67,0.00016366666666666667
Ta12,17.729999999999997,0.000122
Ta12,17.79,9.266666666666666e-05
Ta12,17.85,6.266666666666667e-05
Ta12,17.909999999999997,4.933333333333333e-05
Ta12,17.97,3.1666666666666666e-05
Ta12,18.03,2.7e-05
Ta12,18.09,2.1333333333333335e-05
Ta12,18.15,1.4666666666666666e-05
Ta12,18.21,9.333333333333333e-06
Ta12,18.27,8.666666666666666e-06
Ta12,18.33,7.666666666666667e-06
Ta12,18.39,3.3333333333333333e-06
Ta12,18.45,3.3333333333333333e-06
Ta12,18.509999999999998,4e-06
Ta12,18.57,1e-06
Ta12,18.63,6.666666666666667e-07
Ta12,18.689999999999998,1e-06
Ta12,18.75,0.0
Ta12,18.81,6.666666666666667e-07
Ta12,18.869999999999997,3.3333333333333335e-07
Cu12,10.59,6.666666666666667e-07
Cu12,10.649999999999999,0.0
Cu12,10.71,3.3333333333333335e-07
Cu12,10.77,3.3333333333333335e-07
Cu12,10.829999999999998,0.0
Cu12,10.89,1e-06
Cu12,10.95,1.3333333333333334e-06
Cu12,11.01,1.3333333333333334e-06
Cu12,11.07,1.3333333333333334e-06
Cu12,11.129999999999999,1.6666666666666667e-06
Cu12,11.19,2.666666666666667e-06
Cu12,11.25,4.333333333333333e-06
Cu12,11.309999999999999,6.333333333333333e-06
Cu12,11.370000000000001,9.666666666666667e-06
Cu12,11.43,9.333333333333333e-06
Cu12,11.489999999999998,1.2333333333333333e-05
Cu12,11.55,1.3666666666666667e-05
Cu12,11.61,1.8666666666666665e-05
Cu12,11.669999999999998,2.6666666666666667e-05
Cu12,11.73,3.2e-05
Cu12,11.79,4.1e-05
Cu12,11.85,4.9e-05
Cu12,11.91,6.8e-05
Cu12,11.969999999999999,8.566666666666667e-05
Cu12,12.03,0.00010066666666666667
Cu12,12.09,0.00013466666666666667
Cu12,12.149999999999999,0.000168
Cu12,12.21,0.000202
Cu12,12.27,0.00023866666666666668
Cu12,12.329999999999998,0.00032333333333333335
Cu12,12.39,0.000391
Cu12,12.45,0.000473
Cu12,12.51,0.0005813333333333333
Cu12,12.57,0.0007066666666666666
Cu12,12.629999999999999,0.000849
Cu12,12.69,0.001043
Cu12,12.75,0.0012256666666666666
Cu12,12.809999999999999,0.0014506666666666667
Cu12,12.870000000000001,0.0017143333333333333
Cu12,12.93,0.0020543333333333334
Cu12,12.989999999999998,0.0023643333333333333
Cu12,13.05,0.0027853333333333332
Cu12,13.11,0.0032246666666666665
Cu12,13.169999999999998,0.003772
Cu12,13.23,0.004284333333333334
Cu12,13.29,0.004940666666666667
Cu12,13.35,0.005639666666666667
Cu12,13.41,0.006439
Cu12,13.469999999999999,0.007285
Cu12,13.53,0.008115
Cu12,13.59,0.009109
Cu12,13.649999999999999,0.010214333333333334
Cu12,13.71,0.011341333333333333
Cu12,13.77,0.012500333333333334
Cu12,13.829999999999998,0.013543333333333333
Cu12,13.89,0.014936333333333333
Cu12,13.95,0.016319333333333335
Cu12,14.009999999999998,0.017600666666666667
Cu12,14.07,0.01877
Cu12,14.129999999999999,0.020169666666666666
Cu12,14.19,0.021644
Cu12,14.25,0.022951
Cu12,14.309999999999999,0.024003333333333335
Cu12,14.37,0.025212
Cu12,14.43,0.026503
Cu12,14.489999999999998,0.027374333333333334
Cu12,14.55,0.028138666666666666
Cu12,14.61,0.028902333333333332
Cu12,14.669999999999998,0.029493333333333333
Cu12,14.73,0.029826333333333333
Cu12,14.79,0.029979333333333334
Cu12,14.85,0.030219
Cu12,14.91,0.030091666666666666
Cu12,14.969999999999999,0.029567
Cu12,15.03,0.029214666666666667
Cu12,15.09,0.028722333333333332
Cu12,15.149999999999999,0.027911
Cu12,15.21,0.026823
Cu12,15.27,0.026101333333333334
Cu12,15.329999999999998,0.024900333333333333
Cu12,15.39,0.023514666666666666
Cu12,15.45,0.022370333333333332
Cu12,15.509999999999998,0.021123333333333334
Cu12,15.57,0.019561
Cu12,15.629999999999999,0.018143
Cu12,15.69,0.016837333333333333
Cu12,15.75,0.015391333333333333
Cu12,15.809999999999999,0.014036666666666666
Cu12,15.87,0.012629666666666668
Cu12,15.93,0.011355666666666667
Cu12,15.989999999999998,0.010211666666666668
Cu12,16.049999999999997,0.009104333333333334
Cu12,16.11,0.007974666666666666
Cu12,16.17,0.006963
Cu12,16.229999999999997,0.006113
Cu12,16.29,0.005304666666666667
Cu12,16.35,0.004467
Cu12,16.409999999999997,0.003862
Cu12,16.47,0.0033076666666666667
Cu12,16.53,0.002768333333333333
Cu12,16.59,0.0022713333333333335
Cu12,16.65,0.001897
Cu12,16.71,0.0015973333333333334
Cu12,16.77,0.001271
Cu12,16.83,0.0010293333333333333
Cu12,16.89,0.0008603333333333333
Cu12,16.95,0.0006626666666666667
Cu12,17.009999999999998,0.000537
Cu12,17.07,0.000443
Cu12,17.13,0.0003423333333333333
Cu12,17.189999999999998,0.0002573333333333333
Cu12,17.25,0.00020533333333333333
Cu12,17.310000000000002,0.00015966666666666665
Cu12,17.369999999999997,0.00010966666666666667
Cu12,17.43,9.566666666666667e-05
Cu12,17.490000000000002,6.233333333333334e-05
Cu12,17.549999999999997,4.9e-05
Cu12,17.61,3.2e-05
Cu12,17.67,2.7666666666666667e-05
Cu12,17.729999999999997,2.0666666666666666e-05
Cu12,17.79,1.4e-05
Cu12,17.85,8.333333333333334e-06
Cu12,17.909999999999997,1e-05
Cu12,17.97,6.666666666666667e-06
Cu12,18.03,3.6666666666666666e-06
Cu12,18.09,3e-06
Cu12,18.15,4.666666666666666e-06
Cu12,18.21,6.666666666666667e-07
Cu12,18.27,6.666666666666667e-07
Cu12,18.33,1.3333333333333334e-06
Cu12,18.39,0.0
Cu12,18.45,3.3333333333333335e-07
Cu12,18.509999999999998,6.666666666666667e-07
Al_degrader_E9,8.19,1.6666666666666668e-07
Al_degrader_E9,8.25,8.333333333333334e-08
Al_degrader_E9,8.309999999999999,0.0
Al_degrader_E9,8.370000000000001,8.333333333333334e-08
Al_degrader_E9,8.43,1.6666666666666668e-07
Al_degrader_E9,8.489999999999998,8.333333333333334e-08
Al_degrader_E9,8.55,1.6666666666666668e-07
Al_degrader_E9,8.61,3.3333333333333335e-07
Al_degrader_E9,8.67,4.1666666666666667e-07
Al_degrader_E9,8.73,4.1666666666666667e-07
Al_degrader_E9,8.79,4.1666666666666667e-07
Al_degrader_E9,8.85,5.833333333333333e-07
Al_degrader_E9,8.91,6.666666666666667e-07
Al_degrader_E9,8.969999999999999,1.25e-06
Al_degrader_E9,9.030000000000001,1.3333333333333334e-06
Al_degrader_E9,9.09,2.4166666666666667e-06
Al_degrader_E9,9.149999999999999,2.5833333333333333e-06
Al_degrader_E9,9.21,2.9166666666666666e-06
Al_degrader_E9,9.27,3.916666666666667e-06
Al_degrader_E9,9.329999999999998,4.583333333333333e-06
Al_degrader_E9,9.39,5.0833333333333335e-06
Al_degrader_E9,9.45,7.083333333333333e-06
Al_degrader_E9,9.51,8.333333333333334e-06
Al_degrader_E9,9.57,9.5e-06
Al_degrader_E9,9.629999999999999,1.2416666666666667e-05
Al_degrader_E9,9.69,1.7166666666666666e-05
Al_degrader_E9,9.75,1.9416666666666667e-05
Al_degrader_E9,9.809999999999999,2.3833333333333334e-05
Al_degrader_E9,9.870000000000001,2.7583333333333334e-05
Al_degrader_E9,9.93,3.983333333333333e-05
Al_degrader_E9,9.989999999999998,4.241666666666667e-05
Al_degrader_E9,10.05,5.0916666666666666e-05
Al_degrader_E9,10.11,6.516666666666666e-05
Al_degrader_E9,10.169999999999998,7.858333333333334e-05
Al_degrader_E9,10.23,9.191666666666666e-05
Al_degrader_E9,10.29,0.00011258333333333334
Al_degrader_E9,10.35,0.00014058333333333333
Al_degrader_E9,10.41,0.0001605
Al_degrader_E9,10.469999999999999,0.00019391666666666667
Al_degrader_E9,10.53,0.00023425
Al_degrader_E9,10.59,0.00027391666666666667
Al_degrader_E9,10.649999999999999,0.0003246666666666667
Al_degrader_E9,10.71,0.000386
Al_degrader_E9,10.77,0.0004465
Al_degrader_E9,10.829999999999998,0.00052325
Al_degrader_E9,10.89,0.0006038333333333333
Al_degrader_E9,10.95,0.0007180833333333334
Al_degrader_E9,11.01,0.0008085833333333334
Al_degrader_E9,11.07,0.0009366666666666667
Al_degrader_E9,11.129999999999999,0.001103
Al_degrader_E9,11.19,0.0012459166666666667
Al_degrader_E9,11.25,0.00142575
Al_degrader_E9,11.309999999999999,0.0016399166666666667
Al_degrader_E9,11.370000000000001,0.0018619166666666667
Al_degrader_E9,11.43,0.002100166666666667
Al_degrader_E9,11.489999999999998,0.002400666666666667
Al_degrader_E9,11.55,0.0026874166666666665
Al_degrader_E9,11.61,0.00299
Al_degrader_E9,11.669999999999998,0.0033888333333333335
Al_degrader_E9,11.73,0.003766166666666667
Al_degrader_E9,11.79,0.004180916666666667
Al_degrader_E9,11.85,0.0046545
Al_degrader_E9,11.91,0.0051179166666666664
Al_degrader_E9,11.969999999999999,0.0056261666666666665
Al_degrader_E9,12.03,0.006202666666666667
Al_degrader_E9,12.09,0.00677875
Al_degrader_E9,12.149999999999999,0.007398416666666667
Al_degrader_E9,12.21,0.008045416666666666
Al_degrader_E9,12.27,0.0087305
Al_degrader_E9,12.329999999999998,0.009431666666666666
Al_degrader_E9,12.39,0.010176666666666667
Al_degrader_E9,12.45,0.010911916666666667
Al_degrader_E9,12.51,0.011695166666666666
Al_degrader_E9,12.57,0.012485583333333333
Al_degrader_E9,12.629999999999999,0.013286
Al_degrader_E9,12.69,0.0140475
Al_degrader_E9,12.75,0.01486625
Al_degrader_E9,12.809999999999999,0.015672083333333333
Al_degrader_E9,12.870000000000001,0.016386
Al_degrader_E9,12.93,0.017229
Al_degrader_E9,12.989999999999998,0.017916833333333333
Al_degrader_E9,13.05,0.018657916666666666
Al_degrader_E9,13.11,0.01933975
Al_degrader_E9,13.169999999999998,0.019969833333333332
Al_degrader_E9,13.23,0.020633333333333333
Al_degrader_E9,13.29,0.02115775
Al_degrader_E9,13.35,0.021632
Al_degrader_E9,13.41,0.022174416666666665
Al_degrader_E9,13.469999999999999,0.022502583333333333
Al_degrader_E9,13.53,0.02285025
Al_degrader_E9,13.59,0.023122333333333335
Al_degrader_E9,13.649999999999999,0.02328275
Al_degrader_E9,13.71,0.02341725
Al_degrader_E9,13.77,0.02345025
Al_degrader_E9,13.829999999999998,0.02339475
Al_degrader_E9,13.89,0.023333666666666666
Al_degrader_E9,13.95,0.02309
Al_degrader_E9,14.009999999999998,0.022843333333333334
Al_degrader_E9,14.07,0.022524333333333334
Al_degrader_E9,14.129999999999999,0.022088
Al_degrader_E9,14.19,0.021608916666666665
Al_degrader_E9,14.25,0.02106625
Al_degrader_E9,14.309999999999999,0.020465333333333332
Al_degrader_E9,14.37,0.019767083333333334
Al_degrader_E9,14.43,0.019043
Al_degrader_E9,14.489999999999998,0.018244083333333334
Al_degrader_E9,14.55,0.017475583333333333
Al_degrader_E9,14.61,0.016607833333333332
Al_degrader_E9,14.669999999999998,0.015757166666666666
Al_degrader_E9,14.73,0.014845666666666667
Al_degrader_E9,14.79,0.013957916666666667
Al_degrader_E9,14.85,0.013084416666666666
Al_degrader_E9,14.91,0.012182166666666668
Al_degrader_E9,14.969999999999999,0.011286166666666667
Al_degrader_E9,15.03,0.010424666666666667
Al_degrader_E9,15.09,0.009598583333333334
Al_degrader_E9,15.149999999999999,0.008761166666666667
Al_degrader_E9,15.21,0.007947083333333334
Al_degrader_E9,15.27,0.007211
Al_degrader_E9,15.329999999999998,0.00648175
Al_degrader_E9,15.39,0.005822416666666667
Al_degrader_E9,15.45,0.005172166666666667
Al_degrader_E9,15.509999999999998,0.004593416666666667
Al_degrader_E9,15.57,0.0040494166666666664
Al_degrader_E9,15.629999999999999,0.0035384166666666667
Al_degrader_E9,15.69,0.0031105833333333333
Al_degrader_E9,15.75,0.0026729166666666668
Al_degrader_E9,15.809999999999999,0.0023045
Al_degrader_E9,15.87,0.0019825
Al_degrader_E9,15.93,0.0016823333333333334
Al_degrader_E9,15.989999999999998,0.0014305
Al_degrader_E9,16.049999999999997,0.0012064166666666666
Al_degrader_E9,16.11,0.0010075
Al_degrader_E9,16.17,0.00083375
Al_degrader_E9,16.229999999999997,0.0006800833333333333
Al_degrader_E9,16.29,0.0005723333333333333
Al_degrader_E9,16.35,0.000464
Al_degrader_E9,16.409999999999997,0.00036708333333333336
Al_degrader_E9,16.47,0.00030291666666666667
Al_degrader_E9,16.53,0.00023666666666666665
Al_degrader_E9,16.59,0.00019466666666666666
Al_degrader_E9,16.65,0.00015508333333333333
Al_degrader_E9,16.71,0.00011883333333333334
Al_degrader_E9,16.77,9.308333333333334e-05
Al_degrader_E9,16.83,7.216666666666667e-05
Al_degrader_E9,16.89,5.791666666666667e-05
Al_degrader_E9,16.95,4.1083333333333334e-05
Al_degrader_E9,17.009999999999998,3.2166666666666665e-05
Al_degrader_E9,17.07,2.3666666666666668e-05
Al_degrader_E9,17.13,1.5833333333333333e-05
Al_degrader_E9,17.189999999999998,1.3833333333333334e-05
Al_degrader_E9,17.25,8.833333333333334e-06
Al_degrader_E9,17.310000000000002,7.083333333333333e-06
Al_degrader_E9,17.369999999999997,5.583333333333333e-06
Al_degrader_E9,17.43,3.833333333333334e-06
Al_degrader_E9,17.490000000000002,3.25e-06
Al_degrader_E9,17.549999999999997,2.1666666666666665e-06
Al_degrader_E9,17.61,1.916666666666667e-06
Al_degrader_E9,17.67,1.1666666666666666e-06
Al_degrader_E9,17.729999999999997,1.0833333333333333e-06
Al_degrader_E9,17.79,6.666666666666667e-07
Al_degrader_E9,17.85,3.3333333333333335e-07
Al_degrader_E9,17.909999999999997,1.6666666666666668e-07
Al_degrader_E9,17.97,1.6666666666666668e-07
Al_degrader_E9,18.03,8.333333333333334e-08
Al_degrader_E9,18.09,1.6666666666666668e-07
Al_degrader_E9,18.15,8.333333333333334e-08
Ni13,7.41,4e-07
Ni13,7.47,2e-07
Ni13,7.529999999999999,0.0
Ni13,7.59,6e-07
Ni13,7.65,0.0
Ni13,7.709999999999999,2e-07
Ni13,7.77,6e-07
Ni13,7.83,8e-07
Ni13,7.89,8e-07
Ni13,7.949999999999999,1e-06
Ni13,8.01,1.2e-06
Ni13,8.07,1.4e-06
Ni13,8.129999999999999,2e-06
Ni13,8.19,2.2e-06
Ni13,8.25,2.8e-06
Ni13,8.309999999999999,4.6e-06
Ni13,8.370000000000001,6.2e-06
Ni13,8.43,7e-06
Ni13,8.489999999999998,7.2e-06
Ni13,8.55,1.08e-05
Ni13,8.61,1.12e-05
Ni13,8.67,1.38e-05
Ni13,8.73,1.72e-05
Ni13,8.79,2.02e-05
Ni13,8.85,2.3e-05
Ni13,8.91,3.24e-05
Ni13,8.969999999999999,3.88e-05
Ni13,9.030000000000001,4.58e-05
Ni13,9.09,6.04e-05
Ni13,9.149999999999999,6.5e-05
Ni13,9.21,8.32e-05
Ni13,9.27,0.0001018
Ni13,9.329999999999998,0.0001138
Ni13,9.39,0.0001402
Ni13,9.45,0.0001798
Ni13,9.51,0.0002046
Ni13,9.57,0.0002374
Ni13,9.629999999999999,0.0003016
Ni13,9.69,0.0003488
Ni13,9.75,0.0004162
Ni13,9.809999999999999,0.0004982
Ni13,9.870000000000001,0.0005686
Ni13,9.93,0.00068
Ni13,9.989999999999998,0.0008086
Ni13,10.05,0.0009092
Ni13,10.11,0.0010896
Ni13,10.169999999999998,0.0012338
Ni13,10.23,0.0014306
Ni13,10.29,0.001665
Ni13,10.35,0.0018694
Ni13,10.41,0.0021594
Ni13,10.469999999999999,0.0024794
Ni13,10.53,0.0027782
Ni13,10.59,0.003176
Ni13,10.649999999999999,0.0035876
Ni13,10.71,0.0040242
Ni13,10.77,0.004525
Ni13,10.829999999999998,0.0050746
Ni13,10.89,0.005685
Ni13,10.95,0.0062602
Ni13,11.01,0.0069492
Ni13,11.07,0.0076842
Ni13,11.129999999999999,0.0084342
Ni13,11.19,0.0092626
Ni13,11.25,0.0101246
Ni13,11.309999999999999,0.01093
Ni13,11.370000000000001,0.0119916
Ni13,11.43,0.0128364
Ni13,11.489999999999998,0.0138144
Ni13,11.55,0.0149024
Ni13,11.61,0.0157954
Ni13,11.669999999999998,0.0169108
Ni13,11.73,0.0179604
Ni13,11.79,0.0188566
Ni13,11.85,0.019977
Ni13,11.91,0.0208942
Ni13,11.969999999999999,0.0217694
Ni13,12.03,0.0227656
Ni13,12.09,0.0234494
Ni13,12.149999999999999,0.0242956
Ni13,12.21,0.02487
Ni13,12.27,0.0253804
Ni13,12.329999999999998,0.025919
Ni13,12.39,0.0261676
Ni13,12.45,0.0263642
Ni13,12.51,0.0265712
Ni13,12.57,0.0264
Ni13,12.629999999999999,0.0264054
Ni13,12.69,0.0259968
Ni13,12.75,0.0257122
Ni13,12.809999999999999,0.0252972
Ni13,12.870000000000001,0.024606
Ni13,12.93,0.0240354
Ni13,12.989999999999998,0.0232548
Ni13,13.05,0.022457
Ni13,13.11,0.0215352
Ni13,13.169999999999998,0.0205058
Ni13,13.23,0.0195796
Ni13,13.29,0.0184582
Ni13,13.35,0.0173978
Ni13,13.41,0.0163008
Ni13,13.469999999999999,0.0151304
Ni13,13.53,0.0140968
Ni13,13.59,0.0129412
Ni13,13.649999999999999,0.0119124
Ni13,13.71,0.0108012
Ni13,13.77,0.0099204
Ni13,13.829999999999998,0.0089102
Ni13,13.89,0.0080578
Ni13,13.95,0.0071314
Ni13,14.009999999999998,0.0064086
Ni13,14.07,0.0056042
Ni13,14.129999999999999,0.0049754
Ni13,14.19,0.004362
Ni13,14.25,0.0037324
Ni13,14.309999999999999,0.0033046
Ni13,14.37,0.0028074
Ni13,14.43,0.002406
Ni13,14.489999999999998,0.0020424
Ni13,14.55,0.001703
Ni13,14.61,0.0014546
Ni13,14.669999999999998,0.0012072
Ni13,14.73,0.0010064
Ni13,14.79,0.0008282
Ni13,14.85,0.0006864
Ni13,14.91,0.000565
Ni13,14.969999999999999,0.0004524
Ni13,15.03,0.0003772
Ni13,15.09,0.000297
Ni13,15.149999999999999,0.0002364
Ni13,15.21,0.0001904
Ni13,15.27,0.0001482
Ni13,15.329999999999998,0.0001176
Ni13,15.39,8.28e-05
Ni13,15.45,6.86e-05
Ni13,15.509999999999998,4.74e-05
Ni13,15.57,3.82e-05
Ni13,15.629999999999999,2.8e-05
Ni13,15.69,2.32e-05
Ni13,15.75,1.66e-05
Ni13,15.809999999999999,1.3e-05
Ni13,15.87,9.8e-06
Ni13,15.93,7.8e-06
Ni13,15.989999999999998,6e-06
Ni13,16.049999999999997,4.8e-06
Ni13,16.11,3.8e-06
Ni13,16.17,2.8e-06
Ni13,16.229999999999997,2.6e-06
Ni13,16.29,1e-06
Ni13,16.35,6e-07
Ni13,16.409999999999997,6e-07
Ni13,16.47,4e-07
Ni13,16.53,4e-07
Ni13,16.59,2e-07
Ni13,16.65,2e-07
Sn13,7.17,6.666666666666667e-07
Sn13,7.2299999999999995,0.0
Sn13,7.289999999999999,1e-06
Sn13,7.35,0.0
Sn13,7.41,1.3333333333333334e-06
Sn13,7.47,3.3333333333333335e-07
Sn13,7.529999999999999,6.666666666666667e-07
Sn13,7.59,6.666666666666667e-07
Sn13,7.65,1.3333333333333334e-06
Sn13,7.709999999999999,1e-06
Sn13,7.77,3e-06
Sn13,7.83,2.666666666666667e-06
Sn13,7.89,2.666666666666667e-06
Sn13,7.949999999999999,4e-06
Sn13,8.01,3.6666666666666666e-06
Sn13,8.07,4e-06
Sn13,8.129999999999999,9.333333333333333e-06
Sn13,8.19,1.2666666666666667e-05
Sn13,8.25,1.3333333333333333e-05
Sn13,8.309999999999999,1.7666666666666668e-05
Sn13,8.370000000000001,2.1666666666666667e-05
Sn13,8.43,2.2333333333333332e-05
Sn13,8.489999999999998,2.2666666666666668e-05
Sn13,8.55,2.6666666666666667e-05
Sn13,8.61,3.4666666666666665e-05
Sn13,8.67,4.1666666666666665e-05
Sn13,8.73,5.3e-05
Sn13,8.79,6.366666666666666e-05
Sn13,8.85,8.266666666666667e-05
Sn13,8.91,0.00010666666666666667
Sn13,8.969999999999999,0.00011533333333333334
Sn13,9.030000000000001,0.00014266666666666667
Sn13,9.09,0.000173
Sn13,9.149999999999999,0.00020566666666666666
Sn13,9.21,0.00023366666666666666
Sn13,9.27,0.0002903333333333333
Sn13,9.329999999999998,0.00033766666666666667
Sn13,9.39,0.0003913333333333333
Sn13,9.45,0.00048166666666666665
Sn13,9.51,0.0005666666666666667
Sn13,9.57,0.0006666666666666666
Sn13,9.629999999999999,0.0007906666666666666
Sn13,9.69,0.0009186666666666667
Sn13,9.75,0.001066
Sn13,9.809999999999999,0.001259
Sn13,9.870000000000001,0.0014066666666666667
Sn13,9.93,0.00163
Sn13,9.989999999999998,0.0018856666666666666
Sn13,10.05,0.0021176666666666666
Sn13,10.11,0.002412
Sn13,10.169999999999998,0.002732
Sn13,10.23,0.003094
Sn13,10.29,0.0034793333333333334
Sn13,10.35,0.003947666666666667
Sn13,10.41,0.004488666666666667
Sn13,10.469999999999999,0.005000666666666666
Sn13,10.53,0.005563666666666666
Sn13,10.59,0.006248
Sn13,10.649999999999999,0.006847666666666667
Sn13,10.71,0.007635333333333333
Sn13,10.77,0.008411
Sn13,10.829999999999998,0.009172333333333333
Sn13,10.89,0.009982
Sn13,10.95,0.010843333333333333
Sn13,11.01,0.011768666666666667
Sn13,11.07,0.012788333333333334
Sn13,11.129999999999999,0.013777
Sn13,11.19,0.014713
Sn13,11.25,0.015705666666666666
Sn13,11.309999999999999,0.016642
Sn13,11.370000000000001,0.017784666666666667
Sn13,11.43,0.018895333333333333
Sn13,11.489999999999998,0.01980466666666667
Sn13,11.55,0.020796333333333333
Sn13,11.61,0.021719333333333334
Sn13,11.669999999999998,0.022647666666666667
Sn13,11.73,0.023538666666666666
Sn13,11.79,0.024227333333333333
Sn13,11.85,0.024897666666666665
Sn13,11.91,0.0256
Sn13,11.969999999999999,0.025914666666666666
Sn13,12.03,0.026366666666666667
Sn13,12.09,0.026498333333333332
Sn13,12.149999999999999,0.026488333333333332
Sn13,12.21,0.026490666666666666
Sn13,12.27,0.026286
Sn13,12.329999999999998,0.026074666666666666
Sn13,12.39,0.025758666666666666
Sn13,12.45,0.025275666666666665
Sn13,12.51,0.024759666666666666
Sn13,12.57,0.024116
Sn13,12.629999999999999,0.023375
Sn13,12.69,0.022591
Sn13,12.75,0.021624
Sn13,12.809999999999999,0.020718
Sn13,12.870000000000001,0.019697333333333334
Sn13,12.93,0.018604666666666665
Sn13,12.989999999999998,0.017509666666666666
Sn13,13.05,0.016342333333333334
Sn13,13.11,0.015209
Sn13,13.169999999999998,0.014134333333333334
Sn13,13.23,0.013093
Sn13,13.29,0.011982666666666668
Sn13,13.35,0.011005666666666667
Sn13,13.41,0.009903666666666667
Sn13,13.469999999999999,0.00899
Sn13,13.53,0.008059
Sn13,13.59,0.007144333333333333
Sn13,13.649999999999999,0.006388666666666667
Sn13,13.71,0.005658666666666667
Sn13,13.77,0.005057666666666667
Sn13,13.829999999999998,0.004414
Sn13,13.89,0.003823
Sn13,13.95,0.0032936666666666665
Sn13,14.009999999999998,0.0028226666666666665
Sn13,14.07,0.0024246666666666666
Sn13,14.129999999999999,0.002054666666666667
Sn13,14.19,0.0017206666666666666
Sn13,14.25,0.001429
Sn13,14.309999999999999,0.0011933333333333334
Sn13,14.37,0.001007
Sn13,14.43,0.0008296666666666667
Sn13,14.489999999999998,0.0006946666666666667
Sn13,14.55,0.0005686666666666666
Sn13,14.61,0.0004623333333333333
Sn13,14.669999999999998,0.0003823333333333333
Sn13,14.73,0.00031233333333333335
Sn13,14.79,0.00024966666666666665
Sn13,14.85,0.00018966666666666668
Sn13,14.91,0.00014466666666666667
Sn13,14.969999999999999,0.00011
Sn13,15.03,8.3e-05
Sn13,15.09,6.466666666666666e-05
Sn13,15.149999999999999,4.966666666666667e-05
Sn13,15.21,3.766666666666667e-05
Sn13,15.27,2.6666666666666667e-05
Sn13,15.329999999999998,2.0666666666666666e-05
Sn13,15.39,1.6e-05
Sn13,15.45,1.3333333333333333e-05
Sn13,15.509999999999998,1.0666666666666667e-05
Sn13,15.57,8e-06
Sn13,15.629999999999999,7.666666666666667e-06
Sn13,15.69,7.333333333333333e-06
Sn13,15.75,4.666666666666666e-06
Sn13,15.809999999999999,1.6666666666666667e-06
Sn13,15.87,1e-06
Sn13,15.93,6.666666666666667e-07
Sn13,15.989999999999998,6.666666666666667e-07
Sn13,16.049999999999997,1e-06
Sn13,16.11,1e-06
Sn13,16.17,6.666666666666667e-07
Ta13,6.51,2.5e-07
Ta13,6.57,2.5e-07
Ta13,6.63,2.5e-07
Ta13,6.6899999999999995,0.0
Ta13,6.75,7.5e-07
Ta13,6.81,0.0
Ta13,6.869999999999999,2.5e-07
Ta13,6.93,2.5e-07
Ta13,6.99,1e-06
Ta13,7.05,1e-06
Ta13,7.109999999999999,1e-06
Ta13,7.17,1.5e-06
Ta13,7.2299999999999995,1.75e-06
Ta13,7.289999999999999,1.5e-06
Ta13,7.35,2e-06
Ta13,7.41,3e-06
Ta13,7.47,2.75e-06
Ta13,7.529999999999999,5.25e-06
Ta13,7.59,7.5e-06
Ta13,7.65,7.75e-06
Ta13,7.709999999999999,8.75e-06
Ta13,7.77,1.1e-05
Ta13,7.83,1.275e-05
Ta13,7.89,1.2e-05
Ta13,7.949999999999999,1.95e-05
Ta13,8.01,2.375e-05
Ta13,8.07,2.375e-05
Ta13,8.129999999999999,3.025e-05
Ta13,8.19,4.275e-05
Ta13,8.25,4.525e-05
Ta13,8.309999999999999,5.2e-05
Ta13,8.370000000000001,6.875e-05
Ta13,8.43,7.6e-05
Ta13,8.489999999999998,9.35e-05
Ta13,8.55,0.00011575
Ta13,8.61,0.00013375
Ta13,8.67,0.0001575
Ta13,8.73,0.000195
Ta13,8.79,0.0002205
Ta13,8.85,0.00026325
Ta13,8.91,0.00032425
Ta13,8.969999999999999,0.00037525
Ta13,9.030000000000001,0.0004265
Ta13,9.09,0.00051275
Ta13,9.149999999999999,0.0006115
Ta13,9.21,0.00068425
Ta13,9.27,0.00081775
Ta13,9.329999999999998,0.0009445
Ta13,9.39,0.00108625
Ta13,9.45,0.0012425
Ta13,9.51,0.001426
Ta13,9.57,0.00163175
Ta13,9.629999999999999,0.0018655
Ta13,9.69,0.00207
Ta13,9.75,0.0024045
Ta13,9.809999999999999,0.002701
Ta13,9.870000000000001,0.00303375
Ta13,9.93,0.00341075
Ta13,9.989999999999998,0.00385475
Ta13,10.05,0.0042925
Ta13,10.11,0.004764
Ta13,10.169999999999998,0.00536225
Ta13,10.23,0.00588875
Ta13,10.29,0.00653225
Ta13,10.35,0.0071905
Ta13,10.41,0.0078925
Ta13,10.469999999999999,0.008585
Ta13,10.53,0.0093875
Ta13,10.59,0.01030175
Ta13,10.649999999999999,0.01103925
Ta13,10.71,0.01189375
Ta13,10.77,0.01292075
Ta13,10.829999999999998,0.0136715
Ta13,10.89,0.01467025
Ta13,10.95,0.015723
Ta13,11.01,0.0165555
Ta13,11.07,0.01763975
Ta13,11.129999999999999,0.0185985
Ta13,11.19,0.01933875
Ta13,11.25,0.020469
Ta13,11.309999999999999,0.021242
Ta13,11.370000000000001,0.02206175
Ta13,11.43,0.02297
Ta13,11.489999999999998,0.02346725
Ta13,11.55,0.02416825
Ta13,11.61,0.02468525
Ta13,11.669999999999998,0.025018
Ta13,11.73,0.02546075
Ta13,11.79,0.02562975
Ta13,11.85,0.025585
Ta13,11.91,0.0258315
Ta13,11.969999999999999,0.02549275
Ta13,12.03,0.0253675
Ta13,12.09,0.02510275
Ta13,12.149999999999999,0.02454625
Ta13,12.21,0.0242115
Ta13,12.27,0.023556
Ta13,12.329999999999998,0.02281325
Ta13,12.39,0.02221925
Ta13,12.45,0.02131225
Ta13,12.51,0.0203645
Ta13,12.57,0.0195395
Ta13,12.629999999999999,0.018442
Ta13,12.69,0.017546
Ta13,12.75,0.01641675
Ta13,12.809999999999999,0.01537825
Ta13,12.870000000000001,0.01433125
Ta13,12.93,0.0132755
Ta13,12.989999999999998,0.012285
Ta13,13.05,0.0112585
Ta13,13.11,0.010271
Ta13,13.169999999999998,0.0093295
Ta13,13.23,0.008546
Ta13,13.29,0.00759675
Ta13,13.35,0.0068645
Ta13,13.41,0.0060475
Ta13,13.469999999999999,0.00540475
Ta13,13.53,0.0047905
Ta13,13.59,0.00415875
Ta13,13.649999999999999,0.003672
Ta13,13.71,0.00318525
Ta13,13.77,0.0027295
Ta13,13.829999999999998,0.00235525
Ta13,13.89,0.00197525
Ta13,13.95,0.00170475
Ta13,14.009999999999998,0.00142025
Ta13,14.07,0.0012035
Ta13,14.129999999999999,0.00098575
Ta13,14.19,0.00083925
Ta13,14.25,0.00069675
Ta13,14.309999999999999,0.000559
Ta13,14.37,0.0004725
Ta13,14.43,0.0003895
Ta13,14.489999999999998,0.0003135
Ta13,14.55,0.0002545
Ta13,14.61,0.00019125
Ta13,14.669999999999998,0.000163
Ta13,14.73,0.00011775
Ta13,14.79,9.525e-05
Ta13,14.85,7.225e-05
Ta13,14.91,5.225e-05
Ta13,14.969999999999999,4.15e-05
Ta13,15.03,3.325e-05
Ta13,15.09,2.375e-05
Ta13,15.149999999999999,1.775e-05
Ta13,15.21,1.5e-05
Ta13,15.27,1.125e-05
Ta13,15.329999999999998,9.5e-06
Ta13,15.39,7e-06
Ta13,15.45,5.75e-06
Ta13,15.509999999999998,4.5e-06
Ta13,15.57,2.5e-06
Ta13,15.629999999999999,3.75e-06
Ta13,15.69,1.25e-06
Ta13,15.75,1e-06
Ta13,15.809999999999999,5e-07
Ta13,15.87,5e-07
Ta13,15.93,5e-07
Ta13,15.989999999999998,2.5e-07
Ta13,16.049999999999997,5e-07
Cu13,5.67,4e-07
Cu13,5.73,0.0
Cu13,5.789999999999999,2e-07
Cu13,5.85,0.0
Cu13,5.91,6e-07
Cu13,5.97,0.0
Cu13,6.029999999999999,2e-07
Cu13,6.09,4e-07
Cu13,6.15,6e-07
Cu13,6.21,6e-07
Cu13,6.27,4e-07
Cu13,6.33,1.4e-06
Cu13,6.39,6e-07
Cu13,6.449999999999999,1.6e-06
Cu13,6.51,1.4e-06
Cu13,6.57,1.8e-06
Cu13,6.63,2.4e-06
Cu13,6.6899999999999995,2.2e-06
Cu13,6.75,4e-06
Cu13,6.81,4.6e-06
Cu13,6.869999999999999,6.2e-06
Cu13,6.93,7.2e-06
Cu13,6.99,7.2e-06
Cu13,7.05,1.24e-05
Cu13,7.109999999999999,8.2e-06
Cu13,7.17,1.26e-05
Cu13,7.2299999999999995,1.78e-05
Cu13,7.289999999999999,1.78e-05
Cu13,7.35,2e-05
Cu13,7.41,2.66e-05
Cu13,7.47,3.1e-05
Cu13,7.529999999999999,3.9e-05
Cu13,7.59,4.56e-05
Cu13,7.65,5.52e-05
Cu13,7.709999999999999,6.12e-05
Cu13,7.77,7.22e-05
Cu13,7.83,9.6e-05
Cu13,7.89,9.94e-05
Cu13,7.949999999999999,0.0001214
Cu13,8.01,0.0001504
Cu13,8.07,0.0001684
Cu13,8.129999999999999,0.0001978
Cu13,8.19,0.0002414
Cu13,8.25,0.000276
Cu13,8.309999999999999,0.0003244
Cu13,8.370000000000001,0.0003822
Cu13,8.43,0.0004384
Cu13,8.489999999999998,0.0005178
Cu13,8.55,0.0005942
Cu13,8.61,0.0006976
Cu13,8.67,0.0007828
Cu13,8.73,0.000911
Cu13,8.79,0.0010604
Cu13,8.85,0.001163
Cu13,8.91,0.0013688
Cu13,8.969999999999999,0.0015578
Cu13,9.030000000000001,0.0017298
Cu13,9.09,0.0019448
Cu13,9.149999999999999,0.0022346
Cu13,9.21,0.0024936
Cu13,9.27,0.0028322
Cu13,9.329999999999998,0.0031168
Cu13,9.39,0.0035218
Cu13,9.45,0.0039058
Cu13,9.51,0.0043616
Cu13,9.57,0.0048302
Cu13,9.629999999999999,0.0053594
Cu13,9.69,0.0058692
Cu13,9.75,0.0064962
Cu13,9.809999999999999,0.0070794
Cu13,9.870000000000001,0.0077566
Cu13,9.93,0.008422
Cu13,9.989999999999998,0.009203
Cu13,10.05,0.0099342
Cu13,10.11,0.010688
Cu13,10.169999999999998,0.0115214
Cu13,10.23,0.0123662
Cu13,10.29,0.0132402
Cu13,10.35,0.014114
Cu13,10.41,0.0149446
Cu13,10.469999999999999,0.0158802
Cu13,10.53,0.016793
Cu13,10.59,0.0176834
Cu13,10.649999999999999,0.0185686
Cu13,10.71,0.0193726
Cu13,10.77,0.0202378
Cu13,10.829999999999998,0.0210406
Cu13,10.89,0.0217306
Cu13,10.95,0.022489
Cu13,11.01,0.0230638
Cu13,11.07,0.0235244
Cu13,11.129999999999999,0.0239874
Cu13,11.19,0.0244066
Cu13,11.25,0.0245714
Cu13,11.309999999999999,0.0247862
Cu13,11.370000000000001,0.0249284
Cu13,11.43,0.0247976
Cu13,11.489999999999998,0.0247642
Cu13,11.55,0.0244146
Cu13,11.61,0.024152
Cu13,11.669999999999998,0.0238234
Cu13,11.73,0.0232676
Cu13,11.79,0.0227208
Cu13,11.85,0.0221068
Cu13,11.91,0.0213794
Cu13,11.969999999999999,0.0206798
Cu13,12.03,0.0197602
Cu13,12.09,0.0189248
Cu13,12.149999999999999,0.018033
Cu13,12.21,0.0170404
Cu13,12.27,0.016092
Cu13,12.329999999999998,0.0150966
Cu13,12.39,0.0140914
Cu13,12.45,0.0131834
Cu13,12.51,0.0120892
Cu13,12.57,0.0112534
Cu13,12.629999999999999,0.0102042
Cu13,12.69,0.0094438
Cu13,12.75,0.0085128
Cu13,12.809999999999999,0.0077426
Cu13,12.870000000000001,0.0069542
Cu13,12.93,0.0062356
Cu13,12.989999999999998,0.0055406
Cu13,13.05,0.0049528
Cu13,13.11,0.0043526
Cu13,13.169999999999998,0.0038316
Cu13,13.23,0.0033424
Cu13,13.29,0.00293
Cu13,13.35,0.0025116
Cu13,13.41,0.0021594
Cu13,13.469999999999999,0.0018346
Cu13,13.53,0.0015736
Cu13,13.59,0.0013306
Cu13,13.649999999999999,0.0011162
Cu13,13.71,0.0009296
Cu13,13.77,0.0007812
Cu13,13.829999999999998,0.0006512
Cu13,13.89,0.0005428
Cu13,13.95,0.0004436
Cu13,14.009999999999998,0.0003648
Cu13,14.07,0.0002988
Cu13,14.129999999999999,0.0002374
Cu13,14.19,0.0001948
Cu13,14.25,0.0001516
Cu13,14.309999999999999,0.0001214
Cu13,14.37,8.94e-05
Cu13,14.43,7.52e-05
Cu13,14.489999999999998,5.12e-05
Cu13,14.55,4.34e-05
Cu13,14.61,3.06e-05
Cu13,14.669999999999998,2.54e-05
Cu13,14.73,1.92e-05
Cu13,14.79,1.64e-05
Cu13,14.85,1.08e-05
Cu13,14.91,9.4e-06
Cu13,14.969999999999999,7e-06
Cu13,15.03,6.6e-06
Cu13,15.09,4e-06
Cu13,15.149999999999999,3.6e-06
Cu13,15.21,2.4e-06
Cu13,15.27,2.4e-06
Cu13,15.329999999999998,1e-06
Cu13,15.39,6e-07
Cu13,15.45,8e-07
Cu13,15.509999999999998,2e-07
Cu13,15.57,4e-07
Cu13,15.629999999999999,4e-07
Cu13,15.69,2e-07
Al_degrader_E10,0.03,2.5e-07
Al_degrader_E10,0.09,0.0
Al_degrader_E10,0.15,0.0
Al_degrader_E10,0.21,0.0
Al_degrader_E10,0.27,0.0
Al_degrader_E10,0.32999999999999996,5e-08
Al_degrader_E10,0.39,0.0
Al_degrader_E10,0.44999999999999996,0.0
Al_degrader_E10,0.51,5e-08
Al_degrader_E10,0.5700000000000001,0.0
Al_degrader_E10,0.6299999999999999,0.0
Al_degrader_E10,0.69,0.0
Al_degrader_E10,0.75,0.0
Al_degrader_E10,0.81,5e-08
Al_degrader_E10,0.8699999999999999,5e-08
Al_degrader_E10,0.9299999999999999,0.0
Al_degrader_E10,0.99,0.0
Al_degrader_E10,1.05,1e-07
Al_degrader_E10,1.1099999999999999,0.0
Al_degrader_E10,1.17,5e-08
Al_degrader_E10,1.23,5e-08
Al_degrader_E10,1.29,0.0
Al_degrader_E10,1.3499999999999999,0.0
Al_degrader_E10,1.41,2e-07
Al_degrader_E10,1.47,5e-08
Al_degrader_E10,1.53,0.0
Al_degrader_E10,1.5899999999999999,2e-07
Al_degrader_E10,1.65,5e-08
Al_degrader_E10,1.71,1.5e-07
Al_degrader_E10,1.77,1e-07
Al_degrader_E10,1.8299999999999998,5e-08
Al_degrader_E10,1.89,2e-07
Al_degrader_E10,1.95,1e-07
Al_degrader_E10,2.01,3e-07
Al_degrader_E10,2.0700000000000003,1e-07
Al_degrader_E10,2.13,2e-07
Al_degrader_E10,2.19,1.5e-07
Al_degrader_E10,2.25,3e-07
Al_degrader_E10,2.3099999999999996,1.5e-07
Al_degrader_E10,2.37,4.5e-07
Al_degrader_E10,2.4299999999999997,3e-07
Al_degrader_E10,2.49,4e-07
Al_degrader_E10,2.55,2.5e-07
Al_degrader_E10,2.61,5.5e-07
Al_degrader_E10,2.67,4.5e-07
Al_degrader_E10,2.7299999999999995,1e-06
Al_degrader_E10,2.79,8.5e-07
Al_degrader_E10,2.8499999999999996,1e-06
Al_degrader_E10,2.91,6e-07
Al_degrader_E10,2.9699999999999998,1.15e-06
Al_degrader_E10,3.0300000000000002,1.25e-06
Al_degrader_E10,3.09,1.55e-06
Al_degrader_E10,3.15,1.8e-06
Al_degrader_E10,3.21,1.35e-06
Al_degrader_E10,3.2699999999999996,1.7e-06
Al_degrader_E10,3.33,2.05e-06
Al_degrader_E10,3.3899999999999997,2.15e-06
Al_degrader_E10,3.45,2.5e-06
Al_degrader_E10,3.51,2.7e-06
Al_degrader_E10,3.57,3.15e-06
Al_degrader_E10,3.63,3.45e-06
Al_degrader_E10,3.6899999999999995,4.1e-06
Al_degrader_E10,3.75,4.05e-06
Al_degrader_E10,3.8099999999999996,4.65e-06
Al_degrader_E10,3.87,5.9e-06
Al_degrader_E10,3.9299999999999997,6.1e-06
Al_degrader_E10,3.9899999999999998,6.85e-06
Al_degrader_E10,4.05,7.9e-06
Al_degrader_E10,4.109999999999999,9.6e-06
Al_degrader_E10,4.17,9.8e-06
Al_degrader_E10,4.23,1.155e-05
Al_degrader_E10,4.29,1.28e-05
Al_degrader_E10,4.35,1.34e-05
Al_degrader_E10,4.41,1.7e-05
Al_degrader_E10,4.47,1.865e-05
Al_degrader_E10,4.529999999999999,2.03e-05
Al_degrader_E10,4.59,2.22e-05
Al_degrader_E10,4.65,2.735e-05
Al_degrader_E10,4.71,2.83e-05
Al_degrader_E10,4.77,3.265e-05
Al_degrader_E10,4.83,3.695e-05
Al_degrader_E10,4.89,4.315e-05
Al_degrader_E10,4.949999999999999,4.51e-05
Al_degrader_E10,5.01,5.12e-05
Al_degrader_E10,5.07,6.025e-05
Al_degrader_E10,5.13,6.665e-05
Al_degrader_E10,5.1899999999999995,7.52e-05
Al_degrader_E10,5.25,8.36e-05
Al_degrader_E10,5.31,9.765e-05
Al_degrader_E10,5.369999999999999,0.000103
Al_degrader_E10,5.43,0.0001207
Al_degrader_E10,5.49,0.00013405
Al_degrader_E10,5.55,0.0001466
Al_degrader_E10,5.609999999999999,0.0001708
Al_degrader_E10,5.67,0.00018545
Al_degrader_E10,5.73,0.0002065
Al_degrader_E10,5.789999999999999,0.00023425
Al_degrader_E10,5.85,0.00025945
Al_degrader_E10,5.91,0.0002837
Al_degrader_E10,5.97,0.0003211
Al_degrader_E10,6.029999999999999,0.00035445
Al_degrader_E10,6.09,0.00038895
Al_degrader_E10,6.15,0.0004395
Al_degrader_E10,6.21,0.0004767
Al_degrader_E10,6.27,0.00053315
Al_degrader_E10,6.33,0.0005916
Al_degrader_E10,6.39,0.0006425
Al_degrader_E10,6.449999999999999,0.0007186
Al_degrader_E10,6.51,0.0007989
Al_degrader_E10,6.57,0.00086015
Al_degrader_E10,6.63,0.0009632
Al_degrader_E10,6.6899999999999995,0.001056
Al_degrader_E10,6.75,0.0011473
Al_degrader_E10,6.81,0.001272
Al_degrader_E10,6.869999999999999,0.00138845
Al_degrader_E10,6.93,0.0015133
Al_degrader_E10,6.99,0.0016717
Al_degrader_E10,7.05,0.00179205
Al_degrader_E10,7.109999999999999,0.0019739
Al_degrader_E10,7.17,0.0021383
Al_degrader_E10,7.2299999999999995,0.002319
Al_degrader_E10,7.289999999999999,0.0025295
Al_degrader_E10,7.35,0.0027226
Al_degrader_E10,7.41,0.0029521
Al_degrader_E10,7.47,0.0032161
Al_degrader_E10,7.529999999999999,0.00342275
Al_degrader_E10,7.59,0.0037078
Al_degrader_E10,7.65,0.0039876
Al_degrader_E10,7.709999999999999,0.00426785
Al_degrader_E10,7.77,0.00461705
Al_degrader_E10,7.83,0.0048993
Al_degrader_E10,7.89,0.00526665
Al_degrader_E10,7.949999999999999,0.0056111
Al_degrader_E10,8.01,0.00597225
Al_degrader_E10,8.07,0.0063914
Al_degrader_E10,8.129999999999999,0.0067572
Al_degrader_E10,8.19,0.00719845
Al_degrader_E10,8.25,0.00760085
Al_degrader_E10,8.309999999999999,0.0080429
Al_degrader_E10,8.370000000000001,0.00851215
Al_degrader_E10,8.43,0.00893655
Al_degrader_E10,8.489999999999998,0.0094692
Al_degrader_E10,8.55,0.009875
Al_degrader_E10,8.61,0.0104087
Al_degrader_E10,8.67,0.01085165
Al_degrader_E10,8.73,0.0113493
Al_degrader_E10,8.79,0.0118465
Al_degrader_E10,8.85,0.0123217
Al_degrader_E10,8.91,0.012822
Al_degrader_E10,8.969999999999999,0.0132513
Al_degrader_E10,9.030000000000001,0.01377095
Al_degrader_E10,9.09,0.0142027
Al_degrader_E10,9.149999999999999,0.01468595
Al_degrader_E10,9.21,0.01511135
Al_degrader_E10,9.27,0.0155198
Al_degrader_E10,9.329999999999998,0.01592695
Al_degrader_E10,9.39,0.01631575
Al_degrader_E10,9.45,0.0167067
Al_degrader_E10,9.51,0.01699725
Al_degrader_E10,9.57,0.0173618
Al_degrader_E10,9.629999999999999,0.0176045
Al_degrader_E10,9.69,0.0179164
Al_degrader_E10,9.75,0.01809425
Al_degrader_E10,9.809999999999999,0.0182995
Al_degrader_E10,9.870000000000001,0.0184471
Al_degrader_E10,9.93,0.01857205
Al_degrader_E10,9.989999999999998,0.0186415
Al_degrader_E10,10.05,0.01871445
Al_degrader_E10,10.11,0.01867465
Al_degrader_E10,10.169999999999998,0.01867255
Al_degrader_E10,10.23,0.0185805
Al_degrader_E10,10.29,0.01847775
Al_degrader_E10,10.35,0.01831005
Al_degrader_E10,10.41,0.0181146
Al_degrader_E10,10.469999999999999,0.0178792
Al_degrader_E10,10.53,0.01759195
Al_degrader_E10,10.59,0.0172857
Al_degrader_E10,10.649999999999999,0.01691305
Al_degrader_E10,10.71,0.01653045
Al_degrader_E10,10.77,0.01611615
Al_degrader_E10,10.829999999999998,0.01565665
Al_degrader_E10,10.89,0.01520445
Al_degrader_E10,10.95,0.0146544
Al_degrader_E10,11.01,0.0141432
Al_degrader_E10,11.07,0.01358715
Al_degrader_E10,11.129999999999999,0.01303195
Al_degrader_E10,11.19,0.01244055
Al_degrader_E10,11.25,0.01187385
Al_degrader_E10,11.309999999999999,0.01126615
Al_degrader_E10,11.370000000000001,0.01070695
Al_degrader_E10,11.43,0.01009965
Al_degrader_E10,11.489999999999998,0.0095119
Al_degrader_E10,11.55,0.0089167
Al_degrader_E10,11.61,0.00834395
Al_degrader_E10,11.669999999999998,0.0077756
Al_degrader_E10,11.73,0.00721645
Al_degrader_E10,11.79,0.00665605
Al_degrader_E10,11.85,0.0061601
Al_degrader_E10,11.91,0.00566045
Al_degrader_E10,11.969999999999999,0.0051864
Al_degrader_E10,12.03,0.00473375
Al_degrader_E10,12.09,0.00428555
Al_degrader_E10,12.149999999999999,0.0038907
Al_degrader_E10,12.21,0.0035015
Al_degrader_E10,12.27,0.00314225
Al_degrader_E10,12.329999999999998,0.00281755
Al_degrader_E10,12.39,0.00250265
Al_degrader_E10,12.45,0.00223585
Al_degrader_E10,12.51,0.0019549
Al_degrader_E10,12.57,0.0017272
Al_degrader_E10,12.629999999999999,0.0015109
Al_degrader_E10,12.69,0.00131685
Al_degrader_E10,12.75,0.00115445
Al_degrader_E10,12.809999999999999,0.0009895
Al_degrader_E10,12.870000000000001,0.00085475
Al_degrader_E10,12.93,0.00072475
Al_degrader_E10,12.989999999999998,0.00061915
Al_degrader_E10,13.05,0.0005256
Al_degrader_E10,13.11,0.0004453
Al_degrader_E10,13.169999999999998,0.0003706
Al_degrader_E10,13.23,0.00031085
Al_degrader_E10,13.29,0.00025715
Al_degrader_E10,13.35,0.0002161
Al_degrader_E10,13.41,0.0001797
Al_degrader_E10,13.469999999999999,0.00014465
Al_degrader_E10,13.53,0.000121
Al_degrader_E10,13.59,9.79e-05
Al_degrader_E10,13.649999999999999,7.86e-05
Al_degrader_E10,13.71,6.335e-05
Al_degrader_E10,13.77,5.2e-05
Al_degrader_E10,13.829999999999998,3.955e-05
Al_degrader_E10,13.89,3.185e-05
Al_degrader_E10,13.95,2.4e-05
Al_degrader_E10,14.009999999999998,1.78e-05
Al_degrader_E10,14.07,1.525e-05
Al_degrader_E10,14.129999999999999,1.055e-05
Al_degrader_E10,14.19,8.3e-06
Al_degrader_E10,14.25,7.45e-06
Al_degrader_E10,14.309999999999999,5.15e-06
Al_degrader_E10,14.37,3.85e-06
Al_degrader_E10,14.43,3.4e-06
Al_degrader_E10,14.489999999999998,2.5e-06
Al_degrader_E10,14.55,2e-06
Al_degrader_E10,14.61,1.65e-06
Al_degrader_E10,14.669999999999998,1.2e-06
Al_degrader_E10,14.73,9e-07
Al_degrader_E10,14.79,8e-07
Al_degrader_E10,14.85,4e-07
Al_degrader_E10,14.91,2.5e-07
Al_degrader_E10,14.969999999999999,2e-07
Al_degrader_E10,15.03,1.5e-07
Al_degrader_E10,15.09,1e-07
Al_degrader_E10,15.149999999999999,1.5e-07
Al_degrader_E10,15.21,5e-08
Al_degrader_E10,15.27,5e-08
Ni14,0.03,1.388888888888889e-05
Ni14,0.09,8.888888888888889e-07
Ni14,0.15,8.888888888888889e-07
Ni14,0.21,6.666666666666667e-07
Ni14,0.27,8.888888888888889e-07
Ni14,0.32999999999999996,7.777777777777778e-07
Ni14,0.39,5.555555555555555e-07
Ni14,0.44999999999999996,4.4444444444444444e-07
Ni14,0.51,7.777777777777778e-07
Ni14,0.5700000000000001,5.555555555555555e-07
Ni14,0.6299999999999999,1.6666666666666667e-06
Ni14,0.69,1.7777777777777777e-06
Ni14,0.75,1.7777777777777777e-06
Ni14,0.81,8.888888888888889e-07
Ni14,0.8699999999999999,8.888888888888889e-07
Ni14,0.9299999999999999,1.7777777777777777e-06
Ni14,0.99,1.4444444444444445e-06
Ni14,1.05,2.4444444444444442e-06
Ni14,1.1099999999999999,2.888888888888889e-06
Ni14,1.17,2.222222222222222e-06
Ni14,1.23,1.7777777777777777e-06
Ni14,1.29,3e-06
Ni14,1.3499999999999999,3.2222222222222222e-06
Ni14,1.41,3.5555555555555555e-06
Ni14,1.47,3.5555555555555555e-06
Ni14,1.53,2.5555555555555557e-06
Ni14,1.5899999999999999,4e-06
Ni14,1.65,4.222222222222222e-06
Ni14,1.71,5e-06
Ni14,1.77,5.1111111111111115e-06
Ni14,1.8299999999999998,4.555555555555555e-06
Ni14,1.89,4.777777777777777e-06
Ni14,1.95,7.777777777777777e-06
Ni14,2.01,6.888888888888889e-06
Ni14,2.0700000000000003,6.666666666666667e-06
Ni14,2.13,7.666666666666667e-06
Ni14,2.19,1.0333333333333333e-05
Ni14,2.25,8.888888888888888e-06
Ni14,2.3099999999999996,1.0555555555555555e-05
Ni14,2.37,1.1333333333333334e-05
Ni14,2.4299999999999997,1.4e-05
Ni14,2.49,1.2666666666666667e-05
Ni14,2.55,1.5888888888888887e-05
Ni14,2.61,1.8777777777777777e-05
Ni14,2.67,1.922222222222222e-05
Ni14,2.7299999999999995,2.1e-05
Ni14,2.79,2.3666666666666668e-05
Ni14,2.8499999999999996,2.7555555555555555e-05
Ni14,2.91,2.522222222222222e-05
Ni14,2.9699999999999998,3.1222222222222225e-05
Ni14,3.0300000000000002,3.4222222222222224e-05
Ni14,3.09,3.522222222222222e-05
Ni14,3.15,4.4e-05
Ni14,3.21,4.677777777777778e-05
Ni14,3.2699999999999996,4.644444444444445e-05
Ni14,3.33,5.7777777777777776e-05
Ni14,3.3899999999999997,6.266666666666667e-05
Ni14,3.45,6.277777777777778e-05
Ni14,3.51,7.666666666666667e-05
Ni14,3.57,8.344444444444445e-05
Ni14,3.63,8.677777777777778e-05
Ni14,3.6899999999999995,0.00010533333333333334
Ni14,3.75,0.00010866666666666666
Ni14,3.8099999999999996,0.00012044444444444445
Ni14,3.87,0.00013944444444444445
Ni14,3.9299999999999997,0.00014855555555555556
Ni14,3.9899999999999998,0.00016666666666666666
Ni14,4.05,0.00018622222222222223
Ni14,4.109999999999999,0.00019788888888888889
Ni14,4.17,0.000229
Ni14,4.23,0.00024577777777777776
Ni14,4.29,0.0002755555555555556
Ni14,4.35,0.00030166666666666666
Ni14,4.41,0.0003262222222222222
Ni14,4.47,0.00037633333333333334
Ni14,4.529999999999999,0.00039844444444444443
Ni14,4.59,0.00045433333333333334
Ni14,4.65,0.0004817777777777778
Ni14,4.71,0.0005375555555555556
Ni14,4.77,0.000596
Ni14,4.83,0.0006446666666666667
Ni14,4.89,0.0007155555555555555
Ni14,4.949999999999999,0.000771
Ni14,5.01,0.0008578888888888889
Ni14,5.07,0.0009211111111111112
Ni14,5.13,0.0010282222222222223
Ni14,5.1899999999999995,0.001099
Ni14,5.25,0.0012131111111111112
Ni14,5.31,0.0013252222222222222
Ni14,5.369999999999999,0.001428
Ni14,5.43,0.0015724444444444445
Ni14,5.49,0.0016943333333333333
Ni14,5.55,0.0018673333333333333
Ni14,5.609999999999999,0.0020043333333333332
Ni14,5.67,0.002201666666666667
Ni14,5.73,0.0023636666666666667
Ni14,5.789999999999999,0.002571222222222222
Ni14,5.85,0.002782
Ni14,5.91,0.0030043333333333332
Ni14,5.97,0.0032505555555555556
Ni14,6.029999999999999,0.003510111111111111
Ni14,6.09,0.003799
Ni14,6.15,0.004072
Ni14,6.21,0.004370888888888889
Ni14,6.27,0.0046934444444444445
Ni14,6.33,0.005033888888888889
Ni14,6.39,0.005379555555555556
Ni14,6.449999999999999,0.005782444444444444
Ni14,6.51,0.006124222222222222
Ni14,6.57,0.0066033333333333335
Ni14,6.63,0.006970555555555555
Ni14,6.6899999999999995,0.0074307777777777775
Ni14,6.75,0.00785
Ni14,6.81,0.008364222222222223
Ni14,6.869999999999999,0.008800222222222221
Ni14,6.93,0.009316666666666666
Ni14,6.99,0.009837333333333333
Ni14,7.05,0.010358555555555555
Ni14,7.109999999999999,0.010890666666666667
Ni14,7.17,0.011392555555555555
Ni14,7.2299999999999995,0.01197911111111111
Ni14,7.289999999999999,0.012501555555555556
Ni14,7.35,0.013057
Ni14,7.41,0.013636
Ni14,7.47,0.014197555555555555
Ni14,7.529999999999999,0.014702333333333333
Ni14,7.59,0.015205444444444445
Ni14,7.65,0.015780333333333334
Ni14,7.709999999999999,0.016285
Ni14,7.77,0.016800444444444444
Ni14,7.83,0.017239888888888888
Ni14,7.89,0.017652777777777778
Ni14,7.949999999999999,0.018028
Ni14,8.01,0.018450555555555557
Ni14,8.07,0.018720666666666667
Ni14,8.129999999999999,0.019054444444444443
Ni14,8.19,0.019274222222222224
Ni14,8.25,0.01944
Ni14,8.309999999999999,0.01961388888888889
Ni14,8.370000000000001,0.01976388888888889
Ni14,8.43,0.019734444444444443
Ni14,8.489999999999998,0.019801
Ni14,8.55,0.019685222222222222
Ni14,8.61,0.019619222222222222
Ni14,8.67,0.019478444444444444
Ni14,8.73,0.019279
Ni14,8.79,0.019049777777777777
Ni14,8.85,0.018768
Ni14,8.91,0.01843922222222222
Ni14,8.969999999999999,0.018065444444444443
Ni14,9.030000000000001,0.017653555555555554
Ni14,9.09,0.017249
Ni14,9.149999999999999,0.01673777777777778
Ni14,9.21,0.016184
Ni14,9.27,0.015640222222222222
Ni14,9.329999999999998,0.015060777777777777
Ni14,9.39,0.014487888888888889
Ni14,9.45,0.013873555555555556
Ni14,9.51,0.013206444444444444
Ni14,9.57,0.012549777777777778
Ni14,9.629999999999999,0.011904
Ni14,9.69,0.011301222222222223
Ni14,9.75,0.010581444444444444
Ni14,9.809999999999999,0.009952666666666667
Ni14,9.870000000000001,0.009300666666666667
Ni14,9.93,0.008699444444444444
Ni14,9.989999999999998,0.008057
Ni14,10.05,0.007478333333333333
Ni14,10.11,0.006942333333333333
Ni14,10.169999999999998,0.006370777777777778
Ni14,10.23,0.005825333333333333
Ni14,10.29,0.005309
Ni14,10.35,0.004882555555555556
Ni14,10.41,0.004394333333333333
Ni14,10.469999999999999,0.003975555555555556
Ni14,10.53,0.003581777777777778
Ni14,10.59,0.0032177777777777777
Ni14,10.649999999999999,0.002867111111111111
Ni14,10.71,0.0025674444444444442
Ni14,10.77,0.0022713333333333335
Ni14,10.829999999999998,0.0019993333333333334
Ni14,10.89,0.0017486666666666666
Ni14,10.95,0.0015325555555555555
Ni14,11.01,0.0013344444444444445
Ni14,11.07,0.0011696666666666667
Ni14,11.129999999999999,0.0010023333333333334
Ni14,11.19,0.0008575555555555555
Ni14,11.25,0.0007396666666666667
Ni14,11.309999999999999,0.0006408888888888889
Ni14,11.370000000000001,0.0005486666666666667
Ni14,11.43,0.00045566666666666667
Ni14,11.489999999999998,0.00039788888888888887
Ni14,11.55,0.0003368888888888889
Ni14,11.61,0.00028011111111111113
Ni14,11.669999999999998,0.0002347777777777778
Ni14,11.73,0.00018933333333333335
Ni14,11.79,0.00015633333333333333
Ni14,11.85,0.000135
Ni14,11.91,0.00010777777777777778
Ni14,11.969999999999999,8.411111111111111e-05
Ni14,12.03,6.811111111111111e-05
Ni14,12.09,5.2e-05
Ni14,12.149999999999999,4.088888888888889e-05
Ni14,12.21,3.477777777777778e-05
Ni14,12.27,2.777777777777778e-05
Ni14,12.329999999999998,2.0444444444444446e-05
Ni14,12.39,1.822222222222222e-05
Ni14,12.45,1.3555555555555555e-05
Ni14,12.51,1.2e-05
Ni14,12.57,8.777777777777778e-06
Ni14,12.629999999999999,7.222222222222222e-06
Ni14,12.69,6.5555555555555556e-06
Ni14,12.75,4.222222222222222e-06
Ni14,12.809999999999999,4.222222222222222e-06
Ni14,12.870000000000001,3e-06
Ni14,12.93,2.666666666666667e-06
Ni14,12.989999999999998,2.111111111111111e-06
Ni14,13.05,1.111111111111111e-06
Ni14,13.11,8.888888888888889e-07
Ni14,13.169999999999998,5.555555555555555e-07
Ni14,13.23,3.3333333333333335e-07
Ni14,13.29,4.4444444444444444e-07
Ni14,13.35,3.3333333333333335e-07
Ni14,13.41,3.3333333333333335e-07
Ni14,13.469999999999999,2.2222222222222222e-07
Sn14,0.03,6.2e-05
Sn14,0.09,2.666666666666667e-06
Sn14,0.15,3.6666666666666666e-06
Sn14,0.21,4e-06
Sn14,0.27,2e-06
Sn14,0.32999999999999996,4e-06
Sn14,0.39,1.6666666666666667e-06
Sn14,0.44999999999999996,2.333333333333333e-06
Sn14,0.51,4.333333333333333e-06
Sn14,0.5700000000000001,5e-06
Sn14,0.6299999999999999,4.333333333333333e-06
Sn14,0.69,5e-06
Sn14,0.75,4e-06
Sn14,0.81,4.666666666666666e-06
Sn14,0.8699999999999999,3.3333333333333333e-06
Sn14,0.9299999999999999,5.333333333333334e-06
Sn14,0.99,6e-06
Sn14,1.05,5.333333333333334e-06
Sn14,1.1099999999999999,6e-06
Sn14,1.17,5.333333333333334e-06
Sn14,1.23,9e-06
Sn14,1.29,7.666666666666667e-06
Sn14,1.3499999999999999,6.333333333333333e-06
Sn14,1.41,8.666666666666666e-06
Sn14,1.47,1.0333333333333333e-05
Sn14,1.53,1.0333333333333333e-05
Sn14,1.5899999999999999,1.1666666666666666e-05
Sn14,1.65,1.0666666666666667e-05
Sn14,1.71,1.4666666666666666e-05
Sn14,1.77,1.5e-05
Sn14,1.8299999999999998,1.6666666666666667e-05
Sn14,1.89,1.5333333333333334e-05
Sn14,1.95,2.4333333333333333e-05
Sn14,2.01,1.8666666666666665e-05
Sn14,2.0700000000000003,2.4e-05
Sn14,2.13,2.7e-05
Sn14,2.19,3.433333333333333e-05
Sn14,2.25,2.8333333333333332e-05
Sn14,2.3099999999999996,3.8e-05
Sn14,2.37,3.766666666666667e-05
Sn14,2.4299999999999997,4.7e-05
Sn14,2.49,4.3666666666666666e-05
Sn14,2.55,4.933333333333333e-05
Sn14,2.61,5.466666666666667e-05
Sn14,2.67,6.133333333333334e-05
Sn14,2.7299999999999995,6.233333333333334e-05
Sn14,2.79,7.766666666666667e-05
Sn14,2.8499999999999996,7.6e-05
Sn14,2.91,8.1e-05
Sn14,2.9699999999999998,0.000102
Sn14,3.0300000000000002,0.00010133333333333333
Sn14,3.09,0.00010433333333333334
Sn14,3.15,0.00012933333333333332
Sn14,3.21,0.00013966666666666666
Sn14,3.2699999999999996,0.000137
Sn14,3.33,0.00015766666666666666
Sn14,3.3899999999999997,0.00018166666666666667
Sn14,3.45,0.00018966666666666668
Sn14,3.51,0.00020033333333333334
Sn14,3.57,0.000238
Sn14,3.63,0.000252
Sn14,3.6899999999999995,0.000292
Sn14,3.75,0.0003026666666666667
Sn14,3.8099999999999996,0.000351
Sn14,3.87,0.00036733333333333334
Sn14,3.9299999999999997,0.00041633333333333333
Sn14,3.9899999999999998,0.0004516666666666667
Sn14,4.05,0.0004903333333333333
Sn14,4.109999999999999,0.0005253333333333334
Sn14,4.17,0.000602
Sn14,4.23,0.0006273333333333334
Sn14,4.29,0.0007233333333333333
Sn14,4.35,0.0007366666666666667
Sn14,4.41,0.0008326666666666667
Sn14,4.47,0.000905
Sn14,4.529999999999999,0.0009823333333333333
Sn14,4.59,0.0010616666666666667
Sn14,4.65,0.001133
Sn14,4.71,0.0012573333333333334
Sn14,4.77,0.0013426666666666667
Sn14,4.83,0.00147
Sn14,4.89,0.0015763333333333332
Sn14,4.949999999999999,0.0017116666666666667
Sn14,5.01,0.0018503333333333334
Sn14,5.07,0.0020033333333333335
Sn14,5.13,0.0021436666666666666
Sn14,5.1899999999999995,0.002377
Sn14,5.25,0.002499
Sn14,5.31,0.0027743333333333335
Sn14,5.369999999999999,0.0029376666666666666
Sn14,5.43,0.003217
Sn14,5.49,0.0034463333333333334
Sn14,5.55,0.003693333333333333
Sn14,5.609999999999999,0.003984333333333334
Sn14,5.67,0.004215333333333333
Sn14,5.73,0.0045783333333333336
Sn14,5.789999999999999,0.004852666666666667
Sn14,5.85,0.005244666666666667
Sn14,5.91,0.005567333333333333
Sn14,5.97,0.005921333333333333
Sn14,6.029999999999999,0.006285666666666667
Sn14,6.09,0.006669
Sn14,6.15,0.00708
Sn14,6.21,0.007428666666666667
Sn14,6.27,0.007928666666666667
Sn14,6.33,0.008407
Sn14,6.39,0.008850666666666666
Sn14,6.449999999999999,0.009415
Sn14,6.51,0.009782
Sn14,6.57,0.010345
Sn14,6.63,0.010777666666666666
Sn14,6.6899999999999995,0.01128
Sn14,6.75,0.011799333333333334
Sn14,6.81,0.012375333333333334
Sn14,6.869999999999999,0.012940333333333333
Sn14,6.93,0.013468
Sn14,6.99,0.013879333333333334
Sn14,7.05,0.014512
Sn14,7.109999999999999,0.014993333333333332
Sn14,7.17,0.015432333333333333
Sn14,7.2299999999999995,0.015960666666666668
Sn14,7.289999999999999,0.016456
Sn14,7.35,0.016907
Sn14,7.41,0.017250666666666668
Sn14,7.47,0.017730333333333334
Sn14,7.529999999999999,0.018050666666666666
Sn14,7.59,0.018408666666666667
Sn14,7.65,0.018618666666666665
Sn14,7.709999999999999,0.01896
Sn14,7.77,0.018988
Sn14,7.83,0.019193333333333333
Sn14,7.89,0.019208
Sn14,7.949999999999999,0.019275
Sn14,8.01,0.019314
Sn14,8.07,0.019177
Sn14,8.129999999999999,0.019154
Sn14,8.19,0.019056
Sn14,8.25,0.018859333333333332
Sn14,8.309999999999999,0.018645333333333333
Sn14,8.370000000000001,0.018480666666666666
Sn14,8.43,0.018144666666666667
Sn14,8.489999999999998,0.017709333333333334
Sn14,8.55,0.017396666666666668
Sn14,8.61,0.016981666666666666
Sn14,8.67,0.016631
Sn14,8.73,0.016048333333333335
Sn14,8.79,0.015548333333333334
Sn14,8.85,0.014987333333333333
Sn14,8.91,0.014444666666666666
Sn14,8.969999999999999,0.013871
Sn14,9.030000000000001,0.013189333333333334
Sn14,9.09,0.012564333333333334
Sn14,9.149999999999999,0.011896333333333333
Sn14,9.21,0.011340666666666667
Sn14,9.27,0.010691333333333334
Sn14,9.329999999999998,0.010095333333333333
Sn14,9.39,0.009507666666666666
Sn14,9.45,0.008854666666666667
Sn14,9.51,0.008282
Sn14,9.57,0.007687666666666666
Sn14,9.629999999999999,0.007058666666666667
Sn14,9.69,0.006627666666666666
Sn14,9.75,0.005977333333333334
Sn14,9.809999999999999,0.005499
Sn14,9.870000000000001,0.005049666666666667
Sn14,9.93,0.004566333333333334
Sn14,9.989999999999998,0.0041916666666666665
Sn14,10.05,0.0038413333333333333
Sn14,10.11,0.0034336666666666665
Sn14,10.169999999999998,0.003086666666666667
Sn14,10.23,0.002727666666666667
Sn14,10.29,0.00241
Sn14,10.35,0.002171
Sn14,10.41,0.0019113333333333332
Sn14,10.469999999999999,0.00169
Sn14,10.53,0.001446
Sn14,10.59,0.001273
Sn14,10.649999999999999,0.0010783333333333333
Sn14,10.71,0.0009506666666666667
Sn14,10.77,0.0008333333333333334
Sn14,10.829999999999998,0.0007053333333333333
Sn14,10.89,0.0006136666666666667
Sn14,10.95,0.0005263333333333333
Sn14,11.01,0.000455
Sn14,11.07,0.00038133333333333335
Sn14,11.129999999999999,0.00032333333333333335
Sn14,11.19,0.000276
Sn14,11.25,0.00023766666666666668
Sn14,11.309999999999999,0.00019766666666666666
Sn14,11.370000000000001,0.000158
Sn14,11.43,0.00011666666666666667
Sn14,11.489999999999998,0.00011033333333333334
Sn14,11.55,7.633333333333334e-05
Sn14,11.61,6.166666666666667e-05
Sn14,11.669999999999998,5.333333333333333e-05
Sn14,11.73,3.9e-05
Sn14,11.79,3.433333333333333e-05
Sn14,11.85,2.8333333333333332e-05
Sn14,11.91,2.1333333333333335e-05
Sn14,11.969999999999999,1.3333333333333333e-05
Sn14,12.03,1.3e-05
Sn14,12.09,1.2666666666666667e-05
Sn14,12.149999999999999,1e-05
Sn14,12.21,7e-06
Sn14,12.27,6.333333333333333e-06
Sn14,12.329999999999998,5.666666666666667e-06
Sn14,12.39,5.666666666666667e-06
Sn14,12.45,4.333333333333333e-06
Sn14,12.51,2e-06
Sn14,12.57,1e-06
Sn14,12.629999999999999,1e-06
Sn14,12.69,6.666666666666667e-07
Sn14,12.75,3.3333333333333335e-07
Sn14,12.809999999999999,1e-06
Sn14,12.870000000000001,1e-06
Sn14,12.93,6.666666666666667e-07
Ta14,0.03,0.000188
Ta14,0.09,1.1875e-05
Ta14,0.15,9e-06
Ta14,0.21,7.125e-06
Ta14,0.27,5.5e-06
Ta14,0.32999999999999996,8.125e-06
Ta14,0.39,7.875e-06
Ta14,0.44999999999999996,9.25e-06
Ta14,0.51,9.375e-06
Ta14,0.5700000000000001,9.125e-06
Ta14,0.6299999999999999,9.625e-06
Ta14,0.69,1.4125e-05
Ta14,0.75,1.3125e-05
Ta14,0.81,1.4625e-05
Ta14,0.8699999999999999,1.375e-05
Ta14,0.9299999999999999,1.475e-05
Ta14,0.99,2.1875e-05
Ta14,1.05,1.825e-05
Ta14,1.1099999999999999,1.9125e-05
Ta14,1.17,2.2125e-05
Ta14,1.23,2.6375e-05
Ta14,1.29,2.5875e-05
Ta14,1.3499999999999999,2.6e-05
Ta14,1.41,3.125e-05
Ta14,1.47,3.575e-05
Ta14,1.53,3.775e-05
Ta14,1.5899999999999999,3.725e-05
Ta14,1.65,4.25e-05
Ta14,1.71,4.6e-05
Ta14,1.77,4.975e-05
Ta14,1.8299999999999998,5.2875e-05
Ta14,1.89,5.8125e-05
Ta14,1.95,6.275e-05
Ta14,2.01,6.6375e-05
Ta14,2.0700000000000003,7.675e-05
Ta14,2.13,7.6375e-05
Ta14,2.19,8.575e-05
Ta14,2.25,9.5375e-05
Ta14,2.3099999999999996,9.8875e-05
Ta14,2.37,0.000107125
Ta14,2.4299999999999997,0.000121375
Ta14,2.49,0.000127
Ta14,2.55,0.000139875
Ta14,2.61,0.000153375
Ta14,2.67,0.000164
Ta14,2.7299999999999995,0.000182125
Ta14,2.79,0.000197
Ta14,2.8499999999999996,0.000214625
Ta14,2.91,0.00022975
Ta14,2.9699999999999998,0.000246875
Ta14,3.0300000000000002,0.00028425
Ta14,3.09,0.00029475
Ta14,3.15,0.00032125
Ta14,3.21,0.000353
Ta14,3.2699999999999996,0.000374375
Ta14,3.33,0.000426875
Ta14,3.3899999999999997,0.000449125
Ta14,3.45,0.000491875
Ta14,3.51,0.000531875
Ta14,3.57,0.0005635
Ta14,3.63,0.000640125
Ta14,3.6899999999999995,0.00065875
Ta14,3.75,0.000736125
Ta14,3.8099999999999996,0.000783875
Ta14,3.87,0.000855875
Ta14,3.9299999999999997,0.00091475
Ta14,3.9899999999999998,0.000991375
Ta14,4.05,0.0010705
Ta14,4.109999999999999,0.001147625
Ta14,4.17,0.001251625
Ta14,4.23,0.00133825
Ta14,4.29,0.001439
Ta14,4.35,0.001562
Ta14,4.41,0.00166675
Ta14,4.47,0.001826125
Ta14,4.529999999999999,0.001934625
Ta14,4.59,0.002102
Ta14,4.65,0.002242125
Ta14,4.71,0.00244175
Ta14,4.77,0.0025855
Ta14,4.83,0.002802375
Ta14,4.89,0.0029865
Ta14,4.949999999999999,0.00320825
Ta14,5.01,0.003427875
Ta14,5.07,0.003699625
Ta14,5.13,0.003914
Ta14,5.1899999999999995,0.004201375
Ta14,5.25,0.004467375
Ta14,5.31,0.0047695
Ta14,5.369999999999999,0.00504875
Ta14,5.43,0.005372125
Ta14,5.49,0.005717125
Ta14,5.55,0.005992125
Ta14,5.609999999999999,0.006440375
Ta14,5.67,0.0067655
Ta14,5.73,0.007183
Ta14,5.789999999999999,0.00754075
Ta14,5.85,0.0079445
Ta14,5.91,0.00838025
Ta14,5.97,0.008752375
Ta14,6.029999999999999,0.00925575
Ta14,6.09,0.009672
Ta14,6.15,0.010173625
Ta14,6.21,0.010608375
Ta14,6.27,0.011075875
Ta14,6.33,0.011555
Ta14,6.39,0.012019375
Ta14,6.449999999999999,0.012545
Ta14,6.51,0.01293725
Ta14,6.57,0.01349975
Ta14,6.63,0.013969875
Ta14,6.6899999999999995,0.014393625
Ta14,6.75,0.014867
Ta14,6.81,0.01530025
Ta14,6.869999999999999,0.015735125
Ta14,6.93,0.016132625
Ta14,6.99,0.0165125
Ta14,7.05,0.01687
Ta14,7.109999999999999,0.017195375
Ta14,7.17,0.017520875
Ta14,7.2299999999999995,0.017715375
Ta14,7.289999999999999,0.01795125
Ta14,7.35,0.018185875
Ta14,7.41,0.018282375
Ta14,7.47,0.018387
Ta14,7.529999999999999,0.01847025
Ta14,7.59,0.01848575
Ta14,7.65,0.018476
Ta14,7.709999999999999,0.01837825
Ta14,7.77,0.018321
Ta14,7.83,0.018228875
Ta14,7.89,0.01798225
Ta14,7.949999999999999,0.0178095
Ta14,8.01,0.0176045
Ta14,8.07,0.0173015
Ta14,8.129999999999999,0.016978
Ta14,8.19,0.0166205
Ta14,8.25,0.016263625
Ta14,8.309999999999999,0.015824375
Ta14,8.370000000000001,0.015348125
Ta14,8.43,0.01493675
Ta14,8.489999999999998,0.01439775
Ta14,8.55,0.013839875
Ta14,8.61,0.013297875
Ta14,8.67,0.0127645
Ta14,8.73,0.012202125
Ta14,8.79,0.011600625
Ta14,8.85,0.011025375
Ta14,8.91,0.0104295
Ta14,8.969999999999999,0.009884
Ta14,9.030000000000001,0.009287875
Ta14,9.09,0.00870425
Ta14,9.149999999999999,0.008152375
Ta14,9.21,0.007645
Ta14,9.27,0.007073
Ta14,9.329999999999998,0.006570875
Ta14,9.39,0.0060305
Ta14,9.45,0.00561
Ta14,9.51,0.005121125
Ta14,9.57,0.0047045
Ta14,9.629999999999999,0.00429225
Ta14,9.69,0.00389525
Ta14,9.75,0.0035285
Ta14,9.809999999999999,0.003189375
Ta14,9.870000000000001,0.002892875
Ta14,9.93,0.002573125
Ta14,9.989999999999998,0.002311125
Ta14,10.05,0.002031875
Ta14,10.11,0.00180175
Ta14,10.169999999999998,0.001593625
Ta14,10.23,0.0013945
Ta14,10.29,0.001223375
Ta14,10.35,0.00106975
Ta14,10.41,0.000926875
Ta14,10.469999999999999,0.000798625
Ta14,10.53,0.000696125
Ta14,10.59,0.000604125
Ta14,10.649999999999999,0.00051325
Ta14,10.71,0.000445375
Ta14,10.77,0.000381375
Ta14,10.829999999999998,0.000330625
Ta14,10.89,0.000273
Ta14,10.95,0.000232625
Ta14,11.01,0.00019375
Ta14,11.07,0.000157
Ta14,11.129999999999999,0.00013425
Ta14,11.19,0.00010725
Ta14,11.25,8.625e-05
Ta14,11.309999999999999,7.025e-05
Ta14,11.370000000000001,5.6125e-05
Ta14,11.43,4.325e-05
Ta14,11.489999999999998,3.5875e-05
Ta14,11.55,2.825e-05
Ta14,11.61,2.3625e-05
Ta14,11.669999999999998,1.9625e-05
Ta14,11.73,1.4375e-05
Ta14,11.79,1.2375e-05
Ta14,11.85,1.0375e-05
Ta14,11.91,8.625e-06
Ta14,11.969999999999999,7e-06
Ta14,12.03,6.125e-06
Ta14,12.09,5e-06
Ta14,12.149999999999999,3.625e-06
Ta14,12.21,2.75e-06
Ta14,12.27,2.625e-06
Ta14,12.329999999999998,1.75e-06
Ta14,12.39,1e-06
Ta14,12.45,7.5e-07
Ta14,12.51,6.25e-07
Ta14,12.57,5e-07
Ta14,12.629999999999999,2.5e-07
Ta14,12.69,3.75e-07
Ta14,12.75,3.75e-07
Ta14,12.809999999999999,2.5e-07
Cu14,0.03,0.0012981818181818181
Cu14,0.09,7.3e-05
Cu14,0.15,6.672727272727273e-05
Cu14,0.21,4.7272727272727275e-05
Cu14,0.27,3.872727272727273e-05
Cu14,0.32999999999999996,4.327272727272727e-05
Cu14,0.39,4.427272727272727e-05
Cu14,0.44999999999999996,5.309090909090909e-05
Cu14,0.51,5.3636363636363635e-05
Cu14,0.5700000000000001,5.9272727272727275e-05
Cu14,0.6299999999999999,6.1e-05
Cu14,0.69,6.790909090909091e-05
Cu14,0.75,7.263636363636364e-05
Cu14,0.81,7.790909090909091e-05
Cu14,0.8699999999999999,8.563636363636363e-05
Cu14,0.9299999999999999,8.80909090909091e-05
Cu14,0.99,9.645454545454546e-05
Cu14,1.05,0.00010618181818181819
Cu14,1.1099999999999999,0.00011154545454545454
Cu14,1.17,0.00011954545454545455
Cu14,1.23,0.0001269090909090909
Cu14,1.29,0.0001409090909090909
Cu14,1.3499999999999999,0.00015063636363636364
Cu14,1.41,0.0001528181818181818
Cu14,1.47,0.00017036363636363636
Cu14,1.53,0.0001861818181818182
Cu14,1.5899999999999999,0.0001971818181818182
Cu14,1.65,0.000205
Cu14,1.71,0.00022290909090909091
Cu14,1.77,0.0002439090909090909
Cu14,1.8299999999999998,0.00025536363636363636
Cu14,1.89,0.0002746363636363636
Cu14,1.95,0.00029563636363636364
Cu14,2.01,0.00031363636363636365
Cu14,2.0700000000000003,0.0003420909090909091
Cu14,2.13,0.00036345454545454544
Cu14,2.19,0.00038381818181818184
Cu14,2.25,0.0004187272727272727
Cu14,2.3099999999999996,0.00044754545454545454
Cu14,2.37,0.00046927272727272725
Cu14,2.4299999999999997,0.0005097272727272727
Cu14,2.49,0.000546090909090909
Cu14,2.55,0.0005878181818181819
Cu14,2.61,0.0006190909090909091
Cu14,2.67,0.0006644545454545454
Cu14,2.7299999999999995,0.0007101818181818181
Cu14,2.79,0.0007707272727272728
Cu14,2.8499999999999996,0.00081
Cu14,2.91,0.0008678181818181818
Cu14,2.9699999999999998,0.0009312727272727273
Cu14,3.0300000000000002,0.000986
Cu14,3.09,0.0010697272727272728
Cu14,3.15,0.001124818181818182
Cu14,3.21,0.0012234545454545454
Cu14,3.2699999999999996,0.001292
Cu14,3.33,0.0013909090909090909
Cu14,3.3899999999999997,0.001483
Cu14,3.45,0.0015702727272727272
Cu14,3.51,0.0016956363636363636
Cu14,3.57,0.0017894545454545455
Cu14,3.63,0.001928909090909091
Cu14,3.6899999999999995,0.0020337272727272726
Cu14,3.75,0.0021904545454545453
Cu14,3.8099999999999996,0.002317909090909091
Cu14,3.87,0.0024808181818181817
Cu14,3.9299999999999997,0.002642818181818182
Cu14,3.9899999999999998,0.002807
Cu14,4.05,0.0029977272727272726
Cu14,4.109999999999999,0.003173181818181818
Cu14,4.17,0.003374
Cu14,4.23,0.0035755454545454545
Cu14,4.29,0.0038006363636363637
Cu14,4.35,0.004008090909090909
Cu14,4.41,0.004270909090909091
Cu14,4.47,0.004500545454545454
Cu14,4.529999999999999,0.004751636363636363
Cu14,4.59,0.005009909090909091
Cu14,4.65,0.005311363636363637
Cu14,4.71,0.005634090909090909
Cu14,4.77,0.005891363636363636
Cu14,4.83,0.006221
Cu14,4.89,0.0065193636363636365
Cu14,4.949999999999999,0.006840272727272727
Cu14,5.01,0.007227454545454546
Cu14,5.07,0.007539909090909091
Cu14,5.13,0.007924
Cu14,5.1899999999999995,0.008239454545454545
Cu14,5.25,0.008657636363636364
Cu14,5.31,0.009079909090909092
Cu14,5.369999999999999,0.009419181818181818
Cu14,5.43,0.009847818181818182
Cu14,5.49,0.010247818181818183
Cu14,5.55,0.010647909090909092
Cu14,5.609999999999999,0.011080363636363636
Cu14,5.67,0.011486909090909091
Cu14,5.73,0.011895363636363636
Cu14,5.789999999999999,0.012288
Cu14,5.85,0.012717818181818183
Cu14,5.91,0.013121818181818182
Cu14,5.97,0.013552272727272727
Cu14,6.029999999999999,0.013936818181818182
Cu14,6.09,0.014309818181818182
Cu14,6.15,0.014687363636363636
Cu14,6.21,0.015029
Cu14,6.27,0.01533
Cu14,6.33,0.015665727272727272
Cu14,6.39,0.015963636363636364
Cu14,6.449999999999999,0.016226636363636363
Cu14,6.51,0.016450272727272727
Cu14,6.57,0.016658727272727273
Cu14,6.63,0.016829818181818182
Cu14,6.6899999999999995,0.016991
Cu14,6.75,0.017100272727272728
Cu14,6.81,0.01718881818181818
Cu14,6.869999999999999,0.01725309090909091
Cu14,6.93,0.017257545454545456
Cu14,6.99,0.017266545454545455
Cu14,7.05,0.017169363636363635
Cu14,7.109999999999999,0.017117363636363635
Cu14,7.17,0.01699409090909091
Cu14,7.2299999999999995,0.01689590909090909
Cu14,7.289999999999999,0.016676727272727274
Cu14,7.35,0.016471909090909093
Cu14,7.41,0.016262181818181818
Cu14,7.47,0.015975
Cu14,7.529999999999999,0.015696727272727272
Cu14,7.59,0.01535409090909091
Cu14,7.65,0.014961272727272728
Cu14,7.709999999999999,0.014648727272727273
Cu14,7.77,0.014221181818181819
Cu14,7.83,0.013761363636363636
Cu14,7.89,0.013290727272727274
Cu14,7.949999999999999,0.012806363636363637
Cu14,8.01,0.01237609090909091
Cu14,8.07,0.011878727272727273
Cu14,8.129999999999999,0.01138090909090909
Cu14,8.19,0.010846818181818181
Cu14,8.25,0.010310909090909091
Cu14,8.309999999999999,0.009787363636363636
Cu14,8.370000000000001,0.009275181818181818
Cu14,8.43,0.00876309090909091
Cu14,8.489999999999998,0.00827590909090909
Cu14,8.55,0.007773454545454545
Cu14,8.61,0.0072626363636363635
Cu14,8.67,0.006783818181818182
Cu14,8.73,0.006339
Cu14,8.79,0.005862636363636363
Cu14,8.85,0.005437090909090909
Cu14,8.91,0.005010181818181818
Cu14,8.969999999999999,0.004618181818181818
Cu14,9.030000000000001,0.0042387272727272725
Cu14,9.09,0.0038775454545454547
Cu14,9.149999999999999,0.003546
Cu14,9.21,0.003214272727272727
Cu14,9.27,0.0029156363636363637
Cu14,9.329999999999998,0.0026424545454545455
Cu14,9.39,0.0023692727272727272
Cu14,9.45,0.002120272727272727
Cu14,9.51,0.0018907272727272727
Cu14,9.57,0.0016806363636363635
Cu14,9.629999999999999,0.001487090909090909
Cu14,9.69,0.0013123636363636365
Cu14,9.75,0.0011596363636363636
Cu14,9.809999999999999,0.001015090909090909
Cu14,9.870000000000001,0.000885
Cu14,9.93,0.0007716363636363637
Cu14,9.989999999999998,0.0006714545454545455
Cu14,10.05,0.0005862727272727273
Cu14,10.11,0.0005080909090909091
Cu14,10.169999999999998,0.00043627272727272726
Cu14,10.23,0.0003769090909090909
Cu14,10.29,0.0003241818181818182
Cu14,10.35,0.0002781818181818182
Cu14,10.41,0.00023554545454545453
Cu14,10.469999999999999,0.00019581818181818182
Cu14,10.53,0.00016518181818181817
Cu14,10.59,0.00013809090909090908
Cu14,10.649999999999999,0.00011454545454545455
Cu14,10.71,9.263636363636364e-05
Cu14,10.77,7.681818181818182e-05
Cu14,10.829999999999998,6.236363636363636e-05
Cu14,10.89,4.9e-05
Cu14,10.95,3.8545454545454544e-05
Cu14,11.01,3.2454545454545454e-05
Cu14,11.07,2.5181818181818183e-05
Cu14,11.129999999999999,2.1e-05
Cu14,11.19,1.781818181818182e-05
Cu14,11.25,1.3090909090909092e-05
Cu14,11.309999999999999,1.2e-05
Cu14,11.370000000000001,9.727272727272727e-06
Cu14,11.43,8.09090909090909e-06
Cu14,11.489999999999998,7e-06
Cu14,11.55,5.363636363636364e-06
Cu14,11.61,4.090909090909091e-06
Cu14,11.669999999999998,3.818181818181818e-06
Cu14,11.73,2.4545454545454544e-06
Cu14,11.79,2.4545454545454544e-06
Cu14,11.85,2.0909090909090907e-06
Cu14,11.91,1e-06
Cu14,11.969999999999999,8.181818181818182e-07
Cu14,12.03,5.454545454545455e-07
Cu14,12.09,4.545454545454545e-07
Cu14,12.149999999999999,4.545454545454545e-07
Cu14,12.21,3.6363636363636366e-07
Cu14,12.27,3.6363636363636366e-07
Cu14,12.329999999999998,1.8181818181818183e-07
Cu14,12.39,9.090909090909091e-08
