name,energy,flux
Ni08,27.689999999999998,1.3333333333333334e-06
Ni08,27.75,3e-06
Ni08,27.81,3.3333333333333333e-06
Ni08,27.869999999999997,4.333333333333333e-06
Ni08,27.93,1.1333333333333334e-05
Ni08,27.99,1.9666666666666666e-05
Ni08,28.049999999999997,3.0333333333333333e-05
Ni08,28.11,5.0333333333333335e-05
Ni08,28.17,7.966666666666666e-05
Ni08,28.229999999999997,0.00011666666666666667
Ni08,28.29,0.00020033333333333334
Ni08,28.35,0.0002736666666666667
Ni08,28.409999999999997,0.0004443333333333333
Ni08,28.47,0.000628
Ni08,28.53,0.000916
Ni08,28.589999999999996,0.0013336666666666666
Ni08,28.65,0.001812
Ni08,28.71,0.0025396666666666666
Ni08,28.769999999999996,0.0034956666666666665
Ni08,28.83,0.004647
Ni08,28.89,0.006069333333333334
Ni08,28.95,0.0078063333333333335
Ni08,29.009999999999998,0.010017
Ni08,29.07,0.012579333333333333
Ni08,29.13,0.015283333333333333
Ni08,29.189999999999998,0.018665333333333332
Ni08,29.25,0.022068333333333332
Ni08,29.31,0.025843666666666668
Ni08,29.369999999999997,0.029944666666666668
Ni08,29.43,0.033958666666666665
Ni08,29.49,0.03758533333333333
Ni08,29.549999999999997,0.041484
Ni08,29.61,0.04457
Ni08,29.67,0.047461
Ni08,29.729999999999997,0.049364333333333336
Ni08,29.79,0.050743333333333335
Ni08,29.85,0.051008333333333336
Ni08,29.909999999999997,0.050883
Ni08,29.97,0.049624
Ni08,30.03,0.047746333333333335
Ni08,30.089999999999996,0.045118
Ni08,30.15,0.04208166666666667
Ni08,30.21,0.038274333333333334
Ni08,30.269999999999996,0.034714
Ni08,30.33,0.030604
Ni08,30.39,0.026793666666666667
Ni08,30.45,0.022954333333333334
Ni08,30.509999999999998,0.019099
Ni08,30.57,0.016021
Ni08,30.63,0.013008666666666667
Ni08,30.689999999999998,0.010402333333333333
Ni08,30.75,0.008140333333333333
Ni08,30.81,0.006297666666666667
Ni08,30.869999999999997,0.004817333333333333
Ni08,30.93,0.003621333333333333
Ni08,30.99,0.002656
Ni08,31.049999999999997,0.0019146666666666667
Ni08,31.11,0.001356
Ni08,31.17,0.0009263333333333334
Ni08,31.229999999999997,0.000671
Ni08,31.29,0.000434
Ni08,31.35,0.000284
Ni08,31.409999999999997,0.00018933333333333335
Ni08,31.47,0.000122
Ni08,31.53,7.6e-05
Ni08,31.589999999999996,4.566666666666667e-05
Ni08,31.65,3.1e-05
Ni08,31.71,1.2333333333333333e-05
Ni08,31.769999999999996,1.0666666666666667e-05
Ni08,31.83,3.3333333333333333e-06
Ni08,31.89,2e-06
Ni08,31.95,1.3333333333333334e-06
Ni08,32.01,3.3333333333333335e-07
Ni08,32.07,3.3333333333333335e-07
Sn08,27.57,6.666666666666667e-07
Sn08,27.63,2e-06
Sn08,27.689999999999998,7.333333333333333e-06
Sn08,27.75,9e-06
Sn08,27.81,1e-05
Sn08,27.869999999999997,1.9666666666666666e-05
Sn08,27.93,3.8333333333333334e-05
Sn08,27.99,5.966666666666667e-05
Sn08,28.049999999999997,0.00010333333333333333
Sn08,28.11,0.00015633333333333333
Sn08,28.17,0.00023133333333333334
Sn08,28.229999999999997,0.00036133333333333335
Sn08,28.29,0.0005226666666666666
Sn08,28.35,0.0007906666666666666
Sn08,28.409999999999997,0.001158
Sn08,28.47,0.0016383333333333334
Sn08,28.53,0.0022953333333333333
Sn08,28.589999999999996,0.003149
Sn08,28.65,0.0042576666666666665
Sn08,28.71,0.005721666666666667
Sn08,28.769999999999996,0.007600666666666667
Sn08,28.83,0.009727
Sn08,28.89,0.012088
Sn08,28.95,0.01502
Sn08,29.009999999999998,0.018468
Sn08,29.07,0.022179666666666667
Sn08,29.13,0.026051333333333333
Sn08,29.189999999999998,0.030289
Sn08,29.25,0.034358
Sn08,29.31,0.03859066666666667
Sn08,29.369999999999997,0.042714666666666665
Sn08,29.43,0.04608166666666667
Sn08,29.49,0.04865133333333333
Sn08,29.549999999999997,0.050836
Sn08,29.61,0.052150666666666665
Sn08,29.67,0.05255633333333333
Sn08,29.729999999999997,0.05203233333333333
Sn08,29.79,0.05073366666666667
Sn08,29.85,0.048352
Sn08,29.909999999999997,0.045654
Sn08,29.97,0.042147333333333335
Sn08,30.03,0.03843733333333333
Sn08,30.089999999999996,0.034376333333333335
Sn08,30.15,0.030165333333333332
Sn08,30.21,0.025915666666666667
Sn08,30.269999999999996,0.022016666666666667
Sn08,30.33,0.018369
Sn08,30.39,0.015039333333333333
Sn08,30.45,0.011944666666666666
Sn08,30.509999999999998,0.009415333333333333
Sn08,30.57,0.007394666666666667
Sn08,30.63,0.005667333333333333
Sn08,30.689999999999998,0.004243666666666666
Sn08,30.75,0.0030976666666666665
Sn08,30.81,0.0022303333333333333
Sn08,30.869999999999997,0.0015796666666666667
Sn08,30.93,0.0011216666666666666
Sn08,30.99,0.0007523333333333334
Sn08,31.049999999999997,0.0005146666666666666
Sn08,31.11,0.0003226666666666667
Sn08,31.17,0.000223
Sn08,31.229999999999997,0.000149
Sn08,31.29,9.166666666666667e-05
Sn08,31.35,5e-05
Sn08,31.409999999999997,3.0333333333333333e-05
Sn08,31.47,2.0333333333333334e-05
Sn08,31.53,7e-06
Sn08,31.589999999999996,4.666666666666666e-06
Sn08,31.65,2.666666666666667e-06
Sn08,31.71,2e-06
Sn08,31.769999999999996,3.3333333333333335e-07
Ta08,27.33,6.666666666666667e-07
Ta08,27.39,2.333333333333333e-06
Ta08,27.45,4e-06
Ta08,27.509999999999998,4.666666666666666e-06
Ta08,27.57,8.666666666666666e-06
Ta08,27.63,1.6666666666666667e-05
Ta08,27.689999999999998,2.7333333333333335e-05
Ta08,27.75,4.433333333333333e-05
Ta08,27.81,7.133333333333334e-05
Ta08,27.869999999999997,0.00011033333333333334
Ta08,27.93,0.00017533333333333333
Ta08,27.99,0.000256
Ta08,28.049999999999997,0.0003896666666666667
Ta08,28.11,0.0005916666666666667
Ta08,28.17,0.0008223333333333333
Ta08,28.229999999999997,0.00122
Ta08,28.29,0.0016993333333333333
Ta08,28.35,0.0023653333333333334
Ta08,28.409999999999997,0.003209333333333333
Ta08,28.47,0.004341666666666666
Ta08,28.53,0.0057606666666666665
Ta08,28.589999999999996,0.007443333333333333
Ta08,28.65,0.009461333333333334
Ta08,28.71,0.011993
Ta08,28.769999999999996,0.014667
Ta08,28.83,0.017918333333333335
Ta08,28.89,0.021270333333333332
Ta08,28.95,0.025181
Ta08,29.009999999999998,0.028914
Ta08,29.07,0.033214
Ta08,29.13,0.036957666666666666
Ta08,29.189999999999998,0.040841
Ta08,29.25,0.04409
Ta08,29.31,0.046988
Ta08,29.369999999999997,0.04920133333333333
Ta08,29.43,0.050653
Ta08,29.49,0.051195
Ta08,29.549999999999997,0.05108566666666667
Ta08,29.61,0.04997
Ta08,29.67,0.048313666666666664
Ta08,29.729999999999997,0.04564066666666667
Ta08,29.79,0.042801
Ta08,29.85,0.039123
Ta08,29.909999999999997,0.03545
Ta08,29.97,0.03145866666666667
Ta08,30.03,0.027479333333333335
Ta08,30.089999999999996,0.023684333333333335
Ta08,30.15,0.019843
Ta08,30.21,0.016530666666666666
Ta08,30.269999999999996,0.013467666666666666
Ta08,30.33,0.010800333333333334
Ta08,30.39,0.008521
Ta08,30.45,0.006588
Ta08,30.509999999999998,0.005065666666666666
Ta08,30.57,0.003796
Ta08,30.63,0.002801
Ta08,30.689999999999998,0.002023333333333333
Ta08,30.75,0.001446
Ta08,30.81,0.0009893333333333334
Ta08,30.869999999999997,0.000704
Ta08,30.93,0.00046366666666666664
Ta08,30.99,0.000308
Ta08,31.049999999999997,0.000202
Ta08,31.11,0.000131
Ta08,31.17,8.666666666666667e-05
Ta08,31.229999999999997,4.966666666666667e-05
Ta08,31.29,3.2e-05
Ta08,31.35,1.4e-05
Ta08,31.409999999999997,1.1666666666666666e-05
Ta08,31.47,4.666666666666666e-06
Ta08,31.53,1.3333333333333334e-06
Ta08,31.589999999999996,2.333333333333333e-06
Ta08,31.65,3.3333333333333335e-07
Ta08,31.71,3.3333333333333335e-07
Cu08,27.03,6.666666666666667e-07
Cu08,27.089999999999996,1.3333333333333334e-06
Cu08,27.15,3.6666666666666666e-06
Cu08,27.21,4e-06
Cu08,27.27,7.333333333333333e-06
Cu08,27.33,1.4333333333333334e-05
Cu08,27.39,2.2e-05
Cu08,27.45,3.366666666666667e-05
Cu08,27.509999999999998,6.2e-05
Cu08,27.57,8.733333333333333e-05
Cu08,27.63,0.00014233333333333334
Cu08,27.689999999999998,0.000218
Cu08,27.75,0.0003063333333333333
Cu08,27.81,0.0005143333333333333
Cu08,27.869999999999997,0.0006726666666666667
Cu08,27.93,0.001026
Cu08,27.99,0.0014186666666666666
Cu08,28.049999999999997,0.0019716666666666667
Cu08,28.11,0.002717666666666667
Cu08,28.17,0.003696
Cu08,28.229999999999997,0.004867666666666667
Cu08,28.29,0.006406333333333333
Cu08,28.35,0.008131
Cu08,28.409999999999997,0.010347
Cu08,28.47,0.0129
Cu08,28.53,0.015732333333333334
Cu08,28.589999999999996,0.019044666666666668
Cu08,28.65,0.022421666666666666
Cu08,28.71,0.026227
Cu08,28.769999999999996,0.030124666666666668
Cu08,28.83,0.034088
Cu08,28.89,0.037804
Cu08,28.95,0.041457666666666664
Cu08,29.009999999999998,0.044437333333333336
Cu08,29.07,0.04717166666666667
Cu08,29.13,0.04906033333333333
Cu08,29.189999999999998,0.050389666666666666
Cu08,29.25,0.050558
Cu08,29.31,0.050348333333333335
Cu08,29.369999999999997,0.04906166666666667
Cu08,29.43,0.047308666666666666
Cu08,29.49,0.044568333333333335
Cu08,29.549999999999997,0.04166366666666667
Cu08,29.61,0.037880333333333335
Cu08,29.67,0.034456
Cu08,29.729999999999997,0.030316666666666665
Cu08,29.79,0.02659
Cu08,29.85,0.022882666666666666
Cu08,29.909999999999997,0.019132666666666666
Cu08,29.97,0.015962666666666667
Cu08,30.03,0.013019333333333334
Cu08,30.089999999999996,0.010465666666666667
Cu08,30.15,0.008225333333333333
Cu08,30.21,0.006366333333333333
Cu08,30.269999999999996,0.004890333333333333
Cu08,30.33,0.003694666666666667
Cu08,30.39,0.0027326666666666667
Cu08,30.45,0.001961
Cu08,30.509999999999998,0.00142
Cu08,30.57,0.00097
Cu08,30.63,0.0006903333333333334
Cu08,30.689999999999998,0.00046133333333333334
Cu08,30.75,0.00031
Cu08,30.81,0.000198
Cu08,30.869999999999997,0.00012833333333333333
Cu08,30.93,8.9e-05
Cu08,30.99,4.8666666666666666e-05
Cu08,31.049999999999997,3.233333333333333e-05
Cu08,31.11,1.5e-05
Cu08,31.17,1.0666666666666667e-05
Cu08,31.229999999999997,6e-06
Cu08,31.29,1.3333333333333334e-06
Cu08,31.35,2e-06
Cu08,31.409999999999997,6.666666666666667e-07
Cu08,31.47,3.3333333333333335e-07
Al_degrader_E2_E1,24.869999999999997,5.714285714285714e-07
Al_degrader_E2_E1,24.93,1.1428571428571428e-06
Al_degrader_E2_E1,24.990000000000002,1.1428571428571428e-06
Al_degrader_E2_E1,25.049999999999997,1e-06
Al_degrader_E2_E1,25.11,2.2857142857142856e-06
Al_degrader_E2_E1,25.17,5.142857142857143e-06
Al_degrader_E2_E1,25.229999999999997,7.428571428571428e-06
Al_degrader_E2_E1,25.29,1.1571428571428571e-05
Al_degrader_E2_E1,25.35,2.0714285714285715e-05
Al_degrader_E2_E1,25.409999999999997,2.6428571428571428e-05
Al_degrader_E2_E1,25.47,4.014285714285714e-05
Al_degrader_E2_E1,25.53,6e-05
Al_degrader_E2_E1,25.589999999999996,8.328571428571429e-05
Al_degrader_E2_E1,25.65,0.00013242857142857143
Al_degrader_E2_E1,25.71,0.000182
Al_degrader_E2_E1,25.77,0.00025542857142857143
Al_degrader_E2_E1,25.83,0.00033814285714285717
Al_degrader_E2_E1,25.89,0.00048285714285714284
Al_degrader_E2_E1,25.95,0.0006264285714285714
Al_degrader_E2_E1,26.009999999999998,0.0008391428571428571
Al_degrader_E2_E1,26.07,0.0011305714285714285
Al_degrader_E2_E1,26.13,0.001457857142857143
Al_degrader_E2_E1,26.189999999999998,0.001820857142857143
Al_degrader_E2_E1,26.25,0.0022815714285714284
Al_degrader_E2_E1,26.31,0.0028275714285714284
Al_degrader_E2_E1,26.369999999999997,0.003500857142857143
Al_degrader_E2_E1,26.43,0.004236142857142857
Al_degrader_E2_E1,26.49,0.005076
Al_degrader_E2_E1,26.549999999999997,0.005995285714285714
Al_degrader_E2_E1,26.61,0.006931571428571428
Al_degrader_E2_E1,26.67,0.008019
Al_degrader_E2_E1,26.729999999999997,0.009232714285714285
Al_degrader_E2_E1,26.79,0.010396714285714285
Al_degrader_E2_E1,26.85,0.011609428571428571
Al_degrader_E2_E1,26.909999999999997,0.012796285714285715
Al_degrader_E2_E1,26.97,0.013954
Al_degrader_E2_E1,27.03,0.015187428571428572
Al_degrader_E2_E1,27.089999999999996,0.016384714285714287
Al_degrader_E2_E1,27.15,0.017481857142857143
Al_degrader_E2_E1,27.21,0.018427285714285715
Al_degrader_E2_E1,27.27,0.01937485714285714
Al_degrader_E2_E1,27.33,0.020176
Al_degrader_E2_E1,27.39,0.021001142857142857
Al_degrader_E2_E1,27.45,0.021699142857142858
Al_degrader_E2_E1,27.509999999999998,0.022298857142857145
Al_degrader_E2_E1,27.57,0.022730714285714285
Al_degrader_E2_E1,27.63,0.023185142857142856
Al_degrader_E2_E1,27.689999999999998,0.023478
Al_degrader_E2_E1,27.75,0.023835
Al_degrader_E2_E1,27.81,0.024152714285714284
Al_degrader_E2_E1,27.869999999999997,0.02427285714285714
Al_degrader_E2_E1,27.93,0.024348714285714286
Al_degrader_E2_E1,27.99,0.024521571428571427
Al_degrader_E2_E1,28.049999999999997,0.024552
Al_degrader_E2_E1,28.11,0.024695428571428573
Al_degrader_E2_E1,28.17,0.024819142857142856
Al_degrader_E2_E1,28.229999999999997,0.024688
Al_degrader_E2_E1,28.29,0.02460985714285714
Al_degrader_E2_E1,28.35,0.024522285714285715
Al_degrader_E2_E1,28.409999999999997,0.02444942857142857
Al_degrader_E2_E1,28.47,0.024312857142857143
Al_degrader_E2_E1,28.53,0.02411642857142857
Al_degrader_E2_E1,28.589999999999996,0.023636857142857143
Al_degrader_E2_E1,28.65,0.023262857142857144
Al_degrader_E2_E1,28.71,0.022766857142857144
Al_degrader_E2_E1,28.769999999999996,0.02221642857142857
Al_degrader_E2_E1,28.83,0.021517714285714286
Al_degrader_E2_E1,28.89,0.020629285714285715
Al_degrader_E2_E1,28.95,0.019590285714285713
Al_degrader_E2_E1,29.009999999999998,0.018603142857142856
Al_degrader_E2_E1,29.07,0.017482142857142856
Al_degrader_E2_E1,29.13,0.016183142857142858
Al_degrader_E2_E1,29.189999999999998,0.015020571428571428
Al_degrader_E2_E1,29.25,0.013596285714285714
Al_degrader_E2_E1,29.31,0.012194142857142857
Al_degrader_E2_E1,29.369999999999997,0.010896142857142858
Al_degrader_E2_E1,29.43,0.009664857142857143
Al_degrader_E2_E1,29.49,0.008317
Al_degrader_E2_E1,29.549999999999997,0.007176
Al_degrader_E2_E1,29.61,0.005997142857142857
Al_degrader_E2_E1,29.67,0.005050142857142857
Al_degrader_E2_E1,29.729999999999997,0.004160428571428571
Al_degrader_E2_E1,29.79,0.003373285714285714
Al_degrader_E2_E1,29.85,0.0027015714285714286
Al_degrader_E2_E1,29.909999999999997,0.0021007142857142856
Al_degrader_E2_E1,29.97,0.001620142857142857
Al_degrader_E2_E1,30.03,0.0012495714285714287
Al_degrader_E2_E1,30.089999999999996,0.0009528571428571429
Al_degrader_E2_E1,30.15,0.0006991428571428572
Al_degrader_E2_E1,30.21,0.000504
Al_degrader_E2_E1,30.269999999999996,0.00035785714285714284
Al_degrader_E2_E1,30.33,0.0002504285714285714
Al_degrader_E2_E1,30.39,0.00018414285714285714
Al_degrader_E2_E1,30.45,0.00011671428571428572
Al_degrader_E2_E1,30.509999999999998,8.142857142857143e-05
Al_degrader_E2_E1,30.57,5.1142857142857145e-05
Al_degrader_E2_E1,30.63,3.485714285714286e-05
Al_degrader_E2_E1,30.689999999999998,2.257142857142857e-05
Al_degrader_E2_E1,30.75,1.4428571428571429e-05
Al_degrader_E2_E1,30.81,8.857142857142857e-06
Al_degrader_E2_E1,30.869999999999997,3.4285714285714285e-06
Al_degrader_E2_E1,30.93,4.2857142857142855e-06
Al_degrader_E2_E1,30.99,5.714285714285714e-07
Al_degrader_E2_E1,31.049999999999997,5.714285714285714e-07
Al_degrader_E2_E1,31.11,5.714285714285714e-07
Al_degrader_E2_E1,31.17,1.4285714285714285e-07
Al_degrader_E2_E1,31.229999999999997,1.4285714285714285e-07
Ni09,24.509999999999998,6.666666666666667e-07
Ni09,24.57,1.3333333333333334e-06
Ni09,24.63,3.6666666666666666e-06
Ni09,24.689999999999998,3e-06
Ni09,24.75,5e-06
Ni09,24.81,1.2666666666666667e-05
Ni09,24.869999999999997,1.7666666666666668e-05
Ni09,24.93,2.6333333333333334e-05
Ni09,24.990000000000002,4.5333333333333335e-05
Ni09,25.049999999999997,6.766666666666667e-05
Ni09,25.11,9.133333333333334e-05
Ni09,25.17,0.00015666666666666666
Ni09,25.229999999999997,0.000221
Ni09,25.29,0.00030133333333333336
Ni09,25.35,0.0004916666666666666
Ni09,25.409999999999997,0.000635
Ni09,25.47,0.0009266666666666667
Ni09,25.53,0.0012613333333333333
Ni09,25.589999999999996,0.001701
Ni09,25.65,0.0023226666666666665
Ni09,25.71,0.003082
Ni09,25.77,0.004039333333333333
Ni09,25.83,0.005229333333333333
Ni09,25.89,0.006645333333333333
Ni09,25.95,0.008227333333333333
Ni09,26.009999999999998,0.010334333333333333
Ni09,26.07,0.0125
Ni09,26.13,0.015061666666666666
Ni09,26.189999999999998,0.017956666666666666
Ni09,26.25,0.020904
Ni09,26.31,0.02413766666666667
Ni09,26.369999999999997,0.027626333333333333
Ni09,26.43,0.031028
Ni09,26.49,0.034218
Ni09,26.549999999999997,0.037561
Ni09,26.61,0.040342333333333334
Ni09,26.67,0.04271666666666667
Ni09,26.729999999999997,0.04481966666666667
Ni09,26.79,0.046357
Ni09,26.85,0.047073666666666666
Ni09,26.909999999999997,0.047092666666666665
Ni09,26.97,0.04686333333333333
Ni09,27.03,0.04560633333333333
Ni09,27.089999999999996,0.043957666666666666
Ni09,27.15,0.041704333333333336
Ni09,27.21,0.039071666666666664
Ni09,27.27,0.035931333333333336
Ni09,27.33,0.03287933333333334
Ni09,27.39,0.029574
Ni09,27.45,0.025889333333333334
Ni09,27.509999999999998,0.022829666666666668
Ni09,27.57,0.019469333333333335
Ni09,27.63,0.016495
Ni09,27.689999999999998,0.013802666666666666
Ni09,27.75,0.011317333333333334
Ni09,27.81,0.009231333333333333
Ni09,27.869999999999997,0.007337666666666667
Ni09,27.93,0.005744
Ni09,27.99,0.004472
Ni09,28.049999999999997,0.003459
Ni09,28.11,0.002604
Ni09,28.17,0.0018813333333333334
Ni09,28.229999999999997,0.0014283333333333333
Ni09,28.29,0.0009876666666666666
Ni09,28.35,0.0007166666666666667
Ni09,28.409999999999997,0.0005003333333333333
Ni09,28.47,0.00034133333333333335
Ni09,28.53,0.00023733333333333335
Ni09,28.589999999999996,0.00014866666666666666
Ni09,28.65,0.00010466666666666667
Ni09,28.71,6.633333333333334e-05
Ni09,28.769999999999996,4.233333333333333e-05
Ni09,28.83,3.0333333333333333e-05
Ni09,28.89,1.0333333333333333e-05
Ni09,28.95,1.1e-05
Ni09,29.009999999999998,4.666666666666666e-06
Ni09,29.07,1.3333333333333334e-06
Ni09,29.13,1.6666666666666667e-06
Ni09,29.189999999999998,1e-06
Ni09,29.25,3.3333333333333335e-07
Sn09,24.45,1.6666666666666667e-06
Sn09,24.509999999999998,4.666666666666666e-06
Sn09,24.57,7.333333333333333e-06
Sn09,24.63,8.333333333333334e-06
Sn09,24.689999999999998,1e-05
Sn09,24.75,2.1333333333333335e-05
Sn09,24.81,3.8e-05
Sn09,24.869999999999997,5.5333333333333334e-05
Sn09,24.93,9e-05
Sn09,24.990000000000002,0.00013366666666666667
Sn09,25.049999999999997,0.000195
Sn09,25.11,0.000287
Sn09,25.17,0.00040566666666666664
Sn09,25.229999999999997,0.0005896666666666666
Sn09,25.29,0.0008663333333333333
Sn09,25.35,0.0012
Sn09,25.409999999999997,0.0016236666666666667
Sn09,25.47,0.002242
Sn09,25.53,0.002954
Sn09,25.589999999999996,0.003925666666666667
Sn09,25.65,0.005121
Sn09,25.71,0.006657
Sn09,25.77,0.008407333333333333
Sn09,25.83,0.010379333333333334
Sn09,25.89,0.012654
Sn09,25.95,0.015368333333333333
Sn09,26.009999999999998,0.018445333333333334
Sn09,26.07,0.021536
Sn09,26.13,0.024967
Sn09,26.189999999999998,0.028595
Sn09,26.25,0.031974333333333334
Sn09,26.31,0.03562866666666667
Sn09,26.369999999999997,0.039139
Sn09,26.43,0.041923
Sn09,26.49,0.04446866666666666
Sn09,26.549999999999997,0.046304
Sn09,26.61,0.04767933333333333
Sn09,26.67,0.048327666666666665
Sn09,26.729999999999997,0.048384666666666666
Sn09,26.79,0.04770866666666667
Sn09,26.85,0.04608466666666667
Sn09,26.909999999999997,0.04412133333333333
Sn09,26.97,0.041594
Sn09,27.03,0.038671333333333335
Sn09,27.089999999999996,0.03545266666666667
Sn09,27.15,0.032023666666666666
Sn09,27.21,0.028398666666666666
Sn09,27.27,0.024743666666666667
Sn09,27.33,0.021476333333333333
Sn09,27.39,0.018174666666666665
Sn09,27.45,0.015252666666666666
Sn09,27.509999999999998,0.012436333333333334
Sn09,27.57,0.010054
Sn09,27.63,0.008062333333333333
Sn09,27.689999999999998,0.006408666666666667
Sn09,27.75,0.0049833333333333335
Sn09,27.81,0.003808666666666667
Sn09,27.869999999999997,0.002824
Sn09,27.93,0.002093666666666667
Sn09,27.99,0.001513
Sn09,28.049999999999997,0.001118
Sn09,28.11,0.0007856666666666667
Sn09,28.17,0.000515
Sn09,28.229999999999997,0.0003716666666666667
Sn09,28.29,0.000244
Sn09,28.35,0.00017533333333333333
Sn09,28.409999999999997,0.00011033333333333334
Sn09,28.47,7.4e-05
Sn09,28.53,3.933333333333333e-05
Sn09,28.589999999999996,2.8333333333333332e-05
Sn09,28.65,1.6666666666666667e-05
Sn09,28.71,6.666666666666667e-06
Sn09,28.769999999999996,4e-06
Sn09,28.83,3.3333333333333333e-06
Sn09,28.89,1.6666666666666667e-06
Sn09,28.95,6.666666666666667e-07
Ta09,24.15,6.666666666666667e-07
Ta09,24.21,2e-06
Ta09,24.27,3.6666666666666666e-06
Ta09,24.33,4e-06
Ta09,24.39,6.666666666666667e-06
Ta09,24.45,1.3666666666666667e-05
Ta09,24.509999999999998,2.1e-05
Ta09,24.57,2.9e-05
Ta09,24.63,4.633333333333333e-05
Ta09,24.689999999999998,7.366666666666666e-05
Ta09,24.75,0.00010566666666666667
Ta09,24.81,0.000173
Ta09,24.869999999999997,0.000233
Ta09,24.93,0.000336
Ta09,24.990000000000002,0.0005143333333333333
Ta09,25.049999999999997,0.0006786666666666667
Ta09,25.11,0.001024
Ta09,25.17,0.001312
Ta09,25.229999999999997,0.0018473333333333334
Ta09,25.29,0.0024246666666666666
Ta09,25.35,0.003267
Ta09,25.409999999999997,0.004235
Ta09,25.47,0.005496
Ta09,25.53,0.006951333333333334
Ta09,25.589999999999996,0.008652666666666666
Ta09,25.65,0.010715666666666667
Ta09,25.71,0.012969
Ta09,25.77,0.015595
Ta09,25.83,0.018387
Ta09,25.89,0.021582666666666667
Ta09,25.95,0.024787333333333335
Ta09,26.009999999999998,0.028214666666666666
Ta09,26.07,0.031619666666666664
Ta09,26.13,0.034874333333333334
Ta09,26.189999999999998,0.03816066666666667
Ta09,26.25,0.040727
Ta09,26.31,0.043257
Ta09,26.369999999999997,0.04519666666666667
Ta09,26.43,0.046352333333333336
Ta09,26.49,0.047233333333333336
Ta09,26.549999999999997,0.047029
Ta09,26.61,0.04669566666666667
Ta09,26.67,0.04514233333333333
Ta09,26.729999999999997,0.043705666666666664
Ta09,26.79,0.041064333333333335
Ta09,26.85,0.038594333333333335
Ta09,26.909999999999997,0.03532333333333333
Ta09,26.97,0.03221566666666666
Ta09,27.03,0.028785
Ta09,27.089999999999996,0.025425333333333335
Ta09,27.15,0.022225
Ta09,27.21,0.018874333333333333
Ta09,27.27,0.015942333333333333
Ta09,27.33,0.013333
Ta09,27.39,0.010902333333333333
Ta09,27.45,0.008843666666666666
Ta09,27.509999999999998,0.007019
Ta09,27.57,0.0055446666666666665
Ta09,27.63,0.004274333333333333
Ta09,27.689999999999998,0.0032823333333333333
Ta09,27.75,0.002477333333333333
Ta09,27.81,0.001823
Ta09,27.869999999999997,0.0013256666666666666
Ta09,27.93,0.0009366666666666667
Ta09,27.99,0.000685
Ta09,28.049999999999997,0.0004643333333333333
Ta09,28.11,0.000326
Ta09,28.17,0.000212
Ta09,28.229999999999997,0.000149
Ta09,28.29,9.6e-05
Ta09,28.35,7e-05
Ta09,28.409999999999997,3.5e-05
Ta09,28.47,2.7333333333333335e-05
Ta09,28.53,8.666666666666666e-06
Ta09,28.589999999999996,1.0666666666666667e-05
Ta09,28.65,3.6666666666666666e-06
Ta09,28.71,1.3333333333333334e-06
Ta09,28.769999999999996,2e-06
Ta09,28.83,6.666666666666667e-07
Ta09,28.89,3.3333333333333335e-07
Cu09,23.85,6.666666666666667e-07
Cu09,23.909999999999997,2.333333333333333e-06
Cu09,23.97,3.6666666666666666e-06
Cu09,24.03,3.6666666666666666e-06
Cu09,24.089999999999996,7.666666666666667e-06
Cu09,24.15,1.3333333333333333e-05
Cu09,24.21,2e-05
Cu09,24.27,2.8666666666666668e-05
Cu09,24.33,4.9e-05
Cu09,24.39,7.3e-05
Cu09,24.45,0.00010333333333333333
Cu09,24.509999999999998,0.00017566666666666666
Cu09,24.57,0.000223
Cu09,24.63,0.00032133333333333336
Cu09,24.689999999999998,0.000505
Cu09,24.75,0.000652
Cu09,24.81,0.0009673333333333333
Cu09,24.869999999999997,0.0012833333333333334
Cu09,24.93,0.001746
Cu09,24.990000000000002,0.002329
Cu09,25.049999999999997,0.0031023333333333332
Cu09,25.11,0.00405
Cu09,25.17,0.0052053333333333335
Cu09,25.229999999999997,0.006598
Cu09,25.29,0.008155666666666667
Cu09,25.35,0.010137666666666666
Cu09,25.409999999999997,0.012325666666666667
Cu09,25.47,0.014775333333333333
Cu09,25.53,0.017597666666666668
Cu09,25.589999999999996,0.020478
Cu09,25.65,0.023563
Cu09,25.71,0.026919666666666668
Cu09,25.77,0.030313666666666666
Cu09,25.83,0.033368666666666665
Cu09,25.89,0.03672433333333333
Cu09,25.95,0.039416
Cu09,26.009999999999998,0.041827333333333334
Cu09,26.07,0.04405166666666667
Cu09,26.13,0.045403
Cu09,26.189999999999998,0.046463
Cu09,26.25,0.04653
Cu09,26.31,0.04633366666666667
Cu09,26.369999999999997,0.045344333333333334
Cu09,26.43,0.043837
Cu09,26.49,0.041713
Cu09,26.549999999999997,0.039296333333333336
Cu09,26.61,0.03649566666666667
Cu09,26.67,0.033163
Cu09,26.729999999999997,0.030306
Cu09,26.79,0.026617333333333333
Cu09,26.85,0.023602
Cu09,26.909999999999997,0.020344
Cu09,26.97,0.017256
Cu09,27.03,0.01463
Cu09,27.089999999999996,0.012082
Cu09,27.15,0.009869666666666667
Cu09,27.21,0.007951
Cu09,27.27,0.006280666666666667
Cu09,27.33,0.004972666666666667
Cu09,27.39,0.0038236666666666666
Cu09,27.45,0.0029286666666666667
Cu09,27.509999999999998,0.0021783333333333333
Cu09,27.57,0.001618
Cu09,27.63,0.0011643333333333334
Cu09,27.689999999999998,0.00082
Cu09,27.75,0.000618
Cu09,27.81,0.000415
Cu09,27.869999999999997,0.000284
Cu09,27.93,0.00018733333333333332
Cu09,27.99,0.000131
Cu09,28.049999999999997,8.8e-05
Cu09,28.11,5.3666666666666666e-05
Cu09,28.17,3.3333333333333335e-05
Cu09,28.229999999999997,2.2333333333333332e-05
Cu09,28.29,1.0333333333333333e-05
Cu09,28.35,9.666666666666667e-06
Cu09,28.409999999999997,2e-06
Cu09,28.47,1.6666666666666667e-06
Cu09,28.53,1.6666666666666667e-06
Cu09,28.589999999999996,3.3333333333333335e-07
Cu09,28.65,3.3333333333333335e-07
Al_degrader_E4_E3,21.39,2.2222222222222222e-07
Al_degrader_E4_E3,21.45,6.666666666666667e-07
Al_degrader_E4_E3,21.509999999999998,1e-06
Al_degrader_E4_E3,21.57,5.555555555555555e-07
Al_degrader_E4_E3,21.63,8.888888888888889e-07
Al_degrader_E4_E3,21.689999999999998,2.111111111111111e-06
Al_degrader_E4_E3,21.75,3.888888888888889e-06
Al_degrader_E4_E3,21.81,6.111111111111111e-06
Al_degrader_E4_E3,21.869999999999997,7.666666666666667e-06
Al_degrader_E4_E3,21.93,1.2e-05
Al_degrader_E4_E3,21.990000000000002,1.788888888888889e-05
Al_degrader_E4_E3,22.049999999999997,2.422222222222222e-05
Al_degrader_E4_E3,22.11,3.933333333333333e-05
Al_degrader_E4_E3,22.17,4.966666666666667e-05
Al_degrader_E4_E3,22.229999999999997,6.822222222222222e-05
Al_degrader_E4_E3,22.29,0.00010766666666666666
Al_degrader_E4_E3,22.35,0.00013555555555555556
Al_degrader_E4_E3,22.409999999999997,0.00019222222222222224
Al_degrader_E4_E3,22.47,0.0002461111111111111
Al_degrader_E4_E3,22.53,0.00033766666666666667
Al_degrader_E4_E3,22.589999999999996,0.000446
Al_degrader_E4_E3,22.65,0.0005695555555555556
Al_degrader_E4_E3,22.71,0.0007535555555555556
Al_degrader_E4_E3,22.77,0.0009597777777777778
Al_degrader_E4_E3,22.83,0.0012137777777777778
Al_degrader_E4_E3,22.89,0.0015075555555555556
Al_degrader_E4_E3,22.95,0.001834888888888889
Al_degrader_E4_E3,23.009999999999998,0.002262333333333333
Al_degrader_E4_E3,23.07,0.002778888888888889
Al_degrader_E4_E3,23.13,0.0033031111111111113
Al_degrader_E4_E3,23.189999999999998,0.003913777777777778
Al_degrader_E4_E3,23.25,0.0045754444444444445
Al_degrader_E4_E3,23.31,0.005364444444444444
Al_degrader_E4_E3,23.369999999999997,0.006172555555555555
Al_degrader_E4_E3,23.43,0.007087222222222222
Al_degrader_E4_E3,23.490000000000002,0.007997333333333334
Al_degrader_E4_E3,23.549999999999997,0.008959
Al_degrader_E4_E3,23.61,0.009985444444444444
Al_degrader_E4_E3,23.67,0.010969333333333333
Al_degrader_E4_E3,23.729999999999997,0.012061777777777777
Al_degrader_E4_E3,23.79,0.013096222222222223
Al_degrader_E4_E3,23.85,0.014035111111111111
Al_degrader_E4_E3,23.909999999999997,0.015108777777777778
Al_degrader_E4_E3,23.97,0.01595488888888889
Al_degrader_E4_E3,24.03,0.016920777777777778
Al_degrader_E4_E3,24.089999999999996,0.017753111111111112
Al_degrader_E4_E3,24.15,0.01846622222222222
Al_degrader_E4_E3,24.21,0.019277222222222223
Al_degrader_E4_E3,24.27,0.019801
Al_degrader_E4_E3,24.33,0.020483333333333333
Al_degrader_E4_E3,24.39,0.020955
Al_degrader_E4_E3,24.45,0.02136611111111111
Al_degrader_E4_E3,24.509999999999998,0.02180788888888889
Al_degrader_E4_E3,24.57,0.022056555555555555
Al_degrader_E4_E3,24.63,0.02242788888888889
Al_degrader_E4_E3,24.689999999999998,0.022612
Al_degrader_E4_E3,24.75,0.022772444444444446
Al_degrader_E4_E3,24.81,0.02297322222222222
Al_degrader_E4_E3,24.869999999999997,0.023078777777777778
Al_degrader_E4_E3,24.93,0.02324722222222222
Al_degrader_E4_E3,24.990000000000002,0.02316677777777778
Al_degrader_E4_E3,25.049999999999997,0.02335677777777778
Al_degrader_E4_E3,25.11,0.023196444444444443
Al_degrader_E4_E3,25.17,0.023299444444444446
Al_degrader_E4_E3,25.229999999999997,0.023252444444444444
Al_degrader_E4_E3,25.29,0.02302511111111111
Al_degrader_E4_E3,25.35,0.022951666666666665
Al_degrader_E4_E3,25.409999999999997,0.022687111111111113
Al_degrader_E4_E3,25.47,0.022472555555555555
Al_degrader_E4_E3,25.53,0.022172444444444446
Al_degrader_E4_E3,25.589999999999996,0.021707
Al_degrader_E4_E3,25.65,0.02119988888888889
Al_degrader_E4_E3,25.71,0.020627
Al_degrader_E4_E3,25.77,0.020050666666666668
Al_degrader_E4_E3,25.83,0.01918811111111111
Al_degrader_E4_E3,25.89,0.01843788888888889
Al_degrader_E4_E3,25.95,0.017426555555555556
Al_degrader_E4_E3,26.009999999999998,0.016476888888888888
Al_degrader_E4_E3,26.07,0.01542888888888889
Al_degrader_E4_E3,26.13,0.014280111111111111
Al_degrader_E4_E3,26.189999999999998,0.013159
Al_degrader_E4_E3,26.25,0.011968666666666667
Al_degrader_E4_E3,26.31,0.010847111111111111
Al_degrader_E4_E3,26.369999999999997,0.009665333333333333
Al_degrader_E4_E3,26.43,0.008581444444444444
Al_degrader_E4_E3,26.49,0.007453777777777778
Al_degrader_E4_E3,26.549999999999997,0.006516555555555556
Al_degrader_E4_E3,26.61,0.005594111111111111
Al_degrader_E4_E3,26.67,0.004676
Al_degrader_E4_E3,26.729999999999997,0.003928111111111111
Al_degrader_E4_E3,26.79,0.0032557777777777776
Al_degrader_E4_E3,26.85,0.002653888888888889
Al_degrader_E4_E3,26.909999999999997,0.0021463333333333334
Al_degrader_E4_E3,26.97,0.0016875555555555556
Al_degrader_E4_E3,27.03,0.0013333333333333333
Al_degrader_E4_E3,27.089999999999996,0.001030888888888889
Al_degrader_E4_E3,27.15,0.000794
Al_degrader_E4_E3,27.21,0.0006038888888888889
Al_degrader_E4_E3,27.27,0.0004471111111111111
Al_degrader_E4_E3,27.33,0.00032544444444444445
Al_degrader_E4_E3,27.39,0.00023122222222222223
Al_degrader_E4_E3,27.45,0.00016833333333333332
Al_degrader_E4_E3,27.509999999999998,0.000122
Al_degrader_E4_E3,27.57,8.211111111111112e-05
Al_degrader_E4_E3,27.63,5.466666666666667e-05
Al_degrader_E4_E3,27.689999999999998,3.688888888888889e-05
Al_degrader_E4_E3,27.75,2.5e-05
Al_degrader_E4_E3,27.81,1.8333333333333333e-05
Al_degrader_E4_E3,27.869999999999997,1.0444444444444445e-05
Al_degrader_E4_E3,27.93,6.777777777777778e-06
Al_degrader_E4_E3,27.99,3.111111111111111e-06
Al_degrader_E4_E3,28.049999999999997,3.3333333333333333e-06
Al_degrader_E4_E3,28.11,1.2222222222222221e-06
Al_degrader_E4_E3,28.17,3.3333333333333335e-07
Al_degrader_E4_E3,28.229999999999997,4.4444444444444444e-07
Al_degrader_E4_E3,28.29,3.3333333333333335e-07
Al_degrader_E4_E3,28.35,1.1111111111111111e-07
Ni10,20.97,3.3333333333333335e-07
Ni10,21.03,6.666666666666667e-07
Ni10,21.089999999999996,2e-06
Ni10,21.15,2.666666666666667e-06
Ni10,21.21,3.3333333333333333e-06
Ni10,21.27,4.333333333333333e-06
Ni10,21.33,1e-05
Ni10,21.39,1.4666666666666666e-05
Ni10,21.45,2.0333333333333334e-05
Ni10,21.509999999999998,3.0333333333333333e-05
Ni10,21.57,5.2e-05
Ni10,21.63,6.866666666666666e-05
Ni10,21.689999999999998,8.9e-05
Ni10,21.75,0.00015433333333333334
Ni10,21.81,0.00019166666666666667
Ni10,21.869999999999997,0.00025866666666666665
Ni10,21.93,0.0004153333333333333
Ni10,21.990000000000002,0.0005203333333333334
Ni10,22.049999999999997,0.000706
Ni10,22.11,0.000976
Ni10,22.17,0.0012793333333333333
Ni10,22.229999999999997,0.0016723333333333334
Ni10,22.29,0.002172
Ni10,22.35,0.0028473333333333332
Ni10,22.409999999999997,0.003598
Ni10,22.47,0.0045253333333333335
Ni10,22.53,0.005663
Ni10,22.589999999999996,0.006875666666666667
Ni10,22.65,0.008417666666666667
Ni10,22.71,0.010231666666666667
Ni10,22.77,0.012008
Ni10,22.83,0.014221333333333334
Ni10,22.89,0.016585666666666665
Ni10,22.95,0.019029333333333332
Ni10,23.009999999999998,0.021571333333333335
Ni10,23.07,0.024469
Ni10,23.13,0.027281666666666666
Ni10,23.189999999999998,0.029934333333333334
Ni10,23.25,0.032585666666666666
Ni10,23.31,0.035118666666666666
Ni10,23.369999999999997,0.037218
Ni10,23.43,0.03931233333333333
Ni10,23.490000000000002,0.040654333333333334
Ni10,23.549999999999997,0.042059
Ni10,23.61,0.042521333333333335
Ni10,23.67,0.042623666666666664
Ni10,23.729999999999997,0.042548666666666665
Ni10,23.79,0.041677
Ni10,23.85,0.040384666666666666
Ni10,23.909999999999997,0.038844666666666666
Ni10,23.97,0.036859333333333334
Ni10,24.03,0.034681666666666666
Ni10,24.089999999999996,0.031835
Ni10,24.15,0.029405666666666667
Ni10,24.21,0.026691
Ni10,24.27,0.023667333333333332
Ni10,24.33,0.021113
Ni10,24.39,0.018383666666666666
Ni10,24.45,0.015703
Ni10,24.509999999999998,0.013619
Ni10,24.57,0.011413333333333333
Ni10,24.63,0.009431333333333333
Ni10,24.689999999999998,0.007829
Ni10,24.75,0.006329
Ni10,24.81,0.00505
Ni10,24.869999999999997,0.004009666666666667
Ni10,24.93,0.0031806666666666667
Ni10,24.990000000000002,0.002465666666666667
Ni10,25.049999999999997,0.0018343333333333334
Ni10,25.11,0.0014113333333333332
Ni10,25.17,0.001044
Ni10,25.229999999999997,0.0007473333333333334
Ni10,25.29,0.000571
Ni10,25.35,0.0003986666666666667
Ni10,25.409999999999997,0.00028133333333333336
Ni10,25.47,0.00019533333333333333
Ni10,25.53,0.00013166666666666668
Ni10,25.589999999999996,9.633333333333333e-05
Ni10,25.65,6.266666666666667e-05
Ni10,25.71,4.1e-05
Ni10,25.77,2.8666666666666668e-05
Ni10,25.83,1.3333333333333333e-05
Ni10,25.89,1e-05
Ni10,25.95,8.333333333333334e-06
Ni10,26.009999999999998,2e-06
Ni10,26.07,1.3333333333333334e-06
Ni10,26.13,1.3333333333333334e-06
Ni10,26.189999999999998,6.666666666666667e-07
Ni10,26.25,3.3333333333333335e-07
Sn10,20.909999999999997,6.666666666666667e-07
Sn10,20.97,3e-06
Sn10,21.03,6e-06
Sn10,21.089999999999996,6.333333333333333e-06
Sn10,21.15,7.666666666666667e-06
Sn10,21.21,1.0333333333333333e-05
Sn10,21.27,1.9333333333333333e-05
Sn10,21.33,3.366666666666667e-05
Sn10,21.39,4.4e-05
Sn10,21.45,7.1e-05
Sn10,21.509999999999998,0.00010366666666666666
Sn10,21.57,0.00014633333333333333
Sn10,21.63,0.00020266666666666667
Sn10,21.689999999999998,0.0002826666666666667
Sn10,21.75,0.000394
Sn10,21.81,0.0005426666666666667
Sn10,21.869999999999997,0.0007616666666666667
Sn10,21.93,0.001028
Sn10,21.990000000000002,0.0013703333333333334
Sn10,22.049999999999997,0.0018076666666666666
Sn10,22.11,0.002321
Sn10,22.17,0.003027666666666667
Sn10,22.229999999999997,0.0038536666666666667
Sn10,22.29,0.004897333333333333
Sn10,22.35,0.006204333333333333
Sn10,22.409999999999997,0.007611333333333334
Sn10,22.47,0.009175
Sn10,22.53,0.011004
Sn10,22.589999999999996,0.013157
Sn10,22.65,0.015493
Sn10,22.71,0.018075666666666667
Sn10,22.77,0.020674333333333333
Sn10,22.83,0.02358733333333333
Sn10,22.89,0.026374
Sn10,22.95,0.029323666666666668
Sn10,23.009999999999998,0.032214
Sn10,23.07,0.03512933333333333
Sn10,23.13,0.037453
Sn10,23.189999999999998,0.03954833333333333
Sn10,23.25,0.04131033333333333
Sn10,23.31,0.04253033333333334
Sn10,23.369999999999997,0.043484
Sn10,23.43,0.043762
Sn10,23.490000000000002,0.043603
Sn10,23.549999999999997,0.04303333333333333
Sn10,23.61,0.041541666666666664
Sn10,23.67,0.04001533333333333
Sn10,23.729999999999997,0.03804066666666667
Sn10,23.79,0.035583333333333335
Sn10,23.85,0.033009
Sn10,23.909999999999997,0.030313
Sn10,23.97,0.02749
Sn10,24.03,0.024385666666666667
Sn10,24.089999999999996,0.021531666666666668
Sn10,24.15,0.018767
Sn10,24.21,0.016168333333333333
Sn10,24.27,0.013749333333333334
Sn10,24.33,0.011456333333333334
Sn10,24.39,0.009418333333333334
Sn10,24.45,0.007677333333333334
Sn10,24.509999999999998,0.006292
Sn10,24.57,0.005051666666666667
Sn10,24.63,0.003947333333333333
Sn10,24.689999999999998,0.003084
Sn10,24.75,0.002359
Sn10,24.81,0.0017553333333333334
Sn10,24.869999999999997,0.0013153333333333333
Sn10,24.93,0.0009973333333333334
Sn10,24.990000000000002,0.0007236666666666666
Sn10,25.049999999999997,0.0004956666666666667
Sn10,25.11,0.0003586666666666667
Sn10,25.17,0.00025333333333333333
Sn10,25.229999999999997,0.00017966666666666668
Sn10,25.29,0.00012633333333333333
Sn10,25.35,8.7e-05
Sn10,25.409999999999997,5.2333333333333336e-05
Sn10,25.47,3.433333333333333e-05
Sn10,25.53,2.1e-05
Sn10,25.589999999999996,1.5e-05
Sn10,25.65,5.666666666666667e-06
Sn10,25.71,4e-06
Sn10,25.77,3e-06
Sn10,25.83,1.6666666666666667e-06
Sn10,25.89,6.666666666666667e-07
Sn10,25.95,3.3333333333333335e-07
Ta10,20.61,6.666666666666667e-07
Ta10,20.67,2.333333333333333e-06
Ta10,20.729999999999997,3.3333333333333333e-06
Ta10,20.79,3.3333333333333333e-06
Ta10,20.85,5e-06
Ta10,20.909999999999997,9.666666666666667e-06
Ta10,20.97,1.4666666666666666e-05
Ta10,21.03,2.1333333333333335e-05
Ta10,21.089999999999996,3.1333333333333334e-05
Ta10,21.15,4.8666666666666666e-05
Ta10,21.21,6.833333333333333e-05
Ta10,21.27,9.566666666666667e-05
Ta10,21.33,0.000147
Ta10,21.39,0.00019166666666666667
Ta10,21.45,0.0002646666666666667
Ta10,21.509999999999998,0.00040733333333333333
Ta10,21.57,0.000513
Ta10,21.63,0.000702
Ta10,21.689999999999998,0.0009753333333333334
Ta10,21.75,0.0012506666666666666
Ta10,21.81,0.0016893333333333333
Ta10,21.869999999999997,0.002124
Ta10,21.93,0.0028
Ta10,21.990000000000002,0.003563
Ta10,22.049999999999997,0.004513
Ta10,22.11,0.005575666666666666
Ta10,22.17,0.006791666666666666
Ta10,22.229999999999997,0.008365666666666667
Ta10,22.29,0.010108666666666667
Ta10,22.35,0.011911
Ta10,22.409999999999997,0.014013
Ta10,22.47,0.016378333333333335
Ta10,22.53,0.018858
Ta10,22.589999999999996,0.021557333333333335
Ta10,22.65,0.024088
Ta10,22.71,0.027131666666666665
Ta10,22.77,0.029711666666666667
Ta10,22.83,0.03237866666666667
Ta10,22.89,0.034849333333333336
Ta10,22.95,0.037066
Ta10,23.009999999999998,0.039123
Ta10,23.07,0.04074166666666667
Ta10,23.13,0.041633666666666666
Ta10,23.189999999999998,0.04260166666666667
Ta10,23.25,0.04259366666666667
Ta10,23.31,0.04249833333333333
Ta10,23.369999999999997,0.04162266666666667
Ta10,23.43,0.040477
Ta10,23.490000000000002,0.03904
Ta10,23.549999999999997,0.03674
Ta10,23.61,0.034838666666666664
Ta10,23.67,0.032087
Ta10,23.729999999999997,0.029559
Ta10,23.79,0.026822
Ta10,23.85,0.023905333333333334
Ta10,23.909999999999997,0.021340333333333333
Ta10,23.97,0.018575333333333333
Ta10,24.03,0.016039666666666667
Ta10,24.089999999999996,0.013722
Ta10,24.15,0.011536333333333332
Ta10,24.21,0.009631666666666667
Ta10,24.27,0.007936666666666667
Ta10,24.33,0.006442333333333334
Ta10,24.39,0.005227666666666667
Ta10,24.45,0.0041066666666666665
Ta10,24.509999999999998,0.0032403333333333333
Ta10,24.57,0.002529
Ta10,24.63,0.001907
Ta10,24.689999999999998,0.0014426666666666667
Ta10,24.75,0.001092
Ta10,24.81,0.000781
Ta10,24.869999999999997,0.000597
Ta10,24.93,0.000409
Ta10,24.990000000000002,0.0003
Ta10,25.049999999999997,0.00020233333333333334
Ta10,25.11,0.00014466666666666667
Ta10,25.17,9.666666666666667e-05
Ta10,25.229999999999997,7.033333333333334e-05
Ta10,25.29,4.5e-05
Ta10,25.35,2.8e-05
Ta10,25.409999999999997,1.7e-05
Ta10,25.47,1.0666666666666667e-05
Ta10,25.53,8.333333333333334e-06
Ta10,25.589999999999996,2.666666666666667e-06
Ta10,25.65,1e-06
Ta10,25.71,2e-06
Ta10,25.77,6.666666666666667e-07
Ta10,25.83,3.3333333333333335e-07
Cu10,20.25,6.666666666666667e-07
Cu10,20.31,2e-06
Cu10,20.369999999999997,3e-06
Cu10,20.43,2.333333333333333e-06
Cu10,20.490000000000002,4.666666666666666e-06
Cu10,20.549999999999997,7.666666666666667e-06
Cu10,20.61,1.3666666666666667e-05
Cu10,20.67,1.9666666666666666e-05
Cu10,20.729999999999997,2.5666666666666666e-05
Cu10,20.79,4.233333333333333e-05
Cu10,20.85,6.166666666666667e-05
Cu10,20.909999999999997,8.133333333333334e-05
Cu10,20.97,0.000121
Cu10,21.03,0.000174
Cu10,21.089999999999996,0.000227
Cu10,21.15,0.00033066666666666666
Cu10,21.21,0.000461
Cu10,21.27,0.0005883333333333333
Cu10,21.33,0.000837
Cu10,21.39,0.001078
Cu10,21.45,0.0014196666666666667
Cu10,21.509999999999998,0.0018553333333333334
Cu10,21.57,0.0023913333333333334
Cu10,21.63,0.003079
Cu10,21.689999999999998,0.00384
Cu10,21.75,0.004861
Cu10,21.81,0.005960666666666667
Cu10,21.869999999999997,0.0071923333333333336
Cu10,21.93,0.008762
Cu10,21.990000000000002,0.010536
Cu10,22.049999999999997,0.012392333333333333
Cu10,22.11,0.014516333333333332
Cu10,22.17,0.01677266666666667
Cu10,22.229999999999997,0.019311666666666668
Cu10,22.29,0.021789666666666666
Cu10,22.35,0.024446
Cu10,22.409999999999997,0.027219333333333335
Cu10,22.47,0.029762
Cu10,22.53,0.032402
Cu10,22.589999999999996,0.034756666666666665
Cu10,22.65,0.03677933333333333
Cu10,22.71,0.03877766666666667
Cu10,22.77,0.040142333333333335
Cu10,22.83,0.041212
Cu10,22.89,0.041957
Cu10,22.95,0.041891
Cu10,23.009999999999998,0.041785
Cu10,23.07,0.04100566666666667
Cu10,23.13,0.03971333333333334
Cu10,23.189999999999998,0.03835466666666667
Cu10,23.25,0.03635
Cu10,23.31,0.034287333333333336
Cu10,23.369999999999997,0.031631
Cu10,23.43,0.029261
Cu10,23.490000000000002,0.026689333333333332
Cu10,23.549999999999997,0.023640333333333333
Cu10,23.61,0.021244333333333334
Cu10,23.67,0.018586666666666668
Cu10,23.729999999999997,0.016019666666666668
Cu10,23.79,0.013832
Cu10,23.85,0.011663333333333333
Cu10,23.909999999999997,0.009745333333333333
Cu10,23.97,0.008141
Cu10,24.03,0.006604
Cu10,24.089999999999996,0.005334
Cu10,24.15,0.004268333333333333
Cu10,24.21,0.003379
Cu10,24.27,0.0026406666666666666
Cu10,24.33,0.0020356666666666665
Cu10,24.39,0.0015406666666666667
Cu10,24.45,0.0011613333333333332
Cu10,24.509999999999998,0.0008493333333333333
Cu10,24.57,0.0006303333333333333
Cu10,24.63,0.00045933333333333335
Cu10,24.689999999999998,0.000316
Cu10,24.75,0.00023633333333333332
Cu10,24.81,0.00016
Cu10,24.869999999999997,0.000113
Cu10,24.93,7.866666666666666e-05
Cu10,24.990000000000002,5.0333333333333335e-05
Cu10,25.049999999999997,3.366666666666667e-05
Cu10,25.11,2.4333333333333333e-05
Cu10,25.17,8.666666666666666e-06
Cu10,25.229999999999997,8.666666666666666e-06
Cu10,25.29,5.666666666666667e-06
Cu10,25.35,2e-06
Cu10,25.409999999999997,1.3333333333333334e-06
Cu10,25.47,1e-06
Cu10,25.53,3.3333333333333335e-07
Cu10,25.589999999999996,3.3333333333333335e-07
Al_degrader_E6_E5,17.369999999999997,9.090909090909091e-08
Al_degrader_E6_E5,17.43,9.090909090909091e-08
Al_degrader_E6_E5,17.490000000000002,5.454545454545455e-07
Al_degrader_E6_E5,17.549999999999997,7.272727272727273e-07
Al_degrader_E6_E5,17.61,4.545454545454545e-07
Al_degrader_E6_E5,17.67,6.363636363636364e-07
Al_degrader_E6_E5,17.729999999999997,1.1818181818181818e-06
Al_degrader_E6_E5,17.79,2.4545454545454544e-06
Al_degrader_E6_E5,17.85,3.1818181818181817e-06
Al_degrader_E6_E5,17.909999999999997,4e-06
Al_degrader_E6_E5,17.97,5.363636363636364e-06
Al_degrader_E6_E5,18.03,9.181818181818182e-06
Al_degrader_E6_E5,18.09,1.3272727272727273e-05
Al_degrader_E6_E5,18.15,1.6636363636363637e-05
Al_degrader_E6_E5,18.21,2.118181818181818e-05
Al_degrader_E6_E5,18.27,3.309090909090909e-05
Al_degrader_E6_E5,18.33,3.9181818181818184e-05
Al_degrader_E6_E5,18.39,5.490909090909091e-05
Al_degrader_E6_E5,18.45,7.790909090909091e-05
Al_degrader_E6_E5,18.509999999999998,0.00010027272727272728
Al_degrader_E6_E5,18.57,0.00012972727272727273
Al_degrader_E6_E5,18.63,0.00017263636363636363
Al_degrader_E6_E5,18.689999999999998,0.00021254545454545454
Al_degrader_E6_E5,18.75,0.00029154545454545454
Al_degrader_E6_E5,18.81,0.00035218181818181816
Al_degrader_E6_E5,18.869999999999997,0.0004518181818181818
Al_degrader_E6_E5,18.93,0.0005660909090909091
Al_degrader_E6_E5,18.990000000000002,0.0007145454545454546
Al_degrader_E6_E5,19.049999999999997,0.0008826363636363637
Al_degrader_E6_E5,19.11,0.001069181818181818
Al_degrader_E6_E5,19.17,0.0012974545454545454
Al_degrader_E6_E5,19.229999999999997,0.0015515454545454545
Al_degrader_E6_E5,19.29,0.0018686363636363636
Al_degrader_E6_E5,19.35,0.0022423636363636365
Al_degrader_E6_E5,19.409999999999997,0.0026006363636363636
Al_degrader_E6_E5,19.47,0.0030447272727272727
Al_degrader_E6_E5,19.53,0.0035386363636363636
Al_degrader_E6_E5,19.59,0.004103909090909091
Al_degrader_E6_E5,19.65,0.004684
Al_degrader_E6_E5,19.71,0.005267272727272727
Al_degrader_E6_E5,19.77,0.005976636363636364
Al_degrader_E6_E5,19.83,0.006686818181818182
Al_degrader_E6_E5,19.89,0.007508
Al_degrader_E6_E5,19.95,0.008185727272727273
Al_degrader_E6_E5,20.009999999999998,0.009003818181818182
Al_degrader_E6_E5,20.07,0.009844
Al_degrader_E6_E5,20.13,0.010676454545454546
Al_degrader_E6_E5,20.189999999999998,0.011498909090909091
Al_degrader_E6_E5,20.25,0.012240272727272728
Al_degrader_E6_E5,20.31,0.013090454545454546
Al_degrader_E6_E5,20.369999999999997,0.013856181818181818
Al_degrader_E6_E5,20.43,0.014652636363636364
Al_degrader_E6_E5,20.490000000000002,0.015249363636363636
Al_degrader_E6_E5,20.549999999999997,0.015993
Al_degrader_E6_E5,20.61,0.016641454545454546
Al_degrader_E6_E5,20.67,0.01724581818181818
Al_degrader_E6_E5,20.729999999999997,0.017714818181818182
Al_degrader_E6_E5,20.79,0.018205727272727273
Al_degrader_E6_E5,20.85,0.018718636363636364
Al_degrader_E6_E5,20.909999999999997,0.019083545454545454
Al_degrader_E6_E5,20.97,0.01944609090909091
Al_degrader_E6_E5,21.03,0.01972727272727273
Al_degrader_E6_E5,21.089999999999996,0.020046545454545456
Al_degrader_E6_E5,21.15,0.020235909090909093
Al_degrader_E6_E5,21.21,0.020513090909090908
Al_degrader_E6_E5,21.27,0.020589
Al_degrader_E6_E5,21.33,0.02079509090909091
Al_degrader_E6_E5,21.39,0.020916
Al_degrader_E6_E5,21.45,0.02106081818181818
Al_degrader_E6_E5,21.509999999999998,0.021035181818181817
Al_degrader_E6_E5,21.57,0.021069818181818183
Al_degrader_E6_E5,21.63,0.021205818181818183
Al_degrader_E6_E5,21.689999999999998,0.021156636363636364
Al_degrader_E6_E5,21.75,0.021111636363636364
Al_degrader_E6_E5,21.81,0.021021363636363637
Al_degrader_E6_E5,21.869999999999997,0.02099790909090909
Al_degrader_E6_E5,21.93,0.020838454545454545
Al_degrader_E6_E5,21.990000000000002,0.020670363636363636
Al_degrader_E6_E5,22.049999999999997,0.020413363636363636
Al_degrader_E6_E5,22.11,0.020231545454545453
Al_degrader_E6_E5,22.17,0.01987081818181818
Al_degrader_E6_E5,22.229999999999997,0.01945590909090909
Al_degrader_E6_E5,22.29,0.019037363636363637
Al_degrader_E6_E5,22.35,0.018543818181818182
Al_degrader_E6_E5,22.409999999999997,0.017964818181818182
Al_degrader_E6_E5,22.47,0.017303636363636365
Al_degrader_E6_E5,22.53,0.016597727272727274
Al_degrader_E6_E5,22.589999999999996,0.015864727272727273
Al_degrader_E6_E5,22.65,0.015041818181818182
Al_degrader_E6_E5,22.71,0.014106818181818182
Al_degrader_E6_E5,22.77,0.013247454545454545
Al_degrader_E6_E5,22.83,0.012353545454545454
Al_degrader_E6_E5,22.89,0.011377909090909091
Al_degrader_E6_E5,22.95,0.010381181818181819
Al_degrader_E6_E5,23.009999999999998,0.009457545454545455
Al_degrader_E6_E5,23.07,0.008547363636363636
Al_degrader_E6_E5,23.13,0.007624454545454545
Al_degrader_E6_E5,23.189999999999998,0.006743909090909091
Al_degrader_E6_E5,23.25,0.005933181818181818
Al_degrader_E6_E5,23.31,0.005178454545454545
Al_degrader_E6_E5,23.369999999999997,0.004450727272727273
Al_degrader_E6_E5,23.43,0.0037999090909090908
Al_degrader_E6_E5,23.490000000000002,0.003208272727272727
Al_degrader_E6_E5,23.549999999999997,0.0026813636363636362
Al_degrader_E6_E5,23.61,0.002225909090909091
Al_degrader_E6_E5,23.67,0.0018272727272727273
Al_degrader_E6_E5,23.729999999999997,0.0014764545454545456
Al_degrader_E6_E5,23.79,0.0011796363636363636
Al_degrader_E6_E5,23.85,0.000942
Al_degrader_E6_E5,23.909999999999997,0.0007386363636363636
Al_degrader_E6_E5,23.97,0.0005812727272727273
Al_degrader_E6_E5,24.03,0.0004399090909090909
Al_degrader_E6_E5,24.089999999999996,0.00034036363636363637
Al_degrader_E6_E5,24.15,0.000245
Al_degrader_E6_E5,24.21,0.00018554545454545454
Al_degrader_E6_E5,24.27,0.00013781818181818182
Al_degrader_E6_E5,24.33,0.00010081818181818182
Al_degrader_E6_E5,24.39,6.818181818181818e-05
Al_degrader_E6_E5,24.45,5.236363636363637e-05
Al_degrader_E6_E5,24.509999999999998,3.436363636363636e-05
Al_degrader_E6_E5,24.57,2.4e-05
Al_degrader_E6_E5,24.63,1.6090909090909092e-05
Al_degrader_E6_E5,24.689999999999998,1.2e-05
Al_degrader_E6_E5,24.75,7.727272727272727e-06
Al_degrader_E6_E5,24.81,4.727272727272727e-06
Al_degrader_E6_E5,24.869999999999997,2e-06
Al_degrader_E6_E5,24.93,2.4545454545454544e-06
Al_degrader_E6_E5,24.990000000000002,9.09090909090909e-07
Al_degrader_E6_E5,25.049999999999997,4.545454545454545e-07
Al_degrader_E6_E5,25.11,2.7272727272727274e-07
Al_degrader_E6_E5,25.17,2.7272727272727274e-07
Al_degrader_E6_E5,25.229999999999997,9.090909090909091e-08
Al_degrader_E6_E5,25.29,9.090909090909091e-08
Ni11,16.95,6.666666666666667e-07
Ni11,17.009999999999998,6.666666666666667e-07
Ni11,17.07,1.6666666666666667e-06
Ni11,17.13,2.666666666666667e-06
Ni11,17.189999999999998,2.333333333333333e-06
Ni11,17.25,3.3333333333333333e-06
Ni11,17.310000000000002,6.333333333333333e-06
Ni11,17.369999999999997,1.1e-05
Ni11,17.43,1.1333333333333334e-05
Ni11,17.490000000000002,1.8e-05
Ni11,17.549999999999997,2.6333333333333334e-05
Ni11,17.61,4e-05
Ni11,17.67,5.466666666666667e-05
Ni11,17.729999999999997,6.633333333333334e-05
Ni11,17.79,9.2e-05
Ni11,17.85,0.000141
Ni11,17.909999999999997,0.00016833333333333332
Ni11,17.97,0.00021566666666666666
Ni11,18.03,0.000325
Ni11,18.09,0.00041966666666666666
Ni11,18.15,0.000523
Ni11,18.21,0.000689
Ni11,18.27,0.0009043333333333334
Ni11,18.33,0.0011413333333333334
Ni11,18.39,0.001423
Ni11,18.45,0.001815
Ni11,18.509999999999998,0.002257
Ni11,18.57,0.002835
Ni11,18.63,0.003475
Ni11,18.689999999999998,0.004207666666666667
Ni11,18.75,0.005088666666666667
Ni11,18.81,0.005996
Ni11,18.869999999999997,0.007181666666666667
Ni11,18.93,0.008541
Ni11,18.990000000000002,0.009865666666666667
Ni11,19.049999999999997,0.011457666666666666
Ni11,19.11,0.013185666666666667
Ni11,19.17,0.015015333333333334
Ni11,19.229999999999997,0.016900666666666668
Ni11,19.29,0.018819666666666665
Ni11,19.35,0.021061666666666666
Ni11,19.409999999999997,0.023305666666666666
Ni11,19.47,0.025349
Ni11,19.53,0.027273
Ni11,19.59,0.029492333333333332
Ni11,19.65,0.031274
Ni11,19.71,0.032874
Ni11,19.77,0.03452266666666667
Ni11,19.83,0.035597666666666666
Ni11,19.89,0.036693333333333335
Ni11,19.95,0.037312
Ni11,20.009999999999998,0.03757933333333333
Ni11,20.07,0.037442
Ni11,20.13,0.037303333333333334
Ni11,20.189999999999998,0.03657766666666667
Ni11,20.25,0.03555966666666667
Ni11,20.31,0.03441
Ni11,20.369999999999997,0.032836
Ni11,20.43,0.031245666666666668
Ni11,20.490000000000002,0.029173
Ni11,20.549999999999997,0.027211
Ni11,20.61,0.025224666666666666
Ni11,20.67,0.022956
Ni11,20.729999999999997,0.020693
Ni11,20.79,0.018712666666666666
Ni11,20.85,0.016569333333333332
Ni11,20.909999999999997,0.014466333333333333
Ni11,20.97,0.012757
Ni11,21.03,0.010889
Ni11,21.089999999999996,0.009365666666666666
Ni11,21.15,0.007907333333333334
Ni11,21.21,0.006621
Ni11,21.27,0.005515333333333333
Ni11,21.33,0.004484
Ni11,21.39,0.003684
Ni11,21.45,0.0029776666666666667
Ni11,21.509999999999998,0.002386333333333333
Ni11,21.57,0.0018683333333333334
Ni11,21.63,0.0014516666666666666
Ni11,21.689999999999998,0.0011583333333333333
Ni11,21.75,0.0008506666666666667
Ni11,21.81,0.0006386666666666666
Ni11,21.869999999999997,0.0005136666666666667
Ni11,21.93,0.00036666666666666667
Ni11,21.990000000000002,0.00026366666666666666
Ni11,22.049999999999997,0.00019766666666666666
Ni11,22.11,0.000139
Ni11,22.17,0.00010333333333333333
Ni11,22.229999999999997,7.333333333333333e-05
Ni11,22.29,4.6666666666666665e-05
Ni11,22.35,3.4666666666666665e-05
Ni11,22.409999999999997,2.7e-05
Ni11,22.47,1.0333333333333333e-05
Ni11,22.53,9e-06
Ni11,22.589999999999996,9e-06
Ni11,22.65,2.333333333333333e-06
Ni11,22.71,1.3333333333333334e-06
Ni11,22.77,1.3333333333333334e-06
Ni11,22.83,1e-06
Ni11,22.89,3.3333333333333335e-07
Ni11,22.95,3.3333333333333335e-07
Sn11,16.83,6.666666666666667e-07
Sn11,16.89,1.3333333333333334e-06
Sn11,16.95,3e-06
Sn11,17.009999999999998,5e-06
Sn11,17.07,6e-06
Sn11,17.13,6.333333333333333e-06
Sn11,17.189999999999998,7.666666666666667e-06
Sn11,17.25,1.4666666666666666e-05
Sn11,17.310000000000002,2.1666666666666667e-05
Sn11,17.369999999999997,3.1666666666666666e-05
Sn11,17.43,4.066666666666667e-05
Sn11,17.490000000000002,5.966666666666667e-05
Sn11,17.549999999999997,8.566666666666667e-05
Sn11,17.61,0.000117
Sn11,17.67,0.000149
Sn11,17.729999999999997,0.00020766666666666665
Sn11,17.79,0.00026966666666666664
Sn11,17.85,0.0003463333333333333
Sn11,17.909999999999997,0.00047066666666666665
Sn11,17.97,0.0006336666666666667
Sn11,18.03,0.000822
Sn11,18.09,0.001061
Sn11,18.15,0.0013276666666666667
Sn11,18.21,0.0016966666666666666
Sn11,18.27,0.0021133333333333334
Sn11,18.33,0.002648666666666667
Sn11,18.39,0.0032556666666666667
Sn11,18.45,0.0040483333333333335
Sn11,18.509999999999998,0.004926
Sn11,18.57,0.0059956666666666665
Sn11,18.63,0.007133
Sn11,18.689999999999998,0.008354666666666666
Sn11,18.75,0.009684666666666666
Sn11,18.81,0.011392
Sn11,18.869999999999997,0.013201333333333334
Sn11,18.93,0.015083
Sn11,18.990000000000002,0.017054666666666666
Sn11,19.049999999999997,0.019119333333333332
Sn11,19.11,0.021378666666666667
Sn11,19.17,0.023582
Sn11,19.229999999999997,0.025721
Sn11,19.29,0.028026333333333334
Sn11,19.35,0.030221
Sn11,19.409999999999997,0.03222866666666667
Sn11,19.47,0.033855
Sn11,19.53,0.03525266666666667
Sn11,19.59,0.036580666666666664
Sn11,19.65,0.03752
Sn11,19.71,0.038141666666666664
Sn11,19.77,0.038356666666666664
Sn11,19.83,0.038352333333333335
Sn11,19.89,0.038011666666666666
Sn11,19.95,0.037090333333333336
Sn11,20.009999999999998,0.03602433333333333
Sn11,20.07,0.03458633333333333
Sn11,20.13,0.033014666666666664
Sn11,20.189999999999998,0.031149666666666666
Sn11,20.25,0.029156333333333333
Sn11,20.31,0.026999
Sn11,20.369999999999997,0.024931333333333333
Sn11,20.43,0.022528
Sn11,20.490000000000002,0.020159
Sn11,20.549999999999997,0.018036
Sn11,20.61,0.015963
Sn11,20.67,0.013934666666666666
Sn11,20.729999999999997,0.012056666666666667
Sn11,20.79,0.010244333333333333
Sn11,20.85,0.008643
Sn11,20.909999999999997,0.007234
Sn11,20.97,0.00609
Sn11,21.03,0.004987333333333333
Sn11,21.089999999999996,0.00409
Sn11,21.15,0.003305666666666667
Sn11,21.21,0.002622666666666667
Sn11,21.27,0.0020743333333333334
Sn11,21.33,0.0015906666666666667
Sn11,21.39,0.001227
Sn11,21.45,0.0009693333333333333
Sn11,21.509999999999998,0.0007303333333333334
Sn11,21.57,0.0005346666666666667
Sn11,21.63,0.000392
Sn11,21.689999999999998,0.000296
Sn11,21.75,0.00020933333333333334
Sn11,21.81,0.00015533333333333333
Sn11,21.869999999999997,0.00011366666666666666
Sn11,21.93,8.2e-05
Sn11,21.990000000000002,5.7e-05
Sn11,22.049999999999997,3.433333333333333e-05
Sn11,22.11,2.0666666666666666e-05
Sn11,22.17,1.9666666666666666e-05
Sn11,22.229999999999997,1.1333333333333334e-05
Sn11,22.29,3.6666666666666666e-06
Sn11,22.35,2.666666666666667e-06
Sn11,22.409999999999997,3e-06
Sn11,22.47,1.6666666666666667e-06
Sn11,22.53,6.666666666666667e-07
Sn11,22.589999999999996,3.3333333333333335e-07
Ta11,16.47,6.666666666666667e-07
Ta11,16.53,6.666666666666667e-07
Ta11,16.59,1.6666666666666667e-06
Ta11,16.65,3.3333333333333333e-06
Ta11,16.71,2.333333333333333e-06
Ta11,16.77,3.3333333333333333e-06
Ta11,16.83,7.333333333333333e-06
Ta11,16.89,1.0333333333333333e-05
Ta11,16.95,1.2333333333333333e-05
Ta11,17.009999999999998,1.9e-05
Ta11,17.07,2.6666666666666667e-05
Ta11,17.13,3.8e-05
Ta11,17.189999999999998,5.3e-05
Ta11,17.25,7.033333333333334e-05
Ta11,17.310000000000002,9.366666666666666e-05
Ta11,17.369999999999997,0.00014066666666666668
Ta11,17.43,0.00016633333333333333
Ta11,17.490000000000002,0.000225
Ta11,17.549999999999997,0.000325
Ta11,17.61,0.00040333333333333334
Ta11,17.67,0.0005033333333333333
Ta11,17.729999999999997,0.0007166666666666667
Ta11,17.79,0.000864
Ta11,17.85,0.0011006666666666667
Ta11,17.909999999999997,0.0014416666666666666
Ta11,17.97,0.0017556666666666667
Ta11,18.03,0.002212
Ta11,18.09,0.002774
Ta11,18.15,0.0033263333333333335
Ta11,18.21,0.004131666666666666
Ta11,18.27,0.004948333333333333
Ta11,18.33,0.005855333333333333
Ta11,18.39,0.007024666666666667
Ta11,18.45,0.008259666666666667
Ta11,18.509999999999998,0.009643
Ta11,18.57,0.011182333333333334
Ta11,18.63,0.012800666666666667
Ta11,18.689999999999998,0.014575
Ta11,18.75,0.016480333333333333
Ta11,18.81,0.018599666666666667
Ta11,18.869999999999997,0.020404666666666668
Ta11,18.93,0.022755666666666667
Ta11,18.990000000000002,0.024743333333333332
Ta11,19.049999999999997,0.026880333333333332
Ta11,19.11,0.028898666666666666
Ta11,19.17,0.030657666666666666
Ta11,19.229999999999997,0.032439
Ta11,19.29,0.03399066666666667
Ta11,19.35,0.03531666666666667
Ta11,19.409999999999997,0.036146
Ta11,19.47,0.03694133333333333
Ta11,19.53,0.037372666666666665
Ta11,19.59,0.037295666666666664
Ta11,19.65,0.037264
Ta11,19.71,0.03645
Ta11,19.77,0.035630666666666665
Ta11,19.83,0.034637666666666664
Ta11,19.89,0.032987
Ta11,19.95,0.03148633333333333
Ta11,20.009999999999998,0.029736333333333333
Ta11,20.07,0.027523333333333334
Ta11,20.13,0.025631
Ta11,20.189999999999998,0.023529
Ta11,20.25,0.021232333333333332
Ta11,20.31,0.019282333333333332
Ta11,20.369999999999997,0.017134
Ta11,20.43,0.015009666666666666
Ta11,20.490000000000002,0.013169
Ta11,20.549999999999997,0.011453333333333333
Ta11,20.61,0.009815
Ta11,20.67,0.008306666666666667
Ta11,20.729999999999997,0.007024666666666667
Ta11,20.79,0.005853666666666667
Ta11,20.85,0.004805
Ta11,20.909999999999997,0.003983
Ta11,20.97,0.003201
Ta11,21.03,0.0025766666666666668
Ta11,21.089999999999996,0.00205
Ta11,21.15,0.0015996666666666668
Ta11,21.21,0.0012483333333333333
Ta11,21.27,0.000968
Ta11,21.33,0.0007206666666666667
Ta11,21.39,0.000563
Ta11,21.45,0.00041966666666666666
Ta11,21.509999999999998,0.000295
Ta11,21.57,0.00023233333333333333
Ta11,21.63,0.000159
Ta11,21.689999999999998,0.00012233333333333334
Ta11,21.75,8.166666666666667e-05
Ta11,21.81,6.0666666666666666e-05
Ta11,21.869999999999997,4.233333333333333e-05
Ta11,21.93,2.6e-05
Ta11,21.990000000000002,2.2333333333333332e-05
Ta11,22.049999999999997,8e-06
Ta11,22.11,8e-06
Ta11,22.17,5.666666666666667e-06
Ta11,22.229999999999997,1.6666666666666667e-06
Ta11,22.29,1.3333333333333334e-06
Ta11,22.35,1.3333333333333334e-06
Ta11,22.409999999999997,6.666666666666667e-07
Ta11,22.47,3.3333333333333335e-07
Cu11,16.049999999999997,6.666666666666667e-07
Cu11,16.11,6.666666666666667e-07
Cu11,16.17,1.6666666666666667e-06
Cu11,16.229999999999997,2.666666666666667e-06
Cu11,16.29,2.333333333333333e-06
Cu11,16.35,3e-06
Cu11,16.409999999999997,6.666666666666667e-06
Cu11,16.47,7.666666666666667e-06
Cu11,16.53,1.2333333333333333e-05
Cu11,16.59,1.7e-05
Cu11,16.65,2.3e-05
Cu11,16.71,3.366666666666667e-05
Cu11,16.77,4.8e-05
Cu11,16.83,6.1e-05
Cu11,16.89,7.333333333333333e-05
Cu11,16.95,0.000118
Cu11,17.009999999999998,0.000152
Cu11,17.07,0.000192
Cu11,17.13,0.000249
Cu11,17.189999999999998,0.0003713333333333333
Cu11,17.25,0.00043
Cu11,17.310000000000002,0.0005603333333333334
Cu11,17.369999999999997,0.000765
Cu11,17.43,0.0009313333333333334
Cu11,17.490000000000002,0.001185
Cu11,17.549999999999997,0.0015076666666666667
Cu11,17.61,0.0018466666666666666
Cu11,17.67,0.002294333333333333
Cu11,17.729999999999997,0.002865
Cu11,17.79,0.0034583333333333332
Cu11,17.85,0.004228
Cu11,17.909999999999997,0.005044666666666667
Cu11,17.97,0.005901666666666667
Cu11,18.03,0.007046
Cu11,18.09,0.008370666666666667
Cu11,18.15,0.009558666666666667
Cu11,18.21,0.011107333333333334
Cu11,18.27,0.012709
Cu11,18.33,0.014379333333333333
Cu11,18.39,0.016272333333333333
Cu11,18.45,0.018115666666666665
Cu11,18.509999999999998,0.020112666666666668
Cu11,18.57,0.022303333333333335
Cu11,18.63,0.024193333333333334
Cu11,18.689999999999998,0.026152333333333333
Cu11,18.75,0.028189333333333334
Cu11,18.81,0.030009333333333332
Cu11,18.869999999999997,0.031544333333333334
Cu11,18.93,0.033068
Cu11,18.990000000000002,0.034438
Cu11,19.049999999999997,0.03544166666666667
Cu11,19.11,0.03607433333333333
Cu11,19.17,0.036625333333333336
Cu11,19.229999999999997,0.036560333333333334
Cu11,19.29,0.03657933333333333
Cu11,19.35,0.036096666666666666
Cu11,19.409999999999997,0.035158
Cu11,19.47,0.03436533333333333
Cu11,19.53,0.032882666666666664
Cu11,19.59,0.03146466666666667
Cu11,19.65,0.029889333333333334
Cu11,19.71,0.027754333333333332
Cu11,19.77,0.025962666666666665
Cu11,19.83,0.024048333333333335
Cu11,19.89,0.021737666666666666
Cu11,19.95,0.019808333333333334
Cu11,20.009999999999998,0.017865666666666665
Cu11,20.07,0.015714333333333334
Cu11,20.13,0.013838
Cu11,20.189999999999998,0.012170333333333333
Cu11,20.25,0.010451666666666666
Cu11,20.31,0.008987
Cu11,20.369999999999997,0.007644
Cu11,20.43,0.006381
Cu11,20.490000000000002,0.005330333333333334
Cu11,20.549999999999997,0.004404666666666667
Cu11,20.61,0.003588333333333333
Cu11,20.67,0.002944
Cu11,20.729999999999997,0.002351
Cu11,20.79,0.0018786666666666667
Cu11,20.85,0.0014496666666666666
Cu11,20.909999999999997,0.0011533333333333333
Cu11,20.97,0.0008776666666666667
Cu11,21.03,0.0006556666666666667
Cu11,21.089999999999996,0.0005263333333333333
Cu11,21.15,0.00038133333333333335
Cu11,21.21,0.00027633333333333335
Cu11,21.27,0.000212
Cu11,21.33,0.00015133333333333334
Cu11,21.39,0.00010766666666666666
Cu11,21.45,7.833333333333333e-05
Cu11,21.509999999999998,6.0333333333333334e-05
Cu11,21.57,3.6e-05
Cu11,21.63,2.5333333333333334e-05
Cu11,21.689999999999998,2.0666666666666666e-05
Cu11,21.75,7.333333333333333e-06
Cu11,21.81,7.333333333333333e-06
Cu11,21.869999999999997,6.333333333333333e-06
Cu11,21.93,1.6666666666666667e-06
Cu11,21.990000000000002,1.3333333333333334e-06
Cu11,22.049999999999997,1.3333333333333334e-06
Cu11,22.11,6.666666666666667e-07
Cu11,22.17,3.3333333333333335e-07
Al_degrader_E8_E7,12.57,1.3333333333333334e-07
Al_degrader_E8_E7,12.629999999999999,2e-07
Al_degrader_E8_E7,12.69,2.6666666666666667e-07
Al_degrader_E8_E7,12.75,4.6666666666666666e-07
Al_degrader_E8_E7,12.809999999999999,3.3333333333333335e-07
Al_degrader_E8_E7,12.870000000000001,4e-07
Al_degrader_E8_E7,12.93,5.333333333333333e-07
Al_degrader_E8_E7,12.989999999999998,1.0666666666666667e-06
Al_degrader_E8_E7,13.05,1.4e-06
Al_degrader_E8_E7,13.11,2e-06
Al_degrader_E8_E7,13.169999999999998,2.9333333333333333e-06
Al_degrader_E8_E7,13.23,2.666666666666667e-06
Al_degrader_E8_E7,13.29,4.4e-06
Al_degrader_E8_E7,13.35,6.466666666666667e-06
Al_degrader_E8_E7,13.41,7.666666666666667e-06
Al_degrader_E8_E7,13.469999999999999,9.8e-06
Al_degrader_E8_E7,13.53,1.2666666666666667e-05
Al_degrader_E8_E7,13.59,1.633333333333333e-05
Al_degrader_E8_E7,13.649999999999999,2.3666666666666668e-05
Al_degrader_E8_E7,13.71,2.553333333333333e-05
Al_degrader_E8_E7,13.77,3.433333333333333e-05
Al_degrader_E8_E7,13.829999999999998,4.0533333333333334e-05
Al_degrader_E8_E7,13.89,6.073333333333333e-05
Al_degrader_E8_E7,13.95,7.1e-05
Al_degrader_E8_E7,14.009999999999998,8.466666666666666e-05
Al_degrader_E8_E7,14.07,0.00010693333333333333
Al_degrader_E8_E7,14.129999999999999,0.000138
Al_degrader_E8_E7,14.19,0.0001688
Al_degrader_E8_E7,14.25,0.00020373333333333334
Al_degrader_E8_E7,14.309999999999999,0.0002442
Al_degrader_E8_E7,14.37,0.0003070666666666667
Al_degrader_E8_E7,14.43,0.0003674
Al_degrader_E8_E7,14.489999999999998,0.00044353333333333334
Al_degrader_E8_E7,14.55,0.0005316666666666666
Al_degrader_E8_E7,14.61,0.0006382666666666667
Al_degrader_E8_E7,14.669999999999998,0.0007554
Al_degrader_E8_E7,14.73,0.0008825333333333333
Al_degrader_E8_E7,14.79,0.0010374666666666667
Al_degrader_E8_E7,14.85,0.0012139333333333333
Al_degrader_E8_E7,14.91,0.0014120666666666668
Al_degrader_E8_E7,14.969999999999999,0.0016478
Al_degrader_E8_E7,15.03,0.0018739333333333333
Al_degrader_E8_E7,15.09,0.0021470666666666667
Al_degrader_E8_E7,15.149999999999999,0.0024594666666666667
Al_degrader_E8_E7,15.21,0.0027878666666666667
Al_degrader_E8_E7,15.27,0.003141933333333333
Al_degrader_E8_E7,15.329999999999998,0.003529266666666667
Al_degrader_E8_E7,15.39,0.003933733333333333
Al_degrader_E8_E7,15.45,0.004381933333333333
Al_degrader_E8_E7,15.509999999999998,0.004877266666666667
Al_degrader_E8_E7,15.57,0.005363533333333333
Al_degrader_E8_E7,15.629999999999999,0.005874266666666667
Al_degrader_E8_E7,15.69,0.006401466666666667
Al_degrader_E8_E7,15.75,0.006982533333333333
Al_degrader_E8_E7,15.809999999999999,0.0075652666666666665
Al_degrader_E8_E7,15.87,0.008118866666666667
Al_degrader_E8_E7,15.93,0.008706266666666667
Al_degrader_E8_E7,15.989999999999998,0.009326133333333333
Al_degrader_E8_E7,16.049999999999997,0.009898133333333333
Al_degrader_E8_E7,16.11,0.010510733333333333
Al_degrader_E8_E7,16.17,0.011079666666666666
Al_degrader_E8_E7,16.229999999999997,0.011682466666666667
Al_degrader_E8_E7,16.29,0.0121924
Al_degrader_E8_E7,16.35,0.0127552
Al_degrader_E8_E7,16.409999999999997,0.013290266666666667
Al_degrader_E8_E7,16.47,0.013766066666666667
Al_degrader_E8_E7,16.53,0.0142592
Al_degrader_E8_E7,16.59,0.0147038
Al_degrader_E8_E7,16.65,0.0151474
Al_degrader_E8_E7,16.71,0.0155038
Al_degrader_E8_E7,16.77,0.015894866666666667
Al_degrader_E8_E7,16.83,0.0161856
Al_degrader_E8_E7,16.89,0.0165322
Al_degrader_E8_E7,16.95,0.016815533333333334
Al_degrader_E8_E7,17.009999999999998,0.017073
Al_degrader_E8_E7,17.07,0.017291
Al_degrader_E8_E7,17.13,0.0174916
Al_degrader_E8_E7,17.189999999999998,0.017699533333333333
Al_degrader_E8_E7,17.25,0.017848
Al_degrader_E8_E7,17.310000000000002,0.017999733333333334
Al_degrader_E8_E7,17.369999999999997,0.018125333333333334
Al_degrader_E8_E7,17.43,0.0182206
Al_degrader_E8_E7,17.490000000000002,0.018268333333333334
Al_degrader_E8_E7,17.549999999999997,0.018406933333333333
Al_degrader_E8_E7,17.61,0.0184466
Al_degrader_E8_E7,17.67,0.018481533333333335
Al_degrader_E8_E7,17.729999999999997,0.018508533333333334
Al_degrader_E8_E7,17.79,0.018504333333333334
Al_degrader_E8_E7,17.85,0.018492933333333333
Al_degrader_E8_E7,17.909999999999997,0.018397333333333335
Al_degrader_E8_E7,17.97,0.018388266666666667
Al_degrader_E8_E7,18.03,0.0182964
Al_degrader_E8_E7,18.09,0.018165933333333332
Al_degrader_E8_E7,18.15,0.018027266666666666
Al_degrader_E8_E7,18.21,0.017836533333333335
Al_degrader_E8_E7,18.27,0.017619533333333333
Al_degrader_E8_E7,18.33,0.017292066666666668
Al_degrader_E8_E7,18.39,0.017077266666666667
Al_degrader_E8_E7,18.45,0.0167432
Al_degrader_E8_E7,18.509999999999998,0.016305
Al_degrader_E8_E7,18.57,0.015907666666666667
Al_degrader_E8_E7,18.63,0.015418866666666666
Al_degrader_E8_E7,18.689999999999998,0.014924866666666666
Al_degrader_E8_E7,18.75,0.014310133333333334
Al_degrader_E8_E7,18.81,0.013744133333333334
Al_degrader_E8_E7,18.869999999999997,0.0130976
Al_degrader_E8_E7,18.93,0.012412
Al_degrader_E8_E7,18.990000000000002,0.011738133333333333
Al_degrader_E8_E7,19.049999999999997,0.011052333333333334
Al_degrader_E8_E7,19.11,0.0103076
Al_degrader_E8_E7,19.17,0.009567666666666667
Al_degrader_E8_E7,19.229999999999997,0.008854333333333334
Al_degrader_E8_E7,19.29,0.008118666666666666
Al_degrader_E8_E7,19.35,0.0073638
Al_degrader_E8_E7,19.409999999999997,0.006716466666666666
Al_degrader_E8_E7,19.47,0.006059266666666667
Al_degrader_E8_E7,19.53,0.005358866666666667
Al_degrader_E8_E7,19.59,0.004795666666666667
Al_degrader_E8_E7,19.65,0.0042462
Al_degrader_E8_E7,19.71,0.0036828
Al_degrader_E8_E7,19.77,0.0031937333333333334
Al_degrader_E8_E7,19.83,0.0027784
Al_degrader_E8_E7,19.89,0.0023534666666666666
Al_degrader_E8_E7,19.95,0.0020006
Al_degrader_E8_E7,20.009999999999998,0.0017002666666666667
Al_degrader_E8_E7,20.07,0.0013862666666666667
Al_degrader_E8_E7,20.13,0.0011617333333333332
Al_degrader_E8_E7,20.189999999999998,0.0009536666666666667
Al_degrader_E8_E7,20.25,0.0007759333333333333
Al_degrader_E8_E7,20.31,0.0006228666666666667
Al_degrader_E8_E7,20.369999999999997,0.0005078666666666667
Al_degrader_E8_E7,20.43,0.0003953333333333333
Al_degrader_E8_E7,20.490000000000002,0.0003088
Al_degrader_E8_E7,20.549999999999997,0.0002468666666666667
Al_degrader_E8_E7,20.61,0.0001874
Al_degrader_E8_E7,20.67,0.00014026666666666667
Al_degrader_E8_E7,20.729999999999997,0.0001096
Al_degrader_E8_E7,20.79,8.28e-05
Al_degrader_E8_E7,20.85,5.8666666666666665e-05
Al_degrader_E8_E7,20.909999999999997,4.573333333333333e-05
Al_degrader_E8_E7,20.97,3.2e-05
Al_degrader_E8_E7,21.03,2.2933333333333333e-05
Al_degrader_E8_E7,21.089999999999996,1.7133333333333334e-05
Al_degrader_E8_E7,21.15,1.2733333333333334e-05
Al_degrader_E8_E7,21.21,7.666666666666667e-06
Al_degrader_E8_E7,21.27,5.8e-06
Al_degrader_E8_E7,21.33,4.4666666666666665e-06
Al_degrader_E8_E7,21.39,1.6666666666666667e-06
Al_degrader_E8_E7,21.45,1.5333333333333334e-06
Al_degrader_E8_E7,21.509999999999998,1.6666666666666667e-06
Al_degrader_E8_E7,21.57,3.3333333333333335e-07
Al_degrader_E8_E7,21.63,2e-07
Al_degrader_E8_E7,21.689999999999998,3.3333333333333335e-07
Al_degrader_E8_E7,21.75,1.3333333333333334e-07
Al_degrader_E8_E7,21.81,6.666666666666667e-08
Al_degrader_E8_E7,21.869999999999997,6.666666666666667e-08
Ni12,11.969999999999999,6.666666666666667e-07
Ni12,12.03,3.3333333333333335e-07
Ni12,12.09,1e-06
Ni12,12.149999999999999,2e-06
Ni12,12.21,1.6666666666666667e-06
Ni12,12.27,2e-06
Ni12,12.329999999999998,2.333333333333333e-06
Ni12,12.39,3e-06
Ni12,12.45,6e-06
Ni12,12.51,8e-06
Ni12,12.57,9e-06
Ni12,12.629999999999999,1.4333333333333334e-05
Ni12,12.69,1.4e-05
Ni12,12.75,2.0666666666666666e-05
Ni12,12.809999999999999,3.266666666666666e-05
Ni12,12.870000000000001,3.6e-05
Ni12,12.93,4.6666666666666665e-05
Ni12,12.989999999999998,5.933333333333334e-05
Ni12,13.05,7.333333333333333e-05
Ni12,13.11,0.000107
Ni12,13.169999999999998,0.00012566666666666667
Ni12,13.23,0.00015166666666666668
Ni12,13.29,0.000179
Ni12,13.35,0.00026366666666666666
Ni12,13.41,0.00032933333333333333
Ni12,13.469999999999999,0.000373
Ni12,13.53,0.00046
Ni12,13.59,0.0005933333333333333
Ni12,13.649999999999999,0.000722
Ni12,13.71,0.000868
Ni12,13.77,0.001051
Ni12,13.829999999999998,0.0012596666666666667
Ni12,13.89,0.0015393333333333333
Ni12,13.95,0.0018226666666666667
Ni12,14.009999999999998,0.002214666666666667
Ni12,14.07,0.002570666666666667
Ni12,14.129999999999999,0.0030456666666666666
Ni12,14.19,0.003581
Ni12,14.25,0.004171333333333333
Ni12,14.309999999999999,0.004701333333333333
Ni12,14.37,0.005553
Ni12,14.43,0.006353666666666666
Ni12,14.489999999999998,0.007294333333333333
Ni12,14.55,0.008154
Ni12,14.61,0.009258666666666667
Ni12,14.669999999999998,0.010351666666666667
Ni12,14.73,0.011614333333333334
Ni12,14.79,0.012845
Ni12,14.85,0.014231666666666667
Ni12,14.91,0.015413
Ni12,14.969999999999999,0.017018
Ni12,15.03,0.018568
Ni12,15.09,0.019946333333333333
Ni12,15.149999999999999,0.021410333333333333
Ni12,15.21,0.022672333333333333
Ni12,15.27,0.024273
Ni12,15.329999999999998,0.025527
Ni12,15.39,0.026745333333333333
Ni12,15.45,0.027687333333333335
Ni12,15.509999999999998,0.028977333333333334
Ni12,15.57,0.029607
Ni12,15.629999999999999,0.030499333333333333
Ni12,15.69,0.030815333333333333
Ni12,15.75,0.031205
Ni12,15.809999999999999,0.031293666666666664
Ni12,15.87,0.031316
Ni12,15.93,0.031019333333333333
Ni12,15.989999999999998,0.030629333333333335
Ni12,16.049999999999997,0.029939
Ni12,16.11,0.029296333333333334
Ni12,16.17,0.028216333333333333
Ni12,16.229999999999997,0.027180666666666665
Ni12,16.29,0.026074333333333335
Ni12,16.35,0.024641666666666666
Ni12,16.409999999999997,0.023192666666666667
Ni12,16.47,0.021839333333333332
Ni12,16.53,0.020446666666666665
Ni12,16.59,0.018634333333333333
Ni12,16.65,0.017203333333333334
Ni12,16.71,0.015859666666666668
Ni12,16.77,0.014319
Ni12,16.83,0.012733666666666667
Ni12,16.89,0.011360333333333333
Ni12,16.95,0.010234333333333333
Ni12,17.009999999999998,0.008961666666666666
Ni12,17.07,0.007839333333333334
Ni12,17.13,0.006762
Ni12,17.189999999999998,0.005888333333333333
Ni12,17.25,0.005017666666666667
Ni12,17.310000000000002,0.004252333333333334
Ni12,17.369999999999997,0.0036233333333333334
Ni12,17.43,0.0029763333333333334
Ni12,17.490000000000002,0.0025236666666666667
Ni12,17.549999999999997,0.002102
Ni12,17.61,0.0017043333333333333
Ni12,17.67,0.001362
Ni12,17.729999999999997,0.0011323333333333333
Ni12,17.79,0.0008883333333333333
Ni12,17.85,0.0006976666666666666
Ni12,17.909999999999997,0.0005376666666666667
Ni12,17.97,0.0004476666666666667
Ni12,18.03,0.00034133333333333335
Ni12,18.09,0.00026533333333333335
Ni12,18.15,0.00020233333333333334
Ni12,18.21,0.000149
Ni12,18.27,0.00010866666666666666
Ni12,18.33,8.466666666666666e-05
Ni12,18.39,6.433333333333333e-05
Ni12,18.45,4.6666666666666665e-05
Ni12,18.509999999999998,3.3333333333333335e-05
Ni12,18.57,2.5e-05
Ni12,18.63,1.8333333333333333e-05
Ni12,18.689999999999998,8e-06
Ni12,18.75,6.666666666666667e-06
Ni12,18.81,8.333333333333334e-06
Ni12,18.869999999999997,2.666666666666667e-06
Ni12,18.93,1.6666666666666667e-06
Ni12,18.990000000000002,6.666666666666667e-07
Ni12,19.049999999999997,1e-06
Ni12,19.11,6.666666666666667e-07
Ni12,19.17,3.3333333333333335e-07
Ni12,19.229999999999997,3.3333333333333335e-07
Sn12,11.79,3.3333333333333335e-07
Sn12,11.85,3.3333333333333335e-07
Sn12,11.91,1.6666666666666667e-06
Sn12,11.969999999999999,2.666666666666667e-06
Sn12,12.03,4e-06
Sn12,12.09,4.666666666666666e-06
Sn12,12.149999999999999,4.333333333333333e-06
Sn12,12.21,4.333333333333333e-06
Sn12,12.27,6.666666666666667e-06
Sn12,12.329999999999998,8.333333333333334e-06
Sn12,12.39,1.2666666666666667e-05
Sn12,12.45,2e-05
Sn12,12.51,2.3666666666666668e-05
Sn12,12.57,3.266666666666666e-05
Sn12,12.629999999999999,4.0333333333333336e-05
Sn12,12.69,5.1e-05
Sn12,12.75,6.966666666666666e-05
Sn12,12.809999999999999,8.8e-05
Sn12,12.870000000000001,0.00010666666666666667
Sn12,12.93,0.00013533333333333333
Sn12,12.989999999999998,0.00018066666666666668
Sn12,13.05,0.000216
Sn12,13.11,0.000265
Sn12,13.169999999999998,0.00033033333333333336
Sn12,13.23,0.000438
Sn12,13.29,0.000522
Sn12,13.35,0.0006523333333333333
Sn12,13.41,0.0008113333333333333
Sn12,13.469999999999999,0.000964
Sn12,13.53,0.0011743333333333334
Sn12,13.59,0.0014236666666666666
Sn12,13.649999999999999,0.0016903333333333334
Sn12,13.71,0.002056
Sn12,13.77,0.002397
Sn12,13.829999999999998,0.0028343333333333332
Sn12,13.89,0.003405333333333333
Sn12,13.95,0.003985666666666667
Sn12,14.009999999999998,0.004684666666666667
Sn12,14.07,0.005392
Sn12,14.129999999999999,0.006172
Sn12,14.19,0.007016
Sn12,14.25,0.007926333333333334
Sn12,14.309999999999999,0.009024666666666667
Sn12,14.37,0.01023
Sn12,14.43,0.011432
Sn12,14.489999999999998,0.012785333333333333
Sn12,14.55,0.014097
Sn12,14.61,0.015466333333333334
Sn12,14.669999999999998,0.017016333333333335
Sn12,14.73,0.018505
Sn12,14.79,0.02002666666666667
Sn12,14.85,0.021453333333333335
Sn12,14.91,0.022947333333333333
Sn12,14.969999999999999,0.024516333333333334
Sn12,15.03,0.026035333333333334
Sn12,15.09,0.02719
Sn12,15.149999999999999,0.028363
Sn12,15.21,0.029228666666666667
Sn12,15.27,0.030081
Sn12,15.329999999999998,0.030892333333333334
Sn12,15.39,0.031392
Sn12,15.45,0.031669666666666665
Sn12,15.509999999999998,0.03193833333333333
Sn12,15.57,0.031837333333333336
Sn12,15.629999999999999,0.031578
Sn12,15.69,0.031070666666666667
Sn12,15.75,0.030354333333333334
Sn12,15.809999999999999,0.029535
Sn12,15.87,0.02852733333333333
Sn12,15.93,0.027455666666666666
Sn12,15.989999999999998,0.026193
Sn12,16.049999999999997,0.024790666666666666
Sn12,16.11,0.023339
Sn12,16.17,0.021876
Sn12,16.229999999999997,0.020310333333333333
Sn12,16.29,0.018692
Sn12,16.35,0.017038
Sn12,16.409999999999997,0.015538
Sn12,16.47,0.014027666666666667
Sn12,16.53,0.012553
Sn12,16.59,0.011230666666666667
Sn12,16.65,0.009887
Sn12,16.71,0.008675
Sn12,16.77,0.007451666666666666
Sn12,16.83,0.006448
Sn12,16.89,0.005560333333333333
Sn12,16.95,0.004789333333333333
Sn12,17.009999999999998,0.004049333333333334
Sn12,17.07,0.003386
Sn12,17.13,0.0028293333333333334
Sn12,17.189999999999998,0.002347333333333333
Sn12,17.25,0.0019143333333333334
Sn12,17.310000000000002,0.0015446666666666666
Sn12,17.369999999999997,0.0012313333333333334
Sn12,17.43,0.001006
Sn12,17.490000000000002,0.0008123333333333333
Sn12,17.549999999999997,0.0006426666666666667
Sn12,17.61,0.0004903333333333333
Sn12,17.67,0.000375
Sn12,17.729999999999997,0.0002956666666666667
Sn12,17.79,0.00021966666666666668
Sn12,17.85,0.00017166666666666667
Sn12,17.909999999999997,0.00012966666666666666
Sn12,17.97,0.00010066666666666667
Sn12,18.03,7.6e-05
Sn12,18.09,5.8666666666666665e-05
Sn12,18.15,3.5333333333333336e-05
Sn12,18.21,2.4e-05
Sn12,18.27,1.8666666666666665e-05
Sn12,18.33,1.5e-05
Sn12,18.39,9.666666666666667e-06
Sn12,18.45,3.6666666666666666e-06
Sn12,18.509999999999998,2.666666666666667e-06
Sn12,18.57,2.333333333333333e-06
Sn12,18.63,2.333333333333333e-06
Sn12,18.689999999999998,1.3333333333333334e-06
Sn12,18.75,6.666666666666667e-07
Sn12,18.81,3.3333333333333335e-07
Ta12,11.370000000000001,6.666666666666667e-07
Ta12,11.43,1e-06
Ta12,11.489999999999998,1.3333333333333334e-06
Ta12,11.55,2e-06
Ta12,11.61,1.6666666666666667e-06
Ta12,11.669999999999998,2.333333333333333e-06
Ta12,11.73,3e-06
Ta12,11.79,4.333333333333333e-06
Ta12,11.85,5e-06
Ta12,11.91,1e-05
Ta12,11.969999999999999,8.666666666666666e-06
Ta12,12.03,1.633333333333333e-05
Ta12,12.09,1.633333333333333e-05
Ta12,12.149999999999999,2.2333333333333332e-05
Ta12,12.21,2.966666666666667e-05
Ta12,12.27,4.266666666666667e-05
Ta12,12.329999999999998,4.766666666666667e-05
Ta12,12.39,6.133333333333334e-05
Ta12,12.45,7.833333333333333e-05
Ta12,12.51,0.00010633333333333333
Ta12,12.57,0.00013066666666666665
Ta12,12.629999999999999,0.00015
Ta12,12.69,0.00018733333333333332
Ta12,12.75,0.000268
Ta12,12.809999999999999,0.00031033333333333336
Ta12,12.870000000000001,0.00036933333333333333
Ta12,12.93,0.00045033333333333335
Ta12,12.989999999999998,0.0006006666666666667
Ta12,13.05,0.0006936666666666667
Ta12,13.11,0.0008396666666666666
Ta12,13.169999999999998,0.001019
Ta12,13.23,0.0012496666666666667
Ta12,13.29,0.0014453333333333334
Ta12,13.35,0.0017623333333333334
Ta12,13.41,0.0020876666666666665
Ta12,13.469999999999999,0.0024663333333333334
Ta12,13.53,0.0028903333333333333
Ta12,13.59,0.0034243333333333335
Ta12,13.649999999999999,0.003949
Ta12,13.71,0.004571
Ta12,13.77,0.005204
Ta12,13.829999999999998,0.006025333333333333
Ta12,13.89,0.0068453333333333335
Ta12,13.95,0.007753
Ta12,14.009999999999998,0.008784666666666666
Ta12,14.07,0.009800333333333333
Ta12,14.129999999999999,0.011005666666666667
Ta12,14.19,0.012066666666666667
Ta12,14.25,0.013434
Ta12,14.309999999999999,0.014811
Ta12,14.37,0.016075333333333334
Ta12,14.43,0.017489666666666667
Ta12,14.489999999999998,0.019041666666666665
Ta12,14.55,0.020353333333333334
Ta12,14.61,0.021833
Ta12,14.669999999999998,0.023161
Ta12,14.73,0.024520666666666666
Ta12,14.79,0.025696666666666666
Ta12,14.85,0.026793666666666667
Ta12,14.91,0.027918333333333333
Ta12,14.969999999999999,0.028826666666666667
Ta12,15.03,0.029569666666666668
Ta12,15.09,0.030111
Ta12,15.149999999999999,0.030682666666666667
Ta12,15.21,0.030781
Ta12,15.27,0.030810333333333332
Ta12,15.329999999999998,0.030803666666666667
Ta12,15.39,0.030570333333333335
Ta12,15.45,0.029912333333333332
Ta12,15.509999999999998,0.029334
Ta12,15.57,0.028651666666666666
Ta12,15.629999999999999,0.027467333333333333
Ta12,15.69,0.026554
Ta12,15.75,0.025436666666666666
Ta12,15.809999999999999,0.023989
Ta12,15.87,0.022544666666666668
Ta12,15.93,0.021276666666666666
Ta12,15.989999999999998,0.019834666666666667
Ta12,16.049999999999997,0.018163333333333333
Ta12,16.11,0.016758
Ta12,16.17,0.015399
Ta12,16.229999999999997,0.013869
Ta12,16.29,0.012455666666666667
Ta12,16.35,0.011125
Ta12,16.409999999999997,0.009909666666666667
Ta12,16.47,0.008704666666666666
Ta12,16.53,0.007654333333333333
Ta12,16.59,0.006675
Ta12,16.65,0.00572
Ta12,16.71,0.004937666666666667
Ta12,16.77,0.004168333333333333
Ta12,16.83,0.0035716666666666666
Ta12,16.89,0.002992
Ta12,16.95,0.002485
Ta12,17.009999999999998,0.002069333333333333
Ta12,17.07,0.0017026666666666666
Ta12,17.13,0.0013796666666666666
Ta12,17.189999999999998,0.001118
Ta12,17.25,0.0009066666666666666
Ta12,17.310000000000002,0.0007066666666666666
Ta12,17.369999999999997,0.00055
Ta12,17.43,0.000467
Ta12,17.490000000000002,0.00034366666666666665
Ta12,17.549999999999997,0.00026033333333333334
Ta12,17.61,0.00021366666666666667
Ta12,17.67,0.00015133333333333334
Ta12,17.729999999999997,0.00012233333333333334
Ta12,17.79,9.033333333333334e-05
Ta12,17.85,6.433333333333333e-05
Ta12,17.909999999999997,5.2333333333333336e-05
Ta12,17.97,3.733333333333333e-05
Ta12,18.03,2.5333333333333334e-05
Ta12,18.09,1.9666666666666666e-05
Ta12,18.15,1.0666666666666667e-05
Ta12,18.21,7.666666666666667e-06
Ta12,18.27,7e-06
Ta12,18.33,4.666666666666666e-06
Ta12,18.39,1.3333333333333334e-06
Ta12,18.45,1e-06
Ta12,18.509999999999998,1.6666666666666667e-06
Ta12,18.57,6.666666666666667e-07
Ta12,18.63,3.3333333333333335e-07
Ta12,18.689999999999998,3.3333333333333335e-07
Cu12,10.77,3.3333333333333335e-07
Cu12,10.829999999999998,3.3333333333333335e-07
Cu12,10.89,1e-06
Cu12,10.95,1.3333333333333334e-06
Cu12,11.01,2.333333333333333e-06
Cu12,11.07,1.6666666666666667e-06
Cu12,11.129999999999999,1e-06
Cu12,11.19,3e-06
Cu12,11.25,3.3333333333333333e-06
Cu12,11.309999999999999,5.666666666666667e-06
Cu12,11.370000000000001,9.333333333333333e-06
Cu12,11.43,8.666666666666666e-06
Cu12,11.489999999999998,1.2666666666666667e-05
Cu12,11.55,1.4666666666666666e-05
Cu12,11.61,1.8333333333333333e-05
Cu12,11.669999999999998,2.8e-05
Cu12,11.73,3.566666666666667e-05
Cu12,11.79,4e-05
Cu12,11.85,5.1666666666666664e-05
Cu12,11.91,6.4e-05
Cu12,11.969999999999999,8.666666666666667e-05
Cu12,12.03,0.00011733333333333333
Cu12,12.09,0.000126
Cu12,12.149999999999999,0.00015433333333333334
Cu12,12.21,0.000198
Cu12,12.27,0.00027633333333333335
Cu12,12.329999999999998,0.00030866666666666667
Cu12,12.39,0.00037666666666666664
Cu12,12.45,0.000448
Cu12,12.51,0.0005906666666666666
Cu12,12.57,0.000678
Cu12,12.629999999999999,0.0008246666666666667
Cu12,12.69,0.0009886666666666668
Cu12,12.75,0.0011886666666666666
Cu12,12.809999999999999,0.001411
Cu12,12.870000000000001,0.0016766666666666666
Cu12,12.93,0.0019896666666666665
Cu12,12.989999999999998,0.0023426666666666665
Cu12,13.05,0.0027123333333333335
Cu12,13.11,0.003232
Cu12,13.169999999999998,0.0036823333333333335
Cu12,13.23,0.004255333333333333
Cu12,13.29,0.004831
Cu12,13.35,0.005607333333333333
Cu12,13.41,0.006327333333333333
Cu12,13.469999999999999,0.007255333333333333
Cu12,13.53,0.008033666666666666
Cu12,13.59,0.009103
Cu12,13.649999999999999,0.010089333333333334
Cu12,13.71,0.011227333333333334
Cu12,13.77,0.012358333333333334
Cu12,13.829999999999998,0.013620666666666666
Cu12,13.89,0.014834
Cu12,13.95,0.016160333333333332
Cu12,14.009999999999998,0.017581666666666666
Cu12,14.07,0.018965666666666665
Cu12,14.129999999999999,0.020239666666666666
Cu12,14.19,0.021464666666666667
Cu12,14.25,0.022909
Cu12,14.309999999999999,0.024131666666666666
Cu12,14.37,0.025199666666666665
Cu12,14.43,0.026227666666666666
Cu12,14.489999999999998,0.027304
Cu12,14.55,0.028193
Cu12,14.61,0.028852666666666665
Cu12,14.669999999999998,0.029425
Cu12,14.73,0.029832
Cu12,14.79,0.029966666666666666
Cu12,14.85,0.030096
Cu12,14.91,0.029981666666666667
Cu12,14.969999999999999,0.029855666666666666
Cu12,15.03,0.029251666666666665
Cu12,15.09,0.028642333333333332
Cu12,15.149999999999999,0.02817
Cu12,15.21,0.026938
Cu12,15.27,0.026055666666666668
Cu12,15.329999999999998,0.025099333333333335
Cu12,15.39,0.023778666666666667
Cu12,15.45,0.022320333333333334
Cu12,15.509999999999998,0.021149333333333332
Cu12,15.57,0.019802333333333335
Cu12,15.629999999999999,0.018247
Cu12,15.69,0.016934333333333332
Cu12,15.75,0.015563
Cu12,15.809999999999999,0.014167333333333334
Cu12,15.87,0.01272
Cu12,15.93,0.0114
Cu12,15.989999999999998,0.010254333333333334
Cu12,16.049999999999997,0.009125333333333333
Cu12,16.11,0.008028666666666667
Cu12,16.17,0.006971333333333334
Cu12,16.229999999999997,0.0061663333333333336
Cu12,16.29,0.005247
Cu12,16.35,0.004522
Cu12,16.409999999999997,0.0038343333333333333
Cu12,16.47,0.0032853333333333332
Cu12,16.53,0.0027543333333333335
Cu12,16.59,0.0023046666666666667
Cu12,16.65,0.001906
Cu12,16.71,0.0015736666666666666
Cu12,16.77,0.0012873333333333333
Cu12,16.83,0.001044
Cu12,16.89,0.0008373333333333334
Cu12,16.95,0.000656
Cu12,17.009999999999998,0.000517
Cu12,17.07,0.00044133333333333335
Cu12,17.13,0.00033
Cu12,17.189999999999998,0.00025133333333333333
Cu12,17.25,0.00020233333333333334
Cu12,17.310000000000002,0.00014566666666666667
Cu12,17.369999999999997,0.000113
Cu12,17.43,8.9e-05
Cu12,17.490000000000002,6.266666666666667e-05
Cu12,17.549999999999997,5.433333333333333e-05
Cu12,17.61,3.3e-05
Cu12,17.67,2.4e-05
Cu12,17.729999999999997,2.1e-05
Cu12,17.79,1.0333333333333333e-05
Cu12,17.85,7.333333333333333e-06
Cu12,17.909999999999997,7.333333333333333e-06
Cu12,17.97,6e-06
Cu12,18.03,1.3333333333333334e-06
Cu12,18.09,1e-06
Cu12,18.15,1.3333333333333334e-06
Cu12,18.21,1e-06
Cu12,18.27,3.3333333333333335e-07
Cu12,18.33,3.3333333333333335e-07
Al_degrader_E9,8.370000000000001,8.333333333333334e-08
Al_degrader_E9,8.43,8.333333333333334e-08
Al_degrader_E9,8.489999999999998,1.6666666666666668e-07
Al_degrader_E9,8.55,1.6666666666666668e-07
Al_degrader_E9,8.61,3.3333333333333335e-07
Al_degrader_E9,8.67,6.666666666666667e-07
Al_degrader_E9,8.73,3.3333333333333335e-07
Al_degrader_E9,8.79,4.1666666666666667e-07
Al_degrader_E9,8.85,8.333333333333333e-07
Al_degrader_E9,8.91,7.5e-07
Al_degrader_E9,8.969999999999999,1e-06
Al_degrader_E9,9.030000000000001,1.0833333333333333e-06
Al_degrader_E9,9.09,2.4166666666666667e-06
Al_degrader_E9,9.149999999999999,2.0833333333333334e-06
Al_degrader_E9,9.21,3.083333333333333e-06
Al_degrader_E9,9.27,3.3333333333333333e-06
Al_degrader_E9,9.329999999999998,5e-06
Al_degrader_E9,9.39,4.9166666666666665e-06
Al_degrader_E9,9.45,7.833333333333333e-06
Al_degrader_E9,9.51,8.666666666666666e-06
Al_degrader_E9,9.57,1.1333333333333334e-05
Al_degrader_E9,9.629999999999999,1.275e-05
Al_degrader_E9,9.69,1.6416666666666668e-05
Al_degrader_E9,9.75,1.9333333333333333e-05
Al_degrader_E9,9.809999999999999,2.4333333333333333e-05
Al_degrader_E9,9.870000000000001,3.15e-05
Al_degrader_E9,9.93,3.4e-05
Al_degrader_E9,9.989999999999998,4.433333333333333e-05
Al_degrader_E9,10.05,4.991666666666667e-05
Al_degrader_E9,10.11,6.775e-05
Al_degrader_E9,10.169999999999998,7.85e-05
Al_degrader_E9,10.23,9.083333333333334e-05
Al_degrader_E9,10.29,0.00011241666666666667
Al_degrader_E9,10.35,0.00013291666666666665
Al_degrader_E9,10.41,0.00016616666666666668
Al_degrader_E9,10.469999999999999,0.0001845
Al_degrader_E9,10.53,0.000224
Al_degrader_E9,10.59,0.00027425
Al_degrader_E9,10.649999999999999,0.000311
Al_degrader_E9,10.71,0.0003680833333333333
Al_degrader_E9,10.77,0.00043683333333333334
Al_degrader_E9,10.829999999999998,0.0005134166666666667
Al_degrader_E9,10.89,0.0005848333333333334
Al_degrader_E9,10.95,0.0007031666666666667
Al_degrader_E9,11.01,0.0008048333333333333
Al_degrader_E9,11.07,0.0009269166666666667
Al_degrader_E9,11.129999999999999,0.0010771666666666666
Al_degrader_E9,11.19,0.0012408333333333334
Al_degrader_E9,11.25,0.0014060833333333334
Al_degrader_E9,11.309999999999999,0.0016005833333333334
Al_degrader_E9,11.370000000000001,0.0018353333333333333
Al_degrader_E9,11.43,0.0020760833333333334
Al_degrader_E9,11.489999999999998,0.002357
Al_degrader_E9,11.55,0.00265775
Al_degrader_E9,11.61,0.0029634166666666667
Al_degrader_E9,11.669999999999998,0.00333875
Al_degrader_E9,11.73,0.00373875
Al_degrader_E9,11.79,0.004125666666666666
Al_degrader_E9,11.85,0.004604583333333333
Al_degrader_E9,11.91,0.005103416666666667
Al_degrader_E9,11.969999999999999,0.005588083333333333
Al_degrader_E9,12.03,0.006147
Al_degrader_E9,12.09,0.006756583333333333
Al_degrader_E9,12.149999999999999,0.007373916666666667
Al_degrader_E9,12.21,0.007994416666666667
Al_degrader_E9,12.27,0.008732583333333334
Al_degrader_E9,12.329999999999998,0.009392666666666667
Al_degrader_E9,12.39,0.01011075
Al_degrader_E9,12.45,0.0109065
Al_degrader_E9,12.51,0.011629333333333334
Al_degrader_E9,12.57,0.012411
Al_degrader_E9,12.629999999999999,0.0132385
Al_degrader_E9,12.69,0.014016833333333333
Al_degrader_E9,12.75,0.014766916666666666
Al_degrader_E9,12.809999999999999,0.015623083333333333
Al_degrader_E9,12.870000000000001,0.016372083333333332
Al_degrader_E9,12.93,0.017139083333333333
Al_degrader_E9,12.989999999999998,0.017926416666666667
Al_degrader_E9,13.05,0.018592333333333332
Al_degrader_E9,13.11,0.019344916666666667
Al_degrader_E9,13.169999999999998,0.0199595
Al_degrader_E9,13.23,0.02056125
Al_degrader_E9,13.29,0.021153333333333333
Al_degrader_E9,13.35,0.021692
Al_degrader_E9,13.41,0.022103083333333332
Al_degrader_E9,13.469999999999999,0.022495666666666667
Al_degrader_E9,13.53,0.022903166666666665
Al_degrader_E9,13.59,0.023110666666666668
Al_degrader_E9,13.649999999999999,0.023334
Al_degrader_E9,13.71,0.023422083333333333
Al_degrader_E9,13.77,0.02342375
Al_degrader_E9,13.829999999999998,0.0235125
Al_degrader_E9,13.89,0.023342916666666668
Al_degrader_E9,13.95,0.023131833333333334
Al_degrader_E9,14.009999999999998,0.022903333333333335
Al_degrader_E9,14.07,0.022592416666666667
Al_degrader_E9,14.129999999999999,0.022138583333333333
Al_degrader_E9,14.19,0.02165025
Al_degrader_E9,14.25,0.021076
Al_degrader_E9,14.309999999999999,0.020497833333333333
Al_degrader_E9,14.37,0.019802416666666666
Al_degrader_E9,14.43,0.019087
Al_degrader_E9,14.489999999999998,0.018316166666666668
Al_degrader_E9,14.55,0.017570333333333334
Al_degrader_E9,14.61,0.016651666666666665
Al_degrader_E9,14.669999999999998,0.01581975
Al_degrader_E9,14.73,0.014903833333333333
Al_degrader_E9,14.79,0.014071083333333333
Al_degrader_E9,14.85,0.013124333333333333
Al_degrader_E9,14.91,0.012229583333333334
Al_degrader_E9,14.969999999999999,0.011371
Al_degrader_E9,15.03,0.010463666666666666
Al_degrader_E9,15.09,0.00964525
Al_degrader_E9,15.149999999999999,0.008786166666666666
Al_degrader_E9,15.21,0.007995666666666667
Al_degrader_E9,15.27,0.00725525
Al_degrader_E9,15.329999999999998,0.0065305
Al_degrader_E9,15.39,0.005854
Al_degrader_E9,15.45,0.005178
Al_degrader_E9,15.509999999999998,0.004614
Al_degrader_E9,15.57,0.004065166666666667
Al_degrader_E9,15.629999999999999,0.0035581666666666665
Al_degrader_E9,15.69,0.00310225
Al_degrader_E9,15.75,0.0026801666666666666
Al_degrader_E9,15.809999999999999,0.0023166666666666665
Al_degrader_E9,15.87,0.00198075
Al_degrader_E9,15.93,0.00167025
Al_degrader_E9,15.989999999999998,0.00142425
Al_degrader_E9,16.049999999999997,0.00119825
Al_degrader_E9,16.11,0.0010155
Al_degrader_E9,16.17,0.0008243333333333334
Al_degrader_E9,16.229999999999997,0.0006869166666666666
Al_degrader_E9,16.29,0.0005659166666666667
Al_degrader_E9,16.35,0.00045933333333333335
Al_degrader_E9,16.409999999999997,0.00037108333333333335
Al_degrader_E9,16.47,0.000295
Al_degrader_E9,16.53,0.00023875
Al_degrader_E9,16.59,0.00018491666666666667
Al_degrader_E9,16.65,0.00014858333333333333
Al_degrader_E9,16.71,0.00011983333333333334
Al_degrader_E9,16.77,8.991666666666667e-05
Al_degrader_E9,16.83,6.791666666666667e-05
Al_degrader_E9,16.89,5.216666666666667e-05
Al_degrader_E9,16.95,4.15e-05
Al_degrader_E9,17.009999999999998,3e-05
Al_degrader_E9,17.07,2.3833333333333334e-05
Al_degrader_E9,17.13,1.7083333333333333e-05
Al_degrader_E9,17.189999999999998,1.275e-05
Al_degrader_E9,17.25,9e-06
Al_degrader_E9,17.310000000000002,6.166666666666666e-06
Al_degrader_E9,17.369999999999997,5e-06
Al_degrader_E9,17.43,2.75e-06
Al_degrader_E9,17.490000000000002,1.916666666666667e-06
Al_degrader_E9,17.549999999999997,2.0833333333333334e-06
Al_degrader_E9,17.61,5e-07
Al_degrader_E9,17.67,5.833333333333333e-07
Al_degrader_E9,17.729999999999997,3.3333333333333335e-07
Al_degrader_E9,17.79,1.6666666666666668e-07
Al_degrader_E9,17.85,2.5e-07
Al_degrader_E9,17.909999999999997,8.333333333333334e-08
Al_degrader_E9,17.97,8.333333333333334e-08
Ni13,7.59,2e-07
Ni13,7.65,2e-07
Ni13,7.709999999999999,2e-07
Ni13,7.77,6e-07
Ni13,7.83,1e-06
Ni13,7.89,1e-06
Ni13,7.949999999999999,1.2e-06
Ni13,8.01,1.4e-06
Ni13,8.07,1.6e-06
Ni13,8.129999999999999,2e-06
Ni13,8.19,2e-06
Ni13,8.25,3.4e-06
Ni13,8.309999999999999,3.8e-06
Ni13,8.370000000000001,5.6e-06
Ni13,8.43,6e-06
Ni13,8.489999999999998,8.2e-06
Ni13,8.55,9.4e-06
Ni13,8.61,1.1e-05
Ni13,8.67,1.38e-05
Ni13,8.73,1.9e-05
Ni13,8.79,2.16e-05
Ni13,8.85,2.5e-05
Ni13,8.91,3.44e-05
Ni13,8.969999999999999,3.84e-05
Ni13,9.030000000000001,4.44e-05
Ni13,9.09,6.12e-05
Ni13,9.149999999999999,7.12e-05
Ni13,9.21,8.26e-05
Ni13,9.27,9.88e-05
Ni13,9.329999999999998,0.0001208
Ni13,9.39,0.0001374
Ni13,9.45,0.0001768
Ni13,9.51,0.0002134
Ni13,9.57,0.000235
Ni13,9.629999999999999,0.0002946
Ni13,9.69,0.0003468
Ni13,9.75,0.0003966
Ni13,9.809999999999999,0.0004772
Ni13,9.870000000000001,0.0005596
Ni13,9.93,0.0006676
Ni13,9.989999999999998,0.0007674
Ni13,10.05,0.000882
Ni13,10.11,0.0010478
Ni13,10.169999999999998,0.0011964
Ni13,10.23,0.0014
Ni13,10.29,0.0016196
Ni13,10.35,0.0018412
Ni13,10.41,0.0021124
Ni13,10.469999999999999,0.0024548
Ni13,10.53,0.0027436
Ni13,10.59,0.0031304
Ni13,10.649999999999999,0.003541
Ni13,10.71,0.0039606
Ni13,10.77,0.0045074
Ni13,10.829999999999998,0.004961
Ni13,10.89,0.0056346
Ni13,10.95,0.006211
Ni13,11.01,0.006886
Ni13,11.07,0.0076306
Ni13,11.129999999999999,0.0083568
Ni13,11.19,0.009203
Ni13,11.25,0.0100176
Ni13,11.309999999999999,0.0109012
Ni13,11.370000000000001,0.0119064
Ni13,11.43,0.012774
Ni13,11.489999999999998,0.013844
Ni13,11.55,0.0148038
Ni13,11.61,0.015871
Ni13,11.669999999999998,0.0168984
Ni13,11.73,0.0179538
Ni13,11.79,0.018892
Ni13,11.85,0.0200092
Ni13,11.91,0.0208098
Ni13,11.969999999999999,0.0217976
Ni13,12.03,0.0226864
Ni13,12.09,0.023366
Ni13,12.149999999999999,0.0243276
Ni13,12.21,0.0247222
Ni13,12.27,0.0253642
Ni13,12.329999999999998,0.0257908
Ni13,12.39,0.0260914
Ni13,12.45,0.0264412
Ni13,12.51,0.0263992
Ni13,12.57,0.0264936
Ni13,12.629999999999999,0.0263986
Ni13,12.69,0.0260852
Ni13,12.75,0.0257864
Ni13,12.809999999999999,0.0253174
Ni13,12.870000000000001,0.0247912
Ni13,12.93,0.0240788
Ni13,12.989999999999998,0.0233974
Ni13,13.05,0.0224694
Ni13,13.11,0.0217214
Ni13,13.169999999999998,0.0205692
Ni13,13.23,0.019696
Ni13,13.29,0.018559
Ni13,13.35,0.0174932
Ni13,13.41,0.0164314
Ni13,13.469999999999999,0.015212
Ni13,13.53,0.0141964
Ni13,13.59,0.0130874
Ni13,13.649999999999999,0.011999
Ni13,13.71,0.01093
Ni13,13.77,0.0098778
Ni13,13.829999999999998,0.0090434
Ni13,13.89,0.0080204
Ni13,13.95,0.0071978
Ni13,14.009999999999998,0.0063724
Ni13,14.07,0.0056544
Ni13,14.129999999999999,0.0049746
Ni13,14.19,0.0043388
Ni13,14.25,0.0037794
Ni13,14.309999999999999,0.003261
Ni13,14.37,0.0028144
Ni13,14.43,0.0024
Ni13,14.489999999999998,0.0020512
Ni13,14.55,0.0017236
Ni13,14.61,0.001452
Ni13,14.669999999999998,0.0012104
Ni13,14.73,0.000994
Ni13,14.79,0.0008322
Ni13,14.85,0.0006702
Ni13,14.91,0.0005518
Ni13,14.969999999999999,0.0004462
Ni13,15.03,0.000366
Ni13,15.09,0.0002888
Ni13,15.149999999999999,0.0002324
Ni13,15.21,0.000177
Ni13,15.27,0.0001464
Ni13,15.329999999999998,0.000112
Ni13,15.39,8.5e-05
Ni13,15.45,6.92e-05
Ni13,15.509999999999998,5.12e-05
Ni13,15.57,4e-05
Ni13,15.629999999999999,2.94e-05
Ni13,15.69,2.18e-05
Ni13,15.75,1.48e-05
Ni13,15.809999999999999,1.22e-05
Ni13,15.87,7.2e-06
Ni13,15.93,5.4e-06
Ni13,15.989999999999998,5.2e-06
Ni13,16.049999999999997,1.8e-06
Ni13,16.11,1.6e-06
Ni13,16.17,1e-06
Ni13,16.229999999999997,1e-06
Ni13,16.29,6e-07
Ni13,16.35,4e-07
Ni13,16.409999999999997,0.0
Ni13,16.47,2e-07
Sn13,7.41,3.3333333333333335e-07
Sn13,7.47,3.3333333333333335e-07
Sn13,7.529999999999999,1.3333333333333334e-06
Sn13,7.59,1e-06
Sn13,7.65,2.333333333333333e-06
Sn13,7.709999999999999,3.3333333333333333e-06
Sn13,7.77,2.666666666666667e-06
Sn13,7.83,3.6666666666666666e-06
Sn13,7.89,4e-06
Sn13,7.949999999999999,3e-06
Sn13,8.01,3.3333333333333333e-06
Sn13,8.07,4.666666666666666e-06
Sn13,8.129999999999999,6e-06
Sn13,8.19,9.666666666666667e-06
Sn13,8.25,1.1333333333333334e-05
Sn13,8.309999999999999,1.633333333333333e-05
Sn13,8.370000000000001,1.9333333333333333e-05
Sn13,8.43,2.2333333333333332e-05
Sn13,8.489999999999998,2.3e-05
Sn13,8.55,3.5e-05
Sn13,8.61,3.6e-05
Sn13,8.67,4.966666666666667e-05
Sn13,8.73,6.3e-05
Sn13,8.79,6.9e-05
Sn13,8.85,8.233333333333333e-05
Sn13,8.91,9.566666666666667e-05
Sn13,8.969999999999999,0.00011833333333333333
Sn13,9.030000000000001,0.00014633333333333333
Sn13,9.09,0.00016966666666666668
Sn13,9.149999999999999,0.000196
Sn13,9.21,0.00023433333333333333
Sn13,9.27,0.0002716666666666667
Sn13,9.329999999999998,0.000347
Sn13,9.39,0.000396
Sn13,9.45,0.0004823333333333333
Sn13,9.51,0.0005533333333333333
Sn13,9.57,0.0006483333333333333
Sn13,9.629999999999999,0.000757
Sn13,9.69,0.0008736666666666667
Sn13,9.75,0.0010266666666666666
Sn13,9.809999999999999,0.001182
Sn13,9.870000000000001,0.00136
Sn13,9.93,0.0015866666666666666
Sn13,9.989999999999998,0.0017986666666666667
Sn13,10.05,0.0020443333333333333
Sn13,10.11,0.002381
Sn13,10.169999999999998,0.002707
Sn13,10.23,0.003106
Sn13,10.29,0.0035176666666666668
Sn13,10.35,0.003959
Sn13,10.41,0.004437
Sn13,10.469999999999999,0.004996666666666667
Sn13,10.53,0.005463
Sn13,10.59,0.006090333333333333
Sn13,10.649999999999999,0.006719333333333333
Sn13,10.71,0.007502666666666667
Sn13,10.77,0.008317333333333333
Sn13,10.829999999999998,0.009082
Sn13,10.89,0.010005666666666666
Sn13,10.95,0.010764333333333334
Sn13,11.01,0.011743333333333333
Sn13,11.07,0.012660333333333332
Sn13,11.129999999999999,0.013746666666666667
Sn13,11.19,0.014719666666666667
Sn13,11.25,0.015729
Sn13,11.309999999999999,0.016801
Sn13,11.370000000000001,0.017737
Sn13,11.43,0.01876
Sn13,11.489999999999998,0.019905666666666665
Sn13,11.55,0.020957333333333335
Sn13,11.61,0.021789333333333334
Sn13,11.669999999999998,0.022660666666666666
Sn13,11.73,0.023503333333333334
Sn13,11.79,0.02405
Sn13,11.85,0.024828
Sn13,11.91,0.025259
Sn13,11.969999999999999,0.025755666666666666
Sn13,12.03,0.026176
Sn13,12.09,0.026298333333333333
Sn13,12.149999999999999,0.02654
Sn13,12.21,0.026620666666666667
Sn13,12.27,0.026443666666666667
Sn13,12.329999999999998,0.02626
Sn13,12.39,0.025867333333333332
Sn13,12.45,0.025389
Sn13,12.51,0.024834333333333333
Sn13,12.57,0.024186666666666665
Sn13,12.629999999999999,0.023484666666666668
Sn13,12.69,0.022641666666666668
Sn13,12.75,0.021705333333333333
Sn13,12.809999999999999,0.020775666666666668
Sn13,12.870000000000001,0.019758
Sn13,12.93,0.018671
Sn13,12.989999999999998,0.017733
Sn13,13.05,0.016551
Sn13,13.11,0.015308666666666667
Sn13,13.169999999999998,0.014213666666666666
Sn13,13.23,0.013195333333333333
Sn13,13.29,0.012057333333333333
Sn13,13.35,0.011039333333333333
Sn13,13.41,0.009998
Sn13,13.469999999999999,0.00908
Sn13,13.53,0.008120666666666667
Sn13,13.59,0.007241666666666667
Sn13,13.649999999999999,0.006362666666666667
Sn13,13.71,0.005653333333333333
Sn13,13.77,0.004966333333333333
Sn13,13.829999999999998,0.004398
Sn13,13.89,0.003772666666666667
Sn13,13.95,0.0033096666666666665
Sn13,14.009999999999998,0.002844666666666667
Sn13,14.07,0.002436666666666667
Sn13,14.129999999999999,0.0020813333333333335
Sn13,14.19,0.001736
Sn13,14.25,0.001451
Sn13,14.309999999999999,0.0012036666666666667
Sn13,14.37,0.0009816666666666667
Sn13,14.43,0.0008343333333333333
Sn13,14.489999999999998,0.0006956666666666667
Sn13,14.55,0.0005636666666666666
Sn13,14.61,0.000448
Sn13,14.669999999999998,0.0003556666666666667
Sn13,14.73,0.0002773333333333333
Sn13,14.79,0.00022966666666666667
Sn13,14.85,0.00017766666666666666
Sn13,14.91,0.00014466666666666667
Sn13,14.969999999999999,0.00011333333333333333
Sn13,15.03,9.066666666666667e-05
Sn13,15.09,7.133333333333334e-05
Sn13,15.149999999999999,5.3666666666666666e-05
Sn13,15.21,4.0333333333333336e-05
Sn13,15.27,2.7666666666666667e-05
Sn13,15.329999999999998,2e-05
Sn13,15.39,1.4333333333333334e-05
Sn13,15.45,1.4e-05
Sn13,15.509999999999998,9.333333333333333e-06
Sn13,15.57,4e-06
Sn13,15.629999999999999,2e-06
Sn13,15.69,2.333333333333333e-06
Sn13,15.75,2.666666666666667e-06
Sn13,15.809999999999999,1.3333333333333334e-06
Sn13,15.87,1e-06
Sn13,15.93,3.3333333333333335e-07
Sn13,15.989999999999998,3.3333333333333335e-07
Ta13,6.75,2.5e-07
Ta13,6.81,2.5e-07
Ta13,6.869999999999999,0.0
Ta13,6.93,7.5e-07
Ta13,6.99,1e-06
Ta13,7.05,1e-06
Ta13,7.109999999999999,1.75e-06
Ta13,7.17,1e-06
Ta13,7.2299999999999995,2e-06
Ta13,7.289999999999999,2.25e-06
Ta13,7.35,2e-06
Ta13,7.41,2.75e-06
Ta13,7.47,3.5e-06
Ta13,7.529999999999999,5.25e-06
Ta13,7.59,6.25e-06
Ta13,7.65,5.75e-06
Ta13,7.709999999999999,9.5e-06
Ta13,7.77,1.1e-05
Ta13,7.83,1.075e-05
Ta13,7.89,1.45e-05
Ta13,7.949999999999999,1.95e-05
Ta13,8.01,2.275e-05
Ta13,8.07,2.85e-05
Ta13,8.129999999999999,3.375e-05
Ta13,8.19,4.075e-05
Ta13,8.25,4.7e-05
Ta13,8.309999999999999,5.225e-05
Ta13,8.370000000000001,7.075e-05
Ta13,8.43,8.5e-05
Ta13,8.489999999999998,8.975e-05
Ta13,8.55,0.000114
Ta13,8.61,0.00013575
Ta13,8.67,0.0001545
Ta13,8.73,0.0001935
Ta13,8.79,0.00023525
Ta13,8.85,0.00025625
Ta13,8.91,0.0003025
Ta13,8.969999999999999,0.0003755
Ta13,9.030000000000001,0.0004315
Ta13,9.09,0.00049
Ta13,9.149999999999999,0.0005765
Ta13,9.21,0.00068225
Ta13,9.27,0.00078925
Ta13,9.329999999999998,0.0009015
Ta13,9.39,0.0010545
Ta13,9.45,0.00119175
Ta13,9.51,0.00137575
Ta13,9.57,0.00157925
Ta13,9.629999999999999,0.0018325
Ta13,9.69,0.00205075
Ta13,9.75,0.00233175
Ta13,9.809999999999999,0.0027045
Ta13,9.870000000000001,0.00300475
Ta13,9.93,0.0033645
Ta13,9.989999999999998,0.0038225
Ta13,10.05,0.004224
Ta13,10.11,0.0047365
Ta13,10.169999999999998,0.00527325
Ta13,10.23,0.0058745
Ta13,10.29,0.00645925
Ta13,10.35,0.0070535
Ta13,10.41,0.0078635
Ta13,10.469999999999999,0.00850525
Ta13,10.53,0.009291
Ta13,10.59,0.010191
Ta13,10.649999999999999,0.01100625
Ta13,10.71,0.01191025
Ta13,10.77,0.0127755
Ta13,10.829999999999998,0.01375425
Ta13,10.89,0.01469575
Ta13,10.95,0.015672
Ta13,11.01,0.016619
Ta13,11.07,0.01764325
Ta13,11.129999999999999,0.01856475
Ta13,11.19,0.01945575
Ta13,11.25,0.02047175
Ta13,11.309999999999999,0.02111925
Ta13,11.370000000000001,0.022039
Ta13,11.43,0.0228925
Ta13,11.489999999999998,0.023383
Ta13,11.55,0.02418175
Ta13,11.61,0.02448225
Ta13,11.669999999999998,0.0249555
Ta13,11.73,0.02537825
Ta13,11.79,0.0254995
Ta13,11.85,0.02570525
Ta13,11.91,0.02574275
Ta13,11.969999999999999,0.025594
Ta13,12.03,0.0254715
Ta13,12.09,0.02504125
Ta13,12.149999999999999,0.02470075
Ta13,12.21,0.02435625
Ta13,12.27,0.02368675
Ta13,12.329999999999998,0.02286
Ta13,12.39,0.02224525
Ta13,12.45,0.021409
Ta13,12.51,0.0205415
Ta13,12.57,0.01961875
Ta13,12.629999999999999,0.0184745
Ta13,12.69,0.01769675
Ta13,12.75,0.0164915
Ta13,12.809999999999999,0.0155115
Ta13,12.870000000000001,0.0144825
Ta13,12.93,0.0133655
Ta13,12.989999999999998,0.01237275
Ta13,13.05,0.0113495
Ta13,13.11,0.010322
Ta13,13.169999999999998,0.00946975
Ta13,13.23,0.00848725
Ta13,13.29,0.0076995
Ta13,13.35,0.00683475
Ta13,13.41,0.006101
Ta13,13.469999999999999,0.00541525
Ta13,13.53,0.00475475
Ta13,13.59,0.004184
Ta13,13.649999999999999,0.0036025
Ta13,13.71,0.0032075
Ta13,13.77,0.0027285
Ta13,13.829999999999998,0.0023705
Ta13,13.89,0.00198275
Ta13,13.95,0.0016985
Ta13,14.009999999999998,0.00144025
Ta13,14.07,0.0012075
Ta13,14.129999999999999,0.00101025
Ta13,14.19,0.000819
Ta13,14.25,0.00068375
Ta13,14.309999999999999,0.0005585
Ta13,14.37,0.00045375
Ta13,14.43,0.00037775
Ta13,14.489999999999998,0.000303
Ta13,14.55,0.0002355
Ta13,14.61,0.000184
Ta13,14.669999999999998,0.0001515
Ta13,14.73,0.00011725
Ta13,14.79,9.525e-05
Ta13,14.85,7.25e-05
Ta13,14.91,5.8e-05
Ta13,14.969999999999999,4.35e-05
Ta13,15.03,3.475e-05
Ta13,15.09,2.45e-05
Ta13,15.149999999999999,1.725e-05
Ta13,15.21,1.325e-05
Ta13,15.27,8.5e-06
Ta13,15.329999999999998,6e-06
Ta13,15.39,5.75e-06
Ta13,15.45,3.5e-06
Ta13,15.509999999999998,1.75e-06
Ta13,15.57,1e-06
Ta13,15.629999999999999,1.25e-06
Ta13,15.69,7.5e-07
Ta13,15.75,7.5e-07
Ta13,15.809999999999999,0.0
Ta13,15.87,2.5e-07
Cu13,5.97,4e-07
Cu13,6.029999999999999,0.0
Cu13,6.09,4e-07
Cu13,6.15,6e-07
Cu13,6.21,8e-07
Cu13,6.27,8e-07
Cu13,6.33,1.4e-06
Cu13,6.39,1.4e-06
Cu13,6.449999999999999,1e-06
Cu13,6.51,2.2e-06
Cu13,6.57,1.2e-06
Cu13,6.63,2.2e-06
Cu13,6.6899999999999995,3.8e-06
Cu13,6.75,2.6e-06
Cu13,6.81,5.2e-06
Cu13,6.869999999999999,4.8e-06
Cu13,6.93,6.6e-06
Cu13,6.99,9e-06
Cu13,7.05,8e-06
Cu13,7.109999999999999,1.1e-05
Cu13,7.17,1.3e-05
Cu13,7.2299999999999995,1.62e-05
Cu13,7.289999999999999,1.88e-05
Cu13,7.35,2.38e-05
Cu13,7.41,2.9e-05
Cu13,7.47,3.22e-05
Cu13,7.529999999999999,3.88e-05
Cu13,7.59,4.46e-05
Cu13,7.65,5.42e-05
Cu13,7.709999999999999,6.86e-05
Cu13,7.77,7.58e-05
Cu13,7.83,8.48e-05
Cu13,7.89,0.000111
Cu13,7.949999999999999,0.0001172
Cu13,8.01,0.000142
Cu13,8.07,0.0001816
Cu13,8.129999999999999,0.0001998
Cu13,8.19,0.0002286
Cu13,8.25,0.0002806
Cu13,8.309999999999999,0.0003138
Cu13,8.370000000000001,0.0003696
Cu13,8.43,0.000442
Cu13,8.489999999999998,0.000486
Cu13,8.55,0.0005844
Cu13,8.61,0.0006644
Cu13,8.67,0.0007558
Cu13,8.73,0.0008872
Cu13,8.79,0.001015
Cu13,8.85,0.0011436
Cu13,8.91,0.0013214
Cu13,8.969999999999999,0.0014916
Cu13,9.030000000000001,0.0017146
Cu13,9.09,0.0019238
Cu13,9.149999999999999,0.0021926
Cu13,9.21,0.0024754
Cu13,9.27,0.0027704
Cu13,9.329999999999998,0.0031288
Cu13,9.39,0.0034414
Cu13,9.45,0.0038644
Cu13,9.51,0.0043458
Cu13,9.57,0.0047036
Cu13,9.629999999999999,0.0053708
Cu13,9.69,0.0057696
Cu13,9.75,0.0064106
Cu13,9.809999999999999,0.0070704
Cu13,9.870000000000001,0.00764
Cu13,9.93,0.0083952
Cu13,9.989999999999998,0.0090416
Cu13,10.05,0.0098982
Cu13,10.11,0.0106698
Cu13,10.169999999999998,0.0114782
Cu13,10.23,0.012342
Cu13,10.29,0.013185
Cu13,10.35,0.014067
Cu13,10.41,0.0150176
Cu13,10.469999999999999,0.0158984
Cu13,10.53,0.0168924
Cu13,10.59,0.0175804
Cu13,10.649999999999999,0.018616
Cu13,10.71,0.0193932
Cu13,10.77,0.020196
Cu13,10.829999999999998,0.0210206
Cu13,10.89,0.0216622
Cu13,10.95,0.0224178
Cu13,11.01,0.02292
Cu13,11.07,0.0234884
Cu13,11.129999999999999,0.0239464
Cu13,11.19,0.0242782
Cu13,11.25,0.024619
Cu13,11.309999999999999,0.0247322
Cu13,11.370000000000001,0.0247702
Cu13,11.43,0.024937
Cu13,11.489999999999998,0.0247004
Cu13,11.55,0.0245156
Cu13,11.61,0.0243008
Cu13,11.669999999999998,0.02383
Cu13,11.73,0.0234152
Cu13,11.79,0.022801
Cu13,11.85,0.0222046
Cu13,11.91,0.0214612
Cu13,11.969999999999999,0.0207148
Cu13,12.03,0.019942
Cu13,12.09,0.0189592
Cu13,12.149999999999999,0.0182064
Cu13,12.21,0.0170796
Cu13,12.27,0.0162448
Cu13,12.329999999999998,0.0151252
Cu13,12.39,0.014243
Cu13,12.45,0.0132274
Cu13,12.51,0.0122542
Cu13,12.57,0.0113008
Cu13,12.629999999999999,0.0103312
Cu13,12.69,0.0094526
Cu13,12.75,0.0085958
Cu13,12.809999999999999,0.0077576
Cu13,12.870000000000001,0.006964
Cu13,12.93,0.0062776
Cu13,12.989999999999998,0.0055436
Cu13,13.05,0.0049628
Cu13,13.11,0.0043342
Cu13,13.169999999999998,0.0038344
Cu13,13.23,0.003316
Cu13,13.29,0.0029282
Cu13,13.35,0.0025234
Cu13,13.41,0.0021564
Cu13,13.469999999999999,0.0018554
Cu13,13.53,0.0015764
Cu13,13.59,0.001336
Cu13,13.649999999999999,0.0011206
Cu13,13.71,0.0009338
Cu13,13.77,0.0007812
Cu13,13.829999999999998,0.0006384
Cu13,13.89,0.000532
Cu13,13.95,0.000429
Cu13,14.009999999999998,0.0003602
Cu13,14.07,0.0002832
Cu13,14.129999999999999,0.0002348
Cu13,14.19,0.0001776
Cu13,14.25,0.000151
Cu13,14.309999999999999,0.0001138
Cu13,14.37,9.32e-05
Cu13,14.43,7.14e-05
Cu13,14.489999999999998,5.76e-05
Cu13,14.55,4.58e-05
Cu13,14.61,3.2e-05
Cu13,14.669999999999998,2.48e-05
Cu13,14.73,1.86e-05
Cu13,14.79,1.3e-05
Cu13,14.85,8.8e-06
Cu13,14.91,8e-06
Cu13,14.969999999999999,4.4e-06
Cu13,15.03,5e-06
Cu13,15.09,1.4e-06
Cu13,15.149999999999999,1.6e-06
Cu13,15.21,6e-07
Cu13,15.27,1.4e-06
Cu13,15.329999999999998,4e-07
Cu13,15.39,4e-07
Cu13,15.45,0.0
Cu13,15.509999999999998,2e-07
Al_degrader_E10,0.32999999999999996,5e-08
Al_degrader_E10,0.39,0.0
Al_degrader_E10,0.44999999999999996,0.0
Al_degrader_E10,0.51,0.0
Al_degrader_E10,0.5700000000000001,5e-08
Al_degrader_E10,0.6299999999999999,0.0
Al_degrader_E10,0.69,0.0
Al_degrader_E10,0.75,0.0
Al_degrader_E10,0.81,0.0
Al_degrader_E10,0.8699999999999999,0.0
Al_degrader_E10,0.9299999999999999,0.0
Al_degrader_E10,0.99,1e-07
Al_degrader_E10,1.05,0.0
Al_degrader_E10,1.1099999999999999,1e-07
Al_degrader_E10,1.17,0.0
Al_degrader_E10,1.23,1e-07
Al_degrader_E10,1.29,0.0
Al_degrader_E10,1.3499999999999999,1e-07
Al_degrader_E10,1.41,5e-08
Al_degrader_E10,1.47,0.0
Al_degrader_E10,1.53,2e-07
Al_degrader_E10,1.5899999999999999,1.5e-07
Al_degrader_E10,1.65,2e-07
Al_degrader_E10,1.71,1e-07
Al_degrader_E10,1.77,5e-08
Al_degrader_E10,1.8299999999999998,1e-07
Al_degrader_E10,1.89,1.5e-07
Al_degrader_E10,1.95,2.5e-07
Al_degrader_E10,2.01,2e-07
Al_degrader_E10,2.0700000000000003,2.5e-07
Al_degrader_E10,2.13,2.5e-07
Al_degrader_E10,2.19,1.5e-07
Al_degrader_E10,2.25,2e-07
Al_degrader_E10,2.3099999999999996,2.5e-07
Al_degrader_E10,2.37,2.5e-07
Al_degrader_E10,2.4299999999999997,4.5e-07
Al_degrader_E10,2.49,4e-07
Al_degrader_E10,2.55,4.5e-07
Al_degrader_E10,2.61,3e-07
Al_degrader_E10,2.67,5.5e-07
Al_degrader_E10,2.7299999999999995,8.5e-07
Al_degrader_E10,2.79,6.5e-07
Al_degrader_E10,2.8499999999999996,1.1e-06
Al_degrader_E10,2.91,5.5e-07
Al_degrader_E10,2.9699999999999998,8.5e-07
Al_degrader_E10,3.0300000000000002,1.25e-06
Al_degrader_E10,3.09,1.65e-06
Al_degrader_E10,3.15,1.65e-06
Al_degrader_E10,3.21,1e-06
Al_degrader_E10,3.2699999999999996,1.6e-06
Al_degrader_E10,3.33,2.1e-06
Al_degrader_E10,3.3899999999999997,2.9e-06
Al_degrader_E10,3.45,2.1e-06
Al_degrader_E10,3.51,2.2e-06
Al_degrader_E10,3.57,3.7e-06
Al_degrader_E10,3.63,4e-06
Al_degrader_E10,3.6899999999999995,4.15e-06
Al_degrader_E10,3.75,3.8e-06
Al_degrader_E10,3.8099999999999996,5.25e-06
Al_degrader_E10,3.87,5.95e-06
Al_degrader_E10,3.9299999999999997,7.5e-06
Al_degrader_E10,3.9899999999999998,6.1e-06
Al_degrader_E10,4.05,8.25e-06
Al_degrader_E10,4.109999999999999,8.85e-06
Al_degrader_E10,4.17,1.15e-05
Al_degrader_E10,4.23,1.02e-05
Al_degrader_E10,4.29,1.325e-05
Al_degrader_E10,4.35,1.555e-05
Al_degrader_E10,4.41,1.745e-05
Al_degrader_E10,4.47,1.645e-05
Al_degrader_E10,4.529999999999999,2.12e-05
Al_degrader_E10,4.59,2.395e-05
Al_degrader_E10,4.65,2.465e-05
Al_degrader_E10,4.71,2.74e-05
Al_degrader_E10,4.77,3.335e-05
Al_degrader_E10,4.83,3.985e-05
Al_degrader_E10,4.89,3.905e-05
Al_degrader_E10,4.949999999999999,4.75e-05
Al_degrader_E10,5.01,5.345e-05
Al_degrader_E10,5.07,5.785e-05
Al_degrader_E10,5.13,6.51e-05
Al_degrader_E10,5.1899999999999995,7.4e-05
Al_degrader_E10,5.25,8.53e-05
Al_degrader_E10,5.31,9.22e-05
Al_degrader_E10,5.369999999999999,0.00010315
Al_degrader_E10,5.43,0.0001166
Al_degrader_E10,5.49,0.0001292
Al_degrader_E10,5.55,0.0001466
Al_degrader_E10,5.609999999999999,0.0001632
Al_degrader_E10,5.67,0.00018075
Al_degrader_E10,5.73,0.0002015
Al_degrader_E10,5.789999999999999,0.0002257
Al_degrader_E10,5.85,0.0002493
Al_degrader_E10,5.91,0.00027815
Al_degrader_E10,5.97,0.0003123
Al_degrader_E10,6.029999999999999,0.000341
Al_degrader_E10,6.09,0.00038385
Al_degrader_E10,6.15,0.00042995
Al_degrader_E10,6.21,0.000468
Al_degrader_E10,6.27,0.0005239
Al_degrader_E10,6.33,0.00058415
Al_degrader_E10,6.39,0.00063555
Al_degrader_E10,6.449999999999999,0.0007092
Al_degrader_E10,6.51,0.00078385
Al_degrader_E10,6.57,0.00085705
Al_degrader_E10,6.63,0.00094605
Al_degrader_E10,6.6899999999999995,0.00103345
Al_degrader_E10,6.75,0.00114045
Al_degrader_E10,6.81,0.0012435
Al_degrader_E10,6.869999999999999,0.0013624
Al_degrader_E10,6.93,0.00150305
Al_degrader_E10,6.99,0.00163355
Al_degrader_E10,7.05,0.0017774
Al_degrader_E10,7.109999999999999,0.0019544
Al_degrader_E10,7.17,0.00209945
Al_degrader_E10,7.2299999999999995,0.00230665
Al_degrader_E10,7.289999999999999,0.0024983
Al_degrader_E10,7.35,0.00269885
Al_degrader_E10,7.41,0.0029265
Al_degrader_E10,7.47,0.0031557
Al_degrader_E10,7.529999999999999,0.0034155
Al_degrader_E10,7.59,0.0036807
Al_degrader_E10,7.65,0.00396425
Al_degrader_E10,7.709999999999999,0.0042483
Al_degrader_E10,7.77,0.0045593
Al_degrader_E10,7.83,0.0048839
Al_degrader_E10,7.89,0.00524345
Al_degrader_E10,7.949999999999999,0.0055882
Al_degrader_E10,8.01,0.005955
Al_degrader_E10,8.07,0.00635955
Al_degrader_E10,8.129999999999999,0.0067387
Al_degrader_E10,8.19,0.00716795
Al_degrader_E10,8.25,0.007564
Al_degrader_E10,8.309999999999999,0.00803045
Al_degrader_E10,8.370000000000001,0.0084897
Al_degrader_E10,8.43,0.0088919
Al_degrader_E10,8.489999999999998,0.00940335
Al_degrader_E10,8.55,0.0098447
Al_degrader_E10,8.61,0.01035535
Al_degrader_E10,8.67,0.01081155
Al_degrader_E10,8.73,0.01132805
Al_degrader_E10,8.79,0.01178935
Al_degrader_E10,8.85,0.012278
Al_degrader_E10,8.91,0.0128064
Al_degrader_E10,8.969999999999999,0.01321295
Al_degrader_E10,9.030000000000001,0.01375345
Al_degrader_E10,9.09,0.0141761
Al_degrader_E10,9.149999999999999,0.014647
Al_degrader_E10,9.21,0.01509215
Al_degrader_E10,9.27,0.01551305
Al_degrader_E10,9.329999999999998,0.015898
Al_degrader_E10,9.39,0.0163178
Al_degrader_E10,9.45,0.016671
Al_degrader_E10,9.51,0.01702285
Al_degrader_E10,9.57,0.01733945
Al_degrader_E10,9.629999999999999,0.01760795
Al_degrader_E10,9.69,0.01793075
Al_degrader_E10,9.75,0.0180546
Al_degrader_E10,9.809999999999999,0.0183792
Al_degrader_E10,9.870000000000001,0.0184093
Al_degrader_E10,9.93,0.0186432
Al_degrader_E10,9.989999999999998,0.01861425
Al_degrader_E10,10.05,0.0187731
Al_degrader_E10,10.11,0.01867985
Al_degrader_E10,10.169999999999998,0.0187395
Al_degrader_E10,10.23,0.0185704
Al_degrader_E10,10.29,0.0185487
Al_degrader_E10,10.35,0.0183126
Al_degrader_E10,10.41,0.01819215
Al_degrader_E10,10.469999999999999,0.017876
Al_degrader_E10,10.53,0.01767245
Al_degrader_E10,10.59,0.0172704
Al_degrader_E10,10.649999999999999,0.0169795
Al_degrader_E10,10.71,0.01654315
Al_degrader_E10,10.77,0.0161697
Al_degrader_E10,10.829999999999998,0.015685
Al_degrader_E10,10.89,0.01524185
Al_degrader_E10,10.95,0.0147056
Al_degrader_E10,11.01,0.01420695
Al_degrader_E10,11.07,0.0136346
Al_degrader_E10,11.129999999999999,0.01309915
Al_degrader_E10,11.19,0.01251755
Al_degrader_E10,11.25,0.01193435
Al_degrader_E10,11.309999999999999,0.01132825
Al_degrader_E10,11.370000000000001,0.0107417
Al_degrader_E10,11.43,0.0101488
Al_degrader_E10,11.489999999999998,0.0095446
Al_degrader_E10,11.55,0.0089609
Al_degrader_E10,11.61,0.0083766
Al_degrader_E10,11.669999999999998,0.0078297
Al_degrader_E10,11.73,0.0072397
Al_degrader_E10,11.79,0.006728
Al_degrader_E10,11.85,0.006179
Al_degrader_E10,11.91,0.0057016
Al_degrader_E10,11.969999999999999,0.00520165
Al_degrader_E10,12.03,0.0047519
Al_degrader_E10,12.09,0.0043061
Al_degrader_E10,12.149999999999999,0.00390815
Al_degrader_E10,12.21,0.0035179
Al_degrader_E10,12.27,0.0031531
Al_degrader_E10,12.329999999999998,0.0028231
Al_degrader_E10,12.39,0.0025112
Al_degrader_E10,12.45,0.00222625
Al_degrader_E10,12.51,0.0019627
Al_degrader_E10,12.57,0.0017288
Al_degrader_E10,12.629999999999999,0.00150375
Al_degrader_E10,12.69,0.0013227
Al_degrader_E10,12.75,0.0011363
Al_degrader_E10,12.809999999999999,0.0009852
Al_degrader_E10,12.870000000000001,0.00085355
Al_degrader_E10,12.93,0.0007281
Al_degrader_E10,12.989999999999998,0.0006186
Al_degrader_E10,13.05,0.00052605
Al_degrader_E10,13.11,0.00044
Al_degrader_E10,13.169999999999998,0.00037105
Al_degrader_E10,13.23,0.0003109
Al_degrader_E10,13.29,0.00025465
Al_degrader_E10,13.35,0.00021295
Al_degrader_E10,13.41,0.0001727
Al_degrader_E10,13.469999999999999,0.0001424
Al_degrader_E10,13.53,0.00011765
Al_degrader_E10,13.59,9.515e-05
Al_degrader_E10,13.649999999999999,7.46e-05
Al_degrader_E10,13.71,6.04e-05
Al_degrader_E10,13.77,4.75e-05
Al_degrader_E10,13.829999999999998,3.95e-05
Al_degrader_E10,13.89,3.02e-05
Al_degrader_E10,13.95,2.25e-05
Al_degrader_E10,14.009999999999998,1.955e-05
Al_degrader_E10,14.07,1.465e-05
Al_degrader_E10,14.129999999999999,1.04e-05
Al_degrader_E10,14.19,9e-06
Al_degrader_E10,14.25,6.05e-06
Al_degrader_E10,14.309999999999999,4.4e-06
Al_degrader_E10,14.37,3.6e-06
Al_degrader_E10,14.43,2.05e-06
Al_degrader_E10,14.489999999999998,1.95e-06
Al_degrader_E10,14.55,1.3e-06
Al_degrader_E10,14.61,9e-07
Al_degrader_E10,14.669999999999998,3.5e-07
Al_degrader_E10,14.73,3.5e-07
Al_degrader_E10,14.79,3.5e-07
Al_degrader_E10,14.85,2e-07
Al_degrader_E10,14.91,1e-07
Al_degrader_E10,14.969999999999999,1e-07
Al_degrader_E10,15.03,5e-08
Ni14,0.03,1.4111111111111112e-05
Ni14,0.09,1.3333333333333334e-06
Ni14,0.15,3.3333333333333335e-07
Ni14,0.21,1e-06
Ni14,0.27,4.4444444444444444e-07
Ni14,0.32999999999999996,6.666666666666667e-07
Ni14,0.39,1e-06
Ni14,0.44999999999999996,5.555555555555555e-07
Ni14,0.51,7.777777777777778e-07
Ni14,0.5700000000000001,1.4444444444444445e-06
Ni14,0.6299999999999999,1.3333333333333334e-06
Ni14,0.69,7.777777777777778e-07
Ni14,0.75,1e-06
Ni14,0.81,1.111111111111111e-06
Ni14,0.8699999999999999,1.5555555555555556e-06
Ni14,0.9299999999999999,1.2222222222222221e-06
Ni14,0.99,2.5555555555555557e-06
Ni14,1.05,1.6666666666666667e-06
Ni14,1.1099999999999999,1.7777777777777777e-06
Ni14,1.17,1.7777777777777777e-06
Ni14,1.23,3.4444444444444444e-06
Ni14,1.29,1.7777777777777777e-06
Ni14,1.3499999999999999,3e-06
Ni14,1.41,2.777777777777778e-06
Ni14,1.47,2.777777777777778e-06
Ni14,1.53,4e-06
Ni14,1.5899999999999999,3.7777777777777777e-06
Ni14,1.65,4.444444444444444e-06
Ni14,1.71,3.888888888888889e-06
Ni14,1.77,4.222222222222222e-06
Ni14,1.8299999999999998,6.333333333333333e-06
Ni14,1.89,5.888888888888889e-06
Ni14,1.95,6.333333333333333e-06
Ni14,2.01,6e-06
Ni14,2.0700000000000003,8.888888888888888e-06
Ni14,2.13,8.444444444444444e-06
Ni14,2.19,9.888888888888889e-06
Ni14,2.25,9.11111111111111e-06
Ni14,2.3099999999999996,1.2555555555555555e-05
Ni14,2.37,1.2e-05
Ni14,2.4299999999999997,1.4e-05
Ni14,2.49,1.4777777777777778e-05
Ni14,2.55,1.6e-05
Ni14,2.61,2.0444444444444446e-05
Ni14,2.67,1.7666666666666668e-05
Ni14,2.7299999999999995,2.0555555555555555e-05
Ni14,2.79,2.5555555555555554e-05
Ni14,2.8499999999999996,2.5e-05
Ni14,2.91,2.8333333333333332e-05
Ni14,2.9699999999999998,3.2444444444444446e-05
Ni14,3.0300000000000002,3.7111111111111113e-05
Ni14,3.09,3.733333333333333e-05
Ni14,3.15,4.066666666666667e-05
Ni14,3.21,4.711111111111111e-05
Ni14,3.2699999999999996,4.977777777777778e-05
Ni14,3.33,5.5e-05
Ni14,3.3899999999999997,6.233333333333334e-05
Ni14,3.45,6.444444444444444e-05
Ni14,3.51,7.4e-05
Ni14,3.57,8.244444444444445e-05
Ni14,3.63,9.155555555555555e-05
Ni14,3.6899999999999995,0.00010211111111111111
Ni14,3.75,0.000112
Ni14,3.8099999999999996,0.000122
Ni14,3.87,0.00013433333333333334
Ni14,3.9299999999999997,0.000148
Ni14,3.9899999999999998,0.00015955555555555555
Ni14,4.05,0.0001838888888888889
Ni14,4.109999999999999,0.00020033333333333334
Ni14,4.17,0.00022055555555555554
Ni14,4.23,0.0002411111111111111
Ni14,4.29,0.00026566666666666666
Ni14,4.35,0.00029111111111111113
Ni14,4.41,0.0003247777777777778
Ni14,4.47,0.00035766666666666667
Ni14,4.529999999999999,0.00038444444444444447
Ni14,4.59,0.00043733333333333336
Ni14,4.65,0.00047244444444444444
Ni14,4.71,0.0005128888888888889
Ni14,4.77,0.0005716666666666667
Ni14,4.83,0.0006301111111111111
Ni14,4.89,0.0006891111111111112
Ni14,4.949999999999999,0.0007473333333333334
Ni14,5.01,0.0008242222222222222
Ni14,5.07,0.0008932222222222222
Ni14,5.13,0.0010022222222222223
Ni14,5.1899999999999995,0.0010795555555555556
Ni14,5.25,0.001183
Ni14,5.31,0.0012913333333333334
Ni14,5.369999999999999,0.0014202222222222222
Ni14,5.43,0.0015522222222222222
Ni14,5.49,0.0016844444444444444
Ni14,5.55,0.0018363333333333333
Ni14,5.609999999999999,0.0019974444444444445
Ni14,5.67,0.0021712222222222224
Ni14,5.73,0.002324111111111111
Ni14,5.789999999999999,0.0025514444444444443
Ni14,5.85,0.002739333333333333
Ni14,5.91,0.002977111111111111
Ni14,5.97,0.0032007777777777776
Ni14,6.029999999999999,0.0034815555555555554
Ni14,6.09,0.0037426666666666667
Ni14,6.15,0.004040444444444445
Ni14,6.21,0.004328888888888889
Ni14,6.27,0.004653333333333333
Ni14,6.33,0.004982888888888889
Ni14,6.39,0.0053445555555555555
Ni14,6.449999999999999,0.005712888888888889
Ni14,6.51,0.006098
Ni14,6.57,0.0065082222222222225
Ni14,6.63,0.006925
Ni14,6.6899999999999995,0.007346777777777778
Ni14,6.75,0.007866333333333333
Ni14,6.81,0.008309666666666667
Ni14,6.869999999999999,0.008811777777777778
Ni14,6.93,0.009287666666666666
Ni14,6.99,0.009803444444444444
Ni14,7.05,0.010338444444444445
Ni14,7.109999999999999,0.010892111111111111
Ni14,7.17,0.011399444444444445
Ni14,7.2299999999999995,0.011991888888888889
Ni14,7.289999999999999,0.012551666666666666
Ni14,7.35,0.013072
Ni14,7.41,0.013619444444444444
Ni14,7.47,0.014168777777777778
Ni14,7.529999999999999,0.014736555555555555
Ni14,7.59,0.015266222222222223
Ni14,7.65,0.01570688888888889
Ni14,7.709999999999999,0.016255
Ni14,7.77,0.016717444444444444
Ni14,7.83,0.017173777777777777
Ni14,7.89,0.01766888888888889
Ni14,7.949999999999999,0.017953333333333335
Ni14,8.01,0.018361555555555555
Ni14,8.07,0.01870288888888889
Ni14,8.129999999999999,0.01892422222222222
Ni14,8.19,0.019228111111111112
Ni14,8.25,0.019424777777777777
Ni14,8.309999999999999,0.019596333333333334
Ni14,8.370000000000001,0.019709333333333332
Ni14,8.43,0.01974722222222222
Ni14,8.489999999999998,0.019765
Ni14,8.55,0.019804444444444444
Ni14,8.61,0.01962488888888889
Ni14,8.67,0.019547666666666668
Ni14,8.73,0.019382555555555556
Ni14,8.79,0.019078444444444443
Ni14,8.85,0.018878555555555555
Ni14,8.91,0.018522888888888887
Ni14,8.969999999999999,0.018107777777777778
Ni14,9.030000000000001,0.017738
Ni14,9.09,0.017266888888888887
Ni14,9.149999999999999,0.01679422222222222
Ni14,9.21,0.016326777777777777
Ni14,9.27,0.01572288888888889
Ni14,9.329999999999998,0.015136555555555556
Ni14,9.39,0.014548888888888889
Ni14,9.45,0.013948666666666667
Ni14,9.51,0.013315444444444444
Ni14,9.57,0.012627666666666667
Ni14,9.629999999999999,0.011977666666666666
Ni14,9.69,0.011387333333333333
Ni14,9.75,0.010684444444444444
Ni14,9.809999999999999,0.01003088888888889
Ni14,9.870000000000001,0.009393333333333333
Ni14,9.93,0.008764666666666667
Ni14,9.989999999999998,0.008099444444444444
Ni14,10.05,0.007524
Ni14,10.11,0.006985333333333333
Ni14,10.169999999999998,0.006365222222222223
Ni14,10.23,0.005858777777777778
Ni14,10.29,0.005339
Ni14,10.35,0.004886111111111111
Ni14,10.41,0.004380888888888889
Ni14,10.469999999999999,0.003998777777777778
Ni14,10.53,0.003564111111111111
Ni14,10.59,0.003217111111111111
Ni14,10.649999999999999,0.002855222222222222
Ni14,10.71,0.0025643333333333334
Ni14,10.77,0.0022655555555555554
Ni14,10.829999999999998,0.0020043333333333332
Ni14,10.89,0.001748
Ni14,10.95,0.0015516666666666667
Ni14,11.01,0.0013433333333333333
Ni14,11.07,0.0011624444444444445
Ni14,11.129999999999999,0.001012
Ni14,11.19,0.0008701111111111111
Ni14,11.25,0.0007397777777777778
Ni14,11.309999999999999,0.0006257777777777777
Ni14,11.370000000000001,0.000535
Ni14,11.43,0.0004584444444444444
Ni14,11.489999999999998,0.00038722222222222223
Ni14,11.55,0.0003208888888888889
Ni14,11.61,0.00026944444444444444
Ni14,11.669999999999998,0.0002221111111111111
Ni14,11.73,0.00018633333333333333
Ni14,11.79,0.00015177777777777778
Ni14,11.85,0.0001287777777777778
Ni14,11.91,9.877777777777778e-05
Ni14,11.969999999999999,8.444444444444444e-05
Ni14,12.03,6.922222222222223e-05
Ni14,12.09,5.477777777777778e-05
Ni14,12.149999999999999,4.422222222222222e-05
Ni14,12.21,3.655555555555556e-05
Ni14,12.27,2.711111111111111e-05
Ni14,12.329999999999998,2.3e-05
Ni14,12.39,1.577777777777778e-05
Ni14,12.45,1.2888888888888889e-05
Ni14,12.51,9.11111111111111e-06
Ni14,12.57,6.777777777777778e-06
Ni14,12.629999999999999,6.222222222222222e-06
Ni14,12.69,4.111111111111111e-06
Ni14,12.75,3.2222222222222222e-06
Ni14,12.809999999999999,1.6666666666666667e-06
Ni14,12.870000000000001,1.111111111111111e-06
Ni14,12.93,1.111111111111111e-06
Ni14,12.989999999999998,8.888888888888889e-07
Ni14,13.05,6.666666666666667e-07
Ni14,13.11,3.3333333333333335e-07
Ni14,13.169999999999998,2.2222222222222222e-07
Ni14,13.23,1.1111111111111111e-07
Ni14,13.29,1.1111111111111111e-07
Sn14,0.03,5.5e-05
Sn14,0.09,3e-06
Sn14,0.15,3e-06
Sn14,0.21,5e-06
Sn14,0.27,2.333333333333333e-06
Sn14,0.32999999999999996,2e-06
Sn14,0.39,3.3333333333333333e-06
Sn14,0.44999999999999996,4e-06
Sn14,0.51,3.3333333333333333e-06
Sn14,0.5700000000000001,3.3333333333333333e-06
Sn14,0.6299999999999999,4.333333333333333e-06
Sn14,0.69,3e-06
Sn14,0.75,3.3333333333333333e-06
Sn14,0.81,4e-06
Sn14,0.8699999999999999,7e-06
Sn14,0.9299999999999999,4.333333333333333e-06
Sn14,0.99,7e-06
Sn14,1.05,5e-06
Sn14,1.1099999999999999,5.666666666666667e-06
Sn14,1.17,6e-06
Sn14,1.23,8.333333333333334e-06
Sn14,1.29,1.0333333333333333e-05
Sn14,1.3499999999999999,7.666666666666667e-06
Sn14,1.41,1.1666666666666666e-05
Sn14,1.47,9.333333333333333e-06
Sn14,1.53,1.0666666666666667e-05
Sn14,1.5899999999999999,1.3666666666666667e-05
Sn14,1.65,1.4666666666666666e-05
Sn14,1.71,1.9e-05
Sn14,1.77,1.4666666666666666e-05
Sn14,1.8299999999999998,1.7e-05
Sn14,1.89,2.4e-05
Sn14,1.95,2.3333333333333332e-05
Sn14,2.01,2.3666666666666668e-05
Sn14,2.0700000000000003,2.5666666666666666e-05
Sn14,2.13,2.7e-05
Sn14,2.19,3.3e-05
Sn14,2.25,2.9333333333333333e-05
Sn14,2.3099999999999996,3.233333333333333e-05
Sn14,2.37,3.8e-05
Sn14,2.4299999999999997,4.3333333333333334e-05
Sn14,2.49,4.7333333333333336e-05
Sn14,2.55,4.4666666666666664e-05
Sn14,2.61,6.166666666666667e-05
Sn14,2.67,6.2e-05
Sn14,2.7299999999999995,6.266666666666667e-05
Sn14,2.79,6.9e-05
Sn14,2.8499999999999996,8.1e-05
Sn14,2.91,8.7e-05
Sn14,2.9699999999999998,8.833333333333333e-05
Sn14,3.0300000000000002,0.00010033333333333334
Sn14,3.09,0.00010466666666666667
Sn14,3.15,0.000116
Sn14,3.21,0.00012333333333333334
Sn14,3.2699999999999996,0.00015066666666666668
Sn14,3.33,0.000159
Sn14,3.3899999999999997,0.00018366666666666667
Sn14,3.45,0.00018966666666666668
Sn14,3.51,0.00021266666666666667
Sn14,3.57,0.000233
Sn14,3.63,0.00026366666666666666
Sn14,3.6899999999999995,0.000268
Sn14,3.75,0.00030966666666666664
Sn14,3.8099999999999996,0.000324
Sn14,3.87,0.000366
Sn14,3.9299999999999997,0.0003916666666666667
Sn14,3.9899999999999998,0.00043
Sn14,4.05,0.000467
Sn14,4.109999999999999,0.0005153333333333334
Sn14,4.17,0.0005746666666666667
Sn14,4.23,0.0006013333333333334
Sn14,4.29,0.0006686666666666667
Sn14,4.35,0.000717
Sn14,4.41,0.0007933333333333333
Sn14,4.47,0.000884
Sn14,4.529999999999999,0.0009316666666666667
Sn14,4.59,0.0010166666666666666
Sn14,4.65,0.0011116666666666666
Sn14,4.71,0.0012033333333333334
Sn14,4.77,0.0013123333333333333
Sn14,4.83,0.00145
Sn14,4.89,0.0015673333333333333
Sn14,4.949999999999999,0.0017053333333333334
Sn14,5.01,0.0018596666666666666
Sn14,5.07,0.0019876666666666667
Sn14,5.13,0.002204
Sn14,5.1899999999999995,0.002351666666666667
Sn14,5.25,0.002554
Sn14,5.31,0.002723
Sn14,5.369999999999999,0.0029546666666666666
Sn14,5.43,0.0031763333333333335
Sn14,5.49,0.0033463333333333335
Sn14,5.55,0.0036463333333333335
Sn14,5.609999999999999,0.0038746666666666665
Sn14,5.67,0.004165
Sn14,5.73,0.004443333333333333
Sn14,5.789999999999999,0.004796666666666667
Sn14,5.85,0.005181666666666667
Sn14,5.91,0.005474666666666667
Sn14,5.97,0.005905333333333334
Sn14,6.029999999999999,0.006233333333333333
Sn14,6.09,0.006685333333333333
Sn14,6.15,0.006993
Sn14,6.21,0.007489333333333333
Sn14,6.27,0.00788
Sn14,6.33,0.008348
Sn14,6.39,0.008868666666666667
Sn14,6.449999999999999,0.009291
Sn14,6.51,0.009815
Sn14,6.57,0.010349
Sn14,6.63,0.010788666666666667
Sn14,6.6899999999999995,0.011351
Sn14,6.75,0.011778333333333333
Sn14,6.81,0.012396666666666667
Sn14,6.869999999999999,0.012886
Sn14,6.93,0.013462
Sn14,6.99,0.013992
Sn14,7.05,0.014566
Sn14,7.109999999999999,0.015067
Sn14,7.17,0.015556666666666667
Sn14,7.2299999999999995,0.01588233333333333
Sn14,7.289999999999999,0.016508333333333333
Sn14,7.35,0.016685
Sn14,7.41,0.017220333333333334
Sn14,7.47,0.017581333333333334
Sn14,7.529999999999999,0.017867666666666667
Sn14,7.59,0.018272666666666666
Sn14,7.65,0.018509
Sn14,7.709999999999999,0.018757333333333334
Sn14,7.77,0.019025333333333335
Sn14,7.83,0.019061
Sn14,7.89,0.01920933333333333
Sn14,7.949999999999999,0.019325
Sn14,8.01,0.019372
Sn14,8.07,0.019383
Sn14,8.129999999999999,0.019229666666666666
Sn14,8.19,0.019161666666666667
Sn14,8.25,0.018936333333333333
Sn14,8.309999999999999,0.01874
Sn14,8.370000000000001,0.018467333333333332
Sn14,8.43,0.018123333333333335
Sn14,8.489999999999998,0.017872
Sn14,8.55,0.017501
Sn14,8.61,0.017007
Sn14,8.67,0.016753333333333332
Sn14,8.73,0.015975333333333334
Sn14,8.79,0.015658333333333333
Sn14,8.85,0.015020333333333333
Sn14,8.91,0.014451333333333333
Sn14,8.969999999999999,0.014015
Sn14,9.030000000000001,0.013364333333333334
Sn14,9.09,0.012734333333333334
Sn14,9.149999999999999,0.011982
Sn14,9.21,0.011407
Sn14,9.27,0.010761333333333333
Sn14,9.329999999999998,0.010188
Sn14,9.39,0.009505
Sn14,9.45,0.008937333333333334
Sn14,9.51,0.008359333333333333
Sn14,9.57,0.007739
Sn14,9.629999999999999,0.007184
Sn14,9.69,0.006634666666666666
Sn14,9.75,0.006032333333333333
Sn14,9.809999999999999,0.005579333333333334
Sn14,9.870000000000001,0.0050093333333333335
Sn14,9.93,0.004579333333333334
Sn14,9.989999999999998,0.004138333333333333
Sn14,10.05,0.0037546666666666666
Sn14,10.11,0.0034616666666666667
Sn14,10.169999999999998,0.0030323333333333335
Sn14,10.23,0.0027576666666666665
Sn14,10.29,0.002444
Sn14,10.35,0.002167333333333333
Sn14,10.41,0.0019013333333333334
Sn14,10.469999999999999,0.0016903333333333334
Sn14,10.53,0.0014616666666666667
Sn14,10.59,0.0012946666666666666
Sn14,10.649999999999999,0.0011126666666666668
Sn14,10.71,0.0009486666666666667
Sn14,10.77,0.0008066666666666667
Sn14,10.829999999999998,0.0007086666666666667
Sn14,10.89,0.000623
Sn14,10.95,0.0005243333333333334
Sn14,11.01,0.00044733333333333333
Sn14,11.07,0.00036666666666666667
Sn14,11.129999999999999,0.000306
Sn14,11.19,0.00025866666666666665
Sn14,11.25,0.000219
Sn14,11.309999999999999,0.00016933333333333332
Sn14,11.370000000000001,0.00014566666666666667
Sn14,11.43,0.00012333333333333334
Sn14,11.489999999999998,0.00010366666666666666
Sn14,11.55,8.2e-05
Sn14,11.61,6.966666666666666e-05
Sn14,11.669999999999998,5.766666666666667e-05
Sn14,11.73,4.633333333333333e-05
Sn14,11.79,3.566666666666667e-05
Sn14,11.85,2.6e-05
Sn14,11.91,1.9666666666666666e-05
Sn14,11.969999999999999,1.7e-05
Sn14,12.03,1.0666666666666667e-05
Sn14,12.09,1.2e-05
Sn14,12.149999999999999,8.666666666666666e-06
Sn14,12.21,6e-06
Sn14,12.27,6.666666666666667e-07
Sn14,12.329999999999998,2.333333333333333e-06
Sn14,12.39,2e-06
Sn14,12.45,1.6666666666666667e-06
Sn14,12.51,1.6666666666666667e-06
Sn14,12.57,1.3333333333333334e-06
Sn14,12.629999999999999,3.3333333333333335e-07
Sn14,12.69,3.3333333333333335e-07
Sn14,12.75,3.3333333333333335e-07
Ta14,0.03,0.000188125
Ta14,0.09,1.3125e-05
Ta14,0.15,1.225e-05
Ta14,0.21,7.625e-06
Ta14,0.27,6.375e-06
Ta14,0.32999999999999996,8.375e-06
Ta14,0.39,9.5e-06
Ta14,0.44999999999999996,7.375e-06
Ta14,0.51,9.625e-06
Ta14,0.5700000000000001,1.2e-05
Ta14,0.6299999999999999,1.05e-05
Ta14,0.69,1.3125e-05
Ta14,0.75,1.3375e-05
Ta14,0.81,1.2625e-05
Ta14,0.8699999999999999,1.7125e-05
Ta14,0.9299999999999999,1.65e-05
Ta14,0.99,1.95e-05
Ta14,1.05,1.95e-05
Ta14,1.1099999999999999,2.1375e-05
Ta14,1.17,2.2375e-05
Ta14,1.23,2.6875e-05
Ta14,1.29,2.7125e-05
Ta14,1.3499999999999999,3.0125e-05
Ta14,1.41,3.075e-05
Ta14,1.47,3.5375e-05
Ta14,1.53,3.525e-05
Ta14,1.5899999999999999,3.8125e-05
Ta14,1.65,4.5125e-05
Ta14,1.71,4.3875e-05
Ta14,1.77,4.9625e-05
Ta14,1.8299999999999998,5.0125e-05
Ta14,1.89,5.725e-05
Ta14,1.95,6e-05
Ta14,2.01,6.625e-05
Ta14,2.0700000000000003,7.0125e-05
Ta14,2.13,7.9875e-05
Ta14,2.19,8.6e-05
Ta14,2.25,9.1125e-05
Ta14,2.3099999999999996,0.000104125
Ta14,2.37,0.00010775
Ta14,2.4299999999999997,0.000117375
Ta14,2.49,0.000131
Ta14,2.55,0.000135
Ta14,2.61,0.000149375
Ta14,2.67,0.00016475
Ta14,2.7299999999999995,0.000177625
Ta14,2.79,0.000192875
Ta14,2.8499999999999996,0.000207625
Ta14,2.91,0.000226625
Ta14,2.9699999999999998,0.000246
Ta14,3.0300000000000002,0.000263875
Ta14,3.09,0.0002885
Ta14,3.15,0.000312875
Ta14,3.21,0.0003475
Ta14,3.2699999999999996,0.000369125
Ta14,3.33,0.000398625
Ta14,3.3899999999999997,0.000441375
Ta14,3.45,0.000463875
Ta14,3.51,0.000504875
Ta14,3.57,0.000547625
Ta14,3.63,0.000609375
Ta14,3.6899999999999995,0.000637875
Ta14,3.75,0.00070725
Ta14,3.8099999999999996,0.00075775
Ta14,3.87,0.00081975
Ta14,3.9299999999999997,0.000890375
Ta14,3.9899999999999998,0.0009655
Ta14,4.05,0.001043875
Ta14,4.109999999999999,0.00113
Ta14,4.17,0.0012235
Ta14,4.23,0.001319875
Ta14,4.29,0.00143875
Ta14,4.35,0.001539
Ta14,4.41,0.00167475
Ta14,4.47,0.001797125
Ta14,4.529999999999999,0.001934125
Ta14,4.59,0.00208975
Ta14,4.65,0.00223525
Ta14,4.71,0.002395125
Ta14,4.77,0.002582875
Ta14,4.83,0.002761
Ta14,4.89,0.002972625
Ta14,4.949999999999999,0.00316075
Ta14,5.01,0.003391375
Ta14,5.07,0.003647
Ta14,5.13,0.003863375
Ta14,5.1899999999999995,0.00415075
Ta14,5.25,0.004402125
Ta14,5.31,0.004693875
Ta14,5.369999999999999,0.005009375
Ta14,5.43,0.00531725
Ta14,5.49,0.0056545
Ta14,5.55,0.006007625
Ta14,5.609999999999999,0.006343
Ta14,5.67,0.006730625
Ta14,5.73,0.00713025
Ta14,5.789999999999999,0.007544875
Ta14,5.85,0.0079305
Ta14,5.91,0.0083725
Ta14,5.97,0.008756625
Ta14,6.029999999999999,0.0092065
Ta14,6.09,0.009697125
Ta14,6.15,0.010112
Ta14,6.21,0.01065675
Ta14,6.27,0.011055625
Ta14,6.33,0.01158425
Ta14,6.39,0.012097375
Ta14,6.449999999999999,0.01252025
Ta14,6.51,0.013033875
Ta14,6.57,0.01346825
Ta14,6.63,0.0139515
Ta14,6.6899999999999995,0.014391125
Ta14,6.75,0.01485025
Ta14,6.81,0.015310625
Ta14,6.869999999999999,0.015701
Ta14,6.93,0.016073875
Ta14,6.99,0.016418
Ta14,7.05,0.016822125
Ta14,7.109999999999999,0.017114375
Ta14,7.17,0.01732975
Ta14,7.2299999999999995,0.0176905
Ta14,7.289999999999999,0.01786675
Ta14,7.35,0.018075
Ta14,7.41,0.018302125
Ta14,7.47,0.018390375
Ta14,7.529999999999999,0.01843
Ta14,7.59,0.01849
Ta14,7.65,0.018571
Ta14,7.709999999999999,0.01842125
Ta14,7.77,0.01839
Ta14,7.83,0.01827325
Ta14,7.89,0.01813375
Ta14,7.949999999999999,0.017875
Ta14,8.01,0.017641125
Ta14,8.07,0.017398625
Ta14,8.129999999999999,0.0170345
Ta14,8.19,0.016641875
Ta14,8.25,0.016304625
Ta14,8.309999999999999,0.015926625
Ta14,8.370000000000001,0.01542125
Ta14,8.43,0.01496425
Ta14,8.489999999999998,0.01447275
Ta14,8.55,0.013969375
Ta14,8.61,0.013389125
Ta14,8.67,0.01282475
Ta14,8.73,0.012237375
Ta14,8.79,0.011740125
Ta14,8.85,0.0111405
Ta14,8.91,0.010504
Ta14,8.969999999999999,0.00994425
Ta14,9.030000000000001,0.009369625
Ta14,9.09,0.008779
Ta14,9.149999999999999,0.00821575
Ta14,9.21,0.007659125
Ta14,9.27,0.007153
Ta14,9.329999999999998,0.006598375
Ta14,9.39,0.006080875
Ta14,9.45,0.005614125
Ta14,9.51,0.005136125
Ta14,9.57,0.00472125
Ta14,9.629999999999999,0.00428575
Ta14,9.69,0.0038785
Ta14,9.75,0.00352025
Ta14,9.809999999999999,0.003171
Ta14,9.870000000000001,0.002877375
Ta14,9.93,0.002582625
Ta14,9.989999999999998,0.002303
Ta14,10.05,0.002045625
Ta14,10.11,0.001811
Ta14,10.169999999999998,0.001604375
Ta14,10.23,0.001405
Ta14,10.29,0.001224875
Ta14,10.35,0.00107075
Ta14,10.41,0.000937875
Ta14,10.469999999999999,0.000804
Ta14,10.53,0.0006945
Ta14,10.59,0.0006025
Ta14,10.649999999999999,0.000502625
Ta14,10.71,0.000435625
Ta14,10.77,0.0003675
Ta14,10.829999999999998,0.00031625
Ta14,10.89,0.000264625
Ta14,10.95,0.000217625
Ta14,11.01,0.000182
Ta14,11.07,0.000149625
Ta14,11.129999999999999,0.000129125
Ta14,11.19,0.000105625
Ta14,11.25,8.525e-05
Ta14,11.309999999999999,7.1625e-05
Ta14,11.370000000000001,5.875e-05
Ta14,11.43,4.675e-05
Ta14,11.489999999999998,3.925e-05
Ta14,11.55,2.9e-05
Ta14,11.61,2.4875e-05
Ta14,11.669999999999998,1.8625e-05
Ta14,11.73,1.3625e-05
Ta14,11.79,1.1125e-05
Ta14,11.85,8.125e-06
Ta14,11.91,6.5e-06
Ta14,11.969999999999999,5.5e-06
Ta14,12.03,3.5e-06
Ta14,12.09,2.5e-06
Ta14,12.149999999999999,1.375e-06
Ta14,12.21,1.125e-06
Ta14,12.27,1e-06
Ta14,12.329999999999998,8.75e-07
Ta14,12.39,6.25e-07
Ta14,12.45,3.75e-07
Ta14,12.51,2.5e-07
Ta14,12.57,1.25e-07
Cu14,0.03,0.0013117272727272728
Cu14,0.09,7.081818181818182e-05
Cu14,0.15,6.627272727272728e-05
Cu14,0.21,4.745454545454545e-05
Cu14,0.27,4.045454545454545e-05
Cu14,0.32999999999999996,4.109090909090909e-05
Cu14,0.39,4.290909090909091e-05
Cu14,0.44999999999999996,4.872727272727273e-05
Cu14,0.51,5.718181818181818e-05
Cu14,0.5700000000000001,5.709090909090909e-05
Cu14,0.6299999999999999,6.309090909090909e-05
Cu14,0.69,6.154545454545455e-05
Cu14,0.75,6.90909090909091e-05
Cu14,0.81,8.2e-05
Cu14,0.8699999999999999,8.227272727272727e-05
Cu14,0.9299999999999999,8.972727272727272e-05
Cu14,0.99,9e-05
Cu14,1.05,0.00010409090909090909
Cu14,1.1099999999999999,0.00011427272727272728
Cu14,1.17,0.00011663636363636364
Cu14,1.23,0.0001250909090909091
Cu14,1.29,0.0001319090909090909
Cu14,1.3499999999999999,0.00014881818181818182
Cu14,1.41,0.00015254545454545455
Cu14,1.47,0.00016218181818181818
Cu14,1.53,0.0001749090909090909
Cu14,1.5899999999999999,0.00019381818181818183
Cu14,1.65,0.00019763636363636365
Cu14,1.71,0.00021472727272727274
Cu14,1.77,0.00023754545454545456
Cu14,1.8299999999999998,0.00024436363636363636
Cu14,1.89,0.00026845454545454546
Cu14,1.95,0.0002856363636363636
Cu14,2.01,0.0003048181818181818
Cu14,2.0700000000000003,0.0003242727272727273
Cu14,2.13,0.0003511818181818182
Cu14,2.19,0.00037427272727272727
Cu14,2.25,0.00040327272727272727
Cu14,2.3099999999999996,0.00042472727272727275
Cu14,2.37,0.0004584545454545455
Cu14,2.4299999999999997,0.0004911818181818182
Cu14,2.49,0.0005248181818181819
Cu14,2.55,0.0005598181818181818
Cu14,2.61,0.0005935454545454546
Cu14,2.67,0.0006564545454545455
Cu14,2.7299999999999995,0.000697
Cu14,2.79,0.0007424545454545455
Cu14,2.8499999999999996,0.0007944545454545455
Cu14,2.91,0.0008534545454545455
Cu14,2.9699999999999998,0.0009134545454545454
Cu14,3.0300000000000002,0.0009695454545454546
Cu14,3.09,0.0010571818181818182
Cu14,3.15,0.0011215454545454545
Cu14,3.21,0.001209909090909091
Cu14,3.2699999999999996,0.0012753636363636363
Cu14,3.33,0.0013728181818181819
Cu14,3.3899999999999997,0.0014671818181818182
Cu14,3.45,0.0015664545454545454
Cu14,3.51,0.0016727272727272728
Cu14,3.57,0.0017785454545454545
Cu14,3.63,0.0018957272727272727
Cu14,3.6899999999999995,0.002028272727272727
Cu14,3.75,0.002158818181818182
Cu14,3.8099999999999996,0.0023046363636363637
Cu14,3.87,0.0024413636363636365
Cu14,3.9299999999999997,0.002614
Cu14,3.9899999999999998,0.0027705454545454544
Cu14,4.05,0.002972818181818182
Cu14,4.109999999999999,0.0031299090909090907
Cu14,4.17,0.0033451818181818183
Cu14,4.23,0.0035344545454545455
Cu14,4.29,0.003749363636363636
Cu14,4.35,0.0039939090909090905
Cu14,4.41,0.004181909090909091
Cu14,4.47,0.004485454545454545
Cu14,4.529999999999999,0.004694727272727273
Cu14,4.59,0.004989363636363636
Cu14,4.65,0.005253636363636364
Cu14,4.71,0.005556636363636363
Cu14,4.77,0.005879090909090909
Cu14,4.83,0.006164181818181818
Cu14,4.89,0.006505818181818182
Cu14,4.949999999999999,0.006855363636363636
Cu14,5.01,0.007181363636363637
Cu14,5.07,0.007540363636363637
Cu14,5.13,0.007888272727272726
Cu14,5.1899999999999995,0.008254272727272726
Cu14,5.25,0.008658
Cu14,5.31,0.009026454545454546
Cu14,5.369999999999999,0.00946209090909091
Cu14,5.43,0.009845363636363636
Cu14,5.49,0.010239727272727272
Cu14,5.55,0.010723454545454545
Cu14,5.609999999999999,0.011065727272727272
Cu14,5.67,0.011480545454545455
Cu14,5.73,0.011954727272727273
Cu14,5.789999999999999,0.012303272727272727
Cu14,5.85,0.012693636363636364
Cu14,5.91,0.013149363636363636
Cu14,5.97,0.013498
Cu14,6.029999999999999,0.013898545454545455
Cu14,6.09,0.014284909090909091
Cu14,6.15,0.014624636363636364
Cu14,6.21,0.014986181818181819
Cu14,6.27,0.015300636363636363
Cu14,6.33,0.015622
Cu14,6.39,0.015867545454545454
Cu14,6.449999999999999,0.016132454545454547
Cu14,6.51,0.016354727272727274
Cu14,6.57,0.016610636363636362
Cu14,6.63,0.016812272727272728
Cu14,6.6899999999999995,0.016987363636363637
Cu14,6.75,0.01704
Cu14,6.81,0.017183545454545455
Cu14,6.869999999999999,0.017270545454545455
Cu14,6.93,0.017293545454545454
Cu14,6.99,0.017245727272727274
Cu14,7.05,0.017238363636363635
Cu14,7.109999999999999,0.017201636363636363
Cu14,7.17,0.017083636363636363
Cu14,7.2299999999999995,0.016940545454545455
Cu14,7.289999999999999,0.016742363636363635
Cu14,7.35,0.01655709090909091
Cu14,7.41,0.016342636363636365
Cu14,7.47,0.016032
Cu14,7.529999999999999,0.01572309090909091
Cu14,7.59,0.015373818181818181
Cu14,7.65,0.015073363636363636
Cu14,7.709999999999999,0.014664454545454545
Cu14,7.77,0.01429609090909091
Cu14,7.83,0.013856727272727272
Cu14,7.89,0.013371181818181819
Cu14,7.949999999999999,0.012909454545454545
Cu14,8.01,0.012453636363636363
Cu14,8.07,0.011929
Cu14,8.129999999999999,0.011427909090909091
Cu14,8.19,0.010904545454545455
Cu14,8.25,0.01042609090909091
Cu14,8.309999999999999,0.009888636363636363
Cu14,8.370000000000001,0.009363818181818181
Cu14,8.43,0.00885490909090909
Cu14,8.489999999999998,0.008318636363636363
Cu14,8.55,0.007819818181818181
Cu14,8.61,0.007314454545454546
Cu14,8.67,0.006815909090909091
Cu14,8.73,0.006362454545454545
Cu14,8.79,0.005913181818181818
Cu14,8.85,0.0054579090909090905
Cu14,8.91,0.005033818181818182
Cu14,8.969999999999999,0.004633181818181818
Cu14,9.030000000000001,0.004237909090909091
Cu14,9.09,0.003878
Cu14,9.149999999999999,0.003530818181818182
Cu14,9.21,0.003199181818181818
Cu14,9.27,0.002903181818181818
Cu14,9.329999999999998,0.0026261818181818183
Cu14,9.39,0.002369181818181818
Cu14,9.45,0.0021222727272727274
Cu14,9.51,0.0018975454545454545
Cu14,9.57,0.0016882727272727273
Cu14,9.629999999999999,0.0014987272727272727
Cu14,9.69,0.0013232727272727272
Cu14,9.75,0.0011615454545454546
Cu14,9.809999999999999,0.0010207272727272728
Cu14,9.870000000000001,0.0008919090909090909
Cu14,9.93,0.0007769090909090909
Cu14,9.989999999999998,0.000671090909090909
Cu14,10.05,0.0005801818181818182
Cu14,10.11,0.0004992727272727273
Cu14,10.169999999999998,0.00042818181818181817
Cu14,10.23,0.0003669090909090909
Cu14,10.29,0.00031218181818181817
Cu14,10.35,0.0002685454545454545
Cu14,10.41,0.00022463636363636362
Cu14,10.469999999999999,0.00018709090909090908
Cu14,10.53,0.00015518181818181817
Cu14,10.59,0.00013236363636363635
Cu14,10.649999999999999,0.00011018181818181818
Cu14,10.71,9.109090909090909e-05
Cu14,10.77,7.572727272727273e-05
Cu14,10.829999999999998,6.254545454545454e-05
Cu14,10.89,5.181818181818182e-05
Cu14,10.95,4.118181818181818e-05
Cu14,11.01,3.4454545454545455e-05
Cu14,11.07,2.790909090909091e-05
Cu14,11.129999999999999,2.2272727272727274e-05
Cu14,11.19,1.590909090909091e-05
Cu14,11.25,1.3181818181818183e-05
Cu14,11.309999999999999,9.727272727272727e-06
Cu14,11.370000000000001,7.454545454545455e-06
Cu14,11.43,6e-06
Cu14,11.489999999999998,5.090909090909091e-06
Cu14,11.55,3.5454545454545454e-06
Cu14,11.61,2.3636363636363636e-06
Cu14,11.669999999999998,1.2727272727272728e-06
Cu14,11.73,1.1818181818181818e-06
Cu14,11.79,1.090909090909091e-06
Cu14,11.85,8.181818181818182e-07
Cu14,11.91,6.363636363636364e-07
Cu14,11.969999999999999,4.545454545454545e-07
Cu14,12.03,1.8181818181818183e-07
Cu14,12.09,9.090909090909091e-08
Cu14,12.149999999999999,9.090909090909091e-08
