name,energy,flux
Ni08,27.509999999999998,3.3333333333333335e-07
Ni08,27.57,0.0
Ni08,27.63,0.0
Ni08,27.689999999999998,2.333333333333333e-06
Ni08,27.75,1.6666666666666667e-06
Ni08,27.81,3.6666666666666666e-06
Ni08,27.869999999999997,6e-06
Ni08,27.93,1e-05
Ni08,27.99,1.7666666666666668e-05
Ni08,28.049999999999997,2.9e-05
Ni08,28.11,4.766666666666667e-05
Ni08,28.17,8.166666666666667e-05
Ni08,28.229999999999997,0.00012566666666666667
Ni08,28.29,0.00019566666666666666
Ni08,28.35,0.0003
Ni08,28.409999999999997,0.00046333333333333334
Ni08,28.47,0.000646
Ni08,28.53,0.0009683333333333333
Ni08,28.589999999999996,0.001323
Ni08,28.65,0.0019013333333333334
Ni08,28.71,0.0025746666666666665
Ni08,28.769999999999996,0.0034386666666666667
Ni08,28.83,0.004717666666666667
Ni08,28.89,0.006098333333333333
Ni08,28.95,0.007856666666666666
Ni08,29.009999999999998,0.010085666666666666
Ni08,29.07,0.012475
Ni08,29.13,0.015523666666666667
Ni08,29.189999999999998,0.018634333333333333
Ni08,29.25,0.022292666666666665
Ni08,29.31,0.025943666666666667
Ni08,29.369999999999997,0.029976666666666665
Ni08,29.43,0.033957666666666664
Ni08,29.49,0.037733
Ni08,29.549999999999997,0.04148433333333333
Ni08,29.61,0.044372666666666664
Ni08,29.67,0.047378333333333335
Ni08,29.729999999999997,0.049265333333333335
Ni08,29.79,0.05060033333333333
Ni08,29.85,0.05112666666666667
Ni08,29.909999999999997,0.050503
Ni08,29.97,0.04967
Ni08,30.03,0.047696
Ni08,30.089999999999996,0.04510566666666667
Ni08,30.15,0.04210333333333333
Ni08,30.21,0.03820233333333333
Ni08,30.269999999999996,0.034722666666666666
Ni08,30.33,0.030601666666666666
Ni08,30.39,0.026664666666666666
Ni08,30.45,0.022885333333333334
Ni08,30.509999999999998,0.019133333333333332
Ni08,30.57,0.015943666666666665
Ni08,30.63,0.013015
Ni08,30.689999999999998,0.010342333333333334
Ni08,30.75,0.008144
Ni08,30.81,0.006325333333333333
Ni08,30.869999999999997,0.004789666666666667
Ni08,30.93,0.0036103333333333334
Ni08,30.99,0.0026726666666666665
Ni08,31.049999999999997,0.0019103333333333333
Ni08,31.11,0.001394
Ni08,31.17,0.0009696666666666666
Ni08,31.229999999999997,0.0006503333333333334
Ni08,31.29,0.00045066666666666665
Ni08,31.35,0.00029866666666666664
Ni08,31.409999999999997,0.00019633333333333333
Ni08,31.47,0.00012866666666666666
Ni08,31.53,8.566666666666667e-05
Ni08,31.589999999999996,5.2333333333333336e-05
Ni08,31.65,2.7666666666666667e-05
Ni08,31.71,1.633333333333333e-05
Ni08,31.769999999999996,1.3333333333333333e-05
Ni08,31.83,4.333333333333333e-06
Ni08,31.89,4.666666666666666e-06
Ni08,31.95,2e-06
Ni08,32.01,1.3333333333333334e-06
Ni08,32.07,1.6666666666666667e-06
Ni08,32.129999999999995,6.666666666666667e-07
Ni08,32.19,3.3333333333333335e-07
Ni08,32.25,3.3333333333333335e-07
Ni08,32.31,0.0
Ni08,32.37,3.3333333333333335e-07
Sn08,27.45,3.3333333333333335e-07
Sn08,27.509999999999998,6.666666666666667e-07
Sn08,27.57,6.666666666666667e-07
Sn08,27.63,4e-06
Sn08,27.689999999999998,5.666666666666667e-06
Sn08,27.75,7.333333333333333e-06
Sn08,27.81,9.666666666666667e-06
Sn08,27.869999999999997,1.9666666666666666e-05
Sn08,27.93,3.8e-05
Sn08,27.99,5.833333333333333e-05
Sn08,28.049999999999997,0.00010066666666666667
Sn08,28.11,0.00014866666666666666
Sn08,28.17,0.0002573333333333333
Sn08,28.229999999999997,0.000377
Sn08,28.29,0.0005526666666666667
Sn08,28.35,0.0008293333333333333
Sn08,28.409999999999997,0.001203
Sn08,28.47,0.0016843333333333333
Sn08,28.53,0.002324
Sn08,28.589999999999996,0.0031836666666666667
Sn08,28.65,0.004325666666666667
Sn08,28.71,0.005719333333333333
Sn08,28.769999999999996,0.007534666666666667
Sn08,28.83,0.009658333333333333
Sn08,28.89,0.012215
Sn08,28.95,0.015110333333333333
Sn08,29.009999999999998,0.018650333333333335
Sn08,29.07,0.022304333333333332
Sn08,29.13,0.026202333333333334
Sn08,29.189999999999998,0.030484666666666667
Sn08,29.25,0.034436666666666664
Sn08,29.31,0.038484333333333336
Sn08,29.369999999999997,0.04252433333333333
Sn08,29.43,0.046039333333333335
Sn08,29.49,0.048774
Sn08,29.549999999999997,0.050594
Sn08,29.61,0.05193766666666667
Sn08,29.67,0.052444333333333336
Sn08,29.729999999999997,0.051924
Sn08,29.79,0.050615
Sn08,29.85,0.04851333333333333
Sn08,29.909999999999997,0.045627666666666664
Sn08,29.97,0.042318666666666664
Sn08,30.03,0.038248
Sn08,30.089999999999996,0.03422633333333333
Sn08,30.15,0.030071333333333332
Sn08,30.21,0.025862
Sn08,30.269999999999996,0.022114
Sn08,30.33,0.01824
Sn08,30.39,0.015015333333333334
Sn08,30.45,0.012031666666666666
Sn08,30.509999999999998,0.009422666666666666
Sn08,30.57,0.007287666666666666
Sn08,30.63,0.005630666666666667
Sn08,30.689999999999998,0.004203666666666666
Sn08,30.75,0.0031283333333333332
Sn08,30.81,0.0023006666666666666
Sn08,30.869999999999997,0.0016003333333333334
Sn08,30.93,0.0011033333333333333
Sn08,30.99,0.0007846666666666667
Sn08,31.049999999999997,0.0005116666666666667
Sn08,31.11,0.00034666666666666667
Sn08,31.17,0.00023266666666666667
Sn08,31.229999999999997,0.000157
Sn08,31.29,9.7e-05
Sn08,31.35,5.633333333333333e-05
Sn08,31.409999999999997,3.633333333333333e-05
Sn08,31.47,1.8e-05
Sn08,31.53,9.666666666666667e-06
Sn08,31.589999999999996,7.666666666666667e-06
Sn08,31.65,4.666666666666666e-06
Sn08,31.71,2.333333333333333e-06
Sn08,31.769999999999996,2.333333333333333e-06
Sn08,31.83,1.6666666666666667e-06
Sn08,31.89,1e-06
Sn08,31.95,0.0
Sn08,32.01,3.3333333333333335e-07
Sn08,32.07,6.666666666666667e-07
Ta08,27.21,3.3333333333333335e-07
Ta08,27.27,0.0
Ta08,27.33,1.6666666666666667e-06
Ta08,27.39,2.333333333333333e-06
Ta08,27.45,3.3333333333333333e-06
Ta08,27.509999999999998,5.333333333333334e-06
Ta08,27.57,7e-06
Ta08,27.63,1.8e-05
Ta08,27.689999999999998,2.5333333333333334e-05
Ta08,27.75,4.4e-05
Ta08,27.81,6.966666666666666e-05
Ta08,27.869999999999997,0.00011033333333333334
Ta08,27.93,0.00018333333333333334
Ta08,27.99,0.00026933333333333334
Ta08,28.049999999999997,0.000416
Ta08,28.11,0.0006003333333333334
Ta08,28.17,0.0008886666666666666
Ta08,28.229999999999997,0.001235
Ta08,28.29,0.0017236666666666667
Ta08,28.35,0.002409
Ta08,28.409999999999997,0.0032426666666666667
Ta08,28.47,0.0043946666666666665
Ta08,28.53,0.005745666666666666
Ta08,28.589999999999996,0.007412
Ta08,28.65,0.009599
Ta08,28.71,0.011834
Ta08,28.769999999999996,0.014918
Ta08,28.83,0.017886666666666665
Ta08,28.89,0.021507333333333333
Ta08,28.95,0.025273
Ta08,29.009999999999998,0.029030666666666666
Ta08,29.07,0.033318
Ta08,29.13,0.036893666666666665
Ta08,29.189999999999998,0.04096866666666667
Ta08,29.25,0.043837666666666664
Ta08,29.31,0.04695766666666667
Ta08,29.369999999999997,0.04909566666666667
Ta08,29.43,0.050495333333333337
Ta08,29.49,0.051166666666666666
Ta08,29.549999999999997,0.050889666666666666
Ta08,29.61,0.05006533333333334
Ta08,29.67,0.048176
Ta08,29.729999999999997,0.04571766666666666
Ta08,29.79,0.042681333333333335
Ta08,29.85,0.039190333333333334
Ta08,29.909999999999997,0.035346666666666665
Ta08,29.97,0.031405333333333334
Ta08,30.03,0.027399666666666666
Ta08,30.089999999999996,0.023534666666666666
Ta08,30.15,0.01993
Ta08,30.21,0.016445666666666667
Ta08,30.269999999999996,0.013503
Ta08,30.33,0.010775333333333333
Ta08,30.39,0.008498666666666667
Ta08,30.45,0.006617666666666667
Ta08,30.509999999999998,0.005004666666666667
Ta08,30.57,0.0038096666666666665
Ta08,30.63,0.0027923333333333333
Ta08,30.689999999999998,0.002066333333333333
Ta08,30.75,0.001446
Ta08,30.81,0.001037
Ta08,30.869999999999997,0.000695
Ta08,30.93,0.000481
Ta08,30.99,0.000326
Ta08,31.049999999999997,0.000206
Ta08,31.11,0.00014333333333333334
Ta08,31.17,8.833333333333333e-05
Ta08,31.229999999999997,5.8e-05
Ta08,31.29,2.966666666666667e-05
Ta08,31.35,1.9333333333333333e-05
Ta08,31.409999999999997,1.2666666666666667e-05
Ta08,31.47,6e-06
Ta08,31.53,4.333333333333333e-06
Ta08,31.589999999999996,3e-06
Ta08,31.65,1.3333333333333334e-06
Ta08,31.71,1.3333333333333334e-06
Ta08,31.769999999999996,1e-06
Ta08,31.83,3.3333333333333335e-07
Ta08,31.89,3.3333333333333335e-07
Ta08,31.95,0.0
Ta08,32.01,3.3333333333333335e-07
Cu08,26.909999999999997,3.3333333333333335e-07
Cu08,26.97,0.0
Cu08,27.03,1e-06
Cu08,27.089999999999996,2.666666666666667e-06
Cu08,27.15,1.3333333333333334e-06
Cu08,27.21,6.333333333333333e-06
Cu08,27.27,4.333333333333333e-06
Cu08,27.33,1.5e-05
Cu08,27.39,2.0666666666666666e-05
Cu08,27.45,3.633333333333333e-05
Cu08,27.509999999999998,5.7e-05
Cu08,27.57,8.7e-05
Cu08,27.63,0.00015566666666666666
Cu08,27.689999999999998,0.00021466666666666666
Cu08,27.75,0.00034133333333333335
Cu08,27.81,0.000503
Cu08,27.869999999999997,0.000734
Cu08,27.93,0.001061
Cu08,27.99,0.0014276666666666667
Cu08,28.049999999999997,0.0020286666666666665
Cu08,28.11,0.00274
Cu08,28.17,0.003727
Cu08,28.229999999999997,0.004908333333333333
Cu08,28.29,0.006383
Cu08,28.35,0.008163333333333333
Cu08,28.409999999999997,0.010425
Cu08,28.47,0.012897666666666667
Cu08,28.53,0.015912666666666665
Cu08,28.589999999999996,0.018989
Cu08,28.65,0.022732
Cu08,28.71,0.026142666666666668
Cu08,28.769999999999996,0.030321666666666667
Cu08,28.83,0.034099
Cu08,28.89,0.03792
Cu08,28.95,0.04138466666666667
Cu08,29.009999999999998,0.044259
Cu08,29.07,0.0472
Cu08,29.13,0.04891633333333333
Cu08,29.189999999999998,0.050146
Cu08,29.25,0.050653
Cu08,29.31,0.050027
Cu08,29.369999999999997,0.049244
Cu08,29.43,0.047138
Cu08,29.49,0.044546333333333334
Cu08,29.549999999999997,0.041620333333333336
Cu08,29.61,0.03798033333333333
Cu08,29.67,0.034341
Cu08,29.729999999999997,0.030345
Cu08,29.79,0.026453
Cu08,29.85,0.022773
Cu08,29.909999999999997,0.019157
Cu08,29.97,0.015948666666666667
Cu08,30.03,0.012999333333333333
Cu08,30.089999999999996,0.010401333333333334
Cu08,30.15,0.008228333333333334
Cu08,30.21,0.006384
Cu08,30.269999999999996,0.0048776666666666664
Cu08,30.33,0.003696
Cu08,30.39,0.002719333333333333
Cu08,30.45,0.0020006666666666667
Cu08,30.509999999999998,0.0014283333333333333
Cu08,30.57,0.0010106666666666667
Cu08,30.63,0.000681
Cu08,30.689999999999998,0.00048466666666666667
Cu08,30.75,0.00031666666666666665
Cu08,30.81,0.000212
Cu08,30.869999999999997,0.00014033333333333332
Cu08,30.93,8.766666666666667e-05
Cu08,30.99,5.766666666666667e-05
Cu08,31.049999999999997,3.1666666666666666e-05
Cu08,31.11,1.9666666666666666e-05
Cu08,31.17,1.2333333333333333e-05
Cu08,31.229999999999997,6e-06
Cu08,31.29,4.333333333333333e-06
Cu08,31.35,3.6666666666666666e-06
Cu08,31.409999999999997,1e-06
Cu08,31.47,1.6666666666666667e-06
Cu08,31.53,1e-06
Cu08,31.589999999999996,3.3333333333333335e-07
Cu08,31.65,3.3333333333333335e-07
Cu08,31.71,0.0
Cu08,31.769999999999996,3.3333333333333335e-07
Al_degrader_E2_E1,24.689999999999998,1.4285714285714285e-07
Al_degrader_E2_E1,24.75,0.0
Al_degrader_E2_E1,24.81,1.4285714285714285e-07
Al_degrader_E2_E1,24.869999999999997,7.142857142857143e-07
Al_degrader_E2_E1,24.93,7.142857142857143e-07
Al_degrader_E2_E1,24.990000000000002,1e-06
Al_degrader_E2_E1,25.049999999999997,1.2857142857142858e-06
Al_degrader_E2_E1,25.11,2.1428571428571427e-06
Al_degrader_E2_E1,25.17,5e-06
Al_degrader_E2_E1,25.229999999999997,8.428571428571429e-06
Al_degrader_E2_E1,25.29,1.1142857142857143e-05
Al_degrader_E2_E1,25.35,1.8857142857142856e-05
Al_degrader_E2_E1,25.409999999999997,2.6571428571428573e-05
Al_degrader_E2_E1,25.47,4.528571428571429e-05
Al_degrader_E2_E1,25.53,6.1e-05
Al_degrader_E2_E1,25.589999999999996,9.385714285714286e-05
Al_degrader_E2_E1,25.65,0.00013542857142857142
Al_degrader_E2_E1,25.71,0.0001807142857142857
Al_degrader_E2_E1,25.77,0.0002614285714285714
Al_degrader_E2_E1,25.83,0.00035557142857142856
Al_degrader_E2_E1,25.89,0.000477
Al_degrader_E2_E1,25.95,0.0006482857142857143
Al_degrader_E2_E1,26.009999999999998,0.0008594285714285714
Al_degrader_E2_E1,26.07,0.0011114285714285714
Al_degrader_E2_E1,26.13,0.0014605714285714285
Al_degrader_E2_E1,26.189999999999998,0.0018151428571428572
Al_degrader_E2_E1,26.25,0.0023044285714285714
Al_degrader_E2_E1,26.31,0.0028697142857142858
Al_degrader_E2_E1,26.369999999999997,0.003526142857142857
Al_degrader_E2_E1,26.43,0.004260571428571429
Al_degrader_E2_E1,26.49,0.005097285714285714
Al_degrader_E2_E1,26.549999999999997,0.006020857142857143
Al_degrader_E2_E1,26.61,0.006947571428571429
Al_degrader_E2_E1,26.67,0.008061428571428572
Al_degrader_E2_E1,26.729999999999997,0.009229714285714286
Al_degrader_E2_E1,26.79,0.010447285714285715
Al_degrader_E2_E1,26.85,0.011617285714285714
Al_degrader_E2_E1,26.909999999999997,0.012776857142857144
Al_degrader_E2_E1,26.97,0.013966571428571429
Al_degrader_E2_E1,27.03,0.015230714285714285
Al_degrader_E2_E1,27.089999999999996,0.016355857142857144
Al_degrader_E2_E1,27.15,0.017468714285714285
Al_degrader_E2_E1,27.21,0.01850042857142857
Al_degrader_E2_E1,27.27,0.019313857142857143
Al_degrader_E2_E1,27.33,0.020198142857142855
Al_degrader_E2_E1,27.39,0.021012857142857142
Al_degrader_E2_E1,27.45,0.02166557142857143
Al_degrader_E2_E1,27.509999999999998,0.022304714285714285
Al_degrader_E2_E1,27.57,0.022791142857142857
Al_degrader_E2_E1,27.63,0.023088714285714285
Al_degrader_E2_E1,27.689999999999998,0.023506714285714287
Al_degrader_E2_E1,27.75,0.023852
Al_degrader_E2_E1,27.81,0.02405557142857143
Al_degrader_E2_E1,27.869999999999997,0.024371
Al_degrader_E2_E1,27.93,0.024372285714285714
Al_degrader_E2_E1,27.99,0.024484285714285715
Al_degrader_E2_E1,28.049999999999997,0.024585142857142857
Al_degrader_E2_E1,28.11,0.024664142857142857
Al_degrader_E2_E1,28.17,0.024695571428571428
Al_degrader_E2_E1,28.229999999999997,0.024753571428571427
Al_degrader_E2_E1,28.29,0.024625428571428572
Al_degrader_E2_E1,28.35,0.024514571428571427
Al_degrader_E2_E1,28.409999999999997,0.024494
Al_degrader_E2_E1,28.47,0.024232
Al_degrader_E2_E1,28.53,0.024056857142857144
Al_degrader_E2_E1,28.589999999999996,0.02373185714285714
Al_degrader_E2_E1,28.65,0.02323957142857143
Al_degrader_E2_E1,28.71,0.02271942857142857
Al_degrader_E2_E1,28.769999999999996,0.022190857142857144
Al_degrader_E2_E1,28.83,0.021391857142857143
Al_degrader_E2_E1,28.89,0.020671571428571428
Al_degrader_E2_E1,28.95,0.019629428571428572
Al_degrader_E2_E1,29.009999999999998,0.018547857142857144
Al_degrader_E2_E1,29.07,0.017476571428571428
Al_degrader_E2_E1,29.13,0.016188142857142856
Al_degrader_E2_E1,29.189999999999998,0.014871142857142857
Al_degrader_E2_E1,29.25,0.013639857142857143
Al_degrader_E2_E1,29.31,0.012202857142857142
Al_degrader_E2_E1,29.369999999999997,0.010929
Al_degrader_E2_E1,29.43,0.009616857142857142
Al_degrader_E2_E1,29.49,0.008299571428571429
Al_degrader_E2_E1,29.549999999999997,0.007153428571428571
Al_degrader_E2_E1,29.61,0.006040571428571429
Al_degrader_E2_E1,29.67,0.005042285714285714
Al_degrader_E2_E1,29.729999999999997,0.004144285714285714
Al_degrader_E2_E1,29.79,0.0033575714285714285
Al_degrader_E2_E1,29.85,0.0026998571428571427
Al_degrader_E2_E1,29.909999999999997,0.002112285714285714
Al_degrader_E2_E1,29.97,0.0016502857142857144
Al_degrader_E2_E1,30.03,0.0012252857142857143
Al_degrader_E2_E1,30.089999999999996,0.000953
Al_degrader_E2_E1,30.15,0.0006894285714285714
Al_degrader_E2_E1,30.21,0.0005102857142857143
Al_degrader_E2_E1,30.269999999999996,0.0003761428571428571
Al_degrader_E2_E1,30.33,0.00025557142857142857
Al_degrader_E2_E1,30.39,0.00018271428571428573
Al_degrader_E2_E1,30.45,0.00012214285714285715
Al_degrader_E2_E1,30.509999999999998,8.2e-05
Al_degrader_E2_E1,30.57,5.442857142857143e-05
Al_degrader_E2_E1,30.63,3.7142857142857143e-05
Al_degrader_E2_E1,30.689999999999998,2.5285714285714285e-05
Al_degrader_E2_E1,30.75,1.6e-05
Al_degrader_E2_E1,30.81,8.428571428571429e-06
Al_degrader_E2_E1,30.869999999999997,5.571428571428572e-06
Al_degrader_E2_E1,30.93,3.857142857142857e-06
Al_degrader_E2_E1,30.99,1.2857142857142858e-06
Al_degrader_E2_E1,31.049999999999997,1.5714285714285714e-06
Al_degrader_E2_E1,31.11,7.142857142857143e-07
Al_degrader_E2_E1,31.17,1.4285714285714285e-07
Al_degrader_E2_E1,31.229999999999997,5.714285714285714e-07
Al_degrader_E2_E1,31.29,2.857142857142857e-07
Al_degrader_E2_E1,31.35,1.4285714285714285e-07
Al_degrader_E2_E1,31.409999999999997,0.0
Al_degrader_E2_E1,31.47,0.0
Al_degrader_E2_E1,31.53,1.4285714285714285e-07
Ni09,24.39,3.3333333333333335e-07
Ni09,24.45,0.0
Ni09,24.509999999999998,1.6666666666666667e-06
Ni09,24.57,2e-06
Ni09,24.63,1.3333333333333334e-06
Ni09,24.689999999999998,5.333333333333334e-06
Ni09,24.75,4.666666666666666e-06
Ni09,24.81,1.0666666666666667e-05
Ni09,24.869999999999997,1.633333333333333e-05
Ni09,24.93,2.7e-05
Ni09,24.990000000000002,4.1666666666666665e-05
Ni09,25.049999999999997,6.7e-05
Ni09,25.11,9.8e-05
Ni09,25.17,0.000161
Ni09,25.229999999999997,0.000229
Ni09,25.29,0.00032933333333333333
Ni09,25.35,0.000481
Ni09,25.409999999999997,0.000682
Ni09,25.47,0.0009693333333333333
Ni09,25.53,0.001259
Ni09,25.589999999999996,0.001775
Ni09,25.65,0.0023596666666666666
Ni09,25.71,0.0030743333333333334
Ni09,25.77,0.004076666666666667
Ni09,25.83,0.005214333333333333
Ni09,25.89,0.0066303333333333336
Ni09,25.95,0.008366666666666666
Ni09,26.009999999999998,0.010258666666666666
Ni09,26.07,0.012604333333333334
Ni09,26.13,0.015221
Ni09,26.189999999999998,0.017935666666666666
Ni09,26.25,0.021126333333333334
Ni09,26.31,0.024174666666666667
Ni09,26.369999999999997,0.027649333333333335
Ni09,26.43,0.031106666666666668
Ni09,26.49,0.034267
Ni09,26.549999999999997,0.03758633333333333
Ni09,26.61,0.04014966666666667
Ni09,26.67,0.042735333333333334
Ni09,26.729999999999997,0.044810333333333334
Ni09,26.79,0.046083
Ni09,26.85,0.04708966666666667
Ni09,26.909999999999997,0.047101
Ni09,26.97,0.046498333333333336
Ni09,27.03,0.045784
Ni09,27.089999999999996,0.043887666666666665
Ni09,27.15,0.041626666666666666
Ni09,27.21,0.03911333333333333
Ni09,27.27,0.035888333333333335
Ni09,27.33,0.032858
Ni09,27.39,0.029408666666666666
Ni09,27.45,0.025912333333333332
Ni09,27.509999999999998,0.022736333333333334
Ni09,27.57,0.019520666666666665
Ni09,27.63,0.016481
Ni09,27.689999999999998,0.013747333333333334
Ni09,27.75,0.011334333333333333
Ni09,27.81,0.009157333333333333
Ni09,27.869999999999997,0.0073353333333333335
Ni09,27.93,0.005775
Ni09,27.99,0.004451666666666666
Ni09,28.049999999999997,0.0034463333333333334
Ni09,28.11,0.002580666666666667
Ni09,28.17,0.0019466666666666666
Ni09,28.229999999999997,0.001407
Ni09,28.29,0.001042
Ni09,28.35,0.0006966666666666666
Ni09,28.409999999999997,0.0005293333333333334
Ni09,28.47,0.00035233333333333335
Ni09,28.53,0.00023233333333333333
Ni09,28.589999999999996,0.00016533333333333333
Ni09,28.65,0.00010666666666666667
Ni09,28.71,7.633333333333334e-05
Ni09,28.769999999999996,4.8e-05
Ni09,28.83,2.6e-05
Ni09,28.89,1.5333333333333334e-05
Ni09,28.95,1.2333333333333333e-05
Ni09,29.009999999999998,5.333333333333334e-06
Ni09,29.07,3.6666666666666666e-06
Ni09,29.13,3.6666666666666666e-06
Ni09,29.189999999999998,1.3333333333333334e-06
Ni09,29.25,1e-06
Ni09,29.31,1e-06
Ni09,29.369999999999997,6.666666666666667e-07
Ni09,29.43,6.666666666666667e-07
Ni09,29.49,0.0
Ni09,29.549999999999997,0.0
Ni09,29.61,3.3333333333333335e-07
Sn09,24.27,3.3333333333333335e-07
Sn09,24.33,3.3333333333333335e-07
Sn09,24.39,6.666666666666667e-07
Sn09,24.45,2.666666666666667e-06
Sn09,24.509999999999998,5.333333333333334e-06
Sn09,24.57,5e-06
Sn09,24.63,7e-06
Sn09,24.689999999999998,1.0666666666666667e-05
Sn09,24.75,2.1e-05
Sn09,24.81,3.766666666666667e-05
Sn09,24.869999999999997,5.266666666666667e-05
Sn09,24.93,8.966666666666667e-05
Sn09,24.990000000000002,0.00012666666666666666
Sn09,25.049999999999997,0.00021
Sn09,25.11,0.000304
Sn09,25.17,0.000438
Sn09,25.229999999999997,0.0006346666666666666
Sn09,25.29,0.0008856666666666667
Sn09,25.35,0.0012193333333333333
Sn09,25.409999999999997,0.0017073333333333333
Sn09,25.47,0.0022266666666666667
Sn09,25.53,0.003000333333333333
Sn09,25.589999999999996,0.003976
Sn09,25.65,0.005147
Sn09,25.71,0.0066356666666666664
Sn09,25.77,0.008372333333333334
Sn09,25.83,0.010323
Sn09,25.89,0.012798333333333333
Sn09,25.95,0.015491666666666667
Sn09,26.009999999999998,0.018484333333333332
Sn09,26.07,0.021763
Sn09,26.13,0.025174666666666668
Sn09,26.189999999999998,0.028701666666666667
Sn09,26.25,0.032022
Sn09,26.31,0.035542
Sn09,26.369999999999997,0.038953
Sn09,26.43,0.041992666666666664
Sn09,26.49,0.04449533333333333
Sn09,26.549999999999997,0.046059333333333334
Sn09,26.61,0.04753866666666667
Sn09,26.67,0.048246
Sn09,26.729999999999997,0.048266666666666666
Sn09,26.79,0.04747666666666667
Sn09,26.85,0.046235
Sn09,26.909999999999997,0.044053666666666665
Sn09,26.97,0.041667
Sn09,27.03,0.038760666666666665
Sn09,27.089999999999996,0.035314
Sn09,27.15,0.031891666666666665
Sn09,27.21,0.028293
Sn09,27.27,0.024822
Sn09,27.33,0.021374666666666667
Sn09,27.39,0.018123333333333335
Sn09,27.45,0.015207333333333333
Sn09,27.509999999999998,0.012512666666666667
Sn09,27.57,0.01011
Sn09,27.63,0.008014666666666666
Sn09,27.689999999999998,0.006337
Sn09,27.75,0.004932666666666667
Sn09,27.81,0.0037623333333333332
Sn09,27.869999999999997,0.0028726666666666666
Sn09,27.93,0.0021563333333333335
Sn09,27.99,0.001542
Sn09,28.049999999999997,0.0010913333333333333
Sn09,28.11,0.000797
Sn09,28.17,0.00055
Sn09,28.229999999999997,0.00037233333333333335
Sn09,28.29,0.000256
Sn09,28.35,0.00018133333333333334
Sn09,28.409999999999997,0.000129
Sn09,28.47,7.566666666666667e-05
Sn09,28.53,4.1666666666666665e-05
Sn09,28.589999999999996,3.233333333333333e-05
Sn09,28.65,1.5666666666666667e-05
Sn09,28.71,9e-06
Sn09,28.769999999999996,7.333333333333333e-06
Sn09,28.83,4.333333333333333e-06
Sn09,28.89,2e-06
Sn09,28.95,2.333333333333333e-06
Sn09,29.009999999999998,2e-06
Sn09,29.07,1e-06
Sn09,29.13,3.3333333333333335e-07
Sn09,29.189999999999998,0.0
Sn09,29.25,6.666666666666667e-07
Sn09,29.31,3.3333333333333335e-07
Ta09,23.97,3.3333333333333335e-07
Ta09,24.03,0.0
Ta09,24.089999999999996,0.0
Ta09,24.15,1.6666666666666667e-06
Ta09,24.21,2.333333333333333e-06
Ta09,24.27,2.666666666666667e-06
Ta09,24.33,5.666666666666667e-06
Ta09,24.39,3.6666666666666666e-06
Ta09,24.45,1.5e-05
Ta09,24.509999999999998,1.5666666666666667e-05
Ta09,24.57,3.066666666666667e-05
Ta09,24.63,4.4666666666666664e-05
Ta09,24.689999999999998,7.4e-05
Ta09,24.75,0.00011333333333333333
Ta09,24.81,0.000176
Ta09,24.869999999999997,0.00024166666666666667
Ta09,24.93,0.00037066666666666666
Ta09,24.990000000000002,0.0005023333333333334
Ta09,25.049999999999997,0.0007573333333333334
Ta09,25.11,0.0010206666666666667
Ta09,25.17,0.00135
Ta09,25.229999999999997,0.001892
Ta09,25.29,0.0024653333333333333
Ta09,25.35,0.003297
Ta09,25.409999999999997,0.004264
Ta09,25.47,0.005468333333333334
Ta09,25.53,0.006921
Ta09,25.589999999999996,0.008745666666666667
Ta09,25.65,0.010646
Ta09,25.71,0.013095333333333334
Ta09,25.77,0.015709333333333332
Ta09,25.83,0.018482666666666668
Ta09,25.89,0.021806666666666665
Ta09,25.95,0.024779666666666665
Ta09,26.009999999999998,0.028403
Ta09,26.07,0.031607666666666666
Ta09,26.13,0.03496966666666667
Ta09,26.189999999999998,0.03804433333333333
Ta09,26.25,0.04054933333333333
Ta09,26.31,0.043202333333333336
Ta09,26.369999999999997,0.045064
Ta09,26.43,0.04636333333333333
Ta09,26.49,0.047021
Ta09,26.549999999999997,0.047077666666666663
Ta09,26.61,0.046397
Ta09,26.67,0.045434666666666665
Ta09,26.729999999999997,0.04342133333333333
Ta09,26.79,0.041223666666666665
Ta09,26.85,0.038487
Ta09,26.909999999999997,0.03530333333333333
Ta09,26.97,0.03217966666666667
Ta09,27.03,0.028746
Ta09,27.089999999999996,0.025315333333333332
Ta09,27.15,0.022149333333333333
Ta09,27.21,0.018898333333333333
Ta09,27.27,0.015986
Ta09,27.33,0.013287333333333333
Ta09,27.39,0.010869333333333333
Ta09,27.45,0.008840333333333334
Ta09,27.509999999999998,0.006986
Ta09,27.57,0.0055323333333333335
Ta09,27.63,0.004258666666666667
Ta09,27.689999999999998,0.0033
Ta09,27.75,0.0024516666666666667
Ta09,27.81,0.0018536666666666667
Ta09,27.869999999999997,0.001336
Ta09,27.93,0.000985
Ta09,27.99,0.0006633333333333334
Ta09,28.049999999999997,0.0004963333333333333
Ta09,28.11,0.00032866666666666667
Ta09,28.17,0.000225
Ta09,28.229999999999997,0.00015666666666666666
Ta09,28.29,0.0001
Ta09,28.35,7.166666666666667e-05
Ta09,28.409999999999997,4.133333333333333e-05
Ta09,28.47,3e-05
Ta09,28.53,1.2666666666666667e-05
Ta09,28.589999999999996,1.2e-05
Ta09,28.65,4.666666666666666e-06
Ta09,28.71,4e-06
Ta09,28.769999999999996,3.3333333333333333e-06
Ta09,28.83,6.666666666666667e-07
Ta09,28.89,1.6666666666666667e-06
Ta09,28.95,6.666666666666667e-07
Ta09,29.009999999999998,1e-06
Ta09,29.07,0.0
Ta09,29.13,3.3333333333333335e-07
Ta09,29.189999999999998,0.0
Ta09,29.25,3.3333333333333335e-07
Cu09,23.67,3.3333333333333335e-07
Cu09,23.729999999999997,0.0
Cu09,23.79,0.0
Cu09,23.85,1.6666666666666667e-06
Cu09,23.909999999999997,2.333333333333333e-06
Cu09,23.97,2.666666666666667e-06
Cu09,24.03,5.666666666666667e-06
Cu09,24.089999999999996,4.333333333333333e-06
Cu09,24.15,1.4e-05
Cu09,24.21,1.9666666666666666e-05
Cu09,24.27,2.9e-05
Cu09,24.33,4.566666666666667e-05
Cu09,24.39,7.233333333333333e-05
Cu09,24.45,0.00011066666666666667
Cu09,24.509999999999998,0.00017266666666666667
Cu09,24.57,0.00023633333333333332
Cu09,24.63,0.0003586666666666667
Cu09,24.689999999999998,0.00048633333333333335
Cu09,24.75,0.0007173333333333334
Cu09,24.81,0.000995
Cu09,24.869999999999997,0.001288
Cu09,24.93,0.0018066666666666667
Cu09,24.990000000000002,0.002366
Cu09,25.049999999999997,0.003121333333333333
Cu09,25.11,0.004073333333333333
Cu09,25.17,0.005192
Cu09,25.229999999999997,0.006555666666666666
Cu09,25.29,0.008283
Cu09,25.35,0.010169333333333334
Cu09,25.409999999999997,0.012326666666666666
Cu09,25.47,0.014943333333333333
Cu09,25.53,0.017573
Cu09,25.589999999999996,0.020724333333333334
Cu09,25.65,0.02361
Cu09,25.71,0.026989333333333334
Cu09,25.77,0.030374
Cu09,25.83,0.033408
Cu09,25.89,0.036753666666666664
Cu09,25.95,0.039186
Cu09,26.009999999999998,0.041935
Cu09,26.07,0.043887
Cu09,26.13,0.045375
Cu09,26.189999999999998,0.046247666666666666
Cu09,26.25,0.046544
Cu09,26.31,0.046057
Cu09,26.369999999999997,0.045405
Cu09,26.43,0.043865666666666664
Cu09,26.49,0.041641
Cu09,26.549999999999997,0.039323333333333335
Cu09,26.61,0.036339
Cu09,26.67,0.03329733333333333
Cu09,26.729999999999997,0.030152333333333333
Cu09,26.79,0.026680333333333334
Cu09,26.85,0.023467
Cu09,26.909999999999997,0.020308
Cu09,26.97,0.017264666666666668
Cu09,27.03,0.014561
Cu09,27.089999999999996,0.012078333333333333
Cu09,27.15,0.009866666666666666
Cu09,27.21,0.007915
Cu09,27.27,0.006318333333333333
Cu09,27.33,0.004921
Cu09,27.39,0.0038383333333333334
Cu09,27.45,0.002889
Cu09,27.509999999999998,0.0022266666666666667
Cu09,27.57,0.001596
Cu09,27.63,0.0012183333333333334
Cu09,27.689999999999998,0.0008443333333333333
Cu09,27.75,0.0006023333333333333
Cu09,27.81,0.0004353333333333333
Cu09,27.869999999999997,0.0002956666666666667
Cu09,27.93,0.00019966666666666668
Cu09,27.99,0.00013733333333333333
Cu09,28.049999999999997,8.766666666666667e-05
Cu09,28.11,6.3e-05
Cu09,28.17,3.4666666666666665e-05
Cu09,28.229999999999997,2.6e-05
Cu09,28.29,1.2666666666666667e-05
Cu09,28.35,1e-05
Cu09,28.409999999999997,3.3333333333333333e-06
Cu09,28.47,4.333333333333333e-06
Cu09,28.53,2.666666666666667e-06
Cu09,28.589999999999996,1.3333333333333334e-06
Cu09,28.65,1.3333333333333334e-06
Cu09,28.71,6.666666666666667e-07
Cu09,28.769999999999996,6.666666666666667e-07
Cu09,28.83,3.3333333333333335e-07
Cu09,28.89,0.0
Cu09,28.95,0.0
Cu09,29.009999999999998,3.3333333333333335e-07
Al_degrader_E4_E3,21.21,1.1111111111111111e-07
Al_degrader_E4_E3,21.27,0.0
Al_degrader_E4_E3,21.33,0.0
Al_degrader_E4_E3,21.39,4.4444444444444444e-07
Al_degrader_E4_E3,21.45,7.777777777777778e-07
Al_degrader_E4_E3,21.509999999999998,4.4444444444444444e-07
Al_degrader_E4_E3,21.57,1.111111111111111e-06
Al_degrader_E4_E3,21.63,4.4444444444444444e-07
Al_degrader_E4_E3,21.689999999999998,2e-06
Al_degrader_E4_E3,21.75,4.444444444444444e-06
Al_degrader_E4_E3,21.81,5.666666666666667e-06
Al_degrader_E4_E3,21.869999999999997,7.88888888888889e-06
Al_degrader_E4_E3,21.93,1.1e-05
Al_degrader_E4_E3,21.990000000000002,1.7333333333333332e-05
Al_degrader_E4_E3,22.049999999999997,2.7333333333333335e-05
Al_degrader_E4_E3,22.11,3.988888888888889e-05
Al_degrader_E4_E3,22.17,5.288888888888889e-05
Al_degrader_E4_E3,22.229999999999997,7.411111111111111e-05
Al_degrader_E4_E3,22.29,0.00010755555555555556
Al_degrader_E4_E3,22.35,0.0001387777777777778
Al_degrader_E4_E3,22.409999999999997,0.00020077777777777778
Al_degrader_E4_E3,22.47,0.00025444444444444446
Al_degrader_E4_E3,22.53,0.00033755555555555557
Al_degrader_E4_E3,22.589999999999996,0.0004566666666666667
Al_degrader_E4_E3,22.65,0.0005825555555555556
Al_degrader_E4_E3,22.71,0.0007613333333333334
Al_degrader_E4_E3,22.77,0.0009602222222222222
Al_degrader_E4_E3,22.83,0.0012127777777777777
Al_degrader_E4_E3,22.89,0.0015082222222222222
Al_degrader_E4_E3,22.95,0.0018576666666666668
Al_degrader_E4_E3,23.009999999999998,0.0023066666666666665
Al_degrader_E4_E3,23.07,0.002768
Al_degrader_E4_E3,23.13,0.0033285555555555555
Al_degrader_E4_E3,23.189999999999998,0.003929444444444445
Al_degrader_E4_E3,23.25,0.004609
Al_degrader_E4_E3,23.31,0.005430222222222223
Al_degrader_E4_E3,23.369999999999997,0.006149888888888889
Al_degrader_E4_E3,23.43,0.007088444444444444
Al_degrader_E4_E3,23.490000000000002,0.008025
Al_degrader_E4_E3,23.549999999999997,0.009005222222222222
Al_degrader_E4_E3,23.61,0.010029
Al_degrader_E4_E3,23.67,0.010934333333333334
Al_degrader_E4_E3,23.729999999999997,0.012036222222222222
Al_degrader_E4_E3,23.79,0.013087666666666666
Al_degrader_E4_E3,23.85,0.014126
Al_degrader_E4_E3,23.909999999999997,0.015072333333333333
Al_degrader_E4_E3,23.97,0.01592422222222222
Al_degrader_E4_E3,24.03,0.016913555555555557
Al_degrader_E4_E3,24.089999999999996,0.017717555555555556
Al_degrader_E4_E3,24.15,0.018622
Al_degrader_E4_E3,24.21,0.019227444444444443
Al_degrader_E4_E3,24.27,0.01980466666666667
Al_degrader_E4_E3,24.33,0.020406666666666667
Al_degrader_E4_E3,24.39,0.02097511111111111
Al_degrader_E4_E3,24.45,0.021472333333333333
Al_degrader_E4_E3,24.509999999999998,0.021735777777777777
Al_degrader_E4_E3,24.57,0.02207688888888889
Al_degrader_E4_E3,24.63,0.02234777777777778
Al_degrader_E4_E3,24.689999999999998,0.022639222222222224
Al_degrader_E4_E3,24.75,0.022902333333333334
Al_degrader_E4_E3,24.81,0.02291277777777778
Al_degrader_E4_E3,24.869999999999997,0.023032888888888887
Al_degrader_E4_E3,24.93,0.023178666666666667
Al_degrader_E4_E3,24.990000000000002,0.023262555555555557
Al_degrader_E4_E3,25.049999999999997,0.02331288888888889
Al_degrader_E4_E3,25.11,0.023185444444444446
Al_degrader_E4_E3,25.17,0.023253
Al_degrader_E4_E3,25.229999999999997,0.023162111111111112
Al_degrader_E4_E3,25.29,0.023163333333333334
Al_degrader_E4_E3,25.35,0.022941333333333334
Al_degrader_E4_E3,25.409999999999997,0.02263
Al_degrader_E4_E3,25.47,0.022450333333333333
Al_degrader_E4_E3,25.53,0.022145111111111112
Al_degrader_E4_E3,25.589999999999996,0.021781555555555554
Al_degrader_E4_E3,25.65,0.02115611111111111
Al_degrader_E4_E3,25.71,0.020584222222222223
Al_degrader_E4_E3,25.77,0.019963555555555554
Al_degrader_E4_E3,25.83,0.019256555555555555
Al_degrader_E4_E3,25.89,0.018407666666666666
Al_degrader_E4_E3,25.95,0.017366222222222224
Al_degrader_E4_E3,26.009999999999998,0.01643111111111111
Al_degrader_E4_E3,26.07,0.015400555555555556
Al_degrader_E4_E3,26.13,0.014299777777777778
Al_degrader_E4_E3,26.189999999999998,0.013132
Al_degrader_E4_E3,26.25,0.011989444444444445
Al_degrader_E4_E3,26.31,0.010803444444444444
Al_degrader_E4_E3,26.369999999999997,0.009686888888888889
Al_degrader_E4_E3,26.43,0.008573777777777777
Al_degrader_E4_E3,26.49,0.007466444444444445
Al_degrader_E4_E3,26.549999999999997,0.006488
Al_degrader_E4_E3,26.61,0.005551222222222222
Al_degrader_E4_E3,26.67,0.004689
Al_degrader_E4_E3,26.729999999999997,0.0039436666666666665
Al_degrader_E4_E3,26.79,0.0032525555555555554
Al_degrader_E4_E3,26.85,0.0026582222222222224
Al_degrader_E4_E3,26.909999999999997,0.0021327777777777777
Al_degrader_E4_E3,26.97,0.0016965555555555555
Al_degrader_E4_E3,27.03,0.001339888888888889
Al_degrader_E4_E3,27.089999999999996,0.0010282222222222223
Al_degrader_E4_E3,27.15,0.0007982222222222222
Al_degrader_E4_E3,27.21,0.0005971111111111111
Al_degrader_E4_E3,27.27,0.000449
Al_degrader_E4_E3,27.33,0.0003373333333333333
Al_degrader_E4_E3,27.39,0.00024344444444444443
Al_degrader_E4_E3,27.45,0.00016466666666666667
Al_degrader_E4_E3,27.509999999999998,0.00012444444444444444
Al_degrader_E4_E3,27.57,8.522222222222222e-05
Al_degrader_E4_E3,27.63,5.755555555555555e-05
Al_degrader_E4_E3,27.689999999999998,3.8777777777777775e-05
Al_degrader_E4_E3,27.75,2.711111111111111e-05
Al_degrader_E4_E3,27.81,1.9555555555555554e-05
Al_degrader_E4_E3,27.869999999999997,1.211111111111111e-05
Al_degrader_E4_E3,27.93,6.777777777777778e-06
Al_degrader_E4_E3,27.99,5.2222222222222226e-06
Al_degrader_E4_E3,28.049999999999997,2.666666666666667e-06
Al_degrader_E4_E3,28.11,1.4444444444444445e-06
Al_degrader_E4_E3,28.17,1.2222222222222221e-06
Al_degrader_E4_E3,28.229999999999997,1e-06
Al_degrader_E4_E3,28.29,2.2222222222222222e-07
Al_degrader_E4_E3,28.35,2.2222222222222222e-07
Al_degrader_E4_E3,28.409999999999997,2.2222222222222222e-07
Al_degrader_E4_E3,28.47,3.3333333333333335e-07
Al_degrader_E4_E3,28.53,1.1111111111111111e-07
Al_degrader_E4_E3,28.589999999999996,0.0
Al_degrader_E4_E3,28.65,0.0
Al_degrader_E4_E3,28.71,1.1111111111111111e-07
Ni10,20.85,3.3333333333333335e-07
Ni10,20.909999999999997,0.0
Ni10,20.97,3.3333333333333335e-07
Ni10,21.03,1.6666666666666667e-06
Ni10,21.089999999999996,2e-06
Ni10,21.15,1.6666666666666667e-06
Ni10,21.21,4.666666666666666e-06
Ni10,21.27,4.333333333333333e-06
Ni10,21.33,8.333333333333334e-06
Ni10,21.39,1.5333333333333334e-05
Ni10,21.45,2.1333333333333335e-05
Ni10,21.509999999999998,2.8333333333333332e-05
Ni10,21.57,4.9e-05
Ni10,21.63,6.666666666666667e-05
Ni10,21.689999999999998,9.9e-05
Ni10,21.75,0.000153
Ni10,21.81,0.000206
Ni10,21.869999999999997,0.00028133333333333336
Ni10,21.93,0.00041633333333333333
Ni10,21.990000000000002,0.000534
Ni10,22.049999999999997,0.0007473333333333334
Ni10,22.11,0.0010106666666666667
Ni10,22.17,0.001267
Ni10,22.229999999999997,0.0017393333333333334
Ni10,22.29,0.0022246666666666665
Ni10,22.35,0.0028146666666666667
Ni10,22.409999999999997,0.0036453333333333333
Ni10,22.47,0.004560333333333333
Ni10,22.53,0.0056036666666666665
Ni10,22.589999999999996,0.006935666666666666
Ni10,22.65,0.008522666666666666
Ni10,22.71,0.01015
Ni10,22.77,0.012144
Ni10,22.83,0.014346666666666667
Ni10,22.89,0.016548666666666666
Ni10,22.95,0.019208666666666666
Ni10,23.009999999999998,0.021713333333333334
Ni10,23.07,0.024489666666666667
Ni10,23.13,0.027314
Ni10,23.189999999999998,0.029915333333333332
Ni10,23.25,0.03261133333333333
Ni10,23.31,0.03511966666666667
Ni10,23.369999999999997,0.037081
Ni10,23.43,0.03922933333333333
Ni10,23.490000000000002,0.04071933333333334
Ni10,23.549999999999997,0.041755
Ni10,23.61,0.042607
Ni10,23.67,0.04266
Ni10,23.729999999999997,0.04217566666666667
Ni10,23.79,0.04176766666666667
Ni10,23.85,0.04055366666666667
Ni10,23.909999999999997,0.03858266666666667
Ni10,23.97,0.036814
Ni10,24.03,0.034646333333333335
Ni10,24.089999999999996,0.031851333333333336
Ni10,24.15,0.029458666666666668
Ni10,24.21,0.026524666666666665
Ni10,24.27,0.023712666666666667
Ni10,24.33,0.020994
Ni10,24.39,0.018373333333333332
Ni10,24.45,0.015771
Ni10,24.509999999999998,0.013535
Ni10,24.57,0.011389666666666666
Ni10,24.63,0.009428
Ni10,24.689999999999998,0.007783
Ni10,24.75,0.0063423333333333335
Ni10,24.81,0.005057666666666667
Ni10,24.869999999999997,0.004006
Ni10,24.93,0.003167
Ni10,24.990000000000002,0.002447
Ni10,25.049999999999997,0.0018763333333333334
Ni10,25.11,0.001402
Ni10,25.17,0.0010803333333333333
Ni10,25.229999999999997,0.0007826666666666666
Ni10,25.29,0.000545
Ni10,25.35,0.0004243333333333333
Ni10,25.409999999999997,0.00029066666666666667
Ni10,25.47,0.000204
Ni10,25.53,0.000142
Ni10,25.589999999999996,9.733333333333333e-05
Ni10,25.65,7.2e-05
Ni10,25.71,4.566666666666667e-05
Ni10,25.77,2.7333333333333335e-05
Ni10,25.83,1.633333333333333e-05
Ni10,25.89,1.2333333333333333e-05
Ni10,25.95,8.666666666666666e-06
Ni10,26.009999999999998,2.333333333333333e-06
Ni10,26.07,4.666666666666666e-06
Ni10,26.13,2e-06
Ni10,26.189999999999998,1e-06
Ni10,26.25,1e-06
Ni10,26.31,1e-06
Ni10,26.369999999999997,6.666666666666667e-07
Ni10,26.43,3.3333333333333335e-07
Ni10,26.49,3.3333333333333335e-07
Ni10,26.549999999999997,0.0
Ni10,26.61,3.3333333333333335e-07
Sn10,20.729999999999997,3.3333333333333335e-07
Sn10,20.79,3.3333333333333335e-07
Sn10,20.85,3.3333333333333335e-07
Sn10,20.909999999999997,1.3333333333333334e-06
Sn10,20.97,4e-06
Sn10,21.03,4.666666666666666e-06
Sn10,21.089999999999996,6.333333333333333e-06
Sn10,21.15,6.666666666666667e-06
Sn10,21.21,1e-05
Sn10,21.27,1.9e-05
Sn10,21.33,3.233333333333333e-05
Sn10,21.39,4.7e-05
Sn10,21.45,6.833333333333333e-05
Sn10,21.509999999999998,9.933333333333334e-05
Sn10,21.57,0.00014666666666666666
Sn10,21.63,0.00022
Sn10,21.689999999999998,0.0002953333333333333
Sn10,21.75,0.00043233333333333334
Sn10,21.81,0.0005783333333333334
Sn10,21.869999999999997,0.0007813333333333333
Sn10,21.93,0.0010606666666666666
Sn10,21.990000000000002,0.0014003333333333333
Sn10,22.049999999999997,0.0018266666666666668
Sn10,22.11,0.002368
Sn10,22.17,0.003046333333333333
Sn10,22.229999999999997,0.003915666666666666
Sn10,22.29,0.004919
Sn10,22.35,0.006128333333333334
Sn10,22.409999999999997,0.007602333333333333
Sn10,22.47,0.009164333333333333
Sn10,22.53,0.011083666666666667
Sn10,22.589999999999996,0.013232333333333334
Sn10,22.65,0.015674
Sn10,22.71,0.018152
Sn10,22.77,0.020857333333333332
Sn10,22.83,0.023734
Sn10,22.89,0.026528
Sn10,22.95,0.029258666666666665
Sn10,23.009999999999998,0.032171333333333337
Sn10,23.07,0.034946
Sn10,23.13,0.037490333333333334
Sn10,23.189999999999998,0.039561
Sn10,23.25,0.04119333333333333
Sn10,23.31,0.04231033333333333
Sn10,23.369999999999997,0.043337
Sn10,23.43,0.043788
Sn10,23.490000000000002,0.043519333333333333
Sn10,23.549999999999997,0.04273766666666667
Sn10,23.61,0.041695666666666666
Sn10,23.67,0.04000033333333333
Sn10,23.729999999999997,0.03806433333333333
Sn10,23.79,0.03573966666666667
Sn10,23.85,0.03305466666666667
Sn10,23.909999999999997,0.030121333333333333
Sn10,23.97,0.027260666666666666
Sn10,24.03,0.024417
Sn10,24.089999999999996,0.021436666666666666
Sn10,24.15,0.018822666666666668
Sn10,24.21,0.016099
Sn10,24.27,0.013685666666666667
Sn10,24.33,0.011450666666666666
Sn10,24.39,0.009503
Sn10,24.45,0.007693
Sn10,24.509999999999998,0.006229
Sn10,24.57,0.004973
Sn10,24.63,0.003939666666666667
Sn10,24.689999999999998,0.003080666666666667
Sn10,24.75,0.002376
Sn10,24.81,0.0018243333333333334
Sn10,24.869999999999997,0.001336
Sn10,24.93,0.0009763333333333333
Sn10,24.990000000000002,0.000731
Sn10,25.049999999999997,0.0005206666666666667
Sn10,25.11,0.00037
Sn10,25.17,0.00026233333333333333
Sn10,25.229999999999997,0.00018833333333333332
Sn10,25.29,0.00013566666666666667
Sn10,25.35,9.1e-05
Sn10,25.409999999999997,5.5333333333333334e-05
Sn10,25.47,3.9666666666666664e-05
Sn10,25.53,2.4333333333333333e-05
Sn10,25.589999999999996,1.4e-05
Sn10,25.65,8e-06
Sn10,25.71,7e-06
Sn10,25.77,3.6666666666666666e-06
Sn10,25.83,2.666666666666667e-06
Sn10,25.89,1.6666666666666667e-06
Sn10,25.95,2.333333333333333e-06
Sn10,26.009999999999998,1e-06
Sn10,26.07,1e-06
Sn10,26.13,0.0
Sn10,26.189999999999998,3.3333333333333335e-07
Sn10,26.25,3.3333333333333335e-07
Sn10,26.31,3.3333333333333335e-07
Ta10,20.43,3.3333333333333335e-07
Ta10,20.490000000000002,0.0
Ta10,20.549999999999997,6.666666666666667e-07
Ta10,20.61,1e-06
Ta10,20.67,2.333333333333333e-06
Ta10,20.729999999999997,2e-06
Ta10,20.79,6.333333333333333e-06
Ta10,20.85,2e-06
Ta10,20.909999999999997,9.666666666666667e-06
Ta10,20.97,1.4666666666666666e-05
Ta10,21.03,2.1e-05
Ta10,21.089999999999996,3.266666666666666e-05
Ta10,21.15,4.1666666666666665e-05
Ta10,21.21,7e-05
Ta10,21.27,0.000101
Ta10,21.33,0.00015366666666666667
Ta10,21.39,0.000193
Ta10,21.45,0.00030233333333333333
Ta10,21.509999999999998,0.0004003333333333333
Ta10,21.57,0.0005363333333333333
Ta10,21.63,0.000759
Ta10,21.689999999999998,0.0009786666666666667
Ta10,21.75,0.0012916666666666667
Ta10,21.81,0.001716
Ta10,21.869999999999997,0.002185
Ta10,21.93,0.002793
Ta10,21.990000000000002,0.003582
Ta10,22.049999999999997,0.004485333333333333
Ta10,22.11,0.005601666666666666
Ta10,22.17,0.006845
Ta10,22.229999999999997,0.008419333333333332
Ta10,22.29,0.009984666666666666
Ta10,22.35,0.012081
Ta10,22.409999999999997,0.014148666666666667
Ta10,22.47,0.01641
Ta10,22.53,0.019078666666666667
Ta10,22.589999999999996,0.021554333333333335
Ta10,22.65,0.024176
Ta10,22.71,0.027164333333333332
Ta10,22.77,0.02961
Ta10,22.83,0.03261833333333333
Ta10,22.89,0.03484433333333333
Ta10,22.95,0.036882333333333336
Ta10,23.009999999999998,0.038984
Ta10,23.07,0.040563666666666665
Ta10,23.13,0.041767
Ta10,23.189999999999998,0.04239366666666667
Ta10,23.25,0.04258633333333333
Ta10,23.31,0.042236333333333334
Ta10,23.369999999999997,0.041743
Ta10,23.43,0.040495666666666666
Ta10,23.490000000000002,0.038797
Ta10,23.549999999999997,0.036977666666666666
Ta10,23.61,0.03467033333333333
Ta10,23.67,0.03209833333333333
Ta10,23.729999999999997,0.029505
Ta10,23.79,0.026839666666666668
Ta10,23.85,0.023863666666666665
Ta10,23.909999999999997,0.021276
Ta10,23.97,0.018488666666666667
Ta10,24.03,0.016053
Ta10,24.089999999999996,0.013635666666666667
Ta10,24.15,0.011589333333333333
Ta10,24.21,0.009621666666666667
Ta10,24.27,0.007929
Ta10,24.33,0.006397666666666667
Ta10,24.39,0.005199333333333334
Ta10,24.45,0.004089333333333334
Ta10,24.509999999999998,0.003285
Ta10,24.57,0.0024833333333333335
Ta10,24.63,0.0019683333333333332
Ta10,24.689999999999998,0.0014366666666666666
Ta10,24.75,0.001115
Ta10,24.81,0.00081
Ta10,24.869999999999997,0.0005863333333333333
Ta10,24.93,0.0004366666666666667
Ta10,24.990000000000002,0.00029433333333333335
Ta10,25.049999999999997,0.00021733333333333332
Ta10,25.11,0.000147
Ta10,25.17,0.00011
Ta10,25.229999999999997,7.4e-05
Ta10,25.29,5.1e-05
Ta10,25.35,2.6333333333333334e-05
Ta10,25.409999999999997,2.0666666666666666e-05
Ta10,25.47,1.2e-05
Ta10,25.53,9.333333333333333e-06
Ta10,25.589999999999996,3.3333333333333333e-06
Ta10,25.65,4.333333333333333e-06
Ta10,25.71,2.666666666666667e-06
Ta10,25.77,6.666666666666667e-07
Ta10,25.83,1.3333333333333334e-06
Ta10,25.89,1e-06
Ta10,25.95,1e-06
Ta10,26.009999999999998,3.3333333333333335e-07
Ta10,26.07,3.3333333333333335e-07
Ta10,26.13,0.0
Ta10,26.189999999999998,3.3333333333333335e-07
Cu10,20.07,3.3333333333333335e-07
Cu10,20.13,0.0
Cu10,20.189999999999998,0.0
Cu10,20.25,1.6666666666666667e-06
Cu10,20.31,2.333333333333333e-06
Cu10,20.369999999999997,1e-06
Cu10,20.43,5e-06
Cu10,20.490000000000002,3.6666666666666666e-06
Cu10,20.549999999999997,6.333333333333333e-06
Cu10,20.61,1.4666666666666666e-05
Cu10,20.67,1.7333333333333332e-05
Cu10,20.729999999999997,2.6e-05
Cu10,20.79,3.9666666666666664e-05
Cu10,20.85,6.0666666666666666e-05
Cu10,20.909999999999997,8.3e-05
Cu10,20.97,0.000133
Cu10,21.03,0.00017133333333333334
Cu10,21.089999999999996,0.00024733333333333335
Cu10,21.15,0.00035233333333333335
Cu10,21.21,0.000456
Cu10,21.27,0.000644
Cu10,21.33,0.0008616666666666666
Cu10,21.39,0.0010816666666666668
Cu10,21.45,0.001463
Cu10,21.509999999999998,0.001899
Cu10,21.57,0.0023843333333333334
Cu10,21.63,0.003112
Cu10,21.689999999999998,0.0038913333333333334
Cu10,21.75,0.004803666666666667
Cu10,21.81,0.005931
Cu10,21.869999999999997,0.007327
Cu10,21.93,0.008782
Cu10,21.990000000000002,0.010520666666666666
Cu10,22.049999999999997,0.012549
Cu10,22.11,0.014562333333333333
Cu10,22.17,0.016825666666666666
Cu10,22.229999999999997,0.019478333333333334
Cu10,22.29,0.021743
Cu10,22.35,0.024641
Cu10,22.409999999999997,0.027282333333333332
Cu10,22.47,0.029655
Cu10,22.53,0.03252533333333334
Cu10,22.589999999999996,0.034743666666666666
Cu10,22.65,0.03663166666666667
Cu10,22.71,0.03868233333333333
Cu10,22.77,0.04005566666666667
Cu10,22.83,0.041224333333333335
Cu10,22.89,0.041797
Cu10,22.95,0.04190766666666667
Cu10,23.009999999999998,0.041495
Cu10,23.07,0.041014
Cu10,23.13,0.03993833333333333
Cu10,23.189999999999998,0.038077
Cu10,23.25,0.03645533333333333
Cu10,23.31,0.034252
Cu10,23.369999999999997,0.031602
Cu10,23.43,0.029184
Cu10,23.490000000000002,0.02656733333333333
Cu10,23.549999999999997,0.023706666666666668
Cu10,23.61,0.021158
Cu10,23.67,0.018531
Cu10,23.729999999999997,0.016024666666666666
Cu10,23.79,0.013832333333333334
Cu10,23.85,0.011645333333333334
Cu10,23.909999999999997,0.009772666666666667
Cu10,23.97,0.008069333333333333
Cu10,24.03,0.006582666666666666
Cu10,24.089999999999996,0.0053226666666666665
Cu10,24.15,0.004253333333333333
Cu10,24.21,0.0034156666666666667
Cu10,24.27,0.0025993333333333333
Cu10,24.33,0.002065
Cu10,24.39,0.0015416666666666667
Cu10,24.45,0.001183
Cu10,24.509999999999998,0.0008876666666666667
Cu10,24.57,0.0006176666666666666
Cu10,24.63,0.0004786666666666667
Cu10,24.689999999999998,0.0003266666666666667
Cu10,24.75,0.00024
Cu10,24.81,0.00017666666666666666
Cu10,24.869999999999997,0.00011866666666666667
Cu10,24.93,7.633333333333334e-05
Cu10,24.990000000000002,5.7e-05
Cu10,25.049999999999997,3.733333333333333e-05
Cu10,25.11,2.4333333333333333e-05
Cu10,25.17,1.3666666666666667e-05
Cu10,25.229999999999997,1.1e-05
Cu10,25.29,5.666666666666667e-06
Cu10,25.35,3e-06
Cu10,25.409999999999997,3.6666666666666666e-06
Cu10,25.47,2e-06
Cu10,25.53,1e-06
Cu10,25.589999999999996,1.3333333333333334e-06
Cu10,25.65,6.666666666666667e-07
Cu10,25.71,6.666666666666667e-07
Cu10,25.77,3.3333333333333335e-07
Cu10,25.83,0.0
Cu10,25.89,0.0
Cu10,25.95,3.3333333333333335e-07
Al_degrader_E6_E5,17.189999999999998,9.090909090909091e-08
Al_degrader_E6_E5,17.25,0.0
Al_degrader_E6_E5,17.310000000000002,0.0
Al_degrader_E6_E5,17.369999999999997,1.8181818181818183e-07
Al_degrader_E6_E5,17.43,1.8181818181818183e-07
Al_degrader_E6_E5,17.490000000000002,7.272727272727273e-07
Al_degrader_E6_E5,17.549999999999997,9.090909090909091e-08
Al_degrader_E6_E5,17.61,7.272727272727273e-07
Al_degrader_E6_E5,17.67,6.363636363636364e-07
Al_degrader_E6_E5,17.729999999999997,1e-06
Al_degrader_E6_E5,17.79,2.9090909090909093e-06
Al_degrader_E6_E5,17.85,2.5454545454545456e-06
Al_degrader_E6_E5,17.909999999999997,4.5454545454545455e-06
Al_degrader_E6_E5,17.97,5.727272727272727e-06
Al_degrader_E6_E5,18.03,7.636363636363636e-06
Al_degrader_E6_E5,18.09,1.3272727272727273e-05
Al_degrader_E6_E5,18.15,1.6272727272727273e-05
Al_degrader_E6_E5,18.21,2.5545454545454546e-05
Al_degrader_E6_E5,18.27,3.1363636363636365e-05
Al_degrader_E6_E5,18.33,4.2727272727272724e-05
Al_degrader_E6_E5,18.39,5.9272727272727275e-05
Al_degrader_E6_E5,18.45,7.863636363636364e-05
Al_degrader_E6_E5,18.509999999999998,0.00010381818181818182
Al_degrader_E6_E5,18.57,0.00013327272727272726
Al_degrader_E6_E5,18.63,0.0001789090909090909
Al_degrader_E6_E5,18.689999999999998,0.0002200909090909091
Al_degrader_E6_E5,18.75,0.0002836363636363636
Al_degrader_E6_E5,18.81,0.0003691818181818182
Al_degrader_E6_E5,18.869999999999997,0.00045954545454545456
Al_degrader_E6_E5,18.93,0.0005812727272727273
Al_degrader_E6_E5,18.990000000000002,0.0006995454545454545
Al_degrader_E6_E5,19.049999999999997,0.0008896363636363636
Al_degrader_E6_E5,19.11,0.0010722727272727273
Al_degrader_E6_E5,19.17,0.0013012727272727273
Al_degrader_E6_E5,19.229999999999997,0.0015812727272727272
Al_degrader_E6_E5,19.29,0.0018758181818181818
Al_degrader_E6_E5,19.35,0.0022501818181818183
Al_degrader_E6_E5,19.409999999999997,0.0026291818181818183
Al_degrader_E6_E5,19.47,0.003066909090909091
Al_degrader_E6_E5,19.53,0.0035604545454545455
Al_degrader_E6_E5,19.59,0.004113818181818182
Al_degrader_E6_E5,19.65,0.004703545454545454
Al_degrader_E6_E5,19.71,0.005275727272727273
Al_degrader_E6_E5,19.77,0.006014545454545455
Al_degrader_E6_E5,19.83,0.006715090909090909
Al_degrader_E6_E5,19.89,0.007491545454545455
Al_degrader_E6_E5,19.95,0.008250363636363636
Al_degrader_E6_E5,20.009999999999998,0.008996
Al_degrader_E6_E5,20.07,0.009844272727272728
Al_degrader_E6_E5,20.13,0.010650909090909091
Al_degrader_E6_E5,20.189999999999998,0.011528818181818182
Al_degrader_E6_E5,20.25,0.012265
Al_degrader_E6_E5,20.31,0.013062363636363636
Al_degrader_E6_E5,20.369999999999997,0.013844909090909092
Al_degrader_E6_E5,20.43,0.014682636363636363
Al_degrader_E6_E5,20.490000000000002,0.015299272727272727
Al_degrader_E6_E5,20.549999999999997,0.016002363636363637
Al_degrader_E6_E5,20.61,0.016597363636363636
Al_degrader_E6_E5,20.67,0.017204727272727274
Al_degrader_E6_E5,20.729999999999997,0.017796636363636365
Al_degrader_E6_E5,20.79,0.018206363636363635
Al_degrader_E6_E5,20.85,0.018656636363636365
Al_degrader_E6_E5,20.909999999999997,0.01907127272727273
Al_degrader_E6_E5,20.97,0.019536636363636364
Al_degrader_E6_E5,21.03,0.019681636363636363
Al_degrader_E6_E5,21.089999999999996,0.020027454545454546
Al_degrader_E6_E5,21.15,0.020262272727272726
Al_degrader_E6_E5,21.21,0.020496272727272728
Al_degrader_E6_E5,21.27,0.020638454545454547
Al_degrader_E6_E5,21.33,0.020786363636363638
Al_degrader_E6_E5,21.39,0.020841
Al_degrader_E6_E5,21.45,0.021022909090909092
Al_degrader_E6_E5,21.509999999999998,0.02112281818181818
Al_degrader_E6_E5,21.57,0.021066363636363637
Al_degrader_E6_E5,21.63,0.021103727272727274
Al_degrader_E6_E5,21.689999999999998,0.02114209090909091
Al_degrader_E6_E5,21.75,0.021187454545454544
Al_degrader_E6_E5,21.81,0.020987636363636365
Al_degrader_E6_E5,21.869999999999997,0.020959363636363637
Al_degrader_E6_E5,21.93,0.020808090909090908
Al_degrader_E6_E5,21.990000000000002,0.020759363636363635
Al_degrader_E6_E5,22.049999999999997,0.020391727272727273
Al_degrader_E6_E5,22.11,0.020155272727272727
Al_degrader_E6_E5,22.17,0.019838545454545456
Al_degrader_E6_E5,22.229999999999997,0.019527
Al_degrader_E6_E5,22.29,0.018988363636363637
Al_degrader_E6_E5,22.35,0.01849690909090909
Al_degrader_E6_E5,22.409999999999997,0.01792181818181818
Al_degrader_E6_E5,22.47,0.017313454545454545
Al_degrader_E6_E5,22.53,0.01659690909090909
Al_degrader_E6_E5,22.589999999999996,0.015835272727272726
Al_degrader_E6_E5,22.65,0.01495
Al_degrader_E6_E5,22.71,0.014168727272727272
Al_degrader_E6_E5,22.77,0.01322609090909091
Al_degrader_E6_E5,22.83,0.012319818181818182
Al_degrader_E6_E5,22.89,0.011338181818181818
Al_degrader_E6_E5,22.95,0.010426545454545454
Al_degrader_E6_E5,23.009999999999998,0.009439
Al_degrader_E6_E5,23.07,0.008534636363636364
Al_degrader_E6_E5,23.13,0.007611818181818181
Al_degrader_E6_E5,23.189999999999998,0.006763545454545454
Al_degrader_E6_E5,23.25,0.005923090909090909
Al_degrader_E6_E5,23.31,0.005162818181818182
Al_degrader_E6_E5,23.369999999999997,0.004423363636363637
Al_degrader_E6_E5,23.43,0.003811636363636364
Al_degrader_E6_E5,23.490000000000002,0.0032093636363636365
Al_degrader_E6_E5,23.549999999999997,0.002684
Al_degrader_E6_E5,23.61,0.002210090909090909
Al_degrader_E6_E5,23.67,0.0018410909090909092
Al_degrader_E6_E5,23.729999999999997,0.001479
Al_degrader_E6_E5,23.79,0.001181
Al_degrader_E6_E5,23.85,0.0009334545454545455
Al_degrader_E6_E5,23.909999999999997,0.0007537272727272728
Al_degrader_E6_E5,23.97,0.000577909090909091
Al_degrader_E6_E5,24.03,0.00043863636363636365
Al_degrader_E6_E5,24.089999999999996,0.00033945454545454546
Al_degrader_E6_E5,24.15,0.0002572727272727273
Al_degrader_E6_E5,24.21,0.00019554545454545454
Al_degrader_E6_E5,24.27,0.00013609090909090908
Al_degrader_E6_E5,24.33,0.00010209090909090908
Al_degrader_E6_E5,24.39,7.309090909090908e-05
Al_degrader_E6_E5,24.45,5.1454545454545455e-05
Al_degrader_E6_E5,24.509999999999998,3.7454545454545454e-05
Al_degrader_E6_E5,24.57,2.5363636363636364e-05
Al_degrader_E6_E5,24.63,1.8545454545454545e-05
Al_degrader_E6_E5,24.689999999999998,1.3090909090909092e-05
Al_degrader_E6_E5,24.75,7.636363636363636e-06
Al_degrader_E6_E5,24.81,5.4545454545454545e-06
Al_degrader_E6_E5,24.869999999999997,3.4545454545454545e-06
Al_degrader_E6_E5,24.93,2.4545454545454544e-06
Al_degrader_E6_E5,24.990000000000002,1.2727272727272728e-06
Al_degrader_E6_E5,25.049999999999997,7.272727272727273e-07
Al_degrader_E6_E5,25.11,7.272727272727273e-07
Al_degrader_E6_E5,25.17,5.454545454545455e-07
Al_degrader_E6_E5,25.229999999999997,2.7272727272727274e-07
Al_degrader_E6_E5,25.29,2.7272727272727274e-07
Al_degrader_E6_E5,25.35,9.090909090909091e-08
Al_degrader_E6_E5,25.409999999999997,2.7272727272727274e-07
Al_degrader_E6_E5,25.47,0.0
Al_degrader_E6_E5,25.53,0.0
Al_degrader_E6_E5,25.589999999999996,0.0
Al_degrader_E6_E5,25.65,9.090909090909091e-08
Ni11,16.77,3.3333333333333335e-07
Ni11,16.83,0.0
Ni11,16.89,0.0
Ni11,16.95,6.666666666666667e-07
Ni11,17.009999999999998,2.333333333333333e-06
Ni11,17.07,1e-06
Ni11,17.13,1e-06
Ni11,17.189999999999998,5e-06
Ni11,17.25,3e-06
Ni11,17.310000000000002,3.6666666666666666e-06
Ni11,17.369999999999997,1.0666666666666667e-05
Ni11,17.43,1.3e-05
Ni11,17.490000000000002,1.9666666666666666e-05
Ni11,17.549999999999997,2.3333333333333332e-05
Ni11,17.61,3.566666666666667e-05
Ni11,17.67,5.133333333333333e-05
Ni11,17.729999999999997,6.766666666666667e-05
Ni11,17.79,0.00011066666666666667
Ni11,17.85,0.000131
Ni11,17.909999999999997,0.00018366666666666667
Ni11,17.97,0.00024233333333333333
Ni11,18.03,0.0003333333333333333
Ni11,18.09,0.00041
Ni11,18.15,0.0005596666666666666
Ni11,18.21,0.0007336666666666666
Ni11,18.27,0.000906
Ni11,18.33,0.0011313333333333334
Ni11,18.39,0.0015053333333333333
Ni11,18.45,0.001847
Ni11,18.509999999999998,0.0022606666666666665
Ni11,18.57,0.0028393333333333335
Ni11,18.63,0.003488
Ni11,18.689999999999998,0.004182666666666667
Ni11,18.75,0.005044666666666667
Ni11,18.81,0.006093
Ni11,18.869999999999997,0.007283666666666667
Ni11,18.93,0.008508
Ni11,18.990000000000002,0.009884333333333334
Ni11,19.049999999999997,0.011591666666666667
Ni11,19.11,0.013176333333333333
Ni11,19.17,0.015073
Ni11,19.229999999999997,0.017077
Ni11,19.29,0.018944
Ni11,19.35,0.021105
Ni11,19.409999999999997,0.023313333333333332
Ni11,19.47,0.025307666666666666
Ni11,19.53,0.027404666666666667
Ni11,19.59,0.029497666666666665
Ni11,19.65,0.031158
Ni11,19.71,0.032768
Ni11,19.77,0.034452666666666666
Ni11,19.83,0.035721666666666665
Ni11,19.89,0.03643766666666667
Ni11,19.95,0.0372
Ni11,20.009999999999998,0.037614
Ni11,20.07,0.03747166666666667
Ni11,20.13,0.03696066666666667
Ni11,20.189999999999998,0.03664833333333333
Ni11,20.25,0.035769333333333334
Ni11,20.31,0.034135
Ni11,20.369999999999997,0.03290266666666666
Ni11,20.43,0.031181
Ni11,20.490000000000002,0.029134333333333335
Ni11,20.549999999999997,0.027241
Ni11,20.61,0.025176
Ni11,20.67,0.022878333333333334
Ni11,20.729999999999997,0.020673666666666667
Ni11,20.79,0.018689
Ni11,20.85,0.016512
Ni11,20.909999999999997,0.014462666666666667
Ni11,20.97,0.012759
Ni11,21.03,0.010863
Ni11,21.089999999999996,0.009357
Ni11,21.15,0.007863
Ni11,21.21,0.006613333333333333
Ni11,21.27,0.005511
Ni11,21.33,0.004526
Ni11,21.39,0.00365
Ni11,21.45,0.0029763333333333334
Ni11,21.509999999999998,0.002382
Ni11,21.57,0.001879
Ni11,21.63,0.001475
Ni11,21.689999999999998,0.0011366666666666667
Ni11,21.75,0.000901
Ni11,21.81,0.0006593333333333334
Ni11,21.869999999999997,0.00048666666666666666
Ni11,21.93,0.0003896666666666667
Ni11,21.990000000000002,0.00028
Ni11,22.049999999999997,0.00019333333333333333
Ni11,22.11,0.00015333333333333334
Ni11,22.17,0.00011066666666666667
Ni11,22.229999999999997,7.033333333333334e-05
Ni11,22.29,5.5e-05
Ni11,22.35,4.1666666666666665e-05
Ni11,22.409999999999997,2.2333333333333332e-05
Ni11,22.47,1.5333333333333334e-05
Ni11,22.53,1.1333333333333334e-05
Ni11,22.589999999999996,8.333333333333334e-06
Ni11,22.65,3.3333333333333333e-06
Ni11,22.71,3.3333333333333333e-06
Ni11,22.77,3e-06
Ni11,22.83,1.6666666666666667e-06
Ni11,22.89,1e-06
Ni11,22.95,1e-06
Ni11,23.009999999999998,6.666666666666667e-07
Ni11,23.07,6.666666666666667e-07
Ni11,23.13,3.3333333333333335e-07
Ni11,23.189999999999998,3.3333333333333335e-07
Ni11,23.25,0.0
Ni11,23.31,0.0
Ni11,23.369999999999997,3.3333333333333335e-07
Sn11,16.65,3.3333333333333335e-07
Sn11,16.71,3.3333333333333335e-07
Sn11,16.77,3.3333333333333335e-07
Sn11,16.83,6.666666666666667e-07
Sn11,16.89,2.666666666666667e-06
Sn11,16.95,3.6666666666666666e-06
Sn11,17.009999999999998,4e-06
Sn11,17.07,5.333333333333334e-06
Sn11,17.13,5.333333333333334e-06
Sn11,17.189999999999998,7.666666666666667e-06
Sn11,17.25,1.2333333333333333e-05
Sn11,17.310000000000002,2.0666666666666666e-05
Sn11,17.369999999999997,3.233333333333333e-05
Sn11,17.43,4.3333333333333334e-05
Sn11,17.490000000000002,5.8666666666666665e-05
Sn11,17.549999999999997,8e-05
Sn11,17.61,0.00011033333333333334
Sn11,17.67,0.00016366666666666667
Sn11,17.729999999999997,0.000217
Sn11,17.79,0.0002936666666666667
Sn11,17.85,0.0003753333333333333
Sn11,17.909999999999997,0.0005056666666666666
Sn11,17.97,0.0006526666666666666
Sn11,18.03,0.0008493333333333333
Sn11,18.09,0.001087
Sn11,18.15,0.0013736666666666667
Sn11,18.21,0.001702
Sn11,18.27,0.002134
Sn11,18.33,0.0026756666666666665
Sn11,18.39,0.0033253333333333334
Sn11,18.45,0.004036
Sn11,18.509999999999998,0.004925333333333334
Sn11,18.57,0.0059496666666666665
Sn11,18.63,0.007056333333333334
Sn11,18.689999999999998,0.008337333333333334
Sn11,18.75,0.009843333333333334
Sn11,18.81,0.011429
Sn11,18.869999999999997,0.013289
Sn11,18.93,0.015219333333333333
Sn11,18.990000000000002,0.017182333333333334
Sn11,19.049999999999997,0.019241333333333333
Sn11,19.11,0.021494666666666665
Sn11,19.17,0.023697
Sn11,19.229999999999997,0.025706333333333335
Sn11,19.29,0.027957666666666665
Sn11,19.35,0.030094333333333334
Sn11,19.409999999999997,0.032139
Sn11,19.47,0.03388633333333333
Sn11,19.53,0.035383
Sn11,19.59,0.03634866666666667
Sn11,19.65,0.037288
Sn11,19.71,0.038067
Sn11,19.77,0.03844033333333333
Sn11,19.83,0.038212666666666666
Sn11,19.89,0.037768666666666666
Sn11,19.95,0.03713933333333334
Sn11,20.009999999999998,0.035999
Sn11,20.07,0.034673
Sn11,20.13,0.033023
Sn11,20.189999999999998,0.031307
Sn11,20.25,0.029151666666666666
Sn11,20.31,0.026905
Sn11,20.369999999999997,0.024708666666666667
Sn11,20.43,0.022441
Sn11,20.490000000000002,0.020218
Sn11,20.549999999999997,0.018040666666666667
Sn11,20.61,0.015937
Sn11,20.67,0.013832
Sn11,20.729999999999997,0.012021
Sn11,20.79,0.010268
Sn11,20.85,0.008703333333333334
Sn11,20.909999999999997,0.007229333333333333
Sn11,20.97,0.006022666666666667
Sn11,21.03,0.004966
Sn11,21.089999999999996,0.004067
Sn11,21.15,0.0032626666666666668
Sn11,21.21,0.0026223333333333333
Sn11,21.27,0.0021016666666666666
Sn11,21.33,0.0016593333333333334
Sn11,21.39,0.0012553333333333333
Sn11,21.45,0.0009473333333333333
Sn11,21.509999999999998,0.0007333333333333333
Sn11,21.57,0.0005573333333333333
Sn11,21.63,0.0004023333333333333
Sn11,21.689999999999998,0.0002953333333333333
Sn11,21.75,0.000221
Sn11,21.81,0.000169
Sn11,21.869999999999997,0.000122
Sn11,21.93,8.566666666666667e-05
Sn11,21.990000000000002,6e-05
Sn11,22.049999999999997,3.6e-05
Sn11,22.11,2.7e-05
Sn11,22.17,1.8666666666666665e-05
Sn11,22.229999999999997,1e-05
Sn11,22.29,6.333333333333333e-06
Sn11,22.35,6e-06
Sn11,22.409999999999997,3.3333333333333333e-06
Sn11,22.47,2.333333333333333e-06
Sn11,22.53,1.6666666666666667e-06
Sn11,22.589999999999996,2e-06
Sn11,22.65,1.3333333333333334e-06
Sn11,22.71,1e-06
Sn11,22.77,3.3333333333333335e-07
Sn11,22.83,0.0
Sn11,22.89,3.3333333333333335e-07
Sn11,22.95,3.3333333333333335e-07
Sn11,23.009999999999998,3.3333333333333335e-07
Ta11,16.29,3.3333333333333335e-07
Ta11,16.35,0.0
Ta11,16.409999999999997,0.0
Ta11,16.47,1e-06
Ta11,16.53,2e-06
Ta11,16.59,1e-06
Ta11,16.65,2e-06
Ta11,16.71,5e-06
Ta11,16.77,2e-06
Ta11,16.83,5e-06
Ta11,16.89,1.2666666666666667e-05
Ta11,16.95,1.1e-05
Ta11,17.009999999999998,1.8e-05
Ta11,17.07,2.8333333333333332e-05
Ta11,17.13,3.3e-05
Ta11,17.189999999999998,5.333333333333333e-05
Ta11,17.25,6.966666666666666e-05
Ta11,17.310000000000002,9.766666666666666e-05
Ta11,17.369999999999997,0.000147
Ta11,17.43,0.00017066666666666668
Ta11,17.490000000000002,0.000246
Ta11,17.549999999999997,0.0003333333333333333
Ta11,17.61,0.00040833333333333336
Ta11,17.67,0.00056
Ta11,17.729999999999997,0.0007136666666666667
Ta11,17.79,0.0009026666666666666
Ta11,17.85,0.0011323333333333333
Ta11,17.909999999999997,0.0014553333333333334
Ta11,17.97,0.0017953333333333332
Ta11,18.03,0.0022126666666666666
Ta11,18.09,0.0027846666666666666
Ta11,18.15,0.003376333333333333
Ta11,18.21,0.004106
Ta11,18.27,0.004964666666666667
Ta11,18.33,0.005877333333333333
Ta11,18.39,0.007109333333333333
Ta11,18.45,0.008206
Ta11,18.509999999999998,0.009685333333333334
Ta11,18.57,0.011279333333333334
Ta11,18.63,0.012846
Ta11,18.689999999999998,0.014625333333333334
Ta11,18.75,0.016721666666666666
Ta11,18.81,0.018567666666666666
Ta11,18.869999999999997,0.020487
Ta11,18.93,0.022869333333333332
Ta11,18.990000000000002,0.024787
Ta11,19.049999999999997,0.026731333333333333
Ta11,19.11,0.029056666666666668
Ta11,19.17,0.030664
Ta11,19.229999999999997,0.032216
Ta11,19.29,0.033979
Ta11,19.35,0.03520266666666667
Ta11,19.409999999999997,0.036241666666666665
Ta11,19.47,0.036790333333333335
Ta11,19.53,0.03712133333333333
Ta11,19.59,0.037386333333333334
Ta11,19.65,0.03698666666666667
Ta11,19.71,0.036586
Ta11,19.77,0.035718
Ta11,19.83,0.034442
Ta11,19.89,0.033022333333333334
Ta11,19.95,0.031537666666666665
Ta11,20.009999999999998,0.029549333333333334
Ta11,20.07,0.027662666666666665
Ta11,20.13,0.025523333333333332
Ta11,20.189999999999998,0.023544666666666665
Ta11,20.25,0.021184
Ta11,20.31,0.019136666666666666
Ta11,20.369999999999997,0.017052
Ta11,20.43,0.015092333333333333
Ta11,20.490000000000002,0.013227
Ta11,20.549999999999997,0.011382
Ta11,20.61,0.009773
Ta11,20.67,0.008319666666666666
Ta11,20.729999999999997,0.007031666666666667
Ta11,20.79,0.005798333333333333
Ta11,20.85,0.004841333333333333
Ta11,20.909999999999997,0.003905333333333333
Ta11,20.97,0.003228
Ta11,21.03,0.002578
Ta11,21.089999999999996,0.002034
Ta11,21.15,0.0016563333333333332
Ta11,21.21,0.0012266666666666667
Ta11,21.27,0.000995
Ta11,21.33,0.0007556666666666666
Ta11,21.39,0.0005453333333333333
Ta11,21.45,0.000429
Ta11,21.509999999999998,0.000312
Ta11,21.57,0.00024066666666666667
Ta11,21.63,0.000166
Ta11,21.689999999999998,0.00012266666666666668
Ta11,21.75,8.866666666666666e-05
Ta11,21.81,6.766666666666667e-05
Ta11,21.869999999999997,4.7e-05
Ta11,21.93,2.5666666666666666e-05
Ta11,21.990000000000002,2.3e-05
Ta11,22.049999999999997,1.0666666666666667e-05
Ta11,22.11,1e-05
Ta11,22.17,6e-06
Ta11,22.229999999999997,3.3333333333333333e-06
Ta11,22.29,3.6666666666666666e-06
Ta11,22.35,2.333333333333333e-06
Ta11,22.409999999999997,6.666666666666667e-07
Ta11,22.47,1.3333333333333334e-06
Ta11,22.53,1e-06
Ta11,22.589999999999996,1e-06
Ta11,22.65,3.3333333333333335e-07
Ta11,22.71,0.0
Ta11,22.77,3.3333333333333335e-07
Ta11,22.83,0.0
Ta11,22.89,3.3333333333333335e-07
Cu11,15.87,3.3333333333333335e-07
Cu11,15.93,0.0
Cu11,15.989999999999998,0.0
Cu11,16.049999999999997,1e-06
Cu11,16.11,1.6666666666666667e-06
Cu11,16.17,1.3333333333333334e-06
Cu11,16.229999999999997,1e-06
Cu11,16.29,3.6666666666666666e-06
Cu11,16.35,4e-06
Cu11,16.409999999999997,3.3333333333333333e-06
Cu11,16.47,1.0666666666666667e-05
Cu11,16.53,1.1666666666666666e-05
Cu11,16.59,1.6e-05
Cu11,16.65,2.1e-05
Cu11,16.71,3.4666666666666665e-05
Cu11,16.77,4.3e-05
Cu11,16.83,6e-05
Cu11,16.89,8.4e-05
Cu11,16.95,0.00012466666666666667
Cu11,17.009999999999998,0.00014566666666666667
Cu11,17.07,0.00020166666666666667
Cu11,17.13,0.0002843333333333333
Cu11,17.189999999999998,0.00035666666666666664
Cu11,17.25,0.00045366666666666667
Cu11,17.310000000000002,0.0006093333333333334
Cu11,17.369999999999997,0.0007833333333333334
Cu11,17.43,0.000932
Cu11,17.490000000000002,0.0012133333333333334
Cu11,17.549999999999997,0.0015466666666666667
Cu11,17.61,0.001878
Cu11,17.67,0.002311333333333333
Cu11,17.729999999999997,0.0028716666666666665
Cu11,17.79,0.003498666666666667
Cu11,17.85,0.004182
Cu11,17.909999999999997,0.005038666666666667
Cu11,17.97,0.00596
Cu11,18.03,0.007126
Cu11,18.09,0.008253666666666666
Cu11,18.15,0.009664666666666667
Cu11,18.21,0.011267333333333334
Cu11,18.27,0.012722
Cu11,18.33,0.014458
Cu11,18.39,0.016456666666666668
Cu11,18.45,0.018173
Cu11,18.509999999999998,0.020075
Cu11,18.57,0.022381333333333333
Cu11,18.63,0.024286333333333333
Cu11,18.689999999999998,0.026078
Cu11,18.75,0.028253
Cu11,18.81,0.029997
Cu11,18.869999999999997,0.031389
Cu11,18.93,0.03309566666666667
Cu11,18.990000000000002,0.03436366666666667
Cu11,19.049999999999997,0.03526166666666666
Cu11,19.11,0.03605866666666667
Cu11,19.17,0.03655
Cu11,19.229999999999997,0.03658366666666667
Cu11,19.29,0.03637666666666667
Cu11,19.35,0.03599666666666667
Cu11,19.409999999999997,0.03539933333333333
Cu11,19.47,0.03424566666666667
Cu11,19.53,0.03277
Cu11,19.59,0.031566333333333335
Cu11,19.65,0.029787666666666667
Cu11,19.71,0.027738
Cu11,19.77,0.025973666666666666
Cu11,19.83,0.024025333333333333
Cu11,19.89,0.02166
Cu11,19.95,0.019755333333333333
Cu11,20.009999999999998,0.017784666666666667
Cu11,20.07,0.015690666666666665
Cu11,20.13,0.013848333333333334
Cu11,20.189999999999998,0.012165
Cu11,20.25,0.010426666666666667
Cu11,20.31,0.008951
Cu11,20.369999999999997,0.007624
Cu11,20.43,0.006364333333333333
Cu11,20.490000000000002,0.005344
Cu11,20.549999999999997,0.004405333333333333
Cu11,20.61,0.003561
Cu11,20.67,0.0029703333333333335
Cu11,20.729999999999997,0.0023236666666666666
Cu11,20.79,0.0018893333333333334
Cu11,20.85,0.0014823333333333333
Cu11,20.909999999999997,0.001141
Cu11,20.97,0.0009136666666666667
Cu11,21.03,0.0006743333333333333
Cu11,21.089999999999996,0.00051
Cu11,21.15,0.00040366666666666665
Cu11,21.21,0.00028066666666666664
Cu11,21.27,0.000218
Cu11,21.33,0.00016233333333333334
Cu11,21.39,0.00011633333333333333
Cu11,21.45,7.7e-05
Cu11,21.509999999999998,6.666666666666667e-05
Cu11,21.57,4.1666666666666665e-05
Cu11,21.63,2.4333333333333333e-05
Cu11,21.689999999999998,2.2e-05
Cu11,21.75,1e-05
Cu11,21.81,9.333333333333333e-06
Cu11,21.869999999999997,6.666666666666667e-06
Cu11,21.93,2.333333333333333e-06
Cu11,21.990000000000002,4e-06
Cu11,22.049999999999997,2.666666666666667e-06
Cu11,22.11,6.666666666666667e-07
Cu11,22.17,1e-06
Cu11,22.229999999999997,1e-06
Cu11,22.29,1e-06
Cu11,22.35,3.3333333333333335e-07
Cu11,22.409999999999997,0.0
Cu11,22.47,3.3333333333333335e-07
Cu11,22.53,0.0
Cu11,22.589999999999996,3.3333333333333335e-07
Al_degrader_E8_E7,12.27,6.666666666666667e-08
Al_degrader_E8_E7,12.329999999999998,0.0
Al_degrader_E8_E7,12.39,0.0
Al_degrader_E8_E7,12.45,0.0
Al_degrader_E8_E7,12.51,6.666666666666667e-08
Al_degrader_E8_E7,12.57,2.6666666666666667e-07
Al_degrader_E8_E7,12.629999999999999,4e-07
Al_degrader_E8_E7,12.69,6.666666666666667e-08
Al_degrader_E8_E7,12.75,1.3333333333333334e-07
Al_degrader_E8_E7,12.809999999999999,4.6666666666666666e-07
Al_degrader_E8_E7,12.870000000000001,6.666666666666667e-07
Al_degrader_E8_E7,12.93,6e-07
Al_degrader_E8_E7,12.989999999999998,6e-07
Al_degrader_E8_E7,13.05,1.8e-06
Al_degrader_E8_E7,13.11,2e-06
Al_degrader_E8_E7,13.169999999999998,2.2e-06
Al_degrader_E8_E7,13.23,3.2666666666666666e-06
Al_degrader_E8_E7,13.29,4.2e-06
Al_degrader_E8_E7,13.35,5.6e-06
Al_degrader_E8_E7,13.41,8.333333333333334e-06
Al_degrader_E8_E7,13.469999999999999,1.0066666666666666e-05
Al_degrader_E8_E7,13.53,1.1866666666666666e-05
Al_degrader_E8_E7,13.59,1.9266666666666666e-05
Al_degrader_E8_E7,13.649999999999999,2.26e-05
Al_degrader_E8_E7,13.71,2.6e-05
Al_degrader_E8_E7,13.77,3.6066666666666665e-05
Al_degrader_E8_E7,13.829999999999998,4.5066666666666667e-05
Al_degrader_E8_E7,13.89,6.226666666666667e-05
Al_degrader_E8_E7,13.95,6.966666666666666e-05
Al_degrader_E8_E7,14.009999999999998,9.133333333333334e-05
Al_degrader_E8_E7,14.07,0.00011353333333333333
Al_degrader_E8_E7,14.129999999999999,0.00014333333333333334
Al_degrader_E8_E7,14.19,0.0001634
Al_degrader_E8_E7,14.25,0.000205
Al_degrader_E8_E7,14.309999999999999,0.000261
Al_degrader_E8_E7,14.37,0.0003127333333333333
Al_degrader_E8_E7,14.43,0.00036553333333333335
Al_degrader_E8_E7,14.489999999999998,0.000449
Al_degrader_E8_E7,14.55,0.000535
Al_degrader_E8_E7,14.61,0.0006478666666666666
Al_degrader_E8_E7,14.669999999999998,0.0007544
Al_degrader_E8_E7,14.73,0.0008896
Al_degrader_E8_E7,14.79,0.0010396
Al_degrader_E8_E7,14.85,0.0012353333333333333
Al_degrader_E8_E7,14.91,0.0014226
Al_degrader_E8_E7,14.969999999999999,0.0016378
Al_degrader_E8_E7,15.03,0.0018888666666666666
Al_degrader_E8_E7,15.09,0.002181933333333333
Al_degrader_E8_E7,15.149999999999999,0.0024752666666666666
Al_degrader_E8_E7,15.21,0.0027844
Al_degrader_E8_E7,15.27,0.0031626
Al_degrader_E8_E7,15.329999999999998,0.003562266666666667
Al_degrader_E8_E7,15.39,0.003961066666666666
Al_degrader_E8_E7,15.45,0.004373533333333333
Al_degrader_E8_E7,15.509999999999998,0.0048922
Al_degrader_E8_E7,15.57,0.005399533333333333
Al_degrader_E8_E7,15.629999999999999,0.005873333333333334
Al_degrader_E8_E7,15.69,0.006416666666666667
Al_degrader_E8_E7,15.75,0.0070102
Al_degrader_E8_E7,15.809999999999999,0.007579933333333334
Al_degrader_E8_E7,15.87,0.008086
Al_degrader_E8_E7,15.93,0.0087218
Al_degrader_E8_E7,15.989999999999998,0.009360533333333334
Al_degrader_E8_E7,16.049999999999997,0.009923733333333334
Al_degrader_E8_E7,16.11,0.010456866666666667
Al_degrader_E8_E7,16.17,0.011089533333333334
Al_degrader_E8_E7,16.229999999999997,0.011685133333333333
Al_degrader_E8_E7,16.29,0.012243133333333333
Al_degrader_E8_E7,16.35,0.012698933333333334
Al_degrader_E8_E7,16.409999999999997,0.013314866666666666
Al_degrader_E8_E7,16.47,0.013813866666666667
Al_degrader_E8_E7,16.53,0.014272066666666666
Al_degrader_E8_E7,16.59,0.014632666666666667
Al_degrader_E8_E7,16.65,0.0151592
Al_degrader_E8_E7,16.71,0.0155722
Al_degrader_E8_E7,16.77,0.015841533333333335
Al_degrader_E8_E7,16.83,0.016168933333333333
Al_degrader_E8_E7,16.89,0.016581733333333334
Al_degrader_E8_E7,16.95,0.0168338
Al_degrader_E8_E7,17.009999999999998,0.017010666666666667
Al_degrader_E8_E7,17.07,0.017276
Al_degrader_E8_E7,17.13,0.017544066666666667
Al_degrader_E8_E7,17.189999999999998,0.017706133333333332
Al_degrader_E8_E7,17.25,0.017776866666666665
Al_degrader_E8_E7,17.310000000000002,0.018024933333333333
Al_degrader_E8_E7,17.369999999999997,0.018163266666666667
Al_degrader_E8_E7,17.43,0.0181566
Al_degrader_E8_E7,17.490000000000002,0.0182814
Al_degrader_E8_E7,17.549999999999997,0.0184108
Al_degrader_E8_E7,17.61,0.018461266666666667
Al_degrader_E8_E7,17.67,0.018415533333333334
Al_degrader_E8_E7,17.729999999999997,0.018495933333333332
Al_degrader_E8_E7,17.79,0.018567266666666665
Al_degrader_E8_E7,17.85,0.0184382
Al_degrader_E8_E7,17.909999999999997,0.018407866666666668
Al_degrader_E8_E7,17.97,0.0183914
Al_degrader_E8_E7,18.03,0.018290866666666666
Al_degrader_E8_E7,18.09,0.018112466666666667
Al_degrader_E8_E7,18.15,0.018013
Al_degrader_E8_E7,18.21,0.017890666666666666
Al_degrader_E8_E7,18.27,0.017566266666666667
Al_degrader_E8_E7,18.33,0.017312533333333335
Al_degrader_E8_E7,18.39,0.0170624
Al_degrader_E8_E7,18.45,0.016706933333333333
Al_degrader_E8_E7,18.509999999999998,0.0162592
Al_degrader_E8_E7,18.57,0.0158958
Al_degrader_E8_E7,18.63,0.015424133333333333
Al_degrader_E8_E7,18.689999999999998,0.014870066666666666
Al_degrader_E8_E7,18.75,0.014293466666666668
Al_degrader_E8_E7,18.81,0.013743866666666667
Al_degrader_E8_E7,18.869999999999997,0.0130894
Al_degrader_E8_E7,18.93,0.012377133333333333
Al_degrader_E8_E7,18.990000000000002,0.0117308
Al_degrader_E8_E7,19.049999999999997,0.011053266666666667
Al_degrader_E8_E7,19.11,0.0102712
Al_degrader_E8_E7,19.17,0.009559066666666666
Al_degrader_E8_E7,19.229999999999997,0.008861866666666666
Al_degrader_E8_E7,19.29,0.008103733333333333
Al_degrader_E8_E7,19.35,0.007381533333333333
Al_degrader_E8_E7,19.409999999999997,0.0067066
Al_degrader_E8_E7,19.47,0.006048466666666667
Al_degrader_E8_E7,19.53,0.0053807333333333335
Al_degrader_E8_E7,19.59,0.004771066666666666
Al_degrader_E8_E7,19.65,0.004229466666666667
Al_degrader_E8_E7,19.71,0.0036809333333333335
Al_degrader_E8_E7,19.77,0.003195466666666667
Al_degrader_E8_E7,19.83,0.0027764666666666668
Al_degrader_E8_E7,19.89,0.0023538
Al_degrader_E8_E7,19.95,0.0020026
Al_degrader_E8_E7,20.009999999999998,0.0016820666666666666
Al_degrader_E8_E7,20.07,0.0014074666666666668
Al_degrader_E8_E7,20.13,0.0011620666666666668
Al_degrader_E8_E7,20.189999999999998,0.0009544
Al_degrader_E8_E7,20.25,0.0007748
Al_degrader_E8_E7,20.31,0.0006306
Al_degrader_E8_E7,20.369999999999997,0.0005009333333333333
Al_degrader_E8_E7,20.43,0.00040166666666666665
Al_degrader_E8_E7,20.490000000000002,0.0003177333333333333
Al_degrader_E8_E7,20.549999999999997,0.00024193333333333332
Al_degrader_E8_E7,20.61,0.000196
Al_degrader_E8_E7,20.67,0.00014666666666666666
Al_degrader_E8_E7,20.729999999999997,0.00010653333333333334
Al_degrader_E8_E7,20.79,8.693333333333334e-05
Al_degrader_E8_E7,20.85,6.16e-05
Al_degrader_E8_E7,20.909999999999997,4.62e-05
Al_degrader_E8_E7,20.97,3.506666666666667e-05
Al_degrader_E8_E7,21.03,2.36e-05
Al_degrader_E8_E7,21.089999999999996,1.7866666666666666e-05
Al_degrader_E8_E7,21.15,1.3733333333333333e-05
Al_degrader_E8_E7,21.21,9.533333333333334e-06
Al_degrader_E8_E7,21.27,6.0666666666666665e-06
Al_degrader_E8_E7,21.33,4.6e-06
Al_degrader_E8_E7,21.39,2.733333333333333e-06
Al_degrader_E8_E7,21.45,2.1333333333333334e-06
Al_degrader_E8_E7,21.509999999999998,1.6666666666666667e-06
Al_degrader_E8_E7,21.57,5.333333333333333e-07
Al_degrader_E8_E7,21.63,6e-07
Al_degrader_E8_E7,21.689999999999998,6e-07
Al_degrader_E8_E7,21.75,3.3333333333333335e-07
Al_degrader_E8_E7,21.81,2e-07
Al_degrader_E8_E7,21.869999999999997,2e-07
Al_degrader_E8_E7,21.93,1.3333333333333334e-07
Al_degrader_E8_E7,21.990000000000002,1.3333333333333334e-07
Al_degrader_E8_E7,22.049999999999997,6.666666666666667e-08
Al_degrader_E8_E7,22.11,6.666666666666667e-08
Al_degrader_E8_E7,22.17,0.0
Al_degrader_E8_E7,22.229999999999997,0.0
Al_degrader_E8_E7,22.29,6.666666666666667e-08
Ni12,11.73,3.3333333333333335e-07
Ni12,11.79,0.0
Ni12,11.85,0.0
Ni12,11.91,0.0
Ni12,11.969999999999999,6.666666666666667e-07
Ni12,12.03,1e-06
Ni12,12.09,2e-06
Ni12,12.149999999999999,3.3333333333333335e-07
Ni12,12.21,1e-06
Ni12,12.27,3.3333333333333333e-06
Ni12,12.329999999999998,3e-06
Ni12,12.39,3.3333333333333333e-06
Ni12,12.45,3e-06
Ni12,12.51,8.666666666666666e-06
Ni12,12.57,1.0333333333333333e-05
Ni12,12.629999999999999,1.3e-05
Ni12,12.69,1.4333333333333334e-05
Ni12,12.75,2.1333333333333335e-05
Ni12,12.809999999999999,2.6333333333333334e-05
Ni12,12.870000000000001,3.933333333333333e-05
Ni12,12.93,4.7333333333333336e-05
Ni12,12.989999999999998,5.6e-05
Ni12,13.05,8.966666666666667e-05
Ni12,13.11,0.00010266666666666666
Ni12,13.169999999999998,0.00011966666666666667
Ni12,13.23,0.000162
Ni12,13.29,0.000211
Ni12,13.35,0.000273
Ni12,13.41,0.00030766666666666665
Ni12,13.469999999999999,0.0004023333333333333
Ni12,13.53,0.000493
Ni12,13.59,0.000623
Ni12,13.649999999999999,0.0007293333333333334
Ni12,13.71,0.000858
Ni12,13.77,0.0010923333333333334
Ni12,13.829999999999998,0.0013043333333333333
Ni12,13.89,0.0015586666666666668
Ni12,13.95,0.0018286666666666666
Ni12,14.009999999999998,0.002206
Ni12,14.07,0.002598
Ni12,14.129999999999999,0.0030713333333333335
Ni12,14.19,0.0035306666666666668
Ni12,14.25,0.004123
Ni12,14.309999999999999,0.004834
Ni12,14.37,0.005597
Ni12,14.43,0.006318666666666667
Ni12,14.489999999999998,0.0073026666666666665
Ni12,14.55,0.008195333333333334
Ni12,14.61,0.009406333333333333
Ni12,14.669999999999998,0.010419
Ni12,14.73,0.011568
Ni12,14.79,0.012945666666666666
Ni12,14.85,0.014330666666666667
Ni12,14.91,0.015549
Ni12,14.969999999999999,0.016915666666666666
Ni12,15.03,0.01863333333333333
Ni12,15.09,0.020009333333333334
Ni12,15.149999999999999,0.021375
Ni12,15.21,0.022796
Ni12,15.27,0.024293333333333333
Ni12,15.329999999999998,0.025455666666666668
Ni12,15.39,0.026633666666666667
Ni12,15.45,0.02774333333333333
Ni12,15.509999999999998,0.028885
Ni12,15.57,0.029625666666666668
Ni12,15.629999999999999,0.030239
Ni12,15.69,0.030817
Ni12,15.75,0.031224333333333333
Ni12,15.809999999999999,0.031307
Ni12,15.87,0.031111333333333335
Ni12,15.93,0.030843333333333334
Ni12,15.989999999999998,0.030727
Ni12,16.049999999999997,0.030095666666666666
Ni12,16.11,0.029086
Ni12,16.17,0.028172333333333334
Ni12,16.229999999999997,0.027223666666666667
Ni12,16.29,0.026028
Ni12,16.35,0.024604333333333332
Ni12,16.409999999999997,0.023251666666666667
Ni12,16.47,0.021818
Ni12,16.53,0.020319666666666666
Ni12,16.59,0.01869
Ni12,16.65,0.017168333333333334
Ni12,16.71,0.015776666666666668
Ni12,16.77,0.014260666666666666
Ni12,16.83,0.012766
Ni12,16.89,0.011389333333333333
Ni12,16.95,0.010214333333333334
Ni12,17.009999999999998,0.008887666666666667
Ni12,17.07,0.007840666666666666
Ni12,17.13,0.006772666666666666
Ni12,17.189999999999998,0.005829333333333333
Ni12,17.25,0.005003333333333334
Ni12,17.310000000000002,0.004284333333333334
Ni12,17.369999999999997,0.003598333333333333
Ni12,17.43,0.0029893333333333334
Ni12,17.490000000000002,0.002523
Ni12,17.549999999999997,0.002067
Ni12,17.61,0.001713
Ni12,17.67,0.0013973333333333333
Ni12,17.729999999999997,0.0011053333333333334
Ni12,17.79,0.0009193333333333333
Ni12,17.85,0.0007353333333333333
Ni12,17.909999999999997,0.0005583333333333333
Ni12,17.97,0.0004296666666666667
Ni12,18.03,0.00036333333333333335
Ni12,18.09,0.00025966666666666667
Ni12,18.15,0.00020666666666666666
Ni12,18.21,0.000155
Ni12,18.27,0.00012
Ni12,18.33,9.566666666666667e-05
Ni12,18.39,6.166666666666667e-05
Ni12,18.45,5.433333333333333e-05
Ni12,18.509999999999998,3.6666666666666666e-05
Ni12,18.57,2.3333333333333332e-05
Ni12,18.63,1.9333333333333333e-05
Ni12,18.689999999999998,1.2333333333333333e-05
Ni12,18.75,9e-06
Ni12,18.81,8e-06
Ni12,18.869999999999997,3.3333333333333333e-06
Ni12,18.93,2.333333333333333e-06
Ni12,18.990000000000002,3.6666666666666666e-06
Ni12,19.049999999999997,1.6666666666666667e-06
Ni12,19.11,1e-06
Ni12,19.17,6.666666666666667e-07
Ni12,19.229999999999997,1e-06
Ni12,19.29,6.666666666666667e-07
Ni12,19.35,6.666666666666667e-07
Ni12,19.409999999999997,3.3333333333333335e-07
Ni12,19.47,3.3333333333333335e-07
Ni12,19.53,0.0
Ni12,19.59,0.0
Ni12,19.65,3.3333333333333335e-07
Sn12,11.55,3.3333333333333335e-07
Sn12,11.61,3.3333333333333335e-07
Sn12,11.669999999999998,0.0
Sn12,11.73,3.3333333333333335e-07
Sn12,11.79,6.666666666666667e-07
Sn12,11.85,6.666666666666667e-07
Sn12,11.91,3.3333333333333333e-06
Sn12,11.969999999999999,2e-06
Sn12,12.03,2.333333333333333e-06
Sn12,12.09,4.333333333333333e-06
Sn12,12.149999999999999,4e-06
Sn12,12.21,4.333333333333333e-06
Sn12,12.27,4.666666666666666e-06
Sn12,12.329999999999998,9.666666666666667e-06
Sn12,12.39,1.2333333333333333e-05
Sn12,12.45,1.7e-05
Sn12,12.51,2.6333333333333334e-05
Sn12,12.57,3.066666666666667e-05
Sn12,12.629999999999999,4e-05
Sn12,12.69,4.966666666666667e-05
Sn12,12.75,6.6e-05
Sn12,12.809999999999999,8.333333333333333e-05
Sn12,12.870000000000001,0.00011733333333333333
Sn12,12.93,0.00015
Sn12,12.989999999999998,0.00018166666666666667
Sn12,13.05,0.00023566666666666666
Sn12,13.11,0.000285
Sn12,13.169999999999998,0.000352
Sn12,13.23,0.00045466666666666664
Sn12,13.29,0.0005483333333333333
Sn12,13.35,0.000685
Sn12,13.41,0.000809
Sn12,13.469999999999999,0.0010113333333333333
Sn12,13.53,0.0011923333333333334
Sn12,13.59,0.001422
Sn12,13.649999999999999,0.001724
Sn12,13.71,0.002056
Sn12,13.77,0.0024256666666666667
Sn12,13.829999999999998,0.002903666666666667
Sn12,13.89,0.0033803333333333333
Sn12,13.95,0.0039956666666666665
Sn12,14.009999999999998,0.004652333333333333
Sn12,14.07,0.0053363333333333336
Sn12,14.129999999999999,0.006134
Sn12,14.19,0.006993333333333333
Sn12,14.25,0.00805
Sn12,14.309999999999999,0.009148333333333333
Sn12,14.37,0.0103
Sn12,14.43,0.011498666666666667
Sn12,14.489999999999998,0.012872
Sn12,14.55,0.014199333333333333
Sn12,14.61,0.015628666666666666
Sn12,14.669999999999998,0.017107666666666667
Sn12,14.73,0.018574
Sn12,14.79,0.020010333333333335
Sn12,14.85,0.021474666666666666
Sn12,14.91,0.022876
Sn12,14.969999999999999,0.024454666666666666
Sn12,15.03,0.02591
Sn12,15.09,0.027232666666666665
Sn12,15.149999999999999,0.028366666666666665
Sn12,15.21,0.029250333333333333
Sn12,15.27,0.030038333333333334
Sn12,15.329999999999998,0.030666666666666665
Sn12,15.39,0.031308
Sn12,15.45,0.031673
Sn12,15.509999999999998,0.03185
Sn12,15.57,0.03168933333333333
Sn12,15.629999999999999,0.031428
Sn12,15.69,0.031069333333333334
Sn12,15.75,0.030445
Sn12,15.809999999999999,0.029536333333333335
Sn12,15.87,0.028555666666666667
Sn12,15.93,0.027440666666666665
Sn12,15.989999999999998,0.026247
Sn12,16.049999999999997,0.024801666666666666
Sn12,16.11,0.023251333333333332
Sn12,16.17,0.021818333333333332
Sn12,16.229999999999997,0.020186
Sn12,16.29,0.018612666666666666
Sn12,16.35,0.017089333333333335
Sn12,16.409999999999997,0.015521666666666666
Sn12,16.47,0.014021666666666667
Sn12,16.53,0.012510333333333333
Sn12,16.59,0.011169666666666666
Sn12,16.65,0.009893
Sn12,16.71,0.008673
Sn12,16.77,0.007505
Sn12,16.83,0.006487
Sn12,16.89,0.005526333333333334
Sn12,16.95,0.004759
Sn12,17.009999999999998,0.003977666666666667
Sn12,17.07,0.0033703333333333333
Sn12,17.13,0.0027966666666666665
Sn12,17.189999999999998,0.0023293333333333334
Sn12,17.25,0.0019403333333333334
Sn12,17.310000000000002,0.001595
Sn12,17.369999999999997,0.0012826666666666668
Sn12,17.43,0.0010066666666666666
Sn12,17.490000000000002,0.0007966666666666667
Sn12,17.549999999999997,0.0006386666666666666
Sn12,17.61,0.0005113333333333334
Sn12,17.67,0.00038566666666666664
Sn12,17.729999999999997,0.00029833333333333334
Sn12,17.79,0.000231
Sn12,17.85,0.00017566666666666666
Sn12,17.909999999999997,0.00014266666666666667
Sn12,17.97,0.000109
Sn12,18.03,8.2e-05
Sn12,18.09,5.3666666666666666e-05
Sn12,18.15,3.866666666666667e-05
Sn12,18.21,3.0333333333333333e-05
Sn12,18.27,2.3e-05
Sn12,18.33,1.4333333333333334e-05
Sn12,18.39,8.666666666666666e-06
Sn12,18.45,5.333333333333334e-06
Sn12,18.509999999999998,5.666666666666667e-06
Sn12,18.57,5e-06
Sn12,18.63,2e-06
Sn12,18.689999999999998,1.3333333333333334e-06
Sn12,18.75,1.3333333333333334e-06
Sn12,18.81,1.6666666666666667e-06
Sn12,18.869999999999997,1.6666666666666667e-06
Sn12,18.93,1e-06
Sn12,18.990000000000002,3.3333333333333335e-07
Sn12,19.049999999999997,0.0
Sn12,19.11,0.0
Sn12,19.17,3.3333333333333335e-07
Sn12,19.229999999999997,3.3333333333333335e-07
Sn12,19.29,3.3333333333333335e-07
Ta12,11.07,3.3333333333333335e-07
Ta12,11.129999999999999,0.0
Ta12,11.19,0.0
Ta12,11.25,0.0
Ta12,11.309999999999999,6.666666666666667e-07
Ta12,11.370000000000001,1e-06
Ta12,11.43,1.6666666666666667e-06
Ta12,11.489999999999998,6.666666666666667e-07
Ta12,11.55,1e-06
Ta12,11.61,2.333333333333333e-06
Ta12,11.669999999999998,4.666666666666666e-06
Ta12,11.73,6.666666666666667e-07
Ta12,11.79,3.3333333333333333e-06
Ta12,11.85,5.666666666666667e-06
Ta12,11.91,1.1e-05
Ta12,11.969999999999999,7.666666666666667e-06
Ta12,12.03,1.2333333333333333e-05
Ta12,12.09,1.7333333333333332e-05
Ta12,12.149999999999999,2.5666666666666666e-05
Ta12,12.21,2.4666666666666665e-05
Ta12,12.27,4.1666666666666665e-05
Ta12,12.329999999999998,4.7e-05
Ta12,12.39,6.3e-05
Ta12,12.45,8.1e-05
Ta12,12.51,0.00011633333333333333
Ta12,12.57,0.00012466666666666667
Ta12,12.629999999999999,0.00016366666666666667
Ta12,12.69,0.00021733333333333332
Ta12,12.75,0.00025833333333333334
Ta12,12.809999999999999,0.00030933333333333334
Ta12,12.870000000000001,0.000397
Ta12,12.93,0.0004956666666666667
Ta12,12.989999999999998,0.000598
Ta12,13.05,0.0007113333333333333
Ta12,13.11,0.0008506666666666667
Ta12,13.169999999999998,0.0010406666666666667
Ta12,13.23,0.001291
Ta12,13.29,0.001475
Ta12,13.35,0.0017683333333333333
Ta12,13.41,0.0021193333333333333
Ta12,13.469999999999999,0.0024876666666666667
Ta12,13.53,0.002902
Ta12,13.59,0.0033913333333333334
Ta12,13.649999999999999,0.0039306666666666665
Ta12,13.71,0.004555333333333333
Ta12,13.77,0.005246
Ta12,13.829999999999998,0.006088666666666667
Ta12,13.89,0.006836
Ta12,13.95,0.007793
Ta12,14.009999999999998,0.008872
Ta12,14.07,0.009832666666666667
Ta12,14.129999999999999,0.010991666666666667
Ta12,14.19,0.012171333333333333
Ta12,14.25,0.013642
Ta12,14.309999999999999,0.014857666666666667
Ta12,14.37,0.016085
Ta12,14.43,0.01755
Ta12,14.489999999999998,0.019092333333333333
Ta12,14.55,0.020408666666666665
Ta12,14.61,0.021676333333333332
Ta12,14.669999999999998,0.023358666666666666
Ta12,14.73,0.024418
Ta12,14.79,0.025622666666666665
Ta12,14.85,0.026800333333333332
Ta12,14.91,0.027838
Ta12,14.969999999999999,0.028784666666666667
Ta12,15.03,0.029435333333333334
Ta12,15.09,0.030173666666666668
Ta12,15.149999999999999,0.030429666666666667
Ta12,15.21,0.03072333333333333
Ta12,15.27,0.030904666666666667
Ta12,15.329999999999998,0.030699666666666667
Ta12,15.39,0.03032433333333333
Ta12,15.45,0.030098333333333335
Ta12,15.509999999999998,0.029399333333333333
Ta12,15.57,0.0285
Ta12,15.629999999999999,0.027561333333333334
Ta12,15.69,0.026575333333333333
Ta12,15.75,0.025281666666666668
Ta12,15.809999999999999,0.023981
Ta12,15.87,0.022637
Ta12,15.93,0.021153
Ta12,15.989999999999998,0.01982333333333333
Ta12,16.049999999999997,0.018162666666666667
Ta12,16.11,0.016643333333333333
Ta12,16.17,0.015425
Ta12,16.229999999999997,0.013760666666666666
Ta12,16.29,0.012486666666666667
Ta12,16.35,0.011171333333333333
Ta12,16.409999999999997,0.00982
Ta12,16.47,0.008770666666666666
Ta12,16.53,0.007600333333333333
Ta12,16.59,0.006638
Ta12,16.65,0.005756
Ta12,16.71,0.004882
Ta12,16.77,0.004197333333333333
Ta12,16.83,0.003534666666666667
Ta12,16.89,0.0029636666666666665
Ta12,16.95,0.0025456666666666666
Ta12,17.009999999999998,0.002018
Ta12,17.07,0.001706
Ta12,17.13,0.0014203333333333333
Ta12,17.189999999999998,0.001107
Ta12,17.25,0.0009186666666666667
Ta12,17.310000000000002,0.0007446666666666667
Ta12,17.369999999999997,0.0005583333333333333
Ta12,17.43,0.00044633333333333336
Ta12,17.490000000000002,0.00036
Ta12,17.549999999999997,0.00027633333333333335
Ta12,17.61,0.00021766666666666665
Ta12,17.67,0.00015866666666666666
Ta12,17.729999999999997,0.00012533333333333334
Ta12,17.79,9.833333333333333e-05
Ta12,17.85,6.766666666666667e-05
Ta12,17.909999999999997,5.8e-05
Ta12,17.97,4.2e-05
Ta12,18.03,2.3e-05
Ta12,18.09,2.0666666666666666e-05
Ta12,18.15,1.5333333333333334e-05
Ta12,18.21,8.666666666666666e-06
Ta12,18.27,8.333333333333334e-06
Ta12,18.33,4.666666666666666e-06
Ta12,18.39,2.666666666666667e-06
Ta12,18.45,3e-06
Ta12,18.509999999999998,2.666666666666667e-06
Ta12,18.57,1.6666666666666667e-06
Ta12,18.63,6.666666666666667e-07
Ta12,18.689999999999998,6.666666666666667e-07
Ta12,18.75,1e-06
Ta12,18.81,1e-06
Ta12,18.869999999999997,3.3333333333333335e-07
Ta12,18.93,0.0
Ta12,18.990000000000002,3.3333333333333335e-07
Ta12,19.049999999999997,0.0
Ta12,19.11,0.0
Ta12,19.17,3.3333333333333335e-07
Cu12,10.53,3.3333333333333335e-07
Cu12,10.59,0.0
Cu12,10.649999999999999,0.0
Cu12,10.71,0.0
Cu12,10.77,6.666666666666667e-07
Cu12,10.829999999999998,1e-06
Cu12,10.89,2e-06
Cu12,10.95,3.3333333333333335e-07
Cu12,11.01,3.3333333333333335e-07
Cu12,11.07,2.666666666666667e-06
Cu12,11.129999999999999,3.3333333333333333e-06
Cu12,11.19,2e-06
Cu12,11.25,2.666666666666667e-06
Cu12,11.309999999999999,4.333333333333333e-06
Cu12,11.370000000000001,9e-06
Cu12,11.43,1.0333333333333333e-05
Cu12,11.489999999999998,1.0666666666666667e-05
Cu12,11.55,1.4e-05
Cu12,11.61,2e-05
Cu12,11.669999999999998,2.8e-05
Cu12,11.73,3.066666666666667e-05
Cu12,11.79,4.266666666666667e-05
Cu12,11.85,5.0333333333333335e-05
Cu12,11.91,7.2e-05
Cu12,11.969999999999999,9.266666666666666e-05
Cu12,12.03,0.000106
Cu12,12.09,0.000136
Cu12,12.149999999999999,0.000171
Cu12,12.21,0.00021766666666666665
Cu12,12.27,0.000276
Cu12,12.329999999999998,0.00030366666666666666
Cu12,12.39,0.000395
Cu12,12.45,0.0004933333333333334
Cu12,12.51,0.0006043333333333333
Cu12,12.57,0.0006876666666666666
Cu12,12.629999999999999,0.0008306666666666666
Cu12,12.69,0.001017
Cu12,12.75,0.0012253333333333333
Cu12,12.809999999999999,0.0014353333333333334
Cu12,12.870000000000001,0.00166
Cu12,12.93,0.0020193333333333335
Cu12,12.989999999999998,0.002347
Cu12,13.05,0.0027746666666666666
Cu12,13.11,0.003184666666666667
Cu12,13.169999999999998,0.003672
Cu12,13.23,0.004230666666666666
Cu12,13.29,0.004909
Cu12,13.35,0.005673
Cu12,13.41,0.006315333333333333
Cu12,13.469999999999999,0.007200666666666667
Cu12,13.53,0.008138666666666667
Cu12,13.59,0.009204333333333333
Cu12,13.649999999999999,0.010098333333333334
Cu12,13.71,0.011251333333333334
Cu12,13.77,0.012483666666666667
Cu12,13.829999999999998,0.013764666666666666
Cu12,13.89,0.014902333333333333
Cu12,13.95,0.016100333333333335
Cu12,14.009999999999998,0.017730333333333334
Cu12,14.07,0.018896666666666666
Cu12,14.129999999999999,0.020258333333333333
Cu12,14.19,0.021515666666666666
Cu12,14.25,0.022979333333333334
Cu12,14.309999999999999,0.024118666666666667
Cu12,14.37,0.025004
Cu12,14.43,0.026266666666666667
Cu12,14.489999999999998,0.027247
Cu12,14.55,0.028168666666666668
Cu12,14.61,0.028712666666666668
Cu12,14.669999999999998,0.029302666666666668
Cu12,14.73,0.029709333333333334
Cu12,14.79,0.030067666666666666
Cu12,14.85,0.030077
Cu12,14.91,0.029902
Cu12,14.969999999999999,0.029541666666666667
Cu12,15.03,0.029441333333333333
Cu12,15.09,0.028753666666666667
Cu12,15.149999999999999,0.027876
Cu12,15.21,0.027061333333333333
Cu12,15.27,0.026147666666666666
Cu12,15.329999999999998,0.024957
Cu12,15.39,0.023680666666666666
Cu12,15.45,0.022501
Cu12,15.509999999999998,0.021072
Cu12,15.57,0.019859666666666668
Cu12,15.629999999999999,0.018177
Cu12,15.69,0.01683633333333333
Cu12,15.75,0.015464666666666666
Cu12,15.809999999999999,0.014118
Cu12,15.87,0.012768333333333333
Cu12,15.93,0.011411666666666667
Cu12,15.989999999999998,0.010291
Cu12,16.049999999999997,0.009067666666666667
Cu12,16.11,0.007986333333333333
Cu12,16.17,0.007028666666666667
Cu12,16.229999999999997,0.006047
Cu12,16.29,0.005278
Cu12,16.35,0.004522
Cu12,16.409999999999997,0.003838666666666667
Cu12,16.47,0.003276666666666667
Cu12,16.53,0.0027376666666666665
Cu12,16.59,0.002324333333333333
Cu12,16.65,0.001867
Cu12,16.71,0.0015996666666666668
Cu12,16.77,0.001305
Cu12,16.83,0.001024
Cu12,16.89,0.0008686666666666667
Cu12,16.95,0.000707
Cu12,17.009999999999998,0.000513
Cu12,17.07,0.000425
Cu12,17.13,0.00034766666666666664
Cu12,17.189999999999998,0.0002536666666666667
Cu12,17.25,0.00021466666666666666
Cu12,17.310000000000002,0.00014566666666666667
Cu12,17.369999999999997,0.000126
Cu12,17.43,9.5e-05
Cu12,17.490000000000002,6.2e-05
Cu12,17.549999999999997,5.633333333333333e-05
Cu12,17.61,4e-05
Cu12,17.67,2.6666666666666667e-05
Cu12,17.729999999999997,1.9666666666666666e-05
Cu12,17.79,1.5333333333333334e-05
Cu12,17.85,7.666666666666667e-06
Cu12,17.909999999999997,8.333333333333334e-06
Cu12,17.97,6e-06
Cu12,18.03,2.666666666666667e-06
Cu12,18.09,2.666666666666667e-06
Cu12,18.15,2.666666666666667e-06
Cu12,18.21,1.6666666666666667e-06
Cu12,18.27,6.666666666666667e-07
Cu12,18.33,1e-06
Cu12,18.39,1e-06
Cu12,18.45,6.666666666666667e-07
Cu12,18.509999999999998,3.3333333333333335e-07
Cu12,18.57,3.3333333333333335e-07
Cu12,18.63,3.3333333333333335e-07
Cu12,18.689999999999998,0.0
Cu12,18.75,0.0
Cu12,18.81,3.3333333333333335e-07
Al_degrader_E9,8.07,8.333333333333334e-08
Al_degrader_E9,8.129999999999999,0.0
Al_degrader_E9,8.19,0.0
Al_degrader_E9,8.25,0.0
Al_degrader_E9,8.309999999999999,8.333333333333334e-08
Al_degrader_E9,8.370000000000001,1.6666666666666668e-07
Al_degrader_E9,8.43,1.6666666666666668e-07
Al_degrader_E9,8.489999999999998,1.6666666666666668e-07
Al_degrader_E9,8.55,4.1666666666666667e-07
Al_degrader_E9,8.61,2.5e-07
Al_degrader_E9,8.67,2.5e-07
Al_degrader_E9,8.73,5e-07
Al_degrader_E9,8.79,7.5e-07
Al_degrader_E9,8.85,6.666666666666667e-07
Al_degrader_E9,8.91,5e-07
Al_degrader_E9,8.969999999999999,1e-06
Al_degrader_E9,9.030000000000001,1.6666666666666667e-06
Al_degrader_E9,9.09,1.75e-06
Al_degrader_E9,9.149999999999999,2.0833333333333334e-06
Al_degrader_E9,9.21,2.9166666666666666e-06
Al_degrader_E9,9.27,3.916666666666667e-06
Al_degrader_E9,9.329999999999998,3.6666666666666666e-06
Al_degrader_E9,9.39,5.666666666666667e-06
Al_degrader_E9,9.45,6.916666666666667e-06
Al_degrader_E9,9.51,9.416666666666667e-06
Al_degrader_E9,9.57,1.0416666666666666e-05
Al_degrader_E9,9.629999999999999,1.275e-05
Al_degrader_E9,9.69,1.5916666666666666e-05
Al_degrader_E9,9.75,2.1333333333333335e-05
Al_degrader_E9,9.809999999999999,2.6666666666666667e-05
Al_degrader_E9,9.870000000000001,2.875e-05
Al_degrader_E9,9.93,3.6666666666666666e-05
Al_degrader_E9,9.989999999999998,4.791666666666667e-05
Al_degrader_E9,10.05,5.5333333333333334e-05
Al_degrader_E9,10.11,6.5e-05
Al_degrader_E9,10.169999999999998,8.441666666666667e-05
Al_degrader_E9,10.23,9.608333333333333e-05
Al_degrader_E9,10.29,0.000111
Al_degrader_E9,10.35,0.00014416666666666666
Al_degrader_E9,10.41,0.00016458333333333334
Al_degrader_E9,10.469999999999999,0.00019766666666666666
Al_degrader_E9,10.53,0.00022858333333333332
Al_degrader_E9,10.59,0.0002745
Al_degrader_E9,10.649999999999999,0.00032475
Al_degrader_E9,10.71,0.00037633333333333334
Al_degrader_E9,10.77,0.0004415833333333333
Al_degrader_E9,10.829999999999998,0.0005168333333333333
Al_degrader_E9,10.89,0.00060325
Al_degrader_E9,10.95,0.0007035
Al_degrader_E9,11.01,0.0008025833333333333
Al_degrader_E9,11.07,0.0009491666666666666
Al_degrader_E9,11.129999999999999,0.0010746666666666667
Al_degrader_E9,11.19,0.0012410833333333334
Al_degrader_E9,11.25,0.0014198333333333333
Al_degrader_E9,11.309999999999999,0.001622
Al_degrader_E9,11.370000000000001,0.00184075
Al_degrader_E9,11.43,0.0020910833333333332
Al_degrader_E9,11.489999999999998,0.002359916666666667
Al_degrader_E9,11.55,0.0026748333333333333
Al_degrader_E9,11.61,0.0030024166666666667
Al_degrader_E9,11.669999999999998,0.0033479166666666666
Al_degrader_E9,11.73,0.0037576666666666665
Al_degrader_E9,11.79,0.004157083333333333
Al_degrader_E9,11.85,0.004634166666666667
Al_degrader_E9,11.91,0.00513925
Al_degrader_E9,11.969999999999999,0.00561725
Al_degrader_E9,12.03,0.006174166666666666
Al_degrader_E9,12.09,0.006779583333333334
Al_degrader_E9,12.149999999999999,0.0074
Al_degrader_E9,12.21,0.008021
Al_degrader_E9,12.27,0.008724583333333334
Al_degrader_E9,12.329999999999998,0.009441916666666666
Al_degrader_E9,12.39,0.01014625
Al_degrader_E9,12.45,0.0108945
Al_degrader_E9,12.51,0.01166625
Al_degrader_E9,12.57,0.012422833333333333
Al_degrader_E9,12.629999999999999,0.01321925
Al_degrader_E9,12.69,0.014011666666666667
Al_degrader_E9,12.75,0.014817666666666666
Al_degrader_E9,12.809999999999999,0.015609333333333333
Al_degrader_E9,12.870000000000001,0.016378333333333335
Al_degrader_E9,12.93,0.017127
Al_degrader_E9,12.989999999999998,0.017935083333333334
Al_degrader_E9,13.05,0.018612666666666666
Al_degrader_E9,13.11,0.019282833333333332
Al_degrader_E9,13.169999999999998,0.019987333333333333
Al_degrader_E9,13.23,0.020589333333333334
Al_degrader_E9,13.29,0.021121666666666667
Al_degrader_E9,13.35,0.021677666666666668
Al_degrader_E9,13.41,0.022129333333333334
Al_degrader_E9,13.469999999999999,0.022505916666666667
Al_degrader_E9,13.53,0.022863916666666668
Al_degrader_E9,13.59,0.023094416666666666
Al_degrader_E9,13.649999999999999,0.023316916666666666
Al_degrader_E9,13.71,0.023407583333333332
Al_degrader_E9,13.77,0.023428666666666667
Al_degrader_E9,13.829999999999998,0.02346025
Al_degrader_E9,13.89,0.023305333333333334
Al_degrader_E9,13.95,0.023095833333333333
Al_degrader_E9,14.009999999999998,0.0228745
Al_degrader_E9,14.07,0.022518
Al_degrader_E9,14.129999999999999,0.022105333333333334
Al_degrader_E9,14.19,0.021652833333333333
Al_degrader_E9,14.25,0.021059333333333333
Al_degrader_E9,14.309999999999999,0.020475583333333332
Al_degrader_E9,14.37,0.019762416666666668
Al_degrader_E9,14.43,0.019042333333333335
Al_degrader_E9,14.489999999999998,0.018301833333333333
Al_degrader_E9,14.55,0.017479583333333333
Al_degrader_E9,14.61,0.016691833333333333
Al_degrader_E9,14.669999999999998,0.015789916666666667
Al_degrader_E9,14.73,0.014890333333333334
Al_degrader_E9,14.79,0.014040416666666666
Al_degrader_E9,14.85,0.0131255
Al_degrader_E9,14.91,0.012238916666666667
Al_degrader_E9,14.969999999999999,0.011330916666666666
Al_degrader_E9,15.03,0.010453916666666667
Al_degrader_E9,15.09,0.009636416666666666
Al_degrader_E9,15.149999999999999,0.008775333333333333
Al_degrader_E9,15.21,0.0079945
Al_degrader_E9,15.27,0.00725725
Al_degrader_E9,15.329999999999998,0.006486
Al_degrader_E9,15.39,0.005851
Al_degrader_E9,15.45,0.0051965833333333334
Al_degrader_E9,15.509999999999998,0.00459225
Al_degrader_E9,15.57,0.00408925
Al_degrader_E9,15.629999999999999,0.0035403333333333333
Al_degrader_E9,15.69,0.00309525
Al_degrader_E9,15.75,0.00269325
Al_degrader_E9,15.809999999999999,0.0023055
Al_degrader_E9,15.87,0.0019934166666666668
Al_degrader_E9,15.93,0.00167575
Al_degrader_E9,15.989999999999998,0.0014233333333333333
Al_degrader_E9,16.049999999999997,0.0012038333333333332
Al_degrader_E9,16.11,0.0010029166666666667
Al_degrader_E9,16.17,0.0008420833333333334
Al_degrader_E9,16.229999999999997,0.0006858333333333333
Al_degrader_E9,16.29,0.0005690833333333333
Al_degrader_E9,16.35,0.00046141666666666667
Al_degrader_E9,16.409999999999997,0.00038241666666666665
Al_degrader_E9,16.47,0.00030325
Al_degrader_E9,16.53,0.000246
Al_degrader_E9,16.59,0.00019133333333333334
Al_degrader_E9,16.65,0.00014691666666666667
Al_degrader_E9,16.71,0.00012183333333333333
Al_degrader_E9,16.77,9.391666666666667e-05
Al_degrader_E9,16.83,7.158333333333333e-05
Al_degrader_E9,16.89,5.541666666666667e-05
Al_degrader_E9,16.95,4.4166666666666665e-05
Al_degrader_E9,17.009999999999998,3.2166666666666665e-05
Al_degrader_E9,17.07,2.4666666666666665e-05
Al_degrader_E9,17.13,1.975e-05
Al_degrader_E9,17.189999999999998,1.3e-05
Al_degrader_E9,17.25,1.175e-05
Al_degrader_E9,17.310000000000002,6.166666666666666e-06
Al_degrader_E9,17.369999999999997,5.75e-06
Al_degrader_E9,17.43,3.833333333333334e-06
Al_degrader_E9,17.490000000000002,2.5e-06
Al_degrader_E9,17.549999999999997,2.0833333333333334e-06
Al_degrader_E9,17.61,1.3333333333333334e-06
Al_degrader_E9,17.67,1e-06
Al_degrader_E9,17.729999999999997,9.166666666666666e-07
Al_degrader_E9,17.79,5e-07
Al_degrader_E9,17.85,5e-07
Al_degrader_E9,17.909999999999997,3.3333333333333335e-07
Al_degrader_E9,17.97,2.5e-07
Al_degrader_E9,18.03,3.3333333333333335e-07
Al_degrader_E9,18.09,1.6666666666666668e-07
Al_degrader_E9,18.15,8.333333333333334e-08
Al_degrader_E9,18.21,8.333333333333334e-08
Al_degrader_E9,18.27,0.0
Al_degrader_E9,18.33,8.333333333333334e-08
Al_degrader_E9,18.39,0.0
Al_degrader_E9,18.45,8.333333333333334e-08
Ni13,7.2299999999999995,2e-07
Ni13,7.289999999999999,0.0
Ni13,7.35,0.0
Ni13,7.41,0.0
Ni13,7.47,2e-07
Ni13,7.529999999999999,0.0
Ni13,7.59,4e-07
Ni13,7.65,6e-07
Ni13,7.709999999999999,0.0
Ni13,7.77,1.2e-06
Ni13,7.83,6e-07
Ni13,7.89,8e-07
Ni13,7.949999999999999,1.6e-06
Ni13,8.01,1.4e-06
Ni13,8.07,2e-06
Ni13,8.129999999999999,1.6e-06
Ni13,8.19,2.4e-06
Ni13,8.25,2.8e-06
Ni13,8.309999999999999,3e-06
Ni13,8.370000000000001,5.6e-06
Ni13,8.43,5.8e-06
Ni13,8.489999999999998,6.6e-06
Ni13,8.55,1.08e-05
Ni13,8.61,1.06e-05
Ni13,8.67,1.34e-05
Ni13,8.73,1.9e-05
Ni13,8.79,1.9e-05
Ni13,8.85,2.74e-05
Ni13,8.91,3.3e-05
Ni13,8.969999999999999,3.58e-05
Ni13,9.030000000000001,5.04e-05
Ni13,9.09,6.44e-05
Ni13,9.149999999999999,6.78e-05
Ni13,9.21,8.48e-05
Ni13,9.27,0.0001088
Ni13,9.329999999999998,0.0001218
Ni13,9.39,0.0001496
Ni13,9.45,0.000187
Ni13,9.51,0.0002146
Ni13,9.57,0.0002462
Ni13,9.629999999999999,0.00031
Ni13,9.69,0.0003638
Ni13,9.75,0.0004086
Ni13,9.809999999999999,0.0005138
Ni13,9.870000000000001,0.0005638
Ni13,9.93,0.0006696
Ni13,9.989999999999998,0.0007902
Ni13,10.05,0.000907
Ni13,10.11,0.0010568
Ni13,10.169999999999998,0.0012294
Ni13,10.23,0.0014026
Ni13,10.29,0.001615
Ni13,10.35,0.0018678
Ni13,10.41,0.0021398
Ni13,10.469999999999999,0.002434
Ni13,10.53,0.0027428
Ni13,10.59,0.003146
Ni13,10.649999999999999,0.0035496
Ni13,10.71,0.0039696
Ni13,10.77,0.0045166
Ni13,10.829999999999998,0.004982
Ni13,10.89,0.0056626
Ni13,10.95,0.0062256
Ni13,11.01,0.006898
Ni13,11.07,0.007698
Ni13,11.129999999999999,0.0084204
Ni13,11.19,0.009214
Ni13,11.25,0.0101046
Ni13,11.309999999999999,0.0110054
Ni13,11.370000000000001,0.0119804
Ni13,11.43,0.012829
Ni13,11.489999999999998,0.0138242
Ni13,11.55,0.014908
Ni13,11.61,0.0158606
Ni13,11.669999999999998,0.016964
Ni13,11.73,0.017907
Ni13,11.79,0.018957
Ni13,11.85,0.0199126
Ni13,11.91,0.0209006
Ni13,11.969999999999999,0.0217764
Ni13,12.03,0.022573
Ni13,12.09,0.0233722
Ni13,12.149999999999999,0.0241612
Ni13,12.21,0.0248046
Ni13,12.27,0.0252292
Ni13,12.329999999999998,0.0257576
Ni13,12.39,0.026054
Ni13,12.45,0.0263358
Ni13,12.51,0.0264098
Ni13,12.57,0.0264304
Ni13,12.629999999999999,0.026226
Ni13,12.69,0.0261674
Ni13,12.75,0.0257144
Ni13,12.809999999999999,0.0253404
Ni13,12.870000000000001,0.0247616
Ni13,12.93,0.0240708
Ni13,12.989999999999998,0.0234018
Ni13,13.05,0.0224688
Ni13,13.11,0.0216746
Ni13,13.169999999999998,0.0205782
Ni13,13.23,0.0196748
Ni13,13.29,0.0185356
Ni13,13.35,0.0174494
Ni13,13.41,0.0163856
Ni13,13.469999999999999,0.0152136
Ni13,13.53,0.0141478
Ni13,13.59,0.0130592
Ni13,13.649999999999999,0.01197
Ni13,13.71,0.0109544
Ni13,13.77,0.0098594
Ni13,13.829999999999998,0.0090204
Ni13,13.89,0.0079792
Ni13,13.95,0.0072108
Ni13,14.009999999999998,0.0063908
Ni13,14.07,0.0056316
Ni13,14.129999999999999,0.0049586
Ni13,14.19,0.0043244
Ni13,14.25,0.0037844
Ni13,14.309999999999999,0.0032266
Ni13,14.37,0.0028178
Ni13,14.43,0.0024022
Ni13,14.489999999999998,0.0020366
Ni13,14.55,0.0017318
Ni13,14.61,0.0014582
Ni13,14.669999999999998,0.0012252
Ni13,14.73,0.0010114
Ni13,14.79,0.0008428
Ni13,14.85,0.0006854
Ni13,14.91,0.0005644
Ni13,14.969999999999999,0.0004548
Ni13,15.03,0.0003602
Ni13,15.09,0.000301
Ni13,15.149999999999999,0.000237
Ni13,15.21,0.000191
Ni13,15.27,0.00014
Ni13,15.329999999999998,0.0001244
Ni13,15.39,8.3e-05
Ni13,15.45,7.8e-05
Ni13,15.509999999999998,5.08e-05
Ni13,15.57,4.82e-05
Ni13,15.629999999999999,2.76e-05
Ni13,15.69,2.72e-05
Ni13,15.75,1.46e-05
Ni13,15.809999999999999,1.38e-05
Ni13,15.87,8.8e-06
Ni13,15.93,6.4e-06
Ni13,15.989999999999998,4.8e-06
Ni13,16.049999999999997,3.2e-06
Ni13,16.11,2.6e-06
Ni13,16.17,2.4e-06
Ni13,16.229999999999997,2e-06
Ni13,16.29,1e-06
Ni13,16.35,1.2e-06
Ni13,16.409999999999997,6e-07
Ni13,16.47,1e-06
Ni13,16.53,4e-07
Ni13,16.59,4e-07
Ni13,16.65,4e-07
Ni13,16.71,0.0
Ni13,16.77,2e-07
Ni13,16.83,2e-07
Ni13,16.89,0.0
Ni13,16.95,2e-07
Sn13,7.05,3.3333333333333335e-07
Sn13,7.109999999999999,0.0
Sn13,7.17,3.3333333333333335e-07
Sn13,7.2299999999999995,3.3333333333333335e-07
Sn13,7.289999999999999,0.0
Sn13,7.35,0.0
Sn13,7.41,6.666666666666667e-07
Sn13,7.47,6.666666666666667e-07
Sn13,7.529999999999999,1.3333333333333334e-06
Sn13,7.59,2.666666666666667e-06
Sn13,7.65,3e-06
Sn13,7.709999999999999,6.666666666666667e-07
Sn13,7.77,3.3333333333333333e-06
Sn13,7.83,1.6666666666666667e-06
Sn13,7.89,3.6666666666666666e-06
Sn13,7.949999999999999,2e-06
Sn13,8.01,4.666666666666666e-06
Sn13,8.07,5e-06
Sn13,8.129999999999999,5.333333333333334e-06
Sn13,8.19,8.333333333333334e-06
Sn13,8.25,1.2333333333333333e-05
Sn13,8.309999999999999,1.3666666666666667e-05
Sn13,8.370000000000001,1.9666666666666666e-05
Sn13,8.43,2.1333333333333335e-05
Sn13,8.489999999999998,2.6666666666666667e-05
Sn13,8.55,3.1333333333333334e-05
Sn13,8.61,3.633333333333333e-05
Sn13,8.67,5e-05
Sn13,8.73,5.8666666666666665e-05
Sn13,8.79,6.533333333333333e-05
Sn13,8.85,8.7e-05
Sn13,8.91,0.000109
Sn13,8.969999999999999,0.00012466666666666667
Sn13,9.030000000000001,0.00015266666666666667
Sn13,9.09,0.00017933333333333335
Sn13,9.149999999999999,0.00020566666666666666
Sn13,9.21,0.000256
Sn13,9.27,0.0002973333333333333
Sn13,9.329999999999998,0.00035766666666666667
Sn13,9.39,0.0004153333333333333
Sn13,9.45,0.000481
Sn13,9.51,0.00058
Sn13,9.57,0.0006686666666666667
Sn13,9.629999999999999,0.000775
Sn13,9.69,0.00092
Sn13,9.75,0.0010143333333333332
Sn13,9.809999999999999,0.0011816666666666666
Sn13,9.870000000000001,0.001383
Sn13,9.93,0.001584
Sn13,9.989999999999998,0.00183
Sn13,10.05,0.002084
Sn13,10.11,0.002403
Sn13,10.169999999999998,0.0027043333333333333
Sn13,10.23,0.0030913333333333335
Sn13,10.29,0.0034993333333333335
Sn13,10.35,0.003928
Sn13,10.41,0.004470333333333333
Sn13,10.469999999999999,0.004882333333333333
Sn13,10.53,0.005480333333333334
Sn13,10.59,0.006197333333333333
Sn13,10.649999999999999,0.0068263333333333336
Sn13,10.71,0.007505
Sn13,10.77,0.008387
Sn13,10.829999999999998,0.009138666666666666
Sn13,10.89,0.010015333333333333
Sn13,10.95,0.010905
Sn13,11.01,0.011833333333333333
Sn13,11.07,0.012790333333333334
Sn13,11.129999999999999,0.013768666666666667
Sn13,11.19,0.014807666666666667
Sn13,11.25,0.015833666666666666
Sn13,11.309999999999999,0.016741666666666665
Sn13,11.370000000000001,0.017751
Sn13,11.43,0.018697
Sn13,11.489999999999998,0.019861
Sn13,11.55,0.020815333333333335
Sn13,11.61,0.02183066666666667
Sn13,11.669999999999998,0.022671
Sn13,11.73,0.023482333333333334
Sn13,11.79,0.024190666666666666
Sn13,11.85,0.02459
Sn13,11.91,0.025156666666666667
Sn13,11.969999999999999,0.025638333333333332
Sn13,12.03,0.026073333333333334
Sn13,12.09,0.026418333333333332
Sn13,12.149999999999999,0.026540333333333332
Sn13,12.21,0.02644
Sn13,12.27,0.026343
Sn13,12.329999999999998,0.026093
Sn13,12.39,0.025869
Sn13,12.45,0.02548366666666667
Sn13,12.51,0.024836666666666667
Sn13,12.57,0.024154
Sn13,12.629999999999999,0.02345066666666667
Sn13,12.69,0.022802333333333334
Sn13,12.75,0.021743
Sn13,12.809999999999999,0.020728333333333335
Sn13,12.870000000000001,0.019725
Sn13,12.93,0.018613
Sn13,12.989999999999998,0.017607
Sn13,13.05,0.01644433333333333
Sn13,13.11,0.015321666666666667
Sn13,13.169999999999998,0.014260666666666666
Sn13,13.23,0.013129
Sn13,13.29,0.012066
Sn13,13.35,0.011007
Sn13,13.41,0.009982333333333333
Sn13,13.469999999999999,0.009021333333333333
Sn13,13.53,0.008123666666666666
Sn13,13.59,0.007264666666666667
Sn13,13.649999999999999,0.006456666666666667
Sn13,13.71,0.005652
Sn13,13.77,0.004928333333333333
Sn13,13.829999999999998,0.004338333333333333
Sn13,13.89,0.0037763333333333334
Sn13,13.95,0.003279666666666667
Sn13,14.009999999999998,0.0028236666666666666
Sn13,14.07,0.0023933333333333333
Sn13,14.129999999999999,0.0020626666666666666
Sn13,14.19,0.0017553333333333334
Sn13,14.25,0.0014966666666666668
Sn13,14.309999999999999,0.0012406666666666666
Sn13,14.37,0.001014
Sn13,14.43,0.0008356666666666666
Sn13,14.489999999999998,0.0006773333333333333
Sn13,14.55,0.000566
Sn13,14.61,0.00046366666666666664
Sn13,14.669999999999998,0.000368
Sn13,14.73,0.00029266666666666666
Sn13,14.79,0.00022966666666666667
Sn13,14.85,0.00018666666666666666
Sn13,14.91,0.00014733333333333333
Sn13,14.969999999999999,0.000123
Sn13,15.03,9.666666666666667e-05
Sn13,15.09,7.966666666666666e-05
Sn13,15.149999999999999,5.466666666666667e-05
Sn13,15.21,4.3e-05
Sn13,15.27,2.8666666666666668e-05
Sn13,15.329999999999998,2.5e-05
Sn13,15.39,1.7333333333333332e-05
Sn13,15.45,1.2333333333333333e-05
Sn13,15.509999999999998,7.666666666666667e-06
Sn13,15.57,5e-06
Sn13,15.629999999999999,4.666666666666666e-06
Sn13,15.69,4.666666666666666e-06
Sn13,15.75,3.3333333333333333e-06
Sn13,15.809999999999999,1.6666666666666667e-06
Sn13,15.87,1e-06
Sn13,15.93,1.3333333333333334e-06
Sn13,15.989999999999998,1.3333333333333334e-06
Sn13,16.049999999999997,1.3333333333333334e-06
Sn13,16.11,1.3333333333333334e-06
Sn13,16.17,3.3333333333333335e-07
Sn13,16.229999999999997,3.3333333333333335e-07
Sn13,16.29,0.0
Sn13,16.35,0.0
Sn13,16.409999999999997,3.3333333333333335e-07
Sn13,16.47,3.3333333333333335e-07
Sn13,16.53,3.3333333333333335e-07
Ta13,6.39,2.5e-07
Ta13,6.449999999999999,0.0
Ta13,6.51,0.0
Ta13,6.57,0.0
Ta13,6.63,2.5e-07
Ta13,6.6899999999999995,0.0
Ta13,6.75,2.5e-07
Ta13,6.81,7.5e-07
Ta13,6.869999999999999,2.5e-07
Ta13,6.93,1.5e-06
Ta13,6.99,7.5e-07
Ta13,7.05,7.5e-07
Ta13,7.109999999999999,7.5e-07
Ta13,7.17,2.25e-06
Ta13,7.2299999999999995,1.5e-06
Ta13,7.289999999999999,2e-06
Ta13,7.35,2.25e-06
Ta13,7.41,3e-06
Ta13,7.47,3.25e-06
Ta13,7.529999999999999,3.75e-06
Ta13,7.59,6.25e-06
Ta13,7.65,6e-06
Ta13,7.709999999999999,7.75e-06
Ta13,7.77,1.1e-05
Ta13,7.83,1.15e-05
Ta13,7.89,1.575e-05
Ta13,7.949999999999999,1.675e-05
Ta13,8.01,2.225e-05
Ta13,8.07,2.675e-05
Ta13,8.129999999999999,3.225e-05
Ta13,8.19,4.175e-05
Ta13,8.25,4.425e-05
Ta13,8.309999999999999,6.025e-05
Ta13,8.370000000000001,7.725e-05
Ta13,8.43,8.05e-05
Ta13,8.489999999999998,9.575e-05
Ta13,8.55,0.0001245
Ta13,8.61,0.000137
Ta13,8.67,0.000167
Ta13,8.73,0.00020575
Ta13,8.79,0.0002355
Ta13,8.85,0.00026825
Ta13,8.91,0.0003265
Ta13,8.969999999999999,0.0003885
Ta13,9.030000000000001,0.000437
Ta13,9.09,0.00052075
Ta13,9.149999999999999,0.0005975
Ta13,9.21,0.00068125
Ta13,9.27,0.00079725
Ta13,9.329999999999998,0.0009445
Ta13,9.39,0.00104425
Ta13,9.45,0.0012135
Ta13,9.51,0.00141225
Ta13,9.57,0.0015955
Ta13,9.629999999999999,0.00180425
Ta13,9.69,0.00209275
Ta13,9.75,0.00236325
Ta13,9.809999999999999,0.002665
Ta13,9.870000000000001,0.00298475
Ta13,9.93,0.0034155
Ta13,9.989999999999998,0.00380325
Ta13,10.05,0.00420275
Ta13,10.11,0.004795
Ta13,10.169999999999998,0.0052895
Ta13,10.23,0.0058135
Ta13,10.29,0.006539
Ta13,10.35,0.00713225
Ta13,10.41,0.007878
Ta13,10.469999999999999,0.008591
Ta13,10.53,0.00934625
Ta13,10.59,0.01028
Ta13,10.649999999999999,0.01109825
Ta13,10.71,0.011908
Ta13,10.77,0.012881
Ta13,10.829999999999998,0.0137905
Ta13,10.89,0.01472625
Ta13,10.95,0.01571425
Ta13,11.01,0.01659575
Ta13,11.07,0.0176495
Ta13,11.129999999999999,0.01855225
Ta13,11.19,0.0195165
Ta13,11.25,0.02036875
Ta13,11.309999999999999,0.02118425
Ta13,11.370000000000001,0.021948
Ta13,11.43,0.02277
Ta13,11.489999999999998,0.02342975
Ta13,11.55,0.0239805
Ta13,11.61,0.02462725
Ta13,11.669999999999998,0.0248835
Ta13,11.73,0.02526525
Ta13,11.79,0.02544475
Ta13,11.85,0.02563775
Ta13,11.91,0.0255815
Ta13,11.969999999999999,0.0256215
Ta13,12.03,0.02537575
Ta13,12.09,0.0251495
Ta13,12.149999999999999,0.02475275
Ta13,12.21,0.0241545
Ta13,12.27,0.0236955
Ta13,12.329999999999998,0.0228985
Ta13,12.39,0.02230925
Ta13,12.45,0.021359
Ta13,12.51,0.0204745
Ta13,12.57,0.01958875
Ta13,12.629999999999999,0.0185675
Ta13,12.69,0.01761775
Ta13,12.75,0.0165105
Ta13,12.809999999999999,0.015436
Ta13,12.870000000000001,0.014419
Ta13,12.93,0.0133015
Ta13,12.989999999999998,0.012389
Ta13,13.05,0.011356
Ta13,13.11,0.0103185
Ta13,13.169999999999998,0.0094515
Ta13,13.23,0.00846075
Ta13,13.29,0.007673
Ta13,13.35,0.006837
Ta13,13.41,0.00609325
Ta13,13.469999999999999,0.00541025
Ta13,13.53,0.004737
Ta13,13.59,0.00419725
Ta13,13.649999999999999,0.0035975
Ta13,13.71,0.00316275
Ta13,13.77,0.0027075
Ta13,13.829999999999998,0.00236
Ta13,13.89,0.00202025
Ta13,13.95,0.0016915
Ta13,14.009999999999998,0.00144475
Ta13,14.07,0.0012215
Ta13,14.129999999999999,0.0010105
Ta13,14.19,0.000853
Ta13,14.25,0.0006865
Ta13,14.309999999999999,0.00057675
Ta13,14.37,0.000457
Ta13,14.43,0.00037175
Ta13,14.489999999999998,0.000309
Ta13,14.55,0.00024225
Ta13,14.61,0.000202
Ta13,14.669999999999998,0.000154
Ta13,14.73,0.000128
Ta13,14.79,9.375e-05
Ta13,14.85,8.325e-05
Ta13,14.91,5.75e-05
Ta13,14.969999999999999,5.025e-05
Ta13,15.03,3.475e-05
Ta13,15.09,2.85e-05
Ta13,15.149999999999999,1.575e-05
Ta13,15.21,1.6e-05
Ta13,15.27,1.1e-05
Ta13,15.329999999999998,7.25e-06
Ta13,15.39,5.5e-06
Ta13,15.45,4.25e-06
Ta13,15.509999999999998,2.75e-06
Ta13,15.57,2.5e-06
Ta13,15.629999999999999,2.75e-06
Ta13,15.69,1.5e-06
Ta13,15.75,1e-06
Ta13,15.809999999999999,7.5e-07
Ta13,15.87,1e-06
Ta13,15.93,5e-07
Ta13,15.989999999999998,5e-07
Ta13,16.049999999999997,5e-07
Ta13,16.11,2.5e-07
Ta13,16.17,2.5e-07
Ta13,16.229999999999997,0.0
Ta13,16.29,2.5e-07
Ta13,16.35,0.0
Ta13,16.409999999999997,2.5e-07
Cu13,5.55,2e-07
Cu13,5.609999999999999,0.0
Cu13,5.67,0.0
Cu13,5.73,2e-07
Cu13,5.789999999999999,0.0
Cu13,5.85,0.0
Cu13,5.91,2e-07
Cu13,5.97,4e-07
Cu13,6.029999999999999,4e-07
Cu13,6.09,6e-07
Cu13,6.15,1e-06
Cu13,6.21,8e-07
Cu13,6.27,0.0
Cu13,6.33,1.8e-06
Cu13,6.39,1.4e-06
Cu13,6.449999999999999,1e-06
Cu13,6.51,1.8e-06
Cu13,6.57,1.8e-06
Cu13,6.63,1.8e-06
Cu13,6.6899999999999995,3e-06
Cu13,6.75,3.2e-06
Cu13,6.81,5e-06
Cu13,6.869999999999999,4.8e-06
Cu13,6.93,5.8e-06
Cu13,6.99,7e-06
Cu13,7.05,1e-05
Cu13,7.109999999999999,9.2e-06
Cu13,7.17,1.26e-05
Cu13,7.2299999999999995,1.64e-05
Cu13,7.289999999999999,1.76e-05
Cu13,7.35,2.42e-05
Cu13,7.41,2.8e-05
Cu13,7.47,3.04e-05
Cu13,7.529999999999999,3.96e-05
Cu13,7.59,4.76e-05
Cu13,7.65,5.88e-05
Cu13,7.709999999999999,6.78e-05
Cu13,7.77,7.38e-05
Cu13,7.83,9.54e-05
Cu13,7.89,0.0001134
Cu13,7.949999999999999,0.0001258
Cu13,8.01,0.0001516
Cu13,8.07,0.0001854
Cu13,8.129999999999999,0.0002066
Cu13,8.19,0.000243
Cu13,8.25,0.0002874
Cu13,8.309999999999999,0.000334
Cu13,8.370000000000001,0.000391
Cu13,8.43,0.0004488
Cu13,8.489999999999998,0.0005086
Cu13,8.55,0.000584
Cu13,8.61,0.000691
Cu13,8.67,0.0007766
Cu13,8.73,0.0008978
Cu13,8.79,0.0010244
Cu13,8.85,0.0011714
Cu13,8.91,0.0013266
Cu13,8.969999999999999,0.0015126
Cu13,9.030000000000001,0.0017086
Cu13,9.09,0.001946
Cu13,9.149999999999999,0.002192
Cu13,9.21,0.0024638
Cu13,9.27,0.0027776
Cu13,9.329999999999998,0.0031146
Cu13,9.39,0.0034696
Cu13,9.45,0.0038934
Cu13,9.51,0.0043206
Cu13,9.57,0.0047606
Cu13,9.629999999999999,0.00531
Cu13,9.69,0.0058726
Cu13,9.75,0.0064342
Cu13,9.809999999999999,0.0070762
Cu13,9.870000000000001,0.0077042
Cu13,9.93,0.0084244
Cu13,9.989999999999998,0.0091504
Cu13,10.05,0.009962
Cu13,10.11,0.0107522
Cu13,10.169999999999998,0.011528
Cu13,10.23,0.0123472
Cu13,10.29,0.013249
Cu13,10.35,0.014196
Cu13,10.41,0.0149142
Cu13,10.469999999999999,0.0159932
Cu13,10.53,0.016774
Cu13,10.59,0.0177214
Cu13,10.649999999999999,0.0185788
Cu13,10.71,0.019354
Cu13,10.77,0.0202592
Cu13,10.829999999999998,0.0208304
Cu13,10.89,0.0216694
Cu13,10.95,0.022294
Cu13,11.01,0.0230238
Cu13,11.07,0.0234112
Cu13,11.129999999999999,0.023923
Cu13,11.19,0.0242328
Cu13,11.25,0.0244534
Cu13,11.309999999999999,0.0246598
Cu13,11.370000000000001,0.0247926
Cu13,11.43,0.0248366
Cu13,11.489999999999998,0.024638
Cu13,11.55,0.0245634
Cu13,11.61,0.0242182
Cu13,11.669999999999998,0.0238116
Cu13,11.73,0.0234618
Cu13,11.79,0.0227514
Cu13,11.85,0.022242
Cu13,11.91,0.021433
Cu13,11.969999999999999,0.0207178
Cu13,12.03,0.0199176
Cu13,12.09,0.0189754
Cu13,12.149999999999999,0.0181098
Cu13,12.21,0.0171248
Cu13,12.27,0.0161572
Cu13,12.329999999999998,0.0151452
Cu13,12.39,0.0141946
Cu13,12.45,0.013159
Cu13,12.51,0.012259
Cu13,12.57,0.0112448
Cu13,12.629999999999999,0.0103896
Cu13,12.69,0.009401
Cu13,12.75,0.0086286
Cu13,12.809999999999999,0.0077312
Cu13,12.870000000000001,0.006947
Cu13,12.93,0.0062578
Cu13,12.989999999999998,0.0055462
Cu13,13.05,0.0049372
Cu13,13.11,0.0043394
Cu13,13.169999999999998,0.003806
Cu13,13.23,0.003334
Cu13,13.29,0.0028804
Cu13,13.35,0.0025242
Cu13,13.41,0.0021616
Cu13,13.469999999999999,0.001866
Cu13,13.53,0.0015688
Cu13,13.59,0.001337
Cu13,13.649999999999999,0.001138
Cu13,13.71,0.0009422
Cu13,13.77,0.0008038
Cu13,13.829999999999998,0.0006472
Cu13,13.89,0.0005486
Cu13,13.95,0.00043
Cu13,14.009999999999998,0.0003642
Cu13,14.07,0.0002884
Cu13,14.129999999999999,0.0002462
Cu13,14.19,0.0001846
Cu13,14.25,0.0001532
Cu13,14.309999999999999,0.0001202
Cu13,14.37,9.6e-05
Cu13,14.43,7.84e-05
Cu13,14.489999999999998,5.86e-05
Cu13,14.55,4.88e-05
Cu13,14.61,3.46e-05
Cu13,14.669999999999998,2.82e-05
Cu13,14.73,1.92e-05
Cu13,14.79,1.46e-05
Cu13,14.85,1.16e-05
Cu13,14.91,8.2e-06
Cu13,14.969999999999999,5.6e-06
Cu13,15.03,4.8e-06
Cu13,15.09,3.4e-06
Cu13,15.149999999999999,1.8e-06
Cu13,15.21,2.8e-06
Cu13,15.27,1.6e-06
Cu13,15.329999999999998,1.4e-06
Cu13,15.39,1e-06
Cu13,15.45,6e-07
Cu13,15.509999999999998,1e-06
Cu13,15.57,2e-07
Cu13,15.629999999999999,8e-07
Cu13,15.69,4e-07
Cu13,15.75,0.0
Cu13,15.809999999999999,2e-07
Cu13,15.87,0.0
Cu13,15.93,2e-07
Cu13,15.989999999999998,0.0
Cu13,16.049999999999997,2e-07
Al_degrader_E10,0.03,1.5e-07
Al_degrader_E10,0.09,0.0
Al_degrader_E10,0.15,0.0
Al_degrader_E10,0.21,0.0
Al_degrader_E10,0.27,5e-08
Al_degrader_E10,0.32999999999999996,0.0
Al_degrader_E10,0.39,5e-08
Al_degrader_E10,0.44999999999999996,0.0
Al_degrader_E10,0.51,0.0
Al_degrader_E10,0.5700000000000001,0.0
Al_degrader_E10,0.6299999999999999,0.0
Al_degrader_E10,0.69,5e-08
Al_degrader_E10,0.75,5e-08
Al_degrader_E10,0.81,0.0
Al_degrader_E10,0.8699999999999999,0.0
Al_degrader_E10,0.9299999999999999,5e-08
Al_degrader_E10,0.99,1e-07
Al_degrader_E10,1.05,1e-07
Al_degrader_E10,1.1099999999999999,2e-07
Al_degrader_E10,1.17,0.0
Al_degrader_E10,1.23,0.0
Al_degrader_E10,1.29,5e-08
Al_degrader_E10,1.3499999999999999,1e-07
Al_degrader_E10,1.41,0.0
Al_degrader_E10,1.47,5e-08
Al_degrader_E10,1.53,1e-07
Al_degrader_E10,1.5899999999999999,1.5e-07
Al_degrader_E10,1.65,2e-07
Al_degrader_E10,1.71,5e-08
Al_degrader_E10,1.77,1.5e-07
Al_degrader_E10,1.8299999999999998,1.5e-07
Al_degrader_E10,1.89,5e-08
Al_degrader_E10,1.95,2e-07
Al_degrader_E10,2.01,2.5e-07
Al_degrader_E10,2.0700000000000003,4e-07
Al_degrader_E10,2.13,1.5e-07
Al_degrader_E10,2.19,1.5e-07
Al_degrader_E10,2.25,1e-07
Al_degrader_E10,2.3099999999999996,2e-07
Al_degrader_E10,2.37,3.5e-07
Al_degrader_E10,2.4299999999999997,6e-07
Al_degrader_E10,2.49,3e-07
Al_degrader_E10,2.55,3.5e-07
Al_degrader_E10,2.61,2e-07
Al_degrader_E10,2.67,5.5e-07
Al_degrader_E10,2.7299999999999995,8.5e-07
Al_degrader_E10,2.79,8.5e-07
Al_degrader_E10,2.8499999999999996,6.5e-07
Al_degrader_E10,2.91,7e-07
Al_degrader_E10,2.9699999999999998,8.5e-07
Al_degrader_E10,3.0300000000000002,1.4e-06
Al_degrader_E10,3.09,1.1e-06
Al_degrader_E10,3.15,1.6e-06
Al_degrader_E10,3.21,1.35e-06
Al_degrader_E10,3.2699999999999996,1.7e-06
Al_degrader_E10,3.33,2.1e-06
Al_degrader_E10,3.3899999999999997,2.25e-06
Al_degrader_E10,3.45,2.7e-06
Al_degrader_E10,3.51,2.35e-06
Al_degrader_E10,3.57,3.4e-06
Al_degrader_E10,3.63,3.2e-06
Al_degrader_E10,3.6899999999999995,4.45e-06
Al_degrader_E10,3.75,4.3e-06
Al_degrader_E10,3.8099999999999996,5.2e-06
Al_degrader_E10,3.87,5.5e-06
Al_degrader_E10,3.9299999999999997,6.65e-06
Al_degrader_E10,3.9899999999999998,6.8e-06
Al_degrader_E10,4.05,8.05e-06
Al_degrader_E10,4.109999999999999,9.8e-06
Al_degrader_E10,4.17,1.035e-05
Al_degrader_E10,4.23,1.255e-05
Al_degrader_E10,4.29,1.37e-05
Al_degrader_E10,4.35,1.455e-05
Al_degrader_E10,4.41,1.665e-05
Al_degrader_E10,4.47,1.955e-05
Al_degrader_E10,4.529999999999999,2.125e-05
Al_degrader_E10,4.59,2.32e-05
Al_degrader_E10,4.65,2.94e-05
Al_degrader_E10,4.71,2.895e-05
Al_degrader_E10,4.77,3.48e-05
Al_degrader_E10,4.83,3.755e-05
Al_degrader_E10,4.89,4.535e-05
Al_degrader_E10,4.949999999999999,4.655e-05
Al_degrader_E10,5.01,5.43e-05
Al_degrader_E10,5.07,6.395e-05
Al_degrader_E10,5.13,6.725e-05
Al_degrader_E10,5.1899999999999995,7.615e-05
Al_degrader_E10,5.25,8.665e-05
Al_degrader_E10,5.31,9.695e-05
Al_degrader_E10,5.369999999999999,0.00010805
Al_degrader_E10,5.43,0.0001173
Al_degrader_E10,5.49,0.0001344
Al_degrader_E10,5.55,0.00015035
Al_degrader_E10,5.609999999999999,0.0001627
Al_degrader_E10,5.67,0.0001857
Al_degrader_E10,5.73,0.00020835
Al_degrader_E10,5.789999999999999,0.00022735
Al_degrader_E10,5.85,0.0002567
Al_degrader_E10,5.91,0.0002859
Al_degrader_E10,5.97,0.000311
Al_degrader_E10,6.029999999999999,0.0003526
Al_degrader_E10,6.09,0.00039235
Al_degrader_E10,6.15,0.0004264
Al_degrader_E10,6.21,0.0004762
Al_degrader_E10,6.27,0.0005329
Al_degrader_E10,6.33,0.0005806
Al_degrader_E10,6.39,0.0006482
Al_degrader_E10,6.449999999999999,0.00071195
Al_degrader_E10,6.51,0.0007774
Al_degrader_E10,6.57,0.000869
Al_degrader_E10,6.63,0.0009451
Al_degrader_E10,6.6899999999999995,0.0010407
Al_degrader_E10,6.75,0.0011553
Al_degrader_E10,6.81,0.0012505
Al_degrader_E10,6.869999999999999,0.00137235
Al_degrader_E10,6.93,0.0015123
Al_degrader_E10,6.99,0.0016382
Al_degrader_E10,7.05,0.0017958
Al_degrader_E10,7.109999999999999,0.0019564
Al_degrader_E10,7.17,0.00212555
Al_degrader_E10,7.2299999999999995,0.0023186
Al_degrader_E10,7.289999999999999,0.0025116
Al_degrader_E10,7.35,0.0027137
Al_degrader_E10,7.41,0.00294665
Al_degrader_E10,7.47,0.00318225
Al_degrader_E10,7.529999999999999,0.00344385
Al_degrader_E10,7.59,0.0037049
Al_degrader_E10,7.65,0.00397435
Al_degrader_E10,7.709999999999999,0.0042723
Al_degrader_E10,7.77,0.0045779
Al_degrader_E10,7.83,0.004926
Al_degrader_E10,7.89,0.00523765
Al_degrader_E10,7.949999999999999,0.0056029
Al_degrader_E10,8.01,0.00598295
Al_degrader_E10,8.07,0.0063605
Al_degrader_E10,8.129999999999999,0.0067741
Al_degrader_E10,8.19,0.0071766
Al_degrader_E10,8.25,0.00758315
Al_degrader_E10,8.309999999999999,0.00805685
Al_degrader_E10,8.370000000000001,0.00847025
Al_degrader_E10,8.43,0.008927
Al_degrader_E10,8.489999999999998,0.009409
Al_degrader_E10,8.55,0.0098495
Al_degrader_E10,8.61,0.0103584
Al_degrader_E10,8.67,0.01080765
Al_degrader_E10,8.73,0.01133125
Al_degrader_E10,8.79,0.01180055
Al_degrader_E10,8.85,0.01228665
Al_degrader_E10,8.91,0.0127738
Al_degrader_E10,8.969999999999999,0.0132376
Al_degrader_E10,9.030000000000001,0.01375095
Al_degrader_E10,9.09,0.01416395
Al_degrader_E10,9.149999999999999,0.01468
Al_degrader_E10,9.21,0.01505025
Al_degrader_E10,9.27,0.0155267
Al_degrader_E10,9.329999999999998,0.0158801
Al_degrader_E10,9.39,0.0163364
Al_degrader_E10,9.45,0.01664305
Al_degrader_E10,9.51,0.0170532
Al_degrader_E10,9.57,0.0173116
Al_degrader_E10,9.629999999999999,0.01763895
Al_degrader_E10,9.69,0.01786315
Al_degrader_E10,9.75,0.0181135
Al_degrader_E10,9.809999999999999,0.0182983
Al_degrader_E10,9.870000000000001,0.01845775
Al_degrader_E10,9.93,0.0185677
Al_degrader_E10,9.989999999999998,0.01864885
Al_degrader_E10,10.05,0.01870795
Al_degrader_E10,10.11,0.01870705
Al_degrader_E10,10.169999999999998,0.01866525
Al_degrader_E10,10.23,0.0185857
Al_degrader_E10,10.29,0.01847265
Al_degrader_E10,10.35,0.0183274
Al_degrader_E10,10.41,0.018114
Al_degrader_E10,10.469999999999999,0.017885
Al_degrader_E10,10.53,0.01760415
Al_degrader_E10,10.59,0.0172949
Al_degrader_E10,10.649999999999999,0.0169285
Al_degrader_E10,10.71,0.01654305
Al_degrader_E10,10.77,0.01611535
Al_degrader_E10,10.829999999999998,0.01567395
Al_degrader_E10,10.89,0.01520285
Al_degrader_E10,10.95,0.01471865
Al_degrader_E10,11.01,0.0141789
Al_degrader_E10,11.07,0.01366085
Al_degrader_E10,11.129999999999999,0.013059
Al_degrader_E10,11.19,0.01250055
Al_degrader_E10,11.25,0.01190145
Al_degrader_E10,11.309999999999999,0.0113232
Al_degrader_E10,11.370000000000001,0.0107374
Al_degrader_E10,11.43,0.01013125
Al_degrader_E10,11.489999999999998,0.0095349
Al_degrader_E10,11.55,0.00894725
Al_degrader_E10,11.61,0.00838645
Al_degrader_E10,11.669999999999998,0.007798
Al_degrader_E10,11.73,0.0072632
Al_degrader_E10,11.79,0.0067008
Al_degrader_E10,11.85,0.0061677
Al_degrader_E10,11.91,0.00568325
Al_degrader_E10,11.969999999999999,0.0052001
Al_degrader_E10,12.03,0.0047399
Al_degrader_E10,12.09,0.00431575
Al_degrader_E10,12.149999999999999,0.0038995
Al_degrader_E10,12.21,0.00352025
Al_degrader_E10,12.27,0.0031524
Al_degrader_E10,12.329999999999998,0.00280905
Al_degrader_E10,12.39,0.00252055
Al_degrader_E10,12.45,0.0022206
Al_degrader_E10,12.51,0.0019719
Al_degrader_E10,12.57,0.0017307
Al_degrader_E10,12.629999999999999,0.00150775
Al_degrader_E10,12.69,0.0013187
Al_degrader_E10,12.75,0.0011372
Al_degrader_E10,12.809999999999999,0.00099535
Al_degrader_E10,12.870000000000001,0.00084775
Al_degrader_E10,12.93,0.0007288
Al_degrader_E10,12.989999999999998,0.0006272
Al_degrader_E10,13.05,0.00052385
Al_degrader_E10,13.11,0.00044875
Al_degrader_E10,13.169999999999998,0.00037815
Al_degrader_E10,13.23,0.0003132
Al_degrader_E10,13.29,0.00026355
Al_degrader_E10,13.35,0.0002161
Al_degrader_E10,13.41,0.000179
Al_degrader_E10,13.469999999999999,0.0001471
Al_degrader_E10,13.53,0.00011715
Al_degrader_E10,13.59,9.785e-05
Al_degrader_E10,13.649999999999999,7.935e-05
Al_degrader_E10,13.71,6.165e-05
Al_degrader_E10,13.77,5.14e-05
Al_degrader_E10,13.829999999999998,4.05e-05
Al_degrader_E10,13.89,3.16e-05
Al_degrader_E10,13.95,2.61e-05
Al_degrader_E10,14.009999999999998,2.09e-05
Al_degrader_E10,14.07,1.47e-05
Al_degrader_E10,14.129999999999999,1.405e-05
Al_degrader_E10,14.19,8.4e-06
Al_degrader_E10,14.25,7e-06
Al_degrader_E10,14.309999999999999,5.2e-06
Al_degrader_E10,14.37,4.25e-06
Al_degrader_E10,14.43,2.8e-06
Al_degrader_E10,14.489999999999998,2.4e-06
Al_degrader_E10,14.55,1.6e-06
Al_degrader_E10,14.61,1.15e-06
Al_degrader_E10,14.669999999999998,1.05e-06
Al_degrader_E10,14.73,8e-07
Al_degrader_E10,14.79,6e-07
Al_degrader_E10,14.85,5.5e-07
Al_degrader_E10,14.91,4e-07
Al_degrader_E10,14.969999999999999,1.5e-07
Al_degrader_E10,15.03,3.5e-07
Al_degrader_E10,15.09,2.5e-07
Al_degrader_E10,15.149999999999999,1e-07
Al_degrader_E10,15.21,1.5e-07
Al_degrader_E10,15.27,1e-07
Al_degrader_E10,15.329999999999998,5e-08
Al_degrader_E10,15.39,0.0
Al_degrader_E10,15.45,5e-08
Al_degrader_E10,15.509999999999998,5e-08
Al_degrader_E10,15.57,0.0
Al_degrader_E10,15.629999999999999,5e-08
Ni14,0.03,1.5333333333333334e-05
Ni14,0.09,5.555555555555555e-07
Ni14,0.15,5.555555555555555e-07
Ni14,0.21,1.4444444444444445e-06
Ni14,0.27,6.666666666666667e-07
Ni14,0.32999999999999996,3.3333333333333335e-07
Ni14,0.39,6.666666666666667e-07
Ni14,0.44999999999999996,1e-06
Ni14,0.51,5.555555555555555e-07
Ni14,0.5700000000000001,1.3333333333333334e-06
Ni14,0.6299999999999999,6.666666666666667e-07
Ni14,0.69,7.777777777777778e-07
Ni14,0.75,1.5555555555555556e-06
Ni14,0.81,1.111111111111111e-06
Ni14,0.8699999999999999,1.2222222222222221e-06
Ni14,0.9299999999999999,1.3333333333333334e-06
Ni14,0.99,2e-06
Ni14,1.05,1.3333333333333334e-06
Ni14,1.1099999999999999,1.7777777777777777e-06
Ni14,1.17,2.222222222222222e-06
Ni14,1.23,2.111111111111111e-06
Ni14,1.29,2.777777777777778e-06
Ni14,1.3499999999999999,2.333333333333333e-06
Ni14,1.41,2.5555555555555557e-06
Ni14,1.47,3.111111111111111e-06
Ni14,1.53,3.111111111111111e-06
Ni14,1.5899999999999999,4.333333333333333e-06
Ni14,1.65,4e-06
Ni14,1.71,4.555555555555555e-06
Ni14,1.77,4.555555555555555e-06
Ni14,1.8299999999999998,5.1111111111111115e-06
Ni14,1.89,6e-06
Ni14,1.95,6.222222222222222e-06
Ni14,2.01,6.666666666666667e-06
Ni14,2.0700000000000003,7e-06
Ni14,2.13,8.666666666666666e-06
Ni14,2.19,1e-05
Ni14,2.25,1.0222222222222223e-05
Ni14,2.3099999999999996,1.0111111111111111e-05
Ni14,2.37,1.2222222222222222e-05
Ni14,2.4299999999999997,1.4888888888888888e-05
Ni14,2.49,1.3444444444444445e-05
Ni14,2.55,1.5555555555555555e-05
Ni14,2.61,1.9555555555555554e-05
Ni14,2.67,1.9666666666666666e-05
Ni14,2.7299999999999995,2.0333333333333334e-05
Ni14,2.79,2.5555555555555554e-05
Ni14,2.8499999999999996,2.8888888888888888e-05
Ni14,2.91,2.8777777777777776e-05
Ni14,2.9699999999999998,3.2e-05
Ni14,3.0300000000000002,3.922222222222222e-05
Ni14,3.09,3.633333333333333e-05
Ni14,3.15,4.188888888888889e-05
Ni14,3.21,5.188888888888889e-05
Ni14,3.2699999999999996,5.222222222222222e-05
Ni14,3.33,5.5e-05
Ni14,3.3899999999999997,6.877777777777778e-05
Ni14,3.45,7.055555555555556e-05
Ni14,3.51,7.344444444444445e-05
Ni14,3.57,9.211111111111112e-05
Ni14,3.63,9.4e-05
Ni14,3.6899999999999995,0.00010255555555555556
Ni14,3.75,0.00012022222222222222
Ni14,3.8099999999999996,0.00012633333333333333
Ni14,3.87,0.00014144444444444445
Ni14,3.9299999999999997,0.000154
Ni14,3.9899999999999998,0.00017333333333333334
Ni14,4.05,0.000189
Ni14,4.109999999999999,0.00020322222222222223
Ni14,4.17,0.0002321111111111111
Ni14,4.23,0.00025633333333333335
Ni14,4.29,0.00027811111111111114
Ni14,4.35,0.000299
Ni14,4.41,0.0003248888888888889
Ni14,4.47,0.00036655555555555557
Ni14,4.529999999999999,0.0004007777777777778
Ni14,4.59,0.00043466666666666664
Ni14,4.65,0.000489
Ni14,4.71,0.0005187777777777777
Ni14,4.77,0.0005913333333333334
Ni14,4.83,0.000632
Ni14,4.89,0.0006983333333333334
Ni14,4.949999999999999,0.0007607777777777778
Ni14,5.01,0.0008342222222222222
Ni14,5.07,0.0009192222222222222
Ni14,5.13,0.000991
Ni14,5.1899999999999995,0.0010968888888888888
Ni14,5.25,0.0011824444444444445
Ni14,5.31,0.0013093333333333334
Ni14,5.369999999999999,0.0014175555555555556
Ni14,5.43,0.0015604444444444444
Ni14,5.49,0.0016732222222222222
Ni14,5.55,0.0018386666666666666
Ni14,5.609999999999999,0.001987333333333333
Ni14,5.67,0.0021617777777777777
Ni14,5.73,0.0023465555555555557
Ni14,5.789999999999999,0.0025342222222222224
Ni14,5.85,0.0027726666666666668
Ni14,5.91,0.0029733333333333335
Ni14,5.97,0.0032375555555555556
Ni14,6.029999999999999,0.003465888888888889
Ni14,6.09,0.003776222222222222
Ni14,6.15,0.004019222222222223
Ni14,6.21,0.0043664444444444445
Ni14,6.27,0.0046556666666666665
Ni14,6.33,0.005050111111111111
Ni14,6.39,0.005340666666666666
Ni14,6.449999999999999,0.005782333333333333
Ni14,6.51,0.006088666666666667
Ni14,6.57,0.006584666666666667
Ni14,6.63,0.006967
Ni14,6.6899999999999995,0.007448444444444444
Ni14,6.75,0.007891666666666667
Ni14,6.81,0.008375777777777777
Ni14,6.869999999999999,0.008812333333333333
Ni14,6.93,0.009330444444444445
Ni14,6.99,0.009835888888888889
Ni14,7.05,0.010372666666666667
Ni14,7.109999999999999,0.010905888888888889
Ni14,7.17,0.011445444444444444
Ni14,7.2299999999999995,0.012009555555555556
Ni14,7.289999999999999,0.01250788888888889
Ni14,7.35,0.013087777777777778
Ni14,7.41,0.013639666666666666
Ni14,7.47,0.014183777777777778
Ni14,7.529999999999999,0.014747222222222222
Ni14,7.59,0.015190777777777777
Ni14,7.65,0.01573322222222222
Ni14,7.709999999999999,0.01620511111111111
Ni14,7.77,0.016658222222222224
Ni14,7.83,0.017167222222222223
Ni14,7.89,0.017567
Ni14,7.949999999999999,0.017943444444444446
Ni14,8.01,0.018384333333333332
Ni14,8.07,0.01859388888888889
Ni14,8.129999999999999,0.018943
Ni14,8.19,0.019210555555555557
Ni14,8.25,0.019305666666666665
Ni14,8.309999999999999,0.019547111111111112
Ni14,8.370000000000001,0.019684777777777777
Ni14,8.43,0.019651333333333333
Ni14,8.489999999999998,0.019778333333333332
Ni14,8.55,0.01969111111111111
Ni14,8.61,0.01965177777777778
Ni14,8.67,0.019553333333333332
Ni14,8.73,0.01930188888888889
Ni14,8.79,0.019125444444444445
Ni14,8.85,0.01885822222222222
Ni14,8.91,0.018497666666666666
Ni14,8.969999999999999,0.018122
Ni14,9.030000000000001,0.01776811111111111
Ni14,9.09,0.01728022222222222
Ni14,9.149999999999999,0.0168
Ni14,9.21,0.016242333333333334
Ni14,9.27,0.015729666666666666
Ni14,9.329999999999998,0.015139111111111112
Ni14,9.39,0.014533555555555555
Ni14,9.45,0.013933333333333334
Ni14,9.51,0.013254555555555556
Ni14,9.57,0.012609444444444444
Ni14,9.629999999999999,0.011992111111111111
Ni14,9.69,0.011298222222222222
Ni14,9.75,0.010653111111111111
Ni14,9.809999999999999,0.01003
Ni14,9.870000000000001,0.009382777777777778
Ni14,9.93,0.008727222222222223
Ni14,9.989999999999998,0.008124777777777778
Ni14,10.05,0.007542333333333333
Ni14,10.11,0.006957333333333334
Ni14,10.169999999999998,0.006364888888888889
Ni14,10.23,0.005840444444444444
Ni14,10.29,0.005345444444444444
Ni14,10.35,0.0048434444444444445
Ni14,10.41,0.004413222222222222
Ni14,10.469999999999999,0.003973555555555556
Ni14,10.53,0.0035634444444444446
Ni14,10.59,0.003196777777777778
Ni14,10.649999999999999,0.0028614444444444442
Ni14,10.71,0.002536
Ni14,10.77,0.002257
Ni14,10.829999999999998,0.0019985555555555555
Ni14,10.89,0.0017658888888888889
Ni14,10.95,0.0015457777777777779
Ni14,11.01,0.0013396666666666667
Ni14,11.07,0.0011752222222222222
Ni14,11.129999999999999,0.0010115555555555555
Ni14,11.19,0.0008787777777777778
Ni14,11.25,0.0007543333333333333
Ni14,11.309999999999999,0.0006464444444444445
Ni14,11.370000000000001,0.0005532222222222222
Ni14,11.43,0.000455
Ni14,11.489999999999998,0.0003901111111111111
Ni14,11.55,0.00032255555555555553
Ni14,11.61,0.0002776666666666667
Ni14,11.669999999999998,0.00023222222222222223
Ni14,11.73,0.00019
Ni14,11.79,0.000158
Ni14,11.85,0.000131
Ni14,11.91,0.000107
Ni14,11.969999999999999,8.977777777777778e-05
Ni14,12.03,6.988888888888889e-05
Ni14,12.09,5.933333333333334e-05
Ni14,12.149999999999999,4.677777777777778e-05
Ni14,12.21,3.9555555555555556e-05
Ni14,12.27,3.1777777777777775e-05
Ni14,12.329999999999998,2.3333333333333332e-05
Ni14,12.39,1.822222222222222e-05
Ni14,12.45,1.2222222222222222e-05
Ni14,12.51,1.0555555555555555e-05
Ni14,12.57,9.333333333333333e-06
Ni14,12.629999999999999,5.777777777777778e-06
Ni14,12.69,5.1111111111111115e-06
Ni14,12.75,3.888888888888889e-06
Ni14,12.809999999999999,2.777777777777778e-06
Ni14,12.870000000000001,2.5555555555555557e-06
Ni14,12.93,1.7777777777777777e-06
Ni14,12.989999999999998,2e-06
Ni14,13.05,1.3333333333333334e-06
Ni14,13.11,6.666666666666667e-07
Ni14,13.169999999999998,7.777777777777778e-07
Ni14,13.23,6.666666666666667e-07
Ni14,13.29,5.555555555555555e-07
Ni14,13.35,6.666666666666667e-07
Ni14,13.41,4.4444444444444444e-07
Ni14,13.469999999999999,3.3333333333333335e-07
Ni14,13.53,1.1111111111111111e-07
Ni14,13.59,1.1111111111111111e-07
Ni14,13.649999999999999,1.1111111111111111e-07
Ni14,13.71,1.1111111111111111e-07
Ni14,13.77,1.1111111111111111e-07
Ni14,13.829999999999998,1.1111111111111111e-07
Ni14,13.89,1.1111111111111111e-07
Sn14,0.03,5.333333333333333e-05
Sn14,0.09,3.6666666666666666e-06
Sn14,0.15,3.3333333333333333e-06
Sn14,0.21,2.333333333333333e-06
Sn14,0.27,2.666666666666667e-06
Sn14,0.32999999999999996,2e-06
Sn14,0.39,3.3333333333333333e-06
Sn14,0.44999999999999996,2e-06
Sn14,0.51,3.6666666666666666e-06
Sn14,0.5700000000000001,3.3333333333333333e-06
Sn14,0.6299999999999999,4.666666666666666e-06
Sn14,0.69,2.666666666666667e-06
Sn14,0.75,4.666666666666666e-06
Sn14,0.81,5.666666666666667e-06
Sn14,0.8699999999999999,3.6666666666666666e-06
Sn14,0.9299999999999999,4.333333333333333e-06
Sn14,0.99,7.333333333333333e-06
Sn14,1.05,4.666666666666666e-06
Sn14,1.1099999999999999,8e-06
Sn14,1.17,8.333333333333334e-06
Sn14,1.23,7e-06
Sn14,1.29,1e-05
Sn14,1.3499999999999999,6e-06
Sn14,1.41,1.2e-05
Sn14,1.47,1.3e-05
Sn14,1.53,9.333333333333333e-06
Sn14,1.5899999999999999,9.333333333333333e-06
Sn14,1.65,1.7e-05
Sn14,1.71,1.9e-05
Sn14,1.77,1.5e-05
Sn14,1.8299999999999998,1.3333333333333333e-05
Sn14,1.89,2.3666666666666668e-05
Sn14,1.95,2.2e-05
Sn14,2.01,2.3666666666666668e-05
Sn14,2.0700000000000003,2.1e-05
Sn14,2.13,2.7333333333333335e-05
Sn14,2.19,3.3e-05
Sn14,2.25,3.4666666666666665e-05
Sn14,2.3099999999999996,3.7e-05
Sn14,2.37,3.8333333333333334e-05
Sn14,2.4299999999999997,4.8666666666666666e-05
Sn14,2.49,4.966666666666667e-05
Sn14,2.55,5.3e-05
Sn14,2.61,5.8e-05
Sn14,2.67,6.5e-05
Sn14,2.7299999999999995,6.866666666666666e-05
Sn14,2.79,7.266666666666667e-05
Sn14,2.8499999999999996,8.366666666666666e-05
Sn14,2.91,9.533333333333334e-05
Sn14,2.9699999999999998,9.133333333333334e-05
Sn14,3.0300000000000002,0.000106
Sn14,3.09,0.00012033333333333334
Sn14,3.15,0.00011766666666666666
Sn14,3.21,0.000147
Sn14,3.2699999999999996,0.00015733333333333333
Sn14,3.33,0.00016633333333333333
Sn14,3.3899999999999997,0.00019166666666666667
Sn14,3.45,0.00019166666666666667
Sn14,3.51,0.00021833333333333335
Sn14,3.57,0.000242
Sn14,3.63,0.0002536666666666667
Sn14,3.6899999999999995,0.000299
Sn14,3.75,0.000304
Sn14,3.8099999999999996,0.00033033333333333336
Sn14,3.87,0.00038833333333333336
Sn14,3.9299999999999997,0.000409
Sn14,3.9899999999999998,0.00045566666666666667
Sn14,4.05,0.000465
Sn14,4.109999999999999,0.000525
Sn14,4.17,0.0005613333333333333
Sn14,4.23,0.0006226666666666667
Sn14,4.29,0.0006623333333333334
Sn14,4.35,0.0007316666666666667
Sn14,4.41,0.0007913333333333333
Sn14,4.47,0.00087
Sn14,4.529999999999999,0.0009643333333333333
Sn14,4.59,0.0010276666666666667
Sn14,4.65,0.0011376666666666666
Sn14,4.71,0.0012136666666666667
Sn14,4.77,0.001354
Sn14,4.83,0.0014386666666666667
Sn14,4.89,0.0015686666666666666
Sn14,4.949999999999999,0.0016826666666666667
Sn14,5.01,0.001835
Sn14,5.07,0.0020396666666666666
Sn14,5.13,0.002144
Sn14,5.1899999999999995,0.002366
Sn14,5.25,0.0025126666666666665
Sn14,5.31,0.00273
Sn14,5.369999999999999,0.002935
Sn14,5.43,0.003143
Sn14,5.49,0.0033813333333333334
Sn14,5.55,0.00362
Sn14,5.609999999999999,0.003969
Sn14,5.67,0.004176333333333333
Sn14,5.73,0.004542333333333333
Sn14,5.789999999999999,0.004830333333333333
Sn14,5.85,0.005208666666666667
Sn14,5.91,0.005529
Sn14,5.97,0.0058846666666666665
Sn14,6.029999999999999,0.006297666666666667
Sn14,6.09,0.006665666666666667
Sn14,6.15,0.007122
Sn14,6.21,0.0075313333333333335
Sn14,6.27,0.007925333333333333
Sn14,6.33,0.008432666666666666
Sn14,6.39,0.008862666666666666
Sn14,6.449999999999999,0.009405666666666666
Sn14,6.51,0.009855
Sn14,6.57,0.010381
Sn14,6.63,0.010833333333333334
Sn14,6.6899999999999995,0.011401
Sn14,6.75,0.011784666666666667
Sn14,6.81,0.012342
Sn14,6.869999999999999,0.012845333333333334
Sn14,6.93,0.013401
Sn14,6.99,0.013925
Sn14,7.05,0.014543
Sn14,7.109999999999999,0.015011666666666666
Sn14,7.17,0.015498
Sn14,7.2299999999999995,0.015997666666666667
Sn14,7.289999999999999,0.016400666666666668
Sn14,7.35,0.016890666666666665
Sn14,7.41,0.017236
Sn14,7.47,0.017406
Sn14,7.529999999999999,0.017871
Sn14,7.59,0.018145
Sn14,7.65,0.018348666666666666
Sn14,7.709999999999999,0.01875133333333333
Sn14,7.77,0.018843
Sn14,7.83,0.019181333333333335
Sn14,7.89,0.019285333333333335
Sn14,7.949999999999999,0.019220666666666667
Sn14,8.01,0.019291666666666665
Sn14,8.07,0.01922
Sn14,8.129999999999999,0.019191333333333335
Sn14,8.19,0.019151
Sn14,8.25,0.018953
Sn14,8.309999999999999,0.018786
Sn14,8.370000000000001,0.018403666666666665
Sn14,8.43,0.018291333333333333
Sn14,8.489999999999998,0.017776
Sn14,8.55,0.017456
Sn14,8.61,0.017154333333333334
Sn14,8.67,0.016679333333333334
Sn14,8.73,0.016129333333333332
Sn14,8.79,0.015537
Sn14,8.85,0.015038666666666667
Sn14,8.91,0.014452666666666667
Sn14,8.969999999999999,0.013886
Sn14,9.030000000000001,0.013262333333333333
Sn14,9.09,0.01268
Sn14,9.149999999999999,0.011957333333333334
Sn14,9.21,0.011442333333333334
Sn14,9.27,0.010796333333333333
Sn14,9.329999999999998,0.010100333333333333
Sn14,9.39,0.009577
Sn14,9.45,0.008955666666666667
Sn14,9.51,0.008236333333333333
Sn14,9.57,0.007712
Sn14,9.629999999999999,0.007159
Sn14,9.69,0.006592
Sn14,9.75,0.006091333333333333
Sn14,9.809999999999999,0.005554333333333333
Sn14,9.870000000000001,0.005083
Sn14,9.93,0.004581333333333333
Sn14,9.989999999999998,0.004176333333333333
Sn14,10.05,0.0037153333333333335
Sn14,10.11,0.0033826666666666666
Sn14,10.169999999999998,0.0030626666666666667
Sn14,10.23,0.0027043333333333333
Sn14,10.29,0.0024183333333333335
Sn14,10.35,0.002147333333333333
Sn14,10.41,0.0018916666666666667
Sn14,10.469999999999999,0.001674
Sn14,10.53,0.0014796666666666667
Sn14,10.59,0.0013006666666666668
Sn14,10.649999999999999,0.001133
Sn14,10.71,0.000993
Sn14,10.77,0.000843
Sn14,10.829999999999998,0.0007186666666666667
Sn14,10.89,0.0006016666666666667
Sn14,10.95,0.000525
Sn14,11.01,0.0004426666666666667
Sn14,11.07,0.000386
Sn14,11.129999999999999,0.000315
Sn14,11.19,0.000262
Sn14,11.25,0.00022
Sn14,11.309999999999999,0.00018466666666666666
Sn14,11.370000000000001,0.00015533333333333333
Sn14,11.43,0.00012233333333333334
Sn14,11.489999999999998,0.000106
Sn14,11.55,9.166666666666667e-05
Sn14,11.61,7.7e-05
Sn14,11.669999999999998,6.133333333333334e-05
Sn14,11.73,4.5333333333333335e-05
Sn14,11.79,3.6666666666666666e-05
Sn14,11.85,2.7666666666666667e-05
Sn14,11.91,2.4666666666666665e-05
Sn14,11.969999999999999,2e-05
Sn14,12.03,1.3333333333333333e-05
Sn14,12.09,1.0666666666666667e-05
Sn14,12.149999999999999,7e-06
Sn14,12.21,6.333333333333333e-06
Sn14,12.27,3.3333333333333333e-06
Sn14,12.329999999999998,3.6666666666666666e-06
Sn14,12.39,4.333333333333333e-06
Sn14,12.45,3e-06
Sn14,12.51,1.3333333333333334e-06
Sn14,12.57,1.3333333333333334e-06
Sn14,12.629999999999999,1e-06
Sn14,12.69,1e-06
Sn14,12.75,1e-06
Sn14,12.809999999999999,1.3333333333333334e-06
Sn14,12.870000000000001,1e-06
Sn14,12.93,6.666666666666667e-07
Sn14,12.989999999999998,3.3333333333333335e-07
Sn14,13.05,0.0
Sn14,13.11,0.0
Sn14,13.169999999999998,0.0
Sn14,13.23,3.3333333333333335e-07
Sn14,13.29,3.3333333333333335e-07
Sn14,13.35,3.3333333333333335e-07
Ta14,0.03,0.000184
Ta14,0.09,1.1875e-05
Ta14,0.15,1.2125e-05
Ta14,0.21,8.5e-06
Ta14,0.27,6.5e-06
Ta14,0.32999999999999996,7.375e-06
Ta14,0.39,8.875e-06
Ta14,0.44999999999999996,8e-06
Ta14,0.51,9.125e-06
Ta14,0.5700000000000001,1.1375e-05
Ta14,0.6299999999999999,1.1625e-05
Ta14,0.69,1.325e-05
Ta14,0.75,1.35e-05
Ta14,0.81,1.45e-05
Ta14,0.8699999999999999,1.675e-05
Ta14,0.9299999999999999,1.625e-05
Ta14,0.99,2.2125e-05
Ta14,1.05,1.975e-05
Ta14,1.1099999999999999,2.35e-05
Ta14,1.17,2.3125e-05
Ta14,1.23,2.75e-05
Ta14,1.29,2.825e-05
Ta14,1.3499999999999999,2.975e-05
Ta14,1.41,3.0375e-05
Ta14,1.47,3.7625e-05
Ta14,1.53,3.725e-05
Ta14,1.5899999999999999,3.975e-05
Ta14,1.65,4.2875e-05
Ta14,1.71,5.0625e-05
Ta14,1.77,5.1e-05
Ta14,1.8299999999999998,5.6e-05
Ta14,1.89,6.2875e-05
Ta14,1.95,6.35e-05
Ta14,2.01,6.7625e-05
Ta14,2.0700000000000003,8.275e-05
Ta14,2.13,8.05e-05
Ta14,2.19,8.825e-05
Ta14,2.25,0.000104875
Ta14,2.3099999999999996,0.00010325
Ta14,2.37,0.00010875
Ta14,2.4299999999999997,0.00013225
Ta14,2.49,0.0001295
Ta14,2.55,0.000142875
Ta14,2.61,0.000156
Ta14,2.67,0.00017225
Ta14,2.7299999999999995,0.0001795
Ta14,2.79,0.00020375
Ta14,2.8499999999999996,0.000212125
Ta14,2.91,0.000245375
Ta14,2.9699999999999998,0.000253875
Ta14,3.0300000000000002,0.00026825
Ta14,3.09,0.0003005
Ta14,3.15,0.000322
Ta14,3.21,0.000348375
Ta14,3.2699999999999996,0.00037625
Ta14,3.33,0.00039675
Ta14,3.3899999999999997,0.000444875
Ta14,3.45,0.00047825
Ta14,3.51,0.000514875
Ta14,3.57,0.00056975
Ta14,3.63,0.000599875
Ta14,3.6899999999999995,0.000663
Ta14,3.75,0.000708375
Ta14,3.8099999999999996,0.0007645
Ta14,3.87,0.000836
Ta14,3.9299999999999997,0.000898125
Ta14,3.9899999999999998,0.000975625
Ta14,4.05,0.001039875
Ta14,4.109999999999999,0.00113425
Ta14,4.17,0.001225625
Ta14,4.23,0.001332
Ta14,4.29,0.00142775
Ta14,4.35,0.00155575
Ta14,4.41,0.001666375
Ta14,4.47,0.001783625
Ta14,4.529999999999999,0.001947875
Ta14,4.59,0.00205575
Ta14,4.65,0.00225425
Ta14,4.71,0.002371
Ta14,4.77,0.002599
Ta14,4.83,0.0027695
Ta14,4.89,0.002984875
Ta14,4.949999999999999,0.003173875
Ta14,5.01,0.003403375
Ta14,5.07,0.003643125
Ta14,5.13,0.003904625
Ta14,5.1899999999999995,0.0041515
Ta14,5.25,0.004449375
Ta14,5.31,0.004720625
Ta14,5.369999999999999,0.00504625
Ta14,5.43,0.005342125
Ta14,5.49,0.00572
Ta14,5.55,0.0060365
Ta14,5.609999999999999,0.006413
Ta14,5.67,0.00676975
Ta14,5.73,0.007163125
Ta14,5.789999999999999,0.007598625
Ta14,5.85,0.007965375
Ta14,5.91,0.008418625
Ta14,5.97,0.008820375
Ta14,6.029999999999999,0.0092325
Ta14,6.09,0.00971825
Ta14,6.15,0.010155
Ta14,6.21,0.01062525
Ta14,6.27,0.01110825
Ta14,6.33,0.0115585
Ta14,6.39,0.0120585
Ta14,6.449999999999999,0.01253425
Ta14,6.51,0.013011875
Ta14,6.57,0.01348675
Ta14,6.63,0.013900125
Ta14,6.6899999999999995,0.01440875
Ta14,6.75,0.014842625
Ta14,6.81,0.015229625
Ta14,6.869999999999999,0.015691
Ta14,6.93,0.0160135
Ta14,6.99,0.01640175
Ta14,7.05,0.016787375
Ta14,7.109999999999999,0.017049
Ta14,7.17,0.017397625
Ta14,7.2299999999999995,0.01762625
Ta14,7.289999999999999,0.017815875
Ta14,7.35,0.0180525
Ta14,7.41,0.01816275
Ta14,7.47,0.018301
Ta14,7.529999999999999,0.01844125
Ta14,7.59,0.018476625
Ta14,7.65,0.018481625
Ta14,7.709999999999999,0.01845025
Ta14,7.77,0.018346625
Ta14,7.83,0.018265
Ta14,7.89,0.018059375
Ta14,7.949999999999999,0.017901
Ta14,8.01,0.0176735
Ta14,8.07,0.017379375
Ta14,8.129999999999999,0.017033625
Ta14,8.19,0.016717875
Ta14,8.25,0.016301125
Ta14,8.309999999999999,0.015893375
Ta14,8.370000000000001,0.015380375
Ta14,8.43,0.0150135
Ta14,8.489999999999998,0.014416375
Ta14,8.55,0.01395925
Ta14,8.61,0.013308125
Ta14,8.67,0.012842
Ta14,8.73,0.012232875
Ta14,8.79,0.011683125
Ta14,8.85,0.011074375
Ta14,8.91,0.01052125
Ta14,8.969999999999999,0.00991625
Ta14,9.030000000000001,0.009343375
Ta14,9.09,0.008765
Ta14,9.149999999999999,0.00820625
Ta14,9.21,0.007687625
Ta14,9.27,0.00712475
Ta14,9.329999999999998,0.006571875
Ta14,9.39,0.00609325
Ta14,9.45,0.005609375
Ta14,9.51,0.0051305
Ta14,9.57,0.004705375
Ta14,9.629999999999999,0.004293625
Ta14,9.69,0.00388425
Ta14,9.75,0.003504625
Ta14,9.809999999999999,0.003172875
Ta14,9.870000000000001,0.00285625
Ta14,9.93,0.00255575
Ta14,9.989999999999998,0.00228825
Ta14,10.05,0.00201625
Ta14,10.11,0.001807375
Ta14,10.169999999999998,0.00162925
Ta14,10.23,0.001410625
Ta14,10.29,0.0012265
Ta14,10.35,0.001084
Ta14,10.41,0.0009415
Ta14,10.469999999999999,0.00081775
Ta14,10.53,0.000709625
Ta14,10.59,0.000608875
Ta14,10.649999999999999,0.000518625
Ta14,10.71,0.0004435
Ta14,10.77,0.000367375
Ta14,10.829999999999998,0.00031575
Ta14,10.89,0.000269625
Ta14,10.95,0.00022775
Ta14,11.01,0.000188
Ta14,11.07,0.000158
Ta14,11.129999999999999,0.00013225
Ta14,11.19,0.0001095
Ta14,11.25,9e-05
Ta14,11.309999999999999,7.5125e-05
Ta14,11.370000000000001,6.2e-05
Ta14,11.43,5.125e-05
Ta14,11.489999999999998,4.25e-05
Ta14,11.55,3.375e-05
Ta14,11.61,2.45e-05
Ta14,11.669999999999998,2e-05
Ta14,11.73,1.3625e-05
Ta14,11.79,1.3125e-05
Ta14,11.85,1.05e-05
Ta14,11.91,7.625e-06
Ta14,11.969999999999999,5.875e-06
Ta14,12.03,4.125e-06
Ta14,12.09,2.625e-06
Ta14,12.149999999999999,2.625e-06
Ta14,12.21,2.25e-06
Ta14,12.27,2e-06
Ta14,12.329999999999998,1.75e-06
Ta14,12.39,1.25e-06
Ta14,12.45,8.75e-07
Ta14,12.51,8.75e-07
Ta14,12.57,8.75e-07
Ta14,12.629999999999999,6.25e-07
Ta14,12.69,3.75e-07
Ta14,12.75,2.5e-07
Ta14,12.809999999999999,3.75e-07
Ta14,12.870000000000001,2.5e-07
Ta14,12.93,1.25e-07
Ta14,12.989999999999998,1.25e-07
Ta14,13.05,1.25e-07
Ta14,13.11,1.25e-07
Ta14,13.169999999999998,1.25e-07
Ta14,13.23,1.25e-07
Cu14,0.03,0.001357
Cu14,0.09,7.290909090909091e-05
Cu14,0.15,6.918181818181818e-05
Cu14,0.21,4.990909090909091e-05
Cu14,0.27,4.218181818181818e-05
Cu14,0.32999999999999996,4.4e-05
Cu14,0.39,4.872727272727273e-05
Cu14,0.44999999999999996,5.081818181818182e-05
Cu14,0.51,5.7545454545454545e-05
Cu14,0.5700000000000001,5.7545454545454545e-05
Cu14,0.6299999999999999,6.763636363636364e-05
Cu14,0.69,6.90909090909091e-05
Cu14,0.75,7.363636363636364e-05
Cu14,0.81,8.136363636363636e-05
Cu14,0.8699999999999999,8.40909090909091e-05
Cu14,0.9299999999999999,9.372727272727272e-05
Cu14,0.99,0.00010072727272727273
Cu14,1.05,0.00010345454545454545
Cu14,1.1099999999999999,0.00011745454545454545
Cu14,1.17,0.0001220909090909091
Cu14,1.23,0.00013245454545454547
Cu14,1.29,0.00013481818181818183
Cu14,1.3499999999999999,0.00014881818181818182
Cu14,1.41,0.00016190909090909092
Cu14,1.47,0.00017336363636363637
Cu14,1.53,0.00017672727272727274
Cu14,1.5899999999999999,0.00019463636363636363
Cu14,1.65,0.0002049090909090909
Cu14,1.71,0.00022036363636363635
Cu14,1.77,0.0002380909090909091
Cu14,1.8299999999999998,0.00024872727272727275
Cu14,1.89,0.00027327272727272725
Cu14,1.95,0.0002918181818181818
Cu14,2.01,0.0003085454545454545
Cu14,2.0700000000000003,0.0003326363636363636
Cu14,2.13,0.00035736363636363635
Cu14,2.19,0.00038263636363636364
Cu14,2.25,0.00040036363636363636
Cu14,2.3099999999999996,0.0004393636363636364
Cu14,2.37,0.00046272727272727275
Cu14,2.4299999999999997,0.0005007272727272727
Cu14,2.49,0.0005286363636363636
Cu14,2.55,0.000573
Cu14,2.61,0.0006100909090909091
Cu14,2.67,0.0006527272727272727
Cu14,2.7299999999999995,0.000704
Cu14,2.79,0.0007438181818181819
Cu14,2.8499999999999996,0.0008022727272727273
Cu14,2.91,0.000851
Cu14,2.9699999999999998,0.000919
Cu14,3.0300000000000002,0.0009760909090909091
Cu14,3.09,0.0010507272727272726
Cu14,3.15,0.0011244545454545455
Cu14,3.21,0.0012102727272727274
Cu14,3.2699999999999996,0.0012725454545454546
Cu14,3.33,0.001381
Cu14,3.3899999999999997,0.001459090909090909
Cu14,3.45,0.0015721818181818183
Cu14,3.51,0.0016704545454545455
Cu14,3.57,0.0017765454545454545
Cu14,3.63,0.0018996363636363635
Cu14,3.6899999999999995,0.0020223636363636364
Cu14,3.75,0.0021757272727272728
Cu14,3.8099999999999996,0.0023074545454545453
Cu14,3.87,0.0024593636363636363
Cu14,3.9299999999999997,0.002622818181818182
Cu14,3.9899999999999998,0.0027745454545454545
Cu14,4.05,0.002966272727272727
Cu14,4.109999999999999,0.003148
Cu14,4.17,0.0033524545454545456
Cu14,4.23,0.0035475454545454547
Cu14,4.29,0.0037746363636363637
Cu14,4.35,0.0040097272727272724
Cu14,4.41,0.004239636363636364
Cu14,4.47,0.004483727272727273
Cu14,4.529999999999999,0.004756
Cu14,4.59,0.0050097272727272725
Cu14,4.65,0.005294818181818182
Cu14,4.71,0.005607
Cu14,4.77,0.005897818181818182
Cu14,4.83,0.006241636363636363
Cu14,4.89,0.006541727272727273
Cu14,4.949999999999999,0.006878909090909091
Cu14,5.01,0.007228727272727273
Cu14,5.07,0.007554272727272727
Cu14,5.13,0.00793709090909091
Cu14,5.1899999999999995,0.008288818181818182
Cu14,5.25,0.008692
Cu14,5.31,0.009048727272727273
Cu14,5.369999999999999,0.009465727272727273
Cu14,5.43,0.009851636363636364
Cu14,5.49,0.010242363636363636
Cu14,5.55,0.010682727272727273
Cu14,5.609999999999999,0.011086545454545455
Cu14,5.67,0.011483272727272727
Cu14,5.73,0.011948363636363637
Cu14,5.789999999999999,0.01230709090909091
Cu14,5.85,0.012683818181818182
Cu14,5.91,0.013143818181818182
Cu14,5.97,0.013465909090909091
Cu14,6.029999999999999,0.013863818181818182
Cu14,6.09,0.01424990909090909
Cu14,6.15,0.014608272727272727
Cu14,6.21,0.014906636363636363
Cu14,6.27,0.015295727272727273
Cu14,6.33,0.015571363636363637
Cu14,6.39,0.015876818181818183
Cu14,6.449999999999999,0.016092636363636365
Cu14,6.51,0.01637490909090909
Cu14,6.57,0.01656372727272727
Cu14,6.63,0.016740181818181817
Cu14,6.6899999999999995,0.016872
Cu14,6.75,0.017015181818181818
Cu14,6.81,0.017154727272727273
Cu14,6.869999999999999,0.017232636363636363
Cu14,6.93,0.017223272727272726
Cu14,6.99,0.017264
Cu14,7.05,0.017220727272727273
Cu14,7.109999999999999,0.01719209090909091
Cu14,7.17,0.017038454545454544
Cu14,7.2299999999999995,0.01690290909090909
Cu14,7.289999999999999,0.016769
Cu14,7.35,0.016585272727272726
Cu14,7.41,0.016296
Cu14,7.47,0.016027636363636362
Cu14,7.529999999999999,0.015752545454545453
Cu14,7.59,0.015437545454545454
Cu14,7.65,0.015053090909090908
Cu14,7.709999999999999,0.014656454545454545
Cu14,7.77,0.014228272727272727
Cu14,7.83,0.013841818181818183
Cu14,7.89,0.013361636363636364
Cu14,7.949999999999999,0.012920363636363636
Cu14,8.01,0.01241590909090909
Cu14,8.07,0.011916181818181819
Cu14,8.129999999999999,0.011388363636363636
Cu14,8.19,0.010872272727272727
Cu14,8.25,0.010397545454545454
Cu14,8.309999999999999,0.009860454545454546
Cu14,8.370000000000001,0.009336636363636363
Cu14,8.43,0.008824545454545455
Cu14,8.489999999999998,0.008318818181818182
Cu14,8.55,0.007826363636363637
Cu14,8.61,0.007308181818181818
Cu14,8.67,0.006833636363636364
Cu14,8.73,0.006342
Cu14,8.79,0.005879636363636364
Cu14,8.85,0.005468727272727273
Cu14,8.91,0.0050227272727272725
Cu14,8.969999999999999,0.004616090909090909
Cu14,9.030000000000001,0.004251909090909091
Cu14,9.09,0.0038813636363636364
Cu14,9.149999999999999,0.0035317272727272728
Cu14,9.21,0.003192727272727273
Cu14,9.27,0.0028903636363636362
Cu14,9.329999999999998,0.0026037272727272727
Cu14,9.39,0.0023515454545454547
Cu14,9.45,0.002110272727272727
Cu14,9.51,0.0018832727272727274
Cu14,9.57,0.001692
Cu14,9.629999999999999,0.0015016363636363636
Cu14,9.69,0.001323
Cu14,9.75,0.001167
Cu14,9.809999999999999,0.0010307272727272728
Cu14,9.870000000000001,0.0009035454545454545
Cu14,9.93,0.000788
Cu14,9.989999999999998,0.0006822727272727272
Cu14,10.05,0.0005921818181818182
Cu14,10.11,0.0005074545454545454
Cu14,10.169999999999998,0.00043754545454545457
Cu14,10.23,0.0003682727272727273
Cu14,10.29,0.00031481818181818184
Cu14,10.35,0.00027136363636363637
Cu14,10.41,0.00023090909090909092
Cu14,10.469999999999999,0.00019345454545454546
Cu14,10.53,0.00016236363636363635
Cu14,10.59,0.00013781818181818182
Cu14,10.649999999999999,0.00011481818181818182
Cu14,10.71,9.545454545454546e-05
Cu14,10.77,7.9e-05
Cu14,10.829999999999998,6.663636363636363e-05
Cu14,10.89,5.4272727272727275e-05
Cu14,10.95,4.6454545454545456e-05
Cu14,11.01,3.7545454545454546e-05
Cu14,11.07,3e-05
Cu14,11.129999999999999,2.3090909090909093e-05
Cu14,11.19,1.718181818181818e-05
Cu14,11.25,1.3272727272727273e-05
Cu14,11.309999999999999,1.1545454545454546e-05
Cu14,11.370000000000001,9.636363636363636e-06
Cu14,11.43,6.818181818181818e-06
Cu14,11.489999999999998,5.636363636363636e-06
Cu14,11.55,4e-06
Cu14,11.61,3.1818181818181817e-06
Cu14,11.669999999999998,2.4545454545454544e-06
Cu14,11.73,2.0909090909090907e-06
Cu14,11.79,2e-06
Cu14,11.85,1.5454545454545454e-06
Cu14,11.91,1.2727272727272728e-06
Cu14,11.969999999999999,9.09090909090909e-07
Cu14,12.03,8.181818181818182e-07
Cu14,12.09,8.181818181818182e-07
Cu14,12.149999999999999,5.454545454545455e-07
Cu14,12.21,5.454545454545455e-07
Cu14,12.27,3.6363636363636366e-07
Cu14,12.329999999999998,3.6363636363636366e-07
Cu14,12.39,1.8181818181818183e-07
Cu14,12.45,1.8181818181818183e-07
Cu14,12.51,9.090909090909091e-08
Cu14,12.57,1.8181818181818183e-07
Cu14,12.629999999999999,9.090909090909091e-08
Cu14,12.69,9.090909090909091e-08
Cu14,12.75,9.090909090909091e-08
Cu14,12.809999999999999,9.090909090909091e-08
