name,energy,flux
Ni08,27.45,3.3333333333333335e-07
Ni08,27.509999999999998,0.0
Ni08,27.57,1e-06
Ni08,27.63,6.666666666666667e-07
Ni08,27.689999999999998,1.3333333333333334e-06
Ni08,27.75,2e-06
Ni08,27.81,4.666666666666666e-06
Ni08,27.869999999999997,5.666666666666667e-06
Ni08,27.93,1.0666666666666667e-05
Ni08,27.99,1.8666666666666665e-05
Ni08,28.049999999999997,2.966666666666667e-05
Ni08,28.11,4.433333333333333e-05
Ni08,28.17,7.8e-05
Ni08,28.229999999999997,0.00012133333333333333
Ni08,28.29,0.000185
Ni08,28.35,0.00030033333333333333
Ni08,28.409999999999997,0.000439
Ni08,28.47,0.000652
Ni08,28.53,0.0009553333333333333
Ni08,28.589999999999996,0.0012943333333333333
Ni08,28.65,0.0018486666666666666
Ni08,28.71,0.0026293333333333333
Ni08,28.769999999999996,0.0034393333333333333
Ni08,28.83,0.004711666666666667
Ni08,28.89,0.006133
Ni08,28.95,0.007945333333333334
Ni08,29.009999999999998,0.010115
Ni08,29.07,0.012492
Ni08,29.13,0.015498333333333333
Ni08,29.189999999999998,0.018606666666666667
Ni08,29.25,0.022081333333333335
Ni08,29.31,0.026039333333333334
Ni08,29.369999999999997,0.029724666666666667
Ni08,29.43,0.033904666666666666
Ni08,29.49,0.037801666666666664
Ni08,29.549999999999997,0.041238333333333335
Ni08,29.61,0.044647
Ni08,29.67,0.047184
Ni08,29.729999999999997,0.04947766666666667
Ni08,29.79,0.050758
Ni08,29.85,0.051323
Ni08,29.909999999999997,0.05078766666666667
Ni08,29.97,0.049751
Ni08,30.03,0.04790133333333333
Ni08,30.089999999999996,0.04512133333333333
Ni08,30.15,0.042044
Ni08,30.21,0.03828
Ni08,30.269999999999996,0.034556666666666666
Ni08,30.33,0.030615
Ni08,30.39,0.026538
Ni08,30.45,0.022697666666666668
Ni08,30.509999999999998,0.019176
Ni08,30.57,0.015837
Ni08,30.63,0.012893
Ni08,30.689999999999998,0.010331
Ni08,30.75,0.008104333333333333
Ni08,30.81,0.006319333333333333
Ni08,30.869999999999997,0.004759333333333333
Ni08,30.93,0.0036206666666666666
Ni08,30.99,0.0026866666666666666
Ni08,31.049999999999997,0.0019286666666666666
Ni08,31.11,0.0014103333333333333
Ni08,31.17,0.0009713333333333334
Ni08,31.229999999999997,0.000661
Ni08,31.29,0.000471
Ni08,31.35,0.00028166666666666666
Ni08,31.409999999999997,0.00018866666666666665
Ni08,31.47,0.00012566666666666667
Ni08,31.53,7.966666666666666e-05
Ni08,31.589999999999996,4.6666666666666665e-05
Ni08,31.65,3.2e-05
Ni08,31.71,1.7e-05
Ni08,31.769999999999996,9.333333333333333e-06
Ni08,31.83,8e-06
Ni08,31.89,1.6666666666666667e-06
Ni08,31.95,2e-06
Ni08,32.01,0.0
Ni08,32.07,1e-06
Ni08,32.129999999999995,0.0
Ni08,32.19,6.666666666666667e-07
Ni08,32.25,0.0
Ni08,32.31,3.3333333333333335e-07
Sn08,27.33,3.3333333333333335e-07
Sn08,27.39,3.3333333333333335e-07
Sn08,27.45,3.3333333333333335e-07
Sn08,27.509999999999998,1e-06
Sn08,27.57,2.666666666666667e-06
Sn08,27.63,2.666666666666667e-06
Sn08,27.689999999999998,4.666666666666666e-06
Sn08,27.75,8.333333333333334e-06
Sn08,27.81,1.4333333333333334e-05
Sn08,27.869999999999997,1.8e-05
Sn08,27.93,3.4666666666666665e-05
Sn08,27.99,5.7333333333333336e-05
Sn08,28.049999999999997,9.133333333333334e-05
Sn08,28.11,0.000149
Sn08,28.17,0.00023366666666666666
Sn08,28.229999999999997,0.00037833333333333333
Sn08,28.29,0.0005543333333333333
Sn08,28.35,0.0008006666666666666
Sn08,28.409999999999997,0.001177
Sn08,28.47,0.001685
Sn08,28.53,0.0022976666666666666
Sn08,28.589999999999996,0.003136
Sn08,28.65,0.004338
Sn08,28.71,0.0058126666666666665
Sn08,28.769999999999996,0.007583
Sn08,28.83,0.009798333333333333
Sn08,28.89,0.012296333333333333
Sn08,28.95,0.015223
Sn08,29.009999999999998,0.018371
Sn08,29.07,0.022145333333333333
Sn08,29.13,0.026166666666666668
Sn08,29.189999999999998,0.030157
Sn08,29.25,0.034453
Sn08,29.31,0.038589
Sn08,29.369999999999997,0.04242133333333333
Sn08,29.43,0.045935666666666666
Sn08,29.49,0.048777
Sn08,29.549999999999997,0.050742
Sn08,29.61,0.05215533333333333
Sn08,29.67,0.052686333333333335
Sn08,29.729999999999997,0.052248666666666665
Sn08,29.79,0.05088033333333333
Sn08,29.85,0.04868633333333333
Sn08,29.909999999999997,0.045633
Sn08,29.97,0.042264
Sn08,30.03,0.03827766666666667
Sn08,30.089999999999996,0.034063
Sn08,30.15,0.029848333333333334
Sn08,30.21,0.025756333333333332
Sn08,30.269999999999996,0.021947666666666667
Sn08,30.33,0.018266666666666667
Sn08,30.39,0.014947666666666666
Sn08,30.45,0.011962666666666667
Sn08,30.509999999999998,0.009419
Sn08,30.57,0.00727
Sn08,30.63,0.005533
Sn08,30.689999999999998,0.004177333333333333
Sn08,30.75,0.0031633333333333335
Sn08,30.81,0.0023246666666666667
Sn08,30.869999999999997,0.0016483333333333332
Sn08,30.93,0.0011573333333333333
Sn08,30.99,0.0007863333333333333
Sn08,31.049999999999997,0.0005076666666666667
Sn08,31.11,0.000337
Sn08,31.17,0.000222
Sn08,31.229999999999997,0.00014266666666666667
Sn08,31.29,9.3e-05
Sn08,31.35,5.3e-05
Sn08,31.409999999999997,3.433333333333333e-05
Sn08,31.47,2.3666666666666668e-05
Sn08,31.53,1.5666666666666667e-05
Sn08,31.589999999999996,4.666666666666666e-06
Sn08,31.65,3e-06
Sn08,31.71,6.666666666666667e-07
Sn08,31.769999999999996,3.3333333333333335e-07
Sn08,31.83,3.3333333333333335e-07
Sn08,31.89,3.3333333333333335e-07
Sn08,31.95,6.666666666666667e-07
Sn08,32.01,3.3333333333333335e-07
Sn08,32.07,3.3333333333333335e-07
Ta08,27.089999999999996,3.3333333333333335e-07
Ta08,27.15,0.0
Ta08,27.21,3.3333333333333335e-07
Ta08,27.27,1.3333333333333334e-06
Ta08,27.33,1.3333333333333334e-06
Ta08,27.39,1.6666666666666667e-06
Ta08,27.45,4.333333333333333e-06
Ta08,27.509999999999998,6.666666666666667e-06
Ta08,27.57,9e-06
Ta08,27.63,1.4666666666666666e-05
Ta08,27.689999999999998,2.3666666666666668e-05
Ta08,27.75,4.4e-05
Ta08,27.81,6.7e-05
Ta08,27.869999999999997,0.00010833333333333333
Ta08,27.93,0.000164
Ta08,27.99,0.000281
Ta08,28.049999999999997,0.00038933333333333333
Ta08,28.11,0.0006043333333333333
Ta08,28.17,0.000857
Ta08,28.229999999999997,0.001255
Ta08,28.29,0.0016673333333333334
Ta08,28.35,0.002424
Ta08,28.409999999999997,0.003217
Ta08,28.47,0.004420333333333333
Ta08,28.53,0.00579
Ta08,28.589999999999996,0.007475
Ta08,28.65,0.009667
Ta08,28.71,0.011919333333333334
Ta08,28.769999999999996,0.014791
Ta08,28.83,0.017975333333333333
Ta08,28.89,0.021321333333333334
Ta08,28.95,0.025191333333333333
Ta08,29.009999999999998,0.028965
Ta08,29.07,0.03312533333333333
Ta08,29.13,0.037000333333333336
Ta08,29.189999999999998,0.040683
Ta08,29.25,0.044125
Ta08,29.31,0.046839
Ta08,29.369999999999997,0.04925033333333333
Ta08,29.43,0.05055233333333333
Ta08,29.49,0.05144166666666666
Ta08,29.549999999999997,0.05110133333333333
Ta08,29.61,0.050183
Ta08,29.67,0.048397
Ta08,29.729999999999997,0.045839333333333336
Ta08,29.79,0.042702
Ta08,29.85,0.039104
Ta08,29.909999999999997,0.035278333333333335
Ta08,29.97,0.031295
Ta08,30.03,0.027298333333333334
Ta08,30.089999999999996,0.023437333333333334
Ta08,30.15,0.019813666666666667
Ta08,30.21,0.016414666666666668
Ta08,30.269999999999996,0.013418666666666667
Ta08,30.33,0.010717
Ta08,30.39,0.008475
Ta08,30.45,0.006551
Ta08,30.509999999999998,0.005039333333333333
Ta08,30.57,0.003765333333333333
Ta08,30.63,0.002828
Ta08,30.689999999999998,0.0020686666666666666
Ta08,30.75,0.0014926666666666667
Ta08,30.81,0.001044
Ta08,30.869999999999997,0.000706
Ta08,30.93,0.000492
Ta08,30.99,0.0003083333333333333
Ta08,31.049999999999997,0.00020466666666666666
Ta08,31.11,0.00013566666666666667
Ta08,31.17,8.233333333333333e-05
Ta08,31.229999999999997,5.466666666666667e-05
Ta08,31.29,3.2e-05
Ta08,31.35,2.1666666666666667e-05
Ta08,31.409999999999997,9.333333333333333e-06
Ta08,31.47,9.333333333333333e-06
Ta08,31.53,1.6666666666666667e-06
Ta08,31.589999999999996,2e-06
Ta08,31.65,3.3333333333333335e-07
Ta08,31.71,1e-06
Ta08,31.769999999999996,0.0
Ta08,31.83,6.666666666666667e-07
Ta08,31.89,0.0
Ta08,31.95,3.3333333333333335e-07
Cu08,26.79,3.3333333333333335e-07
Cu08,26.85,0.0
Cu08,26.909999999999997,0.0
Cu08,26.97,1.3333333333333334e-06
Cu08,27.03,6.666666666666667e-07
Cu08,27.089999999999996,2e-06
Cu08,27.15,2.666666666666667e-06
Cu08,27.21,6.666666666666667e-06
Cu08,27.27,6.333333333333333e-06
Cu08,27.33,1.2666666666666667e-05
Cu08,27.39,2.2333333333333332e-05
Cu08,27.45,3.4666666666666665e-05
Cu08,27.509999999999998,5.3666666666666666e-05
Cu08,27.57,9.033333333333334e-05
Cu08,27.63,0.00013833333333333333
Cu08,27.689999999999998,0.00021633333333333332
Cu08,27.75,0.00033466666666666665
Cu08,27.81,0.0004843333333333333
Cu08,27.869999999999997,0.0007223333333333333
Cu08,27.93,0.0010346666666666666
Cu08,27.99,0.0014353333333333334
Cu08,28.049999999999997,0.001998666666666667
Cu08,28.11,0.002765
Cu08,28.17,0.0036866666666666667
Cu08,28.229999999999997,0.004971666666666667
Cu08,28.29,0.006391333333333333
Cu08,28.35,0.008297
Cu08,28.409999999999997,0.010454
Cu08,28.47,0.012903
Cu08,28.53,0.015886
Cu08,28.589999999999996,0.018922
Cu08,28.65,0.022504666666666666
Cu08,28.71,0.026264666666666665
Cu08,28.769999999999996,0.029993
Cu08,28.83,0.034175
Cu08,28.89,0.037791333333333336
Cu08,28.95,0.04124766666666667
Cu08,29.009999999999998,0.044582
Cu08,29.07,0.047011
Cu08,29.13,0.049148
Cu08,29.189999999999998,0.050274
Cu08,29.25,0.05085033333333333
Cu08,29.31,0.050326666666666665
Cu08,29.369999999999997,0.049264333333333334
Cu08,29.43,0.04737
Cu08,29.49,0.044659
Cu08,29.549999999999997,0.04162766666666667
Cu08,29.61,0.03789833333333333
Cu08,29.67,0.03421266666666667
Cu08,29.729999999999997,0.030286
Cu08,29.79,0.026382333333333334
Cu08,29.85,0.022595333333333332
Cu08,29.909999999999997,0.019125
Cu08,29.97,0.015813666666666667
Cu08,30.03,0.012976
Cu08,30.089999999999996,0.010388
Cu08,30.15,0.008161333333333333
Cu08,30.21,0.006392333333333333
Cu08,30.269999999999996,0.0048586666666666665
Cu08,30.33,0.0036776666666666668
Cu08,30.39,0.0027473333333333334
Cu08,30.45,0.002003
Cu08,30.509999999999998,0.0014503333333333334
Cu08,30.57,0.001023
Cu08,30.63,0.0006923333333333333
Cu08,30.689999999999998,0.0004893333333333334
Cu08,30.75,0.00030566666666666665
Cu08,30.81,0.00020566666666666666
Cu08,30.869999999999997,0.000133
Cu08,30.93,8.433333333333333e-05
Cu08,30.99,5.3666666666666666e-05
Cu08,31.049999999999997,3.4e-05
Cu08,31.11,2.0666666666666666e-05
Cu08,31.17,1e-05
Cu08,31.229999999999997,9.666666666666667e-06
Cu08,31.29,1.6666666666666667e-06
Cu08,31.35,2.666666666666667e-06
Cu08,31.409999999999997,0.0
Cu08,31.47,1e-06
Cu08,31.53,0.0
Cu08,31.589999999999996,3.3333333333333335e-07
Cu08,31.65,3.3333333333333335e-07
Cu08,31.71,3.3333333333333335e-07
Al_degrader_E2_E1,24.57,1.4285714285714285e-07
Al_degrader_E2_E1,24.63,0.0
Al_degrader_E2_E1,24.689999999999998,0.0
Al_degrader_E2_E1,24.75,2.857142857142857e-07
Al_degrader_E2_E1,24.81,2.857142857142857e-07
Al_degrader_E2_E1,24.869999999999997,5.714285714285714e-07
Al_degrader_E2_E1,24.93,2.857142857142857e-07
Al_degrader_E2_E1,24.990000000000002,1.5714285714285714e-06
Al_degrader_E2_E1,25.049999999999997,2.1428571428571427e-06
Al_degrader_E2_E1,25.11,2.4285714285714284e-06
Al_degrader_E2_E1,25.17,3.857142857142857e-06
Al_degrader_E2_E1,25.229999999999997,7.2857142857142855e-06
Al_degrader_E2_E1,25.29,1.2e-05
Al_degrader_E2_E1,25.35,1.6714285714285716e-05
Al_degrader_E2_E1,25.409999999999997,2.842857142857143e-05
Al_degrader_E2_E1,25.47,4.014285714285714e-05
Al_degrader_E2_E1,25.53,6.228571428571428e-05
Al_degrader_E2_E1,25.589999999999996,9.285714285714286e-05
Al_degrader_E2_E1,25.65,0.00012871428571428571
Al_degrader_E2_E1,25.71,0.00018357142857142858
Al_degrader_E2_E1,25.77,0.000255
Al_degrader_E2_E1,25.83,0.00035142857142857144
Al_degrader_E2_E1,25.89,0.00046257142857142856
Al_degrader_E2_E1,25.95,0.0006555714285714285
Al_degrader_E2_E1,26.009999999999998,0.0008652857142857143
Al_degrader_E2_E1,26.07,0.0011187142857142858
Al_degrader_E2_E1,26.13,0.0014687142857142857
Al_degrader_E2_E1,26.189999999999998,0.0018352857142857142
Al_degrader_E2_E1,26.25,0.002313142857142857
Al_degrader_E2_E1,26.31,0.0028652857142857143
Al_degrader_E2_E1,26.369999999999997,0.0035034285714285714
Al_degrader_E2_E1,26.43,0.004241
Al_degrader_E2_E1,26.49,0.005096
Al_degrader_E2_E1,26.549999999999997,0.005954285714285714
Al_degrader_E2_E1,26.61,0.007003714285714286
Al_degrader_E2_E1,26.67,0.008069428571428571
Al_degrader_E2_E1,26.729999999999997,0.009183714285714286
Al_degrader_E2_E1,26.79,0.010416428571428571
Al_degrader_E2_E1,26.85,0.011589
Al_degrader_E2_E1,26.909999999999997,0.012781571428571429
Al_degrader_E2_E1,26.97,0.014014857142857143
Al_degrader_E2_E1,27.03,0.015245571428571428
Al_degrader_E2_E1,27.089999999999996,0.016323857142857143
Al_degrader_E2_E1,27.15,0.017527142857142856
Al_degrader_E2_E1,27.21,0.018470285714285713
Al_degrader_E2_E1,27.27,0.019374285714285715
Al_degrader_E2_E1,27.33,0.020247571428571427
Al_degrader_E2_E1,27.39,0.021038
Al_degrader_E2_E1,27.45,0.021651714285714285
Al_degrader_E2_E1,27.509999999999998,0.022291142857142857
Al_degrader_E2_E1,27.57,0.022794571428571428
Al_degrader_E2_E1,27.63,0.023109428571428572
Al_degrader_E2_E1,27.689999999999998,0.02354542857142857
Al_degrader_E2_E1,27.75,0.023846142857142857
Al_degrader_E2_E1,27.81,0.024029142857142857
Al_degrader_E2_E1,27.869999999999997,0.024339
Al_degrader_E2_E1,27.93,0.02438442857142857
Al_degrader_E2_E1,27.99,0.024503285714285714
Al_degrader_E2_E1,28.049999999999997,0.02457485714285714
Al_degrader_E2_E1,28.11,0.02469014285714286
Al_degrader_E2_E1,28.17,0.024700285714285713
Al_degrader_E2_E1,28.229999999999997,0.02474485714285714
Al_degrader_E2_E1,28.29,0.024592
Al_degrader_E2_E1,28.35,0.024577571428571428
Al_degrader_E2_E1,28.409999999999997,0.024476142857142856
Al_degrader_E2_E1,28.47,0.024244571428571428
Al_degrader_E2_E1,28.53,0.024025
Al_degrader_E2_E1,28.589999999999996,0.02370857142857143
Al_degrader_E2_E1,28.65,0.023217
Al_degrader_E2_E1,28.71,0.02275357142857143
Al_degrader_E2_E1,28.769999999999996,0.022204428571428573
Al_degrader_E2_E1,28.83,0.02140457142857143
Al_degrader_E2_E1,28.89,0.020669857142857143
Al_degrader_E2_E1,28.95,0.01963242857142857
Al_degrader_E2_E1,29.009999999999998,0.01859157142857143
Al_degrader_E2_E1,29.07,0.017425142857142858
Al_degrader_E2_E1,29.13,0.016275142857142856
Al_degrader_E2_E1,29.189999999999998,0.014881571428571428
Al_degrader_E2_E1,29.25,0.01362142857142857
Al_degrader_E2_E1,29.31,0.012229428571428572
Al_degrader_E2_E1,29.369999999999997,0.010881571428571428
Al_degrader_E2_E1,29.43,0.009601142857142857
Al_degrader_E2_E1,29.49,0.008301857142857142
Al_degrader_E2_E1,29.549999999999997,0.007123142857142857
Al_degrader_E2_E1,29.61,0.006010428571428571
Al_degrader_E2_E1,29.67,0.0050264285714285714
Al_degrader_E2_E1,29.729999999999997,0.004104285714285714
Al_degrader_E2_E1,29.79,0.0033804285714285716
Al_degrader_E2_E1,29.85,0.0026597142857142857
Al_degrader_E2_E1,29.909999999999997,0.002125714285714286
Al_degrader_E2_E1,29.97,0.0016341428571428572
Al_degrader_E2_E1,30.03,0.0012437142857142857
Al_degrader_E2_E1,30.089999999999996,0.0009371428571428571
Al_degrader_E2_E1,30.15,0.000683
Al_degrader_E2_E1,30.21,0.0005257142857142857
Al_degrader_E2_E1,30.269999999999996,0.00037314285714285715
Al_degrader_E2_E1,30.33,0.00026357142857142855
Al_degrader_E2_E1,30.39,0.00018357142857142858
Al_degrader_E2_E1,30.45,0.00012657142857142858
Al_degrader_E2_E1,30.509999999999998,7.871428571428572e-05
Al_degrader_E2_E1,30.57,5.342857142857143e-05
Al_degrader_E2_E1,30.63,3.5428571428571426e-05
Al_degrader_E2_E1,30.689999999999998,2.214285714285714e-05
Al_degrader_E2_E1,30.75,1.3285714285714287e-05
Al_degrader_E2_E1,30.81,9.285714285714286e-06
Al_degrader_E2_E1,30.869999999999997,5.428571428571429e-06
Al_degrader_E2_E1,30.93,3.142857142857143e-06
Al_degrader_E2_E1,30.99,2.7142857142857144e-06
Al_degrader_E2_E1,31.049999999999997,7.142857142857143e-07
Al_degrader_E2_E1,31.11,7.142857142857143e-07
Al_degrader_E2_E1,31.17,1.4285714285714285e-07
Al_degrader_E2_E1,31.229999999999997,1.4285714285714285e-07
Al_degrader_E2_E1,31.29,0.0
Al_degrader_E2_E1,31.35,1.4285714285714285e-07
Al_degrader_E2_E1,31.409999999999997,0.0
Al_degrader_E2_E1,31.47,1.4285714285714285e-07
Ni09,24.27,3.3333333333333335e-07
Ni09,24.33,0.0
Ni09,24.39,0.0
Ni09,24.45,1.6666666666666667e-06
Ni09,24.509999999999998,1e-06
Ni09,24.57,1.6666666666666667e-06
Ni09,24.63,2.333333333333333e-06
Ni09,24.689999999999998,5.666666666666667e-06
Ni09,24.75,5.666666666666667e-06
Ni09,24.81,1.0333333333333333e-05
Ni09,24.869999999999997,1.7666666666666668e-05
Ni09,24.93,2.6333333333333334e-05
Ni09,24.990000000000002,3.766666666666667e-05
Ni09,25.049999999999997,6.733333333333333e-05
Ni09,25.11,9.7e-05
Ni09,25.17,0.00013933333333333332
Ni09,25.229999999999997,0.00024033333333333334
Ni09,25.29,0.000324
Ni09,25.35,0.0004583333333333333
Ni09,25.409999999999997,0.0006763333333333334
Ni09,25.47,0.0009356666666666667
Ni09,25.53,0.001265
Ni09,25.589999999999996,0.0017313333333333334
Ni09,25.65,0.0023886666666666665
Ni09,25.71,0.0030873333333333334
Ni09,25.77,0.004048
Ni09,25.83,0.005330666666666667
Ni09,25.89,0.006632666666666667
Ni09,25.95,0.008424666666666667
Ni09,26.009999999999998,0.010293666666666666
Ni09,26.07,0.012576666666666667
Ni09,26.13,0.015233666666666666
Ni09,26.189999999999998,0.017870666666666667
Ni09,26.25,0.020933
Ni09,26.31,0.024281333333333332
Ni09,26.369999999999997,0.027491333333333333
Ni09,26.43,0.03094066666666667
Ni09,26.49,0.034333333333333334
Ni09,26.549999999999997,0.037295666666666664
Ni09,26.61,0.040377333333333335
Ni09,26.67,0.042789
Ni09,26.729999999999997,0.044773
Ni09,26.79,0.046294
Ni09,26.85,0.04713733333333334
Ni09,26.909999999999997,0.0474
Ni09,26.97,0.046707
Ni09,27.03,0.045816333333333334
Ni09,27.089999999999996,0.044035
Ni09,27.15,0.04170466666666667
Ni09,27.21,0.039147666666666664
Ni09,27.27,0.03590633333333333
Ni09,27.33,0.03272133333333333
Ni09,27.39,0.029315
Ni09,27.45,0.025923666666666668
Ni09,27.509999999999998,0.022563666666666666
Ni09,27.57,0.019397333333333332
Ni09,27.63,0.016442666666666668
Ni09,27.689999999999998,0.013666
Ni09,27.75,0.011326666666666667
Ni09,27.81,0.009102333333333334
Ni09,27.869999999999997,0.007285
Ni09,27.93,0.005767666666666667
Ni09,27.99,0.004448666666666667
Ni09,28.049999999999997,0.0034436666666666665
Ni09,28.11,0.0026146666666666666
Ni09,28.17,0.0019023333333333334
Ni09,28.229999999999997,0.0014636666666666667
Ni09,28.29,0.001056
Ni09,28.35,0.0007193333333333333
Ni09,28.409999999999997,0.0005183333333333333
Ni09,28.47,0.00035233333333333335
Ni09,28.53,0.00023066666666666667
Ni09,28.589999999999996,0.00016
Ni09,28.65,0.00010033333333333334
Ni09,28.71,7.1e-05
Ni09,28.769999999999996,4.233333333333333e-05
Ni09,28.83,2.966666666666667e-05
Ni09,28.89,1.633333333333333e-05
Ni09,28.95,9e-06
Ni09,29.009999999999998,9.333333333333333e-06
Ni09,29.07,1.6666666666666667e-06
Ni09,29.13,2.666666666666667e-06
Ni09,29.189999999999998,0.0
Ni09,29.25,1e-06
Ni09,29.31,0.0
Ni09,29.369999999999997,0.0
Ni09,29.43,6.666666666666667e-07
Ni09,29.49,0.0
Ni09,29.549999999999997,3.3333333333333335e-07
Sn09,24.15,3.3333333333333335e-07
Sn09,24.21,3.3333333333333335e-07
Sn09,24.27,3.3333333333333335e-07
Sn09,24.33,6.666666666666667e-07
Sn09,24.39,1.6666666666666667e-06
Sn09,24.45,3.3333333333333333e-06
Sn09,24.509999999999998,2.666666666666667e-06
Sn09,24.57,4.333333333333333e-06
Sn09,24.63,1.1333333333333334e-05
Sn09,24.689999999999998,1.4e-05
Sn09,24.75,1.7666666666666668e-05
Sn09,24.81,3.3e-05
Sn09,24.869999999999997,5.5333333333333334e-05
Sn09,24.93,8.366666666666666e-05
Sn09,24.990000000000002,0.00012333333333333334
Sn09,25.049999999999997,0.000194
Sn09,25.11,0.0002916666666666667
Sn09,25.17,0.000435
Sn09,25.229999999999997,0.0006326666666666667
Sn09,25.29,0.000871
Sn09,25.35,0.001195
Sn09,25.409999999999997,0.0016886666666666667
Sn09,25.47,0.0022066666666666667
Sn09,25.53,0.002966
Sn09,25.589999999999996,0.003986
Sn09,25.65,0.005231
Sn09,25.71,0.006698
Sn09,25.77,0.008388333333333333
Sn09,25.83,0.010563333333333333
Sn09,25.89,0.012831666666666667
Sn09,25.95,0.015444333333333332
Sn09,26.009999999999998,0.018300666666666666
Sn09,26.07,0.021609333333333335
Sn09,26.13,0.024969666666666668
Sn09,26.189999999999998,0.028519666666666665
Sn09,26.25,0.03209633333333333
Sn09,26.31,0.035591333333333336
Sn09,26.369999999999997,0.038935333333333336
Sn09,26.43,0.04192133333333333
Sn09,26.49,0.04432866666666667
Sn09,26.549999999999997,0.046289
Sn09,26.61,0.047685
Sn09,26.67,0.048434333333333336
Sn09,26.729999999999997,0.048487333333333334
Sn09,26.79,0.04774133333333333
Sn09,26.85,0.04651333333333333
Sn09,26.909999999999997,0.044179333333333334
Sn09,26.97,0.041661333333333335
Sn09,27.03,0.038738
Sn09,27.089999999999996,0.035297666666666665
Sn09,27.15,0.03168033333333333
Sn09,27.21,0.028198
Sn09,27.27,0.024615666666666668
Sn09,27.33,0.021308333333333332
Sn09,27.39,0.018114
Sn09,27.45,0.015091666666666666
Sn09,27.509999999999998,0.012492
Sn09,27.57,0.010059
Sn09,27.63,0.008014666666666666
Sn09,27.689999999999998,0.006287
Sn09,27.75,0.0048653333333333335
Sn09,27.81,0.003756666666666667
Sn09,27.869999999999997,0.002893
Sn09,27.93,0.002181666666666667
Sn09,27.99,0.0015903333333333334
Sn09,28.049999999999997,0.0011316666666666667
Sn09,28.11,0.0008226666666666666
Sn09,28.17,0.0005313333333333333
Sn09,28.229999999999997,0.00036933333333333333
Sn09,28.29,0.0002503333333333333
Sn09,28.35,0.00017033333333333334
Sn09,28.409999999999997,0.000111
Sn09,28.47,7e-05
Sn09,28.53,4.766666666666667e-05
Sn09,28.589999999999996,2.8e-05
Sn09,28.65,2.1666666666666667e-05
Sn09,28.71,1.3333333333333333e-05
Sn09,28.769999999999996,4.333333333333333e-06
Sn09,28.83,3e-06
Sn09,28.89,6.666666666666667e-07
Sn09,28.95,6.666666666666667e-07
Sn09,29.009999999999998,0.0
Sn09,29.07,6.666666666666667e-07
Sn09,29.13,3.3333333333333335e-07
Sn09,29.189999999999998,6.666666666666667e-07
Sn09,29.25,3.3333333333333335e-07
Ta09,23.909999999999997,3.3333333333333335e-07
Ta09,23.97,0.0
Ta09,24.03,1e-06
Ta09,24.089999999999996,6.666666666666667e-07
Ta09,24.15,1.3333333333333334e-06
Ta09,24.21,1.6666666666666667e-06
Ta09,24.27,3.3333333333333333e-06
Ta09,24.33,6e-06
Ta09,24.39,5.666666666666667e-06
Ta09,24.45,1.2333333333333333e-05
Ta09,24.509999999999998,1.8333333333333333e-05
Ta09,24.57,3e-05
Ta09,24.63,4.566666666666667e-05
Ta09,24.689999999999998,6.766666666666667e-05
Ta09,24.75,0.00010466666666666667
Ta09,24.81,0.000161
Ta09,24.869999999999997,0.0002613333333333333
Ta09,24.93,0.000344
Ta09,24.990000000000002,0.0005103333333333333
Ta09,25.049999999999997,0.0007106666666666666
Ta09,25.11,0.0010146666666666668
Ta09,25.17,0.001343
Ta09,25.229999999999997,0.001855
Ta09,25.29,0.0025
Ta09,25.35,0.0032593333333333333
Ta09,25.409999999999997,0.004279666666666667
Ta09,25.47,0.0055516666666666666
Ta09,25.53,0.006961
Ta09,25.589999999999996,0.008829
Ta09,25.65,0.010702666666666666
Ta09,25.71,0.013102
Ta09,25.77,0.015632
Ta09,25.83,0.018485333333333333
Ta09,25.89,0.021537333333333332
Ta09,25.95,0.024827
Ta09,26.009999999999998,0.028122666666666667
Ta09,26.07,0.03165066666666667
Ta09,26.13,0.03487133333333333
Ta09,26.189999999999998,0.037972
Ta09,26.25,0.040785666666666665
Ta09,26.31,0.04310666666666667
Ta09,26.369999999999997,0.04520766666666667
Ta09,26.43,0.046385666666666665
Ta09,26.49,0.047232333333333335
Ta09,26.549999999999997,0.047263
Ta09,26.61,0.046656
Ta09,26.67,0.045502666666666663
Ta09,26.729999999999997,0.043658666666666665
Ta09,26.79,0.041238333333333335
Ta09,26.85,0.038537
Ta09,26.909999999999997,0.035305666666666666
Ta09,26.97,0.032017666666666666
Ta09,27.03,0.028657666666666668
Ta09,27.089999999999996,0.025208333333333333
Ta09,27.15,0.021985
Ta09,27.21,0.018832333333333333
Ta09,27.27,0.015908666666666668
Ta09,27.33,0.013208
Ta09,27.39,0.010932
Ta09,27.45,0.008682
Ta09,27.509999999999998,0.007010666666666667
Ta09,27.57,0.005503
Ta09,27.63,0.004248
Ta09,27.689999999999998,0.003297
Ta09,27.75,0.0024766666666666665
Ta09,27.81,0.0018696666666666666
Ta09,27.869999999999997,0.001372
Ta09,27.93,0.000978
Ta09,27.99,0.0006886666666666666
Ta09,28.049999999999997,0.000491
Ta09,28.11,0.0003373333333333333
Ta09,28.17,0.000211
Ta09,28.229999999999997,0.00015266666666666667
Ta09,28.29,9.633333333333333e-05
Ta09,28.35,6.6e-05
Ta09,28.409999999999997,4.133333333333333e-05
Ta09,28.47,2.6333333333333334e-05
Ta09,28.53,1.8333333333333333e-05
Ta09,28.589999999999996,8.666666666666666e-06
Ta09,28.65,8.333333333333334e-06
Ta09,28.71,1.3333333333333334e-06
Ta09,28.769999999999996,2e-06
Ta09,28.83,3.3333333333333335e-07
Ta09,28.89,3.3333333333333335e-07
Ta09,28.95,6.666666666666667e-07
Ta09,29.009999999999998,0.0
Ta09,29.07,6.666666666666667e-07
Ta09,29.13,0.0
Ta09,29.189999999999998,3.3333333333333335e-07
Cu09,23.549999999999997,3.3333333333333335e-07
Cu09,23.61,0.0
Cu09,23.67,0.0
Cu09,23.729999999999997,1e-06
Cu09,23.79,6.666666666666667e-07
Cu09,23.85,1e-06
Cu09,23.909999999999997,2.333333333333333e-06
Cu09,23.97,3.3333333333333333e-06
Cu09,24.03,6e-06
Cu09,24.089999999999996,6.333333333333333e-06
Cu09,24.15,1.1666666666666666e-05
Cu09,24.21,2.1e-05
Cu09,24.27,2.966666666666667e-05
Cu09,24.33,4.266666666666667e-05
Cu09,24.39,6.566666666666667e-05
Cu09,24.45,0.00010933333333333334
Cu09,24.509999999999998,0.00015533333333333333
Cu09,24.57,0.00025233333333333336
Cu09,24.63,0.0003373333333333333
Cu09,24.689999999999998,0.0004843333333333333
Cu09,24.75,0.000687
Cu09,24.81,0.0009786666666666667
Cu09,24.869999999999997,0.0013093333333333334
Cu09,24.93,0.0017463333333333332
Cu09,24.990000000000002,0.0023946666666666665
Cu09,25.049999999999997,0.0031016666666666666
Cu09,25.11,0.004065333333333333
Cu09,25.17,0.0052966666666666665
Cu09,25.229999999999997,0.006582333333333333
Cu09,25.29,0.008346666666666667
Cu09,25.35,0.010161
Cu09,25.409999999999997,0.012372333333333334
Cu09,25.47,0.014938666666666666
Cu09,25.53,0.017491333333333334
Cu09,25.589999999999996,0.020478333333333334
Cu09,25.65,0.023742333333333334
Cu09,25.71,0.026833
Cu09,25.77,0.030216333333333335
Cu09,25.83,0.033496
Cu09,25.89,0.036451333333333336
Cu09,25.95,0.039427333333333335
Cu09,26.009999999999998,0.041891
Cu09,26.07,0.04384966666666667
Cu09,26.13,0.045553666666666666
Cu09,26.189999999999998,0.046350666666666665
Cu09,26.25,0.046823666666666666
Cu09,26.31,0.046336666666666665
Cu09,26.369999999999997,0.045488
Cu09,26.43,0.043958333333333335
Cu09,26.49,0.041818666666666664
Cu09,26.549999999999997,0.03928433333333333
Cu09,26.61,0.036354
Cu09,26.67,0.033222
Cu09,26.729999999999997,0.030001333333333335
Cu09,26.79,0.026652333333333333
Cu09,26.85,0.023372333333333332
Cu09,26.909999999999997,0.020147
Cu09,26.97,0.017271666666666668
Cu09,27.03,0.014449666666666666
Cu09,27.089999999999996,0.012037
Cu09,27.15,0.009821333333333333
Cu09,27.21,0.007902
Cu09,27.27,0.0062766666666666665
Cu09,27.33,0.00492
Cu09,27.39,0.0038023333333333333
Cu09,27.45,0.0029243333333333335
Cu09,27.509999999999998,0.0022083333333333334
Cu09,27.57,0.0016713333333333333
Cu09,27.63,0.0012103333333333332
Cu09,27.689999999999998,0.0008726666666666667
Cu09,27.75,0.0005983333333333333
Cu09,27.81,0.00043733333333333336
Cu09,27.869999999999997,0.000283
Cu09,27.93,0.000191
Cu09,27.99,0.000132
Cu09,28.049999999999997,8.766666666666667e-05
Cu09,28.11,6e-05
Cu09,28.17,3.2e-05
Cu09,28.229999999999997,2.6666666666666667e-05
Cu09,28.29,1.4e-05
Cu09,28.35,8.333333333333334e-06
Cu09,28.409999999999997,5.666666666666667e-06
Cu09,28.47,1.3333333333333334e-06
Cu09,28.53,2.333333333333333e-06
Cu09,28.589999999999996,0.0
Cu09,28.65,1e-06
Cu09,28.71,0.0
Cu09,28.769999999999996,3.3333333333333335e-07
Cu09,28.83,3.3333333333333335e-07
Cu09,28.89,0.0
Cu09,28.95,3.3333333333333335e-07
Al_degrader_E4_E3,21.089999999999996,1.1111111111111111e-07
Al_degrader_E4_E3,21.15,0.0
Al_degrader_E4_E3,21.21,0.0
Al_degrader_E4_E3,21.27,2.2222222222222222e-07
Al_degrader_E4_E3,21.33,2.2222222222222222e-07
Al_degrader_E4_E3,21.39,3.3333333333333335e-07
Al_degrader_E4_E3,21.45,3.3333333333333335e-07
Al_degrader_E4_E3,21.509999999999998,3.3333333333333335e-07
Al_degrader_E4_E3,21.57,1.2222222222222221e-06
Al_degrader_E4_E3,21.63,1.8888888888888888e-06
Al_degrader_E4_E3,21.689999999999998,2.111111111111111e-06
Al_degrader_E4_E3,21.75,3e-06
Al_degrader_E4_E3,21.81,5.2222222222222226e-06
Al_degrader_E4_E3,21.869999999999997,8.555555555555556e-06
Al_degrader_E4_E3,21.93,1.1e-05
Al_degrader_E4_E3,21.990000000000002,1.6888888888888888e-05
Al_degrader_E4_E3,22.049999999999997,2.5e-05
Al_degrader_E4_E3,22.11,3.577777777777778e-05
Al_degrader_E4_E3,22.17,5.911111111111111e-05
Al_degrader_E4_E3,22.229999999999997,7.11111111111111e-05
Al_degrader_E4_E3,22.29,0.00010244444444444445
Al_degrader_E4_E3,22.35,0.000141
Al_degrader_E4_E3,22.409999999999997,0.00018955555555555555
Al_degrader_E4_E3,22.47,0.0002651111111111111
Al_degrader_E4_E3,22.53,0.00032566666666666665
Al_degrader_E4_E3,22.589999999999996,0.0004516666666666667
Al_degrader_E4_E3,22.65,0.0005907777777777777
Al_degrader_E4_E3,22.71,0.0007532222222222222
Al_degrader_E4_E3,22.77,0.0009651111111111111
Al_degrader_E4_E3,22.83,0.0012267777777777778
Al_degrader_E4_E3,22.89,0.0015085555555555555
Al_degrader_E4_E3,22.95,0.0018876666666666666
Al_degrader_E4_E3,23.009999999999998,0.002280777777777778
Al_degrader_E4_E3,23.07,0.0027526666666666667
Al_degrader_E4_E3,23.13,0.003317
Al_degrader_E4_E3,23.189999999999998,0.003943333333333333
Al_degrader_E4_E3,23.25,0.004616444444444445
Al_degrader_E4_E3,23.31,0.005358111111111111
Al_degrader_E4_E3,23.369999999999997,0.006186222222222222
Al_degrader_E4_E3,23.43,0.007069777777777778
Al_degrader_E4_E3,23.490000000000002,0.008000777777777779
Al_degrader_E4_E3,23.549999999999997,0.009007888888888888
Al_degrader_E4_E3,23.61,0.009970222222222222
Al_degrader_E4_E3,23.67,0.01099411111111111
Al_degrader_E4_E3,23.729999999999997,0.012029888888888889
Al_degrader_E4_E3,23.79,0.013086444444444444
Al_degrader_E4_E3,23.85,0.014148222222222222
Al_degrader_E4_E3,23.909999999999997,0.015049666666666666
Al_degrader_E4_E3,23.97,0.016030555555555555
Al_degrader_E4_E3,24.03,0.016901333333333334
Al_degrader_E4_E3,24.089999999999996,0.017739666666666667
Al_degrader_E4_E3,24.15,0.018583222222222223
Al_degrader_E4_E3,24.21,0.019233
Al_degrader_E4_E3,24.27,0.01989477777777778
Al_degrader_E4_E3,24.33,0.020414444444444443
Al_degrader_E4_E3,24.39,0.020953666666666666
Al_degrader_E4_E3,24.45,0.02140188888888889
Al_degrader_E4_E3,24.509999999999998,0.021811666666666667
Al_degrader_E4_E3,24.57,0.022090111111111112
Al_degrader_E4_E3,24.63,0.022392555555555554
Al_degrader_E4_E3,24.689999999999998,0.022629333333333335
Al_degrader_E4_E3,24.75,0.022775333333333335
Al_degrader_E4_E3,24.81,0.022959333333333335
Al_degrader_E4_E3,24.869999999999997,0.02307388888888889
Al_degrader_E4_E3,24.93,0.023157888888888888
Al_degrader_E4_E3,24.990000000000002,0.023282777777777777
Al_degrader_E4_E3,25.049999999999997,0.023250777777777776
Al_degrader_E4_E3,25.11,0.023288777777777776
Al_degrader_E4_E3,25.17,0.023237777777777777
Al_degrader_E4_E3,25.229999999999997,0.02314688888888889
Al_degrader_E4_E3,25.29,0.023107333333333334
Al_degrader_E4_E3,25.35,0.022929666666666668
Al_degrader_E4_E3,25.409999999999997,0.022712666666666666
Al_degrader_E4_E3,25.47,0.022466555555555556
Al_degrader_E4_E3,25.53,0.022095777777777777
Al_degrader_E4_E3,25.589999999999996,0.021656444444444443
Al_degrader_E4_E3,25.65,0.021261111111111113
Al_degrader_E4_E3,25.71,0.02063822222222222
Al_degrader_E4_E3,25.77,0.019931
Al_degrader_E4_E3,25.83,0.019259666666666668
Al_degrader_E4_E3,25.89,0.018393666666666666
Al_degrader_E4_E3,25.95,0.017467555555555556
Al_degrader_E4_E3,26.009999999999998,0.016440666666666666
Al_degrader_E4_E3,26.07,0.015376777777777777
Al_degrader_E4_E3,26.13,0.014287555555555555
Al_degrader_E4_E3,26.189999999999998,0.013168777777777778
Al_degrader_E4_E3,26.25,0.011976555555555556
Al_degrader_E4_E3,26.31,0.010826
Al_degrader_E4_E3,26.369999999999997,0.009615888888888889
Al_degrader_E4_E3,26.43,0.008578222222222221
Al_degrader_E4_E3,26.49,0.007479
Al_degrader_E4_E3,26.549999999999997,0.006447666666666667
Al_degrader_E4_E3,26.61,0.005525888888888889
Al_degrader_E4_E3,26.67,0.004677111111111111
Al_degrader_E4_E3,26.729999999999997,0.003919777777777778
Al_degrader_E4_E3,26.79,0.0032397777777777776
Al_degrader_E4_E3,26.85,0.002648111111111111
Al_degrader_E4_E3,26.909999999999997,0.0021154444444444445
Al_degrader_E4_E3,26.97,0.0017018888888888889
Al_degrader_E4_E3,27.03,0.0013406666666666667
Al_degrader_E4_E3,27.089999999999996,0.0010354444444444445
Al_degrader_E4_E3,27.15,0.0007872222222222223
Al_degrader_E4_E3,27.21,0.0005946666666666666
Al_degrader_E4_E3,27.27,0.00045466666666666664
Al_degrader_E4_E3,27.33,0.00033755555555555557
Al_degrader_E4_E3,27.39,0.0002418888888888889
Al_degrader_E4_E3,27.45,0.00017233333333333334
Al_degrader_E4_E3,27.509999999999998,0.00012733333333333333
Al_degrader_E4_E3,27.57,8.588888888888889e-05
Al_degrader_E4_E3,27.63,5.5777777777777775e-05
Al_degrader_E4_E3,27.689999999999998,3.766666666666667e-05
Al_degrader_E4_E3,27.75,2.6333333333333334e-05
Al_degrader_E4_E3,27.81,1.6888888888888888e-05
Al_degrader_E4_E3,27.869999999999997,1.1111111111111112e-05
Al_degrader_E4_E3,27.93,7.111111111111111e-06
Al_degrader_E4_E3,27.99,4.333333333333333e-06
Al_degrader_E4_E3,28.049999999999997,2.5555555555555557e-06
Al_degrader_E4_E3,28.11,2.666666666666667e-06
Al_degrader_E4_E3,28.17,5.555555555555555e-07
Al_degrader_E4_E3,28.229999999999997,6.666666666666667e-07
Al_degrader_E4_E3,28.29,2.2222222222222222e-07
Al_degrader_E4_E3,28.35,1.1111111111111111e-07
Al_degrader_E4_E3,28.409999999999997,1.1111111111111111e-07
Al_degrader_E4_E3,28.47,0.0
Al_degrader_E4_E3,28.53,1.1111111111111111e-07
Al_degrader_E4_E3,28.589999999999996,0.0
Al_degrader_E4_E3,28.65,1.1111111111111111e-07
Ni10,20.729999999999997,3.3333333333333335e-07
Ni10,20.79,0.0
Ni10,20.85,0.0
Ni10,20.909999999999997,1.3333333333333334e-06
Ni10,20.97,3.3333333333333335e-07
Ni10,21.03,1.3333333333333334e-06
Ni10,21.089999999999996,1.6666666666666667e-06
Ni10,21.15,3.3333333333333333e-06
Ni10,21.21,5e-06
Ni10,21.27,5e-06
Ni10,21.33,7.666666666666667e-06
Ni10,21.39,1.4e-05
Ni10,21.45,1.7666666666666668e-05
Ni10,21.509999999999998,3.233333333333333e-05
Ni10,21.57,4.3666666666666666e-05
Ni10,21.63,6.666666666666667e-05
Ni10,21.689999999999998,0.0001
Ni10,21.75,0.00013133333333333335
Ni10,21.81,0.00021666666666666666
Ni10,21.869999999999997,0.00027833333333333334
Ni10,21.93,0.000384
Ni10,21.990000000000002,0.0005553333333333334
Ni10,22.049999999999997,0.0007226666666666667
Ni10,22.11,0.00099
Ni10,22.17,0.001275
Ni10,22.229999999999997,0.0017103333333333332
Ni10,22.29,0.002239
Ni10,22.35,0.0028203333333333335
Ni10,22.409999999999997,0.0036086666666666667
Ni10,22.47,0.004660333333333333
Ni10,22.53,0.005613
Ni10,22.589999999999996,0.007000333333333333
Ni10,22.65,0.008543333333333333
Ni10,22.71,0.010139333333333334
Ni10,22.77,0.012097666666666666
Ni10,22.83,0.014400666666666668
Ni10,22.89,0.016508333333333333
Ni10,22.95,0.019021666666666666
Ni10,23.009999999999998,0.021747333333333334
Ni10,23.07,0.02442
Ni10,23.13,0.027079666666666665
Ni10,23.189999999999998,0.030053666666666666
Ni10,23.25,0.032528666666666664
Ni10,23.31,0.034958
Ni10,23.369999999999997,0.03731166666666667
Ni10,23.43,0.039158
Ni10,23.490000000000002,0.04073566666666667
Ni10,23.549999999999997,0.041986
Ni10,23.61,0.04263733333333333
Ni10,23.67,0.04287333333333333
Ni10,23.729999999999997,0.04239866666666667
Ni10,23.79,0.041814333333333335
Ni10,23.85,0.040685
Ni10,23.909999999999997,0.038807
Ni10,23.97,0.03679466666666667
Ni10,24.03,0.03461533333333333
Ni10,24.089999999999996,0.031842666666666665
Ni10,24.15,0.029333666666666668
Ni10,24.21,0.026453
Ni10,24.27,0.023699666666666667
Ni10,24.33,0.020856666666666666
Ni10,24.39,0.018252
Ni10,24.45,0.015787666666666665
Ni10,24.509999999999998,0.013394333333333333
Ni10,24.57,0.011367
Ni10,24.63,0.009437666666666667
Ni10,24.689999999999998,0.007705
Ni10,24.75,0.006293333333333333
Ni10,24.81,0.005076333333333334
Ni10,24.869999999999997,0.003974
Ni10,24.93,0.003174
Ni10,24.990000000000002,0.0024706666666666666
Ni10,25.049999999999997,0.001841
Ni10,25.11,0.0014603333333333332
Ni10,25.17,0.0010886666666666666
Ni10,25.229999999999997,0.0007843333333333333
Ni10,25.29,0.0005666666666666667
Ni10,25.35,0.0004206666666666667
Ni10,25.409999999999997,0.0002846666666666667
Ni10,25.47,0.000199
Ni10,25.53,0.00013933333333333332
Ni10,25.589999999999996,9.033333333333334e-05
Ni10,25.65,6.8e-05
Ni10,25.71,4.1e-05
Ni10,25.77,2.8666666666666668e-05
Ni10,25.83,1.9666666666666666e-05
Ni10,25.89,1.0333333333333333e-05
Ni10,25.95,8.333333333333334e-06
Ni10,26.009999999999998,4.666666666666666e-06
Ni10,26.07,1.6666666666666667e-06
Ni10,26.13,2e-06
Ni10,26.189999999999998,0.0
Ni10,26.25,1e-06
Ni10,26.31,0.0
Ni10,26.369999999999997,0.0
Ni10,26.43,6.666666666666667e-07
Ni10,26.49,0.0
Ni10,26.549999999999997,3.3333333333333335e-07
Sn10,20.61,3.3333333333333335e-07
Sn10,20.67,3.3333333333333335e-07
Sn10,20.729999999999997,3.3333333333333335e-07
Sn10,20.79,6.666666666666667e-07
Sn10,20.85,1.3333333333333334e-06
Sn10,20.909999999999997,2.666666666666667e-06
Sn10,20.97,2e-06
Sn10,21.03,3e-06
Sn10,21.089999999999996,6.666666666666667e-06
Sn10,21.15,1.0666666666666667e-05
Sn10,21.21,1.3e-05
Sn10,21.27,1.633333333333333e-05
Sn10,21.33,2.966666666666667e-05
Sn10,21.39,4.4e-05
Sn10,21.45,6.466666666666666e-05
Sn10,21.509999999999998,9.566666666666667e-05
Sn10,21.57,0.000139
Sn10,21.63,0.000204
Sn10,21.689999999999998,0.0002976666666666667
Sn10,21.75,0.0004243333333333333
Sn10,21.81,0.000576
Sn10,21.869999999999997,0.0007723333333333333
Sn10,21.93,0.001035
Sn10,21.990000000000002,0.001398
Sn10,22.049999999999997,0.001803
Sn10,22.11,0.002328
Sn10,22.17,0.003042
Sn10,22.229999999999997,0.003944666666666667
Sn10,22.29,0.004969
Sn10,22.35,0.006201
Sn10,22.409999999999997,0.007619666666666667
Sn10,22.47,0.009349666666666666
Sn10,22.53,0.011185
Sn10,22.589999999999996,0.013232
Sn10,22.65,0.015406333333333333
Sn10,22.71,0.018024666666666668
Sn10,22.77,0.020733666666666668
Sn10,22.83,0.023599666666666668
Sn10,22.89,0.026419333333333333
Sn10,22.95,0.029328333333333335
Sn10,23.009999999999998,0.032162
Sn10,23.07,0.034935
Sn10,23.13,0.03740466666666667
Sn10,23.189999999999998,0.03956
Sn10,23.25,0.041161
Sn10,23.31,0.042563333333333335
Sn10,23.369999999999997,0.043431333333333336
Sn10,23.43,0.043914
Sn10,23.490000000000002,0.043742
Sn10,23.549999999999997,0.04307266666666667
Sn10,23.61,0.041958
Sn10,23.67,0.040087
Sn10,23.729999999999997,0.038023
Sn10,23.79,0.035718
Sn10,23.85,0.033008333333333334
Sn10,23.909999999999997,0.030067666666666666
Sn10,23.97,0.027108
Sn10,24.03,0.024247333333333333
Sn10,24.089999999999996,0.021361333333333333
Sn10,24.15,0.018730666666666666
Sn10,24.21,0.016054
Sn10,24.27,0.013623666666666666
Sn10,24.33,0.011441333333333333
Sn10,24.39,0.009484666666666667
Sn10,24.45,0.007650333333333334
Sn10,24.509999999999998,0.006164666666666666
Sn10,24.57,0.004977333333333334
Sn10,24.63,0.0038473333333333332
Sn10,24.689999999999998,0.0030833333333333333
Sn10,24.75,0.002424
Sn10,24.81,0.0018533333333333334
Sn10,24.869999999999997,0.001367
Sn10,24.93,0.001022
Sn10,24.990000000000002,0.000754
Sn10,25.049999999999997,0.0005176666666666667
Sn10,25.11,0.0003513333333333333
Sn10,25.17,0.00026233333333333333
Sn10,25.229999999999997,0.000176
Sn10,25.29,0.00012233333333333334
Sn10,25.35,8.6e-05
Sn10,25.409999999999997,5.4e-05
Sn10,25.47,3.8333333333333334e-05
Sn10,25.53,2.4333333333333333e-05
Sn10,25.589999999999996,1.8666666666666665e-05
Sn10,25.65,1.2333333333333333e-05
Sn10,25.71,3.6666666666666666e-06
Sn10,25.77,3.3333333333333333e-06
Sn10,25.83,1e-06
Sn10,25.89,3.3333333333333335e-07
Sn10,25.95,3.3333333333333335e-07
Sn10,26.009999999999998,3.3333333333333335e-07
Sn10,26.07,3.3333333333333335e-07
Sn10,26.13,6.666666666666667e-07
Sn10,26.189999999999998,3.3333333333333335e-07
Sn10,26.25,3.3333333333333335e-07
Ta10,20.31,3.3333333333333335e-07
Ta10,20.369999999999997,0.0
Ta10,20.43,3.3333333333333335e-07
Ta10,20.490000000000002,1e-06
Ta10,20.549999999999997,3.3333333333333335e-07
Ta10,20.61,1.3333333333333334e-06
Ta10,20.67,2e-06
Ta10,20.729999999999997,2.666666666666667e-06
Ta10,20.79,5.333333333333334e-06
Ta10,20.85,4.666666666666666e-06
Ta10,20.909999999999997,9.333333333333333e-06
Ta10,20.97,1.3666666666666667e-05
Ta10,21.03,1.9333333333333333e-05
Ta10,21.089999999999996,3.266666666666666e-05
Ta10,21.15,4.266666666666667e-05
Ta10,21.21,6.533333333333333e-05
Ta10,21.27,9.5e-05
Ta10,21.33,0.000139
Ta10,21.39,0.00021266666666666667
Ta10,21.45,0.00027633333333333335
Ta10,21.509999999999998,0.00039266666666666665
Ta10,21.57,0.0005483333333333333
Ta10,21.63,0.0007143333333333333
Ta10,21.689999999999998,0.0009986666666666666
Ta10,21.75,0.0012596666666666667
Ta10,21.81,0.001677
Ta10,21.869999999999997,0.0022006666666666667
Ta10,21.93,0.002788333333333333
Ta10,21.990000000000002,0.0036286666666666668
Ta10,22.049999999999997,0.004536
Ta10,22.11,0.0055576666666666665
Ta10,22.17,0.0069696666666666665
Ta10,22.229999999999997,0.008470333333333333
Ta10,22.29,0.010029666666666666
Ta10,22.35,0.012050666666666666
Ta10,22.409999999999997,0.014073
Ta10,22.47,0.016434333333333332
Ta10,22.53,0.01884366666666667
Ta10,22.589999999999996,0.021561666666666666
Ta10,22.65,0.024124333333333334
Ta10,22.71,0.026971333333333333
Ta10,22.77,0.029649333333333333
Ta10,22.83,0.032358333333333336
Ta10,22.89,0.034855333333333335
Ta10,22.95,0.037192666666666666
Ta10,23.009999999999998,0.038901333333333336
Ta10,23.07,0.040644
Ta10,23.13,0.04180866666666667
Ta10,23.189999999999998,0.042549
Ta10,23.25,0.042777666666666665
Ta10,23.31,0.04251233333333333
Ta10,23.369999999999997,0.04178866666666667
Ta10,23.43,0.04058233333333333
Ta10,23.490000000000002,0.039002666666666665
Ta10,23.549999999999997,0.037029
Ta10,23.61,0.03472666666666667
Ta10,23.67,0.032064333333333334
Ta10,23.729999999999997,0.029345333333333334
Ta10,23.79,0.026673666666666665
Ta10,23.85,0.023805333333333335
Ta10,23.909999999999997,0.021213666666666665
Ta10,23.97,0.018417
Ta10,24.03,0.015950333333333334
Ta10,24.089999999999996,0.013656
Ta10,24.15,0.011509333333333333
Ta10,24.21,0.009606666666666666
Ta10,24.27,0.007802333333333333
Ta10,24.33,0.0064073333333333335
Ta10,24.39,0.005187666666666667
Ta10,24.45,0.004097
Ta10,24.509999999999998,0.0032156666666666666
Ta10,24.57,0.0025516666666666665
Ta10,24.63,0.0019386666666666667
Ta10,24.689999999999998,0.0015096666666666668
Ta10,24.75,0.001117
Ta10,24.81,0.0008253333333333333
Ta10,24.869999999999997,0.0005836666666666667
Ta10,24.93,0.0004336666666666667
Ta10,24.990000000000002,0.000305
Ta10,25.049999999999997,0.000206
Ta10,25.11,0.000147
Ta10,25.17,9.9e-05
Ta10,25.229999999999997,6.933333333333333e-05
Ta10,25.29,4.7333333333333336e-05
Ta10,25.35,2.9333333333333333e-05
Ta10,25.409999999999997,2.1333333333333335e-05
Ta10,25.47,1.2333333333333333e-05
Ta10,25.53,7.333333333333333e-06
Ta10,25.589999999999996,6.333333333333333e-06
Ta10,25.65,1.3333333333333334e-06
Ta10,25.71,2e-06
Ta10,25.77,3.3333333333333335e-07
Ta10,25.83,3.3333333333333335e-07
Ta10,25.89,6.666666666666667e-07
Ta10,25.95,0.0
Ta10,26.009999999999998,6.666666666666667e-07
Ta10,26.07,0.0
Ta10,26.13,3.3333333333333335e-07
Cu10,19.95,3.3333333333333335e-07
Cu10,20.009999999999998,0.0
Cu10,20.07,0.0
Cu10,20.13,1e-06
Cu10,20.189999999999998,6.666666666666667e-07
Cu10,20.25,1e-06
Cu10,20.31,1.6666666666666667e-06
Cu10,20.369999999999997,2.333333333333333e-06
Cu10,20.43,4e-06
Cu10,20.490000000000002,6e-06
Cu10,20.549999999999997,7.666666666666667e-06
Cu10,20.61,1.1e-05
Cu10,20.67,1.9333333333333333e-05
Cu10,20.729999999999997,2.8e-05
Cu10,20.79,3.633333333333333e-05
Cu10,20.85,5.6e-05
Cu10,20.909999999999997,8.533333333333334e-05
Cu10,20.97,0.000118
Cu10,21.03,0.00017
Cu10,21.089999999999996,0.0002486666666666667
Cu10,21.15,0.000326
Cu10,21.21,0.0004566666666666667
Cu10,21.27,0.0006243333333333333
Cu10,21.33,0.000852
Cu10,21.39,0.0011023333333333334
Cu10,21.45,0.0013916666666666667
Cu10,21.509999999999998,0.001921
Cu10,21.57,0.0024133333333333333
Cu10,21.63,0.0030653333333333335
Cu10,21.689999999999998,0.003929333333333333
Cu10,21.75,0.004885666666666667
Cu10,21.81,0.005954666666666666
Cu10,21.869999999999997,0.007363333333333334
Cu10,21.93,0.008837
Cu10,21.990000000000002,0.0105
Cu10,22.049999999999997,0.012525
Cu10,22.11,0.014544
Cu10,22.17,0.016850666666666667
Cu10,22.229999999999997,0.019262666666666668
Cu10,22.29,0.021805
Cu10,22.35,0.024385333333333332
Cu10,22.409999999999997,0.027202333333333332
Cu10,22.47,0.029809333333333334
Cu10,22.53,0.03228866666666667
Cu10,22.589999999999996,0.034621
Cu10,22.65,0.03692533333333333
Cu10,22.71,0.03854133333333333
Cu10,22.77,0.04019366666666667
Cu10,22.83,0.04120066666666666
Cu10,22.89,0.04196
Cu10,22.95,0.042214666666666664
Cu10,23.009999999999998,0.04173433333333333
Cu10,23.07,0.04112233333333333
Cu10,23.13,0.039983
Cu10,23.189999999999998,0.03834733333333333
Cu10,23.25,0.036364
Cu10,23.31,0.03427433333333333
Cu10,23.369999999999997,0.031656
Cu10,23.43,0.029006333333333332
Cu10,23.490000000000002,0.026424333333333334
Cu10,23.549999999999997,0.023730666666666667
Cu10,23.61,0.021063666666666668
Cu10,23.67,0.018378666666666668
Cu10,23.729999999999997,0.016029
Cu10,23.79,0.013719333333333333
Cu10,23.85,0.011611
Cu10,23.909999999999997,0.009756666666666667
Cu10,23.97,0.007978
Cu10,24.03,0.006568
Cu10,24.089999999999996,0.005350333333333334
Cu10,24.15,0.004247333333333333
Cu10,24.21,0.0033466666666666666
Cu10,24.27,0.002645666666666667
Cu10,24.33,0.00205
Cu10,24.39,0.001596
Cu10,24.45,0.001185
Cu10,24.509999999999998,0.0008956666666666667
Cu10,24.57,0.0006413333333333334
Cu10,24.63,0.000477
Cu10,24.689999999999998,0.0003353333333333333
Cu10,24.75,0.00022566666666666666
Cu10,24.81,0.00016066666666666668
Cu10,24.869999999999997,0.000116
Cu10,24.93,7.7e-05
Cu10,24.990000000000002,5.633333333333333e-05
Cu10,25.049999999999997,3.1666666666666666e-05
Cu10,25.11,2.6e-05
Cu10,25.17,1.5333333333333334e-05
Cu10,25.229999999999997,8.333333333333334e-06
Cu10,25.29,9.666666666666667e-06
Cu10,25.35,1.3333333333333334e-06
Cu10,25.409999999999997,2e-06
Cu10,25.47,1e-06
Cu10,25.53,0.0
Cu10,25.589999999999996,1e-06
Cu10,25.65,0.0
Cu10,25.71,0.0
Cu10,25.77,6.666666666666667e-07
Cu10,25.83,0.0
Cu10,25.89,3.3333333333333335e-07
Al_degrader_E6_E5,17.07,9.090909090909091e-08
Al_degrader_E6_E5,17.13,0.0
Al_degrader_E6_E5,17.189999999999998,0.0
Al_degrader_E6_E5,17.25,0.0
Al_degrader_E6_E5,17.310000000000002,2.7272727272727274e-07
Al_degrader_E6_E5,17.369999999999997,1.8181818181818183e-07
Al_degrader_E6_E5,17.43,2.7272727272727274e-07
Al_degrader_E6_E5,17.490000000000002,1.8181818181818183e-07
Al_degrader_E6_E5,17.549999999999997,1.8181818181818183e-07
Al_degrader_E6_E5,17.61,1.2727272727272728e-06
Al_degrader_E6_E5,17.67,1.2727272727272728e-06
Al_degrader_E6_E5,17.729999999999997,1.090909090909091e-06
Al_degrader_E6_E5,17.79,1.818181818181818e-06
Al_degrader_E6_E5,17.85,2.181818181818182e-06
Al_degrader_E6_E5,17.909999999999997,4.909090909090909e-06
Al_degrader_E6_E5,17.97,6.818181818181818e-06
Al_degrader_E6_E5,18.03,7.818181818181818e-06
Al_degrader_E6_E5,18.09,1.0818181818181818e-05
Al_degrader_E6_E5,18.15,1.6545454545454544e-05
Al_degrader_E6_E5,18.21,2.218181818181818e-05
Al_degrader_E6_E5,18.27,3.1909090909090906e-05
Al_degrader_E6_E5,18.33,4.5363636363636366e-05
Al_degrader_E6_E5,18.39,5.4545454545454546e-05
Al_degrader_E6_E5,18.45,7.881818181818182e-05
Al_degrader_E6_E5,18.509999999999998,9.954545454545455e-05
Al_degrader_E6_E5,18.57,0.00013027272727272727
Al_degrader_E6_E5,18.63,0.00018245454545454546
Al_degrader_E6_E5,18.689999999999998,0.00021663636363636365
Al_degrader_E6_E5,18.75,0.0002750909090909091
Al_degrader_E6_E5,18.81,0.0003706363636363636
Al_degrader_E6_E5,18.869999999999997,0.0004580909090909091
Al_degrader_E6_E5,18.93,0.0005818181818181818
Al_degrader_E6_E5,18.990000000000002,0.0007067272727272727
Al_degrader_E6_E5,19.049999999999997,0.0008838181818181818
Al_degrader_E6_E5,19.11,0.0010857272727272727
Al_degrader_E6_E5,19.17,0.0013146363636363635
Al_degrader_E6_E5,19.229999999999997,0.0015892727272727274
Al_degrader_E6_E5,19.29,0.0018600909090909091
Al_degrader_E6_E5,19.35,0.002230909090909091
Al_degrader_E6_E5,19.409999999999997,0.0026088181818181818
Al_degrader_E6_E5,19.47,0.0031113636363636365
Al_degrader_E6_E5,19.53,0.003558272727272727
Al_degrader_E6_E5,19.59,0.004057909090909091
Al_degrader_E6_E5,19.65,0.004704636363636364
Al_degrader_E6_E5,19.71,0.005294909090909091
Al_degrader_E6_E5,19.77,0.006025363636363636
Al_degrader_E6_E5,19.83,0.006678363636363637
Al_degrader_E6_E5,19.89,0.007451454545454546
Al_degrader_E6_E5,19.95,0.008225909090909091
Al_degrader_E6_E5,20.009999999999998,0.009056636363636364
Al_degrader_E6_E5,20.07,0.009835363636363637
Al_degrader_E6_E5,20.13,0.010591272727272727
Al_degrader_E6_E5,20.189999999999998,0.011537363636363636
Al_degrader_E6_E5,20.25,0.012296636363636364
Al_degrader_E6_E5,20.31,0.013135636363636363
Al_degrader_E6_E5,20.369999999999997,0.013842363636363637
Al_degrader_E6_E5,20.43,0.014626909090909091
Al_degrader_E6_E5,20.490000000000002,0.015346
Al_degrader_E6_E5,20.549999999999997,0.016021363636363636
Al_degrader_E6_E5,20.61,0.016648636363636362
Al_degrader_E6_E5,20.67,0.017190272727272728
Al_degrader_E6_E5,20.729999999999997,0.017809181818181818
Al_degrader_E6_E5,20.79,0.018213636363636362
Al_degrader_E6_E5,20.85,0.01871090909090909
Al_degrader_E6_E5,20.909999999999997,0.019032363636363635
Al_degrader_E6_E5,20.97,0.019527727272727273
Al_degrader_E6_E5,21.03,0.019693454545454545
Al_degrader_E6_E5,21.089999999999996,0.020065545454545454
Al_degrader_E6_E5,21.15,0.02025681818181818
Al_degrader_E6_E5,21.21,0.02045781818181818
Al_degrader_E6_E5,21.27,0.020632454545454544
Al_degrader_E6_E5,21.33,0.020794454545454547
Al_degrader_E6_E5,21.39,0.020913
Al_degrader_E6_E5,21.45,0.020965545454545455
Al_degrader_E6_E5,21.509999999999998,0.02110109090909091
Al_degrader_E6_E5,21.57,0.021068636363636362
Al_degrader_E6_E5,21.63,0.021162636363636363
Al_degrader_E6_E5,21.689999999999998,0.021116
Al_degrader_E6_E5,21.75,0.021160727272727272
Al_degrader_E6_E5,21.81,0.021014181818181817
Al_degrader_E6_E5,21.869999999999997,0.020976636363636364
Al_degrader_E6_E5,21.93,0.02081081818181818
Al_degrader_E6_E5,21.990000000000002,0.020712
Al_degrader_E6_E5,22.049999999999997,0.020401909090909092
Al_degrader_E6_E5,22.11,0.02014409090909091
Al_degrader_E6_E5,22.17,0.019880818181818184
Al_degrader_E6_E5,22.229999999999997,0.019482909090909092
Al_degrader_E6_E5,22.29,0.019001454545454547
Al_degrader_E6_E5,22.35,0.01849718181818182
Al_degrader_E6_E5,22.409999999999997,0.017967545454545455
Al_degrader_E6_E5,22.47,0.017307090909090907
Al_degrader_E6_E5,22.53,0.01660409090909091
Al_degrader_E6_E5,22.589999999999996,0.015794
Al_degrader_E6_E5,22.65,0.015037454545454545
Al_degrader_E6_E5,22.71,0.014144727272727272
Al_degrader_E6_E5,22.77,0.013247909090909091
Al_degrader_E6_E5,22.83,0.012288454545454545
Al_degrader_E6_E5,22.89,0.011387909090909091
Al_degrader_E6_E5,22.95,0.010413727272727272
Al_degrader_E6_E5,23.009999999999998,0.009433636363636363
Al_degrader_E6_E5,23.07,0.008506818181818181
Al_degrader_E6_E5,23.13,0.007622363636363636
Al_degrader_E6_E5,23.189999999999998,0.0067308181818181816
Al_degrader_E6_E5,23.25,0.005892
Al_degrader_E6_E5,23.31,0.005140909090909091
Al_degrader_E6_E5,23.369999999999997,0.004439818181818182
Al_degrader_E6_E5,23.43,0.0037661818181818183
Al_degrader_E6_E5,23.490000000000002,0.003192909090909091
Al_degrader_E6_E5,23.549999999999997,0.002676181818181818
Al_degrader_E6_E5,23.61,0.0022297272727272725
Al_degrader_E6_E5,23.67,0.001814909090909091
Al_degrader_E6_E5,23.729999999999997,0.0014738181818181818
Al_degrader_E6_E5,23.79,0.0011810909090909092
Al_degrader_E6_E5,23.85,0.0009486363636363636
Al_degrader_E6_E5,23.909999999999997,0.0007424545454545455
Al_degrader_E6_E5,23.97,0.0005710909090909091
Al_degrader_E6_E5,24.03,0.0004369090909090909
Al_degrader_E6_E5,24.089999999999996,0.0003543636363636364
Al_degrader_E6_E5,24.15,0.0002598181818181818
Al_degrader_E6_E5,24.21,0.00018836363636363636
Al_degrader_E6_E5,24.27,0.00013972727272727273
Al_degrader_E6_E5,24.33,0.00010727272727272727
Al_degrader_E6_E5,24.39,7.172727272727273e-05
Al_degrader_E6_E5,24.45,5.081818181818182e-05
Al_degrader_E6_E5,24.509999999999998,3.5e-05
Al_degrader_E6_E5,24.57,2.5818181818181817e-05
Al_degrader_E6_E5,24.63,1.6272727272727273e-05
Al_degrader_E6_E5,24.689999999999998,1.2090909090909091e-05
Al_degrader_E6_E5,24.75,7.818181818181818e-06
Al_degrader_E6_E5,24.81,4.818181818181818e-06
Al_degrader_E6_E5,24.869999999999997,3.1818181818181817e-06
Al_degrader_E6_E5,24.93,2.181818181818182e-06
Al_degrader_E6_E5,24.990000000000002,2.181818181818182e-06
Al_degrader_E6_E5,25.049999999999997,4.545454545454545e-07
Al_degrader_E6_E5,25.11,4.545454545454545e-07
Al_degrader_E6_E5,25.17,2.7272727272727274e-07
Al_degrader_E6_E5,25.229999999999997,9.090909090909091e-08
Al_degrader_E6_E5,25.29,9.090909090909091e-08
Al_degrader_E6_E5,25.35,9.090909090909091e-08
Al_degrader_E6_E5,25.409999999999997,0.0
Al_degrader_E6_E5,25.47,9.090909090909091e-08
Al_degrader_E6_E5,25.53,0.0
Al_degrader_E6_E5,25.589999999999996,9.090909090909091e-08
Ni11,16.65,3.3333333333333335e-07
Ni11,16.71,0.0
Ni11,16.77,0.0
Ni11,16.83,1e-06
Ni11,16.89,6.666666666666667e-07
Ni11,16.95,3.3333333333333335e-07
Ni11,17.009999999999998,1e-06
Ni11,17.07,1.6666666666666667e-06
Ni11,17.13,2.333333333333333e-06
Ni11,17.189999999999998,3.6666666666666666e-06
Ni11,17.25,4.333333333333333e-06
Ni11,17.310000000000002,6e-06
Ni11,17.369999999999997,8e-06
Ni11,17.43,1.3333333333333333e-05
Ni11,17.490000000000002,1.5666666666666667e-05
Ni11,17.549999999999997,2.8666666666666668e-05
Ni11,17.61,3.266666666666666e-05
Ni11,17.67,5.133333333333333e-05
Ni11,17.729999999999997,6.9e-05
Ni11,17.79,9.433333333333333e-05
Ni11,17.85,0.00012466666666666667
Ni11,17.909999999999997,0.00019233333333333334
Ni11,17.97,0.00023033333333333334
Ni11,18.03,0.00032033333333333333
Ni11,18.09,0.000417
Ni11,18.15,0.0005383333333333334
Ni11,18.21,0.000727
Ni11,18.27,0.000889
Ni11,18.33,0.0011346666666666666
Ni11,18.39,0.001471
Ni11,18.45,0.0018656666666666667
Ni11,18.509999999999998,0.0022633333333333333
Ni11,18.57,0.002828666666666667
Ni11,18.63,0.0035066666666666666
Ni11,18.689999999999998,0.004281
Ni11,18.75,0.005033
Ni11,18.81,0.006160333333333334
Ni11,18.869999999999997,0.0073026666666666665
Ni11,18.93,0.008478
Ni11,18.990000000000002,0.009926333333333334
Ni11,19.049999999999997,0.011579
Ni11,19.11,0.013167
Ni11,19.17,0.014949333333333334
Ni11,19.229999999999997,0.016975
Ni11,19.29,0.019011333333333335
Ni11,19.35,0.02102
Ni11,19.409999999999997,0.023031333333333334
Ni11,19.47,0.025411333333333334
Ni11,19.53,0.027412333333333334
Ni11,19.59,0.029234666666666666
Ni11,19.65,0.03127133333333333
Ni11,19.71,0.03294766666666667
Ni11,19.77,0.034393
Ni11,19.83,0.03568366666666667
Ni11,19.89,0.036633
Ni11,19.95,0.037330666666666665
Ni11,20.009999999999998,0.037657
Ni11,20.07,0.03767
Ni11,20.13,0.037202
Ni11,20.189999999999998,0.036674
Ni11,20.25,0.035841
Ni11,20.31,0.03433733333333333
Ni11,20.369999999999997,0.032899
Ni11,20.43,0.031189333333333333
Ni11,20.490000000000002,0.029251666666666665
Ni11,20.549999999999997,0.027045
Ni11,20.61,0.025039333333333334
Ni11,20.67,0.022878
Ni11,20.729999999999997,0.020669666666666666
Ni11,20.79,0.018532666666666666
Ni11,20.85,0.016407
Ni11,20.909999999999997,0.014433666666666666
Ni11,20.97,0.012681333333333333
Ni11,21.03,0.010815666666666666
Ni11,21.089999999999996,0.009325
Ni11,21.15,0.007858666666666667
Ni11,21.21,0.0065316666666666665
Ni11,21.27,0.0055056666666666665
Ni11,21.33,0.004520666666666667
Ni11,21.39,0.0036663333333333335
Ni11,21.45,0.0029606666666666666
Ni11,21.509999999999998,0.0023783333333333334
Ni11,21.57,0.0018926666666666666
Ni11,21.63,0.0014783333333333332
Ni11,21.689999999999998,0.001168
Ni11,21.75,0.0009076666666666666
Ni11,21.81,0.000682
Ni11,21.869999999999997,0.0004886666666666667
Ni11,21.93,0.00039
Ni11,21.990000000000002,0.000274
Ni11,22.049999999999997,0.00019466666666666666
Ni11,22.11,0.00014366666666666667
Ni11,22.17,0.000102
Ni11,22.229999999999997,7.1e-05
Ni11,22.29,5.466666666666667e-05
Ni11,22.35,3.4e-05
Ni11,22.409999999999997,2.5e-05
Ni11,22.47,1.8e-05
Ni11,22.53,9.666666666666667e-06
Ni11,22.589999999999996,7.333333333333333e-06
Ni11,22.65,6.333333333333333e-06
Ni11,22.71,1.3333333333333334e-06
Ni11,22.77,2.333333333333333e-06
Ni11,22.83,6.666666666666667e-07
Ni11,22.89,0.0
Ni11,22.95,1e-06
Ni11,23.009999999999998,0.0
Ni11,23.07,0.0
Ni11,23.13,6.666666666666667e-07
Ni11,23.189999999999998,0.0
Ni11,23.25,0.0
Ni11,23.31,3.3333333333333335e-07
Sn11,16.53,3.3333333333333335e-07
Sn11,16.59,3.3333333333333335e-07
Sn11,16.65,3.3333333333333335e-07
Sn11,16.71,6.666666666666667e-07
Sn11,16.77,1.3333333333333334e-06
Sn11,16.83,1.6666666666666667e-06
Sn11,16.89,2e-06
Sn11,16.95,2e-06
Sn11,17.009999999999998,3.3333333333333333e-06
Sn11,17.07,5e-06
Sn11,17.13,8.333333333333334e-06
Sn11,17.189999999999998,1.1e-05
Sn11,17.25,1.3333333333333333e-05
Sn11,17.310000000000002,1.7666666666666668e-05
Sn11,17.369999999999997,2.5e-05
Sn11,17.43,4.266666666666667e-05
Sn11,17.490000000000002,5.8666666666666665e-05
Sn11,17.549999999999997,7.966666666666666e-05
Sn11,17.61,0.00010766666666666666
Sn11,17.67,0.00015066666666666668
Sn11,17.729999999999997,0.000201
Sn11,17.79,0.00029233333333333336
Sn11,17.85,0.000373
Sn11,17.909999999999997,0.000503
Sn11,17.97,0.0006356666666666666
Sn11,18.03,0.000836
Sn11,18.09,0.0010616666666666667
Sn11,18.15,0.0013666666666666666
Sn11,18.21,0.0016926666666666668
Sn11,18.27,0.0021143333333333335
Sn11,18.33,0.002653
Sn11,18.39,0.003358
Sn11,18.45,0.004088333333333334
Sn11,18.509999999999998,0.004972
Sn11,18.57,0.006024333333333333
Sn11,18.63,0.007129333333333333
Sn11,18.689999999999998,0.008489
Sn11,18.75,0.009858
Sn11,18.81,0.011501666666666667
Sn11,18.869999999999997,0.01312
Sn11,18.93,0.015040333333333333
Sn11,18.990000000000002,0.01706
Sn11,19.049999999999997,0.019238
Sn11,19.11,0.021241
Sn11,19.17,0.023579333333333334
Sn11,19.229999999999997,0.025822333333333333
Sn11,19.29,0.027971333333333334
Sn11,19.35,0.030063666666666666
Sn11,19.409999999999997,0.032058
Sn11,19.47,0.033788
Sn11,19.53,0.035320333333333336
Sn11,19.59,0.036513333333333335
Sn11,19.65,0.037504666666666665
Sn11,19.71,0.03814666666666667
Sn11,19.77,0.03847433333333333
Sn11,19.83,0.03852033333333333
Sn11,19.89,0.038002
Sn11,19.95,0.03736966666666667
Sn11,20.009999999999998,0.036149
Sn11,20.07,0.03473866666666667
Sn11,20.13,0.03304233333333333
Sn11,20.189999999999998,0.031218
Sn11,20.25,0.029101333333333333
Sn11,20.31,0.026890333333333332
Sn11,20.369999999999997,0.024604
Sn11,20.43,0.022329333333333333
Sn11,20.490000000000002,0.020133
Sn11,20.549999999999997,0.017873666666666666
Sn11,20.61,0.015837333333333332
Sn11,20.67,0.013814333333333333
Sn11,20.729999999999997,0.011974
Sn11,20.79,0.010238666666666667
Sn11,20.85,0.008683666666666666
Sn11,20.909999999999997,0.007249666666666666
Sn11,20.97,0.005999333333333333
Sn11,21.03,0.004903666666666666
Sn11,21.089999999999996,0.004002
Sn11,21.15,0.0032303333333333333
Sn11,21.21,0.002631333333333333
Sn11,21.27,0.002138
Sn11,21.33,0.001675
Sn11,21.39,0.0013003333333333332
Sn11,21.45,0.0009903333333333333
Sn11,21.509999999999998,0.000751
Sn11,21.57,0.000559
Sn11,21.63,0.00039566666666666667
Sn11,21.689999999999998,0.00029833333333333334
Sn11,21.75,0.00021333333333333333
Sn11,21.81,0.000156
Sn11,21.869999999999997,0.000111
Sn11,21.93,8.1e-05
Sn11,21.990000000000002,5.2333333333333336e-05
Sn11,22.049999999999997,4.1e-05
Sn11,22.11,2.4333333333333333e-05
Sn11,22.17,2.1666666666666667e-05
Sn11,22.229999999999997,1.3666666666666667e-05
Sn11,22.29,8.333333333333334e-06
Sn11,22.35,4.333333333333333e-06
Sn11,22.409999999999997,2.666666666666667e-06
Sn11,22.47,1e-06
Sn11,22.53,3.3333333333333335e-07
Sn11,22.589999999999996,3.3333333333333335e-07
Sn11,22.65,0.0
Sn11,22.71,6.666666666666667e-07
Sn11,22.77,3.3333333333333335e-07
Sn11,22.83,3.3333333333333335e-07
Sn11,22.89,3.3333333333333335e-07
Sn11,22.95,3.3333333333333335e-07
Ta11,16.11,3.3333333333333335e-07
Ta11,16.17,0.0
Ta11,16.229999999999997,0.0
Ta11,16.29,3.3333333333333335e-07
Ta11,16.35,6.666666666666667e-07
Ta11,16.409999999999997,6.666666666666667e-07
Ta11,16.47,3.3333333333333335e-07
Ta11,16.53,2e-06
Ta11,16.59,1.3333333333333334e-06
Ta11,16.65,2e-06
Ta11,16.71,4.333333333333333e-06
Ta11,16.77,5.333333333333334e-06
Ta11,16.83,5.666666666666667e-06
Ta11,16.89,9e-06
Ta11,16.95,1.2666666666666667e-05
Ta11,17.009999999999998,1.7666666666666668e-05
Ta11,17.07,2.8e-05
Ta11,17.13,3.3333333333333335e-05
Ta11,17.189999999999998,4.9e-05
Ta11,17.25,7.133333333333334e-05
Ta11,17.310000000000002,9.433333333333333e-05
Ta11,17.369999999999997,0.00012333333333333334
Ta11,17.43,0.00019333333333333333
Ta11,17.490000000000002,0.00023133333333333334
Ta11,17.549999999999997,0.00030533333333333335
Ta11,17.61,0.000429
Ta11,17.67,0.0005346666666666667
Ta11,17.729999999999997,0.0006903333333333334
Ta11,17.79,0.0009273333333333333
Ta11,17.85,0.0010956666666666667
Ta11,17.909999999999997,0.001427
Ta11,17.97,0.0018066666666666667
Ta11,18.03,0.0022246666666666665
Ta11,18.09,0.002766666666666667
Ta11,18.15,0.003387
Ta11,18.21,0.004173
Ta11,18.27,0.004935666666666666
Ta11,18.33,0.005976666666666667
Ta11,18.39,0.007164333333333333
Ta11,18.45,0.008260333333333333
Ta11,18.509999999999998,0.009675333333333333
Ta11,18.57,0.011216
Ta11,18.63,0.012868666666666667
Ta11,18.689999999999998,0.014631333333333333
Ta11,18.75,0.016439333333333334
Ta11,18.81,0.018614
Ta11,18.869999999999997,0.020495333333333334
Ta11,18.93,0.022611333333333334
Ta11,18.990000000000002,0.024833666666666667
Ta11,19.049999999999997,0.02682966666666667
Ta11,19.11,0.028721333333333335
Ta11,19.17,0.030658333333333333
Ta11,19.229999999999997,0.032530666666666666
Ta11,19.29,0.033838
Ta11,19.35,0.035194
Ta11,19.409999999999997,0.03637166666666666
Ta11,19.47,0.03678833333333333
Ta11,19.53,0.037419
Ta11,19.59,0.03754
Ta11,19.65,0.037208
Ta11,19.71,0.03663166666666667
Ta11,19.77,0.03575933333333333
Ta11,19.83,0.034676
Ta11,19.89,0.03313666666666667
Ta11,19.95,0.03146733333333333
Ta11,20.009999999999998,0.029563333333333334
Ta11,20.07,0.027650666666666667
Ta11,20.13,0.025433666666666667
Ta11,20.189999999999998,0.023329333333333334
Ta11,20.25,0.021134666666666666
Ta11,20.31,0.019135
Ta11,20.369999999999997,0.016959
Ta11,20.43,0.014984333333333334
Ta11,20.490000000000002,0.013171666666666667
Ta11,20.549999999999997,0.011342666666666666
Ta11,20.61,0.009774333333333333
Ta11,20.67,0.008277666666666666
Ta11,20.729999999999997,0.006898666666666667
Ta11,20.79,0.005837333333333333
Ta11,20.85,0.004797333333333333
Ta11,20.909999999999997,0.003948666666666666
Ta11,20.97,0.0031913333333333333
Ta11,21.03,0.0025773333333333334
Ta11,21.089999999999996,0.002057
Ta11,21.15,0.0016386666666666667
Ta11,21.21,0.0013056666666666666
Ta11,21.27,0.0009873333333333333
Ta11,21.33,0.0007556666666666666
Ta11,21.39,0.0005703333333333333
Ta11,21.45,0.00043733333333333336
Ta11,21.509999999999998,0.0003136666666666667
Ta11,21.57,0.000222
Ta11,21.63,0.000159
Ta11,21.689999999999998,0.00012066666666666667
Ta11,21.75,8.6e-05
Ta11,21.81,6.3e-05
Ta11,21.869999999999997,4.3666666666666666e-05
Ta11,21.93,2.8e-05
Ta11,21.990000000000002,1.8666666666666665e-05
Ta11,22.049999999999997,1.6666666666666667e-05
Ta11,22.11,6.666666666666667e-06
Ta11,22.17,9.333333333333333e-06
Ta11,22.229999999999997,3e-06
Ta11,22.29,6.666666666666667e-07
Ta11,22.35,2e-06
Ta11,22.409999999999997,3.3333333333333335e-07
Ta11,22.47,3.3333333333333335e-07
Ta11,22.53,6.666666666666667e-07
Ta11,22.589999999999996,0.0
Ta11,22.65,0.0
Ta11,22.71,6.666666666666667e-07
Ta11,22.77,0.0
Ta11,22.83,3.3333333333333335e-07
Cu11,15.69,3.3333333333333335e-07
Cu11,15.75,0.0
Cu11,15.809999999999999,0.0
Cu11,15.87,0.0
Cu11,15.93,1e-06
Cu11,15.989999999999998,6.666666666666667e-07
Cu11,16.049999999999997,3.3333333333333335e-07
Cu11,16.11,1.3333333333333334e-06
Cu11,16.17,1.6666666666666667e-06
Cu11,16.229999999999997,2e-06
Cu11,16.29,3.3333333333333333e-06
Cu11,16.35,5.333333333333334e-06
Cu11,16.409999999999997,4e-06
Cu11,16.47,9e-06
Cu11,16.53,1.1666666666666666e-05
Cu11,16.59,1.6e-05
Cu11,16.65,2.3666666666666668e-05
Cu11,16.71,2.7333333333333335e-05
Cu11,16.77,4.266666666666667e-05
Cu11,16.83,6.0666666666666666e-05
Cu11,16.89,8.066666666666667e-05
Cu11,16.95,0.00010733333333333333
Cu11,17.009999999999998,0.000154
Cu11,17.07,0.000209
Cu11,17.13,0.000263
Cu11,17.189999999999998,0.00034366666666666665
Cu11,17.25,0.00047433333333333333
Cu11,17.310000000000002,0.0005643333333333334
Cu11,17.369999999999997,0.0007723333333333333
Cu11,17.43,0.0009633333333333333
Cu11,17.490000000000002,0.0011563333333333334
Cu11,17.549999999999997,0.001543
Cu11,17.61,0.00189
Cu11,17.67,0.0023063333333333334
Cu11,17.729999999999997,0.002890666666666667
Cu11,17.79,0.003505
Cu11,17.85,0.004250333333333333
Cu11,17.909999999999997,0.005023333333333334
Cu11,17.97,0.006062
Cu11,18.03,0.007163333333333333
Cu11,18.09,0.008265
Cu11,18.15,0.009657
Cu11,18.21,0.011238333333333333
Cu11,18.27,0.012674666666666667
Cu11,18.33,0.014448666666666667
Cu11,18.39,0.016218
Cu11,18.45,0.018280333333333332
Cu11,18.509999999999998,0.020054666666666665
Cu11,18.57,0.022047333333333332
Cu11,18.63,0.024310333333333333
Cu11,18.689999999999998,0.026204666666666668
Cu11,18.75,0.028095666666666668
Cu11,18.81,0.029876
Cu11,18.869999999999997,0.031657333333333336
Cu11,18.93,0.03304933333333333
Cu11,18.990000000000002,0.03431466666666667
Cu11,19.049999999999997,0.035488
Cu11,19.11,0.03605166666666667
Cu11,19.17,0.036594666666666664
Cu11,19.229999999999997,0.036824333333333334
Cu11,19.29,0.036601
Cu11,19.35,0.036065
Cu11,19.409999999999997,0.03548333333333333
Cu11,19.47,0.034362333333333335
Cu11,19.53,0.032945
Cu11,19.59,0.031482
Cu11,19.65,0.029835333333333332
Cu11,19.71,0.027793333333333333
Cu11,19.77,0.025821333333333335
Cu11,19.83,0.023874666666666666
Cu11,19.89,0.02171966666666667
Cu11,19.95,0.019632
Cu11,20.009999999999998,0.017662
Cu11,20.07,0.015631333333333334
Cu11,20.13,0.01382
Cu11,20.189999999999998,0.012069
Cu11,20.25,0.010363
Cu11,20.31,0.008992333333333333
Cu11,20.369999999999997,0.007549666666666666
Cu11,20.43,0.006350333333333334
Cu11,20.490000000000002,0.005292333333333333
Cu11,20.549999999999997,0.004415333333333334
Cu11,20.61,0.003563666666666667
Cu11,20.67,0.0029213333333333335
Cu11,20.729999999999997,0.002350333333333333
Cu11,20.79,0.0019046666666666667
Cu11,20.85,0.0014843333333333334
Cu11,20.909999999999997,0.0011726666666666667
Cu11,20.97,0.0009326666666666667
Cu11,21.03,0.0006906666666666667
Cu11,21.089999999999996,0.000509
Cu11,21.15,0.000404
Cu11,21.21,0.00029433333333333335
Cu11,21.27,0.00020266666666666667
Cu11,21.33,0.00014966666666666665
Cu11,21.39,0.00011533333333333334
Cu11,21.45,7.833333333333333e-05
Cu11,21.509999999999998,5.766666666666667e-05
Cu11,21.57,4.133333333333333e-05
Cu11,21.63,2.5e-05
Cu11,21.689999999999998,2.0666666666666666e-05
Cu11,21.75,1.3666666666666667e-05
Cu11,21.81,6.666666666666667e-06
Cu11,21.869999999999997,9.666666666666667e-06
Cu11,21.93,2e-06
Cu11,21.990000000000002,1e-06
Cu11,22.049999999999997,2.333333333333333e-06
Cu11,22.11,0.0
Cu11,22.17,3.3333333333333335e-07
Cu11,22.229999999999997,6.666666666666667e-07
Cu11,22.29,0.0
Cu11,22.35,0.0
Cu11,22.409999999999997,6.666666666666667e-07
Cu11,22.47,0.0
Cu11,22.53,3.3333333333333335e-07
Al_degrader_E8_E7,12.149999999999999,6.666666666666667e-08
Al_degrader_E8_E7,12.21,0.0
Al_degrader_E8_E7,12.27,0.0
Al_degrader_E8_E7,12.329999999999998,0.0
Al_degrader_E8_E7,12.39,2e-07
Al_degrader_E8_E7,12.45,6.666666666666667e-08
Al_degrader_E8_E7,12.51,6.666666666666667e-08
Al_degrader_E8_E7,12.57,2e-07
Al_degrader_E8_E7,12.629999999999999,6.666666666666667e-08
Al_degrader_E8_E7,12.69,3.3333333333333335e-07
Al_degrader_E8_E7,12.75,2e-07
Al_degrader_E8_E7,12.809999999999999,6e-07
Al_degrader_E8_E7,12.870000000000001,8.666666666666667e-07
Al_degrader_E8_E7,12.93,6.666666666666667e-07
Al_degrader_E8_E7,12.989999999999998,1e-06
Al_degrader_E8_E7,13.05,1.4e-06
Al_degrader_E8_E7,13.11,1.4666666666666667e-06
Al_degrader_E8_E7,13.169999999999998,3e-06
Al_degrader_E8_E7,13.23,2.8e-06
Al_degrader_E8_E7,13.29,4.666666666666666e-06
Al_degrader_E8_E7,13.35,4.866666666666667e-06
Al_degrader_E8_E7,13.41,7.266666666666667e-06
Al_degrader_E8_E7,13.469999999999999,9.933333333333334e-06
Al_degrader_E8_E7,13.53,1.3266666666666666e-05
Al_degrader_E8_E7,13.59,1.5933333333333332e-05
Al_degrader_E8_E7,13.649999999999999,2.093333333333333e-05
Al_degrader_E8_E7,13.71,2.96e-05
Al_degrader_E8_E7,13.77,3.5866666666666667e-05
Al_degrader_E8_E7,13.829999999999998,4.4466666666666666e-05
Al_degrader_E8_E7,13.89,5.486666666666667e-05
Al_degrader_E8_E7,13.95,7.206666666666667e-05
Al_degrader_E8_E7,14.009999999999998,9.133333333333334e-05
Al_degrader_E8_E7,14.07,0.00010973333333333334
Al_degrader_E8_E7,14.129999999999999,0.0001388
Al_degrader_E8_E7,14.19,0.000166
Al_degrader_E8_E7,14.25,0.00020186666666666668
Al_degrader_E8_E7,14.309999999999999,0.0002549333333333333
Al_degrader_E8_E7,14.37,0.00030966666666666664
Al_degrader_E8_E7,14.43,0.0003728
Al_degrader_E8_E7,14.489999999999998,0.00044813333333333335
Al_degrader_E8_E7,14.55,0.0005312
Al_degrader_E8_E7,14.61,0.0006468
Al_degrader_E8_E7,14.669999999999998,0.0007699333333333334
Al_degrader_E8_E7,14.73,0.0008836666666666667
Al_degrader_E8_E7,14.79,0.0010557333333333333
Al_degrader_E8_E7,14.85,0.0012327333333333333
Al_degrader_E8_E7,14.91,0.0014282
Al_degrader_E8_E7,14.969999999999999,0.0016342
Al_degrader_E8_E7,15.03,0.0018868666666666666
Al_degrader_E8_E7,15.09,0.0021704666666666666
Al_degrader_E8_E7,15.149999999999999,0.0024811333333333335
Al_degrader_E8_E7,15.21,0.0027826
Al_degrader_E8_E7,15.27,0.0031348
Al_degrader_E8_E7,15.329999999999998,0.0035518
Al_degrader_E8_E7,15.39,0.0039757333333333335
Al_degrader_E8_E7,15.45,0.004377466666666666
Al_degrader_E8_E7,15.509999999999998,0.004847
Al_degrader_E8_E7,15.57,0.0053838666666666665
Al_degrader_E8_E7,15.629999999999999,0.005913466666666666
Al_degrader_E8_E7,15.69,0.006394933333333333
Al_degrader_E8_E7,15.75,0.0069579333333333335
Al_degrader_E8_E7,15.809999999999999,0.007581
Al_degrader_E8_E7,15.87,0.0081516
Al_degrader_E8_E7,15.93,0.008695066666666666
Al_degrader_E8_E7,15.989999999999998,0.0092974
Al_degrader_E8_E7,16.049999999999997,0.0099564
Al_degrader_E8_E7,16.11,0.01051
Al_degrader_E8_E7,16.17,0.011098
Al_degrader_E8_E7,16.229999999999997,0.011644133333333334
Al_degrader_E8_E7,16.29,0.012297666666666667
Al_degrader_E8_E7,16.35,0.0127588
Al_degrader_E8_E7,16.409999999999997,0.013285733333333334
Al_degrader_E8_E7,16.47,0.0138006
Al_degrader_E8_E7,16.53,0.014315666666666668
Al_degrader_E8_E7,16.59,0.0146734
Al_degrader_E8_E7,16.65,0.015114666666666667
Al_degrader_E8_E7,16.71,0.0155512
Al_degrader_E8_E7,16.77,0.015911666666666668
Al_degrader_E8_E7,16.83,0.016200066666666665
Al_degrader_E8_E7,16.89,0.016492866666666668
Al_degrader_E8_E7,16.95,0.016864733333333333
Al_degrader_E8_E7,17.009999999999998,0.0170664
Al_degrader_E8_E7,17.07,0.017272333333333334
Al_degrader_E8_E7,17.13,0.0175004
Al_degrader_E8_E7,17.189999999999998,0.017731666666666666
Al_degrader_E8_E7,17.25,0.017818733333333333
Al_degrader_E8_E7,17.310000000000002,0.017969
Al_degrader_E8_E7,17.369999999999997,0.018153266666666668
Al_degrader_E8_E7,17.43,0.018227133333333333
Al_degrader_E8_E7,17.490000000000002,0.018276266666666666
Al_degrader_E8_E7,17.549999999999997,0.018341666666666666
Al_degrader_E8_E7,17.61,0.0185024
Al_degrader_E8_E7,17.67,0.018441666666666665
Al_degrader_E8_E7,17.729999999999997,0.018474533333333334
Al_degrader_E8_E7,17.79,0.018514533333333333
Al_degrader_E8_E7,17.85,0.018492666666666668
Al_degrader_E8_E7,17.909999999999997,0.018414133333333332
Al_degrader_E8_E7,17.97,0.018342933333333332
Al_degrader_E8_E7,18.03,0.018326333333333333
Al_degrader_E8_E7,18.09,0.018139466666666666
Al_degrader_E8_E7,18.15,0.017976266666666667
Al_degrader_E8_E7,18.21,0.017846133333333333
Al_degrader_E8_E7,18.27,0.017601333333333333
Al_degrader_E8_E7,18.33,0.017345466666666667
Al_degrader_E8_E7,18.39,0.017018666666666668
Al_degrader_E8_E7,18.45,0.016724266666666668
Al_degrader_E8_E7,18.509999999999998,0.016299133333333334
Al_degrader_E8_E7,18.57,0.015879333333333332
Al_degrader_E8_E7,18.63,0.015414933333333334
Al_degrader_E8_E7,18.689999999999998,0.014886666666666666
Al_degrader_E8_E7,18.75,0.014325133333333333
Al_degrader_E8_E7,18.81,0.013729266666666667
Al_degrader_E8_E7,18.869999999999997,0.013100733333333333
Al_degrader_E8_E7,18.93,0.012409133333333334
Al_degrader_E8_E7,18.990000000000002,0.011737666666666667
Al_degrader_E8_E7,19.049999999999997,0.011048
Al_degrader_E8_E7,19.11,0.010285733333333333
Al_degrader_E8_E7,19.17,0.009563266666666667
Al_degrader_E8_E7,19.229999999999997,0.008829733333333332
Al_degrader_E8_E7,19.29,0.0081054
Al_degrader_E8_E7,19.35,0.0073668
Al_degrader_E8_E7,19.409999999999997,0.006691733333333333
Al_degrader_E8_E7,19.47,0.00601
Al_degrader_E8_E7,19.53,0.0053778
Al_degrader_E8_E7,19.59,0.004770466666666666
Al_degrader_E8_E7,19.65,0.004196666666666666
Al_degrader_E8_E7,19.71,0.003676266666666667
Al_degrader_E8_E7,19.77,0.0031962
Al_degrader_E8_E7,19.83,0.0027472666666666667
Al_degrader_E8_E7,19.89,0.0023437333333333333
Al_degrader_E8_E7,19.95,0.0020064
Al_degrader_E8_E7,20.009999999999998,0.0016778
Al_degrader_E8_E7,20.07,0.0013958666666666667
Al_degrader_E8_E7,20.13,0.0011635333333333334
Al_degrader_E8_E7,20.189999999999998,0.0009543333333333333
Al_degrader_E8_E7,20.25,0.000773
Al_degrader_E8_E7,20.31,0.0006304
Al_degrader_E8_E7,20.369999999999997,0.0004966
Al_degrader_E8_E7,20.43,0.0004088
Al_degrader_E8_E7,20.490000000000002,0.0003085333333333333
Al_degrader_E8_E7,20.549999999999997,0.0002534666666666667
Al_degrader_E8_E7,20.61,0.0001962
Al_degrader_E8_E7,20.67,0.00014793333333333334
Al_degrader_E8_E7,20.729999999999997,0.000109
Al_degrader_E8_E7,20.79,8.693333333333334e-05
Al_degrader_E8_E7,20.85,6.406666666666666e-05
Al_degrader_E8_E7,20.909999999999997,4.26e-05
Al_degrader_E8_E7,20.97,3.346666666666667e-05
Al_degrader_E8_E7,21.03,2.44e-05
Al_degrader_E8_E7,21.089999999999996,1.633333333333333e-05
Al_degrader_E8_E7,21.15,1.3e-05
Al_degrader_E8_E7,21.21,9e-06
Al_degrader_E8_E7,21.27,4.933333333333333e-06
Al_degrader_E8_E7,21.33,5.133333333333333e-06
Al_degrader_E8_E7,21.39,2.9333333333333333e-06
Al_degrader_E8_E7,21.45,1.4666666666666667e-06
Al_degrader_E8_E7,21.509999999999998,1.6666666666666667e-06
Al_degrader_E8_E7,21.57,1e-06
Al_degrader_E8_E7,21.63,2.6666666666666667e-07
Al_degrader_E8_E7,21.689999999999998,4.6666666666666666e-07
Al_degrader_E8_E7,21.75,1.3333333333333334e-07
Al_degrader_E8_E7,21.81,0.0
Al_degrader_E8_E7,21.869999999999997,2e-07
Al_degrader_E8_E7,21.93,0.0
Al_degrader_E8_E7,21.990000000000002,0.0
Al_degrader_E8_E7,22.049999999999997,1.3333333333333334e-07
Al_degrader_E8_E7,22.11,0.0
Al_degrader_E8_E7,22.17,0.0
Al_degrader_E8_E7,22.229999999999997,6.666666666666667e-08
Ni12,11.55,3.3333333333333335e-07
Ni12,11.61,0.0
Ni12,11.669999999999998,0.0
Ni12,11.73,0.0
Ni12,11.79,0.0
Ni12,11.85,1.3333333333333334e-06
Ni12,11.91,3.3333333333333335e-07
Ni12,11.969999999999999,3.3333333333333335e-07
Ni12,12.03,1e-06
Ni12,12.09,3.3333333333333335e-07
Ni12,12.149999999999999,1.6666666666666667e-06
Ni12,12.21,2.333333333333333e-06
Ni12,12.27,3e-06
Ni12,12.329999999999998,3.3333333333333333e-06
Ni12,12.39,3.3333333333333333e-06
Ni12,12.45,4.666666666666666e-06
Ni12,12.51,7e-06
Ni12,12.57,9.333333333333333e-06
Ni12,12.629999999999999,1.5e-05
Ni12,12.69,1.3e-05
Ni12,12.75,2.2e-05
Ni12,12.809999999999999,2.4333333333333333e-05
Ni12,12.870000000000001,3.3333333333333335e-05
Ni12,12.93,4.766666666666667e-05
Ni12,12.989999999999998,6.3e-05
Ni12,13.05,7.333333333333333e-05
Ni12,13.11,9.1e-05
Ni12,13.169999999999998,0.00013333333333333334
Ni12,13.23,0.000167
Ni12,13.29,0.00020266666666666667
Ni12,13.35,0.0002503333333333333
Ni12,13.41,0.0003043333333333333
Ni12,13.469999999999999,0.0004096666666666667
Ni12,13.53,0.000481
Ni12,13.59,0.0006053333333333334
Ni12,13.649999999999999,0.0007186666666666667
Ni12,13.71,0.000875
Ni12,13.77,0.0010423333333333333
Ni12,13.829999999999998,0.0013203333333333333
Ni12,13.89,0.0015666666666666667
Ni12,13.95,0.001824
Ni12,14.009999999999998,0.002185
Ni12,14.07,0.0026
Ni12,14.129999999999999,0.00313
Ni12,14.19,0.003592
Ni12,14.25,0.004124666666666666
Ni12,14.309999999999999,0.004868333333333333
Ni12,14.37,0.005628666666666666
Ni12,14.43,0.006395666666666667
Ni12,14.489999999999998,0.0071916666666666665
Ni12,14.55,0.008266666666666667
Ni12,14.61,0.009345333333333334
Ni12,14.669999999999998,0.010436333333333334
Ni12,14.73,0.011510666666666667
Ni12,14.79,0.012860333333333333
Ni12,14.85,0.014264
Ni12,14.91,0.015592333333333333
Ni12,14.969999999999999,0.016984
Ni12,15.03,0.018315
Ni12,15.09,0.019931333333333332
Ni12,15.149999999999999,0.021472
Ni12,15.21,0.022772666666666667
Ni12,15.27,0.024032666666666667
Ni12,15.329999999999998,0.025519333333333335
Ni12,15.39,0.02678233333333333
Ni12,15.45,0.027752333333333334
Ni12,15.509999999999998,0.028806
Ni12,15.57,0.029716333333333334
Ni12,15.629999999999999,0.030383
Ni12,15.69,0.030881333333333334
Ni12,15.75,0.031257
Ni12,15.809999999999999,0.03144433333333333
Ni12,15.87,0.031378666666666666
Ni12,15.93,0.030973
Ni12,15.989999999999998,0.030759666666666668
Ni12,16.049999999999997,0.030120333333333332
Ni12,16.11,0.029214666666666667
Ni12,16.17,0.02830533333333333
Ni12,16.229999999999997,0.027224666666666668
Ni12,16.29,0.026030666666666667
Ni12,16.35,0.024648
Ni12,16.409999999999997,0.023147333333333332
Ni12,16.47,0.021735666666666667
Ni12,16.53,0.020244
Ni12,16.59,0.018715666666666665
Ni12,16.65,0.017124
Ni12,16.71,0.015627333333333333
Ni12,16.77,0.014087
Ni12,16.83,0.012788
Ni12,16.89,0.011436333333333333
Ni12,16.95,0.010065
Ni12,17.009999999999998,0.008898666666666666
Ni12,17.07,0.007787666666666667
Ni12,17.13,0.006758
Ni12,17.189999999999998,0.005799
Ni12,17.25,0.005004666666666667
Ni12,17.310000000000002,0.0042766666666666665
Ni12,17.369999999999997,0.003573666666666667
Ni12,17.43,0.0029893333333333334
Ni12,17.490000000000002,0.002514
Ni12,17.549999999999997,0.00207
Ni12,17.61,0.001731
Ni12,17.67,0.0013663333333333333
Ni12,17.729999999999997,0.0011626666666666667
Ni12,17.79,0.0009123333333333334
Ni12,17.85,0.0007423333333333333
Ni12,17.909999999999997,0.000576
Ni12,17.97,0.0004316666666666667
Ni12,18.03,0.00036166666666666666
Ni12,18.09,0.0002756666666666667
Ni12,18.15,0.000199
Ni12,18.21,0.00014666666666666666
Ni12,18.27,0.000115
Ni12,18.33,8.666666666666667e-05
Ni12,18.39,6.333333333333333e-05
Ni12,18.45,5e-05
Ni12,18.509999999999998,3.6666666666666666e-05
Ni12,18.57,2.0666666666666666e-05
Ni12,18.63,2.1666666666666667e-05
Ni12,18.689999999999998,1.2e-05
Ni12,18.75,9e-06
Ni12,18.81,6e-06
Ni12,18.869999999999997,7.333333333333333e-06
Ni12,18.93,1.3333333333333334e-06
Ni12,18.990000000000002,1e-06
Ni12,19.049999999999997,2e-06
Ni12,19.11,0.0
Ni12,19.17,0.0
Ni12,19.229999999999997,1e-06
Ni12,19.29,0.0
Ni12,19.35,0.0
Ni12,19.409999999999997,3.3333333333333335e-07
Ni12,19.47,3.3333333333333335e-07
Ni12,19.53,0.0
Ni12,19.59,3.3333333333333335e-07
Sn12,11.370000000000001,3.3333333333333335e-07
Sn12,11.43,3.3333333333333335e-07
Sn12,11.489999999999998,0.0
Sn12,11.55,3.3333333333333335e-07
Sn12,11.61,0.0
Sn12,11.669999999999998,6.666666666666667e-07
Sn12,11.73,1.3333333333333334e-06
Sn12,11.79,3.3333333333333335e-07
Sn12,11.85,2.333333333333333e-06
Sn12,11.91,1.6666666666666667e-06
Sn12,11.969999999999999,1.3333333333333334e-06
Sn12,12.03,1.6666666666666667e-06
Sn12,12.09,3e-06
Sn12,12.149999999999999,6.333333333333333e-06
Sn12,12.21,6.333333333333333e-06
Sn12,12.27,8.333333333333334e-06
Sn12,12.329999999999998,8.666666666666666e-06
Sn12,12.39,1.1666666666666666e-05
Sn12,12.45,1.5666666666666667e-05
Sn12,12.51,2.1333333333333335e-05
Sn12,12.57,3.3e-05
Sn12,12.629999999999999,3.866666666666667e-05
Sn12,12.69,4.633333333333333e-05
Sn12,12.75,6.6e-05
Sn12,12.809999999999999,8.3e-05
Sn12,12.870000000000001,0.0001
Sn12,12.93,0.00014266666666666667
Sn12,12.989999999999998,0.00017733333333333333
Sn12,13.05,0.000233
Sn12,13.11,0.00028133333333333336
Sn12,13.169999999999998,0.000355
Sn12,13.23,0.00044833333333333335
Sn12,13.29,0.0005393333333333333
Sn12,13.35,0.0006553333333333333
Sn12,13.41,0.0008063333333333334
Sn12,13.469999999999999,0.000997
Sn12,13.53,0.0011913333333333333
Sn12,13.59,0.0014086666666666666
Sn12,13.649999999999999,0.0016913333333333333
Sn12,13.71,0.002045
Sn12,13.77,0.002462
Sn12,13.829999999999998,0.0029246666666666666
Sn12,13.89,0.003427
Sn12,13.95,0.004021333333333333
Sn12,14.009999999999998,0.004652
Sn12,14.07,0.005411333333333333
Sn12,14.129999999999999,0.006259666666666667
Sn12,14.19,0.007106333333333333
Sn12,14.25,0.008089
Sn12,14.309999999999999,0.009106
Sn12,14.37,0.010225333333333333
Sn12,14.43,0.011353333333333333
Sn12,14.489999999999998,0.012746666666666667
Sn12,14.55,0.014159666666666666
Sn12,14.61,0.015573333333333333
Sn12,14.669999999999998,0.016922
Sn12,14.73,0.018432666666666667
Sn12,14.79,0.019977
Sn12,14.85,0.021573333333333333
Sn12,14.91,0.022982333333333334
Sn12,14.969999999999999,0.024390333333333333
Sn12,15.03,0.025835
Sn12,15.09,0.027185333333333332
Sn12,15.149999999999999,0.028259333333333334
Sn12,15.21,0.029220333333333334
Sn12,15.27,0.030172666666666667
Sn12,15.329999999999998,0.030817666666666667
Sn12,15.39,0.03138233333333333
Sn12,15.45,0.031850333333333335
Sn12,15.509999999999998,0.03189533333333333
Sn12,15.57,0.031934333333333335
Sn12,15.629999999999999,0.03165
Sn12,15.69,0.03125766666666667
Sn12,15.75,0.030575333333333333
Sn12,15.809999999999999,0.029608
Sn12,15.87,0.028603666666666666
Sn12,15.93,0.027427
Sn12,15.989999999999998,0.026214666666666667
Sn12,16.049999999999997,0.024808666666666666
Sn12,16.11,0.023221333333333333
Sn12,16.17,0.021670666666666668
Sn12,16.229999999999997,0.020140666666666668
Sn12,16.29,0.018506666666666668
Sn12,16.35,0.016979333333333332
Sn12,16.409999999999997,0.015434666666666666
Sn12,16.47,0.013947
Sn12,16.53,0.012502333333333334
Sn12,16.59,0.011139333333333333
Sn12,16.65,0.009840333333333333
Sn12,16.71,0.008587
Sn12,16.77,0.007507666666666667
Sn12,16.83,0.006483666666666667
Sn12,16.89,0.005535666666666667
Sn12,16.95,0.004683666666666667
Sn12,17.009999999999998,0.003969333333333333
Sn12,17.07,0.0033213333333333333
Sn12,17.13,0.0027703333333333334
Sn12,17.189999999999998,0.002347333333333333
Sn12,17.25,0.0019533333333333334
Sn12,17.310000000000002,0.001631
Sn12,17.369999999999997,0.001299
Sn12,17.43,0.0010326666666666668
Sn12,17.490000000000002,0.000827
Sn12,17.549999999999997,0.000663
Sn12,17.61,0.0005156666666666667
Sn12,17.67,0.000381
Sn12,17.729999999999997,0.00029133333333333333
Sn12,17.79,0.00022433333333333333
Sn12,17.85,0.000172
Sn12,17.909999999999997,0.000132
Sn12,17.97,0.0001
Sn12,18.03,7.433333333333333e-05
Sn12,18.09,5.466666666666667e-05
Sn12,18.15,3.6666666666666666e-05
Sn12,18.21,2.8666666666666668e-05
Sn12,18.27,1.9666666666666666e-05
Sn12,18.33,1.9333333333333333e-05
Sn12,18.39,1.1666666666666666e-05
Sn12,18.45,8.666666666666666e-06
Sn12,18.509999999999998,4.333333333333333e-06
Sn12,18.57,2.666666666666667e-06
Sn12,18.63,2e-06
Sn12,18.689999999999998,3.3333333333333335e-07
Sn12,18.75,3.3333333333333335e-07
Sn12,18.81,3.3333333333333335e-07
Sn12,18.869999999999997,0.0
Sn12,18.93,3.3333333333333335e-07
Sn12,18.990000000000002,3.3333333333333335e-07
Sn12,19.049999999999997,3.3333333333333335e-07
Sn12,19.11,3.3333333333333335e-07
Sn12,19.17,3.3333333333333335e-07
Sn12,19.229999999999997,3.3333333333333335e-07
Ta12,10.89,3.3333333333333335e-07
Ta12,10.95,0.0
Ta12,11.01,0.0
Ta12,11.07,0.0
Ta12,11.129999999999999,3.3333333333333335e-07
Ta12,11.19,6.666666666666667e-07
Ta12,11.25,3.3333333333333335e-07
Ta12,11.309999999999999,3.3333333333333335e-07
Ta12,11.370000000000001,1.3333333333333334e-06
Ta12,11.43,1e-06
Ta12,11.489999999999998,1e-06
Ta12,11.55,3.3333333333333335e-07
Ta12,11.61,3.6666666666666666e-06
Ta12,11.669999999999998,2.666666666666667e-06
Ta12,11.73,4.666666666666666e-06
Ta12,11.79,2.666666666666667e-06
Ta12,11.85,6.666666666666667e-06
Ta12,11.91,7.333333333333333e-06
Ta12,11.969999999999999,1e-05
Ta12,12.03,1.3666666666666667e-05
Ta12,12.09,1.6e-05
Ta12,12.149999999999999,2.4333333333333333e-05
Ta12,12.21,2.4666666666666665e-05
Ta12,12.27,3.733333333333333e-05
Ta12,12.329999999999998,4.7e-05
Ta12,12.39,6.233333333333334e-05
Ta12,12.45,7.866666666666666e-05
Ta12,12.51,9.333333333333333e-05
Ta12,12.57,0.00013733333333333333
Ta12,12.629999999999999,0.00016733333333333333
Ta12,12.69,0.00019466666666666666
Ta12,12.75,0.00025066666666666667
Ta12,12.809999999999999,0.0003223333333333333
Ta12,12.870000000000001,0.00039433333333333334
Ta12,12.93,0.00046533333333333333
Ta12,12.989999999999998,0.0005906666666666666
Ta12,13.05,0.0007396666666666667
Ta12,13.11,0.0008253333333333333
Ta12,13.169999999999998,0.0010076666666666667
Ta12,13.23,0.0012813333333333333
Ta12,13.29,0.001487
Ta12,13.35,0.0017733333333333334
Ta12,13.41,0.0020896666666666668
Ta12,13.469999999999999,0.0025326666666666666
Ta12,13.53,0.0028986666666666666
Ta12,13.59,0.003418333333333333
Ta12,13.649999999999999,0.0039636666666666666
Ta12,13.71,0.004585
Ta12,13.77,0.005387333333333333
Ta12,13.829999999999998,0.006079333333333333
Ta12,13.89,0.0068256666666666665
Ta12,13.95,0.007798666666666666
Ta12,14.009999999999998,0.008806666666666668
Ta12,14.07,0.009849
Ta12,14.129999999999999,0.011010666666666667
Ta12,14.19,0.012197666666666667
Ta12,14.25,0.013356333333333333
Ta12,14.309999999999999,0.014825333333333333
Ta12,14.37,0.016097666666666666
Ta12,14.43,0.017473
Ta12,14.489999999999998,0.018937
Ta12,14.55,0.020493333333333332
Ta12,14.61,0.021698
Ta12,14.669999999999998,0.023081333333333332
Ta12,14.73,0.024494
Ta12,14.79,0.025623333333333335
Ta12,14.85,0.02694766666666667
Ta12,14.91,0.027776333333333333
Ta12,14.969999999999999,0.028699666666666665
Ta12,15.03,0.029693666666666667
Ta12,15.09,0.030166666666666668
Ta12,15.149999999999999,0.030491
Ta12,15.21,0.030904
Ta12,15.27,0.031043
Ta12,15.329999999999998,0.030770333333333334
Ta12,15.39,0.030542
Ta12,15.45,0.030209333333333335
Ta12,15.509999999999998,0.029368
Ta12,15.57,0.028706
Ta12,15.629999999999999,0.027633
Ta12,15.69,0.026516666666666668
Ta12,15.75,0.025396333333333333
Ta12,15.809999999999999,0.023815666666666666
Ta12,15.87,0.022621
Ta12,15.93,0.021143333333333333
Ta12,15.989999999999998,0.019634333333333333
Ta12,16.049999999999997,0.018225666666666668
Ta12,16.11,0.016554333333333334
Ta12,16.17,0.015273666666666666
Ta12,16.229999999999997,0.013784
Ta12,16.29,0.012369
Ta12,16.35,0.011143333333333333
Ta12,16.409999999999997,0.009833333333333333
Ta12,16.47,0.008654
Ta12,16.53,0.007633333333333333
Ta12,16.59,0.006615666666666666
Ta12,16.65,0.005668333333333333
Ta12,16.71,0.004887
Ta12,16.77,0.004169666666666667
Ta12,16.83,0.0035453333333333335
Ta12,16.89,0.0029693333333333334
Ta12,16.95,0.002472
Ta12,17.009999999999998,0.002092333333333333
Ta12,17.07,0.0016916666666666666
Ta12,17.13,0.0014153333333333333
Ta12,17.189999999999998,0.001169
Ta12,17.25,0.0009076666666666666
Ta12,17.310000000000002,0.000759
Ta12,17.369999999999997,0.0005833333333333334
Ta12,17.43,0.00043566666666666667
Ta12,17.490000000000002,0.00037266666666666665
Ta12,17.549999999999997,0.0002753333333333333
Ta12,17.61,0.00020233333333333334
Ta12,17.67,0.000155
Ta12,17.729999999999997,0.00012266666666666668
Ta12,17.79,9.066666666666667e-05
Ta12,17.85,6.5e-05
Ta12,17.909999999999997,5.433333333333333e-05
Ta12,17.97,3.9666666666666664e-05
Ta12,18.03,2.4666666666666665e-05
Ta12,18.09,2.1e-05
Ta12,18.15,1.5666666666666667e-05
Ta12,18.21,9.666666666666667e-06
Ta12,18.27,5.333333333333334e-06
Ta12,18.33,8e-06
Ta12,18.39,2.666666666666667e-06
Ta12,18.45,6.666666666666667e-07
Ta12,18.509999999999998,2e-06
Ta12,18.57,6.666666666666667e-07
Ta12,18.63,0.0
Ta12,18.689999999999998,3.3333333333333335e-07
Ta12,18.75,6.666666666666667e-07
Ta12,18.81,0.0
Ta12,18.869999999999997,0.0
Ta12,18.93,6.666666666666667e-07
Ta12,18.990000000000002,0.0
Ta12,19.049999999999997,0.0
Ta12,19.11,3.3333333333333335e-07
Cu12,10.29,3.3333333333333335e-07
Cu12,10.35,0.0
Cu12,10.41,0.0
Cu12,10.469999999999999,0.0
Cu12,10.53,0.0
Cu12,10.59,3.3333333333333335e-07
Cu12,10.649999999999999,6.666666666666667e-07
Cu12,10.71,6.666666666666667e-07
Cu12,10.77,0.0
Cu12,10.829999999999998,1e-06
Cu12,10.89,1.3333333333333334e-06
Cu12,10.95,1e-06
Cu12,11.01,3.3333333333333335e-07
Cu12,11.07,3e-06
Cu12,11.129999999999999,2.666666666666667e-06
Cu12,11.19,4.333333333333333e-06
Cu12,11.25,3.3333333333333333e-06
Cu12,11.309999999999999,5e-06
Cu12,11.370000000000001,7e-06
Cu12,11.43,9.666666666666667e-06
Cu12,11.489999999999998,1.2e-05
Cu12,11.55,1.1666666666666666e-05
Cu12,11.61,2.2e-05
Cu12,11.669999999999998,2.2e-05
Cu12,11.73,3.266666666666666e-05
Cu12,11.79,4.066666666666667e-05
Cu12,11.85,5.3e-05
Cu12,11.91,6.4e-05
Cu12,11.969999999999999,8.366666666666666e-05
Cu12,12.03,0.00010633333333333333
Cu12,12.09,0.00014233333333333334
Cu12,12.149999999999999,0.00016933333333333332
Cu12,12.21,0.000203
Cu12,12.27,0.0002556666666666667
Cu12,12.329999999999998,0.000316
Cu12,12.39,0.0003986666666666667
Cu12,12.45,0.000471
Cu12,12.51,0.0005906666666666666
Cu12,12.57,0.000696
Cu12,12.629999999999999,0.0008236666666666667
Cu12,12.69,0.000965
Cu12,12.75,0.001239
Cu12,12.809999999999999,0.001441
Cu12,12.870000000000001,0.0016846666666666666
Cu12,12.93,0.001982
Cu12,12.989999999999998,0.002381
Cu12,13.05,0.0027693333333333333
Cu12,13.11,0.0032383333333333335
Cu12,13.169999999999998,0.003667
Cu12,13.23,0.004304666666666667
Cu12,13.29,0.004971666666666667
Cu12,13.35,0.005664333333333334
Cu12,13.41,0.006345333333333333
Cu12,13.469999999999999,0.0071723333333333335
Cu12,13.53,0.008158666666666666
Cu12,13.59,0.009165333333333333
Cu12,13.649999999999999,0.010143666666666667
Cu12,13.71,0.011151666666666667
Cu12,13.77,0.012393333333333333
Cu12,13.829999999999998,0.013669
Cu12,13.89,0.014965333333333334
Cu12,13.95,0.016080333333333332
Cu12,14.009999999999998,0.017472333333333333
Cu12,14.07,0.01892833333333333
Cu12,14.129999999999999,0.020274666666666667
Cu12,14.19,0.021547666666666666
Cu12,14.25,0.022789
Cu12,14.309999999999999,0.024009
Cu12,14.37,0.025167666666666668
Cu12,14.43,0.02638566666666667
Cu12,14.489999999999998,0.027193
Cu12,14.55,0.028115666666666667
Cu12,14.61,0.028883
Cu12,14.669999999999998,0.029359333333333335
Cu12,14.73,0.029838333333333335
Cu12,14.79,0.030095
Cu12,14.85,0.030234333333333332
Cu12,14.91,0.029999
Cu12,14.969999999999999,0.029777
Cu12,15.03,0.029463333333333334
Cu12,15.09,0.028814666666666666
Cu12,15.149999999999999,0.028113666666666665
Cu12,15.21,0.027005666666666667
Cu12,15.27,0.026127
Cu12,15.329999999999998,0.025019666666666666
Cu12,15.39,0.023667666666666667
Cu12,15.45,0.022470666666666667
Cu12,15.509999999999998,0.020993
Cu12,15.57,0.0197
Cu12,15.629999999999999,0.018203666666666667
Cu12,15.69,0.016722
Cu12,15.75,0.015516
Cu12,15.809999999999999,0.013911666666666666
Cu12,15.87,0.012731
Cu12,15.93,0.011415666666666666
Cu12,15.989999999999998,0.010205333333333334
Cu12,16.049999999999997,0.009032333333333333
Cu12,16.11,0.007981666666666666
Cu12,16.17,0.0070146666666666664
Cu12,16.229999999999997,0.006042666666666667
Cu12,16.29,0.005218666666666667
Cu12,16.35,0.004483333333333333
Cu12,16.409999999999997,0.003863333333333333
Cu12,16.47,0.0032413333333333335
Cu12,16.53,0.0027316666666666665
Cu12,16.59,0.002303
Cu12,16.65,0.0019163333333333333
Cu12,16.71,0.0015936666666666666
Cu12,16.77,0.0012866666666666666
Cu12,16.83,0.0010983333333333333
Cu12,16.89,0.0008533333333333333
Cu12,16.95,0.0007106666666666666
Cu12,17.009999999999998,0.0005443333333333333
Cu12,17.07,0.00041466666666666664
Cu12,17.13,0.0003533333333333333
Cu12,17.189999999999998,0.0002643333333333333
Cu12,17.25,0.000194
Cu12,17.310000000000002,0.000144
Cu12,17.369999999999997,0.00011933333333333334
Cu12,17.43,8.9e-05
Cu12,17.490000000000002,6.566666666666667e-05
Cu12,17.549999999999997,4.8666666666666666e-05
Cu12,17.61,4.1666666666666665e-05
Cu12,17.67,2.3333333333333332e-05
Cu12,17.729999999999997,2.1e-05
Cu12,17.79,1.5333333333333334e-05
Cu12,17.85,9.666666666666667e-06
Cu12,17.909999999999997,5.333333333333334e-06
Cu12,17.97,8.333333333333334e-06
Cu12,18.03,3e-06
Cu12,18.09,1e-06
Cu12,18.15,1.6666666666666667e-06
Cu12,18.21,1e-06
Cu12,18.27,0.0
Cu12,18.33,3.3333333333333335e-07
Cu12,18.39,6.666666666666667e-07
Cu12,18.45,0.0
Cu12,18.509999999999998,0.0
Cu12,18.57,6.666666666666667e-07
Cu12,18.63,0.0
Cu12,18.689999999999998,0.0
Cu12,18.75,3.3333333333333335e-07
Al_degrader_E9,7.83,8.333333333333334e-08
Al_degrader_E9,7.89,0.0
Al_degrader_E9,7.949999999999999,0.0
Al_degrader_E9,8.01,0.0
Al_degrader_E9,8.07,8.333333333333334e-08
Al_degrader_E9,8.129999999999999,0.0
Al_degrader_E9,8.19,1.6666666666666668e-07
Al_degrader_E9,8.25,8.333333333333334e-08
Al_degrader_E9,8.309999999999999,1.6666666666666668e-07
Al_degrader_E9,8.370000000000001,0.0
Al_degrader_E9,8.43,4.1666666666666667e-07
Al_degrader_E9,8.489999999999998,1.6666666666666668e-07
Al_degrader_E9,8.55,1.6666666666666668e-07
Al_degrader_E9,8.61,1.6666666666666668e-07
Al_degrader_E9,8.67,4.1666666666666667e-07
Al_degrader_E9,8.73,8.333333333333333e-07
Al_degrader_E9,8.79,5e-07
Al_degrader_E9,8.85,8.333333333333333e-07
Al_degrader_E9,8.91,1e-06
Al_degrader_E9,8.969999999999999,1.25e-06
Al_degrader_E9,9.030000000000001,1.3333333333333334e-06
Al_degrader_E9,9.09,1.75e-06
Al_degrader_E9,9.149999999999999,1.8333333333333333e-06
Al_degrader_E9,9.21,3.1666666666666667e-06
Al_degrader_E9,9.27,3.833333333333334e-06
Al_degrader_E9,9.329999999999998,3.75e-06
Al_degrader_E9,9.39,6.166666666666666e-06
Al_degrader_E9,9.45,6.5e-06
Al_degrader_E9,9.51,7.5e-06
Al_degrader_E9,9.57,1.1333333333333334e-05
Al_degrader_E9,9.629999999999999,1.3083333333333334e-05
Al_degrader_E9,9.69,1.5583333333333334e-05
Al_degrader_E9,9.75,1.95e-05
Al_degrader_E9,9.809999999999999,2.4166666666666667e-05
Al_degrader_E9,9.870000000000001,2.9166666666666666e-05
Al_degrader_E9,9.93,3.725e-05
Al_degrader_E9,9.989999999999998,4.6e-05
Al_degrader_E9,10.05,5.158333333333333e-05
Al_degrader_E9,10.11,6.733333333333333e-05
Al_degrader_E9,10.169999999999998,8.158333333333333e-05
Al_degrader_E9,10.23,9.141666666666666e-05
Al_degrader_E9,10.29,0.00011475
Al_degrader_E9,10.35,0.00013591666666666667
Al_degrader_E9,10.41,0.00016525
Al_degrader_E9,10.469999999999999,0.00019708333333333334
Al_degrader_E9,10.53,0.00022341666666666666
Al_degrader_E9,10.59,0.00026766666666666665
Al_degrader_E9,10.649999999999999,0.0003181666666666667
Al_degrader_E9,10.71,0.0003785833333333333
Al_degrader_E9,10.77,0.00043758333333333334
Al_degrader_E9,10.829999999999998,0.0005183333333333333
Al_degrader_E9,10.89,0.0006036666666666666
Al_degrader_E9,10.95,0.0006933333333333333
Al_degrader_E9,11.01,0.00080775
Al_degrader_E9,11.07,0.0009555833333333333
Al_degrader_E9,11.129999999999999,0.001085
Al_degrader_E9,11.19,0.0012283333333333332
Al_degrader_E9,11.25,0.00143275
Al_degrader_E9,11.309999999999999,0.0016425833333333334
Al_degrader_E9,11.370000000000001,0.00184125
Al_degrader_E9,11.43,0.002087166666666667
Al_degrader_E9,11.489999999999998,0.00238975
Al_degrader_E9,11.55,0.0026500833333333333
Al_degrader_E9,11.61,0.002979583333333333
Al_degrader_E9,11.669999999999998,0.0033874166666666666
Al_degrader_E9,11.73,0.0037445833333333333
Al_degrader_E9,11.79,0.004135833333333333
Al_degrader_E9,11.85,0.004639583333333333
Al_degrader_E9,11.91,0.005092833333333334
Al_degrader_E9,11.969999999999999,0.005607083333333334
Al_degrader_E9,12.03,0.006191916666666667
Al_degrader_E9,12.09,0.006769833333333333
Al_degrader_E9,12.149999999999999,0.007354
Al_degrader_E9,12.21,0.00805725
Al_degrader_E9,12.27,0.00868775
Al_degrader_E9,12.329999999999998,0.009409166666666666
Al_degrader_E9,12.39,0.010158583333333334
Al_degrader_E9,12.45,0.0108595
Al_degrader_E9,12.51,0.0116435
Al_degrader_E9,12.57,0.012468083333333333
Al_degrader_E9,12.629999999999999,0.013186083333333333
Al_degrader_E9,12.69,0.014005666666666666
Al_degrader_E9,12.75,0.014869666666666666
Al_degrader_E9,12.809999999999999,0.01556625
Al_degrader_E9,12.870000000000001,0.016374833333333335
Al_degrader_E9,12.93,0.017226666666666668
Al_degrader_E9,12.989999999999998,0.017889166666666668
Al_degrader_E9,13.05,0.018601833333333335
Al_degrader_E9,13.11,0.019395166666666668
Al_degrader_E9,13.169999999999998,0.020007666666666667
Al_degrader_E9,13.23,0.020572416666666666
Al_degrader_E9,13.29,0.021157
Al_degrader_E9,13.35,0.02170575
Al_degrader_E9,13.41,0.022139833333333334
Al_degrader_E9,13.469999999999999,0.022514416666666665
Al_degrader_E9,13.53,0.022843416666666668
Al_degrader_E9,13.59,0.023148
Al_degrader_E9,13.649999999999999,0.0233035
Al_degrader_E9,13.71,0.023417666666666666
Al_degrader_E9,13.77,0.023496916666666666
Al_degrader_E9,13.829999999999998,0.023426916666666665
Al_degrader_E9,13.89,0.023321583333333333
Al_degrader_E9,13.95,0.0231445
Al_degrader_E9,14.009999999999998,0.02288125
Al_degrader_E9,14.07,0.022531
Al_degrader_E9,14.129999999999999,0.022119083333333334
Al_degrader_E9,14.19,0.02164475
Al_degrader_E9,14.25,0.0211095
Al_degrader_E9,14.309999999999999,0.020452083333333333
Al_degrader_E9,14.37,0.0197785
Al_degrader_E9,14.43,0.019100666666666665
Al_degrader_E9,14.489999999999998,0.0182955
Al_degrader_E9,14.55,0.0174945
Al_degrader_E9,14.61,0.016697666666666666
Al_degrader_E9,14.669999999999998,0.015777083333333334
Al_degrader_E9,14.73,0.014902583333333334
Al_degrader_E9,14.79,0.014022166666666667
Al_degrader_E9,14.85,0.01310425
Al_degrader_E9,14.91,0.012234666666666666
Al_degrader_E9,14.969999999999999,0.011320166666666666
Al_degrader_E9,15.03,0.010409916666666666
Al_degrader_E9,15.09,0.009607166666666667
Al_degrader_E9,15.149999999999999,0.008762166666666666
Al_degrader_E9,15.21,0.007963166666666667
Al_degrader_E9,15.27,0.00722
Al_degrader_E9,15.329999999999998,0.006458833333333333
Al_degrader_E9,15.39,0.005838
Al_degrader_E9,15.45,0.005172
Al_degrader_E9,15.509999999999998,0.00459325
Al_degrader_E9,15.57,0.0040535
Al_degrader_E9,15.629999999999999,0.003528
Al_degrader_E9,15.69,0.00311
Al_degrader_E9,15.75,0.0026789166666666667
Al_degrader_E9,15.809999999999999,0.00231
Al_degrader_E9,15.87,0.001974416666666667
Al_degrader_E9,15.93,0.0016713333333333333
Al_degrader_E9,15.989999999999998,0.00143475
Al_degrader_E9,16.049999999999997,0.001185
Al_degrader_E9,16.11,0.0010130833333333333
Al_degrader_E9,16.17,0.0008288333333333333
Al_degrader_E9,16.229999999999997,0.0006924166666666667
Al_degrader_E9,16.29,0.0005736666666666667
Al_degrader_E9,16.35,0.0004665
Al_degrader_E9,16.409999999999997,0.00038325
Al_degrader_E9,16.47,0.0003095833333333333
Al_degrader_E9,16.53,0.00024675
Al_degrader_E9,16.59,0.00019383333333333335
Al_degrader_E9,16.65,0.0001525
Al_degrader_E9,16.71,0.00011983333333333334
Al_degrader_E9,16.77,9.308333333333334e-05
Al_degrader_E9,16.83,6.841666666666667e-05
Al_degrader_E9,16.89,5.5083333333333335e-05
Al_degrader_E9,16.95,4.175e-05
Al_degrader_E9,17.009999999999998,3.0583333333333336e-05
Al_degrader_E9,17.07,2.55e-05
Al_degrader_E9,17.13,1.55e-05
Al_degrader_E9,17.189999999999998,1.425e-05
Al_degrader_E9,17.25,9.083333333333333e-06
Al_degrader_E9,17.310000000000002,7.666666666666667e-06
Al_degrader_E9,17.369999999999997,4.9166666666666665e-06
Al_degrader_E9,17.43,3.833333333333334e-06
Al_degrader_E9,17.490000000000002,2.8333333333333335e-06
Al_degrader_E9,17.549999999999997,1.75e-06
Al_degrader_E9,17.61,1.6666666666666667e-06
Al_degrader_E9,17.67,8.333333333333333e-07
Al_degrader_E9,17.729999999999997,2.5e-07
Al_degrader_E9,17.79,5e-07
Al_degrader_E9,17.85,1.6666666666666668e-07
Al_degrader_E9,17.909999999999997,8.333333333333334e-08
Al_degrader_E9,17.97,1.6666666666666668e-07
Al_degrader_E9,18.03,0.0
Al_degrader_E9,18.09,1.6666666666666668e-07
Al_degrader_E9,18.15,0.0
Al_degrader_E9,18.21,8.333333333333334e-08
Al_degrader_E9,18.27,8.333333333333334e-08
Al_degrader_E9,18.33,0.0
Al_degrader_E9,18.39,8.333333333333334e-08
Ni13,6.99,2e-07
Ni13,7.05,0.0
Ni13,7.109999999999999,0.0
Ni13,7.17,0.0
Ni13,7.2299999999999995,2e-07
Ni13,7.289999999999999,0.0
Ni13,7.35,0.0
Ni13,7.41,6e-07
Ni13,7.47,2e-07
Ni13,7.529999999999999,2e-07
Ni13,7.59,6e-07
Ni13,7.65,8e-07
Ni13,7.709999999999999,4e-07
Ni13,7.77,0.0
Ni13,7.83,1e-06
Ni13,7.89,8e-07
Ni13,7.949999999999999,1.4e-06
Ni13,8.01,1.6e-06
Ni13,8.07,2.4e-06
Ni13,8.129999999999999,1.6e-06
Ni13,8.19,3e-06
Ni13,8.25,3.2e-06
Ni13,8.309999999999999,4.2e-06
Ni13,8.370000000000001,4.4e-06
Ni13,8.43,5.6e-06
Ni13,8.489999999999998,7.6e-06
Ni13,8.55,1e-05
Ni13,8.61,9.6e-06
Ni13,8.67,1.44e-05
Ni13,8.73,1.76e-05
Ni13,8.79,1.86e-05
Ni13,8.85,2.6e-05
Ni13,8.91,3.16e-05
Ni13,8.969999999999999,3.66e-05
Ni13,9.030000000000001,4.5e-05
Ni13,9.09,5.72e-05
Ni13,9.149999999999999,6.62e-05
Ni13,9.21,8.6e-05
Ni13,9.27,0.0001086
Ni13,9.329999999999998,0.000116
Ni13,9.39,0.0001496
Ni13,9.45,0.0001786
Ni13,9.51,0.0002048
Ni13,9.57,0.000252
Ni13,9.629999999999999,0.000301
Ni13,9.69,0.0003402
Ni13,9.75,0.000426
Ni13,9.809999999999999,0.0004946
Ni13,9.870000000000001,0.0005592
Ni13,9.93,0.0006736
Ni13,9.989999999999998,0.0007726
Ni13,10.05,0.0008984
Ni13,10.11,0.0010536
Ni13,10.169999999999998,0.0012174
Ni13,10.23,0.0014082
Ni13,10.29,0.0016212
Ni13,10.35,0.0018776
Ni13,10.41,0.0021392
Ni13,10.469999999999999,0.002459
Ni13,10.53,0.0027718
Ni13,10.59,0.0031346
Ni13,10.649999999999999,0.0035976
Ni13,10.71,0.0040194
Ni13,10.77,0.0045326
Ni13,10.829999999999998,0.0050762
Ni13,10.89,0.0055946
Ni13,10.95,0.0062676
Ni13,11.01,0.0068804
Ni13,11.07,0.0076662
Ni13,11.129999999999999,0.0084572
Ni13,11.19,0.0091614
Ni13,11.25,0.0100492
Ni13,11.309999999999999,0.0109294
Ni13,11.370000000000001,0.0119162
Ni13,11.43,0.0127948
Ni13,11.489999999999998,0.0137954
Ni13,11.55,0.014846
Ni13,11.61,0.0158066
Ni13,11.669999999999998,0.016913
Ni13,11.73,0.0179016
Ni13,11.79,0.0189072
Ni13,11.85,0.019897
Ni13,11.91,0.0208522
Ni13,11.969999999999999,0.0217766
Ni13,12.03,0.0225862
Ni13,12.09,0.0234488
Ni13,12.149999999999999,0.0241476
Ni13,12.21,0.0247918
Ni13,12.27,0.0253396
Ni13,12.329999999999998,0.02582
Ni13,12.39,0.026174
Ni13,12.45,0.026353
Ni13,12.51,0.0265494
Ni13,12.57,0.0265788
Ni13,12.629999999999999,0.026358
Ni13,12.69,0.026223
Ni13,12.75,0.0258514
Ni13,12.809999999999999,0.0254382
Ni13,12.870000000000001,0.0248142
Ni13,12.93,0.0241332
Ni13,12.989999999999998,0.0234386
Ni13,13.05,0.0224898
Ni13,13.11,0.0215892
Ni13,13.169999999999998,0.0206572
Ni13,13.23,0.0195564
Ni13,13.29,0.018488
Ni13,13.35,0.0174132
Ni13,13.41,0.0162996
Ni13,13.469999999999999,0.0152058
Ni13,13.53,0.0140598
Ni13,13.59,0.012951
Ni13,13.649999999999999,0.0119298
Ni13,13.71,0.0109034
Ni13,13.77,0.0098762
Ni13,13.829999999999998,0.0089246
Ni13,13.89,0.008005
Ni13,13.95,0.007151
Ni13,14.009999999999998,0.0063686
Ni13,14.07,0.005615
Ni13,14.129999999999999,0.004899
Ni13,14.19,0.0043314
Ni13,14.25,0.0037464
Ni13,14.309999999999999,0.0032324
Ni13,14.37,0.00281
Ni13,14.43,0.0023768
Ni13,14.489999999999998,0.002071
Ni13,14.55,0.0017078
Ni13,14.61,0.001486
Ni13,14.669999999999998,0.0012172
Ni13,14.73,0.0010466
Ni13,14.79,0.000853
Ni13,14.85,0.0007042
Ni13,14.91,0.0005672
Ni13,14.969999999999999,0.0004638
Ni13,15.03,0.000363
Ni13,15.09,0.0003002
Ni13,15.149999999999999,0.000237
Ni13,15.21,0.0001814
Ni13,15.27,0.0001434
Ni13,15.329999999999998,0.0001102
Ni13,15.39,9.02e-05
Ni13,15.45,6.6e-05
Ni13,15.509999999999998,5.42e-05
Ni13,15.57,4e-05
Ni13,15.629999999999999,3.14e-05
Ni13,15.69,2.26e-05
Ni13,15.75,1.72e-05
Ni13,15.809999999999999,1.38e-05
Ni13,15.87,9e-06
Ni13,15.93,7.8e-06
Ni13,15.989999999999998,4.2e-06
Ni13,16.049999999999997,4.4e-06
Ni13,16.11,2e-06
Ni13,16.17,1e-06
Ni13,16.229999999999997,1.2e-06
Ni13,16.29,4e-07
Ni13,16.35,4e-07
Ni13,16.409999999999997,2e-07
Ni13,16.47,4e-07
Ni13,16.53,2e-07
Ni13,16.59,2e-07
Ni13,16.65,2e-07
Ni13,16.71,2e-07
Ni13,16.77,2e-07
Ni13,16.83,0.0
Ni13,16.89,2e-07
Sn13,6.81,3.3333333333333335e-07
Sn13,6.869999999999999,3.3333333333333335e-07
Sn13,6.93,0.0
Sn13,6.99,3.3333333333333335e-07
Sn13,7.05,0.0
Sn13,7.109999999999999,0.0
Sn13,7.17,0.0
Sn13,7.2299999999999995,6.666666666666667e-07
Sn13,7.289999999999999,1e-06
Sn13,7.35,6.666666666666667e-07
Sn13,7.41,1e-06
Sn13,7.47,1.3333333333333334e-06
Sn13,7.529999999999999,1e-06
Sn13,7.59,6.666666666666667e-07
Sn13,7.65,2e-06
Sn13,7.709999999999999,6.666666666666667e-07
Sn13,7.77,2.666666666666667e-06
Sn13,7.83,1.6666666666666667e-06
Sn13,7.89,5e-06
Sn13,7.949999999999999,5.333333333333334e-06
Sn13,8.01,5e-06
Sn13,8.07,7e-06
Sn13,8.129999999999999,6e-06
Sn13,8.19,8e-06
Sn13,8.25,8.666666666666666e-06
Sn13,8.309999999999999,1.4666666666666666e-05
Sn13,8.370000000000001,1.6e-05
Sn13,8.43,2.1e-05
Sn13,8.489999999999998,2.4e-05
Sn13,8.55,3.433333333333333e-05
Sn13,8.61,3.5333333333333336e-05
Sn13,8.67,4.3e-05
Sn13,8.73,5.5333333333333334e-05
Sn13,8.79,6.7e-05
Sn13,8.85,8.066666666666667e-05
Sn13,8.91,0.00010233333333333333
Sn13,8.969999999999999,0.00011866666666666667
Sn13,9.030000000000001,0.00014233333333333334
Sn13,9.09,0.00017833333333333332
Sn13,9.149999999999999,0.000209
Sn13,9.21,0.0002553333333333333
Sn13,9.27,0.000303
Sn13,9.329999999999998,0.000346
Sn13,9.39,0.0004043333333333333
Sn13,9.45,0.00047566666666666666
Sn13,9.51,0.0005576666666666667
Sn13,9.57,0.0006603333333333333
Sn13,9.629999999999999,0.0007733333333333333
Sn13,9.69,0.0009066666666666666
Sn13,9.75,0.0010183333333333333
Sn13,9.809999999999999,0.001167
Sn13,9.870000000000001,0.0013463333333333333
Sn13,9.93,0.0015916666666666666
Sn13,9.989999999999998,0.0018186666666666666
Sn13,10.05,0.002125
Sn13,10.11,0.002428333333333333
Sn13,10.169999999999998,0.0027313333333333334
Sn13,10.23,0.0030756666666666667
Sn13,10.29,0.0035613333333333335
Sn13,10.35,0.004003333333333334
Sn13,10.41,0.004452
Sn13,10.469999999999999,0.005003666666666667
Sn13,10.53,0.005593333333333333
Sn13,10.59,0.006172
Sn13,10.649999999999999,0.006868666666666667
Sn13,10.71,0.00756
Sn13,10.77,0.008250333333333333
Sn13,10.829999999999998,0.009040666666666667
Sn13,10.89,0.009928333333333334
Sn13,10.95,0.010788666666666667
Sn13,11.01,0.011766
Sn13,11.07,0.012802
Sn13,11.129999999999999,0.013644666666666666
Sn13,11.19,0.014658666666666667
Sn13,11.25,0.015725333333333334
Sn13,11.309999999999999,0.016784666666666666
Sn13,11.370000000000001,0.017821666666666666
Sn13,11.43,0.018798
Sn13,11.489999999999998,0.019868333333333335
Sn13,11.55,0.020768666666666668
Sn13,11.61,0.021731
Sn13,11.669999999999998,0.022609333333333332
Sn13,11.73,0.023432666666666668
Sn13,11.79,0.024071333333333333
Sn13,11.85,0.024759
Sn13,11.91,0.02531366666666667
Sn13,11.969999999999999,0.025768666666666665
Sn13,12.03,0.026118666666666665
Sn13,12.09,0.026444333333333334
Sn13,12.149999999999999,0.026621
Sn13,12.21,0.026625333333333334
Sn13,12.27,0.026501666666666666
Sn13,12.329999999999998,0.026289666666666666
Sn13,12.39,0.026059
Sn13,12.45,0.025599333333333335
Sn13,12.51,0.024864666666666667
Sn13,12.57,0.024223
Sn13,12.629999999999999,0.023465666666666666
Sn13,12.69,0.022734666666666667
Sn13,12.75,0.02172433333333333
Sn13,12.809999999999999,0.020787
Sn13,12.870000000000001,0.019633
Sn13,12.93,0.018636
Sn13,12.989999999999998,0.017422
Sn13,13.05,0.016359
Sn13,13.11,0.015251333333333334
Sn13,13.169999999999998,0.014233
Sn13,13.23,0.013006333333333333
Sn13,13.29,0.011964333333333334
Sn13,13.35,0.011001333333333333
Sn13,13.41,0.009971
Sn13,13.469999999999999,0.009045
Sn13,13.53,0.008083333333333333
Sn13,13.59,0.007163333333333333
Sn13,13.649999999999999,0.006406
Sn13,13.71,0.005683333333333334
Sn13,13.77,0.004967
Sn13,13.829999999999998,0.004298666666666667
Sn13,13.89,0.0037256666666666666
Sn13,13.95,0.0032443333333333334
Sn13,14.009999999999998,0.002788333333333333
Sn13,14.07,0.002367666666666667
Sn13,14.129999999999999,0.0020673333333333333
Sn13,14.19,0.0017576666666666667
Sn13,14.25,0.0015183333333333333
Sn13,14.309999999999999,0.001253
Sn13,14.37,0.0010463333333333334
Sn13,14.43,0.0008593333333333334
Sn13,14.489999999999998,0.0007173333333333334
Sn13,14.55,0.0005823333333333334
Sn13,14.61,0.000473
Sn13,14.669999999999998,0.0003606666666666667
Sn13,14.73,0.0002846666666666667
Sn13,14.79,0.00023
Sn13,14.85,0.00018233333333333334
Sn13,14.91,0.00014633333333333333
Sn13,14.969999999999999,0.00011166666666666667
Sn13,15.03,8.966666666666667e-05
Sn13,15.09,6.766666666666667e-05
Sn13,15.149999999999999,5.333333333333333e-05
Sn13,15.21,3.8e-05
Sn13,15.27,3.1333333333333334e-05
Sn13,15.329999999999998,2.3333333333333332e-05
Sn13,15.39,1.7666666666666668e-05
Sn13,15.45,1.5333333333333334e-05
Sn13,15.509999999999998,1.1666666666666666e-05
Sn13,15.57,8.333333333333334e-06
Sn13,15.629999999999999,3.6666666666666666e-06
Sn13,15.69,3e-06
Sn13,15.75,2.666666666666667e-06
Sn13,15.809999999999999,6.666666666666667e-07
Sn13,15.87,3.3333333333333335e-07
Sn13,15.93,3.3333333333333335e-07
Sn13,15.989999999999998,3.3333333333333335e-07
Sn13,16.049999999999997,0.0
Sn13,16.11,3.3333333333333335e-07
Sn13,16.17,3.3333333333333335e-07
Sn13,16.229999999999997,3.3333333333333335e-07
Sn13,16.29,3.3333333333333335e-07
Sn13,16.35,3.3333333333333335e-07
Sn13,16.409999999999997,3.3333333333333335e-07
Ta13,6.09,2.5e-07
Ta13,6.15,0.0
Ta13,6.21,0.0
Ta13,6.27,0.0
Ta13,6.33,2.5e-07
Ta13,6.39,0.0
Ta13,6.449999999999999,0.0
Ta13,6.51,0.0
Ta13,6.57,7.5e-07
Ta13,6.63,2.5e-07
Ta13,6.6899999999999995,2.5e-07
Ta13,6.75,0.0
Ta13,6.81,1.5e-06
Ta13,6.869999999999999,2.5e-07
Ta13,6.93,5e-07
Ta13,6.99,1e-06
Ta13,7.05,1e-06
Ta13,7.109999999999999,7.5e-07
Ta13,7.17,1.75e-06
Ta13,7.2299999999999995,2.25e-06
Ta13,7.289999999999999,2.5e-06
Ta13,7.35,3.25e-06
Ta13,7.41,2e-06
Ta13,7.47,4.25e-06
Ta13,7.529999999999999,4e-06
Ta13,7.59,5.5e-06
Ta13,7.65,5.5e-06
Ta13,7.709999999999999,8.25e-06
Ta13,7.77,1.275e-05
Ta13,7.83,8.75e-06
Ta13,7.89,1.825e-05
Ta13,7.949999999999999,1.775e-05
Ta13,8.01,1.6e-05
Ta13,8.07,2.9e-05
Ta13,8.129999999999999,3.1e-05
Ta13,8.19,3.65e-05
Ta13,8.25,4.45e-05
Ta13,8.309999999999999,5.75e-05
Ta13,8.370000000000001,6.575e-05
Ta13,8.43,7.85e-05
Ta13,8.489999999999998,9.825e-05
Ta13,8.55,0.000124
Ta13,8.61,0.00013125
Ta13,8.67,0.0001645
Ta13,8.73,0.000203
Ta13,8.79,0.0002225
Ta13,8.85,0.00026575
Ta13,8.91,0.00033575
Ta13,8.969999999999999,0.000359
Ta13,9.030000000000001,0.00043975
Ta13,9.09,0.0005255
Ta13,9.149999999999999,0.000585
Ta13,9.21,0.00066875
Ta13,9.27,0.00079275
Ta13,9.329999999999998,0.00091525
Ta13,9.39,0.00106175
Ta13,9.45,0.00120375
Ta13,9.51,0.00141225
Ta13,9.57,0.00159175
Ta13,9.629999999999999,0.00180625
Ta13,9.69,0.00211125
Ta13,9.75,0.00235825
Ta13,9.809999999999999,0.00268575
Ta13,9.870000000000001,0.00303775
Ta13,9.93,0.00340375
Ta13,9.989999999999998,0.0038765
Ta13,10.05,0.0042845
Ta13,10.11,0.004792
Ta13,10.169999999999998,0.0053135
Ta13,10.23,0.0058675
Ta13,10.29,0.0064905
Ta13,10.35,0.0071405
Ta13,10.41,0.00785325
Ta13,10.469999999999999,0.00856975
Ta13,10.53,0.009335
Ta13,10.59,0.0101925
Ta13,10.649999999999999,0.01099875
Ta13,10.71,0.01182125
Ta13,10.77,0.0128755
Ta13,10.829999999999998,0.013695
Ta13,10.89,0.0147095
Ta13,10.95,0.0156335
Ta13,11.01,0.01663525
Ta13,11.07,0.0176115
Ta13,11.129999999999999,0.01846375
Ta13,11.19,0.0194975
Ta13,11.25,0.02036325
Ta13,11.309999999999999,0.02122375
Ta13,11.370000000000001,0.022035
Ta13,11.43,0.0226835
Ta13,11.489999999999998,0.0234435
Ta13,11.55,0.02407175
Ta13,11.61,0.02456125
Ta13,11.669999999999998,0.02503975
Ta13,11.73,0.02523
Ta13,11.79,0.02564625
Ta13,11.85,0.02573925
Ta13,11.91,0.02574875
Ta13,11.969999999999999,0.0257475
Ta13,12.03,0.0254085
Ta13,12.09,0.02529125
Ta13,12.149999999999999,0.02485025
Ta13,12.21,0.024246
Ta13,12.27,0.02372
Ta13,12.329999999999998,0.0230305
Ta13,12.39,0.0222685
Ta13,12.45,0.0213885
Ta13,12.51,0.0204305
Ta13,12.57,0.0195295
Ta13,12.629999999999999,0.0185335
Ta13,12.69,0.0174925
Ta13,12.75,0.01650075
Ta13,12.809999999999999,0.015365
Ta13,12.870000000000001,0.01432
Ta13,12.93,0.0133165
Ta13,12.989999999999998,0.01226425
Ta13,13.05,0.0112815
Ta13,13.11,0.01034425
Ta13,13.169999999999998,0.009373
Ta13,13.23,0.00845775
Ta13,13.29,0.00761025
Ta13,13.35,0.0068805
Ta13,13.41,0.00607275
Ta13,13.469999999999999,0.00533
Ta13,13.53,0.00474675
Ta13,13.59,0.0041385
Ta13,13.649999999999999,0.00359825
Ta13,13.71,0.00316825
Ta13,13.77,0.00267725
Ta13,13.829999999999998,0.002358
Ta13,13.89,0.00200025
Ta13,13.95,0.0016995
Ta13,14.009999999999998,0.001468
Ta13,14.07,0.00120525
Ta13,14.129999999999999,0.00105775
Ta13,14.19,0.00085925
Ta13,14.25,0.000711
Ta13,14.309999999999999,0.0005795
Ta13,14.37,0.000476
Ta13,14.43,0.00037525
Ta13,14.489999999999998,0.00031675
Ta13,14.55,0.00024075
Ta13,14.61,0.00018725
Ta13,14.669999999999998,0.00015025
Ta13,14.73,0.00011875
Ta13,14.79,9.9e-05
Ta13,14.85,6.85e-05
Ta13,14.91,6.125e-05
Ta13,14.969999999999999,3.825e-05
Ta13,15.03,3.825e-05
Ta13,15.09,2.5e-05
Ta13,15.149999999999999,2e-05
Ta13,15.21,1.525e-05
Ta13,15.27,1.15e-05
Ta13,15.329999999999998,9.5e-06
Ta13,15.39,4.75e-06
Ta13,15.45,6e-06
Ta13,15.509999999999998,2.5e-06
Ta13,15.57,1e-06
Ta13,15.629999999999999,1.25e-06
Ta13,15.69,7.5e-07
Ta13,15.75,5e-07
Ta13,15.809999999999999,0.0
Ta13,15.87,5e-07
Ta13,15.93,2.5e-07
Ta13,15.989999999999998,2.5e-07
Ta13,16.049999999999997,2.5e-07
Ta13,16.11,2.5e-07
Ta13,16.17,2.5e-07
Ta13,16.229999999999997,0.0
Ta13,16.29,2.5e-07
Cu13,5.1899999999999995,2e-07
Cu13,5.25,0.0
Cu13,5.31,0.0
Cu13,5.369999999999999,0.0
Cu13,5.43,2e-07
Cu13,5.49,0.0
Cu13,5.55,0.0
Cu13,5.609999999999999,0.0
Cu13,5.67,2e-07
Cu13,5.73,4e-07
Cu13,5.789999999999999,2e-07
Cu13,5.85,2e-07
Cu13,5.91,6e-07
Cu13,5.97,2e-07
Cu13,6.029999999999999,6e-07
Cu13,6.09,6e-07
Cu13,6.15,4e-07
Cu13,6.21,1e-06
Cu13,6.27,4e-07
Cu13,6.33,1e-06
Cu13,6.39,1.6e-06
Cu13,6.449999999999999,1.6e-06
Cu13,6.51,2e-06
Cu13,6.57,3e-06
Cu13,6.63,1.8e-06
Cu13,6.6899999999999995,3.2e-06
Cu13,6.75,3.2e-06
Cu13,6.81,4.8e-06
Cu13,6.869999999999999,3.8e-06
Cu13,6.93,6.2e-06
Cu13,6.99,7.8e-06
Cu13,7.05,8.2e-06
Cu13,7.109999999999999,1.1e-05
Cu13,7.17,1.42e-05
Cu13,7.2299999999999995,1.48e-05
Cu13,7.289999999999999,1.82e-05
Cu13,7.35,2.22e-05
Cu13,7.41,2.48e-05
Cu13,7.47,3.02e-05
Cu13,7.529999999999999,3.9e-05
Cu13,7.59,4.34e-05
Cu13,7.65,5.06e-05
Cu13,7.709999999999999,6.64e-05
Cu13,7.77,7.6e-05
Cu13,7.83,9.26e-05
Cu13,7.89,0.0001094
Cu13,7.949999999999999,0.000121
Cu13,8.01,0.000158
Cu13,8.07,0.0001698
Cu13,8.129999999999999,0.0002044
Cu13,8.19,0.0002488
Cu13,8.25,0.0002742
Cu13,8.309999999999999,0.0003198
Cu13,8.370000000000001,0.0003962
Cu13,8.43,0.0004374
Cu13,8.489999999999998,0.0005034
Cu13,8.55,0.0005922
Cu13,8.61,0.0006602
Cu13,8.67,0.0007696
Cu13,8.73,0.0009006
Cu13,8.79,0.0010084
Cu13,8.85,0.0011668
Cu13,8.91,0.0013522
Cu13,8.969999999999999,0.0014908
Cu13,9.030000000000001,0.0017342
Cu13,9.09,0.0019272
Cu13,9.149999999999999,0.00222
Cu13,9.21,0.0024992
Cu13,9.27,0.002771
Cu13,9.329999999999998,0.00315
Cu13,9.39,0.0035382
Cu13,9.45,0.0038904
Cu13,9.51,0.0043852
Cu13,9.57,0.0047754
Cu13,9.629999999999999,0.0053348
Cu13,9.69,0.0058572
Cu13,9.75,0.0064198
Cu13,9.809999999999999,0.0070772
Cu13,9.870000000000001,0.0077248
Cu13,9.93,0.0083514
Cu13,9.989999999999998,0.0091534
Cu13,10.05,0.0098654
Cu13,10.11,0.0106532
Cu13,10.169999999999998,0.0115242
Cu13,10.23,0.0122554
Cu13,10.29,0.0132434
Cu13,10.35,0.0140726
Cu13,10.41,0.0149608
Cu13,10.469999999999999,0.0159236
Cu13,10.53,0.0166968
Cu13,10.59,0.0178026
Cu13,10.649999999999999,0.0184548
Cu13,10.71,0.019354
Cu13,10.77,0.0202282
Cu13,10.829999999999998,0.0209556
Cu13,10.89,0.0216586
Cu13,10.95,0.0223356
Cu13,11.01,0.022968
Cu13,11.07,0.023462
Cu13,11.129999999999999,0.0239328
Cu13,11.19,0.0242864
Cu13,11.25,0.0246296
Cu13,11.309999999999999,0.0247162
Cu13,11.370000000000001,0.0249816
Cu13,11.43,0.0248758
Cu13,11.489999999999998,0.0248204
Cu13,11.55,0.0245918
Cu13,11.61,0.0243582
Cu13,11.669999999999998,0.0239384
Cu13,11.73,0.0234494
Cu13,11.79,0.0228714
Cu13,11.85,0.0222878
Cu13,11.91,0.0214402
Cu13,11.969999999999999,0.0207408
Cu13,12.03,0.0198034
Cu13,12.09,0.0190208
Cu13,12.149999999999999,0.017978
Cu13,12.21,0.017123
Cu13,12.27,0.0160504
Cu13,12.329999999999998,0.015156
Cu13,12.39,0.0140744
Cu13,12.45,0.013159
Cu13,12.51,0.012147
Cu13,12.57,0.0112308
Cu13,12.629999999999999,0.0102992
Cu13,12.69,0.0094094
Cu13,12.75,0.0085672
Cu13,12.809999999999999,0.0076876
Cu13,12.870000000000001,0.0069666
Cu13,12.93,0.0062084
Cu13,12.989999999999998,0.0055508
Cu13,13.05,0.0048886
Cu13,13.11,0.00433
Cu13,13.169999999999998,0.0037792
Cu13,13.23,0.00333
Cu13,13.29,0.0028714
Cu13,13.35,0.002512
Cu13,13.41,0.002139
Cu13,13.469999999999999,0.001874
Cu13,13.53,0.0015618
Cu13,13.59,0.0013758
Cu13,13.649999999999999,0.001123
Cu13,13.71,0.000985
Cu13,13.77,0.0007958
Cu13,13.829999999999998,0.0006766
Cu13,13.89,0.0005438
Cu13,13.95,0.000451
Cu13,14.009999999999998,0.0003578
Cu13,14.07,0.000297
Cu13,14.129999999999999,0.0002392
Cu13,14.19,0.0001844
Cu13,14.25,0.0001454
Cu13,14.309999999999999,0.0001172
Cu13,14.37,9.26e-05
Cu13,14.43,7.38e-05
Cu13,14.489999999999998,5.46e-05
Cu13,14.55,4.64e-05
Cu13,14.61,3.34e-05
Cu13,14.669999999999998,2.78e-05
Cu13,14.73,1.92e-05
Cu13,14.79,1.56e-05
Cu13,14.85,1.16e-05
Cu13,14.91,8e-06
Cu13,14.969999999999999,7.2e-06
Cu13,15.03,4.8e-06
Cu13,15.09,3.8e-06
Cu13,15.149999999999999,1.6e-06
Cu13,15.21,8e-07
Cu13,15.27,1e-06
Cu13,15.329999999999998,6e-07
Cu13,15.39,2e-07
Cu13,15.45,2e-07
Cu13,15.509999999999998,6e-07
Cu13,15.57,0.0
Cu13,15.629999999999999,4e-07
Cu13,15.69,0.0
Cu13,15.75,4e-07
Cu13,15.809999999999999,0.0
Cu13,15.87,2e-07
Cu13,15.93,2e-07
Al_degrader_E10,0.03,4.5e-07
Al_degrader_E10,0.09,0.0
Al_degrader_E10,0.15,0.0
Al_degrader_E10,0.21,0.0
Al_degrader_E10,0.27,0.0
Al_degrader_E10,0.32999999999999996,0.0
Al_degrader_E10,0.39,5e-08
Al_degrader_E10,0.44999999999999996,1e-07
Al_degrader_E10,0.51,5e-08
Al_degrader_E10,0.5700000000000001,0.0
Al_degrader_E10,0.6299999999999999,5e-08
Al_degrader_E10,0.69,5e-08
Al_degrader_E10,0.75,5e-08
Al_degrader_E10,0.81,0.0
Al_degrader_E10,0.8699999999999999,0.0
Al_degrader_E10,0.9299999999999999,1e-07
Al_degrader_E10,0.99,5e-08
Al_degrader_E10,1.05,0.0
Al_degrader_E10,1.1099999999999999,0.0
Al_degrader_E10,1.17,1.5e-07
Al_degrader_E10,1.23,0.0
Al_degrader_E10,1.29,1.5e-07
Al_degrader_E10,1.3499999999999999,5e-08
Al_degrader_E10,1.41,0.0
Al_degrader_E10,1.47,1.5e-07
Al_degrader_E10,1.53,5e-08
Al_degrader_E10,1.5899999999999999,0.0
Al_degrader_E10,1.65,1e-07
Al_degrader_E10,1.71,1e-07
Al_degrader_E10,1.77,3.5e-07
Al_degrader_E10,1.8299999999999998,2e-07
Al_degrader_E10,1.89,1e-07
Al_degrader_E10,1.95,1.5e-07
Al_degrader_E10,2.01,1.5e-07
Al_degrader_E10,2.0700000000000003,2e-07
Al_degrader_E10,2.13,3.5e-07
Al_degrader_E10,2.19,5.5e-07
Al_degrader_E10,2.25,1e-07
Al_degrader_E10,2.3099999999999996,4.5e-07
Al_degrader_E10,2.37,2e-07
Al_degrader_E10,2.4299999999999997,2.5e-07
Al_degrader_E10,2.49,6.5e-07
Al_degrader_E10,2.55,6e-07
Al_degrader_E10,2.61,5e-07
Al_degrader_E10,2.67,5.5e-07
Al_degrader_E10,2.7299999999999995,2e-07
Al_degrader_E10,2.79,1.05e-06
Al_degrader_E10,2.8499999999999996,9e-07
Al_degrader_E10,2.91,7.5e-07
Al_degrader_E10,2.9699999999999998,1.05e-06
Al_degrader_E10,3.0300000000000002,6.5e-07
Al_degrader_E10,3.09,1.65e-06
Al_degrader_E10,3.15,1.7e-06
Al_degrader_E10,3.21,1.25e-06
Al_degrader_E10,3.2699999999999996,1.55e-06
Al_degrader_E10,3.33,1.7e-06
Al_degrader_E10,3.3899999999999997,2.85e-06
Al_degrader_E10,3.45,2.7e-06
Al_degrader_E10,3.51,2.15e-06
Al_degrader_E10,3.57,2.75e-06
Al_degrader_E10,3.63,4.05e-06
Al_degrader_E10,3.6899999999999995,4.05e-06
Al_degrader_E10,3.75,3.75e-06
Al_degrader_E10,3.8099999999999996,4.7e-06
Al_degrader_E10,3.87,5.8e-06
Al_degrader_E10,3.9299999999999997,6.8e-06
Al_degrader_E10,3.9899999999999998,6.7e-06
Al_degrader_E10,4.05,7.6e-06
Al_degrader_E10,4.109999999999999,8.65e-06
Al_degrader_E10,4.17,1.11e-05
Al_degrader_E10,4.23,1.09e-05
Al_degrader_E10,4.29,1.245e-05
Al_degrader_E10,4.35,1.435e-05
Al_degrader_E10,4.41,1.68e-05
Al_degrader_E10,4.47,1.88e-05
Al_degrader_E10,4.529999999999999,2.12e-05
Al_degrader_E10,4.59,2.32e-05
Al_degrader_E10,4.65,2.75e-05
Al_degrader_E10,4.71,2.93e-05
Al_degrader_E10,4.77,3.4e-05
Al_degrader_E10,4.83,3.73e-05
Al_degrader_E10,4.89,4.26e-05
Al_degrader_E10,4.949999999999999,4.875e-05
Al_degrader_E10,5.01,5.15e-05
Al_degrader_E10,5.07,6.275e-05
Al_degrader_E10,5.13,6.55e-05
Al_degrader_E10,5.1899999999999995,7.29e-05
Al_degrader_E10,5.25,8.645e-05
Al_degrader_E10,5.31,9.58e-05
Al_degrader_E10,5.369999999999999,0.00010405
Al_degrader_E10,5.43,0.0001215
Al_degrader_E10,5.49,0.00012995
Al_degrader_E10,5.55,0.00014515
Al_degrader_E10,5.609999999999999,0.00016495
Al_degrader_E10,5.67,0.00018145
Al_degrader_E10,5.73,0.0002051
Al_degrader_E10,5.789999999999999,0.00022575
Al_degrader_E10,5.85,0.00025165
Al_degrader_E10,5.91,0.00028435
Al_degrader_E10,5.97,0.00031645
Al_degrader_E10,6.029999999999999,0.0003439
Al_degrader_E10,6.09,0.00039295
Al_degrader_E10,6.15,0.00042915
Al_degrader_E10,6.21,0.00047385
Al_degrader_E10,6.27,0.0005273
Al_degrader_E10,6.33,0.00059195
Al_degrader_E10,6.39,0.0006452
Al_degrader_E10,6.449999999999999,0.00071155
Al_degrader_E10,6.51,0.0007941
Al_degrader_E10,6.57,0.000859
Al_degrader_E10,6.63,0.0009591
Al_degrader_E10,6.6899999999999995,0.0010492
Al_degrader_E10,6.75,0.0011485
Al_degrader_E10,6.81,0.00126355
Al_degrader_E10,6.869999999999999,0.0013822
Al_degrader_E10,6.93,0.0015022
Al_degrader_E10,6.99,0.00165265
Al_degrader_E10,7.05,0.00178885
Al_degrader_E10,7.109999999999999,0.00195615
Al_degrader_E10,7.17,0.0021204
Al_degrader_E10,7.2299999999999995,0.0023163
Al_degrader_E10,7.289999999999999,0.0025041
Al_degrader_E10,7.35,0.002718
Al_degrader_E10,7.41,0.00293725
Al_degrader_E10,7.47,0.00318035
Al_degrader_E10,7.529999999999999,0.00341765
Al_degrader_E10,7.59,0.00369725
Al_degrader_E10,7.65,0.00396915
Al_degrader_E10,7.709999999999999,0.0042605
Al_degrader_E10,7.77,0.00458955
Al_degrader_E10,7.83,0.00490265
Al_degrader_E10,7.89,0.0052414
Al_degrader_E10,7.949999999999999,0.0055932
Al_degrader_E10,8.01,0.0059659
Al_degrader_E10,8.07,0.0063487
Al_degrader_E10,8.129999999999999,0.00676985
Al_degrader_E10,8.19,0.00716235
Al_degrader_E10,8.25,0.0076061
Al_degrader_E10,8.309999999999999,0.0080057
Al_degrader_E10,8.370000000000001,0.0084679
Al_degrader_E10,8.43,0.00892445
Al_degrader_E10,8.489999999999998,0.00939035
Al_degrader_E10,8.55,0.0098656
Al_degrader_E10,8.61,0.01034735
Al_degrader_E10,8.67,0.0108434
Al_degrader_E10,8.73,0.01130385
Al_degrader_E10,8.79,0.01182905
Al_degrader_E10,8.85,0.0122719
Al_degrader_E10,8.91,0.01278935
Al_degrader_E10,8.969999999999999,0.01324945
Al_degrader_E10,9.030000000000001,0.0137393
Al_degrader_E10,9.09,0.01421605
Al_degrader_E10,9.149999999999999,0.0146531
Al_degrader_E10,9.21,0.01513175
Al_degrader_E10,9.27,0.0154984
Al_degrader_E10,9.329999999999998,0.0159589
Al_degrader_E10,9.39,0.0162922
Al_degrader_E10,9.45,0.01673065
Al_degrader_E10,9.51,0.016996
Al_degrader_E10,9.57,0.01736995
Al_degrader_E10,9.629999999999999,0.0176173
Al_degrader_E10,9.69,0.017895
Al_degrader_E10,9.75,0.01811115
Al_degrader_E10,9.809999999999999,0.018315
Al_degrader_E10,9.870000000000001,0.01845735
Al_degrader_E10,9.93,0.01859935
Al_degrader_E10,9.989999999999998,0.0186502
Al_degrader_E10,10.05,0.0187323
Al_degrader_E10,10.11,0.01870515
Al_degrader_E10,10.169999999999998,0.0187001
Al_degrader_E10,10.23,0.0185957
Al_degrader_E10,10.29,0.0185053
Al_degrader_E10,10.35,0.0183127
Al_degrader_E10,10.41,0.0181487
Al_degrader_E10,10.469999999999999,0.0178758
Al_degrader_E10,10.53,0.01763125
Al_degrader_E10,10.59,0.01729505
Al_degrader_E10,10.649999999999999,0.0169582
Al_degrader_E10,10.71,0.0165398
Al_degrader_E10,10.77,0.016159
Al_degrader_E10,10.829999999999998,0.0156657
Al_degrader_E10,10.89,0.01524275
Al_degrader_E10,10.95,0.0146827
Al_degrader_E10,11.01,0.01421115
Al_degrader_E10,11.07,0.0136195
Al_degrader_E10,11.129999999999999,0.01309285
Al_degrader_E10,11.19,0.0124759
Al_degrader_E10,11.25,0.0119328
Al_degrader_E10,11.309999999999999,0.01129995
Al_degrader_E10,11.370000000000001,0.01072325
Al_degrader_E10,11.43,0.01011035
Al_degrader_E10,11.489999999999998,0.0095263
Al_degrader_E10,11.55,0.00891345
Al_degrader_E10,11.61,0.00834775
Al_degrader_E10,11.669999999999998,0.0078041
Al_degrader_E10,11.73,0.00721545
Al_degrader_E10,11.79,0.0066878
Al_degrader_E10,11.85,0.00615875
Al_degrader_E10,11.91,0.00564875
Al_degrader_E10,11.969999999999999,0.0051776
Al_degrader_E10,12.03,0.0047213
Al_degrader_E10,12.09,0.0043073
Al_degrader_E10,12.149999999999999,0.00386945
Al_degrader_E10,12.21,0.0035285
Al_degrader_E10,12.27,0.0031355
Al_degrader_E10,12.329999999999998,0.0028198
Al_degrader_E10,12.39,0.0024954
Al_degrader_E10,12.45,0.00222525
Al_degrader_E10,12.51,0.0019659
Al_degrader_E10,12.57,0.0017201
Al_degrader_E10,12.629999999999999,0.0015162
Al_degrader_E10,12.69,0.0013067
Al_degrader_E10,12.75,0.00114675
Al_degrader_E10,12.809999999999999,0.00098395
Al_degrader_E10,12.870000000000001,0.0008474
Al_degrader_E10,12.93,0.0007341
Al_degrader_E10,12.989999999999998,0.000619
Al_degrader_E10,13.05,0.00053065
Al_degrader_E10,13.11,0.00045235
Al_degrader_E10,13.169999999999998,0.00037665
Al_degrader_E10,13.23,0.0003207
Al_degrader_E10,13.29,0.0002652
Al_degrader_E10,13.35,0.000219
Al_degrader_E10,13.41,0.00018305
Al_degrader_E10,13.469999999999999,0.0001464
Al_degrader_E10,13.53,0.0001199
Al_degrader_E10,13.59,9.53e-05
Al_degrader_E10,13.649999999999999,7.83e-05
Al_degrader_E10,13.71,6.21e-05
Al_degrader_E10,13.77,4.81e-05
Al_degrader_E10,13.829999999999998,3.98e-05
Al_degrader_E10,13.89,3.02e-05
Al_degrader_E10,13.95,2.505e-05
Al_degrader_E10,14.009999999999998,1.92e-05
Al_degrader_E10,14.07,1.39e-05
Al_degrader_E10,14.129999999999999,1.24e-05
Al_degrader_E10,14.19,8.8e-06
Al_degrader_E10,14.25,6.95e-06
Al_degrader_E10,14.309999999999999,5.1e-06
Al_degrader_E10,14.37,3.85e-06
Al_degrader_E10,14.43,3.15e-06
Al_degrader_E10,14.489999999999998,2.25e-06
Al_degrader_E10,14.55,1.6e-06
Al_degrader_E10,14.61,1.35e-06
Al_degrader_E10,14.669999999999998,8e-07
Al_degrader_E10,14.73,4e-07
Al_degrader_E10,14.79,3.5e-07
Al_degrader_E10,14.85,3.5e-07
Al_degrader_E10,14.91,5e-08
Al_degrader_E10,14.969999999999999,1.5e-07
Al_degrader_E10,15.03,1e-07
Al_degrader_E10,15.09,5e-08
Al_degrader_E10,15.149999999999999,1e-07
Al_degrader_E10,15.21,5e-08
Al_degrader_E10,15.27,5e-08
Al_degrader_E10,15.329999999999998,1e-07
Al_degrader_E10,15.39,0.0
Al_degrader_E10,15.45,5e-08
Al_degrader_E10,15.509999999999998,5e-08
Ni14,0.03,1.8e-05
Ni14,0.09,1e-06
Ni14,0.15,6.666666666666667e-07
Ni14,0.21,7.777777777777778e-07
Ni14,0.27,6.666666666666667e-07
Ni14,0.32999999999999996,1e-06
Ni14,0.39,7.777777777777778e-07
Ni14,0.44999999999999996,4.4444444444444444e-07
Ni14,0.51,5.555555555555555e-07
Ni14,0.5700000000000001,1.5555555555555556e-06
Ni14,0.6299999999999999,7.777777777777778e-07
Ni14,0.69,5.555555555555555e-07
Ni14,0.75,1.111111111111111e-06
Ni14,0.81,1.5555555555555556e-06
Ni14,0.8699999999999999,1.111111111111111e-06
Ni14,0.9299999999999999,8.888888888888889e-07
Ni14,0.99,2.5555555555555557e-06
Ni14,1.05,1.111111111111111e-06
Ni14,1.1099999999999999,1.3333333333333334e-06
Ni14,1.17,2.666666666666667e-06
Ni14,1.23,2e-06
Ni14,1.29,2.777777777777778e-06
Ni14,1.3499999999999999,2.777777777777778e-06
Ni14,1.41,2e-06
Ni14,1.47,2.4444444444444442e-06
Ni14,1.53,3.888888888888889e-06
Ni14,1.5899999999999999,4.555555555555555e-06
Ni14,1.65,4.555555555555555e-06
Ni14,1.71,3.3333333333333333e-06
Ni14,1.77,4.666666666666666e-06
Ni14,1.8299999999999998,5.666666666666667e-06
Ni14,1.89,7e-06
Ni14,1.95,4.8888888888888885e-06
Ni14,2.01,6.333333333333333e-06
Ni14,2.0700000000000003,8e-06
Ni14,2.13,8.555555555555556e-06
Ni14,2.19,8.111111111111112e-06
Ni14,2.25,8.111111111111112e-06
Ni14,2.3099999999999996,1.2444444444444445e-05
Ni14,2.37,1.1222222222222222e-05
Ni14,2.4299999999999997,1.211111111111111e-05
Ni14,2.49,1.3555555555555555e-05
Ni14,2.55,1.633333333333333e-05
Ni14,2.61,1.7333333333333332e-05
Ni14,2.67,1.7666666666666668e-05
Ni14,2.7299999999999995,2.2222222222222223e-05
Ni14,2.79,2.4111111111111113e-05
Ni14,2.8499999999999996,2.388888888888889e-05
Ni14,2.91,2.8555555555555556e-05
Ni14,2.9699999999999998,3.1e-05
Ni14,3.0300000000000002,3.3777777777777776e-05
Ni14,3.09,3.8e-05
Ni14,3.15,4.4111111111111114e-05
Ni14,3.21,4.855555555555556e-05
Ni14,3.2699999999999996,5.0777777777777776e-05
Ni14,3.33,5.677777777777778e-05
Ni14,3.3899999999999997,6.433333333333333e-05
Ni14,3.45,6.9e-05
Ni14,3.51,7.644444444444444e-05
Ni14,3.57,8.233333333333333e-05
Ni14,3.63,9.311111111111111e-05
Ni14,3.6899999999999995,0.000104
Ni14,3.75,0.00011355555555555556
Ni14,3.8099999999999996,0.0001261111111111111
Ni14,3.87,0.00014111111111111111
Ni14,3.9299999999999997,0.00015188888888888888
Ni14,3.9899999999999998,0.0001678888888888889
Ni14,4.05,0.00018244444444444444
Ni14,4.109999999999999,0.0002001111111111111
Ni14,4.17,0.00022733333333333332
Ni14,4.23,0.000254
Ni14,4.29,0.00027255555555555556
Ni14,4.35,0.00029944444444444446
Ni14,4.41,0.0003245555555555556
Ni14,4.47,0.00036133333333333335
Ni14,4.529999999999999,0.00039444444444444444
Ni14,4.59,0.00043544444444444446
Ni14,4.65,0.00047411111111111113
Ni14,4.71,0.0005171111111111111
Ni14,4.77,0.0005818888888888888
Ni14,4.83,0.0006231111111111111
Ni14,4.89,0.0006981111111111112
Ni14,4.949999999999999,0.0007593333333333333
Ni14,5.01,0.0008361111111111111
Ni14,5.07,0.0009218888888888889
Ni14,5.13,0.0009927777777777778
Ni14,5.1899999999999995,0.001097888888888889
Ni14,5.25,0.0011887777777777777
Ni14,5.31,0.001313111111111111
Ni14,5.369999999999999,0.0014265555555555555
Ni14,5.43,0.0015644444444444445
Ni14,5.49,0.0016954444444444445
Ni14,5.55,0.0018418888888888888
Ni14,5.609999999999999,0.002008
Ni14,5.67,0.002171111111111111
Ni14,5.73,0.0023936666666666668
Ni14,5.789999999999999,0.002555
Ni14,5.85,0.002807111111111111
Ni14,5.91,0.0029866666666666665
Ni14,5.97,0.0032641111111111113
Ni14,6.029999999999999,0.003477111111111111
Ni14,6.09,0.0037803333333333335
Ni14,6.15,0.004042666666666667
Ni14,6.21,0.004356444444444444
Ni14,6.27,0.004651222222222222
Ni14,6.33,0.005034333333333333
Ni14,6.39,0.005349555555555555
Ni14,6.449999999999999,0.005771222222222222
Ni14,6.51,0.00609
Ni14,6.57,0.006543888888888889
Ni14,6.63,0.006926777777777777
Ni14,6.6899999999999995,0.007383
Ni14,6.75,0.00784
Ni14,6.81,0.008310333333333333
Ni14,6.869999999999999,0.008786333333333333
Ni14,6.93,0.009296666666666667
Ni14,6.99,0.009820666666666667
Ni14,7.05,0.010309333333333334
Ni14,7.109999999999999,0.010901777777777778
Ni14,7.17,0.011403555555555556
Ni14,7.2299999999999995,0.011950111111111111
Ni14,7.289999999999999,0.01251788888888889
Ni14,7.35,0.013082666666666666
Ni14,7.41,0.01358688888888889
Ni14,7.47,0.014179444444444444
Ni14,7.529999999999999,0.014654777777777777
Ni14,7.59,0.015248555555555555
Ni14,7.65,0.01574022222222222
Ni14,7.709999999999999,0.01620011111111111
Ni14,7.77,0.01672922222222222
Ni14,7.83,0.017124666666666667
Ni14,7.89,0.01759088888888889
Ni14,7.949999999999999,0.01796977777777778
Ni14,8.01,0.018377555555555557
Ni14,8.07,0.018677333333333334
Ni14,8.129999999999999,0.018930444444444444
Ni14,8.19,0.019272222222222222
Ni14,8.25,0.01946477777777778
Ni14,8.309999999999999,0.019573444444444445
Ni14,8.370000000000001,0.019743777777777777
Ni14,8.43,0.019829666666666666
Ni14,8.489999999999998,0.01984388888888889
Ni14,8.55,0.01977011111111111
Ni14,8.61,0.01975722222222222
Ni14,8.67,0.019601555555555556
Ni14,8.73,0.019403333333333335
Ni14,8.79,0.01919388888888889
Ni14,8.85,0.018877111111111112
Ni14,8.91,0.018565
Ni14,8.969999999999999,0.018209
Ni14,9.030000000000001,0.017748777777777777
Ni14,9.09,0.017276666666666666
Ni14,9.149999999999999,0.016816555555555557
Ni14,9.21,0.016228222222222224
Ni14,9.27,0.015667444444444446
Ni14,9.329999999999998,0.015094111111111112
Ni14,9.39,0.014500444444444444
Ni14,9.45,0.013888222222222222
Ni14,9.51,0.01322788888888889
Ni14,9.57,0.01254811111111111
Ni14,9.629999999999999,0.011924333333333334
Ni14,9.69,0.011279444444444444
Ni14,9.75,0.010600444444444444
Ni14,9.809999999999999,0.009975
Ni14,9.870000000000001,0.009322555555555556
Ni14,9.93,0.008699333333333333
Ni14,9.989999999999998,0.00809711111111111
Ni14,10.05,0.007493777777777778
Ni14,10.11,0.006942777777777778
Ni14,10.169999999999998,0.0063397777777777775
Ni14,10.23,0.005837555555555556
Ni14,10.29,0.005309555555555555
Ni14,10.35,0.004849444444444444
Ni14,10.41,0.004361555555555555
Ni14,10.469999999999999,0.003955555555555556
Ni14,10.53,0.0035345555555555555
Ni14,10.59,0.003206111111111111
Ni14,10.649999999999999,0.0028334444444444444
Ni14,10.71,0.002531222222222222
Ni14,10.77,0.002250111111111111
Ni14,10.829999999999998,0.0019961111111111113
Ni14,10.89,0.001747
Ni14,10.95,0.001545888888888889
Ni14,11.01,0.001351111111111111
Ni14,11.07,0.0011882222222222222
Ni14,11.129999999999999,0.0010163333333333333
Ni14,11.19,0.0008984444444444444
Ni14,11.25,0.0007735555555555555
Ni14,11.309999999999999,0.0006588888888888889
Ni14,11.370000000000001,0.0005573333333333333
Ni14,11.43,0.00046555555555555554
Ni14,11.489999999999998,0.00039622222222222223
Ni14,11.55,0.00033822222222222223
Ni14,11.61,0.00027233333333333336
Ni14,11.669999999999998,0.00023122222222222223
Ni14,11.73,0.00018944444444444445
Ni14,11.79,0.00015455555555555557
Ni14,11.85,0.0001268888888888889
Ni14,11.91,9.966666666666667e-05
Ni14,11.969999999999999,8.444444444444444e-05
Ni14,12.03,7.011111111111111e-05
Ni14,12.09,5.522222222222222e-05
Ni14,12.149999999999999,4.488888888888889e-05
Ni14,12.21,3.6e-05
Ni14,12.27,2.8888888888888888e-05
Ni14,12.329999999999998,2.3222222222222224e-05
Ni14,12.39,1.822222222222222e-05
Ni14,12.45,1.3777777777777778e-05
Ni14,12.51,1.1777777777777778e-05
Ni14,12.57,9e-06
Ni14,12.629999999999999,6.5555555555555556e-06
Ni14,12.69,5.444444444444445e-06
Ni14,12.75,3.888888888888889e-06
Ni14,12.809999999999999,3.3333333333333333e-06
Ni14,12.870000000000001,1.4444444444444445e-06
Ni14,12.93,1.111111111111111e-06
Ni14,12.989999999999998,7.777777777777778e-07
Ni14,13.05,7.777777777777778e-07
Ni14,13.11,2.2222222222222222e-07
Ni14,13.169999999999998,2.2222222222222222e-07
Ni14,13.23,2.2222222222222222e-07
Ni14,13.29,3.3333333333333335e-07
Ni14,13.35,2.2222222222222222e-07
Ni14,13.41,1.1111111111111111e-07
Ni14,13.469999999999999,2.2222222222222222e-07
Ni14,13.53,2.2222222222222222e-07
Ni14,13.59,2.2222222222222222e-07
Ni14,13.649999999999999,1.1111111111111111e-07
Ni14,13.71,1.1111111111111111e-07
Ni14,13.77,1.1111111111111111e-07
Sn14,0.03,6.133333333333334e-05
Sn14,0.09,1.6666666666666667e-06
Sn14,0.15,2e-06
Sn14,0.21,1.3333333333333334e-06
Sn14,0.27,2e-06
Sn14,0.32999999999999996,2e-06
Sn14,0.39,1.6666666666666667e-06
Sn14,0.44999999999999996,3.3333333333333333e-06
Sn14,0.51,2.333333333333333e-06
Sn14,0.5700000000000001,5.666666666666667e-06
Sn14,0.6299999999999999,3e-06
Sn14,0.69,2e-06
Sn14,0.75,3.6666666666666666e-06
Sn14,0.81,3e-06
Sn14,0.8699999999999999,3.6666666666666666e-06
Sn14,0.9299999999999999,6.666666666666667e-06
Sn14,0.99,8.333333333333334e-06
Sn14,1.05,5.666666666666667e-06
Sn14,1.1099999999999999,6e-06
Sn14,1.17,7.333333333333333e-06
Sn14,1.23,7.333333333333333e-06
Sn14,1.29,1.2e-05
Sn14,1.3499999999999999,7.666666666666667e-06
Sn14,1.41,9e-06
Sn14,1.47,7.333333333333333e-06
Sn14,1.53,1.2333333333333333e-05
Sn14,1.5899999999999999,1.4666666666666666e-05
Sn14,1.65,1.3e-05
Sn14,1.71,1.5e-05
Sn14,1.77,1.4333333333333334e-05
Sn14,1.8299999999999998,1.7666666666666668e-05
Sn14,1.89,1.7e-05
Sn14,1.95,2.0333333333333334e-05
Sn14,2.01,2.1e-05
Sn14,2.0700000000000003,2.5666666666666666e-05
Sn14,2.13,2.5333333333333334e-05
Sn14,2.19,3.2e-05
Sn14,2.25,2.9e-05
Sn14,2.3099999999999996,3.766666666666667e-05
Sn14,2.37,4.1e-05
Sn14,2.4299999999999997,4.066666666666667e-05
Sn14,2.49,4.5e-05
Sn14,2.55,4.8333333333333334e-05
Sn14,2.61,5.466666666666667e-05
Sn14,2.67,6.0333333333333334e-05
Sn14,2.7299999999999995,6.6e-05
Sn14,2.79,7.633333333333334e-05
Sn14,2.8499999999999996,8.7e-05
Sn14,2.91,9.133333333333334e-05
Sn14,2.9699999999999998,9.266666666666666e-05
Sn14,3.0300000000000002,0.00011233333333333333
Sn14,3.09,0.00011633333333333333
Sn14,3.15,0.000131
Sn14,3.21,0.00013933333333333332
Sn14,3.2699999999999996,0.00015033333333333335
Sn14,3.33,0.00016933333333333332
Sn14,3.3899999999999997,0.00017
Sn14,3.45,0.00018566666666666666
Sn14,3.51,0.00022866666666666668
Sn14,3.57,0.00023633333333333332
Sn14,3.63,0.00024566666666666666
Sn14,3.6899999999999995,0.0002863333333333333
Sn14,3.75,0.000295
Sn14,3.8099999999999996,0.00033866666666666664
Sn14,3.87,0.0003713333333333333
Sn14,3.9299999999999997,0.000414
Sn14,3.9899999999999998,0.00043766666666666666
Sn14,4.05,0.000479
Sn14,4.109999999999999,0.000514
Sn14,4.17,0.000566
Sn14,4.23,0.0006206666666666667
Sn14,4.29,0.000639
Sn14,4.35,0.0007263333333333333
Sn14,4.41,0.0007813333333333333
Sn14,4.47,0.0008676666666666667
Sn14,4.529999999999999,0.0009503333333333333
Sn14,4.59,0.0010286666666666667
Sn14,4.65,0.0011523333333333333
Sn14,4.71,0.0012363333333333334
Sn14,4.77,0.0013533333333333333
Sn14,4.83,0.0014703333333333333
Sn14,4.89,0.0015523333333333333
Sn14,4.949999999999999,0.001756
Sn14,5.01,0.001821
Sn14,5.07,0.002062333333333333
Sn14,5.13,0.0021603333333333335
Sn14,5.1899999999999995,0.0023886666666666665
Sn14,5.25,0.002564
Sn14,5.31,0.0027226666666666666
Sn14,5.369999999999999,0.002982
Sn14,5.43,0.003195
Sn14,5.49,0.0034303333333333334
Sn14,5.55,0.0036793333333333335
Sn14,5.609999999999999,0.003949333333333333
Sn14,5.67,0.004246
Sn14,5.73,0.004526
Sn14,5.789999999999999,0.0048323333333333334
Sn14,5.85,0.005143
Sn14,5.91,0.005479
Sn14,5.97,0.005834666666666667
Sn14,6.029999999999999,0.006171333333333333
Sn14,6.09,0.006678666666666667
Sn14,6.15,0.006968666666666666
Sn14,6.21,0.007594333333333333
Sn14,6.27,0.007828666666666666
Sn14,6.33,0.008485
Sn14,6.39,0.008819666666666667
Sn14,6.449999999999999,0.009275666666666666
Sn14,6.51,0.009753333333333333
Sn14,6.57,0.010317
Sn14,6.63,0.010795
Sn14,6.6899999999999995,0.011297333333333333
Sn14,6.75,0.011918333333333333
Sn14,6.81,0.012394333333333334
Sn14,6.869999999999999,0.012899
Sn14,6.93,0.013442666666666667
Sn14,6.99,0.013903666666666667
Sn14,7.05,0.014454333333333333
Sn14,7.109999999999999,0.014974
Sn14,7.17,0.015538
Sn14,7.2299999999999995,0.015905333333333334
Sn14,7.289999999999999,0.016345333333333333
Sn14,7.35,0.016865666666666668
Sn14,7.41,0.017113333333333335
Sn14,7.47,0.017663
Sn14,7.529999999999999,0.017809333333333333
Sn14,7.59,0.018240333333333334
Sn14,7.65,0.018521
Sn14,7.709999999999999,0.018746333333333334
Sn14,7.77,0.018974
Sn14,7.83,0.019178
Sn14,7.89,0.019284
Sn14,7.949999999999999,0.019393666666666667
Sn14,8.01,0.019367666666666665
Sn14,8.07,0.019396666666666666
Sn14,8.129999999999999,0.019273
Sn14,8.19,0.019304333333333333
Sn14,8.25,0.019016666666666668
Sn14,8.309999999999999,0.018954333333333333
Sn14,8.370000000000001,0.018434
Sn14,8.43,0.01828866666666667
Sn14,8.489999999999998,0.017867666666666667
Sn14,8.55,0.017453
Sn14,8.61,0.017099666666666666
Sn14,8.67,0.016648333333333334
Sn14,8.73,0.016122666666666667
Sn14,8.79,0.015608333333333333
Sn14,8.85,0.015008333333333334
Sn14,8.91,0.014370666666666667
Sn14,8.969999999999999,0.013861333333333333
Sn14,9.030000000000001,0.013148333333333333
Sn14,9.09,0.012585666666666667
Sn14,9.149999999999999,0.011935333333333333
Sn14,9.21,0.011346666666666666
Sn14,9.27,0.010789
Sn14,9.329999999999998,0.009995
Sn14,9.39,0.009505666666666667
Sn14,9.45,0.008913666666666667
Sn14,9.51,0.008235
Sn14,9.57,0.007739666666666666
Sn14,9.629999999999999,0.0071396666666666666
Sn14,9.69,0.006555666666666666
Sn14,9.75,0.006055666666666667
Sn14,9.809999999999999,0.005524333333333333
Sn14,9.870000000000001,0.005043333333333334
Sn14,9.93,0.004643666666666667
Sn14,9.989999999999998,0.004106
Sn14,10.05,0.003735333333333333
Sn14,10.11,0.00338
Sn14,10.169999999999998,0.0029936666666666666
Sn14,10.23,0.002683
Sn14,10.29,0.0024183333333333335
Sn14,10.35,0.002093
Sn14,10.41,0.0018733333333333334
Sn14,10.469999999999999,0.0016783333333333333
Sn14,10.53,0.001477
Sn14,10.59,0.001324
Sn14,10.649999999999999,0.0011693333333333334
Sn14,10.71,0.000985
Sn14,10.77,0.000881
Sn14,10.829999999999998,0.0007233333333333333
Sn14,10.89,0.0006196666666666667
Sn14,10.95,0.000553
Sn14,11.01,0.000464
Sn14,11.07,0.000385
Sn14,11.129999999999999,0.00031666666666666665
Sn14,11.19,0.00026333333333333336
Sn14,11.25,0.000221
Sn14,11.309999999999999,0.00016866666666666666
Sn14,11.370000000000001,0.00015366666666666667
Sn14,11.43,0.00012433333333333334
Sn14,11.489999999999998,0.0001
Sn14,11.55,8.466666666666666e-05
Sn14,11.61,6.833333333333333e-05
Sn14,11.669999999999998,5.466666666666667e-05
Sn14,11.73,4.3666666666666666e-05
Sn14,11.79,3.4666666666666665e-05
Sn14,11.85,2.8e-05
Sn14,11.91,2.4666666666666665e-05
Sn14,11.969999999999999,1.5666666666666667e-05
Sn14,12.03,1.4666666666666666e-05
Sn14,12.09,1.3e-05
Sn14,12.149999999999999,1e-05
Sn14,12.21,8.333333333333334e-06
Sn14,12.27,6.333333333333333e-06
Sn14,12.329999999999998,2.666666666666667e-06
Sn14,12.39,2.333333333333333e-06
Sn14,12.45,1.6666666666666667e-06
Sn14,12.51,1.6666666666666667e-06
Sn14,12.57,3.3333333333333335e-07
Sn14,12.629999999999999,0.0
Sn14,12.69,3.3333333333333335e-07
Sn14,12.75,3.3333333333333335e-07
Sn14,12.809999999999999,0.0
Sn14,12.870000000000001,0.0
Sn14,12.93,3.3333333333333335e-07
Sn14,12.989999999999998,3.3333333333333335e-07
Sn14,13.05,3.3333333333333335e-07
Sn14,13.11,3.3333333333333335e-07
Sn14,13.169999999999998,3.3333333333333335e-07
Sn14,13.23,0.0
Sn14,13.29,3.3333333333333335e-07
Ta14,0.03,0.0001835
Ta14,0.09,1.0875e-05
Ta14,0.15,1.025e-05
Ta14,0.21,7.25e-06
Ta14,0.27,6.25e-06
Ta14,0.32999999999999996,7.125e-06
Ta14,0.39,7.875e-06
Ta14,0.44999999999999996,1.0125e-05
Ta14,0.51,8.75e-06
Ta14,0.5700000000000001,1.0625e-05
Ta14,0.6299999999999999,1.0625e-05
Ta14,0.69,1.2875e-05
Ta14,0.75,1.35e-05
Ta14,0.81,1.35e-05
Ta14,0.8699999999999999,1.5e-05
Ta14,0.9299999999999999,1.725e-05
Ta14,0.99,1.8125e-05
Ta14,1.05,2.1375e-05
Ta14,1.1099999999999999,2.0125e-05
Ta14,1.17,2.3375e-05
Ta14,1.23,2.2e-05
Ta14,1.29,2.725e-05
Ta14,1.3499999999999999,2.95e-05
Ta14,1.41,3.0375e-05
Ta14,1.47,3.3125e-05
Ta14,1.53,3.7875e-05
Ta14,1.5899999999999999,4.2e-05
Ta14,1.65,4.5375e-05
Ta14,1.71,4.4375e-05
Ta14,1.77,5.0875e-05
Ta14,1.8299999999999998,5.7375e-05
Ta14,1.89,5.7375e-05
Ta14,1.95,6.3e-05
Ta14,2.01,7.4875e-05
Ta14,2.0700000000000003,7.175e-05
Ta14,2.13,7.9125e-05
Ta14,2.19,9.35e-05
Ta14,2.25,9.3125e-05
Ta14,2.3099999999999996,0.0001015
Ta14,2.37,0.000117375
Ta14,2.4299999999999997,0.000116625
Ta14,2.49,0.00013125
Ta14,2.55,0.000147875
Ta14,2.61,0.0001515
Ta14,2.67,0.00016625
Ta14,2.7299999999999995,0.000183125
Ta14,2.79,0.00019925
Ta14,2.8499999999999996,0.000212
Ta14,2.91,0.000229
Ta14,2.9699999999999998,0.000252875
Ta14,3.0300000000000002,0.000274375
Ta14,3.09,0.000297625
Ta14,3.15,0.000311625
Ta14,3.21,0.000342625
Ta14,3.2699999999999996,0.00037125
Ta14,3.33,0.000399875
Ta14,3.3899999999999997,0.000438375
Ta14,3.45,0.0004645
Ta14,3.51,0.000518625
Ta14,3.57,0.00055475
Ta14,3.63,0.000596875
Ta14,3.6899999999999995,0.00065875
Ta14,3.75,0.0007095
Ta14,3.8099999999999996,0.000772625
Ta14,3.87,0.000831875
Ta14,3.9299999999999997,0.00090525
Ta14,3.9899999999999998,0.0009715
Ta14,4.05,0.001047625
Ta14,4.109999999999999,0.0011465
Ta14,4.17,0.001211625
Ta14,4.23,0.00135475
Ta14,4.29,0.001429
Ta14,4.35,0.0015845
Ta14,4.41,0.001673
Ta14,4.47,0.001829
Ta14,4.529999999999999,0.001937
Ta14,4.59,0.002108625
Ta14,4.65,0.002246625
Ta14,4.71,0.002444625
Ta14,4.77,0.00259275
Ta14,4.83,0.00281925
Ta14,4.89,0.00297825
Ta14,4.949999999999999,0.003215375
Ta14,5.01,0.003409625
Ta14,5.07,0.003667875
Ta14,5.13,0.003896
Ta14,5.1899999999999995,0.00415925
Ta14,5.25,0.004422875
Ta14,5.31,0.004695625
Ta14,5.369999999999999,0.00504875
Ta14,5.43,0.005338375
Ta14,5.49,0.00569
Ta14,5.55,0.006000875
Ta14,5.609999999999999,0.006341125
Ta14,5.67,0.0067625
Ta14,5.73,0.00706925
Ta14,5.789999999999999,0.007529
Ta14,5.85,0.0079315
Ta14,5.91,0.008356375
Ta14,5.97,0.008773625
Ta14,6.029999999999999,0.009213
Ta14,6.09,0.00971825
Ta14,6.15,0.01013175
Ta14,6.21,0.01060925
Ta14,6.27,0.011086875
Ta14,6.33,0.011517125
Ta14,6.39,0.01205525
Ta14,6.449999999999999,0.012502
Ta14,6.51,0.01300975
Ta14,6.57,0.013485625
Ta14,6.63,0.01392525
Ta14,6.6899999999999995,0.014378125
Ta14,6.75,0.014815
Ta14,6.81,0.015261375
Ta14,6.869999999999999,0.015656375
Ta14,6.93,0.01602475
Ta14,6.99,0.01644675
Ta14,7.05,0.0167615
Ta14,7.109999999999999,0.017111875
Ta14,7.17,0.017436
Ta14,7.2299999999999995,0.01762975
Ta14,7.289999999999999,0.017901625
Ta14,7.35,0.01811
Ta14,7.41,0.01826025
Ta14,7.47,0.01841275
Ta14,7.529999999999999,0.018535375
Ta14,7.59,0.01853025
Ta14,7.65,0.018556875
Ta14,7.709999999999999,0.018608375
Ta14,7.77,0.018407
Ta14,7.83,0.018343
Ta14,7.89,0.018170625
Ta14,7.949999999999999,0.017922875
Ta14,8.01,0.017721
Ta14,8.07,0.017419875
Ta14,8.129999999999999,0.01712175
Ta14,8.19,0.0166775
Ta14,8.25,0.016322
Ta14,8.309999999999999,0.015922625
Ta14,8.370000000000001,0.015391375
Ta14,8.43,0.014897375
Ta14,8.489999999999998,0.014414875
Ta14,8.55,0.013891
Ta14,8.61,0.01332875
Ta14,8.67,0.012746625
Ta14,8.73,0.01218975
Ta14,8.79,0.011630625
Ta14,8.85,0.011016375
Ta14,8.91,0.010438125
Ta14,8.969999999999999,0.00989575
Ta14,9.030000000000001,0.009296875
Ta14,9.09,0.008746375
Ta14,9.149999999999999,0.008153125
Ta14,9.21,0.00763525
Ta14,9.27,0.007104375
Ta14,9.329999999999998,0.00655875
Ta14,9.39,0.006087875
Ta14,9.45,0.00559875
Ta14,9.51,0.005112375
Ta14,9.57,0.004696125
Ta14,9.629999999999999,0.004251625
Ta14,9.69,0.003871375
Ta14,9.75,0.0035015
Ta14,9.809999999999999,0.003142625
Ta14,9.870000000000001,0.002840125
Ta14,9.93,0.002527375
Ta14,9.989999999999998,0.002277375
Ta14,10.05,0.00201425
Ta14,10.11,0.001810625
Ta14,10.169999999999998,0.001592125
Ta14,10.23,0.001410625
Ta14,10.29,0.001253625
Ta14,10.35,0.0010935
Ta14,10.41,0.000954375
Ta14,10.469999999999999,0.000846125
Ta14,10.53,0.000725
Ta14,10.59,0.000618625
Ta14,10.649999999999999,0.00053075
Ta14,10.71,0.000449875
Ta14,10.77,0.0003805
Ta14,10.829999999999998,0.00031975
Ta14,10.89,0.000272375
Ta14,10.95,0.0002255
Ta14,11.01,0.000186875
Ta14,11.07,0.000152125
Ta14,11.129999999999999,0.000125875
Ta14,11.19,0.000105875
Ta14,11.25,8.8e-05
Ta14,11.309999999999999,7.1e-05
Ta14,11.370000000000001,5.775e-05
Ta14,11.43,4.775e-05
Ta14,11.489999999999998,3.7375e-05
Ta14,11.55,2.975e-05
Ta14,11.61,2.525e-05
Ta14,11.669999999999998,2.075e-05
Ta14,11.73,1.6125e-05
Ta14,11.79,1.3125e-05
Ta14,11.85,9.75e-06
Ta14,11.91,8.75e-06
Ta14,11.969999999999999,6.625e-06
Ta14,12.03,4.625e-06
Ta14,12.09,4e-06
Ta14,12.149999999999999,2.125e-06
Ta14,12.21,1.375e-06
Ta14,12.27,1e-06
Ta14,12.329999999999998,8.75e-07
Ta14,12.39,3.75e-07
Ta14,12.45,2.5e-07
Ta14,12.51,2.5e-07
Ta14,12.57,2.5e-07
Ta14,12.629999999999999,1.25e-07
Ta14,12.69,2.5e-07
Ta14,12.75,2.5e-07
Ta14,12.809999999999999,1.25e-07
Ta14,12.870000000000001,2.5e-07
Ta14,12.93,2.5e-07
Ta14,12.989999999999998,1.25e-07
Ta14,13.05,1.25e-07
Ta14,13.11,1.25e-07
Cu14,0.03,0.001322909090909091
Cu14,0.09,7.163636363636363e-05
Cu14,0.15,6.709090909090909e-05
Cu14,0.21,5.154545454545455e-05
Cu14,0.27,4.190909090909091e-05
Cu14,0.32999999999999996,4.3e-05
Cu14,0.39,4.636363636363636e-05
Cu14,0.44999999999999996,5.045454545454545e-05
Cu14,0.51,5.272727272727273e-05
Cu14,0.5700000000000001,6.227272727272727e-05
Cu14,0.6299999999999999,6.50909090909091e-05
Cu14,0.69,6.50909090909091e-05
Cu14,0.75,7.1e-05
Cu14,0.81,7.563636363636363e-05
Cu14,0.8699999999999999,8.5e-05
Cu14,0.9299999999999999,9.763636363636364e-05
Cu14,0.99,9.363636363636364e-05
Cu14,1.05,0.00010172727272727273
Cu14,1.1099999999999999,0.0001130909090909091
Cu14,1.17,0.00012545454545454546
Cu14,1.23,0.0001290909090909091
Cu14,1.29,0.00013263636363636364
Cu14,1.3499999999999999,0.0001520909090909091
Cu14,1.41,0.00016527272727272728
Cu14,1.47,0.00016427272727272729
Cu14,1.53,0.00017272727272727272
Cu14,1.5899999999999999,0.00019945454545454544
Cu14,1.65,0.00020581818181818182
Cu14,1.71,0.000211
Cu14,1.77,0.00023536363636363636
Cu14,1.8299999999999998,0.00025254545454545457
Cu14,1.89,0.00025945454545454546
Cu14,1.95,0.000288
Cu14,2.01,0.00031154545454545454
Cu14,2.0700000000000003,0.00032063636363636365
Cu14,2.13,0.0003551818181818182
Cu14,2.19,0.00037945454545454545
Cu14,2.25,0.0003961818181818182
Cu14,2.3099999999999996,0.00043981818181818184
Cu14,2.37,0.00045890909090909093
Cu14,2.4299999999999997,0.0004957272727272727
Cu14,2.49,0.0005462727272727273
Cu14,2.55,0.0005569090909090909
Cu14,2.61,0.0006134545454545455
Cu14,2.67,0.0006522727272727272
Cu14,2.7299999999999995,0.0006988181818181819
Cu14,2.79,0.0007614545454545454
Cu14,2.8499999999999996,0.0007991818181818181
Cu14,2.91,0.0008567272727272727
Cu14,2.9699999999999998,0.0009138181818181818
Cu14,3.0300000000000002,0.0009972727272727273
Cu14,3.09,0.001049
Cu14,3.15,0.0011334545454545453
Cu14,3.21,0.0012037272727272728
Cu14,3.2699999999999996,0.001302090909090909
Cu14,3.33,0.0013761818181818183
Cu14,3.3899999999999997,0.0014815454545454546
Cu14,3.45,0.0015760909090909091
Cu14,3.51,0.001695
Cu14,3.57,0.0017962727272727273
Cu14,3.63,0.001935090909090909
Cu14,3.6899999999999995,0.0020423636363636364
Cu14,3.75,0.0021972727272727274
Cu14,3.8099999999999996,0.002319090909090909
Cu14,3.87,0.002484
Cu14,3.9299999999999997,0.0026242727272727273
Cu14,3.9899999999999998,0.0028004545454545456
Cu14,4.05,0.0029756363636363635
Cu14,4.109999999999999,0.0031555454545454547
Cu14,4.17,0.003357090909090909
Cu14,4.23,0.0035543636363636363
Cu14,4.29,0.003764909090909091
Cu14,4.35,0.003999636363636364
Cu14,4.41,0.004217818181818182
Cu14,4.47,0.004478909090909091
Cu14,4.529999999999999,0.004734363636363636
Cu14,4.59,0.005006
Cu14,4.65,0.005267181818181818
Cu14,4.71,0.0055889090909090906
Cu14,4.77,0.005856090909090909
Cu14,4.83,0.006170090909090909
Cu14,4.89,0.006497727272727273
Cu14,4.949999999999999,0.006812
Cu14,5.01,0.007195090909090909
Cu14,5.07,0.007530909090909091
Cu14,5.13,0.007903181818181818
Cu14,5.1899999999999995,0.008259
Cu14,5.25,0.008656363636363636
Cu14,5.31,0.009055181818181818
Cu14,5.369999999999999,0.009446
Cu14,5.43,0.009827454545454545
Cu14,5.49,0.010267727272727272
Cu14,5.55,0.010602818181818182
Cu14,5.609999999999999,0.011084272727272727
Cu14,5.67,0.011507818181818182
Cu14,5.73,0.01185209090909091
Cu14,5.789999999999999,0.01231190909090909
Cu14,5.85,0.012738727272727273
Cu14,5.91,0.013073909090909091
Cu14,5.97,0.013482636363636363
Cu14,6.029999999999999,0.013897
Cu14,6.09,0.014244636363636364
Cu14,6.15,0.014602454545454545
Cu14,6.21,0.014942909090909092
Cu14,6.27,0.015282454545454545
Cu14,6.33,0.015574090909090909
Cu14,6.39,0.015884636363636365
Cu14,6.449999999999999,0.016194636363636362
Cu14,6.51,0.016381090909090908
Cu14,6.57,0.016596454545454546
Cu14,6.63,0.016808727272727274
Cu14,6.6899999999999995,0.016974545454545454
Cu14,6.75,0.017115727272727272
Cu14,6.81,0.017207454545454547
Cu14,6.869999999999999,0.017294272727272728
Cu14,6.93,0.017348727272727273
Cu14,6.99,0.017348454545454545
Cu14,7.05,0.01729172727272727
Cu14,7.109999999999999,0.017230454545454545
Cu14,7.17,0.017127454545454546
Cu14,7.2299999999999995,0.016992727272727274
Cu14,7.289999999999999,0.016828636363636365
Cu14,7.35,0.016602909090909092
Cu14,7.41,0.01635281818181818
Cu14,7.47,0.01607427272727273
Cu14,7.529999999999999,0.015780272727272726
Cu14,7.59,0.015421363636363636
Cu14,7.65,0.015048818181818182
Cu14,7.709999999999999,0.014638363636363637
Cu14,7.77,0.014224727272727273
Cu14,7.83,0.013798454545454546
Cu14,7.89,0.013335909090909091
Cu14,7.949999999999999,0.012859272727272728
Cu14,8.01,0.012379454545454546
Cu14,8.07,0.011872818181818182
Cu14,8.129999999999999,0.011351181818181818
Cu14,8.19,0.010826181818181818
Cu14,8.25,0.010333545454545455
Cu14,8.309999999999999,0.009814909090909091
Cu14,8.370000000000001,0.009301818181818182
Cu14,8.43,0.008789
Cu14,8.489999999999998,0.008270181818181819
Cu14,8.55,0.007773090909090909
Cu14,8.61,0.007272636363636364
Cu14,8.67,0.006807363636363637
Cu14,8.73,0.0063335454545454545
Cu14,8.79,0.005873909090909091
Cu14,8.85,0.005446545454545455
Cu14,8.91,0.005018727272727273
Cu14,8.969999999999999,0.004608454545454546
Cu14,9.030000000000001,0.004227363636363637
Cu14,9.09,0.0038523636363636364
Cu14,9.149999999999999,0.0035021818181818183
Cu14,9.21,0.0031802727272727273
Cu14,9.27,0.002866
Cu14,9.329999999999998,0.0025965454545454547
Cu14,9.39,0.0023382727272727275
Cu14,9.45,0.0021014545454545452
Cu14,9.51,0.0018827272727272727
Cu14,9.57,0.0016845454545454546
Cu14,9.629999999999999,0.0014930909090909092
Cu14,9.69,0.0013274545454545455
Cu14,9.75,0.0011745454545454546
Cu14,9.809999999999999,0.0010372727272727272
Cu14,9.870000000000001,0.0009159090909090909
Cu14,9.93,0.0008092727272727273
Cu14,9.989999999999998,0.0007030909090909091
Cu14,10.05,0.000601
Cu14,10.11,0.00052
Cu14,10.169999999999998,0.0004417272727272727
Cu14,10.23,0.0003761818181818182
Cu14,10.29,0.00032436363636363636
Cu14,10.35,0.000272
Cu14,10.41,0.0002308181818181818
Cu14,10.469999999999999,0.00019409090909090908
Cu14,10.53,0.000159
Cu14,10.59,0.0001320909090909091
Cu14,10.649999999999999,0.00010881818181818182
Cu14,10.71,9.272727272727273e-05
Cu14,10.77,7.672727272727273e-05
Cu14,10.829999999999998,6.209090909090909e-05
Cu14,10.89,5.090909090909091e-05
Cu14,10.95,4.318181818181818e-05
Cu14,11.01,3.409090909090909e-05
Cu14,11.07,2.8545454545454544e-05
Cu14,11.129999999999999,2.3363636363636363e-05
Cu14,11.19,1.7727272727272726e-05
Cu14,11.25,1.4545454545454545e-05
Cu14,11.309999999999999,1.2090909090909091e-05
Cu14,11.370000000000001,9.545454545454545e-06
Cu14,11.43,7.727272727272727e-06
Cu14,11.489999999999998,5.727272727272727e-06
Cu14,11.55,4.5454545454545455e-06
Cu14,11.61,3.818181818181818e-06
Cu14,11.669999999999998,2.5454545454545456e-06
Cu14,11.73,1.090909090909091e-06
Cu14,11.79,9.09090909090909e-07
Cu14,11.85,8.181818181818182e-07
Cu14,11.91,6.363636363636364e-07
Cu14,11.969999999999999,3.6363636363636366e-07
Cu14,12.03,1.8181818181818183e-07
Cu14,12.09,1.8181818181818183e-07
Cu14,12.149999999999999,1.8181818181818183e-07
Cu14,12.21,2.7272727272727274e-07
Cu14,12.27,1.8181818181818183e-07
Cu14,12.329999999999998,1.8181818181818183e-07
Cu14,12.39,2.7272727272727274e-07
Cu14,12.45,1.8181818181818183e-07
Cu14,12.51,9.090909090909091e-08
Cu14,12.57,1.8181818181818183e-07
Cu14,12.629999999999999,9.090909090909091e-08
Cu14,12.69,9.090909090909091e-08
