name,energy,flux
Ni08,27.39,3.3333333333333335e-07
Ni08,27.45,0.0
Ni08,27.509999999999998,3.3333333333333335e-07
Ni08,27.57,0.0
Ni08,27.63,6.666666666666667e-07
Ni08,27.689999999999998,1e-06
Ni08,27.75,3.6666666666666666e-06
Ni08,27.81,4.333333333333333e-06
Ni08,27.869999999999997,7.666666666666667e-06
Ni08,27.93,1.2666666666666667e-05
Ni08,27.99,1.3666666666666667e-05
Ni08,28.049999999999997,3.1333333333333334e-05
Ni08,28.11,5.2333333333333336e-05
Ni08,28.17,7.566666666666667e-05
Ni08,28.229999999999997,0.00012933333333333332
Ni08,28.29,0.00018633333333333333
Ni08,28.35,0.00029
Ni08,28.409999999999997,0.000435
Ni08,28.47,0.0006366666666666667
Ni08,28.53,0.0009346666666666667
Ni08,28.589999999999996,0.0013113333333333334
Ni08,28.65,0.0018526666666666667
Ni08,28.71,0.002575
Ni08,28.769999999999996,0.0034316666666666666
Ni08,28.83,0.004684333333333334
Ni08,28.89,0.006153333333333334
Ni08,28.95,0.007874
Ni08,29.009999999999998,0.01006
Ni08,29.07,0.012601333333333334
Ni08,29.13,0.015429666666666666
Ni08,29.189999999999998,0.018776
Ni08,29.25,0.02228166666666667
Ni08,29.31,0.025973666666666666
Ni08,29.369999999999997,0.029990333333333334
Ni08,29.43,0.033770666666666664
Ni08,29.49,0.037836666666666664
Ni08,29.549999999999997,0.041096
Ni08,29.61,0.044603333333333335
Ni08,29.67,0.04711133333333333
Ni08,29.729999999999997,0.049103666666666664
Ni08,29.79,0.050656
Ni08,29.85,0.051032
Ni08,29.909999999999997,0.05097
Ni08,29.97,0.049627
Ni08,30.03,0.04786566666666667
Ni08,30.089999999999996,0.04512
Ni08,30.15,0.04212066666666667
Ni08,30.21,0.038484
Ni08,30.269999999999996,0.03467933333333333
Ni08,30.33,0.030508
Ni08,30.39,0.026917666666666666
Ni08,30.45,0.02268
Ni08,30.509999999999998,0.019233666666666666
Ni08,30.57,0.015932666666666668
Ni08,30.63,0.012910333333333333
Ni08,30.689999999999998,0.010379
Ni08,30.75,0.008166666666666666
Ni08,30.81,0.006273
Ni08,30.869999999999997,0.004851
Ni08,30.93,0.0035243333333333333
Ni08,30.99,0.002696333333333333
Ni08,31.049999999999997,0.0018866666666666667
Ni08,31.11,0.0013463333333333333
Ni08,31.17,0.0009303333333333334
Ni08,31.229999999999997,0.0006543333333333334
Ni08,31.29,0.000445
Ni08,31.35,0.000292
Ni08,31.409999999999997,0.00017366666666666667
Ni08,31.47,0.00011833333333333333
Ni08,31.53,7.366666666666666e-05
Ni08,31.589999999999996,5.2e-05
Ni08,31.65,2.5333333333333334e-05
Ni08,31.71,1.5333333333333334e-05
Ni08,31.769999999999996,1.3e-05
Ni08,31.83,7e-06
Ni08,31.89,3.6666666666666666e-06
Ni08,31.95,2e-06
Ni08,32.01,3.3333333333333335e-07
Ni08,32.07,6.666666666666667e-07
Ni08,32.129999999999995,0.0
Ni08,32.19,3.3333333333333335e-07
Ni08,32.25,0.0
Ni08,32.31,3.3333333333333335e-07
Sn08,27.27,3.3333333333333335e-07
Sn08,27.33,3.3333333333333335e-07
Sn08,27.39,3.3333333333333335e-07
Sn08,27.45,0.0
Sn08,27.509999999999998,3.3333333333333335e-07
Sn08,27.57,1e-06
Sn08,27.63,2.666666666666667e-06
Sn08,27.689999999999998,8.333333333333334e-06
Sn08,27.75,1.1e-05
Sn08,27.81,1.6e-05
Sn08,27.869999999999997,1.9e-05
Sn08,27.93,3.0333333333333333e-05
Sn08,27.99,5.333333333333333e-05
Sn08,28.049999999999997,0.00010133333333333333
Sn08,28.11,0.000161
Sn08,28.17,0.00024133333333333334
Sn08,28.229999999999997,0.000371
Sn08,28.29,0.0005283333333333333
Sn08,28.35,0.000782
Sn08,28.409999999999997,0.0011383333333333334
Sn08,28.47,0.0016563333333333332
Sn08,28.53,0.0023543333333333333
Sn08,28.589999999999996,0.003168
Sn08,28.65,0.0043163333333333335
Sn08,28.71,0.005681
Sn08,28.769999999999996,0.007515666666666667
Sn08,28.83,0.00981
Sn08,28.89,0.012334333333333333
Sn08,28.95,0.015192666666666667
Sn08,29.009999999999998,0.018558
Sn08,29.07,0.022167
Sn08,29.13,0.026213333333333335
Sn08,29.189999999999998,0.030507333333333334
Sn08,29.25,0.034714
Sn08,29.31,0.038531333333333334
Sn08,29.369999999999997,0.04208233333333333
Sn08,29.43,0.045618
Sn08,29.49,0.04853433333333333
Sn08,29.549999999999997,0.05064933333333333
Sn08,29.61,0.052326333333333336
Sn08,29.67,0.05246933333333333
Sn08,29.729999999999997,0.051922
Sn08,29.79,0.050768
Sn08,29.85,0.048691333333333336
Sn08,29.909999999999997,0.045763
Sn08,29.97,0.04217933333333333
Sn08,30.03,0.03848733333333333
Sn08,30.089999999999996,0.034354
Sn08,30.15,0.030058666666666668
Sn08,30.21,0.025982333333333333
Sn08,30.269999999999996,0.021922333333333332
Sn08,30.33,0.018171
Sn08,30.39,0.01503
Sn08,30.45,0.011992666666666667
Sn08,30.509999999999998,0.009498
Sn08,30.57,0.007296666666666667
Sn08,30.63,0.005613333333333333
Sn08,30.689999999999998,0.004228
Sn08,30.75,0.003082333333333333
Sn08,30.81,0.002237
Sn08,30.869999999999997,0.0015736666666666666
Sn08,30.93,0.0011153333333333334
Sn08,30.99,0.0007693333333333333
Sn08,31.049999999999997,0.0005116666666666667
Sn08,31.11,0.000317
Sn08,31.17,0.00020733333333333332
Sn08,31.229999999999997,0.00014133333333333334
Sn08,31.29,9e-05
Sn08,31.35,4.7333333333333336e-05
Sn08,31.409999999999997,2.966666666666667e-05
Sn08,31.47,2.3333333333333332e-05
Sn08,31.53,1.4333333333333334e-05
Sn08,31.589999999999996,1e-05
Sn08,31.65,4e-06
Sn08,31.71,1e-06
Sn08,31.769999999999996,6.666666666666667e-07
Sn08,31.83,0.0
Sn08,31.89,0.0
Sn08,31.95,3.3333333333333335e-07
Sn08,32.01,3.3333333333333335e-07
Sn08,32.07,3.3333333333333335e-07
Ta08,27.03,3.3333333333333335e-07
Ta08,27.089999999999996,0.0
Ta08,27.15,3.3333333333333335e-07
Ta08,27.21,0.0
Ta08,27.27,6.666666666666667e-07
Ta08,27.33,1e-06
Ta08,27.39,2.666666666666667e-06
Ta08,27.45,4.666666666666666e-06
Ta08,27.509999999999998,6.666666666666667e-06
Ta08,27.57,1.2e-05
Ta08,27.63,1.4333333333333334e-05
Ta08,27.689999999999998,2.6666666666666667e-05
Ta08,27.75,4.133333333333333e-05
Ta08,27.81,7.066666666666667e-05
Ta08,27.869999999999997,0.00011233333333333333
Ta08,27.93,0.000172
Ta08,27.99,0.0002686666666666667
Ta08,28.049999999999997,0.00039733333333333336
Ta08,28.11,0.0005693333333333334
Ta08,28.17,0.0008496666666666666
Ta08,28.229999999999997,0.001228
Ta08,28.29,0.001715
Ta08,28.35,0.002374666666666667
Ta08,28.409999999999997,0.003236
Ta08,28.47,0.004318
Ta08,28.53,0.005801
Ta08,28.589999999999996,0.007467666666666667
Ta08,28.65,0.009585666666666666
Ta08,28.71,0.012013333333333334
Ta08,28.769999999999996,0.014800333333333334
Ta08,28.83,0.017987333333333334
Ta08,28.89,0.021519
Ta08,28.95,0.025206333333333334
Ta08,29.009999999999998,0.029252333333333335
Ta08,29.07,0.03299166666666667
Ta08,29.13,0.037007
Ta08,29.189999999999998,0.040613
Ta08,29.25,0.043923666666666666
Ta08,29.31,0.046853
Ta08,29.369999999999997,0.048886
Ta08,29.43,0.050624666666666665
Ta08,29.49,0.051105333333333336
Ta08,29.549999999999997,0.05122666666666666
Ta08,29.61,0.04997533333333333
Ta08,29.67,0.04843533333333333
Ta08,29.729999999999997,0.04562533333333333
Ta08,29.79,0.042964666666666665
Ta08,29.85,0.03908
Ta08,29.909999999999997,0.03563533333333333
Ta08,29.97,0.031243666666666666
Ta08,30.03,0.027562
Ta08,30.089999999999996,0.023443666666666668
Ta08,30.15,0.019941333333333332
Ta08,30.21,0.016409
Ta08,30.269999999999996,0.01348
Ta08,30.33,0.010715666666666667
Ta08,30.39,0.008615666666666667
Ta08,30.45,0.0064923333333333335
Ta08,30.509999999999998,0.005112333333333333
Ta08,30.57,0.003702
Ta08,30.63,0.0028246666666666667
Ta08,30.689999999999998,0.002008666666666667
Ta08,30.75,0.001442
Ta08,30.81,0.0009956666666666666
Ta08,30.869999999999997,0.0006986666666666667
Ta08,30.93,0.000465
Ta08,30.99,0.00031466666666666665
Ta08,31.049999999999997,0.00019166666666666667
Ta08,31.11,0.00012633333333333333
Ta08,31.17,8.133333333333334e-05
Ta08,31.229999999999997,5.4e-05
Ta08,31.29,3.0333333333333333e-05
Ta08,31.35,1.7666666666666668e-05
Ta08,31.409999999999997,1.3333333333333333e-05
Ta08,31.47,8.333333333333334e-06
Ta08,31.53,3.6666666666666666e-06
Ta08,31.589999999999996,2.333333333333333e-06
Ta08,31.65,3.3333333333333335e-07
Ta08,31.71,6.666666666666667e-07
Ta08,31.769999999999996,0.0
Ta08,31.83,3.3333333333333335e-07
Ta08,31.89,0.0
Ta08,31.95,3.3333333333333335e-07
Cu08,26.729999999999997,3.3333333333333335e-07
Cu08,26.79,0.0
Cu08,26.85,0.0
Cu08,26.909999999999997,3.3333333333333335e-07
Cu08,26.97,3.3333333333333335e-07
Cu08,27.03,1e-06
Cu08,27.089999999999996,1e-06
Cu08,27.15,6e-06
Cu08,27.21,3.6666666666666666e-06
Cu08,27.27,1.0333333333333333e-05
Cu08,27.33,1.1333333333333334e-05
Cu08,27.39,2.2e-05
Cu08,27.45,3.733333333333333e-05
Cu08,27.509999999999998,5.633333333333333e-05
Cu08,27.57,9e-05
Cu08,27.63,0.000151
Cu08,27.689999999999998,0.000212
Cu08,27.75,0.00032866666666666667
Cu08,27.81,0.0004693333333333333
Cu08,27.869999999999997,0.0007046666666666667
Cu08,27.93,0.001021
Cu08,27.99,0.0014413333333333333
Cu08,28.049999999999997,0.002000333333333333
Cu08,28.11,0.002726
Cu08,28.17,0.0036583333333333333
Cu08,28.229999999999997,0.004945666666666667
Cu08,28.29,0.006431333333333333
Cu08,28.35,0.008217333333333333
Cu08,28.409999999999997,0.010411
Cu08,28.47,0.012979
Cu08,28.53,0.015805333333333334
Cu08,28.589999999999996,0.019166333333333334
Cu08,28.65,0.022608666666666666
Cu08,28.71,0.026388333333333333
Cu08,28.769999999999996,0.030205666666666665
Cu08,28.83,0.033921
Cu08,28.89,0.03790533333333333
Cu08,28.95,0.041027
Cu08,29.009999999999998,0.04455233333333333
Cu08,29.07,0.046801666666666665
Cu08,29.13,0.04886733333333333
Cu08,29.189999999999998,0.050239
Cu08,29.25,0.050658666666666664
Cu08,29.31,0.050446333333333336
Cu08,29.369999999999997,0.04910333333333333
Cu08,29.43,0.04739
Cu08,29.49,0.044529
Cu08,29.549999999999997,0.041800333333333335
Cu08,29.61,0.03796466666666667
Cu08,29.67,0.03451
Cu08,29.729999999999997,0.030176
Cu08,29.79,0.026694666666666665
Cu08,29.85,0.022597333333333334
Cu08,29.909999999999997,0.019218666666666665
Cu08,29.97,0.015899333333333335
Cu08,30.03,0.012960666666666667
Cu08,30.089999999999996,0.010397
Cu08,30.15,0.008304333333333334
Cu08,30.21,0.006299666666666667
Cu08,30.269999999999996,0.004959666666666667
Cu08,30.33,0.003597
Cu08,30.39,0.0027443333333333334
Cu08,30.45,0.0019416666666666666
Cu08,30.509999999999998,0.001411
Cu08,30.57,0.0009883333333333333
Cu08,30.63,0.0006793333333333333
Cu08,30.689999999999998,0.0004626666666666667
Cu08,30.75,0.0003116666666666667
Cu08,30.81,0.00018666666666666666
Cu08,30.869999999999997,0.00012933333333333332
Cu08,30.93,7.966666666666666e-05
Cu08,30.99,5.2333333333333336e-05
Cu08,31.049999999999997,3.3333333333333335e-05
Cu08,31.11,1.8333333333333333e-05
Cu08,31.17,1.2666666666666667e-05
Cu08,31.229999999999997,8.666666666666666e-06
Cu08,31.29,4.333333333333333e-06
Cu08,31.35,2e-06
Cu08,31.409999999999997,6.666666666666667e-07
Cu08,31.47,6.666666666666667e-07
Cu08,31.53,0.0
Cu08,31.589999999999996,3.3333333333333335e-07
Cu08,31.65,0.0
Cu08,31.71,3.3333333333333335e-07
Al_degrader_E2_E1,24.509999999999998,1.4285714285714285e-07
Al_degrader_E2_E1,24.57,0.0
Al_degrader_E2_E1,24.63,0.0
Al_degrader_E2_E1,24.689999999999998,0.0
Al_degrader_E2_E1,24.75,0.0
Al_degrader_E2_E1,24.81,2.857142857142857e-07
Al_degrader_E2_E1,24.869999999999997,2.857142857142857e-07
Al_degrader_E2_E1,24.93,1.4285714285714286e-06
Al_degrader_E2_E1,24.990000000000002,1.5714285714285714e-06
Al_degrader_E2_E1,25.049999999999997,2.4285714285714284e-06
Al_degrader_E2_E1,25.11,2.2857142857142856e-06
Al_degrader_E2_E1,25.17,3.857142857142857e-06
Al_degrader_E2_E1,25.229999999999997,6e-06
Al_degrader_E2_E1,25.29,1.2857142857142857e-05
Al_degrader_E2_E1,25.35,1.9571428571428572e-05
Al_degrader_E2_E1,25.409999999999997,2.842857142857143e-05
Al_degrader_E2_E1,25.47,4.3714285714285715e-05
Al_degrader_E2_E1,25.53,5.8285714285714284e-05
Al_degrader_E2_E1,25.589999999999996,8.614285714285714e-05
Al_degrader_E2_E1,25.65,0.00012528571428571428
Al_degrader_E2_E1,25.71,0.00018528571428571427
Al_degrader_E2_E1,25.77,0.000253
Al_degrader_E2_E1,25.83,0.00036171428571428574
Al_degrader_E2_E1,25.89,0.00047642857142857144
Al_degrader_E2_E1,25.95,0.000629
Al_degrader_E2_E1,26.009999999999998,0.0008477142857142857
Al_degrader_E2_E1,26.07,0.0011015714285714285
Al_degrader_E2_E1,26.13,0.0014624285714285713
Al_degrader_E2_E1,26.189999999999998,0.0018674285714285715
Al_degrader_E2_E1,26.25,0.002301714285714286
Al_degrader_E2_E1,26.31,0.002864142857142857
Al_degrader_E2_E1,26.369999999999997,0.0035132857142857144
Al_degrader_E2_E1,26.43,0.004214285714285715
Al_degrader_E2_E1,26.49,0.00511
Al_degrader_E2_E1,26.549999999999997,0.006051142857142857
Al_degrader_E2_E1,26.61,0.007008142857142857
Al_degrader_E2_E1,26.67,0.008063428571428572
Al_degrader_E2_E1,26.729999999999997,0.009141571428571428
Al_degrader_E2_E1,26.79,0.010322142857142858
Al_degrader_E2_E1,26.85,0.011562142857142858
Al_degrader_E2_E1,26.909999999999997,0.012873857142857143
Al_degrader_E2_E1,26.97,0.014085
Al_degrader_E2_E1,27.03,0.015195142857142857
Al_degrader_E2_E1,27.089999999999996,0.016297142857142857
Al_degrader_E2_E1,27.15,0.017354428571428573
Al_degrader_E2_E1,27.21,0.018449714285714285
Al_degrader_E2_E1,27.27,0.019473857142857143
Al_degrader_E2_E1,27.33,0.02028742857142857
Al_degrader_E2_E1,27.39,0.02102757142857143
Al_degrader_E2_E1,27.45,0.021621714285714286
Al_degrader_E2_E1,27.509999999999998,0.02220185714285714
Al_degrader_E2_E1,27.57,0.022703571428571427
Al_degrader_E2_E1,27.63,0.023335285714285715
Al_degrader_E2_E1,27.689999999999998,0.023553857142857144
Al_degrader_E2_E1,27.75,0.023777285714285713
Al_degrader_E2_E1,27.81,0.02403457142857143
Al_degrader_E2_E1,27.869999999999997,0.024251
Al_degrader_E2_E1,27.93,0.024414428571428573
Al_degrader_E2_E1,27.99,0.024643428571428573
Al_degrader_E2_E1,28.049999999999997,0.024598142857142857
Al_degrader_E2_E1,28.11,0.024594714285714286
Al_degrader_E2_E1,28.17,0.024666285714285714
Al_degrader_E2_E1,28.229999999999997,0.024695428571428573
Al_degrader_E2_E1,28.29,0.024722857142857144
Al_degrader_E2_E1,28.35,0.024604714285714285
Al_degrader_E2_E1,28.409999999999997,0.024480142857142857
Al_degrader_E2_E1,28.47,0.024241142857142857
Al_degrader_E2_E1,28.53,0.023946285714285715
Al_degrader_E2_E1,28.589999999999996,0.023652142857142858
Al_degrader_E2_E1,28.65,0.023364714285714287
Al_degrader_E2_E1,28.71,0.02278
Al_degrader_E2_E1,28.769999999999996,0.022173571428571428
Al_degrader_E2_E1,28.83,0.021399428571428573
Al_degrader_E2_E1,28.89,0.020605285714285715
Al_degrader_E2_E1,28.95,0.01957257142857143
Al_degrader_E2_E1,29.009999999999998,0.018665142857142856
Al_degrader_E2_E1,29.07,0.01742542857142857
Al_degrader_E2_E1,29.13,0.016189714285714286
Al_degrader_E2_E1,29.189999999999998,0.014973714285714286
Al_degrader_E2_E1,29.25,0.013587714285714286
Al_degrader_E2_E1,29.31,0.012317857142857143
Al_degrader_E2_E1,29.369999999999997,0.010860142857142856
Al_degrader_E2_E1,29.43,0.009591
Al_degrader_E2_E1,29.49,0.008344
Al_degrader_E2_E1,29.549999999999997,0.007160857142857143
Al_degrader_E2_E1,29.61,0.005999285714285714
Al_degrader_E2_E1,29.67,0.005088571428571428
Al_degrader_E2_E1,29.729999999999997,0.004071428571428571
Al_degrader_E2_E1,29.79,0.0033764285714285715
Al_degrader_E2_E1,29.85,0.0026867142857142858
Al_degrader_E2_E1,29.909999999999997,0.0021124285714285715
Al_degrader_E2_E1,29.97,0.0016334285714285715
Al_degrader_E2_E1,30.03,0.0012357142857142857
Al_degrader_E2_E1,30.089999999999996,0.0009355714285714286
Al_degrader_E2_E1,30.15,0.000708
Al_degrader_E2_E1,30.21,0.0004935714285714286
Al_degrader_E2_E1,30.269999999999996,0.0003642857142857143
Al_degrader_E2_E1,30.33,0.00024771428571428573
Al_degrader_E2_E1,30.39,0.0001802857142857143
Al_degrader_E2_E1,30.45,0.00012214285714285715
Al_degrader_E2_E1,30.509999999999998,7.971428571428572e-05
Al_degrader_E2_E1,30.57,5.0857142857142854e-05
Al_degrader_E2_E1,30.63,3.3714285714285716e-05
Al_degrader_E2_E1,30.689999999999998,2.1714285714285715e-05
Al_degrader_E2_E1,30.75,1.5e-05
Al_degrader_E2_E1,30.81,7e-06
Al_degrader_E2_E1,30.869999999999997,4.428571428571428e-06
Al_degrader_E2_E1,30.93,4e-06
Al_degrader_E2_E1,30.99,1.857142857142857e-06
Al_degrader_E2_E1,31.049999999999997,1.7142857142857143e-06
Al_degrader_E2_E1,31.11,5.714285714285714e-07
Al_degrader_E2_E1,31.17,2.857142857142857e-07
Al_degrader_E2_E1,31.229999999999997,1.4285714285714285e-07
Al_degrader_E2_E1,31.29,0.0
Al_degrader_E2_E1,31.35,0.0
Al_degrader_E2_E1,31.409999999999997,0.0
Al_degrader_E2_E1,31.47,1.4285714285714285e-07
Ni09,24.21,3.3333333333333335e-07
Ni09,24.27,0.0
Ni09,24.33,0.0
Ni09,24.39,3.3333333333333335e-07
Ni09,24.45,3.3333333333333335e-07
Ni09,24.509999999999998,1e-06
Ni09,24.57,1.3333333333333334e-06
Ni09,24.63,5.333333333333334e-06
Ni09,24.689999999999998,3.6666666666666666e-06
Ni09,24.75,8.333333333333334e-06
Ni09,24.81,1.1e-05
Ni09,24.869999999999997,1.4333333333333334e-05
Ni09,24.93,2.8e-05
Ni09,24.990000000000002,4.566666666666667e-05
Ni09,25.049999999999997,6.133333333333334e-05
Ni09,25.11,0.000105
Ni09,25.17,0.000153
Ni09,25.229999999999997,0.00021633333333333332
Ni09,25.29,0.00032533333333333334
Ni09,25.35,0.00045633333333333333
Ni09,25.409999999999997,0.00065
Ni09,25.47,0.0009356666666666667
Ni09,25.53,0.001263
Ni09,25.589999999999996,0.0017323333333333333
Ni09,25.65,0.0023406666666666667
Ni09,25.71,0.003088
Ni09,25.77,0.0040423333333333335
Ni09,25.83,0.005287
Ni09,25.89,0.006648333333333333
Ni09,25.95,0.008340666666666666
Ni09,26.009999999999998,0.010376666666666666
Ni09,26.07,0.012577
Ni09,26.13,0.01514
Ni09,26.189999999999998,0.018062
Ni09,26.25,0.021053
Ni09,26.31,0.024348333333333333
Ni09,26.369999999999997,0.027683333333333334
Ni09,26.43,0.030828666666666667
Ni09,26.49,0.03435666666666667
Ni09,26.549999999999997,0.037227666666666666
Ni09,26.61,0.040203666666666665
Ni09,26.67,0.04280266666666667
Ni09,26.729999999999997,0.044518
Ni09,26.79,0.046248333333333336
Ni09,26.85,0.046809666666666666
Ni09,26.909999999999997,0.047238666666666665
Ni09,26.97,0.04692433333333333
Ni09,27.03,0.045649
Ni09,27.089999999999996,0.044084
Ni09,27.15,0.041643
Ni09,27.21,0.03922
Ni09,27.27,0.035984666666666665
Ni09,27.33,0.03296366666666667
Ni09,27.39,0.029298333333333332
Ni09,27.45,0.026084333333333334
Ni09,27.509999999999998,0.022722666666666665
Ni09,27.57,0.019384333333333333
Ni09,27.63,0.016577666666666668
Ni09,27.689999999999998,0.013712333333333333
Ni09,27.75,0.011233
Ni09,27.81,0.009223666666666666
Ni09,27.869999999999997,0.007333666666666666
Ni09,27.93,0.005724333333333333
Ni09,27.99,0.004509666666666667
Ni09,28.049999999999997,0.0033766666666666667
Ni09,28.11,0.0025986666666666667
Ni09,28.17,0.0018943333333333334
Ni09,28.229999999999997,0.001405
Ni09,28.29,0.0010123333333333334
Ni09,28.35,0.000713
Ni09,28.409999999999997,0.0004943333333333334
Ni09,28.47,0.00033766666666666667
Ni09,28.53,0.00022833333333333334
Ni09,28.589999999999996,0.000153
Ni09,28.65,9.966666666666667e-05
Ni09,28.71,6.233333333333334e-05
Ni09,28.769999999999996,4.4666666666666664e-05
Ni09,28.83,2.5e-05
Ni09,28.89,1.4666666666666666e-05
Ni09,28.95,1.3e-05
Ni09,29.009999999999998,6.666666666666667e-06
Ni09,29.07,4.333333333333333e-06
Ni09,29.13,2.333333333333333e-06
Ni09,29.189999999999998,6.666666666666667e-07
Ni09,29.25,6.666666666666667e-07
Ni09,29.31,0.0
Ni09,29.369999999999997,0.0
Ni09,29.43,3.3333333333333335e-07
Ni09,29.49,0.0
Ni09,29.549999999999997,3.3333333333333335e-07
Sn09,24.089999999999996,3.3333333333333335e-07
Sn09,24.15,3.3333333333333335e-07
Sn09,24.21,3.3333333333333335e-07
Sn09,24.27,0.0
Sn09,24.33,0.0
Sn09,24.39,1e-06
Sn09,24.45,1.6666666666666667e-06
Sn09,24.509999999999998,4e-06
Sn09,24.57,9.333333333333333e-06
Sn09,24.63,1.3333333333333333e-05
Sn09,24.689999999999998,1.4e-05
Sn09,24.75,2.0666666666666666e-05
Sn09,24.81,2.6333333333333334e-05
Sn09,24.869999999999997,5.1666666666666664e-05
Sn09,24.93,8.866666666666666e-05
Sn09,24.990000000000002,0.000138
Sn09,25.049999999999997,0.000203
Sn09,25.11,0.0002956666666666667
Sn09,25.17,0.000414
Sn09,25.229999999999997,0.000602
Sn09,25.29,0.0008296666666666667
Sn09,25.35,0.0011966666666666666
Sn09,25.409999999999997,0.0016673333333333334
Sn09,25.47,0.0022593333333333332
Sn09,25.53,0.0030033333333333335
Sn09,25.589999999999996,0.0039436666666666665
Sn09,25.65,0.005093
Sn09,25.71,0.0066163333333333334
Sn09,25.77,0.008460666666666667
Sn09,25.83,0.010528666666666667
Sn09,25.89,0.012806666666666666
Sn09,25.95,0.015535666666666666
Sn09,26.009999999999998,0.018449333333333335
Sn09,26.07,0.021629
Sn09,26.13,0.025129333333333333
Sn09,26.189999999999998,0.028774666666666667
Sn09,26.25,0.03230566666666667
Sn09,26.31,0.03557833333333333
Sn09,26.369999999999997,0.03863766666666667
Sn09,26.43,0.041499666666666664
Sn09,26.49,0.04406633333333333
Sn09,26.549999999999997,0.046267666666666665
Sn09,26.61,0.047722
Sn09,26.67,0.048384666666666666
Sn09,26.729999999999997,0.048355333333333334
Sn09,26.79,0.04756766666666667
Sn09,26.85,0.046288
Sn09,26.909999999999997,0.044275
Sn09,26.97,0.041764
Sn09,27.03,0.03868
Sn09,27.089999999999996,0.03548333333333333
Sn09,27.15,0.031948
Sn09,27.21,0.028356
Sn09,27.27,0.024837
Sn09,27.33,0.021355666666666665
Sn09,27.39,0.018028666666666665
Sn09,27.45,0.015124333333333333
Sn09,27.509999999999998,0.012530333333333333
Sn09,27.57,0.010128666666666666
Sn09,27.63,0.008034666666666667
Sn09,27.689999999999998,0.0063293333333333335
Sn09,27.75,0.004929
Sn09,27.81,0.0038016666666666667
Sn09,27.869999999999997,0.002821
Sn09,27.93,0.002105
Sn09,27.99,0.0015003333333333333
Sn09,28.049999999999997,0.0011083333333333333
Sn09,28.11,0.000793
Sn09,28.17,0.000538
Sn09,28.229999999999997,0.0003513333333333333
Sn09,28.29,0.00024233333333333333
Sn09,28.35,0.00016166666666666668
Sn09,28.409999999999997,0.000112
Sn09,28.47,6.766666666666667e-05
Sn09,28.53,3.6e-05
Sn09,28.589999999999996,2.6666666666666667e-05
Sn09,28.65,2.0666666666666666e-05
Sn09,28.71,1.3333333333333333e-05
Sn09,28.769999999999996,9.333333333333333e-06
Sn09,28.83,4.333333333333333e-06
Sn09,28.89,1e-06
Sn09,28.95,3.3333333333333335e-07
Sn09,29.009999999999998,3.3333333333333335e-07
Sn09,29.07,0.0
Sn09,29.13,0.0
Sn09,29.189999999999998,6.666666666666667e-07
Sn09,29.25,3.3333333333333335e-07
Ta09,23.85,3.3333333333333335e-07
Ta09,23.909999999999997,0.0
Ta09,23.97,3.3333333333333335e-07
Ta09,24.03,0.0
Ta09,24.089999999999996,6.666666666666667e-07
Ta09,24.15,1e-06
Ta09,24.21,2.333333333333333e-06
Ta09,24.27,4.666666666666666e-06
Ta09,24.33,4.333333333333333e-06
Ta09,24.39,1.0666666666666667e-05
Ta09,24.45,9.666666666666667e-06
Ta09,24.509999999999998,1.9e-05
Ta09,24.57,3.0333333333333333e-05
Ta09,24.63,5.3e-05
Ta09,24.689999999999998,6.4e-05
Ta09,24.75,0.000114
Ta09,24.81,0.00016266666666666667
Ta09,24.869999999999997,0.000249
Ta09,24.93,0.0003463333333333333
Ta09,24.990000000000002,0.0004943333333333334
Ta09,25.049999999999997,0.0007056666666666666
Ta09,25.11,0.0009783333333333332
Ta09,25.17,0.0013613333333333333
Ta09,25.229999999999997,0.0018546666666666666
Ta09,25.29,0.002476
Ta09,25.35,0.0032506666666666665
Ta09,25.409999999999997,0.004258666666666667
Ta09,25.47,0.005503333333333333
Ta09,25.53,0.006973
Ta09,25.589999999999996,0.008732666666666666
Ta09,25.65,0.010739666666666666
Ta09,25.71,0.013118666666666667
Ta09,25.77,0.015676
Ta09,25.83,0.018604666666666665
Ta09,25.89,0.021626666666666666
Ta09,25.95,0.024999
Ta09,26.009999999999998,0.028284333333333335
Ta09,26.07,0.03150533333333334
Ta09,26.13,0.034937333333333334
Ta09,26.189999999999998,0.037793
Ta09,26.25,0.040677
Ta09,26.31,0.043088666666666664
Ta09,26.369999999999997,0.044852
Ta09,26.43,0.046449333333333336
Ta09,26.49,0.04692233333333334
Ta09,26.549999999999997,0.047275333333333336
Ta09,26.61,0.04659833333333333
Ta09,26.67,0.045358333333333334
Ta09,26.729999999999997,0.04366166666666667
Ta09,26.79,0.041245333333333335
Ta09,26.85,0.038685333333333335
Ta09,26.909999999999997,0.03527366666666667
Ta09,26.97,0.032358
Ta09,27.03,0.028597333333333332
Ta09,27.089999999999996,0.025524333333333333
Ta09,27.15,0.021947333333333333
Ta09,27.21,0.018945666666666666
Ta09,27.27,0.01595
Ta09,27.33,0.013245333333333333
Ta09,27.39,0.010874
Ta09,27.45,0.008825666666666667
Ta09,27.509999999999998,0.007044333333333333
Ta09,27.57,0.005501666666666667
Ta09,27.63,0.004291
Ta09,27.689999999999998,0.0032116666666666665
Ta09,27.75,0.0024836666666666666
Ta09,27.81,0.0018056666666666666
Ta09,27.869999999999997,0.0013286666666666666
Ta09,27.93,0.000952
Ta09,27.99,0.0006693333333333333
Ta09,28.049999999999997,0.000473
Ta09,28.11,0.0003243333333333333
Ta09,28.17,0.000213
Ta09,28.229999999999997,0.00013766666666666666
Ta09,28.29,9.6e-05
Ta09,28.35,6.1e-05
Ta09,28.409999999999997,4.0333333333333336e-05
Ta09,28.47,2.4666666666666665e-05
Ta09,28.53,1.4333333333333334e-05
Ta09,28.589999999999996,1.2666666666666667e-05
Ta09,28.65,6.666666666666667e-06
Ta09,28.71,3.6666666666666666e-06
Ta09,28.769999999999996,2.333333333333333e-06
Ta09,28.83,3.3333333333333335e-07
Ta09,28.89,3.3333333333333335e-07
Ta09,28.95,3.3333333333333335e-07
Ta09,29.009999999999998,0.0
Ta09,29.07,3.3333333333333335e-07
Ta09,29.13,0.0
Ta09,29.189999999999998,3.3333333333333335e-07
Cu09,23.490000000000002,3.3333333333333335e-07
Cu09,23.549999999999997,0.0
Cu09,23.61,0.0
Cu09,23.67,3.3333333333333335e-07
Cu09,23.729999999999997,0.0
Cu09,23.79,6.666666666666667e-07
Cu09,23.85,1e-06
Cu09,23.909999999999997,2.666666666666667e-06
Cu09,23.97,4.666666666666666e-06
Cu09,24.03,4.666666666666666e-06
Cu09,24.089999999999996,9.666666666666667e-06
Cu09,24.15,1.0333333333333333e-05
Cu09,24.21,1.9333333333333333e-05
Cu09,24.27,3.3e-05
Cu09,24.33,4.7333333333333336e-05
Cu09,24.39,7.133333333333334e-05
Cu09,24.45,0.00011133333333333333
Cu09,24.509999999999998,0.00015566666666666666
Cu09,24.57,0.00023233333333333333
Cu09,24.63,0.00035266666666666666
Cu09,24.689999999999998,0.00047033333333333335
Cu09,24.75,0.000679
Cu09,24.81,0.0009586666666666667
Cu09,24.869999999999997,0.001301
Cu09,24.93,0.001753
Cu09,24.990000000000002,0.002373
Cu09,25.049999999999997,0.0030803333333333334
Cu09,25.11,0.004053333333333333
Cu09,25.17,0.005248333333333333
Cu09,25.229999999999997,0.006594333333333333
Cu09,25.29,0.008281
Cu09,25.35,0.010214
Cu09,25.409999999999997,0.012378333333333333
Cu09,25.47,0.014887333333333334
Cu09,25.53,0.017696
Cu09,25.589999999999996,0.020580333333333332
Cu09,25.65,0.023747333333333332
Cu09,25.71,0.027069
Cu09,25.77,0.03014
Cu09,25.83,0.033460666666666666
Cu09,25.89,0.03648966666666666
Cu09,25.95,0.039198333333333335
Cu09,26.009999999999998,0.041987333333333335
Cu09,26.07,0.043574
Cu09,26.13,0.045364666666666664
Cu09,26.189999999999998,0.046144333333333336
Cu09,26.25,0.046677666666666666
Cu09,26.31,0.04648633333333333
Cu09,26.369999999999997,0.04529533333333333
Cu09,26.43,0.04401833333333333
Cu09,26.49,0.041689333333333335
Cu09,26.549999999999997,0.039339
Cu09,26.61,0.036463333333333334
Cu09,26.67,0.033474
Cu09,26.729999999999997,0.030062666666666668
Cu09,26.79,0.026703666666666667
Cu09,26.85,0.023581666666666667
Cu09,26.909999999999997,0.020169
Cu09,26.97,0.017314666666666666
Cu09,27.03,0.014530666666666667
Cu09,27.089999999999996,0.012082666666666667
Cu09,27.15,0.009775333333333334
Cu09,27.21,0.008018666666666667
Cu09,27.27,0.006235333333333333
Cu09,27.33,0.004965333333333334
Cu09,27.39,0.003791333333333333
Cu09,27.45,0.0029066666666666668
Cu09,27.509999999999998,0.00221
Cu09,27.57,0.0015826666666666667
Cu09,27.63,0.0011853333333333334
Cu09,27.689999999999998,0.000819
Cu09,27.75,0.0006
Cu09,27.81,0.000416
Cu09,27.869999999999997,0.00029
Cu09,27.93,0.000179
Cu09,27.99,0.00012133333333333333
Cu09,28.049999999999997,8.333333333333333e-05
Cu09,28.11,5.766666666666667e-05
Cu09,28.17,3.6666666666666666e-05
Cu09,28.229999999999997,2e-05
Cu09,28.29,1.3333333333333333e-05
Cu09,28.35,1.1e-05
Cu09,28.409999999999997,5.666666666666667e-06
Cu09,28.47,3.3333333333333333e-06
Cu09,28.53,2e-06
Cu09,28.589999999999996,3.3333333333333335e-07
Cu09,28.65,6.666666666666667e-07
Cu09,28.71,0.0
Cu09,28.769999999999996,3.3333333333333335e-07
Cu09,28.83,0.0
Cu09,28.89,0.0
Cu09,28.95,3.3333333333333335e-07
Al_degrader_E4_E3,21.03,1.1111111111111111e-07
Al_degrader_E4_E3,21.089999999999996,0.0
Al_degrader_E4_E3,21.15,0.0
Al_degrader_E4_E3,21.21,0.0
Al_degrader_E4_E3,21.27,0.0
Al_degrader_E4_E3,21.33,2.2222222222222222e-07
Al_degrader_E4_E3,21.39,3.3333333333333335e-07
Al_degrader_E4_E3,21.45,3.3333333333333335e-07
Al_degrader_E4_E3,21.509999999999998,1.5555555555555556e-06
Al_degrader_E4_E3,21.57,4.4444444444444444e-07
Al_degrader_E4_E3,21.63,2.111111111111111e-06
Al_degrader_E4_E3,21.689999999999998,2.222222222222222e-06
Al_degrader_E4_E3,21.75,2.777777777777778e-06
Al_degrader_E4_E3,21.81,5.1111111111111115e-06
Al_degrader_E4_E3,21.869999999999997,8.444444444444444e-06
Al_degrader_E4_E3,21.93,1.4111111111111112e-05
Al_degrader_E4_E3,21.990000000000002,1.7666666666666668e-05
Al_degrader_E4_E3,22.049999999999997,2.4666666666666665e-05
Al_degrader_E4_E3,22.11,3.677777777777778e-05
Al_degrader_E4_E3,22.17,5.333333333333333e-05
Al_degrader_E4_E3,22.229999999999997,7.344444444444445e-05
Al_degrader_E4_E3,22.29,9.455555555555556e-05
Al_degrader_E4_E3,22.35,0.00014366666666666667
Al_degrader_E4_E3,22.409999999999997,0.00018766666666666666
Al_degrader_E4_E3,22.47,0.00025955555555555557
Al_degrader_E4_E3,22.53,0.000344
Al_degrader_E4_E3,22.589999999999996,0.0004381111111111111
Al_degrader_E4_E3,22.65,0.000583
Al_degrader_E4_E3,22.71,0.0007415555555555555
Al_degrader_E4_E3,22.77,0.000963
Al_degrader_E4_E3,22.83,0.0012224444444444444
Al_degrader_E4_E3,22.89,0.001522
Al_degrader_E4_E3,22.95,0.0018615555555555555
Al_degrader_E4_E3,23.009999999999998,0.0022697777777777777
Al_degrader_E4_E3,23.07,0.0027793333333333333
Al_degrader_E4_E3,23.13,0.003315222222222222
Al_degrader_E4_E3,23.189999999999998,0.003942333333333333
Al_degrader_E4_E3,23.25,0.004632333333333333
Al_degrader_E4_E3,23.31,0.005375444444444445
Al_degrader_E4_E3,23.369999999999997,0.006225666666666667
Al_degrader_E4_E3,23.43,0.007082111111111111
Al_degrader_E4_E3,23.490000000000002,0.007953888888888889
Al_degrader_E4_E3,23.549999999999997,0.008982333333333333
Al_degrader_E4_E3,23.61,0.009942222222222222
Al_degrader_E4_E3,23.67,0.011038
Al_degrader_E4_E3,23.729999999999997,0.012073444444444444
Al_degrader_E4_E3,23.79,0.013029666666666667
Al_degrader_E4_E3,23.85,0.014067777777777778
Al_degrader_E4_E3,23.909999999999997,0.015032333333333333
Al_degrader_E4_E3,23.97,0.016051444444444445
Al_degrader_E4_E3,24.03,0.01692177777777778
Al_degrader_E4_E3,24.089999999999996,0.01772822222222222
Al_degrader_E4_E3,24.15,0.018519333333333332
Al_degrader_E4_E3,24.21,0.019182222222222222
Al_degrader_E4_E3,24.27,0.019924777777777777
Al_degrader_E4_E3,24.33,0.02050211111111111
Al_degrader_E4_E3,24.39,0.020901666666666666
Al_degrader_E4_E3,24.45,0.021437777777777778
Al_degrader_E4_E3,24.509999999999998,0.021677111111111112
Al_degrader_E4_E3,24.57,0.02219477777777778
Al_degrader_E4_E3,24.63,0.022402555555555554
Al_degrader_E4_E3,24.689999999999998,0.022569222222222223
Al_degrader_E4_E3,24.75,0.022880555555555557
Al_degrader_E4_E3,24.81,0.02285088888888889
Al_degrader_E4_E3,24.869999999999997,0.02316811111111111
Al_degrader_E4_E3,24.93,0.023180333333333334
Al_degrader_E4_E3,24.990000000000002,0.02320188888888889
Al_degrader_E4_E3,25.049999999999997,0.02332988888888889
Al_degrader_E4_E3,25.11,0.023223
Al_degrader_E4_E3,25.17,0.023294444444444444
Al_degrader_E4_E3,25.229999999999997,0.023129777777777777
Al_degrader_E4_E3,25.29,0.02311488888888889
Al_degrader_E4_E3,25.35,0.022918555555555557
Al_degrader_E4_E3,25.409999999999997,0.02274811111111111
Al_degrader_E4_E3,25.47,0.022462555555555555
Al_degrader_E4_E3,25.53,0.022041111111111112
Al_degrader_E4_E3,25.589999999999996,0.021811666666666667
Al_degrader_E4_E3,25.65,0.021114777777777777
Al_degrader_E4_E3,25.71,0.020686222222222224
Al_degrader_E4_E3,25.77,0.019964
Al_degrader_E4_E3,25.83,0.019150444444444446
Al_degrader_E4_E3,25.89,0.01842711111111111
Al_degrader_E4_E3,25.95,0.01741088888888889
Al_degrader_E4_E3,26.009999999999998,0.016488444444444444
Al_degrader_E4_E3,26.07,0.015387444444444445
Al_degrader_E4_E3,26.13,0.014332444444444445
Al_degrader_E4_E3,26.189999999999998,0.01308
Al_degrader_E4_E3,26.25,0.012035
Al_degrader_E4_E3,26.31,0.010842777777777778
Al_degrader_E4_E3,26.369999999999997,0.009634777777777779
Al_degrader_E4_E3,26.43,0.008632333333333334
Al_degrader_E4_E3,26.49,0.007451555555555556
Al_degrader_E4_E3,26.549999999999997,0.006486
Al_degrader_E4_E3,26.61,0.005516111111111111
Al_degrader_E4_E3,26.67,0.004753555555555555
Al_degrader_E4_E3,26.729999999999997,0.003902
Al_degrader_E4_E3,26.79,0.0032332222222222224
Al_degrader_E4_E3,26.85,0.002636
Al_degrader_E4_E3,26.909999999999997,0.0021336666666666665
Al_degrader_E4_E3,26.97,0.0017075555555555555
Al_degrader_E4_E3,27.03,0.0013296666666666667
Al_degrader_E4_E3,27.089999999999996,0.0010355555555555556
Al_degrader_E4_E3,27.15,0.0007677777777777778
Al_degrader_E4_E3,27.21,0.0006087777777777777
Al_degrader_E4_E3,27.27,0.0004427777777777778
Al_degrader_E4_E3,27.33,0.0003281111111111111
Al_degrader_E4_E3,27.39,0.00023233333333333333
Al_degrader_E4_E3,27.45,0.0001658888888888889
Al_degrader_E4_E3,27.509999999999998,0.0001201111111111111
Al_degrader_E4_E3,27.57,8.577777777777777e-05
Al_degrader_E4_E3,27.63,5.5777777777777775e-05
Al_degrader_E4_E3,27.689999999999998,3.555555555555555e-05
Al_degrader_E4_E3,27.75,2.4444444444444445e-05
Al_degrader_E4_E3,27.81,1.6222222222222223e-05
Al_degrader_E4_E3,27.869999999999997,1.2e-05
Al_degrader_E4_E3,27.93,6e-06
Al_degrader_E4_E3,27.99,3.7777777777777777e-06
Al_degrader_E4_E3,28.049999999999997,3.2222222222222222e-06
Al_degrader_E4_E3,28.11,1.6666666666666667e-06
Al_degrader_E4_E3,28.17,1.4444444444444445e-06
Al_degrader_E4_E3,28.229999999999997,7.777777777777778e-07
Al_degrader_E4_E3,28.29,2.2222222222222222e-07
Al_degrader_E4_E3,28.35,0.0
Al_degrader_E4_E3,28.409999999999997,2.2222222222222222e-07
Al_degrader_E4_E3,28.47,0.0
Al_degrader_E4_E3,28.53,0.0
Al_degrader_E4_E3,28.589999999999996,0.0
Al_degrader_E4_E3,28.65,1.1111111111111111e-07
Ni10,20.67,3.3333333333333335e-07
Ni10,20.729999999999997,0.0
Ni10,20.79,0.0
Ni10,20.85,3.3333333333333335e-07
Ni10,20.909999999999997,3.3333333333333335e-07
Ni10,20.97,3.3333333333333335e-07
Ni10,21.03,1e-06
Ni10,21.089999999999996,2.333333333333333e-06
Ni10,21.15,4.333333333333333e-06
Ni10,21.21,3.6666666666666666e-06
Ni10,21.27,7.666666666666667e-06
Ni10,21.33,9.666666666666667e-06
Ni10,21.39,1.0333333333333333e-05
Ni10,21.45,2.1666666666666667e-05
Ni10,21.509999999999998,3.433333333333333e-05
Ni10,21.57,4.3666666666666666e-05
Ni10,21.63,6.766666666666667e-05
Ni10,21.689999999999998,0.000105
Ni10,21.75,0.00014166666666666668
Ni10,21.81,0.000196
Ni10,21.869999999999997,0.00028233333333333333
Ni10,21.93,0.0003753333333333333
Ni10,21.990000000000002,0.0005463333333333333
Ni10,22.049999999999997,0.000715
Ni10,22.11,0.0009713333333333334
Ni10,22.17,0.0013013333333333334
Ni10,22.229999999999997,0.0016776666666666667
Ni10,22.29,0.002206
Ni10,22.35,0.0028246666666666667
Ni10,22.409999999999997,0.0035923333333333332
Ni10,22.47,0.004588333333333333
Ni10,22.53,0.005673
Ni10,22.589999999999996,0.006933666666666667
Ni10,22.65,0.008497666666666667
Ni10,22.71,0.010244666666666666
Ni10,22.77,0.01209
Ni10,22.83,0.0143
Ni10,22.89,0.016730333333333333
Ni10,22.95,0.019116666666666667
Ni10,23.009999999999998,0.021781333333333333
Ni10,23.07,0.024565
Ni10,23.13,0.027118333333333335
Ni10,23.189999999999998,0.029921333333333335
Ni10,23.25,0.032549666666666664
Ni10,23.31,0.034784666666666665
Ni10,23.369999999999997,0.03736933333333333
Ni10,23.43,0.03915133333333334
Ni10,23.490000000000002,0.040447
Ni10,23.549999999999997,0.04192766666666667
Ni10,23.61,0.042318666666666664
Ni10,23.67,0.04276233333333333
Ni10,23.729999999999997,0.042631
Ni10,23.79,0.041613333333333336
Ni10,23.85,0.040545333333333336
Ni10,23.909999999999997,0.038856666666666664
Ni10,23.97,0.036867
Ni10,24.03,0.03460333333333333
Ni10,24.089999999999996,0.032107
Ni10,24.15,0.029434666666666668
Ni10,24.21,0.026441
Ni10,24.27,0.02380933333333333
Ni10,24.33,0.021063333333333333
Ni10,24.39,0.018285
Ni10,24.45,0.015812
Ni10,24.509999999999998,0.013484
Ni10,24.57,0.011367
Ni10,24.63,0.009385
Ni10,24.689999999999998,0.007855
Ni10,24.75,0.006293
Ni10,24.81,0.005037666666666667
Ni10,24.869999999999997,0.0040546666666666665
Ni10,24.93,0.003109
Ni10,24.990000000000002,0.0024356666666666667
Ni10,25.049999999999997,0.0018656666666666667
Ni10,25.11,0.001405
Ni10,25.17,0.0010453333333333332
Ni10,25.229999999999997,0.0007366666666666667
Ni10,25.29,0.000564
Ni10,25.35,0.00040533333333333334
Ni10,25.409999999999997,0.00028233333333333333
Ni10,25.47,0.000191
Ni10,25.53,0.00013133333333333335
Ni10,25.589999999999996,9.4e-05
Ni10,25.65,5.566666666666667e-05
Ni10,25.71,4.3e-05
Ni10,25.77,2.8333333333333332e-05
Ni10,25.83,1.7e-05
Ni10,25.89,1.0333333333333333e-05
Ni10,25.95,9.666666666666667e-06
Ni10,26.009999999999998,4.666666666666666e-06
Ni10,26.07,3.3333333333333333e-06
Ni10,26.13,2e-06
Ni10,26.189999999999998,3.3333333333333335e-07
Ni10,26.25,6.666666666666667e-07
Ni10,26.31,0.0
Ni10,26.369999999999997,0.0
Ni10,26.43,3.3333333333333335e-07
Ni10,26.49,0.0
Ni10,26.549999999999997,3.3333333333333335e-07
Sn10,20.549999999999997,3.3333333333333335e-07
Sn10,20.61,3.3333333333333335e-07
Sn10,20.67,3.3333333333333335e-07
Sn10,20.729999999999997,0.0
Sn10,20.79,0.0
Sn10,20.85,3.3333333333333335e-07
Sn10,20.909999999999997,2e-06
Sn10,20.97,2e-06
Sn10,21.03,8e-06
Sn10,21.089999999999996,7e-06
Sn10,21.15,1.2e-05
Sn10,21.21,1.3666666666666667e-05
Sn10,21.27,1.9333333333333333e-05
Sn10,21.33,2.3666666666666668e-05
Sn10,21.39,4.2e-05
Sn10,21.45,7.266666666666667e-05
Sn10,21.509999999999998,0.00010166666666666667
Sn10,21.57,0.000152
Sn10,21.63,0.00020833333333333335
Sn10,21.689999999999998,0.0002933333333333333
Sn10,21.75,0.00040533333333333334
Sn10,21.81,0.0005413333333333333
Sn10,21.869999999999997,0.0007423333333333333
Sn10,21.93,0.001014
Sn10,21.990000000000002,0.0013866666666666667
Sn10,22.049999999999997,0.0018246666666666667
Sn10,22.11,0.002387666666666667
Sn10,22.17,0.0030486666666666665
Sn10,22.229999999999997,0.0038583333333333334
Sn10,22.29,0.004883
Sn10,22.35,0.006146666666666667
Sn10,22.409999999999997,0.007663666666666667
Sn10,22.47,0.00934
Sn10,22.53,0.011140666666666667
Sn10,22.589999999999996,0.013239333333333334
Sn10,22.65,0.015624333333333334
Sn10,22.71,0.018088
Sn10,22.77,0.020783333333333334
Sn10,22.83,0.02370533333333333
Sn10,22.89,0.026674666666666666
Sn10,22.95,0.029510666666666668
Sn10,23.009999999999998,0.032155333333333334
Sn10,23.07,0.034630666666666664
Sn10,23.13,0.03710833333333333
Sn10,23.189999999999998,0.039214
Sn10,23.25,0.041049666666666665
Sn10,23.31,0.042587
Sn10,23.369999999999997,0.04357133333333333
Sn10,23.43,0.04384066666666667
Sn10,23.490000000000002,0.04346766666666667
Sn10,23.549999999999997,0.04293966666666667
Sn10,23.61,0.04176333333333333
Sn10,23.67,0.040194
Sn10,23.729999999999997,0.03811166666666667
Sn10,23.79,0.035702
Sn10,23.85,0.033106666666666666
Sn10,23.909999999999997,0.030298666666666668
Sn10,23.97,0.027284666666666665
Sn10,24.03,0.024412666666666666
Sn10,24.089999999999996,0.021547
Sn10,24.15,0.018741333333333332
Sn10,24.21,0.015947333333333334
Sn10,24.27,0.013646666666666666
Sn10,24.33,0.011492
Sn10,24.39,0.009501333333333334
Sn10,24.45,0.007728
Sn10,24.509999999999998,0.006223333333333333
Sn10,24.57,0.004967
Sn10,24.63,0.003956333333333333
Sn10,24.689999999999998,0.003077
Sn10,24.75,0.0023463333333333335
Sn10,24.81,0.0017523333333333334
Sn10,24.869999999999997,0.001318
Sn10,24.93,0.000986
Sn10,24.990000000000002,0.0007296666666666667
Sn10,25.049999999999997,0.000517
Sn10,25.11,0.0003586666666666667
Sn10,25.17,0.00023466666666666666
Sn10,25.229999999999997,0.00017033333333333334
Sn10,25.29,0.00011966666666666667
Sn10,25.35,8.533333333333334e-05
Sn10,25.409999999999997,4.966666666666667e-05
Sn10,25.47,2.8e-05
Sn10,25.53,2.4666666666666665e-05
Sn10,25.589999999999996,1.8e-05
Sn10,25.65,1.2e-05
Sn10,25.71,8.666666666666666e-06
Sn10,25.77,4.333333333333333e-06
Sn10,25.83,1.6666666666666667e-06
Sn10,25.89,6.666666666666667e-07
Sn10,25.95,3.3333333333333335e-07
Sn10,26.009999999999998,0.0
Sn10,26.07,0.0
Sn10,26.13,3.3333333333333335e-07
Sn10,26.189999999999998,3.3333333333333335e-07
Sn10,26.25,3.3333333333333335e-07
Ta10,20.25,3.3333333333333335e-07
Ta10,20.31,0.0
Ta10,20.369999999999997,3.3333333333333335e-07
Ta10,20.43,0.0
Ta10,20.490000000000002,3.3333333333333335e-07
Ta10,20.549999999999997,6.666666666666667e-07
Ta10,20.61,6.666666666666667e-07
Ta10,20.67,2.666666666666667e-06
Ta10,20.729999999999997,4.333333333333333e-06
Ta10,20.79,2.333333333333333e-06
Ta10,20.85,1e-05
Ta10,20.909999999999997,9.333333333333333e-06
Ta10,20.97,1.2666666666666667e-05
Ta10,21.03,2.1333333333333335e-05
Ta10,21.089999999999996,2.966666666666667e-05
Ta10,21.15,4.966666666666667e-05
Ta10,21.21,6.633333333333334e-05
Ta10,21.27,0.00010066666666666667
Ta10,21.33,0.00014
Ta10,21.39,0.00020266666666666667
Ta10,21.45,0.0002903333333333333
Ta10,21.509999999999998,0.000371
Ta10,21.57,0.0005246666666666667
Ta10,21.63,0.0007153333333333333
Ta10,21.689999999999998,0.0009623333333333334
Ta10,21.75,0.001284
Ta10,21.81,0.0016756666666666667
Ta10,21.869999999999997,0.002193
Ta10,21.93,0.0027673333333333335
Ta10,21.990000000000002,0.003550666666666667
Ta10,22.049999999999997,0.004552666666666667
Ta10,22.11,0.00559
Ta10,22.17,0.006926666666666667
Ta10,22.229999999999997,0.008366666666666666
Ta10,22.29,0.010137
Ta10,22.35,0.012030666666666667
Ta10,22.409999999999997,0.014124
Ta10,22.47,0.01650333333333333
Ta10,22.53,0.018947666666666668
Ta10,22.589999999999996,0.02163
Ta10,22.65,0.024403333333333332
Ta10,22.71,0.026929
Ta10,22.77,0.029664
Ta10,22.83,0.03244433333333333
Ta10,22.89,0.03453133333333333
Ta10,22.95,0.03703466666666667
Ta10,23.009999999999998,0.038898666666666665
Ta10,23.07,0.040352
Ta10,23.13,0.04187833333333333
Ta10,23.189999999999998,0.042223666666666666
Ta10,23.25,0.042696
Ta10,23.31,0.042632
Ta10,23.369999999999997,0.04159733333333333
Ta10,23.43,0.040605666666666665
Ta10,23.490000000000002,0.03889
Ta10,23.549999999999997,0.03709966666666667
Ta10,23.61,0.034847
Ta10,23.67,0.03205033333333333
Ta10,23.729999999999997,0.029681666666666665
Ta10,23.79,0.026637
Ta10,23.85,0.024030333333333334
Ta10,23.909999999999997,0.021269666666666666
Ta10,23.97,0.018420333333333334
Ta10,24.03,0.016127333333333334
Ta10,24.089999999999996,0.01357
Ta10,24.15,0.011576
Ta10,24.21,0.009551333333333334
Ta10,24.27,0.007939333333333333
Ta10,24.33,0.006458
Ta10,24.39,0.005153666666666667
Ta10,24.45,0.004157666666666666
Ta10,24.509999999999998,0.0031633333333333335
Ta10,24.57,0.0025353333333333334
Ta10,24.63,0.0019273333333333334
Ta10,24.689999999999998,0.0014353333333333334
Ta10,24.75,0.0010886666666666666
Ta10,24.81,0.0007743333333333334
Ta10,24.869999999999997,0.0005866666666666667
Ta10,24.93,0.00041933333333333335
Ta10,24.990000000000002,0.000297
Ta10,25.049999999999997,0.00020533333333333333
Ta10,25.11,0.00013233333333333334
Ta10,25.17,9.733333333333333e-05
Ta10,25.229999999999997,6.3e-05
Ta10,25.29,4.5e-05
Ta10,25.35,2.9e-05
Ta10,25.409999999999997,1.8333333333333333e-05
Ta10,25.47,1.1333333333333334e-05
Ta10,25.53,1.1333333333333334e-05
Ta10,25.589999999999996,5.333333333333334e-06
Ta10,25.65,3.6666666666666666e-06
Ta10,25.71,2e-06
Ta10,25.77,6.666666666666667e-07
Ta10,25.83,0.0
Ta10,25.89,6.666666666666667e-07
Ta10,25.95,0.0
Ta10,26.009999999999998,3.3333333333333335e-07
Ta10,26.07,0.0
Ta10,26.13,3.3333333333333335e-07
Cu10,19.89,3.3333333333333335e-07
Cu10,19.95,0.0
Cu10,20.009999999999998,0.0
Cu10,20.07,3.3333333333333335e-07
Cu10,20.13,0.0
Cu10,20.189999999999998,6.666666666666667e-07
Cu10,20.25,1e-06
Cu10,20.31,2e-06
Cu10,20.369999999999997,4.666666666666666e-06
Cu10,20.43,1.6666666666666667e-06
Cu10,20.490000000000002,8e-06
Cu10,20.549999999999997,9.333333333333333e-06
Cu10,20.61,1e-05
Cu10,20.67,1.9e-05
Cu10,20.729999999999997,2.9e-05
Cu10,20.79,4.266666666666667e-05
Cu10,20.85,5.2e-05
Cu10,20.909999999999997,9.166666666666667e-05
Cu10,20.97,0.00012533333333333334
Cu10,21.03,0.00016366666666666667
Cu10,21.089999999999996,0.00023633333333333332
Cu10,21.15,0.00033866666666666664
Cu10,21.21,0.00044333333333333334
Cu10,21.27,0.000608
Cu10,21.33,0.0008293333333333333
Cu10,21.39,0.0011013333333333333
Cu10,21.45,0.0014456666666666667
Cu10,21.509999999999998,0.0018546666666666666
Cu10,21.57,0.0024043333333333334
Cu10,21.63,0.003034666666666667
Cu10,21.689999999999998,0.0038826666666666666
Cu10,21.75,0.0048916666666666666
Cu10,21.81,0.005961666666666666
Cu10,21.869999999999997,0.007309666666666667
Cu10,21.93,0.008832666666666667
Cu10,21.990000000000002,0.010563
Cu10,22.049999999999997,0.012481666666666667
Cu10,22.11,0.01461
Cu10,22.17,0.016957
Cu10,22.229999999999997,0.019300666666666667
Cu10,22.29,0.022004666666666665
Cu10,22.35,0.024581
Cu10,22.409999999999997,0.027101666666666666
Cu10,22.47,0.029730666666666666
Cu10,22.53,0.03233233333333333
Cu10,22.589999999999996,0.034484
Cu10,22.65,0.03685133333333333
Cu10,22.71,0.03848833333333333
Cu10,22.77,0.03993766666666667
Cu10,22.83,0.041321666666666666
Cu10,22.89,0.041547
Cu10,22.95,0.042023333333333336
Cu10,23.009999999999998,0.04195
Cu10,23.07,0.04092266666666667
Cu10,23.13,0.03992233333333333
Cu10,23.189999999999998,0.038295666666666665
Cu10,23.25,0.036487
Cu10,23.31,0.034333
Cu10,23.369999999999997,0.031676666666666665
Cu10,23.43,0.029334666666666665
Cu10,23.490000000000002,0.026384666666666667
Cu10,23.549999999999997,0.023859
Cu10,23.61,0.021198666666666668
Cu10,23.67,0.018394
Cu10,23.729999999999997,0.016111
Cu10,23.79,0.013767
Cu10,23.85,0.011637
Cu10,23.909999999999997,0.009709
Cu10,23.97,0.008091
Cu10,24.03,0.006661333333333333
Cu10,24.089999999999996,0.005239
Cu10,24.15,0.004318333333333334
Cu10,24.21,0.0033133333333333335
Cu10,24.27,0.0026403333333333335
Cu10,24.33,0.00205
Cu10,24.39,0.001516
Cu10,24.45,0.001153
Cu10,24.509999999999998,0.0008606666666666667
Cu10,24.57,0.0006276666666666667
Cu10,24.63,0.00045766666666666666
Cu10,24.689999999999998,0.00032533333333333334
Cu10,24.75,0.000231
Cu10,24.81,0.00014766666666666666
Cu10,24.869999999999997,0.00010733333333333333
Cu10,24.93,7.4e-05
Cu10,24.990000000000002,5.3e-05
Cu10,25.049999999999997,3.6e-05
Cu10,25.11,2.1333333333333335e-05
Cu10,25.17,1.3e-05
Cu10,25.229999999999997,1.1666666666666666e-05
Cu10,25.29,7.333333333333333e-06
Cu10,25.35,4.333333333333333e-06
Cu10,25.409999999999997,2.333333333333333e-06
Cu10,25.47,1.6666666666666667e-06
Cu10,25.53,0.0
Cu10,25.589999999999996,6.666666666666667e-07
Cu10,25.65,0.0
Cu10,25.71,0.0
Cu10,25.77,3.3333333333333335e-07
Cu10,25.83,0.0
Cu10,25.89,3.3333333333333335e-07
Al_degrader_E6_E5,17.009999999999998,9.090909090909091e-08
Al_degrader_E6_E5,17.07,0.0
Al_degrader_E6_E5,17.13,0.0
Al_degrader_E6_E5,17.189999999999998,0.0
Al_degrader_E6_E5,17.25,0.0
Al_degrader_E6_E5,17.310000000000002,1.8181818181818183e-07
Al_degrader_E6_E5,17.369999999999997,9.090909090909091e-08
Al_degrader_E6_E5,17.43,1.8181818181818183e-07
Al_degrader_E6_E5,17.490000000000002,2.7272727272727274e-07
Al_degrader_E6_E5,17.549999999999997,1.090909090909091e-06
Al_degrader_E6_E5,17.61,7.272727272727273e-07
Al_degrader_E6_E5,17.67,1.4545454545454546e-06
Al_degrader_E6_E5,17.729999999999997,1.2727272727272728e-06
Al_degrader_E6_E5,17.79,1.909090909090909e-06
Al_degrader_E6_E5,17.85,2.7272727272727272e-06
Al_degrader_E6_E5,17.909999999999997,3.818181818181818e-06
Al_degrader_E6_E5,17.97,6.909090909090909e-06
Al_degrader_E6_E5,18.03,9.545454545454545e-06
Al_degrader_E6_E5,18.09,1.0818181818181818e-05
Al_degrader_E6_E5,18.15,1.781818181818182e-05
Al_degrader_E6_E5,18.21,2.3e-05
Al_degrader_E6_E5,18.27,3.1636363636363635e-05
Al_degrader_E6_E5,18.33,4.281818181818182e-05
Al_degrader_E6_E5,18.39,5.4727272727272724e-05
Al_degrader_E6_E5,18.45,7.518181818181818e-05
Al_degrader_E6_E5,18.509999999999998,9.718181818181818e-05
Al_degrader_E6_E5,18.57,0.000133
Al_degrader_E6_E5,18.63,0.00017263636363636363
Al_degrader_E6_E5,18.689999999999998,0.00022745454545454544
Al_degrader_E6_E5,18.75,0.00027736363636363635
Al_degrader_E6_E5,18.81,0.0003612727272727273
Al_degrader_E6_E5,18.869999999999997,0.00045636363636363637
Al_degrader_E6_E5,18.93,0.0005682727272727273
Al_degrader_E6_E5,18.990000000000002,0.0007060909090909091
Al_degrader_E6_E5,19.049999999999997,0.0008884545454545455
Al_degrader_E6_E5,19.11,0.001082909090909091
Al_degrader_E6_E5,19.17,0.0013152727272727272
Al_degrader_E6_E5,19.229999999999997,0.001558
Al_degrader_E6_E5,19.29,0.0018725454545454546
Al_degrader_E6_E5,19.35,0.002245909090909091
Al_degrader_E6_E5,19.409999999999997,0.002641636363636364
Al_degrader_E6_E5,19.47,0.0030625454545454545
Al_degrader_E6_E5,19.53,0.0035555454545454545
Al_degrader_E6_E5,19.59,0.004112454545454546
Al_degrader_E6_E5,19.65,0.0047104545454545454
Al_degrader_E6_E5,19.71,0.005336181818181818
Al_degrader_E6_E5,19.77,0.005971909090909091
Al_degrader_E6_E5,19.83,0.006670454545454545
Al_degrader_E6_E5,19.89,0.0074667272727272724
Al_degrader_E6_E5,19.95,0.008261
Al_degrader_E6_E5,20.009999999999998,0.00899709090909091
Al_degrader_E6_E5,20.07,0.009800909090909091
Al_degrader_E6_E5,20.13,0.010670636363636363
Al_degrader_E6_E5,20.189999999999998,0.011498636363636364
Al_degrader_E6_E5,20.25,0.012264636363636363
Al_degrader_E6_E5,20.31,0.013073818181818181
Al_degrader_E6_E5,20.369999999999997,0.013840454545454545
Al_degrader_E6_E5,20.43,0.014651545454545455
Al_degrader_E6_E5,20.490000000000002,0.015369727272727273
Al_degrader_E6_E5,20.549999999999997,0.01596990909090909
Al_degrader_E6_E5,20.61,0.01656090909090909
Al_degrader_E6_E5,20.67,0.01723781818181818
Al_degrader_E6_E5,20.729999999999997,0.017838090909090908
Al_degrader_E6_E5,20.79,0.018178363636363635
Al_degrader_E6_E5,20.85,0.018650272727272727
Al_degrader_E6_E5,20.909999999999997,0.019108272727272727
Al_degrader_E6_E5,20.97,0.019485727272727273
Al_degrader_E6_E5,21.03,0.01976090909090909
Al_degrader_E6_E5,21.089999999999996,0.019978
Al_degrader_E6_E5,21.15,0.02025909090909091
Al_degrader_E6_E5,21.21,0.02051018181818182
Al_degrader_E6_E5,21.27,0.02070890909090909
Al_degrader_E6_E5,21.33,0.020741636363636365
Al_degrader_E6_E5,21.39,0.02084581818181818
Al_degrader_E6_E5,21.45,0.02103190909090909
Al_degrader_E6_E5,21.509999999999998,0.021168272727272727
Al_degrader_E6_E5,21.57,0.021046181818181818
Al_degrader_E6_E5,21.63,0.021083818181818183
Al_degrader_E6_E5,21.689999999999998,0.021183454545454547
Al_degrader_E6_E5,21.75,0.02117372727272727
Al_degrader_E6_E5,21.81,0.02101881818181818
Al_degrader_E6_E5,21.869999999999997,0.020914
Al_degrader_E6_E5,21.93,0.020875545454545456
Al_degrader_E6_E5,21.990000000000002,0.020685363636363637
Al_degrader_E6_E5,22.049999999999997,0.02043190909090909
Al_degrader_E6_E5,22.11,0.020142272727272727
Al_degrader_E6_E5,22.17,0.01986018181818182
Al_degrader_E6_E5,22.229999999999997,0.01949127272727273
Al_degrader_E6_E5,22.29,0.01905690909090909
Al_degrader_E6_E5,22.35,0.018459090909090908
Al_degrader_E6_E5,22.409999999999997,0.017935
Al_degrader_E6_E5,22.47,0.017279
Al_degrader_E6_E5,22.53,0.016629181818181817
Al_degrader_E6_E5,22.589999999999996,0.015793727272727272
Al_degrader_E6_E5,22.65,0.01500209090909091
Al_degrader_E6_E5,22.71,0.01416790909090909
Al_degrader_E6_E5,22.77,0.013298636363636363
Al_degrader_E6_E5,22.83,0.012281545454545455
Al_degrader_E6_E5,22.89,0.011347363636363636
Al_degrader_E6_E5,22.95,0.010417454545454546
Al_degrader_E6_E5,23.009999999999998,0.009512272727272727
Al_degrader_E6_E5,23.07,0.008488545454545455
Al_degrader_E6_E5,23.13,0.007624272727272727
Al_degrader_E6_E5,23.189999999999998,0.006753818181818182
Al_degrader_E6_E5,23.25,0.005947818181818182
Al_degrader_E6_E5,23.31,0.005136818181818182
Al_degrader_E6_E5,23.369999999999997,0.004428090909090909
Al_degrader_E6_E5,23.43,0.0038115454545454546
Al_degrader_E6_E5,23.490000000000002,0.0031967272727272725
Al_degrader_E6_E5,23.549999999999997,0.0026684545454545455
Al_degrader_E6_E5,23.61,0.0022183636363636364
Al_degrader_E6_E5,23.67,0.0018098181818181818
Al_degrader_E6_E5,23.729999999999997,0.0014838181818181819
Al_degrader_E6_E5,23.79,0.001185090909090909
Al_degrader_E6_E5,23.85,0.000944
Al_degrader_E6_E5,23.909999999999997,0.0007217272727272728
Al_degrader_E6_E5,23.97,0.0005790909090909091
Al_degrader_E6_E5,24.03,0.0004439090909090909
Al_degrader_E6_E5,24.089999999999996,0.0003308181818181818
Al_degrader_E6_E5,24.15,0.00025136363636363637
Al_degrader_E6_E5,24.21,0.0001861818181818182
Al_degrader_E6_E5,24.27,0.00013572727272727271
Al_degrader_E6_E5,24.33,9.927272727272728e-05
Al_degrader_E6_E5,24.39,7e-05
Al_degrader_E6_E5,24.45,5.1454545454545455e-05
Al_degrader_E6_E5,24.509999999999998,3.381818181818182e-05
Al_degrader_E6_E5,24.57,2.2727272727272726e-05
Al_degrader_E6_E5,24.63,1.6727272727272726e-05
Al_degrader_E6_E5,24.689999999999998,1.2545454545454545e-05
Al_degrader_E6_E5,24.75,7.636363636363636e-06
Al_degrader_E6_E5,24.81,4.090909090909091e-06
Al_degrader_E6_E5,24.869999999999997,3e-06
Al_degrader_E6_E5,24.93,2.818181818181818e-06
Al_degrader_E6_E5,24.990000000000002,1.3636363636363636e-06
Al_degrader_E6_E5,25.049999999999997,1e-06
Al_degrader_E6_E5,25.11,6.363636363636364e-07
Al_degrader_E6_E5,25.17,4.545454545454545e-07
Al_degrader_E6_E5,25.229999999999997,0.0
Al_degrader_E6_E5,25.29,9.090909090909091e-08
Al_degrader_E6_E5,25.35,9.090909090909091e-08
Al_degrader_E6_E5,25.409999999999997,0.0
Al_degrader_E6_E5,25.47,0.0
Al_degrader_E6_E5,25.53,0.0
Al_degrader_E6_E5,25.589999999999996,9.090909090909091e-08
Ni11,16.53,3.3333333333333335e-07
Ni11,16.59,0.0
Ni11,16.65,0.0
Ni11,16.71,0.0
Ni11,16.77,3.3333333333333335e-07
Ni11,16.83,0.0
Ni11,16.89,3.3333333333333335e-07
Ni11,16.95,6.666666666666667e-07
Ni11,17.009999999999998,6.666666666666667e-07
Ni11,17.07,2.333333333333333e-06
Ni11,17.13,4e-06
Ni11,17.189999999999998,1.6666666666666667e-06
Ni11,17.25,6.333333333333333e-06
Ni11,17.310000000000002,7.333333333333333e-06
Ni11,17.369999999999997,8.666666666666666e-06
Ni11,17.43,1.1333333333333334e-05
Ni11,17.490000000000002,1.8e-05
Ni11,17.549999999999997,2.8333333333333332e-05
Ni11,17.61,3.866666666666667e-05
Ni11,17.67,4.633333333333333e-05
Ni11,17.729999999999997,7.7e-05
Ni11,17.79,9.6e-05
Ni11,17.85,0.000128
Ni11,17.909999999999997,0.00017633333333333333
Ni11,17.97,0.000238
Ni11,18.03,0.00030766666666666665
Ni11,18.09,0.000402
Ni11,18.15,0.0005406666666666666
Ni11,18.21,0.0007156666666666666
Ni11,18.27,0.0008943333333333334
Ni11,18.33,0.001156
Ni11,18.39,0.001444
Ni11,18.45,0.0018176666666666666
Ni11,18.509999999999998,0.0022573333333333334
Ni11,18.57,0.0028183333333333333
Ni11,18.63,0.0034816666666666668
Ni11,18.689999999999998,0.004273333333333333
Ni11,18.75,0.005073
Ni11,18.81,0.006088666666666667
Ni11,18.869999999999997,0.007261
Ni11,18.93,0.008553
Ni11,18.990000000000002,0.009973666666666667
Ni11,19.049999999999997,0.011478666666666667
Ni11,19.11,0.013255666666666667
Ni11,19.17,0.015146666666666666
Ni11,19.229999999999997,0.016951333333333332
Ni11,19.29,0.019025666666666666
Ni11,19.35,0.021179
Ni11,19.409999999999997,0.023180666666666665
Ni11,19.47,0.025232666666666667
Ni11,19.53,0.027458333333333335
Ni11,19.59,0.029221666666666667
Ni11,19.65,0.031088
Ni11,19.71,0.033027
Ni11,19.77,0.03435266666666666
Ni11,19.83,0.03539433333333333
Ni11,19.89,0.03654533333333333
Ni11,19.95,0.037181
Ni11,20.009999999999998,0.03750066666666667
Ni11,20.07,0.037575333333333336
Ni11,20.13,0.03730133333333333
Ni11,20.189999999999998,0.036604333333333336
Ni11,20.25,0.03568366666666667
Ni11,20.31,0.034408666666666664
Ni11,20.369999999999997,0.03289633333333333
Ni11,20.43,0.03128633333333333
Ni11,20.490000000000002,0.029236
Ni11,20.549999999999997,0.027325666666666668
Ni11,20.61,0.025146
Ni11,20.67,0.022788666666666665
Ni11,20.729999999999997,0.020831
Ni11,20.79,0.018654666666666667
Ni11,20.85,0.016422666666666665
Ni11,20.909999999999997,0.014531
Ni11,20.97,0.012744666666666666
Ni11,21.03,0.010863333333333332
Ni11,21.089999999999996,0.009244666666666667
Ni11,21.15,0.007894666666666666
Ni11,21.21,0.006655
Ni11,21.27,0.005484
Ni11,21.33,0.004489333333333333
Ni11,21.39,0.003719
Ni11,21.45,0.0029066666666666668
Ni11,21.509999999999998,0.0023703333333333332
Ni11,21.57,0.0019106666666666666
Ni11,21.63,0.0014223333333333334
Ni11,21.689999999999998,0.0011413333333333334
Ni11,21.75,0.0008763333333333333
Ni11,21.81,0.000636
Ni11,21.869999999999997,0.000489
Ni11,21.93,0.0003713333333333333
Ni11,21.990000000000002,0.000271
Ni11,22.049999999999997,0.00019366666666666667
Ni11,22.11,0.00013033333333333332
Ni11,22.17,0.00010033333333333334
Ni11,22.229999999999997,7.133333333333334e-05
Ni11,22.29,4.7e-05
Ni11,22.35,3.7e-05
Ni11,22.409999999999997,2.3333333333333332e-05
Ni11,22.47,1.5333333333333334e-05
Ni11,22.53,8.666666666666666e-06
Ni11,22.589999999999996,1.0333333333333333e-05
Ni11,22.65,5.666666666666667e-06
Ni11,22.71,2.666666666666667e-06
Ni11,22.77,2.333333333333333e-06
Ni11,22.83,1.3333333333333334e-06
Ni11,22.89,0.0
Ni11,22.95,6.666666666666667e-07
Ni11,23.009999999999998,0.0
Ni11,23.07,0.0
Ni11,23.13,3.3333333333333335e-07
Ni11,23.189999999999998,0.0
Ni11,23.25,0.0
Ni11,23.31,3.3333333333333335e-07
Sn11,16.409999999999997,3.3333333333333335e-07
Sn11,16.47,3.3333333333333335e-07
Sn11,16.53,3.3333333333333335e-07
Sn11,16.59,0.0
Sn11,16.65,0.0
Sn11,16.71,0.0
Sn11,16.77,3.3333333333333335e-07
Sn11,16.83,1e-06
Sn11,16.89,1.3333333333333334e-06
Sn11,16.95,3.6666666666666666e-06
Sn11,17.009999999999998,6e-06
Sn11,17.07,7e-06
Sn11,17.13,1e-05
Sn11,17.189999999999998,1.0666666666666667e-05
Sn11,17.25,1.5333333333333334e-05
Sn11,17.310000000000002,1.6666666666666667e-05
Sn11,17.369999999999997,2.4333333333333333e-05
Sn11,17.43,3.933333333333333e-05
Sn11,17.490000000000002,6.366666666666666e-05
Sn11,17.549999999999997,8.266666666666667e-05
Sn11,17.61,0.00011666666666666667
Sn11,17.67,0.00015666666666666666
Sn11,17.729999999999997,0.000213
Sn11,17.79,0.00027466666666666666
Sn11,17.85,0.000362
Sn11,17.909999999999997,0.00047633333333333333
Sn11,17.97,0.0006056666666666667
Sn11,18.03,0.000807
Sn11,18.09,0.0010626666666666666
Sn11,18.15,0.0013733333333333334
Sn11,18.21,0.0017356666666666666
Sn11,18.27,0.002141333333333333
Sn11,18.33,0.002668666666666667
Sn11,18.39,0.0032846666666666666
Sn11,18.45,0.003993666666666667
Sn11,18.509999999999998,0.004894666666666667
Sn11,18.57,0.006005
Sn11,18.63,0.007169666666666667
Sn11,18.689999999999998,0.008462666666666667
Sn11,18.75,0.009891333333333334
Sn11,18.81,0.011502333333333333
Sn11,18.869999999999997,0.013235333333333333
Sn11,18.93,0.015077333333333333
Sn11,18.990000000000002,0.017124
Sn11,19.049999999999997,0.019246333333333334
Sn11,19.11,0.021555
Sn11,19.17,0.023746333333333335
Sn11,19.229999999999997,0.025967333333333332
Sn11,19.29,0.027993
Sn11,19.35,0.029835333333333332
Sn11,19.409999999999997,0.031787666666666665
Sn11,19.47,0.033524
Sn11,19.53,0.03507
Sn11,19.59,0.036429333333333334
Sn11,19.65,0.03761
Sn11,19.71,0.038233333333333334
Sn11,19.77,0.03841766666666667
Sn11,19.83,0.03829266666666667
Sn11,19.89,0.03788433333333333
Sn11,19.95,0.03708566666666667
Sn11,20.009999999999998,0.036232
Sn11,20.07,0.03476566666666667
Sn11,20.13,0.03311466666666667
Sn11,20.189999999999998,0.031178666666666667
Sn11,20.25,0.029253333333333333
Sn11,20.31,0.027018666666666667
Sn11,20.369999999999997,0.024813666666666668
Sn11,20.43,0.022456
Sn11,20.490000000000002,0.020281
Sn11,20.549999999999997,0.018043333333333335
Sn11,20.61,0.015743333333333335
Sn11,20.67,0.013807
Sn11,20.729999999999997,0.011970333333333333
Sn11,20.79,0.010296333333333333
Sn11,20.85,0.008684333333333334
Sn11,20.909999999999997,0.007286333333333333
Sn11,20.97,0.006029666666666667
Sn11,21.03,0.004961666666666666
Sn11,21.089999999999996,0.0040546666666666665
Sn11,21.15,0.0032816666666666667
Sn11,21.21,0.002613
Sn11,21.27,0.002067
Sn11,21.33,0.0015966666666666666
Sn11,21.39,0.0012383333333333333
Sn11,21.45,0.0009423333333333333
Sn11,21.509999999999998,0.0007393333333333334
Sn11,21.57,0.0005503333333333333
Sn11,21.63,0.00040166666666666665
Sn11,21.689999999999998,0.0002776666666666667
Sn11,21.75,0.00020433333333333333
Sn11,21.81,0.000148
Sn11,21.869999999999997,0.000112
Sn11,21.93,7.8e-05
Sn11,21.990000000000002,5.3666666666666666e-05
Sn11,22.049999999999997,2.8666666666666668e-05
Sn11,22.11,2.3333333333333332e-05
Sn11,22.17,1.8666666666666665e-05
Sn11,22.229999999999997,1.4666666666666666e-05
Sn11,22.29,1.0666666666666667e-05
Sn11,22.35,6.333333333333333e-06
Sn11,22.409999999999997,4e-06
Sn11,22.47,1.6666666666666667e-06
Sn11,22.53,3.3333333333333335e-07
Sn11,22.589999999999996,6.666666666666667e-07
Sn11,22.65,0.0
Sn11,22.71,0.0
Sn11,22.77,0.0
Sn11,22.83,3.3333333333333335e-07
Sn11,22.89,3.3333333333333335e-07
Sn11,22.95,3.3333333333333335e-07
Ta11,16.049999999999997,3.3333333333333335e-07
Ta11,16.11,0.0
Ta11,16.17,0.0
Ta11,16.229999999999997,3.3333333333333335e-07
Ta11,16.29,0.0
Ta11,16.35,0.0
Ta11,16.409999999999997,6.666666666666667e-07
Ta11,16.47,6.666666666666667e-07
Ta11,16.53,3.3333333333333335e-07
Ta11,16.59,2.666666666666667e-06
Ta11,16.65,4.333333333333333e-06
Ta11,16.71,1.3333333333333334e-06
Ta11,16.77,8e-06
Ta11,16.83,8.666666666666666e-06
Ta11,16.89,5.666666666666667e-06
Ta11,16.95,1.5666666666666667e-05
Ta11,17.009999999999998,1.8333333333333333e-05
Ta11,17.07,2.4333333333333333e-05
Ta11,17.13,4.1666666666666665e-05
Ta11,17.189999999999998,4.6e-05
Ta11,17.25,7.2e-05
Ta11,17.310000000000002,0.000107
Ta11,17.369999999999997,0.000122
Ta11,17.43,0.000179
Ta11,17.490000000000002,0.00023733333333333335
Ta11,17.549999999999997,0.00030933333333333334
Ta11,17.61,0.00040733333333333333
Ta11,17.67,0.0005233333333333333
Ta11,17.729999999999997,0.0006873333333333333
Ta11,17.79,0.0008896666666666666
Ta11,17.85,0.0011253333333333334
Ta11,17.909999999999997,0.0014233333333333333
Ta11,17.97,0.0017763333333333333
Ta11,18.03,0.0022413333333333335
Ta11,18.09,0.00273
Ta11,18.15,0.003384
Ta11,18.21,0.004155333333333333
Ta11,18.27,0.004944
Ta11,18.33,0.005981333333333333
Ta11,18.39,0.007023
Ta11,18.45,0.008312666666666666
Ta11,18.509999999999998,0.009715666666666666
Ta11,18.57,0.011243333333333333
Ta11,18.63,0.012864
Ta11,18.689999999999998,0.014710666666666667
Ta11,18.75,0.016578666666666665
Ta11,18.81,0.018611333333333334
Ta11,18.869999999999997,0.020685333333333333
Ta11,18.93,0.022681333333333335
Ta11,18.990000000000002,0.024765333333333334
Ta11,19.049999999999997,0.026774333333333334
Ta11,19.11,0.028921333333333334
Ta11,19.17,0.030397333333333332
Ta11,19.229999999999997,0.032378333333333335
Ta11,19.29,0.033840666666666665
Ta11,19.35,0.034969
Ta11,19.409999999999997,0.03616333333333333
Ta11,19.47,0.036915
Ta11,19.53,0.03710666666666667
Ta11,19.59,0.03750766666666667
Ta11,19.65,0.037284
Ta11,19.71,0.03650933333333333
Ta11,19.77,0.035666
Ta11,19.83,0.034704
Ta11,19.89,0.033022333333333334
Ta11,19.95,0.03157133333333333
Ta11,20.009999999999998,0.029724333333333332
Ta11,20.07,0.027649666666666666
Ta11,20.13,0.025717666666666666
Ta11,20.189999999999998,0.023308
Ta11,20.25,0.021335
Ta11,20.31,0.019219333333333335
Ta11,20.369999999999997,0.016940333333333335
Ta11,20.43,0.015076333333333334
Ta11,20.490000000000002,0.013210333333333333
Ta11,20.549999999999997,0.011355666666666667
Ta11,20.61,0.009798333333333333
Ta11,20.67,0.008252
Ta11,20.729999999999997,0.007043666666666667
Ta11,20.79,0.005880666666666667
Ta11,20.85,0.004739
Ta11,20.909999999999997,0.003991666666666667
Ta11,20.97,0.003192
Ta11,21.03,0.002535
Ta11,21.089999999999996,0.0020656666666666666
Ta11,21.15,0.0016026666666666667
Ta11,21.21,0.001241
Ta11,21.27,0.0009693333333333333
Ta11,21.33,0.000715
Ta11,21.39,0.0005643333333333334
Ta11,21.45,0.00041833333333333333
Ta11,21.509999999999998,0.000298
Ta11,21.57,0.00022433333333333333
Ta11,21.63,0.00015466666666666667
Ta11,21.689999999999998,0.000112
Ta11,21.75,8.466666666666666e-05
Ta11,21.81,5.4e-05
Ta11,21.869999999999997,4.1666666666666665e-05
Ta11,21.93,2.8e-05
Ta11,21.990000000000002,1.9666666666666666e-05
Ta11,22.049999999999997,1.2666666666666667e-05
Ta11,22.11,1.1e-05
Ta11,22.17,7e-06
Ta11,22.229999999999997,4e-06
Ta11,22.29,3e-06
Ta11,22.35,1.6666666666666667e-06
Ta11,22.409999999999997,6.666666666666667e-07
Ta11,22.47,0.0
Ta11,22.53,6.666666666666667e-07
Ta11,22.589999999999996,0.0
Ta11,22.65,0.0
Ta11,22.71,3.3333333333333335e-07
Ta11,22.77,0.0
Ta11,22.83,3.3333333333333335e-07
Cu11,15.629999999999999,3.3333333333333335e-07
Cu11,15.69,0.0
Cu11,15.75,0.0
Cu11,15.809999999999999,3.3333333333333335e-07
Cu11,15.87,0.0
Cu11,15.93,0.0
Cu11,15.989999999999998,3.3333333333333335e-07
Cu11,16.049999999999997,1e-06
Cu11,16.11,3.3333333333333335e-07
Cu11,16.17,2.666666666666667e-06
Cu11,16.229999999999997,4e-06
Cu11,16.29,1.6666666666666667e-06
Cu11,16.35,6e-06
Cu11,16.409999999999997,7e-06
Cu11,16.47,8.333333333333334e-06
Cu11,16.53,9e-06
Cu11,16.59,1.7333333333333332e-05
Cu11,16.65,2.3666666666666668e-05
Cu11,16.71,3.2e-05
Cu11,16.77,4.3333333333333334e-05
Cu11,16.83,5.9e-05
Cu11,16.89,8.833333333333333e-05
Cu11,16.95,0.00011266666666666666
Cu11,17.009999999999998,0.000149
Cu11,17.07,0.0002
Cu11,17.13,0.000267
Cu11,17.189999999999998,0.000326
Cu11,17.25,0.00045633333333333333
Cu11,17.310000000000002,0.000585
Cu11,17.369999999999997,0.0007383333333333334
Cu11,17.43,0.000958
Cu11,17.490000000000002,0.0011836666666666666
Cu11,17.549999999999997,0.0015203333333333334
Cu11,17.61,0.00188
Cu11,17.67,0.002293
Cu11,17.729999999999997,0.002849
Cu11,17.79,0.0034946666666666668
Cu11,17.85,0.004232666666666667
Cu11,17.909999999999997,0.005036333333333334
Cu11,17.97,0.006018
Cu11,18.03,0.007116
Cu11,18.09,0.008367666666666667
Cu11,18.15,0.009650333333333334
Cu11,18.21,0.011158333333333333
Cu11,18.27,0.012775333333333333
Cu11,18.33,0.014571333333333334
Cu11,18.39,0.016314333333333333
Cu11,18.45,0.018268333333333334
Cu11,18.509999999999998,0.020243666666666667
Cu11,18.57,0.022230333333333335
Cu11,18.63,0.024123333333333333
Cu11,18.689999999999998,0.02621566666666667
Cu11,18.75,0.028094666666666667
Cu11,18.81,0.029695333333333334
Cu11,18.869999999999997,0.031531
Cu11,18.93,0.03317866666666667
Cu11,18.990000000000002,0.034006666666666664
Cu11,19.049999999999997,0.035237
Cu11,19.11,0.03623666666666667
Cu11,19.17,0.03632266666666667
Cu11,19.229999999999997,0.03670533333333333
Cu11,19.29,0.036740666666666665
Cu11,19.35,0.035945
Cu11,19.409999999999997,0.03533
Cu11,19.47,0.03448933333333333
Cu11,19.53,0.032819666666666664
Cu11,19.59,0.031566666666666666
Cu11,19.65,0.029886666666666666
Cu11,19.71,0.027853666666666665
Cu11,19.77,0.026020666666666668
Cu11,19.83,0.023979
Cu11,19.89,0.021673
Cu11,19.95,0.019859
Cu11,20.009999999999998,0.017726
Cu11,20.07,0.015640666666666667
Cu11,20.13,0.013897
Cu11,20.189999999999998,0.012110666666666667
Cu11,20.25,0.010415333333333334
Cu11,20.31,0.0089
Cu11,20.369999999999997,0.007607
Cu11,20.43,0.006462666666666667
Cu11,20.490000000000002,0.005284333333333334
Cu11,20.549999999999997,0.004388
Cu11,20.61,0.0036466666666666665
Cu11,20.67,0.0028603333333333332
Cu11,20.729999999999997,0.0023506666666666667
Cu11,20.79,0.0018886666666666667
Cu11,20.85,0.001426
Cu11,20.909999999999997,0.001168
Cu11,20.97,0.0008816666666666667
Cu11,21.03,0.0006476666666666666
Cu11,21.089999999999996,0.0005156666666666667
Cu11,21.15,0.000382
Cu11,21.21,0.00028133333333333336
Cu11,21.27,0.000215
Cu11,21.33,0.000136
Cu11,21.39,0.000103
Cu11,21.45,8.2e-05
Cu11,21.509999999999998,4.9e-05
Cu11,21.57,4e-05
Cu11,21.63,2.8333333333333332e-05
Cu11,21.689999999999998,1.6e-05
Cu11,21.75,1.2e-05
Cu11,21.81,1.0666666666666667e-05
Cu11,21.869999999999997,6.666666666666667e-06
Cu11,21.93,3.3333333333333333e-06
Cu11,21.990000000000002,3.3333333333333333e-06
Cu11,22.049999999999997,1.6666666666666667e-06
Cu11,22.11,6.666666666666667e-07
Cu11,22.17,0.0
Cu11,22.229999999999997,6.666666666666667e-07
Cu11,22.29,0.0
Cu11,22.35,0.0
Cu11,22.409999999999997,3.3333333333333335e-07
Cu11,22.47,0.0
Cu11,22.53,3.3333333333333335e-07
Al_degrader_E8_E7,12.03,6.666666666666667e-08
Al_degrader_E8_E7,12.09,0.0
Al_degrader_E8_E7,12.149999999999999,0.0
Al_degrader_E8_E7,12.21,0.0
Al_degrader_E8_E7,12.27,6.666666666666667e-08
Al_degrader_E8_E7,12.329999999999998,0.0
Al_degrader_E8_E7,12.39,0.0
Al_degrader_E8_E7,12.45,6.666666666666667e-08
Al_degrader_E8_E7,12.51,6.666666666666667e-08
Al_degrader_E8_E7,12.57,2e-07
Al_degrader_E8_E7,12.629999999999999,0.0
Al_degrader_E8_E7,12.69,4.6666666666666666e-07
Al_degrader_E8_E7,12.75,6e-07
Al_degrader_E8_E7,12.809999999999999,4.6666666666666666e-07
Al_degrader_E8_E7,12.870000000000001,6.666666666666667e-07
Al_degrader_E8_E7,12.93,8e-07
Al_degrader_E8_E7,12.989999999999998,1.4e-06
Al_degrader_E8_E7,13.05,1.4666666666666667e-06
Al_degrader_E8_E7,13.11,1.4e-06
Al_degrader_E8_E7,13.169999999999998,2.266666666666667e-06
Al_degrader_E8_E7,13.23,3.2e-06
Al_degrader_E8_E7,13.29,4.866666666666667e-06
Al_degrader_E8_E7,13.35,6.2e-06
Al_degrader_E8_E7,13.41,7e-06
Al_degrader_E8_E7,13.469999999999999,1.0333333333333333e-05
Al_degrader_E8_E7,13.53,1.36e-05
Al_degrader_E8_E7,13.59,1.7e-05
Al_degrader_E8_E7,13.649999999999999,2.1266666666666667e-05
Al_degrader_E8_E7,13.71,2.7333333333333335e-05
Al_degrader_E8_E7,13.77,3.5466666666666664e-05
Al_degrader_E8_E7,13.829999999999998,4.493333333333333e-05
Al_degrader_E8_E7,13.89,5.5266666666666664e-05
Al_degrader_E8_E7,13.95,6.72e-05
Al_degrader_E8_E7,14.009999999999998,8.846666666666667e-05
Al_degrader_E8_E7,14.07,0.00011326666666666666
Al_degrader_E8_E7,14.129999999999999,0.00013526666666666666
Al_degrader_E8_E7,14.19,0.00017006666666666666
Al_degrader_E8_E7,14.25,0.0002038
Al_degrader_E8_E7,14.309999999999999,0.00025213333333333335
Al_degrader_E8_E7,14.37,0.0003065333333333333
Al_degrader_E8_E7,14.43,0.0003734
Al_degrader_E8_E7,14.489999999999998,0.00044166666666666665
Al_degrader_E8_E7,14.55,0.0005238
Al_degrader_E8_E7,14.61,0.0006426666666666667
Al_degrader_E8_E7,14.669999999999998,0.0007610666666666667
Al_degrader_E8_E7,14.73,0.0009000666666666667
Al_degrader_E8_E7,14.79,0.0010436
Al_degrader_E8_E7,14.85,0.0012198666666666668
Al_degrader_E8_E7,14.91,0.0014212666666666668
Al_degrader_E8_E7,14.969999999999999,0.0016554666666666667
Al_degrader_E8_E7,15.03,0.0018902
Al_degrader_E8_E7,15.09,0.0021552666666666666
Al_degrader_E8_E7,15.149999999999999,0.002464333333333333
Al_degrader_E8_E7,15.21,0.0028157333333333335
Al_degrader_E8_E7,15.27,0.0031633333333333335
Al_degrader_E8_E7,15.329999999999998,0.0035421333333333334
Al_degrader_E8_E7,15.39,0.0039649333333333335
Al_degrader_E8_E7,15.45,0.004427133333333333
Al_degrader_E8_E7,15.509999999999998,0.004871333333333333
Al_degrader_E8_E7,15.57,0.0053410666666666665
Al_degrader_E8_E7,15.629999999999999,0.005873733333333333
Al_degrader_E8_E7,15.69,0.0064632
Al_degrader_E8_E7,15.75,0.006938333333333334
Al_degrader_E8_E7,15.809999999999999,0.007522866666666667
Al_degrader_E8_E7,15.87,0.0081334
Al_degrader_E8_E7,15.93,0.0087726
Al_degrader_E8_E7,15.989999999999998,0.009281866666666666
Al_degrader_E8_E7,16.049999999999997,0.009887066666666666
Al_degrader_E8_E7,16.11,0.0105328
Al_degrader_E8_E7,16.17,0.011099066666666667
Al_degrader_E8_E7,16.229999999999997,0.0116252
Al_degrader_E8_E7,16.29,0.012210933333333333
Al_degrader_E8_E7,16.35,0.012823866666666666
Al_degrader_E8_E7,16.409999999999997,0.013255266666666666
Al_degrader_E8_E7,16.47,0.013755066666666666
Al_degrader_E8_E7,16.53,0.014265933333333333
Al_degrader_E8_E7,16.59,0.014752733333333334
Al_degrader_E8_E7,16.65,0.0151108
Al_degrader_E8_E7,16.71,0.015504666666666667
Al_degrader_E8_E7,16.77,0.015881533333333333
Al_degrader_E8_E7,16.83,0.0162596
Al_degrader_E8_E7,16.89,0.016514733333333333
Al_degrader_E8_E7,16.95,0.016812866666666666
Al_degrader_E8_E7,17.009999999999998,0.017089533333333334
Al_degrader_E8_E7,17.07,0.017285933333333333
Al_degrader_E8_E7,17.13,0.017488666666666666
Al_degrader_E8_E7,17.189999999999998,0.017674
Al_degrader_E8_E7,17.25,0.017892
Al_degrader_E8_E7,17.310000000000002,0.0179748
Al_degrader_E8_E7,17.369999999999997,0.0181046
Al_degrader_E8_E7,17.43,0.018234466666666668
Al_degrader_E8_E7,17.490000000000002,0.018334666666666666
Al_degrader_E8_E7,17.549999999999997,0.018361066666666665
Al_degrader_E8_E7,17.61,0.018442666666666666
Al_degrader_E8_E7,17.67,0.0185194
Al_degrader_E8_E7,17.729999999999997,0.018464933333333333
Al_degrader_E8_E7,17.79,0.0184824
Al_degrader_E8_E7,17.85,0.018475666666666668
Al_degrader_E8_E7,17.909999999999997,0.0184738
Al_degrader_E8_E7,17.97,0.0183518
Al_degrader_E8_E7,18.03,0.0182826
Al_degrader_E8_E7,18.09,0.0182048
Al_degrader_E8_E7,18.15,0.017973
Al_degrader_E8_E7,18.21,0.017815533333333335
Al_degrader_E8_E7,18.27,0.0175994
Al_degrader_E8_E7,18.33,0.017358
Al_degrader_E8_E7,18.39,0.017019
Al_degrader_E8_E7,18.45,0.016694533333333334
Al_degrader_E8_E7,18.509999999999998,0.016342733333333335
Al_degrader_E8_E7,18.57,0.0158306
Al_degrader_E8_E7,18.63,0.015395133333333333
Al_degrader_E8_E7,18.689999999999998,0.0149082
Al_degrader_E8_E7,18.75,0.014296666666666666
Al_degrader_E8_E7,18.81,0.013728266666666667
Al_degrader_E8_E7,18.869999999999997,0.013089133333333332
Al_degrader_E8_E7,18.93,0.012424733333333333
Al_degrader_E8_E7,18.990000000000002,0.011745666666666666
Al_degrader_E8_E7,19.049999999999997,0.0110634
Al_degrader_E8_E7,19.11,0.010302466666666666
Al_degrader_E8_E7,19.17,0.009547333333333333
Al_degrader_E8_E7,19.229999999999997,0.008853533333333333
Al_degrader_E8_E7,19.29,0.008122066666666667
Al_degrader_E8_E7,19.35,0.0073829333333333335
Al_degrader_E8_E7,19.409999999999997,0.006713266666666667
Al_degrader_E8_E7,19.47,0.006035466666666667
Al_degrader_E8_E7,19.53,0.0053716
Al_degrader_E8_E7,19.59,0.0048063333333333335
Al_degrader_E8_E7,19.65,0.0042016
Al_degrader_E8_E7,19.71,0.003685466666666667
Al_degrader_E8_E7,19.77,0.003193
Al_degrader_E8_E7,19.83,0.0027638
Al_degrader_E8_E7,19.89,0.0023474666666666666
Al_degrader_E8_E7,19.95,0.0019860666666666666
Al_degrader_E8_E7,20.009999999999998,0.0016804666666666666
Al_degrader_E8_E7,20.07,0.0014116
Al_degrader_E8_E7,20.13,0.0011502666666666666
Al_degrader_E8_E7,20.189999999999998,0.0009497333333333333
Al_degrader_E8_E7,20.25,0.0007818
Al_degrader_E8_E7,20.31,0.0006138
Al_degrader_E8_E7,20.369999999999997,0.0005007333333333333
Al_degrader_E8_E7,20.43,0.00040733333333333333
Al_degrader_E8_E7,20.490000000000002,0.0003015333333333333
Al_degrader_E8_E7,20.549999999999997,0.0002466
Al_degrader_E8_E7,20.61,0.00018686666666666666
Al_degrader_E8_E7,20.67,0.0001398
Al_degrader_E8_E7,20.729999999999997,0.000111
Al_degrader_E8_E7,20.79,7.953333333333333e-05
Al_degrader_E8_E7,20.85,6.046666666666667e-05
Al_degrader_E8_E7,20.909999999999997,4.5933333333333336e-05
Al_degrader_E8_E7,20.97,3.02e-05
Al_degrader_E8_E7,21.03,2.3133333333333334e-05
Al_degrader_E8_E7,21.089999999999996,1.6533333333333333e-05
Al_degrader_E8_E7,21.15,1.1466666666666666e-05
Al_degrader_E8_E7,21.21,8.8e-06
Al_degrader_E8_E7,21.27,6.0666666666666665e-06
Al_degrader_E8_E7,21.33,3.8e-06
Al_degrader_E8_E7,21.39,2.4666666666666666e-06
Al_degrader_E8_E7,21.45,2.0666666666666666e-06
Al_degrader_E8_E7,21.509999999999998,1.6666666666666667e-06
Al_degrader_E8_E7,21.57,9.333333333333333e-07
Al_degrader_E8_E7,21.63,6e-07
Al_degrader_E8_E7,21.689999999999998,4.6666666666666666e-07
Al_degrader_E8_E7,21.75,2e-07
Al_degrader_E8_E7,21.81,0.0
Al_degrader_E8_E7,21.869999999999997,1.3333333333333334e-07
Al_degrader_E8_E7,21.93,0.0
Al_degrader_E8_E7,21.990000000000002,0.0
Al_degrader_E8_E7,22.049999999999997,6.666666666666667e-08
Al_degrader_E8_E7,22.11,0.0
Al_degrader_E8_E7,22.17,0.0
Al_degrader_E8_E7,22.229999999999997,6.666666666666667e-08
Ni12,11.43,3.3333333333333335e-07
Ni12,11.489999999999998,0.0
Ni12,11.55,0.0
Ni12,11.61,0.0
Ni12,11.669999999999998,0.0
Ni12,11.73,3.3333333333333335e-07
Ni12,11.79,0.0
Ni12,11.85,3.3333333333333335e-07
Ni12,11.91,0.0
Ni12,11.969999999999999,6.666666666666667e-07
Ni12,12.03,6.666666666666667e-07
Ni12,12.09,6.666666666666667e-07
Ni12,12.149999999999999,2.666666666666667e-06
Ni12,12.21,3e-06
Ni12,12.27,1.6666666666666667e-06
Ni12,12.329999999999998,4e-06
Ni12,12.39,4.666666666666666e-06
Ni12,12.45,6.666666666666667e-06
Ni12,12.51,6.333333333333333e-06
Ni12,12.57,6.333333333333333e-06
Ni12,12.629999999999999,1.3333333333333333e-05
Ni12,12.69,1.633333333333333e-05
Ni12,12.75,2.4666666666666665e-05
Ni12,12.809999999999999,2.8666666666666668e-05
Ni12,12.870000000000001,3.3333333333333335e-05
Ni12,12.93,4.766666666666667e-05
Ni12,12.989999999999998,6.4e-05
Ni12,13.05,7.933333333333333e-05
Ni12,13.11,0.0001
Ni12,13.169999999999998,0.00011866666666666667
Ni12,13.23,0.00015333333333333334
Ni12,13.29,0.00021
Ni12,13.35,0.0002503333333333333
Ni12,13.41,0.00030566666666666665
Ni12,13.469999999999999,0.00038666666666666667
Ni12,13.53,0.0004713333333333333
Ni12,13.59,0.000598
Ni12,13.649999999999999,0.000724
Ni12,13.71,0.0008723333333333334
Ni12,13.77,0.0010663333333333334
Ni12,13.829999999999998,0.0012756666666666667
Ni12,13.89,0.001546
Ni12,13.95,0.001814
Ni12,14.009999999999998,0.0021853333333333334
Ni12,14.07,0.0025986666666666667
Ni12,14.129999999999999,0.00308
Ni12,14.19,0.0036186666666666667
Ni12,14.25,0.004145333333333333
Ni12,14.309999999999999,0.004802
Ni12,14.37,0.005591
Ni12,14.43,0.006409333333333334
Ni12,14.489999999999998,0.007283
Ni12,14.55,0.008239
Ni12,14.61,0.009239333333333334
Ni12,14.669999999999998,0.010445666666666667
Ni12,14.73,0.011742
Ni12,14.79,0.012973333333333333
Ni12,14.85,0.0142
Ni12,14.91,0.015623333333333333
Ni12,14.969999999999999,0.017131
Ni12,15.03,0.018496666666666668
Ni12,15.09,0.019799666666666667
Ni12,15.149999999999999,0.021350333333333332
Ni12,15.21,0.0229
Ni12,15.27,0.024001666666666668
Ni12,15.329999999999998,0.025397666666666666
Ni12,15.39,0.026648333333333333
Ni12,15.45,0.027968
Ni12,15.509999999999998,0.028569666666666667
Ni12,15.57,0.029554
Ni12,15.629999999999999,0.030216
Ni12,15.69,0.030910666666666666
Ni12,15.75,0.03099733333333333
Ni12,15.809999999999999,0.031392333333333335
Ni12,15.87,0.03139433333333334
Ni12,15.93,0.031001333333333332
Ni12,15.989999999999998,0.030621666666666665
Ni12,16.049999999999997,0.030104333333333334
Ni12,16.11,0.029317333333333334
Ni12,16.17,0.028243666666666667
Ni12,16.229999999999997,0.027268
Ni12,16.29,0.026033333333333332
Ni12,16.35,0.024623666666666665
Ni12,16.409999999999997,0.023378
Ni12,16.47,0.021840333333333333
Ni12,16.53,0.020275
Ni12,16.59,0.018632666666666665
Ni12,16.65,0.017329
Ni12,16.71,0.015779666666666668
Ni12,16.77,0.014103333333333334
Ni12,16.83,0.012813666666666666
Ni12,16.89,0.011453666666666666
Ni12,16.95,0.010176
Ni12,17.009999999999998,0.008887
Ni12,17.07,0.0077543333333333336
Ni12,17.13,0.0067733333333333335
Ni12,17.189999999999998,0.005898
Ni12,17.25,0.005024666666666667
Ni12,17.310000000000002,0.004206333333333334
Ni12,17.369999999999997,0.0036023333333333333
Ni12,17.43,0.0030356666666666665
Ni12,17.490000000000002,0.002464333333333333
Ni12,17.549999999999997,0.0020553333333333335
Ni12,17.61,0.0017373333333333334
Ni12,17.67,0.0013666666666666666
Ni12,17.729999999999997,0.0011306666666666668
Ni12,17.79,0.0008666666666666666
Ni12,17.85,0.000722
Ni12,17.909999999999997,0.0005356666666666667
Ni12,17.97,0.000447
Ni12,18.03,0.00033433333333333335
Ni12,18.09,0.000263
Ni12,18.15,0.00019933333333333334
Ni12,18.21,0.000142
Ni12,18.27,0.000108
Ni12,18.33,8.433333333333333e-05
Ni12,18.39,6.166666666666667e-05
Ni12,18.45,4.3e-05
Ni12,18.509999999999998,3.4e-05
Ni12,18.57,2.8333333333333332e-05
Ni12,18.63,1.5666666666666667e-05
Ni12,18.689999999999998,1.1666666666666666e-05
Ni12,18.75,9e-06
Ni12,18.81,7.666666666666667e-06
Ni12,18.869999999999997,5e-06
Ni12,18.93,3e-06
Ni12,18.990000000000002,2.666666666666667e-06
Ni12,19.049999999999997,1.6666666666666667e-06
Ni12,19.11,6.666666666666667e-07
Ni12,19.17,0.0
Ni12,19.229999999999997,6.666666666666667e-07
Ni12,19.29,0.0
Ni12,19.35,0.0
Ni12,19.409999999999997,3.3333333333333335e-07
Ni12,19.47,0.0
Ni12,19.53,0.0
Ni12,19.59,3.3333333333333335e-07
Sn12,11.25,3.3333333333333335e-07
Sn12,11.309999999999999,3.3333333333333335e-07
Sn12,11.370000000000001,0.0
Sn12,11.43,3.3333333333333335e-07
Sn12,11.489999999999998,0.0
Sn12,11.55,0.0
Sn12,11.61,0.0
Sn12,11.669999999999998,0.0
Sn12,11.73,3.3333333333333335e-07
Sn12,11.79,6.666666666666667e-07
Sn12,11.85,1.3333333333333334e-06
Sn12,11.91,3.3333333333333335e-07
Sn12,11.969999999999999,3.3333333333333333e-06
Sn12,12.03,5e-06
Sn12,12.09,4.333333333333333e-06
Sn12,12.149999999999999,6.666666666666667e-06
Sn12,12.21,7.666666666666667e-06
Sn12,12.27,9.666666666666667e-06
Sn12,12.329999999999998,9.666666666666667e-06
Sn12,12.39,1.0333333333333333e-05
Sn12,12.45,1.4e-05
Sn12,12.51,2e-05
Sn12,12.57,2.7e-05
Sn12,12.629999999999999,3.866666666666667e-05
Sn12,12.69,5.5e-05
Sn12,12.75,7.033333333333334e-05
Sn12,12.809999999999999,8.8e-05
Sn12,12.870000000000001,0.00011166666666666667
Sn12,12.93,0.000147
Sn12,12.989999999999998,0.00017966666666666668
Sn12,13.05,0.000222
Sn12,13.11,0.0002666666666666667
Sn12,13.169999999999998,0.0003463333333333333
Sn12,13.23,0.00040666666666666667
Sn12,13.29,0.0005266666666666667
Sn12,13.35,0.0006453333333333334
Sn12,13.41,0.0008023333333333333
Sn12,13.469999999999999,0.0009816666666666667
Sn12,13.53,0.001211
Sn12,13.59,0.0014476666666666668
Sn12,13.649999999999999,0.0017273333333333333
Sn12,13.71,0.0020253333333333334
Sn12,13.77,0.002439
Sn12,13.829999999999998,0.002861
Sn12,13.89,0.003357666666666667
Sn12,13.95,0.003966666666666667
Sn12,14.009999999999998,0.004634
Sn12,14.07,0.005466
Sn12,14.129999999999999,0.0062566666666666665
Sn12,14.19,0.007103333333333333
Sn12,14.25,0.008055
Sn12,14.309999999999999,0.009131666666666666
Sn12,14.37,0.010284333333333333
Sn12,14.43,0.011503
Sn12,14.489999999999998,0.012797333333333334
Sn12,14.55,0.014106666666666667
Sn12,14.61,0.015530666666666667
Sn12,14.669999999999998,0.017145333333333332
Sn12,14.73,0.018636
Sn12,14.79,0.020186333333333334
Sn12,14.85,0.021611666666666668
Sn12,14.91,0.023030333333333333
Sn12,14.969999999999999,0.024272
Sn12,15.03,0.025544666666666667
Sn12,15.09,0.026961666666666665
Sn12,15.149999999999999,0.028070666666666667
Sn12,15.21,0.029067666666666665
Sn12,15.27,0.029983333333333334
Sn12,15.329999999999998,0.030938333333333335
Sn12,15.39,0.03142466666666666
Sn12,15.45,0.031802
Sn12,15.509999999999998,0.03193
Sn12,15.57,0.031749
Sn12,15.629999999999999,0.031459666666666664
Sn12,15.69,0.03103
Sn12,15.75,0.030592
Sn12,15.809999999999999,0.029713333333333335
Sn12,15.87,0.028629666666666668
Sn12,15.93,0.027483666666666667
Sn12,15.989999999999998,0.026129666666666666
Sn12,16.049999999999997,0.024877333333333335
Sn12,16.11,0.023386
Sn12,16.17,0.021889333333333334
Sn12,16.229999999999997,0.020226666666666667
Sn12,16.29,0.018627666666666667
Sn12,16.35,0.017121333333333332
Sn12,16.409999999999997,0.015532
Sn12,16.47,0.013937333333333333
Sn12,16.53,0.012407333333333333
Sn12,16.59,0.011154
Sn12,16.65,0.009856666666666666
Sn12,16.71,0.008695
Sn12,16.77,0.0075056666666666666
Sn12,16.83,0.006519333333333334
Sn12,16.89,0.005547
Sn12,16.95,0.0047276666666666665
Sn12,17.009999999999998,0.003988
Sn12,17.07,0.003377
Sn12,17.13,0.002831666666666667
Sn12,17.189999999999998,0.00233
Sn12,17.25,0.00189
Sn12,17.310000000000002,0.001548
Sn12,17.369999999999997,0.0012433333333333333
Sn12,17.43,0.000994
Sn12,17.490000000000002,0.0008013333333333334
Sn12,17.549999999999997,0.0006413333333333334
Sn12,17.61,0.0005143333333333333
Sn12,17.67,0.0003826666666666667
Sn12,17.729999999999997,0.0002916666666666667
Sn12,17.79,0.00020766666666666665
Sn12,17.85,0.00016433333333333333
Sn12,17.909999999999997,0.000125
Sn12,17.97,9.766666666666666e-05
Sn12,18.03,7.5e-05
Sn12,18.09,5e-05
Sn12,18.15,3.433333333333333e-05
Sn12,18.21,2.2333333333333332e-05
Sn12,18.27,1.9666666666666666e-05
Sn12,18.33,1.633333333333333e-05
Sn12,18.39,1.2333333333333333e-05
Sn12,18.45,9e-06
Sn12,18.509999999999998,7e-06
Sn12,18.57,5.333333333333334e-06
Sn12,18.63,2.333333333333333e-06
Sn12,18.689999999999998,1e-06
Sn12,18.75,3.3333333333333335e-07
Sn12,18.81,3.3333333333333335e-07
Sn12,18.869999999999997,0.0
Sn12,18.93,0.0
Sn12,18.990000000000002,0.0
Sn12,19.049999999999997,0.0
Sn12,19.11,3.3333333333333335e-07
Sn12,19.17,3.3333333333333335e-07
Sn12,19.229999999999997,3.3333333333333335e-07
Ta12,10.77,3.3333333333333335e-07
Ta12,10.829999999999998,0.0
Ta12,10.89,0.0
Ta12,10.95,0.0
Ta12,11.01,3.3333333333333335e-07
Ta12,11.07,0.0
Ta12,11.129999999999999,0.0
Ta12,11.19,0.0
Ta12,11.25,6.666666666666667e-07
Ta12,11.309999999999999,3.3333333333333335e-07
Ta12,11.370000000000001,3.3333333333333335e-07
Ta12,11.43,3.3333333333333335e-07
Ta12,11.489999999999998,2.333333333333333e-06
Ta12,11.55,2.666666666666667e-06
Ta12,11.61,2.666666666666667e-06
Ta12,11.669999999999998,6.666666666666667e-07
Ta12,11.73,7.333333333333333e-06
Ta12,11.79,5.333333333333334e-06
Ta12,11.85,5.666666666666667e-06
Ta12,11.91,5.666666666666667e-06
Ta12,11.969999999999999,1.1666666666666666e-05
Ta12,12.03,1.3666666666666667e-05
Ta12,12.09,1.5e-05
Ta12,12.149999999999999,2.4e-05
Ta12,12.21,3.3e-05
Ta12,12.27,3.4e-05
Ta12,12.329999999999998,5.1e-05
Ta12,12.39,6.333333333333333e-05
Ta12,12.45,8.566666666666667e-05
Ta12,12.51,9.433333333333333e-05
Ta12,12.57,0.00012833333333333333
Ta12,12.629999999999999,0.00015966666666666665
Ta12,12.69,0.00021166666666666667
Ta12,12.75,0.00024066666666666667
Ta12,12.809999999999999,0.0003006666666666667
Ta12,12.870000000000001,0.00038933333333333333
Ta12,12.93,0.0004676666666666667
Ta12,12.989999999999998,0.0005773333333333333
Ta12,13.05,0.000702
Ta12,13.11,0.000855
Ta12,13.169999999999998,0.001029
Ta12,13.23,0.0012356666666666666
Ta12,13.29,0.0014833333333333332
Ta12,13.35,0.001768
Ta12,13.41,0.0020943333333333335
Ta12,13.469999999999999,0.0024616666666666667
Ta12,13.53,0.0029323333333333332
Ta12,13.59,0.0034206666666666665
Ta12,13.649999999999999,0.0039506666666666666
Ta12,13.71,0.004593666666666667
Ta12,13.77,0.005283
Ta12,13.829999999999998,0.006042
Ta12,13.89,0.006899333333333334
Ta12,13.95,0.007844333333333333
Ta12,14.009999999999998,0.008806
Ta12,14.07,0.009807666666666666
Ta12,14.129999999999999,0.011087666666666666
Ta12,14.19,0.012249333333333333
Ta12,14.25,0.013491
Ta12,14.309999999999999,0.014830666666666667
Ta12,14.37,0.016265333333333333
Ta12,14.43,0.017641333333333332
Ta12,14.489999999999998,0.018956
Ta12,14.55,0.020340333333333332
Ta12,14.61,0.021696333333333335
Ta12,14.669999999999998,0.023197
Ta12,14.73,0.024313333333333333
Ta12,14.79,0.025539
Ta12,14.85,0.026802
Ta12,14.91,0.027868333333333332
Ta12,14.969999999999999,0.028497666666666668
Ta12,15.03,0.029437333333333333
Ta12,15.09,0.030232333333333333
Ta12,15.149999999999999,0.030436666666666667
Ta12,15.21,0.03071166666666667
Ta12,15.27,0.030959333333333332
Ta12,15.329999999999998,0.030893
Ta12,15.39,0.030490666666666666
Ta12,15.45,0.02997966666666667
Ta12,15.509999999999998,0.029460333333333335
Ta12,15.57,0.028670666666666667
Ta12,15.629999999999999,0.027492
Ta12,15.69,0.026604666666666665
Ta12,15.75,0.025563333333333334
Ta12,15.809999999999999,0.023858666666666667
Ta12,15.87,0.022676
Ta12,15.93,0.021358666666666668
Ta12,15.989999999999998,0.019620666666666668
Ta12,16.049999999999997,0.018267333333333333
Ta12,16.11,0.016805333333333332
Ta12,16.17,0.015274
Ta12,16.229999999999997,0.013733333333333334
Ta12,16.29,0.012499333333333333
Ta12,16.35,0.011170666666666667
Ta12,16.409999999999997,0.009808
Ta12,16.47,0.008689666666666667
Ta12,16.53,0.007651666666666667
Ta12,16.59,0.00659
Ta12,16.65,0.005763666666666667
Ta12,16.71,0.004984666666666667
Ta12,16.77,0.004097
Ta12,16.83,0.003569
Ta12,16.89,0.0030053333333333334
Ta12,16.95,0.0024413333333333335
Ta12,17.009999999999998,0.002039
Ta12,17.07,0.001724
Ta12,17.13,0.00138
Ta12,17.189999999999998,0.001093
Ta12,17.25,0.0009093333333333333
Ta12,17.310000000000002,0.0007246666666666666
Ta12,17.369999999999997,0.0005466666666666667
Ta12,17.43,0.00044533333333333333
Ta12,17.490000000000002,0.00036133333333333335
Ta12,17.549999999999997,0.0002556666666666667
Ta12,17.61,0.00021166666666666667
Ta12,17.67,0.000154
Ta12,17.729999999999997,0.000107
Ta12,17.79,8.666666666666667e-05
Ta12,17.85,6.9e-05
Ta12,17.909999999999997,4.6e-05
Ta12,17.97,3.633333333333333e-05
Ta12,18.03,2.7666666666666667e-05
Ta12,18.09,1.8333333333333333e-05
Ta12,18.15,1.3333333333333333e-05
Ta12,18.21,9.666666666666667e-06
Ta12,18.27,9.666666666666667e-06
Ta12,18.33,5.333333333333334e-06
Ta12,18.39,3.6666666666666666e-06
Ta12,18.45,3e-06
Ta12,18.509999999999998,1.6666666666666667e-06
Ta12,18.57,1e-06
Ta12,18.63,0.0
Ta12,18.689999999999998,3.3333333333333335e-07
Ta12,18.75,3.3333333333333335e-07
Ta12,18.81,0.0
Ta12,18.869999999999997,0.0
Ta12,18.93,3.3333333333333335e-07
Ta12,18.990000000000002,0.0
Ta12,19.049999999999997,0.0
Ta12,19.11,3.3333333333333335e-07
Cu12,10.169999999999998,3.3333333333333335e-07
Cu12,10.23,0.0
Cu12,10.29,0.0
Cu12,10.35,0.0
Cu12,10.41,0.0
Cu12,10.469999999999999,3.3333333333333335e-07
Cu12,10.53,0.0
Cu12,10.59,0.0
Cu12,10.649999999999999,0.0
Cu12,10.71,3.3333333333333335e-07
Cu12,10.77,6.666666666666667e-07
Cu12,10.829999999999998,6.666666666666667e-07
Cu12,10.89,0.0
Cu12,10.95,2.666666666666667e-06
Cu12,11.01,2.333333333333333e-06
Cu12,11.07,2.333333333333333e-06
Cu12,11.129999999999999,1e-06
Cu12,11.19,5.666666666666667e-06
Cu12,11.25,5.333333333333334e-06
Cu12,11.309999999999999,6.333333333333333e-06
Cu12,11.370000000000001,5.333333333333334e-06
Cu12,11.43,7.666666666666667e-06
Cu12,11.489999999999998,1.2666666666666667e-05
Cu12,11.55,1.4333333333333334e-05
Cu12,11.61,2.2666666666666668e-05
Cu12,11.669999999999998,2.4e-05
Cu12,11.73,3.3e-05
Cu12,11.79,3.8333333333333334e-05
Cu12,11.85,5.566666666666667e-05
Cu12,11.91,7.333333333333333e-05
Cu12,11.969999999999999,8.7e-05
Cu12,12.03,0.00010133333333333333
Cu12,12.09,0.000134
Cu12,12.149999999999999,0.00016466666666666667
Cu12,12.21,0.00021233333333333334
Cu12,12.27,0.00024366666666666666
Cu12,12.329999999999998,0.000316
Cu12,12.39,0.00037966666666666666
Cu12,12.45,0.00047033333333333335
Cu12,12.51,0.0005736666666666667
Cu12,12.57,0.0006943333333333334
Cu12,12.629999999999999,0.0008293333333333333
Cu12,12.69,0.00101
Cu12,12.75,0.001186
Cu12,12.809999999999999,0.0014203333333333333
Cu12,12.870000000000001,0.0016923333333333332
Cu12,12.93,0.001975
Cu12,12.989999999999998,0.002325666666666667
Cu12,13.05,0.0027476666666666665
Cu12,13.11,0.003233
Cu12,13.169999999999998,0.003727
Cu12,13.23,0.004286666666666667
Cu12,13.29,0.0048783333333333335
Cu12,13.35,0.005637666666666667
Cu12,13.41,0.006398
Cu12,13.469999999999999,0.007242
Cu12,13.53,0.008136
Cu12,13.59,0.009073666666666667
Cu12,13.649999999999999,0.010201333333333333
Cu12,13.71,0.011327333333333333
Cu12,13.77,0.012475666666666666
Cu12,13.829999999999998,0.013618
Cu12,13.89,0.015026
Cu12,13.95,0.016311666666666665
Cu12,14.009999999999998,0.017595
Cu12,14.07,0.018764
Cu12,14.129999999999999,0.020224
Cu12,14.19,0.021538666666666668
Cu12,14.25,0.022898
Cu12,14.309999999999999,0.023807333333333333
Cu12,14.37,0.025127
Cu12,14.43,0.026352
Cu12,14.489999999999998,0.027222
Cu12,14.55,0.027856666666666665
Cu12,14.61,0.028695666666666668
Cu12,14.669999999999998,0.029475
Cu12,14.73,0.029638666666666667
Cu12,14.79,0.029967
Cu12,14.85,0.030094
Cu12,14.91,0.030256666666666668
Cu12,14.969999999999999,0.029673666666666668
Cu12,15.03,0.029308
Cu12,15.09,0.028741333333333334
Cu12,15.149999999999999,0.028154
Cu12,15.21,0.026988666666666668
Cu12,15.27,0.026199666666666666
Cu12,15.329999999999998,0.025025
Cu12,15.39,0.023712333333333332
Cu12,15.45,0.02253
Cu12,15.509999999999998,0.021218333333333332
Cu12,15.57,0.019777333333333334
Cu12,15.629999999999999,0.018151666666666667
Cu12,15.69,0.016937
Cu12,15.75,0.015528
Cu12,15.809999999999999,0.013992666666666667
Cu12,15.87,0.012729333333333334
Cu12,15.93,0.011494
Cu12,15.989999999999998,0.010229333333333333
Cu12,16.049999999999997,0.009049333333333333
Cu12,16.11,0.00802
Cu12,16.17,0.006934333333333333
Cu12,16.229999999999997,0.006115
Cu12,16.29,0.005311
Cu12,16.35,0.004483333333333333
Cu12,16.409999999999997,0.0038176666666666667
Cu12,16.47,0.0032853333333333332
Cu12,16.53,0.0027773333333333335
Cu12,16.59,0.002216
Cu12,16.65,0.001928
Cu12,16.71,0.0016026666666666667
Cu12,16.77,0.0012583333333333333
Cu12,16.83,0.0010333333333333334
Cu12,16.89,0.0008353333333333333
Cu12,16.95,0.0006786666666666667
Cu12,17.009999999999998,0.0005156666666666667
Cu12,17.07,0.000427
Cu12,17.13,0.000328
Cu12,17.189999999999998,0.00025633333333333335
Cu12,17.25,0.00019833333333333332
Cu12,17.310000000000002,0.00014766666666666666
Cu12,17.369999999999997,0.00010533333333333334
Cu12,17.43,7.8e-05
Cu12,17.490000000000002,7.233333333333333e-05
Cu12,17.549999999999997,4.233333333333333e-05
Cu12,17.61,3.7e-05
Cu12,17.67,2.5333333333333334e-05
Cu12,17.729999999999997,1.9666666666666666e-05
Cu12,17.79,1.3666666666666667e-05
Cu12,17.85,8.666666666666666e-06
Cu12,17.909999999999997,9.333333333333333e-06
Cu12,17.97,6e-06
Cu12,18.03,3.6666666666666666e-06
Cu12,18.09,3e-06
Cu12,18.15,1.3333333333333334e-06
Cu12,18.21,1.3333333333333334e-06
Cu12,18.27,3.3333333333333335e-07
Cu12,18.33,0.0
Cu12,18.39,6.666666666666667e-07
Cu12,18.45,0.0
Cu12,18.509999999999998,0.0
Cu12,18.57,3.3333333333333335e-07
Cu12,18.63,0.0
Cu12,18.689999999999998,0.0
Cu12,18.75,3.3333333333333335e-07
Al_degrader_E9,7.65,8.333333333333334e-08
Al_degrader_E9,7.709999999999999,0.0
Al_degrader_E9,7.77,0.0
Al_degrader_E9,7.83,0.0
Al_degrader_E9,7.89,8.333333333333334e-08
Al_degrader_E9,7.949999999999999,0.0
Al_degrader_E9,8.01,0.0
Al_degrader_E9,8.07,0.0
Al_degrader_E9,8.129999999999999,0.0
Al_degrader_E9,8.19,8.333333333333334e-08
Al_degrader_E9,8.25,8.333333333333334e-08
Al_degrader_E9,8.309999999999999,0.0
Al_degrader_E9,8.370000000000001,8.333333333333334e-08
Al_degrader_E9,8.43,1.6666666666666668e-07
Al_degrader_E9,8.489999999999998,1.6666666666666668e-07
Al_degrader_E9,8.55,1.6666666666666668e-07
Al_degrader_E9,8.61,6.666666666666667e-07
Al_degrader_E9,8.67,5.833333333333333e-07
Al_degrader_E9,8.73,5.833333333333333e-07
Al_degrader_E9,8.79,3.3333333333333335e-07
Al_degrader_E9,8.85,1.3333333333333334e-06
Al_degrader_E9,8.91,1.5e-06
Al_degrader_E9,8.969999999999999,1.0833333333333333e-06
Al_degrader_E9,9.030000000000001,1e-06
Al_degrader_E9,9.09,2.5e-06
Al_degrader_E9,9.149999999999999,2.5e-06
Al_degrader_E9,9.21,2e-06
Al_degrader_E9,9.27,3.75e-06
Al_degrader_E9,9.329999999999998,4.75e-06
Al_degrader_E9,9.39,5.583333333333333e-06
Al_degrader_E9,9.45,6.5e-06
Al_degrader_E9,9.51,9e-06
Al_degrader_E9,9.57,1.075e-05
Al_degrader_E9,9.629999999999999,1.3833333333333334e-05
Al_degrader_E9,9.69,1.7166666666666666e-05
Al_degrader_E9,9.75,1.9833333333333332e-05
Al_degrader_E9,9.809999999999999,2.4833333333333335e-05
Al_degrader_E9,9.870000000000001,2.8166666666666666e-05
Al_degrader_E9,9.93,3.9166666666666665e-05
Al_degrader_E9,9.989999999999998,4.3916666666666666e-05
Al_degrader_E9,10.05,5.3666666666666666e-05
Al_degrader_E9,10.11,6.533333333333333e-05
Al_degrader_E9,10.169999999999998,7.433333333333333e-05
Al_degrader_E9,10.23,9.3e-05
Al_degrader_E9,10.29,0.00011425
Al_degrader_E9,10.35,0.00013591666666666667
Al_degrader_E9,10.41,0.00015791666666666667
Al_degrader_E9,10.469999999999999,0.00019283333333333332
Al_degrader_E9,10.53,0.00023125
Al_degrader_E9,10.59,0.00026575
Al_degrader_E9,10.649999999999999,0.00031975
Al_degrader_E9,10.71,0.00037708333333333333
Al_degrader_E9,10.77,0.00043375
Al_degrader_E9,10.829999999999998,0.0005148333333333333
Al_degrader_E9,10.89,0.0005961666666666667
Al_degrader_E9,10.95,0.0006905833333333333
Al_degrader_E9,11.01,0.0008058333333333333
Al_degrader_E9,11.07,0.0009386666666666666
Al_degrader_E9,11.129999999999999,0.001076
Al_degrader_E9,11.19,0.0012393333333333334
Al_degrader_E9,11.25,0.0014325
Al_degrader_E9,11.309999999999999,0.00162
Al_degrader_E9,11.370000000000001,0.0018388333333333334
Al_degrader_E9,11.43,0.0020934166666666666
Al_degrader_E9,11.489999999999998,0.0023833333333333332
Al_degrader_E9,11.55,0.002650833333333333
Al_degrader_E9,11.61,0.0029981666666666668
Al_degrader_E9,11.669999999999998,0.003357
Al_degrader_E9,11.73,0.0037363333333333333
Al_degrader_E9,11.79,0.00418875
Al_degrader_E9,11.85,0.004622083333333333
Al_degrader_E9,11.91,0.005110333333333333
Al_degrader_E9,11.969999999999999,0.005656
Al_degrader_E9,12.03,0.006189166666666667
Al_degrader_E9,12.09,0.006763916666666666
Al_degrader_E9,12.149999999999999,0.0074185833333333335
Al_degrader_E9,12.21,0.008015166666666667
Al_degrader_E9,12.27,0.00868825
Al_degrader_E9,12.329999999999998,0.009434416666666667
Al_degrader_E9,12.39,0.010139416666666666
Al_degrader_E9,12.45,0.010819166666666666
Al_degrader_E9,12.51,0.011676666666666667
Al_degrader_E9,12.57,0.012430916666666667
Al_degrader_E9,12.629999999999999,0.0131925
Al_degrader_E9,12.69,0.0140265
Al_degrader_E9,12.75,0.0148235
Al_degrader_E9,12.809999999999999,0.01556475
Al_degrader_E9,12.870000000000001,0.01640425
Al_degrader_E9,12.93,0.017121666666666667
Al_degrader_E9,12.989999999999998,0.01787175
Al_degrader_E9,13.05,0.01868625
Al_degrader_E9,13.11,0.019276083333333333
Al_degrader_E9,13.169999999999998,0.019954833333333335
Al_degrader_E9,13.23,0.02062675
Al_degrader_E9,13.29,0.021125166666666667
Al_degrader_E9,13.35,0.02168075
Al_degrader_E9,13.41,0.022117
Al_degrader_E9,13.469999999999999,0.022499083333333333
Al_degrader_E9,13.53,0.022900083333333335
Al_degrader_E9,13.59,0.023069333333333334
Al_degrader_E9,13.649999999999999,0.02332241666666667
Al_degrader_E9,13.71,0.023453583333333333
Al_degrader_E9,13.77,0.023439833333333333
Al_degrader_E9,13.829999999999998,0.023446166666666667
Al_degrader_E9,13.89,0.023359166666666667
Al_degrader_E9,13.95,0.023100166666666668
Al_degrader_E9,14.009999999999998,0.02286825
Al_degrader_E9,14.07,0.02250325
Al_degrader_E9,14.129999999999999,0.022095
Al_degrader_E9,14.19,0.021633583333333335
Al_degrader_E9,14.25,0.0210895
Al_degrader_E9,14.309999999999999,0.020477916666666665
Al_degrader_E9,14.37,0.019835583333333334
Al_degrader_E9,14.43,0.019083583333333334
Al_degrader_E9,14.489999999999998,0.018346
Al_degrader_E9,14.55,0.01748158333333333
Al_degrader_E9,14.61,0.016708833333333332
Al_degrader_E9,14.669999999999998,0.015813583333333332
Al_degrader_E9,14.73,0.014910916666666666
Al_degrader_E9,14.79,0.014056916666666667
Al_degrader_E9,14.85,0.013118916666666666
Al_degrader_E9,14.91,0.01227175
Al_degrader_E9,14.969999999999999,0.0113495
Al_degrader_E9,15.03,0.010451916666666667
Al_degrader_E9,15.09,0.009628166666666667
Al_degrader_E9,15.149999999999999,0.008782333333333333
Al_degrader_E9,15.21,0.008003333333333333
Al_degrader_E9,15.27,0.007230833333333333
Al_degrader_E9,15.329999999999998,0.006514333333333333
Al_degrader_E9,15.39,0.005823083333333334
Al_degrader_E9,15.45,0.005181916666666666
Al_degrader_E9,15.509999999999998,0.0046085
Al_degrader_E9,15.57,0.004048416666666666
Al_degrader_E9,15.629999999999999,0.003547
Al_degrader_E9,15.69,0.003079
Al_degrader_E9,15.75,0.002681583333333333
Al_degrader_E9,15.809999999999999,0.002312666666666667
Al_degrader_E9,15.87,0.001970833333333333
Al_degrader_E9,15.93,0.00168225
Al_degrader_E9,15.989999999999998,0.001416
Al_degrader_E9,16.049999999999997,0.00119075
Al_degrader_E9,16.11,0.0010070833333333334
Al_degrader_E9,16.17,0.0008199166666666667
Al_degrader_E9,16.229999999999997,0.0006881666666666667
Al_degrader_E9,16.29,0.0005688333333333333
Al_degrader_E9,16.35,0.00045108333333333334
Al_degrader_E9,16.409999999999997,0.00037058333333333333
Al_degrader_E9,16.47,0.00029475
Al_degrader_E9,16.53,0.000238
Al_degrader_E9,16.59,0.00018833333333333332
Al_degrader_E9,16.65,0.00014825
Al_degrader_E9,16.71,0.00011725
Al_degrader_E9,16.77,8.916666666666666e-05
Al_degrader_E9,16.83,6.925e-05
Al_degrader_E9,16.89,5.133333333333333e-05
Al_degrader_E9,16.95,4.1416666666666666e-05
Al_degrader_E9,17.009999999999998,2.925e-05
Al_degrader_E9,17.07,2.225e-05
Al_degrader_E9,17.13,1.6833333333333334e-05
Al_degrader_E9,17.189999999999998,1.3e-05
Al_degrader_E9,17.25,9.75e-06
Al_degrader_E9,17.310000000000002,6.833333333333334e-06
Al_degrader_E9,17.369999999999997,4.666666666666666e-06
Al_degrader_E9,17.43,3.75e-06
Al_degrader_E9,17.490000000000002,2.8333333333333335e-06
Al_degrader_E9,17.549999999999997,2.0833333333333334e-06
Al_degrader_E9,17.61,1.5e-06
Al_degrader_E9,17.67,9.166666666666666e-07
Al_degrader_E9,17.729999999999997,9.166666666666666e-07
Al_degrader_E9,17.79,3.3333333333333335e-07
Al_degrader_E9,17.85,3.3333333333333335e-07
Al_degrader_E9,17.909999999999997,0.0
Al_degrader_E9,17.97,1.6666666666666668e-07
Al_degrader_E9,18.03,0.0
Al_degrader_E9,18.09,8.333333333333334e-08
Al_degrader_E9,18.15,0.0
Al_degrader_E9,18.21,0.0
Al_degrader_E9,18.27,8.333333333333334e-08
Al_degrader_E9,18.33,0.0
Al_degrader_E9,18.39,8.333333333333334e-08
Ni13,6.81,2e-07
Ni13,6.869999999999999,0.0
Ni13,6.93,0.0
Ni13,6.99,0.0
Ni13,7.05,2e-07
Ni13,7.109999999999999,0.0
Ni13,7.17,0.0
Ni13,7.2299999999999995,2e-07
Ni13,7.289999999999999,0.0
Ni13,7.35,0.0
Ni13,7.41,0.0
Ni13,7.47,4e-07
Ni13,7.529999999999999,0.0
Ni13,7.59,2e-07
Ni13,7.65,4e-07
Ni13,7.709999999999999,4e-07
Ni13,7.77,4e-07
Ni13,7.83,1.4e-06
Ni13,7.89,1.2e-06
Ni13,7.949999999999999,1.4e-06
Ni13,8.01,1.8e-06
Ni13,8.07,1.8e-06
Ni13,8.129999999999999,4e-06
Ni13,8.19,2.6e-06
Ni13,8.25,3.4e-06
Ni13,8.309999999999999,5e-06
Ni13,8.370000000000001,4.6e-06
Ni13,8.43,6.4e-06
Ni13,8.489999999999998,6.2e-06
Ni13,8.55,1e-05
Ni13,8.61,1.14e-05
Ni13,8.67,1.4e-05
Ni13,8.73,1.62e-05
Ni13,8.79,2.4e-05
Ni13,8.85,2.32e-05
Ni13,8.91,3.2e-05
Ni13,8.969999999999999,4.18e-05
Ni13,9.030000000000001,4.56e-05
Ni13,9.09,5.9e-05
Ni13,9.149999999999999,6.98e-05
Ni13,9.21,8.48e-05
Ni13,9.27,0.0001048
Ni13,9.329999999999998,0.0001204
Ni13,9.39,0.0001454
Ni13,9.45,0.000176
Ni13,9.51,0.0001954
Ni13,9.57,0.0002474
Ni13,9.629999999999999,0.000297
Ni13,9.69,0.000335
Ni13,9.75,0.0004112
Ni13,9.809999999999999,0.0004794
Ni13,9.870000000000001,0.0005654
Ni13,9.93,0.0006674
Ni13,9.989999999999998,0.0007786
Ni13,10.05,0.0009044
Ni13,10.11,0.0010438
Ni13,10.169999999999998,0.0012152
Ni13,10.23,0.0013892
Ni13,10.29,0.0016254
Ni13,10.35,0.0018468
Ni13,10.41,0.0021202
Ni13,10.469999999999999,0.0024336
Ni13,10.53,0.0027858
Ni13,10.59,0.0031626
Ni13,10.649999999999999,0.003548
Ni13,10.71,0.004018
Ni13,10.77,0.0045122
Ni13,10.829999999999998,0.005022
Ni13,10.89,0.0056394
Ni13,10.95,0.006273
Ni13,11.01,0.0069268
Ni13,11.07,0.0076524
Ni13,11.129999999999999,0.0084336
Ni13,11.19,0.009262
Ni13,11.25,0.0101068
Ni13,11.309999999999999,0.010992
Ni13,11.370000000000001,0.011914
Ni13,11.43,0.0129058
Ni13,11.489999999999998,0.0138952
Ni13,11.55,0.0148906
Ni13,11.61,0.0158674
Ni13,11.669999999999998,0.0168388
Ni13,11.73,0.017894
Ni13,11.79,0.018973
Ni13,11.85,0.0198398
Ni13,11.91,0.0207896
Ni13,11.969999999999999,0.0217004
Ni13,12.03,0.0225208
Ni13,12.09,0.0233772
Ni13,12.149999999999999,0.0240174
Ni13,12.21,0.0247486
Ni13,12.27,0.0252088
Ni13,12.329999999999998,0.0257928
Ni13,12.39,0.0260786
Ni13,12.45,0.0262596
Ni13,12.51,0.0264822
Ni13,12.57,0.026484
Ni13,12.629999999999999,0.0265022
Ni13,12.69,0.0260242
Ni13,12.75,0.0259478
Ni13,12.809999999999999,0.0253076
Ni13,12.870000000000001,0.0248316
Ni13,12.93,0.0240756
Ni13,12.989999999999998,0.0234542
Ni13,13.05,0.0225664
Ni13,13.11,0.021647
Ni13,13.169999999999998,0.0206746
Ni13,13.23,0.0197344
Ni13,13.29,0.0185344
Ni13,13.35,0.017529
Ni13,13.41,0.016373
Ni13,13.469999999999999,0.0152214
Ni13,13.53,0.0141494
Ni13,13.59,0.0130402
Ni13,13.649999999999999,0.0119194
Ni13,13.71,0.0109516
Ni13,13.77,0.0098798
Ni13,13.829999999999998,0.0090074
Ni13,13.89,0.0079604
Ni13,13.95,0.0071966
Ni13,14.009999999999998,0.0063552
Ni13,14.07,0.005663
Ni13,14.129999999999999,0.004941
Ni13,14.19,0.0043556
Ni13,14.25,0.0037664
Ni13,14.309999999999999,0.003244
Ni13,14.37,0.0028024
Ni13,14.43,0.002403
Ni13,14.489999999999998,0.0020112
Ni13,14.55,0.0017272
Ni13,14.61,0.001442
Ni13,14.669999999999998,0.0012138
Ni13,14.73,0.0009928
Ni13,14.79,0.0008432
Ni13,14.85,0.0006644
Ni13,14.91,0.0005664
Ni13,14.969999999999999,0.0004318
Ni13,15.03,0.0003684
Ni13,15.09,0.0002824
Ni13,15.149999999999999,0.0002364
Ni13,15.21,0.0001746
Ni13,15.27,0.000145
Ni13,15.329999999999998,0.0001004
Ni13,15.39,8.54e-05
Ni13,15.45,6.1e-05
Ni13,15.509999999999998,5.26e-05
Ni13,15.57,3.76e-05
Ni13,15.629999999999999,2.92e-05
Ni13,15.69,2.32e-05
Ni13,15.75,1.56e-05
Ni13,15.809999999999999,1.16e-05
Ni13,15.87,9.4e-06
Ni13,15.93,7.4e-06
Ni13,15.989999999999998,6.4e-06
Ni13,16.049999999999997,4.4e-06
Ni13,16.11,2.6e-06
Ni13,16.17,2.2e-06
Ni13,16.229999999999997,1.2e-06
Ni13,16.29,6e-07
Ni13,16.35,4e-07
Ni13,16.409999999999997,2e-07
Ni13,16.47,2e-07
Ni13,16.53,2e-07
Ni13,16.59,0.0
Ni13,16.65,2e-07
Ni13,16.71,0.0
Ni13,16.77,2e-07
Ni13,16.83,0.0
Ni13,16.89,2e-07
Sn13,6.63,3.3333333333333335e-07
Sn13,6.6899999999999995,0.0
Sn13,6.75,3.3333333333333335e-07
Sn13,6.81,3.3333333333333335e-07
Sn13,6.869999999999999,0.0
Sn13,6.93,0.0
Sn13,6.99,0.0
Sn13,7.05,0.0
Sn13,7.109999999999999,0.0
Sn13,7.17,0.0
Sn13,7.2299999999999995,0.0
Sn13,7.289999999999999,3.3333333333333335e-07
Sn13,7.35,3.3333333333333335e-07
Sn13,7.41,6.666666666666667e-07
Sn13,7.47,1e-06
Sn13,7.529999999999999,3.3333333333333335e-07
Sn13,7.59,1.3333333333333334e-06
Sn13,7.65,2e-06
Sn13,7.709999999999999,3.3333333333333333e-06
Sn13,7.77,4e-06
Sn13,7.83,4.666666666666666e-06
Sn13,7.89,4.666666666666666e-06
Sn13,7.949999999999999,6e-06
Sn13,8.01,5.666666666666667e-06
Sn13,8.07,5.666666666666667e-06
Sn13,8.129999999999999,9.666666666666667e-06
Sn13,8.19,7.666666666666667e-06
Sn13,8.25,9.666666666666667e-06
Sn13,8.309999999999999,8e-06
Sn13,8.370000000000001,1.633333333333333e-05
Sn13,8.43,1.9333333333333333e-05
Sn13,8.489999999999998,2.3666666666666668e-05
Sn13,8.55,3.066666666666667e-05
Sn13,8.61,4.5e-05
Sn13,8.67,4.933333333333333e-05
Sn13,8.73,5.266666666666667e-05
Sn13,8.79,7.466666666666666e-05
Sn13,8.85,8.4e-05
Sn13,8.91,0.00011066666666666667
Sn13,8.969999999999999,0.000117
Sn13,9.030000000000001,0.00015033333333333335
Sn13,9.09,0.00017166666666666667
Sn13,9.149999999999999,0.00019433333333333333
Sn13,9.21,0.00024533333333333335
Sn13,9.27,0.0002843333333333333
Sn13,9.329999999999998,0.00032566666666666665
Sn13,9.39,0.00039933333333333335
Sn13,9.45,0.00046633333333333336
Sn13,9.51,0.0005343333333333334
Sn13,9.57,0.0006553333333333333
Sn13,9.629999999999999,0.0007733333333333333
Sn13,9.69,0.0009143333333333333
Sn13,9.75,0.0010223333333333334
Sn13,9.809999999999999,0.0012023333333333332
Sn13,9.870000000000001,0.0013913333333333334
Sn13,9.93,0.0015746666666666667
Sn13,9.989999999999998,0.001829
Sn13,10.05,0.002091
Sn13,10.11,0.002343333333333333
Sn13,10.169999999999998,0.0026783333333333333
Sn13,10.23,0.0030746666666666665
Sn13,10.29,0.003497
Sn13,10.35,0.003968666666666666
Sn13,10.41,0.004499666666666667
Sn13,10.469999999999999,0.005031333333333333
Sn13,10.53,0.005553333333333334
Sn13,10.59,0.006245666666666667
Sn13,10.649999999999999,0.006794
Sn13,10.71,0.007559333333333334
Sn13,10.77,0.008348
Sn13,10.829999999999998,0.009124
Sn13,10.89,0.009964666666666667
Sn13,10.95,0.010832
Sn13,11.01,0.011801
Sn13,11.07,0.012712333333333334
Sn13,11.129999999999999,0.013878666666666666
Sn13,11.19,0.014804
Sn13,11.25,0.015892666666666666
Sn13,11.309999999999999,0.016872666666666668
Sn13,11.370000000000001,0.017893666666666665
Sn13,11.43,0.018805
Sn13,11.489999999999998,0.019758
Sn13,11.55,0.020563666666666668
Sn13,11.61,0.021532
Sn13,11.669999999999998,0.022476333333333334
Sn13,11.73,0.023178
Sn13,11.79,0.024004
Sn13,11.85,0.024620333333333334
Sn13,11.91,0.025329333333333332
Sn13,11.969999999999999,0.025829333333333333
Sn13,12.03,0.026179333333333332
Sn13,12.09,0.026461333333333333
Sn13,12.149999999999999,0.026457333333333333
Sn13,12.21,0.026537
Sn13,12.27,0.026348
Sn13,12.329999999999998,0.026273333333333333
Sn13,12.39,0.025877
Sn13,12.45,0.025509666666666667
Sn13,12.51,0.024975666666666667
Sn13,12.57,0.024285333333333332
Sn13,12.629999999999999,0.023472666666666666
Sn13,12.69,0.02268
Sn13,12.75,0.021739
Sn13,12.809999999999999,0.020865333333333333
Sn13,12.870000000000001,0.019790333333333333
Sn13,12.93,0.018755666666666667
Sn13,12.989999999999998,0.017541
Sn13,13.05,0.016427666666666667
Sn13,13.11,0.015409666666666667
Sn13,13.169999999999998,0.014341333333333333
Sn13,13.23,0.013136333333333333
Sn13,13.29,0.012017333333333333
Sn13,13.35,0.010886333333333333
Sn13,13.41,0.009916666666666667
Sn13,13.469999999999999,0.009032333333333333
Sn13,13.53,0.008094333333333334
Sn13,13.59,0.007274
Sn13,13.649999999999999,0.006403333333333333
Sn13,13.71,0.005713666666666666
Sn13,13.77,0.004972333333333333
Sn13,13.829999999999998,0.00433
Sn13,13.89,0.003772666666666667
Sn13,13.95,0.003256666666666667
Sn13,14.009999999999998,0.0028276666666666667
Sn13,14.07,0.002449666666666667
Sn13,14.129999999999999,0.002065
Sn13,14.19,0.0017136666666666667
Sn13,14.25,0.001451
Sn13,14.309999999999999,0.0012063333333333333
Sn13,14.37,0.0009896666666666667
Sn13,14.43,0.0008206666666666667
Sn13,14.489999999999998,0.0006796666666666666
Sn13,14.55,0.0005636666666666666
Sn13,14.61,0.0004623333333333333
Sn13,14.669999999999998,0.00036866666666666667
Sn13,14.73,0.00028933333333333334
Sn13,14.79,0.00022466666666666666
Sn13,14.85,0.00016566666666666666
Sn13,14.91,0.00013633333333333333
Sn13,14.969999999999999,0.000104
Sn13,15.03,8.9e-05
Sn13,15.09,7e-05
Sn13,15.149999999999999,5.3666666666666666e-05
Sn13,15.21,3.633333333333333e-05
Sn13,15.27,2.3e-05
Sn13,15.329999999999998,1.8e-05
Sn13,15.39,1.633333333333333e-05
Sn13,15.45,1.4666666666666666e-05
Sn13,15.509999999999998,1.1333333333333334e-05
Sn13,15.57,8.666666666666666e-06
Sn13,15.629999999999999,6.666666666666667e-06
Sn13,15.69,5e-06
Sn13,15.75,3e-06
Sn13,15.809999999999999,1.3333333333333334e-06
Sn13,15.87,1e-06
Sn13,15.93,3.3333333333333335e-07
Sn13,15.989999999999998,3.3333333333333335e-07
Sn13,16.049999999999997,0.0
Sn13,16.11,0.0
Sn13,16.17,0.0
Sn13,16.229999999999997,0.0
Sn13,16.29,0.0
Sn13,16.35,3.3333333333333335e-07
Sn13,16.409999999999997,6.666666666666667e-07
Ta13,5.91,2.5e-07
Ta13,5.97,0.0
Ta13,6.029999999999999,0.0
Ta13,6.09,0.0
Ta13,6.15,2.5e-07
Ta13,6.21,0.0
Ta13,6.27,0.0
Ta13,6.33,0.0
Ta13,6.39,2.5e-07
Ta13,6.449999999999999,0.0
Ta13,6.51,0.0
Ta13,6.57,0.0
Ta13,6.63,5e-07
Ta13,6.6899999999999995,0.0
Ta13,6.75,2.5e-07
Ta13,6.81,2.5e-07
Ta13,6.869999999999999,5e-07
Ta13,6.93,0.0
Ta13,6.99,1.25e-06
Ta13,7.05,2e-06
Ta13,7.109999999999999,1.5e-06
Ta13,7.17,1.75e-06
Ta13,7.2299999999999995,2e-06
Ta13,7.289999999999999,3.25e-06
Ta13,7.35,4e-06
Ta13,7.41,3.25e-06
Ta13,7.47,3.75e-06
Ta13,7.529999999999999,6.25e-06
Ta13,7.59,5e-06
Ta13,7.65,7e-06
Ta13,7.709999999999999,7.5e-06
Ta13,7.77,1.075e-05
Ta13,7.83,9.25e-06
Ta13,7.89,1.625e-05
Ta13,7.949999999999999,1.8e-05
Ta13,8.01,2.4e-05
Ta13,8.07,2.35e-05
Ta13,8.129999999999999,3.125e-05
Ta13,8.19,4.15e-05
Ta13,8.25,4.95e-05
Ta13,8.309999999999999,5.625e-05
Ta13,8.370000000000001,7e-05
Ta13,8.43,8.2e-05
Ta13,8.489999999999998,9.625e-05
Ta13,8.55,0.00011725
Ta13,8.61,0.000135
Ta13,8.67,0.000165
Ta13,8.73,0.0001915
Ta13,8.79,0.00021175
Ta13,8.85,0.00027525
Ta13,8.91,0.00031925
Ta13,8.969999999999999,0.0003455
Ta13,9.030000000000001,0.000439
Ta13,9.09,0.00050775
Ta13,9.149999999999999,0.00057675
Ta13,9.21,0.0006795
Ta13,9.27,0.0008015
Ta13,9.329999999999998,0.0009065
Ta13,9.39,0.001052
Ta13,9.45,0.00122075
Ta13,9.51,0.00139
Ta13,9.57,0.001576
Ta13,9.629999999999999,0.00181775
Ta13,9.69,0.00207375
Ta13,9.75,0.0023415
Ta13,9.809999999999999,0.00269
Ta13,9.870000000000001,0.003017
Ta13,9.93,0.00342325
Ta13,9.989999999999998,0.00381525
Ta13,10.05,0.004278
Ta13,10.11,0.00477325
Ta13,10.169999999999998,0.005278
Ta13,10.23,0.0059225
Ta13,10.29,0.006503
Ta13,10.35,0.00719325
Ta13,10.41,0.00782625
Ta13,10.469999999999999,0.00860875
Ta13,10.53,0.0093935
Ta13,10.59,0.0101755
Ta13,10.649999999999999,0.011098
Ta13,10.71,0.0119505
Ta13,10.77,0.0128845
Ta13,10.829999999999998,0.01382025
Ta13,10.89,0.014786
Ta13,10.95,0.01569125
Ta13,11.01,0.01662975
Ta13,11.07,0.017529
Ta13,11.129999999999999,0.01856675
Ta13,11.19,0.019457
Ta13,11.25,0.02016775
Ta13,11.309999999999999,0.02114525
Ta13,11.370000000000001,0.02197225
Ta13,11.43,0.02254175
Ta13,11.489999999999998,0.02342825
Ta13,11.55,0.02386875
Ta13,11.61,0.02453275
Ta13,11.669999999999998,0.02499025
Ta13,11.73,0.02524375
Ta13,11.79,0.02553425
Ta13,11.85,0.02563075
Ta13,11.91,0.02587575
Ta13,11.969999999999999,0.02552575
Ta13,12.03,0.025552
Ta13,12.09,0.0250925
Ta13,12.149999999999999,0.024774
Ta13,12.21,0.024326
Ta13,12.27,0.02359925
Ta13,12.329999999999998,0.02305
Ta13,12.39,0.02233275
Ta13,12.45,0.0214295
Ta13,12.51,0.020559
Ta13,12.57,0.01956025
Ta13,12.629999999999999,0.01856275
Ta13,12.69,0.017701
Ta13,12.75,0.016484
Ta13,12.809999999999999,0.015511
Ta13,12.870000000000001,0.0144585
Ta13,12.93,0.013294
Ta13,12.989999999999998,0.012321
Ta13,13.05,0.01132525
Ta13,13.11,0.0103685
Ta13,13.169999999999998,0.009425
Ta13,13.23,0.00838825
Ta13,13.29,0.00770875
Ta13,13.35,0.0068085
Ta13,13.41,0.006098
Ta13,13.469999999999999,0.0054025
Ta13,13.53,0.0047635
Ta13,13.59,0.00419925
Ta13,13.649999999999999,0.00359875
Ta13,13.71,0.003165
Ta13,13.77,0.002716
Ta13,13.829999999999998,0.002332
Ta13,13.89,0.001996
Ta13,13.95,0.0016855
Ta13,14.009999999999998,0.0014625
Ta13,14.07,0.00117675
Ta13,14.129999999999999,0.00102075
Ta13,14.19,0.000812
Ta13,14.25,0.0007
Ta13,14.309999999999999,0.0005435
Ta13,14.37,0.00046325
Ta13,14.43,0.00036425
Ta13,14.489999999999998,0.00030475
Ta13,14.55,0.00023425
Ta13,14.61,0.000189
Ta13,14.669999999999998,0.00014975
Ta13,14.73,0.00011475
Ta13,14.79,9.125e-05
Ta13,14.85,6.45e-05
Ta13,14.91,5.7e-05
Ta13,14.969999999999999,4.1e-05
Ta13,15.03,3.325e-05
Ta13,15.09,2.525e-05
Ta13,15.149999999999999,1.775e-05
Ta13,15.21,1.25e-05
Ta13,15.27,1.125e-05
Ta13,15.329999999999998,9.5e-06
Ta13,15.39,7e-06
Ta13,15.45,5.5e-06
Ta13,15.509999999999998,3.25e-06
Ta13,15.57,2.75e-06
Ta13,15.629999999999999,1.75e-06
Ta13,15.69,5e-07
Ta13,15.75,7.5e-07
Ta13,15.809999999999999,0.0
Ta13,15.87,2.5e-07
Ta13,15.93,2.5e-07
Ta13,15.989999999999998,0.0
Ta13,16.049999999999997,2.5e-07
Ta13,16.11,0.0
Ta13,16.17,0.0
Ta13,16.229999999999997,2.5e-07
Ta13,16.29,0.0
Ta13,16.35,2.5e-07
Cu13,5.01,2e-07
Cu13,5.07,0.0
Cu13,5.13,0.0
Cu13,5.1899999999999995,0.0
Cu13,5.25,2e-07
Cu13,5.31,0.0
Cu13,5.369999999999999,0.0
Cu13,5.43,0.0
Cu13,5.49,2e-07
Cu13,5.55,0.0
Cu13,5.609999999999999,0.0
Cu13,5.67,2e-07
Cu13,5.73,0.0
Cu13,5.789999999999999,2e-07
Cu13,5.85,0.0
Cu13,5.91,4e-07
Cu13,5.97,2e-07
Cu13,6.029999999999999,4e-07
Cu13,6.09,0.0
Cu13,6.15,6e-07
Cu13,6.21,1.4e-06
Cu13,6.27,8e-07
Cu13,6.33,1.8e-06
Cu13,6.39,1e-06
Cu13,6.449999999999999,2e-06
Cu13,6.51,2.2e-06
Cu13,6.57,3.6e-06
Cu13,6.63,2.4e-06
Cu13,6.6899999999999995,3.2e-06
Cu13,6.75,4.6e-06
Cu13,6.81,4.6e-06
Cu13,6.869999999999999,4e-06
Cu13,6.93,7e-06
Cu13,6.99,6.6e-06
Cu13,7.05,8.2e-06
Cu13,7.109999999999999,1.24e-05
Cu13,7.17,1.28e-05
Cu13,7.2299999999999995,1.46e-05
Cu13,7.289999999999999,2.08e-05
Cu13,7.35,2.18e-05
Cu13,7.41,2.48e-05
Cu13,7.47,3.56e-05
Cu13,7.529999999999999,3.84e-05
Cu13,7.59,4.42e-05
Cu13,7.65,5.78e-05
Cu13,7.709999999999999,6.38e-05
Cu13,7.77,7.68e-05
Cu13,7.83,9.4e-05
Cu13,7.89,0.000103
Cu13,7.949999999999999,0.0001262
Cu13,8.01,0.0001522
Cu13,8.07,0.0001664
Cu13,8.129999999999999,0.0001976
Cu13,8.19,0.0002366
Cu13,8.25,0.00028
Cu13,8.309999999999999,0.000314
Cu13,8.370000000000001,0.0003762
Cu13,8.43,0.0004284
Cu13,8.489999999999998,0.0005098
Cu13,8.55,0.000579
Cu13,8.61,0.0006712
Cu13,8.67,0.0007792
Cu13,8.73,0.0008754
Cu13,8.79,0.0010074
Cu13,8.85,0.0011822
Cu13,8.91,0.0013268
Cu13,8.969999999999999,0.0014904
Cu13,9.030000000000001,0.0017014
Cu13,9.09,0.0019416
Cu13,9.149999999999999,0.0022082
Cu13,9.21,0.0024582
Cu13,9.27,0.0028018
Cu13,9.329999999999998,0.0031234
Cu13,9.39,0.0035136
Cu13,9.45,0.003883
Cu13,9.51,0.004341
Cu13,9.57,0.0047836
Cu13,9.629999999999999,0.0053546
Cu13,9.69,0.005848
Cu13,9.75,0.0064824
Cu13,9.809999999999999,0.0070752
Cu13,9.870000000000001,0.007713
Cu13,9.93,0.008443
Cu13,9.989999999999998,0.0091288
Cu13,10.05,0.0099568
Cu13,10.11,0.0107374
Cu13,10.169999999999998,0.0115106
Cu13,10.23,0.0124186
Cu13,10.29,0.013256
Cu13,10.35,0.0141942
Cu13,10.41,0.0149834
Cu13,10.469999999999999,0.0158734
Cu13,10.53,0.0167686
Cu13,10.59,0.01767
Cu13,10.649999999999999,0.0185432
Cu13,10.71,0.0192404
Cu13,10.77,0.0201448
Cu13,10.829999999999998,0.0208296
Cu13,10.89,0.021662
Cu13,10.95,0.0222276
Cu13,11.01,0.022827
Cu13,11.07,0.02344
Cu13,11.129999999999999,0.0237694
Cu13,11.19,0.0244004
Cu13,11.25,0.0243774
Cu13,11.309999999999999,0.0248128
Cu13,11.370000000000001,0.0248354
Cu13,11.43,0.0248274
Cu13,11.489999999999998,0.0248592
Cu13,11.55,0.0244704
Cu13,11.61,0.0243598
Cu13,11.669999999999998,0.0238278
Cu13,11.73,0.0235216
Cu13,11.79,0.02277
Cu13,11.85,0.0223076
Cu13,11.91,0.0215122
Cu13,11.969999999999999,0.020776
Cu13,12.03,0.0199294
Cu13,12.09,0.0190314
Cu13,12.149999999999999,0.0181078
Cu13,12.21,0.017182
Cu13,12.27,0.0161706
Cu13,12.329999999999998,0.01519
Cu13,12.39,0.0141846
Cu13,12.45,0.0131986
Cu13,12.51,0.0122058
Cu13,12.57,0.0112188
Cu13,12.629999999999999,0.0103448
Cu13,12.69,0.0094304
Cu13,12.75,0.0085836
Cu13,12.809999999999999,0.0077154
Cu13,12.870000000000001,0.0069748
Cu13,12.93,0.0062244
Cu13,12.989999999999998,0.0055518
Cu13,13.05,0.0049524
Cu13,13.11,0.0043342
Cu13,13.169999999999998,0.0038436
Cu13,13.23,0.003304
Cu13,13.29,0.0029176
Cu13,13.35,0.0024932
Cu13,13.41,0.0021566
Cu13,13.469999999999999,0.0018276
Cu13,13.53,0.0015786
Cu13,13.59,0.0013246
Cu13,13.649999999999999,0.0011284
Cu13,13.71,0.0009172
Cu13,13.77,0.000793
Cu13,13.829999999999998,0.0006358
Cu13,13.89,0.00054
Cu13,13.95,0.0004214
Cu13,14.009999999999998,0.0003604
Cu13,14.07,0.0002834
Cu13,14.129999999999999,0.0002314
Cu13,14.19,0.0001796
Cu13,14.25,0.0001474
Cu13,14.309999999999999,0.0001094
Cu13,14.37,8.84e-05
Cu13,14.43,6.5e-05
Cu13,14.489999999999998,5.7e-05
Cu13,14.55,4.14e-05
Cu13,14.61,3.32e-05
Cu13,14.669999999999998,2.54e-05
Cu13,14.73,1.96e-05
Cu13,14.79,1.36e-05
Cu13,14.85,1.18e-05
Cu13,14.91,8.4e-06
Cu13,14.969999999999999,7.2e-06
Cu13,15.03,5.6e-06
Cu13,15.09,3.8e-06
Cu13,15.149999999999999,2.2e-06
Cu13,15.21,2.6e-06
Cu13,15.27,1.2e-06
Cu13,15.329999999999998,4e-07
Cu13,15.39,4e-07
Cu13,15.45,0.0
Cu13,15.509999999999998,4e-07
Cu13,15.57,0.0
Cu13,15.629999999999999,2e-07
Cu13,15.69,0.0
Cu13,15.75,2e-07
Cu13,15.809999999999999,0.0
Cu13,15.87,2e-07
Cu13,15.93,2e-07
Al_degrader_E10,0.03,3e-07
Al_degrader_E10,0.09,0.0
Al_degrader_E10,0.15,5e-08
Al_degrader_E10,0.21,0.0
Al_degrader_E10,0.27,0.0
Al_degrader_E10,0.32999999999999996,0.0
Al_degrader_E10,0.39,0.0
Al_degrader_E10,0.44999999999999996,1e-07
Al_degrader_E10,0.51,5e-08
Al_degrader_E10,0.5700000000000001,0.0
Al_degrader_E10,0.6299999999999999,0.0
Al_degrader_E10,0.69,0.0
Al_degrader_E10,0.75,0.0
Al_degrader_E10,0.81,5e-08
Al_degrader_E10,0.8699999999999999,0.0
Al_degrader_E10,0.9299999999999999,0.0
Al_degrader_E10,0.99,5e-08
Al_degrader_E10,1.05,0.0
Al_degrader_E10,1.1099999999999999,0.0
Al_degrader_E10,1.17,1.5e-07
Al_degrader_E10,1.23,5e-08
Al_degrader_E10,1.29,1e-07
Al_degrader_E10,1.3499999999999999,0.0
Al_degrader_E10,1.41,2.5e-07
Al_degrader_E10,1.47,1e-07
Al_degrader_E10,1.53,5e-08
Al_degrader_E10,1.5899999999999999,1e-07
Al_degrader_E10,1.65,2.5e-07
Al_degrader_E10,1.71,1.5e-07
Al_degrader_E10,1.77,2.5e-07
Al_degrader_E10,1.8299999999999998,2e-07
Al_degrader_E10,1.89,1e-07
Al_degrader_E10,1.95,2e-07
Al_degrader_E10,2.01,1.5e-07
Al_degrader_E10,2.0700000000000003,3e-07
Al_degrader_E10,2.13,5e-07
Al_degrader_E10,2.19,2.5e-07
Al_degrader_E10,2.25,5e-07
Al_degrader_E10,2.3099999999999996,3.5e-07
Al_degrader_E10,2.37,2e-07
Al_degrader_E10,2.4299999999999997,5.5e-07
Al_degrader_E10,2.49,6.5e-07
Al_degrader_E10,2.55,4e-07
Al_degrader_E10,2.61,7.5e-07
Al_degrader_E10,2.67,4e-07
Al_degrader_E10,2.7299999999999995,7e-07
Al_degrader_E10,2.79,8e-07
Al_degrader_E10,2.8499999999999996,9.5e-07
Al_degrader_E10,2.91,9e-07
Al_degrader_E10,2.9699999999999998,8.5e-07
Al_degrader_E10,3.0300000000000002,1.05e-06
Al_degrader_E10,3.09,1.05e-06
Al_degrader_E10,3.15,1.55e-06
Al_degrader_E10,3.21,1.6e-06
Al_degrader_E10,3.2699999999999996,1.35e-06
Al_degrader_E10,3.33,2.05e-06
Al_degrader_E10,3.3899999999999997,2.3e-06
Al_degrader_E10,3.45,2.6e-06
Al_degrader_E10,3.51,2.95e-06
Al_degrader_E10,3.57,2.9e-06
Al_degrader_E10,3.63,4.3e-06
Al_degrader_E10,3.6899999999999995,3.95e-06
Al_degrader_E10,3.75,4.15e-06
Al_degrader_E10,3.8099999999999996,4.65e-06
Al_degrader_E10,3.87,6.45e-06
Al_degrader_E10,3.9299999999999997,6.85e-06
Al_degrader_E10,3.9899999999999998,6.75e-06
Al_degrader_E10,4.05,8e-06
Al_degrader_E10,4.109999999999999,9.9e-06
Al_degrader_E10,4.17,1.135e-05
Al_degrader_E10,4.23,1.085e-05
Al_degrader_E10,4.29,1.28e-05
Al_degrader_E10,4.35,1.56e-05
Al_degrader_E10,4.41,1.7e-05
Al_degrader_E10,4.47,1.84e-05
Al_degrader_E10,4.529999999999999,2.05e-05
Al_degrader_E10,4.59,2.415e-05
Al_degrader_E10,4.65,2.565e-05
Al_degrader_E10,4.71,3.035e-05
Al_degrader_E10,4.77,3.25e-05
Al_degrader_E10,4.83,3.83e-05
Al_degrader_E10,4.89,3.975e-05
Al_degrader_E10,4.949999999999999,4.65e-05
Al_degrader_E10,5.01,5.245e-05
Al_degrader_E10,5.07,5.92e-05
Al_degrader_E10,5.13,6.435e-05
Al_degrader_E10,5.1899999999999995,7.545e-05
Al_degrader_E10,5.25,8.38e-05
Al_degrader_E10,5.31,9.475e-05
Al_degrader_E10,5.369999999999999,0.0001039
Al_degrader_E10,5.43,0.00011725
Al_degrader_E10,5.49,0.0001336
Al_degrader_E10,5.55,0.0001422
Al_degrader_E10,5.609999999999999,0.0001652
Al_degrader_E10,5.67,0.00018665
Al_degrader_E10,5.73,0.0001977
Al_degrader_E10,5.789999999999999,0.0002284
Al_degrader_E10,5.85,0.0002576
Al_degrader_E10,5.91,0.00027555
Al_degrader_E10,5.97,0.00031305
Al_degrader_E10,6.029999999999999,0.0003518
Al_degrader_E10,6.09,0.00037855
Al_degrader_E10,6.15,0.0004249
Al_degrader_E10,6.21,0.0004772
Al_degrader_E10,6.27,0.00052015
Al_degrader_E10,6.33,0.0005849
Al_degrader_E10,6.39,0.0006445
Al_degrader_E10,6.449999999999999,0.0007066
Al_degrader_E10,6.51,0.00078905
Al_degrader_E10,6.57,0.0008562
Al_degrader_E10,6.63,0.00096025
Al_degrader_E10,6.6899999999999995,0.00104135
Al_degrader_E10,6.75,0.0011404
Al_degrader_E10,6.81,0.0012659
Al_degrader_E10,6.869999999999999,0.00137385
Al_degrader_E10,6.93,0.00150245
Al_degrader_E10,6.99,0.0016536
Al_degrader_E10,7.05,0.0017856
Al_degrader_E10,7.109999999999999,0.0019702
Al_degrader_E10,7.17,0.0021159
Al_degrader_E10,7.2299999999999995,0.00230455
Al_degrader_E10,7.289999999999999,0.0025221
Al_degrader_E10,7.35,0.00271335
Al_degrader_E10,7.41,0.00294675
Al_degrader_E10,7.47,0.0031774
Al_degrader_E10,7.529999999999999,0.00342735
Al_degrader_E10,7.59,0.00371885
Al_degrader_E10,7.65,0.0039772
Al_degrader_E10,7.709999999999999,0.00428725
Al_degrader_E10,7.77,0.00458995
Al_degrader_E10,7.83,0.00491
Al_degrader_E10,7.89,0.0052654
Al_degrader_E10,7.949999999999999,0.0056004
Al_degrader_E10,8.01,0.00597295
Al_degrader_E10,8.07,0.00634855
Al_degrader_E10,8.129999999999999,0.00675385
Al_degrader_E10,8.19,0.0071732
Al_degrader_E10,8.25,0.0075555
Al_degrader_E10,8.309999999999999,0.00804
Al_degrader_E10,8.370000000000001,0.0084539
Al_degrader_E10,8.43,0.0089164
Al_degrader_E10,8.489999999999998,0.00940385
Al_degrader_E10,8.55,0.00985145
Al_degrader_E10,8.61,0.0103452
Al_degrader_E10,8.67,0.01079895
Al_degrader_E10,8.73,0.011334
Al_degrader_E10,8.79,0.0117817
Al_degrader_E10,8.85,0.01228595
Al_degrader_E10,8.91,0.0127764
Al_degrader_E10,8.969999999999999,0.0132298
Al_degrader_E10,9.030000000000001,0.0137468
Al_degrader_E10,9.09,0.0141674
Al_degrader_E10,9.149999999999999,0.01466705
Al_degrader_E10,9.21,0.01507045
Al_degrader_E10,9.27,0.0155341
Al_degrader_E10,9.329999999999998,0.01589715
Al_degrader_E10,9.39,0.01632605
Al_degrader_E10,9.45,0.0166411
Al_degrader_E10,9.51,0.0170616
Al_degrader_E10,9.57,0.0172988
Al_degrader_E10,9.629999999999999,0.017646
Al_degrader_E10,9.69,0.01788255
Al_degrader_E10,9.75,0.01810665
Al_degrader_E10,9.809999999999999,0.0183025
Al_degrader_E10,9.870000000000001,0.01845375
Al_degrader_E10,9.93,0.0185843
Al_degrader_E10,9.989999999999998,0.0186656
Al_degrader_E10,10.05,0.01872475
Al_degrader_E10,10.11,0.0187088
Al_degrader_E10,10.169999999999998,0.0186796
Al_degrader_E10,10.23,0.01858675
Al_degrader_E10,10.29,0.0184839
Al_degrader_E10,10.35,0.01830895
Al_degrader_E10,10.41,0.0181157
Al_degrader_E10,10.469999999999999,0.01788165
Al_degrader_E10,10.53,0.0176079
Al_degrader_E10,10.59,0.01730195
Al_degrader_E10,10.649999999999999,0.01696155
Al_degrader_E10,10.71,0.01655225
Al_degrader_E10,10.77,0.0161649
Al_degrader_E10,10.829999999999998,0.0157104
Al_degrader_E10,10.89,0.0152214
Al_degrader_E10,10.95,0.0147463
Al_degrader_E10,11.01,0.0141719
Al_degrader_E10,11.07,0.0136743
Al_degrader_E10,11.129999999999999,0.01306595
Al_degrader_E10,11.19,0.01253415
Al_degrader_E10,11.25,0.01191925
Al_degrader_E10,11.309999999999999,0.0113325
Al_degrader_E10,11.370000000000001,0.01076405
Al_degrader_E10,11.43,0.0101328
Al_degrader_E10,11.489999999999998,0.0095601
Al_degrader_E10,11.55,0.00894715
Al_degrader_E10,11.61,0.0083767
Al_degrader_E10,11.669999999999998,0.00780225
Al_degrader_E10,11.73,0.0072504
Al_degrader_E10,11.79,0.0067021
Al_degrader_E10,11.85,0.00618195
Al_degrader_E10,11.91,0.00567965
Al_degrader_E10,11.969999999999999,0.00519795
Al_degrader_E10,12.03,0.00472645
Al_degrader_E10,12.09,0.00431255
Al_degrader_E10,12.149999999999999,0.00388815
Al_degrader_E10,12.21,0.00351175
Al_degrader_E10,12.27,0.0031367
Al_degrader_E10,12.329999999999998,0.00280615
Al_degrader_E10,12.39,0.00251475
Al_degrader_E10,12.45,0.00221315
Al_degrader_E10,12.51,0.00196595
Al_degrader_E10,12.57,0.0017231
Al_degrader_E10,12.629999999999999,0.00150125
Al_degrader_E10,12.69,0.00131915
Al_degrader_E10,12.75,0.00113395
Al_degrader_E10,12.809999999999999,0.0009877
Al_degrader_E10,12.870000000000001,0.0008405
Al_degrader_E10,12.93,0.0007217
Al_degrader_E10,12.989999999999998,0.00061945
Al_degrader_E10,13.05,0.00052365
Al_degrader_E10,13.11,0.0004411
Al_degrader_E10,13.169999999999998,0.00036985
Al_degrader_E10,13.23,0.0003053
Al_degrader_E10,13.29,0.00025995
Al_degrader_E10,13.35,0.00020895
Al_degrader_E10,13.41,0.0001735
Al_degrader_E10,13.469999999999999,0.00014275
Al_degrader_E10,13.53,0.0001162
Al_degrader_E10,13.59,9.445e-05
Al_degrader_E10,13.649999999999999,7.65e-05
Al_degrader_E10,13.71,5.905e-05
Al_degrader_E10,13.77,4.955e-05
Al_degrader_E10,13.829999999999998,3.685e-05
Al_degrader_E10,13.89,2.82e-05
Al_degrader_E10,13.95,2.455e-05
Al_degrader_E10,14.009999999999998,1.76e-05
Al_degrader_E10,14.07,1.46e-05
Al_degrader_E10,14.129999999999999,1.16e-05
Al_degrader_E10,14.19,8.5e-06
Al_degrader_E10,14.25,6.35e-06
Al_degrader_E10,14.309999999999999,5e-06
Al_degrader_E10,14.37,3.65e-06
Al_degrader_E10,14.43,2.75e-06
Al_degrader_E10,14.489999999999998,2.6e-06
Al_degrader_E10,14.55,1.9e-06
Al_degrader_E10,14.61,1.25e-06
Al_degrader_E10,14.669999999999998,1.1e-06
Al_degrader_E10,14.73,6.5e-07
Al_degrader_E10,14.79,5.5e-07
Al_degrader_E10,14.85,2e-07
Al_degrader_E10,14.91,2e-07
Al_degrader_E10,14.969999999999999,1e-07
Al_degrader_E10,15.03,0.0
Al_degrader_E10,15.09,1e-07
Al_degrader_E10,15.149999999999999,5e-08
Al_degrader_E10,15.21,0.0
Al_degrader_E10,15.27,5e-08
Al_degrader_E10,15.329999999999998,5e-08
Al_degrader_E10,15.39,0.0
Al_degrader_E10,15.45,5e-08
Al_degrader_E10,15.509999999999998,5e-08
Ni14,0.03,1.988888888888889e-05
Ni14,0.09,1.2222222222222221e-06
Ni14,0.15,1.2222222222222221e-06
Ni14,0.21,7.777777777777778e-07
Ni14,0.27,8.888888888888889e-07
Ni14,0.32999999999999996,5.555555555555555e-07
Ni14,0.39,1e-06
Ni14,0.44999999999999996,4.4444444444444444e-07
Ni14,0.51,7.777777777777778e-07
Ni14,0.5700000000000001,1.3333333333333334e-06
Ni14,0.6299999999999999,1e-06
Ni14,0.69,1.3333333333333334e-06
Ni14,0.75,1.111111111111111e-06
Ni14,0.81,1e-06
Ni14,0.8699999999999999,1.4444444444444445e-06
Ni14,0.9299999999999999,1.5555555555555556e-06
Ni14,0.99,1.6666666666666667e-06
Ni14,1.05,1.7777777777777777e-06
Ni14,1.1099999999999999,1.7777777777777777e-06
Ni14,1.17,1.4444444444444445e-06
Ni14,1.23,2.4444444444444442e-06
Ni14,1.29,2.888888888888889e-06
Ni14,1.3499999999999999,1.8888888888888888e-06
Ni14,1.41,3.6666666666666666e-06
Ni14,1.47,2.333333333333333e-06
Ni14,1.53,3e-06
Ni14,1.5899999999999999,4.444444444444444e-06
Ni14,1.65,3.4444444444444444e-06
Ni14,1.71,4.444444444444444e-06
Ni14,1.77,5.333333333333334e-06
Ni14,1.8299999999999998,4.555555555555555e-06
Ni14,1.89,5.888888888888889e-06
Ni14,1.95,6.4444444444444445e-06
Ni14,2.01,6.888888888888889e-06
Ni14,2.0700000000000003,8.444444444444444e-06
Ni14,2.13,8.444444444444444e-06
Ni14,2.19,8.444444444444444e-06
Ni14,2.25,1.0111111111111111e-05
Ni14,2.3099999999999996,1.1333333333333334e-05
Ni14,2.37,1.0555555555555555e-05
Ni14,2.4299999999999997,1.5e-05
Ni14,2.49,1.2888888888888889e-05
Ni14,2.55,1.7222222222222224e-05
Ni14,2.61,1.7e-05
Ni14,2.67,2.0222222222222222e-05
Ni14,2.7299999999999995,2.3e-05
Ni14,2.79,2.3333333333333332e-05
Ni14,2.8499999999999996,2.7666666666666667e-05
Ni14,2.91,2.7444444444444443e-05
Ni14,2.9699999999999998,3.1777777777777775e-05
Ni14,3.0300000000000002,3.6222222222222225e-05
Ni14,3.09,3.844444444444444e-05
Ni14,3.15,4.211111111111111e-05
Ni14,3.21,4.9e-05
Ni14,3.2699999999999996,5.1222222222222223e-05
Ni14,3.33,5.411111111111111e-05
Ni14,3.3899999999999997,6.422222222222223e-05
Ni14,3.45,7.144444444444444e-05
Ni14,3.51,7.211111111111112e-05
Ni14,3.57,8.666666666666667e-05
Ni14,3.63,9.144444444444445e-05
Ni14,3.6899999999999995,9.777777777777778e-05
Ni14,3.75,0.00011
Ni14,3.8099999999999996,0.0001241111111111111
Ni14,3.87,0.00013133333333333335
Ni14,3.9299999999999997,0.00015255555555555554
Ni14,3.9899999999999998,0.00016011111111111111
Ni14,4.05,0.00018055555555555555
Ni14,4.109999999999999,0.00020366666666666667
Ni14,4.17,0.0002147777777777778
Ni14,4.23,0.000249
Ni14,4.29,0.00026255555555555553
Ni14,4.35,0.0002973333333333333
Ni14,4.41,0.00033155555555555553
Ni14,4.47,0.0003468888888888889
Ni14,4.529999999999999,0.00040688888888888887
Ni14,4.59,0.000423
Ni14,4.65,0.00048133333333333334
Ni14,4.71,0.0005277777777777777
Ni14,4.77,0.0005694444444444445
Ni14,4.83,0.0006322222222222222
Ni14,4.89,0.0006855555555555556
Ni14,4.949999999999999,0.0007684444444444444
Ni14,5.01,0.0008215555555555555
Ni14,5.07,0.000914
Ni14,5.13,0.0009943333333333334
Ni14,5.1899999999999995,0.0010744444444444445
Ni14,5.25,0.001194888888888889
Ni14,5.31,0.0013002222222222221
Ni14,5.369999999999999,0.001421888888888889
Ni14,5.43,0.0015566666666666667
Ni14,5.49,0.0016856666666666667
Ni14,5.55,0.001842888888888889
Ni14,5.609999999999999,0.0020047777777777776
Ni14,5.67,0.0021717777777777777
Ni14,5.73,0.0023664444444444445
Ni14,5.789999999999999,0.0025496666666666667
Ni14,5.85,0.002777777777777778
Ni14,5.91,0.002985222222222222
Ni14,5.97,0.0032385555555555557
Ni14,6.029999999999999,0.003493
Ni14,6.09,0.003776111111111111
Ni14,6.15,0.004050444444444444
Ni14,6.21,0.004374888888888889
Ni14,6.27,0.004685333333333333
Ni14,6.33,0.005022555555555555
Ni14,6.39,0.005385222222222222
Ni14,6.449999999999999,0.005750111111111111
Ni14,6.51,0.006130666666666667
Ni14,6.57,0.0065361111111111115
Ni14,6.63,0.007006222222222222
Ni14,6.6899999999999995,0.007394777777777778
Ni14,6.75,0.007894222222222223
Ni14,6.81,0.008378555555555556
Ni14,6.869999999999999,0.008817555555555556
Ni14,6.93,0.009376777777777777
Ni14,6.99,0.009861777777777778
Ni14,7.05,0.010395777777777778
Ni14,7.109999999999999,0.010897555555555556
Ni14,7.17,0.01144811111111111
Ni14,7.2299999999999995,0.011927555555555556
Ni14,7.289999999999999,0.012538777777777777
Ni14,7.35,0.013044777777777778
Ni14,7.41,0.013627
Ni14,7.47,0.014126222222222222
Ni14,7.529999999999999,0.014641888888888888
Ni14,7.59,0.015164555555555556
Ni14,7.65,0.015655222222222223
Ni14,7.709999999999999,0.016156333333333335
Ni14,7.77,0.016657333333333333
Ni14,7.83,0.017092555555555555
Ni14,7.89,0.01749788888888889
Ni14,7.949999999999999,0.017903444444444444
Ni14,8.01,0.018269555555555556
Ni14,8.07,0.018648444444444443
Ni14,8.129999999999999,0.018939333333333332
Ni14,8.19,0.019151444444444443
Ni14,8.25,0.019405444444444444
Ni14,8.309999999999999,0.019548444444444445
Ni14,8.370000000000001,0.019716
Ni14,8.43,0.019798666666666666
Ni14,8.489999999999998,0.019795444444444445
Ni14,8.55,0.019793111111111112
Ni14,8.61,0.019683555555555555
Ni14,8.67,0.019550111111111112
Ni14,8.73,0.01936788888888889
Ni14,8.79,0.019185666666666667
Ni14,8.85,0.018839666666666668
Ni14,8.91,0.018544555555555557
Ni14,8.969999999999999,0.018187666666666668
Ni14,9.030000000000001,0.017790555555555556
Ni14,9.09,0.017313666666666668
Ni14,9.149999999999999,0.016869222222222223
Ni14,9.21,0.01628511111111111
Ni14,9.27,0.015720444444444443
Ni14,9.329999999999998,0.015184777777777778
Ni14,9.39,0.014552
Ni14,9.45,0.013935777777777778
Ni14,9.51,0.01332511111111111
Ni14,9.57,0.012626
Ni14,9.629999999999999,0.011959444444444444
Ni14,9.69,0.01133188888888889
Ni14,9.75,0.010676
Ni14,9.809999999999999,0.009983333333333334
Ni14,9.870000000000001,0.009339333333333333
Ni14,9.93,0.008760111111111111
Ni14,9.989999999999998,0.008116444444444445
Ni14,10.05,0.007520666666666667
Ni14,10.11,0.006920777777777777
Ni14,10.169999999999998,0.006354444444444445
Ni14,10.23,0.005847
Ni14,10.29,0.005325333333333333
Ni14,10.35,0.004850333333333333
Ni14,10.41,0.004401444444444445
Ni14,10.469999999999999,0.003983
Ni14,10.53,0.003567777777777778
Ni14,10.59,0.0032154444444444444
Ni14,10.649999999999999,0.0028575555555555555
Ni14,10.71,0.002539
Ni14,10.77,0.002256888888888889
Ni14,10.829999999999998,0.0019816666666666667
Ni14,10.89,0.0017615555555555555
Ni14,10.95,0.001525888888888889
Ni14,11.01,0.0013338888888888888
Ni14,11.07,0.0011622222222222223
Ni14,11.129999999999999,0.0010138888888888888
Ni14,11.19,0.0008731111111111111
Ni14,11.25,0.0007356666666666667
Ni14,11.309999999999999,0.0006284444444444445
Ni14,11.370000000000001,0.0005423333333333334
Ni14,11.43,0.0004518888888888889
Ni14,11.489999999999998,0.00038455555555555557
Ni14,11.55,0.00032055555555555554
Ni14,11.61,0.00026855555555555557
Ni14,11.669999999999998,0.00022633333333333332
Ni14,11.73,0.0001822222222222222
Ni14,11.79,0.00015122222222222221
Ni14,11.85,0.00012344444444444444
Ni14,11.91,9.966666666666667e-05
Ni14,11.969999999999999,8.122222222222222e-05
Ni14,12.03,6.444444444444444e-05
Ni14,12.09,5.1e-05
Ni14,12.149999999999999,4.211111111111111e-05
Ni14,12.21,3.511111111111111e-05
Ni14,12.27,2.7555555555555555e-05
Ni14,12.329999999999998,2.2222222222222223e-05
Ni14,12.39,1.7777777777777777e-05
Ni14,12.45,1.2555555555555555e-05
Ni14,12.51,1.0444444444444445e-05
Ni14,12.57,9.11111111111111e-06
Ni14,12.629999999999999,6.666666666666667e-06
Ni14,12.69,6e-06
Ni14,12.75,4.555555555555555e-06
Ni14,12.809999999999999,3.4444444444444444e-06
Ni14,12.870000000000001,2.333333333333333e-06
Ni14,12.93,2e-06
Ni14,12.989999999999998,1.2222222222222221e-06
Ni14,13.05,7.777777777777778e-07
Ni14,13.11,2.2222222222222222e-07
Ni14,13.169999999999998,2.2222222222222222e-07
Ni14,13.23,1.1111111111111111e-07
Ni14,13.29,2.2222222222222222e-07
Ni14,13.35,1.1111111111111111e-07
Ni14,13.41,1.1111111111111111e-07
Ni14,13.469999999999999,1.1111111111111111e-07
Ni14,13.53,1.1111111111111111e-07
Ni14,13.59,1.1111111111111111e-07
Ni14,13.649999999999999,1.1111111111111111e-07
Ni14,13.71,1.1111111111111111e-07
Ni14,13.77,0.0
Ni14,13.829999999999998,1.1111111111111111e-07
Sn14,0.03,6.4e-05
Sn14,0.09,3e-06
Sn14,0.15,2.666666666666667e-06
Sn14,0.21,2.666666666666667e-06
Sn14,0.27,1.3333333333333334e-06
Sn14,0.32999999999999996,6.666666666666667e-07
Sn14,0.39,2.333333333333333e-06
Sn14,0.44999999999999996,1.6666666666666667e-06
Sn14,0.51,4e-06
Sn14,0.5700000000000001,3.6666666666666666e-06
Sn14,0.6299999999999999,6.666666666666667e-07
Sn14,0.69,3.3333333333333333e-06
Sn14,0.75,4e-06
Sn14,0.81,2.333333333333333e-06
Sn14,0.8699999999999999,4.666666666666666e-06
Sn14,0.9299999999999999,5.333333333333334e-06
Sn14,0.99,4.333333333333333e-06
Sn14,1.05,6.666666666666667e-06
Sn14,1.1099999999999999,6.333333333333333e-06
Sn14,1.17,5.666666666666667e-06
Sn14,1.23,8.666666666666666e-06
Sn14,1.29,8.666666666666666e-06
Sn14,1.3499999999999999,1e-05
Sn14,1.41,8e-06
Sn14,1.47,1.4333333333333334e-05
Sn14,1.53,1.3e-05
Sn14,1.5899999999999999,1.6e-05
Sn14,1.65,1.3e-05
Sn14,1.71,1.3333333333333333e-05
Sn14,1.77,1.9666666666666666e-05
Sn14,1.8299999999999998,1.9666666666666666e-05
Sn14,1.89,1.8e-05
Sn14,1.95,1.9333333333333333e-05
Sn14,2.01,2.966666666666667e-05
Sn14,2.0700000000000003,2.4333333333333333e-05
Sn14,2.13,2.6666666666666667e-05
Sn14,2.19,3.366666666666667e-05
Sn14,2.25,3.2e-05
Sn14,2.3099999999999996,3.5333333333333336e-05
Sn14,2.37,3.733333333333333e-05
Sn14,2.4299999999999997,5.6e-05
Sn14,2.49,4.133333333333333e-05
Sn14,2.55,4.966666666666667e-05
Sn14,2.61,6.133333333333334e-05
Sn14,2.67,5.7333333333333336e-05
Sn14,2.7299999999999995,7.2e-05
Sn14,2.79,6.933333333333333e-05
Sn14,2.8499999999999996,7.7e-05
Sn14,2.91,8.933333333333333e-05
Sn14,2.9699999999999998,8.766666666666667e-05
Sn14,3.0300000000000002,0.0001
Sn14,3.09,0.00011666666666666667
Sn14,3.15,0.00012066666666666667
Sn14,3.21,0.00013066666666666665
Sn14,3.2699999999999996,0.000149
Sn14,3.33,0.00015033333333333335
Sn14,3.3899999999999997,0.000164
Sn14,3.45,0.00020333333333333333
Sn14,3.51,0.00020066666666666667
Sn14,3.57,0.000225
Sn14,3.63,0.0002663333333333333
Sn14,3.6899999999999995,0.00025666666666666665
Sn14,3.75,0.000304
Sn14,3.8099999999999996,0.00033133333333333333
Sn14,3.87,0.000363
Sn14,3.9299999999999997,0.0004133333333333333
Sn14,3.9899999999999998,0.00042566666666666664
Sn14,4.05,0.000484
Sn14,4.109999999999999,0.00053
Sn14,4.17,0.0005563333333333334
Sn14,4.23,0.0006376666666666667
Sn14,4.29,0.00068
Sn14,4.35,0.000734
Sn14,4.41,0.000802
Sn14,4.47,0.0008633333333333334
Sn14,4.529999999999999,0.0009543333333333333
Sn14,4.59,0.0010303333333333334
Sn14,4.65,0.0011323333333333333
Sn14,4.71,0.0012213333333333334
Sn14,4.77,0.001309
Sn14,4.83,0.001437
Sn14,4.89,0.001546
Sn14,4.949999999999999,0.001692
Sn14,5.01,0.0018226666666666667
Sn14,5.07,0.001998666666666667
Sn14,5.13,0.002177333333333333
Sn14,5.1899999999999995,0.0023426666666666665
Sn14,5.25,0.0025626666666666667
Sn14,5.31,0.0027923333333333333
Sn14,5.369999999999999,0.002972666666666667
Sn14,5.43,0.0032286666666666666
Sn14,5.49,0.0034406666666666665
Sn14,5.55,0.003673
Sn14,5.609999999999999,0.0039573333333333335
Sn14,5.67,0.00418
Sn14,5.73,0.004524
Sn14,5.789999999999999,0.004830333333333333
Sn14,5.85,0.005162333333333333
Sn14,5.91,0.005537333333333333
Sn14,5.97,0.005877333333333333
Sn14,6.029999999999999,0.006297
Sn14,6.09,0.0066493333333333335
Sn14,6.15,0.007057
Sn14,6.21,0.007495666666666667
Sn14,6.27,0.007925333333333333
Sn14,6.33,0.008394666666666667
Sn14,6.39,0.008886333333333333
Sn14,6.449999999999999,0.009409666666666667
Sn14,6.51,0.009916333333333333
Sn14,6.57,0.010354
Sn14,6.63,0.010948
Sn14,6.6899999999999995,0.011380666666666667
Sn14,6.75,0.011944666666666666
Sn14,6.81,0.012399
Sn14,6.869999999999999,0.012957
Sn14,6.93,0.01333
Sn14,6.99,0.013894333333333333
Sn14,7.05,0.014333333333333333
Sn14,7.109999999999999,0.014808
Sn14,7.17,0.015337
Sn14,7.2299999999999995,0.015838666666666668
Sn14,7.289999999999999,0.016199
Sn14,7.35,0.016702333333333333
Sn14,7.41,0.017136
Sn14,7.47,0.017471666666666667
Sn14,7.529999999999999,0.017823
Sn14,7.59,0.018275
Sn14,7.65,0.01858833333333333
Sn14,7.709999999999999,0.01875
Sn14,7.77,0.019069333333333334
Sn14,7.83,0.019089666666666668
Sn14,7.89,0.019224
Sn14,7.949999999999999,0.019367
Sn14,8.01,0.019282333333333332
Sn14,8.07,0.019231333333333333
Sn14,8.129999999999999,0.019298333333333334
Sn14,8.19,0.019075666666666668
Sn14,8.25,0.018976333333333335
Sn14,8.309999999999999,0.018899666666666665
Sn14,8.370000000000001,0.018568333333333333
Sn14,8.43,0.018281333333333333
Sn14,8.489999999999998,0.017899
Sn14,8.55,0.017489
Sn14,8.61,0.017131
Sn14,8.67,0.016575666666666666
Sn14,8.73,0.016140333333333333
Sn14,8.79,0.015642333333333334
Sn14,8.85,0.015114666666666667
Sn14,8.91,0.014441666666666667
Sn14,8.969999999999999,0.014049333333333334
Sn14,9.030000000000001,0.013195333333333333
Sn14,9.09,0.012665666666666667
Sn14,9.149999999999999,0.012057
Sn14,9.21,0.011381666666666667
Sn14,9.27,0.010904666666666667
Sn14,9.329999999999998,0.010115666666666667
Sn14,9.39,0.009529333333333334
Sn14,9.45,0.008828333333333334
Sn14,9.51,0.008224
Sn14,9.57,0.0076823333333333335
Sn14,9.629999999999999,0.007131333333333333
Sn14,9.69,0.006575
Sn14,9.75,0.00609
Sn14,9.809999999999999,0.0055646666666666665
Sn14,9.870000000000001,0.00508
Sn14,9.93,0.004598666666666667
Sn14,9.989999999999998,0.004163333333333333
Sn14,10.05,0.0037743333333333335
Sn14,10.11,0.0033766666666666667
Sn14,10.169999999999998,0.0030286666666666665
Sn14,10.23,0.0027056666666666665
Sn14,10.29,0.0024046666666666665
Sn14,10.35,0.002166
Sn14,10.41,0.0019386666666666667
Sn14,10.469999999999999,0.0016653333333333333
Sn14,10.53,0.0014533333333333334
Sn14,10.59,0.0012743333333333333
Sn14,10.649999999999999,0.0011336666666666667
Sn14,10.71,0.0009523333333333334
Sn14,10.77,0.0008013333333333334
Sn14,10.829999999999998,0.0007166666666666667
Sn14,10.89,0.0006023333333333333
Sn14,10.95,0.0005216666666666667
Sn14,11.01,0.0004456666666666667
Sn14,11.07,0.0003846666666666667
Sn14,11.129999999999999,0.00031433333333333335
Sn14,11.19,0.00026333333333333336
Sn14,11.25,0.00021366666666666667
Sn14,11.309999999999999,0.00017333333333333334
Sn14,11.370000000000001,0.00013866666666666666
Sn14,11.43,0.000112
Sn14,11.489999999999998,9.6e-05
Sn14,11.55,8e-05
Sn14,11.61,7.2e-05
Sn14,11.669999999999998,5.4e-05
Sn14,11.73,4.633333333333333e-05
Sn14,11.79,3.1e-05
Sn14,11.85,2.4666666666666665e-05
Sn14,11.91,1.6e-05
Sn14,11.969999999999999,1.4666666666666666e-05
Sn14,12.03,1.4333333333333334e-05
Sn14,12.09,1.1666666666666666e-05
Sn14,12.149999999999999,1.1333333333333334e-05
Sn14,12.21,7.333333333333333e-06
Sn14,12.27,6.333333333333333e-06
Sn14,12.329999999999998,5.666666666666667e-06
Sn14,12.39,4.333333333333333e-06
Sn14,12.45,2.666666666666667e-06
Sn14,12.51,1.6666666666666667e-06
Sn14,12.57,6.666666666666667e-07
Sn14,12.629999999999999,3.3333333333333335e-07
Sn14,12.69,3.3333333333333335e-07
Sn14,12.75,3.3333333333333335e-07
Sn14,12.809999999999999,0.0
Sn14,12.870000000000001,0.0
Sn14,12.93,0.0
Sn14,12.989999999999998,0.0
Sn14,13.05,0.0
Sn14,13.11,3.3333333333333335e-07
Sn14,13.169999999999998,0.0
Sn14,13.23,3.3333333333333335e-07
Sn14,13.29,3.3333333333333335e-07
Ta14,0.03,0.00018575
Ta14,0.09,1.25e-05
Ta14,0.15,1.225e-05
Ta14,0.21,8.625e-06
Ta14,0.27,5.75e-06
Ta14,0.32999999999999996,6.5e-06
Ta14,0.39,7.625e-06
Ta14,0.44999999999999996,9.5e-06
Ta14,0.51,1.025e-05
Ta14,0.5700000000000001,1.35e-05
Ta14,0.6299999999999999,1.1125e-05
Ta14,0.69,1.1875e-05
Ta14,0.75,1.5e-05
Ta14,0.81,1.4125e-05
Ta14,0.8699999999999999,1.9625e-05
Ta14,0.9299999999999999,1.6875e-05
Ta14,0.99,1.7625e-05
Ta14,1.05,2.025e-05
Ta14,1.1099999999999999,2.4e-05
Ta14,1.17,2.4125e-05
Ta14,1.23,2.5e-05
Ta14,1.29,2.575e-05
Ta14,1.3499999999999999,3.2e-05
Ta14,1.41,3.3125e-05
Ta14,1.47,3.2e-05
Ta14,1.53,3.7e-05
Ta14,1.5899999999999999,4.425e-05
Ta14,1.65,4.3625e-05
Ta14,1.71,4.2e-05
Ta14,1.77,4.8375e-05
Ta14,1.8299999999999998,5.7625e-05
Ta14,1.89,5.475e-05
Ta14,1.95,6.2875e-05
Ta14,2.01,7.275e-05
Ta14,2.0700000000000003,6.9625e-05
Ta14,2.13,7.925e-05
Ta14,2.19,8.9875e-05
Ta14,2.25,8.875e-05
Ta14,2.3099999999999996,9.7375e-05
Ta14,2.37,0.000113125
Ta14,2.4299999999999997,0.00011375
Ta14,2.49,0.000124375
Ta14,2.55,0.000146375
Ta14,2.61,0.00014
Ta14,2.67,0.000161875
Ta14,2.7299999999999995,0.000184125
Ta14,2.79,0.000182625
Ta14,2.8499999999999996,0.00021525
Ta14,2.91,0.000230125
Ta14,2.9699999999999998,0.000237875
Ta14,3.0300000000000002,0.000274
Ta14,3.09,0.00028575
Ta14,3.15,0.00032375
Ta14,3.21,0.0003445
Ta14,3.2699999999999996,0.00036725
Ta14,3.33,0.00040975
Ta14,3.3899999999999997,0.000425875
Ta14,3.45,0.000484125
Ta14,3.51,0.000508875
Ta14,3.57,0.000562
Ta14,3.63,0.000608875
Ta14,3.6899999999999995,0.000656375
Ta14,3.75,0.000704625
Ta14,3.8099999999999996,0.000768625
Ta14,3.87,0.000834125
Ta14,3.9299999999999997,0.000889375
Ta14,3.9899999999999998,0.0009775
Ta14,4.05,0.00102675
Ta14,4.109999999999999,0.00115525
Ta14,4.17,0.00119625
Ta14,4.23,0.001347125
Ta14,4.29,0.00141425
Ta14,4.35,0.001564875
Ta14,4.41,0.00164825
Ta14,4.47,0.001818125
Ta14,4.529999999999999,0.001928875
Ta14,4.59,0.002103875
Ta14,4.65,0.002241125
Ta14,4.71,0.00243125
Ta14,4.77,0.002581125
Ta14,4.83,0.00280325
Ta14,4.89,0.002975
Ta14,4.949999999999999,0.0032035
Ta14,5.01,0.003425875
Ta14,5.07,0.00367325
Ta14,5.13,0.003922
Ta14,5.1899999999999995,0.004181375
Ta14,5.25,0.004465
Ta14,5.31,0.004711875
Ta14,5.369999999999999,0.0050415
Ta14,5.43,0.00533625
Ta14,5.49,0.005697375
Ta14,5.55,0.006018625
Ta14,5.609999999999999,0.006384875
Ta14,5.67,0.006778875
Ta14,5.73,0.007163375
Ta14,5.789999999999999,0.00757725
Ta14,5.85,0.0079565
Ta14,5.91,0.008420625
Ta14,5.97,0.008814125
Ta14,6.029999999999999,0.009297875
Ta14,6.09,0.00972975
Ta14,6.15,0.010193875
Ta14,6.21,0.010688625
Ta14,6.27,0.011071375
Ta14,6.33,0.011569125
Ta14,6.39,0.0120305
Ta14,6.449999999999999,0.012484625
Ta14,6.51,0.012998125
Ta14,6.57,0.01343625
Ta14,6.63,0.013825
Ta14,6.6899999999999995,0.014297
Ta14,6.75,0.01471975
Ta14,6.81,0.015137125
Ta14,6.869999999999999,0.015591375
Ta14,6.93,0.015980875
Ta14,6.99,0.01634075
Ta14,7.05,0.016745875
Ta14,7.109999999999999,0.017067875
Ta14,7.17,0.017353
Ta14,7.2299999999999995,0.01764425
Ta14,7.289999999999999,0.017866375
Ta14,7.35,0.0180675
Ta14,7.41,0.01825775
Ta14,7.47,0.018383875
Ta14,7.529999999999999,0.01846525
Ta14,7.59,0.018525875
Ta14,7.65,0.018504125
Ta14,7.709999999999999,0.018496125
Ta14,7.77,0.018430375
Ta14,7.83,0.018256375
Ta14,7.89,0.018113
Ta14,7.949999999999999,0.017960375
Ta14,8.01,0.01766325
Ta14,8.07,0.017424875
Ta14,8.129999999999999,0.017092125
Ta14,8.19,0.016755125
Ta14,8.25,0.016330375
Ta14,8.309999999999999,0.0159635
Ta14,8.370000000000001,0.015434375
Ta14,8.43,0.01498125
Ta14,8.489999999999998,0.014435
Ta14,8.55,0.01395675
Ta14,8.61,0.013401375
Ta14,8.67,0.01285975
Ta14,8.73,0.0122555
Ta14,8.79,0.011727375
Ta14,8.85,0.0110645
Ta14,8.91,0.0105215
Ta14,8.969999999999999,0.009863625
Ta14,9.030000000000001,0.009353875
Ta14,9.09,0.00875825
Ta14,9.149999999999999,0.00822075
Ta14,9.21,0.00760625
Ta14,9.27,0.007128375
Ta14,9.329999999999998,0.00656375
Ta14,9.39,0.00606725
Ta14,9.45,0.0055965
Ta14,9.51,0.005143
Ta14,9.57,0.004730125
Ta14,9.629999999999999,0.004276
Ta14,9.69,0.003882
Ta14,9.75,0.003521875
Ta14,9.809999999999999,0.00317075
Ta14,9.870000000000001,0.0028635
Ta14,9.93,0.002544875
Ta14,9.989999999999998,0.00229775
Ta14,10.05,0.002031125
Ta14,10.11,0.0017925
Ta14,10.169999999999998,0.001591375
Ta14,10.23,0.001405875
Ta14,10.29,0.00123125
Ta14,10.35,0.001082
Ta14,10.41,0.0009195
Ta14,10.469999999999999,0.000801625
Ta14,10.53,0.00069225
Ta14,10.59,0.000604
Ta14,10.649999999999999,0.000514875
Ta14,10.71,0.000431375
Ta14,10.77,0.00036875
Ta14,10.829999999999998,0.00031275
Ta14,10.89,0.000265375
Ta14,10.95,0.000220125
Ta14,11.01,0.00018
Ta14,11.07,0.0001515
Ta14,11.129999999999999,0.000122375
Ta14,11.19,0.00010075
Ta14,11.25,8.35e-05
Ta14,11.309999999999999,6.7625e-05
Ta14,11.370000000000001,5.5375e-05
Ta14,11.43,4.5e-05
Ta14,11.489999999999998,3.475e-05
Ta14,11.55,3.0375e-05
Ta14,11.61,2.3625e-05
Ta14,11.669999999999998,1.8875e-05
Ta14,11.73,1.4375e-05
Ta14,11.79,1.0875e-05
Ta14,11.85,9.75e-06
Ta14,11.91,8.5e-06
Ta14,11.969999999999999,7e-06
Ta14,12.03,6e-06
Ta14,12.09,4.125e-06
Ta14,12.149999999999999,3.25e-06
Ta14,12.21,2e-06
Ta14,12.27,1.875e-06
Ta14,12.329999999999998,8.75e-07
Ta14,12.39,6.25e-07
Ta14,12.45,3.75e-07
Ta14,12.51,1.25e-07
Ta14,12.57,1.25e-07
Ta14,12.629999999999999,1.25e-07
Ta14,12.69,1.25e-07
Ta14,12.75,1.25e-07
Ta14,12.809999999999999,1.25e-07
Ta14,12.870000000000001,1.25e-07
Ta14,12.93,1.25e-07
Ta14,12.989999999999998,1.25e-07
Ta14,13.05,1.25e-07
Ta14,13.11,1.25e-07
Cu14,0.03,0.0013280909090909092
Cu14,0.09,6.627272727272728e-05
Cu14,0.15,6.345454545454546e-05
Cu14,0.21,5.0636363636363636e-05
Cu14,0.27,4.118181818181818e-05
Cu14,0.32999999999999996,4.063636363636364e-05
Cu14,0.39,4.490909090909091e-05
Cu14,0.44999999999999996,5.209090909090909e-05
Cu14,0.51,5.2e-05
Cu14,0.5700000000000001,5.5363636363636365e-05
Cu14,0.6299999999999999,6.609090909090909e-05
Cu14,0.69,6.281818181818181e-05
Cu14,0.75,7.381818181818182e-05
Cu14,0.81,7.809090909090908e-05
Cu14,0.8699999999999999,7.709090909090909e-05
Cu14,0.9299999999999999,9.018181818181818e-05
Cu14,0.99,9.5e-05
Cu14,1.05,0.0001049090909090909
Cu14,1.1099999999999999,0.00010745454545454545
Cu14,1.17,0.00011572727272727273
Cu14,1.23,0.00012654545454545454
Cu14,1.29,0.00013954545454545453
Cu14,1.3499999999999999,0.0001408181818181818
Cu14,1.41,0.00015781818181818182
Cu14,1.47,0.00016563636363636363
Cu14,1.53,0.00018127272727272727
Cu14,1.5899999999999999,0.00018572727272727274
Cu14,1.65,0.00020263636363636363
Cu14,1.71,0.00022581818181818182
Cu14,1.77,0.00022818181818181818
Cu14,1.8299999999999998,0.00024745454545454544
Cu14,1.89,0.00027554545454545453
Cu14,1.95,0.0002847272727272727
Cu14,2.01,0.00030227272727272725
Cu14,2.0700000000000003,0.0003375454545454545
Cu14,2.13,0.0003449090909090909
Cu14,2.19,0.0003755454545454545
Cu14,2.25,0.0004138181818181818
Cu14,2.3099999999999996,0.000424
Cu14,2.37,0.00045890909090909093
Cu14,2.4299999999999997,0.000506
Cu14,2.49,0.0005302727272727273
Cu14,2.55,0.0005701818181818182
Cu14,2.61,0.0006052727272727273
Cu14,2.67,0.0006444545454545455
Cu14,2.7299999999999995,0.0007056363636363637
Cu14,2.79,0.0007355454545454545
Cu14,2.8499999999999996,0.0008052727272727273
Cu14,2.91,0.0008394545454545455
Cu14,2.9699999999999998,0.0009180909090909091
Cu14,3.0300000000000002,0.000979090909090909
Cu14,3.09,0.001051909090909091
Cu14,3.15,0.001133
Cu14,3.21,0.0011926363636363636
Cu14,3.2699999999999996,0.0013009090909090909
Cu14,3.33,0.001358
Cu14,3.3899999999999997,0.0014934545454545454
Cu14,3.45,0.001554
Cu14,3.51,0.001699090909090909
Cu14,3.57,0.0017765454545454545
Cu14,3.63,0.0019253636363636363
Cu14,3.6899999999999995,0.0020254545454545456
Cu14,3.75,0.002187
Cu14,3.8099999999999996,0.0023105454545454544
Cu14,3.87,0.0024824545454545455
Cu14,3.9299999999999997,0.002611181818181818
Cu14,3.9899999999999998,0.0028166363636363636
Cu14,4.05,0.0029623636363636362
Cu14,4.109999999999999,0.0031754545454545455
Cu14,4.17,0.003356
Cu14,4.23,0.003590818181818182
Cu14,4.29,0.0037796363636363635
Cu14,4.35,0.004012090909090909
Cu14,4.41,0.00423
Cu14,4.47,0.004502090909090909
Cu14,4.529999999999999,0.0047283636363636364
Cu14,4.59,0.005015818181818182
Cu14,4.65,0.005293727272727273
Cu14,4.71,0.005587545454545454
Cu14,4.77,0.005899272727272727
Cu14,4.83,0.006207727272727273
Cu14,4.89,0.006550363636363636
Cu14,4.949999999999999,0.006868545454545454
Cu14,5.01,0.007219818181818181
Cu14,5.07,0.007586363636363637
Cu14,5.13,0.007950454545454545
Cu14,5.1899999999999995,0.008316545454545455
Cu14,5.25,0.00870090909090909
Cu14,5.31,0.009084545454545455
Cu14,5.369999999999999,0.009458
Cu14,5.43,0.009860090909090909
Cu14,5.49,0.010248818181818182
Cu14,5.55,0.010645545454545454
Cu14,5.609999999999999,0.011075272727272727
Cu14,5.67,0.011457545454545455
Cu14,5.73,0.011879363636363636
Cu14,5.789999999999999,0.012270636363636364
Cu14,5.85,0.012630636363636363
Cu14,5.91,0.01302109090909091
Cu14,5.97,0.013468
Cu14,6.029999999999999,0.013773363636363636
Cu14,6.09,0.014183454545454546
Cu14,6.15,0.014549363636363636
Cu14,6.21,0.014889363636363636
Cu14,6.27,0.015208818181818181
Cu14,6.33,0.015515454545454546
Cu14,6.39,0.01588109090909091
Cu14,6.449999999999999,0.016088363636363637
Cu14,6.51,0.01636290909090909
Cu14,6.57,0.016598818181818183
Cu14,6.63,0.016759363636363635
Cu14,6.6899999999999995,0.016914
Cu14,6.75,0.017085636363636365
Cu14,6.81,0.017181181818181818
Cu14,6.869999999999999,0.017291636363636363
Cu14,6.93,0.017295636363636364
Cu14,6.99,0.01731481818181818
Cu14,7.05,0.017256545454545455
Cu14,7.109999999999999,0.017188181818181818
Cu14,7.17,0.017093545454545455
Cu14,7.2299999999999995,0.016930454545454547
Cu14,7.289999999999999,0.016814727272727273
Cu14,7.35,0.01660190909090909
Cu14,7.41,0.01631609090909091
Cu14,7.47,0.01608681818181818
Cu14,7.529999999999999,0.015786181818181817
Cu14,7.59,0.015470636363636363
Cu14,7.65,0.015106636363636364
Cu14,7.709999999999999,0.01467790909090909
Cu14,7.77,0.014282454545454546
Cu14,7.83,0.01383809090909091
Cu14,7.89,0.013378363636363636
Cu14,7.949999999999999,0.012942454545454545
Cu14,8.01,0.012453
Cu14,8.07,0.011943181818181818
Cu14,8.129999999999999,0.011404818181818183
Cu14,8.19,0.010923545454545455
Cu14,8.25,0.010377363636363636
Cu14,8.309999999999999,0.009856363636363637
Cu14,8.370000000000001,0.009329272727272728
Cu14,8.43,0.008796454545454545
Cu14,8.489999999999998,0.008313272727272726
Cu14,8.55,0.007808909090909091
Cu14,8.61,0.007310545454545454
Cu14,8.67,0.006804090909090909
Cu14,8.73,0.006321818181818182
Cu14,8.79,0.005877363636363636
Cu14,8.85,0.005450909090909091
Cu14,8.91,0.005008727272727272
Cu14,8.969999999999999,0.004628636363636363
Cu14,9.030000000000001,0.004249454545454546
Cu14,9.09,0.003875181818181818
Cu14,9.149999999999999,0.0035319090909090908
Cu14,9.21,0.0032077272727272727
Cu14,9.27,0.0028995454545454546
Cu14,9.329999999999998,0.0026124545454545454
Cu14,9.39,0.0023515454545454547
Cu14,9.45,0.0021127272727272726
Cu14,9.51,0.001881181818181818
Cu14,9.57,0.001676
Cu14,9.629999999999999,0.0014830909090909092
Cu14,9.69,0.001319181818181818
Cu14,9.75,0.0011677272727272728
Cu14,9.809999999999999,0.0010198181818181818
Cu14,9.870000000000001,0.0008880909090909091
Cu14,9.93,0.0007716363636363637
Cu14,9.989999999999998,0.0006737272727272728
Cu14,10.05,0.0005817272727272727
Cu14,10.11,0.0004996363636363637
Cu14,10.169999999999998,0.0004318181818181818
Cu14,10.23,0.0003650909090909091
Cu14,10.29,0.0003126363636363636
Cu14,10.35,0.0002640909090909091
Cu14,10.41,0.00022309090909090909
Cu14,10.469999999999999,0.0001889090909090909
Cu14,10.53,0.00015609090909090908
Cu14,10.59,0.00012845454545454545
Cu14,10.649999999999999,0.00010672727272727273
Cu14,10.71,8.736363636363636e-05
Cu14,10.77,7.136363636363636e-05
Cu14,10.829999999999998,6.0090909090909094e-05
Cu14,10.89,4.854545454545454e-05
Cu14,10.95,4e-05
Cu14,11.01,3.254545454545455e-05
Cu14,11.07,2.7454545454545455e-05
Cu14,11.129999999999999,2.1272727272727273e-05
Cu14,11.19,1.718181818181818e-05
Cu14,11.25,1.2545454545454545e-05
Cu14,11.309999999999999,1.109090909090909e-05
Cu14,11.370000000000001,9e-06
Cu14,11.43,8e-06
Cu14,11.489999999999998,6.545454545454546e-06
Cu14,11.55,5.636363636363636e-06
Cu14,11.61,3.636363636363636e-06
Cu14,11.669999999999998,2.9090909090909093e-06
Cu14,11.73,2.181818181818182e-06
Cu14,11.79,1.909090909090909e-06
Cu14,11.85,1.090909090909091e-06
Cu14,11.91,6.363636363636364e-07
Cu14,11.969999999999999,2.7272727272727274e-07
Cu14,12.03,1.8181818181818183e-07
Cu14,12.09,9.090909090909091e-08
Cu14,12.149999999999999,9.090909090909091e-08
Cu14,12.21,1.8181818181818183e-07
Cu14,12.27,1.8181818181818183e-07
Cu14,12.329999999999998,9.090909090909091e-08
Cu14,12.39,9.090909090909091e-08
Cu14,12.45,9.090909090909091e-08
Cu14,12.51,9.090909090909091e-08
Cu14,12.57,9.090909090909091e-08
Cu14,12.629999999999999,1.8181818181818183e-07
Cu14,12.69,9.090909090909091e-08
