name,energy,flux
Ni08,27.63,3.3333333333333335e-07
Ni08,27.689999999999998,1.3333333333333334e-06
Ni08,27.75,3e-06
Ni08,27.81,4.666666666666666e-06
Ni08,27.869999999999997,5.333333333333334e-06
Ni08,27.93,1.1666666666666666e-05
Ni08,27.99,1.8333333333333333e-05
Ni08,28.049999999999997,3.5333333333333336e-05
Ni08,28.11,5e-05
Ni08,28.17,8.1e-05
Ni08,28.229999999999997,0.00012333333333333334
Ni08,28.29,0.00019066666666666668
Ni08,28.35,0.000281
Ni08,28.409999999999997,0.00043566666666666667
Ni08,28.47,0.0006356666666666666
Ni08,28.53,0.0009753333333333334
Ni08,28.589999999999996,0.001319
Ni08,28.65,0.0018376666666666667
Ni08,28.71,0.0025903333333333334
Ni08,28.769999999999996,0.0035166666666666666
Ni08,28.83,0.004737666666666667
Ni08,28.89,0.00609
Ni08,28.95,0.007956
Ni08,29.009999999999998,0.010015666666666668
Ni08,29.07,0.012558
Ni08,29.13,0.015520666666666667
Ni08,29.189999999999998,0.018698666666666666
Ni08,29.25,0.022272333333333335
Ni08,29.31,0.025951666666666668
Ni08,29.369999999999997,0.029890666666666666
Ni08,29.43,0.03407166666666667
Ni08,29.49,0.03782166666666667
Ni08,29.549999999999997,0.041230333333333334
Ni08,29.61,0.044679333333333335
Ni08,29.67,0.04720333333333333
Ni08,29.729999999999997,0.049388
Ni08,29.79,0.05061
Ni08,29.85,0.05086966666666667
Ni08,29.909999999999997,0.05091266666666667
Ni08,29.97,0.049528
Ni08,30.03,0.047785666666666664
Ni08,30.089999999999996,0.04495966666666667
Ni08,30.15,0.04208833333333333
Ni08,30.21,0.03843933333333333
Ni08,30.269999999999996,0.03447666666666667
Ni08,30.33,0.030778
Ni08,30.39,0.026566
Ni08,30.45,0.022773666666666668
Ni08,30.509999999999998,0.019240666666666666
Ni08,30.57,0.015771
Ni08,30.63,0.012997333333333333
Ni08,30.689999999999998,0.010344666666666667
Ni08,30.75,0.008165666666666667
Ni08,30.81,0.006287666666666667
Ni08,30.869999999999997,0.004816
Ni08,30.93,0.003593
Ni08,30.99,0.0026376666666666666
Ni08,31.049999999999997,0.0019133333333333333
Ni08,31.11,0.001367
Ni08,31.17,0.0009516666666666666
Ni08,31.229999999999997,0.0006506666666666667
Ni08,31.29,0.0004513333333333333
Ni08,31.35,0.00030333333333333335
Ni08,31.409999999999997,0.00019466666666666666
Ni08,31.47,0.00012933333333333332
Ni08,31.53,8.166666666666667e-05
Ni08,31.589999999999996,4.9e-05
Ni08,31.65,2.7333333333333335e-05
Ni08,31.71,1.633333333333333e-05
Ni08,31.769999999999996,1.1333333333333334e-05
Ni08,31.83,5e-06
Ni08,31.89,2.666666666666667e-06
Ni08,31.95,1.3333333333333334e-06
Ni08,32.01,6.666666666666667e-07
Sn08,27.509999999999998,3.3333333333333335e-07
Sn08,27.57,1e-06
Sn08,27.63,2.666666666666667e-06
Sn08,27.689999999999998,7.666666666666667e-06
Sn08,27.75,9e-06
Sn08,27.81,1.3333333333333333e-05
Sn08,27.869999999999997,2.0333333333333334e-05
Sn08,27.93,3.6666666666666666e-05
Sn08,27.99,6.4e-05
Sn08,28.049999999999997,0.000108
Sn08,28.11,0.00015366666666666667
Sn08,28.17,0.000233
Sn08,28.229999999999997,0.0003443333333333333
Sn08,28.29,0.0005423333333333334
Sn08,28.35,0.0007943333333333333
Sn08,28.409999999999997,0.00117
Sn08,28.47,0.0017276666666666666
Sn08,28.53,0.002322
Sn08,28.589999999999996,0.003158666666666667
Sn08,28.65,0.004305333333333334
Sn08,28.71,0.005857666666666666
Sn08,28.769999999999996,0.0076363333333333335
Sn08,28.83,0.009711333333333334
Sn08,28.89,0.012228666666666667
Sn08,28.95,0.015221
Sn08,29.009999999999998,0.018328333333333332
Sn08,29.07,0.022250666666666665
Sn08,29.13,0.026341
Sn08,29.189999999999998,0.030553
Sn08,29.25,0.034486333333333334
Sn08,29.31,0.03859233333333333
Sn08,29.369999999999997,0.04262066666666667
Sn08,29.43,0.04596833333333333
Sn08,29.49,0.04837266666666667
Sn08,29.549999999999997,0.05068966666666667
Sn08,29.61,0.052216
Sn08,29.67,0.05250066666666667
Sn08,29.729999999999997,0.051966
Sn08,29.79,0.05057366666666667
Sn08,29.85,0.04836733333333333
Sn08,29.909999999999997,0.04571766666666666
Sn08,29.97,0.042211
Sn08,30.03,0.038484333333333336
Sn08,30.089999999999996,0.03423366666666667
Sn08,30.15,0.030047333333333332
Sn08,30.21,0.025810666666666666
Sn08,30.269999999999996,0.021921333333333334
Sn08,30.33,0.018228666666666667
Sn08,30.39,0.014908333333333334
Sn08,30.45,0.011993333333333333
Sn08,30.509999999999998,0.009512666666666668
Sn08,30.57,0.007344
Sn08,30.63,0.005587666666666667
Sn08,30.689999999999998,0.0042116666666666665
Sn08,30.75,0.0031143333333333335
Sn08,30.81,0.0022363333333333332
Sn08,30.869999999999997,0.0015876666666666667
Sn08,30.93,0.001087
Sn08,30.99,0.0007766666666666667
Sn08,31.049999999999997,0.0005236666666666666
Sn08,31.11,0.00036733333333333334
Sn08,31.17,0.00023633333333333332
Sn08,31.229999999999997,0.000146
Sn08,31.29,8.5e-05
Sn08,31.35,5.3666666666666666e-05
Sn08,31.409999999999997,3.366666666666667e-05
Sn08,31.47,2.2666666666666668e-05
Sn08,31.53,1.1e-05
Sn08,31.589999999999996,4.666666666666666e-06
Sn08,31.65,4e-06
Sn08,31.71,1e-06
Sn08,31.769999999999996,6.666666666666667e-07
Ta08,27.27,3.3333333333333335e-07
Ta08,27.33,6.666666666666667e-07
Ta08,27.39,3e-06
Ta08,27.45,4.333333333333333e-06
Ta08,27.509999999999998,5.666666666666667e-06
Ta08,27.57,1.1333333333333334e-05
Ta08,27.63,1.3333333333333333e-05
Ta08,27.689999999999998,3.3333333333333335e-05
Ta08,27.75,4.433333333333333e-05
Ta08,27.81,7.233333333333333e-05
Ta08,27.869999999999997,0.00011033333333333334
Ta08,27.93,0.000173
Ta08,27.99,0.0002503333333333333
Ta08,28.049999999999997,0.000403
Ta08,28.11,0.000574
Ta08,28.17,0.0008833333333333333
Ta08,28.229999999999997,0.0012313333333333334
Ta08,28.29,0.0017086666666666667
Ta08,28.35,0.002415333333333333
Ta08,28.409999999999997,0.0032366666666666668
Ta08,28.47,0.004447
Ta08,28.53,0.005748666666666667
Ta08,28.589999999999996,0.007529333333333333
Ta08,28.65,0.009562333333333334
Ta08,28.71,0.011973666666666667
Ta08,28.769999999999996,0.014786
Ta08,28.83,0.017917333333333334
Ta08,28.89,0.021545666666666668
Ta08,28.95,0.025225
Ta08,29.009999999999998,0.029103333333333332
Ta08,29.07,0.033269
Ta08,29.13,0.037093666666666664
Ta08,29.189999999999998,0.040789
Ta08,29.25,0.04390633333333333
Ta08,29.31,0.047059666666666666
Ta08,29.369999999999997,0.04895533333333333
Ta08,29.43,0.05065533333333333
Ta08,29.49,0.051002
Ta08,29.549999999999997,0.051115
Ta08,29.61,0.049928
Ta08,29.67,0.048243
Ta08,29.729999999999997,0.04572933333333333
Ta08,29.79,0.042657
Ta08,29.85,0.03920666666666667
Ta08,29.909999999999997,0.03536366666666667
Ta08,29.97,0.031422
Ta08,30.03,0.027371666666666666
Ta08,30.089999999999996,0.023456666666666667
Ta08,30.15,0.019863333333333334
Ta08,30.21,0.016399333333333332
Ta08,30.269999999999996,0.013490666666666666
Ta08,30.33,0.010721333333333333
Ta08,30.39,0.008548666666666666
Ta08,30.45,0.006580666666666667
Ta08,30.509999999999998,0.005052666666666666
Ta08,30.57,0.0037676666666666666
Ta08,30.63,0.002784
Ta08,30.689999999999998,0.002020333333333333
Ta08,30.75,0.001451
Ta08,30.81,0.001009
Ta08,30.869999999999997,0.000705
Ta08,30.93,0.000476
Ta08,30.99,0.00032933333333333333
Ta08,31.049999999999997,0.000215
Ta08,31.11,0.000139
Ta08,31.17,8.666666666666667e-05
Ta08,31.229999999999997,5.4e-05
Ta08,31.29,2.8e-05
Ta08,31.35,1.9666666666666666e-05
Ta08,31.409999999999997,1.0666666666666667e-05
Ta08,31.47,6.333333333333333e-06
Ta08,31.53,3.3333333333333333e-06
Ta08,31.589999999999996,1.3333333333333334e-06
Ta08,31.65,6.666666666666667e-07
Cu08,26.97,3.3333333333333335e-07
Cu08,27.03,6.666666666666667e-07
Cu08,27.089999999999996,1.6666666666666667e-06
Cu08,27.15,3.6666666666666666e-06
Cu08,27.21,4.666666666666666e-06
Cu08,27.27,7.666666666666667e-06
Cu08,27.33,1.4333333333333334e-05
Cu08,27.39,2.4e-05
Cu08,27.45,3.8333333333333334e-05
Cu08,27.509999999999998,6.1e-05
Cu08,27.57,9.2e-05
Cu08,27.63,0.00013933333333333332
Cu08,27.689999999999998,0.00021233333333333334
Cu08,27.75,0.00032933333333333333
Cu08,27.81,0.000483
Cu08,27.869999999999997,0.0007046666666666667
Cu08,27.93,0.0010546666666666666
Cu08,27.99,0.0014153333333333333
Cu08,28.049999999999997,0.002026
Cu08,28.11,0.002743666666666667
Cu08,28.17,0.003745333333333333
Cu08,28.229999999999997,0.004973333333333333
Cu08,28.29,0.006395333333333334
Cu08,28.35,0.008309333333333334
Cu08,28.409999999999997,0.010326333333333333
Cu08,28.47,0.012959666666666666
Cu08,28.53,0.015858
Cu08,28.589999999999996,0.019061
Cu08,28.65,0.02266
Cu08,28.71,0.026286666666666667
Cu08,28.769999999999996,0.030165
Cu08,28.83,0.03428233333333333
Cu08,28.89,0.037809333333333334
Cu08,28.95,0.04136366666666667
Cu08,29.009999999999998,0.044409
Cu08,29.07,0.04709733333333333
Cu08,29.13,0.048966
Cu08,29.189999999999998,0.050196333333333336
Cu08,29.25,0.050485666666666665
Cu08,29.31,0.050394666666666664
Cu08,29.369999999999997,0.049004
Cu08,29.43,0.04723466666666667
Cu08,29.49,0.044589666666666666
Cu08,29.549999999999997,0.041544
Cu08,29.61,0.038108
Cu08,29.67,0.034242666666666664
Cu08,29.729999999999997,0.030415
Cu08,29.79,0.026389666666666665
Cu08,29.85,0.022640333333333332
Cu08,29.909999999999997,0.019183333333333333
Cu08,29.97,0.01581866666666667
Cu08,30.03,0.013047666666666667
Cu08,30.089999999999996,0.010346
Cu08,30.15,0.008283
Cu08,30.21,0.006372333333333333
Cu08,30.269999999999996,0.004867
Cu08,30.33,0.003676
Cu08,30.39,0.0027106666666666668
Cu08,30.45,0.0019676666666666666
Cu08,30.509999999999998,0.0014143333333333334
Cu08,30.57,0.000995
Cu08,30.63,0.000687
Cu08,30.689999999999998,0.0004676666666666667
Cu08,30.75,0.00032933333333333333
Cu08,30.81,0.000215
Cu08,30.869999999999997,0.00013866666666666666
Cu08,30.93,8.533333333333334e-05
Cu08,30.99,5.266666666666667e-05
Cu08,31.049999999999997,3.066666666666667e-05
Cu08,31.11,1.9333333333333333e-05
Cu08,31.17,1.2333333333333333e-05
Cu08,31.229999999999997,6.333333333333333e-06
Cu08,31.29,2e-06
Cu08,31.35,2e-06
Cu08,31.409999999999997,6.666666666666667e-07
Cu08,31.47,3.3333333333333335e-07
Al_degrader_E2_E1,24.81,1.4285714285714285e-07
Al_degrader_E2_E1,24.869999999999997,5.714285714285714e-07
Al_degrader_E2_E1,24.93,1.1428571428571428e-06
Al_degrader_E2_E1,24.990000000000002,1.2857142857142858e-06
Al_degrader_E2_E1,25.049999999999997,1.7142857142857143e-06
Al_degrader_E2_E1,25.11,2.7142857142857144e-06
Al_degrader_E2_E1,25.17,3.857142857142857e-06
Al_degrader_E2_E1,25.229999999999997,8.714285714285715e-06
Al_degrader_E2_E1,25.29,1.3e-05
Al_degrader_E2_E1,25.35,1.9857142857142856e-05
Al_degrader_E2_E1,25.409999999999997,2.7e-05
Al_degrader_E2_E1,25.47,4.028571428571429e-05
Al_degrader_E2_E1,25.53,5.842857142857143e-05
Al_degrader_E2_E1,25.589999999999996,8.828571428571429e-05
Al_degrader_E2_E1,25.65,0.00012771428571428572
Al_degrader_E2_E1,25.71,0.00018785714285714285
Al_degrader_E2_E1,25.77,0.0002692857142857143
Al_degrader_E2_E1,25.83,0.0003495714285714286
Al_degrader_E2_E1,25.89,0.0004677142857142857
Al_degrader_E2_E1,25.95,0.0006385714285714286
Al_degrader_E2_E1,26.009999999999998,0.0008625714285714286
Al_degrader_E2_E1,26.07,0.0011451428571428572
Al_degrader_E2_E1,26.13,0.001454
Al_degrader_E2_E1,26.189999999999998,0.0018422857142857143
Al_degrader_E2_E1,26.25,0.002299
Al_degrader_E2_E1,26.31,0.0028502857142857145
Al_degrader_E2_E1,26.369999999999997,0.003493142857142857
Al_degrader_E2_E1,26.43,0.004284142857142857
Al_degrader_E2_E1,26.49,0.005154142857142857
Al_degrader_E2_E1,26.549999999999997,0.0060077142857142855
Al_degrader_E2_E1,26.61,0.006977714285714286
Al_degrader_E2_E1,26.67,0.008017285714285715
Al_degrader_E2_E1,26.729999999999997,0.009261714285714286
Al_degrader_E2_E1,26.79,0.010410142857142857
Al_degrader_E2_E1,26.85,0.011617
Al_degrader_E2_E1,26.909999999999997,0.012803714285714286
Al_degrader_E2_E1,26.97,0.014047142857142857
Al_degrader_E2_E1,27.03,0.015125
Al_degrader_E2_E1,27.089999999999996,0.016466428571428573
Al_degrader_E2_E1,27.15,0.017398714285714285
Al_degrader_E2_E1,27.21,0.018476714285714287
Al_degrader_E2_E1,27.27,0.019349571428571428
Al_degrader_E2_E1,27.33,0.02023242857142857
Al_degrader_E2_E1,27.39,0.02100614285714286
Al_degrader_E2_E1,27.45,0.021765857142857142
Al_degrader_E2_E1,27.509999999999998,0.022227
Al_degrader_E2_E1,27.57,0.02275342857142857
Al_degrader_E2_E1,27.63,0.023149
Al_degrader_E2_E1,27.689999999999998,0.023506
Al_degrader_E2_E1,27.75,0.023815714285714287
Al_degrader_E2_E1,27.81,0.02413057142857143
Al_degrader_E2_E1,27.869999999999997,0.024316428571428572
Al_degrader_E2_E1,27.93,0.024365142857142856
Al_degrader_E2_E1,27.99,0.024493285714285714
Al_degrader_E2_E1,28.049999999999997,0.024636857142857144
Al_degrader_E2_E1,28.11,0.02462742857142857
Al_degrader_E2_E1,28.17,0.02475542857142857
Al_degrader_E2_E1,28.229999999999997,0.024733142857142856
Al_degrader_E2_E1,28.29,0.02458885714285714
Al_degrader_E2_E1,28.35,0.024579
Al_degrader_E2_E1,28.409999999999997,0.024425142857142857
Al_degrader_E2_E1,28.47,0.024320857142857144
Al_degrader_E2_E1,28.53,0.023976857142857144
Al_degrader_E2_E1,28.589999999999996,0.023712714285714285
Al_degrader_E2_E1,28.65,0.023231428571428573
Al_degrader_E2_E1,28.71,0.02273257142857143
Al_degrader_E2_E1,28.769999999999996,0.02217842857142857
Al_degrader_E2_E1,28.83,0.02148842857142857
Al_degrader_E2_E1,28.89,0.020614857142857143
Al_degrader_E2_E1,28.95,0.019554285714285715
Al_degrader_E2_E1,29.009999999999998,0.018552142857142857
Al_degrader_E2_E1,29.07,0.017497285714285715
Al_degrader_E2_E1,29.13,0.016218857142857143
Al_degrader_E2_E1,29.189999999999998,0.014859857142857143
Al_degrader_E2_E1,29.25,0.013610142857142857
Al_degrader_E2_E1,29.31,0.012242285714285714
Al_degrader_E2_E1,29.369999999999997,0.010859714285714285
Al_degrader_E2_E1,29.43,0.009619142857142857
Al_degrader_E2_E1,29.49,0.008313285714285714
Al_degrader_E2_E1,29.549999999999997,0.007140142857142857
Al_degrader_E2_E1,29.61,0.006066
Al_degrader_E2_E1,29.67,0.0049975714285714285
Al_degrader_E2_E1,29.729999999999997,0.004142142857142857
Al_degrader_E2_E1,29.79,0.0033485714285714286
Al_degrader_E2_E1,29.85,0.0026505714285714288
Al_degrader_E2_E1,29.909999999999997,0.0021312857142857145
Al_degrader_E2_E1,29.97,0.0016442857142857142
Al_degrader_E2_E1,30.03,0.0012495714285714287
Al_degrader_E2_E1,30.089999999999996,0.000926
Al_degrader_E2_E1,30.15,0.0006962857142857143
Al_degrader_E2_E1,30.21,0.0005191428571428571
Al_degrader_E2_E1,30.269999999999996,0.0003635714285714286
Al_degrader_E2_E1,30.33,0.00025342857142857144
Al_degrader_E2_E1,30.39,0.00017685714285714285
Al_degrader_E2_E1,30.45,0.000119
Al_degrader_E2_E1,30.509999999999998,8.3e-05
Al_degrader_E2_E1,30.57,5.7714285714285716e-05
Al_degrader_E2_E1,30.63,3.614285714285714e-05
Al_degrader_E2_E1,30.689999999999998,2.3e-05
Al_degrader_E2_E1,30.75,1.4285714285714285e-05
Al_degrader_E2_E1,30.81,7.571428571428571e-06
Al_degrader_E2_E1,30.869999999999997,5.571428571428572e-06
Al_degrader_E2_E1,30.93,3.714285714285714e-06
Al_degrader_E2_E1,30.99,1.5714285714285714e-06
Al_degrader_E2_E1,31.049999999999997,8.571428571428571e-07
Al_degrader_E2_E1,31.11,5.714285714285714e-07
Al_degrader_E2_E1,31.17,2.857142857142857e-07
Ni09,24.45,3.3333333333333335e-07
Ni09,24.509999999999998,6.666666666666667e-07
Ni09,24.57,1.6666666666666667e-06
Ni09,24.63,3.6666666666666666e-06
Ni09,24.689999999999998,3.6666666666666666e-06
Ni09,24.75,6.333333333333333e-06
Ni09,24.81,1.1333333333333334e-05
Ni09,24.869999999999997,1.7333333333333332e-05
Ni09,24.93,3.1666666666666666e-05
Ni09,24.990000000000002,4.6e-05
Ni09,25.049999999999997,6.766666666666667e-05
Ni09,25.11,0.00010033333333333334
Ni09,25.17,0.000145
Ni09,25.229999999999997,0.00021166666666666667
Ni09,25.29,0.0003373333333333333
Ni09,25.35,0.00046133333333333334
Ni09,25.409999999999997,0.0006636666666666667
Ni09,25.47,0.0009563333333333333
Ni09,25.53,0.0012566666666666666
Ni09,25.589999999999996,0.0017323333333333333
Ni09,25.65,0.002359
Ni09,25.71,0.003121
Ni09,25.77,0.004150666666666667
Ni09,25.83,0.0051916666666666665
Ni09,25.89,0.0067
Ni09,25.95,0.008409
Ni09,26.009999999999998,0.010241666666666666
Ni09,26.07,0.012643333333333333
Ni09,26.13,0.015149666666666667
Ni09,26.189999999999998,0.018013666666666667
Ni09,26.25,0.02108
Ni09,26.31,0.024269333333333334
Ni09,26.369999999999997,0.027572
Ni09,26.43,0.031230666666666667
Ni09,26.49,0.03432433333333333
Ni09,26.549999999999997,0.03735466666666667
Ni09,26.61,0.040350333333333335
Ni09,26.67,0.04269233333333333
Ni09,26.729999999999997,0.04476033333333333
Ni09,26.79,0.046254666666666666
Ni09,26.85,0.04693866666666666
Ni09,26.909999999999997,0.047081
Ni09,26.97,0.046768333333333335
Ni09,27.03,0.045547333333333336
Ni09,27.089999999999996,0.04403233333333333
Ni09,27.15,0.041544
Ni09,27.21,0.03916666666666667
Ni09,27.27,0.036033333333333334
Ni09,27.33,0.03259533333333333
Ni09,27.39,0.029547
Ni09,27.45,0.026002666666666667
Ni09,27.509999999999998,0.022509666666666667
Ni09,27.57,0.019570333333333332
Ni09,27.63,0.016391
Ni09,27.689999999999998,0.0137
Ni09,27.75,0.011339333333333333
Ni09,27.81,0.009112666666666666
Ni09,27.869999999999997,0.007373333333333333
Ni09,27.93,0.005735333333333334
Ni09,27.99,0.004474666666666667
Ni09,28.049999999999997,0.003438333333333333
Ni09,28.11,0.002568
Ni09,28.17,0.0019053333333333333
Ni09,28.229999999999997,0.0014023333333333333
Ni09,28.29,0.0010226666666666667
Ni09,28.35,0.0007233333333333333
Ni09,28.409999999999997,0.0005096666666666666
Ni09,28.47,0.0003623333333333333
Ni09,28.53,0.00022966666666666667
Ni09,28.589999999999996,0.00017166666666666667
Ni09,28.65,0.00010066666666666667
Ni09,28.71,7.366666666666666e-05
Ni09,28.769999999999996,4.133333333333333e-05
Ni09,28.83,2.6333333333333334e-05
Ni09,28.89,1.633333333333333e-05
Ni09,28.95,1.1e-05
Ni09,29.009999999999998,6e-06
Ni09,29.07,2e-06
Ni09,29.13,2e-06
Ni09,29.189999999999998,3.3333333333333335e-07
Ni09,29.25,6.666666666666667e-07
Sn09,24.39,6.666666666666667e-07
Sn09,24.45,2e-06
Sn09,24.509999999999998,4.666666666666666e-06
Sn09,24.57,7.666666666666667e-06
Sn09,24.63,1.0333333333333333e-05
Sn09,24.689999999999998,1.3333333333333333e-05
Sn09,24.75,1.9333333333333333e-05
Sn09,24.81,3.7e-05
Sn09,24.869999999999997,5.9e-05
Sn09,24.93,9.633333333333333e-05
Sn09,24.990000000000002,0.00013233333333333334
Sn09,25.049999999999997,0.000192
Sn09,25.11,0.00028533333333333335
Sn09,25.17,0.00040133333333333335
Sn09,25.229999999999997,0.000596
Sn09,25.29,0.00087
Sn09,25.35,0.0012426666666666667
Sn09,25.409999999999997,0.0017076666666666666
Sn09,25.47,0.002251
Sn09,25.53,0.0029443333333333335
Sn09,25.589999999999996,0.003971333333333334
Sn09,25.65,0.005244666666666667
Sn09,25.71,0.006745666666666666
Sn09,25.77,0.008425666666666666
Sn09,25.83,0.010401333333333334
Sn09,25.89,0.012797
Sn09,25.95,0.015399666666666667
Sn09,26.009999999999998,0.018365333333333334
Sn09,26.07,0.021706666666666666
Sn09,26.13,0.025293333333333334
Sn09,26.189999999999998,0.028772666666666665
Sn09,26.25,0.032063666666666664
Sn09,26.31,0.03561533333333333
Sn09,26.369999999999997,0.039086333333333334
Sn09,26.43,0.04199666666666667
Sn09,26.49,0.044052666666666664
Sn09,26.549999999999997,0.046107666666666665
Sn09,26.61,0.047758666666666665
Sn09,26.67,0.048387
Sn09,26.729999999999997,0.04822166666666667
Sn09,26.79,0.047534
Sn09,26.85,0.04610033333333333
Sn09,26.909999999999997,0.04408033333333333
Sn09,26.97,0.041643
Sn09,27.03,0.038763
Sn09,27.089999999999996,0.035532666666666664
Sn09,27.15,0.031853
Sn09,27.21,0.028369333333333333
Sn09,27.27,0.024647333333333334
Sn09,27.33,0.021257666666666668
Sn09,27.39,0.018123333333333335
Sn09,27.45,0.015072
Sn09,27.509999999999998,0.012426
Sn09,27.57,0.010171666666666667
Sn09,27.63,0.008082666666666667
Sn09,27.689999999999998,0.006339
Sn09,27.75,0.004905333333333334
Sn09,27.81,0.0037793333333333333
Sn09,27.869999999999997,0.002854666666666667
Sn09,27.93,0.0021006666666666665
Sn09,27.99,0.001518
Sn09,28.049999999999997,0.0011016666666666666
Sn09,28.11,0.0007716666666666667
Sn09,28.17,0.0005576666666666667
Sn09,28.229999999999997,0.0003933333333333333
Sn09,28.29,0.0002646666666666667
Sn09,28.35,0.00017633333333333333
Sn09,28.409999999999997,0.000114
Sn09,28.47,6.966666666666666e-05
Sn09,28.53,4.133333333333333e-05
Sn09,28.589999999999996,3.1333333333333334e-05
Sn09,28.65,1.8333333333333333e-05
Sn09,28.71,1.0333333333333333e-05
Sn09,28.769999999999996,4e-06
Sn09,28.83,4.333333333333333e-06
Sn09,28.89,1.3333333333333334e-06
Sn09,28.95,6.666666666666667e-07
Ta09,24.089999999999996,3.3333333333333335e-07
Ta09,24.15,6.666666666666667e-07
Ta09,24.21,2.333333333333333e-06
Ta09,24.27,3.6666666666666666e-06
Ta09,24.33,4e-06
Ta09,24.39,9e-06
Ta09,24.45,1.1666666666666666e-05
Ta09,24.509999999999998,1.9666666666666666e-05
Ta09,24.57,3.5e-05
Ta09,24.63,5e-05
Ta09,24.689999999999998,7.366666666666666e-05
Ta09,24.75,0.00010966666666666667
Ta09,24.81,0.00016566666666666666
Ta09,24.869999999999997,0.000227
Ta09,24.93,0.000364
Ta09,24.990000000000002,0.000489
Ta09,25.049999999999997,0.0007156666666666666
Ta09,25.11,0.0010193333333333332
Ta09,25.17,0.001349
Ta09,25.229999999999997,0.0018603333333333334
Ta09,25.29,0.002488
Ta09,25.35,0.0033123333333333334
Ta09,25.409999999999997,0.004345666666666667
Ta09,25.47,0.005453
Ta09,25.53,0.007011333333333333
Ta09,25.589999999999996,0.008725333333333333
Ta09,25.65,0.010746
Ta09,25.71,0.013089
Ta09,25.77,0.015634666666666668
Ta09,25.83,0.018601333333333334
Ta09,25.89,0.021635333333333333
Ta09,25.95,0.024913
Ta09,26.009999999999998,0.028258666666666668
Ta09,26.07,0.031854
Ta09,26.13,0.03487866666666667
Ta09,26.189999999999998,0.038
Ta09,26.25,0.04062466666666667
Ta09,26.31,0.043271
Ta09,26.369999999999997,0.04502766666666667
Ta09,26.43,0.04646
Ta09,26.49,0.04687533333333333
Ta09,26.549999999999997,0.04713833333333333
Ta09,26.61,0.046527
Ta09,26.67,0.04523766666666667
Ta09,26.729999999999997,0.04357166666666667
Ta09,26.79,0.04121366666666667
Ta09,26.85,0.03845266666666667
Ta09,26.909999999999997,0.035429333333333334
Ta09,26.97,0.032085
Ta09,27.03,0.028788
Ta09,27.089999999999996,0.025359666666666666
Ta09,27.15,0.021943
Ta09,27.21,0.018925333333333332
Ta09,27.27,0.015857333333333334
Ta09,27.33,0.013263666666666667
Ta09,27.39,0.010908333333333334
Ta09,27.45,0.008760333333333334
Ta09,27.509999999999998,0.007057666666666667
Ta09,27.57,0.005521666666666667
Ta09,27.63,0.004280333333333333
Ta09,27.689999999999998,0.00325
Ta09,27.75,0.002442
Ta09,27.81,0.0018276666666666667
Ta09,27.869999999999997,0.0013306666666666666
Ta09,27.93,0.000957
Ta09,27.99,0.0006876666666666666
Ta09,28.049999999999997,0.000482
Ta09,28.11,0.00034366666666666665
Ta09,28.17,0.00022066666666666667
Ta09,28.229999999999997,0.000161
Ta09,28.29,9.5e-05
Ta09,28.35,6.466666666666666e-05
Ta09,28.409999999999997,3.9666666666666664e-05
Ta09,28.47,2.6e-05
Ta09,28.53,1.6666666666666667e-05
Ta09,28.589999999999996,1.0333333333333333e-05
Ta09,28.65,5.333333333333334e-06
Ta09,28.71,2.333333333333333e-06
Ta09,28.769999999999996,1.3333333333333334e-06
Ta09,28.83,6.666666666666667e-07
Ta09,28.89,3.3333333333333335e-07
Cu09,23.79,3.3333333333333335e-07
Cu09,23.85,1.3333333333333334e-06
Cu09,23.909999999999997,2.666666666666667e-06
Cu09,23.97,3.3333333333333333e-06
Cu09,24.03,4e-06
Cu09,24.089999999999996,9.333333333333333e-06
Cu09,24.15,1.2e-05
Cu09,24.21,2.2333333333333332e-05
Cu09,24.27,3.3333333333333335e-05
Cu09,24.33,4.633333333333333e-05
Cu09,24.39,7.533333333333334e-05
Cu09,24.45,0.00010566666666666667
Cu09,24.509999999999998,0.00016033333333333335
Cu09,24.57,0.00022966666666666667
Cu09,24.63,0.000347
Cu09,24.689999999999998,0.00048533333333333333
Cu09,24.75,0.000681
Cu09,24.81,0.0009833333333333332
Cu09,24.869999999999997,0.001284
Cu09,24.93,0.0017873333333333333
Cu09,24.990000000000002,0.002377666666666667
Cu09,25.049999999999997,0.0031273333333333335
Cu09,25.11,0.0041396666666666665
Cu09,25.17,0.005193
Cu09,25.229999999999997,0.006633
Cu09,25.29,0.008305
Cu09,25.35,0.010143
Cu09,25.409999999999997,0.012436333333333334
Cu09,25.47,0.014853333333333333
Cu09,25.53,0.017628333333333333
Cu09,25.589999999999996,0.020672666666666666
Cu09,25.65,0.023642666666666666
Cu09,25.71,0.026972333333333334
Cu09,25.77,0.030437333333333334
Cu09,25.83,0.033516333333333335
Cu09,25.89,0.03656633333333333
Cu09,25.95,0.039393333333333336
Cu09,26.009999999999998,0.041819
Cu09,26.07,0.043947
Cu09,26.13,0.04534833333333333
Cu09,26.189999999999998,0.046216
Cu09,26.25,0.046462666666666666
Cu09,26.31,0.046379333333333335
Cu09,26.369999999999997,0.04531266666666667
Cu09,26.43,0.04380966666666666
Cu09,26.49,0.041705
Cu09,26.549999999999997,0.039185333333333336
Cu09,26.61,0.036531666666666664
Cu09,26.67,0.03324866666666667
Cu09,26.729999999999997,0.030082666666666667
Cu09,26.79,0.026799333333333335
Cu09,26.85,0.023367333333333334
Cu09,26.909999999999997,0.020231
Cu09,26.97,0.017267333333333332
Cu09,27.03,0.014439
Cu09,27.089999999999996,0.012133333333333333
Cu09,27.15,0.009764
Cu09,27.21,0.007939333333333333
Cu09,27.27,0.006327333333333333
Cu09,27.33,0.004936333333333333
Cu09,27.39,0.0038166666666666666
Cu09,27.45,0.0028846666666666665
Cu09,27.509999999999998,0.0021813333333333333
Cu09,27.57,0.0016396666666666667
Cu09,27.63,0.0011676666666666667
Cu09,27.689999999999998,0.000852
Cu09,27.75,0.0006016666666666667
Cu09,27.81,0.0004133333333333333
Cu09,27.869999999999997,0.00030533333333333335
Cu09,27.93,0.00020433333333333333
Cu09,27.99,0.00014033333333333332
Cu09,28.049999999999997,8.633333333333334e-05
Cu09,28.11,5.466666666666667e-05
Cu09,28.17,3.3333333333333335e-05
Cu09,28.229999999999997,2.2333333333333332e-05
Cu09,28.29,1.4e-05
Cu09,28.35,9.333333333333333e-06
Cu09,28.409999999999997,4.333333333333333e-06
Cu09,28.47,2.666666666666667e-06
Cu09,28.53,1.3333333333333334e-06
Cu09,28.589999999999996,6.666666666666667e-07
Al_degrader_E4_E3,21.33,1.1111111111111111e-07
Al_degrader_E4_E3,21.39,2.2222222222222222e-07
Al_degrader_E4_E3,21.45,5.555555555555555e-07
Al_degrader_E4_E3,21.509999999999998,1.111111111111111e-06
Al_degrader_E4_E3,21.57,7.777777777777778e-07
Al_degrader_E4_E3,21.63,1.3333333333333334e-06
Al_degrader_E4_E3,21.689999999999998,2.333333333333333e-06
Al_degrader_E4_E3,21.75,3e-06
Al_degrader_E4_E3,21.81,6.888888888888889e-06
Al_degrader_E4_E3,21.869999999999997,8.777777777777778e-06
Al_degrader_E4_E3,21.93,1.1888888888888888e-05
Al_degrader_E4_E3,21.990000000000002,1.822222222222222e-05
Al_degrader_E4_E3,22.049999999999997,2.4555555555555557e-05
Al_degrader_E4_E3,22.11,3.722222222222222e-05
Al_degrader_E4_E3,22.17,4.8666666666666666e-05
Al_degrader_E4_E3,22.229999999999997,7.6e-05
Al_degrader_E4_E3,22.29,9.966666666666667e-05
Al_degrader_E4_E3,22.35,0.00014266666666666667
Al_degrader_E4_E3,22.409999999999997,0.00020077777777777778
Al_degrader_E4_E3,22.47,0.00025633333333333335
Al_degrader_E4_E3,22.53,0.00033077777777777776
Al_degrader_E4_E3,22.589999999999996,0.00044533333333333333
Al_degrader_E4_E3,22.65,0.0005844444444444444
Al_degrader_E4_E3,22.71,0.0007754444444444445
Al_degrader_E4_E3,22.77,0.0009843333333333334
Al_degrader_E4_E3,22.83,0.0011926666666666667
Al_degrader_E4_E3,22.89,0.0015101111111111112
Al_degrader_E4_E3,22.95,0.0018677777777777779
Al_degrader_E4_E3,23.009999999999998,0.0023005555555555557
Al_degrader_E4_E3,23.07,0.0027623333333333332
Al_degrader_E4_E3,23.13,0.003320777777777778
Al_degrader_E4_E3,23.189999999999998,0.003939333333333334
Al_degrader_E4_E3,23.25,0.004645666666666667
Al_degrader_E4_E3,23.31,0.005395888888888889
Al_degrader_E4_E3,23.369999999999997,0.006180777777777778
Al_degrader_E4_E3,23.43,0.007069444444444444
Al_degrader_E4_E3,23.490000000000002,0.008067444444444445
Al_degrader_E4_E3,23.549999999999997,0.008999888888888889
Al_degrader_E4_E3,23.61,0.009982222222222222
Al_degrader_E4_E3,23.67,0.010954888888888889
Al_degrader_E4_E3,23.729999999999997,0.012053666666666667
Al_degrader_E4_E3,23.79,0.013152444444444444
Al_degrader_E4_E3,23.85,0.014098666666666667
Al_degrader_E4_E3,23.909999999999997,0.015054666666666666
Al_degrader_E4_E3,23.97,0.015948555555555556
Al_degrader_E4_E3,24.03,0.01690111111111111
Al_degrader_E4_E3,24.089999999999996,0.01784222222222222
Al_degrader_E4_E3,24.15,0.01849677777777778
Al_degrader_E4_E3,24.21,0.019241333333333333
Al_degrader_E4_E3,24.27,0.019839222222222223
Al_degrader_E4_E3,24.33,0.020459555555555557
Al_degrader_E4_E3,24.39,0.021005555555555555
Al_degrader_E4_E3,24.45,0.021392333333333333
Al_degrader_E4_E3,24.509999999999998,0.02171888888888889
Al_degrader_E4_E3,24.57,0.022103333333333332
Al_degrader_E4_E3,24.63,0.022377444444444443
Al_degrader_E4_E3,24.689999999999998,0.022680333333333334
Al_degrader_E4_E3,24.75,0.022832111111111112
Al_degrader_E4_E3,24.81,0.02287877777777778
Al_degrader_E4_E3,24.869999999999997,0.023092
Al_degrader_E4_E3,24.93,0.023217111111111112
Al_degrader_E4_E3,24.990000000000002,0.023255444444444443
Al_degrader_E4_E3,25.049999999999997,0.023249444444444444
Al_degrader_E4_E3,25.11,0.023233444444444445
Al_degrader_E4_E3,25.17,0.023251333333333332
Al_degrader_E4_E3,25.229999999999997,0.023257444444444445
Al_degrader_E4_E3,25.29,0.023061
Al_degrader_E4_E3,25.35,0.02287622222222222
Al_degrader_E4_E3,25.409999999999997,0.022686555555555557
Al_degrader_E4_E3,25.47,0.02249311111111111
Al_degrader_E4_E3,25.53,0.022119444444444445
Al_degrader_E4_E3,25.589999999999996,0.021730666666666665
Al_degrader_E4_E3,25.65,0.02114077777777778
Al_degrader_E4_E3,25.71,0.020638444444444445
Al_degrader_E4_E3,25.77,0.020010666666666666
Al_degrader_E4_E3,25.83,0.019183111111111113
Al_degrader_E4_E3,25.89,0.018365
Al_degrader_E4_E3,25.95,0.017426333333333332
Al_degrader_E4_E3,26.009999999999998,0.016451888888888887
Al_degrader_E4_E3,26.07,0.015371666666666667
Al_degrader_E4_E3,26.13,0.014263555555555555
Al_degrader_E4_E3,26.189999999999998,0.013150222222222223
Al_degrader_E4_E3,26.25,0.011966222222222222
Al_degrader_E4_E3,26.31,0.010842333333333334
Al_degrader_E4_E3,26.369999999999997,0.009628111111111112
Al_degrader_E4_E3,26.43,0.008554555555555555
Al_degrader_E4_E3,26.49,0.007512888888888889
Al_degrader_E4_E3,26.549999999999997,0.006473555555555555
Al_degrader_E4_E3,26.61,0.005516333333333333
Al_degrader_E4_E3,26.67,0.004710333333333334
Al_degrader_E4_E3,26.729999999999997,0.003906
Al_degrader_E4_E3,26.79,0.003252111111111111
Al_degrader_E4_E3,26.85,0.0026476666666666667
Al_degrader_E4_E3,26.909999999999997,0.0021112222222222222
Al_degrader_E4_E3,26.97,0.0017057777777777778
Al_degrader_E4_E3,27.03,0.0013438888888888888
Al_degrader_E4_E3,27.089999999999996,0.0010362222222222222
Al_degrader_E4_E3,27.15,0.0007784444444444445
Al_degrader_E4_E3,27.21,0.0005992222222222222
Al_degrader_E4_E3,27.27,0.0004471111111111111
Al_degrader_E4_E3,27.33,0.0003312222222222222
Al_degrader_E4_E3,27.39,0.00024
Al_degrader_E4_E3,27.45,0.00016766666666666666
Al_degrader_E4_E3,27.509999999999998,0.00012033333333333334
Al_degrader_E4_E3,27.57,8.488888888888889e-05
Al_degrader_E4_E3,27.63,5.6666666666666664e-05
Al_degrader_E4_E3,27.689999999999998,4.177777777777778e-05
Al_degrader_E4_E3,27.75,2.677777777777778e-05
Al_degrader_E4_E3,27.81,1.7444444444444444e-05
Al_degrader_E4_E3,27.869999999999997,1.1333333333333334e-05
Al_degrader_E4_E3,27.93,6.222222222222222e-06
Al_degrader_E4_E3,27.99,4.444444444444444e-06
Al_degrader_E4_E3,28.049999999999997,3e-06
Al_degrader_E4_E3,28.11,1.6666666666666667e-06
Al_degrader_E4_E3,28.17,3.3333333333333335e-07
Al_degrader_E4_E3,28.229999999999997,7.777777777777778e-07
Al_degrader_E4_E3,28.29,1.1111111111111111e-07
Al_degrader_E4_E3,28.35,2.2222222222222222e-07
Ni10,20.909999999999997,3.3333333333333335e-07
Ni10,20.97,0.0
Ni10,21.03,1.3333333333333334e-06
Ni10,21.089999999999996,2e-06
Ni10,21.15,3.3333333333333333e-06
Ni10,21.21,3e-06
Ni10,21.27,5.333333333333334e-06
Ni10,21.33,1.1e-05
Ni10,21.39,1.2e-05
Ni10,21.45,2.5e-05
Ni10,21.509999999999998,3.4e-05
Ni10,21.57,4.9e-05
Ni10,21.63,6.866666666666666e-05
Ni10,21.689999999999998,9.733333333333333e-05
Ni10,21.75,0.00013966666666666666
Ni10,21.81,0.000191
Ni10,21.869999999999997,0.0002883333333333333
Ni10,21.93,0.0003826666666666667
Ni10,21.990000000000002,0.0005346666666666667
Ni10,22.049999999999997,0.0007623333333333333
Ni10,22.11,0.0009693333333333333
Ni10,22.17,0.0012643333333333332
Ni10,22.229999999999997,0.001732
Ni10,22.29,0.002209
Ni10,22.35,0.0028656666666666665
Ni10,22.409999999999997,0.0037003333333333333
Ni10,22.47,0.004528666666666667
Ni10,22.53,0.0056823333333333335
Ni10,22.589999999999996,0.007013333333333333
Ni10,22.65,0.008416333333333333
Ni10,22.71,0.010185666666666668
Ni10,22.77,0.012244333333333333
Ni10,22.83,0.014228333333333334
Ni10,22.89,0.016664
Ni10,22.95,0.019151666666666668
Ni10,23.009999999999998,0.021733333333333334
Ni10,23.07,0.024438
Ni10,23.13,0.027449333333333333
Ni10,23.189999999999998,0.029923333333333333
Ni10,23.25,0.03258133333333333
Ni10,23.31,0.03510033333333333
Ni10,23.369999999999997,0.037228
Ni10,23.43,0.03915333333333333
Ni10,23.490000000000002,0.04067866666666667
Ni10,23.549999999999997,0.041885
Ni10,23.61,0.04248866666666667
Ni10,23.67,0.04254366666666667
Ni10,23.729999999999997,0.042492666666666665
Ni10,23.79,0.04164466666666667
Ni10,23.85,0.04047333333333333
Ni10,23.909999999999997,0.03879933333333333
Ni10,23.97,0.03674633333333333
Ni10,24.03,0.034576
Ni10,24.089999999999996,0.03202566666666667
Ni10,24.15,0.029175333333333334
Ni10,24.21,0.026702333333333335
Ni10,24.27,0.023729666666666666
Ni10,24.33,0.020878666666666667
Ni10,24.39,0.018321666666666667
Ni10,24.45,0.015817
Ni10,24.509999999999998,0.013372666666666666
Ni10,24.57,0.011435
Ni10,24.63,0.009433
Ni10,24.689999999999998,0.007704666666666667
Ni10,24.75,0.006367
Ni10,24.81,0.005051333333333333
Ni10,24.869999999999997,0.004026666666666666
Ni10,24.93,0.0031516666666666668
Ni10,24.990000000000002,0.0024233333333333333
Ni10,25.049999999999997,0.0018556666666666667
Ni10,25.11,0.001423
Ni10,25.17,0.0010433333333333334
Ni10,25.229999999999997,0.0007813333333333333
Ni10,25.29,0.0005526666666666667
Ni10,25.35,0.00040866666666666666
Ni10,25.409999999999997,0.000291
Ni10,25.47,0.00020233333333333334
Ni10,25.53,0.00015533333333333333
Ni10,25.589999999999996,8.866666666666666e-05
Ni10,25.65,6.8e-05
Ni10,25.71,4.2e-05
Ni10,25.77,2.7333333333333335e-05
Ni10,25.83,1.6e-05
Ni10,25.89,1.2e-05
Ni10,25.95,7.666666666666667e-06
Ni10,26.009999999999998,3.3333333333333333e-06
Ni10,26.07,2.333333333333333e-06
Ni10,26.13,1e-06
Ni10,26.189999999999998,6.666666666666667e-07
Ni10,26.25,3.3333333333333335e-07
Sn10,20.85,6.666666666666667e-07
Sn10,20.909999999999997,1e-06
Sn10,20.97,3.3333333333333333e-06
Sn10,21.03,6e-06
Sn10,21.089999999999996,7.333333333333333e-06
Sn10,21.15,9e-06
Sn10,21.21,1.2e-05
Sn10,21.27,1.8666666666666665e-05
Sn10,21.33,3.233333333333333e-05
Sn10,21.39,5.0333333333333335e-05
Sn10,21.45,7.5e-05
Sn10,21.509999999999998,0.00010266666666666666
Sn10,21.57,0.00014733333333333333
Sn10,21.63,0.000198
Sn10,21.689999999999998,0.00027633333333333335
Sn10,21.75,0.0003936666666666667
Sn10,21.81,0.0005466666666666667
Sn10,21.869999999999997,0.0007706666666666667
Sn10,21.93,0.0010576666666666666
Sn10,21.990000000000002,0.0014376666666666667
Sn10,22.049999999999997,0.0018423333333333334
Sn10,22.11,0.0023246666666666667
Sn10,22.17,0.0030223333333333335
Sn10,22.229999999999997,0.003935666666666666
Sn10,22.29,0.005025
Sn10,22.35,0.006225333333333334
Sn10,22.409999999999997,0.007645333333333333
Sn10,22.47,0.009215333333333334
Sn10,22.53,0.011174333333333333
Sn10,22.589999999999996,0.013134333333333333
Sn10,22.65,0.015457666666666666
Sn10,22.71,0.018103333333333332
Sn10,22.77,0.020996333333333332
Sn10,22.83,0.023759
Sn10,22.89,0.02662
Sn10,22.95,0.029302666666666668
Sn10,23.009999999999998,0.032197
Sn10,23.07,0.035024
Sn10,23.13,0.037533333333333335
Sn10,23.189999999999998,0.039246333333333334
Sn10,23.25,0.04105433333333333
Sn10,23.31,0.042534666666666665
Sn10,23.369999999999997,0.04350266666666667
Sn10,23.43,0.043778333333333336
Sn10,23.490000000000002,0.04349033333333333
Sn10,23.549999999999997,0.042793
Sn10,23.61,0.041646
Sn10,23.67,0.039985
Sn10,23.729999999999997,0.038049
Sn10,23.79,0.03573433333333333
Sn10,23.85,0.033097666666666664
Sn10,23.909999999999997,0.030298
Sn10,23.97,0.027262
Sn10,24.03,0.024342666666666665
Sn10,24.089999999999996,0.021397666666666666
Sn10,24.15,0.018653666666666666
Sn10,24.21,0.016106666666666665
Sn10,24.27,0.013571666666666666
Sn10,24.33,0.011406333333333333
Sn10,24.39,0.009508666666666667
Sn10,24.45,0.007782
Sn10,24.509999999999998,0.006251
Sn10,24.57,0.004960666666666667
Sn10,24.63,0.003906
Sn10,24.689999999999998,0.0030653333333333335
Sn10,24.75,0.0023613333333333333
Sn10,24.81,0.0017843333333333333
Sn10,24.869999999999997,0.0013236666666666666
Sn10,24.93,0.000976
Sn10,24.990000000000002,0.0007156666666666666
Sn10,25.049999999999997,0.0005273333333333333
Sn10,25.11,0.00038533333333333334
Sn10,25.17,0.000275
Sn10,25.229999999999997,0.00018766666666666666
Sn10,25.29,0.000126
Sn10,25.35,8.133333333333334e-05
Sn10,25.409999999999997,4.9e-05
Sn10,25.47,3.6666666666666666e-05
Sn10,25.53,2.7666666666666667e-05
Sn10,25.589999999999996,1.6e-05
Sn10,25.65,8.333333333333334e-06
Sn10,25.71,4e-06
Sn10,25.77,3.6666666666666666e-06
Sn10,25.83,2e-06
Sn10,25.89,6.666666666666667e-07
Ta10,20.490000000000002,3.3333333333333335e-07
Ta10,20.549999999999997,0.0
Ta10,20.61,1.3333333333333334e-06
Ta10,20.67,2.333333333333333e-06
Ta10,20.729999999999997,3e-06
Ta10,20.79,3.6666666666666666e-06
Ta10,20.85,6e-06
Ta10,20.909999999999997,1.0666666666666667e-05
Ta10,20.97,1.3333333333333333e-05
Ta10,21.03,2.5666666666666666e-05
Ta10,21.089999999999996,3.1666666666666666e-05
Ta10,21.15,4.6666666666666665e-05
Ta10,21.21,7.333333333333333e-05
Ta10,21.27,9.866666666666666e-05
Ta10,21.33,0.000142
Ta10,21.39,0.000192
Ta10,21.45,0.00028233333333333333
Ta10,21.509999999999998,0.00038333333333333334
Ta10,21.57,0.0005213333333333333
Ta10,21.63,0.0007413333333333333
Ta10,21.689999999999998,0.000973
Ta10,21.75,0.0012873333333333333
Ta10,21.81,0.001685
Ta10,21.869999999999997,0.002185
Ta10,21.93,0.0028366666666666666
Ta10,21.990000000000002,0.003643
Ta10,22.049999999999997,0.004510666666666666
Ta10,22.11,0.005598666666666667
Ta10,22.17,0.0069566666666666666
Ta10,22.229999999999997,0.008401
Ta10,22.29,0.010069
Ta10,22.35,0.012019666666666666
Ta10,22.409999999999997,0.014092
Ta10,22.47,0.016489333333333335
Ta10,22.53,0.019016333333333333
Ta10,22.589999999999996,0.021479333333333333
Ta10,22.65,0.024315666666666666
Ta10,22.71,0.027041333333333334
Ta10,22.77,0.030029666666666666
Ta10,22.83,0.03229033333333333
Ta10,22.89,0.034861333333333334
Ta10,22.95,0.036914
Ta10,23.009999999999998,0.039107333333333334
Ta10,23.07,0.040542666666666664
Ta10,23.13,0.04173233333333334
Ta10,23.189999999999998,0.04228166666666667
Ta10,23.25,0.04264233333333333
Ta10,23.31,0.042429666666666664
Ta10,23.369999999999997,0.04161533333333333
Ta10,23.43,0.040487666666666665
Ta10,23.490000000000002,0.038915333333333336
Ta10,23.549999999999997,0.036902333333333336
Ta10,23.61,0.03468566666666666
Ta10,23.67,0.032151
Ta10,23.729999999999997,0.029545
Ta10,23.79,0.026709666666666666
Ta10,23.85,0.023948333333333332
Ta10,23.909999999999997,0.021185333333333334
Ta10,23.97,0.018461
Ta10,24.03,0.015983666666666667
Ta10,24.089999999999996,0.013632666666666666
Ta10,24.15,0.011526666666666666
Ta10,24.21,0.009627
Ta10,24.27,0.007874333333333334
Ta10,24.33,0.006476333333333333
Ta10,24.39,0.005167666666666667
Ta10,24.45,0.004132333333333333
Ta10,24.509999999999998,0.003212
Ta10,24.57,0.002495
Ta10,24.63,0.001917
Ta10,24.689999999999998,0.001472
Ta10,24.75,0.0010836666666666666
Ta10,24.81,0.000788
Ta10,24.869999999999997,0.0005956666666666667
Ta10,24.93,0.000422
Ta10,24.990000000000002,0.000319
Ta10,25.049999999999997,0.000206
Ta10,25.11,0.000159
Ta10,25.17,9.966666666666667e-05
Ta10,25.229999999999997,7.266666666666667e-05
Ta10,25.29,4.433333333333333e-05
Ta10,25.35,2.9333333333333333e-05
Ta10,25.409999999999997,1.7666666666666668e-05
Ta10,25.47,1.2666666666666667e-05
Ta10,25.53,8e-06
Ta10,25.589999999999996,4.333333333333333e-06
Ta10,25.65,2.666666666666667e-06
Ta10,25.71,1e-06
Ta10,25.77,3.3333333333333335e-07
Ta10,25.83,6.666666666666667e-07
Cu10,20.189999999999998,3.3333333333333335e-07
Cu10,20.25,6.666666666666667e-07
Cu10,20.31,2.333333333333333e-06
Cu10,20.369999999999997,3e-06
Cu10,20.43,3.6666666666666666e-06
Cu10,20.490000000000002,5.333333333333334e-06
Cu10,20.549999999999997,9.666666666666667e-06
Cu10,20.61,1.1333333333333334e-05
Cu10,20.67,2.0666666666666666e-05
Cu10,20.729999999999997,3.1333333333333334e-05
Cu10,20.79,4.1e-05
Cu10,20.85,6e-05
Cu10,20.909999999999997,8.566666666666667e-05
Cu10,20.97,0.00012033333333333334
Cu10,21.03,0.00017233333333333334
Cu10,21.089999999999996,0.00023133333333333334
Cu10,21.15,0.000336
Cu10,21.21,0.00044733333333333333
Cu10,21.27,0.0006166666666666666
Cu10,21.33,0.0008603333333333333
Cu10,21.39,0.0010946666666666667
Cu10,21.45,0.001425
Cu10,21.509999999999998,0.001892
Cu10,21.57,0.002410666666666667
Cu10,21.63,0.0031206666666666666
Cu10,21.689999999999998,0.003967333333333333
Cu10,21.75,0.004791333333333333
Cu10,21.81,0.006001
Cu10,21.869999999999997,0.007346333333333333
Cu10,21.93,0.008807
Cu10,21.990000000000002,0.010507666666666667
Cu10,22.049999999999997,0.012541666666666666
Cu10,22.11,0.014515666666666666
Cu10,22.17,0.016976333333333333
Cu10,22.229999999999997,0.019312
Cu10,22.29,0.021917333333333334
Cu10,22.35,0.024500666666666667
Cu10,22.409999999999997,0.027364333333333334
Cu10,22.47,0.029847333333333333
Cu10,22.53,0.032320666666666664
Cu10,22.589999999999996,0.034680333333333334
Cu10,22.65,0.03679466666666667
Cu10,22.71,0.038621
Cu10,22.77,0.040099333333333334
Cu10,22.83,0.041265
Cu10,22.89,0.041634333333333336
Cu10,22.95,0.041926
Cu10,23.009999999999998,0.041763666666666664
Cu10,23.07,0.04097933333333333
Cu10,23.13,0.03977666666666667
Cu10,23.189999999999998,0.03831166666666667
Cu10,23.25,0.03629533333333333
Cu10,23.31,0.034280333333333336
Cu10,23.369999999999997,0.031738666666666665
Cu10,23.43,0.029040333333333335
Cu10,23.490000000000002,0.026564
Cu10,23.549999999999997,0.023814
Cu10,23.61,0.021069333333333332
Cu10,23.67,0.018419
Cu10,23.729999999999997,0.016089333333333334
Cu10,23.79,0.013658
Cu10,23.85,0.011670666666666666
Cu10,23.909999999999997,0.009769333333333333
Cu10,23.97,0.008007
Cu10,24.03,0.006654333333333333
Cu10,24.089999999999996,0.005337
Cu10,24.15,0.004253
Cu10,24.21,0.0033536666666666667
Cu10,24.27,0.002617
Cu10,24.33,0.0020193333333333335
Cu10,24.39,0.0015586666666666668
Cu10,24.45,0.0011616666666666668
Cu10,24.509999999999998,0.0008606666666666667
Cu10,24.57,0.0006416666666666667
Cu10,24.63,0.000465
Cu10,24.689999999999998,0.00034166666666666666
Cu10,24.75,0.00023366666666666666
Cu10,24.81,0.00017433333333333333
Cu10,24.869999999999997,0.000121
Cu10,24.93,7.733333333333333e-05
Cu10,24.990000000000002,5.133333333333333e-05
Cu10,25.049999999999997,3.266666666666666e-05
Cu10,25.11,2.2666666666666668e-05
Cu10,25.17,1.5333333333333334e-05
Cu10,25.229999999999997,1e-05
Cu10,25.29,6e-06
Cu10,25.35,1.6666666666666667e-06
Cu10,25.409999999999997,2.666666666666667e-06
Cu10,25.47,6.666666666666667e-07
Cu10,25.53,6.666666666666667e-07
Al_degrader_E6_E5,17.310000000000002,9.090909090909091e-08
Al_degrader_E6_E5,17.369999999999997,0.0
Al_degrader_E6_E5,17.43,3.6363636363636366e-07
Al_degrader_E6_E5,17.490000000000002,3.6363636363636366e-07
Al_degrader_E6_E5,17.549999999999997,8.181818181818182e-07
Al_degrader_E6_E5,17.61,6.363636363636364e-07
Al_degrader_E6_E5,17.67,7.272727272727273e-07
Al_degrader_E6_E5,17.729999999999997,1.3636363636363636e-06
Al_degrader_E6_E5,17.79,2e-06
Al_degrader_E6_E5,17.85,3.1818181818181817e-06
Al_degrader_E6_E5,17.909999999999997,5.272727272727273e-06
Al_degrader_E6_E5,17.97,6.181818181818182e-06
Al_degrader_E6_E5,18.03,9.727272727272727e-06
Al_degrader_E6_E5,18.09,1.1454545454545454e-05
Al_degrader_E6_E5,18.15,1.6272727272727273e-05
Al_degrader_E6_E5,18.21,2.3636363636363637e-05
Al_degrader_E6_E5,18.27,3.072727272727273e-05
Al_degrader_E6_E5,18.33,3.936363636363636e-05
Al_degrader_E6_E5,18.39,5.854545454545455e-05
Al_degrader_E6_E5,18.45,7.445454545454545e-05
Al_degrader_E6_E5,18.509999999999998,0.00010154545454545454
Al_degrader_E6_E5,18.57,0.00013572727272727271
Al_degrader_E6_E5,18.63,0.00017781818181818182
Al_degrader_E6_E5,18.689999999999998,0.00022318181818181817
Al_degrader_E6_E5,18.75,0.00027327272727272725
Al_degrader_E6_E5,18.81,0.00036545454545454544
Al_degrader_E6_E5,18.869999999999997,0.00046
Al_degrader_E6_E5,18.93,0.0005895454545454546
Al_degrader_E6_E5,18.990000000000002,0.0007201818181818182
Al_degrader_E6_E5,19.049999999999997,0.0008800909090909091
Al_degrader_E6_E5,19.11,0.0010696363636363635
Al_degrader_E6_E5,19.17,0.001312818181818182
Al_degrader_E6_E5,19.229999999999997,0.00159
Al_degrader_E6_E5,19.29,0.001873909090909091
Al_degrader_E6_E5,19.35,0.002202909090909091
Al_degrader_E6_E5,19.409999999999997,0.002648090909090909
Al_degrader_E6_E5,19.47,0.0030755454545454545
Al_degrader_E6_E5,19.53,0.0036216363636363638
Al_degrader_E6_E5,19.59,0.004080909090909091
Al_degrader_E6_E5,19.65,0.004667818181818182
Al_degrader_E6_E5,19.71,0.005311636363636364
Al_degrader_E6_E5,19.77,0.006023636363636364
Al_degrader_E6_E5,19.83,0.006779
Al_degrader_E6_E5,19.89,0.0074115454545454545
Al_degrader_E6_E5,19.95,0.008242818181818181
Al_degrader_E6_E5,20.009999999999998,0.008992
Al_degrader_E6_E5,20.07,0.009897727272727273
Al_degrader_E6_E5,20.13,0.010709727272727274
Al_degrader_E6_E5,20.189999999999998,0.011467909090909091
Al_degrader_E6_E5,20.25,0.012243636363636363
Al_degrader_E6_E5,20.31,0.013088636363636363
Al_degrader_E6_E5,20.369999999999997,0.013961727272727273
Al_degrader_E6_E5,20.43,0.01455609090909091
Al_degrader_E6_E5,20.490000000000002,0.015337
Al_degrader_E6_E5,20.549999999999997,0.015936363636363637
Al_degrader_E6_E5,20.61,0.016699
Al_degrader_E6_E5,20.67,0.017280090909090908
Al_degrader_E6_E5,20.729999999999997,0.017713272727272727
Al_degrader_E6_E5,20.79,0.01817972727272727
Al_degrader_E6_E5,20.85,0.018671454545454547
Al_degrader_E6_E5,20.909999999999997,0.019218
Al_degrader_E6_E5,20.97,0.019393454545454547
Al_degrader_E6_E5,21.03,0.01972918181818182
Al_degrader_E6_E5,21.089999999999996,0.01997727272727273
Al_degrader_E6_E5,21.15,0.02037890909090909
Al_degrader_E6_E5,21.21,0.020404181818181818
Al_degrader_E6_E5,21.27,0.020640545454545453
Al_degrader_E6_E5,21.33,0.020743363636363636
Al_degrader_E6_E5,21.39,0.02098590909090909
Al_degrader_E6_E5,21.45,0.02101009090909091
Al_degrader_E6_E5,21.509999999999998,0.021030090909090908
Al_degrader_E6_E5,21.57,0.021073818181818183
Al_degrader_E6_E5,21.63,0.02113781818181818
Al_degrader_E6_E5,21.689999999999998,0.02125618181818182
Al_degrader_E6_E5,21.75,0.021049545454545456
Al_degrader_E6_E5,21.81,0.021008272727272726
Al_degrader_E6_E5,21.869999999999997,0.020929363636363635
Al_degrader_E6_E5,21.93,0.020962727272727272
Al_degrader_E6_E5,21.990000000000002,0.020601454545454544
Al_degrader_E6_E5,22.049999999999997,0.020415454545454546
Al_degrader_E6_E5,22.11,0.020110454545454546
Al_degrader_E6_E5,22.17,0.019987181818181817
Al_degrader_E6_E5,22.229999999999997,0.019420272727272727
Al_degrader_E6_E5,22.29,0.018994727272727274
Al_degrader_E6_E5,22.35,0.018458363636363637
Al_degrader_E6_E5,22.409999999999997,0.018017545454545456
Al_degrader_E6_E5,22.47,0.017253363636363636
Al_degrader_E6_E5,22.53,0.016563181818181817
Al_degrader_E6_E5,22.589999999999996,0.015799363636363636
Al_degrader_E6_E5,22.65,0.015021181818181819
Al_degrader_E6_E5,22.71,0.014145727272727273
Al_degrader_E6_E5,22.77,0.013212636363636364
Al_degrader_E6_E5,22.83,0.012328181818181818
Al_degrader_E6_E5,22.89,0.011343272727272728
Al_degrader_E6_E5,22.95,0.010395818181818181
Al_degrader_E6_E5,23.009999999999998,0.009432818181818181
Al_degrader_E6_E5,23.07,0.008526090909090909
Al_degrader_E6_E5,23.13,0.0076250909090909095
Al_degrader_E6_E5,23.189999999999998,0.006740363636363636
Al_degrader_E6_E5,23.25,0.005908454545454546
Al_degrader_E6_E5,23.31,0.005173636363636364
Al_degrader_E6_E5,23.369999999999997,0.004442636363636364
Al_degrader_E6_E5,23.43,0.0037578181818181816
Al_degrader_E6_E5,23.490000000000002,0.0032041818181818183
Al_degrader_E6_E5,23.549999999999997,0.002685272727272727
Al_degrader_E6_E5,23.61,0.0022197272727272725
Al_degrader_E6_E5,23.67,0.001806
Al_degrader_E6_E5,23.729999999999997,0.001483
Al_degrader_E6_E5,23.79,0.0011828181818181818
Al_degrader_E6_E5,23.85,0.0009511818181818181
Al_degrader_E6_E5,23.909999999999997,0.0007345454545454545
Al_degrader_E6_E5,23.97,0.0005720909090909091
Al_degrader_E6_E5,24.03,0.0004400909090909091
Al_degrader_E6_E5,24.089999999999996,0.000345
Al_degrader_E6_E5,24.15,0.00025218181818181817
Al_degrader_E6_E5,24.21,0.00018581818181818182
Al_degrader_E6_E5,24.27,0.00013645454545454545
Al_degrader_E6_E5,24.33,0.00010236363636363637
Al_degrader_E6_E5,24.39,7.363636363636364e-05
Al_degrader_E6_E5,24.45,5.1454545454545455e-05
Al_degrader_E6_E5,24.509999999999998,3.6e-05
Al_degrader_E6_E5,24.57,2.6636363636363636e-05
Al_degrader_E6_E5,24.63,1.7545454545454545e-05
Al_degrader_E6_E5,24.689999999999998,1.1818181818181819e-05
Al_degrader_E6_E5,24.75,6.7272727272727275e-06
Al_degrader_E6_E5,24.81,4.909090909090909e-06
Al_degrader_E6_E5,24.869999999999997,3.272727272727273e-06
Al_degrader_E6_E5,24.93,2.5454545454545456e-06
Al_degrader_E6_E5,24.990000000000002,1.4545454545454546e-06
Al_degrader_E6_E5,25.049999999999997,2.7272727272727274e-07
Al_degrader_E6_E5,25.11,5.454545454545455e-07
Al_degrader_E6_E5,25.17,1.8181818181818183e-07
Al_degrader_E6_E5,25.229999999999997,1.8181818181818183e-07
Ni11,16.89,3.3333333333333335e-07
Ni11,16.95,3.3333333333333335e-07
Ni11,17.009999999999998,1.3333333333333334e-06
Ni11,17.07,2.333333333333333e-06
Ni11,17.13,2.333333333333333e-06
Ni11,17.189999999999998,2.666666666666667e-06
Ni11,17.25,4.333333333333333e-06
Ni11,17.310000000000002,8e-06
Ni11,17.369999999999997,7.666666666666667e-06
Ni11,17.43,1.3e-05
Ni11,17.490000000000002,2.1333333333333335e-05
Ni11,17.549999999999997,2.9e-05
Ni11,17.61,3.8333333333333334e-05
Ni11,17.67,5.2e-05
Ni11,17.729999999999997,7.133333333333334e-05
Ni11,17.79,9.533333333333334e-05
Ni11,17.85,0.00012866666666666666
Ni11,17.909999999999997,0.00016766666666666666
Ni11,17.97,0.00024033333333333334
Ni11,18.03,0.00031433333333333335
Ni11,18.09,0.00041566666666666667
Ni11,18.15,0.0005426666666666667
Ni11,18.21,0.0007293333333333334
Ni11,18.27,0.0009006666666666667
Ni11,18.33,0.0011106666666666667
Ni11,18.39,0.0014913333333333332
Ni11,18.45,0.001838
Ni11,18.509999999999998,0.002294
Ni11,18.57,0.002866333333333333
Ni11,18.63,0.003540666666666667
Ni11,18.689999999999998,0.004184333333333333
Ni11,18.75,0.005089666666666667
Ni11,18.81,0.006164
Ni11,18.869999999999997,0.007219333333333334
Ni11,18.93,0.008490666666666667
Ni11,18.990000000000002,0.010003
Ni11,19.049999999999997,0.011546333333333334
Ni11,19.11,0.013193333333333333
Ni11,19.17,0.01504
Ni11,19.229999999999997,0.017047
Ni11,19.29,0.019019
Ni11,19.35,0.021018333333333333
Ni11,19.409999999999997,0.023358666666666666
Ni11,19.47,0.025435333333333334
Ni11,19.53,0.027421666666666667
Ni11,19.59,0.029304666666666666
Ni11,19.65,0.03132033333333333
Ni11,19.71,0.032877333333333335
Ni11,19.77,0.03439966666666667
Ni11,19.83,0.035563
Ni11,19.89,0.036659
Ni11,19.95,0.037114666666666664
Ni11,20.009999999999998,0.03753666666666667
Ni11,20.07,0.03743866666666667
Ni11,20.13,0.037242333333333336
Ni11,20.189999999999998,0.03659066666666667
Ni11,20.25,0.03559966666666667
Ni11,20.31,0.034353
Ni11,20.369999999999997,0.032828666666666666
Ni11,20.43,0.031139333333333335
Ni11,20.490000000000002,0.029286
Ni11,20.549999999999997,0.027071
Ni11,20.61,0.025131666666666667
Ni11,20.67,0.023018666666666666
Ni11,20.729999999999997,0.020725666666666667
Ni11,20.79,0.018499
Ni11,20.85,0.016467666666666665
Ni11,20.909999999999997,0.014531666666666667
Ni11,20.97,0.012581
Ni11,21.03,0.010883666666666666
Ni11,21.089999999999996,0.009346333333333333
Ni11,21.15,0.007871666666666667
Ni11,21.21,0.006558
Ni11,21.27,0.005555
Ni11,21.33,0.004480666666666667
Ni11,21.39,0.003681666666666667
Ni11,21.45,0.002973
Ni11,21.509999999999998,0.002342
Ni11,21.57,0.001887
Ni11,21.63,0.0014623333333333333
Ni11,21.689999999999998,0.00114
Ni11,21.75,0.0008783333333333333
Ni11,21.81,0.000667
Ni11,21.869999999999997,0.0004903333333333333
Ni11,21.93,0.00037466666666666665
Ni11,21.990000000000002,0.00028966666666666664
Ni11,22.049999999999997,0.00019633333333333333
Ni11,22.11,0.00014566666666666667
Ni11,22.17,0.00011333333333333333
Ni11,22.229999999999997,7.033333333333334e-05
Ni11,22.29,5e-05
Ni11,22.35,3.7e-05
Ni11,22.409999999999997,2.2666666666666668e-05
Ni11,22.47,1.5e-05
Ni11,22.53,1e-05
Ni11,22.589999999999996,8.333333333333334e-06
Ni11,22.65,4.333333333333333e-06
Ni11,22.71,1.6666666666666667e-06
Ni11,22.77,2e-06
Ni11,22.83,6.666666666666667e-07
Ni11,22.89,6.666666666666667e-07
Sn11,16.77,3.3333333333333335e-07
Sn11,16.83,6.666666666666667e-07
Sn11,16.89,2e-06
Sn11,16.95,3.6666666666666666e-06
Sn11,17.009999999999998,5.666666666666667e-06
Sn11,17.07,6.333333333333333e-06
Sn11,17.13,7.666666666666667e-06
Sn11,17.189999999999998,1.0666666666666667e-05
Sn11,17.25,1.3333333333333333e-05
Sn11,17.310000000000002,1.9666666666666666e-05
Sn11,17.369999999999997,3.1e-05
Sn11,17.43,4.7e-05
Sn11,17.490000000000002,6.566666666666667e-05
Sn11,17.549999999999997,8.333333333333333e-05
Sn11,17.61,0.000115
Sn11,17.67,0.00015
Sn11,17.729999999999997,0.00020233333333333334
Sn11,17.79,0.0002576666666666667
Sn11,17.85,0.00035666666666666664
Sn11,17.909999999999997,0.000477
Sn11,17.97,0.0006403333333333334
Sn11,18.03,0.0008323333333333334
Sn11,18.09,0.001105
Sn11,18.15,0.001392
Sn11,18.21,0.00171
Sn11,18.27,0.0021233333333333334
Sn11,18.33,0.0026316666666666667
Sn11,18.39,0.003320333333333333
Sn11,18.45,0.004136666666666667
Sn11,18.509999999999998,0.0050553333333333336
Sn11,18.57,0.005992333333333333
Sn11,18.63,0.007096666666666667
Sn11,18.689999999999998,0.008383666666666666
Sn11,18.75,0.009879333333333334
Sn11,18.81,0.011422666666666666
Sn11,18.869999999999997,0.013148
Sn11,18.93,0.015032666666666666
Sn11,18.990000000000002,0.017192666666666665
Sn11,19.049999999999997,0.019391666666666668
Sn11,19.11,0.021547333333333335
Sn11,19.17,0.023684666666666666
Sn11,19.229999999999997,0.025829666666666667
Sn11,19.29,0.027986666666666667
Sn11,19.35,0.03019
Sn11,19.409999999999997,0.03215833333333333
Sn11,19.47,0.033807
Sn11,19.53,0.03500333333333333
Sn11,19.59,0.036407
Sn11,19.65,0.037502
Sn11,19.71,0.03818833333333333
Sn11,19.77,0.038373333333333336
Sn11,19.83,0.03827166666666667
Sn11,19.89,0.037892666666666665
Sn11,19.95,0.037007
Sn11,20.009999999999998,0.03604333333333333
Sn11,20.07,0.03457966666666667
Sn11,20.13,0.033043
Sn11,20.189999999999998,0.031257
Sn11,20.25,0.029223
Sn11,20.31,0.027016666666666668
Sn11,20.369999999999997,0.024715
Sn11,20.43,0.02249666666666667
Sn11,20.490000000000002,0.020125
Sn11,20.549999999999997,0.017889
Sn11,20.61,0.015876
Sn11,20.67,0.013843333333333332
Sn11,20.729999999999997,0.0119
Sn11,20.79,0.010219666666666667
Sn11,20.85,0.008695666666666668
Sn11,20.909999999999997,0.0072963333333333335
Sn11,20.97,0.006068
Sn11,21.03,0.004973
Sn11,21.089999999999996,0.004032333333333333
Sn11,21.15,0.003256666666666667
Sn11,21.21,0.002628
Sn11,21.27,0.002082333333333333
Sn11,21.33,0.001612
Sn11,21.39,0.001242
Sn11,21.45,0.0009416666666666667
Sn11,21.509999999999998,0.000723
Sn11,21.57,0.0005543333333333333
Sn11,21.63,0.00041433333333333334
Sn11,21.689999999999998,0.000316
Sn11,21.75,0.000227
Sn11,21.81,0.00016566666666666666
Sn11,21.869999999999997,0.00011033333333333334
Sn11,21.93,7.966666666666666e-05
Sn11,21.990000000000002,5.333333333333333e-05
Sn11,22.049999999999997,3.633333333333333e-05
Sn11,22.11,2.5666666666666666e-05
Sn11,22.17,1.9e-05
Sn11,22.229999999999997,1.3e-05
Sn11,22.29,6e-06
Sn11,22.35,3.3333333333333333e-06
Sn11,22.409999999999997,3.6666666666666666e-06
Sn11,22.47,1.6666666666666667e-06
Sn11,22.53,1e-06
Ta11,16.409999999999997,3.3333333333333335e-07
Ta11,16.47,6.666666666666667e-07
Ta11,16.53,1e-06
Ta11,16.59,2.333333333333333e-06
Ta11,16.65,2.666666666666667e-06
Ta11,16.71,3.3333333333333333e-06
Ta11,16.77,5.333333333333334e-06
Ta11,16.83,8e-06
Ta11,16.89,7.666666666666667e-06
Ta11,16.95,1.4e-05
Ta11,17.009999999999998,2.3333333333333332e-05
Ta11,17.07,2.7e-05
Ta11,17.13,3.8333333333333334e-05
Ta11,17.189999999999998,5.433333333333333e-05
Ta11,17.25,7.1e-05
Ta11,17.310000000000002,9.966666666666667e-05
Ta11,17.369999999999997,0.000131
Ta11,17.43,0.00016633333333333333
Ta11,17.490000000000002,0.000236
Ta11,17.549999999999997,0.000313
Ta11,17.61,0.0004
Ta11,17.67,0.0005383333333333334
Ta11,17.729999999999997,0.000722
Ta11,17.79,0.0008846666666666666
Ta11,17.85,0.001121
Ta11,17.909999999999997,0.001434
Ta11,17.97,0.0018116666666666667
Ta11,18.03,0.0022126666666666666
Ta11,18.09,0.0028213333333333332
Ta11,18.15,0.0034263333333333333
Ta11,18.21,0.004087
Ta11,18.27,0.005010333333333334
Ta11,18.33,0.0059693333333333334
Ta11,18.39,0.007047333333333333
Ta11,18.45,0.008319666666666666
Ta11,18.509999999999998,0.009655
Ta11,18.57,0.011256
Ta11,18.63,0.012792333333333333
Ta11,18.689999999999998,0.014758
Ta11,18.75,0.016620333333333334
Ta11,18.81,0.018507666666666665
Ta11,18.869999999999997,0.020669
Ta11,18.93,0.022660333333333334
Ta11,18.990000000000002,0.024959666666666668
Ta11,19.049999999999997,0.026929666666666668
Ta11,19.11,0.028801
Ta11,19.17,0.03071633333333333
Ta11,19.229999999999997,0.032243
Ta11,19.29,0.034036666666666666
Ta11,19.35,0.03519233333333333
Ta11,19.409999999999997,0.036074
Ta11,19.47,0.036965333333333336
Ta11,19.53,0.03709833333333333
Ta11,19.59,0.03743133333333333
Ta11,19.65,0.037122333333333334
Ta11,19.71,0.036469
Ta11,19.77,0.035604666666666666
Ta11,19.83,0.034526666666666664
Ta11,19.89,0.03308933333333333
Ta11,19.95,0.03139433333333334
Ta11,20.009999999999998,0.029773333333333332
Ta11,20.07,0.027616333333333333
Ta11,20.13,0.025501
Ta11,20.189999999999998,0.023464333333333334
Ta11,20.25,0.021325333333333335
Ta11,20.31,0.019078333333333333
Ta11,20.369999999999997,0.016938
Ta11,20.43,0.015085666666666667
Ta11,20.490000000000002,0.013115666666666666
Ta11,20.549999999999997,0.01133
Ta11,20.61,0.009826
Ta11,20.67,0.008311666666666667
Ta11,20.729999999999997,0.006939333333333333
Ta11,20.79,0.005902
Ta11,20.85,0.00479
Ta11,20.909999999999997,0.003945333333333334
Ta11,20.97,0.0032013333333333334
Ta11,21.03,0.002563666666666667
Ta11,21.089999999999996,0.002034666666666667
Ta11,21.15,0.0016003333333333334
Ta11,21.21,0.0012713333333333333
Ta11,21.27,0.000968
Ta11,21.33,0.000721
Ta11,21.39,0.0005716666666666667
Ta11,21.45,0.000416
Ta11,21.509999999999998,0.00032366666666666666
Ta11,21.57,0.00023333333333333333
Ta11,21.63,0.00017066666666666668
Ta11,21.689999999999998,0.00013
Ta11,21.75,8.2e-05
Ta11,21.81,6.3e-05
Ta11,21.869999999999997,4e-05
Ta11,21.93,2.8333333333333332e-05
Ta11,21.990000000000002,1.8333333333333333e-05
Ta11,22.049999999999997,1.4333333333333334e-05
Ta11,22.11,9e-06
Ta11,22.17,6.333333333333333e-06
Ta11,22.229999999999997,3e-06
Ta11,22.29,2e-06
Ta11,22.35,1e-06
Ta11,22.409999999999997,3.3333333333333335e-07
Ta11,22.47,6.666666666666667e-07
Cu11,15.989999999999998,3.3333333333333335e-07
Cu11,16.049999999999997,3.3333333333333335e-07
Cu11,16.11,1.3333333333333334e-06
Cu11,16.17,2e-06
Cu11,16.229999999999997,2.333333333333333e-06
Cu11,16.29,3e-06
Cu11,16.35,4.333333333333333e-06
Cu11,16.409999999999997,5.333333333333334e-06
Cu11,16.47,9.333333333333333e-06
Cu11,16.53,1.1333333333333334e-05
Cu11,16.59,1.8666666666666665e-05
Cu11,16.65,2.7333333333333335e-05
Cu11,16.71,3.4666666666666665e-05
Cu11,16.77,4.2e-05
Cu11,16.83,6.333333333333333e-05
Cu11,16.89,8.133333333333334e-05
Cu11,16.95,0.00011333333333333333
Cu11,17.009999999999998,0.00014933333333333332
Cu11,17.07,0.00019533333333333333
Cu11,17.13,0.0002683333333333333
Cu11,17.189999999999998,0.0003356666666666667
Cu11,17.25,0.00044733333333333333
Cu11,17.310000000000002,0.000601
Cu11,17.369999999999997,0.0007683333333333333
Cu11,17.43,0.000948
Cu11,17.490000000000002,0.0011773333333333334
Cu11,17.549999999999997,0.0015463333333333334
Cu11,17.61,0.0018733333333333334
Cu11,17.67,0.0023316666666666668
Cu11,17.729999999999997,0.002934
Cu11,17.79,0.0035193333333333335
Cu11,17.85,0.004168333333333333
Cu11,17.909999999999997,0.005075333333333334
Cu11,17.97,0.0060813333333333336
Cu11,18.03,0.007066666666666666
Cu11,18.09,0.008292333333333334
Cu11,18.15,0.009693666666666666
Cu11,18.21,0.011154
Cu11,18.27,0.012721666666666666
Cu11,18.33,0.014569
Cu11,18.39,0.016385
Cu11,18.45,0.018183333333333333
Cu11,18.509999999999998,0.020165
Cu11,18.57,0.022286666666666666
Cu11,18.63,0.024339666666666666
Cu11,18.689999999999998,0.026229666666666665
Cu11,18.75,0.028126
Cu11,18.81,0.029956
Cu11,18.869999999999997,0.031482666666666666
Cu11,18.93,0.033082
Cu11,18.990000000000002,0.034292666666666666
Cu11,19.049999999999997,0.035348333333333336
Cu11,19.11,0.036165
Cu11,19.17,0.036310666666666665
Cu11,19.229999999999997,0.036596666666666666
Cu11,19.29,0.03664733333333333
Cu11,19.35,0.03595633333333333
Cu11,19.409999999999997,0.035164666666666664
Cu11,19.47,0.034448
Cu11,19.53,0.03283933333333333
Cu11,19.59,0.031447
Cu11,19.65,0.029884
Cu11,19.71,0.027837
Cu11,19.77,0.025830333333333334
Cu11,19.83,0.023953666666666668
Cu11,19.89,0.021868333333333333
Cu11,19.95,0.019660333333333332
Cu11,20.009999999999998,0.017649
Cu11,20.07,0.015733666666666667
Cu11,20.13,0.013801
Cu11,20.189999999999998,0.012028333333333334
Cu11,20.25,0.010477666666666666
Cu11,20.31,0.008956666666666667
Cu11,20.369999999999997,0.007552333333333334
Cu11,20.43,0.006392666666666666
Cu11,20.490000000000002,0.005352
Cu11,20.549999999999997,0.004391333333333333
Cu11,20.61,0.0036063333333333334
Cu11,20.67,0.002910666666666667
Cu11,20.729999999999997,0.0023283333333333333
Cu11,20.79,0.0018736666666666667
Cu11,20.85,0.001459
Cu11,20.909999999999997,0.0011476666666666666
Cu11,20.97,0.0008893333333333333
Cu11,21.03,0.0006886666666666666
Cu11,21.089999999999996,0.000507
Cu11,21.15,0.00039066666666666666
Cu11,21.21,0.0002953333333333333
Cu11,21.27,0.00020966666666666668
Cu11,21.33,0.000163
Cu11,21.39,0.00012266666666666668
Cu11,21.45,7.366666666666666e-05
Cu11,21.509999999999998,5.933333333333334e-05
Cu11,21.57,3.8e-05
Cu11,21.63,2.6333333333333334e-05
Cu11,21.689999999999998,1.7e-05
Cu11,21.75,1.3666666666666667e-05
Cu11,21.81,9e-06
Cu11,21.869999999999997,6e-06
Cu11,21.93,2.333333333333333e-06
Cu11,21.990000000000002,2.333333333333333e-06
Cu11,22.049999999999997,1e-06
Cu11,22.11,3.3333333333333335e-07
Cu11,22.17,6.666666666666667e-07
Al_degrader_E8_E7,12.45,6.666666666666667e-08
Al_degrader_E8_E7,12.51,0.0
Al_degrader_E8_E7,12.57,1.3333333333333334e-07
Al_degrader_E8_E7,12.629999999999999,2e-07
Al_degrader_E8_E7,12.69,3.3333333333333335e-07
Al_degrader_E8_E7,12.75,5.333333333333333e-07
Al_degrader_E8_E7,12.809999999999999,2.6666666666666667e-07
Al_degrader_E8_E7,12.870000000000001,6e-07
Al_degrader_E8_E7,12.93,8e-07
Al_degrader_E8_E7,12.989999999999998,1.3333333333333334e-06
Al_degrader_E8_E7,13.05,1.1333333333333334e-06
Al_degrader_E8_E7,13.11,1.7333333333333334e-06
Al_degrader_E8_E7,13.169999999999998,2.733333333333333e-06
Al_degrader_E8_E7,13.23,3.3333333333333333e-06
Al_degrader_E8_E7,13.29,5.333333333333334e-06
Al_degrader_E8_E7,13.35,6.133333333333334e-06
Al_degrader_E8_E7,13.41,7.4e-06
Al_degrader_E8_E7,13.469999999999999,1.0466666666666666e-05
Al_degrader_E8_E7,13.53,1.34e-05
Al_degrader_E8_E7,13.59,1.633333333333333e-05
Al_degrader_E8_E7,13.649999999999999,2.1066666666666666e-05
Al_degrader_E8_E7,13.71,2.6733333333333334e-05
Al_degrader_E8_E7,13.77,3.5866666666666667e-05
Al_degrader_E8_E7,13.829999999999998,4.546666666666667e-05
Al_degrader_E8_E7,13.89,5.3666666666666666e-05
Al_degrader_E8_E7,13.95,7.146666666666666e-05
Al_degrader_E8_E7,14.009999999999998,8.846666666666667e-05
Al_degrader_E8_E7,14.07,0.00011673333333333333
Al_degrader_E8_E7,14.129999999999999,0.0001372
Al_degrader_E8_E7,14.19,0.00017086666666666665
Al_degrader_E8_E7,14.25,0.00019686666666666666
Al_degrader_E8_E7,14.309999999999999,0.00025846666666666664
Al_degrader_E8_E7,14.37,0.0003114
Al_degrader_E8_E7,14.43,0.0003686
Al_degrader_E8_E7,14.489999999999998,0.0004474
Al_degrader_E8_E7,14.55,0.0005448666666666667
Al_degrader_E8_E7,14.61,0.0006486
Al_degrader_E8_E7,14.669999999999998,0.0007483333333333334
Al_degrader_E8_E7,14.73,0.0008948
Al_degrader_E8_E7,14.79,0.0010574
Al_degrader_E8_E7,14.85,0.0012352
Al_degrader_E8_E7,14.91,0.0014106
Al_degrader_E8_E7,14.969999999999999,0.0016363333333333334
Al_degrader_E8_E7,15.03,0.0019024
Al_degrader_E8_E7,15.09,0.0021756
Al_degrader_E8_E7,15.149999999999999,0.002461
Al_degrader_E8_E7,15.21,0.0028118
Al_degrader_E8_E7,15.27,0.0031696
Al_degrader_E8_E7,15.329999999999998,0.0035490666666666668
Al_degrader_E8_E7,15.39,0.003952533333333333
Al_degrader_E8_E7,15.45,0.004404933333333333
Al_degrader_E8_E7,15.509999999999998,0.004883266666666667
Al_degrader_E8_E7,15.57,0.0054094
Al_degrader_E8_E7,15.629999999999999,0.005885066666666667
Al_degrader_E8_E7,15.69,0.0064165333333333335
Al_degrader_E8_E7,15.75,0.006985266666666667
Al_degrader_E8_E7,15.809999999999999,0.007576333333333333
Al_degrader_E8_E7,15.87,0.008132066666666667
Al_degrader_E8_E7,15.93,0.008730466666666667
Al_degrader_E8_E7,15.989999999999998,0.009327666666666666
Al_degrader_E8_E7,16.049999999999997,0.009924866666666667
Al_degrader_E8_E7,16.11,0.010512733333333333
Al_degrader_E8_E7,16.17,0.011086266666666667
Al_degrader_E8_E7,16.229999999999997,0.011680866666666666
Al_degrader_E8_E7,16.29,0.012220866666666667
Al_degrader_E8_E7,16.35,0.0127636
Al_degrader_E8_E7,16.409999999999997,0.0132714
Al_degrader_E8_E7,16.47,0.013812866666666666
Al_degrader_E8_E7,16.53,0.0142572
Al_degrader_E8_E7,16.59,0.014737466666666667
Al_degrader_E8_E7,16.65,0.0150882
Al_degrader_E8_E7,16.71,0.0155396
Al_degrader_E8_E7,16.77,0.0159054
Al_degrader_E8_E7,16.83,0.0162266
Al_degrader_E8_E7,16.89,0.016512533333333333
Al_degrader_E8_E7,16.95,0.0168224
Al_degrader_E8_E7,17.009999999999998,0.017066
Al_degrader_E8_E7,17.07,0.017289333333333334
Al_degrader_E8_E7,17.13,0.017513466666666668
Al_degrader_E8_E7,17.189999999999998,0.017662266666666666
Al_degrader_E8_E7,17.25,0.017889466666666666
Al_degrader_E8_E7,17.310000000000002,0.017952333333333334
Al_degrader_E8_E7,17.369999999999997,0.018126333333333335
Al_degrader_E8_E7,17.43,0.0182318
Al_degrader_E8_E7,17.490000000000002,0.018316666666666665
Al_degrader_E8_E7,17.549999999999997,0.018368266666666667
Al_degrader_E8_E7,17.61,0.018425
Al_degrader_E8_E7,17.67,0.018498466666666668
Al_degrader_E8_E7,17.729999999999997,0.0184738
Al_degrader_E8_E7,17.79,0.018481333333333332
Al_degrader_E8_E7,17.85,0.018494
Al_degrader_E8_E7,17.909999999999997,0.018455666666666665
Al_degrader_E8_E7,17.97,0.018342333333333332
Al_degrader_E8_E7,18.03,0.018274733333333334
Al_degrader_E8_E7,18.09,0.018171866666666668
Al_degrader_E8_E7,18.15,0.017981666666666667
Al_degrader_E8_E7,18.21,0.017806666666666665
Al_degrader_E8_E7,18.27,0.017625866666666667
Al_degrader_E8_E7,18.33,0.017373866666666668
Al_degrader_E8_E7,18.39,0.017006133333333333
Al_degrader_E8_E7,18.45,0.016701466666666668
Al_degrader_E8_E7,18.509999999999998,0.016321
Al_degrader_E8_E7,18.57,0.0158272
Al_degrader_E8_E7,18.63,0.0153904
Al_degrader_E8_E7,18.689999999999998,0.014897666666666667
Al_degrader_E8_E7,18.75,0.014323666666666667
Al_degrader_E8_E7,18.81,0.013672466666666667
Al_degrader_E8_E7,18.869999999999997,0.0130772
Al_degrader_E8_E7,18.93,0.012473666666666666
Al_degrader_E8_E7,18.990000000000002,0.011701866666666666
Al_degrader_E8_E7,19.049999999999997,0.011
Al_degrader_E8_E7,19.11,0.010314266666666667
Al_degrader_E8_E7,19.17,0.0095342
Al_degrader_E8_E7,19.229999999999997,0.008818
Al_degrader_E8_E7,19.29,0.008119
Al_degrader_E8_E7,19.35,0.0073992
Al_degrader_E8_E7,19.409999999999997,0.0066572666666666665
Al_degrader_E8_E7,19.47,0.0060424
Al_degrader_E8_E7,19.53,0.005418066666666666
Al_degrader_E8_E7,19.59,0.004762
Al_degrader_E8_E7,19.65,0.004203533333333333
Al_degrader_E8_E7,19.71,0.003691666666666667
Al_degrader_E8_E7,19.77,0.0031897333333333333
Al_degrader_E8_E7,19.83,0.0027346666666666665
Al_degrader_E8_E7,19.89,0.0023731333333333335
Al_degrader_E8_E7,19.95,0.0019906666666666666
Al_degrader_E8_E7,20.009999999999998,0.001673
Al_degrader_E8_E7,20.07,0.0013994
Al_degrader_E8_E7,20.13,0.0011697333333333334
Al_degrader_E8_E7,20.189999999999998,0.0009471333333333333
Al_degrader_E8_E7,20.25,0.0007782666666666666
Al_degrader_E8_E7,20.31,0.0006318666666666667
Al_degrader_E8_E7,20.369999999999997,0.0004957333333333333
Al_degrader_E8_E7,20.43,0.000401
Al_degrader_E8_E7,20.490000000000002,0.0003131333333333333
Al_degrader_E8_E7,20.549999999999997,0.00024553333333333336
Al_degrader_E8_E7,20.61,0.00018873333333333333
Al_degrader_E8_E7,20.67,0.0001452
Al_degrader_E8_E7,20.729999999999997,0.00010713333333333334
Al_degrader_E8_E7,20.79,8.513333333333333e-05
Al_degrader_E8_E7,20.85,6.2e-05
Al_degrader_E8_E7,20.909999999999997,4.513333333333333e-05
Al_degrader_E8_E7,20.97,3.4133333333333334e-05
Al_degrader_E8_E7,21.03,2.64e-05
Al_degrader_E8_E7,21.089999999999996,1.633333333333333e-05
Al_degrader_E8_E7,21.15,1.2866666666666667e-05
Al_degrader_E8_E7,21.21,8.466666666666666e-06
Al_degrader_E8_E7,21.27,5.666666666666667e-06
Al_degrader_E8_E7,21.33,4.2e-06
Al_degrader_E8_E7,21.39,2.4666666666666666e-06
Al_degrader_E8_E7,21.45,2.0666666666666666e-06
Al_degrader_E8_E7,21.509999999999998,1.3333333333333334e-06
Al_degrader_E8_E7,21.57,6.666666666666667e-07
Al_degrader_E8_E7,21.63,4e-07
Al_degrader_E8_E7,21.689999999999998,3.3333333333333335e-07
Al_degrader_E8_E7,21.75,1.3333333333333334e-07
Al_degrader_E8_E7,21.81,1.3333333333333334e-07
Ni12,11.85,3.3333333333333335e-07
Ni12,11.91,0.0
Ni12,11.969999999999999,3.3333333333333335e-07
Ni12,12.03,1e-06
Ni12,12.09,1e-06
Ni12,12.149999999999999,2e-06
Ni12,12.21,2e-06
Ni12,12.27,2.666666666666667e-06
Ni12,12.329999999999998,2e-06
Ni12,12.39,3.6666666666666666e-06
Ni12,12.45,7.333333333333333e-06
Ni12,12.51,6.333333333333333e-06
Ni12,12.57,9e-06
Ni12,12.629999999999999,1.633333333333333e-05
Ni12,12.69,1.5666666666666667e-05
Ni12,12.75,2.3666666666666668e-05
Ni12,12.809999999999999,3.0333333333333333e-05
Ni12,12.870000000000001,3.566666666666667e-05
Ni12,12.93,5.0333333333333335e-05
Ni12,12.989999999999998,6e-05
Ni12,13.05,7.633333333333334e-05
Ni12,13.11,9.6e-05
Ni12,13.169999999999998,0.00012366666666666667
Ni12,13.23,0.00015866666666666666
Ni12,13.29,0.000203
Ni12,13.35,0.000248
Ni12,13.41,0.00031833333333333334
Ni12,13.469999999999999,0.00037466666666666665
Ni12,13.53,0.000504
Ni12,13.59,0.000608
Ni12,13.649999999999999,0.000719
Ni12,13.71,0.0008593333333333334
Ni12,13.77,0.0010563333333333334
Ni12,13.829999999999998,0.0013196666666666667
Ni12,13.89,0.001541
Ni12,13.95,0.0018563333333333333
Ni12,14.009999999999998,0.002236
Ni12,14.07,0.002646
Ni12,14.129999999999999,0.0030526666666666666
Ni12,14.19,0.003596
Ni12,14.25,0.0041463333333333335
Ni12,14.309999999999999,0.004862333333333333
Ni12,14.37,0.005618
Ni12,14.43,0.006283666666666667
Ni12,14.489999999999998,0.007234
Ni12,14.55,0.008318666666666667
Ni12,14.61,0.009317333333333334
Ni12,14.669999999999998,0.010403
Ni12,14.73,0.011674
Ni12,14.79,0.012961666666666666
Ni12,14.85,0.014206666666666666
Ni12,14.91,0.015676666666666665
Ni12,14.969999999999999,0.016970666666666665
Ni12,15.03,0.018533666666666667
Ni12,15.09,0.020103333333333334
Ni12,15.149999999999999,0.021392333333333333
Ni12,15.21,0.022837666666666666
Ni12,15.27,0.024079
Ni12,15.329999999999998,0.025514333333333333
Ni12,15.39,0.026750666666666666
Ni12,15.45,0.027776333333333333
Ni12,15.509999999999998,0.028734666666666665
Ni12,15.57,0.029632333333333333
Ni12,15.629999999999999,0.030416
Ni12,15.69,0.030839666666666668
Ni12,15.75,0.031073333333333335
Ni12,15.809999999999999,0.031147
Ni12,15.87,0.031389
Ni12,15.93,0.030975
Ni12,15.989999999999998,0.030629666666666666
Ni12,16.049999999999997,0.029883666666666666
Ni12,16.11,0.029340333333333333
Ni12,16.17,0.028211333333333335
Ni12,16.229999999999997,0.027163
Ni12,16.29,0.026010666666666668
Ni12,16.35,0.02465233333333333
Ni12,16.409999999999997,0.023232333333333334
Ni12,16.47,0.021683333333333332
Ni12,16.53,0.020326
Ni12,16.59,0.018874333333333333
Ni12,16.65,0.017136666666666668
Ni12,16.71,0.015626666666666667
Ni12,16.77,0.014164333333333333
Ni12,16.83,0.0129
Ni12,16.89,0.011339666666666666
Ni12,16.95,0.010058
Ni12,17.009999999999998,0.008976333333333333
Ni12,17.07,0.007797333333333333
Ni12,17.13,0.00674
Ni12,17.189999999999998,0.005818666666666666
Ni12,17.25,0.005053666666666666
Ni12,17.310000000000002,0.004259
Ni12,17.369999999999997,0.003575333333333333
Ni12,17.43,0.0030163333333333335
Ni12,17.490000000000002,0.0025106666666666667
Ni12,17.549999999999997,0.0020656666666666666
Ni12,17.61,0.001698
Ni12,17.67,0.0013726666666666666
Ni12,17.729999999999997,0.0011283333333333334
Ni12,17.79,0.0008866666666666667
Ni12,17.85,0.0007216666666666667
Ni12,17.909999999999997,0.0005686666666666666
Ni12,17.97,0.000425
Ni12,18.03,0.000355
Ni12,18.09,0.00026033333333333334
Ni12,18.15,0.00020966666666666668
Ni12,18.21,0.00015633333333333333
Ni12,18.27,0.000122
Ni12,18.33,9.833333333333333e-05
Ni12,18.39,6.0666666666666666e-05
Ni12,18.45,4.766666666666667e-05
Ni12,18.509999999999998,3.5e-05
Ni12,18.57,2.3333333333333332e-05
Ni12,18.63,1.7666666666666668e-05
Ni12,18.689999999999998,1.1333333333333334e-05
Ni12,18.75,9e-06
Ni12,18.81,7.333333333333333e-06
Ni12,18.869999999999997,4.666666666666666e-06
Ni12,18.93,1.3333333333333334e-06
Ni12,18.990000000000002,2e-06
Ni12,19.049999999999997,1e-06
Ni12,19.11,3.3333333333333335e-07
Ni12,19.17,6.666666666666667e-07
Sn12,11.73,3.3333333333333335e-07
Sn12,11.79,3.3333333333333335e-07
Sn12,11.85,1e-06
Sn12,11.91,1.6666666666666667e-06
Sn12,11.969999999999999,3e-06
Sn12,12.03,4.333333333333333e-06
Sn12,12.09,4e-06
Sn12,12.149999999999999,5.666666666666667e-06
Sn12,12.21,6e-06
Sn12,12.27,7.333333333333333e-06
Sn12,12.329999999999998,8e-06
Sn12,12.39,1.4e-05
Sn12,12.45,1.8333333333333333e-05
Sn12,12.51,2.3333333333333332e-05
Sn12,12.57,3.433333333333333e-05
Sn12,12.629999999999999,4.7e-05
Sn12,12.69,5.1e-05
Sn12,12.75,7e-05
Sn12,12.809999999999999,8.8e-05
Sn12,12.870000000000001,0.00010633333333333333
Sn12,12.93,0.000139
Sn12,12.989999999999998,0.00016966666666666668
Sn12,13.05,0.000209
Sn12,13.11,0.0002666666666666667
Sn12,13.169999999999998,0.000346
Sn12,13.23,0.00043066666666666665
Sn12,13.29,0.0005346666666666667
Sn12,13.35,0.0006616666666666666
Sn12,13.41,0.000852
Sn12,13.469999999999999,0.0009996666666666667
Sn12,13.53,0.0012283333333333332
Sn12,13.59,0.001413
Sn12,13.649999999999999,0.0016863333333333333
Sn12,13.71,0.0020353333333333334
Sn12,13.77,0.0024186666666666666
Sn12,13.829999999999998,0.002946666666666667
Sn12,13.89,0.003462666666666667
Sn12,13.95,0.004083666666666667
Sn12,14.009999999999998,0.004676666666666667
Sn12,14.07,0.0053623333333333335
Sn12,14.129999999999999,0.0061793333333333336
Sn12,14.19,0.007075
Sn12,14.25,0.008083
Sn12,14.309999999999999,0.009086
Sn12,14.37,0.010162666666666667
Sn12,14.43,0.011425333333333332
Sn12,14.489999999999998,0.012731
Sn12,14.55,0.014233666666666667
Sn12,14.61,0.015702666666666667
Sn12,14.669999999999998,0.017195
Sn12,14.73,0.018658333333333332
Sn12,14.79,0.020036333333333333
Sn12,14.85,0.021506666666666667
Sn12,14.91,0.022958
Sn12,14.969999999999999,0.024522
Sn12,15.03,0.025939666666666666
Sn12,15.09,0.027235666666666665
Sn12,15.149999999999999,0.028103
Sn12,15.21,0.02907766666666667
Sn12,15.27,0.029996
Sn12,15.329999999999998,0.030826333333333334
Sn12,15.39,0.03145666666666667
Sn12,15.45,0.03169966666666667
Sn12,15.509999999999998,0.0319
Sn12,15.57,0.031719333333333335
Sn12,15.629999999999999,0.031508
Sn12,15.69,0.031001333333333332
Sn12,15.75,0.030348666666666666
Sn12,15.809999999999999,0.029533333333333335
Sn12,15.87,0.028573666666666667
Sn12,15.93,0.027427666666666666
Sn12,15.989999999999998,0.026254666666666666
Sn12,16.049999999999997,0.024844
Sn12,16.11,0.023405333333333334
Sn12,16.17,0.021766333333333332
Sn12,16.229999999999997,0.020235666666666666
Sn12,16.29,0.018655333333333333
Sn12,16.35,0.016962666666666668
Sn12,16.409999999999997,0.015412333333333333
Sn12,16.47,0.013935333333333333
Sn12,16.53,0.012532
Sn12,16.59,0.011141666666666666
Sn12,16.65,0.009794333333333334
Sn12,16.71,0.008606333333333334
Sn12,16.77,0.007526
Sn12,16.83,0.006531
Sn12,16.89,0.005601333333333333
Sn12,16.95,0.004736666666666667
Sn12,17.009999999999998,0.003985666666666667
Sn12,17.07,0.0033383333333333333
Sn12,17.13,0.0027986666666666668
Sn12,17.189999999999998,0.0023496666666666666
Sn12,17.25,0.0019106666666666666
Sn12,17.310000000000002,0.0015666666666666667
Sn12,17.369999999999997,0.001239
Sn12,17.43,0.0009986666666666666
Sn12,17.490000000000002,0.0007926666666666667
Sn12,17.549999999999997,0.000636
Sn12,17.61,0.0005013333333333333
Sn12,17.67,0.000389
Sn12,17.729999999999997,0.00030966666666666664
Sn12,17.79,0.000242
Sn12,17.85,0.00018866666666666665
Sn12,17.909999999999997,0.00013933333333333332
Sn12,17.97,9.966666666666667e-05
Sn12,18.03,7.366666666666666e-05
Sn12,18.09,5e-05
Sn12,18.15,3.633333333333333e-05
Sn12,18.21,2.9333333333333333e-05
Sn12,18.27,2.1333333333333335e-05
Sn12,18.33,1.633333333333333e-05
Sn12,18.39,1.0666666666666667e-05
Sn12,18.45,6.333333333333333e-06
Sn12,18.509999999999998,3.6666666666666666e-06
Sn12,18.57,3.6666666666666666e-06
Sn12,18.63,2e-06
Sn12,18.689999999999998,1e-06
Sn12,18.75,6.666666666666667e-07
Ta12,11.25,3.3333333333333335e-07
Ta12,11.309999999999999,0.0
Ta12,11.370000000000001,6.666666666666667e-07
Ta12,11.43,1e-06
Ta12,11.489999999999998,1.3333333333333334e-06
Ta12,11.55,2e-06
Ta12,11.61,2.666666666666667e-06
Ta12,11.669999999999998,2.333333333333333e-06
Ta12,11.73,4.333333333333333e-06
Ta12,11.79,3.6666666666666666e-06
Ta12,11.85,8e-06
Ta12,11.91,5.666666666666667e-06
Ta12,11.969999999999999,1.1333333333333334e-05
Ta12,12.03,1.7666666666666668e-05
Ta12,12.09,1.7e-05
Ta12,12.149999999999999,2.3e-05
Ta12,12.21,3.233333333333333e-05
Ta12,12.27,4e-05
Ta12,12.329999999999998,5.0333333333333335e-05
Ta12,12.39,6.1e-05
Ta12,12.45,8.4e-05
Ta12,12.51,9.766666666666666e-05
Ta12,12.57,0.00012833333333333333
Ta12,12.629999999999999,0.000152
Ta12,12.69,0.00020566666666666666
Ta12,12.75,0.00025
Ta12,12.809999999999999,0.000298
Ta12,12.870000000000001,0.0003896666666666667
Ta12,12.93,0.0004823333333333333
Ta12,12.989999999999998,0.0006033333333333333
Ta12,13.05,0.0007053333333333333
Ta12,13.11,0.000851
Ta12,13.169999999999998,0.0010196666666666668
Ta12,13.23,0.0012623333333333334
Ta12,13.29,0.0015023333333333334
Ta12,13.35,0.0017523333333333334
Ta12,13.41,0.002158666666666667
Ta12,13.469999999999999,0.0025136666666666667
Ta12,13.53,0.0029696666666666665
Ta12,13.59,0.003328
Ta12,13.649999999999999,0.003992333333333333
Ta12,13.71,0.00461
Ta12,13.77,0.005303
Ta12,13.829999999999998,0.006077
Ta12,13.89,0.006859666666666667
Ta12,13.95,0.007781666666666667
Ta12,14.009999999999998,0.008794666666666666
Ta12,14.07,0.00982
Ta12,14.129999999999999,0.010995
Ta12,14.19,0.012355666666666666
Ta12,14.25,0.013530666666666667
Ta12,14.309999999999999,0.014714333333333333
Ta12,14.37,0.016226333333333332
Ta12,14.43,0.017588333333333334
Ta12,14.489999999999998,0.018954333333333333
Ta12,14.55,0.020570333333333333
Ta12,14.61,0.021851
Ta12,14.669999999999998,0.02314333333333333
Ta12,14.73,0.024467333333333334
Ta12,14.79,0.025663666666666668
Ta12,14.85,0.026704333333333333
Ta12,14.91,0.027904333333333333
Ta12,14.969999999999999,0.028799
Ta12,15.03,0.029407
Ta12,15.09,0.030216
Ta12,15.149999999999999,0.030403666666666666
Ta12,15.21,0.030772
Ta12,15.27,0.03088
Ta12,15.329999999999998,0.030797
Ta12,15.39,0.030373333333333332
Ta12,15.45,0.029937
Ta12,15.509999999999998,0.02941
Ta12,15.57,0.028558666666666666
Ta12,15.629999999999999,0.027634
Ta12,15.69,0.026398333333333333
Ta12,15.75,0.025383666666666665
Ta12,15.809999999999999,0.024051
Ta12,15.87,0.022636666666666666
Ta12,15.93,0.021135333333333332
Ta12,15.989999999999998,0.019764
Ta12,16.049999999999997,0.018251
Ta12,16.11,0.016714333333333335
Ta12,16.17,0.015177333333333333
Ta12,16.229999999999997,0.013788666666666666
Ta12,16.29,0.012488
Ta12,16.35,0.011071
Ta12,16.409999999999997,0.009803666666666667
Ta12,16.47,0.008738666666666667
Ta12,16.53,0.007687
Ta12,16.59,0.006576
Ta12,16.65,0.005704
Ta12,16.71,0.004973666666666667
Ta12,16.77,0.004151333333333333
Ta12,16.83,0.0035586666666666666
Ta12,16.89,0.0029916666666666668
Ta12,16.95,0.002453
Ta12,17.009999999999998,0.002054
Ta12,17.07,0.001687
Ta12,17.13,0.00138
Ta12,17.189999999999998,0.0011363333333333334
Ta12,17.25,0.0008876666666666667
Ta12,17.310000000000002,0.00072
Ta12,17.369999999999997,0.00057
Ta12,17.43,0.00045733333333333335
Ta12,17.490000000000002,0.0003483333333333333
Ta12,17.549999999999997,0.0002826666666666667
Ta12,17.61,0.00022033333333333334
Ta12,17.67,0.00015266666666666667
Ta12,17.729999999999997,0.00013233333333333334
Ta12,17.79,9.866666666666666e-05
Ta12,17.85,6.3e-05
Ta12,17.909999999999997,5.433333333333333e-05
Ta12,17.97,3.766666666666667e-05
Ta12,18.03,2.4e-05
Ta12,18.09,2.0666666666666666e-05
Ta12,18.15,1.3666666666666667e-05
Ta12,18.21,9.333333333333333e-06
Ta12,18.27,7e-06
Ta12,18.33,5.666666666666667e-06
Ta12,18.39,2.333333333333333e-06
Ta12,18.45,1.3333333333333334e-06
Ta12,18.509999999999998,2e-06
Ta12,18.57,3.3333333333333335e-07
Ta12,18.63,6.666666666666667e-07
Cu12,10.649999999999999,3.3333333333333335e-07
Cu12,10.71,0.0
Cu12,10.77,0.0
Cu12,10.829999999999998,6.666666666666667e-07
Cu12,10.89,1e-06
Cu12,10.95,2e-06
Cu12,11.01,2e-06
Cu12,11.07,2e-06
Cu12,11.129999999999999,2e-06
Cu12,11.19,3.6666666666666666e-06
Cu12,11.25,3.6666666666666666e-06
Cu12,11.309999999999999,7e-06
Cu12,11.370000000000001,5.666666666666667e-06
Cu12,11.43,9e-06
Cu12,11.489999999999998,1.4e-05
Cu12,11.55,1.6666666666666667e-05
Cu12,11.61,2.2666666666666668e-05
Cu12,11.669999999999998,2.9e-05
Cu12,11.73,3.3e-05
Cu12,11.79,4.1666666666666665e-05
Cu12,11.85,5.466666666666667e-05
Cu12,11.91,6.4e-05
Cu12,11.969999999999999,8.7e-05
Cu12,12.03,0.000107
Cu12,12.09,0.000122
Cu12,12.149999999999999,0.00016933333333333332
Cu12,12.21,0.00021433333333333333
Cu12,12.27,0.000247
Cu12,12.329999999999998,0.00031466666666666665
Cu12,12.39,0.0003823333333333333
Cu12,12.45,0.000486
Cu12,12.51,0.0005926666666666667
Cu12,12.57,0.0006996666666666667
Cu12,12.629999999999999,0.000807
Cu12,12.69,0.001006
Cu12,12.75,0.0012196666666666666
Cu12,12.809999999999999,0.0014323333333333334
Cu12,12.870000000000001,0.001684
Cu12,12.93,0.002023333333333333
Cu12,12.989999999999998,0.002413
Cu12,13.05,0.002799
Cu12,13.11,0.003135666666666667
Cu12,13.169999999999998,0.003716
Cu12,13.23,0.004316666666666667
Cu12,13.29,0.004969
Cu12,13.35,0.005581666666666667
Cu12,13.41,0.006356
Cu12,13.469999999999999,0.00718
Cu12,13.53,0.008225333333333333
Cu12,13.59,0.009063333333333333
Cu12,13.649999999999999,0.010148333333333334
Cu12,13.71,0.011292333333333333
Cu12,13.77,0.012487
Cu12,13.829999999999998,0.013666333333333334
Cu12,13.89,0.014923666666666667
Cu12,13.95,0.016227666666666668
Cu12,14.009999999999998,0.017586666666666667
Cu12,14.07,0.018956
Cu12,14.129999999999999,0.02042
Cu12,14.19,0.021547333333333335
Cu12,14.25,0.022821333333333332
Cu12,14.309999999999999,0.024042666666666667
Cu12,14.37,0.025224
Cu12,14.43,0.026232
Cu12,14.489999999999998,0.027261333333333332
Cu12,14.55,0.028057
Cu12,14.61,0.028712666666666668
Cu12,14.669999999999998,0.029539333333333334
Cu12,14.73,0.029627666666666667
Cu12,14.79,0.029944333333333333
Cu12,14.85,0.030008333333333335
Cu12,14.91,0.030126666666666666
Cu12,14.969999999999999,0.029620666666666667
Cu12,15.03,0.029364333333333333
Cu12,15.09,0.028606
Cu12,15.149999999999999,0.028026
Cu12,15.21,0.027106
Cu12,15.27,0.026045333333333334
Cu12,15.329999999999998,0.025007
Cu12,15.39,0.02377
Cu12,15.45,0.022430333333333333
Cu12,15.509999999999998,0.021015
Cu12,15.57,0.019811
Cu12,15.629999999999999,0.018282
Cu12,15.69,0.016839666666666666
Cu12,15.75,0.015456
Cu12,15.809999999999999,0.013958
Cu12,15.87,0.012828
Cu12,15.93,0.011373
Cu12,15.989999999999998,0.010185333333333333
Cu12,16.049999999999997,0.009042666666666666
Cu12,16.11,0.008086
Cu12,16.17,0.006940666666666667
Cu12,16.229999999999997,0.00604
Cu12,16.29,0.005284333333333334
Cu12,16.35,0.0045323333333333335
Cu12,16.409999999999997,0.003850333333333333
Cu12,16.47,0.0032603333333333334
Cu12,16.53,0.002776
Cu12,16.59,0.0022533333333333333
Cu12,16.65,0.0018893333333333334
Cu12,16.71,0.0015806666666666666
Cu12,16.77,0.001271
Cu12,16.83,0.001069
Cu12,16.89,0.0008283333333333334
Cu12,16.95,0.0006786666666666667
Cu12,17.009999999999998,0.0005326666666666666
Cu12,17.07,0.000424
Cu12,17.13,0.00033633333333333334
Cu12,17.189999999999998,0.00026566666666666666
Cu12,17.25,0.00021
Cu12,17.310000000000002,0.00014733333333333333
Cu12,17.369999999999997,0.000124
Cu12,17.43,9.766666666666666e-05
Cu12,17.490000000000002,6.3e-05
Cu12,17.549999999999997,5.2e-05
Cu12,17.61,3.633333333333333e-05
Cu12,17.67,2.3666666666666668e-05
Cu12,17.729999999999997,2.0333333333333334e-05
Cu12,17.79,1.3666666666666667e-05
Cu12,17.85,8.666666666666666e-06
Cu12,17.909999999999997,8e-06
Cu12,17.97,5e-06
Cu12,18.03,3e-06
Cu12,18.09,1.6666666666666667e-06
Cu12,18.15,1.6666666666666667e-06
Cu12,18.21,6.666666666666667e-07
Cu12,18.27,0.0
Cu12,18.33,6.666666666666667e-07
Al_degrader_E9,8.25,8.333333333333334e-08
Al_degrader_E9,8.309999999999999,0.0
Al_degrader_E9,8.370000000000001,0.0
Al_degrader_E9,8.43,1.6666666666666668e-07
Al_degrader_E9,8.489999999999998,2.5e-07
Al_degrader_E9,8.55,2.5e-07
Al_degrader_E9,8.61,3.3333333333333335e-07
Al_degrader_E9,8.67,5.833333333333333e-07
Al_degrader_E9,8.73,5.833333333333333e-07
Al_degrader_E9,8.79,5.833333333333333e-07
Al_degrader_E9,8.85,6.666666666666667e-07
Al_degrader_E9,8.91,1.1666666666666666e-06
Al_degrader_E9,8.969999999999999,1.1666666666666666e-06
Al_degrader_E9,9.030000000000001,1.4166666666666667e-06
Al_degrader_E9,9.09,1.5e-06
Al_degrader_E9,9.149999999999999,2.5833333333333333e-06
Al_degrader_E9,9.21,3.083333333333333e-06
Al_degrader_E9,9.27,3.75e-06
Al_degrader_E9,9.329999999999998,4.75e-06
Al_degrader_E9,9.39,6.083333333333333e-06
Al_degrader_E9,9.45,8.083333333333333e-06
Al_degrader_E9,9.51,8.416666666666667e-06
Al_degrader_E9,9.57,1.0916666666666667e-05
Al_degrader_E9,9.629999999999999,1.3166666666666667e-05
Al_degrader_E9,9.69,1.7666666666666668e-05
Al_degrader_E9,9.75,1.9166666666666667e-05
Al_degrader_E9,9.809999999999999,2.4916666666666668e-05
Al_degrader_E9,9.870000000000001,2.975e-05
Al_degrader_E9,9.93,3.5333333333333336e-05
Al_degrader_E9,9.989999999999998,4.341666666666667e-05
Al_degrader_E9,10.05,5.4416666666666663e-05
Al_degrader_E9,10.11,6.666666666666667e-05
Al_degrader_E9,10.169999999999998,7.208333333333333e-05
Al_degrader_E9,10.23,9.733333333333333e-05
Al_degrader_E9,10.29,0.0001165
Al_degrader_E9,10.35,0.00013283333333333333
Al_degrader_E9,10.41,0.00016883333333333334
Al_degrader_E9,10.469999999999999,0.00019383333333333335
Al_degrader_E9,10.53,0.00023133333333333334
Al_degrader_E9,10.59,0.000266
Al_degrader_E9,10.649999999999999,0.0003193333333333333
Al_degrader_E9,10.71,0.00037991666666666664
Al_degrader_E9,10.77,0.0004345833333333333
Al_degrader_E9,10.829999999999998,0.00051775
Al_degrader_E9,10.89,0.0006091666666666667
Al_degrader_E9,10.95,0.0007006666666666667
Al_degrader_E9,11.01,0.00081075
Al_degrader_E9,11.07,0.00095075
Al_degrader_E9,11.129999999999999,0.0010845833333333332
Al_degrader_E9,11.19,0.001238
Al_degrader_E9,11.25,0.00143025
Al_degrader_E9,11.309999999999999,0.0016255833333333333
Al_degrader_E9,11.370000000000001,0.00185075
Al_degrader_E9,11.43,0.0020964166666666666
Al_degrader_E9,11.489999999999998,0.0023579166666666666
Al_degrader_E9,11.55,0.0026606666666666666
Al_degrader_E9,11.61,0.0030114166666666666
Al_degrader_E9,11.669999999999998,0.0033458333333333335
Al_degrader_E9,11.73,0.0037458333333333332
Al_degrader_E9,11.79,0.004210666666666666
Al_degrader_E9,11.85,0.004609916666666667
Al_degrader_E9,11.91,0.005110583333333333
Al_degrader_E9,11.969999999999999,0.005670916666666667
Al_degrader_E9,12.03,0.006173583333333333
Al_degrader_E9,12.09,0.006749916666666667
Al_degrader_E9,12.149999999999999,0.007426333333333333
Al_degrader_E9,12.21,0.008065416666666667
Al_degrader_E9,12.27,0.008709416666666667
Al_degrader_E9,12.329999999999998,0.0094415
Al_degrader_E9,12.39,0.0101755
Al_degrader_E9,12.45,0.010868166666666667
Al_degrader_E9,12.51,0.0116555
Al_degrader_E9,12.57,0.012475166666666667
Al_degrader_E9,12.629999999999999,0.013212
Al_degrader_E9,12.69,0.014023583333333334
Al_degrader_E9,12.75,0.014833916666666667
Al_degrader_E9,12.809999999999999,0.01560625
Al_degrader_E9,12.870000000000001,0.016417666666666667
Al_degrader_E9,12.93,0.017160416666666668
Al_degrader_E9,12.989999999999998,0.017866333333333335
Al_degrader_E9,13.05,0.018677666666666665
Al_degrader_E9,13.11,0.01929466666666667
Al_degrader_E9,13.169999999999998,0.01994925
Al_degrader_E9,13.23,0.020603166666666665
Al_degrader_E9,13.29,0.02112925
Al_degrader_E9,13.35,0.0216845
Al_degrader_E9,13.41,0.022118166666666668
Al_degrader_E9,13.469999999999999,0.022502
Al_degrader_E9,13.53,0.02284975
Al_degrader_E9,13.59,0.023179916666666668
Al_degrader_E9,13.649999999999999,0.0232565
Al_degrader_E9,13.71,0.023484916666666668
Al_degrader_E9,13.77,0.023487333333333332
Al_degrader_E9,13.829999999999998,0.0233495
Al_degrader_E9,13.89,0.02335625
Al_degrader_E9,13.95,0.023106
Al_degrader_E9,14.009999999999998,0.022826083333333334
Al_degrader_E9,14.07,0.022547666666666667
Al_degrader_E9,14.129999999999999,0.022080333333333334
Al_degrader_E9,14.19,0.021641166666666666
Al_degrader_E9,14.25,0.021088
Al_degrader_E9,14.309999999999999,0.02039091666666667
Al_degrader_E9,14.37,0.019807916666666668
Al_degrader_E9,14.43,0.01905225
Al_degrader_E9,14.489999999999998,0.01830775
Al_degrader_E9,14.55,0.017502916666666667
Al_degrader_E9,14.61,0.0166175
Al_degrader_E9,14.669999999999998,0.015857083333333334
Al_degrader_E9,14.73,0.01488625
Al_degrader_E9,14.79,0.013987166666666667
Al_degrader_E9,14.85,0.013125916666666666
Al_degrader_E9,14.91,0.012212916666666667
Al_degrader_E9,14.969999999999999,0.011327666666666666
Al_degrader_E9,15.03,0.01048475
Al_degrader_E9,15.09,0.00958925
Al_degrader_E9,15.149999999999999,0.008801666666666666
Al_degrader_E9,15.21,0.007968666666666667
Al_degrader_E9,15.27,0.007218
Al_degrader_E9,15.329999999999998,0.006518916666666667
Al_degrader_E9,15.39,0.0058196666666666666
Al_degrader_E9,15.45,0.005186583333333333
Al_degrader_E9,15.509999999999998,0.004580416666666667
Al_degrader_E9,15.57,0.004049166666666667
Al_degrader_E9,15.629999999999999,0.00354525
Al_degrader_E9,15.69,0.0031085833333333334
Al_degrader_E9,15.75,0.00267125
Al_degrader_E9,15.809999999999999,0.002301333333333333
Al_degrader_E9,15.87,0.0019783333333333332
Al_degrader_E9,15.93,0.0016795
Al_degrader_E9,15.989999999999998,0.0014431666666666666
Al_degrader_E9,16.049999999999997,0.001184
Al_degrader_E9,16.11,0.0010160833333333332
Al_degrader_E9,16.17,0.0008185833333333334
Al_degrader_E9,16.229999999999997,0.0006876666666666666
Al_degrader_E9,16.29,0.0005720833333333333
Al_degrader_E9,16.35,0.00045508333333333333
Al_degrader_E9,16.409999999999997,0.0003819166666666667
Al_degrader_E9,16.47,0.00029591666666666666
Al_degrader_E9,16.53,0.00024133333333333334
Al_degrader_E9,16.59,0.00018958333333333332
Al_degrader_E9,16.65,0.00014916666666666667
Al_degrader_E9,16.71,0.00012191666666666667
Al_degrader_E9,16.77,8.816666666666666e-05
Al_degrader_E9,16.83,7.591666666666666e-05
Al_degrader_E9,16.89,5.6416666666666665e-05
Al_degrader_E9,16.95,4.241666666666667e-05
Al_degrader_E9,17.009999999999998,3.225e-05
Al_degrader_E9,17.07,2.3833333333333334e-05
Al_degrader_E9,17.13,1.8e-05
Al_degrader_E9,17.189999999999998,1.2416666666666667e-05
Al_degrader_E9,17.25,1.025e-05
Al_degrader_E9,17.310000000000002,5.916666666666667e-06
Al_degrader_E9,17.369999999999997,5e-06
Al_degrader_E9,17.43,3.416666666666667e-06
Al_degrader_E9,17.490000000000002,2.8333333333333335e-06
Al_degrader_E9,17.549999999999997,1.5e-06
Al_degrader_E9,17.61,1.1666666666666666e-06
Al_degrader_E9,17.67,6.666666666666667e-07
Al_degrader_E9,17.729999999999997,4.1666666666666667e-07
Al_degrader_E9,17.79,4.1666666666666667e-07
Al_degrader_E9,17.85,8.333333333333334e-08
Al_degrader_E9,17.909999999999997,1.6666666666666668e-07
Ni13,7.47,2e-07
Ni13,7.529999999999999,0.0
Ni13,7.59,0.0
Ni13,7.65,6e-07
Ni13,7.709999999999999,4e-07
Ni13,7.77,2e-07
Ni13,7.83,1.4e-06
Ni13,7.89,6e-07
Ni13,7.949999999999999,1.8e-06
Ni13,8.01,1.2e-06
Ni13,8.07,2e-06
Ni13,8.129999999999999,2.8e-06
Ni13,8.19,2.2e-06
Ni13,8.25,3.6e-06
Ni13,8.309999999999999,4.8e-06
Ni13,8.370000000000001,4.6e-06
Ni13,8.43,5.8e-06
Ni13,8.489999999999998,9.4e-06
Ni13,8.55,9.4e-06
Ni13,8.61,1.22e-05
Ni13,8.67,1.64e-05
Ni13,8.73,1.86e-05
Ni13,8.79,2.14e-05
Ni13,8.85,2.84e-05
Ni13,8.91,3.28e-05
Ni13,8.969999999999999,3.96e-05
Ni13,9.030000000000001,4.74e-05
Ni13,9.09,5.76e-05
Ni13,9.149999999999999,7e-05
Ni13,9.21,8.5e-05
Ni13,9.27,9.38e-05
Ni13,9.329999999999998,0.000124
Ni13,9.39,0.0001454
Ni13,9.45,0.0001702
Ni13,9.51,0.000204
Ni13,9.57,0.0002486
Ni13,9.629999999999999,0.0002868
Ni13,9.69,0.000354
Ni13,9.75,0.0004278
Ni13,9.809999999999999,0.0004776
Ni13,9.870000000000001,0.0005766
Ni13,9.93,0.0006658
Ni13,9.989999999999998,0.0007728
Ni13,10.05,0.0009226
Ni13,10.11,0.001041
Ni13,10.169999999999998,0.00121
Ni13,10.23,0.0014344
Ni13,10.29,0.0016376
Ni13,10.35,0.0018738
Ni13,10.41,0.002182
Ni13,10.469999999999999,0.0024236
Ni13,10.53,0.002761
Ni13,10.59,0.0031828
Ni13,10.649999999999999,0.003534
Ni13,10.71,0.004035
Ni13,10.77,0.0045404
Ni13,10.829999999999998,0.005007
Ni13,10.89,0.0056512
Ni13,10.95,0.0062224
Ni13,11.01,0.0069238
Ni13,11.07,0.0076324
Ni13,11.129999999999999,0.0084346
Ni13,11.19,0.0092708
Ni13,11.25,0.0100656
Ni13,11.309999999999999,0.011007
Ni13,11.370000000000001,0.0118986
Ni13,11.43,0.012927
Ni13,11.489999999999998,0.0138458
Ni13,11.55,0.0148242
Ni13,11.61,0.01594
Ni13,11.669999999999998,0.0170024
Ni13,11.73,0.017938
Ni13,11.79,0.0190206
Ni13,11.85,0.0199074
Ni13,11.91,0.020788
Ni13,11.969999999999999,0.0217646
Ni13,12.03,0.0225988
Ni13,12.09,0.023439
Ni13,12.149999999999999,0.0240998
Ni13,12.21,0.0247784
Ni13,12.27,0.0253562
Ni13,12.329999999999998,0.0257284
Ni13,12.39,0.026002
Ni13,12.45,0.0263766
Ni13,12.51,0.0263262
Ni13,12.57,0.0264646
Ni13,12.629999999999999,0.0263816
Ni13,12.69,0.0260804
Ni13,12.75,0.025817
Ni13,12.809999999999999,0.0252338
Ni13,12.870000000000001,0.0248458
Ni13,12.93,0.0240714
Ni13,12.989999999999998,0.023365
Ni13,13.05,0.0225146
Ni13,13.11,0.021583
Ni13,13.169999999999998,0.020688
Ni13,13.23,0.0196222
Ni13,13.29,0.0185724
Ni13,13.35,0.0174914
Ni13,13.41,0.0163686
Ni13,13.469999999999999,0.0152334
Ni13,13.53,0.0140774
Ni13,13.59,0.0130256
Ni13,13.649999999999999,0.0118716
Ni13,13.71,0.0109416
Ni13,13.77,0.0098518
Ni13,13.829999999999998,0.0089434
Ni13,13.89,0.0079936
Ni13,13.95,0.0072306
Ni13,14.009999999999998,0.006325
Ni13,14.07,0.0056586
Ni13,14.129999999999999,0.0049318
Ni13,14.19,0.0043548
Ni13,14.25,0.0037778
Ni13,14.309999999999999,0.003246
Ni13,14.37,0.0028166
Ni13,14.43,0.0023804
Ni13,14.489999999999998,0.0020438
Ni13,14.55,0.0017088
Ni13,14.61,0.001445
Ni13,14.669999999999998,0.0012102
Ni13,14.73,0.0010068
Ni13,14.79,0.0008306
Ni13,14.85,0.0006842
Ni13,14.91,0.000549
Ni13,14.969999999999999,0.0004636
Ni13,15.03,0.0003544
Ni13,15.09,0.0003086
Ni13,15.149999999999999,0.0002276
Ni13,15.21,0.0001972
Ni13,15.27,0.0001446
Ni13,15.329999999999998,0.0001196
Ni13,15.39,8.8e-05
Ni13,15.45,7.44e-05
Ni13,15.509999999999998,4.94e-05
Ni13,15.57,4.22e-05
Ni13,15.629999999999999,2.82e-05
Ni13,15.69,2.28e-05
Ni13,15.75,1.64e-05
Ni13,15.809999999999999,1.16e-05
Ni13,15.87,9.6e-06
Ni13,15.93,7.4e-06
Ni13,15.989999999999998,4.6e-06
Ni13,16.049999999999997,3.2e-06
Ni13,16.11,2.2e-06
Ni13,16.17,1.2e-06
Ni13,16.229999999999997,1e-06
Ni13,16.29,8e-07
Ni13,16.35,0.0
Ni13,16.409999999999997,4e-07
Sn13,7.289999999999999,3.3333333333333335e-07
Sn13,7.35,3.3333333333333335e-07
Sn13,7.41,0.0
Sn13,7.47,1e-06
Sn13,7.529999999999999,1e-06
Sn13,7.59,1.3333333333333334e-06
Sn13,7.65,3e-06
Sn13,7.709999999999999,2.666666666666667e-06
Sn13,7.77,3e-06
Sn13,7.83,4.333333333333333e-06
Sn13,7.89,3.3333333333333333e-06
Sn13,7.949999999999999,5e-06
Sn13,8.01,3.3333333333333333e-06
Sn13,8.07,6.666666666666667e-06
Sn13,8.129999999999999,6e-06
Sn13,8.19,9.666666666666667e-06
Sn13,8.25,9.333333333333333e-06
Sn13,8.309999999999999,1.6e-05
Sn13,8.370000000000001,1.7e-05
Sn13,8.43,2.4e-05
Sn13,8.489999999999998,3.066666666666667e-05
Sn13,8.55,3.566666666666667e-05
Sn13,8.61,3.933333333333333e-05
Sn13,8.67,5.3e-05
Sn13,8.73,5.966666666666667e-05
Sn13,8.79,6.633333333333334e-05
Sn13,8.85,8.333333333333333e-05
Sn13,8.91,9.533333333333334e-05
Sn13,8.969999999999999,0.00011766666666666666
Sn13,9.030000000000001,0.00014366666666666667
Sn13,9.09,0.00015633333333333333
Sn13,9.149999999999999,0.000205
Sn13,9.21,0.000234
Sn13,9.27,0.00027966666666666667
Sn13,9.329999999999998,0.000348
Sn13,9.39,0.00040533333333333334
Sn13,9.45,0.0004783333333333333
Sn13,9.51,0.0005593333333333333
Sn13,9.57,0.000693
Sn13,9.629999999999999,0.0007933333333333333
Sn13,9.69,0.0009116666666666666
Sn13,9.75,0.0010403333333333334
Sn13,9.809999999999999,0.001175
Sn13,9.870000000000001,0.0013456666666666667
Sn13,9.93,0.001566
Sn13,9.989999999999998,0.0018273333333333334
Sn13,10.05,0.0020993333333333333
Sn13,10.11,0.0024206666666666665
Sn13,10.169999999999998,0.0027733333333333334
Sn13,10.23,0.0031583333333333333
Sn13,10.29,0.0035603333333333333
Sn13,10.35,0.003979666666666667
Sn13,10.41,0.004448333333333334
Sn13,10.469999999999999,0.004928333333333333
Sn13,10.53,0.005521333333333333
Sn13,10.59,0.0061923333333333335
Sn13,10.649999999999999,0.006836333333333333
Sn13,10.71,0.00753
Sn13,10.77,0.008232666666666666
Sn13,10.829999999999998,0.009076
Sn13,10.89,0.009958
Sn13,10.95,0.010855666666666666
Sn13,11.01,0.011859
Sn13,11.07,0.012858
Sn13,11.129999999999999,0.013889
Sn13,11.19,0.014804333333333333
Sn13,11.25,0.015821
Sn13,11.309999999999999,0.016786666666666665
Sn13,11.370000000000001,0.017786
Sn13,11.43,0.018780333333333333
Sn13,11.489999999999998,0.019872
Sn13,11.55,0.020957666666666666
Sn13,11.61,0.021774
Sn13,11.669999999999998,0.022669333333333333
Sn13,11.73,0.023225333333333334
Sn13,11.79,0.023962333333333332
Sn13,11.85,0.024610333333333335
Sn13,11.91,0.025234333333333334
Sn13,11.969999999999999,0.025806666666666665
Sn13,12.03,0.02625
Sn13,12.09,0.026324666666666666
Sn13,12.149999999999999,0.026548333333333334
Sn13,12.21,0.026439333333333332
Sn13,12.27,0.026423333333333333
Sn13,12.329999999999998,0.026209
Sn13,12.39,0.025755333333333335
Sn13,12.45,0.025458333333333333
Sn13,12.51,0.024805
Sn13,12.57,0.024157333333333333
Sn13,12.629999999999999,0.023379666666666667
Sn13,12.69,0.022649333333333334
Sn13,12.75,0.021885666666666668
Sn13,12.809999999999999,0.020892333333333332
Sn13,12.870000000000001,0.019804
Sn13,12.93,0.018688
Sn13,12.989999999999998,0.017517333333333333
Sn13,13.05,0.016509
Sn13,13.11,0.015289333333333334
Sn13,13.169999999999998,0.014213333333333333
Sn13,13.23,0.013029666666666667
Sn13,13.29,0.011969333333333334
Sn13,13.35,0.011014
Sn13,13.41,0.009978666666666667
Sn13,13.469999999999999,0.008934333333333334
Sn13,13.53,0.008053333333333332
Sn13,13.59,0.0071923333333333336
Sn13,13.649999999999999,0.006450333333333333
Sn13,13.71,0.0057213333333333335
Sn13,13.77,0.004981
Sn13,13.829999999999998,0.004353666666666666
Sn13,13.89,0.003795666666666667
Sn13,13.95,0.00328
Sn13,14.009999999999998,0.002783
Sn13,14.07,0.0023913333333333334
Sn13,14.129999999999999,0.002062333333333333
Sn13,14.19,0.0017336666666666666
Sn13,14.25,0.001476
Sn13,14.309999999999999,0.001215
Sn13,14.37,0.0010123333333333334
Sn13,14.43,0.0008246666666666667
Sn13,14.489999999999998,0.0006693333333333333
Sn13,14.55,0.0005466666666666667
Sn13,14.61,0.000458
Sn13,14.669999999999998,0.00036666666666666667
Sn13,14.73,0.00030933333333333334
Sn13,14.79,0.000244
Sn13,14.85,0.00019633333333333333
Sn13,14.91,0.00015233333333333334
Sn13,14.969999999999999,0.00012066666666666667
Sn13,15.03,8.9e-05
Sn13,15.09,7.033333333333334e-05
Sn13,15.149999999999999,5e-05
Sn13,15.21,3.8e-05
Sn13,15.27,2.6666666666666667e-05
Sn13,15.329999999999998,2.2333333333333332e-05
Sn13,15.39,1.9e-05
Sn13,15.45,1.5e-05
Sn13,15.509999999999998,1e-05
Sn13,15.57,5.333333333333334e-06
Sn13,15.629999999999999,3.6666666666666666e-06
Sn13,15.69,3e-06
Sn13,15.75,2.666666666666667e-06
Sn13,15.809999999999999,2e-06
Sn13,15.87,1e-06
Sn13,15.93,6.666666666666667e-07
Ta13,6.63,2.5e-07
Ta13,6.6899999999999995,0.0
Ta13,6.75,0.0
Ta13,6.81,5e-07
Ta13,6.869999999999999,7.5e-07
Ta13,6.93,2.5e-07
Ta13,6.99,7.5e-07
Ta13,7.05,1.75e-06
Ta13,7.109999999999999,1.75e-06
Ta13,7.17,1e-06
Ta13,7.2299999999999995,2.75e-06
Ta13,7.289999999999999,1.5e-06
Ta13,7.35,3.5e-06
Ta13,7.41,2.25e-06
Ta13,7.47,5.75e-06
Ta13,7.529999999999999,4e-06
Ta13,7.59,6e-06
Ta13,7.65,6.5e-06
Ta13,7.709999999999999,9.25e-06
Ta13,7.77,1.075e-05
Ta13,7.83,1.15e-05
Ta13,7.89,1.825e-05
Ta13,7.949999999999999,1.95e-05
Ta13,8.01,2.375e-05
Ta13,8.07,2.775e-05
Ta13,8.129999999999999,3.175e-05
Ta13,8.19,4.375e-05
Ta13,8.25,4.45e-05
Ta13,8.309999999999999,5.675e-05
Ta13,8.370000000000001,7.3e-05
Ta13,8.43,7.75e-05
Ta13,8.489999999999998,9.575e-05
Ta13,8.55,0.00010875
Ta13,8.61,0.000139
Ta13,8.67,0.0001625
Ta13,8.73,0.000183
Ta13,8.79,0.0002255
Ta13,8.85,0.0002715
Ta13,8.91,0.0003095
Ta13,8.969999999999999,0.0003685
Ta13,9.030000000000001,0.0004585
Ta13,9.09,0.000502
Ta13,9.149999999999999,0.000594
Ta13,9.21,0.00070075
Ta13,9.27,0.0007795
Ta13,9.329999999999998,0.00091175
Ta13,9.39,0.00107575
Ta13,9.45,0.00120625
Ta13,9.51,0.00139275
Ta13,9.57,0.00163375
Ta13,9.629999999999999,0.00183275
Ta13,9.69,0.00209325
Ta13,9.75,0.0024015
Ta13,9.809999999999999,0.00264175
Ta13,9.870000000000001,0.0030165
Ta13,9.93,0.0034645
Ta13,9.989999999999998,0.0038015
Ta13,10.05,0.004281
Ta13,10.11,0.00483575
Ta13,10.169999999999998,0.00525275
Ta13,10.23,0.00587075
Ta13,10.29,0.006491
Ta13,10.35,0.00711925
Ta13,10.41,0.0078015
Ta13,10.469999999999999,0.008601
Ta13,10.53,0.00940475
Ta13,10.59,0.01019125
Ta13,10.649999999999999,0.01112575
Ta13,10.71,0.0119405
Ta13,10.77,0.01283725
Ta13,10.829999999999998,0.013835
Ta13,10.89,0.01477475
Ta13,10.95,0.015637
Ta13,11.01,0.0167825
Ta13,11.07,0.0176845
Ta13,11.129999999999999,0.0185085
Ta13,11.19,0.01953975
Ta13,11.25,0.02029525
Ta13,11.309999999999999,0.02112575
Ta13,11.370000000000001,0.022054
Ta13,11.43,0.02269725
Ta13,11.489999999999998,0.02345625
Ta13,11.55,0.0240725
Ta13,11.61,0.02439475
Ta13,11.669999999999998,0.0249755
Ta13,11.73,0.025301
Ta13,11.79,0.0253695
Ta13,11.85,0.02573025
Ta13,11.91,0.02575875
Ta13,11.969999999999999,0.0255495
Ta13,12.03,0.02547775
Ta13,12.09,0.0249655
Ta13,12.149999999999999,0.02478325
Ta13,12.21,0.02420725
Ta13,12.27,0.0236375
Ta13,12.329999999999998,0.02299875
Ta13,12.39,0.022213
Ta13,12.45,0.02143925
Ta13,12.51,0.0205035
Ta13,12.57,0.01957175
Ta13,12.629999999999999,0.018623
Ta13,12.69,0.0175135
Ta13,12.75,0.01655525
Ta13,12.809999999999999,0.01546925
Ta13,12.870000000000001,0.014363
Ta13,12.93,0.0133615
Ta13,12.989999999999998,0.0122835
Ta13,13.05,0.0112765
Ta13,13.11,0.0103235
Ta13,13.169999999999998,0.009366
Ta13,13.23,0.008457
Ta13,13.29,0.0076845
Ta13,13.35,0.00679125
Ta13,13.41,0.0061255
Ta13,13.469999999999999,0.00536375
Ta13,13.53,0.0047945
Ta13,13.59,0.00416975
Ta13,13.649999999999999,0.0036095
Ta13,13.71,0.00318675
Ta13,13.77,0.00270125
Ta13,13.829999999999998,0.0023495
Ta13,13.89,0.001988
Ta13,13.95,0.00168475
Ta13,14.009999999999998,0.001448
Ta13,14.07,0.00118625
Ta13,14.129999999999999,0.00101225
Ta13,14.19,0.0008305
Ta13,14.25,0.00068525
Ta13,14.309999999999999,0.000566
Ta13,14.37,0.0004635
Ta13,14.43,0.000377
Ta13,14.489999999999998,0.0003055
Ta13,14.55,0.00024575
Ta13,14.61,0.000199
Ta13,14.669999999999998,0.000165
Ta13,14.73,0.00012275
Ta13,14.79,9.825e-05
Ta13,14.85,7.675e-05
Ta13,14.91,5.6e-05
Ta13,14.969999999999999,4.475e-05
Ta13,15.03,3.3e-05
Ta13,15.09,2.5e-05
Ta13,15.149999999999999,1.825e-05
Ta13,15.21,1.425e-05
Ta13,15.27,1.025e-05
Ta13,15.329999999999998,8e-06
Ta13,15.39,6.5e-06
Ta13,15.45,4e-06
Ta13,15.509999999999998,2.25e-06
Ta13,15.57,1.5e-06
Ta13,15.629999999999999,1.25e-06
Ta13,15.69,1.25e-06
Ta13,15.75,2.5e-07
Ta13,15.809999999999999,5e-07
Cu13,5.789999999999999,2e-07
Cu13,5.85,0.0
Cu13,5.91,0.0
Cu13,5.97,4e-07
Cu13,6.029999999999999,2e-07
Cu13,6.09,6e-07
Cu13,6.15,4e-07
Cu13,6.21,1.2e-06
Cu13,6.27,8e-07
Cu13,6.33,1.2e-06
Cu13,6.39,1.8e-06
Cu13,6.449999999999999,1.6e-06
Cu13,6.51,1.8e-06
Cu13,6.57,2.2e-06
Cu13,6.63,2.4e-06
Cu13,6.6899999999999995,2.8e-06
Cu13,6.75,4.2e-06
Cu13,6.81,4.4e-06
Cu13,6.869999999999999,5.4e-06
Cu13,6.93,7e-06
Cu13,6.99,7.6e-06
Cu13,7.05,1.06e-05
Cu13,7.109999999999999,1.14e-05
Cu13,7.17,1.44e-05
Cu13,7.2299999999999995,1.56e-05
Cu13,7.289999999999999,2.12e-05
Cu13,7.35,2.46e-05
Cu13,7.41,2.54e-05
Cu13,7.47,3.42e-05
Cu13,7.529999999999999,4.18e-05
Cu13,7.59,4.36e-05
Cu13,7.65,5.48e-05
Cu13,7.709999999999999,6.64e-05
Cu13,7.77,7.64e-05
Cu13,7.83,8.54e-05
Cu13,7.89,0.0001052
Cu13,7.949999999999999,0.0001276
Cu13,8.01,0.0001432
Cu13,8.07,0.000171
Cu13,8.129999999999999,0.0002048
Cu13,8.19,0.0002322
Cu13,8.25,0.0002754
Cu13,8.309999999999999,0.0003308
Cu13,8.370000000000001,0.0003854
Cu13,8.43,0.0004396
Cu13,8.489999999999998,0.0005138
Cu13,8.55,0.0005852
Cu13,8.61,0.0006642
Cu13,8.67,0.0007804
Cu13,8.73,0.0008984
Cu13,8.79,0.0010026
Cu13,8.85,0.0011746
Cu13,8.91,0.0013478
Cu13,8.969999999999999,0.001526
Cu13,9.030000000000001,0.0017298
Cu13,9.09,0.0019578
Cu13,9.149999999999999,0.0022204
Cu13,9.21,0.0024756
Cu13,9.27,0.0028048
Cu13,9.329999999999998,0.003132
Cu13,9.39,0.003487
Cu13,9.45,0.0039378
Cu13,9.51,0.0043252
Cu13,9.57,0.0048114
Cu13,9.629999999999999,0.005322
Cu13,9.69,0.0058256
Cu13,9.75,0.0064608
Cu13,9.809999999999999,0.0070026
Cu13,9.870000000000001,0.0077094
Cu13,9.93,0.0084742
Cu13,9.989999999999998,0.0091472
Cu13,10.05,0.0099118
Cu13,10.11,0.0107362
Cu13,10.169999999999998,0.0115354
Cu13,10.23,0.0124224
Cu13,10.29,0.0131962
Cu13,10.35,0.014131
Cu13,10.41,0.0150498
Cu13,10.469999999999999,0.0159928
Cu13,10.53,0.0168396
Cu13,10.59,0.0177466
Cu13,10.649999999999999,0.0185656
Cu13,10.71,0.019277
Cu13,10.77,0.0202264
Cu13,10.829999999999998,0.0209128
Cu13,10.89,0.021725
Cu13,10.95,0.0222774
Cu13,11.01,0.0229424
Cu13,11.07,0.02346
Cu13,11.129999999999999,0.0238314
Cu13,11.19,0.0242942
Cu13,11.25,0.0244468
Cu13,11.309999999999999,0.0247486
Cu13,11.370000000000001,0.0247422
Cu13,11.43,0.024874
Cu13,11.489999999999998,0.0247018
Cu13,11.55,0.0245288
Cu13,11.61,0.0242118
Cu13,11.669999999999998,0.023789
Cu13,11.73,0.023489
Cu13,11.79,0.0227388
Cu13,11.85,0.0222228
Cu13,11.91,0.0215162
Cu13,11.969999999999999,0.0207356
Cu13,12.03,0.0198658
Cu13,12.09,0.0190516
Cu13,12.149999999999999,0.0180604
Cu13,12.21,0.017136
Cu13,12.27,0.0161488
Cu13,12.329999999999998,0.0151626
Cu13,12.39,0.0141864
Cu13,12.45,0.0131446
Cu13,12.51,0.0122146
Cu13,12.57,0.0111916
Cu13,12.629999999999999,0.0103446
Cu13,12.69,0.0093566
Cu13,12.75,0.0085708
Cu13,12.809999999999999,0.0077164
Cu13,12.870000000000001,0.0069952
Cu13,12.93,0.0062168
Cu13,12.989999999999998,0.0055588
Cu13,13.05,0.0049276
Cu13,13.11,0.0043454
Cu13,13.169999999999998,0.0038328
Cu13,13.23,0.0033282
Cu13,13.29,0.002908
Cu13,13.35,0.0024998
Cu13,13.41,0.0021542
Cu13,13.469999999999999,0.00185
Cu13,13.53,0.0015444
Cu13,13.59,0.0013516
Cu13,13.649999999999999,0.001101
Cu13,13.71,0.0009576
Cu13,13.77,0.00077
Cu13,13.829999999999998,0.0006518
Cu13,13.89,0.0005282
Cu13,13.95,0.0004404
Cu13,14.009999999999998,0.0003548
Cu13,14.07,0.000299
Cu13,14.129999999999999,0.000235
Cu13,14.19,0.000194
Cu13,14.25,0.000155
Cu13,14.309999999999999,0.0001256
Cu13,14.37,9.1e-05
Cu13,14.43,8.12e-05
Cu13,14.489999999999998,5.06e-05
Cu13,14.55,4.9e-05
Cu13,14.61,3.02e-05
Cu13,14.669999999999998,2.76e-05
Cu13,14.73,1.78e-05
Cu13,14.79,1.56e-05
Cu13,14.85,1.08e-05
Cu13,14.91,8e-06
Cu13,14.969999999999999,7e-06
Cu13,15.03,3.6e-06
Cu13,15.09,3.4e-06
Cu13,15.149999999999999,1.6e-06
Cu13,15.21,1.2e-06
Cu13,15.27,1e-06
Cu13,15.329999999999998,8e-07
Cu13,15.39,0.0
Cu13,15.45,4e-07
Al_degrader_E10,0.03,5e-08
Al_degrader_E10,0.09,0.0
Al_degrader_E10,0.15,0.0
Al_degrader_E10,0.21,0.0
Al_degrader_E10,0.27,0.0
Al_degrader_E10,0.32999999999999996,0.0
Al_degrader_E10,0.39,0.0
Al_degrader_E10,0.44999999999999996,5e-08
Al_degrader_E10,0.51,0.0
Al_degrader_E10,0.5700000000000001,5e-08
Al_degrader_E10,0.6299999999999999,5e-08
Al_degrader_E10,0.69,0.0
Al_degrader_E10,0.75,0.0
Al_degrader_E10,0.81,0.0
Al_degrader_E10,0.8699999999999999,0.0
Al_degrader_E10,0.9299999999999999,1e-07
Al_degrader_E10,0.99,0.0
Al_degrader_E10,1.05,5e-08
Al_degrader_E10,1.1099999999999999,0.0
Al_degrader_E10,1.17,5e-08
Al_degrader_E10,1.23,5e-08
Al_degrader_E10,1.29,1.5e-07
Al_degrader_E10,1.3499999999999999,5e-08
Al_degrader_E10,1.41,1e-07
Al_degrader_E10,1.47,1.5e-07
Al_degrader_E10,1.53,5e-08
Al_degrader_E10,1.5899999999999999,5e-08
Al_degrader_E10,1.65,1.5e-07
Al_degrader_E10,1.71,2e-07
Al_degrader_E10,1.77,2e-07
Al_degrader_E10,1.8299999999999998,1e-07
Al_degrader_E10,1.89,2.5e-07
Al_degrader_E10,1.95,1.5e-07
Al_degrader_E10,2.01,2e-07
Al_degrader_E10,2.0700000000000003,2e-07
Al_degrader_E10,2.13,3.5e-07
Al_degrader_E10,2.19,2e-07
Al_degrader_E10,2.25,2.5e-07
Al_degrader_E10,2.3099999999999996,4.5e-07
Al_degrader_E10,2.37,3e-07
Al_degrader_E10,2.4299999999999997,2.5e-07
Al_degrader_E10,2.49,5.5e-07
Al_degrader_E10,2.55,4.5e-07
Al_degrader_E10,2.61,7.5e-07
Al_degrader_E10,2.67,5.5e-07
Al_degrader_E10,2.7299999999999995,5e-07
Al_degrader_E10,2.79,5.5e-07
Al_degrader_E10,2.8499999999999996,9e-07
Al_degrader_E10,2.91,1.2e-06
Al_degrader_E10,2.9699999999999998,9.5e-07
Al_degrader_E10,3.0300000000000002,8.5e-07
Al_degrader_E10,3.09,1.2e-06
Al_degrader_E10,3.15,2e-06
Al_degrader_E10,3.21,1.9e-06
Al_degrader_E10,3.2699999999999996,1.6e-06
Al_degrader_E10,3.33,1.9e-06
Al_degrader_E10,3.3899999999999997,2.45e-06
Al_degrader_E10,3.45,2.95e-06
Al_degrader_E10,3.51,2.95e-06
Al_degrader_E10,3.57,3.45e-06
Al_degrader_E10,3.63,3.5e-06
Al_degrader_E10,3.6899999999999995,4.55e-06
Al_degrader_E10,3.75,5e-06
Al_degrader_E10,3.8099999999999996,4.6e-06
Al_degrader_E10,3.87,6.05e-06
Al_degrader_E10,3.9299999999999997,6.65e-06
Al_degrader_E10,3.9899999999999998,8e-06
Al_degrader_E10,4.05,7.45e-06
Al_degrader_E10,4.109999999999999,9.4e-06
Al_degrader_E10,4.17,1.09e-05
Al_degrader_E10,4.23,1.17e-05
Al_degrader_E10,4.29,1.25e-05
Al_degrader_E10,4.35,1.45e-05
Al_degrader_E10,4.41,1.785e-05
Al_degrader_E10,4.47,1.71e-05
Al_degrader_E10,4.529999999999999,1.955e-05
Al_degrader_E10,4.59,2.39e-05
Al_degrader_E10,4.65,2.695e-05
Al_degrader_E10,4.71,2.82e-05
Al_degrader_E10,4.77,3.4e-05
Al_degrader_E10,4.83,3.805e-05
Al_degrader_E10,4.89,4.15e-05
Al_degrader_E10,4.949999999999999,4.585e-05
Al_degrader_E10,5.01,5.285e-05
Al_degrader_E10,5.07,6.045e-05
Al_degrader_E10,5.13,6.605e-05
Al_degrader_E10,5.1899999999999995,7.51e-05
Al_degrader_E10,5.25,8.725e-05
Al_degrader_E10,5.31,9.34e-05
Al_degrader_E10,5.369999999999999,0.00010895
Al_degrader_E10,5.43,0.0001192
Al_degrader_E10,5.49,0.00013415
Al_degrader_E10,5.55,0.0001435
Al_degrader_E10,5.609999999999999,0.0001641
Al_degrader_E10,5.67,0.0001862
Al_degrader_E10,5.73,0.0002004
Al_degrader_E10,5.789999999999999,0.0002285
Al_degrader_E10,5.85,0.00025675
Al_degrader_E10,5.91,0.0002769
Al_degrader_E10,5.97,0.00031395
Al_degrader_E10,6.029999999999999,0.00035585
Al_degrader_E10,6.09,0.0003858
Al_degrader_E10,6.15,0.0004328
Al_degrader_E10,6.21,0.00048335
Al_degrader_E10,6.27,0.00052965
Al_degrader_E10,6.33,0.0005878
Al_degrader_E10,6.39,0.0006475
Al_degrader_E10,6.449999999999999,0.00071085
Al_degrader_E10,6.51,0.0007904
Al_degrader_E10,6.57,0.0008635
Al_degrader_E10,6.63,0.00095985
Al_degrader_E10,6.6899999999999995,0.00104575
Al_degrader_E10,6.75,0.00114455
Al_degrader_E10,6.81,0.0012663
Al_degrader_E10,6.869999999999999,0.00138155
Al_degrader_E10,6.93,0.0014935
Al_degrader_E10,6.99,0.00164735
Al_degrader_E10,7.05,0.0017948
Al_degrader_E10,7.109999999999999,0.00195875
Al_degrader_E10,7.17,0.00212405
Al_degrader_E10,7.2299999999999995,0.0023021
Al_degrader_E10,7.289999999999999,0.00252335
Al_degrader_E10,7.35,0.00271725
Al_degrader_E10,7.41,0.0029573
Al_degrader_E10,7.47,0.0031811
Al_degrader_E10,7.529999999999999,0.0034361
Al_degrader_E10,7.59,0.00370305
Al_degrader_E10,7.65,0.00398835
Al_degrader_E10,7.709999999999999,0.0042927
Al_degrader_E10,7.77,0.00456615
Al_degrader_E10,7.83,0.00492125
Al_degrader_E10,7.89,0.00525465
Al_degrader_E10,7.949999999999999,0.0056031
Al_degrader_E10,8.01,0.00602595
Al_degrader_E10,8.07,0.00635125
Al_degrader_E10,8.129999999999999,0.00677335
Al_degrader_E10,8.19,0.00719195
Al_degrader_E10,8.25,0.00759135
Al_degrader_E10,8.309999999999999,0.0080388
Al_degrader_E10,8.370000000000001,0.00845985
Al_degrader_E10,8.43,0.00895485
Al_degrader_E10,8.489999999999998,0.0093963
Al_degrader_E10,8.55,0.00987325
Al_degrader_E10,8.61,0.01036435
Al_degrader_E10,8.67,0.0108294
Al_degrader_E10,8.73,0.01134035
Al_degrader_E10,8.79,0.0117715
Al_degrader_E10,8.85,0.01233025
Al_degrader_E10,8.91,0.0127584
Al_degrader_E10,8.969999999999999,0.0132834
Al_degrader_E10,9.030000000000001,0.0137251
Al_degrader_E10,9.09,0.01419905
Al_degrader_E10,9.149999999999999,0.0146386
Al_degrader_E10,9.21,0.0150906
Al_degrader_E10,9.27,0.01551385
Al_degrader_E10,9.329999999999998,0.01591455
Al_degrader_E10,9.39,0.0163148
Al_degrader_E10,9.45,0.01665355
Al_degrader_E10,9.51,0.0170474
Al_degrader_E10,9.57,0.0173017
Al_degrader_E10,9.629999999999999,0.01765695
Al_degrader_E10,9.69,0.0178453
Al_degrader_E10,9.75,0.0181416
Al_degrader_E10,9.809999999999999,0.01829245
Al_degrader_E10,9.870000000000001,0.01848585
Al_degrader_E10,9.93,0.0185723
Al_degrader_E10,9.989999999999998,0.01867405
Al_degrader_E10,10.05,0.0187009
Al_degrader_E10,10.11,0.0187076
Al_degrader_E10,10.169999999999998,0.0186638
Al_degrader_E10,10.23,0.01859435
Al_degrader_E10,10.29,0.0184741
Al_degrader_E10,10.35,0.018308
Al_degrader_E10,10.41,0.01811845
Al_degrader_E10,10.469999999999999,0.01789625
Al_degrader_E10,10.53,0.01758405
Al_degrader_E10,10.59,0.0172808
Al_degrader_E10,10.649999999999999,0.0169209
Al_degrader_E10,10.71,0.01656155
Al_degrader_E10,10.77,0.0161046
Al_degrader_E10,10.829999999999998,0.0156942
Al_degrader_E10,10.89,0.01520265
Al_degrader_E10,10.95,0.0147108
Al_degrader_E10,11.01,0.0141656
Al_degrader_E10,11.07,0.01363525
Al_degrader_E10,11.129999999999999,0.01306785
Al_degrader_E10,11.19,0.01248865
Al_degrader_E10,11.25,0.0119016
Al_degrader_E10,11.309999999999999,0.0113355
Al_degrader_E10,11.370000000000001,0.01070845
Al_degrader_E10,11.43,0.01013625
Al_degrader_E10,11.489999999999998,0.0095316
Al_degrader_E10,11.55,0.0089457
Al_degrader_E10,11.61,0.00836485
Al_degrader_E10,11.669999999999998,0.0077878
Al_degrader_E10,11.73,0.00725545
Al_degrader_E10,11.79,0.00669805
Al_degrader_E10,11.85,0.00616855
Al_degrader_E10,11.91,0.0056681
Al_degrader_E10,11.969999999999999,0.00519725
Al_degrader_E10,12.03,0.0047242
Al_degrader_E10,12.09,0.00429705
Al_degrader_E10,12.149999999999999,0.00388155
Al_degrader_E10,12.21,0.00351065
Al_degrader_E10,12.27,0.00314115
Al_degrader_E10,12.329999999999998,0.0028125
Al_degrader_E10,12.39,0.0025217
Al_degrader_E10,12.45,0.0022144
Al_degrader_E10,12.51,0.00195885
Al_degrader_E10,12.57,0.00172185
Al_degrader_E10,12.629999999999999,0.0015103
Al_degrader_E10,12.69,0.0013215
Al_degrader_E10,12.75,0.00114265
Al_degrader_E10,12.809999999999999,0.00098825
Al_degrader_E10,12.870000000000001,0.0008466
Al_degrader_E10,12.93,0.00072325
Al_degrader_E10,12.989999999999998,0.0006214
Al_degrader_E10,13.05,0.00052505
Al_degrader_E10,13.11,0.000444
Al_degrader_E10,13.169999999999998,0.0003736
Al_degrader_E10,13.23,0.00031145
Al_degrader_E10,13.29,0.00025985
Al_degrader_E10,13.35,0.0002137
Al_degrader_E10,13.41,0.000179
Al_degrader_E10,13.469999999999999,0.00014215
Al_degrader_E10,13.53,0.0001183
Al_degrader_E10,13.59,9.8e-05
Al_degrader_E10,13.649999999999999,7.785e-05
Al_degrader_E10,13.71,6.36e-05
Al_degrader_E10,13.77,5.135e-05
Al_degrader_E10,13.829999999999998,3.85e-05
Al_degrader_E10,13.89,3.375e-05
Al_degrader_E10,13.95,2.495e-05
Al_degrader_E10,14.009999999999998,1.825e-05
Al_degrader_E10,14.07,1.49e-05
Al_degrader_E10,14.129999999999999,1.195e-05
Al_degrader_E10,14.19,7.9e-06
Al_degrader_E10,14.25,6.9e-06
Al_degrader_E10,14.309999999999999,4.6e-06
Al_degrader_E10,14.37,3.65e-06
Al_degrader_E10,14.43,2.85e-06
Al_degrader_E10,14.489999999999998,1.95e-06
Al_degrader_E10,14.55,1.85e-06
Al_degrader_E10,14.61,8e-07
Al_degrader_E10,14.669999999999998,6e-07
Al_degrader_E10,14.73,5.5e-07
Al_degrader_E10,14.79,3.5e-07
Al_degrader_E10,14.85,2e-07
Al_degrader_E10,14.91,1.5e-07
Al_degrader_E10,14.969999999999999,5e-08
Al_degrader_E10,15.03,5e-08
Ni14,0.03,1.7e-05
Ni14,0.09,8.888888888888889e-07
Ni14,0.15,1e-06
Ni14,0.21,8.888888888888889e-07
Ni14,0.27,4.4444444444444444e-07
Ni14,0.32999999999999996,6.666666666666667e-07
Ni14,0.39,6.666666666666667e-07
Ni14,0.44999999999999996,8.888888888888889e-07
Ni14,0.51,7.777777777777778e-07
Ni14,0.5700000000000001,1.5555555555555556e-06
Ni14,0.6299999999999999,8.888888888888889e-07
Ni14,0.69,1e-06
Ni14,0.75,8.888888888888889e-07
Ni14,0.81,1.3333333333333334e-06
Ni14,0.8699999999999999,1.5555555555555556e-06
Ni14,0.9299999999999999,1.4444444444444445e-06
Ni14,0.99,2.111111111111111e-06
Ni14,1.05,1.6666666666666667e-06
Ni14,1.1099999999999999,1.7777777777777777e-06
Ni14,1.17,2.222222222222222e-06
Ni14,1.23,2.4444444444444442e-06
Ni14,1.29,2.666666666666667e-06
Ni14,1.3499999999999999,3.2222222222222222e-06
Ni14,1.41,2.777777777777778e-06
Ni14,1.47,3.4444444444444444e-06
Ni14,1.53,3.111111111111111e-06
Ni14,1.5899999999999999,4.444444444444444e-06
Ni14,1.65,4.444444444444444e-06
Ni14,1.71,5.1111111111111115e-06
Ni14,1.77,4.8888888888888885e-06
Ni14,1.8299999999999998,4.555555555555555e-06
Ni14,1.89,7.88888888888889e-06
Ni14,1.95,6.888888888888889e-06
Ni14,2.01,7.777777777777777e-06
Ni14,2.0700000000000003,6.5555555555555556e-06
Ni14,2.13,9.555555555555555e-06
Ni14,2.19,1.088888888888889e-05
Ni14,2.25,1e-05
Ni14,2.3099999999999996,9.888888888888889e-06
Ni14,2.37,1.4e-05
Ni14,2.4299999999999997,1.5e-05
Ni14,2.49,1.388888888888889e-05
Ni14,2.55,1.611111111111111e-05
Ni14,2.61,1.8666666666666665e-05
Ni14,2.67,2.1444444444444443e-05
Ni14,2.7299999999999995,1.9666666666666666e-05
Ni14,2.79,2.4666666666666665e-05
Ni14,2.8499999999999996,2.6666666666666667e-05
Ni14,2.91,2.7444444444444443e-05
Ni14,2.9699999999999998,3.311111111111111e-05
Ni14,3.0300000000000002,3.5444444444444445e-05
Ni14,3.09,3.8e-05
Ni14,3.15,4.133333333333333e-05
Ni14,3.21,4.4111111111111114e-05
Ni14,3.2699999999999996,5.0333333333333335e-05
Ni14,3.33,5.677777777777778e-05
Ni14,3.3899999999999997,5.9444444444444445e-05
Ni14,3.45,6.944444444444444e-05
Ni14,3.51,7.633333333333334e-05
Ni14,3.57,7.955555555555556e-05
Ni14,3.63,9.277777777777778e-05
Ni14,3.6899999999999995,0.00010177777777777778
Ni14,3.75,0.00010677777777777778
Ni14,3.8099999999999996,0.00012355555555555554
Ni14,3.87,0.00013644444444444443
Ni14,3.9299999999999997,0.00014822222222222222
Ni14,3.9899999999999998,0.00016888888888888889
Ni14,4.05,0.000179
Ni14,4.109999999999999,0.00020966666666666668
Ni14,4.17,0.00022644444444444445
Ni14,4.23,0.000248
Ni14,4.29,0.0002748888888888889
Ni14,4.35,0.00029666666666666665
Ni14,4.41,0.0003358888888888889
Ni14,4.47,0.00035955555555555556
Ni14,4.529999999999999,0.0003911111111111111
Ni14,4.59,0.00044166666666666665
Ni14,4.65,0.00047144444444444447
Ni14,4.71,0.0005321111111111111
Ni14,4.77,0.0005717777777777778
Ni14,4.83,0.000638
Ni14,4.89,0.0006957777777777778
Ni14,4.949999999999999,0.0007525555555555556
Ni14,5.01,0.0008452222222222223
Ni14,5.07,0.0009173333333333334
Ni14,5.13,0.0010158888888888889
Ni14,5.1899999999999995,0.0011018888888888888
Ni14,5.25,0.0012052222222222223
Ni14,5.31,0.0013136666666666668
Ni14,5.369999999999999,0.0014376666666666667
Ni14,5.43,0.0015495555555555555
Ni14,5.49,0.0016945555555555555
Ni14,5.55,0.0018471111111111112
Ni14,5.609999999999999,0.0020055555555555556
Ni14,5.67,0.0021787777777777777
Ni14,5.73,0.0023737777777777776
Ni14,5.789999999999999,0.002560888888888889
Ni14,5.85,0.002785
Ni14,5.91,0.0030121111111111112
Ni14,5.97,0.003228777777777778
Ni14,6.029999999999999,0.003498666666666667
Ni14,6.09,0.003750111111111111
Ni14,6.15,0.004043
Ni14,6.21,0.0043426666666666666
Ni14,6.27,0.0046775555555555555
Ni14,6.33,0.004988222222222222
Ni14,6.39,0.005368888888888889
Ni14,6.449999999999999,0.005717
Ni14,6.51,0.006162111111111111
Ni14,6.57,0.006539111111111111
Ni14,6.63,0.006984666666666667
Ni14,6.6899999999999995,0.007427444444444445
Ni14,6.75,0.007873888888888889
Ni14,6.81,0.008362666666666666
Ni14,6.869999999999999,0.008851333333333333
Ni14,6.93,0.009319333333333334
Ni14,6.99,0.009854
Ni14,7.05,0.01036411111111111
Ni14,7.109999999999999,0.010944555555555556
Ni14,7.17,0.011442555555555555
Ni14,7.2299999999999995,0.012058444444444445
Ni14,7.289999999999999,0.012542111111111112
Ni14,7.35,0.013125222222222222
Ni14,7.41,0.013686777777777779
Ni14,7.47,0.014145111111111112
Ni14,7.529999999999999,0.014692222222222223
Ni14,7.59,0.01519311111111111
Ni14,7.65,0.015686555555555554
Ni14,7.709999999999999,0.016230555555555557
Ni14,7.77,0.016674
Ni14,7.83,0.017159
Ni14,7.89,0.017576555555555557
Ni14,7.949999999999999,0.017959222222222224
Ni14,8.01,0.018336555555555554
Ni14,8.07,0.018668
Ni14,8.129999999999999,0.018881222222222223
Ni14,8.19,0.019170333333333334
Ni14,8.25,0.019379666666666667
Ni14,8.309999999999999,0.019546666666666667
Ni14,8.370000000000001,0.01964322222222222
Ni14,8.43,0.019772555555555557
Ni14,8.489999999999998,0.019782222222222222
Ni14,8.55,0.019730555555555557
Ni14,8.61,0.019646555555555556
Ni14,8.67,0.019520222222222224
Ni14,8.73,0.019279777777777778
Ni14,8.79,0.019129777777777777
Ni14,8.85,0.018861666666666665
Ni14,8.91,0.018484777777777777
Ni14,8.969999999999999,0.018165888888888888
Ni14,9.030000000000001,0.017746777777777778
Ni14,9.09,0.017274333333333333
Ni14,9.149999999999999,0.016825333333333335
Ni14,9.21,0.01629788888888889
Ni14,9.27,0.015682555555555557
Ni14,9.329999999999998,0.015172888888888889
Ni14,9.39,0.014566555555555555
Ni14,9.45,0.013875666666666666
Ni14,9.51,0.01328011111111111
Ni14,9.57,0.012640777777777779
Ni14,9.629999999999999,0.011952333333333334
Ni14,9.69,0.011287333333333333
Ni14,9.75,0.010653111111111111
Ni14,9.809999999999999,0.009986
Ni14,9.870000000000001,0.009311
Ni14,9.93,0.008724666666666667
Ni14,9.989999999999998,0.008085333333333333
Ni14,10.05,0.007487666666666667
Ni14,10.11,0.006926333333333333
Ni14,10.169999999999998,0.006371
Ni14,10.23,0.005864555555555555
Ni14,10.29,0.0053197777777777774
Ni14,10.35,0.004838444444444445
Ni14,10.41,0.004387777777777778
Ni14,10.469999999999999,0.003982111111111111
Ni14,10.53,0.0035663333333333332
Ni14,10.59,0.0032054444444444444
Ni14,10.649999999999999,0.002872222222222222
Ni14,10.71,0.0025574444444444447
Ni14,10.77,0.002243666666666667
Ni14,10.829999999999998,0.0019876666666666667
Ni14,10.89,0.0017647777777777779
Ni14,10.95,0.001521111111111111
Ni14,11.01,0.0013402222222222222
Ni14,11.07,0.0011572222222222222
Ni14,11.129999999999999,0.0010106666666666667
Ni14,11.19,0.0008673333333333333
Ni14,11.25,0.000746
Ni14,11.309999999999999,0.0006367777777777778
Ni14,11.370000000000001,0.0005378888888888889
Ni14,11.43,0.000461
Ni14,11.489999999999998,0.0003898888888888889
Ni14,11.55,0.000327
Ni14,11.61,0.00027455555555555556
Ni14,11.669999999999998,0.00023166666666666667
Ni14,11.73,0.00019222222222222224
Ni14,11.79,0.00016144444444444444
Ni14,11.85,0.00013033333333333332
Ni14,11.91,0.00010988888888888889
Ni14,11.969999999999999,8.744444444444445e-05
Ni14,12.03,7.133333333333334e-05
Ni14,12.09,5.711111111111111e-05
Ni14,12.149999999999999,4.3333333333333334e-05
Ni14,12.21,3.644444444444444e-05
Ni14,12.27,2.9e-05
Ni14,12.329999999999998,2.2222222222222223e-05
Ni14,12.39,1.633333333333333e-05
Ni14,12.45,1.2888888888888889e-05
Ni14,12.51,1.1333333333333334e-05
Ni14,12.57,8.777777777777778e-06
Ni14,12.629999999999999,6.5555555555555556e-06
Ni14,12.69,4.777777777777777e-06
Ni14,12.75,3.3333333333333333e-06
Ni14,12.809999999999999,2.333333333333333e-06
Ni14,12.870000000000001,1.8888888888888888e-06
Ni14,12.93,1.3333333333333334e-06
Ni14,12.989999999999998,1e-06
Ni14,13.05,5.555555555555555e-07
Ni14,13.11,3.3333333333333335e-07
Ni14,13.169999999999998,2.2222222222222222e-07
Ni14,13.23,2.2222222222222222e-07
Sn14,0.03,5.966666666666667e-05
Sn14,0.09,2.666666666666667e-06
Sn14,0.15,4.333333333333333e-06
Sn14,0.21,2e-06
Sn14,0.27,2.666666666666667e-06
Sn14,0.32999999999999996,2.333333333333333e-06
Sn14,0.39,2.666666666666667e-06
Sn14,0.44999999999999996,2e-06
Sn14,0.51,2.666666666666667e-06
Sn14,0.5700000000000001,2.333333333333333e-06
Sn14,0.6299999999999999,6.666666666666667e-06
Sn14,0.69,2e-06
Sn14,0.75,4e-06
Sn14,0.81,6.666666666666667e-06
Sn14,0.8699999999999999,5.333333333333334e-06
Sn14,0.9299999999999999,3.6666666666666666e-06
Sn14,0.99,9e-06
Sn14,1.05,5.666666666666667e-06
Sn14,1.1099999999999999,7e-06
Sn14,1.17,9.333333333333333e-06
Sn14,1.23,7.333333333333333e-06
Sn14,1.29,1e-05
Sn14,1.3499999999999999,1.1e-05
Sn14,1.41,1.1333333333333334e-05
Sn14,1.47,1.6e-05
Sn14,1.53,9.333333333333333e-06
Sn14,1.5899999999999999,1.3e-05
Sn14,1.65,1.1333333333333334e-05
Sn14,1.71,2.2333333333333332e-05
Sn14,1.77,1.7e-05
Sn14,1.8299999999999998,1.5e-05
Sn14,1.89,1.9333333333333333e-05
Sn14,1.95,2.5666666666666666e-05
Sn14,2.01,2.3e-05
Sn14,2.0700000000000003,2.4333333333333333e-05
Sn14,2.13,2.5e-05
Sn14,2.19,3.4666666666666665e-05
Sn14,2.25,2.9e-05
Sn14,2.3099999999999996,3.366666666666667e-05
Sn14,2.37,4.066666666666667e-05
Sn14,2.4299999999999997,3.9666666666666664e-05
Sn14,2.49,4.766666666666667e-05
Sn14,2.55,4.8666666666666666e-05
Sn14,2.61,5.433333333333333e-05
Sn14,2.67,5.9e-05
Sn14,2.7299999999999995,6.766666666666667e-05
Sn14,2.79,7.066666666666667e-05
Sn14,2.8499999999999996,6.366666666666666e-05
Sn14,2.91,8.633333333333334e-05
Sn14,2.9699999999999998,9.533333333333334e-05
Sn14,3.0300000000000002,9.566666666666667e-05
Sn14,3.09,0.00011333333333333333
Sn14,3.15,0.000125
Sn14,3.21,0.00012666666666666666
Sn14,3.2699999999999996,0.000147
Sn14,3.33,0.00016966666666666668
Sn14,3.3899999999999997,0.00016566666666666666
Sn14,3.45,0.00020666666666666666
Sn14,3.51,0.00020966666666666668
Sn14,3.57,0.000227
Sn14,3.63,0.00027066666666666667
Sn14,3.6899999999999995,0.000272
Sn14,3.75,0.00031833333333333334
Sn14,3.8099999999999996,0.0003443333333333333
Sn14,3.87,0.00038533333333333334
Sn14,3.9299999999999997,0.00041
Sn14,3.9899999999999998,0.000455
Sn14,4.05,0.0004903333333333333
Sn14,4.109999999999999,0.000532
Sn14,4.17,0.0005743333333333334
Sn14,4.23,0.0006066666666666667
Sn14,4.29,0.0006533333333333333
Sn14,4.35,0.0007313333333333333
Sn14,4.41,0.000777
Sn14,4.47,0.0008733333333333334
Sn14,4.529999999999999,0.0009193333333333333
Sn14,4.59,0.0010446666666666666
Sn14,4.65,0.0011126666666666668
Sn14,4.71,0.0012383333333333333
Sn14,4.77,0.001336
Sn14,4.83,0.001496
Sn14,4.89,0.0015966666666666666
Sn14,4.949999999999999,0.001751
Sn14,5.01,0.001855
Sn14,5.07,0.002103
Sn14,5.13,0.0021523333333333334
Sn14,5.1899999999999995,0.0023836666666666667
Sn14,5.25,0.0025213333333333333
Sn14,5.31,0.002746
Sn14,5.369999999999999,0.002939666666666667
Sn14,5.43,0.0031416666666666667
Sn14,5.49,0.003407
Sn14,5.55,0.003667
Sn14,5.609999999999999,0.003944666666666667
Sn14,5.67,0.004279
Sn14,5.73,0.004463666666666667
Sn14,5.789999999999999,0.004849333333333333
Sn14,5.85,0.005087
Sn14,5.91,0.005507
Sn14,5.97,0.005847333333333334
Sn14,6.029999999999999,0.006190333333333333
Sn14,6.09,0.006663
Sn14,6.15,0.007074666666666667
Sn14,6.21,0.007552333333333334
Sn14,6.27,0.008005333333333333
Sn14,6.33,0.008467666666666667
Sn14,6.39,0.008915
Sn14,6.449999999999999,0.009417666666666666
Sn14,6.51,0.009884666666666667
Sn14,6.57,0.010416
Sn14,6.63,0.010783666666666667
Sn14,6.6899999999999995,0.011423
Sn14,6.75,0.011775
Sn14,6.81,0.012362666666666666
Sn14,6.869999999999999,0.012870333333333333
Sn14,6.93,0.013465333333333333
Sn14,6.99,0.014061666666666667
Sn14,7.05,0.014542666666666667
Sn14,7.109999999999999,0.015027
Sn14,7.17,0.015545666666666666
Sn14,7.2299999999999995,0.015923
Sn14,7.289999999999999,0.016268333333333333
Sn14,7.35,0.016653333333333332
Sn14,7.41,0.017085333333333334
Sn14,7.47,0.017481333333333335
Sn14,7.529999999999999,0.017868
Sn14,7.59,0.018173666666666668
Sn14,7.65,0.018558666666666668
Sn14,7.709999999999999,0.018821333333333332
Sn14,7.77,0.019034666666666665
Sn14,7.83,0.01903933333333333
Sn14,7.89,0.019199666666666667
Sn14,7.949999999999999,0.019385666666666666
Sn14,8.01,0.019228
Sn14,8.07,0.019255666666666667
Sn14,8.129999999999999,0.0193
Sn14,8.19,0.019055
Sn14,8.25,0.018928666666666667
Sn14,8.309999999999999,0.018756333333333333
Sn14,8.370000000000001,0.018477
Sn14,8.43,0.01812
Sn14,8.489999999999998,0.017897666666666666
Sn14,8.55,0.017332666666666666
Sn14,8.61,0.017153
Sn14,8.67,0.016651
Sn14,8.73,0.016180333333333335
Sn14,8.79,0.015698333333333335
Sn14,8.85,0.015051333333333333
Sn14,8.91,0.014498666666666667
Sn14,8.969999999999999,0.013915333333333333
Sn14,9.030000000000001,0.013238333333333333
Sn14,9.09,0.012642333333333334
Sn14,9.149999999999999,0.012021666666666667
Sn14,9.21,0.011412
Sn14,9.27,0.010728
Sn14,9.329999999999998,0.010074333333333333
Sn14,9.39,0.009453333333333333
Sn14,9.45,0.008869666666666666
Sn14,9.51,0.008305666666666666
Sn14,9.57,0.007733333333333333
Sn14,9.629999999999999,0.007084666666666667
Sn14,9.69,0.00653
Sn14,9.75,0.006016333333333334
Sn14,9.809999999999999,0.0055386666666666666
Sn14,9.870000000000001,0.005077
Sn14,9.93,0.004617
Sn14,9.989999999999998,0.004210333333333333
Sn14,10.05,0.003765333333333333
Sn14,10.11,0.003399
Sn14,10.169999999999998,0.003067
Sn14,10.23,0.0027073333333333333
Sn14,10.29,0.002399333333333333
Sn14,10.35,0.0021253333333333332
Sn14,10.41,0.001891
Sn14,10.469999999999999,0.0016876666666666667
Sn14,10.53,0.0014733333333333334
Sn14,10.59,0.0012843333333333333
Sn14,10.649999999999999,0.0011193333333333333
Sn14,10.71,0.0009673333333333333
Sn14,10.77,0.0008313333333333333
Sn14,10.829999999999998,0.0007046666666666667
Sn14,10.89,0.0006053333333333334
Sn14,10.95,0.0005113333333333334
Sn14,11.01,0.00043
Sn14,11.07,0.00038666666666666667
Sn14,11.129999999999999,0.0003133333333333333
Sn14,11.19,0.00026766666666666665
Sn14,11.25,0.00022866666666666668
Sn14,11.309999999999999,0.00019566666666666666
Sn14,11.370000000000001,0.000155
Sn14,11.43,0.000136
Sn14,11.489999999999998,0.00010833333333333333
Sn14,11.55,8.233333333333333e-05
Sn14,11.61,7.133333333333334e-05
Sn14,11.669999999999998,5.433333333333333e-05
Sn14,11.73,4.4e-05
Sn14,11.79,3.266666666666666e-05
Sn14,11.85,2.4666666666666665e-05
Sn14,11.91,2.3e-05
Sn14,11.969999999999999,1.7e-05
Sn14,12.03,1.5e-05
Sn14,12.09,1.2333333333333333e-05
Sn14,12.149999999999999,1e-05
Sn14,12.21,6e-06
Sn14,12.27,3.6666666666666666e-06
Sn14,12.329999999999998,3e-06
Sn14,12.39,2e-06
Sn14,12.45,2.666666666666667e-06
Sn14,12.51,1.6666666666666667e-06
Sn14,12.57,1e-06
Sn14,12.629999999999999,3.3333333333333335e-07
Sn14,12.69,6.666666666666667e-07
Ta14,0.03,0.000197625
Ta14,0.09,1.175e-05
Ta14,0.15,1.2375e-05
Ta14,0.21,9.5e-06
Ta14,0.27,6.625e-06
Ta14,0.32999999999999996,6.625e-06
Ta14,0.39,1.05e-05
Ta14,0.44999999999999996,9.25e-06
Ta14,0.51,8.75e-06
Ta14,0.5700000000000001,1.1125e-05
Ta14,0.6299999999999999,1.2e-05
Ta14,0.69,1.15e-05
Ta14,0.75,1.6625e-05
Ta14,0.81,1.3625e-05
Ta14,0.8699999999999999,1.5625e-05
Ta14,0.9299999999999999,1.7875e-05
Ta14,0.99,1.9e-05
Ta14,1.05,2.025e-05
Ta14,1.1099999999999999,2.0625e-05
Ta14,1.17,2.25e-05
Ta14,1.23,2.5625e-05
Ta14,1.29,2.7375e-05
Ta14,1.3499999999999999,2.875e-05
Ta14,1.41,3.15e-05
Ta14,1.47,3.3875e-05
Ta14,1.53,3.4625e-05
Ta14,1.5899999999999999,3.5625e-05
Ta14,1.65,4.2125e-05
Ta14,1.71,4.525e-05
Ta14,1.77,4.9e-05
Ta14,1.8299999999999998,5.2e-05
Ta14,1.89,5.7125e-05
Ta14,1.95,6.1375e-05
Ta14,2.01,6.6875e-05
Ta14,2.0700000000000003,7.2625e-05
Ta14,2.13,7.9e-05
Ta14,2.19,8.5625e-05
Ta14,2.25,9.0625e-05
Ta14,2.3099999999999996,0.000101
Ta14,2.37,0.0001105
Ta14,2.4299999999999997,0.000117125
Ta14,2.49,0.00012925
Ta14,2.55,0.00014275
Ta14,2.61,0.000145875
Ta14,2.67,0.00016675
Ta14,2.7299999999999995,0.000185
Ta14,2.79,0.00019975
Ta14,2.8499999999999996,0.0002165
Ta14,2.91,0.0002295
Ta14,2.9699999999999998,0.000257875
Ta14,3.0300000000000002,0.000276
Ta14,3.09,0.000299125
Ta14,3.15,0.000320875
Ta14,3.21,0.00034725
Ta14,3.2699999999999996,0.000374875
Ta14,3.33,0.000408125
Ta14,3.3899999999999997,0.000438
Ta14,3.45,0.00046825
Ta14,3.51,0.000518375
Ta14,3.57,0.000561125
Ta14,3.63,0.000605875
Ta14,3.6899999999999995,0.00066425
Ta14,3.75,0.000699625
Ta14,3.8099999999999996,0.00077575
Ta14,3.87,0.00083
Ta14,3.9299999999999997,0.000908125
Ta14,3.9899999999999998,0.0009615
Ta14,4.05,0.00107075
Ta14,4.109999999999999,0.001140625
Ta14,4.17,0.0012385
Ta14,4.23,0.001355625
Ta14,4.29,0.001434
Ta14,4.35,0.001573125
Ta14,4.41,0.00166625
Ta14,4.47,0.001829375
Ta14,4.529999999999999,0.001939125
Ta14,4.59,0.002111
Ta14,4.65,0.0022415
Ta14,4.71,0.00244025
Ta14,4.77,0.002589
Ta14,4.83,0.002805
Ta14,4.89,0.002988375
Ta14,4.949999999999999,0.003189
Ta14,5.01,0.003410625
Ta14,5.07,0.00364
Ta14,5.13,0.00387425
Ta14,5.1899999999999995,0.00412125
Ta14,5.25,0.004443875
Ta14,5.31,0.00472625
Ta14,5.369999999999999,0.005013375
Ta14,5.43,0.005362625
Ta14,5.49,0.005658
Ta14,5.55,0.006060125
Ta14,5.609999999999999,0.006375125
Ta14,5.67,0.006797125
Ta14,5.73,0.007155375
Ta14,5.789999999999999,0.007546
Ta14,5.85,0.007997625
Ta14,5.91,0.008393875
Ta14,5.97,0.0088895
Ta14,6.029999999999999,0.00923625
Ta14,6.09,0.009731875
Ta14,6.15,0.01015575
Ta14,6.21,0.010698375
Ta14,6.27,0.011122125
Ta14,6.33,0.01160725
Ta14,6.39,0.012099125
Ta14,6.449999999999999,0.01250225
Ta14,6.51,0.013042
Ta14,6.57,0.013506625
Ta14,6.63,0.013898375
Ta14,6.6899999999999995,0.01435225
Ta14,6.75,0.0147635
Ta14,6.81,0.015248625
Ta14,6.869999999999999,0.015648125
Ta14,6.93,0.016055375
Ta14,6.99,0.016419
Ta14,7.05,0.016760625
Ta14,7.109999999999999,0.017039875
Ta14,7.17,0.017344
Ta14,7.2299999999999995,0.01762
Ta14,7.289999999999999,0.017849875
Ta14,7.35,0.0180625
Ta14,7.41,0.018243375
Ta14,7.47,0.018333625
Ta14,7.529999999999999,0.018481375
Ta14,7.59,0.01851875
Ta14,7.65,0.01844975
Ta14,7.709999999999999,0.01846375
Ta14,7.77,0.018377375
Ta14,7.83,0.018206875
Ta14,7.89,0.01806125
Ta14,7.949999999999999,0.0178785
Ta14,8.01,0.017665
Ta14,8.07,0.01735675
Ta14,8.129999999999999,0.01705975
Ta14,8.19,0.016698875
Ta14,8.25,0.01632475
Ta14,8.309999999999999,0.015897375
Ta14,8.370000000000001,0.015441625
Ta14,8.43,0.014966
Ta14,8.489999999999998,0.014470125
Ta14,8.55,0.01396375
Ta14,8.61,0.013396625
Ta14,8.67,0.012786125
Ta14,8.73,0.01225575
Ta14,8.79,0.011675
Ta14,8.85,0.011047125
Ta14,8.91,0.010453
Ta14,8.969999999999999,0.00990675
Ta14,9.030000000000001,0.009338375
Ta14,9.09,0.008751875
Ta14,9.149999999999999,0.0081235
Ta14,9.21,0.007614875
Ta14,9.27,0.00710075
Ta14,9.329999999999998,0.00659725
Ta14,9.39,0.006068375
Ta14,9.45,0.00559775
Ta14,9.51,0.0051275
Ta14,9.57,0.004687875
Ta14,9.629999999999999,0.0042935
Ta14,9.69,0.003892625
Ta14,9.75,0.003522875
Ta14,9.809999999999999,0.003186625
Ta14,9.870000000000001,0.002848125
Ta14,9.93,0.00256275
Ta14,9.989999999999998,0.002288125
Ta14,10.05,0.002028125
Ta14,10.11,0.001809375
Ta14,10.169999999999998,0.001585
Ta14,10.23,0.001402125
Ta14,10.29,0.0012265
Ta14,10.35,0.001069625
Ta14,10.41,0.000939
Ta14,10.469999999999999,0.000812625
Ta14,10.53,0.000695
Ta14,10.59,0.000590625
Ta14,10.649999999999999,0.000516125
Ta14,10.71,0.000437125
Ta14,10.77,0.000371625
Ta14,10.829999999999998,0.000322
Ta14,10.89,0.0002695
Ta14,10.95,0.0002245
Ta14,11.01,0.000191
Ta14,11.07,0.000165125
Ta14,11.129999999999999,0.000131
Ta14,11.19,0.00011125
Ta14,11.25,9.3875e-05
Ta14,11.309999999999999,7.3e-05
Ta14,11.370000000000001,5.7125e-05
Ta14,11.43,4.65e-05
Ta14,11.489999999999998,3.8875e-05
Ta14,11.55,3.1375e-05
Ta14,11.61,2.4375e-05
Ta14,11.669999999999998,1.9375e-05
Ta14,11.73,1.45e-05
Ta14,11.79,1.2e-05
Ta14,11.85,9.875e-06
Ta14,11.91,8.125e-06
Ta14,11.969999999999999,5.75e-06
Ta14,12.03,4e-06
Ta14,12.09,3e-06
Ta14,12.149999999999999,2.375e-06
Ta14,12.21,1.5e-06
Ta14,12.27,1.125e-06
Ta14,12.329999999999998,1e-06
Ta14,12.39,6.25e-07
Ta14,12.45,3.75e-07
Ta14,12.51,1.25e-07
Ta14,12.57,1.25e-07
Cu14,0.03,0.0013232727272727272
Cu14,0.09,6.527272727272728e-05
Cu14,0.15,6.527272727272728e-05
Cu14,0.21,5.1636363636363634e-05
Cu14,0.27,4.118181818181818e-05
Cu14,0.32999999999999996,3.881818181818182e-05
Cu14,0.39,4.7e-05
Cu14,0.44999999999999996,5.109090909090909e-05
Cu14,0.51,5.3454545454545457e-05
Cu14,0.5700000000000001,5.772727272727273e-05
Cu14,0.6299999999999999,6.709090909090909e-05
Cu14,0.69,6.045454545454546e-05
Cu14,0.75,7.509090909090909e-05
Cu14,0.81,7.772727272727273e-05
Cu14,0.8699999999999999,8.290909090909091e-05
Cu14,0.9299999999999999,9.836363636363637e-05
Cu14,0.99,9.327272727272727e-05
Cu14,1.05,0.00010745454545454545
Cu14,1.1099999999999999,0.00010690909090909091
Cu14,1.17,0.00012363636363636364
Cu14,1.23,0.00013063636363636364
Cu14,1.29,0.0001410909090909091
Cu14,1.3499999999999999,0.00014072727272727273
Cu14,1.41,0.00016581818181818182
Cu14,1.47,0.00017245454545454546
Cu14,1.53,0.00017454545454545454
Cu14,1.5899999999999999,0.00019836363636363636
Cu14,1.65,0.0002020909090909091
Cu14,1.71,0.00022145454545454546
Cu14,1.77,0.00023181818181818183
Cu14,1.8299999999999998,0.00025336363636363637
Cu14,1.89,0.0002737272727272727
Cu14,1.95,0.00028345454545454545
Cu14,2.01,0.00030727272727272727
Cu14,2.0700000000000003,0.0003369090909090909
Cu14,2.13,0.00034545454545454544
Cu14,2.19,0.00037918181818181817
Cu14,2.25,0.0004097272727272727
Cu14,2.3099999999999996,0.0004327272727272727
Cu14,2.37,0.00046209090909090907
Cu14,2.4299999999999997,0.0004987272727272728
Cu14,2.49,0.0005359090909090909
Cu14,2.55,0.0005740909090909091
Cu14,2.61,0.0006088181818181818
Cu14,2.67,0.0006583636363636364
Cu14,2.7299999999999995,0.0007049090909090909
Cu14,2.79,0.000759
Cu14,2.8499999999999996,0.000811
Cu14,2.91,0.0008640909090909091
Cu14,2.9699999999999998,0.0009192727272727272
Cu14,3.0300000000000002,0.000997
Cu14,3.09,0.0010509090909090908
Cu14,3.15,0.0011432727272727274
Cu14,3.21,0.0011917272727272727
Cu14,3.2699999999999996,0.0013071818181818182
Cu14,3.33,0.0013711818181818183
Cu14,3.3899999999999997,0.0014823636363636363
Cu14,3.45,0.0015769090909090908
Cu14,3.51,0.0016898181818181819
Cu14,3.57,0.001796181818181818
Cu14,3.63,0.0019186363636363637
Cu14,3.6899999999999995,0.0020449090909090907
Cu14,3.75,0.0021847272727272726
Cu14,3.8099999999999996,0.0023283636363636362
Cu14,3.87,0.002478363636363636
Cu14,3.9299999999999997,0.002628818181818182
Cu14,3.9899999999999998,0.002793
Cu14,4.05,0.002958818181818182
Cu14,4.109999999999999,0.0031412727272727274
Cu14,4.17,0.003346181818181818
Cu14,4.23,0.0035514545454545456
Cu14,4.29,0.003757727272727273
Cu14,4.35,0.003979181818181818
Cu14,4.41,0.004225636363636364
Cu14,4.47,0.004476818181818182
Cu14,4.529999999999999,0.004750181818181818
Cu14,4.59,0.0050093636363636364
Cu14,4.65,0.005313454545454546
Cu14,4.71,0.005590636363636364
Cu14,4.77,0.005891454545454545
Cu14,4.83,0.006238636363636364
Cu14,4.89,0.006512454545454545
Cu14,4.949999999999999,0.006904
Cu14,5.01,0.007183181818181819
Cu14,5.07,0.007598909090909091
Cu14,5.13,0.00794
Cu14,5.1899999999999995,0.008272636363636364
Cu14,5.25,0.008720272727272728
Cu14,5.31,0.009075181818181819
Cu14,5.369999999999999,0.009451
Cu14,5.43,0.009930454545454546
Cu14,5.49,0.010296181818181819
Cu14,5.55,0.010701454545454545
Cu14,5.609999999999999,0.011101636363636364
Cu14,5.67,0.011514636363636364
Cu14,5.73,0.011900454545454546
Cu14,5.789999999999999,0.01230690909090909
Cu14,5.85,0.012707363636363636
Cu14,5.91,0.013038545454545454
Cu14,5.97,0.013478454545454545
Cu14,6.029999999999999,0.013874727272727273
Cu14,6.09,0.01419709090909091
Cu14,6.15,0.01464109090909091
Cu14,6.21,0.014960636363636363
Cu14,6.27,0.01527109090909091
Cu14,6.33,0.015572272727272728
Cu14,6.39,0.015821727272727272
Cu14,6.449999999999999,0.016121454545454546
Cu14,6.51,0.01631309090909091
Cu14,6.57,0.016612454545454545
Cu14,6.63,0.016743272727272728
Cu14,6.6899999999999995,0.016904545454545453
Cu14,6.75,0.017028181818181817
Cu14,6.81,0.017212363636363637
Cu14,6.869999999999999,0.01725118181818182
Cu14,6.93,0.017276272727272727
Cu14,6.99,0.017233545454545456
Cu14,7.05,0.01723781818181818
Cu14,7.109999999999999,0.017142818181818183
Cu14,7.17,0.017074
Cu14,7.2299999999999995,0.016879363636363637
Cu14,7.289999999999999,0.016739727272727274
Cu14,7.35,0.016579454545454547
Cu14,7.41,0.016297909090909092
Cu14,7.47,0.016063181818181817
Cu14,7.529999999999999,0.015742545454545454
Cu14,7.59,0.015420818181818181
Cu14,7.65,0.015057363636363636
Cu14,7.709999999999999,0.014689272727272728
Cu14,7.77,0.014246727272727272
Cu14,7.83,0.013871636363636364
Cu14,7.89,0.013370363636363637
Cu14,7.949999999999999,0.012926181818181818
Cu14,8.01,0.012436454545454546
Cu14,8.07,0.011913818181818182
Cu14,8.129999999999999,0.011367909090909092
Cu14,8.19,0.010887181818181818
Cu14,8.25,0.010369181818181817
Cu14,8.309999999999999,0.009851181818181818
Cu14,8.370000000000001,0.009315181818181818
Cu14,8.43,0.008777545454545455
Cu14,8.489999999999998,0.00828409090909091
Cu14,8.55,0.007781363636363637
Cu14,8.61,0.007256818181818182
Cu14,8.67,0.006802181818181818
Cu14,8.73,0.006350363636363637
Cu14,8.79,0.005882272727272727
Cu14,8.85,0.005432090909090909
Cu14,8.91,0.00502
Cu14,8.969999999999999,0.0046222727272727275
Cu14,9.030000000000001,0.004236909090909091
Cu14,9.09,0.0038665454545454545
Cu14,9.149999999999999,0.003532727272727273
Cu14,9.21,0.0032144545454545455
Cu14,9.27,0.0028977272727272727
Cu14,9.329999999999998,0.0026110909090909093
Cu14,9.39,0.002361818181818182
Cu14,9.45,0.0021080909090909093
Cu14,9.51,0.0018874545454545455
Cu14,9.57,0.001686909090909091
Cu14,9.629999999999999,0.0014819090909090908
Cu14,9.69,0.0013148181818181818
Cu14,9.75,0.0011587272727272726
Cu14,9.809999999999999,0.001020909090909091
Cu14,9.870000000000001,0.0008908181818181819
Cu14,9.93,0.0007759090909090909
Cu14,9.989999999999998,0.000678
Cu14,10.05,0.00058
Cu14,10.11,0.0005043636363636363
Cu14,10.169999999999998,0.00043054545454545456
Cu14,10.23,0.00036927272727272725
Cu14,10.29,0.00031954545454545457
Cu14,10.35,0.00026927272727272726
Cu14,10.41,0.000233
Cu14,10.469999999999999,0.00019372727272727271
Cu14,10.53,0.00016563636363636363
Cu14,10.59,0.00013954545454545453
Cu14,10.649999999999999,0.00011618181818181819
Cu14,10.71,9.645454545454546e-05
Cu14,10.77,8.018181818181818e-05
Cu14,10.829999999999998,6.527272727272728e-05
Cu14,10.89,5.209090909090909e-05
Cu14,10.95,4.154545454545455e-05
Cu14,11.01,3.4727272727272726e-05
Cu14,11.07,2.7272727272727273e-05
Cu14,11.129999999999999,2.2363636363636363e-05
Cu14,11.19,1.690909090909091e-05
Cu14,11.25,1.2636363636363636e-05
Cu14,11.309999999999999,1.1272727272727272e-05
Cu14,11.370000000000001,9.181818181818182e-06
Cu14,11.43,7.818181818181818e-06
Cu14,11.489999999999998,5.272727272727273e-06
Cu14,11.55,4.1818181818181814e-06
Cu14,11.61,3.090909090909091e-06
Cu14,11.669999999999998,2.2727272727272728e-06
Cu14,11.73,1.3636363636363636e-06
Cu14,11.79,1.090909090909091e-06
Cu14,11.85,1e-06
Cu14,11.91,7.272727272727273e-07
Cu14,11.969999999999999,2.7272727272727274e-07
Cu14,12.03,1.8181818181818183e-07
Cu14,12.09,1.8181818181818183e-07
