name,energy,flux
Ni08,27.509999999999998,3.3333333333333335e-07
Ni08,27.57,0.0
Ni08,27.63,6.666666666666667e-07
Ni08,27.689999999999998,1.3333333333333334e-06
Ni08,27.75,2.333333333333333e-06
Ni08,27.81,4.666666666666666e-06
Ni08,27.869999999999997,7e-06
Ni08,27.93,1.2e-05
Ni08,27.99,2.1666666666666667e-05
Ni08,28.049999999999997,2.8666666666666668e-05
Ni08,28.11,5.433333333333333e-05
Ni08,28.17,7.7e-05
Ni08,28.229999999999997,0.00012866666666666666
Ni08,28.29,0.00018333333333333334
Ni08,28.35,0.0003043333333333333
Ni08,28.409999999999997,0.00042533333333333334
Ni08,28.47,0.0006276666666666667
Ni08,28.53,0.000951
Ni08,28.589999999999996,0.0013323333333333334
Ni08,28.65,0.001854
Ni08,28.71,0.0025956666666666667
Ni08,28.769999999999996,0.0035066666666666666
Ni08,28.83,0.004625
Ni08,28.89,0.006082333333333334
Ni08,28.95,0.007939
Ni08,29.009999999999998,0.010031666666666666
Ni08,29.07,0.012641
Ni08,29.13,0.015457333333333333
Ni08,29.189999999999998,0.018799333333333335
Ni08,29.25,0.022265333333333335
Ni08,29.31,0.026123
Ni08,29.369999999999997,0.030091333333333335
Ni08,29.43,0.033868333333333334
Ni08,29.49,0.037816333333333334
Ni08,29.549999999999997,0.041313333333333334
Ni08,29.61,0.044541333333333336
Ni08,29.67,0.04720066666666667
Ni08,29.729999999999997,0.04920733333333333
Ni08,29.79,0.050820333333333335
Ni08,29.85,0.050988
Ni08,29.909999999999997,0.05083066666666667
Ni08,29.97,0.04955866666666667
Ni08,30.03,0.047642
Ni08,30.089999999999996,0.04525
Ni08,30.15,0.04183833333333333
Ni08,30.21,0.038330666666666666
Ni08,30.269999999999996,0.034522333333333335
Ni08,30.33,0.030542
Ni08,30.39,0.026573666666666666
Ni08,30.45,0.022896
Ni08,30.509999999999998,0.019126666666666667
Ni08,30.57,0.015927666666666666
Ni08,30.63,0.012905333333333333
Ni08,30.689999999999998,0.010376333333333333
Ni08,30.75,0.008148333333333334
Ni08,30.81,0.006334666666666666
Ni08,30.869999999999997,0.0048456666666666665
Ni08,30.93,0.003585
Ni08,30.99,0.0026366666666666665
Ni08,31.049999999999997,0.001945
Ni08,31.11,0.0013506666666666667
Ni08,31.17,0.0009683333333333333
Ni08,31.229999999999997,0.000642
Ni08,31.29,0.0004656666666666667
Ni08,31.35,0.000303
Ni08,31.409999999999997,0.000187
Ni08,31.47,0.00013166666666666668
Ni08,31.53,8.933333333333333e-05
Ni08,31.589999999999996,4.5e-05
Ni08,31.65,3e-05
Ni08,31.71,1.5e-05
Ni08,31.769999999999996,1.3e-05
Ni08,31.83,4.333333333333333e-06
Ni08,31.89,4.333333333333333e-06
Ni08,31.95,1.6666666666666667e-06
Ni08,32.01,1e-06
Ni08,32.07,1e-06
Ni08,32.129999999999995,6.666666666666667e-07
Ni08,32.19,0.0
Ni08,32.25,6.666666666666667e-07
Sn08,27.45,3.3333333333333335e-07
Sn08,27.509999999999998,1e-06
Sn08,27.57,1.3333333333333334e-06
Sn08,27.63,3.3333333333333333e-06
Sn08,27.689999999999998,4.333333333333333e-06
Sn08,27.75,8e-06
Sn08,27.81,1.4333333333333334e-05
Sn08,27.869999999999997,2.7666666666666667e-05
Sn08,27.93,4.1666666666666665e-05
Sn08,27.99,6.3e-05
Sn08,28.049999999999997,9.933333333333334e-05
Sn08,28.11,0.00014933333333333332
Sn08,28.17,0.00022833333333333334
Sn08,28.229999999999997,0.00035666666666666664
Sn08,28.29,0.000552
Sn08,28.35,0.0007956666666666666
Sn08,28.409999999999997,0.0011376666666666666
Sn08,28.47,0.0016863333333333333
Sn08,28.53,0.0023743333333333333
Sn08,28.589999999999996,0.0032053333333333335
Sn08,28.65,0.004271666666666667
Sn08,28.71,0.005798333333333333
Sn08,28.769999999999996,0.007514
Sn08,28.83,0.009604666666666666
Sn08,28.89,0.012209333333333334
Sn08,28.95,0.015263
Sn08,29.009999999999998,0.018716666666666666
Sn08,29.07,0.022365333333333334
Sn08,29.13,0.02638
Sn08,29.189999999999998,0.030557666666666667
Sn08,29.25,0.03455133333333334
Sn08,29.31,0.038481
Sn08,29.369999999999997,0.042394
Sn08,29.43,0.045830666666666665
Sn08,29.49,0.048467
Sn08,29.549999999999997,0.050896
Sn08,29.61,0.052063
Sn08,29.67,0.05231
Sn08,29.729999999999997,0.05227433333333333
Sn08,29.79,0.050868
Sn08,29.85,0.048482
Sn08,29.909999999999997,0.045455333333333334
Sn08,29.97,0.041977
Sn08,30.03,0.038295
Sn08,30.089999999999996,0.034274
Sn08,30.15,0.029925
Sn08,30.21,0.025848666666666666
Sn08,30.269999999999996,0.021964
Sn08,30.33,0.018265
Sn08,30.39,0.014886
Sn08,30.45,0.012057
Sn08,30.509999999999998,0.009465333333333333
Sn08,30.57,0.007372
Sn08,30.63,0.005579333333333334
Sn08,30.689999999999998,0.004273
Sn08,30.75,0.003122
Sn08,30.81,0.0022056666666666665
Sn08,30.869999999999997,0.001584
Sn08,30.93,0.0011316666666666667
Sn08,30.99,0.000792
Sn08,31.049999999999997,0.0005046666666666667
Sn08,31.11,0.00034566666666666665
Sn08,31.17,0.00024733333333333335
Sn08,31.229999999999997,0.000152
Sn08,31.29,9.233333333333333e-05
Sn08,31.35,5.766666666666667e-05
Sn08,31.409999999999997,3.433333333333333e-05
Sn08,31.47,1.9666666666666666e-05
Sn08,31.53,1.0333333333333333e-05
Sn08,31.589999999999996,6.333333333333333e-06
Sn08,31.65,3.3333333333333333e-06
Sn08,31.71,2e-06
Sn08,31.769999999999996,1.6666666666666667e-06
Sn08,31.83,6.666666666666667e-07
Sn08,31.89,6.666666666666667e-07
Sn08,31.95,1e-06
Sn08,32.01,3.3333333333333335e-07
Ta08,27.21,3.3333333333333335e-07
Ta08,27.27,3.3333333333333335e-07
Ta08,27.33,1.3333333333333334e-06
Ta08,27.39,2.333333333333333e-06
Ta08,27.45,3.3333333333333333e-06
Ta08,27.509999999999998,6.333333333333333e-06
Ta08,27.57,1.0333333333333333e-05
Ta08,27.63,2.1e-05
Ta08,27.689999999999998,2.4333333333333333e-05
Ta08,27.75,5.266666666666667e-05
Ta08,27.81,6.666666666666667e-05
Ta08,27.869999999999997,0.00011666666666666667
Ta08,27.93,0.000165
Ta08,27.99,0.00027
Ta08,28.049999999999997,0.0003896666666666667
Ta08,28.11,0.0005776666666666666
Ta08,28.17,0.0008593333333333334
Ta08,28.229999999999997,0.0012263333333333334
Ta08,28.29,0.0017486666666666666
Ta08,28.35,0.0023653333333333334
Ta08,28.409999999999997,0.003259666666666667
Ta08,28.47,0.00442
Ta08,28.53,0.005699
Ta08,28.589999999999996,0.007464333333333333
Ta08,28.65,0.009523333333333333
Ta08,28.71,0.012013
Ta08,28.769999999999996,0.014796666666666666
Ta08,28.83,0.018081
Ta08,28.89,0.021593666666666667
Ta08,28.95,0.02535
Ta08,29.009999999999998,0.029216666666666665
Ta08,29.07,0.033142
Ta08,29.13,0.03712766666666667
Ta08,29.189999999999998,0.04070033333333333
Ta08,29.25,0.043945333333333336
Ta08,29.31,0.046884
Ta08,29.369999999999997,0.04894166666666667
Ta08,29.43,0.050611
Ta08,29.49,0.05119566666666667
Ta08,29.549999999999997,0.051111666666666666
Ta08,29.61,0.05006
Ta08,29.67,0.04810766666666667
Ta08,29.729999999999997,0.04581366666666667
Ta08,29.79,0.042653
Ta08,29.85,0.03905433333333334
Ta08,29.909999999999997,0.03529566666666667
Ta08,29.97,0.03130033333333333
Ta08,30.03,0.027429
Ta08,30.089999999999996,0.023479
Ta08,30.15,0.019779
Ta08,30.21,0.016473666666666668
Ta08,30.269999999999996,0.013447333333333334
Ta08,30.33,0.010763333333333333
Ta08,30.39,0.008528
Ta08,30.45,0.006631
Ta08,30.509999999999998,0.005038
Ta08,30.57,0.003788
Ta08,30.63,0.002787
Ta08,30.689999999999998,0.002042
Ta08,30.75,0.0014396666666666666
Ta08,30.81,0.0010143333333333332
Ta08,30.869999999999997,0.0007053333333333333
Ta08,30.93,0.0004876666666666667
Ta08,30.99,0.000326
Ta08,31.049999999999997,0.00020666666666666666
Ta08,31.11,0.000143
Ta08,31.17,9.233333333333333e-05
Ta08,31.229999999999997,5.1666666666666664e-05
Ta08,31.29,3.366666666666667e-05
Ta08,31.35,1.7e-05
Ta08,31.409999999999997,1.2666666666666667e-05
Ta08,31.47,5e-06
Ta08,31.53,5e-06
Ta08,31.589999999999996,1.3333333333333334e-06
Ta08,31.65,1.6666666666666667e-06
Ta08,31.71,1e-06
Ta08,31.769999999999996,1e-06
Ta08,31.83,0.0
Ta08,31.89,6.666666666666667e-07
Cu08,26.909999999999997,3.3333333333333335e-07
Cu08,26.97,3.3333333333333335e-07
Cu08,27.03,1.3333333333333334e-06
Cu08,27.089999999999996,1.6666666666666667e-06
Cu08,27.15,2e-06
Cu08,27.21,5e-06
Cu08,27.27,8.666666666666666e-06
Cu08,27.33,1.7333333333333332e-05
Cu08,27.39,2.3333333333333332e-05
Cu08,27.45,3.8e-05
Cu08,27.509999999999998,5.966666666666667e-05
Cu08,27.57,8.933333333333333e-05
Cu08,27.63,0.00014766666666666666
Cu08,27.689999999999998,0.00020633333333333333
Cu08,27.75,0.000344
Cu08,27.81,0.00046366666666666664
Cu08,27.869999999999997,0.0007173333333333334
Cu08,27.93,0.0010306666666666667
Cu08,27.99,0.0014473333333333332
Cu08,28.049999999999997,0.0019933333333333335
Cu08,28.11,0.002773
Cu08,28.17,0.0037116666666666665
Cu08,28.229999999999997,0.004885666666666667
Cu08,28.29,0.006403
Cu08,28.35,0.008204333333333333
Cu08,28.409999999999997,0.010386666666666667
Cu08,28.47,0.013072666666666666
Cu08,28.53,0.015757333333333335
Cu08,28.589999999999996,0.019279333333333332
Cu08,28.65,0.02263333333333333
Cu08,28.71,0.026415333333333332
Cu08,28.769999999999996,0.030243666666666665
Cu08,28.83,0.03418966666666667
Cu08,28.89,0.03782566666666667
Cu08,28.95,0.041342333333333335
Cu08,29.009999999999998,0.044373666666666665
Cu08,29.07,0.046887333333333336
Cu08,29.13,0.049015333333333334
Cu08,29.189999999999998,0.05042133333333333
Cu08,29.25,0.05044166666666667
Cu08,29.31,0.05043966666666667
Cu08,29.369999999999997,0.049073
Cu08,29.43,0.04706866666666667
Cu08,29.49,0.044699
Cu08,29.549999999999997,0.04147
Cu08,29.61,0.03788166666666667
Cu08,29.67,0.03420733333333333
Cu08,29.729999999999997,0.030266666666666667
Cu08,29.79,0.026538666666666665
Cu08,29.85,0.022701666666666665
Cu08,29.909999999999997,0.019121333333333334
Cu08,29.97,0.015909
Cu08,30.03,0.012955
Cu08,30.089999999999996,0.010396333333333334
Cu08,30.15,0.008251
Cu08,30.21,0.0064143333333333335
Cu08,30.269999999999996,0.0048913333333333335
Cu08,30.33,0.003687666666666667
Cu08,30.39,0.002704
Cu08,30.45,0.0020023333333333334
Cu08,30.509999999999998,0.0013896666666666667
Cu08,30.57,0.0010003333333333333
Cu08,30.63,0.000692
Cu08,30.689999999999998,0.000483
Cu08,30.75,0.00032133333333333336
Cu08,30.81,0.000207
Cu08,30.869999999999997,0.00014266666666666667
Cu08,30.93,9.133333333333334e-05
Cu08,30.99,5.1666666666666664e-05
Cu08,31.049999999999997,3.433333333333333e-05
Cu08,31.11,1.9e-05
Cu08,31.17,1.3e-05
Cu08,31.229999999999997,5.666666666666667e-06
Cu08,31.29,3.6666666666666666e-06
Cu08,31.35,2e-06
Cu08,31.409999999999997,1.6666666666666667e-06
Cu08,31.47,6.666666666666667e-07
Cu08,31.53,1.3333333333333334e-06
Cu08,31.589999999999996,0.0
Cu08,31.65,3.3333333333333335e-07
Cu08,31.71,3.3333333333333335e-07
Al_degrader_E2_E1,24.689999999999998,1.4285714285714285e-07
Al_degrader_E2_E1,24.75,1.4285714285714285e-07
Al_degrader_E2_E1,24.81,1.4285714285714285e-07
Al_degrader_E2_E1,24.869999999999997,4.2857142857142857e-07
Al_degrader_E2_E1,24.93,8.571428571428571e-07
Al_degrader_E2_E1,24.990000000000002,1e-06
Al_degrader_E2_E1,25.049999999999997,2.1428571428571427e-06
Al_degrader_E2_E1,25.11,3.4285714285714285e-06
Al_degrader_E2_E1,25.17,6e-06
Al_degrader_E2_E1,25.229999999999997,7.142857142857143e-06
Al_degrader_E2_E1,25.29,1.1857142857142857e-05
Al_degrader_E2_E1,25.35,1.8e-05
Al_degrader_E2_E1,25.409999999999997,2.757142857142857e-05
Al_degrader_E2_E1,25.47,3.971428571428571e-05
Al_degrader_E2_E1,25.53,5.9e-05
Al_degrader_E2_E1,25.589999999999996,9.685714285714286e-05
Al_degrader_E2_E1,25.65,0.00012557142857142858
Al_degrader_E2_E1,25.71,0.00017442857142857142
Al_degrader_E2_E1,25.77,0.0002592857142857143
Al_degrader_E2_E1,25.83,0.00036571428571428573
Al_degrader_E2_E1,25.89,0.0004791428571428571
Al_degrader_E2_E1,25.95,0.0006385714285714286
Al_degrader_E2_E1,26.009999999999998,0.0008445714285714286
Al_degrader_E2_E1,26.07,0.001126
Al_degrader_E2_E1,26.13,0.0014314285714285713
Al_degrader_E2_E1,26.189999999999998,0.0018462857142857144
Al_degrader_E2_E1,26.25,0.0023095714285714286
Al_degrader_E2_E1,26.31,0.002887857142857143
Al_degrader_E2_E1,26.369999999999997,0.0035324285714285713
Al_degrader_E2_E1,26.43,0.004253
Al_degrader_E2_E1,26.49,0.0051142857142857144
Al_degrader_E2_E1,26.549999999999997,0.006018571428571429
Al_degrader_E2_E1,26.61,0.006985
Al_degrader_E2_E1,26.67,0.00808157142857143
Al_degrader_E2_E1,26.729999999999997,0.009213
Al_degrader_E2_E1,26.79,0.010391
Al_degrader_E2_E1,26.85,0.011625857142857143
Al_degrader_E2_E1,26.909999999999997,0.012804
Al_degrader_E2_E1,26.97,0.014027857142857142
Al_degrader_E2_E1,27.03,0.015188428571428571
Al_degrader_E2_E1,27.089999999999996,0.016367857142857142
Al_degrader_E2_E1,27.15,0.01751942857142857
Al_degrader_E2_E1,27.21,0.018482142857142857
Al_degrader_E2_E1,27.27,0.019386857142857143
Al_degrader_E2_E1,27.33,0.02021757142857143
Al_degrader_E2_E1,27.39,0.020954714285714285
Al_degrader_E2_E1,27.45,0.021659571428571427
Al_degrader_E2_E1,27.509999999999998,0.02235914285714286
Al_degrader_E2_E1,27.57,0.022706428571428572
Al_degrader_E2_E1,27.63,0.023174857142857143
Al_degrader_E2_E1,27.689999999999998,0.023550571428571428
Al_degrader_E2_E1,27.75,0.023756714285714287
Al_degrader_E2_E1,27.81,0.02408314285714286
Al_degrader_E2_E1,27.869999999999997,0.024330571428571427
Al_degrader_E2_E1,27.93,0.024403714285714286
Al_degrader_E2_E1,27.99,0.024513714285714285
Al_degrader_E2_E1,28.049999999999997,0.024542714285714286
Al_degrader_E2_E1,28.11,0.024683857142857143
Al_degrader_E2_E1,28.17,0.024781857142857144
Al_degrader_E2_E1,28.229999999999997,0.024714
Al_degrader_E2_E1,28.29,0.02461357142857143
Al_degrader_E2_E1,28.35,0.02456142857142857
Al_degrader_E2_E1,28.409999999999997,0.024382142857142856
Al_degrader_E2_E1,28.47,0.024241714285714287
Al_degrader_E2_E1,28.53,0.024141142857142858
Al_degrader_E2_E1,28.589999999999996,0.023686285714285715
Al_degrader_E2_E1,28.65,0.023255428571428573
Al_degrader_E2_E1,28.71,0.02277142857142857
Al_degrader_E2_E1,28.769999999999996,0.022096714285714286
Al_degrader_E2_E1,28.83,0.021419714285714285
Al_degrader_E2_E1,28.89,0.020641
Al_degrader_E2_E1,28.95,0.019618857142857143
Al_degrader_E2_E1,29.009999999999998,0.01855642857142857
Al_degrader_E2_E1,29.07,0.017381
Al_degrader_E2_E1,29.13,0.01619742857142857
Al_degrader_E2_E1,29.189999999999998,0.015009
Al_degrader_E2_E1,29.25,0.013578
Al_degrader_E2_E1,29.31,0.012230714285714286
Al_degrader_E2_E1,29.369999999999997,0.010869571428571428
Al_degrader_E2_E1,29.43,0.009552428571428571
Al_degrader_E2_E1,29.49,0.008306
Al_degrader_E2_E1,29.549999999999997,0.007161428571428571
Al_degrader_E2_E1,29.61,0.005996285714285714
Al_degrader_E2_E1,29.67,0.005035857142857143
Al_degrader_E2_E1,29.729999999999997,0.004142428571428571
Al_degrader_E2_E1,29.79,0.0033815714285714287
Al_degrader_E2_E1,29.85,0.002671857142857143
Al_degrader_E2_E1,29.909999999999997,0.0021072857142857143
Al_degrader_E2_E1,29.97,0.0016377142857142857
Al_degrader_E2_E1,30.03,0.0012498571428571428
Al_degrader_E2_E1,30.089999999999996,0.0009424285714285714
Al_degrader_E2_E1,30.15,0.0007121428571428572
Al_degrader_E2_E1,30.21,0.0005047142857142857
Al_degrader_E2_E1,30.269999999999996,0.0003565714285714286
Al_degrader_E2_E1,30.33,0.0002638571428571429
Al_degrader_E2_E1,30.39,0.00017671428571428572
Al_degrader_E2_E1,30.45,0.00013114285714285715
Al_degrader_E2_E1,30.509999999999998,7.685714285714286e-05
Al_degrader_E2_E1,30.57,5.3285714285714285e-05
Al_degrader_E2_E1,30.63,4.028571428571429e-05
Al_degrader_E2_E1,30.689999999999998,2.342857142857143e-05
Al_degrader_E2_E1,30.75,1.4142857142857143e-05
Al_degrader_E2_E1,30.81,9.714285714285713e-06
Al_degrader_E2_E1,30.869999999999997,5.428571428571429e-06
Al_degrader_E2_E1,30.93,3.4285714285714285e-06
Al_degrader_E2_E1,30.99,1.1428571428571428e-06
Al_degrader_E2_E1,31.049999999999997,1.5714285714285714e-06
Al_degrader_E2_E1,31.11,5.714285714285714e-07
Al_degrader_E2_E1,31.17,2.857142857142857e-07
Al_degrader_E2_E1,31.229999999999997,4.2857142857142857e-07
Al_degrader_E2_E1,31.29,0.0
Al_degrader_E2_E1,31.35,0.0
Al_degrader_E2_E1,31.409999999999997,2.857142857142857e-07
Ni09,24.33,3.3333333333333335e-07
Ni09,24.39,0.0
Ni09,24.45,3.3333333333333335e-07
Ni09,24.509999999999998,1.3333333333333334e-06
Ni09,24.57,1.6666666666666667e-06
Ni09,24.63,1.6666666666666667e-06
Ni09,24.689999999999998,4.666666666666666e-06
Ni09,24.75,7.666666666666667e-06
Ni09,24.81,1.4e-05
Ni09,24.869999999999997,1.9333333333333333e-05
Ni09,24.93,2.6e-05
Ni09,24.990000000000002,5e-05
Ni09,25.049999999999997,6.266666666666667e-05
Ni09,25.11,0.00010133333333333333
Ni09,25.17,0.000146
Ni09,25.229999999999997,0.00022466666666666666
Ni09,25.29,0.0003283333333333333
Ni09,25.35,0.00044533333333333333
Ni09,25.409999999999997,0.000671
Ni09,25.47,0.0009463333333333333
Ni09,25.53,0.001266
Ni09,25.589999999999996,0.0017466666666666668
Ni09,25.65,0.00236
Ni09,25.71,0.003108
Ni09,25.77,0.004052333333333333
Ni09,25.83,0.005210333333333333
Ni09,25.89,0.006657
Ni09,25.95,0.008346333333333334
Ni09,26.009999999999998,0.010293333333333333
Ni09,26.07,0.012683
Ni09,26.13,0.015204
Ni09,26.189999999999998,0.018149666666666668
Ni09,26.25,0.02104666666666667
Ni09,26.31,0.024400333333333333
Ni09,26.369999999999997,0.027720333333333333
Ni09,26.43,0.031032
Ni09,26.49,0.034368
Ni09,26.549999999999997,0.03730766666666667
Ni09,26.61,0.040273333333333335
Ni09,26.67,0.042769666666666664
Ni09,26.729999999999997,0.044627
Ni09,26.79,0.046175666666666663
Ni09,26.85,0.047128666666666666
Ni09,26.909999999999997,0.047126666666666664
Ni09,26.97,0.04692
Ni09,27.03,0.04546033333333333
Ni09,27.089999999999996,0.043867666666666666
Ni09,27.15,0.04180233333333333
Ni09,27.21,0.03891566666666667
Ni09,27.27,0.035915333333333334
Ni09,27.33,0.032732
Ni09,27.39,0.029369333333333334
Ni09,27.45,0.025853333333333332
Ni09,27.509999999999998,0.022704
Ni09,27.57,0.019397333333333332
Ni09,27.63,0.016423
Ni09,27.689999999999998,0.013860333333333334
Ni09,27.75,0.011235666666666666
Ni09,27.81,0.009190333333333333
Ni09,27.869999999999997,0.00733
Ni09,27.93,0.005769
Ni09,27.99,0.004508333333333333
Ni09,28.049999999999997,0.0034176666666666665
Ni09,28.11,0.0025946666666666666
Ni09,28.17,0.001932
Ni09,28.229999999999997,0.0013876666666666666
Ni09,28.29,0.001001
Ni09,28.35,0.0007376666666666666
Ni09,28.409999999999997,0.000502
Ni09,28.47,0.00037466666666666665
Ni09,28.53,0.00023233333333333333
Ni09,28.589999999999996,0.00015966666666666665
Ni09,28.65,0.000114
Ni09,28.71,7.5e-05
Ni09,28.769999999999996,4.066666666666667e-05
Ni09,28.83,3e-05
Ni09,28.89,1.4e-05
Ni09,28.95,1.2333333333333333e-05
Ni09,29.009999999999998,5.666666666666667e-06
Ni09,29.07,3.6666666666666666e-06
Ni09,29.13,1.6666666666666667e-06
Ni09,29.189999999999998,1.6666666666666667e-06
Ni09,29.25,6.666666666666667e-07
Ni09,29.31,1e-06
Ni09,29.369999999999997,3.3333333333333335e-07
Ni09,29.43,0.0
Ni09,29.49,6.666666666666667e-07
Sn09,24.27,3.3333333333333335e-07
Sn09,24.33,1e-06
Sn09,24.39,6.666666666666667e-07
Sn09,24.45,2.333333333333333e-06
Sn09,24.509999999999998,4e-06
Sn09,24.57,5.666666666666667e-06
Sn09,24.63,9e-06
Sn09,24.689999999999998,1.5333333333333334e-05
Sn09,24.75,2.8666666666666668e-05
Sn09,24.81,4.2e-05
Sn09,24.869999999999997,5.5e-05
Sn09,24.93,8.7e-05
Sn09,24.990000000000002,0.00013
Sn09,25.049999999999997,0.00019466666666666666
Sn09,25.11,0.000274
Sn09,25.17,0.000425
Sn09,25.229999999999997,0.0006236666666666667
Sn09,25.29,0.0008346666666666667
Sn09,25.35,0.0011913333333333333
Sn09,25.409999999999997,0.0016916666666666666
Sn09,25.47,0.0023166666666666665
Sn09,25.53,0.002999
Sn09,25.589999999999996,0.003929666666666666
Sn09,25.65,0.005169333333333333
Sn09,25.71,0.006641
Sn09,25.77,0.008312333333333333
Sn09,25.83,0.010372333333333334
Sn09,25.89,0.012816
Sn09,25.95,0.0157
Sn09,26.009999999999998,0.018541333333333333
Sn09,26.07,0.021755666666666666
Sn09,26.13,0.025338666666666666
Sn09,26.189999999999998,0.028737333333333333
Sn09,26.25,0.03220233333333333
Sn09,26.31,0.03551066666666667
Sn09,26.369999999999997,0.038815666666666665
Sn09,26.43,0.04183833333333333
Sn09,26.49,0.044256333333333335
Sn09,26.549999999999997,0.046114
Sn09,26.61,0.04771566666666667
Sn09,26.67,0.04827533333333334
Sn09,26.729999999999997,0.04835333333333333
Sn09,26.79,0.047751
Sn09,26.85,0.046281
Sn09,26.909999999999997,0.044127
Sn09,26.97,0.041515333333333335
Sn09,27.03,0.038434666666666666
Sn09,27.089999999999996,0.035291333333333334
Sn09,27.15,0.031959666666666664
Sn09,27.21,0.028180333333333335
Sn09,27.27,0.024700666666666666
Sn09,27.33,0.021382666666666668
Sn09,27.39,0.018137666666666667
Sn09,27.45,0.015086333333333334
Sn09,27.509999999999998,0.012448
Sn09,27.57,0.010133333333333333
Sn09,27.63,0.008106
Sn09,27.689999999999998,0.006327333333333333
Sn09,27.75,0.004945333333333334
Sn09,27.81,0.0038496666666666666
Sn09,27.869999999999997,0.0028293333333333334
Sn09,27.93,0.0020673333333333333
Sn09,27.99,0.001509
Sn09,28.049999999999997,0.001122
Sn09,28.11,0.0008056666666666667
Sn09,28.17,0.0005543333333333333
Sn09,28.229999999999997,0.0003586666666666667
Sn09,28.29,0.00027266666666666666
Sn09,28.35,0.000186
Sn09,28.409999999999997,0.000118
Sn09,28.47,7.433333333333333e-05
Sn09,28.53,4.633333333333333e-05
Sn09,28.589999999999996,2.8333333333333332e-05
Sn09,28.65,1.8e-05
Sn09,28.71,9.666666666666667e-06
Sn09,28.769999999999996,5.666666666666667e-06
Sn09,28.83,3.3333333333333333e-06
Sn09,28.89,2e-06
Sn09,28.95,2.333333333333333e-06
Sn09,29.009999999999998,6.666666666666667e-07
Sn09,29.07,3.3333333333333335e-07
Sn09,29.13,1e-06
Sn09,29.189999999999998,6.666666666666667e-07
Ta09,23.97,3.3333333333333335e-07
Ta09,24.03,0.0
Ta09,24.089999999999996,3.3333333333333335e-07
Ta09,24.15,1.3333333333333334e-06
Ta09,24.21,2.333333333333333e-06
Ta09,24.27,2.666666666666667e-06
Ta09,24.33,4.666666666666666e-06
Ta09,24.39,8.666666666666666e-06
Ta09,24.45,1.6e-05
Ta09,24.509999999999998,2.0666666666666666e-05
Ta09,24.57,3.1666666666666666e-05
Ta09,24.63,5.5e-05
Ta09,24.689999999999998,6.5e-05
Ta09,24.75,0.00012166666666666667
Ta09,24.81,0.00015
Ta09,24.869999999999997,0.00025066666666666667
Ta09,24.93,0.000346
Ta09,24.990000000000002,0.00048366666666666664
Ta09,25.049999999999997,0.000726
Ta09,25.11,0.000991
Ta09,25.17,0.0013846666666666666
Ta09,25.229999999999997,0.0018473333333333334
Ta09,25.29,0.002484
Ta09,25.35,0.0032966666666666665
Ta09,25.409999999999997,0.004281666666666666
Ta09,25.47,0.005432
Ta09,25.53,0.006965333333333333
Ta09,25.589999999999996,0.008693666666666667
Ta09,25.65,0.010770666666666666
Ta09,25.71,0.013094333333333333
Ta09,25.77,0.015729333333333335
Ta09,25.83,0.018764333333333334
Ta09,25.89,0.021629333333333334
Ta09,25.95,0.025087666666666668
Ta09,26.009999999999998,0.028272333333333333
Ta09,26.07,0.031684
Ta09,26.13,0.034941
Ta09,26.189999999999998,0.03794466666666667
Ta09,26.25,0.04066433333333333
Ta09,26.31,0.043175333333333336
Ta09,26.369999999999997,0.044900333333333334
Ta09,26.43,0.046448666666666666
Ta09,26.49,0.04708433333333333
Ta09,26.549999999999997,0.047133
Ta09,26.61,0.046658
Ta09,26.67,0.04525333333333333
Ta09,26.729999999999997,0.043618
Ta09,26.79,0.041049666666666665
Ta09,26.85,0.03845166666666667
Ta09,26.909999999999997,0.03518366666666667
Ta09,26.97,0.032128
Ta09,27.03,0.028668333333333334
Ta09,27.089999999999996,0.025387666666666666
Ta09,27.15,0.021996666666666668
Ta09,27.21,0.018816333333333334
Ta09,27.27,0.015919333333333334
Ta09,27.33,0.013362333333333334
Ta09,27.39,0.010800666666666667
Ta09,27.45,0.008825333333333333
Ta09,27.509999999999998,0.007038666666666667
Ta09,27.57,0.005546333333333334
Ta09,27.63,0.004294333333333333
Ta09,27.689999999999998,0.003271333333333333
Ta09,27.75,0.0024556666666666668
Ta09,27.81,0.0018396666666666668
Ta09,27.869999999999997,0.0013193333333333334
Ta09,27.93,0.00095
Ta09,27.99,0.0006963333333333333
Ta09,28.049999999999997,0.00047933333333333335
Ta09,28.11,0.0003446666666666667
Ta09,28.17,0.00021933333333333334
Ta09,28.229999999999997,0.00015666666666666666
Ta09,28.29,0.00010566666666666667
Ta09,28.35,7.2e-05
Ta09,28.409999999999997,3.6e-05
Ta09,28.47,3.066666666666667e-05
Ta09,28.53,1.3e-05
Ta09,28.589999999999996,1.0666666666666667e-05
Ta09,28.65,4.333333333333333e-06
Ta09,28.71,4.666666666666666e-06
Ta09,28.769999999999996,1e-06
Ta09,28.83,1.6666666666666667e-06
Ta09,28.89,1e-06
Ta09,28.95,1e-06
Ta09,29.009999999999998,3.3333333333333335e-07
Ta09,29.07,3.3333333333333335e-07
Ta09,29.13,3.3333333333333335e-07
Cu09,23.67,3.3333333333333335e-07
Cu09,23.729999999999997,3.3333333333333335e-07
Cu09,23.79,3.3333333333333335e-07
Cu09,23.85,1e-06
Cu09,23.909999999999997,2.333333333333333e-06
Cu09,23.97,3e-06
Cu09,24.03,5e-06
Cu09,24.089999999999996,7.333333333333333e-06
Cu09,24.15,1.7e-05
Cu09,24.21,2.1e-05
Cu09,24.27,3.066666666666667e-05
Cu09,24.33,5.066666666666667e-05
Cu09,24.39,7e-05
Cu09,24.45,0.00011633333333333333
Cu09,24.509999999999998,0.00015
Cu09,24.57,0.00024166666666666667
Cu09,24.63,0.0003406666666666667
Cu09,24.689999999999998,0.000456
Cu09,24.75,0.0007133333333333333
Cu09,24.81,0.000962
Cu09,24.869999999999997,0.0013076666666666666
Cu09,24.93,0.0017696666666666666
Cu09,24.990000000000002,0.0023673333333333333
Cu09,25.049999999999997,0.0031446666666666667
Cu09,25.11,0.004073333333333333
Cu09,25.17,0.005158333333333333
Cu09,25.229999999999997,0.006598333333333334
Cu09,25.29,0.008265
Cu09,25.35,0.010189
Cu09,25.409999999999997,0.012452666666666667
Cu09,25.47,0.014856666666666667
Cu09,25.53,0.017815
Cu09,25.589999999999996,0.020608666666666667
Cu09,25.65,0.023783666666666668
Cu09,25.71,0.027143
Cu09,25.77,0.03026066666666667
Cu09,25.83,0.033553
Cu09,25.89,0.036579
Cu09,25.95,0.039246666666666666
Cu09,26.009999999999998,0.041869666666666666
Cu09,26.07,0.04377433333333333
Cu09,26.13,0.045322666666666664
Cu09,26.189999999999998,0.04649933333333333
Cu09,26.25,0.04643166666666667
Cu09,26.31,0.046435
Cu09,26.369999999999997,0.04529866666666667
Cu09,26.43,0.043681333333333336
Cu09,26.49,0.04185866666666667
Cu09,26.549999999999997,0.039246
Cu09,26.61,0.036351666666666664
Cu09,26.67,0.03316966666666667
Cu09,26.729999999999997,0.030025333333333334
Cu09,26.79,0.026594333333333334
Cu09,26.85,0.023437666666666666
Cu09,26.909999999999997,0.020229666666666667
Cu09,26.97,0.017277
Cu09,27.03,0.014568666666666667
Cu09,27.089999999999996,0.012037666666666667
Cu09,27.15,0.009811333333333333
Cu09,27.21,0.008
Cu09,27.27,0.006272
Cu09,27.33,0.004985
Cu09,27.39,0.00378
Cu09,27.45,0.0029206666666666665
Cu09,27.509999999999998,0.0021893333333333335
Cu09,27.57,0.0016403333333333333
Cu09,27.63,0.0011553333333333333
Cu09,27.689999999999998,0.0008683333333333334
Cu09,27.75,0.000592
Cu09,27.81,0.00043466666666666664
Cu09,27.869999999999997,0.00030033333333333333
Cu09,27.93,0.00019466666666666666
Cu09,27.99,0.00014
Cu09,28.049999999999997,9.3e-05
Cu09,28.11,5.933333333333334e-05
Cu09,28.17,3.4e-05
Cu09,28.229999999999997,2.5333333333333334e-05
Cu09,28.29,1.0666666666666667e-05
Cu09,28.35,1.1e-05
Cu09,28.409999999999997,2.666666666666667e-06
Cu09,28.47,4.666666666666666e-06
Cu09,28.53,1e-06
Cu09,28.589999999999996,1.3333333333333334e-06
Cu09,28.65,1e-06
Cu09,28.71,1e-06
Cu09,28.769999999999996,0.0
Cu09,28.83,3.3333333333333335e-07
Cu09,28.89,3.3333333333333335e-07
Al_degrader_E4_E3,21.21,1.1111111111111111e-07
Al_degrader_E4_E3,21.27,0.0
Al_degrader_E4_E3,21.33,1.1111111111111111e-07
Al_degrader_E4_E3,21.39,3.3333333333333335e-07
Al_degrader_E4_E3,21.45,5.555555555555555e-07
Al_degrader_E4_E3,21.509999999999998,5.555555555555555e-07
Al_degrader_E4_E3,21.57,8.888888888888889e-07
Al_degrader_E4_E3,21.63,1.7777777777777777e-06
Al_degrader_E4_E3,21.689999999999998,3e-06
Al_degrader_E4_E3,21.75,4.555555555555555e-06
Al_degrader_E4_E3,21.81,4.8888888888888885e-06
Al_degrader_E4_E3,21.869999999999997,8.555555555555556e-06
Al_degrader_E4_E3,21.93,1.1888888888888888e-05
Al_degrader_E4_E3,21.990000000000002,1.7e-05
Al_degrader_E4_E3,22.049999999999997,2.7333333333333335e-05
Al_degrader_E4_E3,22.11,3.444444444444445e-05
Al_degrader_E4_E3,22.17,5.3222222222222225e-05
Al_degrader_E4_E3,22.229999999999997,7.733333333333333e-05
Al_degrader_E4_E3,22.29,9.655555555555555e-05
Al_degrader_E4_E3,22.35,0.00013822222222222222
Al_degrader_E4_E3,22.409999999999997,0.00019166666666666667
Al_degrader_E4_E3,22.47,0.0002626666666666667
Al_degrader_E4_E3,22.53,0.00035144444444444443
Al_degrader_E4_E3,22.589999999999996,0.0004347777777777778
Al_degrader_E4_E3,22.65,0.0005836666666666667
Al_degrader_E4_E3,22.71,0.0007545555555555555
Al_degrader_E4_E3,22.77,0.0009694444444444444
Al_degrader_E4_E3,22.83,0.0012033333333333334
Al_degrader_E4_E3,22.89,0.001509
Al_degrader_E4_E3,22.95,0.001860888888888889
Al_degrader_E4_E3,23.009999999999998,0.0023068888888888887
Al_degrader_E4_E3,23.07,0.002795888888888889
Al_degrader_E4_E3,23.13,0.0033057777777777777
Al_degrader_E4_E3,23.189999999999998,0.003947444444444444
Al_degrader_E4_E3,23.25,0.004646
Al_degrader_E4_E3,23.31,0.005392666666666666
Al_degrader_E4_E3,23.369999999999997,0.006233333333333333
Al_degrader_E4_E3,23.43,0.007050777777777778
Al_degrader_E4_E3,23.490000000000002,0.008020888888888888
Al_degrader_E4_E3,23.549999999999997,0.008996666666666667
Al_degrader_E4_E3,23.61,0.010008
Al_degrader_E4_E3,23.67,0.011022777777777777
Al_degrader_E4_E3,23.729999999999997,0.012027555555555555
Al_degrader_E4_E3,23.79,0.013058888888888889
Al_degrader_E4_E3,23.85,0.014104444444444444
Al_degrader_E4_E3,23.909999999999997,0.015133
Al_degrader_E4_E3,23.97,0.016025888888888888
Al_degrader_E4_E3,24.03,0.016902555555555556
Al_degrader_E4_E3,24.089999999999996,0.01773788888888889
Al_degrader_E4_E3,24.15,0.018508
Al_degrader_E4_E3,24.21,0.019270444444444444
Al_degrader_E4_E3,24.27,0.019867555555555555
Al_degrader_E4_E3,24.33,0.020454777777777777
Al_degrader_E4_E3,24.39,0.020918222222222223
Al_degrader_E4_E3,24.45,0.021356666666666666
Al_degrader_E4_E3,24.509999999999998,0.02182011111111111
Al_degrader_E4_E3,24.57,0.022107111111111112
Al_degrader_E4_E3,24.63,0.022395222222222223
Al_degrader_E4_E3,24.689999999999998,0.022574777777777777
Al_degrader_E4_E3,24.75,0.022748444444444446
Al_degrader_E4_E3,24.81,0.023078777777777778
Al_degrader_E4_E3,24.869999999999997,0.023059
Al_degrader_E4_E3,24.93,0.023164555555555556
Al_degrader_E4_E3,24.990000000000002,0.023209666666666667
Al_degrader_E4_E3,25.049999999999997,0.02326822222222222
Al_degrader_E4_E3,25.11,0.023324333333333332
Al_degrader_E4_E3,25.17,0.023246
Al_degrader_E4_E3,25.229999999999997,0.02316688888888889
Al_degrader_E4_E3,25.29,0.023072
Al_degrader_E4_E3,25.35,0.022946666666666667
Al_degrader_E4_E3,25.409999999999997,0.022733555555555555
Al_degrader_E4_E3,25.47,0.022440222222222223
Al_degrader_E4_E3,25.53,0.022076111111111112
Al_degrader_E4_E3,25.589999999999996,0.021674222222222223
Al_degrader_E4_E3,25.65,0.02127322222222222
Al_degrader_E4_E3,25.71,0.02062122222222222
Al_degrader_E4_E3,25.77,0.01993
Al_degrader_E4_E3,25.83,0.019172222222222222
Al_degrader_E4_E3,25.89,0.018346555555555557
Al_degrader_E4_E3,25.95,0.017467444444444445
Al_degrader_E4_E3,26.009999999999998,0.016478
Al_degrader_E4_E3,26.07,0.015344222222222223
Al_degrader_E4_E3,26.13,0.014225444444444445
Al_degrader_E4_E3,26.189999999999998,0.013202333333333333
Al_degrader_E4_E3,26.25,0.011979777777777778
Al_degrader_E4_E3,26.31,0.010807
Al_degrader_E4_E3,26.369999999999997,0.00962
Al_degrader_E4_E3,26.43,0.008523777777777778
Al_degrader_E4_E3,26.49,0.0074986666666666665
Al_degrader_E4_E3,26.549999999999997,0.006499555555555555
Al_degrader_E4_E3,26.61,0.005527333333333334
Al_degrader_E4_E3,26.67,0.004680666666666666
Al_degrader_E4_E3,26.729999999999997,0.0039436666666666665
Al_degrader_E4_E3,26.79,0.003256111111111111
Al_degrader_E4_E3,26.85,0.002619888888888889
Al_degrader_E4_E3,26.909999999999997,0.0021374444444444444
Al_degrader_E4_E3,26.97,0.001708888888888889
Al_degrader_E4_E3,27.03,0.0013442222222222221
Al_degrader_E4_E3,27.089999999999996,0.0010202222222222223
Al_degrader_E4_E3,27.15,0.0007953333333333333
Al_degrader_E4_E3,27.21,0.0006025555555555555
Al_degrader_E4_E3,27.27,0.00045755555555555556
Al_degrader_E4_E3,27.33,0.00032655555555555557
Al_degrader_E4_E3,27.39,0.0002321111111111111
Al_degrader_E4_E3,27.45,0.0001741111111111111
Al_degrader_E4_E3,27.509999999999998,0.00012277777777777778
Al_degrader_E4_E3,27.57,8.811111111111111e-05
Al_degrader_E4_E3,27.63,5.288888888888889e-05
Al_degrader_E4_E3,27.689999999999998,4.2555555555555554e-05
Al_degrader_E4_E3,27.75,2.7555555555555555e-05
Al_degrader_E4_E3,27.81,1.8555555555555557e-05
Al_degrader_E4_E3,27.869999999999997,1.0444444444444445e-05
Al_degrader_E4_E3,27.93,8e-06
Al_degrader_E4_E3,27.99,3.888888888888889e-06
Al_degrader_E4_E3,28.049999999999997,3e-06
Al_degrader_E4_E3,28.11,1.7777777777777777e-06
Al_degrader_E4_E3,28.17,1.111111111111111e-06
Al_degrader_E4_E3,28.229999999999997,4.4444444444444444e-07
Al_degrader_E4_E3,28.29,2.2222222222222222e-07
Al_degrader_E4_E3,28.35,4.4444444444444444e-07
Al_degrader_E4_E3,28.409999999999997,2.2222222222222222e-07
Al_degrader_E4_E3,28.47,0.0
Al_degrader_E4_E3,28.53,0.0
Al_degrader_E4_E3,28.589999999999996,2.2222222222222222e-07
Ni10,20.85,3.3333333333333335e-07
Ni10,20.909999999999997,3.3333333333333335e-07
Ni10,20.97,3.3333333333333335e-07
Ni10,21.03,1.3333333333333334e-06
Ni10,21.089999999999996,2e-06
Ni10,21.15,2e-06
Ni10,21.21,3.6666666666666666e-06
Ni10,21.27,7.333333333333333e-06
Ni10,21.33,1.1e-05
Ni10,21.39,1.7666666666666668e-05
Ni10,21.45,1.9666666666666666e-05
Ni10,21.509999999999998,3.433333333333333e-05
Ni10,21.57,4.7333333333333336e-05
Ni10,21.63,6.8e-05
Ni10,21.689999999999998,0.0001
Ni10,21.75,0.00013566666666666667
Ni10,21.81,0.00020466666666666666
Ni10,21.869999999999997,0.0002916666666666667
Ni10,21.93,0.00036833333333333336
Ni10,21.990000000000002,0.0005203333333333334
Ni10,22.049999999999997,0.0007496666666666667
Ni10,22.11,0.000978
Ni10,22.17,0.0013053333333333333
Ni10,22.229999999999997,0.001692
Ni10,22.29,0.0022313333333333334
Ni10,22.35,0.002845
Ni10,22.409999999999997,0.0036163333333333334
Ni10,22.47,0.004515333333333333
Ni10,22.53,0.005686333333333333
Ni10,22.589999999999996,0.006951
Ni10,22.65,0.008464
Ni10,22.71,0.010295
Ni10,22.77,0.012123666666666666
Ni10,22.83,0.014328
Ni10,22.89,0.016790333333333334
Ni10,22.95,0.019097666666666666
Ni10,23.009999999999998,0.021841666666666665
Ni10,23.07,0.024604
Ni10,23.13,0.027235333333333334
Ni10,23.189999999999998,0.030005333333333332
Ni10,23.25,0.03262366666666667
Ni10,23.31,0.034948
Ni10,23.369999999999997,0.037239666666666664
Ni10,23.43,0.039128
Ni10,23.490000000000002,0.04060266666666667
Ni10,23.549999999999997,0.041842
Ni10,23.61,0.042625666666666666
Ni10,23.67,0.042646
Ni10,23.729999999999997,0.042505666666666664
Ni10,23.79,0.04163133333333333
Ni10,23.85,0.04037366666666667
Ni10,23.909999999999997,0.03886166666666667
Ni10,23.97,0.03692566666666667
Ni10,24.03,0.034389666666666666
Ni10,24.089999999999996,0.031857
Ni10,24.15,0.029275
Ni10,24.21,0.026519666666666667
Ni10,24.27,0.023577333333333332
Ni10,24.33,0.021038333333333332
Ni10,24.39,0.018308333333333333
Ni10,24.45,0.015795
Ni10,24.509999999999998,0.013490666666666666
Ni10,24.57,0.011346
Ni10,24.63,0.009439666666666667
Ni10,24.689999999999998,0.007783666666666667
Ni10,24.75,0.006297
Ni10,24.81,0.005107
Ni10,24.869999999999997,0.004051
Ni10,24.93,0.003118333333333333
Ni10,24.990000000000002,0.0024476666666666666
Ni10,25.049999999999997,0.0018993333333333334
Ni10,25.11,0.0013926666666666666
Ni10,25.17,0.001029
Ni10,25.229999999999997,0.0007946666666666667
Ni10,25.29,0.000551
Ni10,25.35,0.00041233333333333335
Ni10,25.409999999999997,0.00030133333333333336
Ni10,25.47,0.00019866666666666668
Ni10,25.53,0.00014333333333333334
Ni10,25.589999999999996,0.00010066666666666667
Ni10,25.65,7.433333333333333e-05
Ni10,25.71,3.9666666666666664e-05
Ni10,25.77,2.8333333333333332e-05
Ni10,25.83,1.6666666666666667e-05
Ni10,25.89,1.1666666666666666e-05
Ni10,25.95,8e-06
Ni10,26.009999999999998,2.666666666666667e-06
Ni10,26.07,4.333333333333333e-06
Ni10,26.13,1.3333333333333334e-06
Ni10,26.189999999999998,1e-06
Ni10,26.25,6.666666666666667e-07
Ni10,26.31,1e-06
Ni10,26.369999999999997,3.3333333333333335e-07
Ni10,26.43,0.0
Ni10,26.49,6.666666666666667e-07
Sn10,20.729999999999997,3.3333333333333335e-07
Sn10,20.79,6.666666666666667e-07
Sn10,20.85,1e-06
Sn10,20.909999999999997,1.3333333333333334e-06
Sn10,20.97,3e-06
Sn10,21.03,4e-06
Sn10,21.089999999999996,5.666666666666667e-06
Sn10,21.15,9.666666666666667e-06
Sn10,21.21,1.5333333333333334e-05
Sn10,21.27,2.7e-05
Sn10,21.33,3.4e-05
Sn10,21.39,4.9e-05
Sn10,21.45,6.666666666666667e-05
Sn10,21.509999999999998,9.7e-05
Sn10,21.57,0.000144
Sn10,21.63,0.00020233333333333334
Sn10,21.689999999999998,0.000282
Sn10,21.75,0.000407
Sn10,21.81,0.0005733333333333334
Sn10,21.869999999999997,0.0007453333333333333
Sn10,21.93,0.0010143333333333332
Sn10,21.990000000000002,0.0014006666666666666
Sn10,22.049999999999997,0.0018623333333333332
Sn10,22.11,0.0023913333333333334
Sn10,22.17,0.0030556666666666666
Sn10,22.229999999999997,0.003885
Sn10,22.29,0.0049496666666666665
Sn10,22.35,0.006141
Sn10,22.409999999999997,0.007524
Sn10,22.47,0.009168333333333334
Sn10,22.53,0.011147666666666667
Sn10,22.589999999999996,0.013342
Sn10,22.65,0.015713
Sn10,22.71,0.018249666666666668
Sn10,22.77,0.020964333333333335
Sn10,22.83,0.023787
Sn10,22.89,0.026612666666666666
Sn10,22.95,0.029372333333333334
Sn10,23.009999999999998,0.03213166666666667
Sn10,23.07,0.034815
Sn10,23.13,0.037312
Sn10,23.189999999999998,0.03942933333333333
Sn10,23.25,0.041218333333333336
Sn10,23.31,0.042514666666666666
Sn10,23.369999999999997,0.04333466666666667
Sn10,23.43,0.043694
Sn10,23.490000000000002,0.04363533333333333
Sn10,23.549999999999997,0.04304633333333333
Sn10,23.61,0.041829333333333336
Sn10,23.67,0.040031333333333335
Sn10,23.729999999999997,0.03784866666666667
Sn10,23.79,0.035494333333333336
Sn10,23.85,0.032871
Sn10,23.909999999999997,0.030244666666666666
Sn10,23.97,0.027304666666666668
Sn10,24.03,0.024259
Sn10,24.089999999999996,0.021438333333333334
Sn10,24.15,0.018705666666666666
Sn10,24.21,0.016101
Sn10,24.27,0.013626666666666667
Sn10,24.33,0.011443666666666666
Sn10,24.39,0.009466666666666667
Sn10,24.45,0.007761
Sn10,24.509999999999998,0.006279333333333333
Sn10,24.57,0.004960666666666667
Sn10,24.63,0.003969
Sn10,24.689999999999998,0.0030873333333333334
Sn10,24.75,0.0023483333333333333
Sn10,24.81,0.0017556666666666667
Sn10,24.869999999999997,0.0013226666666666667
Sn10,24.93,0.001003
Sn10,24.990000000000002,0.000741
Sn10,25.049999999999997,0.0005313333333333333
Sn10,25.11,0.00035666666666666664
Sn10,25.17,0.00025866666666666665
Sn10,25.229999999999997,0.000204
Sn10,25.29,0.000135
Sn10,25.35,8.2e-05
Sn10,25.409999999999997,5.5333333333333334e-05
Sn10,25.47,3.933333333333333e-05
Sn10,25.53,2.3666666666666668e-05
Sn10,25.589999999999996,1.4666666666666666e-05
Sn10,25.65,9.333333333333333e-06
Sn10,25.71,5.333333333333334e-06
Sn10,25.77,3.6666666666666666e-06
Sn10,25.83,1.3333333333333334e-06
Sn10,25.89,2e-06
Sn10,25.95,1.3333333333333334e-06
Sn10,26.009999999999998,3.3333333333333335e-07
Sn10,26.07,6.666666666666667e-07
Sn10,26.13,1e-06
Sn10,26.189999999999998,3.3333333333333335e-07
Ta10,20.43,3.3333333333333335e-07
Ta10,20.490000000000002,3.3333333333333335e-07
Ta10,20.549999999999997,6.666666666666667e-07
Ta10,20.61,1e-06
Ta10,20.67,2e-06
Ta10,20.729999999999997,2.666666666666667e-06
Ta10,20.79,4.333333333333333e-06
Ta10,20.85,6.333333333333333e-06
Ta10,20.909999999999997,1.2e-05
Ta10,20.97,1.6666666666666667e-05
Ta10,21.03,2.1e-05
Ta10,21.089999999999996,3.633333333333333e-05
Ta10,21.15,4.766666666666667e-05
Ta10,21.21,6.633333333333334e-05
Ta10,21.27,0.000108
Ta10,21.33,0.000132
Ta10,21.39,0.000198
Ta10,21.45,0.000292
Ta10,21.509999999999998,0.000376
Ta10,21.57,0.000526
Ta10,21.63,0.0007196666666666666
Ta10,21.689999999999998,0.0009796666666666667
Ta10,21.75,0.001305
Ta10,21.81,0.0016676666666666667
Ta10,21.869999999999997,0.0021923333333333335
Ta10,21.93,0.002807333333333333
Ta10,21.990000000000002,0.003623
Ta10,22.049999999999997,0.00447
Ta10,22.11,0.00557
Ta10,22.17,0.006869333333333333
Ta10,22.229999999999997,0.008386666666666667
Ta10,22.29,0.010115333333333334
Ta10,22.35,0.012041333333333333
Ta10,22.409999999999997,0.014162
Ta10,22.47,0.01662133333333333
Ta10,22.53,0.019008
Ta10,22.589999999999996,0.021704666666666667
Ta10,22.65,0.024353333333333334
Ta10,22.71,0.027045666666666666
Ta10,22.77,0.029878
Ta10,22.83,0.03226166666666667
Ta10,22.89,0.034766
Ta10,22.95,0.03704433333333333
Ta10,23.009999999999998,0.03902566666666667
Ta10,23.07,0.04040766666666667
Ta10,23.13,0.041724
Ta10,23.189999999999998,0.04248866666666667
Ta10,23.25,0.04263433333333334
Ta10,23.31,0.042467
Ta10,23.369999999999997,0.041698
Ta10,23.43,0.040407
Ta10,23.490000000000002,0.03905366666666667
Ta10,23.549999999999997,0.03678133333333333
Ta10,23.61,0.034667333333333335
Ta10,23.67,0.03197166666666667
Ta10,23.729999999999997,0.029454333333333332
Ta10,23.79,0.026697666666666668
Ta10,23.85,0.023906666666666666
Ta10,23.909999999999997,0.02114
Ta10,23.97,0.018492666666666668
Ta10,24.03,0.015992333333333334
Ta10,24.089999999999996,0.013696666666666666
Ta10,24.15,0.011549333333333333
Ta10,24.21,0.009538333333333333
Ta10,24.27,0.007955333333333333
Ta10,24.33,0.006455
Ta10,24.39,0.005227
Ta10,24.45,0.004099666666666666
Ta10,24.509999999999998,0.003229333333333333
Ta10,24.57,0.002520333333333333
Ta10,24.63,0.001909
Ta10,24.689999999999998,0.0014886666666666666
Ta10,24.75,0.0010593333333333334
Ta10,24.81,0.0008116666666666667
Ta10,24.869999999999997,0.000592
Ta10,24.93,0.0004316666666666667
Ta10,24.990000000000002,0.000309
Ta10,25.049999999999997,0.000211
Ta10,25.11,0.00015533333333333333
Ta10,25.17,0.00010533333333333334
Ta10,25.229999999999997,7.533333333333334e-05
Ta10,25.29,4.6666666666666665e-05
Ta10,25.35,2.8e-05
Ta10,25.409999999999997,2.1333333333333335e-05
Ta10,25.47,9.333333333333333e-06
Ta10,25.53,1.0333333333333333e-05
Ta10,25.589999999999996,3e-06
Ta10,25.65,4.333333333333333e-06
Ta10,25.71,1e-06
Ta10,25.77,1.3333333333333334e-06
Ta10,25.83,1.3333333333333334e-06
Ta10,25.89,6.666666666666667e-07
Ta10,25.95,6.666666666666667e-07
Ta10,26.009999999999998,0.0
Ta10,26.07,6.666666666666667e-07
Cu10,20.07,3.3333333333333335e-07
Cu10,20.13,3.3333333333333335e-07
Cu10,20.189999999999998,3.3333333333333335e-07
Cu10,20.25,1e-06
Cu10,20.31,2.333333333333333e-06
Cu10,20.369999999999997,1.3333333333333334e-06
Cu10,20.43,4e-06
Cu10,20.490000000000002,6.666666666666667e-06
Cu10,20.549999999999997,9e-06
Cu10,20.61,1.5333333333333334e-05
Cu10,20.67,2e-05
Cu10,20.729999999999997,2.7666666666666667e-05
Cu10,20.79,4.7333333333333336e-05
Cu10,20.85,5.5e-05
Cu10,20.909999999999997,8.7e-05
Cu10,20.97,0.00012
Cu10,21.03,0.00016266666666666667
Cu10,21.089999999999996,0.000255
Cu10,21.15,0.0003266666666666667
Cu10,21.21,0.000429
Cu10,21.27,0.0006353333333333333
Cu10,21.33,0.0008343333333333333
Cu10,21.39,0.0011033333333333333
Cu10,21.45,0.001451
Cu10,21.509999999999998,0.001885
Cu10,21.57,0.002409333333333333
Cu10,21.63,0.003095333333333333
Cu10,21.689999999999998,0.0038813333333333334
Cu10,21.75,0.004803
Cu10,21.81,0.005954666666666666
Cu10,21.869999999999997,0.007306666666666667
Cu10,21.93,0.008800666666666667
Cu10,21.990000000000002,0.010645
Cu10,22.049999999999997,0.012464
Cu10,22.11,0.014634333333333333
Cu10,22.17,0.017049
Cu10,22.229999999999997,0.019351
Cu10,22.29,0.022003
Cu10,22.35,0.024601333333333333
Cu10,22.409999999999997,0.027224
Cu10,22.47,0.029861333333333333
Cu10,22.53,0.032377333333333334
Cu10,22.589999999999996,0.034654
Cu10,22.65,0.036748333333333334
Cu10,22.71,0.038637333333333336
Cu10,22.77,0.039995
Cu10,22.83,0.041099666666666666
Cu10,22.89,0.041883
Cu10,22.95,0.04194
Cu10,23.009999999999998,0.04183
Cu10,23.07,0.04094233333333333
Cu10,23.13,0.039731333333333334
Cu10,23.189999999999998,0.038434666666666666
Cu10,23.25,0.036304333333333334
Cu10,23.31,0.03409633333333333
Cu10,23.369999999999997,0.031571666666666665
Cu10,23.43,0.029151333333333335
Cu10,23.490000000000002,0.02648966666666667
Cu10,23.549999999999997,0.023641666666666665
Cu10,23.61,0.021107333333333332
Cu10,23.67,0.018491666666666667
Cu10,23.729999999999997,0.016033
Cu10,23.79,0.013727333333333333
Cu10,23.85,0.011736666666666666
Cu10,23.909999999999997,0.009666
Cu10,23.97,0.008072666666666667
Cu10,24.03,0.0066356666666666664
Cu10,24.089999999999996,0.0053423333333333335
Cu10,24.15,0.004293
Cu10,24.21,0.003327333333333333
Cu10,24.27,0.002643
Cu10,24.33,0.0020406666666666668
Cu10,24.39,0.001578
Cu10,24.45,0.0011293333333333333
Cu10,24.509999999999998,0.0008636666666666667
Cu10,24.57,0.0006523333333333333
Cu10,24.63,0.0004533333333333333
Cu10,24.689999999999998,0.000362
Cu10,24.75,0.00022966666666666667
Cu10,24.81,0.00016366666666666667
Cu10,24.869999999999997,0.000124
Cu10,24.93,8.233333333333333e-05
Cu10,24.990000000000002,5.3666666666666666e-05
Cu10,25.049999999999997,3.266666666666666e-05
Cu10,25.11,2.7e-05
Cu10,25.17,1.1666666666666666e-05
Cu10,25.229999999999997,1.2e-05
Cu10,25.29,5.666666666666667e-06
Cu10,25.35,2.333333333333333e-06
Cu10,25.409999999999997,3.3333333333333333e-06
Cu10,25.47,1e-06
Cu10,25.53,1.3333333333333334e-06
Cu10,25.589999999999996,6.666666666666667e-07
Cu10,25.65,1e-06
Cu10,25.71,0.0
Cu10,25.77,0.0
Cu10,25.83,6.666666666666667e-07
Al_degrader_E6_E5,17.189999999999998,9.090909090909091e-08
Al_degrader_E6_E5,17.25,0.0
Al_degrader_E6_E5,17.310000000000002,9.090909090909091e-08
Al_degrader_E6_E5,17.369999999999997,1.8181818181818183e-07
Al_degrader_E6_E5,17.43,9.090909090909091e-08
Al_degrader_E6_E5,17.490000000000002,6.363636363636364e-07
Al_degrader_E6_E5,17.549999999999997,2.7272727272727274e-07
Al_degrader_E6_E5,17.61,8.181818181818182e-07
Al_degrader_E6_E5,17.67,9.09090909090909e-07
Al_degrader_E6_E5,17.729999999999997,1.4545454545454546e-06
Al_degrader_E6_E5,17.79,3.272727272727273e-06
Al_degrader_E6_E5,17.85,3.4545454545454545e-06
Al_degrader_E6_E5,17.909999999999997,3.909090909090909e-06
Al_degrader_E6_E5,17.97,6.090909090909091e-06
Al_degrader_E6_E5,18.03,9.454545454545454e-06
Al_degrader_E6_E5,18.09,1.2454545454545454e-05
Al_degrader_E6_E5,18.15,1.6636363636363637e-05
Al_degrader_E6_E5,18.21,2.3090909090909093e-05
Al_degrader_E6_E5,18.27,2.881818181818182e-05
Al_degrader_E6_E5,18.33,4.354545454545454e-05
Al_degrader_E6_E5,18.39,5.9818181818181817e-05
Al_degrader_E6_E5,18.45,7.636363636363636e-05
Al_degrader_E6_E5,18.509999999999998,9.49090909090909e-05
Al_degrader_E6_E5,18.57,0.0001309090909090909
Al_degrader_E6_E5,18.63,0.00017863636363636364
Al_degrader_E6_E5,18.689999999999998,0.000228
Al_degrader_E6_E5,18.75,0.00028645454545454547
Al_degrader_E6_E5,18.81,0.00034836363636363634
Al_degrader_E6_E5,18.869999999999997,0.00046563636363636365
Al_degrader_E6_E5,18.93,0.0005795454545454545
Al_degrader_E6_E5,18.990000000000002,0.0007211818181818182
Al_degrader_E6_E5,19.049999999999997,0.0008687272727272728
Al_degrader_E6_E5,19.11,0.001056909090909091
Al_degrader_E6_E5,19.17,0.0013082727272727274
Al_degrader_E6_E5,19.229999999999997,0.0015866363636363636
Al_degrader_E6_E5,19.29,0.0019046363636363636
Al_degrader_E6_E5,19.35,0.002226
Al_degrader_E6_E5,19.409999999999997,0.002613
Al_degrader_E6_E5,19.47,0.003087
Al_degrader_E6_E5,19.53,0.0036114545454545453
Al_degrader_E6_E5,19.59,0.004103909090909091
Al_degrader_E6_E5,19.65,0.004703454545454545
Al_degrader_E6_E5,19.71,0.005299909090909091
Al_degrader_E6_E5,19.77,0.0060097272727272725
Al_degrader_E6_E5,19.83,0.006746909090909091
Al_degrader_E6_E5,19.89,0.007458818181818182
Al_degrader_E6_E5,19.95,0.008212636363636363
Al_degrader_E6_E5,20.009999999999998,0.009036181818181818
Al_degrader_E6_E5,20.07,0.009884
Al_degrader_E6_E5,20.13,0.010680636363636364
Al_degrader_E6_E5,20.189999999999998,0.011460454545454546
Al_degrader_E6_E5,20.25,0.012280727272727273
Al_degrader_E6_E5,20.31,0.013107272727272728
Al_degrader_E6_E5,20.369999999999997,0.013929545454545455
Al_degrader_E6_E5,20.43,0.014618181818181818
Al_degrader_E6_E5,20.490000000000002,0.015304545454545454
Al_degrader_E6_E5,20.549999999999997,0.015969454545454547
Al_degrader_E6_E5,20.61,0.016680818181818182
Al_degrader_E6_E5,20.67,0.017221363636363635
Al_degrader_E6_E5,20.729999999999997,0.017703545454545454
Al_degrader_E6_E5,20.79,0.018245818181818182
Al_degrader_E6_E5,20.85,0.018728545454545456
Al_degrader_E6_E5,20.909999999999997,0.01912990909090909
Al_degrader_E6_E5,20.97,0.019330272727272727
Al_degrader_E6_E5,21.03,0.01980609090909091
Al_degrader_E6_E5,21.089999999999996,0.020005727272727272
Al_degrader_E6_E5,21.15,0.020282818181818183
Al_degrader_E6_E5,21.21,0.020459545454545456
Al_degrader_E6_E5,21.27,0.020643636363636364
Al_degrader_E6_E5,21.33,0.02075881818181818
Al_degrader_E6_E5,21.39,0.020940636363636363
Al_degrader_E6_E5,21.45,0.02097418181818182
Al_degrader_E6_E5,21.509999999999998,0.021051363636363635
Al_degrader_E6_E5,21.57,0.021119727272727273
Al_degrader_E6_E5,21.63,0.02118981818181818
Al_degrader_E6_E5,21.689999999999998,0.021151363636363635
Al_degrader_E6_E5,21.75,0.021053
Al_degrader_E6_E5,21.81,0.02107909090909091
Al_degrader_E6_E5,21.869999999999997,0.020953909090909092
Al_degrader_E6_E5,21.93,0.020875363636363636
Al_degrader_E6_E5,21.990000000000002,0.020597272727272728
Al_degrader_E6_E5,22.049999999999997,0.020485727272727274
Al_degrader_E6_E5,22.11,0.02015
Al_degrader_E6_E5,22.17,0.019861545454545455
Al_degrader_E6_E5,22.229999999999997,0.019418636363636364
Al_degrader_E6_E5,22.29,0.019063727272727274
Al_degrader_E6_E5,22.35,0.01847390909090909
Al_degrader_E6_E5,22.409999999999997,0.017931545454545453
Al_degrader_E6_E5,22.47,0.017254454545454545
Al_degrader_E6_E5,22.53,0.016630909090909092
Al_degrader_E6_E5,22.589999999999996,0.015786818181818183
Al_degrader_E6_E5,22.65,0.015000545454545454
Al_degrader_E6_E5,22.71,0.014115090909090909
Al_degrader_E6_E5,22.77,0.013269454545454546
Al_degrader_E6_E5,22.83,0.012280727272727273
Al_degrader_E6_E5,22.89,0.011353636363636364
Al_degrader_E6_E5,22.95,0.010372
Al_degrader_E6_E5,23.009999999999998,0.009486363636363637
Al_degrader_E6_E5,23.07,0.00850809090909091
Al_degrader_E6_E5,23.13,0.007569454545454546
Al_degrader_E6_E5,23.189999999999998,0.006732181818181819
Al_degrader_E6_E5,23.25,0.005938272727272727
Al_degrader_E6_E5,23.31,0.005163272727272727
Al_degrader_E6_E5,23.369999999999997,0.004418636363636363
Al_degrader_E6_E5,23.43,0.0037778181818181817
Al_degrader_E6_E5,23.490000000000002,0.0032244545454545455
Al_degrader_E6_E5,23.549999999999997,0.0026837272727272725
Al_degrader_E6_E5,23.61,0.0022222727272727272
Al_degrader_E6_E5,23.67,0.0018094545454545455
Al_degrader_E6_E5,23.729999999999997,0.0014781818181818182
Al_degrader_E6_E5,23.79,0.0011942727272727272
Al_degrader_E6_E5,23.85,0.0009513636363636364
Al_degrader_E6_E5,23.909999999999997,0.0007317272727272727
Al_degrader_E6_E5,23.97,0.0005760909090909091
Al_degrader_E6_E5,24.03,0.000448
Al_degrader_E6_E5,24.089999999999996,0.00033709090909090906
Al_degrader_E6_E5,24.15,0.00025945454545454546
Al_degrader_E6_E5,24.21,0.00018263636363636363
Al_degrader_E6_E5,24.27,0.00013618181818181817
Al_degrader_E6_E5,24.33,0.00010236363636363637
Al_degrader_E6_E5,24.39,7.972727272727272e-05
Al_degrader_E6_E5,24.45,4.827272727272727e-05
Al_degrader_E6_E5,24.509999999999998,3.454545454545455e-05
Al_degrader_E6_E5,24.57,2.7636363636363636e-05
Al_degrader_E6_E5,24.63,1.881818181818182e-05
Al_degrader_E6_E5,24.689999999999998,1.2181818181818182e-05
Al_degrader_E6_E5,24.75,7.090909090909091e-06
Al_degrader_E6_E5,24.81,5e-06
Al_degrader_E6_E5,24.869999999999997,4e-06
Al_degrader_E6_E5,24.93,2.0909090909090907e-06
Al_degrader_E6_E5,24.990000000000002,1.2727272727272728e-06
Al_degrader_E6_E5,25.049999999999997,7.272727272727273e-07
Al_degrader_E6_E5,25.11,9.09090909090909e-07
Al_degrader_E6_E5,25.17,9.090909090909091e-08
Al_degrader_E6_E5,25.229999999999997,1.8181818181818183e-07
Al_degrader_E6_E5,25.29,3.6363636363636366e-07
Al_degrader_E6_E5,25.35,9.090909090909091e-08
Al_degrader_E6_E5,25.409999999999997,0.0
Al_degrader_E6_E5,25.47,0.0
Al_degrader_E6_E5,25.53,1.8181818181818183e-07
Ni11,16.77,3.3333333333333335e-07
Ni11,16.83,0.0
Ni11,16.89,3.3333333333333335e-07
Ni11,16.95,1.3333333333333334e-06
Ni11,17.009999999999998,6.666666666666667e-07
Ni11,17.07,1.6666666666666667e-06
Ni11,17.13,1.3333333333333334e-06
Ni11,17.189999999999998,3.6666666666666666e-06
Ni11,17.25,5.666666666666667e-06
Ni11,17.310000000000002,5e-06
Ni11,17.369999999999997,1.4e-05
Ni11,17.43,1.2666666666666667e-05
Ni11,17.490000000000002,1.9333333333333333e-05
Ni11,17.549999999999997,2.8666666666666668e-05
Ni11,17.61,4.0333333333333336e-05
Ni11,17.67,4.8666666666666666e-05
Ni11,17.729999999999997,7.1e-05
Ni11,17.79,0.000104
Ni11,17.85,0.000121
Ni11,17.909999999999997,0.00017833333333333332
Ni11,17.97,0.00024233333333333333
Ni11,18.03,0.000312
Ni11,18.09,0.00038666666666666667
Ni11,18.15,0.0005583333333333333
Ni11,18.21,0.0007133333333333333
Ni11,18.27,0.000897
Ni11,18.33,0.0011606666666666666
Ni11,18.39,0.001459
Ni11,18.45,0.001853
Ni11,18.509999999999998,0.002263666666666667
Ni11,18.57,0.0028443333333333333
Ni11,18.63,0.003459666666666667
Ni11,18.689999999999998,0.004202666666666667
Ni11,18.75,0.005121
Ni11,18.81,0.006072333333333333
Ni11,18.869999999999997,0.0072376666666666666
Ni11,18.93,0.008547
Ni11,18.990000000000002,0.009985333333333334
Ni11,19.049999999999997,0.011547666666666666
Ni11,19.11,0.013289
Ni11,19.17,0.01519
Ni11,19.229999999999997,0.017001
Ni11,19.29,0.019054
Ni11,19.35,0.021247333333333333
Ni11,19.409999999999997,0.023154666666666667
Ni11,19.47,0.025440333333333332
Ni11,19.53,0.027457333333333334
Ni11,19.59,0.029349666666666666
Ni11,19.65,0.031230333333333332
Ni11,19.71,0.03283066666666667
Ni11,19.77,0.034404
Ni11,19.83,0.035500333333333335
Ni11,19.89,0.036498
Ni11,19.95,0.03742
Ni11,20.009999999999998,0.037432
Ni11,20.07,0.037518333333333334
Ni11,20.13,0.037413
Ni11,20.189999999999998,0.036452
Ni11,20.25,0.03551466666666667
Ni11,20.31,0.034322
Ni11,20.369999999999997,0.03297066666666667
Ni11,20.43,0.031048
Ni11,20.490000000000002,0.029209333333333334
Ni11,20.549999999999997,0.027112333333333332
Ni11,20.61,0.025021666666666668
Ni11,20.67,0.022853666666666668
Ni11,20.729999999999997,0.020653666666666667
Ni11,20.79,0.018597666666666665
Ni11,20.85,0.01656
Ni11,20.909999999999997,0.014433666666666666
Ni11,20.97,0.012566333333333334
Ni11,21.03,0.011019666666666667
Ni11,21.089999999999996,0.009278333333333333
Ni11,21.15,0.007875333333333333
Ni11,21.21,0.006661333333333333
Ni11,21.27,0.005467666666666667
Ni11,21.33,0.004531333333333333
Ni11,21.39,0.0036836666666666667
Ni11,21.45,0.0029443333333333335
Ni11,21.509999999999998,0.0023766666666666667
Ni11,21.57,0.001877
Ni11,21.63,0.0014906666666666666
Ni11,21.689999999999998,0.0011273333333333333
Ni11,21.75,0.000864
Ni11,21.81,0.0006856666666666667
Ni11,21.869999999999997,0.0004886666666666667
Ni11,21.93,0.000377
Ni11,21.990000000000002,0.000295
Ni11,22.049999999999997,0.000198
Ni11,22.11,0.00014166666666666668
Ni11,22.17,0.000109
Ni11,22.229999999999997,7.833333333333333e-05
Ni11,22.29,5.5e-05
Ni11,22.35,3.433333333333333e-05
Ni11,22.409999999999997,2.4666666666666665e-05
Ni11,22.47,1.6e-05
Ni11,22.53,1.0333333333333333e-05
Ni11,22.589999999999996,8e-06
Ni11,22.65,4e-06
Ni11,22.71,2.333333333333333e-06
Ni11,22.77,2.666666666666667e-06
Ni11,22.83,1.3333333333333334e-06
Ni11,22.89,1e-06
Ni11,22.95,3.3333333333333335e-07
Ni11,23.009999999999998,1e-06
Ni11,23.07,3.3333333333333335e-07
Ni11,23.13,0.0
Ni11,23.189999999999998,6.666666666666667e-07
Sn11,16.65,3.3333333333333335e-07
Sn11,16.71,3.3333333333333335e-07
Sn11,16.77,6.666666666666667e-07
Sn11,16.83,1.3333333333333334e-06
Sn11,16.89,2e-06
Sn11,16.95,3e-06
Sn11,17.009999999999998,3e-06
Sn11,17.07,5e-06
Sn11,17.13,8e-06
Sn11,17.189999999999998,1.0666666666666667e-05
Sn11,17.25,1.9333333333333333e-05
Sn11,17.310000000000002,2.5e-05
Sn11,17.369999999999997,3.4666666666666665e-05
Sn11,17.43,4.266666666666667e-05
Sn11,17.490000000000002,6.0333333333333334e-05
Sn11,17.549999999999997,8.066666666666667e-05
Sn11,17.61,0.00011133333333333333
Sn11,17.67,0.000153
Sn11,17.729999999999997,0.00019733333333333332
Sn11,17.79,0.0002716666666666667
Sn11,17.85,0.00037033333333333335
Sn11,17.909999999999997,0.0004953333333333333
Sn11,17.97,0.0006223333333333334
Sn11,18.03,0.000809
Sn11,18.09,0.0010533333333333334
Sn11,18.15,0.0013856666666666668
Sn11,18.21,0.001761
Sn11,18.27,0.0021623333333333334
Sn11,18.33,0.0026636666666666666
Sn11,18.39,0.003273
Sn11,18.45,0.004070666666666667
Sn11,18.509999999999998,0.004935666666666666
Sn11,18.57,0.005918333333333334
Sn11,18.63,0.007047333333333333
Sn11,18.689999999999998,0.00836
Sn11,18.75,0.009873
Sn11,18.81,0.011534666666666667
Sn11,18.869999999999997,0.013361333333333333
Sn11,18.93,0.015217666666666666
Sn11,18.990000000000002,0.017230666666666665
Sn11,19.049999999999997,0.019429
Sn11,19.11,0.021599666666666666
Sn11,19.17,0.02369833333333333
Sn11,19.229999999999997,0.025801666666666667
Sn11,19.29,0.027975666666666666
Sn11,19.35,0.03007
Sn11,19.409999999999997,0.03192166666666667
Sn11,19.47,0.033778
Sn11,19.53,0.035192
Sn11,19.59,0.03647466666666667
Sn11,19.65,0.03743866666666667
Sn11,19.71,0.038087666666666666
Sn11,19.77,0.038298
Sn11,19.83,0.038400666666666666
Sn11,19.89,0.038026
Sn11,19.95,0.037275333333333334
Sn11,20.009999999999998,0.036082666666666666
Sn11,20.07,0.03459466666666667
Sn11,20.13,0.032876
Sn11,20.189999999999998,0.031022
Sn11,20.25,0.02898533333333333
Sn11,20.31,0.026957666666666668
Sn11,20.369999999999997,0.024811
Sn11,20.43,0.022334
Sn11,20.490000000000002,0.020108
Sn11,20.549999999999997,0.018035333333333334
Sn11,20.61,0.015858333333333332
Sn11,20.67,0.013853666666666667
Sn11,20.729999999999997,0.011940666666666667
Sn11,20.79,0.010248666666666666
Sn11,20.85,0.008715333333333334
Sn11,20.909999999999997,0.007271333333333334
Sn11,20.97,0.006069666666666667
Sn11,21.03,0.004947333333333333
Sn11,21.089999999999996,0.0040546666666666665
Sn11,21.15,0.0033106666666666666
Sn11,21.21,0.0026466666666666665
Sn11,21.27,0.0020626666666666666
Sn11,21.33,0.0015913333333333333
Sn11,21.39,0.001238
Sn11,21.45,0.0009593333333333333
Sn11,21.509999999999998,0.0007503333333333333
Sn11,21.57,0.0005643333333333334
Sn11,21.63,0.0004006666666666667
Sn11,21.689999999999998,0.000287
Sn11,21.75,0.00023066666666666667
Sn11,21.81,0.00017633333333333333
Sn11,21.869999999999997,0.000121
Sn11,21.93,7.933333333333333e-05
Sn11,21.990000000000002,5.7333333333333336e-05
Sn11,22.049999999999997,3.8e-05
Sn11,22.11,2.7e-05
Sn11,22.17,1.8e-05
Sn11,22.229999999999997,9.666666666666667e-06
Sn11,22.29,7e-06
Sn11,22.35,5.333333333333334e-06
Sn11,22.409999999999997,3e-06
Sn11,22.47,1.6666666666666667e-06
Sn11,22.53,1.6666666666666667e-06
Sn11,22.589999999999996,1.3333333333333334e-06
Sn11,22.65,6.666666666666667e-07
Sn11,22.71,0.0
Sn11,22.77,1e-06
Sn11,22.83,6.666666666666667e-07
Sn11,22.89,3.3333333333333335e-07
Ta11,16.29,3.3333333333333335e-07
Ta11,16.35,0.0
Ta11,16.409999999999997,3.3333333333333335e-07
Ta11,16.47,1.3333333333333334e-06
Ta11,16.53,6.666666666666667e-07
Ta11,16.59,1.6666666666666667e-06
Ta11,16.65,2.333333333333333e-06
Ta11,16.71,3.3333333333333333e-06
Ta11,16.77,6e-06
Ta11,16.83,5.666666666666667e-06
Ta11,16.89,1.4333333333333334e-05
Ta11,16.95,1.6e-05
Ta11,17.009999999999998,1.5666666666666667e-05
Ta11,17.07,3.1666666666666666e-05
Ta11,17.13,4.3e-05
Ta11,17.189999999999998,4.6666666666666665e-05
Ta11,17.25,7.366666666666666e-05
Ta11,17.310000000000002,0.00010266666666666666
Ta11,17.369999999999997,0.00011666666666666667
Ta11,17.43,0.000182
Ta11,17.490000000000002,0.0002486666666666667
Ta11,17.549999999999997,0.0002953333333333333
Ta11,17.61,0.0003936666666666667
Ta11,17.67,0.0005543333333333333
Ta11,17.729999999999997,0.000682
Ta11,17.79,0.000892
Ta11,17.85,0.0011616666666666668
Ta11,17.909999999999997,0.0014163333333333332
Ta11,17.97,0.0017923333333333333
Ta11,18.03,0.002258
Ta11,18.09,0.002752
Ta11,18.15,0.003408
Ta11,18.21,0.004083666666666667
Ta11,18.27,0.004937
Ta11,18.33,0.005934666666666667
Ta11,18.39,0.007006666666666666
Ta11,18.45,0.008364666666666666
Ta11,18.509999999999998,0.009727333333333333
Ta11,18.57,0.011220333333333334
Ta11,18.63,0.012917333333333333
Ta11,18.689999999999998,0.014843666666666666
Ta11,18.75,0.016608666666666667
Ta11,18.81,0.018675333333333332
Ta11,18.869999999999997,0.02069
Ta11,18.93,0.022650333333333335
Ta11,18.990000000000002,0.024886666666666668
Ta11,19.049999999999997,0.026934333333333334
Ta11,19.11,0.028761666666666668
Ta11,19.17,0.030587666666666666
Ta11,19.229999999999997,0.03240766666666667
Ta11,19.29,0.03397066666666667
Ta11,19.35,0.03505966666666667
Ta11,19.409999999999997,0.036072
Ta11,19.47,0.036925
Ta11,19.53,0.037298
Ta11,19.59,0.037416333333333336
Ta11,19.65,0.037131333333333336
Ta11,19.71,0.036594
Ta11,19.77,0.035570333333333336
Ta11,19.83,0.034665
Ta11,19.89,0.032987333333333334
Ta11,19.95,0.03138966666666667
Ta11,20.009999999999998,0.029622
Ta11,20.07,0.027425666666666668
Ta11,20.13,0.025564
Ta11,20.189999999999998,0.023376
Ta11,20.25,0.021218
Ta11,20.31,0.01911
Ta11,20.369999999999997,0.017057
Ta11,20.43,0.014972
Ta11,20.490000000000002,0.013129333333333333
Ta11,20.549999999999997,0.011456
Ta11,20.61,0.009791
Ta11,20.67,0.008248333333333333
Ta11,20.729999999999997,0.007016333333333334
Ta11,20.79,0.005874333333333333
Ta11,20.85,0.004838
Ta11,20.909999999999997,0.003958
Ta11,20.97,0.003184
Ta11,21.03,0.0025913333333333335
Ta11,21.089999999999996,0.002033
Ta11,21.15,0.0016066666666666666
Ta11,21.21,0.001273
Ta11,21.27,0.0009546666666666667
Ta11,21.33,0.00074
Ta11,21.39,0.0005646666666666667
Ta11,21.45,0.00041933333333333335
Ta11,21.509999999999998,0.0003336666666666667
Ta11,21.57,0.00023133333333333334
Ta11,21.63,0.000163
Ta11,21.689999999999998,0.000127
Ta11,21.75,9.033333333333334e-05
Ta11,21.81,6.666666666666667e-05
Ta11,21.869999999999997,4.3333333333333334e-05
Ta11,21.93,2.5e-05
Ta11,21.990000000000002,2.4333333333333333e-05
Ta11,22.049999999999997,1e-05
Ta11,22.11,1e-05
Ta11,22.17,6.666666666666667e-06
Ta11,22.229999999999997,1.3333333333333334e-06
Ta11,22.29,4e-06
Ta11,22.35,6.666666666666667e-07
Ta11,22.409999999999997,1.3333333333333334e-06
Ta11,22.47,1.3333333333333334e-06
Ta11,22.53,6.666666666666667e-07
Ta11,22.589999999999996,3.3333333333333335e-07
Ta11,22.65,3.3333333333333335e-07
Ta11,22.71,0.0
Ta11,22.77,6.666666666666667e-07
Cu11,15.809999999999999,3.3333333333333335e-07
Cu11,15.87,0.0
Cu11,15.93,3.3333333333333335e-07
Cu11,15.989999999999998,0.0
Cu11,16.049999999999997,1.3333333333333334e-06
Cu11,16.11,6.666666666666667e-07
Cu11,16.17,1.6666666666666667e-06
Cu11,16.229999999999997,1.3333333333333334e-06
Cu11,16.29,3.6666666666666666e-06
Cu11,16.35,4.666666666666666e-06
Cu11,16.409999999999997,5.333333333333334e-06
Cu11,16.47,1.2333333333333333e-05
Cu11,16.53,1.2e-05
Cu11,16.59,1.8333333333333333e-05
Cu11,16.65,2.4333333333333333e-05
Cu11,16.71,3.7e-05
Cu11,16.77,4.433333333333333e-05
Cu11,16.83,5.7e-05
Cu11,16.89,8.933333333333333e-05
Cu11,16.95,0.00010733333333333333
Cu11,17.009999999999998,0.00014066666666666668
Cu11,17.07,0.00021433333333333333
Cu11,17.13,0.0002643333333333333
Cu11,17.189999999999998,0.00033266666666666666
Cu11,17.25,0.000438
Cu11,17.310000000000002,0.0005993333333333333
Cu11,17.369999999999997,0.0007626666666666667
Cu11,17.43,0.0009493333333333334
Cu11,17.490000000000002,0.0012246666666666667
Cu11,17.549999999999997,0.001492
Cu11,17.61,0.001891
Cu11,17.67,0.0023316666666666668
Cu11,17.729999999999997,0.002868
Cu11,17.79,0.0034706666666666666
Cu11,17.85,0.004196666666666666
Cu11,17.909999999999997,0.005057666666666667
Cu11,17.97,0.005977
Cu11,18.03,0.007077333333333333
Cu11,18.09,0.008365
Cu11,18.15,0.009746333333333333
Cu11,18.21,0.011128
Cu11,18.27,0.012801333333333333
Cu11,18.33,0.014667333333333333
Cu11,18.39,0.016319666666666666
Cu11,18.45,0.018344666666666665
Cu11,18.509999999999998,0.020356666666666665
Cu11,18.57,0.022158
Cu11,18.63,0.024247333333333333
Cu11,18.689999999999998,0.026284333333333333
Cu11,18.75,0.028099
Cu11,18.81,0.029913333333333333
Cu11,18.869999999999997,0.031482666666666666
Cu11,18.93,0.03304933333333333
Cu11,18.990000000000002,0.034168333333333335
Cu11,19.049999999999997,0.035352
Cu11,19.11,0.03606466666666667
Cu11,19.17,0.036590333333333336
Cu11,19.229999999999997,0.036619
Cu11,19.29,0.03656
Cu11,19.35,0.036137333333333334
Cu11,19.409999999999997,0.035196333333333336
Cu11,19.47,0.03417733333333333
Cu11,19.53,0.033042
Cu11,19.59,0.03150833333333333
Cu11,19.65,0.029632333333333333
Cu11,19.71,0.027757666666666667
Cu11,19.77,0.025948333333333334
Cu11,19.83,0.023769666666666668
Cu11,19.89,0.021700333333333332
Cu11,19.95,0.019804333333333334
Cu11,20.009999999999998,0.017633666666666666
Cu11,20.07,0.015716666666666667
Cu11,20.13,0.013837
Cu11,20.189999999999998,0.012054333333333334
Cu11,20.25,0.010493666666666667
Cu11,20.31,0.008918333333333334
Cu11,20.369999999999997,0.007606666666666667
Cu11,20.43,0.0064273333333333335
Cu11,20.490000000000002,0.005293333333333333
Cu11,20.549999999999997,0.004428333333333334
Cu11,20.61,0.003626
Cu11,20.67,0.002880666666666667
Cu11,20.729999999999997,0.0023476666666666667
Cu11,20.79,0.0018763333333333334
Cu11,20.85,0.001491
Cu11,20.909999999999997,0.0011456666666666666
Cu11,20.97,0.000857
Cu11,21.03,0.0007116666666666667
Cu11,21.089999999999996,0.0005076666666666667
Cu11,21.15,0.00038333333333333334
Cu11,21.21,0.00031433333333333335
Cu11,21.27,0.00020833333333333335
Cu11,21.33,0.00015333333333333334
Cu11,21.39,0.00011433333333333334
Cu11,21.45,8.766666666666667e-05
Cu11,21.509999999999998,6.266666666666667e-05
Cu11,21.57,3.733333333333333e-05
Cu11,21.63,2.8666666666666668e-05
Cu11,21.689999999999998,2.0333333333333334e-05
Cu11,21.75,8.666666666666666e-06
Cu11,21.81,1.1e-05
Cu11,21.869999999999997,5.666666666666667e-06
Cu11,21.93,1.3333333333333334e-06
Cu11,21.990000000000002,4.333333333333333e-06
Cu11,22.049999999999997,6.666666666666667e-07
Cu11,22.11,1.3333333333333334e-06
Cu11,22.17,1e-06
Cu11,22.229999999999997,6.666666666666667e-07
Cu11,22.29,6.666666666666667e-07
Cu11,22.35,0.0
Cu11,22.409999999999997,0.0
Cu11,22.47,6.666666666666667e-07
Al_degrader_E8_E7,12.27,6.666666666666667e-08
Al_degrader_E8_E7,12.329999999999998,0.0
Al_degrader_E8_E7,12.39,0.0
Al_degrader_E8_E7,12.45,6.666666666666667e-08
Al_degrader_E8_E7,12.51,6.666666666666667e-08
Al_degrader_E8_E7,12.57,2e-07
Al_degrader_E8_E7,12.629999999999999,2e-07
Al_degrader_E8_E7,12.69,2.6666666666666667e-07
Al_degrader_E8_E7,12.75,2e-07
Al_degrader_E8_E7,12.809999999999999,5.333333333333333e-07
Al_degrader_E8_E7,12.870000000000001,4.6666666666666666e-07
Al_degrader_E8_E7,12.93,1.0666666666666667e-06
Al_degrader_E8_E7,12.989999999999998,8.666666666666667e-07
Al_degrader_E8_E7,13.05,2e-06
Al_degrader_E8_E7,13.11,2.4e-06
Al_degrader_E8_E7,13.169999999999998,2.4666666666666666e-06
Al_degrader_E8_E7,13.23,3.2666666666666666e-06
Al_degrader_E8_E7,13.29,4.866666666666667e-06
Al_degrader_E8_E7,13.35,6.8e-06
Al_degrader_E8_E7,13.41,7.333333333333333e-06
Al_degrader_E8_E7,13.469999999999999,9.466666666666667e-06
Al_degrader_E8_E7,13.53,1.34e-05
Al_degrader_E8_E7,13.59,1.8466666666666667e-05
Al_degrader_E8_E7,13.649999999999999,1.8466666666666667e-05
Al_degrader_E8_E7,13.71,2.7866666666666665e-05
Al_degrader_E8_E7,13.77,3.713333333333333e-05
Al_degrader_E8_E7,13.829999999999998,4.513333333333333e-05
Al_degrader_E8_E7,13.89,5.4533333333333335e-05
Al_degrader_E8_E7,13.95,6.766666666666667e-05
Al_degrader_E8_E7,14.009999999999998,9.093333333333334e-05
Al_degrader_E8_E7,14.07,0.0001122
Al_degrader_E8_E7,14.129999999999999,0.00014126666666666667
Al_degrader_E8_E7,14.19,0.000166
Al_degrader_E8_E7,14.25,0.00020966666666666668
Al_degrader_E8_E7,14.309999999999999,0.00025173333333333334
Al_degrader_E8_E7,14.37,0.0003092666666666667
Al_degrader_E8_E7,14.43,0.0003687333333333333
Al_degrader_E8_E7,14.489999999999998,0.0004488
Al_degrader_E8_E7,14.55,0.0005377333333333334
Al_degrader_E8_E7,14.61,0.0006364
Al_degrader_E8_E7,14.669999999999998,0.0007450666666666667
Al_degrader_E8_E7,14.73,0.0008964666666666667
Al_degrader_E8_E7,14.79,0.0010498666666666667
Al_degrader_E8_E7,14.85,0.0012252666666666666
Al_degrader_E8_E7,14.91,0.0014140666666666666
Al_degrader_E8_E7,14.969999999999999,0.0016549333333333333
Al_degrader_E8_E7,15.03,0.0019039333333333334
Al_degrader_E8_E7,15.09,0.0021685333333333334
Al_degrader_E8_E7,15.149999999999999,0.0024664
Al_degrader_E8_E7,15.21,0.002823266666666667
Al_degrader_E8_E7,15.27,0.0031784666666666668
Al_degrader_E8_E7,15.329999999999998,0.0035451333333333334
Al_degrader_E8_E7,15.39,0.003956533333333333
Al_degrader_E8_E7,15.45,0.0044392
Al_degrader_E8_E7,15.509999999999998,0.004877466666666667
Al_degrader_E8_E7,15.57,0.005357533333333333
Al_degrader_E8_E7,15.629999999999999,0.0058962
Al_degrader_E8_E7,15.69,0.006462933333333334
Al_degrader_E8_E7,15.75,0.006979933333333333
Al_degrader_E8_E7,15.809999999999999,0.007541866666666667
Al_degrader_E8_E7,15.87,0.008137666666666666
Al_degrader_E8_E7,15.93,0.008770133333333333
Al_degrader_E8_E7,15.989999999999998,0.0092974
Al_degrader_E8_E7,16.049999999999997,0.009919333333333334
Al_degrader_E8_E7,16.11,0.010496066666666666
Al_degrader_E8_E7,16.17,0.011162533333333334
Al_degrader_E8_E7,16.229999999999997,0.011625466666666667
Al_degrader_E8_E7,16.29,0.012236
Al_degrader_E8_E7,16.35,0.012765
Al_degrader_E8_E7,16.409999999999997,0.013355466666666666
Al_degrader_E8_E7,16.47,0.013733866666666667
Al_degrader_E8_E7,16.53,0.014264866666666667
Al_degrader_E8_E7,16.59,0.014720733333333333
Al_degrader_E8_E7,16.65,0.0151612
Al_degrader_E8_E7,16.71,0.015494133333333333
Al_degrader_E8_E7,16.77,0.015867666666666665
Al_degrader_E8_E7,16.83,0.0162616
Al_degrader_E8_E7,16.89,0.016509733333333332
Al_degrader_E8_E7,16.95,0.0168022
Al_degrader_E8_E7,17.009999999999998,0.017053466666666666
Al_degrader_E8_E7,17.07,0.017326066666666667
Al_degrader_E8_E7,17.13,0.0174522
Al_degrader_E8_E7,17.189999999999998,0.017705666666666668
Al_degrader_E8_E7,17.25,0.017862333333333334
Al_degrader_E8_E7,17.310000000000002,0.017997866666666668
Al_degrader_E8_E7,17.369999999999997,0.018088066666666666
Al_degrader_E8_E7,17.43,0.018217666666666667
Al_degrader_E8_E7,17.490000000000002,0.0183462
Al_degrader_E8_E7,17.549999999999997,0.018333466666666666
Al_degrader_E8_E7,17.61,0.0184392
Al_degrader_E8_E7,17.67,0.018482933333333333
Al_degrader_E8_E7,17.729999999999997,0.018534866666666667
Al_degrader_E8_E7,17.79,0.0184476
Al_degrader_E8_E7,17.85,0.0184806
Al_degrader_E8_E7,17.909999999999997,0.018465933333333334
Al_degrader_E8_E7,17.97,0.018339933333333332
Al_degrader_E8_E7,18.03,0.018276933333333332
Al_degrader_E8_E7,18.09,0.018177733333333335
Al_degrader_E8_E7,18.15,0.018037666666666667
Al_degrader_E8_E7,18.21,0.017775466666666666
Al_degrader_E8_E7,18.27,0.017599933333333335
Al_degrader_E8_E7,18.33,0.0173642
Al_degrader_E8_E7,18.39,0.0170022
Al_degrader_E8_E7,18.45,0.0166984
Al_degrader_E8_E7,18.509999999999998,0.016305133333333333
Al_degrader_E8_E7,18.57,0.015869866666666666
Al_degrader_E8_E7,18.63,0.015361733333333334
Al_degrader_E8_E7,18.689999999999998,0.014884866666666666
Al_degrader_E8_E7,18.75,0.014326466666666666
Al_degrader_E8_E7,18.81,0.013694666666666667
Al_degrader_E8_E7,18.869999999999997,0.0130802
Al_degrader_E8_E7,18.93,0.0124248
Al_degrader_E8_E7,18.990000000000002,0.011725266666666666
Al_degrader_E8_E7,19.049999999999997,0.011000933333333334
Al_degrader_E8_E7,19.11,0.010297666666666667
Al_degrader_E8_E7,19.17,0.009563733333333333
Al_degrader_E8_E7,19.229999999999997,0.0088156
Al_degrader_E8_E7,19.29,0.0081174
Al_degrader_E8_E7,19.35,0.0073566
Al_degrader_E8_E7,19.409999999999997,0.0066930666666666664
Al_degrader_E8_E7,19.47,0.006021266666666666
Al_degrader_E8_E7,19.53,0.005364333333333333
Al_degrader_E8_E7,19.59,0.004792
Al_degrader_E8_E7,19.65,0.004225466666666667
Al_degrader_E8_E7,19.71,0.0036698
Al_degrader_E8_E7,19.77,0.0032019333333333333
Al_degrader_E8_E7,19.83,0.0027412
Al_degrader_E8_E7,19.89,0.0023753333333333335
Al_degrader_E8_E7,19.95,0.0019901333333333334
Al_degrader_E8_E7,20.009999999999998,0.0016796666666666668
Al_degrader_E8_E7,20.07,0.0014128666666666666
Al_degrader_E8_E7,20.13,0.001157
Al_degrader_E8_E7,20.189999999999998,0.0009566
Al_degrader_E8_E7,20.25,0.0007783333333333334
Al_degrader_E8_E7,20.31,0.0006270666666666667
Al_degrader_E8_E7,20.369999999999997,0.0005008
Al_degrader_E8_E7,20.43,0.00039953333333333336
Al_degrader_E8_E7,20.490000000000002,0.0003206666666666667
Al_degrader_E8_E7,20.549999999999997,0.00024526666666666665
Al_degrader_E8_E7,20.61,0.00018666666666666666
Al_degrader_E8_E7,20.67,0.0001462
Al_degrader_E8_E7,20.729999999999997,0.00011046666666666666
Al_degrader_E8_E7,20.79,8.193333333333334e-05
Al_degrader_E8_E7,20.85,6.58e-05
Al_degrader_E8_E7,20.909999999999997,4.5333333333333335e-05
Al_degrader_E8_E7,20.97,3.2466666666666665e-05
Al_degrader_E8_E7,21.03,2.52e-05
Al_degrader_E8_E7,21.089999999999996,1.8e-05
Al_degrader_E8_E7,21.15,1.38e-05
Al_degrader_E8_E7,21.21,9.066666666666667e-06
Al_degrader_E8_E7,21.27,5.8e-06
Al_degrader_E8_E7,21.33,4.6e-06
Al_degrader_E8_E7,21.39,2.733333333333333e-06
Al_degrader_E8_E7,21.45,2.2e-06
Al_degrader_E8_E7,21.509999999999998,1.1333333333333334e-06
Al_degrader_E8_E7,21.57,6e-07
Al_degrader_E8_E7,21.63,8e-07
Al_degrader_E8_E7,21.689999999999998,2.6666666666666667e-07
Al_degrader_E8_E7,21.75,2.6666666666666667e-07
Al_degrader_E8_E7,21.81,2e-07
Al_degrader_E8_E7,21.869999999999997,6.666666666666667e-08
Al_degrader_E8_E7,21.93,2e-07
Al_degrader_E8_E7,21.990000000000002,6.666666666666667e-08
Al_degrader_E8_E7,22.049999999999997,0.0
Al_degrader_E8_E7,22.11,6.666666666666667e-08
Al_degrader_E8_E7,22.17,6.666666666666667e-08
Ni12,11.73,3.3333333333333335e-07
Ni12,11.79,0.0
Ni12,11.85,3.3333333333333335e-07
Ni12,11.91,0.0
Ni12,11.969999999999999,1.3333333333333334e-06
Ni12,12.03,3.3333333333333335e-07
Ni12,12.09,1.3333333333333334e-06
Ni12,12.149999999999999,1e-06
Ni12,12.21,1.3333333333333334e-06
Ni12,12.27,3.3333333333333333e-06
Ni12,12.329999999999998,2.666666666666667e-06
Ni12,12.39,4.666666666666666e-06
Ni12,12.45,5.666666666666667e-06
Ni12,12.51,1.1e-05
Ni12,12.57,9.333333333333333e-06
Ni12,12.629999999999999,1.2666666666666667e-05
Ni12,12.69,1.7e-05
Ni12,12.75,2.2333333333333332e-05
Ni12,12.809999999999999,3.366666666666667e-05
Ni12,12.870000000000001,3.5e-05
Ni12,12.93,4.5e-05
Ni12,12.989999999999998,6.233333333333334e-05
Ni12,13.05,8.3e-05
Ni12,13.11,8.833333333333333e-05
Ni12,13.169999999999998,0.00012466666666666667
Ni12,13.23,0.000169
Ni12,13.29,0.00020533333333333333
Ni12,13.35,0.0002463333333333333
Ni12,13.41,0.00028966666666666664
Ni12,13.469999999999999,0.000391
Ni12,13.53,0.0004996666666666667
Ni12,13.59,0.0006
Ni12,13.649999999999999,0.0007146666666666666
Ni12,13.71,0.000892
Ni12,13.77,0.0010606666666666666
Ni12,13.829999999999998,0.001287
Ni12,13.89,0.0015713333333333334
Ni12,13.95,0.0018196666666666667
Ni12,14.009999999999998,0.0022343333333333334
Ni12,14.07,0.0025846666666666665
Ni12,14.129999999999999,0.003036333333333333
Ni12,14.19,0.00356
Ni12,14.25,0.0041923333333333335
Ni12,14.309999999999999,0.004821
Ni12,14.37,0.0055513333333333335
Ni12,14.43,0.006373
Ni12,14.489999999999998,0.007338666666666667
Ni12,14.55,0.008226
Ni12,14.61,0.009294333333333333
Ni12,14.669999999999998,0.010493
Ni12,14.73,0.011774
Ni12,14.79,0.012931666666666666
Ni12,14.85,0.014246666666666666
Ni12,14.91,0.015638666666666665
Ni12,14.969999999999999,0.017215333333333332
Ni12,15.03,0.018524
Ni12,15.09,0.019887333333333333
Ni12,15.149999999999999,0.02141
Ni12,15.21,0.022921
Ni12,15.27,0.024167666666666667
Ni12,15.329999999999998,0.02543166666666667
Ni12,15.39,0.026644
Ni12,15.45,0.027888
Ni12,15.509999999999998,0.028657333333333333
Ni12,15.57,0.029607333333333333
Ni12,15.629999999999999,0.030232
Ni12,15.69,0.031032333333333332
Ni12,15.75,0.031119
Ni12,15.809999999999999,0.031273666666666665
Ni12,15.87,0.031202333333333332
Ni12,15.93,0.031238333333333333
Ni12,15.989999999999998,0.030466333333333335
Ni12,16.049999999999997,0.02991
Ni12,16.11,0.029186666666666666
Ni12,16.17,0.028372
Ni12,16.229999999999997,0.027211
Ni12,16.29,0.025867333333333332
Ni12,16.35,0.024604333333333332
Ni12,16.409999999999997,0.023152333333333334
Ni12,16.47,0.02178
Ni12,16.53,0.020240666666666667
Ni12,16.59,0.018663
Ni12,16.65,0.017142666666666667
Ni12,16.71,0.015724333333333333
Ni12,16.77,0.014256666666666667
Ni12,16.83,0.012688333333333333
Ni12,16.89,0.011408333333333333
Ni12,16.95,0.010132666666666667
Ni12,17.009999999999998,0.008981666666666667
Ni12,17.07,0.007775333333333334
Ni12,17.13,0.006771
Ni12,17.189999999999998,0.005866333333333334
Ni12,17.25,0.005006666666666667
Ni12,17.310000000000002,0.004272666666666667
Ni12,17.369999999999997,0.0036063333333333334
Ni12,17.43,0.003027666666666667
Ni12,17.490000000000002,0.0024766666666666665
Ni12,17.549999999999997,0.002079333333333333
Ni12,17.61,0.0017226666666666666
Ni12,17.67,0.001401
Ni12,17.729999999999997,0.001117
Ni12,17.79,0.000868
Ni12,17.85,0.000704
Ni12,17.909999999999997,0.0005866666666666667
Ni12,17.97,0.0004423333333333333
Ni12,18.03,0.00033766666666666667
Ni12,18.09,0.00028166666666666666
Ni12,18.15,0.00020566666666666666
Ni12,18.21,0.000149
Ni12,18.27,0.00012
Ni12,18.33,9.166666666666667e-05
Ni12,18.39,7.2e-05
Ni12,18.45,5.333333333333333e-05
Ni12,18.509999999999998,2.966666666666667e-05
Ni12,18.57,2.5666666666666666e-05
Ni12,18.63,1.9666666666666666e-05
Ni12,18.689999999999998,1.2e-05
Ni12,18.75,9e-06
Ni12,18.81,7e-06
Ni12,18.869999999999997,3.6666666666666666e-06
Ni12,18.93,1e-06
Ni12,18.990000000000002,4e-06
Ni12,19.049999999999997,1e-06
Ni12,19.11,1.3333333333333334e-06
Ni12,19.17,3.3333333333333335e-07
Ni12,19.229999999999997,3.3333333333333335e-07
Ni12,19.29,1e-06
Ni12,19.35,3.3333333333333335e-07
Ni12,19.409999999999997,0.0
Ni12,19.47,0.0
Ni12,19.53,6.666666666666667e-07
Sn12,11.55,3.3333333333333335e-07
Sn12,11.61,3.3333333333333335e-07
Sn12,11.669999999999998,3.3333333333333335e-07
Sn12,11.73,3.3333333333333335e-07
Sn12,11.79,6.666666666666667e-07
Sn12,11.85,1.3333333333333334e-06
Sn12,11.91,1.6666666666666667e-06
Sn12,11.969999999999999,2.666666666666667e-06
Sn12,12.03,2.666666666666667e-06
Sn12,12.09,3.3333333333333333e-06
Sn12,12.149999999999999,4e-06
Sn12,12.21,6.666666666666667e-06
Sn12,12.27,7.666666666666667e-06
Sn12,12.329999999999998,1.3e-05
Sn12,12.39,1.633333333333333e-05
Sn12,12.45,2.2666666666666668e-05
Sn12,12.51,2.7333333333333335e-05
Sn12,12.57,2.966666666666667e-05
Sn12,12.629999999999999,4.1666666666666665e-05
Sn12,12.69,4.9e-05
Sn12,12.75,6.633333333333334e-05
Sn12,12.809999999999999,8.8e-05
Sn12,12.870000000000001,0.00010733333333333333
Sn12,12.93,0.00013233333333333334
Sn12,12.989999999999998,0.000175
Sn12,13.05,0.00021433333333333333
Sn12,13.11,0.00028133333333333336
Sn12,13.169999999999998,0.000345
Sn12,13.23,0.000441
Sn12,13.29,0.000523
Sn12,13.35,0.0006513333333333333
Sn12,13.41,0.0007953333333333333
Sn12,13.469999999999999,0.001012
Sn12,13.53,0.0012163333333333334
Sn12,13.59,0.0014586666666666667
Sn12,13.649999999999999,0.001727
Sn12,13.71,0.002052
Sn12,13.77,0.0024286666666666666
Sn12,13.829999999999998,0.0028936666666666668
Sn12,13.89,0.0033986666666666666
Sn12,13.95,0.003969
Sn12,14.009999999999998,0.004635666666666666
Sn12,14.07,0.005334666666666666
Sn12,14.129999999999999,0.006086333333333333
Sn12,14.19,0.0070676666666666665
Sn12,14.25,0.008097333333333333
Sn12,14.309999999999999,0.009183666666666666
Sn12,14.37,0.010384333333333334
Sn12,14.43,0.011587666666666666
Sn12,14.489999999999998,0.012825333333333333
Sn12,14.55,0.014220333333333333
Sn12,14.61,0.015728666666666665
Sn12,14.669999999999998,0.017178333333333334
Sn12,14.73,0.018679
Sn12,14.79,0.020041
Sn12,14.85,0.021509
Sn12,14.91,0.022969666666666666
Sn12,14.969999999999999,0.02444
Sn12,15.03,0.025751333333333334
Sn12,15.09,0.027028333333333335
Sn12,15.149999999999999,0.028224666666666665
Sn12,15.21,0.029237666666666665
Sn12,15.27,0.030061
Sn12,15.329999999999998,0.030836
Sn12,15.39,0.031269333333333336
Sn12,15.45,0.031730666666666664
Sn12,15.509999999999998,0.031746333333333335
Sn12,15.57,0.031943
Sn12,15.629999999999999,0.031549
Sn12,15.69,0.031246333333333334
Sn12,15.75,0.030427333333333334
Sn12,15.809999999999999,0.029571666666666666
Sn12,15.87,0.028522333333333334
Sn12,15.93,0.027343
Sn12,15.989999999999998,0.025987666666666666
Sn12,16.049999999999997,0.024648
Sn12,16.11,0.023310333333333332
Sn12,16.17,0.021821666666666666
Sn12,16.229999999999997,0.020217666666666665
Sn12,16.29,0.01854
Sn12,16.35,0.016935
Sn12,16.409999999999997,0.015543
Sn12,16.47,0.013999333333333334
Sn12,16.53,0.012588
Sn12,16.59,0.011108
Sn12,16.65,0.009816666666666666
Sn12,16.71,0.008608
Sn12,16.77,0.00751
Sn12,16.83,0.006502
Sn12,16.89,0.005580333333333333
Sn12,16.95,0.004736333333333334
Sn12,17.009999999999998,0.003998666666666667
Sn12,17.07,0.003386
Sn12,17.13,0.002856333333333333
Sn12,17.189999999999998,0.002361666666666667
Sn12,17.25,0.001916
Sn12,17.310000000000002,0.001531
Sn12,17.369999999999997,0.001234
Sn12,17.43,0.0009953333333333333
Sn12,17.490000000000002,0.0008153333333333334
Sn12,17.549999999999997,0.0006536666666666667
Sn12,17.61,0.0005233333333333333
Sn12,17.67,0.000392
Sn12,17.729999999999997,0.00028566666666666665
Sn12,17.79,0.00022533333333333333
Sn12,17.85,0.00018766666666666666
Sn12,17.909999999999997,0.00014766666666666666
Sn12,17.97,0.000106
Sn12,18.03,7.466666666666666e-05
Sn12,18.09,5.5333333333333334e-05
Sn12,18.15,3.933333333333333e-05
Sn12,18.21,3.066666666666667e-05
Sn12,18.27,2.1e-05
Sn12,18.33,1.4333333333333334e-05
Sn12,18.39,9e-06
Sn12,18.45,6.666666666666667e-06
Sn12,18.509999999999998,4.333333333333333e-06
Sn12,18.57,4.333333333333333e-06
Sn12,18.63,1e-06
Sn12,18.689999999999998,1.3333333333333334e-06
Sn12,18.75,2e-06
Sn12,18.81,1e-06
Sn12,18.869999999999997,6.666666666666667e-07
Sn12,18.93,0.0
Sn12,18.990000000000002,6.666666666666667e-07
Sn12,19.049999999999997,6.666666666666667e-07
Sn12,19.11,6.666666666666667e-07
Ta12,11.07,3.3333333333333335e-07
Ta12,11.129999999999999,0.0
Ta12,11.19,3.3333333333333335e-07
Ta12,11.25,0.0
Ta12,11.309999999999999,6.666666666666667e-07
Ta12,11.370000000000001,6.666666666666667e-07
Ta12,11.43,1e-06
Ta12,11.489999999999998,1.3333333333333334e-06
Ta12,11.55,1e-06
Ta12,11.61,2.333333333333333e-06
Ta12,11.669999999999998,2.666666666666667e-06
Ta12,11.73,4e-06
Ta12,11.79,4.333333333333333e-06
Ta12,11.85,8.666666666666666e-06
Ta12,11.91,1e-05
Ta12,11.969999999999999,1.1333333333333334e-05
Ta12,12.03,1.4e-05
Ta12,12.09,1.8333333333333333e-05
Ta12,12.149999999999999,2.4333333333333333e-05
Ta12,12.21,3.6e-05
Ta12,12.27,3.3e-05
Ta12,12.329999999999998,4.966666666666667e-05
Ta12,12.39,6.6e-05
Ta12,12.45,8.5e-05
Ta12,12.51,9.066666666666667e-05
Ta12,12.57,0.00012333333333333334
Ta12,12.629999999999999,0.00017366666666666667
Ta12,12.69,0.00020333333333333333
Ta12,12.75,0.00024066666666666667
Ta12,12.809999999999999,0.000299
Ta12,12.870000000000001,0.000385
Ta12,12.93,0.0004783333333333333
Ta12,12.989999999999998,0.0005826666666666667
Ta12,13.05,0.000709
Ta12,13.11,0.0008766666666666667
Ta12,13.169999999999998,0.00104
Ta12,13.23,0.0012303333333333333
Ta12,13.29,0.0014856666666666666
Ta12,13.35,0.001802
Ta12,13.41,0.002109
Ta12,13.469999999999999,0.002492
Ta12,13.53,0.0029063333333333333
Ta12,13.59,0.0033766666666666667
Ta12,13.649999999999999,0.003934666666666667
Ta12,13.71,0.004585
Ta12,13.77,0.005253666666666667
Ta12,13.829999999999998,0.006056666666666667
Ta12,13.89,0.00691
Ta12,13.95,0.007862
Ta12,14.009999999999998,0.008743666666666667
Ta12,14.07,0.009868666666666666
Ta12,14.129999999999999,0.011114666666666667
Ta12,14.19,0.012381
Ta12,14.25,0.013478333333333333
Ta12,14.309999999999999,0.014896333333333333
Ta12,14.37,0.016281
Ta12,14.43,0.017645333333333332
Ta12,14.489999999999998,0.018981333333333333
Ta12,14.55,0.020421333333333333
Ta12,14.61,0.021855666666666666
Ta12,14.669999999999998,0.023073333333333335
Ta12,14.73,0.024514
Ta12,14.79,0.025642333333333333
Ta12,14.85,0.026704666666666668
Ta12,14.91,0.027848
Ta12,14.969999999999999,0.028708
Ta12,15.03,0.029368
Ta12,15.09,0.030170333333333334
Ta12,15.149999999999999,0.030571666666666667
Ta12,15.21,0.030825666666666668
Ta12,15.27,0.03087
Ta12,15.329999999999998,0.030773333333333333
Ta12,15.39,0.030525333333333335
Ta12,15.45,0.030018333333333334
Ta12,15.509999999999998,0.029280666666666667
Ta12,15.57,0.028701666666666667
Ta12,15.629999999999999,0.027482333333333334
Ta12,15.69,0.026475333333333333
Ta12,15.75,0.025285333333333333
Ta12,15.809999999999999,0.023959333333333332
Ta12,15.87,0.022471666666666668
Ta12,15.93,0.021198666666666668
Ta12,15.989999999999998,0.019612333333333332
Ta12,16.049999999999997,0.018189666666666666
Ta12,16.11,0.016773333333333335
Ta12,16.17,0.015199
Ta12,16.229999999999997,0.013820666666666667
Ta12,16.29,0.012432333333333333
Ta12,16.35,0.011065666666666666
Ta12,16.409999999999997,0.009938666666666667
Ta12,16.47,0.008735666666666666
Ta12,16.53,0.007602
Ta12,16.59,0.006588
Ta12,16.65,0.0057733333333333334
Ta12,16.71,0.004907333333333333
Ta12,16.77,0.004190333333333333
Ta12,16.83,0.003577
Ta12,16.89,0.002976
Ta12,16.95,0.002462666666666667
Ta12,17.009999999999998,0.0020856666666666667
Ta12,17.07,0.0016963333333333333
Ta12,17.13,0.0013806666666666668
Ta12,17.189999999999998,0.0011506666666666666
Ta12,17.25,0.0008876666666666667
Ta12,17.310000000000002,0.0006926666666666666
Ta12,17.369999999999997,0.0005943333333333333
Ta12,17.43,0.00045533333333333336
Ta12,17.490000000000002,0.00035
Ta12,17.549999999999997,0.000294
Ta12,17.61,0.00021566666666666666
Ta12,17.67,0.000152
Ta12,17.729999999999997,0.00012833333333333333
Ta12,17.79,9.833333333333333e-05
Ta12,17.85,7.2e-05
Ta12,17.909999999999997,5.566666666666667e-05
Ta12,17.97,3.6666666666666666e-05
Ta12,18.03,2.4e-05
Ta12,18.09,2.3333333333333332e-05
Ta12,18.15,1.4333333333333334e-05
Ta12,18.21,7.333333333333333e-06
Ta12,18.27,8e-06
Ta12,18.33,5.666666666666667e-06
Ta12,18.39,1e-06
Ta12,18.45,3.6666666666666666e-06
Ta12,18.509999999999998,1.3333333333333334e-06
Ta12,18.57,1e-06
Ta12,18.63,6.666666666666667e-07
Ta12,18.689999999999998,1e-06
Ta12,18.75,6.666666666666667e-07
Ta12,18.81,3.3333333333333335e-07
Ta12,18.869999999999997,3.3333333333333335e-07
Ta12,18.93,0.0
Ta12,18.990000000000002,6.666666666666667e-07
Cu12,10.469999999999999,3.3333333333333335e-07
Cu12,10.53,0.0
Cu12,10.59,0.0
Cu12,10.649999999999999,3.3333333333333335e-07
Cu12,10.71,0.0
Cu12,10.77,1e-06
Cu12,10.829999999999998,3.3333333333333335e-07
Cu12,10.89,1e-06
Cu12,10.95,1.3333333333333334e-06
Cu12,11.01,1e-06
Cu12,11.07,2.666666666666667e-06
Cu12,11.129999999999999,2e-06
Cu12,11.19,4e-06
Cu12,11.25,4e-06
Cu12,11.309999999999999,6.666666666666667e-06
Cu12,11.370000000000001,1e-05
Cu12,11.43,9e-06
Cu12,11.489999999999998,1.3666666666666667e-05
Cu12,11.55,1.4333333333333334e-05
Cu12,11.61,2.3e-05
Cu12,11.669999999999998,3.066666666666667e-05
Cu12,11.73,3.066666666666667e-05
Cu12,11.79,3.9666666666666664e-05
Cu12,11.85,5.5e-05
Cu12,11.91,7.4e-05
Cu12,11.969999999999999,7.866666666666666e-05
Cu12,12.03,0.00010466666666666667
Cu12,12.09,0.00012933333333333332
Cu12,12.149999999999999,0.000176
Cu12,12.21,0.000212
Cu12,12.27,0.000239
Cu12,12.329999999999998,0.000298
Cu12,12.39,0.00040133333333333335
Cu12,12.45,0.00047933333333333335
Cu12,12.51,0.0005726666666666666
Cu12,12.57,0.0006836666666666666
Cu12,12.629999999999999,0.000857
Cu12,12.69,0.001016
Cu12,12.75,0.0011843333333333332
Cu12,12.809999999999999,0.0014283333333333333
Cu12,12.870000000000001,0.001705
Cu12,12.93,0.0020153333333333334
Cu12,12.989999999999998,0.002351
Cu12,13.05,0.002751
Cu12,13.11,0.0031766666666666666
Cu12,13.169999999999998,0.003694666666666667
Cu12,13.23,0.004256666666666666
Cu12,13.29,0.004904
Cu12,13.35,0.005635333333333333
Cu12,13.41,0.006379666666666666
Cu12,13.469999999999999,0.007259666666666667
Cu12,13.53,0.008118333333333333
Cu12,13.59,0.00913
Cu12,13.649999999999999,0.010232
Cu12,13.71,0.011383
Cu12,13.77,0.012454333333333333
Cu12,13.829999999999998,0.013747
Cu12,13.89,0.01502
Cu12,13.95,0.016385666666666666
Cu12,14.009999999999998,0.017505333333333335
Cu12,14.07,0.018890666666666667
Cu12,14.129999999999999,0.02033333333333333
Cu12,14.19,0.02158
Cu12,14.25,0.022767666666666665
Cu12,14.309999999999999,0.023983666666666667
Cu12,14.37,0.025286
Cu12,14.43,0.026244333333333335
Cu12,14.489999999999998,0.027245666666666668
Cu12,14.55,0.027886666666666667
Cu12,14.61,0.028789333333333333
Cu12,14.669999999999998,0.029382333333333333
Cu12,14.73,0.029949
Cu12,14.79,0.029867
Cu12,14.85,0.030043
Cu12,14.91,0.030024666666666668
Cu12,14.969999999999999,0.029971666666666667
Cu12,15.03,0.02914
Cu12,15.09,0.028624
Cu12,15.149999999999999,0.02801
Cu12,15.21,0.027135333333333334
Cu12,15.27,0.026092666666666667
Cu12,15.329999999999998,0.024918666666666665
Cu12,15.39,0.023672666666666668
Cu12,15.45,0.022335333333333332
Cu12,15.509999999999998,0.021108666666666668
Cu12,15.57,0.019630666666666668
Cu12,15.629999999999999,0.018213
Cu12,15.69,0.016837666666666667
Cu12,15.75,0.015481666666666666
Cu12,15.809999999999999,0.014073333333333334
Cu12,15.87,0.012713333333333333
Cu12,15.93,0.011408
Cu12,15.989999999999998,0.010139333333333334
Cu12,16.049999999999997,0.009154
Cu12,16.11,0.007986333333333333
Cu12,16.17,0.006977333333333334
Cu12,16.229999999999997,0.006104666666666667
Cu12,16.29,0.005316666666666667
Cu12,16.35,0.004467
Cu12,16.409999999999997,0.0038853333333333335
Cu12,16.47,0.0032703333333333334
Cu12,16.53,0.0027376666666666665
Cu12,16.59,0.002284
Cu12,16.65,0.001912
Cu12,16.71,0.0015796666666666667
Cu12,16.77,0.0013036666666666667
Cu12,16.83,0.001049
Cu12,16.89,0.0008226666666666666
Cu12,16.95,0.0006606666666666667
Cu12,17.009999999999998,0.0005656666666666667
Cu12,17.07,0.00041766666666666666
Cu12,17.13,0.00033
Cu12,17.189999999999998,0.00027866666666666665
Cu12,17.25,0.00021166666666666667
Cu12,17.310000000000002,0.00014566666666666667
Cu12,17.369999999999997,0.00011966666666666667
Cu12,17.43,9.4e-05
Cu12,17.490000000000002,7.133333333333334e-05
Cu12,17.549999999999997,5.566666666666667e-05
Cu12,17.61,3.6666666666666666e-05
Cu12,17.67,2.3333333333333332e-05
Cu12,17.729999999999997,2.1666666666666667e-05
Cu12,17.79,1.5333333333333334e-05
Cu12,17.85,7.666666666666667e-06
Cu12,17.909999999999997,9e-06
Cu12,17.97,5e-06
Cu12,18.03,1.6666666666666667e-06
Cu12,18.09,3.3333333333333333e-06
Cu12,18.15,1.6666666666666667e-06
Cu12,18.21,1e-06
Cu12,18.27,1e-06
Cu12,18.33,6.666666666666667e-07
Cu12,18.39,6.666666666666667e-07
Cu12,18.45,3.3333333333333335e-07
Cu12,18.509999999999998,3.3333333333333335e-07
Cu12,18.57,0.0
Cu12,18.63,3.3333333333333335e-07
Cu12,18.689999999999998,3.3333333333333335e-07
Al_degrader_E9,8.01,8.333333333333334e-08
Al_degrader_E9,8.07,0.0
Al_degrader_E9,8.129999999999999,0.0
Al_degrader_E9,8.19,0.0
Al_degrader_E9,8.25,8.333333333333334e-08
Al_degrader_E9,8.309999999999999,8.333333333333334e-08
Al_degrader_E9,8.370000000000001,8.333333333333334e-08
Al_degrader_E9,8.43,1.6666666666666668e-07
Al_degrader_E9,8.489999999999998,1.6666666666666668e-07
Al_degrader_E9,8.55,4.1666666666666667e-07
Al_degrader_E9,8.61,3.3333333333333335e-07
Al_degrader_E9,8.67,2.5e-07
Al_degrader_E9,8.73,4.1666666666666667e-07
Al_degrader_E9,8.79,8.333333333333333e-07
Al_degrader_E9,8.85,6.666666666666667e-07
Al_degrader_E9,8.91,1e-06
Al_degrader_E9,8.969999999999999,1.25e-06
Al_degrader_E9,9.030000000000001,1.916666666666667e-06
Al_degrader_E9,9.09,2.4166666666666667e-06
Al_degrader_E9,9.149999999999999,2.5e-06
Al_degrader_E9,9.21,3.1666666666666667e-06
Al_degrader_E9,9.27,3.833333333333334e-06
Al_degrader_E9,9.329999999999998,5.0833333333333335e-06
Al_degrader_E9,9.39,5.666666666666667e-06
Al_degrader_E9,9.45,8e-06
Al_degrader_E9,9.51,8.333333333333334e-06
Al_degrader_E9,9.57,1.0916666666666667e-05
Al_degrader_E9,9.629999999999999,1.3416666666666666e-05
Al_degrader_E9,9.69,1.8e-05
Al_degrader_E9,9.75,1.9333333333333333e-05
Al_degrader_E9,9.809999999999999,2.2833333333333334e-05
Al_degrader_E9,9.870000000000001,3.025e-05
Al_degrader_E9,9.93,3.7e-05
Al_degrader_E9,9.989999999999998,4.7583333333333336e-05
Al_degrader_E9,10.05,5.1666666666666664e-05
Al_degrader_E9,10.11,6.4e-05
Al_degrader_E9,10.169999999999998,7.825e-05
Al_degrader_E9,10.23,9.216666666666667e-05
Al_degrader_E9,10.29,0.00011408333333333333
Al_degrader_E9,10.35,0.00013591666666666667
Al_degrader_E9,10.41,0.00016133333333333334
Al_degrader_E9,10.469999999999999,0.00019566666666666666
Al_degrader_E9,10.53,0.00023225
Al_degrader_E9,10.59,0.00027375
Al_degrader_E9,10.649999999999999,0.0003193333333333333
Al_degrader_E9,10.71,0.00037016666666666665
Al_degrader_E9,10.77,0.0004448333333333333
Al_degrader_E9,10.829999999999998,0.0005165833333333333
Al_degrader_E9,10.89,0.0005936666666666667
Al_degrader_E9,10.95,0.00071025
Al_degrader_E9,11.01,0.0008126666666666666
Al_degrader_E9,11.07,0.0009184166666666667
Al_degrader_E9,11.129999999999999,0.0010834166666666668
Al_degrader_E9,11.19,0.00124475
Al_degrader_E9,11.25,0.0014070833333333333
Al_degrader_E9,11.309999999999999,0.0016200833333333334
Al_degrader_E9,11.370000000000001,0.00185275
Al_degrader_E9,11.43,0.00208925
Al_degrader_E9,11.489999999999998,0.0023644166666666666
Al_degrader_E9,11.55,0.0026823333333333334
Al_degrader_E9,11.61,0.002995
Al_degrader_E9,11.669999999999998,0.0033561666666666666
Al_degrader_E9,11.73,0.003778333333333333
Al_degrader_E9,11.79,0.004178166666666667
Al_degrader_E9,11.85,0.004632916666666666
Al_degrader_E9,11.91,0.005134916666666667
Al_degrader_E9,11.969999999999999,0.005661833333333333
Al_degrader_E9,12.03,0.006170083333333333
Al_degrader_E9,12.09,0.006802416666666667
Al_degrader_E9,12.149999999999999,0.007421583333333333
Al_degrader_E9,12.21,0.00800375
Al_degrader_E9,12.27,0.008765916666666667
Al_degrader_E9,12.329999999999998,0.00942925
Al_degrader_E9,12.39,0.01011875
Al_degrader_E9,12.45,0.010942583333333334
Al_degrader_E9,12.51,0.011657666666666667
Al_degrader_E9,12.57,0.01242475
Al_degrader_E9,12.629999999999999,0.013266666666666666
Al_degrader_E9,12.69,0.01401325
Al_degrader_E9,12.75,0.014794
Al_degrader_E9,12.809999999999999,0.015640166666666667
Al_degrader_E9,12.870000000000001,0.016400583333333333
Al_degrader_E9,12.93,0.017153166666666667
Al_degrader_E9,12.989999999999998,0.017934666666666668
Al_degrader_E9,13.05,0.018651166666666667
Al_degrader_E9,13.11,0.019338166666666667
Al_degrader_E9,13.169999999999998,0.019979416666666666
Al_degrader_E9,13.23,0.020575333333333334
Al_degrader_E9,13.29,0.021207916666666667
Al_degrader_E9,13.35,0.021666
Al_degrader_E9,13.41,0.022073
Al_degrader_E9,13.469999999999999,0.022589083333333333
Al_degrader_E9,13.53,0.022832
Al_degrader_E9,13.59,0.023083416666666665
Al_degrader_E9,13.649999999999999,0.023329583333333334
Al_degrader_E9,13.71,0.0234275
Al_degrader_E9,13.77,0.023453916666666668
Al_degrader_E9,13.829999999999998,0.0233815
Al_degrader_E9,13.89,0.023331583333333333
Al_degrader_E9,13.95,0.023124166666666668
Al_degrader_E9,14.009999999999998,0.02281125
Al_degrader_E9,14.07,0.022482666666666668
Al_degrader_E9,14.129999999999999,0.022117333333333333
Al_degrader_E9,14.19,0.021611166666666667
Al_degrader_E9,14.25,0.021053083333333333
Al_degrader_E9,14.309999999999999,0.020433416666666666
Al_degrader_E9,14.37,0.01980175
Al_degrader_E9,14.43,0.019060166666666666
Al_degrader_E9,14.489999999999998,0.0182865
Al_degrader_E9,14.55,0.01748375
Al_degrader_E9,14.61,0.01665075
Al_degrader_E9,14.669999999999998,0.0158185
Al_degrader_E9,14.73,0.014915416666666667
Al_degrader_E9,14.79,0.013979333333333333
Al_degrader_E9,14.85,0.01314175
Al_degrader_E9,14.91,0.012165583333333334
Al_degrader_E9,14.969999999999999,0.0113355
Al_degrader_E9,15.03,0.010433416666666667
Al_degrader_E9,15.09,0.0095695
Al_degrader_E9,15.149999999999999,0.008825583333333333
Al_degrader_E9,15.21,0.00794075
Al_degrader_E9,15.27,0.00723675
Al_degrader_E9,15.329999999999998,0.006514833333333333
Al_degrader_E9,15.39,0.005809083333333334
Al_degrader_E9,15.45,0.0052115
Al_degrader_E9,15.509999999999998,0.004581
Al_degrader_E9,15.57,0.004062416666666666
Al_degrader_E9,15.629999999999999,0.003554
Al_degrader_E9,15.69,0.0030925
Al_degrader_E9,15.75,0.0026900833333333334
Al_degrader_E9,15.809999999999999,0.00229475
Al_degrader_E9,15.87,0.00200275
Al_degrader_E9,15.93,0.0016766666666666666
Al_degrader_E9,15.989999999999998,0.0014291666666666667
Al_degrader_E9,16.049999999999997,0.0012084166666666667
Al_degrader_E9,16.11,0.0009945
Al_degrader_E9,16.17,0.0008359166666666667
Al_degrader_E9,16.229999999999997,0.0006894166666666666
Al_degrader_E9,16.29,0.00057175
Al_degrader_E9,16.35,0.00046425
Al_degrader_E9,16.409999999999997,0.0003740833333333333
Al_degrader_E9,16.47,0.00029591666666666666
Al_degrader_E9,16.53,0.00023925
Al_degrader_E9,16.59,0.000195
Al_degrader_E9,16.65,0.00015391666666666668
Al_degrader_E9,16.71,0.00011825
Al_degrader_E9,16.77,9.541666666666666e-05
Al_degrader_E9,16.83,7.241666666666666e-05
Al_degrader_E9,16.89,5.5083333333333335e-05
Al_degrader_E9,16.95,4.233333333333333e-05
Al_degrader_E9,17.009999999999998,3.3333333333333335e-05
Al_degrader_E9,17.07,2.5333333333333334e-05
Al_degrader_E9,17.13,1.8083333333333334e-05
Al_degrader_E9,17.189999999999998,1.4583333333333333e-05
Al_degrader_E9,17.25,9.25e-06
Al_degrader_E9,17.310000000000002,7.333333333333333e-06
Al_degrader_E9,17.369999999999997,5.0833333333333335e-06
Al_degrader_E9,17.43,3.75e-06
Al_degrader_E9,17.490000000000002,2.666666666666667e-06
Al_degrader_E9,17.549999999999997,1.8333333333333333e-06
Al_degrader_E9,17.61,1.4166666666666667e-06
Al_degrader_E9,17.67,3.3333333333333335e-07
Al_degrader_E9,17.729999999999997,1.1666666666666666e-06
Al_degrader_E9,17.79,4.1666666666666667e-07
Al_degrader_E9,17.85,2.5e-07
Al_degrader_E9,17.909999999999997,3.3333333333333335e-07
Al_degrader_E9,17.97,1.6666666666666668e-07
Al_degrader_E9,18.03,2.5e-07
Al_degrader_E9,18.09,0.0
Al_degrader_E9,18.15,1.6666666666666668e-07
Al_degrader_E9,18.21,0.0
Al_degrader_E9,18.27,1.6666666666666668e-07
Ni13,7.2299999999999995,2e-07
Ni13,7.289999999999999,0.0
Ni13,7.35,0.0
Ni13,7.41,2e-07
Ni13,7.47,2e-07
Ni13,7.529999999999999,0.0
Ni13,7.59,2e-07
Ni13,7.65,8e-07
Ni13,7.709999999999999,2e-07
Ni13,7.77,8e-07
Ni13,7.83,1.2e-06
Ni13,7.89,2e-07
Ni13,7.949999999999999,1.2e-06
Ni13,8.01,2e-06
Ni13,8.07,1.6e-06
Ni13,8.129999999999999,2e-06
Ni13,8.19,3.6e-06
Ni13,8.25,2.8e-06
Ni13,8.309999999999999,5.2e-06
Ni13,8.370000000000001,7e-06
Ni13,8.43,6.8e-06
Ni13,8.489999999999998,8.4e-06
Ni13,8.55,1.12e-05
Ni13,8.61,1.18e-05
Ni13,8.67,1.54e-05
Ni13,8.73,2.1e-05
Ni13,8.79,1.98e-05
Ni13,8.85,2.78e-05
Ni13,8.91,3.24e-05
Ni13,8.969999999999999,3.96e-05
Ni13,9.030000000000001,4.88e-05
Ni13,9.09,5.86e-05
Ni13,9.149999999999999,6.46e-05
Ni13,9.21,8.5e-05
Ni13,9.27,0.000101
Ni13,9.329999999999998,0.0001204
Ni13,9.39,0.0001456
Ni13,9.45,0.000176
Ni13,9.51,0.0002012
Ni13,9.57,0.0002442
Ni13,9.629999999999999,0.0002938
Ni13,9.69,0.0003414
Ni13,9.75,0.0004116
Ni13,9.809999999999999,0.000507
Ni13,9.870000000000001,0.0005574
Ni13,9.93,0.0006722
Ni13,9.989999999999998,0.0007968
Ni13,10.05,0.0008914
Ni13,10.11,0.0010558
Ni13,10.169999999999998,0.001221
Ni13,10.23,0.001402
Ni13,10.29,0.0016312
Ni13,10.35,0.0018758
Ni13,10.41,0.002113
Ni13,10.469999999999999,0.0024614
Ni13,10.53,0.0027398
Ni13,10.59,0.0031404
Ni13,10.649999999999999,0.003545
Ni13,10.71,0.0039674
Ni13,10.77,0.0045268
Ni13,10.829999999999998,0.00504
Ni13,10.89,0.005625
Ni13,10.95,0.0062762
Ni13,11.01,0.006915
Ni13,11.07,0.0077108
Ni13,11.129999999999999,0.0084364
Ni13,11.19,0.0092684
Ni13,11.25,0.0101642
Ni13,11.309999999999999,0.0110252
Ni13,11.370000000000001,0.0120238
Ni13,11.43,0.0128616
Ni13,11.489999999999998,0.0139482
Ni13,11.55,0.014903
Ni13,11.61,0.015873
Ni13,11.669999999999998,0.0169812
Ni13,11.73,0.0179226
Ni13,11.79,0.018979
Ni13,11.85,0.019904
Ni13,11.91,0.0207556
Ni13,11.969999999999999,0.0218086
Ni13,12.03,0.0225574
Ni13,12.09,0.0233918
Ni13,12.149999999999999,0.0240838
Ni13,12.21,0.0246976
Ni13,12.27,0.0253738
Ni13,12.329999999999998,0.025619
Ni13,12.39,0.026217
Ni13,12.45,0.0262878
Ni13,12.51,0.0265494
Ni13,12.57,0.0264342
Ni13,12.629999999999999,0.026326
Ni13,12.69,0.0262106
Ni13,12.75,0.0257068
Ni13,12.809999999999999,0.025342
Ni13,12.870000000000001,0.0247406
Ni13,12.93,0.024101
Ni13,12.989999999999998,0.0233868
Ni13,13.05,0.0224568
Ni13,13.11,0.021585
Ni13,13.169999999999998,0.0205906
Ni13,13.23,0.0195374
Ni13,13.29,0.0185288
Ni13,13.35,0.0174074
Ni13,13.41,0.0163508
Ni13,13.469999999999999,0.0151974
Ni13,13.53,0.0141346
Ni13,13.59,0.0130006
Ni13,13.649999999999999,0.0119616
Ni13,13.71,0.0108258
Ni13,13.77,0.0099404
Ni13,13.829999999999998,0.008903
Ni13,13.89,0.0080754
Ni13,13.95,0.0071582
Ni13,14.009999999999998,0.0063752
Ni13,14.07,0.0056472
Ni13,14.129999999999999,0.0049514
Ni13,14.19,0.0043596
Ni13,14.25,0.0037686
Ni13,14.309999999999999,0.0032642
Ni13,14.37,0.0028126
Ni13,14.43,0.002394
Ni13,14.489999999999998,0.002035
Ni13,14.55,0.0017288
Ni13,14.61,0.0014544
Ni13,14.669999999999998,0.001227
Ni13,14.73,0.0009974
Ni13,14.79,0.0008334
Ni13,14.85,0.000682
Ni13,14.91,0.0005486
Ni13,14.969999999999999,0.000457
Ni13,15.03,0.0003738
Ni13,15.09,0.0002948
Ni13,15.149999999999999,0.0002418
Ni13,15.21,0.0001894
Ni13,15.27,0.0001464
Ni13,15.329999999999998,0.0001148
Ni13,15.39,9.2e-05
Ni13,15.45,7.42e-05
Ni13,15.509999999999998,5.58e-05
Ni13,15.57,4.2e-05
Ni13,15.629999999999999,3e-05
Ni13,15.69,2.38e-05
Ni13,15.75,1.62e-05
Ni13,15.809999999999999,1.42e-05
Ni13,15.87,8e-06
Ni13,15.93,7.4e-06
Ni13,15.989999999999998,3.8e-06
Ni13,16.049999999999997,4.6e-06
Ni13,16.11,1.2e-06
Ni13,16.17,2.4e-06
Ni13,16.229999999999997,1.2e-06
Ni13,16.29,1e-06
Ni13,16.35,6e-07
Ni13,16.409999999999997,1e-06
Ni13,16.47,2e-07
Ni13,16.53,6e-07
Ni13,16.59,2e-07
Ni13,16.65,2e-07
Ni13,16.71,2e-07
Ni13,16.77,2e-07
Ni13,16.83,2e-07
Sn13,7.05,3.3333333333333335e-07
Sn13,7.109999999999999,3.3333333333333335e-07
Sn13,7.17,0.0
Sn13,7.2299999999999995,6.666666666666667e-07
Sn13,7.289999999999999,0.0
Sn13,7.35,3.3333333333333335e-07
Sn13,7.41,6.666666666666667e-07
Sn13,7.47,1e-06
Sn13,7.529999999999999,1e-06
Sn13,7.59,1.6666666666666667e-06
Sn13,7.65,1.6666666666666667e-06
Sn13,7.709999999999999,1.6666666666666667e-06
Sn13,7.77,2.666666666666667e-06
Sn13,7.83,2.666666666666667e-06
Sn13,7.89,3e-06
Sn13,7.949999999999999,4.333333333333333e-06
Sn13,8.01,5.666666666666667e-06
Sn13,8.07,7e-06
Sn13,8.129999999999999,9.333333333333333e-06
Sn13,8.19,1.2666666666666667e-05
Sn13,8.25,1.4e-05
Sn13,8.309999999999999,1.7333333333333332e-05
Sn13,8.370000000000001,2.1e-05
Sn13,8.43,2.0333333333333334e-05
Sn13,8.489999999999998,2.6e-05
Sn13,8.55,3.366666666666667e-05
Sn13,8.61,3.733333333333333e-05
Sn13,8.67,5.066666666666667e-05
Sn13,8.73,5.333333333333333e-05
Sn13,8.79,6.733333333333333e-05
Sn13,8.85,8.4e-05
Sn13,8.91,9.8e-05
Sn13,8.969999999999999,0.00011533333333333334
Sn13,9.030000000000001,0.00013733333333333333
Sn13,9.09,0.00016766666666666666
Sn13,9.149999999999999,0.00020366666666666667
Sn13,9.21,0.00025633333333333335
Sn13,9.27,0.0002953333333333333
Sn13,9.329999999999998,0.00033833333333333334
Sn13,9.39,0.000394
Sn13,9.45,0.0004583333333333333
Sn13,9.51,0.0005493333333333333
Sn13,9.57,0.0006593333333333334
Sn13,9.629999999999999,0.0007843333333333333
Sn13,9.69,0.0009
Sn13,9.75,0.0010603333333333333
Sn13,9.809999999999999,0.001248
Sn13,9.870000000000001,0.0013613333333333333
Sn13,9.93,0.001586
Sn13,9.989999999999998,0.0018183333333333333
Sn13,10.05,0.002074
Sn13,10.11,0.002399333333333333
Sn13,10.169999999999998,0.002715
Sn13,10.23,0.0031346666666666667
Sn13,10.29,0.003472
Sn13,10.35,0.0039043333333333334
Sn13,10.41,0.004379
Sn13,10.469999999999999,0.004923
Sn13,10.53,0.00552
Sn13,10.59,0.006209333333333333
Sn13,10.649999999999999,0.006846
Sn13,10.71,0.007577
Sn13,10.77,0.008505333333333333
Sn13,10.829999999999998,0.009158666666666667
Sn13,10.89,0.010049666666666667
Sn13,10.95,0.010916
Sn13,11.01,0.011827
Sn13,11.07,0.012892
Sn13,11.129999999999999,0.013901333333333333
Sn13,11.19,0.014842333333333334
Sn13,11.25,0.015797
Sn13,11.309999999999999,0.016796333333333333
Sn13,11.370000000000001,0.017827
Sn13,11.43,0.018739333333333334
Sn13,11.489999999999998,0.019843333333333334
Sn13,11.55,0.020702
Sn13,11.61,0.021708333333333333
Sn13,11.669999999999998,0.022525333333333335
Sn13,11.73,0.023372
Sn13,11.79,0.024112666666666668
Sn13,11.85,0.024682
Sn13,11.91,0.025171333333333334
Sn13,11.969999999999999,0.025838666666666666
Sn13,12.03,0.026056
Sn13,12.09,0.026398
Sn13,12.149999999999999,0.02638
Sn13,12.21,0.02653
Sn13,12.27,0.026532333333333335
Sn13,12.329999999999998,0.026330333333333334
Sn13,12.39,0.02604
Sn13,12.45,0.025362333333333334
Sn13,12.51,0.024908
Sn13,12.57,0.024193
Sn13,12.629999999999999,0.023382333333333335
Sn13,12.69,0.022514333333333334
Sn13,12.75,0.021616333333333335
Sn13,12.809999999999999,0.020616666666666665
Sn13,12.870000000000001,0.019761
Sn13,12.93,0.018689333333333332
Sn13,12.989999999999998,0.01762733333333333
Sn13,13.05,0.01639
Sn13,13.11,0.015273666666666666
Sn13,13.169999999999998,0.014109
Sn13,13.23,0.013150333333333333
Sn13,13.29,0.012062666666666666
Sn13,13.35,0.011049666666666666
Sn13,13.41,0.009915666666666666
Sn13,13.469999999999999,0.008993333333333334
Sn13,13.53,0.008082
Sn13,13.59,0.007194666666666667
Sn13,13.649999999999999,0.006443333333333333
Sn13,13.71,0.0056756666666666665
Sn13,13.77,0.005016666666666667
Sn13,13.829999999999998,0.004362666666666667
Sn13,13.89,0.0037676666666666666
Sn13,13.95,0.0032633333333333334
Sn13,14.009999999999998,0.002826
Sn13,14.07,0.0024426666666666668
Sn13,14.129999999999999,0.0020933333333333333
Sn13,14.19,0.0017496666666666667
Sn13,14.25,0.0014356666666666667
Sn13,14.309999999999999,0.0012
Sn13,14.37,0.0009986666666666666
Sn13,14.43,0.000819
Sn13,14.489999999999998,0.0006883333333333333
Sn13,14.55,0.0005713333333333333
Sn13,14.61,0.00047266666666666665
Sn13,14.669999999999998,0.00037666666666666664
Sn13,14.73,0.0002843333333333333
Sn13,14.79,0.000228
Sn13,14.85,0.00018666666666666666
Sn13,14.91,0.00016066666666666668
Sn13,14.969999999999999,0.00012733333333333333
Sn13,15.03,9.6e-05
Sn13,15.09,7.033333333333334e-05
Sn13,15.149999999999999,5.2e-05
Sn13,15.21,3.9666666666666664e-05
Sn13,15.27,3.233333333333333e-05
Sn13,15.329999999999998,2.3666666666666668e-05
Sn13,15.39,1.7666666666666668e-05
Sn13,15.45,1.2666666666666667e-05
Sn13,15.509999999999998,8.333333333333334e-06
Sn13,15.57,6.666666666666667e-06
Sn13,15.629999999999999,4e-06
Sn13,15.69,4e-06
Sn13,15.75,2e-06
Sn13,15.809999999999999,1.3333333333333334e-06
Sn13,15.87,1.3333333333333334e-06
Sn13,15.93,1.3333333333333334e-06
Sn13,15.989999999999998,1e-06
Sn13,16.049999999999997,6.666666666666667e-07
Sn13,16.11,0.0
Sn13,16.17,3.3333333333333335e-07
Sn13,16.229999999999997,6.666666666666667e-07
Sn13,16.29,6.666666666666667e-07
Sn13,16.35,3.3333333333333335e-07
Ta13,6.39,2.5e-07
Ta13,6.449999999999999,0.0
Ta13,6.51,0.0
Ta13,6.57,5e-07
Ta13,6.63,0.0
Ta13,6.6899999999999995,0.0
Ta13,6.75,2.5e-07
Ta13,6.81,1e-06
Ta13,6.869999999999999,0.0
Ta13,6.93,1e-06
Ta13,6.99,1e-06
Ta13,7.05,1e-06
Ta13,7.109999999999999,7.5e-07
Ta13,7.17,1.75e-06
Ta13,7.2299999999999995,2.5e-06
Ta13,7.289999999999999,7.5e-07
Ta13,7.35,2.75e-06
Ta13,7.41,4.25e-06
Ta13,7.47,3.75e-06
Ta13,7.529999999999999,6e-06
Ta13,7.59,8.25e-06
Ta13,7.65,7.25e-06
Ta13,7.709999999999999,8.75e-06
Ta13,7.77,1.275e-05
Ta13,7.83,1.125e-05
Ta13,7.89,1.7e-05
Ta13,7.949999999999999,2.1e-05
Ta13,8.01,2.425e-05
Ta13,8.07,2.35e-05
Ta13,8.129999999999999,3.425e-05
Ta13,8.19,4.325e-05
Ta13,8.25,4.55e-05
Ta13,8.309999999999999,5.85e-05
Ta13,8.370000000000001,6.55e-05
Ta13,8.43,7.375e-05
Ta13,8.489999999999998,9.875e-05
Ta13,8.55,0.00011575
Ta13,8.61,0.00013725
Ta13,8.67,0.00016325
Ta13,8.73,0.00019425
Ta13,8.79,0.000219
Ta13,8.85,0.00026225
Ta13,8.91,0.000313
Ta13,8.969999999999999,0.000368
Ta13,9.030000000000001,0.00043125
Ta13,9.09,0.0005145
Ta13,9.149999999999999,0.00059525
Ta13,9.21,0.00069325
Ta13,9.27,0.0007995
Ta13,9.329999999999998,0.0009055
Ta13,9.39,0.00106575
Ta13,9.45,0.0012215
Ta13,9.51,0.0013955
Ta13,9.57,0.001595
Ta13,9.629999999999999,0.001863
Ta13,9.69,0.00207325
Ta13,9.75,0.00234325
Ta13,9.809999999999999,0.00268375
Ta13,9.870000000000001,0.00298775
Ta13,9.93,0.00338075
Ta13,9.989999999999998,0.00379775
Ta13,10.05,0.004255
Ta13,10.11,0.0047805
Ta13,10.169999999999998,0.00529525
Ta13,10.23,0.0058635
Ta13,10.29,0.0065595
Ta13,10.35,0.00710875
Ta13,10.41,0.0078895
Ta13,10.469999999999999,0.008676
Ta13,10.53,0.00942475
Ta13,10.59,0.01028575
Ta13,10.649999999999999,0.011126
Ta13,10.71,0.01199125
Ta13,10.77,0.01295475
Ta13,10.829999999999998,0.013775
Ta13,10.89,0.01483425
Ta13,10.95,0.015692
Ta13,11.01,0.01664875
Ta13,11.07,0.0176815
Ta13,11.129999999999999,0.01846225
Ta13,11.19,0.0194785
Ta13,11.25,0.02029975
Ta13,11.309999999999999,0.021161
Ta13,11.370000000000001,0.021953
Ta13,11.43,0.02276775
Ta13,11.489999999999998,0.02339275
Ta13,11.55,0.0239745
Ta13,11.61,0.024423
Ta13,11.669999999999998,0.02497725
Ta13,11.73,0.02524825
Ta13,11.79,0.0256965
Ta13,11.85,0.025581
Ta13,11.91,0.02568425
Ta13,11.969999999999999,0.0257325
Ta13,12.03,0.0253685
Ta13,12.09,0.02522375
Ta13,12.149999999999999,0.02467775
Ta13,12.21,0.02424125
Ta13,12.27,0.023706
Ta13,12.329999999999998,0.02291175
Ta13,12.39,0.0221275
Ta13,12.45,0.02138675
Ta13,12.51,0.02042225
Ta13,12.57,0.01956925
Ta13,12.629999999999999,0.01848325
Ta13,12.69,0.0174755
Ta13,12.75,0.0164795
Ta13,12.809999999999999,0.015445
Ta13,12.870000000000001,0.01443025
Ta13,12.93,0.01339925
Ta13,12.989999999999998,0.012226
Ta13,13.05,0.01126325
Ta13,13.11,0.01040125
Ta13,13.169999999999998,0.009308
Ta13,13.23,0.00856275
Ta13,13.29,0.0076145
Ta13,13.35,0.006849
Ta13,13.41,0.0060945
Ta13,13.469999999999999,0.005383
Ta13,13.53,0.0047675
Ta13,13.59,0.00417225
Ta13,13.649999999999999,0.0036645
Ta13,13.71,0.003156
Ta13,13.77,0.00274975
Ta13,13.829999999999998,0.00232825
Ta13,13.89,0.00201175
Ta13,13.95,0.00168925
Ta13,14.009999999999998,0.00144
Ta13,14.07,0.00120675
Ta13,14.129999999999999,0.001006
Ta13,14.19,0.00084125
Ta13,14.25,0.000682
Ta13,14.309999999999999,0.00055775
Ta13,14.37,0.00046625
Ta13,14.43,0.000374
Ta13,14.489999999999998,0.00031
Ta13,14.55,0.00025575
Ta13,14.61,0.00019675
Ta13,14.669999999999998,0.0001605
Ta13,14.73,0.00011675
Ta13,14.79,0.00010025
Ta13,14.85,8.35e-05
Ta13,14.91,5.925e-05
Ta13,14.969999999999999,4.6e-05
Ta13,15.03,3.525e-05
Ta13,15.09,2.6e-05
Ta13,15.149999999999999,1.65e-05
Ta13,15.21,1.625e-05
Ta13,15.27,1.05e-05
Ta13,15.329999999999998,8.5e-06
Ta13,15.39,4.25e-06
Ta13,15.45,5.5e-06
Ta13,15.509999999999998,1.25e-06
Ta13,15.57,3e-06
Ta13,15.629999999999999,1.5e-06
Ta13,15.69,1e-06
Ta13,15.75,7.5e-07
Ta13,15.809999999999999,1e-06
Ta13,15.87,5e-07
Ta13,15.93,7.5e-07
Ta13,15.989999999999998,2.5e-07
Ta13,16.049999999999997,2.5e-07
Ta13,16.11,2.5e-07
Ta13,16.17,2.5e-07
Ta13,16.229999999999997,2.5e-07
Cu13,5.49,2e-07
Cu13,5.55,0.0
Cu13,5.609999999999999,0.0
Cu13,5.67,0.0
Cu13,5.73,4e-07
Cu13,5.789999999999999,0.0
Cu13,5.85,0.0
Cu13,5.91,4e-07
Cu13,5.97,6e-07
Cu13,6.029999999999999,0.0
Cu13,6.09,4e-07
Cu13,6.15,1.2e-06
Cu13,6.21,6e-07
Cu13,6.27,4e-07
Cu13,6.33,1e-06
Cu13,6.39,2e-06
Cu13,6.449999999999999,1.2e-06
Cu13,6.51,1.4e-06
Cu13,6.57,2.6e-06
Cu13,6.63,2.6e-06
Cu13,6.6899999999999995,2.6e-06
Cu13,6.75,5.2e-06
Cu13,6.81,6e-06
Cu13,6.869999999999999,4.4e-06
Cu13,6.93,8.4e-06
Cu13,6.99,9e-06
Cu13,7.05,9.4e-06
Cu13,7.109999999999999,1.08e-05
Cu13,7.17,1.58e-05
Cu13,7.2299999999999995,1.74e-05
Cu13,7.289999999999999,1.92e-05
Cu13,7.35,2.24e-05
Cu13,7.41,2.9e-05
Cu13,7.47,3.34e-05
Cu13,7.529999999999999,3.9e-05
Cu13,7.59,4.66e-05
Cu13,7.65,5.6e-05
Cu13,7.709999999999999,5.96e-05
Cu13,7.77,7.72e-05
Cu13,7.83,9.04e-05
Cu13,7.89,0.000106
Cu13,7.949999999999999,0.0001286
Cu13,8.01,0.0001462
Cu13,8.07,0.000173
Cu13,8.129999999999999,0.000199
Cu13,8.19,0.0002308
Cu13,8.25,0.0002784
Cu13,8.309999999999999,0.0003174
Cu13,8.370000000000001,0.0003764
Cu13,8.43,0.0004494
Cu13,8.489999999999998,0.000498
Cu13,8.55,0.0005942
Cu13,8.61,0.0006932
Cu13,8.67,0.0007604
Cu13,8.73,0.0008898
Cu13,8.79,0.0010346
Cu13,8.85,0.001157
Cu13,8.91,0.0013318
Cu13,8.969999999999999,0.0015216
Cu13,9.030000000000001,0.0017276
Cu13,9.09,0.001949
Cu13,9.149999999999999,0.002191
Cu13,9.21,0.0024648
Cu13,9.27,0.0027604
Cu13,9.329999999999998,0.0031194
Cu13,9.39,0.003477
Cu13,9.45,0.0038694
Cu13,9.51,0.0043412
Cu13,9.57,0.0047836
Cu13,9.629999999999999,0.0053496
Cu13,9.69,0.00586
Cu13,9.75,0.0064478
Cu13,9.809999999999999,0.0071068
Cu13,9.870000000000001,0.007747
Cu13,9.93,0.008462
Cu13,9.989999999999998,0.009226
Cu13,10.05,0.0099484
Cu13,10.11,0.0108032
Cu13,10.169999999999998,0.0116186
Cu13,10.23,0.0123594
Cu13,10.29,0.013334
Cu13,10.35,0.0141254
Cu13,10.41,0.0150486
Cu13,10.469999999999999,0.015944
Cu13,10.53,0.0168036
Cu13,10.59,0.0176736
Cu13,10.649999999999999,0.0185278
Cu13,10.71,0.0193704
Cu13,10.77,0.0201502
Cu13,10.829999999999998,0.0209434
Cu13,10.89,0.0216164
Cu13,10.95,0.0223326
Cu13,11.01,0.0227804
Cu13,11.07,0.0235238
Cu13,11.129999999999999,0.0238374
Cu13,11.19,0.0242174
Cu13,11.25,0.024631
Cu13,11.309999999999999,0.0246796
Cu13,11.370000000000001,0.0248736
Cu13,11.43,0.0248348
Cu13,11.489999999999998,0.0248234
Cu13,11.55,0.0244868
Cu13,11.61,0.0242132
Cu13,11.669999999999998,0.0238938
Cu13,11.73,0.0233722
Cu13,11.79,0.022895
Cu13,11.85,0.022098
Cu13,11.91,0.021512
Cu13,11.969999999999999,0.0206234
Cu13,12.03,0.0198962
Cu13,12.09,0.0188614
Cu13,12.149999999999999,0.0180696
Cu13,12.21,0.0169922
Cu13,12.27,0.0162174
Cu13,12.329999999999998,0.0151064
Cu13,12.39,0.0141618
Cu13,12.45,0.013209
Cu13,12.51,0.0121668
Cu13,12.57,0.0112564
Cu13,12.629999999999999,0.0102834
Cu13,12.69,0.0094346
Cu13,12.75,0.0085454
Cu13,12.809999999999999,0.0077628
Cu13,12.870000000000001,0.006992
Cu13,12.93,0.0062062
Cu13,12.989999999999998,0.0055924
Cu13,13.05,0.0048702
Cu13,13.11,0.0044002
Cu13,13.169999999999998,0.0037964
Cu13,13.23,0.003358
Cu13,13.29,0.0029012
Cu13,13.35,0.0025204
Cu13,13.41,0.002137
Cu13,13.469999999999999,0.0018626
Cu13,13.53,0.0015668
Cu13,13.59,0.0013466
Cu13,13.649999999999999,0.0011198
Cu13,13.71,0.0009496
Cu13,13.77,0.0007702
Cu13,13.829999999999998,0.0006562
Cu13,13.89,0.000524
Cu13,13.95,0.0004442
Cu13,14.009999999999998,0.0003638
Cu13,14.07,0.000294
Cu13,14.129999999999999,0.0002414
Cu13,14.19,0.0001918
Cu13,14.25,0.0001496
Cu13,14.309999999999999,0.0001196
Cu13,14.37,9.62e-05
Cu13,14.43,7.98e-05
Cu13,14.489999999999998,6.1e-05
Cu13,14.55,4.74e-05
Cu13,14.61,3.46e-05
Cu13,14.669999999999998,2.48e-05
Cu13,14.73,1.98e-05
Cu13,14.79,1.54e-05
Cu13,14.85,1.26e-05
Cu13,14.91,6.4e-06
Cu13,14.969999999999999,7e-06
Cu13,15.03,3.8e-06
Cu13,15.09,3.4e-06
Cu13,15.149999999999999,1.6e-06
Cu13,15.21,2.6e-06
Cu13,15.27,1e-06
Cu13,15.329999999999998,8e-07
Cu13,15.39,6e-07
Cu13,15.45,1e-06
Cu13,15.509999999999998,4e-07
Cu13,15.57,4e-07
Cu13,15.629999999999999,4e-07
Cu13,15.69,2e-07
Cu13,15.75,2e-07
Cu13,15.809999999999999,2e-07
Cu13,15.87,2e-07
Al_degrader_E10,0.03,2e-07
Al_degrader_E10,0.09,5e-08
Al_degrader_E10,0.15,0.0
Al_degrader_E10,0.21,0.0
Al_degrader_E10,0.27,5e-08
Al_degrader_E10,0.32999999999999996,0.0
Al_degrader_E10,0.39,5e-08
Al_degrader_E10,0.44999999999999996,0.0
Al_degrader_E10,0.51,0.0
Al_degrader_E10,0.5700000000000001,5e-08
Al_degrader_E10,0.6299999999999999,0.0
Al_degrader_E10,0.69,0.0
Al_degrader_E10,0.75,0.0
Al_degrader_E10,0.81,5e-08
Al_degrader_E10,0.8699999999999999,0.0
Al_degrader_E10,0.9299999999999999,0.0
Al_degrader_E10,0.99,1e-07
Al_degrader_E10,1.05,1e-07
Al_degrader_E10,1.1099999999999999,5e-08
Al_degrader_E10,1.17,5e-08
Al_degrader_E10,1.23,1e-07
Al_degrader_E10,1.29,5e-08
Al_degrader_E10,1.3499999999999999,5e-08
Al_degrader_E10,1.41,5e-08
Al_degrader_E10,1.47,5e-08
Al_degrader_E10,1.53,1e-07
Al_degrader_E10,1.5899999999999999,1e-07
Al_degrader_E10,1.65,1.5e-07
Al_degrader_E10,1.71,1.5e-07
Al_degrader_E10,1.77,5e-08
Al_degrader_E10,1.8299999999999998,2e-07
Al_degrader_E10,1.89,1e-07
Al_degrader_E10,1.95,2e-07
Al_degrader_E10,2.01,2.5e-07
Al_degrader_E10,2.0700000000000003,2e-07
Al_degrader_E10,2.13,2.5e-07
Al_degrader_E10,2.19,1e-07
Al_degrader_E10,2.25,4e-07
Al_degrader_E10,2.3099999999999996,4.5e-07
Al_degrader_E10,2.37,4e-07
Al_degrader_E10,2.4299999999999997,2.5e-07
Al_degrader_E10,2.49,5e-07
Al_degrader_E10,2.55,4e-07
Al_degrader_E10,2.61,6e-07
Al_degrader_E10,2.67,9e-07
Al_degrader_E10,2.7299999999999995,8.5e-07
Al_degrader_E10,2.79,9.5e-07
Al_degrader_E10,2.8499999999999996,6.5e-07
Al_degrader_E10,2.91,1.05e-06
Al_degrader_E10,2.9699999999999998,1.45e-06
Al_degrader_E10,3.0300000000000002,1.35e-06
Al_degrader_E10,3.09,1.55e-06
Al_degrader_E10,3.15,1.05e-06
Al_degrader_E10,3.21,1.65e-06
Al_degrader_E10,3.2699999999999996,2.1e-06
Al_degrader_E10,3.33,2.3e-06
Al_degrader_E10,3.3899999999999997,2.5e-06
Al_degrader_E10,3.45,2.4e-06
Al_degrader_E10,3.51,3.35e-06
Al_degrader_E10,3.57,3.95e-06
Al_degrader_E10,3.63,3.45e-06
Al_degrader_E10,3.6899999999999995,3.5e-06
Al_degrader_E10,3.75,4.6e-06
Al_degrader_E10,3.8099999999999996,6.3e-06
Al_degrader_E10,3.87,5.35e-06
Al_degrader_E10,3.9299999999999997,5.65e-06
Al_degrader_E10,3.9899999999999998,7.55e-06
Al_degrader_E10,4.05,9.45e-06
Al_degrader_E10,4.109999999999999,9.05e-06
Al_degrader_E10,4.17,9.55e-06
Al_degrader_E10,4.23,1.12e-05
Al_degrader_E10,4.29,1.44e-05
Al_degrader_E10,4.35,1.355e-05
Al_degrader_E10,4.41,1.645e-05
Al_degrader_E10,4.47,1.805e-05
Al_degrader_E10,4.529999999999999,2.23e-05
Al_degrader_E10,4.59,2.385e-05
Al_degrader_E10,4.65,2.585e-05
Al_degrader_E10,4.71,3.065e-05
Al_degrader_E10,4.77,3.33e-05
Al_degrader_E10,4.83,3.775e-05
Al_degrader_E10,4.89,4.01e-05
Al_degrader_E10,4.949999999999999,4.855e-05
Al_degrader_E10,5.01,5.215e-05
Al_degrader_E10,5.07,5.76e-05
Al_degrader_E10,5.13,6.91e-05
Al_degrader_E10,5.1899999999999995,7.125e-05
Al_degrader_E10,5.25,8.59e-05
Al_degrader_E10,5.31,9.39e-05
Al_degrader_E10,5.369999999999999,0.000106
Al_degrader_E10,5.43,0.0001196
Al_degrader_E10,5.49,0.00012995
Al_degrader_E10,5.55,0.00015155
Al_degrader_E10,5.609999999999999,0.00016585
Al_degrader_E10,5.67,0.000182
Al_degrader_E10,5.73,0.00020645
Al_degrader_E10,5.789999999999999,0.0002275
Al_degrader_E10,5.85,0.000252
Al_degrader_E10,5.91,0.0002847
Al_degrader_E10,5.97,0.00031465
Al_degrader_E10,6.029999999999999,0.0003456
Al_degrader_E10,6.09,0.0003909
Al_degrader_E10,6.15,0.00043285
Al_degrader_E10,6.21,0.00047245
Al_degrader_E10,6.27,0.00053035
Al_degrader_E10,6.33,0.0005813
Al_degrader_E10,6.39,0.00063895
Al_degrader_E10,6.449999999999999,0.0007122
Al_degrader_E10,6.51,0.00078225
Al_degrader_E10,6.57,0.00085865
Al_degrader_E10,6.63,0.00094495
Al_degrader_E10,6.6899999999999995,0.0010432
Al_degrader_E10,6.75,0.00114965
Al_degrader_E10,6.81,0.0012596
Al_degrader_E10,6.869999999999999,0.00136735
Al_degrader_E10,6.93,0.00151155
Al_degrader_E10,6.99,0.0016501
Al_degrader_E10,7.05,0.0017972
Al_degrader_E10,7.109999999999999,0.0019519
Al_degrader_E10,7.17,0.0021348
Al_degrader_E10,7.2299999999999995,0.00232225
Al_degrader_E10,7.289999999999999,0.0025144
Al_degrader_E10,7.35,0.0027245
Al_degrader_E10,7.41,0.0029564
Al_degrader_E10,7.47,0.0031958
Al_degrader_E10,7.529999999999999,0.0034424
Al_degrader_E10,7.59,0.0037108
Al_degrader_E10,7.65,0.0039923
Al_degrader_E10,7.709999999999999,0.0042729
Al_degrader_E10,7.77,0.0046093
Al_degrader_E10,7.83,0.004925
Al_degrader_E10,7.89,0.0052545
Al_degrader_E10,7.949999999999999,0.005622
Al_degrader_E10,8.01,0.00597085
Al_degrader_E10,8.07,0.00639005
Al_degrader_E10,8.129999999999999,0.00675195
Al_degrader_E10,8.19,0.00718905
Al_degrader_E10,8.25,0.0076005
Al_degrader_E10,8.309999999999999,0.00802705
Al_degrader_E10,8.370000000000001,0.0085003
Al_degrader_E10,8.43,0.00890825
Al_degrader_E10,8.489999999999998,0.0094384
Al_degrader_E10,8.55,0.009872
Al_degrader_E10,8.61,0.01035235
Al_degrader_E10,8.67,0.0108312
Al_degrader_E10,8.73,0.0113121
Al_degrader_E10,8.79,0.01181115
Al_degrader_E10,8.85,0.0122757
Al_degrader_E10,8.91,0.01281995
Al_degrader_E10,8.969999999999999,0.013232
Al_degrader_E10,9.030000000000001,0.0137765
Al_degrader_E10,9.09,0.0142037
Al_degrader_E10,9.149999999999999,0.0146674
Al_degrader_E10,9.21,0.015098
Al_degrader_E10,9.27,0.01551415
Al_degrader_E10,9.329999999999998,0.0159494
Al_degrader_E10,9.39,0.0163135
Al_degrader_E10,9.45,0.0166839
Al_degrader_E10,9.51,0.01702485
Al_degrader_E10,9.57,0.0173463
Al_degrader_E10,9.629999999999999,0.01759905
Al_degrader_E10,9.69,0.0179207
Al_degrader_E10,9.75,0.01808235
Al_degrader_E10,9.809999999999999,0.0183333
Al_degrader_E10,9.870000000000001,0.01842385
Al_degrader_E10,9.93,0.0186026
Al_degrader_E10,9.989999999999998,0.0186248
Al_degrader_E10,10.05,0.0187276
Al_degrader_E10,10.11,0.0186493
Al_degrader_E10,10.169999999999998,0.0187085
Al_degrader_E10,10.23,0.018533
Al_degrader_E10,10.29,0.01850445
Al_degrader_E10,10.35,0.01826165
Al_degrader_E10,10.41,0.01813605
Al_degrader_E10,10.469999999999999,0.0178433
Al_degrader_E10,10.53,0.0176181
Al_degrader_E10,10.59,0.01724845
Al_degrader_E10,10.649999999999999,0.01695825
Al_degrader_E10,10.71,0.01651645
Al_degrader_E10,10.77,0.01613855
Al_degrader_E10,10.829999999999998,0.0156681
Al_degrader_E10,10.89,0.01519635
Al_degrader_E10,10.95,0.01470175
Al_degrader_E10,11.01,0.0141762
Al_degrader_E10,11.07,0.01362135
Al_degrader_E10,11.129999999999999,0.0130873
Al_degrader_E10,11.19,0.01249665
Al_degrader_E10,11.25,0.01191695
Al_degrader_E10,11.309999999999999,0.0113204
Al_degrader_E10,11.370000000000001,0.01069605
Al_degrader_E10,11.43,0.01012845
Al_degrader_E10,11.489999999999998,0.0095009
Al_degrader_E10,11.55,0.00894335
Al_degrader_E10,11.61,0.00833505
Al_degrader_E10,11.669999999999998,0.00778095
Al_degrader_E10,11.73,0.0072405
Al_degrader_E10,11.79,0.0066986
Al_degrader_E10,11.85,0.006175
Al_degrader_E10,11.91,0.0056765
Al_degrader_E10,11.969999999999999,0.005198
Al_degrader_E10,12.03,0.0047197
Al_degrader_E10,12.09,0.00429575
Al_degrader_E10,12.149999999999999,0.0039035
Al_degrader_E10,12.21,0.0035105
Al_degrader_E10,12.27,0.00315695
Al_degrader_E10,12.329999999999998,0.0028177
Al_degrader_E10,12.39,0.00250665
Al_degrader_E10,12.45,0.0022267
Al_degrader_E10,12.51,0.00195585
Al_degrader_E10,12.57,0.0017348
Al_degrader_E10,12.629999999999999,0.00151315
Al_degrader_E10,12.69,0.00132135
Al_degrader_E10,12.75,0.0011437
Al_degrader_E10,12.809999999999999,0.0009859
Al_degrader_E10,12.870000000000001,0.0008565
Al_degrader_E10,12.93,0.0007225
Al_degrader_E10,12.989999999999998,0.00062725
Al_degrader_E10,13.05,0.0005284
Al_degrader_E10,13.11,0.0004411
Al_degrader_E10,13.169999999999998,0.00037865
Al_degrader_E10,13.23,0.00030905
Al_degrader_E10,13.29,0.00025975
Al_degrader_E10,13.35,0.0002161
Al_degrader_E10,13.41,0.00017745
Al_degrader_E10,13.469999999999999,0.0001469
Al_degrader_E10,13.53,0.0001191
Al_degrader_E10,13.59,9.7e-05
Al_degrader_E10,13.649999999999999,7.91e-05
Al_degrader_E10,13.71,6.52e-05
Al_degrader_E10,13.77,4.97e-05
Al_degrader_E10,13.829999999999998,3.9e-05
Al_degrader_E10,13.89,3.25e-05
Al_degrader_E10,13.95,2.66e-05
Al_degrader_E10,14.009999999999998,2e-05
Al_degrader_E10,14.07,1.56e-05
Al_degrader_E10,14.129999999999999,1.215e-05
Al_degrader_E10,14.19,8.5e-06
Al_degrader_E10,14.25,6.95e-06
Al_degrader_E10,14.309999999999999,5.4e-06
Al_degrader_E10,14.37,3.75e-06
Al_degrader_E10,14.43,2.85e-06
Al_degrader_E10,14.489999999999998,2.2e-06
Al_degrader_E10,14.55,1.55e-06
Al_degrader_E10,14.61,1.1e-06
Al_degrader_E10,14.669999999999998,9.5e-07
Al_degrader_E10,14.73,6e-07
Al_degrader_E10,14.79,5.5e-07
Al_degrader_E10,14.85,4e-07
Al_degrader_E10,14.91,2e-07
Al_degrader_E10,14.969999999999999,2.5e-07
Al_degrader_E10,15.03,2.5e-07
Al_degrader_E10,15.09,1e-07
Al_degrader_E10,15.149999999999999,1.5e-07
Al_degrader_E10,15.21,5e-08
Al_degrader_E10,15.27,5e-08
Al_degrader_E10,15.329999999999998,1e-07
Al_degrader_E10,15.39,5e-08
Al_degrader_E10,15.45,5e-08
Ni14,0.03,1.633333333333333e-05
Ni14,0.09,1.111111111111111e-06
Ni14,0.15,1.3333333333333334e-06
Ni14,0.21,1e-06
Ni14,0.27,1e-06
Ni14,0.32999999999999996,7.777777777777778e-07
Ni14,0.39,1e-06
Ni14,0.44999999999999996,7.777777777777778e-07
Ni14,0.51,1.111111111111111e-06
Ni14,0.5700000000000001,8.888888888888889e-07
Ni14,0.6299999999999999,1.2222222222222221e-06
Ni14,0.69,1.4444444444444445e-06
Ni14,0.75,1.3333333333333334e-06
Ni14,0.81,1.2222222222222221e-06
Ni14,0.8699999999999999,2.111111111111111e-06
Ni14,0.9299999999999999,1.6666666666666667e-06
Ni14,0.99,1.6666666666666667e-06
Ni14,1.05,2.777777777777778e-06
Ni14,1.1099999999999999,1.6666666666666667e-06
Ni14,1.17,2.5555555555555557e-06
Ni14,1.23,2.666666666666667e-06
Ni14,1.29,2.666666666666667e-06
Ni14,1.3499999999999999,2.888888888888889e-06
Ni14,1.41,3.4444444444444444e-06
Ni14,1.47,3.3333333333333333e-06
Ni14,1.53,4.111111111111111e-06
Ni14,1.5899999999999999,3.7777777777777777e-06
Ni14,1.65,4.333333333333333e-06
Ni14,1.71,4.8888888888888885e-06
Ni14,1.77,4.777777777777777e-06
Ni14,1.8299999999999998,6.111111111111111e-06
Ni14,1.89,6.4444444444444445e-06
Ni14,1.95,8.555555555555556e-06
Ni14,2.01,7e-06
Ni14,2.0700000000000003,7.333333333333333e-06
Ni14,2.13,8.222222222222222e-06
Ni14,2.19,1.1333333333333334e-05
Ni14,2.25,1e-05
Ni14,2.3099999999999996,1.1222222222222222e-05
Ni14,2.37,1.1888888888888888e-05
Ni14,2.4299999999999997,1.388888888888889e-05
Ni14,2.49,1.6222222222222223e-05
Ni14,2.55,1.4888888888888888e-05
Ni14,2.61,1.911111111111111e-05
Ni14,2.67,1.988888888888889e-05
Ni14,2.7299999999999995,2.2e-05
Ni14,2.79,2.4e-05
Ni14,2.8499999999999996,2.588888888888889e-05
Ni14,2.91,2.8333333333333332e-05
Ni14,2.9699999999999998,2.988888888888889e-05
Ni14,3.0300000000000002,3.4222222222222224e-05
Ni14,3.09,3.766666666666667e-05
Ni14,3.15,3.8777777777777775e-05
Ni14,3.21,4.811111111111111e-05
Ni14,3.2699999999999996,5.144444444444445e-05
Ni14,3.33,5.477777777777778e-05
Ni14,3.3899999999999997,6.377777777777778e-05
Ni14,3.45,7.155555555555555e-05
Ni14,3.51,7.344444444444445e-05
Ni14,3.57,8.211111111111112e-05
Ni14,3.63,9.711111111111111e-05
Ni14,3.6899999999999995,9.566666666666667e-05
Ni14,3.75,0.00011244444444444445
Ni14,3.8099999999999996,0.00012055555555555555
Ni14,3.87,0.0001331111111111111
Ni14,3.9299999999999997,0.00015044444444444445
Ni14,3.9899999999999998,0.000168
Ni14,4.05,0.0001758888888888889
Ni14,4.109999999999999,0.00020611111111111112
Ni14,4.17,0.00021855555555555555
Ni14,4.23,0.00024544444444444445
Ni14,4.29,0.00027866666666666665
Ni14,4.35,0.000287
Ni14,4.41,0.00034188888888888886
Ni14,4.47,0.00035811111111111113
Ni14,4.529999999999999,0.00040366666666666665
Ni14,4.59,0.00044755555555555553
Ni14,4.65,0.00046522222222222223
Ni14,4.71,0.0005364444444444444
Ni14,4.77,0.0005696666666666667
Ni14,4.83,0.0006347777777777777
Ni14,4.89,0.0006958888888888889
Ni14,4.949999999999999,0.0007622222222222222
Ni14,5.01,0.0008397777777777778
Ni14,5.07,0.0009092222222222222
Ni14,5.13,0.0010084444444444444
Ni14,5.1899999999999995,0.00109
Ni14,5.25,0.0012085555555555556
Ni14,5.31,0.0012956666666666668
Ni14,5.369999999999999,0.001433
Ni14,5.43,0.001543
Ni14,5.49,0.0016814444444444444
Ni14,5.55,0.0018234444444444444
Ni14,5.609999999999999,0.0019961111111111113
Ni14,5.67,0.0021547777777777776
Ni14,5.73,0.002346888888888889
Ni14,5.789999999999999,0.0025413333333333334
Ni14,5.85,0.002769111111111111
Ni14,5.91,0.0029847777777777776
Ni14,5.97,0.003235888888888889
Ni14,6.029999999999999,0.0034875555555555554
Ni14,6.09,0.0037716666666666667
Ni14,6.15,0.0040565555555555554
Ni14,6.21,0.004378111111111111
Ni14,6.27,0.004661777777777778
Ni14,6.33,0.005042222222222222
Ni14,6.39,0.005372333333333333
Ni14,6.449999999999999,0.005800222222222222
Ni14,6.51,0.006151555555555556
Ni14,6.57,0.006606333333333333
Ni14,6.63,0.007021333333333333
Ni14,6.6899999999999995,0.0074526666666666665
Ni14,6.75,0.007925444444444445
Ni14,6.81,0.008386444444444445
Ni14,6.869999999999999,0.008867666666666666
Ni14,6.93,0.00936511111111111
Ni14,6.99,0.009880777777777778
Ni14,7.05,0.010405666666666667
Ni14,7.109999999999999,0.010907888888888889
Ni14,7.17,0.011454555555555556
Ni14,7.2299999999999995,0.012019222222222223
Ni14,7.289999999999999,0.012547444444444444
Ni14,7.35,0.013073555555555555
Ni14,7.41,0.013597444444444445
Ni14,7.47,0.014200111111111111
Ni14,7.529999999999999,0.014659777777777779
Ni14,7.59,0.015218
Ni14,7.65,0.015665444444444444
Ni14,7.709999999999999,0.01620711111111111
Ni14,7.77,0.016668
Ni14,7.83,0.017137666666666666
Ni14,7.89,0.017549
Ni14,7.949999999999999,0.017920444444444444
Ni14,8.01,0.018319111111111112
Ni14,8.07,0.01863688888888889
Ni14,8.129999999999999,0.01888577777777778
Ni14,8.19,0.019227
Ni14,8.25,0.019387444444444443
Ni14,8.309999999999999,0.019608666666666667
Ni14,8.370000000000001,0.019691666666666666
Ni14,8.43,0.019737888888888888
Ni14,8.489999999999998,0.019817666666666667
Ni14,8.55,0.019773111111111113
Ni14,8.61,0.019664333333333332
Ni14,8.67,0.019535888888888887
Ni14,8.73,0.019354777777777776
Ni14,8.79,0.01912466666666667
Ni14,8.85,0.018842888888888888
Ni14,8.91,0.01852077777777778
Ni14,8.969999999999999,0.018134777777777777
Ni14,9.030000000000001,0.017684555555555554
Ni14,9.09,0.01727988888888889
Ni14,9.149999999999999,0.016739333333333332
Ni14,9.21,0.016233333333333332
Ni14,9.27,0.015660888888888887
Ni14,9.329999999999998,0.015108666666666666
Ni14,9.39,0.014485333333333333
Ni14,9.45,0.013864222222222222
Ni14,9.51,0.013241111111111111
Ni14,9.57,0.012610222222222222
Ni14,9.629999999999999,0.01194611111111111
Ni14,9.69,0.011317777777777777
Ni14,9.75,0.01065188888888889
Ni14,9.809999999999999,0.009979666666666666
Ni14,9.870000000000001,0.009329444444444444
Ni14,9.93,0.008707666666666667
Ni14,9.989999999999998,0.008113111111111111
Ni14,10.05,0.007506666666666667
Ni14,10.11,0.006934555555555556
Ni14,10.169999999999998,0.006394777777777778
Ni14,10.23,0.005842666666666667
Ni14,10.29,0.005319666666666667
Ni14,10.35,0.004836888888888889
Ni14,10.41,0.004399666666666666
Ni14,10.469999999999999,0.0039848888888888885
Ni14,10.53,0.0035864444444444446
Ni14,10.59,0.003210111111111111
Ni14,10.649999999999999,0.002869111111111111
Ni14,10.71,0.002555888888888889
Ni14,10.77,0.0022664444444444446
Ni14,10.829999999999998,0.001994333333333333
Ni14,10.89,0.0017472222222222223
Ni14,10.95,0.0015433333333333334
Ni14,11.01,0.0013487777777777777
Ni14,11.07,0.0011586666666666666
Ni14,11.129999999999999,0.0010117777777777777
Ni14,11.19,0.0008768888888888889
Ni14,11.25,0.0007403333333333333
Ni14,11.309999999999999,0.0006386666666666666
Ni14,11.370000000000001,0.000536
Ni14,11.43,0.0004586666666666667
Ni14,11.489999999999998,0.00039433333333333334
Ni14,11.55,0.000325
Ni14,11.61,0.00028133333333333336
Ni14,11.669999999999998,0.00023055555555555554
Ni14,11.73,0.0001957777777777778
Ni14,11.79,0.00015933333333333332
Ni14,11.85,0.00012833333333333333
Ni14,11.91,0.00010688888888888888
Ni14,11.969999999999999,8.811111111111111e-05
Ni14,12.03,7.288888888888888e-05
Ni14,12.09,6.011111111111111e-05
Ni14,12.149999999999999,4.711111111111111e-05
Ni14,12.21,3.855555555555556e-05
Ni14,12.27,2.922222222222222e-05
Ni14,12.329999999999998,2.2333333333333332e-05
Ni14,12.39,1.7444444444444444e-05
Ni14,12.45,1.4777777777777778e-05
Ni14,12.51,1.0777777777777778e-05
Ni14,12.57,8e-06
Ni14,12.629999999999999,6.222222222222222e-06
Ni14,12.69,4.777777777777777e-06
Ni14,12.75,3.6666666666666666e-06
Ni14,12.809999999999999,2.888888888888889e-06
Ni14,12.870000000000001,1.6666666666666667e-06
Ni14,12.93,1.7777777777777777e-06
Ni14,12.989999999999998,1.3333333333333334e-06
Ni14,13.05,7.777777777777778e-07
Ni14,13.11,6.666666666666667e-07
Ni14,13.169999999999998,7.777777777777778e-07
Ni14,13.23,5.555555555555555e-07
Ni14,13.29,4.4444444444444444e-07
Ni14,13.35,4.4444444444444444e-07
Ni14,13.41,2.2222222222222222e-07
Ni14,13.469999999999999,2.2222222222222222e-07
Ni14,13.53,1.1111111111111111e-07
Ni14,13.59,2.2222222222222222e-07
Ni14,13.649999999999999,2.2222222222222222e-07
Ni14,13.71,1.1111111111111111e-07
Sn14,0.03,6.666666666666667e-05
Sn14,0.09,3.3333333333333333e-06
Sn14,0.15,5.333333333333334e-06
Sn14,0.21,6.333333333333333e-06
Sn14,0.27,2.333333333333333e-06
Sn14,0.32999999999999996,1.3333333333333334e-06
Sn14,0.39,2.333333333333333e-06
Sn14,0.44999999999999996,5.333333333333334e-06
Sn14,0.51,2e-06
Sn14,0.5700000000000001,3.3333333333333333e-06
Sn14,0.6299999999999999,3.3333333333333333e-06
Sn14,0.69,5.666666666666667e-06
Sn14,0.75,3e-06
Sn14,0.81,3.6666666666666666e-06
Sn14,0.8699999999999999,6.333333333333333e-06
Sn14,0.9299999999999999,5.333333333333334e-06
Sn14,0.99,3.6666666666666666e-06
Sn14,1.05,8e-06
Sn14,1.1099999999999999,4.666666666666666e-06
Sn14,1.17,8.666666666666666e-06
Sn14,1.23,7.333333333333333e-06
Sn14,1.29,7.333333333333333e-06
Sn14,1.3499999999999999,9.666666666666667e-06
Sn14,1.41,1.3e-05
Sn14,1.47,1.1333333333333334e-05
Sn14,1.53,1.3333333333333333e-05
Sn14,1.5899999999999999,1.1666666666666666e-05
Sn14,1.65,1.1333333333333334e-05
Sn14,1.71,1.9333333333333333e-05
Sn14,1.77,1.4333333333333334e-05
Sn14,1.8299999999999998,2.1e-05
Sn14,1.89,1.4666666666666666e-05
Sn14,1.95,2.3333333333333332e-05
Sn14,2.01,2.2e-05
Sn14,2.0700000000000003,2.6666666666666667e-05
Sn14,2.13,2.3666666666666668e-05
Sn14,2.19,2.966666666666667e-05
Sn14,2.25,3.6e-05
Sn14,2.3099999999999996,3.366666666666667e-05
Sn14,2.37,3.8e-05
Sn14,2.4299999999999997,4.3e-05
Sn14,2.49,4.3e-05
Sn14,2.55,4.933333333333333e-05
Sn14,2.61,5.566666666666667e-05
Sn14,2.67,5.5e-05
Sn14,2.7299999999999995,6.466666666666666e-05
Sn14,2.79,6.666666666666667e-05
Sn14,2.8499999999999996,7.933333333333333e-05
Sn14,2.91,8.9e-05
Sn14,2.9699999999999998,9.6e-05
Sn14,3.0300000000000002,0.00010033333333333334
Sn14,3.09,0.00012366666666666667
Sn14,3.15,0.00012433333333333334
Sn14,3.21,0.00013766666666666666
Sn14,3.2699999999999996,0.00015566666666666666
Sn14,3.33,0.00016233333333333334
Sn14,3.3899999999999997,0.00016433333333333333
Sn14,3.45,0.00019733333333333332
Sn14,3.51,0.00021
Sn14,3.57,0.00021566666666666666
Sn14,3.63,0.0002463333333333333
Sn14,3.6899999999999995,0.0002826666666666667
Sn14,3.75,0.000288
Sn14,3.8099999999999996,0.00034533333333333334
Sn14,3.87,0.00036366666666666665
Sn14,3.9299999999999997,0.0004076666666666667
Sn14,3.9899999999999998,0.00045733333333333335
Sn14,4.05,0.000471
Sn14,4.109999999999999,0.0005576666666666667
Sn14,4.17,0.0005683333333333333
Sn14,4.23,0.0006403333333333334
Sn14,4.29,0.000704
Sn14,4.35,0.0007253333333333334
Sn14,4.41,0.000796
Sn14,4.47,0.0008683333333333334
Sn14,4.529999999999999,0.0009523333333333334
Sn14,4.59,0.001022
Sn14,4.65,0.0011253333333333334
Sn14,4.71,0.001215
Sn14,4.77,0.0013193333333333334
Sn14,4.83,0.0014643333333333333
Sn14,4.89,0.0015813333333333332
Sn14,4.949999999999999,0.0017293333333333334
Sn14,5.01,0.0018483333333333333
Sn14,5.07,0.0019863333333333334
Sn14,5.13,0.0021753333333333334
Sn14,5.1899999999999995,0.002306
Sn14,5.25,0.002514
Sn14,5.31,0.002690333333333333
Sn14,5.369999999999999,0.00293
Sn14,5.43,0.0031293333333333334
Sn14,5.49,0.0034233333333333333
Sn14,5.55,0.003618
Sn14,5.609999999999999,0.003989
Sn14,5.67,0.004218666666666667
Sn14,5.73,0.004565666666666667
Sn14,5.789999999999999,0.004876333333333333
Sn14,5.85,0.005223
Sn14,5.91,0.005584666666666667
Sn14,5.97,0.005914333333333333
Sn14,6.029999999999999,0.006293
Sn14,6.09,0.006697666666666667
Sn14,6.15,0.007110333333333333
Sn14,6.21,0.007567333333333333
Sn14,6.27,0.007985333333333334
Sn14,6.33,0.008502333333333334
Sn14,6.39,0.008928666666666666
Sn14,6.449999999999999,0.009435666666666667
Sn14,6.51,0.009881333333333334
Sn14,6.57,0.010384333333333334
Sn14,6.63,0.010905333333333333
Sn14,6.6899999999999995,0.011339666666666666
Sn14,6.75,0.011872
Sn14,6.81,0.012389333333333334
Sn14,6.869999999999999,0.012862
Sn14,6.93,0.01338
Sn14,6.99,0.013939666666666666
Sn14,7.05,0.014441333333333334
Sn14,7.109999999999999,0.014952
Sn14,7.17,0.015383333333333334
Sn14,7.2299999999999995,0.015896333333333332
Sn14,7.289999999999999,0.016348666666666668
Sn14,7.35,0.016688
Sn14,7.41,0.017247
Sn14,7.47,0.017489333333333332
Sn14,7.529999999999999,0.017925666666666666
Sn14,7.59,0.018158333333333332
Sn14,7.65,0.018533666666666667
Sn14,7.709999999999999,0.018723
Sn14,7.77,0.018913
Sn14,7.83,0.019060333333333332
Sn14,7.89,0.019238
Sn14,7.949999999999999,0.019166
Sn14,8.01,0.019487333333333332
Sn14,8.07,0.019358
Sn14,8.129999999999999,0.019361333333333335
Sn14,8.19,0.019203333333333333
Sn14,8.25,0.019024333333333334
Sn14,8.309999999999999,0.018716
Sn14,8.370000000000001,0.018559333333333334
Sn14,8.43,0.018204333333333333
Sn14,8.489999999999998,0.017801
Sn14,8.55,0.017402666666666667
Sn14,8.61,0.016987333333333333
Sn14,8.67,0.016481666666666665
Sn14,8.73,0.016061666666666665
Sn14,8.79,0.015467333333333333
Sn14,8.85,0.015052
Sn14,8.91,0.014465
Sn14,8.969999999999999,0.013914
Sn14,9.030000000000001,0.01332
Sn14,9.09,0.012591666666666666
Sn14,9.149999999999999,0.012002333333333334
Sn14,9.21,0.011355666666666667
Sn14,9.27,0.010661666666666667
Sn14,9.329999999999998,0.010172
Sn14,9.39,0.009518
Sn14,9.45,0.008894666666666667
Sn14,9.51,0.008380666666666666
Sn14,9.57,0.0076423333333333334
Sn14,9.629999999999999,0.0070936666666666665
Sn14,9.69,0.006547
Sn14,9.75,0.006066
Sn14,9.809999999999999,0.005548666666666667
Sn14,9.870000000000001,0.005050666666666667
Sn14,9.93,0.00461
Sn14,9.989999999999998,0.004193
Sn14,10.05,0.003796
Sn14,10.11,0.0034056666666666667
Sn14,10.169999999999998,0.003025
Sn14,10.23,0.0026956666666666665
Sn14,10.29,0.0024303333333333334
Sn14,10.35,0.002177333333333333
Sn14,10.41,0.0019023333333333334
Sn14,10.469999999999999,0.001725
Sn14,10.53,0.0014693333333333333
Sn14,10.59,0.0012776666666666668
Sn14,10.649999999999999,0.0011053333333333334
Sn14,10.71,0.000945
Sn14,10.77,0.0008156666666666667
Sn14,10.829999999999998,0.00071
Sn14,10.89,0.0006076666666666666
Sn14,10.95,0.0005256666666666667
Sn14,11.01,0.000454
Sn14,11.07,0.00038933333333333333
Sn14,11.129999999999999,0.00033
Sn14,11.19,0.000268
Sn14,11.25,0.000203
Sn14,11.309999999999999,0.000184
Sn14,11.370000000000001,0.00014566666666666667
Sn14,11.43,0.00013533333333333333
Sn14,11.489999999999998,0.00011366666666666666
Sn14,11.55,9.566666666666667e-05
Sn14,11.61,7.333333333333333e-05
Sn14,11.669999999999998,5.7333333333333336e-05
Sn14,11.73,4.3666666666666666e-05
Sn14,11.79,3.4666666666666665e-05
Sn14,11.85,2.8333333333333332e-05
Sn14,11.91,2.4666666666666665e-05
Sn14,11.969999999999999,1.8666666666666665e-05
Sn14,12.03,1.4333333333333334e-05
Sn14,12.09,1.1e-05
Sn14,12.149999999999999,8e-06
Sn14,12.21,5e-06
Sn14,12.27,4.333333333333333e-06
Sn14,12.329999999999998,4e-06
Sn14,12.39,3.3333333333333333e-06
Sn14,12.45,2e-06
Sn14,12.51,6.666666666666667e-07
Sn14,12.57,1.3333333333333334e-06
Sn14,12.629999999999999,1e-06
Sn14,12.69,1e-06
Sn14,12.75,1e-06
Sn14,12.809999999999999,6.666666666666667e-07
Sn14,12.870000000000001,0.0
Sn14,12.93,0.0
Sn14,12.989999999999998,3.3333333333333335e-07
Sn14,13.05,6.666666666666667e-07
Sn14,13.11,6.666666666666667e-07
Sn14,13.169999999999998,3.3333333333333335e-07
Ta14,0.03,0.000202375
Ta14,0.09,1.1125e-05
Ta14,0.15,1.1875e-05
Ta14,0.21,9.5e-06
Ta14,0.27,7e-06
Ta14,0.32999999999999996,6.5e-06
Ta14,0.39,8.875e-06
Ta14,0.44999999999999996,7.25e-06
Ta14,0.51,9.5e-06
Ta14,0.5700000000000001,1.1125e-05
Ta14,0.6299999999999999,1.2375e-05
Ta14,0.69,1.3375e-05
Ta14,0.75,1.225e-05
Ta14,0.81,1.4e-05
Ta14,0.8699999999999999,1.675e-05
Ta14,0.9299999999999999,1.775e-05
Ta14,0.99,2e-05
Ta14,1.05,1.525e-05
Ta14,1.1099999999999999,2.2375e-05
Ta14,1.17,2.4e-05
Ta14,1.23,2.55e-05
Ta14,1.29,2.2125e-05
Ta14,1.3499999999999999,2.975e-05
Ta14,1.41,3.2875e-05
Ta14,1.47,3.225e-05
Ta14,1.53,3.175e-05
Ta14,1.5899999999999999,4.3e-05
Ta14,1.65,4.325e-05
Ta14,1.71,4.4125e-05
Ta14,1.77,4.975e-05
Ta14,1.8299999999999998,5.5e-05
Ta14,1.89,6.15e-05
Ta14,1.95,6.0125e-05
Ta14,2.01,6.925e-05
Ta14,2.0700000000000003,7.525e-05
Ta14,2.13,7.825e-05
Ta14,2.19,8.7375e-05
Ta14,2.25,9.45e-05
Ta14,2.3099999999999996,9.9e-05
Ta14,2.37,0.0001075
Ta14,2.4299999999999997,0.00011825
Ta14,2.49,0.00012875
Ta14,2.55,0.00013475
Ta14,2.61,0.00015425
Ta14,2.67,0.000165
Ta14,2.7299999999999995,0.0001735
Ta14,2.79,0.000198875
Ta14,2.8499999999999996,0.000209
Ta14,2.91,0.00023075
Ta14,2.9699999999999998,0.000259375
Ta14,3.0300000000000002,0.000260875
Ta14,3.09,0.000302
Ta14,3.15,0.00031725
Ta14,3.21,0.00034425
Ta14,3.2699999999999996,0.00038375
Ta14,3.33,0.000404875
Ta14,3.3899999999999997,0.000443875
Ta14,3.45,0.000476375
Ta14,3.51,0.00051625
Ta14,3.57,0.0005675
Ta14,3.63,0.00059925
Ta14,3.6899999999999995,0.000662
Ta14,3.75,0.000722125
Ta14,3.8099999999999996,0.000765625
Ta14,3.87,0.000833125
Ta14,3.9299999999999997,0.000904625
Ta14,3.9899999999999998,0.000983125
Ta14,4.05,0.001045625
Ta14,4.109999999999999,0.0011515
Ta14,4.17,0.00122375
Ta14,4.23,0.0013255
Ta14,4.29,0.001435125
Ta14,4.35,0.001532625
Ta14,4.41,0.001659375
Ta14,4.47,0.001787
Ta14,4.529999999999999,0.0019275
Ta14,4.59,0.00208375
Ta14,4.65,0.002218375
Ta14,4.71,0.0024145
Ta14,4.77,0.002566
Ta14,4.83,0.002791875
Ta14,4.89,0.002966375
Ta14,4.949999999999999,0.003191875
Ta14,5.01,0.003419375
Ta14,5.07,0.00365075
Ta14,5.13,0.003922125
Ta14,5.1899999999999995,0.004166375
Ta14,5.25,0.00447225
Ta14,5.31,0.004751625
Ta14,5.369999999999999,0.005057
Ta14,5.43,0.00538625
Ta14,5.49,0.00569525
Ta14,5.55,0.006117625
Ta14,5.609999999999999,0.006424375
Ta14,5.67,0.006855625
Ta14,5.73,0.007171
Ta14,5.789999999999999,0.00759525
Ta14,5.85,0.008
Ta14,5.91,0.0084205
Ta14,5.97,0.008844375
Ta14,6.029999999999999,0.009299
Ta14,6.09,0.0097445
Ta14,6.15,0.01018625
Ta14,6.21,0.010682
Ta14,6.27,0.011068375
Ta14,6.33,0.011608875
Ta14,6.39,0.012037125
Ta14,6.449999999999999,0.012513875
Ta14,6.51,0.01298975
Ta14,6.57,0.0134155
Ta14,6.63,0.0139475
Ta14,6.6899999999999995,0.0143425
Ta14,6.75,0.0147795
Ta14,6.81,0.015197125
Ta14,6.869999999999999,0.015644375
Ta14,6.93,0.016024875
Ta14,6.99,0.01638325
Ta14,7.05,0.01678925
Ta14,7.109999999999999,0.017018375
Ta14,7.17,0.017364625
Ta14,7.2299999999999995,0.01761725
Ta14,7.289999999999999,0.017841
Ta14,7.35,0.018058625
Ta14,7.41,0.0182695
Ta14,7.47,0.018352125
Ta14,7.529999999999999,0.018509625
Ta14,7.59,0.01851075
Ta14,7.65,0.018513875
Ta14,7.709999999999999,0.01847325
Ta14,7.77,0.018400625
Ta14,7.83,0.018317625
Ta14,7.89,0.018134
Ta14,7.949999999999999,0.01792425
Ta14,8.01,0.017668
Ta14,8.07,0.0173395
Ta14,8.129999999999999,0.01700225
Ta14,8.19,0.01665575
Ta14,8.25,0.01624575
Ta14,8.309999999999999,0.015865375
Ta14,8.370000000000001,0.015378
Ta14,8.43,0.01491375
Ta14,8.489999999999998,0.01439925
Ta14,8.55,0.0138805
Ta14,8.61,0.01331
Ta14,8.67,0.0127915
Ta14,8.73,0.01223875
Ta14,8.79,0.01167525
Ta14,8.85,0.0110555
Ta14,8.91,0.010496875
Ta14,8.969999999999999,0.009913625
Ta14,9.030000000000001,0.009301375
Ta14,9.09,0.00871475
Ta14,9.149999999999999,0.008190375
Ta14,9.21,0.007652625
Ta14,9.27,0.0071115
Ta14,9.329999999999998,0.00659275
Ta14,9.39,0.006063375
Ta14,9.45,0.005596
Ta14,9.51,0.005158625
Ta14,9.57,0.004686875
Ta14,9.629999999999999,0.004269875
Ta14,9.69,0.003880375
Ta14,9.75,0.0035515
Ta14,9.809999999999999,0.003181375
Ta14,9.870000000000001,0.002869375
Ta14,9.93,0.002574375
Ta14,9.989999999999998,0.002288875
Ta14,10.05,0.00204225
Ta14,10.11,0.00180425
Ta14,10.169999999999998,0.001598
Ta14,10.23,0.001404625
Ta14,10.29,0.0012355
Ta14,10.35,0.001081375
Ta14,10.41,0.0009285
Ta14,10.469999999999999,0.00079575
Ta14,10.53,0.000703625
Ta14,10.59,0.000594125
Ta14,10.649999999999999,0.00052075
Ta14,10.71,0.000443125
Ta14,10.77,0.00037475
Ta14,10.829999999999998,0.00032075
Ta14,10.89,0.0002685
Ta14,10.95,0.000225875
Ta14,11.01,0.0001925
Ta14,11.07,0.000160125
Ta14,11.129999999999999,0.000130125
Ta14,11.19,0.0001095
Ta14,11.25,9.2e-05
Ta14,11.309999999999999,7.75e-05
Ta14,11.370000000000001,6.1625e-05
Ta14,11.43,5.0875e-05
Ta14,11.489999999999998,4.1e-05
Ta14,11.55,3.05e-05
Ta14,11.61,2.525e-05
Ta14,11.669999999999998,1.9625e-05
Ta14,11.73,1.5125e-05
Ta14,11.79,1.2625e-05
Ta14,11.85,9.875e-06
Ta14,11.91,6.875e-06
Ta14,11.969999999999999,5.5e-06
Ta14,12.03,4.375e-06
Ta14,12.09,3.125e-06
Ta14,12.149999999999999,2.25e-06
Ta14,12.21,2.125e-06
Ta14,12.27,1.75e-06
Ta14,12.329999999999998,1.125e-06
Ta14,12.39,7.5e-07
Ta14,12.45,7.5e-07
Ta14,12.51,5e-07
Ta14,12.57,7.5e-07
Ta14,12.629999999999999,3.75e-07
Ta14,12.69,5e-07
Ta14,12.75,2.5e-07
Ta14,12.809999999999999,1.25e-07
Ta14,12.870000000000001,2.5e-07
Ta14,12.93,2.5e-07
Ta14,12.989999999999998,2.5e-07
Ta14,13.05,1.25e-07
Cu14,0.03,0.0013266363636363636
Cu14,0.09,7.154545454545455e-05
Cu14,0.15,6.718181818181819e-05
Cu14,0.21,4.909090909090909e-05
Cu14,0.27,3.9454545454545455e-05
Cu14,0.32999999999999996,3.881818181818182e-05
Cu14,0.39,4.627272727272727e-05
Cu14,0.44999999999999996,4.454545454545455e-05
Cu14,0.51,5.809090909090909e-05
Cu14,0.5700000000000001,6.227272727272727e-05
Cu14,0.6299999999999999,6.218181818181819e-05
Cu14,0.69,6.227272727272727e-05
Cu14,0.75,7.1e-05
Cu14,0.81,7.3e-05
Cu14,0.8699999999999999,9e-05
Cu14,0.9299999999999999,9.209090909090909e-05
Cu14,0.99,9.118181818181819e-05
Cu14,1.05,9.90909090909091e-05
Cu14,1.1099999999999999,0.00011518181818181819
Cu14,1.17,0.0001220909090909091
Cu14,1.23,0.00012563636363636363
Cu14,1.29,0.000135
Cu14,1.3499999999999999,0.00015063636363636364
Cu14,1.41,0.00015981818181818181
Cu14,1.47,0.00016272727272727272
Cu14,1.53,0.0001808181818181818
Cu14,1.5899999999999999,0.00020172727272727272
Cu14,1.65,0.00020427272727272728
Cu14,1.71,0.000221
Cu14,1.77,0.00024027272727272726
Cu14,1.8299999999999998,0.00025136363636363637
Cu14,1.89,0.0002689090909090909
Cu14,1.95,0.0002942727272727273
Cu14,2.01,0.00030436363636363636
Cu14,2.0700000000000003,0.00032836363636363635
Cu14,2.13,0.0003592727272727273
Cu14,2.19,0.00037563636363636363
Cu14,2.25,0.00040209090909090907
Cu14,2.3099999999999996,0.0004372727272727273
Cu14,2.37,0.00046154545454545455
Cu14,2.4299999999999997,0.0005040909090909091
Cu14,2.49,0.0005342727272727273
Cu14,2.55,0.000568909090909091
Cu14,2.61,0.000609
Cu14,2.67,0.000661
Cu14,2.7299999999999995,0.0007047272727272728
Cu14,2.79,0.0007506363636363636
Cu14,2.8499999999999996,0.0008081818181818181
Cu14,2.91,0.000857
Cu14,2.9699999999999998,0.0009252727272727273
Cu14,3.0300000000000002,0.0009826363636363637
Cu14,3.09,0.0010508181818181818
Cu14,3.15,0.0011175454545454546
Cu14,3.21,0.0011995454545454544
Cu14,3.2699999999999996,0.0012764545454545455
Cu14,3.33,0.0013679090909090909
Cu14,3.3899999999999997,0.0014588181818181818
Cu14,3.45,0.0015631818181818182
Cu14,3.51,0.0016601818181818182
Cu14,3.57,0.0017926363636363637
Cu14,3.63,0.0018911818181818181
Cu14,3.6899999999999995,0.002038909090909091
Cu14,3.75,0.0021623636363636363
Cu14,3.8099999999999996,0.0023283636363636362
Cu14,3.87,0.0024412727272727273
Cu14,3.9299999999999997,0.0026482727272727274
Cu14,3.9899999999999998,0.0027734545454545455
Cu14,4.05,0.0029908181818181817
Cu14,4.109999999999999,0.0031529090909090908
Cu14,4.17,0.003370909090909091
Cu14,4.23,0.0035576363636363635
Cu14,4.29,0.0037857272727272726
Cu14,4.35,0.004009181818181818
Cu14,4.41,0.004252545454545454
Cu14,4.47,0.004508181818181818
Cu14,4.529999999999999,0.004775181818181818
Cu14,4.59,0.005054909090909091
Cu14,4.65,0.005325363636363637
Cu14,4.71,0.005631818181818181
Cu14,4.77,0.005936
Cu14,4.83,0.00625
Cu14,4.89,0.006572818181818181
Cu14,4.949999999999999,0.0068987272727272725
Cu14,5.01,0.0072443636363636365
Cu14,5.07,0.007595818181818182
Cu14,5.13,0.007952727272727273
Cu14,5.1899999999999995,0.00832609090909091
Cu14,5.25,0.008701181818181818
Cu14,5.31,0.009090727272727273
Cu14,5.369999999999999,0.00948290909090909
Cu14,5.43,0.009871454545454546
Cu14,5.49,0.01026490909090909
Cu14,5.55,0.010686363636363636
Cu14,5.609999999999999,0.011097181818181819
Cu14,5.67,0.011447545454545455
Cu14,5.73,0.011883818181818181
Cu14,5.789999999999999,0.012313727272727273
Cu14,5.85,0.012669363636363637
Cu14,5.91,0.013067727272727273
Cu14,5.97,0.013462
Cu14,6.029999999999999,0.013872818181818182
Cu14,6.09,0.014169818181818181
Cu14,6.15,0.014606545454545455
Cu14,6.21,0.014939
Cu14,6.27,0.015243818181818181
Cu14,6.33,0.015533636363636364
Cu14,6.39,0.015858636363636363
Cu14,6.449999999999999,0.016082909090909092
Cu14,6.51,0.016355818181818183
Cu14,6.57,0.016594545454545456
Cu14,6.63,0.016763818181818182
Cu14,6.6899999999999995,0.01692390909090909
Cu14,6.75,0.017105545454545453
Cu14,6.81,0.017209545454545453
Cu14,6.869999999999999,0.017237909090909092
Cu14,6.93,0.017267181818181817
Cu14,6.99,0.01731081818181818
Cu14,7.05,0.017286545454545454
Cu14,7.109999999999999,0.017191181818181817
Cu14,7.17,0.017074909090909092
Cu14,7.2299999999999995,0.016946
Cu14,7.289999999999999,0.01675881818181818
Cu14,7.35,0.016577545454545456
Cu14,7.41,0.016301363636363635
Cu14,7.47,0.016013727272727273
Cu14,7.529999999999999,0.015718272727272727
Cu14,7.59,0.015374636363636363
Cu14,7.65,0.015025909090909092
Cu14,7.709999999999999,0.014617727272727274
Cu14,7.77,0.014203909090909092
Cu14,7.83,0.013786363636363637
Cu14,7.89,0.013337727272727272
Cu14,7.949999999999999,0.012864545454545455
Cu14,8.01,0.01237090909090909
Cu14,8.07,0.011872727272727273
Cu14,8.129999999999999,0.011392363636363636
Cu14,8.19,0.010900363636363637
Cu14,8.25,0.010369818181818181
Cu14,8.309999999999999,0.009855727272727273
Cu14,8.370000000000001,0.009321090909090909
Cu14,8.43,0.008790454545454546
Cu14,8.489999999999998,0.00825809090909091
Cu14,8.55,0.007789
Cu14,8.61,0.007297545454545454
Cu14,8.67,0.006803363636363636
Cu14,8.73,0.006350727272727273
Cu14,8.79,0.0058955454545454545
Cu14,8.85,0.005442272727272727
Cu14,8.91,0.005029818181818182
Cu14,8.969999999999999,0.004619363636363637
Cu14,9.030000000000001,0.004232545454545455
Cu14,9.09,0.0038754545454545456
Cu14,9.149999999999999,0.003530090909090909
Cu14,9.21,0.003218090909090909
Cu14,9.27,0.002906090909090909
Cu14,9.329999999999998,0.002628
Cu14,9.39,0.00236
Cu14,9.45,0.002118
Cu14,9.51,0.0018935454545454546
Cu14,9.57,0.0016755454545454545
Cu14,9.629999999999999,0.001494909090909091
Cu14,9.69,0.001325090909090909
Cu14,9.75,0.001165
Cu14,9.809999999999999,0.001026
Cu14,9.870000000000001,0.0008900909090909091
Cu14,9.93,0.000778909090909091
Cu14,9.989999999999998,0.0006764545454545454
Cu14,10.05,0.0005808181818181818
Cu14,10.11,0.000501
Cu14,10.169999999999998,0.00043172727272727275
Cu14,10.23,0.00037445454545454544
Cu14,10.29,0.00031654545454545455
Cu14,10.35,0.0002734545454545455
Cu14,10.41,0.0002320909090909091
Cu14,10.469999999999999,0.00019727272727272728
Cu14,10.53,0.00016418181818181817
Cu14,10.59,0.00013536363636363637
Cu14,10.649999999999999,0.00011418181818181818
Cu14,10.71,9.481818181818182e-05
Cu14,10.77,8.172727272727273e-05
Cu14,10.829999999999998,7e-05
Cu14,10.89,5.509090909090909e-05
Cu14,10.95,4.409090909090909e-05
Cu14,11.01,3.536363636363637e-05
Cu14,11.07,2.8909090909090908e-05
Cu14,11.129999999999999,2.2090909090909092e-05
Cu14,11.19,1.8363636363636364e-05
Cu14,11.25,1.3909090909090909e-05
Cu14,11.309999999999999,1.2363636363636364e-05
Cu14,11.370000000000001,8.90909090909091e-06
Cu14,11.43,6.363636363636363e-06
Cu14,11.489999999999998,5.363636363636364e-06
Cu14,11.55,3.7272727272727274e-06
Cu14,11.61,3.090909090909091e-06
Cu14,11.669999999999998,2.4545454545454544e-06
Cu14,11.73,1.7272727272727273e-06
Cu14,11.79,1.7272727272727273e-06
Cu14,11.85,1.2727272727272728e-06
Cu14,11.91,6.363636363636364e-07
Cu14,11.969999999999999,6.363636363636364e-07
Cu14,12.03,6.363636363636364e-07
Cu14,12.09,6.363636363636364e-07
Cu14,12.149999999999999,4.545454545454545e-07
Cu14,12.21,5.454545454545455e-07
Cu14,12.27,2.7272727272727274e-07
Cu14,12.329999999999998,1.8181818181818183e-07
Cu14,12.39,1.8181818181818183e-07
Cu14,12.45,1.8181818181818183e-07
Cu14,12.51,2.7272727272727274e-07
Cu14,12.57,1.8181818181818183e-07
