name,energy,flux
Ni08,27.57,1e-06
Ni08,27.63,6.666666666666667e-07
Ni08,27.689999999999998,1.3333333333333334e-06
Ni08,27.75,1e-06
Ni08,27.81,3.3333333333333333e-06
Ni08,27.869999999999997,6.666666666666667e-06
Ni08,27.93,1.2333333333333333e-05
Ni08,27.99,1.633333333333333e-05
Ni08,28.049999999999997,3e-05
Ni08,28.11,5.1666666666666664e-05
Ni08,28.17,6.933333333333333e-05
Ni08,28.229999999999997,0.00013566666666666667
Ni08,28.29,0.000181
Ni08,28.35,0.000282
Ni08,28.409999999999997,0.00046
Ni08,28.47,0.000651
Ni08,28.53,0.0009386666666666666
Ni08,28.589999999999996,0.0013223333333333333
Ni08,28.65,0.0018653333333333334
Ni08,28.71,0.0026
Ni08,28.769999999999996,0.003490333333333333
Ni08,28.83,0.004661333333333333
Ni08,28.89,0.006142333333333333
Ni08,28.95,0.007901
Ni08,29.009999999999998,0.010111333333333333
Ni08,29.07,0.012586333333333333
Ni08,29.13,0.015574666666666667
Ni08,29.189999999999998,0.018756333333333333
Ni08,29.25,0.022363666666666667
Ni08,29.31,0.026050333333333335
Ni08,29.369999999999997,0.030013
Ni08,29.43,0.033827333333333334
Ni08,29.49,0.037875
Ni08,29.549999999999997,0.041210333333333335
Ni08,29.61,0.044569333333333336
Ni08,29.67,0.04721633333333333
Ni08,29.729999999999997,0.04918033333333333
Ni08,29.79,0.05072533333333333
Ni08,29.85,0.050894
Ni08,29.909999999999997,0.05091333333333333
Ni08,29.97,0.049599333333333336
Ni08,30.03,0.047684333333333336
Ni08,30.089999999999996,0.04524333333333334
Ni08,30.15,0.041756
Ni08,30.21,0.038517333333333334
Ni08,30.269999999999996,0.034653
Ni08,30.33,0.030453333333333332
Ni08,30.39,0.026576
Ni08,30.45,0.022721333333333333
Ni08,30.509999999999998,0.019250333333333335
Ni08,30.57,0.015840666666666666
Ni08,30.63,0.01297
Ni08,30.689999999999998,0.010315666666666667
Ni08,30.75,0.008143333333333334
Ni08,30.81,0.006344666666666667
Ni08,30.869999999999997,0.004804333333333333
Ni08,30.93,0.0035646666666666665
Ni08,30.99,0.002698
Ni08,31.049999999999997,0.0018853333333333333
Ni08,31.11,0.0013936666666666668
Ni08,31.17,0.0009293333333333333
Ni08,31.229999999999997,0.0006576666666666666
Ni08,31.29,0.000458
Ni08,31.35,0.0002976666666666667
Ni08,31.409999999999997,0.00020033333333333334
Ni08,31.47,0.00013166666666666668
Ni08,31.53,9.033333333333334e-05
Ni08,31.589999999999996,5.2e-05
Ni08,31.65,3.1e-05
Ni08,31.71,1.7e-05
Ni08,31.769999999999996,1.3333333333333333e-05
Ni08,31.83,7e-06
Ni08,31.89,3.6666666666666666e-06
Ni08,31.95,3e-06
Ni08,32.01,6.666666666666667e-07
Ni08,32.07,6.666666666666667e-07
Ni08,32.129999999999995,3.3333333333333335e-07
Sn08,27.45,1e-06
Sn08,27.509999999999998,1e-06
Sn08,27.57,2e-06
Sn08,27.63,2e-06
Sn08,27.689999999999998,2.666666666666667e-06
Sn08,27.75,6.666666666666667e-06
Sn08,27.81,1.2333333333333333e-05
Sn08,27.869999999999997,2.6333333333333334e-05
Sn08,27.93,3.7e-05
Sn08,27.99,5.966666666666667e-05
Sn08,28.049999999999997,0.00010133333333333333
Sn08,28.11,0.00014533333333333333
Sn08,28.17,0.00023
Sn08,28.229999999999997,0.00034933333333333333
Sn08,28.29,0.0005336666666666667
Sn08,28.35,0.0008496666666666666
Sn08,28.409999999999997,0.001211
Sn08,28.47,0.0016623333333333334
Sn08,28.53,0.0022966666666666665
Sn08,28.589999999999996,0.003167
Sn08,28.65,0.004376333333333334
Sn08,28.71,0.005778
Sn08,28.769999999999996,0.007482666666666667
Sn08,28.83,0.009744
Sn08,28.89,0.012249666666666667
Sn08,28.95,0.015331333333333334
Sn08,29.009999999999998,0.018675
Sn08,29.07,0.022445333333333334
Sn08,29.13,0.026325666666666667
Sn08,29.189999999999998,0.030441666666666665
Sn08,29.25,0.03451133333333333
Sn08,29.31,0.03842366666666667
Sn08,29.369999999999997,0.042252
Sn08,29.43,0.045803
Sn08,29.49,0.048859
Sn08,29.549999999999997,0.05084966666666667
Sn08,29.61,0.05194633333333333
Sn08,29.67,0.05242366666666667
Sn08,29.729999999999997,0.05194233333333333
Sn08,29.79,0.05042
Sn08,29.85,0.048618666666666664
Sn08,29.909999999999997,0.045949666666666666
Sn08,29.97,0.042275
Sn08,30.03,0.03832833333333333
Sn08,30.089999999999996,0.03402433333333333
Sn08,30.15,0.029838
Sn08,30.21,0.025798666666666668
Sn08,30.269999999999996,0.022082666666666667
Sn08,30.33,0.018270666666666668
Sn08,30.39,0.01488
Sn08,30.45,0.011960333333333333
Sn08,30.509999999999998,0.009485666666666667
Sn08,30.57,0.0073156666666666665
Sn08,30.63,0.005631
Sn08,30.689999999999998,0.004227
Sn08,30.75,0.00312
Sn08,30.81,0.0022643333333333335
Sn08,30.869999999999997,0.0015643333333333334
Sn08,30.93,0.0011136666666666667
Sn08,30.99,0.0007566666666666667
Sn08,31.049999999999997,0.0005096666666666666
Sn08,31.11,0.000352
Sn08,31.17,0.00025
Sn08,31.229999999999997,0.000167
Sn08,31.29,9.766666666666666e-05
Sn08,31.35,4.9e-05
Sn08,31.409999999999997,3.566666666666667e-05
Sn08,31.47,2.3666666666666668e-05
Sn08,31.53,1.5e-05
Sn08,31.589999999999996,7.666666666666667e-06
Sn08,31.65,6e-06
Sn08,31.71,2.333333333333333e-06
Sn08,31.769999999999996,1.6666666666666667e-06
Sn08,31.83,3.3333333333333335e-07
Ta08,27.21,1e-06
Ta08,27.27,3.3333333333333335e-07
Ta08,27.33,1.3333333333333334e-06
Ta08,27.39,1.6666666666666667e-06
Ta08,27.45,3e-06
Ta08,27.509999999999998,4.666666666666666e-06
Ta08,27.57,1.0333333333333333e-05
Ta08,27.63,1.7e-05
Ta08,27.689999999999998,2.5666666666666666e-05
Ta08,27.75,4.8333333333333334e-05
Ta08,27.81,6.6e-05
Ta08,27.869999999999997,0.000112
Ta08,27.93,0.00016766666666666666
Ta08,27.99,0.0002503333333333333
Ta08,28.049999999999997,0.00041033333333333335
Ta08,28.11,0.0005946666666666666
Ta08,28.17,0.0008733333333333334
Ta08,28.229999999999997,0.0012196666666666666
Ta08,28.29,0.0017373333333333334
Ta08,28.35,0.0023943333333333334
Ta08,28.409999999999997,0.0033006666666666666
Ta08,28.47,0.004327
Ta08,28.53,0.005771666666666666
Ta08,28.589999999999996,0.007449333333333333
Ta08,28.65,0.009624
Ta08,28.71,0.012003666666666666
Ta08,28.769999999999996,0.014891333333333333
Ta08,28.83,0.018071666666666666
Ta08,28.89,0.021585666666666666
Ta08,28.95,0.025327333333333334
Ta08,29.009999999999998,0.029246333333333333
Ta08,29.07,0.033055666666666664
Ta08,29.13,0.03703766666666667
Ta08,29.189999999999998,0.04066666666666666
Ta08,29.25,0.04400833333333334
Ta08,29.31,0.04688866666666667
Ta08,29.369999999999997,0.04891633333333333
Ta08,29.43,0.050756
Ta08,29.49,0.05097
Ta08,29.549999999999997,0.051053
Ta08,29.61,0.049997
Ta08,29.67,0.04826233333333333
Ta08,29.729999999999997,0.045788333333333334
Ta08,29.79,0.042645
Ta08,29.85,0.03922166666666667
Ta08,29.909999999999997,0.035393
Ta08,29.97,0.031206666666666667
Ta08,30.03,0.027435666666666667
Ta08,30.089999999999996,0.023325666666666668
Ta08,30.15,0.019908
Ta08,30.21,0.016377
Ta08,30.269999999999996,0.013498
Ta08,30.33,0.010708333333333334
Ta08,30.39,0.008512666666666667
Ta08,30.45,0.0066096666666666665
Ta08,30.509999999999998,0.005057666666666667
Ta08,30.57,0.0037576666666666665
Ta08,30.63,0.0028366666666666666
Ta08,30.689999999999998,0.002011666666666667
Ta08,30.75,0.0014546666666666666
Ta08,30.81,0.001009
Ta08,30.869999999999997,0.0006803333333333334
Ta08,30.93,0.0005003333333333333
Ta08,30.99,0.0003133333333333333
Ta08,31.049999999999997,0.00022133333333333334
Ta08,31.11,0.00014
Ta08,31.17,9.833333333333333e-05
Ta08,31.229999999999997,5.566666666666667e-05
Ta08,31.29,3.233333333333333e-05
Ta08,31.35,2.1666666666666667e-05
Ta08,31.409999999999997,1.2333333333333333e-05
Ta08,31.47,9.333333333333333e-06
Ta08,31.53,3.6666666666666666e-06
Ta08,31.589999999999996,3e-06
Ta08,31.65,1e-06
Ta08,31.71,6.666666666666667e-07
Ta08,31.769999999999996,3.3333333333333335e-07
Cu08,26.909999999999997,1e-06
Cu08,26.97,0.0
Cu08,27.03,6.666666666666667e-07
Cu08,27.089999999999996,2e-06
Cu08,27.15,1.6666666666666667e-06
Cu08,27.21,5.333333333333334e-06
Cu08,27.27,6.666666666666667e-06
Cu08,27.33,1.4666666666666666e-05
Cu08,27.39,2.0666666666666666e-05
Cu08,27.45,3.8333333333333334e-05
Cu08,27.509999999999998,5.766666666666667e-05
Cu08,27.57,8.533333333333334e-05
Cu08,27.63,0.00014533333333333333
Cu08,27.689999999999998,0.000201
Cu08,27.75,0.000346
Cu08,27.81,0.000492
Cu08,27.869999999999997,0.0007196666666666666
Cu08,27.93,0.0010246666666666666
Cu08,27.99,0.0014343333333333333
Cu08,28.049999999999997,0.002021666666666667
Cu08,28.11,0.002784
Cu08,28.17,0.0036906666666666667
Cu08,28.229999999999997,0.00492
Cu08,28.29,0.006407
Cu08,28.35,0.008231333333333334
Cu08,28.409999999999997,0.010493333333333334
Cu08,28.47,0.01298
Cu08,28.53,0.015926333333333334
Cu08,28.589999999999996,0.019127
Cu08,28.65,0.022757
Cu08,28.71,0.026341
Cu08,28.769999999999996,0.030318666666666667
Cu08,28.83,0.03395566666666667
Cu08,28.89,0.03789666666666667
Cu08,28.95,0.041221
Cu08,29.009999999999998,0.044464666666666666
Cu08,29.07,0.04699266666666667
Cu08,29.13,0.04890733333333333
Cu08,29.189999999999998,0.05032166666666667
Cu08,29.25,0.050491666666666664
Cu08,29.31,0.050319
Cu08,29.369999999999997,0.04908766666666667
Cu08,29.43,0.047191
Cu08,29.49,0.044761333333333334
Cu08,29.549999999999997,0.041295
Cu08,29.61,0.038168
Cu08,29.67,0.034270666666666665
Cu08,29.729999999999997,0.030223333333333335
Cu08,29.79,0.026513333333333333
Cu08,29.85,0.022571666666666667
Cu08,29.909999999999997,0.019162666666666668
Cu08,29.97,0.015842666666666668
Cu08,30.03,0.013005333333333334
Cu08,30.089999999999996,0.010374
Cu08,30.15,0.008228333333333334
Cu08,30.21,0.006383
Cu08,30.269999999999996,0.004918333333333334
Cu08,30.33,0.0036306666666666666
Cu08,30.39,0.0027563333333333333
Cu08,30.45,0.001956
Cu08,30.509999999999998,0.0014223333333333334
Cu08,30.57,0.0009913333333333334
Cu08,30.63,0.000687
Cu08,30.689999999999998,0.000483
Cu08,30.75,0.0003156666666666667
Cu08,30.81,0.000217
Cu08,30.869999999999997,0.000141
Cu08,30.93,9.8e-05
Cu08,30.99,5.466666666666667e-05
Cu08,31.049999999999997,3.266666666666666e-05
Cu08,31.11,2.0666666666666666e-05
Cu08,31.17,1.3666666666666667e-05
Cu08,31.229999999999997,9e-06
Cu08,31.29,4e-06
Cu08,31.35,3.3333333333333333e-06
Cu08,31.409999999999997,1e-06
Cu08,31.47,6.666666666666667e-07
Cu08,31.53,3.3333333333333335e-07
Al_degrader_E2_E1,24.689999999999998,1.4285714285714285e-07
Al_degrader_E2_E1,24.75,2.857142857142857e-07
Al_degrader_E2_E1,24.81,2.857142857142857e-07
Al_degrader_E2_E1,24.869999999999997,1.4285714285714285e-07
Al_degrader_E2_E1,24.93,4.2857142857142857e-07
Al_degrader_E2_E1,24.990000000000002,8.571428571428571e-07
Al_degrader_E2_E1,25.049999999999997,1.4285714285714286e-06
Al_degrader_E2_E1,25.11,4.428571428571428e-06
Al_degrader_E2_E1,25.17,4.857142857142857e-06
Al_degrader_E2_E1,25.229999999999997,6.428571428571429e-06
Al_degrader_E2_E1,25.29,1.2714285714285714e-05
Al_degrader_E2_E1,25.35,1.8714285714285714e-05
Al_degrader_E2_E1,25.409999999999997,2.3142857142857142e-05
Al_degrader_E2_E1,25.47,4.3e-05
Al_degrader_E2_E1,25.53,5.757142857142857e-05
Al_degrader_E2_E1,25.589999999999996,9.1e-05
Al_degrader_E2_E1,25.65,0.00013571428571428572
Al_degrader_E2_E1,25.71,0.00019085714285714287
Al_degrader_E2_E1,25.77,0.0002527142857142857
Al_degrader_E2_E1,25.83,0.0003455714285714286
Al_degrader_E2_E1,25.89,0.00047385714285714284
Al_degrader_E2_E1,25.95,0.0006444285714285714
Al_degrader_E2_E1,26.009999999999998,0.0008782857142857143
Al_degrader_E2_E1,26.07,0.0011174285714285715
Al_degrader_E2_E1,26.13,0.0014244285714285715
Al_degrader_E2_E1,26.189999999999998,0.001851857142857143
Al_degrader_E2_E1,26.25,0.002317142857142857
Al_degrader_E2_E1,26.31,0.002890285714285714
Al_degrader_E2_E1,26.369999999999997,0.003550857142857143
Al_degrader_E2_E1,26.43,0.004274285714285714
Al_degrader_E2_E1,26.49,0.005083428571428571
Al_degrader_E2_E1,26.549999999999997,0.006035142857142857
Al_degrader_E2_E1,26.61,0.006969571428571428
Al_degrader_E2_E1,26.67,0.008098
Al_degrader_E2_E1,26.729999999999997,0.00918657142857143
Al_degrader_E2_E1,26.79,0.010404571428571428
Al_degrader_E2_E1,26.85,0.011625571428571428
Al_degrader_E2_E1,26.909999999999997,0.012848428571428571
Al_degrader_E2_E1,26.97,0.014029142857142856
Al_degrader_E2_E1,27.03,0.015160857142857143
Al_degrader_E2_E1,27.089999999999996,0.016374857142857142
Al_degrader_E2_E1,27.15,0.017419714285714285
Al_degrader_E2_E1,27.21,0.01848057142857143
Al_degrader_E2_E1,27.27,0.019409714285714287
Al_degrader_E2_E1,27.33,0.02032657142857143
Al_degrader_E2_E1,27.39,0.020955
Al_degrader_E2_E1,27.45,0.021688142857142857
Al_degrader_E2_E1,27.509999999999998,0.02219885714285714
Al_degrader_E2_E1,27.57,0.022746285714285715
Al_degrader_E2_E1,27.63,0.023202714285714285
Al_degrader_E2_E1,27.689999999999998,0.023615857142857143
Al_degrader_E2_E1,27.75,0.023806857142857143
Al_degrader_E2_E1,27.81,0.024036571428571428
Al_degrader_E2_E1,27.869999999999997,0.024214142857142858
Al_degrader_E2_E1,27.93,0.02438342857142857
Al_degrader_E2_E1,27.99,0.02460042857142857
Al_degrader_E2_E1,28.049999999999997,0.02464785714285714
Al_degrader_E2_E1,28.11,0.02462
Al_degrader_E2_E1,28.17,0.02468
Al_degrader_E2_E1,28.229999999999997,0.02466885714285714
Al_degrader_E2_E1,28.29,0.024650285714285715
Al_degrader_E2_E1,28.35,0.024675142857142857
Al_degrader_E2_E1,28.409999999999997,0.02442257142857143
Al_degrader_E2_E1,28.47,0.024247571428571427
Al_degrader_E2_E1,28.53,0.023991
Al_degrader_E2_E1,28.589999999999996,0.02364242857142857
Al_degrader_E2_E1,28.65,0.023315142857142857
Al_degrader_E2_E1,28.71,0.022802142857142858
Al_degrader_E2_E1,28.769999999999996,0.022139714285714287
Al_degrader_E2_E1,28.83,0.021393
Al_degrader_E2_E1,28.89,0.020496285714285713
Al_degrader_E2_E1,28.95,0.019613285714285715
Al_degrader_E2_E1,29.009999999999998,0.018664714285714284
Al_degrader_E2_E1,29.07,0.017468714285714285
Al_degrader_E2_E1,29.13,0.016178285714285714
Al_degrader_E2_E1,29.189999999999998,0.014928714285714286
Al_degrader_E2_E1,29.25,0.013502
Al_degrader_E2_E1,29.31,0.012238142857142857
Al_degrader_E2_E1,29.369999999999997,0.010962285714285714
Al_degrader_E2_E1,29.43,0.009582714285714286
Al_degrader_E2_E1,29.49,0.008327571428571429
Al_degrader_E2_E1,29.549999999999997,0.007084714285714285
Al_degrader_E2_E1,29.61,0.006012428571428571
Al_degrader_E2_E1,29.67,0.0050235714285714285
Al_degrader_E2_E1,29.729999999999997,0.0041545714285714285
Al_degrader_E2_E1,29.79,0.0033785714285714287
Al_degrader_E2_E1,29.85,0.002665857142857143
Al_degrader_E2_E1,29.909999999999997,0.002108142857142857
Al_degrader_E2_E1,29.97,0.0016425714285714286
Al_degrader_E2_E1,30.03,0.0012377142857142858
Al_degrader_E2_E1,30.089999999999996,0.0009481428571428571
Al_degrader_E2_E1,30.15,0.0006987142857142857
Al_degrader_E2_E1,30.21,0.0005047142857142857
Al_degrader_E2_E1,30.269999999999996,0.00037514285714285715
Al_degrader_E2_E1,30.33,0.00025085714285714284
Al_degrader_E2_E1,30.39,0.0001807142857142857
Al_degrader_E2_E1,30.45,0.00011971428571428571
Al_degrader_E2_E1,30.509999999999998,8.157142857142857e-05
Al_degrader_E2_E1,30.57,5.4857142857142857e-05
Al_degrader_E2_E1,30.63,4e-05
Al_degrader_E2_E1,30.689999999999998,2.7142857142857144e-05
Al_degrader_E2_E1,30.75,1.5714285714285715e-05
Al_degrader_E2_E1,30.81,7.571428571428571e-06
Al_degrader_E2_E1,30.869999999999997,5.7142857142857145e-06
Al_degrader_E2_E1,30.93,3.714285714285714e-06
Al_degrader_E2_E1,30.99,2.2857142857142856e-06
Al_degrader_E2_E1,31.049999999999997,1.2857142857142858e-06
Al_degrader_E2_E1,31.11,7.142857142857143e-07
Al_degrader_E2_E1,31.17,2.857142857142857e-07
Al_degrader_E2_E1,31.229999999999997,2.857142857142857e-07
Al_degrader_E2_E1,31.29,1.4285714285714285e-07
Ni09,24.39,1e-06
Ni09,24.45,3.3333333333333335e-07
Ni09,24.509999999999998,3.3333333333333335e-07
Ni09,24.57,2.333333333333333e-06
Ni09,24.63,1e-06
Ni09,24.689999999999998,4.333333333333333e-06
Ni09,24.75,6.333333333333333e-06
Ni09,24.81,1.2333333333333333e-05
Ni09,24.869999999999997,1.5e-05
Ni09,24.93,2.8333333333333332e-05
Ni09,24.990000000000002,4.6e-05
Ni09,25.049999999999997,6.166666666666667e-05
Ni09,25.11,0.00010066666666666667
Ni09,25.17,0.000148
Ni09,25.229999999999997,0.000203
Ni09,25.29,0.00033933333333333336
Ni09,25.35,0.0004923333333333333
Ni09,25.409999999999997,0.0006526666666666666
Ni09,25.47,0.000938
Ni09,25.53,0.0012693333333333333
Ni09,25.589999999999996,0.001753
Ni09,25.65,0.0023753333333333335
Ni09,25.71,0.003105
Ni09,25.77,0.004068666666666667
Ni09,25.83,0.005259
Ni09,25.89,0.006595
Ni09,25.95,0.008419333333333332
Ni09,26.009999999999998,0.010393333333333333
Ni09,26.07,0.012647
Ni09,26.13,0.015235333333333333
Ni09,26.189999999999998,0.0181
Ni09,26.25,0.021155
Ni09,26.31,0.024322
Ni09,26.369999999999997,0.027697333333333334
Ni09,26.43,0.030880333333333333
Ni09,26.49,0.034362
Ni09,26.549999999999997,0.037471333333333336
Ni09,26.61,0.040102
Ni09,26.67,0.042889333333333335
Ni09,26.729999999999997,0.04455
Ni09,26.79,0.04622066666666667
Ni09,26.85,0.046948
Ni09,26.909999999999997,0.047121666666666666
Ni09,26.97,0.046913666666666666
Ni09,27.03,0.045505666666666666
Ni09,27.089999999999996,0.04396033333333333
Ni09,27.15,0.04179566666666667
Ni09,27.21,0.03883466666666667
Ni09,27.27,0.03597633333333333
Ni09,27.33,0.03289633333333333
Ni09,27.39,0.029325
Ni09,27.45,0.026011
Ni09,27.509999999999998,0.022461
Ni09,27.57,0.019407
Ni09,27.63,0.016471666666666666
Ni09,27.689999999999998,0.013744666666666667
Ni09,27.75,0.011352
Ni09,27.81,0.009097333333333334
Ni09,27.869999999999997,0.007319333333333333
Ni09,27.93,0.005797333333333333
Ni09,27.99,0.004485333333333333
Ni09,28.049999999999997,0.003414
Ni09,28.11,0.002608
Ni09,28.17,0.0018953333333333333
Ni09,28.229999999999997,0.0014066666666666667
Ni09,28.29,0.0010303333333333334
Ni09,28.35,0.0007156666666666666
Ni09,28.409999999999997,0.0005136666666666667
Ni09,28.47,0.0003406666666666667
Ni09,28.53,0.00024966666666666665
Ni09,28.589999999999996,0.00016366666666666667
Ni09,28.65,0.00011633333333333333
Ni09,28.71,7.533333333333334e-05
Ni09,28.769999999999996,4.8e-05
Ni09,28.83,2.9e-05
Ni09,28.89,1.6e-05
Ni09,28.95,1.3333333333333333e-05
Ni09,29.009999999999998,8e-06
Ni09,29.07,3e-06
Ni09,29.13,4e-06
Ni09,29.189999999999998,6.666666666666667e-07
Ni09,29.25,6.666666666666667e-07
Ni09,29.31,6.666666666666667e-07
Sn09,24.27,6.666666666666667e-07
Sn09,24.33,1.3333333333333334e-06
Sn09,24.39,1.6666666666666667e-06
Sn09,24.45,1.3333333333333334e-06
Sn09,24.509999999999998,2.333333333333333e-06
Sn09,24.57,3.6666666666666666e-06
Sn09,24.63,7e-06
Sn09,24.689999999999998,1.633333333333333e-05
Sn09,24.75,2.6e-05
Sn09,24.81,3.366666666666667e-05
Sn09,24.869999999999997,5.633333333333333e-05
Sn09,24.93,9.133333333333334e-05
Sn09,24.990000000000002,0.00012366666666666667
Sn09,25.049999999999997,0.000191
Sn09,25.11,0.00027866666666666665
Sn09,25.17,0.0004093333333333333
Sn09,25.229999999999997,0.0006216666666666666
Sn09,25.29,0.0009066666666666666
Sn09,25.35,0.0012586666666666666
Sn09,25.409999999999997,0.0016473333333333333
Sn09,25.47,0.002214666666666667
Sn09,25.53,0.0029933333333333335
Sn09,25.589999999999996,0.004018666666666667
Sn09,25.65,0.005198
Sn09,25.71,0.006608
Sn09,25.77,0.008356666666666667
Sn09,25.83,0.010487333333333333
Sn09,25.89,0.012861
Sn09,25.95,0.015643666666666667
Sn09,26.009999999999998,0.018578666666666667
Sn09,26.07,0.021813
Sn09,26.13,0.025242666666666667
Sn09,26.189999999999998,0.028741666666666665
Sn09,26.25,0.032093333333333335
Sn09,26.31,0.035452
Sn09,26.369999999999997,0.038739333333333334
Sn09,26.43,0.041735
Sn09,26.49,0.044437
Sn09,26.549999999999997,0.046379333333333335
Sn09,26.61,0.047559
Sn09,26.67,0.048251666666666665
Sn09,26.729999999999997,0.04825
Sn09,26.79,0.04747133333333333
Sn09,26.85,0.045986
Sn09,26.909999999999997,0.044394333333333334
Sn09,26.97,0.041909
Sn09,27.03,0.03866733333333333
Sn09,27.089999999999996,0.03538633333333333
Sn09,27.15,0.031717333333333333
Sn09,27.21,0.028047333333333334
Sn09,27.27,0.024731666666666666
Sn09,27.33,0.021303666666666665
Sn09,27.39,0.018220666666666666
Sn09,27.45,0.015124666666666666
Sn09,27.509999999999998,0.012365333333333334
Sn09,27.57,0.010131333333333332
Sn09,27.63,0.008094333333333334
Sn09,27.689999999999998,0.006293
Sn09,27.75,0.00496
Sn09,27.81,0.0037883333333333332
Sn09,27.869999999999997,0.0028606666666666667
Sn09,27.93,0.002121
Sn09,27.99,0.001518
Sn09,28.049999999999997,0.0010926666666666667
Sn09,28.11,0.0007766666666666667
Sn09,28.17,0.000538
Sn09,28.229999999999997,0.00038133333333333335
Sn09,28.29,0.000267
Sn09,28.35,0.00019333333333333333
Sn09,28.409999999999997,0.00013133333333333335
Sn09,28.47,7e-05
Sn09,28.53,4.266666666666667e-05
Sn09,28.589999999999996,2.9333333333333333e-05
Sn09,28.65,2.1333333333333335e-05
Sn09,28.71,1.4e-05
Sn09,28.769999999999996,7.333333333333333e-06
Sn09,28.83,6.333333333333333e-06
Sn09,28.89,1.3333333333333334e-06
Sn09,28.95,2e-06
Sn09,29.009999999999998,1e-06
Ta09,24.03,1e-06
Ta09,24.089999999999996,3.3333333333333335e-07
Ta09,24.15,1.3333333333333334e-06
Ta09,24.21,1.6666666666666667e-06
Ta09,24.27,1.6666666666666667e-06
Ta09,24.33,5.333333333333334e-06
Ta09,24.39,6e-06
Ta09,24.45,1.3666666666666667e-05
Ta09,24.509999999999998,1.6666666666666667e-05
Ta09,24.57,3.4e-05
Ta09,24.63,4.9e-05
Ta09,24.689999999999998,7.066666666666667e-05
Ta09,24.75,0.00011166666666666667
Ta09,24.81,0.00015666666666666666
Ta09,24.869999999999997,0.000228
Ta09,24.93,0.0003586666666666667
Ta09,24.990000000000002,0.00052
Ta09,25.049999999999997,0.0007286666666666666
Ta09,25.11,0.0009993333333333334
Ta09,25.17,0.0013666666666666666
Ta09,25.229999999999997,0.0018566666666666666
Ta09,25.29,0.002509
Ta09,25.35,0.003271
Ta09,25.409999999999997,0.004269666666666666
Ta09,25.47,0.005516333333333333
Ta09,25.53,0.006922
Ta09,25.589999999999996,0.008772666666666666
Ta09,25.65,0.010797666666666667
Ta09,25.71,0.013171333333333334
Ta09,25.77,0.015743333333333335
Ta09,25.83,0.018648333333333333
Ta09,25.89,0.021778
Ta09,25.95,0.024945333333333333
Ta09,26.009999999999998,0.028346333333333334
Ta09,26.07,0.03146733333333333
Ta09,26.13,0.03495366666666667
Ta09,26.189999999999998,0.037933666666666664
Ta09,26.25,0.040754
Ta09,26.31,0.043148
Ta09,26.369999999999997,0.044874333333333336
Ta09,26.43,0.04658266666666667
Ta09,26.49,0.04691
Ta09,26.549999999999997,0.04708366666666667
Ta09,26.61,0.046490666666666666
Ta09,26.67,0.045345
Ta09,26.729999999999997,0.04349566666666667
Ta09,26.79,0.04135
Ta09,26.85,0.03835266666666667
Ta09,26.909999999999997,0.03548766666666667
Ta09,26.97,0.032115333333333336
Ta09,27.03,0.028547666666666666
Ta09,27.089999999999996,0.025403333333333333
Ta09,27.15,0.021886
Ta09,27.21,0.018849666666666667
Ta09,27.27,0.015941666666666666
Ta09,27.33,0.013296
Ta09,27.39,0.010874666666666666
Ta09,27.45,0.008798666666666666
Ta09,27.509999999999998,0.007017
Ta09,27.57,0.005517333333333333
Ta09,27.63,0.004303
Ta09,27.689999999999998,0.003221
Ta09,27.75,0.0025026666666666665
Ta09,27.81,0.001806
Ta09,27.869999999999997,0.001342
Ta09,27.93,0.0009516666666666666
Ta09,27.99,0.0006693333333333333
Ta09,28.049999999999997,0.000494
Ta09,28.11,0.0003283333333333333
Ta09,28.17,0.00023966666666666667
Ta09,28.229999999999997,0.00015333333333333334
Ta09,28.29,0.00011033333333333334
Ta09,28.35,6.633333333333334e-05
Ta09,28.409999999999997,4.6666666666666665e-05
Ta09,28.47,2.4666666666666665e-05
Ta09,28.53,1.8e-05
Ta09,28.589999999999996,1.1e-05
Ta09,28.65,8.333333333333334e-06
Ta09,28.71,3.6666666666666666e-06
Ta09,28.769999999999996,3e-06
Ta09,28.83,1e-06
Ta09,28.89,6.666666666666667e-07
Ta09,28.95,3.3333333333333335e-07
Cu09,23.729999999999997,1e-06
Cu09,23.79,3.3333333333333335e-07
Cu09,23.85,1.6666666666666667e-06
Cu09,23.909999999999997,1e-06
Cu09,23.97,2.333333333333333e-06
Cu09,24.03,5.333333333333334e-06
Cu09,24.089999999999996,6.333333333333333e-06
Cu09,24.15,1.4e-05
Cu09,24.21,1.8e-05
Cu09,24.27,3.366666666666667e-05
Cu09,24.33,4.7333333333333336e-05
Cu09,24.39,6.7e-05
Cu09,24.45,0.00011433333333333334
Cu09,24.509999999999998,0.000151
Cu09,24.57,0.00022166666666666667
Cu09,24.63,0.000357
Cu09,24.689999999999998,0.000503
Cu09,24.75,0.000699
Cu09,24.81,0.00095
Cu09,24.869999999999997,0.0013046666666666666
Cu09,24.93,0.0017683333333333333
Cu09,24.990000000000002,0.0024313333333333335
Cu09,25.049999999999997,0.0031103333333333334
Cu09,25.11,0.004047333333333333
Cu09,25.17,0.005236666666666666
Cu09,25.229999999999997,0.006557333333333333
Cu09,25.29,0.008345333333333333
Cu09,25.35,0.010219666666666667
Cu09,25.409999999999997,0.012465666666666667
Cu09,25.47,0.014938
Cu09,25.53,0.017681666666666665
Cu09,25.589999999999996,0.020772333333333334
Cu09,25.65,0.023718
Cu09,25.71,0.027123333333333333
Cu09,25.77,0.030160666666666665
Cu09,25.83,0.03347033333333333
Cu09,25.89,0.03662233333333333
Cu09,25.95,0.039228
Cu09,26.009999999999998,0.041958333333333334
Cu09,26.07,0.043653
Cu09,26.13,0.04534
Cu09,26.189999999999998,0.046398
Cu09,26.25,0.046486
Cu09,26.31,0.046358333333333335
Cu09,26.369999999999997,0.045294666666666664
Cu09,26.43,0.043769333333333334
Cu09,26.49,0.04189366666666667
Cu09,26.549999999999997,0.039237
Cu09,26.61,0.036338666666666665
Cu09,26.67,0.033369
Cu09,26.729999999999997,0.029889333333333334
Cu09,26.79,0.026751
Cu09,26.85,0.023341333333333332
Cu09,26.909999999999997,0.020196333333333333
Cu09,26.97,0.017318
Cu09,27.03,0.014449333333333333
Cu09,27.089999999999996,0.012086333333333333
Cu09,27.15,0.009804
Cu09,27.21,0.007925666666666666
Cu09,27.27,0.006293
Cu09,27.33,0.004978
Cu09,27.39,0.0038113333333333332
Cu09,27.45,0.002888
Cu09,27.509999999999998,0.0022313333333333334
Cu09,27.57,0.001581
Cu09,27.63,0.0012096666666666666
Cu09,27.689999999999998,0.0008166666666666667
Cu09,27.75,0.0005973333333333333
Cu09,27.81,0.00044533333333333333
Cu09,27.869999999999997,0.00028966666666666664
Cu09,27.93,0.00021233333333333334
Cu09,27.99,0.00013233333333333334
Cu09,28.049999999999997,9.733333333333333e-05
Cu09,28.11,6.433333333333333e-05
Cu09,28.17,3.6e-05
Cu09,28.229999999999997,2.1666666666666667e-05
Cu09,28.29,1.633333333333333e-05
Cu09,28.35,1.0666666666666667e-05
Cu09,28.409999999999997,7e-06
Cu09,28.47,3.6666666666666666e-06
Cu09,28.53,2.666666666666667e-06
Cu09,28.589999999999996,6.666666666666667e-07
Cu09,28.65,6.666666666666667e-07
Cu09,28.71,3.3333333333333335e-07
Al_degrader_E4_E3,21.21,1.1111111111111111e-07
Al_degrader_E4_E3,21.27,2.2222222222222222e-07
Al_degrader_E4_E3,21.33,1.1111111111111111e-07
Al_degrader_E4_E3,21.39,1.1111111111111111e-07
Al_degrader_E4_E3,21.45,4.4444444444444444e-07
Al_degrader_E4_E3,21.509999999999998,1.1111111111111111e-07
Al_degrader_E4_E3,21.57,1.3333333333333334e-06
Al_degrader_E4_E3,21.63,1.3333333333333334e-06
Al_degrader_E4_E3,21.689999999999998,3.2222222222222222e-06
Al_degrader_E4_E3,21.75,3.4444444444444444e-06
Al_degrader_E4_E3,21.81,4e-06
Al_degrader_E4_E3,21.869999999999997,9.11111111111111e-06
Al_degrader_E4_E3,21.93,1.2e-05
Al_degrader_E4_E3,21.990000000000002,1.677777777777778e-05
Al_degrader_E4_E3,22.049999999999997,2.588888888888889e-05
Al_degrader_E4_E3,22.11,3.488888888888889e-05
Al_degrader_E4_E3,22.17,5e-05
Al_degrader_E4_E3,22.229999999999997,7.711111111111112e-05
Al_degrader_E4_E3,22.29,0.00010666666666666667
Al_degrader_E4_E3,22.35,0.00014466666666666667
Al_degrader_E4_E3,22.409999999999997,0.00018766666666666666
Al_degrader_E4_E3,22.47,0.00024911111111111114
Al_degrader_E4_E3,22.53,0.0003406666666666667
Al_degrader_E4_E3,22.589999999999996,0.000455
Al_degrader_E4_E3,22.65,0.0005938888888888889
Al_degrader_E4_E3,22.71,0.0007505555555555555
Al_degrader_E4_E3,22.77,0.000956
Al_degrader_E4_E3,22.83,0.0012082222222222223
Al_degrader_E4_E3,22.89,0.0015213333333333333
Al_degrader_E4_E3,22.95,0.0018942222222222223
Al_degrader_E4_E3,23.009999999999998,0.0022945555555555558
Al_degrader_E4_E3,23.07,0.0027755555555555554
Al_degrader_E4_E3,23.13,0.0033317777777777777
Al_degrader_E4_E3,23.189999999999998,0.0039484444444444445
Al_degrader_E4_E3,23.25,0.004668111111111111
Al_degrader_E4_E3,23.31,0.005387444444444445
Al_degrader_E4_E3,23.369999999999997,0.0061986666666666666
Al_degrader_E4_E3,23.43,0.007080444444444445
Al_degrader_E4_E3,23.490000000000002,0.007981666666666666
Al_degrader_E4_E3,23.549999999999997,0.009029666666666667
Al_degrader_E4_E3,23.61,0.010025666666666667
Al_degrader_E4_E3,23.67,0.010994777777777777
Al_degrader_E4_E3,23.729999999999997,0.012063111111111111
Al_degrader_E4_E3,23.79,0.013006666666666666
Al_degrader_E4_E3,23.85,0.01413711111111111
Al_degrader_E4_E3,23.909999999999997,0.015117555555555556
Al_degrader_E4_E3,23.97,0.015961333333333334
Al_degrader_E4_E3,24.03,0.016927555555555557
Al_degrader_E4_E3,24.089999999999996,0.017726444444444444
Al_degrader_E4_E3,24.15,0.018614
Al_degrader_E4_E3,24.21,0.019222222222222224
Al_degrader_E4_E3,24.27,0.01986522222222222
Al_degrader_E4_E3,24.33,0.020416333333333335
Al_degrader_E4_E3,24.39,0.020926444444444445
Al_degrader_E4_E3,24.45,0.021505777777777776
Al_degrader_E4_E3,24.509999999999998,0.02173833333333333
Al_degrader_E4_E3,24.57,0.02209388888888889
Al_degrader_E4_E3,24.63,0.02232088888888889
Al_degrader_E4_E3,24.689999999999998,0.02264188888888889
Al_degrader_E4_E3,24.75,0.022893444444444445
Al_degrader_E4_E3,24.81,0.02289877777777778
Al_degrader_E4_E3,24.869999999999997,0.023085555555555557
Al_degrader_E4_E3,24.93,0.02312511111111111
Al_degrader_E4_E3,24.990000000000002,0.023280222222222223
Al_degrader_E4_E3,25.049999999999997,0.023307222222222222
Al_degrader_E4_E3,25.11,0.023235555555555554
Al_degrader_E4_E3,25.17,0.023283666666666668
Al_degrader_E4_E3,25.229999999999997,0.023071
Al_degrader_E4_E3,25.29,0.02314688888888889
Al_degrader_E4_E3,25.35,0.022945444444444445
Al_degrader_E4_E3,25.409999999999997,0.022740555555555556
Al_degrader_E4_E3,25.47,0.022429888888888888
Al_degrader_E4_E3,25.53,0.022048555555555554
Al_degrader_E4_E3,25.589999999999996,0.02179722222222222
Al_degrader_E4_E3,25.65,0.02114422222222222
Al_degrader_E4_E3,25.71,0.02060422222222222
Al_degrader_E4_E3,25.77,0.01990577777777778
Al_degrader_E4_E3,25.83,0.01922511111111111
Al_degrader_E4_E3,25.89,0.018402444444444443
Al_degrader_E4_E3,25.95,0.017399
Al_degrader_E4_E3,26.009999999999998,0.016458777777777777
Al_degrader_E4_E3,26.07,0.015355444444444444
Al_degrader_E4_E3,26.13,0.014313666666666667
Al_degrader_E4_E3,26.189999999999998,0.013118222222222222
Al_degrader_E4_E3,26.25,0.011955666666666667
Al_degrader_E4_E3,26.31,0.01078411111111111
Al_degrader_E4_E3,26.369999999999997,0.009699333333333334
Al_degrader_E4_E3,26.43,0.008535666666666667
Al_degrader_E4_E3,26.49,0.007492111111111111
Al_degrader_E4_E3,26.549999999999997,0.006505555555555555
Al_degrader_E4_E3,26.61,0.005484
Al_degrader_E4_E3,26.67,0.004681444444444445
Al_degrader_E4_E3,26.729999999999997,0.003930222222222222
Al_degrader_E4_E3,26.79,0.003264888888888889
Al_degrader_E4_E3,26.85,0.002640777777777778
Al_degrader_E4_E3,26.909999999999997,0.0021275555555555557
Al_degrader_E4_E3,26.97,0.0017005555555555556
Al_degrader_E4_E3,27.03,0.0013344444444444445
Al_degrader_E4_E3,27.089999999999996,0.0010388888888888889
Al_degrader_E4_E3,27.15,0.0007788888888888889
Al_degrader_E4_E3,27.21,0.0006088888888888888
Al_degrader_E4_E3,27.27,0.0004471111111111111
Al_degrader_E4_E3,27.33,0.0003332222222222222
Al_degrader_E4_E3,27.39,0.00023733333333333335
Al_degrader_E4_E3,27.45,0.0001658888888888889
Al_degrader_E4_E3,27.509999999999998,0.00012755555555555556
Al_degrader_E4_E3,27.57,8.155555555555555e-05
Al_degrader_E4_E3,27.63,5.977777777777778e-05
Al_degrader_E4_E3,27.689999999999998,3.733333333333333e-05
Al_degrader_E4_E3,27.75,2.922222222222222e-05
Al_degrader_E4_E3,27.81,2.1e-05
Al_degrader_E4_E3,27.869999999999997,1.2222222222222222e-05
Al_degrader_E4_E3,27.93,6.777777777777778e-06
Al_degrader_E4_E3,27.99,4.222222222222222e-06
Al_degrader_E4_E3,28.049999999999997,3.3333333333333333e-06
Al_degrader_E4_E3,28.11,2.111111111111111e-06
Al_degrader_E4_E3,28.17,7.777777777777778e-07
Al_degrader_E4_E3,28.229999999999997,1.2222222222222221e-06
Al_degrader_E4_E3,28.29,1.1111111111111111e-07
Al_degrader_E4_E3,28.35,2.2222222222222222e-07
Al_degrader_E4_E3,28.409999999999997,2.2222222222222222e-07
Ni10,20.85,1e-06
Ni10,20.909999999999997,0.0
Ni10,20.97,6.666666666666667e-07
Ni10,21.03,1e-06
Ni10,21.089999999999996,1.3333333333333334e-06
Ni10,21.15,1.3333333333333334e-06
Ni10,21.21,4.666666666666666e-06
Ni10,21.27,5e-06
Ni10,21.33,1.1333333333333334e-05
Ni10,21.39,1.3666666666666667e-05
Ni10,21.45,2e-05
Ni10,21.509999999999998,3.3e-05
Ni10,21.57,4.8666666666666666e-05
Ni10,21.63,5.8666666666666665e-05
Ni10,21.689999999999998,0.000108
Ni10,21.75,0.00013266666666666667
Ni10,21.81,0.000184
Ni10,21.869999999999997,0.00029666666666666665
Ni10,21.93,0.00040366666666666665
Ni10,21.990000000000002,0.0005423333333333334
Ni10,22.049999999999997,0.0007266666666666667
Ni10,22.11,0.000977
Ni10,22.17,0.001293
Ni10,22.229999999999997,0.0017083333333333334
Ni10,22.29,0.002248
Ni10,22.35,0.002838
Ni10,22.409999999999997,0.003622
Ni10,22.47,0.004541666666666667
Ni10,22.53,0.005659333333333333
Ni10,22.589999999999996,0.007031
Ni10,22.65,0.008501666666666666
Ni10,22.71,0.01025
Ni10,22.77,0.012253333333333333
Ni10,22.83,0.014315666666666668
Ni10,22.89,0.016717
Ni10,22.95,0.019221333333333333
Ni10,23.009999999999998,0.021797333333333332
Ni10,23.07,0.024523
Ni10,23.13,0.027207333333333333
Ni10,23.189999999999998,0.02992066666666667
Ni10,23.25,0.032667
Ni10,23.31,0.034915
Ni10,23.369999999999997,0.03725066666666667
Ni10,23.43,0.039161666666666664
Ni10,23.490000000000002,0.040522333333333334
Ni10,23.549999999999997,0.041982
Ni10,23.61,0.042445333333333335
Ni10,23.67,0.04257366666666667
Ni10,23.729999999999997,0.042578
Ni10,23.79,0.041604666666666665
Ni10,23.85,0.040371333333333335
Ni10,23.909999999999997,0.03889366666666667
Ni10,23.97,0.03688366666666667
Ni10,24.03,0.034297
Ni10,24.089999999999996,0.032177
Ni10,24.15,0.029338
Ni10,24.21,0.026427
Ni10,24.27,0.023735
Ni10,24.33,0.02083
Ni10,24.39,0.018249333333333333
Ni10,24.45,0.015867333333333334
Ni10,24.509999999999998,0.013417
Ni10,24.57,0.011369
Ni10,24.63,0.009458
Ni10,24.689999999999998,0.007762333333333334
Ni10,24.75,0.006285333333333334
Ni10,24.81,0.005101
Ni10,24.869999999999997,0.004011
Ni10,24.93,0.003135
Ni10,24.990000000000002,0.0024606666666666666
Ni10,25.049999999999997,0.001863
Ni10,25.11,0.0014003333333333333
Ni10,25.17,0.0010783333333333333
Ni10,25.229999999999997,0.0007403333333333333
Ni10,25.29,0.0005706666666666667
Ni10,25.35,0.000416
Ni10,25.409999999999997,0.000282
Ni10,25.47,0.00021466666666666666
Ni10,25.53,0.000139
Ni10,25.589999999999996,0.000105
Ni10,25.65,7.366666666666666e-05
Ni10,25.71,4.6e-05
Ni10,25.77,2.8333333333333332e-05
Ni10,25.83,1.8e-05
Ni10,25.89,1.2e-05
Ni10,25.95,1.0666666666666667e-05
Ni10,26.009999999999998,5e-06
Ni10,26.07,3.3333333333333333e-06
Ni10,26.13,3e-06
Ni10,26.189999999999998,6.666666666666667e-07
Ni10,26.25,6.666666666666667e-07
Ni10,26.31,3.3333333333333335e-07
Sn10,20.729999999999997,6.666666666666667e-07
Sn10,20.79,1.3333333333333334e-06
Sn10,20.85,1.3333333333333334e-06
Sn10,20.909999999999997,1e-06
Sn10,20.97,2.333333333333333e-06
Sn10,21.03,2e-06
Sn10,21.089999999999996,4.333333333333333e-06
Sn10,21.15,8e-06
Sn10,21.21,1.6666666666666667e-05
Sn10,21.27,2.2333333333333332e-05
Sn10,21.33,3.066666666666667e-05
Sn10,21.39,4.5e-05
Sn10,21.45,7e-05
Sn10,21.509999999999998,9.8e-05
Sn10,21.57,0.00014066666666666668
Sn10,21.63,0.00019866666666666668
Sn10,21.689999999999998,0.00028133333333333336
Sn10,21.75,0.00039466666666666665
Sn10,21.81,0.0005743333333333334
Sn10,21.869999999999997,0.0008086666666666666
Sn10,21.93,0.0010703333333333333
Sn10,21.990000000000002,0.001382
Sn10,22.049999999999997,0.0017826666666666668
Sn10,22.11,0.0023536666666666667
Sn10,22.17,0.0030826666666666667
Sn10,22.229999999999997,0.0039636666666666666
Sn10,22.29,0.004934
Sn10,22.35,0.006106
Sn10,22.409999999999997,0.007594333333333333
Sn10,22.47,0.009264666666666666
Sn10,22.53,0.011186666666666666
Sn10,22.589999999999996,0.013396
Sn10,22.65,0.015661666666666667
Sn10,22.71,0.018314333333333332
Sn10,22.77,0.020914666666666668
Sn10,22.83,0.023776666666666668
Sn10,22.89,0.026520666666666668
Sn10,22.95,0.029343
Sn10,23.009999999999998,0.03206833333333333
Sn10,23.07,0.034685
Sn10,23.13,0.037278
Sn10,23.189999999999998,0.03954233333333333
Sn10,23.25,0.04131033333333333
Sn10,23.31,0.042521666666666666
Sn10,23.369999999999997,0.043375
Sn10,23.43,0.043723333333333336
Sn10,23.490000000000002,0.043526
Sn10,23.549999999999997,0.042775
Sn10,23.61,0.04148
Sn10,23.67,0.04023366666666667
Sn10,23.729999999999997,0.03828033333333333
Sn10,23.79,0.03575866666666667
Sn10,23.85,0.032965
Sn10,23.909999999999997,0.030074666666666666
Sn10,23.97,0.027135333333333334
Sn10,24.03,0.024223666666666668
Sn10,24.089999999999996,0.021393333333333334
Sn10,24.15,0.018775
Sn10,24.21,0.016181333333333332
Sn10,24.27,0.013598666666666667
Sn10,24.33,0.011337333333333333
Sn10,24.39,0.009492666666666667
Sn10,24.45,0.007743
Sn10,24.509999999999998,0.0062376666666666665
Sn10,24.57,0.004979666666666667
Sn10,24.63,0.0039436666666666665
Sn10,24.689999999999998,0.0030943333333333335
Sn10,24.75,0.0023693333333333335
Sn10,24.81,0.0017883333333333334
Sn10,24.869999999999997,0.001309
Sn10,24.93,0.0009776666666666666
Sn10,24.990000000000002,0.000723
Sn10,25.049999999999997,0.0005116666666666667
Sn10,25.11,0.00036733333333333334
Sn10,25.17,0.000276
Sn10,25.229999999999997,0.00019633333333333333
Sn10,25.29,0.000147
Sn10,25.35,8.933333333333333e-05
Sn10,25.409999999999997,5.4e-05
Sn10,25.47,3.366666666666667e-05
Sn10,25.53,2.5666666666666666e-05
Sn10,25.589999999999996,1.7666666666666668e-05
Sn10,25.65,1.3333333333333333e-05
Sn10,25.71,7e-06
Sn10,25.77,6e-06
Sn10,25.83,1.6666666666666667e-06
Sn10,25.89,2e-06
Sn10,25.95,1e-06
Sn10,26.009999999999998,3.3333333333333335e-07
Ta10,20.43,1e-06
Ta10,20.490000000000002,0.0
Ta10,20.549999999999997,6.666666666666667e-07
Ta10,20.61,1.3333333333333334e-06
Ta10,20.67,1.3333333333333334e-06
Ta10,20.729999999999997,1.6666666666666667e-06
Ta10,20.79,5e-06
Ta10,20.85,4e-06
Ta10,20.909999999999997,1.1666666666666666e-05
Ta10,20.97,1.3666666666666667e-05
Ta10,21.03,1.8666666666666665e-05
Ta10,21.089999999999996,3.4666666666666665e-05
Ta10,21.15,4.5333333333333335e-05
Ta10,21.21,7e-05
Ta10,21.27,0.0001
Ta10,21.33,0.00013566666666666667
Ta10,21.39,0.00018633333333333333
Ta10,21.45,0.00029266666666666666
Ta10,21.509999999999998,0.00038833333333333336
Ta10,21.57,0.0005363333333333333
Ta10,21.63,0.00074
Ta10,21.689999999999998,0.000974
Ta10,21.75,0.001286
Ta10,21.81,0.001696
Ta10,21.869999999999997,0.002208
Ta10,21.93,0.002834
Ta10,21.990000000000002,0.003542
Ta10,22.049999999999997,0.004514333333333334
Ta10,22.11,0.005582
Ta10,22.17,0.0069296666666666664
Ta10,22.229999999999997,0.008456666666666666
Ta10,22.29,0.010081333333333333
Ta10,22.35,0.012075
Ta10,22.409999999999997,0.014247333333333334
Ta10,22.47,0.016549333333333333
Ta10,22.53,0.019107
Ta10,22.589999999999996,0.021604
Ta10,22.65,0.024341333333333333
Ta10,22.71,0.027030333333333333
Ta10,22.77,0.029633666666666666
Ta10,22.83,0.03239433333333333
Ta10,22.89,0.03477266666666667
Ta10,22.95,0.03708433333333333
Ta10,23.009999999999998,0.038931
Ta10,23.07,0.04041366666666667
Ta10,23.13,0.041826666666666665
Ta10,23.189999999999998,0.042359
Ta10,23.25,0.042604333333333334
Ta10,23.31,0.04244033333333333
Ta10,23.369999999999997,0.041626333333333335
Ta10,23.43,0.04056666666666667
Ta10,23.490000000000002,0.038830666666666666
Ta10,23.549999999999997,0.03702966666666667
Ta10,23.61,0.034583
Ta10,23.67,0.032217666666666665
Ta10,23.729999999999997,0.029506
Ta10,23.79,0.026600333333333333
Ta10,23.85,0.023887
Ta10,23.909999999999997,0.021123333333333334
Ta10,23.97,0.018429666666666667
Ta10,24.03,0.016057333333333333
Ta10,24.089999999999996,0.013580666666666666
Ta10,24.15,0.011575333333333333
Ta10,24.21,0.009588
Ta10,24.27,0.007934666666666666
Ta10,24.33,0.006416333333333333
Ta10,24.39,0.005187666666666667
Ta10,24.45,0.004122
Ta10,24.509999999999998,0.003213
Ta10,24.57,0.002524666666666667
Ta10,24.63,0.0019326666666666667
Ta10,24.689999999999998,0.0014456666666666667
Ta10,24.75,0.0011103333333333334
Ta10,24.81,0.0007853333333333333
Ta10,24.869999999999997,0.0005773333333333333
Ta10,24.93,0.000439
Ta10,24.990000000000002,0.0003026666666666667
Ta10,25.049999999999997,0.00022733333333333332
Ta10,25.11,0.00014366666666666667
Ta10,25.17,0.00011566666666666667
Ta10,25.229999999999997,7.6e-05
Ta10,25.29,4.966666666666667e-05
Ta10,25.35,2.7666666666666667e-05
Ta10,25.409999999999997,1.9666666666666666e-05
Ta10,25.47,1.5e-05
Ta10,25.53,1.0333333333333333e-05
Ta10,25.589999999999996,7e-06
Ta10,25.65,3.3333333333333333e-06
Ta10,25.71,3e-06
Ta10,25.77,1e-06
Ta10,25.83,3.3333333333333335e-07
Ta10,25.89,6.666666666666667e-07
Cu10,20.07,1e-06
Cu10,20.13,0.0
Cu10,20.189999999999998,6.666666666666667e-07
Cu10,20.25,1.3333333333333334e-06
Cu10,20.31,1e-06
Cu10,20.369999999999997,1.3333333333333334e-06
Cu10,20.43,4e-06
Cu10,20.490000000000002,4.333333333333333e-06
Cu10,20.549999999999997,1.0333333333333333e-05
Cu10,20.61,1.2333333333333333e-05
Cu10,20.67,1.633333333333333e-05
Cu10,20.729999999999997,3.0333333333333333e-05
Cu10,20.79,4.433333333333333e-05
Cu10,20.85,5.2333333333333336e-05
Cu10,20.909999999999997,8.5e-05
Cu10,20.97,0.00011933333333333334
Cu10,21.03,0.00016466666666666667
Cu10,21.089999999999996,0.000236
Cu10,21.15,0.00034166666666666666
Cu10,21.21,0.000463
Cu10,21.27,0.0006333333333333333
Cu10,21.33,0.0008316666666666666
Cu10,21.39,0.001086
Cu10,21.45,0.001461
Cu10,21.509999999999998,0.0018766666666666667
Cu10,21.57,0.0024563333333333334
Cu10,21.63,0.0030653333333333335
Cu10,21.689999999999998,0.003875
Cu10,21.75,0.004876
Cu10,21.81,0.005919
Cu10,21.869999999999997,0.007369
Cu10,21.93,0.008896666666666667
Cu10,21.990000000000002,0.010557
Cu10,22.049999999999997,0.012573333333333334
Cu10,22.11,0.014654333333333333
Cu10,22.17,0.016967333333333334
Cu10,22.229999999999997,0.019416666666666665
Cu10,22.29,0.021943333333333332
Cu10,22.35,0.024619666666666668
Cu10,22.409999999999997,0.027121
Cu10,22.47,0.029752333333333332
Cu10,22.53,0.03248533333333333
Cu10,22.589999999999996,0.034511
Cu10,22.65,0.03676
Cu10,22.71,0.038718666666666665
Cu10,22.77,0.03991633333333333
Cu10,22.83,0.04125266666666667
Cu10,22.89,0.041784
Cu10,22.95,0.04185966666666667
Cu10,23.009999999999998,0.041820333333333334
Cu10,23.07,0.040965
Cu10,23.13,0.03978466666666667
Cu10,23.189999999999998,0.03827233333333333
Cu10,23.25,0.036463666666666665
Cu10,23.31,0.033999666666666664
Cu10,23.369999999999997,0.031836
Cu10,23.43,0.029240333333333333
Cu10,23.490000000000002,0.026306
Cu10,23.549999999999997,0.023787666666666665
Cu10,23.61,0.021010333333333332
Cu10,23.67,0.018424
Cu10,23.729999999999997,0.016079
Cu10,23.79,0.013672
Cu10,23.85,0.011648333333333333
Cu10,23.909999999999997,0.009781666666666666
Cu10,23.97,0.008044666666666667
Cu10,24.03,0.006596333333333333
Cu10,24.089999999999996,0.005336
Cu10,24.15,0.004291
Cu10,24.21,0.003344666666666667
Cu10,24.27,0.00263
Cu10,24.33,0.0020686666666666666
Cu10,24.39,0.0015023333333333334
Cu10,24.45,0.001177
Cu10,24.509999999999998,0.0008723333333333334
Cu10,24.57,0.000629
Cu10,24.63,0.00047233333333333334
Cu10,24.689999999999998,0.00032566666666666665
Cu10,24.75,0.000247
Cu10,24.81,0.000173
Cu10,24.869999999999997,0.00011833333333333333
Cu10,24.93,8.833333333333333e-05
Cu10,24.990000000000002,5.8e-05
Cu10,25.049999999999997,3.7e-05
Cu10,25.11,2.4e-05
Cu10,25.17,1.5333333333333334e-05
Cu10,25.229999999999997,1.1666666666666666e-05
Cu10,25.29,8.666666666666666e-06
Cu10,25.35,2.333333333333333e-06
Cu10,25.409999999999997,4.333333333333333e-06
Cu10,25.47,1.3333333333333334e-06
Cu10,25.53,6.666666666666667e-07
Cu10,25.589999999999996,6.666666666666667e-07
Cu10,25.65,3.3333333333333335e-07
Al_degrader_E6_E5,17.25,2.7272727272727274e-07
Al_degrader_E6_E5,17.310000000000002,0.0
Al_degrader_E6_E5,17.369999999999997,1.8181818181818183e-07
Al_degrader_E6_E5,17.43,9.090909090909091e-08
Al_degrader_E6_E5,17.490000000000002,2.7272727272727274e-07
Al_degrader_E6_E5,17.549999999999997,2.7272727272727274e-07
Al_degrader_E6_E5,17.61,6.363636363636364e-07
Al_degrader_E6_E5,17.67,9.09090909090909e-07
Al_degrader_E6_E5,17.729999999999997,1.4545454545454546e-06
Al_degrader_E6_E5,17.79,2.6363636363636364e-06
Al_degrader_E6_E5,17.85,2.7272727272727272e-06
Al_degrader_E6_E5,17.909999999999997,3.818181818181818e-06
Al_degrader_E6_E5,17.97,6.454545454545454e-06
Al_degrader_E6_E5,18.03,9.454545454545454e-06
Al_degrader_E6_E5,18.09,1.2e-05
Al_degrader_E6_E5,18.15,1.4454545454545454e-05
Al_degrader_E6_E5,18.21,2.4363636363636364e-05
Al_degrader_E6_E5,18.27,2.9363636363636363e-05
Al_degrader_E6_E5,18.33,4.045454545454545e-05
Al_degrader_E6_E5,18.39,5.9727272727272724e-05
Al_degrader_E6_E5,18.45,7.718181818181819e-05
Al_degrader_E6_E5,18.509999999999998,0.00010536363636363636
Al_degrader_E6_E5,18.57,0.00013654545454545454
Al_degrader_E6_E5,18.63,0.00016572727272727274
Al_degrader_E6_E5,18.689999999999998,0.00021872727272727273
Al_degrader_E6_E5,18.75,0.0002890909090909091
Al_degrader_E6_E5,18.81,0.0003665454545454545
Al_degrader_E6_E5,18.869999999999997,0.00046554545454545454
Al_degrader_E6_E5,18.93,0.0005742727272727273
Al_degrader_E6_E5,18.990000000000002,0.0007053636363636363
Al_degrader_E6_E5,19.049999999999997,0.0008865454545454545
Al_degrader_E6_E5,19.11,0.0010794545454545456
Al_degrader_E6_E5,19.17,0.0013047272727272727
Al_degrader_E6_E5,19.229999999999997,0.001575090909090909
Al_degrader_E6_E5,19.29,0.001895090909090909
Al_degrader_E6_E5,19.35,0.0022344545454545455
Al_degrader_E6_E5,19.409999999999997,0.002668090909090909
Al_degrader_E6_E5,19.47,0.0030766363636363634
Al_degrader_E6_E5,19.53,0.0035744545454545456
Al_degrader_E6_E5,19.59,0.004124636363636363
Al_degrader_E6_E5,19.65,0.0047
Al_degrader_E6_E5,19.71,0.0053205454545454545
Al_degrader_E6_E5,19.77,0.006010363636363637
Al_degrader_E6_E5,19.83,0.0067027272727272725
Al_degrader_E6_E5,19.89,0.0074526363636363635
Al_degrader_E6_E5,19.95,0.008267272727272727
Al_degrader_E6_E5,20.009999999999998,0.009051636363636364
Al_degrader_E6_E5,20.07,0.009826818181818181
Al_degrader_E6_E5,20.13,0.010691545454545455
Al_degrader_E6_E5,20.189999999999998,0.011464
Al_degrader_E6_E5,20.25,0.012302636363636363
Al_degrader_E6_E5,20.31,0.013122363636363637
Al_degrader_E6_E5,20.369999999999997,0.013834636363636363
Al_degrader_E6_E5,20.43,0.014601181818181819
Al_degrader_E6_E5,20.490000000000002,0.015364727272727273
Al_degrader_E6_E5,20.549999999999997,0.016073
Al_degrader_E6_E5,20.61,0.01659109090909091
Al_degrader_E6_E5,20.67,0.017200090909090908
Al_degrader_E6_E5,20.729999999999997,0.017758636363636365
Al_degrader_E6_E5,20.79,0.01827309090909091
Al_degrader_E6_E5,20.85,0.018690636363636364
Al_degrader_E6_E5,20.909999999999997,0.01904609090909091
Al_degrader_E6_E5,20.97,0.019405272727272726
Al_degrader_E6_E5,21.03,0.019802090909090908
Al_degrader_E6_E5,21.089999999999996,0.020081727272727272
Al_degrader_E6_E5,21.15,0.020205
Al_degrader_E6_E5,21.21,0.020434363636363636
Al_degrader_E6_E5,21.27,0.020663545454545455
Al_degrader_E6_E5,21.33,0.020867454545454547
Al_degrader_E6_E5,21.39,0.020830363636363636
Al_degrader_E6_E5,21.45,0.020983636363636364
Al_degrader_E6_E5,21.509999999999998,0.021078636363636365
Al_degrader_E6_E5,21.57,0.021171454545454545
Al_degrader_E6_E5,21.63,0.021140272727272726
Al_degrader_E6_E5,21.689999999999998,0.021075454545454547
Al_degrader_E6_E5,21.75,0.021077181818181818
Al_degrader_E6_E5,21.81,0.021116
Al_degrader_E6_E5,21.869999999999997,0.020982272727272728
Al_degrader_E6_E5,21.93,0.02077
Al_degrader_E6_E5,21.990000000000002,0.020624454545454547
Al_degrader_E6_E5,22.049999999999997,0.02050690909090909
Al_degrader_E6_E5,22.11,0.020203909090909092
Al_degrader_E6_E5,22.17,0.019780727272727273
Al_degrader_E6_E5,22.229999999999997,0.019413636363636362
Al_degrader_E6_E5,22.29,0.019052727272727273
Al_degrader_E6_E5,22.35,0.018561636363636363
Al_degrader_E6_E5,22.409999999999997,0.017842545454545455
Al_degrader_E6_E5,22.47,0.017254454545454545
Al_degrader_E6_E5,22.53,0.01658990909090909
Al_degrader_E6_E5,22.589999999999996,0.015907
Al_degrader_E6_E5,22.65,0.014933272727272727
Al_degrader_E6_E5,22.71,0.014127090909090909
Al_degrader_E6_E5,22.77,0.013215454545454546
Al_degrader_E6_E5,22.83,0.012374454545454546
Al_degrader_E6_E5,22.89,0.011305
Al_degrader_E6_E5,22.95,0.010384181818181818
Al_degrader_E6_E5,23.009999999999998,0.009437454545454546
Al_degrader_E6_E5,23.07,0.008568454545454546
Al_degrader_E6_E5,23.13,0.007588090909090909
Al_degrader_E6_E5,23.189999999999998,0.006746818181818182
Al_degrader_E6_E5,23.25,0.005904545454545455
Al_degrader_E6_E5,23.31,0.005150363636363636
Al_degrader_E6_E5,23.369999999999997,0.004412818181818182
Al_degrader_E6_E5,23.43,0.003799
Al_degrader_E6_E5,23.490000000000002,0.0031895454545454545
Al_degrader_E6_E5,23.549999999999997,0.0027016363636363635
Al_degrader_E6_E5,23.61,0.0022049090909090907
Al_degrader_E6_E5,23.67,0.0018253636363636365
Al_degrader_E6_E5,23.729999999999997,0.0014703636363636364
Al_degrader_E6_E5,23.79,0.0011920909090909091
Al_degrader_E6_E5,23.85,0.0009339090909090909
Al_degrader_E6_E5,23.909999999999997,0.000742
Al_degrader_E6_E5,23.97,0.0005765454545454546
Al_degrader_E6_E5,24.03,0.00045027272727272727
Al_degrader_E6_E5,24.089999999999996,0.00033390909090909093
Al_degrader_E6_E5,24.15,0.00025881818181818184
Al_degrader_E6_E5,24.21,0.0001880909090909091
Al_degrader_E6_E5,24.27,0.00013681818181818182
Al_degrader_E6_E5,24.33,0.000103
Al_degrader_E6_E5,24.39,7.054545454545455e-05
Al_degrader_E6_E5,24.45,5.436363636363636e-05
Al_degrader_E6_E5,24.509999999999998,3.709090909090909e-05
Al_degrader_E6_E5,24.57,2.6272727272727273e-05
Al_degrader_E6_E5,24.63,1.909090909090909e-05
Al_degrader_E6_E5,24.689999999999998,1.4e-05
Al_degrader_E6_E5,24.75,7.636363636363636e-06
Al_degrader_E6_E5,24.81,4.909090909090909e-06
Al_degrader_E6_E5,24.869999999999997,3.7272727272727274e-06
Al_degrader_E6_E5,24.93,2.6363636363636364e-06
Al_degrader_E6_E5,24.990000000000002,1.6363636363636365e-06
Al_degrader_E6_E5,25.049999999999997,6.363636363636364e-07
Al_degrader_E6_E5,25.11,1.090909090909091e-06
Al_degrader_E6_E5,25.17,1.8181818181818183e-07
Al_degrader_E6_E5,25.229999999999997,1.8181818181818183e-07
Al_degrader_E6_E5,25.29,1.8181818181818183e-07
Al_degrader_E6_E5,25.35,9.090909090909091e-08
Ni11,16.77,6.666666666666667e-07
Ni11,16.83,3.3333333333333335e-07
Ni11,16.89,3.3333333333333335e-07
Ni11,16.95,3.3333333333333335e-07
Ni11,17.009999999999998,1.3333333333333334e-06
Ni11,17.07,1e-06
Ni11,17.13,1e-06
Ni11,17.189999999999998,3e-06
Ni11,17.25,5e-06
Ni11,17.310000000000002,6e-06
Ni11,17.369999999999997,1.0333333333333333e-05
Ni11,17.43,1.2333333333333333e-05
Ni11,17.490000000000002,1.8333333333333333e-05
Ni11,17.549999999999997,2.7666666666666667e-05
Ni11,17.61,3.766666666666667e-05
Ni11,17.67,4.8666666666666666e-05
Ni11,17.729999999999997,6.566666666666667e-05
Ni11,17.79,0.000105
Ni11,17.85,0.00012433333333333334
Ni11,17.909999999999997,0.00015833333333333332
Ni11,17.97,0.00025166666666666664
Ni11,18.03,0.00032766666666666664
Ni11,18.09,0.000416
Ni11,18.15,0.0005526666666666667
Ni11,18.21,0.0007113333333333333
Ni11,18.27,0.000896
Ni11,18.33,0.001151
Ni11,18.39,0.001462
Ni11,18.45,0.0018566666666666666
Ni11,18.509999999999998,0.002309
Ni11,18.57,0.002827
Ni11,18.63,0.0034523333333333333
Ni11,18.689999999999998,0.004268333333333333
Ni11,18.75,0.005032333333333333
Ni11,18.81,0.006156666666666667
Ni11,18.869999999999997,0.007256333333333333
Ni11,18.93,0.008605666666666666
Ni11,18.990000000000002,0.009962333333333333
Ni11,19.049999999999997,0.011615333333333333
Ni11,19.11,0.013248666666666667
Ni11,19.17,0.015146
Ni11,19.229999999999997,0.017075
Ni11,19.29,0.019052
Ni11,19.35,0.021161666666666665
Ni11,19.409999999999997,0.023184666666666666
Ni11,19.47,0.025309333333333333
Ni11,19.53,0.027430333333333334
Ni11,19.59,0.029444333333333333
Ni11,19.65,0.031074666666666667
Ni11,19.71,0.03291633333333333
Ni11,19.77,0.034394
Ni11,19.83,0.035503
Ni11,19.89,0.03653766666666667
Ni11,19.95,0.03734233333333333
Ni11,20.009999999999998,0.03736166666666667
Ni11,20.07,0.037489
Ni11,20.13,0.037392
Ni11,20.189999999999998,0.036485333333333335
Ni11,20.25,0.03551633333333333
Ni11,20.31,0.034458666666666665
Ni11,20.369999999999997,0.032947
Ni11,20.43,0.031002
Ni11,20.490000000000002,0.029169666666666667
Ni11,20.549999999999997,0.027402333333333334
Ni11,20.61,0.025023666666666666
Ni11,20.67,0.022791
Ni11,20.729999999999997,0.020776666666666666
Ni11,20.79,0.018438333333333334
Ni11,20.85,0.016467666666666665
Ni11,20.909999999999997,0.014516
Ni11,20.97,0.012572666666666666
Ni11,21.03,0.010901333333333334
Ni11,21.089999999999996,0.009385666666666667
Ni11,21.15,0.007834
Ni11,21.21,0.006622
Ni11,21.27,0.005455666666666667
Ni11,21.33,0.004552333333333334
Ni11,21.39,0.003683333333333333
Ni11,21.45,0.002939666666666667
Ni11,21.509999999999998,0.002348
Ni11,21.57,0.0019313333333333333
Ni11,21.63,0.0014286666666666666
Ni11,21.689999999999998,0.0011416666666666667
Ni11,21.75,0.0008953333333333334
Ni11,21.81,0.0006333333333333333
Ni11,21.869999999999997,0.0005073333333333334
Ni11,21.93,0.00038833333333333336
Ni11,21.990000000000002,0.00026033333333333334
Ni11,22.049999999999997,0.000213
Ni11,22.11,0.000149
Ni11,22.17,0.00010766666666666666
Ni11,22.229999999999997,8.266666666666667e-05
Ni11,22.29,5.6666666666666664e-05
Ni11,22.35,3.766666666666667e-05
Ni11,22.409999999999997,2.4666666666666665e-05
Ni11,22.47,1.633333333333333e-05
Ni11,22.53,1.1333333333333334e-05
Ni11,22.589999999999996,1.0333333333333333e-05
Ni11,22.65,6e-06
Ni11,22.71,2e-06
Ni11,22.77,4e-06
Ni11,22.83,1e-06
Ni11,22.89,6.666666666666667e-07
Ni11,22.95,6.666666666666667e-07
Ni11,23.009999999999998,3.3333333333333335e-07
Sn11,16.65,6.666666666666667e-07
Sn11,16.71,1e-06
Sn11,16.77,1.3333333333333334e-06
Sn11,16.83,1e-06
Sn11,16.89,1e-06
Sn11,16.95,1.6666666666666667e-06
Sn11,17.009999999999998,2e-06
Sn11,17.07,4.333333333333333e-06
Sn11,17.13,6e-06
Sn11,17.189999999999998,1.1e-05
Sn11,17.25,1.7e-05
Sn11,17.310000000000002,2.2333333333333332e-05
Sn11,17.369999999999997,2.966666666666667e-05
Sn11,17.43,4.2e-05
Sn11,17.490000000000002,6.166666666666667e-05
Sn11,17.549999999999997,8.266666666666667e-05
Sn11,17.61,0.000106
Sn11,17.67,0.00015166666666666668
Sn11,17.729999999999997,0.00019766666666666666
Sn11,17.79,0.0002666666666666667
Sn11,17.85,0.0003586666666666667
Sn11,17.909999999999997,0.0004983333333333334
Sn11,17.97,0.000672
Sn11,18.03,0.0008586666666666666
Sn11,18.09,0.001088
Sn11,18.15,0.0013513333333333333
Sn11,18.21,0.0016776666666666667
Sn11,18.27,0.0021193333333333333
Sn11,18.33,0.002707
Sn11,18.39,0.0033586666666666665
Sn11,18.45,0.004082333333333334
Sn11,18.509999999999998,0.004922666666666666
Sn11,18.57,0.005926666666666667
Sn11,18.63,0.007114333333333334
Sn11,18.689999999999998,0.008407333333333333
Sn11,18.75,0.009907666666666667
Sn11,18.81,0.011580666666666666
Sn11,18.869999999999997,0.013333
Sn11,18.93,0.015263333333333334
Sn11,18.990000000000002,0.017219333333333333
Sn11,19.049999999999997,0.019384333333333333
Sn11,19.11,0.021498
Sn11,19.17,0.023650666666666667
Sn11,19.229999999999997,0.025833666666666668
Sn11,19.29,0.027915333333333334
Sn11,19.35,0.029895666666666668
Sn11,19.409999999999997,0.031846
Sn11,19.47,0.033792666666666665
Sn11,19.53,0.035336
Sn11,19.59,0.036573666666666664
Sn11,19.65,0.03753366666666667
Sn11,19.71,0.038014
Sn11,19.77,0.03830733333333333
Sn11,19.83,0.03829433333333333
Sn11,19.89,0.037830666666666665
Sn11,19.95,0.03696633333333333
Sn11,20.009999999999998,0.035984666666666665
Sn11,20.07,0.034861
Sn11,20.13,0.033309
Sn11,20.189999999999998,0.031220333333333333
Sn11,20.25,0.029088
Sn11,20.31,0.026932666666666667
Sn11,20.369999999999997,0.024544
Sn11,20.43,0.022281
Sn11,20.490000000000002,0.020144
Sn11,20.549999999999997,0.017982666666666668
Sn11,20.61,0.015972666666666666
Sn11,20.67,0.013848666666666667
Sn11,20.729999999999997,0.01193
Sn11,20.79,0.010163666666666666
Sn11,20.85,0.008681666666666667
Sn11,20.909999999999997,0.007292333333333333
Sn11,20.97,0.006041
Sn11,21.03,0.004936333333333333
Sn11,21.089999999999996,0.004079
Sn11,21.15,0.003291333333333333
Sn11,21.21,0.002631
Sn11,21.27,0.002082
Sn11,21.33,0.0016306666666666668
Sn11,21.39,0.0012326666666666666
Sn11,21.45,0.000947
Sn11,21.509999999999998,0.0007193333333333333
Sn11,21.57,0.0005403333333333333
Sn11,21.63,0.000403
Sn11,21.689999999999998,0.000304
Sn11,21.75,0.000225
Sn11,21.81,0.00017766666666666666
Sn11,21.869999999999997,0.00013466666666666667
Sn11,21.93,8.633333333333334e-05
Sn11,21.990000000000002,5.2333333333333336e-05
Sn11,22.049999999999997,3.5333333333333336e-05
Sn11,22.11,2.7333333333333335e-05
Sn11,22.17,1.9666666666666666e-05
Sn11,22.229999999999997,1.5e-05
Sn11,22.29,9.666666666666667e-06
Sn11,22.35,5.333333333333334e-06
Sn11,22.409999999999997,5.666666666666667e-06
Sn11,22.47,2e-06
Sn11,22.53,1.6666666666666667e-06
Sn11,22.589999999999996,1.3333333333333334e-06
Sn11,22.65,3.3333333333333335e-07
Ta11,16.29,6.666666666666667e-07
Ta11,16.35,3.3333333333333335e-07
Ta11,16.409999999999997,3.3333333333333335e-07
Ta11,16.47,1e-06
Ta11,16.53,6.666666666666667e-07
Ta11,16.59,1.3333333333333334e-06
Ta11,16.65,1.6666666666666667e-06
Ta11,16.71,3e-06
Ta11,16.77,3.6666666666666666e-06
Ta11,16.83,6.666666666666667e-06
Ta11,16.89,1.1333333333333334e-05
Ta11,16.95,1.2e-05
Ta11,17.009999999999998,1.7e-05
Ta11,17.07,3.1e-05
Ta11,17.13,3.9e-05
Ta11,17.189999999999998,5.0333333333333335e-05
Ta11,17.25,6.566666666666667e-05
Ta11,17.310000000000002,0.00010766666666666666
Ta11,17.369999999999997,0.00011933333333333334
Ta11,17.43,0.000162
Ta11,17.490000000000002,0.000248
Ta11,17.549999999999997,0.0003116666666666667
Ta11,17.61,0.000424
Ta11,17.67,0.0005543333333333333
Ta11,17.729999999999997,0.0006823333333333333
Ta11,17.79,0.0008893333333333333
Ta11,17.85,0.00114
Ta11,17.909999999999997,0.0014433333333333334
Ta11,17.97,0.0017886666666666667
Ta11,18.03,0.00228
Ta11,18.09,0.00273
Ta11,18.15,0.003394
Ta11,18.21,0.004099
Ta11,18.27,0.004967
Ta11,18.33,0.005974333333333333
Ta11,18.39,0.007090666666666667
Ta11,18.45,0.008348666666666667
Ta11,18.509999999999998,0.009709333333333334
Ta11,18.57,0.011328333333333333
Ta11,18.63,0.012933333333333333
Ta11,18.689999999999998,0.014714666666666666
Ta11,18.75,0.016732666666666667
Ta11,18.81,0.018599666666666667
Ta11,18.869999999999997,0.020679
Ta11,18.93,0.022737666666666666
Ta11,18.990000000000002,0.024698
Ta11,19.049999999999997,0.026815666666666668
Ta11,19.11,0.028911333333333334
Ta11,19.17,0.030520666666666668
Ta11,19.229999999999997,0.032461666666666666
Ta11,19.29,0.033899
Ta11,19.35,0.035031
Ta11,19.409999999999997,0.03611366666666667
Ta11,19.47,0.037099
Ta11,19.53,0.037060666666666665
Ta11,19.59,0.037234666666666666
Ta11,19.65,0.03724533333333333
Ta11,19.71,0.036525666666666665
Ta11,19.77,0.035687333333333335
Ta11,19.83,0.03447533333333333
Ta11,19.89,0.033141666666666666
Ta11,19.95,0.031535
Ta11,20.009999999999998,0.029508
Ta11,20.07,0.027756666666666666
Ta11,20.13,0.025499
Ta11,20.189999999999998,0.023300666666666667
Ta11,20.25,0.021250333333333333
Ta11,20.31,0.019102
Ta11,20.369999999999997,0.016887
Ta11,20.43,0.015038666666666667
Ta11,20.490000000000002,0.013183666666666666
Ta11,20.549999999999997,0.011383333333333334
Ta11,20.61,0.009809666666666666
Ta11,20.67,0.008266666666666667
Ta11,20.729999999999997,0.007006
Ta11,20.79,0.005835
Ta11,20.85,0.004796333333333333
Ta11,20.909999999999997,0.003947
Ta11,20.97,0.0032446666666666665
Ta11,21.03,0.002533
Ta11,21.089999999999996,0.0020566666666666667
Ta11,21.15,0.0016156666666666667
Ta11,21.21,0.0012456666666666666
Ta11,21.27,0.0009806666666666666
Ta11,21.33,0.0007313333333333333
Ta11,21.39,0.0005466666666666667
Ta11,21.45,0.00043566666666666667
Ta11,21.509999999999998,0.0003063333333333333
Ta11,21.57,0.00024066666666666667
Ta11,21.63,0.00017633333333333333
Ta11,21.689999999999998,0.00012333333333333334
Ta11,21.75,9.4e-05
Ta11,21.81,6.9e-05
Ta11,21.869999999999997,4.5333333333333335e-05
Ta11,21.93,2.8333333333333332e-05
Ta11,21.990000000000002,2e-05
Ta11,22.049999999999997,1.7e-05
Ta11,22.11,8.666666666666666e-06
Ta11,22.17,8e-06
Ta11,22.229999999999997,4.333333333333333e-06
Ta11,22.29,4e-06
Ta11,22.35,2.333333333333333e-06
Ta11,22.409999999999997,6.666666666666667e-07
Ta11,22.47,6.666666666666667e-07
Ta11,22.53,6.666666666666667e-07
Cu11,15.87,1e-06
Cu11,15.93,0.0
Cu11,15.989999999999998,3.3333333333333335e-07
Cu11,16.049999999999997,3.3333333333333335e-07
Cu11,16.11,1.3333333333333334e-06
Cu11,16.17,1e-06
Cu11,16.229999999999997,1.3333333333333334e-06
Cu11,16.29,3e-06
Cu11,16.35,3.6666666666666666e-06
Cu11,16.409999999999997,5.333333333333334e-06
Cu11,16.47,1.0333333333333333e-05
Cu11,16.53,1.2333333333333333e-05
Cu11,16.59,1.3e-05
Cu11,16.65,2.7666666666666667e-05
Cu11,16.71,3.3333333333333335e-05
Cu11,16.77,4.2e-05
Cu11,16.83,5.8e-05
Cu11,16.89,8.633333333333334e-05
Cu11,16.95,0.000112
Cu11,17.009999999999998,0.000137
Cu11,17.07,0.00019566666666666666
Cu11,17.13,0.00027133333333333333
Cu11,17.189999999999998,0.00036333333333333335
Cu11,17.25,0.00045033333333333335
Cu11,17.310000000000002,0.000604
Cu11,17.369999999999997,0.0007433333333333334
Cu11,17.43,0.0009406666666666667
Cu11,17.490000000000002,0.0012256666666666666
Cu11,17.549999999999997,0.0015143333333333332
Cu11,17.61,0.0019263333333333333
Cu11,17.67,0.0023246666666666667
Cu11,17.729999999999997,0.0028233333333333335
Cu11,17.79,0.0035036666666666666
Cu11,17.85,0.004229666666666666
Cu11,17.909999999999997,0.0050283333333333334
Cu11,17.97,0.006018
Cu11,18.03,0.007166666666666667
Cu11,18.09,0.008328666666666667
Cu11,18.15,0.009724333333333333
Cu11,18.21,0.011215
Cu11,18.27,0.012864666666666667
Cu11,18.33,0.014559
Cu11,18.39,0.016443
Cu11,18.45,0.018287
Cu11,18.509999999999998,0.020258333333333333
Cu11,18.57,0.022271
Cu11,18.63,0.024093666666666666
Cu11,18.689999999999998,0.026168
Cu11,18.75,0.02825
Cu11,18.81,0.029773333333333332
Cu11,18.869999999999997,0.031499
Cu11,18.93,0.033189333333333335
Cu11,18.990000000000002,0.034104666666666665
Cu11,19.049999999999997,0.03529533333333333
Cu11,19.11,0.036261666666666664
Cu11,19.17,0.036399666666666664
Cu11,19.229999999999997,0.03654866666666667
Cu11,19.29,0.036602666666666665
Cu11,19.35,0.036082
Cu11,19.409999999999997,0.03514266666666667
Cu11,19.47,0.03432
Cu11,19.53,0.032996333333333336
Cu11,19.59,0.031459
Cu11,19.65,0.0296
Cu11,19.71,0.027933
Cu11,19.77,0.026025666666666666
Cu11,19.83,0.023778333333333332
Cu11,19.89,0.021702666666666665
Cu11,19.95,0.019803666666666667
Cu11,20.009999999999998,0.017529
Cu11,20.07,0.015702666666666667
Cu11,20.13,0.013891666666666667
Cu11,20.189999999999998,0.011997333333333334
Cu11,20.25,0.010473333333333333
Cu11,20.31,0.008992333333333333
Cu11,20.369999999999997,0.0075246666666666665
Cu11,20.43,0.006389666666666667
Cu11,20.490000000000002,0.005336
Cu11,20.549999999999997,0.004403666666666667
Cu11,20.61,0.003626
Cu11,20.67,0.0028886666666666666
Cu11,20.729999999999997,0.002354666666666667
Cu11,20.79,0.0019096666666666667
Cu11,20.85,0.001431
Cu11,20.909999999999997,0.001146
Cu11,20.97,0.0009113333333333333
Cu11,21.03,0.000645
Cu11,21.089999999999996,0.0005166666666666667
Cu11,21.15,0.00041266666666666665
Cu11,21.21,0.000272
Cu11,21.27,0.00022333333333333333
Cu11,21.33,0.00016766666666666666
Cu11,21.39,0.000114
Cu11,21.45,8.4e-05
Cu11,21.509999999999998,6.466666666666666e-05
Cu11,21.57,4.4666666666666664e-05
Cu11,21.63,2.6e-05
Cu11,21.689999999999998,1.8666666666666665e-05
Cu11,21.75,1.4666666666666666e-05
Cu11,21.81,9.666666666666667e-06
Cu11,21.869999999999997,7e-06
Cu11,21.93,4.666666666666666e-06
Cu11,21.990000000000002,3.3333333333333333e-06
Cu11,22.049999999999997,2.666666666666667e-06
Cu11,22.11,6.666666666666667e-07
Cu11,22.17,6.666666666666667e-07
Cu11,22.229999999999997,3.3333333333333335e-07
Cu11,22.29,3.3333333333333335e-07
Al_degrader_E8_E7,12.329999999999998,2e-07
Al_degrader_E8_E7,12.39,0.0
Al_degrader_E8_E7,12.45,6.666666666666667e-08
Al_degrader_E8_E7,12.51,6.666666666666667e-08
Al_degrader_E8_E7,12.57,0.0
Al_degrader_E8_E7,12.629999999999999,3.3333333333333335e-07
Al_degrader_E8_E7,12.69,1.3333333333333334e-07
Al_degrader_E8_E7,12.75,6.666666666666667e-08
Al_degrader_E8_E7,12.809999999999999,4.6666666666666666e-07
Al_degrader_E8_E7,12.870000000000001,7.333333333333333e-07
Al_degrader_E8_E7,12.93,6e-07
Al_degrader_E8_E7,12.989999999999998,1e-06
Al_degrader_E8_E7,13.05,1.6666666666666667e-06
Al_degrader_E8_E7,13.11,1.933333333333333e-06
Al_degrader_E8_E7,13.169999999999998,2.1333333333333334e-06
Al_degrader_E8_E7,13.23,3.7333333333333333e-06
Al_degrader_E8_E7,13.29,4.4666666666666665e-06
Al_degrader_E8_E7,13.35,6.2e-06
Al_degrader_E8_E7,13.41,7.733333333333333e-06
Al_degrader_E8_E7,13.469999999999999,8e-06
Al_degrader_E8_E7,13.53,1.3333333333333333e-05
Al_degrader_E8_E7,13.59,1.7866666666666666e-05
Al_degrader_E8_E7,13.649999999999999,2.02e-05
Al_degrader_E8_E7,13.71,2.6e-05
Al_degrader_E8_E7,13.77,3.44e-05
Al_degrader_E8_E7,13.829999999999998,4.706666666666667e-05
Al_degrader_E8_E7,13.89,5.84e-05
Al_degrader_E8_E7,13.95,7.18e-05
Al_degrader_E8_E7,14.009999999999998,8.88e-05
Al_degrader_E8_E7,14.07,0.00011166666666666667
Al_degrader_E8_E7,14.129999999999999,0.00013713333333333332
Al_degrader_E8_E7,14.19,0.00016913333333333334
Al_degrader_E8_E7,14.25,0.00020553333333333333
Al_degrader_E8_E7,14.309999999999999,0.0002531333333333333
Al_degrader_E8_E7,14.37,0.00031086666666666667
Al_degrader_E8_E7,14.43,0.00037853333333333334
Al_degrader_E8_E7,14.489999999999998,0.00044
Al_degrader_E8_E7,14.55,0.0005372666666666666
Al_degrader_E8_E7,14.61,0.0006376666666666667
Al_degrader_E8_E7,14.669999999999998,0.0007646
Al_degrader_E8_E7,14.73,0.0008888666666666666
Al_degrader_E8_E7,14.79,0.0010474
Al_degrader_E8_E7,14.85,0.0012295333333333333
Al_degrader_E8_E7,14.91,0.0014367333333333333
Al_degrader_E8_E7,14.969999999999999,0.001642
Al_degrader_E8_E7,15.03,0.0019024
Al_degrader_E8_E7,15.09,0.0021812666666666666
Al_degrader_E8_E7,15.149999999999999,0.0024879333333333335
Al_degrader_E8_E7,15.21,0.0028006
Al_degrader_E8_E7,15.27,0.0031745333333333334
Al_degrader_E8_E7,15.329999999999998,0.0035568
Al_degrader_E8_E7,15.39,0.0039766
Al_degrader_E8_E7,15.45,0.0044166
Al_degrader_E8_E7,15.509999999999998,0.004879466666666667
Al_degrader_E8_E7,15.57,0.005360133333333334
Al_degrader_E8_E7,15.629999999999999,0.005895333333333333
Al_degrader_E8_E7,15.69,0.006445
Al_degrader_E8_E7,15.75,0.0070004
Al_degrader_E8_E7,15.809999999999999,0.0075454
Al_degrader_E8_E7,15.87,0.008140733333333334
Al_degrader_E8_E7,15.93,0.0087654
Al_degrader_E8_E7,15.989999999999998,0.009313733333333333
Al_degrader_E8_E7,16.049999999999997,0.009892133333333334
Al_degrader_E8_E7,16.11,0.010521733333333333
Al_degrader_E8_E7,16.17,0.011121266666666667
Al_degrader_E8_E7,16.229999999999997,0.011640666666666667
Al_degrader_E8_E7,16.29,0.012217733333333333
Al_degrader_E8_E7,16.35,0.0127836
Al_degrader_E8_E7,16.409999999999997,0.0133264
Al_degrader_E8_E7,16.47,0.013777933333333334
Al_degrader_E8_E7,16.53,0.0142392
Al_degrader_E8_E7,16.59,0.0147524
Al_degrader_E8_E7,16.65,0.015158866666666666
Al_degrader_E8_E7,16.71,0.015483133333333333
Al_degrader_E8_E7,16.77,0.015857066666666666
Al_degrader_E8_E7,16.83,0.016261266666666666
Al_degrader_E8_E7,16.89,0.016538733333333333
Al_degrader_E8_E7,16.95,0.016767266666666666
Al_degrader_E8_E7,17.009999999999998,0.017085
Al_degrader_E8_E7,17.07,0.017347133333333334
Al_degrader_E8_E7,17.13,0.017464733333333333
Al_degrader_E8_E7,17.189999999999998,0.0176544
Al_degrader_E8_E7,17.25,0.017877533333333334
Al_degrader_E8_E7,17.310000000000002,0.018031933333333333
Al_degrader_E8_E7,17.369999999999997,0.018077533333333333
Al_degrader_E8_E7,17.43,0.018180066666666668
Al_degrader_E8_E7,17.490000000000002,0.018352466666666668
Al_degrader_E8_E7,17.549999999999997,0.018378933333333333
Al_degrader_E8_E7,17.61,0.018393466666666667
Al_degrader_E8_E7,17.67,0.018486666666666665
Al_degrader_E8_E7,17.729999999999997,0.018549133333333332
Al_degrader_E8_E7,17.79,0.018444
Al_degrader_E8_E7,17.85,0.018453066666666667
Al_degrader_E8_E7,17.909999999999997,0.018484133333333333
Al_degrader_E8_E7,17.97,0.0183642
Al_degrader_E8_E7,18.03,0.018242933333333333
Al_degrader_E8_E7,18.09,0.018165533333333334
Al_degrader_E8_E7,18.15,0.018065
Al_degrader_E8_E7,18.21,0.017757133333333334
Al_degrader_E8_E7,18.27,0.017572733333333333
Al_degrader_E8_E7,18.33,0.017383733333333335
Al_degrader_E8_E7,18.39,0.01701393333333333
Al_degrader_E8_E7,18.45,0.016661333333333334
Al_degrader_E8_E7,18.509999999999998,0.016315133333333332
Al_degrader_E8_E7,18.57,0.0158948
Al_degrader_E8_E7,18.63,0.015323733333333334
Al_degrader_E8_E7,18.689999999999998,0.0148782
Al_degrader_E8_E7,18.75,0.014369
Al_degrader_E8_E7,18.81,0.0136742
Al_degrader_E8_E7,18.869999999999997,0.013058333333333333
Al_degrader_E8_E7,18.93,0.012416133333333332
Al_degrader_E8_E7,18.990000000000002,0.0117518
Al_degrader_E8_E7,19.049999999999997,0.010983333333333333
Al_degrader_E8_E7,19.11,0.010298733333333334
Al_degrader_E8_E7,19.17,0.009593333333333334
Al_degrader_E8_E7,19.229999999999997,0.008804266666666666
Al_degrader_E8_E7,19.29,0.0080804
Al_degrader_E8_E7,19.35,0.007423866666666667
Al_degrader_E8_E7,19.409999999999997,0.0066814
Al_degrader_E8_E7,19.47,0.0060131333333333335
Al_degrader_E8_E7,19.53,0.0053714
Al_degrader_E8_E7,19.59,0.004785266666666667
Al_degrader_E8_E7,19.65,0.004200466666666666
Al_degrader_E8_E7,19.71,0.0036676
Al_degrader_E8_E7,19.77,0.0032015333333333335
Al_degrader_E8_E7,19.83,0.0027539333333333332
Al_degrader_E8_E7,19.89,0.00236
Al_degrader_E8_E7,19.95,0.0020041333333333335
Al_degrader_E8_E7,20.009999999999998,0.001671
Al_degrader_E8_E7,20.07,0.0014068
Al_degrader_E8_E7,20.13,0.001156
Al_degrader_E8_E7,20.189999999999998,0.0009572
Al_degrader_E8_E7,20.25,0.0007838666666666667
Al_degrader_E8_E7,20.31,0.0006195333333333333
Al_degrader_E8_E7,20.369999999999997,0.0005016
Al_degrader_E8_E7,20.43,0.0004082
Al_degrader_E8_E7,20.490000000000002,0.0003072
Al_degrader_E8_E7,20.549999999999997,0.00024626666666666667
Al_degrader_E8_E7,20.61,0.0001958
Al_degrader_E8_E7,20.67,0.00014073333333333333
Al_degrader_E8_E7,20.729999999999997,0.0001098
Al_degrader_E8_E7,20.79,8.553333333333333e-05
Al_degrader_E8_E7,20.85,6.0866666666666664e-05
Al_degrader_E8_E7,20.909999999999997,4.6933333333333333e-05
Al_degrader_E8_E7,20.97,3.593333333333333e-05
Al_degrader_E8_E7,21.03,2.3733333333333332e-05
Al_degrader_E8_E7,21.089999999999996,1.9333333333333333e-05
Al_degrader_E8_E7,21.15,1.4733333333333333e-05
Al_degrader_E8_E7,21.21,8.866666666666666e-06
Al_degrader_E8_E7,21.27,6.4e-06
Al_degrader_E8_E7,21.33,4.4e-06
Al_degrader_E8_E7,21.39,2.6e-06
Al_degrader_E8_E7,21.45,2e-06
Al_degrader_E8_E7,21.509999999999998,1.933333333333333e-06
Al_degrader_E8_E7,21.57,1e-06
Al_degrader_E8_E7,21.63,4.6666666666666666e-07
Al_degrader_E8_E7,21.689999999999998,7.333333333333333e-07
Al_degrader_E8_E7,21.75,1.3333333333333334e-07
Al_degrader_E8_E7,21.81,1.3333333333333334e-07
Al_degrader_E8_E7,21.869999999999997,1.3333333333333334e-07
Al_degrader_E8_E7,21.93,6.666666666666667e-08
Ni12,11.73,6.666666666666667e-07
Ni12,11.79,3.3333333333333335e-07
Ni12,11.85,0.0
Ni12,11.91,3.3333333333333335e-07
Ni12,11.969999999999999,3.3333333333333335e-07
Ni12,12.03,1e-06
Ni12,12.09,1e-06
Ni12,12.149999999999999,3.3333333333333335e-07
Ni12,12.21,1e-06
Ni12,12.27,2.333333333333333e-06
Ni12,12.329999999999998,3.6666666666666666e-06
Ni12,12.39,3.6666666666666666e-06
Ni12,12.45,6.666666666666667e-06
Ni12,12.51,7.333333333333333e-06
Ni12,12.57,9.333333333333333e-06
Ni12,12.629999999999999,1e-05
Ni12,12.69,1.8666666666666665e-05
Ni12,12.75,2.2e-05
Ni12,12.809999999999999,3.066666666666667e-05
Ni12,12.870000000000001,3.6e-05
Ni12,12.93,3.6666666666666666e-05
Ni12,12.989999999999998,6.3e-05
Ni12,13.05,8.7e-05
Ni12,13.11,9.166666666666667e-05
Ni12,13.169999999999998,0.00011633333333333333
Ni12,13.23,0.00015333333333333334
Ni12,13.29,0.000214
Ni12,13.35,0.00025833333333333334
Ni12,13.41,0.00033133333333333333
Ni12,13.469999999999999,0.00038533333333333334
Ni12,13.53,0.00047966666666666665
Ni12,13.59,0.000596
Ni12,13.649999999999999,0.000722
Ni12,13.71,0.0008676666666666667
Ni12,13.77,0.001097
Ni12,13.829999999999998,0.0012816666666666666
Ni12,13.89,0.001581
Ni12,13.95,0.0018616666666666666
Ni12,14.009999999999998,0.0021836666666666667
Ni12,14.07,0.002593666666666667
Ni12,14.129999999999999,0.0030523333333333335
Ni12,14.19,0.0036026666666666668
Ni12,14.25,0.004118666666666666
Ni12,14.309999999999999,0.0048593333333333336
Ni12,14.37,0.005618333333333334
Ni12,14.43,0.006456333333333333
Ni12,14.489999999999998,0.007241666666666667
Ni12,14.55,0.008275333333333334
Ni12,14.61,0.009381666666666667
Ni12,14.669999999999998,0.010484666666666666
Ni12,14.73,0.011688
Ni12,14.79,0.012989666666666667
Ni12,14.85,0.014281333333333333
Ni12,14.91,0.015649666666666666
Ni12,14.969999999999999,0.017103333333333335
Ni12,15.03,0.018556666666666666
Ni12,15.09,0.019850666666666666
Ni12,15.149999999999999,0.021353
Ni12,15.21,0.022885333333333334
Ni12,15.27,0.024201
Ni12,15.329999999999998,0.025382
Ni12,15.39,0.026636666666666666
Ni12,15.45,0.02790166666666667
Ni12,15.509999999999998,0.028750333333333333
Ni12,15.57,0.029483666666666665
Ni12,15.629999999999999,0.030313666666666666
Ni12,15.69,0.030846
Ni12,15.75,0.031136
Ni12,15.809999999999999,0.031253
Ni12,15.87,0.031275
Ni12,15.93,0.031123
Ni12,15.989999999999998,0.030562333333333334
Ni12,16.049999999999997,0.029903
Ni12,16.11,0.029298666666666667
Ni12,16.17,0.028355666666666668
Ni12,16.229999999999997,0.027127666666666668
Ni12,16.29,0.025854666666666668
Ni12,16.35,0.024565666666666666
Ni12,16.409999999999997,0.023443666666666668
Ni12,16.47,0.021768666666666665
Ni12,16.53,0.020139666666666667
Ni12,16.59,0.018747666666666666
Ni12,16.65,0.017256333333333332
Ni12,16.71,0.015568
Ni12,16.77,0.014137333333333333
Ni12,16.83,0.012754
Ni12,16.89,0.011438
Ni12,16.95,0.010065333333333334
Ni12,17.009999999999998,0.008944333333333334
Ni12,17.07,0.007858
Ni12,17.13,0.006763666666666667
Ni12,17.189999999999998,0.005839666666666667
Ni12,17.25,0.004978666666666667
Ni12,17.310000000000002,0.004236333333333333
Ni12,17.369999999999997,0.0036463333333333335
Ni12,17.43,0.003004
Ni12,17.490000000000002,0.002494
Ni12,17.549999999999997,0.0020636666666666668
Ni12,17.61,0.0017346666666666667
Ni12,17.67,0.0013683333333333334
Ni12,17.729999999999997,0.001116
Ni12,17.79,0.000891
Ni12,17.85,0.0007276666666666667
Ni12,17.909999999999997,0.0005423333333333334
Ni12,17.97,0.0004443333333333333
Ni12,18.03,0.00035833333333333333
Ni12,18.09,0.00026366666666666666
Ni12,18.15,0.00020366666666666667
Ni12,18.21,0.00016133333333333334
Ni12,18.27,0.00011833333333333333
Ni12,18.33,9.366666666666666e-05
Ni12,18.39,7.166666666666667e-05
Ni12,18.45,5.3e-05
Ni12,18.509999999999998,3.933333333333333e-05
Ni12,18.57,2.6666666666666667e-05
Ni12,18.63,1.8e-05
Ni12,18.689999999999998,1.2e-05
Ni12,18.75,9e-06
Ni12,18.81,9e-06
Ni12,18.869999999999997,6.666666666666667e-06
Ni12,18.93,1.6666666666666667e-06
Ni12,18.990000000000002,3e-06
Ni12,19.049999999999997,2.666666666666667e-06
Ni12,19.11,3.3333333333333335e-07
Ni12,19.17,6.666666666666667e-07
Ni12,19.229999999999997,6.666666666666667e-07
Ni12,19.29,3.3333333333333335e-07
Sn12,11.61,1e-06
Sn12,11.669999999999998,1e-06
Sn12,11.73,1e-06
Sn12,11.79,6.666666666666667e-07
Sn12,11.85,6.666666666666667e-07
Sn12,11.91,1.3333333333333334e-06
Sn12,11.969999999999999,1e-06
Sn12,12.03,1.3333333333333334e-06
Sn12,12.09,2.333333333333333e-06
Sn12,12.149999999999999,4.666666666666666e-06
Sn12,12.21,4.333333333333333e-06
Sn12,12.27,7.333333333333333e-06
Sn12,12.329999999999998,1.4e-05
Sn12,12.39,1.4666666666666666e-05
Sn12,12.45,1.8666666666666665e-05
Sn12,12.51,2.1e-05
Sn12,12.57,3.2e-05
Sn12,12.629999999999999,4.1666666666666665e-05
Sn12,12.69,5.4e-05
Sn12,12.75,6.5e-05
Sn12,12.809999999999999,8.2e-05
Sn12,12.870000000000001,0.00010733333333333333
Sn12,12.93,0.00012966666666666666
Sn12,12.989999999999998,0.00017366666666666667
Sn12,13.05,0.00021633333333333332
Sn12,13.11,0.000267
Sn12,13.169999999999998,0.00035266666666666666
Sn12,13.23,0.000448
Sn12,13.29,0.0005666666666666667
Sn12,13.35,0.000695
Sn12,13.41,0.0008226666666666666
Sn12,13.469999999999999,0.0009763333333333333
Sn12,13.53,0.001171
Sn12,13.59,0.0014166666666666668
Sn12,13.649999999999999,0.001705
Sn12,13.71,0.0020523333333333335
Sn12,13.77,0.002486
Sn12,13.829999999999998,0.0029116666666666666
Sn12,13.89,0.0034356666666666667
Sn12,13.95,0.003977333333333334
Sn12,14.009999999999998,0.004593
Sn12,14.07,0.005368
Sn12,14.129999999999999,0.006181
Sn12,14.19,0.007128333333333334
Sn12,14.25,0.008079666666666667
Sn12,14.309999999999999,0.009214
Sn12,14.37,0.010372666666666667
Sn12,14.43,0.011602666666666667
Sn12,14.489999999999998,0.012845666666666667
Sn12,14.55,0.014243666666666667
Sn12,14.61,0.015720333333333333
Sn12,14.669999999999998,0.017171
Sn12,14.73,0.018587666666666666
Sn12,14.79,0.019985
Sn12,14.85,0.021524
Sn12,14.91,0.022957666666666668
Sn12,14.969999999999999,0.024281
Sn12,15.03,0.025658666666666666
Sn12,15.09,0.027011666666666666
Sn12,15.149999999999999,0.028307666666666665
Sn12,15.21,0.029288666666666668
Sn12,15.27,0.030175
Sn12,15.329999999999998,0.030901333333333333
Sn12,15.39,0.03129
Sn12,15.45,0.03166066666666666
Sn12,15.509999999999998,0.031823333333333335
Sn12,15.57,0.031732666666666666
Sn12,15.629999999999999,0.031392333333333335
Sn12,15.69,0.030980333333333332
Sn12,15.75,0.030303
Sn12,15.809999999999999,0.029708666666666668
Sn12,15.87,0.028756
Sn12,15.93,0.027624
Sn12,15.989999999999998,0.026234666666666667
Sn12,16.049999999999997,0.024780666666666666
Sn12,16.11,0.023268666666666667
Sn12,16.17,0.021694666666666668
Sn12,16.229999999999997,0.019998
Sn12,16.29,0.01851
Sn12,16.35,0.016945333333333333
Sn12,16.409999999999997,0.015468
Sn12,16.47,0.014018666666666667
Sn12,16.53,0.012634666666666667
Sn12,16.59,0.011141333333333333
Sn12,16.65,0.009830333333333333
Sn12,16.71,0.008557666666666667
Sn12,16.77,0.007516
Sn12,16.83,0.006476333333333333
Sn12,16.89,0.005572666666666667
Sn12,16.95,0.0047216666666666665
Sn12,17.009999999999998,0.004012333333333333
Sn12,17.07,0.0033843333333333334
Sn12,17.13,0.002823
Sn12,17.189999999999998,0.002335
Sn12,17.25,0.0019286666666666666
Sn12,17.310000000000002,0.0015756666666666666
Sn12,17.369999999999997,0.0012613333333333333
Sn12,17.43,0.0009903333333333333
Sn12,17.490000000000002,0.0007973333333333334
Sn12,17.549999999999997,0.0006303333333333333
Sn12,17.61,0.0004983333333333334
Sn12,17.67,0.00037966666666666666
Sn12,17.729999999999997,0.000304
Sn12,17.79,0.00022866666666666668
Sn12,17.85,0.00018433333333333333
Sn12,17.909999999999997,0.00015
Sn12,17.97,0.000118
Sn12,18.03,8.4e-05
Sn12,18.09,5.466666666666667e-05
Sn12,18.15,3.566666666666667e-05
Sn12,18.21,2.7333333333333335e-05
Sn12,18.27,2e-05
Sn12,18.33,1.7333333333333332e-05
Sn12,18.39,1.2666666666666667e-05
Sn12,18.45,8.333333333333334e-06
Sn12,18.509999999999998,7e-06
Sn12,18.57,5e-06
Sn12,18.63,3e-06
Sn12,18.689999999999998,1e-06
Sn12,18.75,2e-06
Sn12,18.81,1e-06
Sn12,18.869999999999997,3.3333333333333335e-07
Ta12,11.129999999999999,1e-06
Ta12,11.19,0.0
Ta12,11.25,3.3333333333333335e-07
Ta12,11.309999999999999,3.3333333333333335e-07
Ta12,11.370000000000001,1e-06
Ta12,11.43,3.3333333333333335e-07
Ta12,11.489999999999998,1.3333333333333334e-06
Ta12,11.55,3.3333333333333335e-07
Ta12,11.61,2.666666666666667e-06
Ta12,11.669999999999998,2e-06
Ta12,11.73,3e-06
Ta12,11.79,3.3333333333333333e-06
Ta12,11.85,8.333333333333334e-06
Ta12,11.91,8.666666666666666e-06
Ta12,11.969999999999999,9.333333333333333e-06
Ta12,12.03,1.1666666666666666e-05
Ta12,12.09,2.1666666666666667e-05
Ta12,12.149999999999999,2.2333333333333332e-05
Ta12,12.21,3.0333333333333333e-05
Ta12,12.27,3.8e-05
Ta12,12.329999999999998,4.7333333333333336e-05
Ta12,12.39,6.1e-05
Ta12,12.45,8.433333333333333e-05
Ta12,12.51,9.533333333333334e-05
Ta12,12.57,0.00012
Ta12,12.629999999999999,0.000157
Ta12,12.69,0.00020833333333333335
Ta12,12.75,0.000253
Ta12,12.809999999999999,0.000313
Ta12,12.870000000000001,0.000398
Ta12,12.93,0.0004916666666666666
Ta12,12.989999999999998,0.000576
Ta12,13.05,0.0007056666666666666
Ta12,13.11,0.0008663333333333333
Ta12,13.169999999999998,0.001039
Ta12,13.23,0.00125
Ta12,13.29,0.0014913333333333332
Ta12,13.35,0.0018113333333333334
Ta12,13.41,0.002086
Ta12,13.469999999999999,0.002459
Ta12,13.53,0.002942
Ta12,13.59,0.003376
Ta12,13.649999999999999,0.003968666666666666
Ta12,13.71,0.004564
Ta12,13.77,0.0053616666666666665
Ta12,13.829999999999998,0.006073
Ta12,13.89,0.0068973333333333334
Ta12,13.95,0.007814666666666666
Ta12,14.009999999999998,0.008834
Ta12,14.07,0.009968
Ta12,14.129999999999999,0.011040666666666667
Ta12,14.19,0.012358666666666667
Ta12,14.25,0.013584333333333334
Ta12,14.309999999999999,0.014856333333333333
Ta12,14.37,0.01616
Ta12,14.43,0.017725666666666667
Ta12,14.489999999999998,0.018946
Ta12,14.55,0.020314
Ta12,14.61,0.02172433333333333
Ta12,14.669999999999998,0.023231666666666668
Ta12,14.73,0.024392
Ta12,14.79,0.025591333333333334
Ta12,14.85,0.026878666666666665
Ta12,14.91,0.027868333333333332
Ta12,14.969999999999999,0.02859
Ta12,15.03,0.029407333333333334
Ta12,15.09,0.03022033333333333
Ta12,15.149999999999999,0.030665
Ta12,15.21,0.030586666666666668
Ta12,15.27,0.030812666666666665
Ta12,15.329999999999998,0.030861333333333334
Ta12,15.39,0.030327333333333335
Ta12,15.45,0.030046
Ta12,15.509999999999998,0.029485333333333332
Ta12,15.57,0.028445
Ta12,15.629999999999999,0.027662666666666665
Ta12,15.69,0.026603666666666668
Ta12,15.75,0.025223
Ta12,15.809999999999999,0.02404
Ta12,15.87,0.022649333333333334
Ta12,15.93,0.021136333333333333
Ta12,15.989999999999998,0.019599333333333333
Ta12,16.049999999999997,0.018194666666666668
Ta12,16.11,0.016716
Ta12,16.17,0.015188333333333333
Ta12,16.229999999999997,0.013685333333333334
Ta12,16.29,0.012478666666666667
Ta12,16.35,0.011161666666666667
Ta12,16.409999999999997,0.009799
Ta12,16.47,0.00878
Ta12,16.53,0.007645
Ta12,16.59,0.006546666666666667
Ta12,16.65,0.005767666666666667
Ta12,16.71,0.004899666666666667
Ta12,16.77,0.004160666666666667
Ta12,16.83,0.003577
Ta12,16.89,0.0029996666666666665
Ta12,16.95,0.0024636666666666665
Ta12,17.009999999999998,0.0020646666666666665
Ta12,17.07,0.001707
Ta12,17.13,0.0013853333333333333
Ta12,17.189999999999998,0.001111
Ta12,17.25,0.000911
Ta12,17.310000000000002,0.0007233333333333333
Ta12,17.369999999999997,0.0005553333333333334
Ta12,17.43,0.0004476666666666667
Ta12,17.490000000000002,0.000366
Ta12,17.549999999999997,0.0002703333333333333
Ta12,17.61,0.00021866666666666668
Ta12,17.67,0.000166
Ta12,17.729999999999997,0.000129
Ta12,17.79,9.5e-05
Ta12,17.85,7.766666666666667e-05
Ta12,17.909999999999997,5.566666666666667e-05
Ta12,17.97,3.933333333333333e-05
Ta12,18.03,3e-05
Ta12,18.09,1.8e-05
Ta12,18.15,1.3666666666666667e-05
Ta12,18.21,1.2333333333333333e-05
Ta12,18.27,8.666666666666666e-06
Ta12,18.33,6.333333333333333e-06
Ta12,18.39,3.6666666666666666e-06
Ta12,18.45,3e-06
Ta12,18.509999999999998,3e-06
Ta12,18.57,6.666666666666667e-07
Ta12,18.63,6.666666666666667e-07
Ta12,18.689999999999998,3.3333333333333335e-07
Ta12,18.75,6.666666666666667e-07
Cu12,10.53,6.666666666666667e-07
Cu12,10.59,3.3333333333333335e-07
Cu12,10.649999999999999,0.0
Cu12,10.71,3.3333333333333335e-07
Cu12,10.77,3.3333333333333335e-07
Cu12,10.829999999999998,6.666666666666667e-07
Cu12,10.89,1.3333333333333334e-06
Cu12,10.95,3.3333333333333335e-07
Cu12,11.01,3.3333333333333335e-07
Cu12,11.07,2e-06
Cu12,11.129999999999999,3.3333333333333333e-06
Cu12,11.19,2e-06
Cu12,11.25,4e-06
Cu12,11.309999999999999,7.333333333333333e-06
Cu12,11.370000000000001,6.333333333333333e-06
Cu12,11.43,1e-05
Cu12,11.489999999999998,1.0333333333333333e-05
Cu12,11.55,1.6e-05
Cu12,11.61,2.3e-05
Cu12,11.669999999999998,2.6666666666666667e-05
Cu12,11.73,3.1666666666666666e-05
Cu12,11.79,3.8e-05
Cu12,11.85,5.066666666666667e-05
Cu12,11.91,7.4e-05
Cu12,11.969999999999999,8.066666666666667e-05
Cu12,12.03,0.00010366666666666666
Cu12,12.09,0.000122
Cu12,12.149999999999999,0.00017166666666666667
Cu12,12.21,0.00021166666666666667
Cu12,12.27,0.0002666666666666667
Cu12,12.329999999999998,0.00031866666666666664
Cu12,12.39,0.0003933333333333333
Cu12,12.45,0.00048633333333333335
Cu12,12.51,0.0005653333333333334
Cu12,12.57,0.000695
Cu12,12.629999999999999,0.0008283333333333334
Cu12,12.69,0.0010226666666666667
Cu12,12.75,0.0012043333333333333
Cu12,12.809999999999999,0.001441
Cu12,12.870000000000001,0.0017223333333333333
Cu12,12.93,0.0019993333333333334
Cu12,12.989999999999998,0.0023216666666666668
Cu12,13.05,0.0027513333333333335
Cu12,13.11,0.003206333333333333
Cu12,13.169999999999998,0.0037066666666666667
Cu12,13.23,0.004242666666666666
Cu12,13.29,0.004972666666666667
Cu12,13.35,0.005643666666666667
Cu12,13.41,0.006432666666666666
Cu12,13.469999999999999,0.007182333333333333
Cu12,13.53,0.008207333333333334
Cu12,13.59,0.009158333333333333
Cu12,13.649999999999999,0.010260333333333333
Cu12,13.71,0.011259333333333333
Cu12,13.77,0.012581
Cu12,13.829999999999998,0.013731666666666666
Cu12,13.89,0.014982
Cu12,13.95,0.016231666666666665
Cu12,14.009999999999998,0.017641666666666667
Cu12,14.07,0.018834333333333335
Cu12,14.129999999999999,0.020239666666666666
Cu12,14.19,0.021592666666666666
Cu12,14.25,0.022868
Cu12,14.309999999999999,0.023990666666666667
Cu12,14.37,0.025113666666666666
Cu12,14.43,0.026264666666666665
Cu12,14.489999999999998,0.027354666666666666
Cu12,14.55,0.027877
Cu12,14.61,0.028721333333333335
Cu12,14.669999999999998,0.029462333333333333
Cu12,14.73,0.029780666666666667
Cu12,14.79,0.029867666666666667
Cu12,14.85,0.030052333333333334
Cu12,14.91,0.030046666666666666
Cu12,14.969999999999999,0.029766
Cu12,15.03,0.029284
Cu12,15.09,0.028727333333333334
Cu12,15.149999999999999,0.027983
Cu12,15.21,0.02717
Cu12,15.27,0.026074333333333335
Cu12,15.329999999999998,0.024887
Cu12,15.39,0.023704333333333334
Cu12,15.45,0.022554666666666667
Cu12,15.509999999999998,0.021102333333333334
Cu12,15.57,0.019569666666666666
Cu12,15.629999999999999,0.018191666666666665
Cu12,15.69,0.016932
Cu12,15.75,0.015374
Cu12,15.809999999999999,0.01395
Cu12,15.87,0.012705333333333334
Cu12,15.93,0.011532333333333334
Cu12,15.989999999999998,0.010168333333333333
Cu12,16.049999999999997,0.009074333333333334
Cu12,16.11,0.007985333333333334
Cu12,16.17,0.006978
Cu12,16.229999999999997,0.006075666666666667
Cu12,16.29,0.00524
Cu12,16.35,0.004543666666666666
Cu12,16.409999999999997,0.0038573333333333333
Cu12,16.47,0.00329
Cu12,16.53,0.0027506666666666665
Cu12,16.59,0.002256666666666667
Cu12,16.65,0.0019066666666666668
Cu12,16.71,0.0016143333333333333
Cu12,16.77,0.0012626666666666667
Cu12,16.83,0.0010346666666666666
Cu12,16.89,0.000848
Cu12,16.95,0.000689
Cu12,17.009999999999998,0.0005113333333333334
Cu12,17.07,0.00042566666666666664
Cu12,17.13,0.00035066666666666666
Cu12,17.189999999999998,0.000254
Cu12,17.25,0.00021
Cu12,17.310000000000002,0.00015966666666666665
Cu12,17.369999999999997,0.00011766666666666666
Cu12,17.43,9.6e-05
Cu12,17.490000000000002,7.2e-05
Cu12,17.549999999999997,5.933333333333334e-05
Cu12,17.61,3.866666666666667e-05
Cu12,17.67,2.6666666666666667e-05
Cu12,17.729999999999997,2e-05
Cu12,17.79,1.3333333333333333e-05
Cu12,17.85,1.1666666666666666e-05
Cu12,17.909999999999997,8e-06
Cu12,17.97,6.333333333333333e-06
Cu12,18.03,5e-06
Cu12,18.09,2.333333333333333e-06
Cu12,18.15,3e-06
Cu12,18.21,1.3333333333333334e-06
Cu12,18.27,6.666666666666667e-07
Cu12,18.33,3.3333333333333335e-07
Cu12,18.39,3.3333333333333335e-07
Cu12,18.45,3.3333333333333335e-07
Al_degrader_E9,8.129999999999999,2.5e-07
Al_degrader_E9,8.19,0.0
Al_degrader_E9,8.25,0.0
Al_degrader_E9,8.309999999999999,8.333333333333334e-08
Al_degrader_E9,8.370000000000001,3.3333333333333335e-07
Al_degrader_E9,8.43,0.0
Al_degrader_E9,8.489999999999998,8.333333333333334e-08
Al_degrader_E9,8.55,2.5e-07
Al_degrader_E9,8.61,4.1666666666666667e-07
Al_degrader_E9,8.67,0.0
Al_degrader_E9,8.73,5e-07
Al_degrader_E9,8.79,5e-07
Al_degrader_E9,8.85,9.166666666666666e-07
Al_degrader_E9,8.91,4.1666666666666667e-07
Al_degrader_E9,8.969999999999999,1.25e-06
Al_degrader_E9,9.030000000000001,2.1666666666666665e-06
Al_degrader_E9,9.09,1.75e-06
Al_degrader_E9,9.149999999999999,2e-06
Al_degrader_E9,9.21,2.5833333333333333e-06
Al_degrader_E9,9.27,4.166666666666667e-06
Al_degrader_E9,9.329999999999998,4.75e-06
Al_degrader_E9,9.39,5.333333333333334e-06
Al_degrader_E9,9.45,7e-06
Al_degrader_E9,9.51,9.75e-06
Al_degrader_E9,9.57,9.916666666666666e-06
Al_degrader_E9,9.629999999999999,1.175e-05
Al_degrader_E9,9.69,1.7416666666666665e-05
Al_degrader_E9,9.75,2.1916666666666666e-05
Al_degrader_E9,9.809999999999999,2.1416666666666668e-05
Al_degrader_E9,9.870000000000001,2.8e-05
Al_degrader_E9,9.93,3.6416666666666666e-05
Al_degrader_E9,9.989999999999998,4.408333333333333e-05
Al_degrader_E9,10.05,5.208333333333334e-05
Al_degrader_E9,10.11,6.616666666666667e-05
Al_degrader_E9,10.169999999999998,8.366666666666666e-05
Al_degrader_E9,10.23,9.433333333333333e-05
Al_degrader_E9,10.29,0.00011458333333333333
Al_degrader_E9,10.35,0.00013966666666666666
Al_degrader_E9,10.41,0.00016366666666666667
Al_degrader_E9,10.469999999999999,0.00018916666666666667
Al_degrader_E9,10.53,0.00022941666666666667
Al_degrader_E9,10.59,0.0002704166666666667
Al_degrader_E9,10.649999999999999,0.00032083333333333334
Al_degrader_E9,10.71,0.00037683333333333335
Al_degrader_E9,10.77,0.00044458333333333334
Al_degrader_E9,10.829999999999998,0.00052325
Al_degrader_E9,10.89,0.0005935
Al_degrader_E9,10.95,0.0006965833333333333
Al_degrader_E9,11.01,0.00082
Al_degrader_E9,11.07,0.0009374166666666667
Al_degrader_E9,11.129999999999999,0.00107025
Al_degrader_E9,11.19,0.00125525
Al_degrader_E9,11.25,0.00141175
Al_degrader_E9,11.309999999999999,0.001618
Al_degrader_E9,11.370000000000001,0.00186375
Al_degrader_E9,11.43,0.00210125
Al_degrader_E9,11.489999999999998,0.0023635833333333334
Al_degrader_E9,11.55,0.002695
Al_degrader_E9,11.61,0.0030243333333333333
Al_degrader_E9,11.669999999999998,0.0033448333333333333
Al_degrader_E9,11.73,0.00377775
Al_degrader_E9,11.79,0.0041925
Al_degrader_E9,11.85,0.004634
Al_degrader_E9,11.91,0.005136916666666666
Al_degrader_E9,11.969999999999999,0.005654666666666666
Al_degrader_E9,12.03,0.006195583333333333
Al_degrader_E9,12.09,0.006802083333333334
Al_degrader_E9,12.149999999999999,0.0074038333333333334
Al_degrader_E9,12.21,0.0080215
Al_degrader_E9,12.27,0.008740416666666667
Al_degrader_E9,12.329999999999998,0.009434583333333333
Al_degrader_E9,12.39,0.01013925
Al_degrader_E9,12.45,0.010921333333333333
Al_degrader_E9,12.51,0.011664083333333334
Al_degrader_E9,12.57,0.012427916666666667
Al_degrader_E9,12.629999999999999,0.013264916666666666
Al_degrader_E9,12.69,0.014031916666666666
Al_degrader_E9,12.75,0.014784
Al_degrader_E9,12.809999999999999,0.01566575
Al_degrader_E9,12.870000000000001,0.016398916666666666
Al_degrader_E9,12.93,0.017127416666666666
Al_degrader_E9,12.989999999999998,0.017922083333333335
Al_degrader_E9,13.05,0.018625
Al_degrader_E9,13.11,0.019252583333333333
Al_degrader_E9,13.169999999999998,0.020021166666666666
Al_degrader_E9,13.23,0.02061375
Al_degrader_E9,13.29,0.021128333333333332
Al_degrader_E9,13.35,0.021717166666666666
Al_degrader_E9,13.41,0.022131416666666667
Al_degrader_E9,13.469999999999999,0.022538416666666665
Al_degrader_E9,13.53,0.02284275
Al_degrader_E9,13.59,0.02311425
Al_degrader_E9,13.649999999999999,0.023334916666666667
Al_degrader_E9,13.71,0.023390166666666667
Al_degrader_E9,13.77,0.023428916666666667
Al_degrader_E9,13.829999999999998,0.023432916666666668
Al_degrader_E9,13.89,0.023273416666666668
Al_degrader_E9,13.95,0.0230385
Al_degrader_E9,14.009999999999998,0.0229045
Al_degrader_E9,14.07,0.022504666666666666
Al_degrader_E9,14.129999999999999,0.022083416666666668
Al_degrader_E9,14.19,0.021614166666666667
Al_degrader_E9,14.25,0.021073916666666668
Al_degrader_E9,14.309999999999999,0.020473666666666668
Al_degrader_E9,14.37,0.019758333333333333
Al_degrader_E9,14.43,0.019017083333333334
Al_degrader_E9,14.489999999999998,0.018343416666666668
Al_degrader_E9,14.55,0.017479416666666667
Al_degrader_E9,14.61,0.016643583333333333
Al_degrader_E9,14.669999999999998,0.015798666666666666
Al_degrader_E9,14.73,0.014874333333333333
Al_degrader_E9,14.79,0.014057416666666666
Al_degrader_E9,14.85,0.013072
Al_degrader_E9,14.91,0.012197833333333333
Al_degrader_E9,14.969999999999999,0.011362916666666667
Al_degrader_E9,15.03,0.01047325
Al_degrader_E9,15.09,0.009608166666666666
Al_degrader_E9,15.149999999999999,0.0087375
Al_degrader_E9,15.21,0.00796575
Al_degrader_E9,15.27,0.007229416666666667
Al_degrader_E9,15.329999999999998,0.0064874166666666665
Al_degrader_E9,15.39,0.005806666666666667
Al_degrader_E9,15.45,0.005184166666666667
Al_degrader_E9,15.509999999999998,0.004598
Al_degrader_E9,15.57,0.004068916666666667
Al_degrader_E9,15.629999999999999,0.0035419166666666667
Al_degrader_E9,15.69,0.0031023333333333332
Al_degrader_E9,15.75,0.002675583333333333
Al_degrader_E9,15.809999999999999,0.0022916666666666667
Al_degrader_E9,15.87,0.0019999166666666668
Al_degrader_E9,15.93,0.0016776666666666667
Al_degrader_E9,15.989999999999998,0.00142925
Al_degrader_E9,16.049999999999997,0.0012040833333333333
Al_degrader_E9,16.11,0.000994
Al_degrader_E9,16.17,0.0008396666666666666
Al_degrader_E9,16.229999999999997,0.000691
Al_degrader_E9,16.29,0.0005660833333333334
Al_degrader_E9,16.35,0.000466
Al_degrader_E9,16.409999999999997,0.00036975
Al_degrader_E9,16.47,0.00030483333333333333
Al_degrader_E9,16.53,0.0002435
Al_degrader_E9,16.59,0.00019183333333333333
Al_degrader_E9,16.65,0.00014891666666666666
Al_degrader_E9,16.71,0.00011958333333333333
Al_degrader_E9,16.77,9.616666666666667e-05
Al_degrader_E9,16.83,7.108333333333333e-05
Al_degrader_E9,16.89,5.608333333333333e-05
Al_degrader_E9,16.95,4.608333333333333e-05
Al_degrader_E9,17.009999999999998,3.291666666666667e-05
Al_degrader_E9,17.07,2.5833333333333332e-05
Al_degrader_E9,17.13,1.9416666666666667e-05
Al_degrader_E9,17.189999999999998,1.4833333333333334e-05
Al_degrader_E9,17.25,1.025e-05
Al_degrader_E9,17.310000000000002,6.75e-06
Al_degrader_E9,17.369999999999997,5.75e-06
Al_degrader_E9,17.43,3.5833333333333335e-06
Al_degrader_E9,17.490000000000002,3.6666666666666666e-06
Al_degrader_E9,17.549999999999997,1.75e-06
Al_degrader_E9,17.61,1.916666666666667e-06
Al_degrader_E9,17.67,1e-06
Al_degrader_E9,17.729999999999997,7.5e-07
Al_degrader_E9,17.79,6.666666666666667e-07
Al_degrader_E9,17.85,1.6666666666666668e-07
Al_degrader_E9,17.909999999999997,2.5e-07
Al_degrader_E9,17.97,1.6666666666666668e-07
Al_degrader_E9,18.03,8.333333333333334e-08
Ni13,7.289999999999999,4e-07
Ni13,7.35,2e-07
Ni13,7.41,0.0
Ni13,7.47,0.0
Ni13,7.529999999999999,8e-07
Ni13,7.59,2e-07
Ni13,7.65,0.0
Ni13,7.709999999999999,8e-07
Ni13,7.77,8e-07
Ni13,7.83,2e-07
Ni13,7.89,8e-07
Ni13,7.949999999999999,8e-07
Ni13,8.01,1.4e-06
Ni13,8.07,1.2e-06
Ni13,8.129999999999999,1.8e-06
Ni13,8.19,3e-06
Ni13,8.25,2.8e-06
Ni13,8.309999999999999,5e-06
Ni13,8.370000000000001,4.6e-06
Ni13,8.43,6.6e-06
Ni13,8.489999999999998,7.4e-06
Ni13,8.55,8.6e-06
Ni13,8.61,1.38e-05
Ni13,8.67,1.38e-05
Ni13,8.73,1.72e-05
Ni13,8.79,2.22e-05
Ni13,8.85,2.8e-05
Ni13,8.91,2.86e-05
Ni13,8.969999999999999,3.76e-05
Ni13,9.030000000000001,5.16e-05
Ni13,9.09,5.48e-05
Ni13,9.149999999999999,6.64e-05
Ni13,9.21,8.48e-05
Ni13,9.27,9.32e-05
Ni13,9.329999999999998,0.0001216
Ni13,9.39,0.0001514
Ni13,9.45,0.000169
Ni13,9.51,0.000215
Ni13,9.57,0.0002568
Ni13,9.629999999999999,0.0002974
Ni13,9.69,0.0003506
Ni13,9.75,0.0004124
Ni13,9.809999999999999,0.0004882
Ni13,9.870000000000001,0.0005788
Ni13,9.93,0.0006518
Ni13,9.989999999999998,0.0007878
Ni13,10.05,0.0009112
Ni13,10.11,0.0010546
Ni13,10.169999999999998,0.001243
Ni13,10.23,0.001414
Ni13,10.29,0.0016164
Ni13,10.35,0.0018762
Ni13,10.41,0.0021296
Ni13,10.469999999999999,0.0024104
Ni13,10.53,0.0027902
Ni13,10.59,0.0031378
Ni13,10.649999999999999,0.0035438
Ni13,10.71,0.0040546
Ni13,10.77,0.0045
Ni13,10.829999999999998,0.0050766
Ni13,10.89,0.0056278
Ni13,10.95,0.006246
Ni13,11.01,0.0070078
Ni13,11.07,0.0076828
Ni13,11.129999999999999,0.0084854
Ni13,11.19,0.0092866
Ni13,11.25,0.0101254
Ni13,11.309999999999999,0.011061
Ni13,11.370000000000001,0.0119548
Ni13,11.43,0.0129362
Ni13,11.489999999999998,0.0138902
Ni13,11.55,0.014899
Ni13,11.61,0.015843
Ni13,11.669999999999998,0.0169052
Ni13,11.73,0.0178908
Ni13,11.79,0.0189154
Ni13,11.85,0.0199012
Ni13,11.91,0.02079
Ni13,11.969999999999999,0.0218014
Ni13,12.03,0.0225658
Ni13,12.09,0.0234342
Ni13,12.149999999999999,0.0240452
Ni13,12.21,0.0247036
Ni13,12.27,0.0253484
Ni13,12.329999999999998,0.0257896
Ni13,12.39,0.026093
Ni13,12.45,0.0262678
Ni13,12.51,0.0264336
Ni13,12.57,0.0263618
Ni13,12.629999999999999,0.0263898
Ni13,12.69,0.026124
Ni13,12.75,0.0258084
Ni13,12.809999999999999,0.025348
Ni13,12.870000000000001,0.0247806
Ni13,12.93,0.0241034
Ni13,12.989999999999998,0.023345
Ni13,13.05,0.0225212
Ni13,13.11,0.0216138
Ni13,13.169999999999998,0.0206464
Ni13,13.23,0.0196428
Ni13,13.29,0.0185068
Ni13,13.35,0.0174598
Ni13,13.41,0.0162928
Ni13,13.469999999999999,0.0151842
Ni13,13.53,0.0141092
Ni13,13.59,0.012962
Ni13,13.649999999999999,0.0119314
Ni13,13.71,0.0108422
Ni13,13.77,0.0099278
Ni13,13.829999999999998,0.0089366
Ni13,13.89,0.0080522
Ni13,13.95,0.007151
Ni13,14.009999999999998,0.0064034
Ni13,14.07,0.0055944
Ni13,14.129999999999999,0.0049486
Ni13,14.19,0.0043288
Ni13,14.25,0.0037814
Ni13,14.309999999999999,0.0032544
Ni13,14.37,0.002808
Ni13,14.43,0.0024028
Ni13,14.489999999999998,0.0020382
Ni13,14.55,0.0017278
Ni13,14.61,0.0014536
Ni13,14.669999999999998,0.0012146
Ni13,14.73,0.0010056
Ni13,14.79,0.0008266
Ni13,14.85,0.0006874
Ni13,14.91,0.0005506
Ni13,14.969999999999999,0.0004456
Ni13,15.03,0.0003672
Ni13,15.09,0.0002956
Ni13,15.149999999999999,0.0002398
Ni13,15.21,0.0001904
Ni13,15.27,0.0001486
Ni13,15.329999999999998,0.0001232
Ni13,15.39,8.94e-05
Ni13,15.45,7.68e-05
Ni13,15.509999999999998,5.6e-05
Ni13,15.57,4.62e-05
Ni13,15.629999999999999,3.12e-05
Ni13,15.69,2.26e-05
Ni13,15.75,1.82e-05
Ni13,15.809999999999999,1.22e-05
Ni13,15.87,1.08e-05
Ni13,15.93,7.2e-06
Ni13,15.989999999999998,7.4e-06
Ni13,16.049999999999997,4.2e-06
Ni13,16.11,3.8e-06
Ni13,16.17,2e-06
Ni13,16.229999999999997,2e-06
Ni13,16.29,8e-07
Ni13,16.35,6e-07
Ni13,16.409999999999997,4e-07
Ni13,16.47,4e-07
Ni13,16.53,2e-07
Sn13,7.109999999999999,1e-06
Sn13,7.17,0.0
Sn13,7.2299999999999995,1e-06
Sn13,7.289999999999999,1e-06
Sn13,7.35,3.3333333333333335e-07
Sn13,7.41,6.666666666666667e-07
Sn13,7.47,3.3333333333333335e-07
Sn13,7.529999999999999,6.666666666666667e-07
Sn13,7.59,1e-06
Sn13,7.65,6.666666666666667e-07
Sn13,7.709999999999999,1.3333333333333334e-06
Sn13,7.77,1.3333333333333334e-06
Sn13,7.83,1.6666666666666667e-06
Sn13,7.89,4e-06
Sn13,7.949999999999999,2.666666666666667e-06
Sn13,8.01,5.666666666666667e-06
Sn13,8.07,6.333333333333333e-06
Sn13,8.129999999999999,9.333333333333333e-06
Sn13,8.19,1.1e-05
Sn13,8.25,1.3333333333333333e-05
Sn13,8.309999999999999,1.4e-05
Sn13,8.370000000000001,1.6e-05
Sn13,8.43,2.4333333333333333e-05
Sn13,8.489999999999998,2.4e-05
Sn13,8.55,3.233333333333333e-05
Sn13,8.61,4.0333333333333336e-05
Sn13,8.67,5.2e-05
Sn13,8.73,5.2333333333333336e-05
Sn13,8.79,6.3e-05
Sn13,8.85,8.166666666666667e-05
Sn13,8.91,9.7e-05
Sn13,8.969999999999999,0.00011666666666666667
Sn13,9.030000000000001,0.00014233333333333334
Sn13,9.09,0.00015933333333333332
Sn13,9.149999999999999,0.000196
Sn13,9.21,0.00024933333333333334
Sn13,9.27,0.00028866666666666667
Sn13,9.329999999999998,0.000364
Sn13,9.39,0.0004333333333333333
Sn13,9.45,0.0005
Sn13,9.51,0.0005796666666666667
Sn13,9.57,0.0006613333333333333
Sn13,9.629999999999999,0.0007763333333333333
Sn13,9.69,0.0008733333333333334
Sn13,9.75,0.001009
Sn13,9.809999999999999,0.0011796666666666668
Sn13,9.870000000000001,0.0013673333333333332
Sn13,9.93,0.001586
Sn13,9.989999999999998,0.0018533333333333334
Sn13,10.05,0.002138
Sn13,10.11,0.0023926666666666666
Sn13,10.169999999999998,0.002746
Sn13,10.23,0.003086666666666667
Sn13,10.29,0.0034763333333333334
Sn13,10.35,0.003948666666666666
Sn13,10.41,0.004409666666666667
Sn13,10.469999999999999,0.004957
Sn13,10.53,0.0055776666666666665
Sn13,10.59,0.006209
Sn13,10.649999999999999,0.006877333333333333
Sn13,10.71,0.007633666666666667
Sn13,10.77,0.008405
Sn13,10.829999999999998,0.009193333333333333
Sn13,10.89,0.010034666666666667
Sn13,10.95,0.010988333333333333
Sn13,11.01,0.011859333333333333
Sn13,11.07,0.012844666666666667
Sn13,11.129999999999999,0.013821
Sn13,11.19,0.014793666666666667
Sn13,11.25,0.015823666666666666
Sn13,11.309999999999999,0.016773
Sn13,11.370000000000001,0.017794333333333332
Sn13,11.43,0.018796666666666666
Sn13,11.489999999999998,0.019664333333333332
Sn13,11.55,0.020667666666666668
Sn13,11.61,0.021599333333333335
Sn13,11.669999999999998,0.022553666666666666
Sn13,11.73,0.023411333333333333
Sn13,11.79,0.024144
Sn13,11.85,0.024814666666666665
Sn13,11.91,0.025304333333333335
Sn13,11.969999999999999,0.0258
Sn13,12.03,0.026016
Sn13,12.09,0.026400333333333335
Sn13,12.149999999999999,0.026391333333333333
Sn13,12.21,0.026532
Sn13,12.27,0.026386666666666666
Sn13,12.329999999999998,0.026162666666666667
Sn13,12.39,0.025713666666666666
Sn13,12.45,0.025338
Sn13,12.51,0.024849
Sn13,12.57,0.024388333333333335
Sn13,12.629999999999999,0.023739333333333335
Sn13,12.69,0.022736
Sn13,12.75,0.021752333333333332
Sn13,12.809999999999999,0.020793333333333334
Sn13,12.870000000000001,0.019633
Sn13,12.93,0.018595
Sn13,12.989999999999998,0.017507666666666668
Sn13,13.05,0.016295666666666667
Sn13,13.11,0.015229666666666667
Sn13,13.169999999999998,0.014172333333333334
Sn13,13.23,0.013094333333333333
Sn13,13.29,0.012052666666666666
Sn13,13.35,0.011082333333333333
Sn13,13.41,0.010020666666666667
Sn13,13.469999999999999,0.008952333333333333
Sn13,13.53,0.008006666666666667
Sn13,13.59,0.007200666666666667
Sn13,13.649999999999999,0.006434
Sn13,13.71,0.005663333333333334
Sn13,13.77,0.004989
Sn13,13.829999999999998,0.004363333333333334
Sn13,13.89,0.003747
Sn13,13.95,0.0032906666666666666
Sn13,14.009999999999998,0.0028263333333333335
Sn13,14.07,0.002424
Sn13,14.129999999999999,0.0020673333333333333
Sn13,14.19,0.0017346666666666667
Sn13,14.25,0.001481
Sn13,14.309999999999999,0.0012336666666666668
Sn13,14.37,0.001009
Sn13,14.43,0.0008086666666666666
Sn13,14.489999999999998,0.0006766666666666667
Sn13,14.55,0.000561
Sn13,14.61,0.0004496666666666667
Sn13,14.669999999999998,0.000363
Sn13,14.73,0.00028766666666666665
Sn13,14.79,0.000234
Sn13,14.85,0.00019066666666666668
Sn13,14.91,0.00015333333333333334
Sn13,14.969999999999999,0.00013366666666666667
Sn13,15.03,0.00010733333333333333
Sn13,15.09,7.933333333333333e-05
Sn13,15.149999999999999,5.333333333333333e-05
Sn13,15.21,3.766666666666667e-05
Sn13,15.27,2.6666666666666667e-05
Sn13,15.329999999999998,2.2e-05
Sn13,15.39,1.8666666666666665e-05
Sn13,15.45,1.4333333333333334e-05
Sn13,15.509999999999998,1.1333333333333334e-05
Sn13,15.57,7e-06
Sn13,15.629999999999999,7.666666666666667e-06
Sn13,15.69,4.666666666666666e-06
Sn13,15.75,4e-06
Sn13,15.809999999999999,2.333333333333333e-06
Sn13,15.87,1.3333333333333334e-06
Sn13,15.93,1.6666666666666667e-06
Sn13,15.989999999999998,1e-06
Sn13,16.049999999999997,3.3333333333333335e-07
Ta13,6.449999999999999,7.5e-07
Ta13,6.51,0.0
Ta13,6.57,0.0
Ta13,6.63,0.0
Ta13,6.6899999999999995,1e-06
Ta13,6.75,2.5e-07
Ta13,6.81,0.0
Ta13,6.869999999999999,1e-06
Ta13,6.93,7.5e-07
Ta13,6.99,5e-07
Ta13,7.05,0.0
Ta13,7.109999999999999,1.25e-06
Ta13,7.17,2e-06
Ta13,7.2299999999999995,7.5e-07
Ta13,7.289999999999999,2.25e-06
Ta13,7.35,1.25e-06
Ta13,7.41,3.25e-06
Ta13,7.47,4e-06
Ta13,7.529999999999999,5.75e-06
Ta13,7.59,5e-06
Ta13,7.65,7.5e-06
Ta13,7.709999999999999,8.25e-06
Ta13,7.77,9e-06
Ta13,7.83,1.4e-05
Ta13,7.89,1.625e-05
Ta13,7.949999999999999,1.975e-05
Ta13,8.01,2.3e-05
Ta13,8.07,2.775e-05
Ta13,8.129999999999999,3.125e-05
Ta13,8.19,3.55e-05
Ta13,8.25,4.825e-05
Ta13,8.309999999999999,5.825e-05
Ta13,8.370000000000001,6e-05
Ta13,8.43,8.05e-05
Ta13,8.489999999999998,9.925e-05
Ta13,8.55,0.00010875
Ta13,8.61,0.00013275
Ta13,8.67,0.0001705
Ta13,8.73,0.000185
Ta13,8.79,0.00023525
Ta13,8.85,0.00027875
Ta13,8.91,0.00031675
Ta13,8.969999999999999,0.000385
Ta13,9.030000000000001,0.00043475
Ta13,9.09,0.000505
Ta13,9.149999999999999,0.000599
Ta13,9.21,0.00068325
Ta13,9.27,0.000798
Ta13,9.329999999999998,0.000927
Ta13,9.39,0.001051
Ta13,9.45,0.001234
Ta13,9.51,0.001411
Ta13,9.57,0.00157975
Ta13,9.629999999999999,0.00181875
Ta13,9.69,0.0020975
Ta13,9.75,0.002356
Ta13,9.809999999999999,0.0026515
Ta13,9.870000000000001,0.003052
Ta13,9.93,0.00340125
Ta13,9.989999999999998,0.0037745
Ta13,10.05,0.004342
Ta13,10.11,0.004769
Ta13,10.169999999999998,0.00528125
Ta13,10.23,0.0059385
Ta13,10.29,0.0065245
Ta13,10.35,0.0071745
Ta13,10.41,0.00788925
Ta13,10.469999999999999,0.00866575
Ta13,10.53,0.00945375
Ta13,10.59,0.0102645
Ta13,10.649999999999999,0.011137
Ta13,10.71,0.0119845
Ta13,10.77,0.012906
Ta13,10.829999999999998,0.01384175
Ta13,10.89,0.01475425
Ta13,10.95,0.01565175
Ta13,11.01,0.016569
Ta13,11.07,0.0176355
Ta13,11.129999999999999,0.018503
Ta13,11.19,0.0194445
Ta13,11.25,0.020305
Ta13,11.309999999999999,0.021104
Ta13,11.370000000000001,0.02206475
Ta13,11.43,0.022679
Ta13,11.489999999999998,0.02340075
Ta13,11.55,0.024
Ta13,11.61,0.02451925
Ta13,11.669999999999998,0.02497425
Ta13,11.73,0.02530875
Ta13,11.79,0.02551075
Ta13,11.85,0.02561175
Ta13,11.91,0.025637
Ta13,11.969999999999999,0.02556925
Ta13,12.03,0.02537525
Ta13,12.09,0.02520475
Ta13,12.149999999999999,0.02475225
Ta13,12.21,0.02424525
Ta13,12.27,0.0236515
Ta13,12.329999999999998,0.0229755
Ta13,12.39,0.0223385
Ta13,12.45,0.02138325
Ta13,12.51,0.0205095
Ta13,12.57,0.01957275
Ta13,12.629999999999999,0.01852975
Ta13,12.69,0.017503
Ta13,12.75,0.01643475
Ta13,12.809999999999999,0.015393
Ta13,12.870000000000001,0.01435575
Ta13,12.93,0.013336
Ta13,12.989999999999998,0.01230775
Ta13,13.05,0.01124075
Ta13,13.11,0.0103355
Ta13,13.169999999999998,0.00938075
Ta13,13.23,0.00855775
Ta13,13.29,0.00762525
Ta13,13.35,0.00684275
Ta13,13.41,0.00605675
Ta13,13.469999999999999,0.00536875
Ta13,13.53,0.004762
Ta13,13.59,0.0041685
Ta13,13.649999999999999,0.00363975
Ta13,13.71,0.00317875
Ta13,13.77,0.0027195
Ta13,13.829999999999998,0.0023355
Ta13,13.89,0.0020015
Ta13,13.95,0.00170525
Ta13,14.009999999999998,0.00144275
Ta13,14.07,0.00120525
Ta13,14.129999999999999,0.0010115
Ta13,14.19,0.000817
Ta13,14.25,0.00071675
Ta13,14.309999999999999,0.00053725
Ta13,14.37,0.00046625
Ta13,14.43,0.000367
Ta13,14.489999999999998,0.000308
Ta13,14.55,0.00024925
Ta13,14.61,0.00019475
Ta13,14.669999999999998,0.00016175
Ta13,14.73,0.000131
Ta13,14.79,9.975e-05
Ta13,14.85,7.925e-05
Ta13,14.91,6.475e-05
Ta13,14.969999999999999,4.875e-05
Ta13,15.03,3.45e-05
Ta13,15.09,2.675e-05
Ta13,15.149999999999999,1.85e-05
Ta13,15.21,1.575e-05
Ta13,15.27,1.175e-05
Ta13,15.329999999999998,8.5e-06
Ta13,15.39,8.5e-06
Ta13,15.45,3.25e-06
Ta13,15.509999999999998,5.5e-06
Ta13,15.57,2.25e-06
Ta13,15.629999999999999,2.25e-06
Ta13,15.69,2e-06
Ta13,15.75,5e-07
Ta13,15.809999999999999,7.5e-07
Ta13,15.87,5e-07
Ta13,15.93,2.5e-07
Cu13,5.609999999999999,6e-07
Cu13,5.67,0.0
Cu13,5.73,0.0
Cu13,5.789999999999999,4e-07
Cu13,5.85,4e-07
Cu13,5.91,2e-07
Cu13,5.97,0.0
Cu13,6.029999999999999,8e-07
Cu13,6.09,2e-07
Cu13,6.15,6e-07
Cu13,6.21,4e-07
Cu13,6.27,8e-07
Cu13,6.33,8e-07
Cu13,6.39,1e-06
Cu13,6.449999999999999,1.4e-06
Cu13,6.51,1.4e-06
Cu13,6.57,1.2e-06
Cu13,6.63,2.6e-06
Cu13,6.6899999999999995,3.2e-06
Cu13,6.75,4.8e-06
Cu13,6.81,3.4e-06
Cu13,6.869999999999999,5.2e-06
Cu13,6.93,7.6e-06
Cu13,6.99,6.4e-06
Cu13,7.05,8.8e-06
Cu13,7.109999999999999,1.28e-05
Cu13,7.17,1.24e-05
Cu13,7.2299999999999995,1.62e-05
Cu13,7.289999999999999,2.24e-05
Cu13,7.35,2.22e-05
Cu13,7.41,2.62e-05
Cu13,7.47,3.08e-05
Cu13,7.529999999999999,3.92e-05
Cu13,7.59,4.7e-05
Cu13,7.65,5.28e-05
Cu13,7.709999999999999,5.92e-05
Cu13,7.77,7.78e-05
Cu13,7.83,8.6e-05
Cu13,7.89,0.0001014
Cu13,7.949999999999999,0.0001318
Cu13,8.01,0.00014
Cu13,8.07,0.000178
Cu13,8.129999999999999,0.000214
Cu13,8.19,0.000233
Cu13,8.25,0.0002892
Cu13,8.309999999999999,0.0003422
Cu13,8.370000000000001,0.0003584
Cu13,8.43,0.0004578
Cu13,8.489999999999998,0.0005064
Cu13,8.55,0.0005736
Cu13,8.61,0.0006902
Cu13,8.67,0.000784
Cu13,8.73,0.0008848
Cu13,8.79,0.0010204
Cu13,8.85,0.0011834
Cu13,8.91,0.0013358
Cu13,8.969999999999999,0.0015106
Cu13,9.030000000000001,0.0017078
Cu13,9.09,0.0019524
Cu13,9.149999999999999,0.00219
Cu13,9.21,0.002473
Cu13,9.27,0.0027924
Cu13,9.329999999999998,0.003119
Cu13,9.39,0.0035116
Cu13,9.45,0.0039158
Cu13,9.51,0.004304
Cu13,9.57,0.0048528
Cu13,9.629999999999999,0.0053164
Cu13,9.69,0.005889
Cu13,9.75,0.006491
Cu13,9.809999999999999,0.007072
Cu13,9.870000000000001,0.0077872
Cu13,9.93,0.0084916
Cu13,9.989999999999998,0.0092032
Cu13,10.05,0.0099796
Cu13,10.11,0.010745
Cu13,10.169999999999998,0.0115936
Cu13,10.23,0.01243
Cu13,10.29,0.013279
Cu13,10.35,0.0141094
Cu13,10.41,0.0150192
Cu13,10.469999999999999,0.0159086
Cu13,10.53,0.0167662
Cu13,10.59,0.0176492
Cu13,10.649999999999999,0.0185046
Cu13,10.71,0.0193352
Cu13,10.77,0.0201906
Cu13,10.829999999999998,0.0209234
Cu13,10.89,0.021636
Cu13,10.95,0.0223246
Cu13,11.01,0.0228274
Cu13,11.07,0.023484
Cu13,11.129999999999999,0.0238624
Cu13,11.19,0.0243344
Cu13,11.25,0.0245016
Cu13,11.309999999999999,0.0246824
Cu13,11.370000000000001,0.0247854
Cu13,11.43,0.0247606
Cu13,11.489999999999998,0.0247612
Cu13,11.55,0.0244992
Cu13,11.61,0.0242778
Cu13,11.669999999999998,0.0238684
Cu13,11.73,0.0234286
Cu13,11.79,0.0228092
Cu13,11.85,0.0222232
Cu13,11.91,0.0215176
Cu13,11.969999999999999,0.020718
Cu13,12.03,0.0198614
Cu13,12.09,0.0190504
Cu13,12.149999999999999,0.0180392
Cu13,12.21,0.017067
Cu13,12.27,0.016112
Cu13,12.329999999999998,0.0150908
Cu13,12.39,0.0141806
Cu13,12.45,0.0131566
Cu13,12.51,0.0121312
Cu13,12.57,0.0112566
Cu13,12.629999999999999,0.0102796
Cu13,12.69,0.0094432
Cu13,12.75,0.008536
Cu13,12.809999999999999,0.0077604
Cu13,12.870000000000001,0.0069402
Cu13,12.93,0.0062766
Cu13,12.989999999999998,0.005493
Cu13,13.05,0.004928
Cu13,13.11,0.0043356
Cu13,13.169999999999998,0.0038354
Cu13,13.23,0.0033312
Cu13,13.29,0.0029184
Cu13,13.35,0.0025064
Cu13,13.41,0.00216
Cu13,13.469999999999999,0.0018508
Cu13,13.53,0.0015728
Cu13,13.59,0.0013384
Cu13,13.649999999999999,0.0011256
Cu13,13.71,0.000932
Cu13,13.77,0.0007896
Cu13,13.829999999999998,0.0006424
Cu13,13.89,0.0005328
Cu13,13.95,0.0004228
Cu13,14.009999999999998,0.0003654
Cu13,14.07,0.0002906
Cu13,14.129999999999999,0.0002418
Cu13,14.19,0.0001912
Cu13,14.25,0.0001568
Cu13,14.309999999999999,0.0001262
Cu13,14.37,9.46e-05
Cu13,14.43,8.16e-05
Cu13,14.489999999999998,6.18e-05
Cu13,14.55,4.92e-05
Cu13,14.61,3.56e-05
Cu13,14.669999999999998,2.86e-05
Cu13,14.73,1.76e-05
Cu13,14.79,1.68e-05
Cu13,14.85,1.08e-05
Cu13,14.91,1.08e-05
Cu13,14.969999999999999,7.6e-06
Cu13,15.03,4.8e-06
Cu13,15.09,5e-06
Cu13,15.149999999999999,2.6e-06
Cu13,15.21,2.2e-06
Cu13,15.27,1.8e-06
Cu13,15.329999999999998,1e-06
Cu13,15.39,6e-07
Cu13,15.45,4e-07
Cu13,15.509999999999998,4e-07
Cu13,15.57,2e-07
Al_degrader_E10,0.03,2.5e-07
Al_degrader_E10,0.09,0.0
Al_degrader_E10,0.15,5e-08
Al_degrader_E10,0.21,5e-08
Al_degrader_E10,0.27,5e-08
Al_degrader_E10,0.32999999999999996,0.0
Al_degrader_E10,0.39,1e-07
Al_degrader_E10,0.44999999999999996,0.0
Al_degrader_E10,0.51,0.0
Al_degrader_E10,0.5700000000000001,5e-08
Al_degrader_E10,0.6299999999999999,5e-08
Al_degrader_E10,0.69,0.0
Al_degrader_E10,0.75,0.0
Al_degrader_E10,0.81,0.0
Al_degrader_E10,0.8699999999999999,0.0
Al_degrader_E10,0.9299999999999999,5e-08
Al_degrader_E10,0.99,0.0
Al_degrader_E10,1.05,5e-08
Al_degrader_E10,1.1099999999999999,1e-07
Al_degrader_E10,1.17,1e-07
Al_degrader_E10,1.23,5e-08
Al_degrader_E10,1.29,5e-08
Al_degrader_E10,1.3499999999999999,5e-08
Al_degrader_E10,1.41,0.0
Al_degrader_E10,1.47,5e-08
Al_degrader_E10,1.53,5e-08
Al_degrader_E10,1.5899999999999999,0.0
Al_degrader_E10,1.65,2e-07
Al_degrader_E10,1.71,5e-08
Al_degrader_E10,1.77,2e-07
Al_degrader_E10,1.8299999999999998,0.0
Al_degrader_E10,1.89,2e-07
Al_degrader_E10,1.95,5e-08
Al_degrader_E10,2.01,1e-07
Al_degrader_E10,2.0700000000000003,3.5e-07
Al_degrader_E10,2.13,2.5e-07
Al_degrader_E10,2.19,2e-07
Al_degrader_E10,2.25,2e-07
Al_degrader_E10,2.3099999999999996,1e-07
Al_degrader_E10,2.37,3.5e-07
Al_degrader_E10,2.4299999999999997,5e-07
Al_degrader_E10,2.49,5e-07
Al_degrader_E10,2.55,4.5e-07
Al_degrader_E10,2.61,5.5e-07
Al_degrader_E10,2.67,6.5e-07
Al_degrader_E10,2.7299999999999995,8.5e-07
Al_degrader_E10,2.79,4.5e-07
Al_degrader_E10,2.8499999999999996,1e-06
Al_degrader_E10,2.91,1e-06
Al_degrader_E10,2.9699999999999998,9.5e-07
Al_degrader_E10,3.0300000000000002,1.15e-06
Al_degrader_E10,3.09,8.5e-07
Al_degrader_E10,3.15,1.7e-06
Al_degrader_E10,3.21,1.4e-06
Al_degrader_E10,3.2699999999999996,2.35e-06
Al_degrader_E10,3.33,2e-06
Al_degrader_E10,3.3899999999999997,1.85e-06
Al_degrader_E10,3.45,2.6e-06
Al_degrader_E10,3.51,3.25e-06
Al_degrader_E10,3.57,3.25e-06
Al_degrader_E10,3.63,3.5e-06
Al_degrader_E10,3.6899999999999995,4.05e-06
Al_degrader_E10,3.75,4.8e-06
Al_degrader_E10,3.8099999999999996,5.3e-06
Al_degrader_E10,3.87,5.05e-06
Al_degrader_E10,3.9299999999999997,6e-06
Al_degrader_E10,3.9899999999999998,6.95e-06
Al_degrader_E10,4.05,9.2e-06
Al_degrader_E10,4.109999999999999,8.6e-06
Al_degrader_E10,4.17,1.035e-05
Al_degrader_E10,4.23,1.08e-05
Al_degrader_E10,4.29,1.365e-05
Al_degrader_E10,4.35,1.335e-05
Al_degrader_E10,4.41,1.685e-05
Al_degrader_E10,4.47,1.665e-05
Al_degrader_E10,4.529999999999999,2.11e-05
Al_degrader_E10,4.59,2.235e-05
Al_degrader_E10,4.65,2.645e-05
Al_degrader_E10,4.71,3.005e-05
Al_degrader_E10,4.77,3.235e-05
Al_degrader_E10,4.83,3.89e-05
Al_degrader_E10,4.89,4.275e-05
Al_degrader_E10,4.949999999999999,4.85e-05
Al_degrader_E10,5.01,5.31e-05
Al_degrader_E10,5.07,6.15e-05
Al_degrader_E10,5.13,6.93e-05
Al_degrader_E10,5.1899999999999995,7.675e-05
Al_degrader_E10,5.25,8.275e-05
Al_degrader_E10,5.31,9.72e-05
Al_degrader_E10,5.369999999999999,0.0001052
Al_degrader_E10,5.43,0.0001159
Al_degrader_E10,5.49,0.0001335
Al_degrader_E10,5.55,0.00014725
Al_degrader_E10,5.609999999999999,0.00016135
Al_degrader_E10,5.67,0.00018635
Al_degrader_E10,5.73,0.0002044
Al_degrader_E10,5.789999999999999,0.0002245
Al_degrader_E10,5.85,0.0002556
Al_degrader_E10,5.91,0.0002872
Al_degrader_E10,5.97,0.0003138
Al_degrader_E10,6.029999999999999,0.00035015
Al_degrader_E10,6.09,0.0003895
Al_degrader_E10,6.15,0.0004284
Al_degrader_E10,6.21,0.00047885
Al_degrader_E10,6.27,0.0005295
Al_degrader_E10,6.33,0.00057945
Al_degrader_E10,6.39,0.0006444
Al_degrader_E10,6.449999999999999,0.0007193
Al_degrader_E10,6.51,0.0007799
Al_degrader_E10,6.57,0.00086265
Al_degrader_E10,6.63,0.0009527
Al_degrader_E10,6.6899999999999995,0.00104535
Al_degrader_E10,6.75,0.0011536
Al_degrader_E10,6.81,0.00125825
Al_degrader_E10,6.869999999999999,0.00137745
Al_degrader_E10,6.93,0.0015153
Al_degrader_E10,6.99,0.00164535
Al_degrader_E10,7.05,0.0018117
Al_degrader_E10,7.109999999999999,0.00196115
Al_degrader_E10,7.17,0.00213835
Al_degrader_E10,7.2299999999999995,0.00232725
Al_degrader_E10,7.289999999999999,0.0025141
Al_degrader_E10,7.35,0.0027299
Al_degrader_E10,7.41,0.0029673
Al_degrader_E10,7.47,0.00319235
Al_degrader_E10,7.529999999999999,0.003451
Al_degrader_E10,7.59,0.0037069
Al_degrader_E10,7.65,0.00398845
Al_degrader_E10,7.709999999999999,0.00428935
Al_degrader_E10,7.77,0.0045962
Al_degrader_E10,7.83,0.004939
Al_degrader_E10,7.89,0.00524805
Al_degrader_E10,7.949999999999999,0.0056244
Al_degrader_E10,8.01,0.0059723
Al_degrader_E10,8.07,0.00637305
Al_degrader_E10,8.129999999999999,0.00674875
Al_degrader_E10,8.19,0.0071876
Al_degrader_E10,8.25,0.0076074
Al_degrader_E10,8.309999999999999,0.0080239
Al_degrader_E10,8.370000000000001,0.00849565
Al_degrader_E10,8.43,0.0089455
Al_degrader_E10,8.489999999999998,0.00941035
Al_degrader_E10,8.55,0.0098627
Al_degrader_E10,8.61,0.0103766
Al_degrader_E10,8.67,0.01083125
Al_degrader_E10,8.73,0.01132465
Al_degrader_E10,8.79,0.0118212
Al_degrader_E10,8.85,0.0122835
Al_degrader_E10,8.91,0.0127821
Al_degrader_E10,8.969999999999999,0.01327035
Al_degrader_E10,9.030000000000001,0.0137333
Al_degrader_E10,9.09,0.0141656
Al_degrader_E10,9.149999999999999,0.0146723
Al_degrader_E10,9.21,0.0150527
Al_degrader_E10,9.27,0.01555245
Al_degrader_E10,9.329999999999998,0.01591905
Al_degrader_E10,9.39,0.016338
Al_degrader_E10,9.45,0.01668135
Al_degrader_E10,9.51,0.0170373
Al_degrader_E10,9.57,0.01734145
Al_degrader_E10,9.629999999999999,0.01761445
Al_degrader_E10,9.69,0.01791
Al_degrader_E10,9.75,0.0180902
Al_degrader_E10,9.809999999999999,0.018317
Al_degrader_E10,9.870000000000001,0.01843085
Al_degrader_E10,9.93,0.0185706
Al_degrader_E10,9.989999999999998,0.018649
Al_degrader_E10,10.05,0.0186912
Al_degrader_E10,10.11,0.0186849
Al_degrader_E10,10.169999999999998,0.01866175
Al_degrader_E10,10.23,0.018572
Al_degrader_E10,10.29,0.0184733
Al_degrader_E10,10.35,0.01830355
Al_degrader_E10,10.41,0.0181119
Al_degrader_E10,10.469999999999999,0.0178537
Al_degrader_E10,10.53,0.01761985
Al_degrader_E10,10.59,0.01725925
Al_degrader_E10,10.649999999999999,0.01694815
Al_degrader_E10,10.71,0.0165437
Al_degrader_E10,10.77,0.01611795
Al_degrader_E10,10.829999999999998,0.01568305
Al_degrader_E10,10.89,0.0151843
Al_degrader_E10,10.95,0.0146995
Al_degrader_E10,11.01,0.01416245
Al_degrader_E10,11.07,0.0136246
Al_degrader_E10,11.129999999999999,0.0130519
Al_degrader_E10,11.19,0.012516
Al_degrader_E10,11.25,0.01189945
Al_degrader_E10,11.309999999999999,0.01131275
Al_degrader_E10,11.370000000000001,0.010718
Al_degrader_E10,11.43,0.0101388
Al_degrader_E10,11.489999999999998,0.0095258
Al_degrader_E10,11.55,0.00897045
Al_degrader_E10,11.61,0.0083477
Al_degrader_E10,11.669999999999998,0.00778655
Al_degrader_E10,11.73,0.0072231
Al_degrader_E10,11.79,0.0066755
Al_degrader_E10,11.85,0.0061849
Al_degrader_E10,11.91,0.005644
Al_degrader_E10,11.969999999999999,0.0051903
Al_degrader_E10,12.03,0.0047257
Al_degrader_E10,12.09,0.00429415
Al_degrader_E10,12.149999999999999,0.0038902
Al_degrader_E10,12.21,0.0035024
Al_degrader_E10,12.27,0.00316495
Al_degrader_E10,12.329999999999998,0.00281405
Al_degrader_E10,12.39,0.002511
Al_degrader_E10,12.45,0.0022197
Al_degrader_E10,12.51,0.00195215
Al_degrader_E10,12.57,0.0017283
Al_degrader_E10,12.629999999999999,0.0015134
Al_degrader_E10,12.69,0.00131775
Al_degrader_E10,12.75,0.0011444
Al_degrader_E10,12.809999999999999,0.00098735
Al_degrader_E10,12.870000000000001,0.00084845
Al_degrader_E10,12.93,0.00073235
Al_degrader_E10,12.989999999999998,0.00061695
Al_degrader_E10,13.05,0.0005336
Al_degrader_E10,13.11,0.0004436
Al_degrader_E10,13.169999999999998,0.00037625
Al_degrader_E10,13.23,0.0003109
Al_degrader_E10,13.29,0.0002631
Al_degrader_E10,13.35,0.00021505
Al_degrader_E10,13.41,0.0001758
Al_degrader_E10,13.469999999999999,0.0001451
Al_degrader_E10,13.53,0.0001195
Al_degrader_E10,13.59,9.82e-05
Al_degrader_E10,13.649999999999999,7.86e-05
Al_degrader_E10,13.71,6.34e-05
Al_degrader_E10,13.77,5.28e-05
Al_degrader_E10,13.829999999999998,4.02e-05
Al_degrader_E10,13.89,3.38e-05
Al_degrader_E10,13.95,2.575e-05
Al_degrader_E10,14.009999999999998,2.18e-05
Al_degrader_E10,14.07,1.625e-05
Al_degrader_E10,14.129999999999999,1.27e-05
Al_degrader_E10,14.19,9.7e-06
Al_degrader_E10,14.25,6.2e-06
Al_degrader_E10,14.309999999999999,5.45e-06
Al_degrader_E10,14.37,4.35e-06
Al_degrader_E10,14.43,2.85e-06
Al_degrader_E10,14.489999999999998,2.9e-06
Al_degrader_E10,14.55,1.9e-06
Al_degrader_E10,14.61,1.25e-06
Al_degrader_E10,14.669999999999998,1.3e-06
Al_degrader_E10,14.73,5.5e-07
Al_degrader_E10,14.79,7.5e-07
Al_degrader_E10,14.85,3.5e-07
Al_degrader_E10,14.91,1.5e-07
Al_degrader_E10,14.969999999999999,2.5e-07
Al_degrader_E10,15.03,1e-07
Al_degrader_E10,15.09,5e-08
Al_degrader_E10,15.149999999999999,5e-08
Ni14,0.03,1.4333333333333334e-05
Ni14,0.09,1e-06
Ni14,0.15,7.777777777777778e-07
Ni14,0.21,1.3333333333333334e-06
Ni14,0.27,8.888888888888889e-07
Ni14,0.32999999999999996,4.4444444444444444e-07
Ni14,0.39,1e-06
Ni14,0.44999999999999996,5.555555555555555e-07
Ni14,0.51,1e-06
Ni14,0.5700000000000001,7.777777777777778e-07
Ni14,0.6299999999999999,7.777777777777778e-07
Ni14,0.69,1.4444444444444445e-06
Ni14,0.75,1.3333333333333334e-06
Ni14,0.81,1.2222222222222221e-06
Ni14,0.8699999999999999,1.5555555555555556e-06
Ni14,0.9299999999999999,1.6666666666666667e-06
Ni14,0.99,1.3333333333333334e-06
Ni14,1.05,1.6666666666666667e-06
Ni14,1.1099999999999999,1.7777777777777777e-06
Ni14,1.17,2.111111111111111e-06
Ni14,1.23,2.222222222222222e-06
Ni14,1.29,3e-06
Ni14,1.3499999999999999,2.666666666666667e-06
Ni14,1.41,2.222222222222222e-06
Ni14,1.47,3.5555555555555555e-06
Ni14,1.53,3.6666666666666666e-06
Ni14,1.5899999999999999,4.555555555555555e-06
Ni14,1.65,3.5555555555555555e-06
Ni14,1.71,4.333333333333333e-06
Ni14,1.77,5.333333333333334e-06
Ni14,1.8299999999999998,6e-06
Ni14,1.89,6.4444444444444445e-06
Ni14,1.95,6.111111111111111e-06
Ni14,2.01,7e-06
Ni14,2.0700000000000003,8.444444444444444e-06
Ni14,2.13,9.444444444444445e-06
Ni14,2.19,9.333333333333333e-06
Ni14,2.25,1.0444444444444445e-05
Ni14,2.3099999999999996,1.1111111111111112e-05
Ni14,2.37,1.1888888888888888e-05
Ni14,2.4299999999999997,1.2444444444444445e-05
Ni14,2.49,1.5333333333333334e-05
Ni14,2.55,1.5222222222222223e-05
Ni14,2.61,1.677777777777778e-05
Ni14,2.67,2.0333333333333334e-05
Ni14,2.7299999999999995,2.2222222222222223e-05
Ni14,2.79,2.3666666666666668e-05
Ni14,2.8499999999999996,2.3555555555555556e-05
Ni14,2.91,2.988888888888889e-05
Ni14,2.9699999999999998,3.1777777777777775e-05
Ni14,3.0300000000000002,3.1222222222222225e-05
Ni14,3.09,3.911111111111111e-05
Ni14,3.15,3.944444444444445e-05
Ni14,3.21,4.422222222222222e-05
Ni14,3.2699999999999996,4.988888888888889e-05
Ni14,3.33,5.544444444444444e-05
Ni14,3.3899999999999997,6.133333333333334e-05
Ni14,3.45,6.966666666666666e-05
Ni14,3.51,7.366666666666666e-05
Ni14,3.57,8.277777777777778e-05
Ni14,3.63,9.577777777777777e-05
Ni14,3.6899999999999995,0.00010022222222222222
Ni14,3.75,0.00011422222222222222
Ni14,3.8099999999999996,0.00013133333333333335
Ni14,3.87,0.00013477777777777777
Ni14,3.9299999999999997,0.000157
Ni14,3.9899999999999998,0.00017144444444444444
Ni14,4.05,0.0001857777777777778
Ni14,4.109999999999999,0.00020877777777777778
Ni14,4.17,0.00021966666666666668
Ni14,4.23,0.0002522222222222222
Ni14,4.29,0.00026933333333333334
Ni14,4.35,0.000302
Ni14,4.41,0.00033033333333333336
Ni14,4.47,0.0003517777777777778
Ni14,4.529999999999999,0.00040455555555555557
Ni14,4.59,0.0004348888888888889
Ni14,4.65,0.00047955555555555555
Ni14,4.71,0.0005284444444444444
Ni14,4.77,0.0005781111111111112
Ni14,4.83,0.0006414444444444445
Ni14,4.89,0.0006934444444444444
Ni14,4.949999999999999,0.0007725555555555555
Ni14,5.01,0.0008425555555555556
Ni14,5.07,0.0009132222222222222
Ni14,5.13,0.0009932222222222222
Ni14,5.1899999999999995,0.0010963333333333333
Ni14,5.25,0.0011852222222222223
Ni14,5.31,0.0013112222222222223
Ni14,5.369999999999999,0.001419111111111111
Ni14,5.43,0.0015486666666666667
Ni14,5.49,0.0016913333333333333
Ni14,5.55,0.0018366666666666666
Ni14,5.609999999999999,0.0020046666666666667
Ni14,5.67,0.0021646666666666667
Ni14,5.73,0.0023656666666666665
Ni14,5.789999999999999,0.0025562222222222223
Ni14,5.85,0.002781333333333333
Ni14,5.91,0.0029968888888888888
Ni14,5.97,0.003257222222222222
Ni14,6.029999999999999,0.003485888888888889
Ni14,6.09,0.003780777777777778
Ni14,6.15,0.004068444444444445
Ni14,6.21,0.004375888888888889
Ni14,6.27,0.004713333333333333
Ni14,6.33,0.005046333333333333
Ni14,6.39,0.0054
Ni14,6.449999999999999,0.005783
Ni14,6.51,0.006176666666666666
Ni14,6.57,0.006580666666666667
Ni14,6.63,0.007015111111111111
Ni14,6.6899999999999995,0.0074771111111111115
Ni14,6.75,0.007913222222222223
Ni14,6.81,0.008378555555555556
Ni14,6.869999999999999,0.008835111111111111
Ni14,6.93,0.009378777777777778
Ni14,6.99,0.009872222222222221
Ni14,7.05,0.010371888888888889
Ni14,7.109999999999999,0.010959444444444445
Ni14,7.17,0.01138388888888889
Ni14,7.2299999999999995,0.011972
Ni14,7.289999999999999,0.012490222222222222
Ni14,7.35,0.013086333333333333
Ni14,7.41,0.01359688888888889
Ni14,7.47,0.014130444444444444
Ni14,7.529999999999999,0.01471088888888889
Ni14,7.59,0.015151111111111112
Ni14,7.65,0.015731444444444444
Ni14,7.709999999999999,0.016206111111111112
Ni14,7.77,0.01664211111111111
Ni14,7.83,0.01716466666666667
Ni14,7.89,0.017534333333333332
Ni14,7.949999999999999,0.017967777777777777
Ni14,8.01,0.01829977777777778
Ni14,8.07,0.018624666666666668
Ni14,8.129999999999999,0.01896211111111111
Ni14,8.19,0.019193444444444444
Ni14,8.25,0.01941277777777778
Ni14,8.309999999999999,0.019529333333333333
Ni14,8.370000000000001,0.019675777777777778
Ni14,8.43,0.019707444444444444
Ni14,8.489999999999998,0.019741111111111112
Ni14,8.55,0.019728
Ni14,8.61,0.019665333333333333
Ni14,8.67,0.019502111111111112
Ni14,8.73,0.019398444444444444
Ni14,8.79,0.019131555555555554
Ni14,8.85,0.018834
Ni14,8.91,0.01857711111111111
Ni14,8.969999999999999,0.018146444444444444
Ni14,9.030000000000001,0.017704222222222222
Ni14,9.09,0.01733077777777778
Ni14,9.149999999999999,0.016820111111111112
Ni14,9.21,0.016267888888888887
Ni14,9.27,0.015736444444444445
Ni14,9.329999999999998,0.015106666666666666
Ni14,9.39,0.014515555555555556
Ni14,9.45,0.013860333333333334
Ni14,9.51,0.013209444444444444
Ni14,9.57,0.012576444444444444
Ni14,9.629999999999999,0.011942333333333333
Ni14,9.69,0.011286555555555555
Ni14,9.75,0.010609777777777777
Ni14,9.809999999999999,0.009984888888888889
Ni14,9.870000000000001,0.009329333333333334
Ni14,9.93,0.008698222222222222
Ni14,9.989999999999998,0.008120111111111111
Ni14,10.05,0.0075027777777777775
Ni14,10.11,0.006935666666666666
Ni14,10.169999999999998,0.006392
Ni14,10.23,0.005821333333333334
Ni14,10.29,0.005335111111111111
Ni14,10.35,0.004834111111111111
Ni14,10.41,0.004391222222222223
Ni14,10.469999999999999,0.003942222222222222
Ni14,10.53,0.003594
Ni14,10.59,0.003189
Ni14,10.649999999999999,0.0028855555555555557
Ni14,10.71,0.0025403333333333332
Ni14,10.77,0.0022678888888888887
Ni14,10.829999999999998,0.0019887777777777777
Ni14,10.89,0.0017613333333333333
Ni14,10.95,0.0015354444444444445
Ni14,11.01,0.0013467777777777777
Ni14,11.07,0.0011664444444444443
Ni14,11.129999999999999,0.0010185555555555555
Ni14,11.19,0.0008663333333333333
Ni14,11.25,0.0007456666666666666
Ni14,11.309999999999999,0.0006331111111111111
Ni14,11.370000000000001,0.0005405555555555555
Ni14,11.43,0.0004572222222222222
Ni14,11.489999999999998,0.00038144444444444445
Ni14,11.55,0.0003277777777777778
Ni14,11.61,0.00027155555555555554
Ni14,11.669999999999998,0.00022888888888888888
Ni14,11.73,0.00019711111111111112
Ni14,11.79,0.00015955555555555555
Ni14,11.85,0.00013166666666666668
Ni14,11.91,0.00010977777777777777
Ni14,11.969999999999999,9.1e-05
Ni14,12.03,7.333333333333333e-05
Ni14,12.09,6.177777777777777e-05
Ni14,12.149999999999999,4.9555555555555555e-05
Ni14,12.21,3.988888888888889e-05
Ni14,12.27,2.988888888888889e-05
Ni14,12.329999999999998,2.2555555555555556e-05
Ni14,12.39,1.8333333333333333e-05
Ni14,12.45,1.4222222222222222e-05
Ni14,12.51,1.2333333333333333e-05
Ni14,12.57,9e-06
Ni14,12.629999999999999,7.555555555555555e-06
Ni14,12.69,6.111111111111111e-06
Ni14,12.75,4.222222222222222e-06
Ni14,12.809999999999999,3.2222222222222222e-06
Ni14,12.870000000000001,3.3333333333333333e-06
Ni14,12.93,2.111111111111111e-06
Ni14,12.989999999999998,1.8888888888888888e-06
Ni14,13.05,1e-06
Ni14,13.11,5.555555555555555e-07
Ni14,13.169999999999998,5.555555555555555e-07
Ni14,13.23,4.4444444444444444e-07
Ni14,13.29,3.3333333333333335e-07
Ni14,13.35,1.1111111111111111e-07
Sn14,0.03,6e-05
Sn14,0.09,3e-06
Sn14,0.15,4.333333333333333e-06
Sn14,0.21,4.666666666666666e-06
Sn14,0.27,1.6666666666666667e-06
Sn14,0.32999999999999996,2.666666666666667e-06
Sn14,0.39,2e-06
Sn14,0.44999999999999996,2.666666666666667e-06
Sn14,0.51,2e-06
Sn14,0.5700000000000001,3.6666666666666666e-06
Sn14,0.6299999999999999,2.666666666666667e-06
Sn14,0.69,3.6666666666666666e-06
Sn14,0.75,2.333333333333333e-06
Sn14,0.81,4e-06
Sn14,0.8699999999999999,6.666666666666667e-06
Sn14,0.9299999999999999,5e-06
Sn14,0.99,7e-06
Sn14,1.05,5.666666666666667e-06
Sn14,1.1099999999999999,4e-06
Sn14,1.17,7.666666666666667e-06
Sn14,1.23,8.666666666666666e-06
Sn14,1.29,1.0333333333333333e-05
Sn14,1.3499999999999999,9.666666666666667e-06
Sn14,1.41,9.333333333333333e-06
Sn14,1.47,1.2333333333333333e-05
Sn14,1.53,1.3666666666666667e-05
Sn14,1.5899999999999999,1.3e-05
Sn14,1.65,1.3e-05
Sn14,1.71,1.7e-05
Sn14,1.77,1.7333333333333332e-05
Sn14,1.8299999999999998,2e-05
Sn14,1.89,1.7e-05
Sn14,1.95,2.0333333333333334e-05
Sn14,2.01,2.1e-05
Sn14,2.0700000000000003,2.5e-05
Sn14,2.13,2.4333333333333333e-05
Sn14,2.19,2.8333333333333332e-05
Sn14,2.25,3.0333333333333333e-05
Sn14,2.3099999999999996,3.8e-05
Sn14,2.37,3.9666666666666664e-05
Sn14,2.4299999999999997,3.8333333333333334e-05
Sn14,2.49,4.3e-05
Sn14,2.55,5.2333333333333336e-05
Sn14,2.61,5.1666666666666664e-05
Sn14,2.67,6.166666666666667e-05
Sn14,2.7299999999999995,6.4e-05
Sn14,2.79,6.866666666666666e-05
Sn14,2.8499999999999996,7.133333333333334e-05
Sn14,2.91,8.4e-05
Sn14,2.9699999999999998,8.866666666666666e-05
Sn14,3.0300000000000002,0.00010366666666666666
Sn14,3.09,0.000117
Sn14,3.15,0.00012266666666666668
Sn14,3.21,0.000131
Sn14,3.2699999999999996,0.00015866666666666666
Sn14,3.33,0.000171
Sn14,3.3899999999999997,0.000191
Sn14,3.45,0.00021
Sn14,3.51,0.000222
Sn14,3.57,0.00023933333333333334
Sn14,3.63,0.000287
Sn14,3.6899999999999995,0.00027833333333333334
Sn14,3.75,0.00031433333333333335
Sn14,3.8099999999999996,0.00035233333333333335
Sn14,3.87,0.00035033333333333336
Sn14,3.9299999999999997,0.000406
Sn14,3.9899999999999998,0.00042633333333333336
Sn14,4.05,0.00048166666666666665
Sn14,4.109999999999999,0.0004983333333333334
Sn14,4.17,0.0005473333333333334
Sn14,4.23,0.0006213333333333333
Sn14,4.29,0.0006606666666666667
Sn14,4.35,0.0007296666666666667
Sn14,4.41,0.0007996666666666666
Sn14,4.47,0.0008783333333333333
Sn14,4.529999999999999,0.0009463333333333333
Sn14,4.59,0.0010713333333333334
Sn14,4.65,0.0011256666666666667
Sn14,4.71,0.00125
Sn14,4.77,0.0013593333333333333
Sn14,4.83,0.0014476666666666668
Sn14,4.89,0.001582
Sn14,4.949999999999999,0.00171
Sn14,5.01,0.0018333333333333333
Sn14,5.07,0.0020153333333333334
Sn14,5.13,0.0021393333333333334
Sn14,5.1899999999999995,0.002324
Sn14,5.25,0.0025816666666666666
Sn14,5.31,0.0026793333333333335
Sn14,5.369999999999999,0.0029983333333333333
Sn14,5.43,0.0031006666666666665
Sn14,5.49,0.0034723333333333333
Sn14,5.55,0.0036596666666666665
Sn14,5.609999999999999,0.003965333333333334
Sn14,5.67,0.004228333333333333
Sn14,5.73,0.004584666666666667
Sn14,5.789999999999999,0.004874333333333333
Sn14,5.85,0.005224333333333333
Sn14,5.91,0.005567
Sn14,5.97,0.005945
Sn14,6.029999999999999,0.006313666666666667
Sn14,6.09,0.006708
Sn14,6.15,0.0071333333333333335
Sn14,6.21,0.007559
Sn14,6.27,0.007982
Sn14,6.33,0.008456333333333333
Sn14,6.39,0.008889
Sn14,6.449999999999999,0.009437
Sn14,6.51,0.009847333333333333
Sn14,6.57,0.010412333333333332
Sn14,6.63,0.010832666666666668
Sn14,6.6899999999999995,0.011345333333333334
Sn14,6.75,0.011798333333333333
Sn14,6.81,0.012385
Sn14,6.869999999999999,0.012879666666666666
Sn14,6.93,0.013365666666666666
Sn14,6.99,0.013952666666666667
Sn14,7.05,0.014271
Sn14,7.109999999999999,0.014884666666666666
Sn14,7.17,0.015355333333333334
Sn14,7.2299999999999995,0.015952666666666667
Sn14,7.289999999999999,0.016364333333333335
Sn14,7.35,0.016915666666666666
Sn14,7.41,0.017166333333333332
Sn14,7.47,0.017598333333333334
Sn14,7.529999999999999,0.017873
Sn14,7.59,0.018286
Sn14,7.65,0.018477
Sn14,7.709999999999999,0.018765333333333332
Sn14,7.77,0.018904333333333332
Sn14,7.83,0.019022
Sn14,7.89,0.019206
Sn14,7.949999999999999,0.019292333333333335
Sn14,8.01,0.019284
Sn14,8.07,0.019306666666666666
Sn14,8.129999999999999,0.019182333333333332
Sn14,8.19,0.019012666666666667
Sn14,8.25,0.018914666666666666
Sn14,8.309999999999999,0.018694333333333334
Sn14,8.370000000000001,0.018478
Sn14,8.43,0.018333333333333333
Sn14,8.489999999999998,0.018026
Sn14,8.55,0.017646666666666668
Sn14,8.61,0.017147666666666665
Sn14,8.67,0.016637
Sn14,8.73,0.016088666666666668
Sn14,8.79,0.015634666666666668
Sn14,8.85,0.014908333333333334
Sn14,8.91,0.014513
Sn14,8.969999999999999,0.013820666666666667
Sn14,9.030000000000001,0.013178
Sn14,9.09,0.012519
Sn14,9.149999999999999,0.011907666666666667
Sn14,9.21,0.011406
Sn14,9.27,0.010701666666666667
Sn14,9.329999999999998,0.010091666666666667
Sn14,9.39,0.009572
Sn14,9.45,0.008884666666666667
Sn14,9.51,0.008359333333333333
Sn14,9.57,0.007724
Sn14,9.629999999999999,0.007116333333333333
Sn14,9.69,0.006571666666666667
Sn14,9.75,0.005971666666666667
Sn14,9.809999999999999,0.005497666666666666
Sn14,9.870000000000001,0.00509
Sn14,9.93,0.0046106666666666666
Sn14,9.989999999999998,0.004194666666666667
Sn14,10.05,0.003738
Sn14,10.11,0.003394
Sn14,10.169999999999998,0.003032
Sn14,10.23,0.0027003333333333332
Sn14,10.29,0.0024356666666666667
Sn14,10.35,0.0021423333333333333
Sn14,10.41,0.0019283333333333333
Sn14,10.469999999999999,0.0016776666666666667
Sn14,10.53,0.0014756666666666666
Sn14,10.59,0.0012843333333333333
Sn14,10.649999999999999,0.0011436666666666667
Sn14,10.71,0.0009666666666666667
Sn14,10.77,0.0008303333333333333
Sn14,10.829999999999998,0.0007016666666666666
Sn14,10.89,0.0005963333333333334
Sn14,10.95,0.000523
Sn14,11.01,0.00043566666666666667
Sn14,11.07,0.0003646666666666667
Sn14,11.129999999999999,0.00032
Sn14,11.19,0.00025666666666666665
Sn14,11.25,0.00022133333333333334
Sn14,11.309999999999999,0.00018266666666666667
Sn14,11.370000000000001,0.00015833333333333332
Sn14,11.43,0.00013166666666666668
Sn14,11.489999999999998,0.000114
Sn14,11.55,9.666666666666667e-05
Sn14,11.61,8.3e-05
Sn14,11.669999999999998,6.5e-05
Sn14,11.73,4.133333333333333e-05
Sn14,11.79,3.8333333333333334e-05
Sn14,11.85,2.4333333333333333e-05
Sn14,11.91,1.9e-05
Sn14,11.969999999999999,1.7333333333333332e-05
Sn14,12.03,1.6e-05
Sn14,12.09,1.2e-05
Sn14,12.149999999999999,1.1333333333333334e-05
Sn14,12.21,8e-06
Sn14,12.27,6.666666666666667e-06
Sn14,12.329999999999998,4.333333333333333e-06
Sn14,12.39,3.3333333333333333e-06
Sn14,12.45,4e-06
Sn14,12.51,2.333333333333333e-06
Sn14,12.57,1e-06
Sn14,12.629999999999999,6.666666666666667e-07
Sn14,12.69,1.3333333333333334e-06
Sn14,12.75,1e-06
Sn14,12.809999999999999,3.3333333333333335e-07
Ta14,0.03,0.000191375
Ta14,0.09,1.125e-05
Ta14,0.15,1.125e-05
Ta14,0.21,8.75e-06
Ta14,0.27,5.375e-06
Ta14,0.32999999999999996,7.375e-06
Ta14,0.39,7.625e-06
Ta14,0.44999999999999996,7.875e-06
Ta14,0.51,9.5e-06
Ta14,0.5700000000000001,1.0875e-05
Ta14,0.6299999999999999,1.1375e-05
Ta14,0.69,1.1875e-05
Ta14,0.75,1.5125e-05
Ta14,0.81,1.35e-05
Ta14,0.8699999999999999,1.7e-05
Ta14,0.9299999999999999,1.7375e-05
Ta14,0.99,1.8125e-05
Ta14,1.05,1.8875e-05
Ta14,1.1099999999999999,2.0625e-05
Ta14,1.17,2.4625e-05
Ta14,1.23,2.275e-05
Ta14,1.29,2.5125e-05
Ta14,1.3499999999999999,2.9375e-05
Ta14,1.41,3.25e-05
Ta14,1.47,3.1625e-05
Ta14,1.53,3.3625e-05
Ta14,1.5899999999999999,3.775e-05
Ta14,1.65,4.1625e-05
Ta14,1.71,4.475e-05
Ta14,1.77,4.55e-05
Ta14,1.8299999999999998,5.7875e-05
Ta14,1.89,5.6125e-05
Ta14,1.95,5.875e-05
Ta14,2.01,7.0625e-05
Ta14,2.0700000000000003,7.2375e-05
Ta14,2.13,7.7625e-05
Ta14,2.19,9.2375e-05
Ta14,2.25,9.55e-05
Ta14,2.3099999999999996,0.00010125
Ta14,2.37,0.00012125
Ta14,2.4299999999999997,0.000120125
Ta14,2.49,0.000126625
Ta14,2.55,0.000153
Ta14,2.61,0.00016075
Ta14,2.67,0.000161625
Ta14,2.7299999999999995,0.00019025
Ta14,2.79,0.00019575
Ta14,2.8499999999999996,0.000215625
Ta14,2.91,0.000239375
Ta14,2.9699999999999998,0.000243375
Ta14,3.0300000000000002,0.000279125
Ta14,3.09,0.000295375
Ta14,3.15,0.00031725
Ta14,3.21,0.000350625
Ta14,3.2699999999999996,0.000364375
Ta14,3.33,0.0004145
Ta14,3.3899999999999997,0.00043775
Ta14,3.45,0.00047575
Ta14,3.51,0.000517625
Ta14,3.57,0.00054575
Ta14,3.63,0.000605125
Ta14,3.6899999999999995,0.00066125
Ta14,3.75,0.000713375
Ta14,3.8099999999999996,0.000773875
Ta14,3.87,0.000828125
Ta14,3.9299999999999997,0.000906
Ta14,3.9899999999999998,0.00096925
Ta14,4.05,0.00105175
Ta14,4.109999999999999,0.0011465
Ta14,4.17,0.001224
Ta14,4.23,0.001343625
Ta14,4.29,0.00142975
Ta14,4.35,0.001553
Ta14,4.41,0.001671375
Ta14,4.47,0.001803625
Ta14,4.529999999999999,0.001936375
Ta14,4.59,0.002096
Ta14,4.65,0.002233625
Ta14,4.71,0.0024165
Ta14,4.77,0.002591875
Ta14,4.83,0.002777375
Ta14,4.89,0.00299575
Ta14,4.949999999999999,0.003200125
Ta14,5.01,0.003442625
Ta14,5.07,0.00365425
Ta14,5.13,0.003935375
Ta14,5.1899999999999995,0.00417275
Ta14,5.25,0.0044845
Ta14,5.31,0.004752625
Ta14,5.369999999999999,0.00508575
Ta14,5.43,0.00538525
Ta14,5.49,0.005729875
Ta14,5.55,0.006096375
Ta14,5.609999999999999,0.0064285
Ta14,5.67,0.00681275
Ta14,5.73,0.007204875
Ta14,5.789999999999999,0.007571875
Ta14,5.85,0.007997125
Ta14,5.91,0.008427375
Ta14,5.97,0.008840375
Ta14,6.029999999999999,0.00928425
Ta14,6.09,0.009737625
Ta14,6.15,0.010123625
Ta14,6.21,0.010678875
Ta14,6.27,0.01104075
Ta14,6.33,0.01158
Ta14,6.39,0.0120205
Ta14,6.449999999999999,0.012430375
Ta14,6.51,0.013010125
Ta14,6.57,0.01341575
Ta14,6.63,0.01387175
Ta14,6.6899999999999995,0.01440675
Ta14,6.75,0.014731875
Ta14,6.81,0.0152565
Ta14,6.869999999999999,0.01565075
Ta14,6.93,0.015980625
Ta14,6.99,0.016432
Ta14,7.05,0.01681575
Ta14,7.109999999999999,0.017044125
Ta14,7.17,0.017395875
Ta14,7.2299999999999995,0.017667125
Ta14,7.289999999999999,0.017848375
Ta14,7.35,0.01806675
Ta14,7.41,0.01823775
Ta14,7.47,0.018353125
Ta14,7.529999999999999,0.018375125
Ta14,7.59,0.01848075
Ta14,7.65,0.018435125
Ta14,7.709999999999999,0.018405375
Ta14,7.77,0.018357125
Ta14,7.83,0.0182755
Ta14,7.89,0.018147625
Ta14,7.949999999999999,0.017907875
Ta14,8.01,0.017696625
Ta14,8.07,0.0174005
Ta14,8.129999999999999,0.017042625
Ta14,8.19,0.016703375
Ta14,8.25,0.01639225
Ta14,8.309999999999999,0.015942
Ta14,8.370000000000001,0.015435625
Ta14,8.43,0.014959375
Ta14,8.489999999999998,0.014447125
Ta14,8.55,0.013845875
Ta14,8.61,0.013291875
Ta14,8.67,0.012765375
Ta14,8.73,0.0122305
Ta14,8.79,0.011608125
Ta14,8.85,0.011014125
Ta14,8.91,0.010472125
Ta14,8.969999999999999,0.009902625
Ta14,9.030000000000001,0.009323125
Ta14,9.09,0.00871275
Ta14,9.149999999999999,0.00821975
Ta14,9.21,0.007624
Ta14,9.27,0.00709325
Ta14,9.329999999999998,0.006609125
Ta14,9.39,0.0060915
Ta14,9.45,0.005580125
Ta14,9.51,0.005129
Ta14,9.57,0.004672375
Ta14,9.629999999999999,0.0042775
Ta14,9.69,0.003902375
Ta14,9.75,0.003487875
Ta14,9.809999999999999,0.003186875
Ta14,9.870000000000001,0.002865625
Ta14,9.93,0.002562625
Ta14,9.989999999999998,0.002287375
Ta14,10.05,0.002027
Ta14,10.11,0.001816375
Ta14,10.169999999999998,0.001606625
Ta14,10.23,0.001409375
Ta14,10.29,0.001233375
Ta14,10.35,0.001081625
Ta14,10.41,0.000926
Ta14,10.469999999999999,0.0008145
Ta14,10.53,0.0007035
Ta14,10.59,0.00059775
Ta14,10.649999999999999,0.000509
Ta14,10.71,0.000427625
Ta14,10.77,0.000368875
Ta14,10.829999999999998,0.00031575
Ta14,10.89,0.000265625
Ta14,10.95,0.00022975
Ta14,11.01,0.0001885
Ta14,11.07,0.00016025
Ta14,11.129999999999999,0.0001375
Ta14,11.19,0.00011325
Ta14,11.25,9.4e-05
Ta14,11.309999999999999,7.6125e-05
Ta14,11.370000000000001,6.525e-05
Ta14,11.43,5.2e-05
Ta14,11.489999999999998,4.15e-05
Ta14,11.55,3.2375e-05
Ta14,11.61,2.575e-05
Ta14,11.669999999999998,2.0125e-05
Ta14,11.73,1.525e-05
Ta14,11.79,1.25e-05
Ta14,11.85,9.125e-06
Ta14,11.91,9.5e-06
Ta14,11.969999999999999,7.125e-06
Ta14,12.03,5.875e-06
Ta14,12.09,4.375e-06
Ta14,12.149999999999999,3.625e-06
Ta14,12.21,2.375e-06
Ta14,12.27,2.25e-06
Ta14,12.329999999999998,1.5e-06
Ta14,12.39,1e-06
Ta14,12.45,6.25e-07
Ta14,12.51,6.25e-07
Ta14,12.57,3.75e-07
Ta14,12.629999999999999,2.5e-07
Ta14,12.69,1.25e-07
Cu14,0.03,0.0013174545454545455
Cu14,0.09,6.881818181818181e-05
Cu14,0.15,6.8e-05
Cu14,0.21,5.090909090909091e-05
Cu14,0.27,4.281818181818182e-05
Cu14,0.32999999999999996,4.109090909090909e-05
Cu14,0.39,4.963636363636364e-05
Cu14,0.44999999999999996,5.190909090909091e-05
Cu14,0.51,5.463636363636364e-05
Cu14,0.5700000000000001,6.218181818181819e-05
Cu14,0.6299999999999999,6.536363636363636e-05
Cu14,0.69,6.418181818181818e-05
Cu14,0.75,7.718181818181819e-05
Cu14,0.81,8.118181818181818e-05
Cu14,0.8699999999999999,8.454545454545455e-05
Cu14,0.9299999999999999,9.172727272727273e-05
Cu14,0.99,9.30909090909091e-05
Cu14,1.05,0.00010763636363636364
Cu14,1.1099999999999999,0.00011418181818181818
Cu14,1.17,0.00012072727272727273
Cu14,1.23,0.0001240909090909091
Cu14,1.29,0.00014145454545454547
Cu14,1.3499999999999999,0.000149
Cu14,1.41,0.00015481818181818183
Cu14,1.47,0.00016545454545454545
Cu14,1.53,0.00018463636363636363
Cu14,1.5899999999999999,0.00019018181818181818
Cu14,1.65,0.00020409090909090908
Cu14,1.71,0.00022563636363636365
Cu14,1.77,0.00023272727272727271
Cu14,1.8299999999999998,0.0002528181818181818
Cu14,1.89,0.0002743636363636364
Cu14,1.95,0.0002870909090909091
Cu14,2.01,0.00030809090909090906
Cu14,2.0700000000000003,0.0003328181818181818
Cu14,2.13,0.0003526363636363636
Cu14,2.19,0.0003767272727272727
Cu14,2.25,0.00040872727272727274
Cu14,2.3099999999999996,0.00043554545454545457
Cu14,2.37,0.00046345454545454543
Cu14,2.4299999999999997,0.000498
Cu14,2.49,0.0005447272727272727
Cu14,2.55,0.0005682727272727273
Cu14,2.61,0.0006148181818181819
Cu14,2.67,0.0006483636363636364
Cu14,2.7299999999999995,0.000691
Cu14,2.79,0.0007623636363636363
Cu14,2.8499999999999996,0.0007899090909090909
Cu14,2.91,0.0008660909090909091
Cu14,2.9699999999999998,0.0009205454545454546
Cu14,3.0300000000000002,0.0009792727272727273
Cu14,3.09,0.0010544545454545455
Cu14,3.15,0.0011111818181818182
Cu14,3.21,0.0012164545454545455
Cu14,3.2699999999999996,0.0012844545454545454
Cu14,3.33,0.001385
Cu14,3.3899999999999997,0.0014697272727272727
Cu14,3.45,0.001574090909090909
Cu14,3.51,0.0016634545454545454
Cu14,3.57,0.001804090909090909
Cu14,3.63,0.0019043636363636363
Cu14,3.6899999999999995,0.002058090909090909
Cu14,3.75,0.0021608181818181817
Cu14,3.8099999999999996,0.0023417272727272727
Cu14,3.87,0.0024513636363636365
Cu14,3.9299999999999997,0.002655090909090909
Cu14,3.9899999999999998,0.002775818181818182
Cu14,4.05,0.002993181818181818
Cu14,4.109999999999999,0.0031705454545454545
Cu14,4.17,0.003367
Cu14,4.23,0.0035907272727272728
Cu14,4.29,0.0037887272727272726
Cu14,4.35,0.004024
Cu14,4.41,0.004275909090909091
Cu14,4.47,0.004520545454545454
Cu14,4.529999999999999,0.004759909090909091
Cu14,4.59,0.005057363636363637
Cu14,4.65,0.005330818181818182
Cu14,4.71,0.005624090909090909
Cu14,4.77,0.005940909090909091
Cu14,4.83,0.006238
Cu14,4.89,0.006564909090909091
Cu14,4.949999999999999,0.006905727272727273
Cu14,5.01,0.007230454545454545
Cu14,5.07,0.0075717272727272725
Cu14,5.13,0.007965636363636364
Cu14,5.1899999999999995,0.008336818181818181
Cu14,5.25,0.008662272727272727
Cu14,5.31,0.009111272727272727
Cu14,5.369999999999999,0.009434
Cu14,5.43,0.00982309090909091
Cu14,5.49,0.010266636363636363
Cu14,5.55,0.01062809090909091
Cu14,5.609999999999999,0.011048545454545455
Cu14,5.67,0.011481909090909091
Cu14,5.73,0.011876
Cu14,5.789999999999999,0.01225509090909091
Cu14,5.85,0.012698636363636363
Cu14,5.91,0.013081636363636363
Cu14,5.97,0.013453363636363637
Cu14,6.029999999999999,0.013864545454545454
Cu14,6.09,0.01420409090909091
Cu14,6.15,0.014620545454545454
Cu14,6.21,0.01490709090909091
Cu14,6.27,0.01525009090909091
Cu14,6.33,0.015575545454545455
Cu14,6.39,0.015844545454545455
Cu14,6.449999999999999,0.016146636363636363
Cu14,6.51,0.016369
Cu14,6.57,0.016607545454545455
Cu14,6.63,0.016752909090909093
Cu14,6.6899999999999995,0.016949454545454545
Cu14,6.75,0.017023090909090908
Cu14,6.81,0.017143454545454545
Cu14,6.869999999999999,0.017194181818181817
Cu14,6.93,0.017233
Cu14,6.99,0.017265454545454546
Cu14,7.05,0.017204727272727274
Cu14,7.109999999999999,0.017162636363636363
Cu14,7.17,0.017084636363636364
Cu14,7.2299999999999995,0.01697309090909091
Cu14,7.289999999999999,0.016795181818181817
Cu14,7.35,0.01656290909090909
Cu14,7.41,0.016344
Cu14,7.47,0.016025636363636363
Cu14,7.529999999999999,0.015768636363636363
Cu14,7.59,0.015453363636363637
Cu14,7.65,0.01508590909090909
Cu14,7.709999999999999,0.014688454545454546
Cu14,7.77,0.01427409090909091
Cu14,7.83,0.013796727272727273
Cu14,7.89,0.013351818181818182
Cu14,7.949999999999999,0.012853818181818182
Cu14,8.01,0.012378636363636364
Cu14,8.07,0.01185609090909091
Cu14,8.129999999999999,0.01135590909090909
Cu14,8.19,0.010871545454545455
Cu14,8.25,0.010338
Cu14,8.309999999999999,0.009821272727272727
Cu14,8.370000000000001,0.009295636363636364
Cu14,8.43,0.008779818181818182
Cu14,8.489999999999998,0.00829
Cu14,8.55,0.007785181818181818
Cu14,8.61,0.007293090909090909
Cu14,8.67,0.006824454545454546
Cu14,8.73,0.006355
Cu14,8.79,0.0058889090909090905
Cu14,8.85,0.005437727272727273
Cu14,8.91,0.0050269090909090906
Cu14,8.969999999999999,0.004615181818181818
Cu14,9.030000000000001,0.004216636363636363
Cu14,9.09,0.003844363636363636
Cu14,9.149999999999999,0.003519090909090909
Cu14,9.21,0.0032049090909090907
Cu14,9.27,0.0029011818181818184
Cu14,9.329999999999998,0.002629
Cu14,9.39,0.002360090909090909
Cu14,9.45,0.002109818181818182
Cu14,9.51,0.0018934545454545454
Cu14,9.57,0.001690090909090909
Cu14,9.629999999999999,0.0014956363636363637
Cu14,9.69,0.0013237272727272726
Cu14,9.75,0.0011655454545454545
Cu14,9.809999999999999,0.001021818181818182
Cu14,9.870000000000001,0.0008972727272727272
Cu14,9.93,0.0007761818181818182
Cu14,9.989999999999998,0.0006760909090909091
Cu14,10.05,0.0005845454545454546
Cu14,10.11,0.0005022727272727273
Cu14,10.169999999999998,0.00042872727272727274
Cu14,10.23,0.0003648181818181818
Cu14,10.29,0.0003134545454545455
Cu14,10.35,0.0002691818181818182
Cu14,10.41,0.00023
Cu14,10.469999999999999,0.00019581818181818182
Cu14,10.53,0.00016372727272727272
Cu14,10.59,0.0001389090909090909
Cu14,10.649999999999999,0.00012
Cu14,10.71,9.754545454545454e-05
Cu14,10.77,8.172727272727273e-05
Cu14,10.829999999999998,6.69090909090909e-05
Cu14,10.89,5.7363636363636366e-05
Cu14,10.95,4.6454545454545456e-05
Cu14,11.01,3.781818181818182e-05
Cu14,11.07,2.9545454545454545e-05
Cu14,11.129999999999999,2.3090909090909093e-05
Cu14,11.19,1.7727272727272726e-05
Cu14,11.25,1.4e-05
Cu14,11.309999999999999,1.1454545454545454e-05
Cu14,11.370000000000001,9.818181818181818e-06
Cu14,11.43,8.181818181818181e-06
Cu14,11.489999999999998,6.818181818181818e-06
Cu14,11.55,5.4545454545454545e-06
Cu14,11.61,4.090909090909091e-06
Cu14,11.669999999999998,3.7272727272727274e-06
Cu14,11.73,2.181818181818182e-06
Cu14,11.79,2.0909090909090907e-06
Cu14,11.85,1.6363636363636365e-06
Cu14,11.91,1e-06
Cu14,11.969999999999999,6.363636363636364e-07
Cu14,12.03,5.454545454545455e-07
Cu14,12.09,3.6363636363636366e-07
Cu14,12.149999999999999,2.7272727272727274e-07
Cu14,12.21,1.8181818181818183e-07
Cu14,12.27,9.090909090909091e-08
