name,energy,flux
Ni08,27.39,3.3333333333333335e-07
Ni08,27.45,0.0
Ni08,27.509999999999998,6.666666666666667e-07
Ni08,27.57,3.3333333333333335e-07
Ni08,27.63,6.666666666666667e-07
Ni08,27.689999999999998,2.333333333333333e-06
Ni08,27.75,2e-06
Ni08,27.81,4.333333333333333e-06
Ni08,27.869999999999997,8.333333333333334e-06
Ni08,27.93,1.1e-05
Ni08,27.99,1.7e-05
Ni08,28.049999999999997,3.3e-05
Ni08,28.11,4.5e-05
Ni08,28.17,7.733333333333333e-05
Ni08,28.229999999999997,0.00012433333333333334
Ni08,28.29,0.00019533333333333333
Ni08,28.35,0.00028733333333333334
Ni08,28.409999999999997,0.00044666666666666666
Ni08,28.47,0.0006366666666666667
Ni08,28.53,0.0009126666666666667
Ni08,28.589999999999996,0.001359
Ni08,28.65,0.0018436666666666666
Ni08,28.71,0.002543333333333333
Ni08,28.769999999999996,0.003412333333333333
Ni08,28.83,0.004635
Ni08,28.89,0.0060936666666666665
Ni08,28.95,0.007795666666666667
Ni08,29.009999999999998,0.010071
Ni08,29.07,0.012473666666666666
Ni08,29.13,0.015374333333333334
Ni08,29.189999999999998,0.018718
Ni08,29.25,0.022180666666666668
Ni08,29.31,0.026022666666666666
Ni08,29.369999999999997,0.029939
Ni08,29.43,0.033886
Ni08,29.49,0.037832
Ni08,29.549999999999997,0.041287
Ni08,29.61,0.044777333333333336
Ni08,29.67,0.047222
Ni08,29.729999999999997,0.049248
Ni08,29.79,0.050685666666666664
Ni08,29.85,0.051019
Ni08,29.909999999999997,0.050999333333333334
Ni08,29.97,0.049575666666666664
Ni08,30.03,0.047652
Ni08,30.089999999999996,0.04521533333333334
Ni08,30.15,0.042054666666666664
Ni08,30.21,0.038493
Ni08,30.269999999999996,0.034652333333333334
Ni08,30.33,0.030497
Ni08,30.39,0.026833666666666665
Ni08,30.45,0.022814333333333332
Ni08,30.509999999999998,0.019281666666666666
Ni08,30.57,0.015917
Ni08,30.63,0.012982666666666667
Ni08,30.689999999999998,0.010291333333333333
Ni08,30.75,0.008147666666666666
Ni08,30.81,0.006254
Ni08,30.869999999999997,0.004829
Ni08,30.93,0.003538
Ni08,30.99,0.00267
Ni08,31.049999999999997,0.0019093333333333334
Ni08,31.11,0.0013413333333333333
Ni08,31.17,0.000966
Ni08,31.229999999999997,0.0006643333333333333
Ni08,31.29,0.000437
Ni08,31.35,0.000278
Ni08,31.409999999999997,0.000186
Ni08,31.47,0.000114
Ni08,31.53,7.233333333333333e-05
Ni08,31.589999999999996,4.5333333333333335e-05
Ni08,31.65,2.8e-05
Ni08,31.71,1.5333333333333334e-05
Ni08,31.769999999999996,9e-06
Ni08,31.83,5e-06
Ni08,31.89,1.6666666666666667e-06
Ni08,31.95,2.666666666666667e-06
Ni08,32.01,3.3333333333333335e-07
Ni08,32.07,6.666666666666667e-07
Ni08,32.129999999999995,3.3333333333333335e-07
Ni08,32.19,0.0
Ni08,32.25,3.3333333333333335e-07
Sn08,27.27,3.3333333333333335e-07
Sn08,27.33,3.3333333333333335e-07
Sn08,27.39,6.666666666666667e-07
Sn08,27.45,3.3333333333333335e-07
Sn08,27.509999999999998,6.666666666666667e-07
Sn08,27.57,2e-06
Sn08,27.63,3e-06
Sn08,27.689999999999998,5.666666666666667e-06
Sn08,27.75,9e-06
Sn08,27.81,1.5666666666666667e-05
Sn08,27.869999999999997,2.6e-05
Sn08,27.93,3.1333333333333334e-05
Sn08,27.99,5.466666666666667e-05
Sn08,28.049999999999997,9.8e-05
Sn08,28.11,0.00014733333333333333
Sn08,28.17,0.00023966666666666667
Sn08,28.229999999999997,0.00037433333333333334
Sn08,28.29,0.00054
Sn08,28.35,0.0008163333333333333
Sn08,28.409999999999997,0.001174
Sn08,28.47,0.0016296666666666666
Sn08,28.53,0.002274
Sn08,28.589999999999996,0.0032136666666666668
Sn08,28.65,0.004285666666666667
Sn08,28.71,0.005618666666666667
Sn08,28.769999999999996,0.007423
Sn08,28.83,0.009652333333333334
Sn08,28.89,0.012177
Sn08,28.95,0.01522
Sn08,29.009999999999998,0.018617666666666668
Sn08,29.07,0.022196333333333332
Sn08,29.13,0.02621
Sn08,29.189999999999998,0.030331666666666666
Sn08,29.25,0.03443633333333333
Sn08,29.31,0.038598
Sn08,29.369999999999997,0.04257233333333333
Sn08,29.43,0.046059666666666665
Sn08,29.49,0.048754
Sn08,29.549999999999997,0.050779333333333336
Sn08,29.61,0.05192833333333333
Sn08,29.67,0.052205666666666664
Sn08,29.729999999999997,0.05200433333333333
Sn08,29.79,0.05092133333333333
Sn08,29.85,0.04889466666666667
Sn08,29.909999999999997,0.045748333333333335
Sn08,29.97,0.042082
Sn08,30.03,0.038282666666666666
Sn08,30.089999999999996,0.034171
Sn08,30.15,0.03
Sn08,30.21,0.026033333333333332
Sn08,30.269999999999996,0.022156666666666668
Sn08,30.33,0.018399
Sn08,30.39,0.014955
Sn08,30.45,0.011959333333333334
Sn08,30.509999999999998,0.009389333333333333
Sn08,30.57,0.007291333333333334
Sn08,30.63,0.005581
Sn08,30.689999999999998,0.004201
Sn08,30.75,0.0030303333333333332
Sn08,30.81,0.002258
Sn08,30.869999999999997,0.0016273333333333333
Sn08,30.93,0.001155
Sn08,30.99,0.0007586666666666667
Sn08,31.049999999999997,0.0005053333333333333
Sn08,31.11,0.000316
Sn08,31.17,0.00020933333333333334
Sn08,31.229999999999997,0.000142
Sn08,31.29,8.266666666666667e-05
Sn08,31.35,5.1e-05
Sn08,31.409999999999997,3.1e-05
Sn08,31.47,1.7333333333333332e-05
Sn08,31.53,1.0666666666666667e-05
Sn08,31.589999999999996,6e-06
Sn08,31.65,3e-06
Sn08,31.71,1e-06
Sn08,31.769999999999996,1e-06
Sn08,31.83,3.3333333333333335e-07
Sn08,31.89,3.3333333333333335e-07
Sn08,31.95,3.3333333333333335e-07
Sn08,32.01,3.3333333333333335e-07
Ta08,27.03,3.3333333333333335e-07
Ta08,27.089999999999996,0.0
Ta08,27.15,6.666666666666667e-07
Ta08,27.21,0.0
Ta08,27.27,1.3333333333333334e-06
Ta08,27.33,1e-06
Ta08,27.39,2.666666666666667e-06
Ta08,27.45,3.3333333333333333e-06
Ta08,27.509999999999998,6.333333333333333e-06
Ta08,27.57,1.3666666666666667e-05
Ta08,27.63,1.4333333333333334e-05
Ta08,27.689999999999998,2.8333333333333332e-05
Ta08,27.75,4.066666666666667e-05
Ta08,27.81,7.433333333333333e-05
Ta08,27.869999999999997,0.00010666666666666667
Ta08,27.93,0.000176
Ta08,27.99,0.00025833333333333334
Ta08,28.049999999999997,0.00040666666666666667
Ta08,28.11,0.0005973333333333333
Ta08,28.17,0.0008386666666666667
Ta08,28.229999999999997,0.001232
Ta08,28.29,0.001689
Ta08,28.35,0.0024126666666666667
Ta08,28.409999999999997,0.003174
Ta08,28.47,0.004327333333333333
Ta08,28.53,0.005709
Ta08,28.589999999999996,0.007390333333333333
Ta08,28.65,0.009487666666666667
Ta08,28.71,0.011897333333333333
Ta08,28.769999999999996,0.014783666666666667
Ta08,28.83,0.017933
Ta08,28.89,0.021505333333333335
Ta08,28.95,0.025222333333333333
Ta08,29.009999999999998,0.029136333333333334
Ta08,29.07,0.03313166666666666
Ta08,29.13,0.037052666666666664
Ta08,29.189999999999998,0.04083766666666667
Ta08,29.25,0.044033
Ta08,29.31,0.04698833333333333
Ta08,29.369999999999997,0.049035666666666665
Ta08,29.43,0.050519
Ta08,29.49,0.051166
Ta08,29.549999999999997,0.051105
Ta08,29.61,0.050066
Ta08,29.67,0.04824666666666667
Ta08,29.729999999999997,0.045904
Ta08,29.79,0.042814333333333336
Ta08,29.85,0.03909066666666667
Ta08,29.909999999999997,0.03541266666666667
Ta08,29.97,0.03132
Ta08,30.03,0.027569666666666666
Ta08,30.089999999999996,0.023438
Ta08,30.15,0.02001
Ta08,30.21,0.016473333333333333
Ta08,30.269999999999996,0.013554666666666666
Ta08,30.33,0.010639
Ta08,30.39,0.008569666666666666
Ta08,30.45,0.006474
Ta08,30.509999999999998,0.005051
Ta08,30.57,0.003733666666666667
Ta08,30.63,0.0027986666666666668
Ta08,30.689999999999998,0.002043
Ta08,30.75,0.0014323333333333334
Ta08,30.81,0.001032
Ta08,30.869999999999997,0.0006923333333333333
Ta08,30.93,0.0004783333333333333
Ta08,30.99,0.0002933333333333333
Ta08,31.049999999999997,0.00020266666666666667
Ta08,31.11,0.000121
Ta08,31.17,8.066666666666667e-05
Ta08,31.229999999999997,4.8333333333333334e-05
Ta08,31.29,3.1e-05
Ta08,31.35,1.7e-05
Ta08,31.409999999999997,1e-05
Ta08,31.47,5.333333333333334e-06
Ta08,31.53,2.666666666666667e-06
Ta08,31.589999999999996,2.666666666666667e-06
Ta08,31.65,0.0
Ta08,31.71,1e-06
Ta08,31.769999999999996,0.0
Ta08,31.83,3.3333333333333335e-07
Ta08,31.89,3.3333333333333335e-07
Cu08,26.729999999999997,3.3333333333333335e-07
Cu08,26.79,0.0
Cu08,26.85,6.666666666666667e-07
Cu08,26.909999999999997,0.0
Cu08,26.97,3.3333333333333335e-07
Cu08,27.03,1.6666666666666667e-06
Cu08,27.089999999999996,1.6666666666666667e-06
Cu08,27.15,2.666666666666667e-06
Cu08,27.21,7e-06
Cu08,27.27,9.666666666666667e-06
Cu08,27.33,1.2333333333333333e-05
Cu08,27.39,2.2333333333333332e-05
Cu08,27.45,3.633333333333333e-05
Cu08,27.509999999999998,5.433333333333333e-05
Cu08,27.57,9.333333333333333e-05
Cu08,27.63,0.00013766666666666666
Cu08,27.689999999999998,0.00021533333333333333
Cu08,27.75,0.000328
Cu08,27.81,0.0005026666666666667
Cu08,27.869999999999997,0.000698
Cu08,27.93,0.0010093333333333334
Cu08,27.99,0.0014566666666666667
Cu08,28.049999999999997,0.0020043333333333332
Cu08,28.11,0.002708
Cu08,28.17,0.0036333333333333335
Cu08,28.229999999999997,0.004857333333333333
Cu08,28.29,0.006368666666666667
Cu08,28.35,0.008157
Cu08,28.409999999999997,0.010409666666666666
Cu08,28.47,0.012842666666666667
Cu08,28.53,0.015881
Cu08,28.589999999999996,0.018973
Cu08,28.65,0.022540666666666667
Cu08,28.71,0.026346333333333333
Cu08,28.769999999999996,0.030195333333333334
Cu08,28.83,0.034028666666666665
Cu08,28.89,0.037958
Cu08,28.95,0.041378
Cu08,29.009999999999998,0.044537
Cu08,29.07,0.04699366666666667
Cu08,29.13,0.04908866666666667
Cu08,29.189999999999998,0.050146333333333334
Cu08,29.25,0.05059866666666667
Cu08,29.31,0.05039966666666667
Cu08,29.369999999999997,0.049085
Cu08,29.43,0.047287666666666665
Cu08,29.49,0.04471166666666666
Cu08,29.549999999999997,0.041627
Cu08,29.61,0.037996
Cu08,29.67,0.03432366666666667
Cu08,29.729999999999997,0.030311333333333332
Cu08,29.79,0.026688
Cu08,29.85,0.022604333333333334
Cu08,29.909999999999997,0.019300333333333333
Cu08,29.97,0.015899
Cu08,30.03,0.013047
Cu08,30.089999999999996,0.010325666666666667
Cu08,30.15,0.008254
Cu08,30.21,0.006281333333333333
Cu08,30.269999999999996,0.004922666666666666
Cu08,30.33,0.0036036666666666665
Cu08,30.39,0.002745
Cu08,30.45,0.0019663333333333334
Cu08,30.509999999999998,0.0014013333333333334
Cu08,30.57,0.001013
Cu08,30.63,0.0006826666666666667
Cu08,30.689999999999998,0.0004673333333333333
Cu08,30.75,0.000298
Cu08,30.81,0.00019766666666666666
Cu08,30.869999999999997,0.000122
Cu08,30.93,8.2e-05
Cu08,30.99,4.8666666666666666e-05
Cu08,31.049999999999997,3.1333333333333334e-05
Cu08,31.11,1.633333333333333e-05
Cu08,31.17,1.0333333333333333e-05
Cu08,31.229999999999997,6.333333333333333e-06
Cu08,31.29,2.666666666666667e-06
Cu08,31.35,2.333333333333333e-06
Cu08,31.409999999999997,6.666666666666667e-07
Cu08,31.47,3.3333333333333335e-07
Cu08,31.53,3.3333333333333335e-07
Cu08,31.589999999999996,3.3333333333333335e-07
Cu08,31.65,0.0
Cu08,31.71,3.3333333333333335e-07
Al_degrader_E2_E1,24.509999999999998,1.4285714285714285e-07
Al_degrader_E2_E1,24.57,0.0
Al_degrader_E2_E1,24.63,1.4285714285714285e-07
Al_degrader_E2_E1,24.689999999999998,0.0
Al_degrader_E2_E1,24.75,1.4285714285714285e-07
Al_degrader_E2_E1,24.81,1.4285714285714285e-07
Al_degrader_E2_E1,24.869999999999997,1e-06
Al_degrader_E2_E1,24.93,7.142857142857143e-07
Al_degrader_E2_E1,24.990000000000002,7.142857142857143e-07
Al_degrader_E2_E1,25.049999999999997,2.1428571428571427e-06
Al_degrader_E2_E1,25.11,4.714285714285714e-06
Al_degrader_E2_E1,25.17,3.142857142857143e-06
Al_degrader_E2_E1,25.229999999999997,7.714285714285714e-06
Al_degrader_E2_E1,25.29,1.0714285714285714e-05
Al_degrader_E2_E1,25.35,1.8285714285714284e-05
Al_degrader_E2_E1,25.409999999999997,2.7e-05
Al_degrader_E2_E1,25.47,4.4142857142857144e-05
Al_degrader_E2_E1,25.53,6.171428571428571e-05
Al_degrader_E2_E1,25.589999999999996,8.742857142857143e-05
Al_degrader_E2_E1,25.65,0.00013342857142857142
Al_degrader_E2_E1,25.71,0.00018
Al_degrader_E2_E1,25.77,0.00025214285714285714
Al_degrader_E2_E1,25.83,0.00034657142857142856
Al_degrader_E2_E1,25.89,0.000477
Al_degrader_E2_E1,25.95,0.0006544285714285714
Al_degrader_E2_E1,26.009999999999998,0.0008264285714285714
Al_degrader_E2_E1,26.07,0.0011017142857142857
Al_degrader_E2_E1,26.13,0.0014441428571428572
Al_degrader_E2_E1,26.189999999999998,0.001818857142857143
Al_degrader_E2_E1,26.25,0.0022934285714285713
Al_degrader_E2_E1,26.31,0.0028904285714285716
Al_degrader_E2_E1,26.369999999999997,0.0034975714285714284
Al_degrader_E2_E1,26.43,0.004235
Al_degrader_E2_E1,26.49,0.005065
Al_degrader_E2_E1,26.549999999999997,0.005984142857142857
Al_degrader_E2_E1,26.61,0.006981
Al_degrader_E2_E1,26.67,0.008063714285714285
Al_degrader_E2_E1,26.729999999999997,0.009212
Al_degrader_E2_E1,26.79,0.010418
Al_degrader_E2_E1,26.85,0.011596285714285713
Al_degrader_E2_E1,26.909999999999997,0.012779
Al_degrader_E2_E1,26.97,0.013991428571428571
Al_degrader_E2_E1,27.03,0.015186571428571428
Al_degrader_E2_E1,27.089999999999996,0.016295714285714285
Al_degrader_E2_E1,27.15,0.017499714285714285
Al_degrader_E2_E1,27.21,0.018521285714285716
Al_degrader_E2_E1,27.27,0.01944557142857143
Al_degrader_E2_E1,27.33,0.02016657142857143
Al_degrader_E2_E1,27.39,0.020936142857142858
Al_degrader_E2_E1,27.45,0.021642857142857144
Al_degrader_E2_E1,27.509999999999998,0.022325714285714286
Al_degrader_E2_E1,27.57,0.02275857142857143
Al_degrader_E2_E1,27.63,0.02324
Al_degrader_E2_E1,27.689999999999998,0.023528714285714285
Al_degrader_E2_E1,27.75,0.023756285714285716
Al_degrader_E2_E1,27.81,0.02405842857142857
Al_degrader_E2_E1,27.869999999999997,0.02434585714285714
Al_degrader_E2_E1,27.93,0.024406
Al_degrader_E2_E1,27.99,0.024570571428571428
Al_degrader_E2_E1,28.049999999999997,0.024575714285714284
Al_degrader_E2_E1,28.11,0.024640714285714287
Al_degrader_E2_E1,28.17,0.024652714285714285
Al_degrader_E2_E1,28.229999999999997,0.024771142857142856
Al_degrader_E2_E1,28.29,0.024700142857142858
Al_degrader_E2_E1,28.35,0.02457842857142857
Al_degrader_E2_E1,28.409999999999997,0.024386285714285715
Al_degrader_E2_E1,28.47,0.024241
Al_degrader_E2_E1,28.53,0.02411114285714286
Al_degrader_E2_E1,28.589999999999996,0.02366542857142857
Al_degrader_E2_E1,28.65,0.023377285714285715
Al_degrader_E2_E1,28.71,0.022759428571428573
Al_degrader_E2_E1,28.769999999999996,0.02206657142857143
Al_degrader_E2_E1,28.83,0.021433714285714285
Al_degrader_E2_E1,28.89,0.020693857142857142
Al_degrader_E2_E1,28.95,0.019623428571428573
Al_degrader_E2_E1,29.009999999999998,0.018654714285714285
Al_degrader_E2_E1,29.07,0.017424
Al_degrader_E2_E1,29.13,0.016192428571428573
Al_degrader_E2_E1,29.189999999999998,0.014896428571428571
Al_degrader_E2_E1,29.25,0.013594571428571428
Al_degrader_E2_E1,29.31,0.01232
Al_degrader_E2_E1,29.369999999999997,0.010903714285714286
Al_degrader_E2_E1,29.43,0.009613714285714286
Al_degrader_E2_E1,29.49,0.008296285714285714
Al_degrader_E2_E1,29.549999999999997,0.007143285714285714
Al_degrader_E2_E1,29.61,0.005972571428571429
Al_degrader_E2_E1,29.67,0.005072714285714285
Al_degrader_E2_E1,29.729999999999997,0.0041587142857142856
Al_degrader_E2_E1,29.79,0.0034065714285714285
Al_degrader_E2_E1,29.85,0.0026408571428571427
Al_degrader_E2_E1,29.909999999999997,0.0021072857142857143
Al_degrader_E2_E1,29.97,0.001615142857142857
Al_degrader_E2_E1,30.03,0.0012492857142857143
Al_degrader_E2_E1,30.089999999999996,0.0009381428571428571
Al_degrader_E2_E1,30.15,0.0006922857142857143
Al_degrader_E2_E1,30.21,0.0004948571428571428
Al_degrader_E2_E1,30.269999999999996,0.00036
Al_degrader_E2_E1,30.33,0.0002637142857142857
Al_degrader_E2_E1,30.39,0.0001777142857142857
Al_degrader_E2_E1,30.45,0.00012242857142857143
Al_degrader_E2_E1,30.509999999999998,7.8e-05
Al_degrader_E2_E1,30.57,4.985714285714286e-05
Al_degrader_E2_E1,30.63,3.3e-05
Al_degrader_E2_E1,30.689999999999998,2.2e-05
Al_degrader_E2_E1,30.75,1.2571428571428572e-05
Al_degrader_E2_E1,30.81,8.714285714285715e-06
Al_degrader_E2_E1,30.869999999999997,4.714285714285714e-06
Al_degrader_E2_E1,30.93,3.142857142857143e-06
Al_degrader_E2_E1,30.99,1.2857142857142858e-06
Al_degrader_E2_E1,31.049999999999997,5.714285714285714e-07
Al_degrader_E2_E1,31.11,1e-06
Al_degrader_E2_E1,31.17,0.0
Al_degrader_E2_E1,31.229999999999997,2.857142857142857e-07
Al_degrader_E2_E1,31.29,0.0
Al_degrader_E2_E1,31.35,0.0
Al_degrader_E2_E1,31.409999999999997,1.4285714285714285e-07
Ni09,24.15,3.3333333333333335e-07
Ni09,24.21,0.0
Ni09,24.27,0.0
Ni09,24.33,6.666666666666667e-07
Ni09,24.39,0.0
Ni09,24.45,6.666666666666667e-07
Ni09,24.509999999999998,1.6666666666666667e-06
Ni09,24.57,1.6666666666666667e-06
Ni09,24.63,2.333333333333333e-06
Ni09,24.689999999999998,6e-06
Ni09,24.75,8.333333333333334e-06
Ni09,24.81,1.1e-05
Ni09,24.869999999999997,1.5e-05
Ni09,24.93,3e-05
Ni09,24.990000000000002,3.8333333333333334e-05
Ni09,25.049999999999997,6.7e-05
Ni09,25.11,0.00010466666666666667
Ni09,25.17,0.000148
Ni09,25.229999999999997,0.00021966666666666668
Ni09,25.29,0.00032
Ni09,25.35,0.00048166666666666665
Ni09,25.409999999999997,0.0006433333333333333
Ni09,25.47,0.0009236666666666667
Ni09,25.53,0.0013023333333333333
Ni09,25.589999999999996,0.0017233333333333332
Ni09,25.65,0.0023206666666666666
Ni09,25.71,0.003047666666666667
Ni09,25.77,0.004023333333333334
Ni09,25.83,0.005218
Ni09,25.89,0.006527333333333333
Ni09,25.95,0.008311666666666667
Ni09,26.009999999999998,0.010317
Ni09,26.07,0.012524
Ni09,26.13,0.015187
Ni09,26.189999999999998,0.017974333333333332
Ni09,26.25,0.020961666666666667
Ni09,26.31,0.024335333333333334
Ni09,26.369999999999997,0.027587666666666667
Ni09,26.43,0.031059666666666666
Ni09,26.49,0.034321
Ni09,26.549999999999997,0.037423
Ni09,26.61,0.04040666666666667
Ni09,26.67,0.04273233333333333
Ni09,26.729999999999997,0.044581333333333334
Ni09,26.79,0.04631933333333333
Ni09,26.85,0.047115333333333335
Ni09,26.909999999999997,0.04714
Ni09,26.97,0.046791
Ni09,27.03,0.045669
Ni09,27.089999999999996,0.043862
Ni09,27.15,0.041829
Ni09,27.21,0.039111
Ni09,27.27,0.03605866666666667
Ni09,27.33,0.032821333333333334
Ni09,27.39,0.029304666666666666
Ni09,27.45,0.026166666666666668
Ni09,27.509999999999998,0.022632333333333334
Ni09,27.57,0.019485333333333334
Ni09,27.63,0.016537
Ni09,27.689999999999998,0.013819
Ni09,27.75,0.011298666666666667
Ni09,27.81,0.009117666666666666
Ni09,27.869999999999997,0.007313
Ni09,27.93,0.005706
Ni09,27.99,0.004495333333333333
Ni09,28.049999999999997,0.003374
Ni09,28.11,0.0026026666666666668
Ni09,28.17,0.0018906666666666666
Ni09,28.229999999999997,0.0014146666666666667
Ni09,28.29,0.0010106666666666667
Ni09,28.35,0.000729
Ni09,28.409999999999997,0.0005006666666666666
Ni09,28.47,0.00033433333333333335
Ni09,28.53,0.00023433333333333333
Ni09,28.589999999999996,0.00014266666666666667
Ni09,28.65,9.833333333333333e-05
Ni09,28.71,6.433333333333333e-05
Ni09,28.769999999999996,4e-05
Ni09,28.83,2.6333333333333334e-05
Ni09,28.89,1.4333333333333334e-05
Ni09,28.95,8.666666666666666e-06
Ni09,29.009999999999998,6e-06
Ni09,29.07,2.333333333333333e-06
Ni09,29.13,2.333333333333333e-06
Ni09,29.189999999999998,6.666666666666667e-07
Ni09,29.25,3.3333333333333335e-07
Ni09,29.31,3.3333333333333335e-07
Ni09,29.369999999999997,3.3333333333333335e-07
Ni09,29.43,0.0
Ni09,29.49,3.3333333333333335e-07
Sn09,24.089999999999996,3.3333333333333335e-07
Sn09,24.15,6.666666666666667e-07
Sn09,24.21,3.3333333333333335e-07
Sn09,24.27,3.3333333333333335e-07
Sn09,24.33,6.666666666666667e-07
Sn09,24.39,6.666666666666667e-07
Sn09,24.45,3.6666666666666666e-06
Sn09,24.509999999999998,4e-06
Sn09,24.57,5e-06
Sn09,24.63,9.333333333333333e-06
Sn09,24.689999999999998,2.1333333333333335e-05
Sn09,24.75,2.1666666666666667e-05
Sn09,24.81,3.233333333333333e-05
Sn09,24.869999999999997,4.933333333333333e-05
Sn09,24.93,8.433333333333333e-05
Sn09,24.990000000000002,0.000128
Sn09,25.049999999999997,0.00020066666666666667
Sn09,25.11,0.0002933333333333333
Sn09,25.17,0.00043
Sn09,25.229999999999997,0.0006073333333333333
Sn09,25.29,0.0008823333333333334
Sn09,25.35,0.0011983333333333334
Sn09,25.409999999999997,0.0016133333333333334
Sn09,25.47,0.0022173333333333333
Sn09,25.53,0.0030386666666666665
Sn09,25.589999999999996,0.003941
Sn09,25.65,0.005049
Sn09,25.71,0.006486
Sn09,25.77,0.008377
Sn09,25.83,0.010396666666666667
Sn09,25.89,0.012735
Sn09,25.95,0.015521666666666666
Sn09,26.009999999999998,0.018460333333333332
Sn09,26.07,0.021756
Sn09,26.13,0.025059333333333333
Sn09,26.189999999999998,0.028636666666666668
Sn09,26.25,0.032047
Sn09,26.31,0.035602666666666664
Sn09,26.369999999999997,0.038933666666666665
Sn09,26.43,0.04211433333333333
Sn09,26.49,0.04437633333333333
Sn09,26.549999999999997,0.04627966666666666
Sn09,26.61,0.047714
Sn09,26.67,0.048008
Sn09,26.729999999999997,0.048010333333333335
Sn09,26.79,0.04768633333333333
Sn09,26.85,0.04660533333333333
Sn09,26.909999999999997,0.044449666666666665
Sn09,26.97,0.041616
Sn09,27.03,0.03863366666666666
Sn09,27.089999999999996,0.035302
Sn09,27.15,0.031891666666666665
Sn09,27.21,0.028236333333333332
Sn09,27.27,0.024765
Sn09,27.33,0.021552666666666668
Sn09,27.39,0.018325666666666667
Sn09,27.45,0.015138333333333334
Sn09,27.509999999999998,0.012472
Sn09,27.57,0.010031666666666666
Sn09,27.63,0.008011666666666667
Sn09,27.689999999999998,0.006339
Sn09,27.75,0.004889333333333333
Sn09,27.81,0.003755333333333333
Sn09,27.869999999999997,0.0027756666666666667
Sn09,27.93,0.002128333333333333
Sn09,27.99,0.0015643333333333334
Sn09,28.049999999999997,0.0011343333333333333
Sn09,28.11,0.0007886666666666667
Sn09,28.17,0.000521
Sn09,28.229999999999997,0.000369
Sn09,28.29,0.00022933333333333334
Sn09,28.35,0.000161
Sn09,28.409999999999997,0.00010433333333333334
Sn09,28.47,6.866666666666666e-05
Sn09,28.53,4.266666666666667e-05
Sn09,28.589999999999996,2.5666666666666666e-05
Sn09,28.65,1.5666666666666667e-05
Sn09,28.71,9.333333333333333e-06
Sn09,28.769999999999996,5.333333333333334e-06
Sn09,28.83,3.6666666666666666e-06
Sn09,28.89,6.666666666666667e-07
Sn09,28.95,1e-06
Sn09,29.009999999999998,6.666666666666667e-07
Sn09,29.07,0.0
Sn09,29.13,3.3333333333333335e-07
Sn09,29.189999999999998,6.666666666666667e-07
Ta09,23.79,3.3333333333333335e-07
Ta09,23.85,0.0
Ta09,23.909999999999997,0.0
Ta09,23.97,6.666666666666667e-07
Ta09,24.03,3.3333333333333335e-07
Ta09,24.089999999999996,1e-06
Ta09,24.15,1e-06
Ta09,24.21,2.333333333333333e-06
Ta09,24.27,2.666666666666667e-06
Ta09,24.33,6.333333333333333e-06
Ta09,24.39,9.666666666666667e-06
Ta09,24.45,1.3e-05
Ta09,24.509999999999998,1.7666666666666668e-05
Ta09,24.57,3.1e-05
Ta09,24.63,4.233333333333333e-05
Ta09,24.689999999999998,7.8e-05
Ta09,24.75,0.00010733333333333333
Ta09,24.81,0.00017133333333333334
Ta09,24.869999999999997,0.000235
Ta09,24.93,0.0003496666666666667
Ta09,24.990000000000002,0.0005106666666666666
Ta09,25.049999999999997,0.000703
Ta09,25.11,0.0009916666666666667
Ta09,25.17,0.001366
Ta09,25.229999999999997,0.0018386666666666666
Ta09,25.29,0.0024813333333333332
Ta09,25.35,0.0032016666666666665
Ta09,25.409999999999997,0.004228333333333333
Ta09,25.47,0.005452
Ta09,25.53,0.006875
Ta09,25.589999999999996,0.008640666666666666
Ta09,25.65,0.010737666666666666
Ta09,25.71,0.012996666666666667
Ta09,25.77,0.015748333333333333
Ta09,25.83,0.018504333333333334
Ta09,25.89,0.021656333333333333
Ta09,25.95,0.024881666666666667
Ta09,26.009999999999998,0.028189666666666665
Ta09,26.07,0.03170933333333333
Ta09,26.13,0.03491
Ta09,26.189999999999998,0.03809866666666667
Ta09,26.25,0.040798666666666664
Ta09,26.31,0.043201333333333335
Ta09,26.369999999999997,0.04497466666666667
Ta09,26.43,0.046399
Ta09,26.49,0.046928
Ta09,26.549999999999997,0.04724166666666667
Ta09,26.61,0.046649
Ta09,26.67,0.045261666666666665
Ta09,26.729999999999997,0.043625333333333335
Ta09,26.79,0.041285666666666665
Ta09,26.85,0.03863
Ta09,26.909999999999997,0.035272333333333336
Ta09,26.97,0.03219233333333334
Ta09,27.03,0.028669666666666666
Ta09,27.089999999999996,0.025518333333333334
Ta09,27.15,0.021999333333333333
Ta09,27.21,0.019021666666666666
Ta09,27.27,0.015925333333333333
Ta09,27.33,0.013359333333333334
Ta09,27.39,0.010911666666666667
Ta09,27.45,0.008729333333333334
Ta09,27.509999999999998,0.007009
Ta09,27.57,0.005448
Ta09,27.63,0.004257
Ta09,27.689999999999998,0.0032366666666666668
Ta09,27.75,0.0024706666666666666
Ta09,27.81,0.0018243333333333334
Ta09,27.869999999999997,0.0013186666666666668
Ta09,27.93,0.0009853333333333333
Ta09,27.99,0.000681
Ta09,28.049999999999997,0.000469
Ta09,28.11,0.00031433333333333335
Ta09,28.17,0.00021366666666666667
Ta09,28.229999999999997,0.00013866666666666666
Ta09,28.29,9.566666666666667e-05
Ta09,28.35,5.633333333333333e-05
Ta09,28.409999999999997,3.866666666666667e-05
Ta09,28.47,2.3666666666666668e-05
Ta09,28.53,1.4333333333333334e-05
Ta09,28.589999999999996,7.666666666666667e-06
Ta09,28.65,5.333333333333334e-06
Ta09,28.71,2e-06
Ta09,28.769999999999996,2e-06
Ta09,28.83,6.666666666666667e-07
Ta09,28.89,6.666666666666667e-07
Ta09,28.95,3.3333333333333335e-07
Ta09,29.009999999999998,3.3333333333333335e-07
Ta09,29.07,0.0
Ta09,29.13,3.3333333333333335e-07
Cu09,23.490000000000002,3.3333333333333335e-07
Cu09,23.549999999999997,0.0
Cu09,23.61,3.3333333333333335e-07
Cu09,23.67,3.3333333333333335e-07
Cu09,23.729999999999997,3.3333333333333335e-07
Cu09,23.79,1e-06
Cu09,23.85,1e-06
Cu09,23.909999999999997,2.666666666666667e-06
Cu09,23.97,3e-06
Cu09,24.03,6.333333333333333e-06
Cu09,24.089999999999996,1e-05
Cu09,24.15,1.1e-05
Cu09,24.21,2e-05
Cu09,24.27,3.2e-05
Cu09,24.33,4.266666666666667e-05
Cu09,24.39,7.166666666666667e-05
Cu09,24.45,0.00011133333333333333
Cu09,24.509999999999998,0.00016366666666666667
Cu09,24.57,0.000228
Cu09,24.63,0.00033933333333333336
Cu09,24.689999999999998,0.0005013333333333333
Cu09,24.75,0.000681
Cu09,24.81,0.000941
Cu09,24.869999999999997,0.001328
Cu09,24.93,0.0017603333333333334
Cu09,24.990000000000002,0.0023426666666666665
Cu09,25.049999999999997,0.0030483333333333335
Cu09,25.11,0.004022
Cu09,25.17,0.005207333333333333
Cu09,25.229999999999997,0.006502
Cu09,25.29,0.008177
Cu09,25.35,0.010220333333333333
Cu09,25.409999999999997,0.012295333333333333
Cu09,25.47,0.014943
Cu09,25.53,0.017525666666666665
Cu09,25.589999999999996,0.020538666666666667
Cu09,25.65,0.023773
Cu09,25.71,0.026893666666666666
Cu09,25.77,0.030320333333333335
Cu09,25.83,0.033584
Cu09,25.89,0.03662933333333333
Cu09,25.95,0.03933533333333333
Cu09,26.009999999999998,0.04199033333333333
Cu09,26.07,0.043784
Cu09,26.13,0.04537633333333333
Cu09,26.189999999999998,0.046325
Cu09,26.25,0.04654066666666667
Cu09,26.31,0.046426666666666665
Cu09,26.369999999999997,0.045358666666666665
Cu09,26.43,0.043755666666666665
Cu09,26.49,0.04185233333333333
Cu09,26.549999999999997,0.03942466666666666
Cu09,26.61,0.03633566666666667
Cu09,26.67,0.03340566666666667
Cu09,26.729999999999997,0.030030666666666667
Cu09,26.79,0.026715
Cu09,26.85,0.023553
Cu09,26.909999999999997,0.020229333333333332
Cu09,26.97,0.017448333333333333
Cu09,27.03,0.014490333333333332
Cu09,27.089999999999996,0.012123333333333333
Cu09,27.15,0.009756
Cu09,27.21,0.007987666666666667
Cu09,27.27,0.006182
Cu09,27.33,0.004949333333333333
Cu09,27.39,0.0037736666666666665
Cu09,27.45,0.00293
Cu09,27.509999999999998,0.002183333333333333
Cu09,27.57,0.001613
Cu09,27.63,0.001169
Cu09,27.689999999999998,0.000858
Cu09,27.75,0.000597
Cu09,27.81,0.0004186666666666667
Cu09,27.869999999999997,0.00027466666666666666
Cu09,27.93,0.000188
Cu09,27.99,0.000119
Cu09,28.049999999999997,8.866666666666666e-05
Cu09,28.11,4.6666666666666665e-05
Cu09,28.17,3.4666666666666665e-05
Cu09,28.229999999999997,2.0333333333333334e-05
Cu09,28.29,1.3333333333333333e-05
Cu09,28.35,6.333333333333333e-06
Cu09,28.409999999999997,4.666666666666666e-06
Cu09,28.47,1.3333333333333334e-06
Cu09,28.53,2.666666666666667e-06
Cu09,28.589999999999996,3.3333333333333335e-07
Cu09,28.65,6.666666666666667e-07
Cu09,28.71,0.0
Cu09,28.769999999999996,3.3333333333333335e-07
Cu09,28.83,0.0
Cu09,28.89,3.3333333333333335e-07
Al_degrader_E4_E3,21.03,1.1111111111111111e-07
Al_degrader_E4_E3,21.089999999999996,0.0
Al_degrader_E4_E3,21.15,1.1111111111111111e-07
Al_degrader_E4_E3,21.21,0.0
Al_degrader_E4_E3,21.27,1.1111111111111111e-07
Al_degrader_E4_E3,21.33,2.2222222222222222e-07
Al_degrader_E4_E3,21.39,3.3333333333333335e-07
Al_degrader_E4_E3,21.45,4.4444444444444444e-07
Al_degrader_E4_E3,21.509999999999998,6.666666666666667e-07
Al_degrader_E4_E3,21.57,1.4444444444444445e-06
Al_degrader_E4_E3,21.63,1.8888888888888888e-06
Al_degrader_E4_E3,21.689999999999998,2.888888888888889e-06
Al_degrader_E4_E3,21.75,2.666666666666667e-06
Al_degrader_E4_E3,21.81,5.666666666666667e-06
Al_degrader_E4_E3,21.869999999999997,8e-06
Al_degrader_E4_E3,21.93,1.1222222222222222e-05
Al_degrader_E4_E3,21.990000000000002,1.8e-05
Al_degrader_E4_E3,22.049999999999997,2.677777777777778e-05
Al_degrader_E4_E3,22.11,3.733333333333333e-05
Al_degrader_E4_E3,22.17,5.188888888888889e-05
Al_degrader_E4_E3,22.229999999999997,7.1e-05
Al_degrader_E4_E3,22.29,0.00010766666666666666
Al_degrader_E4_E3,22.35,0.0001387777777777778
Al_degrader_E4_E3,22.409999999999997,0.00019055555555555555
Al_degrader_E4_E3,22.47,0.0002498888888888889
Al_degrader_E4_E3,22.53,0.0003378888888888889
Al_degrader_E4_E3,22.589999999999996,0.00045955555555555555
Al_degrader_E4_E3,22.65,0.0005732222222222223
Al_degrader_E4_E3,22.71,0.0007334444444444444
Al_degrader_E4_E3,22.77,0.0009418888888888889
Al_degrader_E4_E3,22.83,0.001221888888888889
Al_degrader_E4_E3,22.89,0.0015032222222222222
Al_degrader_E4_E3,22.95,0.0018633333333333334
Al_degrader_E4_E3,23.009999999999998,0.0022737777777777778
Al_degrader_E4_E3,23.07,0.0027486666666666666
Al_degrader_E4_E3,23.13,0.003315888888888889
Al_degrader_E4_E3,23.189999999999998,0.003930333333333333
Al_degrader_E4_E3,23.25,0.004624222222222222
Al_degrader_E4_E3,23.31,0.005355111111111111
Al_degrader_E4_E3,23.369999999999997,0.006170666666666666
Al_degrader_E4_E3,23.43,0.007076444444444444
Al_degrader_E4_E3,23.490000000000002,0.008013555555555555
Al_degrader_E4_E3,23.549999999999997,0.009015444444444444
Al_degrader_E4_E3,23.61,0.009991333333333333
Al_degrader_E4_E3,23.67,0.010959444444444445
Al_degrader_E4_E3,23.729999999999997,0.012056222222222222
Al_degrader_E4_E3,23.79,0.013063666666666666
Al_degrader_E4_E3,23.85,0.014062777777777778
Al_degrader_E4_E3,23.909999999999997,0.01505588888888889
Al_degrader_E4_E3,23.97,0.016027
Al_degrader_E4_E3,24.03,0.016958666666666667
Al_degrader_E4_E3,24.089999999999996,0.017718222222222222
Al_degrader_E4_E3,24.15,0.018496666666666668
Al_degrader_E4_E3,24.21,0.01919777777777778
Al_degrader_E4_E3,24.27,0.019878444444444445
Al_degrader_E4_E3,24.33,0.020535333333333333
Al_degrader_E4_E3,24.39,0.020884666666666666
Al_degrader_E4_E3,24.45,0.021411666666666666
Al_degrader_E4_E3,24.509999999999998,0.02170888888888889
Al_degrader_E4_E3,24.57,0.022187444444444444
Al_degrader_E4_E3,24.63,0.022449
Al_degrader_E4_E3,24.689999999999998,0.022559222222222224
Al_degrader_E4_E3,24.75,0.022797555555555557
Al_degrader_E4_E3,24.81,0.02290288888888889
Al_degrader_E4_E3,24.869999999999997,0.02316611111111111
Al_degrader_E4_E3,24.93,0.02319888888888889
Al_degrader_E4_E3,24.990000000000002,0.023211222222222223
Al_degrader_E4_E3,25.049999999999997,0.023248555555555557
Al_degrader_E4_E3,25.11,0.023271666666666666
Al_degrader_E4_E3,25.17,0.023356222222222223
Al_degrader_E4_E3,25.229999999999997,0.02312522222222222
Al_degrader_E4_E3,25.29,0.023100333333333334
Al_degrader_E4_E3,25.35,0.022883888888888888
Al_degrader_E4_E3,25.409999999999997,0.022771333333333334
Al_degrader_E4_E3,25.47,0.02252211111111111
Al_degrader_E4_E3,25.53,0.022056222222222224
Al_degrader_E4_E3,25.589999999999996,0.021703444444444445
Al_degrader_E4_E3,25.65,0.021193555555555556
Al_degrader_E4_E3,25.71,0.02069688888888889
Al_degrader_E4_E3,25.77,0.01998577777777778
Al_degrader_E4_E3,25.83,0.019199
Al_degrader_E4_E3,25.89,0.01838
Al_degrader_E4_E3,25.95,0.017474
Al_degrader_E4_E3,26.009999999999998,0.016534666666666666
Al_degrader_E4_E3,26.07,0.015314444444444445
Al_degrader_E4_E3,26.13,0.014285666666666667
Al_degrader_E4_E3,26.189999999999998,0.013087333333333333
Al_degrader_E4_E3,26.25,0.012056
Al_degrader_E4_E3,26.31,0.010873333333333334
Al_degrader_E4_E3,26.369999999999997,0.009624333333333334
Al_degrader_E4_E3,26.43,0.008567888888888889
Al_degrader_E4_E3,26.49,0.007464222222222222
Al_degrader_E4_E3,26.549999999999997,0.006527777777777778
Al_degrader_E4_E3,26.61,0.005481
Al_degrader_E4_E3,26.67,0.004733444444444445
Al_degrader_E4_E3,26.729999999999997,0.003918
Al_degrader_E4_E3,26.79,0.003266888888888889
Al_degrader_E4_E3,26.85,0.0026485555555555555
Al_degrader_E4_E3,26.909999999999997,0.0021315555555555554
Al_degrader_E4_E3,26.97,0.0016884444444444445
Al_degrader_E4_E3,27.03,0.0013157777777777777
Al_degrader_E4_E3,27.089999999999996,0.001027
Al_degrader_E4_E3,27.15,0.0007822222222222222
Al_degrader_E4_E3,27.21,0.0006032222222222222
Al_degrader_E4_E3,27.27,0.000444
Al_degrader_E4_E3,27.33,0.00031622222222222224
Al_degrader_E4_E3,27.39,0.00024333333333333333
Al_degrader_E4_E3,27.45,0.00016988888888888888
Al_degrader_E4_E3,27.509999999999998,0.00012366666666666667
Al_degrader_E4_E3,27.57,7.988888888888889e-05
Al_degrader_E4_E3,27.63,5.4e-05
Al_degrader_E4_E3,27.689999999999998,3.677777777777778e-05
Al_degrader_E4_E3,27.75,2.4111111111111113e-05
Al_degrader_E4_E3,27.81,1.6555555555555556e-05
Al_degrader_E4_E3,27.869999999999997,9.666666666666667e-06
Al_degrader_E4_E3,27.93,6.666666666666667e-06
Al_degrader_E4_E3,27.99,4e-06
Al_degrader_E4_E3,28.049999999999997,2.5555555555555557e-06
Al_degrader_E4_E3,28.11,1.4444444444444445e-06
Al_degrader_E4_E3,28.17,8.888888888888889e-07
Al_degrader_E4_E3,28.229999999999997,5.555555555555555e-07
Al_degrader_E4_E3,28.29,1.1111111111111111e-07
Al_degrader_E4_E3,28.35,1.1111111111111111e-07
Al_degrader_E4_E3,28.409999999999997,2.2222222222222222e-07
Al_degrader_E4_E3,28.47,0.0
Al_degrader_E4_E3,28.53,0.0
Al_degrader_E4_E3,28.589999999999996,1.1111111111111111e-07
Ni10,20.61,3.3333333333333335e-07
Ni10,20.67,0.0
Ni10,20.729999999999997,0.0
Ni10,20.79,6.666666666666667e-07
Ni10,20.85,0.0
Ni10,20.909999999999997,3.3333333333333335e-07
Ni10,20.97,6.666666666666667e-07
Ni10,21.03,2e-06
Ni10,21.089999999999996,2e-06
Ni10,21.15,1.6666666666666667e-06
Ni10,21.21,5.666666666666667e-06
Ni10,21.27,8e-06
Ni10,21.33,8.666666666666666e-06
Ni10,21.39,1.3e-05
Ni10,21.45,2.3e-05
Ni10,21.509999999999998,3e-05
Ni10,21.57,4.7e-05
Ni10,21.63,6.533333333333333e-05
Ni10,21.689999999999998,0.00010133333333333333
Ni10,21.75,0.00014433333333333334
Ni10,21.81,0.00019533333333333333
Ni10,21.869999999999997,0.000286
Ni10,21.93,0.000396
Ni10,21.990000000000002,0.000527
Ni10,22.049999999999997,0.0007303333333333334
Ni10,22.11,0.0009703333333333334
Ni10,22.17,0.0012853333333333334
Ni10,22.229999999999997,0.001712
Ni10,22.29,0.0021743333333333332
Ni10,22.35,0.0027886666666666667
Ni10,22.409999999999997,0.0036006666666666665
Ni10,22.47,0.004516666666666667
Ni10,22.53,0.0055706666666666665
Ni10,22.589999999999996,0.006939333333333333
Ni10,22.65,0.008494
Ni10,22.71,0.010117666666666667
Ni10,22.77,0.012061333333333334
Ni10,22.83,0.014339333333333334
Ni10,22.89,0.016597666666666667
Ni10,22.95,0.019045
Ni10,23.009999999999998,0.021831666666666666
Ni10,23.07,0.02441166666666667
Ni10,23.13,0.027218333333333334
Ni10,23.189999999999998,0.030100333333333333
Ni10,23.25,0.032575
Ni10,23.31,0.034979333333333334
Ni10,23.369999999999997,0.03739833333333333
Ni10,23.43,0.039147
Ni10,23.490000000000002,0.04051933333333333
Ni10,23.549999999999997,0.042007
Ni10,23.61,0.042594
Ni10,23.67,0.042595
Ni10,23.729999999999997,0.04265666666666667
Ni10,23.79,0.04157333333333333
Ni10,23.85,0.040433
Ni10,23.909999999999997,0.038878
Ni10,23.97,0.036942666666666665
Ni10,24.03,0.034577666666666666
Ni10,24.089999999999996,0.03199766666666667
Ni10,24.15,0.029387
Ni10,24.21,0.026413666666666665
Ni10,24.27,0.023895666666666666
Ni10,24.33,0.020992
Ni10,24.39,0.018296333333333335
Ni10,24.45,0.01592266666666667
Ni10,24.509999999999998,0.013472
Ni10,24.57,0.011416
Ni10,24.63,0.009454333333333334
Ni10,24.689999999999998,0.007745
Ni10,24.75,0.006275666666666666
Ni10,24.81,0.0050023333333333335
Ni10,24.869999999999997,0.004038333333333333
Ni10,24.93,0.0031103333333333334
Ni10,24.990000000000002,0.002435333333333333
Ni10,25.049999999999997,0.0018603333333333334
Ni10,25.11,0.0014073333333333334
Ni10,25.17,0.0010493333333333333
Ni10,25.229999999999997,0.000769
Ni10,25.29,0.00057
Ni10,25.35,0.00039466666666666665
Ni10,25.409999999999997,0.0002776666666666667
Ni10,25.47,0.00019033333333333334
Ni10,25.53,0.00013166666666666668
Ni10,25.589999999999996,8.633333333333334e-05
Ni10,25.65,6.0333333333333334e-05
Ni10,25.71,4.133333333333333e-05
Ni10,25.77,2.5666666666666666e-05
Ni10,25.83,1.5e-05
Ni10,25.89,1.0333333333333333e-05
Ni10,25.95,7.666666666666667e-06
Ni10,26.009999999999998,3.3333333333333333e-06
Ni10,26.07,1e-06
Ni10,26.13,2.333333333333333e-06
Ni10,26.189999999999998,6.666666666666667e-07
Ni10,26.25,3.3333333333333335e-07
Ni10,26.31,3.3333333333333335e-07
Ni10,26.369999999999997,3.3333333333333335e-07
Ni10,26.43,0.0
Ni10,26.49,3.3333333333333335e-07
Sn10,20.490000000000002,3.3333333333333335e-07
Sn10,20.549999999999997,3.3333333333333335e-07
Sn10,20.61,3.3333333333333335e-07
Sn10,20.67,3.3333333333333335e-07
Sn10,20.729999999999997,3.3333333333333335e-07
Sn10,20.79,6.666666666666667e-07
Sn10,20.85,6.666666666666667e-07
Sn10,20.909999999999997,1.6666666666666667e-06
Sn10,20.97,3e-06
Sn10,21.03,4.666666666666666e-06
Sn10,21.089999999999996,7.666666666666667e-06
Sn10,21.15,1e-05
Sn10,21.21,1.8e-05
Sn10,21.27,2e-05
Sn10,21.33,2.7e-05
Sn10,21.39,4.5333333333333335e-05
Sn10,21.45,6.433333333333333e-05
Sn10,21.509999999999998,9.533333333333334e-05
Sn10,21.57,0.00014366666666666667
Sn10,21.63,0.00021
Sn10,21.689999999999998,0.00029633333333333334
Sn10,21.75,0.00041
Sn10,21.81,0.000562
Sn10,21.869999999999997,0.0007843333333333333
Sn10,21.93,0.001025
Sn10,21.990000000000002,0.0013516666666666666
Sn10,22.049999999999997,0.0018113333333333334
Sn10,22.11,0.002353333333333333
Sn10,22.17,0.003057666666666667
Sn10,22.229999999999997,0.0038513333333333333
Sn10,22.29,0.00481
Sn10,22.35,0.006044333333333333
Sn10,22.409999999999997,0.007594
Sn10,22.47,0.009182
Sn10,22.53,0.01112
Sn10,22.589999999999996,0.013275333333333333
Sn10,22.65,0.015616666666666666
Sn10,22.71,0.018088333333333335
Sn10,22.77,0.020795666666666667
Sn10,22.83,0.023645333333333334
Sn10,22.89,0.026487666666666666
Sn10,22.95,0.029325666666666667
Sn10,23.009999999999998,0.032221
Sn10,23.07,0.034874666666666665
Sn10,23.13,0.03758
Sn10,23.189999999999998,0.039624
Sn10,23.25,0.041285333333333334
Sn10,23.31,0.042384333333333336
Sn10,23.369999999999997,0.043378
Sn10,23.43,0.043491666666666665
Sn10,23.490000000000002,0.04338966666666667
Sn10,23.549999999999997,0.043013666666666665
Sn10,23.61,0.042078
Sn10,23.67,0.040291
Sn10,23.729999999999997,0.038143
Sn10,23.79,0.035436666666666665
Sn10,23.85,0.03304833333333333
Sn10,23.909999999999997,0.030217
Sn10,23.97,0.027217
Sn10,24.03,0.024359333333333334
Sn10,24.089999999999996,0.021582
Sn10,24.15,0.018844
Sn10,24.21,0.016244666666666668
Sn10,24.27,0.013667
Sn10,24.33,0.01145
Sn10,24.39,0.009426
Sn10,24.45,0.007677333333333334
Sn10,24.509999999999998,0.0061983333333333335
Sn10,24.57,0.0049626666666666664
Sn10,24.63,0.0038873333333333334
Sn10,24.689999999999998,0.0030523333333333335
Sn10,24.75,0.002337
Sn10,24.81,0.001778
Sn10,24.869999999999997,0.001372
Sn10,24.93,0.0010153333333333334
Sn10,24.990000000000002,0.0007236666666666666
Sn10,25.049999999999997,0.0005053333333333333
Sn10,25.11,0.000348
Sn10,25.17,0.000251
Sn10,25.229999999999997,0.000166
Sn10,25.29,0.000121
Sn10,25.35,7.4e-05
Sn10,25.409999999999997,5.266666666666667e-05
Sn10,25.47,3.366666666666667e-05
Sn10,25.53,2.1333333333333335e-05
Sn10,25.589999999999996,1.4e-05
Sn10,25.65,8.666666666666666e-06
Sn10,25.71,5.333333333333334e-06
Sn10,25.77,2.666666666666667e-06
Sn10,25.83,1.6666666666666667e-06
Sn10,25.89,6.666666666666667e-07
Sn10,25.95,1e-06
Sn10,26.009999999999998,0.0
Sn10,26.07,0.0
Sn10,26.13,6.666666666666667e-07
Sn10,26.189999999999998,3.3333333333333335e-07
Ta10,20.189999999999998,3.3333333333333335e-07
Ta10,20.25,0.0
Ta10,20.31,0.0
Ta10,20.369999999999997,6.666666666666667e-07
Ta10,20.43,0.0
Ta10,20.490000000000002,6.666666666666667e-07
Ta10,20.549999999999997,6.666666666666667e-07
Ta10,20.61,1.6666666666666667e-06
Ta10,20.67,2e-06
Ta10,20.729999999999997,2.333333333333333e-06
Ta10,20.79,6e-06
Ta10,20.85,7.333333333333333e-06
Ta10,20.909999999999997,9.666666666666667e-06
Ta10,20.97,1.3e-05
Ta10,21.03,2.4333333333333333e-05
Ta10,21.089999999999996,3.2e-05
Ta10,21.15,4.2e-05
Ta10,21.21,6.766666666666667e-05
Ta10,21.27,9.933333333333334e-05
Ta10,21.33,0.00014633333333333333
Ta10,21.39,0.00019533333333333333
Ta10,21.45,0.0002756666666666667
Ta10,21.509999999999998,0.0004026666666666667
Ta10,21.57,0.0005373333333333333
Ta10,21.63,0.0007066666666666666
Ta10,21.689999999999998,0.0009586666666666667
Ta10,21.75,0.0012843333333333333
Ta10,21.81,0.001677
Ta10,21.869999999999997,0.0021906666666666667
Ta10,21.93,0.0027383333333333335
Ta10,21.990000000000002,0.0035436666666666668
Ta10,22.049999999999997,0.004437
Ta10,22.11,0.005592333333333334
Ta10,22.17,0.006788333333333334
Ta10,22.229999999999997,0.008412666666666667
Ta10,22.29,0.00997
Ta10,22.35,0.011954333333333334
Ta10,22.409999999999997,0.014238
Ta10,22.47,0.016403
Ta10,22.53,0.019004666666666666
Ta10,22.589999999999996,0.021546333333333334
Ta10,22.65,0.024241333333333333
Ta10,22.71,0.027016
Ta10,22.77,0.02972
Ta10,22.83,0.032476333333333336
Ta10,22.89,0.03482166666666667
Ta10,22.95,0.03715433333333333
Ta10,23.009999999999998,0.039101666666666667
Ta10,23.07,0.04039566666666667
Ta10,23.13,0.041793666666666666
Ta10,23.189999999999998,0.04229
Ta10,23.25,0.04276166666666667
Ta10,23.31,0.04241866666666667
Ta10,23.369999999999997,0.04174633333333334
Ta10,23.43,0.040466
Ta10,23.490000000000002,0.03900133333333333
Ta10,23.549999999999997,0.036994
Ta10,23.61,0.034849
Ta10,23.67,0.03202633333333333
Ta10,23.729999999999997,0.029553
Ta10,23.79,0.026619666666666666
Ta10,23.85,0.024059
Ta10,23.909999999999997,0.021294
Ta10,23.97,0.018491333333333332
Ta10,24.03,0.016152333333333335
Ta10,24.089999999999996,0.013640333333333334
Ta10,24.15,0.011631333333333334
Ta10,24.21,0.009529666666666667
Ta10,24.27,0.007904666666666667
Ta10,24.33,0.006423
Ta10,24.39,0.005093
Ta10,24.45,0.004128666666666667
Ta10,24.509999999999998,0.0031723333333333334
Ta10,24.57,0.002557
Ta10,24.63,0.0018826666666666666
Ta10,24.689999999999998,0.0014796666666666667
Ta10,24.75,0.0010883333333333333
Ta10,24.81,0.0008143333333333334
Ta10,24.869999999999997,0.000574
Ta10,24.93,0.0004243333333333333
Ta10,24.990000000000002,0.00028733333333333334
Ta10,25.049999999999997,0.00019933333333333334
Ta10,25.11,0.00014033333333333332
Ta10,25.17,9.066666666666667e-05
Ta10,25.229999999999997,6.533333333333333e-05
Ta10,25.29,4.266666666666667e-05
Ta10,25.35,2.8666666666666668e-05
Ta10,25.409999999999997,1.633333333333333e-05
Ta10,25.47,1.2666666666666667e-05
Ta10,25.53,6.333333333333333e-06
Ta10,25.589999999999996,5e-06
Ta10,25.65,1.3333333333333334e-06
Ta10,25.71,2e-06
Ta10,25.77,6.666666666666667e-07
Ta10,25.83,6.666666666666667e-07
Ta10,25.89,3.3333333333333335e-07
Ta10,25.95,3.3333333333333335e-07
Ta10,26.009999999999998,0.0
Ta10,26.07,0.0
Ta10,26.13,3.3333333333333335e-07
Cu10,19.83,3.3333333333333335e-07
Cu10,19.89,0.0
Cu10,19.95,0.0
Cu10,20.009999999999998,6.666666666666667e-07
Cu10,20.07,0.0
Cu10,20.13,3.3333333333333335e-07
Cu10,20.189999999999998,1e-06
Cu10,20.25,1e-06
Cu10,20.31,2e-06
Cu10,20.369999999999997,2e-06
Cu10,20.43,5.333333333333334e-06
Cu10,20.490000000000002,6.333333333333333e-06
Cu10,20.549999999999997,1.0333333333333333e-05
Cu10,20.61,1.1666666666666666e-05
Cu10,20.67,1.8333333333333333e-05
Cu10,20.729999999999997,2.8333333333333332e-05
Cu10,20.79,3.7e-05
Cu10,20.85,5.966666666666667e-05
Cu10,20.909999999999997,8.566666666666667e-05
Cu10,20.97,0.00011766666666666666
Cu10,21.03,0.000176
Cu10,21.089999999999996,0.00023966666666666667
Cu10,21.15,0.000335
Cu10,21.21,0.000462
Cu10,21.27,0.0006053333333333334
Cu10,21.33,0.0008206666666666667
Cu10,21.39,0.0011166666666666666
Cu10,21.45,0.0014043333333333334
Cu10,21.509999999999998,0.0018996666666666667
Cu10,21.57,0.0023913333333333334
Cu10,21.63,0.003011
Cu10,21.689999999999998,0.003828
Cu10,21.75,0.004842666666666667
Cu10,21.81,0.005875666666666667
Cu10,21.869999999999997,0.007232666666666667
Cu10,21.93,0.008840666666666667
Cu10,21.990000000000002,0.010458333333333333
Cu10,22.049999999999997,0.012413
Cu10,22.11,0.014672333333333334
Cu10,22.17,0.016859333333333334
Cu10,22.229999999999997,0.019304333333333333
Cu10,22.29,0.021901
Cu10,22.35,0.024487
Cu10,22.409999999999997,0.027254666666666667
Cu10,22.47,0.029893
Cu10,22.53,0.032408
Cu10,22.589999999999996,0.03459333333333333
Cu10,22.65,0.036873666666666666
Cu10,22.71,0.03872266666666667
Cu10,22.77,0.039874
Cu10,22.83,0.04131066666666667
Cu10,22.89,0.04174233333333333
Cu10,22.95,0.042008333333333335
Cu10,23.009999999999998,0.041883333333333335
Cu10,23.07,0.041010333333333336
Cu10,23.13,0.039738333333333334
Cu10,23.189999999999998,0.038329
Cu10,23.25,0.036488
Cu10,23.31,0.03425366666666667
Cu10,23.369999999999997,0.03171533333333333
Cu10,23.43,0.029264
Cu10,23.490000000000002,0.026358333333333334
Cu10,23.549999999999997,0.023829666666666666
Cu10,23.61,0.021224666666666666
Cu10,23.67,0.018436333333333332
Cu10,23.729999999999997,0.016211
Cu10,23.79,0.013683333333333334
Cu10,23.85,0.011775333333333334
Cu10,23.909999999999997,0.00976
Cu10,23.97,0.008008666666666667
Cu10,24.03,0.006582333333333333
Cu10,24.089999999999996,0.005231
Cu10,24.15,0.004296333333333333
Cu10,24.21,0.003330333333333333
Cu10,24.27,0.0026286666666666667
Cu10,24.33,0.002035
Cu10,24.39,0.001536
Cu10,24.45,0.0011466666666666667
Cu10,24.509999999999998,0.000881
Cu10,24.57,0.0006413333333333334
Cu10,24.63,0.0004606666666666667
Cu10,24.689999999999998,0.00032033333333333333
Cu10,24.75,0.000224
Cu10,24.81,0.00015666666666666666
Cu10,24.869999999999997,0.00010166666666666667
Cu10,24.93,8.133333333333334e-05
Cu10,24.990000000000002,4.133333333333333e-05
Cu10,25.049999999999997,3.566666666666667e-05
Cu10,25.11,2.1e-05
Cu10,25.17,1.3e-05
Cu10,25.229999999999997,7.333333333333333e-06
Cu10,25.29,6.666666666666667e-06
Cu10,25.35,3e-06
Cu10,25.409999999999997,1e-06
Cu10,25.47,1.6666666666666667e-06
Cu10,25.53,3.3333333333333335e-07
Cu10,25.589999999999996,6.666666666666667e-07
Cu10,25.65,0.0
Cu10,25.71,3.3333333333333335e-07
Cu10,25.77,0.0
Cu10,25.83,3.3333333333333335e-07
Al_degrader_E6_E5,16.95,9.090909090909091e-08
Al_degrader_E6_E5,17.009999999999998,0.0
Al_degrader_E6_E5,17.07,0.0
Al_degrader_E6_E5,17.13,9.090909090909091e-08
Al_degrader_E6_E5,17.189999999999998,0.0
Al_degrader_E6_E5,17.25,9.090909090909091e-08
Al_degrader_E6_E5,17.310000000000002,9.090909090909091e-08
Al_degrader_E6_E5,17.369999999999997,9.090909090909091e-08
Al_degrader_E6_E5,17.43,3.6363636363636366e-07
Al_degrader_E6_E5,17.490000000000002,4.545454545454545e-07
Al_degrader_E6_E5,17.549999999999997,4.545454545454545e-07
Al_degrader_E6_E5,17.61,8.181818181818182e-07
Al_degrader_E6_E5,17.67,9.09090909090909e-07
Al_degrader_E6_E5,17.729999999999997,2.3636363636363636e-06
Al_degrader_E6_E5,17.79,2.0909090909090907e-06
Al_degrader_E6_E5,17.85,2.0909090909090907e-06
Al_degrader_E6_E5,17.909999999999997,4.909090909090909e-06
Al_degrader_E6_E5,17.97,5.909090909090909e-06
Al_degrader_E6_E5,18.03,8.727272727272728e-06
Al_degrader_E6_E5,18.09,1.2454545454545454e-05
Al_degrader_E6_E5,18.15,1.4727272727272728e-05
Al_degrader_E6_E5,18.21,2.4e-05
Al_degrader_E6_E5,18.27,3.318181818181818e-05
Al_degrader_E6_E5,18.33,4.209090909090909e-05
Al_degrader_E6_E5,18.39,5.581818181818182e-05
Al_degrader_E6_E5,18.45,7.727272727272727e-05
Al_degrader_E6_E5,18.509999999999998,0.00010454545454545455
Al_degrader_E6_E5,18.57,0.00012863636363636365
Al_degrader_E6_E5,18.63,0.00016772727272727273
Al_degrader_E6_E5,18.689999999999998,0.000221
Al_degrader_E6_E5,18.75,0.0002847272727272727
Al_degrader_E6_E5,18.81,0.000371
Al_degrader_E6_E5,18.869999999999997,0.0004489090909090909
Al_degrader_E6_E5,18.93,0.0005562727272727273
Al_degrader_E6_E5,18.990000000000002,0.0007054545454545455
Al_degrader_E6_E5,19.049999999999997,0.000869
Al_degrader_E6_E5,19.11,0.001092
Al_degrader_E6_E5,19.17,0.00128
Al_degrader_E6_E5,19.229999999999997,0.0015517272727272728
Al_degrader_E6_E5,19.29,0.0018864545454545455
Al_degrader_E6_E5,19.35,0.002240090909090909
Al_degrader_E6_E5,19.409999999999997,0.0026285454545454546
Al_degrader_E6_E5,19.47,0.0030377272727272727
Al_degrader_E6_E5,19.53,0.003555727272727273
Al_degrader_E6_E5,19.59,0.0040964545454545455
Al_degrader_E6_E5,19.65,0.004715545454545455
Al_degrader_E6_E5,19.71,0.005280090909090909
Al_degrader_E6_E5,19.77,0.005965909090909091
Al_degrader_E6_E5,19.83,0.0067100909090909095
Al_degrader_E6_E5,19.89,0.0074786363636363635
Al_degrader_E6_E5,19.95,0.00826190909090909
Al_degrader_E6_E5,20.009999999999998,0.008968363636363637
Al_degrader_E6_E5,20.07,0.009867454545454546
Al_degrader_E6_E5,20.13,0.010653181818181819
Al_degrader_E6_E5,20.189999999999998,0.011516909090909092
Al_degrader_E6_E5,20.25,0.012236636363636364
Al_degrader_E6_E5,20.31,0.013039363636363637
Al_degrader_E6_E5,20.369999999999997,0.013903090909090908
Al_degrader_E6_E5,20.43,0.014653272727272727
Al_degrader_E6_E5,20.490000000000002,0.015343181818181818
Al_degrader_E6_E5,20.549999999999997,0.015910363636363636
Al_degrader_E6_E5,20.61,0.016662636363636362
Al_degrader_E6_E5,20.67,0.017191181818181817
Al_degrader_E6_E5,20.729999999999997,0.017847363636363637
Al_degrader_E6_E5,20.79,0.018180545454545456
Al_degrader_E6_E5,20.85,0.018631818181818183
Al_degrader_E6_E5,20.909999999999997,0.019147363636363636
Al_degrader_E6_E5,20.97,0.01946181818181818
Al_degrader_E6_E5,21.03,0.01975381818181818
Al_degrader_E6_E5,21.089999999999996,0.01995290909090909
Al_degrader_E6_E5,21.15,0.020286454545454545
Al_degrader_E6_E5,21.21,0.02052018181818182
Al_degrader_E6_E5,21.27,0.020699
Al_degrader_E6_E5,21.33,0.020689727272727273
Al_degrader_E6_E5,21.39,0.020941636363636364
Al_degrader_E6_E5,21.45,0.020959545454545453
Al_degrader_E6_E5,21.509999999999998,0.021192909090909092
Al_degrader_E6_E5,21.57,0.021043545454545454
Al_degrader_E6_E5,21.63,0.02112381818181818
Al_degrader_E6_E5,21.689999999999998,0.021142636363636363
Al_degrader_E6_E5,21.75,0.02119018181818182
Al_degrader_E6_E5,21.81,0.021028727272727272
Al_degrader_E6_E5,21.869999999999997,0.020915454545454546
Al_degrader_E6_E5,21.93,0.020893
Al_degrader_E6_E5,21.990000000000002,0.020678181818181818
Al_degrader_E6_E5,22.049999999999997,0.020472363636363636
Al_degrader_E6_E5,22.11,0.020098181818181817
Al_degrader_E6_E5,22.17,0.01989181818181818
Al_degrader_E6_E5,22.229999999999997,0.019496090909090907
Al_degrader_E6_E5,22.29,0.019080636363636362
Al_degrader_E6_E5,22.35,0.018414363636363635
Al_degrader_E6_E5,22.409999999999997,0.017972181818181818
Al_degrader_E6_E5,22.47,0.017337454545454545
Al_degrader_E6_E5,22.53,0.016645272727272727
Al_degrader_E6_E5,22.589999999999996,0.015759909090909092
Al_degrader_E6_E5,22.65,0.015009545454545454
Al_degrader_E6_E5,22.71,0.014162
Al_degrader_E6_E5,22.77,0.01327490909090909
Al_degrader_E6_E5,22.83,0.012283636363636363
Al_degrader_E6_E5,22.89,0.011352727272727273
Al_degrader_E6_E5,22.95,0.010415363636363636
Al_degrader_E6_E5,23.009999999999998,0.009529181818181819
Al_degrader_E6_E5,23.07,0.008518818181818181
Al_degrader_E6_E5,23.13,0.007589818181818182
Al_degrader_E6_E5,23.189999999999998,0.006721090909090909
Al_degrader_E6_E5,23.25,0.005958909090909091
Al_degrader_E6_E5,23.31,0.005151545454545455
Al_degrader_E6_E5,23.369999999999997,0.004428454545454545
Al_degrader_E6_E5,23.43,0.0037896363636363635
Al_degrader_E6_E5,23.490000000000002,0.003216090909090909
Al_degrader_E6_E5,23.549999999999997,0.002683909090909091
Al_degrader_E6_E5,23.61,0.0022285454545454544
Al_degrader_E6_E5,23.67,0.001797
Al_degrader_E6_E5,23.729999999999997,0.0014781818181818182
Al_degrader_E6_E5,23.79,0.0011695454545454546
Al_degrader_E6_E5,23.85,0.0009446363636363636
Al_degrader_E6_E5,23.909999999999997,0.0007219090909090909
Al_degrader_E6_E5,23.97,0.0005783636363636364
Al_degrader_E6_E5,24.03,0.00044345454545454544
Al_degrader_E6_E5,24.089999999999996,0.0003308181818181818
Al_degrader_E6_E5,24.15,0.0002497272727272727
Al_degrader_E6_E5,24.21,0.0001898181818181818
Al_degrader_E6_E5,24.27,0.00013781818181818182
Al_degrader_E6_E5,24.33,9.881818181818182e-05
Al_degrader_E6_E5,24.39,7.209090909090909e-05
Al_degrader_E6_E5,24.45,4.8363636363636364e-05
Al_degrader_E6_E5,24.509999999999998,3.381818181818182e-05
Al_degrader_E6_E5,24.57,2.2545454545454544e-05
Al_degrader_E6_E5,24.63,1.7e-05
Al_degrader_E6_E5,24.689999999999998,1e-05
Al_degrader_E6_E5,24.75,7.636363636363636e-06
Al_degrader_E6_E5,24.81,4.5454545454545455e-06
Al_degrader_E6_E5,24.869999999999997,2.9090909090909093e-06
Al_degrader_E6_E5,24.93,2.181818181818182e-06
Al_degrader_E6_E5,24.990000000000002,9.09090909090909e-07
Al_degrader_E6_E5,25.049999999999997,8.181818181818182e-07
Al_degrader_E6_E5,25.11,3.6363636363636366e-07
Al_degrader_E6_E5,25.17,3.6363636363636366e-07
Al_degrader_E6_E5,25.229999999999997,0.0
Al_degrader_E6_E5,25.29,2.7272727272727274e-07
Al_degrader_E6_E5,25.35,0.0
Al_degrader_E6_E5,25.409999999999997,0.0
Al_degrader_E6_E5,25.47,0.0
Al_degrader_E6_E5,25.53,9.090909090909091e-08
Ni11,16.53,3.3333333333333335e-07
Ni11,16.59,0.0
Ni11,16.65,0.0
Ni11,16.71,6.666666666666667e-07
Ni11,16.77,0.0
Ni11,16.83,3.3333333333333335e-07
Ni11,16.89,3.3333333333333335e-07
Ni11,16.95,1.3333333333333334e-06
Ni11,17.009999999999998,1.3333333333333334e-06
Ni11,17.07,1.6666666666666667e-06
Ni11,17.13,1.6666666666666667e-06
Ni11,17.189999999999998,4.666666666666666e-06
Ni11,17.25,4e-06
Ni11,17.310000000000002,9e-06
Ni11,17.369999999999997,8e-06
Ni11,17.43,1.1333333333333334e-05
Ni11,17.490000000000002,2.1666666666666667e-05
Ni11,17.549999999999997,2.7e-05
Ni11,17.61,3.266666666666666e-05
Ni11,17.67,4.9e-05
Ni11,17.729999999999997,7.1e-05
Ni11,17.79,9.933333333333334e-05
Ni11,17.85,0.00013333333333333334
Ni11,17.909999999999997,0.00017266666666666667
Ni11,17.97,0.000237
Ni11,18.03,0.00031833333333333334
Ni11,18.09,0.0004296666666666667
Ni11,18.15,0.0005206666666666667
Ni11,18.21,0.0006903333333333334
Ni11,18.27,0.0009126666666666667
Ni11,18.33,0.0011423333333333333
Ni11,18.39,0.0014763333333333334
Ni11,18.45,0.001816
Ni11,18.509999999999998,0.0022403333333333333
Ni11,18.57,0.0027863333333333334
Ni11,18.63,0.003436666666666667
Ni11,18.689999999999998,0.004224
Ni11,18.75,0.004982
Ni11,18.81,0.006078666666666666
Ni11,18.869999999999997,0.007274333333333333
Ni11,18.93,0.008450333333333334
Ni11,18.990000000000002,0.009868333333333333
Ni11,19.049999999999997,0.011506666666666667
Ni11,19.11,0.013269
Ni11,19.17,0.015035
Ni11,19.229999999999997,0.016897666666666665
Ni11,19.29,0.019054
Ni11,19.35,0.021064
Ni11,19.409999999999997,0.023291
Ni11,19.47,0.025312333333333333
Ni11,19.53,0.027487666666666667
Ni11,19.59,0.029464666666666667
Ni11,19.65,0.031165
Ni11,19.71,0.03301233333333333
Ni11,19.77,0.03434466666666667
Ni11,19.83,0.035428
Ni11,19.89,0.036644666666666666
Ni11,19.95,0.037344666666666665
Ni11,20.009999999999998,0.03750166666666667
Ni11,20.07,0.03769433333333334
Ni11,20.13,0.037241666666666666
Ni11,20.189999999999998,0.036519666666666666
Ni11,20.25,0.03556566666666667
Ni11,20.31,0.03447633333333333
Ni11,20.369999999999997,0.032899333333333336
Ni11,20.43,0.031158
Ni11,20.490000000000002,0.029217
Ni11,20.549999999999997,0.027338666666666667
Ni11,20.61,0.025056666666666668
Ni11,20.67,0.022813666666666666
Ni11,20.729999999999997,0.020928333333333334
Ni11,20.79,0.018598333333333335
Ni11,20.85,0.016463333333333333
Ni11,20.909999999999997,0.014603666666666666
Ni11,20.97,0.012566333333333334
Ni11,21.03,0.011046333333333333
Ni11,21.089999999999996,0.009328666666666667
Ni11,21.15,0.007838666666666667
Ni11,21.21,0.006638
Ni11,21.27,0.00544
Ni11,21.33,0.004449333333333333
Ni11,21.39,0.0036936666666666667
Ni11,21.45,0.0029326666666666668
Ni11,21.509999999999998,0.0023513333333333333
Ni11,21.57,0.001885
Ni11,21.63,0.0014486666666666667
Ni11,21.689999999999998,0.0011483333333333332
Ni11,21.75,0.0008703333333333333
Ni11,21.81,0.000661
Ni11,21.869999999999997,0.0005056666666666666
Ni11,21.93,0.0003716666666666667
Ni11,21.990000000000002,0.000254
Ni11,22.049999999999997,0.00019833333333333332
Ni11,22.11,0.00013233333333333334
Ni11,22.17,9.033333333333334e-05
Ni11,22.229999999999997,7.633333333333334e-05
Ni11,22.29,4.3e-05
Ni11,22.35,3.266666666666666e-05
Ni11,22.409999999999997,2.4e-05
Ni11,22.47,1.2666666666666667e-05
Ni11,22.53,1.0333333333333333e-05
Ni11,22.589999999999996,6e-06
Ni11,22.65,4.333333333333333e-06
Ni11,22.71,2.333333333333333e-06
Ni11,22.77,1e-06
Ni11,22.83,1.6666666666666667e-06
Ni11,22.89,3.3333333333333335e-07
Ni11,22.95,3.3333333333333335e-07
Ni11,23.009999999999998,3.3333333333333335e-07
Ni11,23.07,3.3333333333333335e-07
Ni11,23.13,0.0
Ni11,23.189999999999998,0.0
Ni11,23.25,3.3333333333333335e-07
Sn11,16.409999999999997,3.3333333333333335e-07
Sn11,16.47,3.3333333333333335e-07
Sn11,16.53,3.3333333333333335e-07
Sn11,16.59,3.3333333333333335e-07
Sn11,16.65,3.3333333333333335e-07
Sn11,16.71,6.666666666666667e-07
Sn11,16.77,6.666666666666667e-07
Sn11,16.83,1.3333333333333334e-06
Sn11,16.89,2.333333333333333e-06
Sn11,16.95,3.3333333333333333e-06
Sn11,17.009999999999998,3.6666666666666666e-06
Sn11,17.07,5.666666666666667e-06
Sn11,17.13,7.666666666666667e-06
Sn11,17.189999999999998,1.4e-05
Sn11,17.25,1.633333333333333e-05
Sn11,17.310000000000002,1.9333333333333333e-05
Sn11,17.369999999999997,2.6666666666666667e-05
Sn11,17.43,4.0333333333333336e-05
Sn11,17.490000000000002,5.8e-05
Sn11,17.549999999999997,7.9e-05
Sn11,17.61,0.00010833333333333333
Sn11,17.67,0.00015366666666666667
Sn11,17.729999999999997,0.000213
Sn11,17.79,0.0002826666666666667
Sn11,17.85,0.000369
Sn11,17.909999999999997,0.000483
Sn11,17.97,0.0006506666666666667
Sn11,18.03,0.000825
Sn11,18.09,0.001043
Sn11,18.15,0.0013276666666666667
Sn11,18.21,0.0016896666666666666
Sn11,18.27,0.0021596666666666665
Sn11,18.33,0.002681666666666667
Sn11,18.39,0.0032806666666666665
Sn11,18.45,0.003980333333333333
Sn11,18.509999999999998,0.0047936666666666666
Sn11,18.57,0.005929333333333333
Sn11,18.63,0.007062333333333334
Sn11,18.689999999999998,0.008374666666666667
Sn11,18.75,0.009839666666666667
Sn11,18.81,0.011462
Sn11,18.869999999999997,0.013296
Sn11,18.93,0.015093333333333334
Sn11,18.990000000000002,0.017179333333333335
Sn11,19.049999999999997,0.01926
Sn11,19.11,0.021400666666666665
Sn11,19.17,0.023600666666666666
Sn11,19.229999999999997,0.025786666666666666
Sn11,19.29,0.027969333333333332
Sn11,19.35,0.030078
Sn11,19.409999999999997,0.03222133333333333
Sn11,19.47,0.03390666666666667
Sn11,19.53,0.03534466666666667
Sn11,19.59,0.036498666666666665
Sn11,19.65,0.037447666666666664
Sn11,19.71,0.03802266666666667
Sn11,19.77,0.03820166666666667
Sn11,19.83,0.03806
Sn11,19.89,0.03796033333333333
Sn11,19.95,0.03739833333333333
Sn11,20.009999999999998,0.03635666666666667
Sn11,20.07,0.03488033333333333
Sn11,20.13,0.032987
Sn11,20.189999999999998,0.031010666666666666
Sn11,20.25,0.029156
Sn11,20.31,0.027002333333333333
Sn11,20.369999999999997,0.024641
Sn11,20.43,0.022449333333333335
Sn11,20.490000000000002,0.02021533333333333
Sn11,20.549999999999997,0.018105333333333334
Sn11,20.61,0.01605
Sn11,20.67,0.013927666666666666
Sn11,20.729999999999997,0.011993666666666666
Sn11,20.79,0.010242333333333334
Sn11,20.85,0.008662
Sn11,20.909999999999997,0.007217333333333333
Sn11,20.97,0.006011333333333333
Sn11,21.03,0.0049503333333333335
Sn11,21.089999999999996,0.004006333333333333
Sn11,21.15,0.0032513333333333335
Sn11,21.21,0.002598333333333333
Sn11,21.27,0.0020503333333333333
Sn11,21.33,0.001606
Sn11,21.39,0.001281
Sn11,21.45,0.0009913333333333334
Sn11,21.509999999999998,0.0007343333333333334
Sn11,21.57,0.0005413333333333333
Sn11,21.63,0.0003953333333333333
Sn11,21.689999999999998,0.00028866666666666667
Sn11,21.75,0.00019733333333333332
Sn11,21.81,0.00014633333333333333
Sn11,21.869999999999997,0.00011066666666666667
Sn11,21.93,7.233333333333333e-05
Sn11,21.990000000000002,5.0333333333333335e-05
Sn11,22.049999999999997,3.6666666666666666e-05
Sn11,22.11,2.2666666666666668e-05
Sn11,22.17,1.7e-05
Sn11,22.229999999999997,1e-05
Sn11,22.29,6e-06
Sn11,22.35,4.333333333333333e-06
Sn11,22.409999999999997,2.666666666666667e-06
Sn11,22.47,1.3333333333333334e-06
Sn11,22.53,1e-06
Sn11,22.589999999999996,6.666666666666667e-07
Sn11,22.65,3.3333333333333335e-07
Sn11,22.71,0.0
Sn11,22.77,3.3333333333333335e-07
Sn11,22.83,3.3333333333333335e-07
Sn11,22.89,3.3333333333333335e-07
Ta11,16.049999999999997,3.3333333333333335e-07
Ta11,16.11,0.0
Ta11,16.17,0.0
Ta11,16.229999999999997,6.666666666666667e-07
Ta11,16.29,0.0
Ta11,16.35,3.3333333333333335e-07
Ta11,16.409999999999997,1e-06
Ta11,16.47,6.666666666666667e-07
Ta11,16.53,1.6666666666666667e-06
Ta11,16.59,2e-06
Ta11,16.65,1.6666666666666667e-06
Ta11,16.71,4.333333333333333e-06
Ta11,16.77,5e-06
Ta11,16.83,9e-06
Ta11,16.89,1.0333333333333333e-05
Ta11,16.95,1.0333333333333333e-05
Ta11,17.009999999999998,2.3333333333333332e-05
Ta11,17.07,2.6333333333333334e-05
Ta11,17.13,3.1333333333333334e-05
Ta11,17.189999999999998,5.933333333333334e-05
Ta11,17.25,6.466666666666666e-05
Ta11,17.310000000000002,9.233333333333333e-05
Ta11,17.369999999999997,0.00013933333333333332
Ta11,17.43,0.00017233333333333334
Ta11,17.490000000000002,0.00023466666666666666
Ta11,17.549999999999997,0.0003246666666666667
Ta11,17.61,0.000406
Ta11,17.67,0.0005303333333333333
Ta11,17.729999999999997,0.000709
Ta11,17.79,0.000868
Ta11,17.85,0.0011256666666666667
Ta11,17.909999999999997,0.001423
Ta11,17.97,0.0018206666666666666
Ta11,18.03,0.0021646666666666667
Ta11,18.09,0.002706
Ta11,18.15,0.0033623333333333335
Ta11,18.21,0.004062666666666667
Ta11,18.27,0.004958666666666667
Ta11,18.33,0.005840666666666667
Ta11,18.39,0.007026333333333333
Ta11,18.45,0.008287666666666667
Ta11,18.509999999999998,0.009607333333333334
Ta11,18.57,0.011266666666666666
Ta11,18.63,0.012861333333333334
Ta11,18.689999999999998,0.014660666666666667
Ta11,18.75,0.01659566666666667
Ta11,18.81,0.018542333333333334
Ta11,18.869999999999997,0.020628666666666667
Ta11,18.93,0.022606
Ta11,18.990000000000002,0.024863
Ta11,19.049999999999997,0.026886
Ta11,19.11,0.028948666666666668
Ta11,19.17,0.030591666666666666
Ta11,19.229999999999997,0.032523666666666666
Ta11,19.29,0.034011
Ta11,19.35,0.035007333333333335
Ta11,19.409999999999997,0.03629533333333333
Ta11,19.47,0.036765
Ta11,19.53,0.03716666666666667
Ta11,19.59,0.037436
Ta11,19.65,0.037186
Ta11,19.71,0.036617333333333335
Ta11,19.77,0.03564133333333333
Ta11,19.83,0.034594
Ta11,19.89,0.03322833333333333
Ta11,19.95,0.03152666666666667
Ta11,20.009999999999998,0.02965133333333333
Ta11,20.07,0.027547
Ta11,20.13,0.025612666666666666
Ta11,20.189999999999998,0.023292666666666666
Ta11,20.25,0.021358
Ta11,20.31,0.019239666666666665
Ta11,20.369999999999997,0.016965
Ta11,20.43,0.015219
Ta11,20.490000000000002,0.013218666666666667
Ta11,20.549999999999997,0.011338333333333334
Ta11,20.61,0.009888333333333334
Ta11,20.67,0.008213666666666666
Ta11,20.729999999999997,0.007009666666666667
Ta11,20.79,0.005813666666666667
Ta11,20.85,0.004720666666666666
Ta11,20.909999999999997,0.0039963333333333335
Ta11,20.97,0.0031546666666666667
Ta11,21.03,0.0025403333333333332
Ta11,21.089999999999996,0.0020443333333333333
Ta11,21.15,0.0016036666666666667
Ta11,21.21,0.0012703333333333334
Ta11,21.27,0.0009693333333333333
Ta11,21.33,0.0007456666666666666
Ta11,21.39,0.000563
Ta11,21.45,0.0004136666666666667
Ta11,21.509999999999998,0.0003046666666666667
Ta11,21.57,0.00021433333333333333
Ta11,21.63,0.00016533333333333333
Ta11,21.689999999999998,0.00010833333333333333
Ta11,21.75,7.766666666666667e-05
Ta11,21.81,5.766666666666667e-05
Ta11,21.869999999999997,3.9666666666666664e-05
Ta11,21.93,2.7333333333333335e-05
Ta11,21.990000000000002,1.8333333333333333e-05
Ta11,22.049999999999997,1.1333333333333334e-05
Ta11,22.11,7.666666666666667e-06
Ta11,22.17,5e-06
Ta11,22.229999999999997,4e-06
Ta11,22.29,6.666666666666667e-07
Ta11,22.35,2e-06
Ta11,22.409999999999997,6.666666666666667e-07
Ta11,22.47,3.3333333333333335e-07
Ta11,22.53,6.666666666666667e-07
Ta11,22.589999999999996,0.0
Ta11,22.65,3.3333333333333335e-07
Ta11,22.71,0.0
Ta11,22.77,3.3333333333333335e-07
Cu11,15.57,3.3333333333333335e-07
Cu11,15.629999999999999,0.0
Cu11,15.69,0.0
Cu11,15.75,0.0
Cu11,15.809999999999999,6.666666666666667e-07
Cu11,15.87,0.0
Cu11,15.93,3.3333333333333335e-07
Cu11,15.989999999999998,6.666666666666667e-07
Cu11,16.049999999999997,1e-06
Cu11,16.11,1.3333333333333334e-06
Cu11,16.17,1e-06
Cu11,16.229999999999997,2e-06
Cu11,16.29,4e-06
Cu11,16.35,4.333333333333333e-06
Cu11,16.409999999999997,8.333333333333334e-06
Cu11,16.47,8.333333333333334e-06
Cu11,16.53,1.1e-05
Cu11,16.59,1.8e-05
Cu11,16.65,2.5e-05
Cu11,16.71,2.8e-05
Cu11,16.77,4.3e-05
Cu11,16.83,6.266666666666667e-05
Cu11,16.89,8.5e-05
Cu11,16.95,0.00010833333333333333
Cu11,17.009999999999998,0.00015266666666666667
Cu11,17.07,0.00019666666666666666
Cu11,17.13,0.0002646666666666667
Cu11,17.189999999999998,0.0003643333333333333
Cu11,17.25,0.00045
Cu11,17.310000000000002,0.000565
Cu11,17.369999999999997,0.0007426666666666666
Cu11,17.43,0.0009703333333333334
Cu11,17.490000000000002,0.0011766666666666666
Cu11,17.549999999999997,0.0015246666666666666
Cu11,17.61,0.0018656666666666667
Cu11,17.67,0.0022743333333333335
Cu11,17.729999999999997,0.002861666666666667
Cu11,17.79,0.003400666666666667
Cu11,17.85,0.004230333333333333
Cu11,17.909999999999997,0.004939666666666667
Cu11,17.97,0.005986
Cu11,18.03,0.007123
Cu11,18.09,0.008213666666666666
Cu11,18.15,0.009627
Cu11,18.21,0.011173666666666667
Cu11,18.27,0.012771
Cu11,18.33,0.014471666666666667
Cu11,18.39,0.016261666666666667
Cu11,18.45,0.018284333333333333
Cu11,18.509999999999998,0.020195333333333332
Cu11,18.57,0.022237
Cu11,18.63,0.024222666666666667
Cu11,18.689999999999998,0.026285333333333334
Cu11,18.75,0.028143333333333333
Cu11,18.81,0.02988033333333333
Cu11,18.869999999999997,0.031736
Cu11,18.93,0.03301833333333333
Cu11,18.990000000000002,0.034158
Cu11,19.049999999999997,0.03537233333333333
Cu11,19.11,0.036167
Cu11,19.17,0.03639666666666667
Cu11,19.229999999999997,0.036717
Cu11,19.29,0.03665466666666667
Cu11,19.35,0.035997
Cu11,19.409999999999997,0.03525333333333333
Cu11,19.47,0.034333
Cu11,19.53,0.033001
Cu11,19.59,0.03152166666666667
Cu11,19.65,0.029876666666666666
Cu11,19.71,0.027827333333333332
Cu11,19.77,0.025950666666666667
Cu11,19.83,0.023875333333333332
Cu11,19.89,0.021777666666666667
Cu11,19.95,0.019868
Cu11,20.009999999999998,0.017658
Cu11,20.07,0.015749666666666665
Cu11,20.13,0.013948666666666667
Cu11,20.189999999999998,0.012031666666666666
Cu11,20.25,0.010552
Cu11,20.31,0.008973
Cu11,20.369999999999997,0.007490666666666666
Cu11,20.43,0.006461333333333334
Cu11,20.490000000000002,0.005272666666666667
Cu11,20.549999999999997,0.004328666666666666
Cu11,20.61,0.003631
Cu11,20.67,0.002873333333333333
Cu11,20.729999999999997,0.002349
Cu11,20.79,0.001863
Cu11,20.85,0.0014553333333333334
Cu11,20.909999999999997,0.0011543333333333334
Cu11,20.97,0.0008816666666666667
Cu11,21.03,0.000687
Cu11,21.089999999999996,0.0005126666666666667
Cu11,21.15,0.00038333333333333334
Cu11,21.21,0.0002793333333333333
Cu11,21.27,0.00019966666666666668
Cu11,21.33,0.000151
Cu11,21.39,0.000105
Cu11,21.45,7.166666666666667e-05
Cu11,21.509999999999998,5.3666666666666666e-05
Cu11,21.57,3.7e-05
Cu11,21.63,2.5333333333333334e-05
Cu11,21.689999999999998,1.8e-05
Cu11,21.75,1.0666666666666667e-05
Cu11,21.81,6.666666666666667e-06
Cu11,21.869999999999997,5.666666666666667e-06
Cu11,21.93,3.3333333333333333e-06
Cu11,21.990000000000002,6.666666666666667e-07
Cu11,22.049999999999997,2.333333333333333e-06
Cu11,22.11,3.3333333333333335e-07
Cu11,22.17,3.3333333333333335e-07
Cu11,22.229999999999997,6.666666666666667e-07
Cu11,22.29,0.0
Cu11,22.35,3.3333333333333335e-07
Cu11,22.409999999999997,0.0
Cu11,22.47,3.3333333333333335e-07
Al_degrader_E8_E7,11.969999999999999,6.666666666666667e-08
Al_degrader_E8_E7,12.03,0.0
Al_degrader_E8_E7,12.09,0.0
Al_degrader_E8_E7,12.149999999999999,0.0
Al_degrader_E8_E7,12.21,6.666666666666667e-08
Al_degrader_E8_E7,12.27,6.666666666666667e-08
Al_degrader_E8_E7,12.329999999999998,0.0
Al_degrader_E8_E7,12.39,6.666666666666667e-08
Al_degrader_E8_E7,12.45,6.666666666666667e-08
Al_degrader_E8_E7,12.51,6.666666666666667e-08
Al_degrader_E8_E7,12.57,2.6666666666666667e-07
Al_degrader_E8_E7,12.629999999999999,2e-07
Al_degrader_E8_E7,12.69,2.6666666666666667e-07
Al_degrader_E8_E7,12.75,2.6666666666666667e-07
Al_degrader_E8_E7,12.809999999999999,5.333333333333333e-07
Al_degrader_E8_E7,12.870000000000001,9.333333333333333e-07
Al_degrader_E8_E7,12.93,9.333333333333333e-07
Al_degrader_E8_E7,12.989999999999998,1.3333333333333334e-06
Al_degrader_E8_E7,13.05,1.2e-06
Al_degrader_E8_E7,13.11,1.8e-06
Al_degrader_E8_E7,13.169999999999998,2.2e-06
Al_degrader_E8_E7,13.23,4e-06
Al_degrader_E8_E7,13.29,4.7333333333333335e-06
Al_degrader_E8_E7,13.35,4.7333333333333335e-06
Al_degrader_E8_E7,13.41,8.066666666666667e-06
Al_degrader_E8_E7,13.469999999999999,9.8e-06
Al_degrader_E8_E7,13.53,1.3133333333333334e-05
Al_degrader_E8_E7,13.59,1.7e-05
Al_degrader_E8_E7,13.649999999999999,2.26e-05
Al_degrader_E8_E7,13.71,2.6266666666666667e-05
Al_degrader_E8_E7,13.77,3.486666666666667e-05
Al_degrader_E8_E7,13.829999999999998,4.4666666666666664e-05
Al_degrader_E8_E7,13.89,5.96e-05
Al_degrader_E8_E7,13.95,7.16e-05
Al_degrader_E8_E7,14.009999999999998,8.506666666666667e-05
Al_degrader_E8_E7,14.07,0.0001124
Al_degrader_E8_E7,14.129999999999999,0.00013206666666666666
Al_degrader_E8_E7,14.19,0.0001728
Al_degrader_E8_E7,14.25,0.00020153333333333334
Al_degrader_E8_E7,14.309999999999999,0.0002588
Al_degrader_E8_E7,14.37,0.00030126666666666665
Al_degrader_E8_E7,14.43,0.00036606666666666666
Al_degrader_E8_E7,14.489999999999998,0.00043926666666666665
Al_degrader_E8_E7,14.55,0.0005299333333333334
Al_degrader_E8_E7,14.61,0.0006310666666666666
Al_degrader_E8_E7,14.669999999999998,0.0007571333333333334
Al_degrader_E8_E7,14.73,0.0008828
Al_degrader_E8_E7,14.79,0.0010312666666666666
Al_degrader_E8_E7,14.85,0.0012144666666666667
Al_degrader_E8_E7,14.91,0.0014344
Al_degrader_E8_E7,14.969999999999999,0.0016332
Al_degrader_E8_E7,15.03,0.0018791333333333334
Al_degrader_E8_E7,15.09,0.0021499333333333333
Al_degrader_E8_E7,15.149999999999999,0.002486466666666667
Al_degrader_E8_E7,15.21,0.0027808666666666666
Al_degrader_E8_E7,15.27,0.0031496666666666665
Al_degrader_E8_E7,15.329999999999998,0.0035229333333333334
Al_degrader_E8_E7,15.39,0.003975466666666667
Al_degrader_E8_E7,15.45,0.004381733333333334
Al_degrader_E8_E7,15.509999999999998,0.004874066666666667
Al_degrader_E8_E7,15.57,0.0053444
Al_degrader_E8_E7,15.629999999999999,0.005914066666666666
Al_degrader_E8_E7,15.69,0.006419533333333333
Al_degrader_E8_E7,15.75,0.006996
Al_degrader_E8_E7,15.809999999999999,0.007507666666666667
Al_degrader_E8_E7,15.87,0.008180533333333333
Al_degrader_E8_E7,15.93,0.008718133333333333
Al_degrader_E8_E7,15.989999999999998,0.009312733333333333
Al_degrader_E8_E7,16.049999999999997,0.0098778
Al_degrader_E8_E7,16.11,0.010521533333333333
Al_degrader_E8_E7,16.17,0.011057466666666666
Al_degrader_E8_E7,16.229999999999997,0.011679066666666666
Al_degrader_E8_E7,16.29,0.012220933333333333
Al_degrader_E8_E7,16.35,0.0128004
Al_degrader_E8_E7,16.409999999999997,0.013271933333333333
Al_degrader_E8_E7,16.47,0.013767066666666666
Al_degrader_E8_E7,16.53,0.014268866666666666
Al_degrader_E8_E7,16.59,0.0147246
Al_degrader_E8_E7,16.65,0.015116133333333334
Al_degrader_E8_E7,16.71,0.015504266666666667
Al_degrader_E8_E7,16.77,0.015924
Al_degrader_E8_E7,16.83,0.016197266666666668
Al_degrader_E8_E7,16.89,0.016555533333333334
Al_degrader_E8_E7,16.95,0.016766866666666668
Al_degrader_E8_E7,17.009999999999998,0.017096533333333334
Al_degrader_E8_E7,17.07,0.017293866666666668
Al_degrader_E8_E7,17.13,0.017504266666666667
Al_degrader_E8_E7,17.189999999999998,0.017691866666666667
Al_degrader_E8_E7,17.25,0.0178664
Al_degrader_E8_E7,17.310000000000002,0.0180008
Al_degrader_E8_E7,17.369999999999997,0.018071666666666666
Al_degrader_E8_E7,17.43,0.018274333333333333
Al_degrader_E8_E7,17.490000000000002,0.0182856
Al_degrader_E8_E7,17.549999999999997,0.018392866666666667
Al_degrader_E8_E7,17.61,0.0184206
Al_degrader_E8_E7,17.67,0.0184842
Al_degrader_E8_E7,17.729999999999997,0.018517466666666666
Al_degrader_E8_E7,17.79,0.018445
Al_degrader_E8_E7,17.85,0.018553533333333334
Al_degrader_E8_E7,17.909999999999997,0.0184242
Al_degrader_E8_E7,17.97,0.018375866666666667
Al_degrader_E8_E7,18.03,0.018265333333333335
Al_degrader_E8_E7,18.09,0.018176733333333334
Al_degrader_E8_E7,18.15,0.0180494
Al_degrader_E8_E7,18.21,0.017792333333333334
Al_degrader_E8_E7,18.27,0.017645
Al_degrader_E8_E7,18.33,0.017330533333333332
Al_degrader_E8_E7,18.39,0.017063866666666667
Al_degrader_E8_E7,18.45,0.016690933333333335
Al_degrader_E8_E7,18.509999999999998,0.0163228
Al_degrader_E8_E7,18.57,0.015911133333333334
Al_degrader_E8_E7,18.63,0.015355666666666667
Al_degrader_E8_E7,18.689999999999998,0.014911333333333334
Al_degrader_E8_E7,18.75,0.014351066666666667
Al_degrader_E8_E7,18.81,0.013712666666666666
Al_degrader_E8_E7,18.869999999999997,0.013098533333333334
Al_degrader_E8_E7,18.93,0.0124218
Al_degrader_E8_E7,18.990000000000002,0.011734
Al_degrader_E8_E7,19.049999999999997,0.010999866666666667
Al_degrader_E8_E7,19.11,0.0102958
Al_degrader_E8_E7,19.17,0.009601533333333334
Al_degrader_E8_E7,19.229999999999997,0.008840933333333334
Al_degrader_E8_E7,19.29,0.0081154
Al_degrader_E8_E7,19.35,0.007405266666666667
Al_degrader_E8_E7,19.409999999999997,0.006699666666666666
Al_degrader_E8_E7,19.47,0.006019333333333333
Al_degrader_E8_E7,19.53,0.0053706
Al_degrader_E8_E7,19.59,0.004799866666666667
Al_degrader_E8_E7,19.65,0.0042145333333333335
Al_degrader_E8_E7,19.71,0.0036667333333333333
Al_degrader_E8_E7,19.77,0.003213933333333333
Al_degrader_E8_E7,19.83,0.002745333333333333
Al_degrader_E8_E7,19.89,0.0023761333333333335
Al_degrader_E8_E7,19.95,0.0019972666666666665
Al_degrader_E8_E7,20.009999999999998,0.0016612666666666668
Al_degrader_E8_E7,20.07,0.0014150666666666667
Al_degrader_E8_E7,20.13,0.0011456666666666666
Al_degrader_E8_E7,20.189999999999998,0.000945
Al_degrader_E8_E7,20.25,0.0007767333333333333
Al_degrader_E8_E7,20.31,0.0006162
Al_degrader_E8_E7,20.369999999999997,0.0004992
Al_degrader_E8_E7,20.43,0.00039766666666666667
Al_degrader_E8_E7,20.490000000000002,0.000308
Al_degrader_E8_E7,20.549999999999997,0.00024533333333333335
Al_degrader_E8_E7,20.61,0.00018793333333333334
Al_degrader_E8_E7,20.67,0.00014553333333333334
Al_degrader_E8_E7,20.729999999999997,0.0001082
Al_degrader_E8_E7,20.79,8.24e-05
Al_degrader_E8_E7,20.85,6.0666666666666666e-05
Al_degrader_E8_E7,20.909999999999997,4.2e-05
Al_degrader_E8_E7,20.97,3.146666666666667e-05
Al_degrader_E8_E7,21.03,2.2733333333333335e-05
Al_degrader_E8_E7,21.089999999999996,1.586666666666667e-05
Al_degrader_E8_E7,21.15,1.2333333333333333e-05
Al_degrader_E8_E7,21.21,7.2e-06
Al_degrader_E8_E7,21.27,5.8e-06
Al_degrader_E8_E7,21.33,4.066666666666667e-06
Al_degrader_E8_E7,21.39,2.266666666666667e-06
Al_degrader_E8_E7,21.45,1.7333333333333334e-06
Al_degrader_E8_E7,21.509999999999998,1.4e-06
Al_degrader_E8_E7,21.57,5.333333333333333e-07
Al_degrader_E8_E7,21.63,4.6666666666666666e-07
Al_degrader_E8_E7,21.689999999999998,4e-07
Al_degrader_E8_E7,21.75,1.3333333333333334e-07
Al_degrader_E8_E7,21.81,6.666666666666667e-08
Al_degrader_E8_E7,21.869999999999997,6.666666666666667e-08
Al_degrader_E8_E7,21.93,6.666666666666667e-08
Al_degrader_E8_E7,21.990000000000002,6.666666666666667e-08
Al_degrader_E8_E7,22.049999999999997,0.0
Al_degrader_E8_E7,22.11,0.0
Al_degrader_E8_E7,22.17,6.666666666666667e-08
Ni12,11.370000000000001,3.3333333333333335e-07
Ni12,11.43,0.0
Ni12,11.489999999999998,0.0
Ni12,11.55,0.0
Ni12,11.61,0.0
Ni12,11.669999999999998,6.666666666666667e-07
Ni12,11.73,0.0
Ni12,11.79,0.0
Ni12,11.85,3.3333333333333335e-07
Ni12,11.91,6.666666666666667e-07
Ni12,11.969999999999999,1e-06
Ni12,12.03,1e-06
Ni12,12.09,6.666666666666667e-07
Ni12,12.149999999999999,1.6666666666666667e-06
Ni12,12.21,1.3333333333333334e-06
Ni12,12.27,3.3333333333333333e-06
Ni12,12.329999999999998,4e-06
Ni12,12.39,5.333333333333334e-06
Ni12,12.45,7.666666666666667e-06
Ni12,12.51,5e-06
Ni12,12.57,8.666666666666666e-06
Ni12,12.629999999999999,1.2666666666666667e-05
Ni12,12.69,1.9333333333333333e-05
Ni12,12.75,2e-05
Ni12,12.809999999999999,2.4666666666666665e-05
Ni12,12.870000000000001,3.733333333333333e-05
Ni12,12.93,4.6e-05
Ni12,12.989999999999998,6.166666666666667e-05
Ni12,13.05,7.766666666666667e-05
Ni12,13.11,0.000103
Ni12,13.169999999999998,0.00012133333333333333
Ni12,13.23,0.000156
Ni12,13.29,0.00020766666666666665
Ni12,13.35,0.0002483333333333333
Ni12,13.41,0.00032566666666666665
Ni12,13.469999999999999,0.000379
Ni12,13.53,0.00047766666666666666
Ni12,13.59,0.0005733333333333334
Ni12,13.649999999999999,0.0007466666666666666
Ni12,13.71,0.000879
Ni12,13.77,0.0010476666666666666
Ni12,13.829999999999998,0.0012973333333333333
Ni12,13.89,0.001527
Ni12,13.95,0.0018316666666666668
Ni12,14.009999999999998,0.0021386666666666668
Ni12,14.07,0.002596
Ni12,14.129999999999999,0.003001
Ni12,14.19,0.003592
Ni12,14.25,0.0040613333333333335
Ni12,14.309999999999999,0.004814
Ni12,14.37,0.005548
Ni12,14.43,0.006411666666666667
Ni12,14.489999999999998,0.007194
Ni12,14.55,0.008197333333333333
Ni12,14.61,0.009232333333333334
Ni12,14.669999999999998,0.010524
Ni12,14.73,0.011595333333333332
Ni12,14.79,0.012883666666666667
Ni12,14.85,0.014223666666666667
Ni12,14.91,0.015651
Ni12,14.969999999999999,0.017000333333333333
Ni12,15.03,0.018575666666666667
Ni12,15.09,0.019872
Ni12,15.149999999999999,0.021460333333333335
Ni12,15.21,0.022853666666666668
Ni12,15.27,0.024237
Ni12,15.329999999999998,0.025308
Ni12,15.39,0.026909
Ni12,15.45,0.027827
Ni12,15.509999999999998,0.028749
Ni12,15.57,0.029418
Ni12,15.629999999999999,0.03048966666666667
Ni12,15.69,0.030878
Ni12,15.75,0.031202
Ni12,15.809999999999999,0.031156666666666666
Ni12,15.87,0.031449
Ni12,15.93,0.03106333333333333
Ni12,15.989999999999998,0.030596
Ni12,16.049999999999997,0.029946333333333332
Ni12,16.11,0.029194333333333333
Ni12,16.17,0.028350333333333335
Ni12,16.229999999999997,0.027255666666666668
Ni12,16.29,0.026014666666666665
Ni12,16.35,0.024617666666666666
Ni12,16.409999999999997,0.023397
Ni12,16.47,0.021759333333333332
Ni12,16.53,0.020275333333333333
Ni12,16.59,0.018667
Ni12,16.65,0.017385666666666667
Ni12,16.71,0.015656333333333335
Ni12,16.77,0.014231333333333334
Ni12,16.83,0.012777
Ni12,16.89,0.0115
Ni12,16.95,0.01007
Ni12,17.009999999999998,0.009062333333333334
Ni12,17.07,0.007801666666666667
Ni12,17.13,0.0067673333333333335
Ni12,17.189999999999998,0.005817
Ni12,17.25,0.004973333333333333
Ni12,17.310000000000002,0.004218666666666667
Ni12,17.369999999999997,0.0035603333333333333
Ni12,17.43,0.0030443333333333334
Ni12,17.490000000000002,0.002479
Ni12,17.549999999999997,0.0020386666666666665
Ni12,17.61,0.0017356666666666666
Ni12,17.67,0.0013606666666666667
Ni12,17.729999999999997,0.001122
Ni12,17.79,0.0008766666666666667
Ni12,17.85,0.000724
Ni12,17.909999999999997,0.0005603333333333334
Ni12,17.97,0.0004456666666666667
Ni12,18.03,0.000344
Ni12,18.09,0.00025633333333333335
Ni12,18.15,0.00019433333333333333
Ni12,18.21,0.00014866666666666666
Ni12,18.27,0.00010733333333333333
Ni12,18.33,7.666666666666667e-05
Ni12,18.39,6.5e-05
Ni12,18.45,4.2e-05
Ni12,18.509999999999998,3.3333333333333335e-05
Ni12,18.57,2.3333333333333332e-05
Ni12,18.63,1.6666666666666667e-05
Ni12,18.689999999999998,1.0333333333333333e-05
Ni12,18.75,8.666666666666666e-06
Ni12,18.81,5.333333333333334e-06
Ni12,18.869999999999997,4.333333333333333e-06
Ni12,18.93,2e-06
Ni12,18.990000000000002,6.666666666666667e-07
Ni12,19.049999999999997,2.333333333333333e-06
Ni12,19.11,6.666666666666667e-07
Ni12,19.17,0.0
Ni12,19.229999999999997,3.3333333333333335e-07
Ni12,19.29,3.3333333333333335e-07
Ni12,19.35,3.3333333333333335e-07
Ni12,19.409999999999997,0.0
Ni12,19.47,0.0
Ni12,19.53,3.3333333333333335e-07
Sn12,11.25,3.3333333333333335e-07
Sn12,11.309999999999999,3.3333333333333335e-07
Sn12,11.370000000000001,3.3333333333333335e-07
Sn12,11.43,0.0
Sn12,11.489999999999998,3.3333333333333335e-07
Sn12,11.55,3.3333333333333335e-07
Sn12,11.61,0.0
Sn12,11.669999999999998,6.666666666666667e-07
Sn12,11.73,6.666666666666667e-07
Sn12,11.79,0.0
Sn12,11.85,1.6666666666666667e-06
Sn12,11.91,2.333333333333333e-06
Sn12,11.969999999999999,2.333333333333333e-06
Sn12,12.03,3e-06
Sn12,12.09,2.666666666666667e-06
Sn12,12.149999999999999,6.666666666666667e-06
Sn12,12.21,6e-06
Sn12,12.27,9e-06
Sn12,12.329999999999998,1.4e-05
Sn12,12.39,1.4333333333333334e-05
Sn12,12.45,1.5333333333333334e-05
Sn12,12.51,2.2e-05
Sn12,12.57,2.7e-05
Sn12,12.629999999999999,3.766666666666667e-05
Sn12,12.69,5.133333333333333e-05
Sn12,12.75,6.466666666666666e-05
Sn12,12.809999999999999,8.466666666666666e-05
Sn12,12.870000000000001,0.00010933333333333334
Sn12,12.93,0.000139
Sn12,12.989999999999998,0.00018166666666666667
Sn12,13.05,0.00022833333333333334
Sn12,13.11,0.00028166666666666666
Sn12,13.169999999999998,0.00034166666666666666
Sn12,13.23,0.00043966666666666666
Sn12,13.29,0.0005516666666666667
Sn12,13.35,0.00065
Sn12,13.41,0.0008026666666666667
Sn12,13.469999999999999,0.0009553333333333333
Sn12,13.53,0.0011723333333333334
Sn12,13.59,0.0014056666666666666
Sn12,13.649999999999999,0.0017483333333333333
Sn12,13.71,0.0020566666666666667
Sn12,13.77,0.0024203333333333334
Sn12,13.829999999999998,0.0028426666666666665
Sn12,13.89,0.0033313333333333333
Sn12,13.95,0.003901
Sn12,14.009999999999998,0.0045973333333333335
Sn12,14.07,0.005328333333333333
Sn12,14.129999999999999,0.006129
Sn12,14.19,0.007083666666666667
Sn12,14.25,0.008056333333333334
Sn12,14.309999999999999,0.009118666666666667
Sn12,14.37,0.010266
Sn12,14.43,0.011561
Sn12,14.489999999999998,0.012804666666666667
Sn12,14.55,0.014165666666666667
Sn12,14.61,0.015540333333333333
Sn12,14.669999999999998,0.017062333333333332
Sn12,14.73,0.018571
Sn12,14.79,0.020002
Sn12,14.85,0.021448333333333333
Sn12,14.91,0.023039666666666667
Sn12,14.969999999999999,0.024475
Sn12,15.03,0.02589433333333333
Sn12,15.09,0.027215333333333334
Sn12,15.149999999999999,0.028346666666666666
Sn12,15.21,0.029264666666666668
Sn12,15.27,0.030073
Sn12,15.329999999999998,0.030845333333333332
Sn12,15.39,0.03142
Sn12,15.45,0.03152
Sn12,15.509999999999998,0.031593
Sn12,15.57,0.031650333333333336
Sn12,15.629999999999999,0.031613
Sn12,15.69,0.031216666666666667
Sn12,15.75,0.030675666666666667
Sn12,15.809999999999999,0.029792
Sn12,15.87,0.028686
Sn12,15.93,0.027394666666666668
Sn12,15.989999999999998,0.026045
Sn12,16.049999999999997,0.024781333333333332
Sn12,16.11,0.023316333333333335
Sn12,16.17,0.021798666666666668
Sn12,16.229999999999997,0.020149666666666666
Sn12,16.29,0.018612333333333335
Sn12,16.35,0.017021666666666668
Sn12,16.409999999999997,0.015636333333333332
Sn12,16.47,0.014092333333333333
Sn12,16.53,0.012704333333333333
Sn12,16.59,0.01118
Sn12,16.65,0.009880333333333333
Sn12,16.71,0.008583666666666667
Sn12,16.77,0.0074923333333333335
Sn12,16.83,0.006424
Sn12,16.89,0.0055253333333333335
Sn12,16.95,0.004731333333333333
Sn12,17.009999999999998,0.003988666666666666
Sn12,17.07,0.003340333333333333
Sn12,17.13,0.002773
Sn12,17.189999999999998,0.0023046666666666667
Sn12,17.25,0.001875
Sn12,17.310000000000002,0.001572
Sn12,17.369999999999997,0.001268
Sn12,17.43,0.0010523333333333333
Sn12,17.490000000000002,0.0008286666666666667
Sn12,17.549999999999997,0.0006456666666666667
Sn12,17.61,0.0004993333333333333
Sn12,17.67,0.000377
Sn12,17.729999999999997,0.0002826666666666667
Sn12,17.79,0.000212
Sn12,17.85,0.00016733333333333333
Sn12,17.909999999999997,0.00012266666666666668
Sn12,17.97,9.733333333333333e-05
Sn12,18.03,6.7e-05
Sn12,18.09,5.2333333333333336e-05
Sn12,18.15,3.5333333333333336e-05
Sn12,18.21,2.6666666666666667e-05
Sn12,18.27,1.9333333333333333e-05
Sn12,18.33,1.3666666666666667e-05
Sn12,18.39,9e-06
Sn12,18.45,5.666666666666667e-06
Sn12,18.509999999999998,4.333333333333333e-06
Sn12,18.57,2.666666666666667e-06
Sn12,18.63,2e-06
Sn12,18.689999999999998,6.666666666666667e-07
Sn12,18.75,6.666666666666667e-07
Sn12,18.81,6.666666666666667e-07
Sn12,18.869999999999997,3.3333333333333335e-07
Sn12,18.93,0.0
Sn12,18.990000000000002,0.0
Sn12,19.049999999999997,3.3333333333333335e-07
Sn12,19.11,6.666666666666667e-07
Ta12,10.71,3.3333333333333335e-07
Ta12,10.77,0.0
Ta12,10.829999999999998,0.0
Ta12,10.89,0.0
Ta12,10.95,0.0
Ta12,11.01,6.666666666666667e-07
Ta12,11.07,0.0
Ta12,11.129999999999999,0.0
Ta12,11.19,3.3333333333333335e-07
Ta12,11.25,1e-06
Ta12,11.309999999999999,0.0
Ta12,11.370000000000001,1e-06
Ta12,11.43,1.3333333333333334e-06
Ta12,11.489999999999998,1.3333333333333334e-06
Ta12,11.55,1e-06
Ta12,11.61,2.333333333333333e-06
Ta12,11.669999999999998,4.333333333333333e-06
Ta12,11.73,2.666666666666667e-06
Ta12,11.79,6.666666666666667e-06
Ta12,11.85,7.666666666666667e-06
Ta12,11.91,8.333333333333334e-06
Ta12,11.969999999999999,6.333333333333333e-06
Ta12,12.03,1.7e-05
Ta12,12.09,1.8333333333333333e-05
Ta12,12.149999999999999,2.1666666666666667e-05
Ta12,12.21,2.4666666666666665e-05
Ta12,12.27,4.133333333333333e-05
Ta12,12.329999999999998,4.566666666666667e-05
Ta12,12.39,6.333333333333333e-05
Ta12,12.45,7.7e-05
Ta12,12.51,0.00011266666666666666
Ta12,12.57,0.000121
Ta12,12.629999999999999,0.00016
Ta12,12.69,0.000202
Ta12,12.75,0.000264
Ta12,12.809999999999999,0.00030133333333333336
Ta12,12.870000000000001,0.000399
Ta12,12.93,0.000462
Ta12,12.989999999999998,0.0005853333333333333
Ta12,13.05,0.000695
Ta12,13.11,0.0008583333333333333
Ta12,13.169999999999998,0.0010093333333333334
Ta12,13.23,0.0012686666666666666
Ta12,13.29,0.0014963333333333332
Ta12,13.35,0.0017103333333333332
Ta12,13.41,0.0020753333333333335
Ta12,13.469999999999999,0.0024683333333333332
Ta12,13.53,0.0028653333333333334
Ta12,13.59,0.00338
Ta12,13.649999999999999,0.003934
Ta12,13.71,0.004529666666666667
Ta12,13.77,0.005203333333333333
Ta12,13.829999999999998,0.006098666666666666
Ta12,13.89,0.0068123333333333334
Ta12,13.95,0.007755333333333334
Ta12,14.009999999999998,0.00882
Ta12,14.07,0.009892
Ta12,14.129999999999999,0.010958333333333334
Ta12,14.19,0.012223
Ta12,14.25,0.013528
Ta12,14.309999999999999,0.014806
Ta12,14.37,0.016148666666666665
Ta12,14.43,0.017596
Ta12,14.489999999999998,0.018937666666666665
Ta12,14.55,0.020440333333333335
Ta12,14.61,0.021791
Ta12,14.669999999999998,0.023199
Ta12,14.73,0.024539
Ta12,14.79,0.025594
Ta12,14.85,0.026916666666666665
Ta12,14.91,0.027980666666666668
Ta12,14.969999999999999,0.028588
Ta12,15.03,0.02953566666666667
Ta12,15.09,0.030147666666666666
Ta12,15.149999999999999,0.03045
Ta12,15.21,0.030695
Ta12,15.27,0.030891333333333333
Ta12,15.329999999999998,0.030830666666666666
Ta12,15.39,0.030548
Ta12,15.45,0.030047666666666667
Ta12,15.509999999999998,0.029321666666666666
Ta12,15.57,0.028651666666666666
Ta12,15.629999999999999,0.027683
Ta12,15.69,0.026573
Ta12,15.75,0.02542466666666667
Ta12,15.809999999999999,0.023864
Ta12,15.87,0.022615333333333335
Ta12,15.93,0.021249666666666667
Ta12,15.989999999999998,0.019608666666666667
Ta12,16.049999999999997,0.018297333333333332
Ta12,16.11,0.01685
Ta12,16.17,0.015277
Ta12,16.229999999999997,0.013747666666666667
Ta12,16.29,0.012594666666666667
Ta12,16.35,0.011156
Ta12,16.409999999999997,0.009852333333333333
Ta12,16.47,0.008782333333333333
Ta12,16.53,0.007677666666666667
Ta12,16.59,0.006495333333333333
Ta12,16.65,0.005771333333333333
Ta12,16.71,0.004898
Ta12,16.77,0.004092
Ta12,16.83,0.0035413333333333334
Ta12,16.89,0.002974333333333333
Ta12,16.95,0.002439666666666667
Ta12,17.009999999999998,0.002087
Ta12,17.07,0.0016833333333333333
Ta12,17.13,0.0013646666666666666
Ta12,17.189999999999998,0.0011553333333333333
Ta12,17.25,0.0008893333333333333
Ta12,17.310000000000002,0.0007306666666666667
Ta12,17.369999999999997,0.000586
Ta12,17.43,0.000446
Ta12,17.490000000000002,0.00034333333333333335
Ta12,17.549999999999997,0.00027066666666666667
Ta12,17.61,0.00019766666666666666
Ta12,17.67,0.00015
Ta12,17.729999999999997,0.00011466666666666667
Ta12,17.79,8.4e-05
Ta12,17.85,6.9e-05
Ta12,17.909999999999997,4.433333333333333e-05
Ta12,17.97,3.5333333333333336e-05
Ta12,18.03,2.5666666666666666e-05
Ta12,18.09,1.8e-05
Ta12,18.15,1.0333333333333333e-05
Ta12,18.21,1.1333333333333334e-05
Ta12,18.27,6e-06
Ta12,18.33,3.6666666666666666e-06
Ta12,18.39,3.3333333333333333e-06
Ta12,18.45,1e-06
Ta12,18.509999999999998,2e-06
Ta12,18.57,6.666666666666667e-07
Ta12,18.63,0.0
Ta12,18.689999999999998,6.666666666666667e-07
Ta12,18.75,3.3333333333333335e-07
Ta12,18.81,0.0
Ta12,18.869999999999997,3.3333333333333335e-07
Ta12,18.93,0.0
Ta12,18.990000000000002,0.0
Ta12,19.049999999999997,3.3333333333333335e-07
Cu12,10.169999999999998,3.3333333333333335e-07
Cu12,10.23,0.0
Cu12,10.29,0.0
Cu12,10.35,0.0
Cu12,10.41,3.3333333333333335e-07
Cu12,10.469999999999999,3.3333333333333335e-07
Cu12,10.53,0.0
Cu12,10.59,0.0
Cu12,10.649999999999999,3.3333333333333335e-07
Cu12,10.71,1e-06
Cu12,10.77,3.3333333333333335e-07
Cu12,10.829999999999998,6.666666666666667e-07
Cu12,10.89,1.3333333333333334e-06
Cu12,10.95,6.666666666666667e-07
Cu12,11.01,2e-06
Cu12,11.07,1.6666666666666667e-06
Cu12,11.129999999999999,4.666666666666666e-06
Cu12,11.19,1.6666666666666667e-06
Cu12,11.25,7e-06
Cu12,11.309999999999999,6.333333333333333e-06
Cu12,11.370000000000001,6e-06
Cu12,11.43,8.666666666666666e-06
Cu12,11.489999999999998,1.2666666666666667e-05
Cu12,11.55,1.6666666666666667e-05
Cu12,11.61,2.0333333333333334e-05
Cu12,11.669999999999998,2.3e-05
Cu12,11.73,3.1666666666666666e-05
Cu12,11.79,4.566666666666667e-05
Cu12,11.85,5e-05
Cu12,11.91,7e-05
Cu12,11.969999999999999,8.066666666666667e-05
Cu12,12.03,0.000116
Cu12,12.09,0.00012366666666666667
Cu12,12.149999999999999,0.00016933333333333332
Cu12,12.21,0.000204
Cu12,12.27,0.0002686666666666667
Cu12,12.329999999999998,0.000317
Cu12,12.39,0.0003753333333333333
Cu12,12.45,0.000465
Cu12,12.51,0.000574
Cu12,12.57,0.0007
Cu12,12.629999999999999,0.0008376666666666667
Cu12,12.69,0.0009743333333333333
Cu12,12.75,0.001227
Cu12,12.809999999999999,0.001412
Cu12,12.870000000000001,0.0016823333333333334
Cu12,12.93,0.0019326666666666667
Cu12,12.989999999999998,0.002344
Cu12,13.05,0.0026986666666666665
Cu12,13.11,0.003193
Cu12,13.169999999999998,0.003664
Cu12,13.23,0.004239
Cu12,13.29,0.004868
Cu12,13.35,0.005615666666666666
Cu12,13.41,0.006333333333333333
Cu12,13.469999999999999,0.007184333333333333
Cu12,13.53,0.008079
Cu12,13.59,0.009162666666666666
Cu12,13.649999999999999,0.010135
Cu12,13.71,0.011248666666666667
Cu12,13.77,0.012467666666666667
Cu12,13.829999999999998,0.013648
Cu12,13.89,0.014939666666666667
Cu12,13.95,0.016258666666666668
Cu12,14.009999999999998,0.017548666666666667
Cu12,14.07,0.018927333333333334
Cu12,14.129999999999999,0.020213
Cu12,14.19,0.021648333333333332
Cu12,14.25,0.022875666666666666
Cu12,14.309999999999999,0.02403
Cu12,14.37,0.025152666666666667
Cu12,14.43,0.026386333333333335
Cu12,14.489999999999998,0.027294333333333334
Cu12,14.55,0.027939333333333333
Cu12,14.61,0.028795
Cu12,14.669999999999998,0.029409333333333332
Cu12,14.73,0.029757333333333334
Cu12,14.79,0.030023333333333332
Cu12,14.85,0.030062333333333333
Cu12,14.91,0.030083
Cu12,14.969999999999999,0.029770666666666667
Cu12,15.03,0.029344333333333333
Cu12,15.09,0.028657666666666668
Cu12,15.149999999999999,0.028046666666666668
Cu12,15.21,0.027121333333333334
Cu12,15.27,0.026147
Cu12,15.329999999999998,0.025052666666666668
Cu12,15.39,0.023709
Cu12,15.45,0.022464
Cu12,15.509999999999998,0.02116233333333333
Cu12,15.57,0.019651666666666668
Cu12,15.629999999999999,0.01819633333333333
Cu12,15.69,0.017034333333333332
Cu12,15.75,0.015548
Cu12,15.809999999999999,0.013966
Cu12,15.87,0.012782666666666666
Cu12,15.93,0.011513
Cu12,15.989999999999998,0.010194
Cu12,16.049999999999997,0.009121666666666667
Cu12,16.11,0.008051666666666667
Cu12,16.17,0.006992666666666667
Cu12,16.229999999999997,0.006000666666666666
Cu12,16.29,0.005316666666666667
Cu12,16.35,0.004458666666666666
Cu12,16.409999999999997,0.0037776666666666666
Cu12,16.47,0.0032833333333333334
Cu12,16.53,0.0027446666666666665
Cu12,16.59,0.0022576666666666665
Cu12,16.65,0.0019196666666666667
Cu12,16.71,0.001571
Cu12,16.77,0.0012556666666666666
Cu12,16.83,0.0010713333333333334
Cu12,16.89,0.0008203333333333333
Cu12,16.95,0.0006946666666666667
Cu12,17.009999999999998,0.0005356666666666667
Cu12,17.07,0.00042566666666666664
Cu12,17.13,0.00033233333333333335
Cu12,17.189999999999998,0.00025466666666666666
Cu12,17.25,0.00018766666666666666
Cu12,17.310000000000002,0.00014833333333333332
Cu12,17.369999999999997,0.00011166666666666667
Cu12,17.43,7.8e-05
Cu12,17.490000000000002,6.266666666666667e-05
Cu12,17.549999999999997,4.766666666666667e-05
Cu12,17.61,3.3333333333333335e-05
Cu12,17.67,2.5333333333333334e-05
Cu12,17.729999999999997,1.8666666666666665e-05
Cu12,17.79,1.1e-05
Cu12,17.85,1.0333333333333333e-05
Cu12,17.909999999999997,5e-06
Cu12,17.97,5.333333333333334e-06
Cu12,18.03,2.666666666666667e-06
Cu12,18.09,1.6666666666666667e-06
Cu12,18.15,1e-06
Cu12,18.21,1.6666666666666667e-06
Cu12,18.27,0.0
Cu12,18.33,3.3333333333333335e-07
Cu12,18.39,6.666666666666667e-07
Cu12,18.45,0.0
Cu12,18.509999999999998,3.3333333333333335e-07
Cu12,18.57,0.0
Cu12,18.63,0.0
Cu12,18.689999999999998,3.3333333333333335e-07
Al_degrader_E9,7.59,8.333333333333334e-08
Al_degrader_E9,7.65,0.0
Al_degrader_E9,7.709999999999999,0.0
Al_degrader_E9,7.77,0.0
Al_degrader_E9,7.83,0.0
Al_degrader_E9,7.89,8.333333333333334e-08
Al_degrader_E9,7.949999999999999,8.333333333333334e-08
Al_degrader_E9,8.01,0.0
Al_degrader_E9,8.07,0.0
Al_degrader_E9,8.129999999999999,8.333333333333334e-08
Al_degrader_E9,8.19,1.6666666666666668e-07
Al_degrader_E9,8.25,0.0
Al_degrader_E9,8.309999999999999,8.333333333333334e-08
Al_degrader_E9,8.370000000000001,8.333333333333334e-08
Al_degrader_E9,8.43,4.1666666666666667e-07
Al_degrader_E9,8.489999999999998,1.6666666666666668e-07
Al_degrader_E9,8.55,1.6666666666666668e-07
Al_degrader_E9,8.61,4.1666666666666667e-07
Al_degrader_E9,8.67,5.833333333333333e-07
Al_degrader_E9,8.73,5e-07
Al_degrader_E9,8.79,5.833333333333333e-07
Al_degrader_E9,8.85,1.0833333333333333e-06
Al_degrader_E9,8.91,9.166666666666666e-07
Al_degrader_E9,8.969999999999999,1.75e-06
Al_degrader_E9,9.030000000000001,1.8333333333333333e-06
Al_degrader_E9,9.09,2e-06
Al_degrader_E9,9.149999999999999,2e-06
Al_degrader_E9,9.21,2.5e-06
Al_degrader_E9,9.27,4.75e-06
Al_degrader_E9,9.329999999999998,4e-06
Al_degrader_E9,9.39,5.75e-06
Al_degrader_E9,9.45,6.4166666666666665e-06
Al_degrader_E9,9.51,9.583333333333334e-06
Al_degrader_E9,9.57,1.0583333333333333e-05
Al_degrader_E9,9.629999999999999,1.1833333333333334e-05
Al_degrader_E9,9.69,1.7083333333333333e-05
Al_degrader_E9,9.75,2.1e-05
Al_degrader_E9,9.809999999999999,2.375e-05
Al_degrader_E9,9.870000000000001,3e-05
Al_degrader_E9,9.93,3.7166666666666664e-05
Al_degrader_E9,9.989999999999998,4.383333333333333e-05
Al_degrader_E9,10.05,5.3666666666666666e-05
Al_degrader_E9,10.11,6.65e-05
Al_degrader_E9,10.169999999999998,8.025e-05
Al_degrader_E9,10.23,9.675e-05
Al_degrader_E9,10.29,0.00010975
Al_degrader_E9,10.35,0.00013516666666666665
Al_degrader_E9,10.41,0.0001625
Al_degrader_E9,10.469999999999999,0.00019041666666666667
Al_degrader_E9,10.53,0.0002255
Al_degrader_E9,10.59,0.0002748333333333333
Al_degrader_E9,10.649999999999999,0.000312
Al_degrader_E9,10.71,0.0003778333333333333
Al_degrader_E9,10.77,0.0004431666666666667
Al_degrader_E9,10.829999999999998,0.0004978333333333333
Al_degrader_E9,10.89,0.0005999166666666667
Al_degrader_E9,10.95,0.0006959166666666666
Al_degrader_E9,11.01,0.00078625
Al_degrader_E9,11.07,0.0009294166666666667
Al_degrader_E9,11.129999999999999,0.001087
Al_degrader_E9,11.19,0.0012221666666666668
Al_degrader_E9,11.25,0.0013900833333333332
Al_degrader_E9,11.309999999999999,0.0016253333333333332
Al_degrader_E9,11.370000000000001,0.0018296666666666667
Al_degrader_E9,11.43,0.0020739166666666666
Al_degrader_E9,11.489999999999998,0.0023535
Al_degrader_E9,11.55,0.0026715833333333335
Al_degrader_E9,11.61,0.00298075
Al_degrader_E9,11.669999999999998,0.00334075
Al_degrader_E9,11.73,0.0037445
Al_degrader_E9,11.79,0.004159416666666666
Al_degrader_E9,11.85,0.004598333333333334
Al_degrader_E9,11.91,0.0051125833333333336
Al_degrader_E9,11.969999999999999,0.00562025
Al_degrader_E9,12.03,0.0061604166666666665
Al_degrader_E9,12.09,0.006764166666666667
Al_degrader_E9,12.149999999999999,0.007379
Al_degrader_E9,12.21,0.008011666666666667
Al_degrader_E9,12.27,0.008717083333333334
Al_degrader_E9,12.329999999999998,0.009429666666666666
Al_degrader_E9,12.39,0.01013175
Al_degrader_E9,12.45,0.010881083333333333
Al_degrader_E9,12.51,0.011651916666666666
Al_degrader_E9,12.57,0.012456833333333334
Al_degrader_E9,12.629999999999999,0.013206916666666667
Al_degrader_E9,12.69,0.014008166666666667
Al_degrader_E9,12.75,0.01482025
Al_degrader_E9,12.809999999999999,0.015556166666666666
Al_degrader_E9,12.870000000000001,0.016372583333333333
Al_degrader_E9,12.93,0.01715975
Al_degrader_E9,12.989999999999998,0.017856583333333332
Al_degrader_E9,13.05,0.018644833333333333
Al_degrader_E9,13.11,0.019367
Al_degrader_E9,13.169999999999998,0.01999175
Al_degrader_E9,13.23,0.020572416666666666
Al_degrader_E9,13.29,0.021180833333333333
Al_degrader_E9,13.35,0.02168025
Al_degrader_E9,13.41,0.02213
Al_degrader_E9,13.469999999999999,0.02254025
Al_degrader_E9,13.53,0.022895333333333334
Al_degrader_E9,13.59,0.023100166666666668
Al_degrader_E9,13.649999999999999,0.02331075
Al_degrader_E9,13.71,0.023418583333333333
Al_degrader_E9,13.77,0.023498166666666667
Al_degrader_E9,13.829999999999998,0.023393416666666667
Al_degrader_E9,13.89,0.023369416666666667
Al_degrader_E9,13.95,0.023164833333333332
Al_degrader_E9,14.009999999999998,0.022873666666666667
Al_degrader_E9,14.07,0.022581166666666666
Al_degrader_E9,14.129999999999999,0.022126083333333334
Al_degrader_E9,14.19,0.02166125
Al_degrader_E9,14.25,0.021083166666666667
Al_degrader_E9,14.309999999999999,0.020451166666666666
Al_degrader_E9,14.37,0.019810583333333333
Al_degrader_E9,14.43,0.019087
Al_degrader_E9,14.489999999999998,0.01831675
Al_degrader_E9,14.55,0.017496916666666668
Al_degrader_E9,14.61,0.016690916666666666
Al_degrader_E9,14.669999999999998,0.015809416666666666
Al_degrader_E9,14.73,0.0149165
Al_degrader_E9,14.79,0.0140535
Al_degrader_E9,14.85,0.013139833333333333
Al_degrader_E9,14.91,0.012247583333333333
Al_degrader_E9,14.969999999999999,0.01136325
Al_degrader_E9,15.03,0.010429916666666667
Al_degrader_E9,15.09,0.0096035
Al_degrader_E9,15.149999999999999,0.008803583333333333
Al_degrader_E9,15.21,0.007985833333333333
Al_degrader_E9,15.27,0.007226333333333334
Al_degrader_E9,15.329999999999998,0.0065305
Al_degrader_E9,15.39,0.005817333333333333
Al_degrader_E9,15.45,0.005196833333333334
Al_degrader_E9,15.509999999999998,0.004614416666666667
Al_degrader_E9,15.57,0.004055
Al_degrader_E9,15.629999999999999,0.003551
Al_degrader_E9,15.69,0.003098416666666667
Al_degrader_E9,15.75,0.0026748333333333333
Al_degrader_E9,15.809999999999999,0.0022970833333333333
Al_degrader_E9,15.87,0.0019684166666666665
Al_degrader_E9,15.93,0.0016724166666666667
Al_degrader_E9,15.989999999999998,0.0014164166666666667
Al_degrader_E9,16.049999999999997,0.0011791666666666667
Al_degrader_E9,16.11,0.0010114166666666668
Al_degrader_E9,16.17,0.0008224166666666667
Al_degrader_E9,16.229999999999997,0.0006815
Al_degrader_E9,16.29,0.0005663333333333333
Al_degrader_E9,16.35,0.00044875
Al_degrader_E9,16.409999999999997,0.00037633333333333334
Al_degrader_E9,16.47,0.00029641666666666667
Al_degrader_E9,16.53,0.00024216666666666665
Al_degrader_E9,16.59,0.00019
Al_degrader_E9,16.65,0.00014975
Al_degrader_E9,16.71,0.00011825
Al_degrader_E9,16.77,8.675e-05
Al_degrader_E9,16.83,6.95e-05
Al_degrader_E9,16.89,4.966666666666667e-05
Al_degrader_E9,16.95,4e-05
Al_degrader_E9,17.009999999999998,2.8833333333333334e-05
Al_degrader_E9,17.07,2.1333333333333335e-05
Al_degrader_E9,17.13,1.7833333333333334e-05
Al_degrader_E9,17.189999999999998,1.2083333333333333e-05
Al_degrader_E9,17.25,8.333333333333334e-06
Al_degrader_E9,17.310000000000002,6.333333333333333e-06
Al_degrader_E9,17.369999999999997,4.9166666666666665e-06
Al_degrader_E9,17.43,3.083333333333333e-06
Al_degrader_E9,17.490000000000002,2.1666666666666665e-06
Al_degrader_E9,17.549999999999997,2.0833333333333334e-06
Al_degrader_E9,17.61,6.666666666666667e-07
Al_degrader_E9,17.67,1e-06
Al_degrader_E9,17.729999999999997,2.5e-07
Al_degrader_E9,17.79,5e-07
Al_degrader_E9,17.85,1.6666666666666668e-07
Al_degrader_E9,17.909999999999997,1.6666666666666668e-07
Al_degrader_E9,17.97,8.333333333333334e-08
Al_degrader_E9,18.03,1.6666666666666668e-07
Al_degrader_E9,18.09,0.0
Al_degrader_E9,18.15,8.333333333333334e-08
Al_degrader_E9,18.21,0.0
Al_degrader_E9,18.27,0.0
Al_degrader_E9,18.33,8.333333333333334e-08
Ni13,6.75,2e-07
Ni13,6.81,0.0
Ni13,6.869999999999999,0.0
Ni13,6.93,0.0
Ni13,6.99,2e-07
Ni13,7.05,0.0
Ni13,7.109999999999999,0.0
Ni13,7.17,2e-07
Ni13,7.2299999999999995,2e-07
Ni13,7.289999999999999,0.0
Ni13,7.35,2e-07
Ni13,7.41,4e-07
Ni13,7.47,0.0
Ni13,7.529999999999999,2e-07
Ni13,7.59,6e-07
Ni13,7.65,6e-07
Ni13,7.709999999999999,6e-07
Ni13,7.77,4e-07
Ni13,7.83,1e-06
Ni13,7.89,8e-07
Ni13,7.949999999999999,1.4e-06
Ni13,8.01,1.6e-06
Ni13,8.07,2.8e-06
Ni13,8.129999999999999,1.6e-06
Ni13,8.19,3.4e-06
Ni13,8.25,4.6e-06
Ni13,8.309999999999999,5e-06
Ni13,8.370000000000001,4.4e-06
Ni13,8.43,6.8e-06
Ni13,8.489999999999998,7.6e-06
Ni13,8.55,9.4e-06
Ni13,8.61,1.28e-05
Ni13,8.67,1.38e-05
Ni13,8.73,1.56e-05
Ni13,8.79,2.3e-05
Ni13,8.85,2.72e-05
Ni13,8.91,2.68e-05
Ni13,8.969999999999999,4.06e-05
Ni13,9.030000000000001,5.02e-05
Ni13,9.09,5.26e-05
Ni13,9.149999999999999,7.24e-05
Ni13,9.21,8.46e-05
Ni13,9.27,9.94e-05
Ni13,9.329999999999998,0.0001214
Ni13,9.39,0.0001486
Ni13,9.45,0.000173
Ni13,9.51,0.0002156
Ni13,9.57,0.0002534
Ni13,9.629999999999999,0.0002854
Ni13,9.69,0.0003484
Ni13,9.75,0.0004144
Ni13,9.809999999999999,0.0004676
Ni13,9.870000000000001,0.0005746
Ni13,9.93,0.0006638
Ni13,9.989999999999998,0.0007576
Ni13,10.05,0.0009304
Ni13,10.11,0.0010428
Ni13,10.169999999999998,0.001194
Ni13,10.23,0.0014164
Ni13,10.29,0.0015666
Ni13,10.35,0.0018378
Ni13,10.41,0.0021064
Ni13,10.469999999999999,0.0024048
Ni13,10.53,0.0027844
Ni13,10.59,0.0030942
Ni13,10.649999999999999,0.003515
Ni13,10.71,0.003966
Ni13,10.77,0.0044616
Ni13,10.829999999999998,0.0050448
Ni13,10.89,0.0055616
Ni13,10.95,0.006265
Ni13,11.01,0.00691
Ni13,11.07,0.0076238
Ni13,11.129999999999999,0.0084268
Ni13,11.19,0.009218
Ni13,11.25,0.0101238
Ni13,11.309999999999999,0.0109788
Ni13,11.370000000000001,0.0119012
Ni13,11.43,0.0128704
Ni13,11.489999999999998,0.0137922
Ni13,11.55,0.0148918
Ni13,11.61,0.0159342
Ni13,11.669999999999998,0.016852
Ni13,11.73,0.017979
Ni13,11.79,0.0189066
Ni13,11.85,0.0199474
Ni13,11.91,0.0208982
Ni13,11.969999999999999,0.0217618
Ni13,12.03,0.0227012
Ni13,12.09,0.0233668
Ni13,12.149999999999999,0.0241714
Ni13,12.21,0.0247908
Ni13,12.27,0.025272
Ni13,12.329999999999998,0.02571
Ni13,12.39,0.0260616
Ni13,12.45,0.0263722
Ni13,12.51,0.0263746
Ni13,12.57,0.0265636
Ni13,12.629999999999999,0.0263942
Ni13,12.69,0.0260882
Ni13,12.75,0.0258432
Ni13,12.809999999999999,0.0252924
Ni13,12.870000000000001,0.0248142
Ni13,12.93,0.0241846
Ni13,12.989999999999998,0.023422
Ni13,13.05,0.0226284
Ni13,13.11,0.0215802
Ni13,13.169999999999998,0.0206574
Ni13,13.23,0.0196286
Ni13,13.29,0.0184604
Ni13,13.35,0.0175202
Ni13,13.41,0.0163144
Ni13,13.469999999999999,0.015289
Ni13,13.53,0.014213
Ni13,13.59,0.0130194
Ni13,13.649999999999999,0.0120326
Ni13,13.71,0.0108718
Ni13,13.77,0.0100096
Ni13,13.829999999999998,0.0088918
Ni13,13.89,0.0081204
Ni13,13.95,0.0071582
Ni13,14.009999999999998,0.0063974
Ni13,14.07,0.0056312
Ni13,14.129999999999999,0.0049236
Ni13,14.19,0.0042894
Ni13,14.25,0.0037538
Ni13,14.309999999999999,0.0032286
Ni13,14.37,0.002797
Ni13,14.43,0.0023748
Ni13,14.489999999999998,0.002032
Ni13,14.55,0.0017004
Ni13,14.61,0.001464
Ni13,14.669999999999998,0.0012188
Ni13,14.73,0.0009832
Ni13,14.79,0.000845
Ni13,14.85,0.0006778
Ni13,14.91,0.0005632
Ni13,14.969999999999999,0.0004576
Ni13,15.03,0.0003634
Ni13,15.09,0.0002852
Ni13,15.149999999999999,0.0002284
Ni13,15.21,0.0001764
Ni13,15.27,0.0001376
Ni13,15.329999999999998,0.0001078
Ni13,15.39,8.38e-05
Ni13,15.45,6.4e-05
Ni13,15.509999999999998,4.9e-05
Ni13,15.57,3.82e-05
Ni13,15.629999999999999,2.76e-05
Ni13,15.69,2.2e-05
Ni13,15.75,1.56e-05
Ni13,15.809999999999999,1.18e-05
Ni13,15.87,7.8e-06
Ni13,15.93,5.8e-06
Ni13,15.989999999999998,4.6e-06
Ni13,16.049999999999997,3e-06
Ni13,16.11,2e-06
Ni13,16.17,1.4e-06
Ni13,16.229999999999997,8e-07
Ni13,16.29,1e-06
Ni13,16.35,4e-07
Ni13,16.409999999999997,2e-07
Ni13,16.47,4e-07
Ni13,16.53,2e-07
Ni13,16.59,2e-07
Ni13,16.65,0.0
Ni13,16.71,2e-07
Ni13,16.77,0.0
Ni13,16.83,2e-07
Sn13,6.57,3.3333333333333335e-07
Sn13,6.63,0.0
Sn13,6.6899999999999995,3.3333333333333335e-07
Sn13,6.75,3.3333333333333335e-07
Sn13,6.81,0.0
Sn13,6.869999999999999,0.0
Sn13,6.93,3.3333333333333335e-07
Sn13,6.99,0.0
Sn13,7.05,3.3333333333333335e-07
Sn13,7.109999999999999,0.0
Sn13,7.17,3.3333333333333335e-07
Sn13,7.2299999999999995,3.3333333333333335e-07
Sn13,7.289999999999999,3.3333333333333335e-07
Sn13,7.35,3.3333333333333335e-07
Sn13,7.41,1e-06
Sn13,7.47,6.666666666666667e-07
Sn13,7.529999999999999,2e-06
Sn13,7.59,3.3333333333333335e-07
Sn13,7.65,3.3333333333333333e-06
Sn13,7.709999999999999,1.3333333333333334e-06
Sn13,7.77,2e-06
Sn13,7.83,2.666666666666667e-06
Sn13,7.89,5e-06
Sn13,7.949999999999999,3.6666666666666666e-06
Sn13,8.01,7e-06
Sn13,8.07,9.333333333333333e-06
Sn13,8.129999999999999,9e-06
Sn13,8.19,1.1333333333333334e-05
Sn13,8.25,8e-06
Sn13,8.309999999999999,1.3333333333333333e-05
Sn13,8.370000000000001,1.5666666666666667e-05
Sn13,8.43,2.0666666666666666e-05
Sn13,8.489999999999998,2.4333333333333333e-05
Sn13,8.55,3e-05
Sn13,8.61,3.766666666666667e-05
Sn13,8.67,4.8e-05
Sn13,8.73,5.4e-05
Sn13,8.79,6.866666666666666e-05
Sn13,8.85,8.4e-05
Sn13,8.91,9.8e-05
Sn13,8.969999999999999,0.00012633333333333333
Sn13,9.030000000000001,0.00014933333333333332
Sn13,9.09,0.00017333333333333334
Sn13,9.149999999999999,0.000205
Sn13,9.21,0.00024
Sn13,9.27,0.00029433333333333335
Sn13,9.329999999999998,0.00034333333333333335
Sn13,9.39,0.0004116666666666667
Sn13,9.45,0.000484
Sn13,9.51,0.000563
Sn13,9.57,0.0006506666666666667
Sn13,9.629999999999999,0.0007293333333333334
Sn13,9.69,0.0008686666666666667
Sn13,9.75,0.001039
Sn13,9.809999999999999,0.0011693333333333334
Sn13,9.870000000000001,0.0013893333333333333
Sn13,9.93,0.0016083333333333334
Sn13,9.989999999999998,0.001818
Sn13,10.05,0.002075
Sn13,10.11,0.002338
Sn13,10.169999999999998,0.002658666666666667
Sn13,10.23,0.003014
Sn13,10.29,0.0034233333333333333
Sn13,10.35,0.003955333333333333
Sn13,10.41,0.004421
Sn13,10.469999999999999,0.004906666666666667
Sn13,10.53,0.005560333333333333
Sn13,10.59,0.006106
Sn13,10.649999999999999,0.006837
Sn13,10.71,0.007609333333333333
Sn13,10.77,0.00833
Sn13,10.829999999999998,0.009147
Sn13,10.89,0.009968333333333333
Sn13,10.95,0.010885333333333334
Sn13,11.01,0.011818
Sn13,11.07,0.012760333333333334
Sn13,11.129999999999999,0.013728
Sn13,11.19,0.014754333333333333
Sn13,11.25,0.015765666666666667
Sn13,11.309999999999999,0.016824333333333334
Sn13,11.370000000000001,0.017748333333333335
Sn13,11.43,0.018827
Sn13,11.489999999999998,0.019789
Sn13,11.55,0.020808333333333335
Sn13,11.61,0.02187
Sn13,11.669999999999998,0.022740333333333335
Sn13,11.73,0.023444
Sn13,11.79,0.024083666666666666
Sn13,11.85,0.024777333333333332
Sn13,11.91,0.025221
Sn13,11.969999999999999,0.025757
Sn13,12.03,0.026044333333333333
Sn13,12.09,0.026314666666666667
Sn13,12.149999999999999,0.026330333333333334
Sn13,12.21,0.026384333333333333
Sn13,12.27,0.026344333333333334
Sn13,12.329999999999998,0.026305666666666668
Sn13,12.39,0.026017
Sn13,12.45,0.025711666666666667
Sn13,12.51,0.025017333333333332
Sn13,12.57,0.024422666666666665
Sn13,12.629999999999999,0.023482666666666666
Sn13,12.69,0.022547
Sn13,12.75,0.021578666666666666
Sn13,12.809999999999999,0.020744666666666668
Sn13,12.870000000000001,0.019751
Sn13,12.93,0.018686666666666667
Sn13,12.989999999999998,0.017601
Sn13,13.05,0.016369
Sn13,13.11,0.015299
Sn13,13.169999999999998,0.014239
Sn13,13.23,0.013257666666666666
Sn13,13.29,0.012116333333333333
Sn13,13.35,0.011121666666666667
Sn13,13.41,0.010063666666666667
Sn13,13.469999999999999,0.009009
Sn13,13.53,0.008111666666666666
Sn13,13.59,0.007183333333333333
Sn13,13.649999999999999,0.006396666666666667
Sn13,13.71,0.005606666666666667
Sn13,13.77,0.004966
Sn13,13.829999999999998,0.004337
Sn13,13.89,0.003746666666666667
Sn13,13.95,0.0032506666666666665
Sn13,14.009999999999998,0.0028093333333333334
Sn13,14.07,0.0023913333333333334
Sn13,14.129999999999999,0.002046
Sn13,14.19,0.0017123333333333333
Sn13,14.25,0.001457
Sn13,14.309999999999999,0.0012206666666666668
Sn13,14.37,0.0010256666666666667
Sn13,14.43,0.0008456666666666667
Sn13,14.489999999999998,0.0007163333333333334
Sn13,14.55,0.00057
Sn13,14.61,0.000454
Sn13,14.669999999999998,0.0003553333333333333
Sn13,14.73,0.0002776666666666667
Sn13,14.79,0.00021966666666666668
Sn13,14.85,0.000173
Sn13,14.91,0.00014
Sn13,14.969999999999999,0.00010733333333333333
Sn13,15.03,8.466666666666666e-05
Sn13,15.09,6.366666666666666e-05
Sn13,15.149999999999999,5e-05
Sn13,15.21,3.9e-05
Sn13,15.27,2.7666666666666667e-05
Sn13,15.329999999999998,2.1e-05
Sn13,15.39,1.6e-05
Sn13,15.45,1.2e-05
Sn13,15.509999999999998,8e-06
Sn13,15.57,6e-06
Sn13,15.629999999999999,3.6666666666666666e-06
Sn13,15.69,3e-06
Sn13,15.75,2e-06
Sn13,15.809999999999999,1.6666666666666667e-06
Sn13,15.87,6.666666666666667e-07
Sn13,15.93,6.666666666666667e-07
Sn13,15.989999999999998,6.666666666666667e-07
Sn13,16.049999999999997,3.3333333333333335e-07
Sn13,16.11,0.0
Sn13,16.17,0.0
Sn13,16.229999999999997,3.3333333333333335e-07
Sn13,16.29,3.3333333333333335e-07
Sn13,16.35,3.3333333333333335e-07
Ta13,5.85,2.5e-07
Ta13,5.91,0.0
Ta13,5.97,0.0
Ta13,6.029999999999999,0.0
Ta13,6.09,2.5e-07
Ta13,6.15,0.0
Ta13,6.21,0.0
Ta13,6.27,2.5e-07
Ta13,6.33,2.5e-07
Ta13,6.39,0.0
Ta13,6.449999999999999,0.0
Ta13,6.51,2.5e-07
Ta13,6.57,5e-07
Ta13,6.63,0.0
Ta13,6.6899999999999995,2.5e-07
Ta13,6.75,2.5e-07
Ta13,6.81,1e-06
Ta13,6.869999999999999,2.5e-07
Ta13,6.93,1e-06
Ta13,6.99,1e-06
Ta13,7.05,1e-06
Ta13,7.109999999999999,1.25e-06
Ta13,7.17,1e-06
Ta13,7.2299999999999995,2.5e-06
Ta13,7.289999999999999,2.75e-06
Ta13,7.35,2.25e-06
Ta13,7.41,4.25e-06
Ta13,7.47,6.25e-06
Ta13,7.529999999999999,4.75e-06
Ta13,7.59,5e-06
Ta13,7.65,8e-06
Ta13,7.709999999999999,8e-06
Ta13,7.77,9.5e-06
Ta13,7.83,1.3e-05
Ta13,7.89,1.55e-05
Ta13,7.949999999999999,1.625e-05
Ta13,8.01,2.2e-05
Ta13,8.07,2.825e-05
Ta13,8.129999999999999,3.075e-05
Ta13,8.19,3.7e-05
Ta13,8.25,4.65e-05
Ta13,8.309999999999999,5.925e-05
Ta13,8.370000000000001,6.25e-05
Ta13,8.43,8.6e-05
Ta13,8.489999999999998,0.00010025
Ta13,8.55,0.00010825
Ta13,8.61,0.00014
Ta13,8.67,0.0001645
Ta13,8.73,0.00019625
Ta13,8.79,0.0002305
Ta13,8.85,0.000272
Ta13,8.91,0.000312
Ta13,8.969999999999999,0.00036925
Ta13,9.030000000000001,0.000445
Ta13,9.09,0.00047875
Ta13,9.149999999999999,0.00059
Ta13,9.21,0.00069875
Ta13,9.27,0.0007585
Ta13,9.329999999999998,0.0009245
Ta13,9.39,0.00108475
Ta13,9.45,0.0011745
Ta13,9.51,0.001373
Ta13,9.57,0.0016025
Ta13,9.629999999999999,0.00177275
Ta13,9.69,0.00204275
Ta13,9.75,0.00234375
Ta13,9.809999999999999,0.0026465
Ta13,9.870000000000001,0.00300825
Ta13,9.93,0.003345
Ta13,9.989999999999998,0.00378875
Ta13,10.05,0.00423075
Ta13,10.11,0.00470675
Ta13,10.169999999999998,0.00532175
Ta13,10.23,0.00582075
Ta13,10.29,0.0064915
Ta13,10.35,0.007196
Ta13,10.41,0.00781325
Ta13,10.469999999999999,0.00862025
Ta13,10.53,0.00934475
Ta13,10.59,0.0101945
Ta13,10.649999999999999,0.01111525
Ta13,10.71,0.011876
Ta13,10.77,0.01289125
Ta13,10.829999999999998,0.0137535
Ta13,10.89,0.01469625
Ta13,10.95,0.01569875
Ta13,11.01,0.01664675
Ta13,11.07,0.0175955
Ta13,11.129999999999999,0.01866025
Ta13,11.19,0.01943875
Ta13,11.25,0.0203475
Ta13,11.309999999999999,0.021273
Ta13,11.370000000000001,0.02198975
Ta13,11.43,0.022836
Ta13,11.489999999999998,0.023418
Ta13,11.55,0.02404825
Ta13,11.61,0.02450825
Ta13,11.669999999999998,0.024931
Ta13,11.73,0.02519925
Ta13,11.79,0.02546925
Ta13,11.85,0.025696
Ta13,11.91,0.02567125
Ta13,11.969999999999999,0.0255975
Ta13,12.03,0.02549125
Ta13,12.09,0.02512975
Ta13,12.149999999999999,0.024841
Ta13,12.21,0.02429825
Ta13,12.27,0.02371075
Ta13,12.329999999999998,0.02307375
Ta13,12.39,0.022246
Ta13,12.45,0.0214165
Ta13,12.51,0.02054775
Ta13,12.57,0.0194965
Ta13,12.629999999999999,0.018561
Ta13,12.69,0.0175195
Ta13,12.75,0.01647375
Ta13,12.809999999999999,0.01557325
Ta13,12.870000000000001,0.01435
Ta13,12.93,0.013427
Ta13,12.989999999999998,0.01239075
Ta13,13.05,0.01127425
Ta13,13.11,0.01048375
Ta13,13.169999999999998,0.00936275
Ta13,13.23,0.00856725
Ta13,13.29,0.00763125
Ta13,13.35,0.00689275
Ta13,13.41,0.00607225
Ta13,13.469999999999999,0.0053265
Ta13,13.53,0.00475225
Ta13,13.59,0.00415475
Ta13,13.649999999999999,0.00358625
Ta13,13.71,0.0031475
Ta13,13.77,0.002705
Ta13,13.829999999999998,0.00233
Ta13,13.89,0.00197675
Ta13,13.95,0.001684
Ta13,14.009999999999998,0.001449
Ta13,14.07,0.00118725
Ta13,14.129999999999999,0.001025
Ta13,14.19,0.00084425
Ta13,14.25,0.00069475
Ta13,14.309999999999999,0.000562
Ta13,14.37,0.00047625
Ta13,14.43,0.00037175
Ta13,14.489999999999998,0.0002965
Ta13,14.55,0.00023775
Ta13,14.61,0.000183
Ta13,14.669999999999998,0.00014725
Ta13,14.73,0.0001085
Ta13,14.79,9.325e-05
Ta13,14.85,6.4e-05
Ta13,14.91,5.95e-05
Ta13,14.969999999999999,3.675e-05
Ta13,15.03,3.325e-05
Ta13,15.09,2.325e-05
Ta13,15.149999999999999,1.85e-05
Ta13,15.21,1.275e-05
Ta13,15.27,9.5e-06
Ta13,15.329999999999998,7.5e-06
Ta13,15.39,5e-06
Ta13,15.45,3e-06
Ta13,15.509999999999998,2.25e-06
Ta13,15.57,2.5e-06
Ta13,15.629999999999999,7.5e-07
Ta13,15.69,1.25e-06
Ta13,15.75,5e-07
Ta13,15.809999999999999,2.5e-07
Ta13,15.87,5e-07
Ta13,15.93,2.5e-07
Ta13,15.989999999999998,2.5e-07
Ta13,16.049999999999997,0.0
Ta13,16.11,2.5e-07
Ta13,16.17,0.0
Ta13,16.229999999999997,2.5e-07
Cu13,4.949999999999999,2e-07
Cu13,5.01,0.0
Cu13,5.07,0.0
Cu13,5.13,0.0
Cu13,5.1899999999999995,2e-07
Cu13,5.25,0.0
Cu13,5.31,0.0
Cu13,5.369999999999999,2e-07
Cu13,5.43,2e-07
Cu13,5.49,0.0
Cu13,5.55,0.0
Cu13,5.609999999999999,2e-07
Cu13,5.67,2e-07
Cu13,5.73,2e-07
Cu13,5.789999999999999,0.0
Cu13,5.85,6e-07
Cu13,5.91,2e-07
Cu13,5.97,4e-07
Cu13,6.029999999999999,6e-07
Cu13,6.09,6e-07
Cu13,6.15,4e-07
Cu13,6.21,8e-07
Cu13,6.27,1.4e-06
Cu13,6.33,6e-07
Cu13,6.39,1.2e-06
Cu13,6.449999999999999,2e-06
Cu13,6.51,2.4e-06
Cu13,6.57,1e-06
Cu13,6.63,4.2e-06
Cu13,6.6899999999999995,4.4e-06
Cu13,6.75,4e-06
Cu13,6.81,4e-06
Cu13,6.869999999999999,6.2e-06
Cu13,6.93,6.2e-06
Cu13,6.99,5.8e-06
Cu13,7.05,1.22e-05
Cu13,7.109999999999999,1e-05
Cu13,7.17,1.16e-05
Cu13,7.2299999999999995,1.66e-05
Cu13,7.289999999999999,1.9e-05
Cu13,7.35,2.22e-05
Cu13,7.41,2.72e-05
Cu13,7.47,3.02e-05
Cu13,7.529999999999999,3.78e-05
Cu13,7.59,4.74e-05
Cu13,7.65,5.1e-05
Cu13,7.709999999999999,6.72e-05
Cu13,7.77,8e-05
Cu13,7.83,8.44e-05
Cu13,7.89,0.0001096
Cu13,7.949999999999999,0.0001302
Cu13,8.01,0.0001404
Cu13,8.07,0.000182
Cu13,8.129999999999999,0.0002086
Cu13,8.19,0.0002372
Cu13,8.25,0.0002756
Cu13,8.309999999999999,0.0003196
Cu13,8.370000000000001,0.0003866
Cu13,8.43,0.0004208
Cu13,8.489999999999998,0.000506
Cu13,8.55,0.000595
Cu13,8.61,0.0006528
Cu13,8.67,0.0007688
Cu13,8.73,0.0009084
Cu13,8.79,0.000998
Cu13,8.85,0.0011664
Cu13,8.91,0.0013082
Cu13,8.969999999999999,0.0014752
Cu13,9.030000000000001,0.0017132
Cu13,9.09,0.0019074
Cu13,9.149999999999999,0.0021476
Cu13,9.21,0.0024966
Cu13,9.27,0.0027254
Cu13,9.329999999999998,0.0030924
Cu13,9.39,0.0034868
Cu13,9.45,0.003851
Cu13,9.51,0.0042898
Cu13,9.57,0.00478
Cu13,9.629999999999999,0.0052514
Cu13,9.69,0.0058998
Cu13,9.75,0.006422
Cu13,9.809999999999999,0.0070372
Cu13,9.870000000000001,0.0077568
Cu13,9.93,0.0083892
Cu13,9.989999999999998,0.009164
Cu13,10.05,0.0099088
Cu13,10.11,0.0106942
Cu13,10.169999999999998,0.01157
Cu13,10.23,0.012341
Cu13,10.29,0.0132446
Cu13,10.35,0.0141018
Cu13,10.41,0.0150466
Cu13,10.469999999999999,0.01587
Cu13,10.53,0.0168446
Cu13,10.59,0.0176822
Cu13,10.649999999999999,0.018573
Cu13,10.71,0.0194336
Cu13,10.77,0.0201276
Cu13,10.829999999999998,0.0210352
Cu13,10.89,0.0216518
Cu13,10.95,0.0223682
Cu13,11.01,0.0229256
Cu13,11.07,0.0234262
Cu13,11.129999999999999,0.0239846
Cu13,11.19,0.0241594
Cu13,11.25,0.0244866
Cu13,11.309999999999999,0.024687
Cu13,11.370000000000001,0.0248188
Cu13,11.43,0.0248516
Cu13,11.489999999999998,0.0248116
Cu13,11.55,0.0245016
Cu13,11.61,0.0243386
Cu13,11.669999999999998,0.023885
Cu13,11.73,0.0234144
Cu13,11.79,0.0228746
Cu13,11.85,0.0223022
Cu13,11.91,0.0215006
Cu13,11.969999999999999,0.0207766
Cu13,12.03,0.0198588
Cu13,12.09,0.0190084
Cu13,12.149999999999999,0.0180394
Cu13,12.21,0.0171208
Cu13,12.27,0.0161748
Cu13,12.329999999999998,0.015142
Cu13,12.39,0.0142204
Cu13,12.45,0.0132436
Cu13,12.51,0.01219
Cu13,12.57,0.011308
Cu13,12.629999999999999,0.0103568
Cu13,12.69,0.0095002
Cu13,12.75,0.0085502
Cu13,12.809999999999999,0.0078032
Cu13,12.870000000000001,0.0069666
Cu13,12.93,0.006235
Cu13,12.989999999999998,0.0055418
Cu13,13.05,0.0048862
Cu13,13.11,0.0043314
Cu13,13.169999999999998,0.0037918
Cu13,13.23,0.0033056
Cu13,13.29,0.0028746
Cu13,13.35,0.0025058
Cu13,13.41,0.002136
Cu13,13.469999999999999,0.0018418
Cu13,13.53,0.0015702
Cu13,13.59,0.001343
Cu13,13.649999999999999,0.0011126
Cu13,13.71,0.0009452
Cu13,13.77,0.0007872
Cu13,13.829999999999998,0.000649
Cu13,13.89,0.0005426
Cu13,13.95,0.0004354
Cu13,14.009999999999998,0.0003576
Cu13,14.07,0.000285
Cu13,14.129999999999999,0.0002298
Cu13,14.19,0.0001798
Cu13,14.25,0.0001396
Cu13,14.309999999999999,0.0001144
Cu13,14.37,8.6e-05
Cu13,14.43,7e-05
Cu13,14.489999999999998,5.06e-05
Cu13,14.55,4.4e-05
Cu13,14.61,3.02e-05
Cu13,14.669999999999998,2.44e-05
Cu13,14.73,1.74e-05
Cu13,14.79,1.32e-05
Cu13,14.85,9.6e-06
Cu13,14.91,8e-06
Cu13,14.969999999999999,4.8e-06
Cu13,15.03,4.4e-06
Cu13,15.09,2.6e-06
Cu13,15.149999999999999,2e-06
Cu13,15.21,1.2e-06
Cu13,15.27,1.2e-06
Cu13,15.329999999999998,6e-07
Cu13,15.39,2e-07
Cu13,15.45,4e-07
Cu13,15.509999999999998,2e-07
Cu13,15.57,4e-07
Cu13,15.629999999999999,2e-07
Cu13,15.69,0.0
Cu13,15.75,2e-07
Cu13,15.809999999999999,0.0
Cu13,15.87,2e-07
Al_degrader_E10,0.03,5e-07
Al_degrader_E10,0.09,5e-08
Al_degrader_E10,0.15,0.0
Al_degrader_E10,0.21,0.0
Al_degrader_E10,0.27,0.0
Al_degrader_E10,0.32999999999999996,5e-08
Al_degrader_E10,0.39,5e-08
Al_degrader_E10,0.44999999999999996,5e-08
Al_degrader_E10,0.51,5e-08
Al_degrader_E10,0.5700000000000001,0.0
Al_degrader_E10,0.6299999999999999,0.0
Al_degrader_E10,0.69,1e-07
Al_degrader_E10,0.75,0.0
Al_degrader_E10,0.81,0.0
Al_degrader_E10,0.8699999999999999,0.0
Al_degrader_E10,0.9299999999999999,5e-08
Al_degrader_E10,0.99,1.5e-07
Al_degrader_E10,1.05,5e-08
Al_degrader_E10,1.1099999999999999,5e-08
Al_degrader_E10,1.17,1e-07
Al_degrader_E10,1.23,0.0
Al_degrader_E10,1.29,1.5e-07
Al_degrader_E10,1.3499999999999999,5e-08
Al_degrader_E10,1.41,0.0
Al_degrader_E10,1.47,1.5e-07
Al_degrader_E10,1.53,1.5e-07
Al_degrader_E10,1.5899999999999999,1e-07
Al_degrader_E10,1.65,1.5e-07
Al_degrader_E10,1.71,5e-08
Al_degrader_E10,1.77,2e-07
Al_degrader_E10,1.8299999999999998,5e-08
Al_degrader_E10,1.89,2e-07
Al_degrader_E10,1.95,2.5e-07
Al_degrader_E10,2.01,3e-07
Al_degrader_E10,2.0700000000000003,3.5e-07
Al_degrader_E10,2.13,2e-07
Al_degrader_E10,2.19,2.5e-07
Al_degrader_E10,2.25,2e-07
Al_degrader_E10,2.3099999999999996,3.5e-07
Al_degrader_E10,2.37,6.5e-07
Al_degrader_E10,2.4299999999999997,6e-07
Al_degrader_E10,2.49,5e-07
Al_degrader_E10,2.55,4.5e-07
Al_degrader_E10,2.61,6.5e-07
Al_degrader_E10,2.67,7.5e-07
Al_degrader_E10,2.7299999999999995,7e-07
Al_degrader_E10,2.79,1.05e-06
Al_degrader_E10,2.8499999999999996,6e-07
Al_degrader_E10,2.91,8.5e-07
Al_degrader_E10,2.9699999999999998,1.1e-06
Al_degrader_E10,3.0300000000000002,1.1e-06
Al_degrader_E10,3.09,1.5e-06
Al_degrader_E10,3.15,1.45e-06
Al_degrader_E10,3.21,1.65e-06
Al_degrader_E10,3.2699999999999996,1.7e-06
Al_degrader_E10,3.33,1.85e-06
Al_degrader_E10,3.3899999999999997,2.5e-06
Al_degrader_E10,3.45,2.7e-06
Al_degrader_E10,3.51,2.5e-06
Al_degrader_E10,3.57,3.25e-06
Al_degrader_E10,3.63,3.35e-06
Al_degrader_E10,3.6899999999999995,4.45e-06
Al_degrader_E10,3.75,4.1e-06
Al_degrader_E10,3.8099999999999996,5.45e-06
Al_degrader_E10,3.87,5e-06
Al_degrader_E10,3.9299999999999997,6.7e-06
Al_degrader_E10,3.9899999999999998,7e-06
Al_degrader_E10,4.05,8.65e-06
Al_degrader_E10,4.109999999999999,8.6e-06
Al_degrader_E10,4.17,1.05e-05
Al_degrader_E10,4.23,1.17e-05
Al_degrader_E10,4.29,1.335e-05
Al_degrader_E10,4.35,1.525e-05
Al_degrader_E10,4.41,1.605e-05
Al_degrader_E10,4.47,1.835e-05
Al_degrader_E10,4.529999999999999,2.205e-05
Al_degrader_E10,4.59,2.235e-05
Al_degrader_E10,4.65,2.76e-05
Al_degrader_E10,4.71,2.875e-05
Al_degrader_E10,4.77,3.37e-05
Al_degrader_E10,4.83,3.785e-05
Al_degrader_E10,4.89,4.34e-05
Al_degrader_E10,4.949999999999999,4.8e-05
Al_degrader_E10,5.01,5.325e-05
Al_degrader_E10,5.07,6.085e-05
Al_degrader_E10,5.13,6.42e-05
Al_degrader_E10,5.1899999999999995,7.515e-05
Al_degrader_E10,5.25,8.735e-05
Al_degrader_E10,5.31,8.965e-05
Al_degrader_E10,5.369999999999999,0.0001031
Al_degrader_E10,5.43,0.0001202
Al_degrader_E10,5.49,0.00013105
Al_degrader_E10,5.55,0.0001443
Al_degrader_E10,5.609999999999999,0.00016525
Al_degrader_E10,5.67,0.0001811
Al_degrader_E10,5.73,0.0002039
Al_degrader_E10,5.789999999999999,0.0002287
Al_degrader_E10,5.85,0.00025415
Al_degrader_E10,5.91,0.00027835
Al_degrader_E10,5.97,0.0003108
Al_degrader_E10,6.029999999999999,0.00034605
Al_degrader_E10,6.09,0.0003819
Al_degrader_E10,6.15,0.00042425
Al_degrader_E10,6.21,0.00046955
Al_degrader_E10,6.27,0.0005208
Al_degrader_E10,6.33,0.0005753
Al_degrader_E10,6.39,0.000638
Al_degrader_E10,6.449999999999999,0.0007081
Al_degrader_E10,6.51,0.00077605
Al_degrader_E10,6.57,0.00085085
Al_degrader_E10,6.63,0.00094485
Al_degrader_E10,6.6899999999999995,0.00103765
Al_degrader_E10,6.75,0.0011287
Al_degrader_E10,6.81,0.0012542
Al_degrader_E10,6.869999999999999,0.0013761
Al_degrader_E10,6.93,0.00149
Al_degrader_E10,6.99,0.00163955
Al_degrader_E10,7.05,0.00179135
Al_degrader_E10,7.109999999999999,0.00193655
Al_degrader_E10,7.17,0.0021283
Al_degrader_E10,7.2299999999999995,0.00229475
Al_degrader_E10,7.289999999999999,0.00251475
Al_degrader_E10,7.35,0.00270765
Al_degrader_E10,7.41,0.002923
Al_degrader_E10,7.47,0.00318815
Al_degrader_E10,7.529999999999999,0.0034138
Al_degrader_E10,7.59,0.0036904
Al_degrader_E10,7.65,0.00398175
Al_degrader_E10,7.709999999999999,0.0042407
Al_degrader_E10,7.77,0.0045942
Al_degrader_E10,7.83,0.0048788
Al_degrader_E10,7.89,0.00524845
Al_degrader_E10,7.949999999999999,0.0056044
Al_degrader_E10,8.01,0.0059445
Al_degrader_E10,8.07,0.0063803
Al_degrader_E10,8.129999999999999,0.00673705
Al_degrader_E10,8.19,0.00718415
Al_degrader_E10,8.25,0.0075925
Al_degrader_E10,8.309999999999999,0.00802775
Al_degrader_E10,8.370000000000001,0.0084783
Al_degrader_E10,8.43,0.0089149
Al_degrader_E10,8.489999999999998,0.00941445
Al_degrader_E10,8.55,0.0098453
Al_degrader_E10,8.61,0.0103537
Al_degrader_E10,8.67,0.01081845
Al_degrader_E10,8.73,0.0113174
Al_degrader_E10,8.79,0.0117933
Al_degrader_E10,8.85,0.01226875
Al_degrader_E10,8.91,0.0127784
Al_degrader_E10,8.969999999999999,0.0132281
Al_degrader_E10,9.030000000000001,0.01373335
Al_degrader_E10,9.09,0.0141712
Al_degrader_E10,9.149999999999999,0.01467775
Al_degrader_E10,9.21,0.0150913
Al_degrader_E10,9.27,0.01553005
Al_degrader_E10,9.329999999999998,0.01593945
Al_degrader_E10,9.39,0.0163071
Al_degrader_E10,9.45,0.01670895
Al_degrader_E10,9.51,0.01702915
Al_degrader_E10,9.57,0.01735255
Al_degrader_E10,9.629999999999999,0.0176347
Al_degrader_E10,9.69,0.01788365
Al_degrader_E10,9.75,0.0181263
Al_degrader_E10,9.809999999999999,0.01830105
Al_degrader_E10,9.870000000000001,0.0184667
Al_degrader_E10,9.93,0.0185964
Al_degrader_E10,9.989999999999998,0.0186616
Al_degrader_E10,10.05,0.01872635
Al_degrader_E10,10.11,0.01870325
Al_degrader_E10,10.169999999999998,0.01870825
Al_degrader_E10,10.23,0.01859715
Al_degrader_E10,10.29,0.01851105
Al_degrader_E10,10.35,0.01833745
Al_degrader_E10,10.41,0.01814185
Al_degrader_E10,10.469999999999999,0.01790845
Al_degrader_E10,10.53,0.01761395
Al_degrader_E10,10.59,0.0173286
Al_degrader_E10,10.649999999999999,0.01694025
Al_degrader_E10,10.71,0.0165693
Al_degrader_E10,10.77,0.01613415
Al_degrader_E10,10.829999999999998,0.0156994
Al_degrader_E10,10.89,0.01522815
Al_degrader_E10,10.95,0.0146982
Al_degrader_E10,11.01,0.01418375
Al_degrader_E10,11.07,0.0136408
Al_degrader_E10,11.129999999999999,0.01308805
Al_degrader_E10,11.19,0.01252765
Al_degrader_E10,11.25,0.01192795
Al_degrader_E10,11.309999999999999,0.0113599
Al_degrader_E10,11.370000000000001,0.0107243
Al_degrader_E10,11.43,0.0101561
Al_degrader_E10,11.489999999999998,0.0095441
Al_degrader_E10,11.55,0.00894365
Al_degrader_E10,11.61,0.0083772
Al_degrader_E10,11.669999999999998,0.0077798
Al_degrader_E10,11.73,0.00725125
Al_degrader_E10,11.79,0.00668575
Al_degrader_E10,11.85,0.0061962
Al_degrader_E10,11.91,0.0056702
Al_degrader_E10,11.969999999999999,0.00520405
Al_degrader_E10,12.03,0.004742
Al_degrader_E10,12.09,0.00431035
Al_degrader_E10,12.149999999999999,0.00390675
Al_degrader_E10,12.21,0.0034994
Al_degrader_E10,12.27,0.0031571
Al_degrader_E10,12.329999999999998,0.00281705
Al_degrader_E10,12.39,0.00250815
Al_degrader_E10,12.45,0.0022242
Al_degrader_E10,12.51,0.00193905
Al_degrader_E10,12.57,0.0017217
Al_degrader_E10,12.629999999999999,0.00150285
Al_degrader_E10,12.69,0.00130565
Al_degrader_E10,12.75,0.00113815
Al_degrader_E10,12.809999999999999,0.0009736
Al_degrader_E10,12.870000000000001,0.00084965
Al_degrader_E10,12.93,0.00071995
Al_degrader_E10,12.989999999999998,0.00060955
Al_degrader_E10,13.05,0.00053045
Al_degrader_E10,13.11,0.0004369
Al_degrader_E10,13.169999999999998,0.00036945
Al_degrader_E10,13.23,0.0003107
Al_degrader_E10,13.29,0.0002605
Al_degrader_E10,13.35,0.0002129
Al_degrader_E10,13.41,0.00017715
Al_degrader_E10,13.469999999999999,0.00014225
Al_degrader_E10,13.53,0.0001185
Al_degrader_E10,13.59,9.305e-05
Al_degrader_E10,13.649999999999999,7.345e-05
Al_degrader_E10,13.71,6.08e-05
Al_degrader_E10,13.77,4.575e-05
Al_degrader_E10,13.829999999999998,3.705e-05
Al_degrader_E10,13.89,2.97e-05
Al_degrader_E10,13.95,2.185e-05
Al_degrader_E10,14.009999999999998,1.875e-05
Al_degrader_E10,14.07,1.355e-05
Al_degrader_E10,14.129999999999999,1.01e-05
Al_degrader_E10,14.19,9e-06
Al_degrader_E10,14.25,5.3e-06
Al_degrader_E10,14.309999999999999,4.75e-06
Al_degrader_E10,14.37,3.75e-06
Al_degrader_E10,14.43,2.15e-06
Al_degrader_E10,14.489999999999998,2.2e-06
Al_degrader_E10,14.55,1.35e-06
Al_degrader_E10,14.61,8.5e-07
Al_degrader_E10,14.669999999999998,7.5e-07
Al_degrader_E10,14.73,6e-07
Al_degrader_E10,14.79,2e-07
Al_degrader_E10,14.85,4e-07
Al_degrader_E10,14.91,2e-07
Al_degrader_E10,14.969999999999999,1e-07
Al_degrader_E10,15.03,5e-08
Al_degrader_E10,15.09,1.5e-07
Al_degrader_E10,15.149999999999999,5e-08
Al_degrader_E10,15.21,0.0
Al_degrader_E10,15.27,5e-08
Al_degrader_E10,15.329999999999998,5e-08
Al_degrader_E10,15.39,0.0
Al_degrader_E10,15.45,5e-08
Ni14,0.03,2e-05
Ni14,0.09,1.2222222222222221e-06
Ni14,0.15,8.888888888888889e-07
Ni14,0.21,1e-06
Ni14,0.27,1.4444444444444445e-06
Ni14,0.32999999999999996,4.4444444444444444e-07
Ni14,0.39,3.3333333333333335e-07
Ni14,0.44999999999999996,6.666666666666667e-07
Ni14,0.51,1.2222222222222221e-06
Ni14,0.5700000000000001,1.3333333333333334e-06
Ni14,0.6299999999999999,1.6666666666666667e-06
Ni14,0.69,1.2222222222222221e-06
Ni14,0.75,8.888888888888889e-07
Ni14,0.81,1.3333333333333334e-06
Ni14,0.8699999999999999,6.666666666666667e-07
Ni14,0.9299999999999999,1.7777777777777777e-06
Ni14,0.99,2e-06
Ni14,1.05,1.7777777777777777e-06
Ni14,1.1099999999999999,1.7777777777777777e-06
Ni14,1.17,2.222222222222222e-06
Ni14,1.23,1.5555555555555556e-06
Ni14,1.29,3e-06
Ni14,1.3499999999999999,3.2222222222222222e-06
Ni14,1.41,3.111111111111111e-06
Ni14,1.47,3e-06
Ni14,1.53,2.4444444444444442e-06
Ni14,1.5899999999999999,4.666666666666666e-06
Ni14,1.65,4.444444444444444e-06
Ni14,1.71,4.555555555555555e-06
Ni14,1.77,4.555555555555555e-06
Ni14,1.8299999999999998,5.1111111111111115e-06
Ni14,1.89,5.666666666666667e-06
Ni14,1.95,7.444444444444444e-06
Ni14,2.01,6e-06
Ni14,2.0700000000000003,7e-06
Ni14,2.13,8.888888888888888e-06
Ni14,2.19,1.0777777777777778e-05
Ni14,2.25,8.777777777777778e-06
Ni14,2.3099999999999996,1.088888888888889e-05
Ni14,2.37,1.1333333333333334e-05
Ni14,2.4299999999999997,1.3111111111111111e-05
Ni14,2.49,1.4e-05
Ni14,2.55,1.5444444444444443e-05
Ni14,2.61,1.7777777777777777e-05
Ni14,2.67,1.9555555555555554e-05
Ni14,2.7299999999999995,2.2555555555555556e-05
Ni14,2.79,2.1222222222222223e-05
Ni14,2.8499999999999996,2.5333333333333334e-05
Ni14,2.91,2.922222222222222e-05
Ni14,2.9699999999999998,3.2555555555555555e-05
Ni14,3.0300000000000002,3.555555555555555e-05
Ni14,3.09,3.811111111111111e-05
Ni14,3.15,4.233333333333333e-05
Ni14,3.21,4.766666666666667e-05
Ni14,3.2699999999999996,5.144444444444445e-05
Ni14,3.33,5.5e-05
Ni14,3.3899999999999997,6.422222222222223e-05
Ni14,3.45,6.855555555555555e-05
Ni14,3.51,7.522222222222222e-05
Ni14,3.57,8.511111111111111e-05
Ni14,3.63,9.28888888888889e-05
Ni14,3.6899999999999995,0.00010388888888888889
Ni14,3.75,0.00011122222222222222
Ni14,3.8099999999999996,0.00012844444444444446
Ni14,3.87,0.00013866666666666666
Ni14,3.9299999999999997,0.00015022222222222222
Ni14,3.9899999999999998,0.00016522222222222223
Ni14,4.05,0.00018522222222222223
Ni14,4.109999999999999,0.00020255555555555557
Ni14,4.17,0.00022077777777777777
Ni14,4.23,0.00024122222222222223
Ni14,4.29,0.000268
Ni14,4.35,0.000298
Ni14,4.41,0.00032022222222222223
Ni14,4.47,0.00036
Ni14,4.529999999999999,0.0003897777777777778
Ni14,4.59,0.00043577777777777777
Ni14,4.65,0.00047755555555555556
Ni14,4.71,0.0005236666666666666
Ni14,4.77,0.0005791111111111111
Ni14,4.83,0.0006264444444444444
Ni14,4.89,0.0006976666666666666
Ni14,4.949999999999999,0.0007428888888888889
Ni14,5.01,0.0008347777777777778
Ni14,5.07,0.0008903333333333334
Ni14,5.13,0.0009844444444444445
Ni14,5.1899999999999995,0.0010767777777777778
Ni14,5.25,0.0011757777777777778
Ni14,5.31,0.0012843333333333333
Ni14,5.369999999999999,0.0013992222222222223
Ni14,5.43,0.0015356666666666667
Ni14,5.49,0.0016852222222222223
Ni14,5.55,0.0018114444444444445
Ni14,5.609999999999999,0.0019926666666666665
Ni14,5.67,0.0021327777777777777
Ni14,5.73,0.0023487777777777778
Ni14,5.789999999999999,0.0025191111111111113
Ni14,5.85,0.0027462222222222224
Ni14,5.91,0.002975
Ni14,5.97,0.003207111111111111
Ni14,6.029999999999999,0.0034752222222222224
Ni14,6.09,0.0037454444444444445
Ni14,6.15,0.004044888888888889
Ni14,6.21,0.004337111111111111
Ni14,6.27,0.0046756666666666665
Ni14,6.33,0.005008111111111111
Ni14,6.39,0.005375222222222222
Ni14,6.449999999999999,0.005745333333333333
Ni14,6.51,0.006131555555555556
Ni14,6.57,0.006546111111111111
Ni14,6.63,0.006959111111111111
Ni14,6.6899999999999995,0.007438777777777778
Ni14,6.75,0.007850888888888888
Ni14,6.81,0.008401333333333334
Ni14,6.869999999999999,0.008780444444444445
Ni14,6.93,0.009348
Ni14,6.99,0.009800444444444445
Ni14,7.05,0.010373555555555556
Ni14,7.109999999999999,0.010908777777777778
Ni14,7.17,0.011403
Ni14,7.2299999999999995,0.012018555555555555
Ni14,7.289999999999999,0.012491333333333333
Ni14,7.35,0.013130222222222222
Ni14,7.41,0.013639888888888889
Ni14,7.47,0.014172777777777777
Ni14,7.529999999999999,0.014756222222222223
Ni14,7.59,0.015177555555555555
Ni14,7.65,0.01576688888888889
Ni14,7.709999999999999,0.01626422222222222
Ni14,7.77,0.016677777777777777
Ni14,7.83,0.01717633333333333
Ni14,7.89,0.01759877777777778
Ni14,7.949999999999999,0.01796388888888889
Ni14,8.01,0.018336333333333333
Ni14,8.07,0.018642222222222223
Ni14,8.129999999999999,0.01887211111111111
Ni14,8.19,0.019223666666666667
Ni14,8.25,0.01933788888888889
Ni14,8.309999999999999,0.01954
Ni14,8.370000000000001,0.019680777777777776
Ni14,8.43,0.019750666666666666
Ni14,8.489999999999998,0.019824
Ni14,8.55,0.019745111111111113
Ni14,8.61,0.019676555555555555
Ni14,8.67,0.019553666666666667
Ni14,8.73,0.0194
Ni14,8.79,0.019127222222222223
Ni14,8.85,0.018901333333333332
Ni14,8.91,0.018555555555555554
Ni14,8.969999999999999,0.01819877777777778
Ni14,9.030000000000001,0.017798111111111112
Ni14,9.09,0.017331333333333334
Ni14,9.149999999999999,0.016788333333333332
Ni14,9.21,0.016304333333333334
Ni14,9.27,0.015702
Ni14,9.329999999999998,0.015077
Ni14,9.39,0.014485333333333333
Ni14,9.45,0.013962
Ni14,9.51,0.013236
Ni14,9.57,0.012629666666666668
Ni14,9.629999999999999,0.012025666666666667
Ni14,9.69,0.011350333333333334
Ni14,9.75,0.01066811111111111
Ni14,9.809999999999999,0.010006555555555555
Ni14,9.870000000000001,0.009403666666666666
Ni14,9.93,0.008765666666666666
Ni14,9.989999999999998,0.008151
Ni14,10.05,0.007542888888888889
Ni14,10.11,0.006938
Ni14,10.169999999999998,0.006426222222222222
Ni14,10.23,0.005840555555555555
Ni14,10.29,0.005328777777777778
Ni14,10.35,0.004820444444444444
Ni14,10.41,0.004403111111111111
Ni14,10.469999999999999,0.003940555555555556
Ni14,10.53,0.0035575555555555556
Ni14,10.59,0.003175777777777778
Ni14,10.649999999999999,0.0028444444444444446
Ni14,10.71,0.0025305555555555554
Ni14,10.77,0.002240111111111111
Ni14,10.829999999999998,0.0019735555555555557
Ni14,10.89,0.0017377777777777778
Ni14,10.95,0.0015435555555555556
Ni14,11.01,0.001334888888888889
Ni14,11.07,0.0011685555555555555
Ni14,11.129999999999999,0.0009986666666666666
Ni14,11.19,0.0008744444444444444
Ni14,11.25,0.0007592222222222222
Ni14,11.309999999999999,0.0006361111111111112
Ni14,11.370000000000001,0.0005382222222222223
Ni14,11.43,0.000469
Ni14,11.489999999999998,0.0003937777777777778
Ni14,11.55,0.00032555555555555555
Ni14,11.61,0.00026933333333333334
Ni14,11.669999999999998,0.0002168888888888889
Ni14,11.73,0.00018155555555555554
Ni14,11.79,0.00015644444444444443
Ni14,11.85,0.00012188888888888888
Ni14,11.91,9.611111111111112e-05
Ni14,11.969999999999999,7.733333333333333e-05
Ni14,12.03,6.444444444444444e-05
Ni14,12.09,5.4e-05
Ni14,12.149999999999999,4.355555555555556e-05
Ni14,12.21,3.3777777777777776e-05
Ni14,12.27,2.4777777777777777e-05
Ni14,12.329999999999998,2.111111111111111e-05
Ni14,12.39,1.5888888888888887e-05
Ni14,12.45,1.3111111111111111e-05
Ni14,12.51,9.666666666666667e-06
Ni14,12.57,7.666666666666667e-06
Ni14,12.629999999999999,5.555555555555556e-06
Ni14,12.69,4.111111111111111e-06
Ni14,12.75,3.4444444444444444e-06
Ni14,12.809999999999999,2.222222222222222e-06
Ni14,12.870000000000001,1.8888888888888888e-06
Ni14,12.93,1.2222222222222221e-06
Ni14,12.989999999999998,8.888888888888889e-07
Ni14,13.05,8.888888888888889e-07
Ni14,13.11,2.2222222222222222e-07
Ni14,13.169999999999998,3.3333333333333335e-07
Ni14,13.23,3.3333333333333335e-07
Ni14,13.29,3.3333333333333335e-07
Ni14,13.35,2.2222222222222222e-07
Ni14,13.41,0.0
Ni14,13.469999999999999,1.1111111111111111e-07
Ni14,13.53,1.1111111111111111e-07
Ni14,13.59,1.1111111111111111e-07
Ni14,13.649999999999999,1.1111111111111111e-07
Ni14,13.71,1.1111111111111111e-07
Sn14,0.03,7.066666666666667e-05
Sn14,0.09,3.3333333333333333e-06
Sn14,0.15,1.6666666666666667e-06
Sn14,0.21,2.666666666666667e-06
Sn14,0.27,1e-06
Sn14,0.32999999999999996,1.3333333333333334e-06
Sn14,0.39,1.3333333333333334e-06
Sn14,0.44999999999999996,2e-06
Sn14,0.51,2.666666666666667e-06
Sn14,0.5700000000000001,3e-06
Sn14,0.6299999999999999,5e-06
Sn14,0.69,2e-06
Sn14,0.75,3.3333333333333333e-06
Sn14,0.81,5.333333333333334e-06
Sn14,0.8699999999999999,2.666666666666667e-06
Sn14,0.9299999999999999,5.333333333333334e-06
Sn14,0.99,7e-06
Sn14,1.05,3.6666666666666666e-06
Sn14,1.1099999999999999,7.666666666666667e-06
Sn14,1.17,7.333333333333333e-06
Sn14,1.23,8e-06
Sn14,1.29,9e-06
Sn14,1.3499999999999999,7e-06
Sn14,1.41,1.1e-05
Sn14,1.47,1.1333333333333334e-05
Sn14,1.53,9.333333333333333e-06
Sn14,1.5899999999999999,1.2333333333333333e-05
Sn14,1.65,1.5e-05
Sn14,1.71,1.7333333333333332e-05
Sn14,1.77,1.3333333333333333e-05
Sn14,1.8299999999999998,1.8333333333333333e-05
Sn14,1.89,2e-05
Sn14,1.95,2.2e-05
Sn14,2.01,1.6666666666666667e-05
Sn14,2.0700000000000003,2.7e-05
Sn14,2.13,2.8e-05
Sn14,2.19,3.066666666666667e-05
Sn14,2.25,3.366666666666667e-05
Sn14,2.3099999999999996,3.733333333333333e-05
Sn14,2.37,3.6666666666666666e-05
Sn14,2.4299999999999997,4.1666666666666665e-05
Sn14,2.49,4.6666666666666665e-05
Sn14,2.55,5.2e-05
Sn14,2.61,5.8666666666666665e-05
Sn14,2.67,6.533333333333333e-05
Sn14,2.7299999999999995,6.9e-05
Sn14,2.79,7.133333333333334e-05
Sn14,2.8499999999999996,8.133333333333334e-05
Sn14,2.91,8.533333333333334e-05
Sn14,2.9699999999999998,9.433333333333333e-05
Sn14,3.0300000000000002,0.000107
Sn14,3.09,0.000111
Sn14,3.15,0.000117
Sn14,3.21,0.00013833333333333333
Sn14,3.2699999999999996,0.000156
Sn14,3.33,0.00015866666666666666
Sn14,3.3899999999999997,0.00018133333333333334
Sn14,3.45,0.0002
Sn14,3.51,0.00022366666666666666
Sn14,3.57,0.000235
Sn14,3.63,0.0002486666666666667
Sn14,3.6899999999999995,0.0002863333333333333
Sn14,3.75,0.00029466666666666666
Sn14,3.8099999999999996,0.000339
Sn14,3.87,0.00036033333333333333
Sn14,3.9299999999999997,0.000366
Sn14,3.9899999999999998,0.00043633333333333333
Sn14,4.05,0.0004626666666666667
Sn14,4.109999999999999,0.0005163333333333334
Sn14,4.17,0.0005783333333333334
Sn14,4.23,0.0005916666666666667
Sn14,4.29,0.0006676666666666667
Sn14,4.35,0.000743
Sn14,4.41,0.0008066666666666667
Sn14,4.47,0.000881
Sn14,4.529999999999999,0.0009696666666666666
Sn14,4.59,0.0010233333333333333
Sn14,4.65,0.001125
Sn14,4.71,0.0012136666666666667
Sn14,4.77,0.00131
Sn14,4.83,0.001404
Sn14,4.89,0.0015446666666666666
Sn14,4.949999999999999,0.001654
Sn14,5.01,0.0018036666666666667
Sn14,5.07,0.0019666666666666665
Sn14,5.13,0.0021236666666666665
Sn14,5.1899999999999995,0.002351666666666667
Sn14,5.25,0.0025253333333333334
Sn14,5.31,0.0027023333333333335
Sn14,5.369999999999999,0.002958
Sn14,5.43,0.0031166666666666665
Sn14,5.49,0.0034503333333333335
Sn14,5.55,0.003599
Sn14,5.609999999999999,0.003935666666666666
Sn14,5.67,0.004232
Sn14,5.73,0.004501333333333334
Sn14,5.789999999999999,0.004898666666666667
Sn14,5.85,0.005137333333333333
Sn14,5.91,0.005586333333333333
Sn14,5.97,0.005886666666666667
Sn14,6.029999999999999,0.006273666666666667
Sn14,6.09,0.006635333333333333
Sn14,6.15,0.007077
Sn14,6.21,0.007507333333333334
Sn14,6.27,0.007951666666666666
Sn14,6.33,0.008382666666666667
Sn14,6.39,0.008892666666666667
Sn14,6.449999999999999,0.009331
Sn14,6.51,0.009842333333333333
Sn14,6.57,0.010368333333333334
Sn14,6.63,0.010806
Sn14,6.6899999999999995,0.011393
Sn14,6.75,0.011769333333333333
Sn14,6.81,0.012383666666666666
Sn14,6.869999999999999,0.012909
Sn14,6.93,0.013432333333333333
Sn14,6.99,0.013982
Sn14,7.05,0.014454666666666666
Sn14,7.109999999999999,0.015068
Sn14,7.17,0.015503333333333333
Sn14,7.2299999999999995,0.016051333333333334
Sn14,7.289999999999999,0.016349
Sn14,7.35,0.016851666666666668
Sn14,7.41,0.017179666666666666
Sn14,7.47,0.017582666666666667
Sn14,7.529999999999999,0.017845333333333335
Sn14,7.59,0.018302666666666665
Sn14,7.65,0.018401
Sn14,7.709999999999999,0.018834666666666666
Sn14,7.77,0.018808
Sn14,7.83,0.018957666666666668
Sn14,7.89,0.019135
Sn14,7.949999999999999,0.019163
Sn14,8.01,0.019261666666666667
Sn14,8.07,0.01932033333333333
Sn14,8.129999999999999,0.019242333333333334
Sn14,8.19,0.019217333333333333
Sn14,8.25,0.019138
Sn14,8.309999999999999,0.018984
Sn14,8.370000000000001,0.018627
Sn14,8.43,0.018304
Sn14,8.489999999999998,0.017998333333333335
Sn14,8.55,0.017484666666666666
Sn14,8.61,0.016954666666666666
Sn14,8.67,0.016575666666666666
Sn14,8.73,0.016074
Sn14,8.79,0.015523
Sn14,8.85,0.015092666666666667
Sn14,8.91,0.014458666666666667
Sn14,8.969999999999999,0.013905333333333334
Sn14,9.030000000000001,0.013251666666666667
Sn14,9.09,0.012587333333333334
Sn14,9.149999999999999,0.011951333333333333
Sn14,9.21,0.011395
Sn14,9.27,0.010824666666666666
Sn14,9.329999999999998,0.010225333333333333
Sn14,9.39,0.009594
Sn14,9.45,0.008943333333333333
Sn14,9.51,0.008407333333333333
Sn14,9.57,0.007788
Sn14,9.629999999999999,0.007147
Sn14,9.69,0.006570333333333333
Sn14,9.75,0.006079333333333333
Sn14,9.809999999999999,0.005494333333333334
Sn14,9.870000000000001,0.005035666666666667
Sn14,9.93,0.004593333333333333
Sn14,9.989999999999998,0.004126333333333333
Sn14,10.05,0.003741
Sn14,10.11,0.0033783333333333334
Sn14,10.169999999999998,0.00302
Sn14,10.23,0.0027136666666666667
Sn14,10.29,0.0023943333333333334
Sn14,10.35,0.002135
Sn14,10.41,0.0018826666666666666
Sn14,10.469999999999999,0.001693
Sn14,10.53,0.0014273333333333334
Sn14,10.59,0.0012403333333333333
Sn14,10.649999999999999,0.0011216666666666666
Sn14,10.71,0.0009826666666666666
Sn14,10.77,0.0008313333333333333
Sn14,10.829999999999998,0.0007373333333333333
Sn14,10.89,0.000634
Sn14,10.95,0.0005293333333333334
Sn14,11.01,0.0004603333333333333
Sn14,11.07,0.00036933333333333333
Sn14,11.129999999999999,0.0003066666666666667
Sn14,11.19,0.00026333333333333336
Sn14,11.25,0.00021533333333333333
Sn14,11.309999999999999,0.000166
Sn14,11.370000000000001,0.00013666666666666666
Sn14,11.43,0.00012166666666666667
Sn14,11.489999999999998,0.00010033333333333334
Sn14,11.55,7.8e-05
Sn14,11.61,6.466666666666666e-05
Sn14,11.669999999999998,4.6666666666666665e-05
Sn14,11.73,4.3666666666666666e-05
Sn14,11.79,3.5e-05
Sn14,11.85,2.5e-05
Sn14,11.91,2.1666666666666667e-05
Sn14,11.969999999999999,1.5e-05
Sn14,12.03,1.3e-05
Sn14,12.09,9.666666666666667e-06
Sn14,12.149999999999999,7.333333333333333e-06
Sn14,12.21,7e-06
Sn14,12.27,3e-06
Sn14,12.329999999999998,3.3333333333333333e-06
Sn14,12.39,2.333333333333333e-06
Sn14,12.45,2e-06
Sn14,12.51,1.6666666666666667e-06
Sn14,12.57,3.3333333333333335e-07
Sn14,12.629999999999999,3.3333333333333335e-07
Sn14,12.69,6.666666666666667e-07
Sn14,12.75,6.666666666666667e-07
Sn14,12.809999999999999,3.3333333333333335e-07
Sn14,12.870000000000001,0.0
Sn14,12.93,0.0
Sn14,12.989999999999998,0.0
Sn14,13.05,3.3333333333333335e-07
Sn14,13.11,3.3333333333333335e-07
Sn14,13.169999999999998,3.3333333333333335e-07
Ta14,0.03,0.00018925
Ta14,0.09,1.175e-05
Ta14,0.15,9.5e-06
Ta14,0.21,9.625e-06
Ta14,0.27,6.375e-06
Ta14,0.32999999999999996,8e-06
Ta14,0.39,7.25e-06
Ta14,0.44999999999999996,8.5e-06
Ta14,0.51,9e-06
Ta14,0.5700000000000001,9.5e-06
Ta14,0.6299999999999999,1.3375e-05
Ta14,0.69,1.2875e-05
Ta14,0.75,1.3375e-05
Ta14,0.81,1.4375e-05
Ta14,0.8699999999999999,1.45e-05
Ta14,0.9299999999999999,1.9e-05
Ta14,0.99,1.95e-05
Ta14,1.05,1.9e-05
Ta14,1.1099999999999999,2.0125e-05
Ta14,1.17,2.3375e-05
Ta14,1.23,2.7875e-05
Ta14,1.29,2.725e-05
Ta14,1.3499999999999999,2.75e-05
Ta14,1.41,3.225e-05
Ta14,1.47,3.525e-05
Ta14,1.53,3.7625e-05
Ta14,1.5899999999999999,3.75e-05
Ta14,1.65,4.575e-05
Ta14,1.71,4.5125e-05
Ta14,1.77,4.925e-05
Ta14,1.8299999999999998,5.5875e-05
Ta14,1.89,6.0375e-05
Ta14,1.95,6.05e-05
Ta14,2.01,6.7625e-05
Ta14,2.0700000000000003,7.65e-05
Ta14,2.13,8.2125e-05
Ta14,2.19,8.7625e-05
Ta14,2.25,9.7e-05
Ta14,2.3099999999999996,0.0001025
Ta14,2.37,0.00011075
Ta14,2.4299999999999997,0.000124875
Ta14,2.49,0.00013025
Ta14,2.55,0.00013925
Ta14,2.61,0.000154125
Ta14,2.67,0.000161875
Ta14,2.7299999999999995,0.00018075
Ta14,2.79,0.000196375
Ta14,2.8499999999999996,0.0002125
Ta14,2.91,0.000219875
Ta14,2.9699999999999998,0.00025
Ta14,3.0300000000000002,0.000263125
Ta14,3.09,0.0002945
Ta14,3.15,0.000317125
Ta14,3.21,0.000339625
Ta14,3.2699999999999996,0.000373125
Ta14,3.33,0.000396625
Ta14,3.3899999999999997,0.000435875
Ta14,3.45,0.000474625
Ta14,3.51,0.0005145
Ta14,3.57,0.000547875
Ta14,3.63,0.000604125
Ta14,3.6899999999999995,0.0006555
Ta14,3.75,0.000702625
Ta14,3.8099999999999996,0.000759125
Ta14,3.87,0.000828
Ta14,3.9299999999999997,0.000886125
Ta14,3.9899999999999998,0.00096325
Ta14,4.05,0.001045875
Ta14,4.109999999999999,0.00111625
Ta14,4.17,0.001216375
Ta14,4.23,0.001302875
Ta14,4.29,0.001414
Ta14,4.35,0.001525125
Ta14,4.41,0.001671625
Ta14,4.47,0.0017725
Ta14,4.529999999999999,0.001934625
Ta14,4.59,0.00203675
Ta14,4.65,0.00222825
Ta14,4.71,0.002376125
Ta14,4.77,0.00256975
Ta14,4.83,0.00274575
Ta14,4.89,0.00298625
Ta14,4.949999999999999,0.00316075
Ta14,5.01,0.0034225
Ta14,5.07,0.003610125
Ta14,5.13,0.0039525
Ta14,5.1899999999999995,0.0041405
Ta14,5.25,0.00446325
Ta14,5.31,0.00470175
Ta14,5.369999999999999,0.005048
Ta14,5.43,0.005339625
Ta14,5.49,0.005699
Ta14,5.55,0.006025125
Ta14,5.609999999999999,0.006413625
Ta14,5.67,0.00676125
Ta14,5.73,0.007174875
Ta14,5.789999999999999,0.007549625
Ta14,5.85,0.007959
Ta14,5.91,0.00838275
Ta14,5.97,0.008795625
Ta14,6.029999999999999,0.009262875
Ta14,6.09,0.009693125
Ta14,6.15,0.01014075
Ta14,6.21,0.010657125
Ta14,6.27,0.011076375
Ta14,6.33,0.011571
Ta14,6.39,0.012044625
Ta14,6.449999999999999,0.012537
Ta14,6.51,0.01302075
Ta14,6.57,0.013509125
Ta14,6.63,0.013930375
Ta14,6.6899999999999995,0.0144265
Ta14,6.75,0.014830375
Ta14,6.81,0.01522875
Ta14,6.869999999999999,0.0157275
Ta14,6.93,0.016084625
Ta14,6.99,0.016418
Ta14,7.05,0.0168295
Ta14,7.109999999999999,0.017054875
Ta14,7.17,0.017361
Ta14,7.2299999999999995,0.017636
Ta14,7.289999999999999,0.017782375
Ta14,7.35,0.01800975
Ta14,7.41,0.01819325
Ta14,7.47,0.018325375
Ta14,7.529999999999999,0.018450125
Ta14,7.59,0.01845375
Ta14,7.65,0.0184815
Ta14,7.709999999999999,0.018523625
Ta14,7.77,0.018398875
Ta14,7.83,0.018332875
Ta14,7.89,0.018183
Ta14,7.949999999999999,0.01795125
Ta14,8.01,0.017697125
Ta14,8.07,0.017479375
Ta14,8.129999999999999,0.017103375
Ta14,8.19,0.016683125
Ta14,8.25,0.016386125
Ta14,8.309999999999999,0.015894
Ta14,8.370000000000001,0.0154315
Ta14,8.43,0.014912875
Ta14,8.489999999999998,0.01440625
Ta14,8.55,0.013859375
Ta14,8.61,0.013385625
Ta14,8.67,0.0128055
Ta14,8.73,0.012211375
Ta14,8.79,0.011702625
Ta14,8.85,0.011150875
Ta14,8.91,0.010482875
Ta14,8.969999999999999,0.009933125
Ta14,9.030000000000001,0.009383125
Ta14,9.09,0.008838625
Ta14,9.149999999999999,0.008203
Ta14,9.21,0.00769825
Ta14,9.27,0.007158875
Ta14,9.329999999999998,0.006602
Ta14,9.39,0.00609275
Ta14,9.45,0.00560325
Ta14,9.51,0.005116375
Ta14,9.57,0.00468875
Ta14,9.629999999999999,0.00425475
Ta14,9.69,0.003870375
Ta14,9.75,0.0035095
Ta14,9.809999999999999,0.003138875
Ta14,9.870000000000001,0.002844375
Ta14,9.93,0.00253725
Ta14,9.989999999999998,0.002279
Ta14,10.05,0.002028875
Ta14,10.11,0.00177475
Ta14,10.169999999999998,0.0015845
Ta14,10.23,0.001392625
Ta14,10.29,0.001237
Ta14,10.35,0.001065875
Ta14,10.41,0.000943
Ta14,10.469999999999999,0.00081625
Ta14,10.53,0.0006995
Ta14,10.59,0.0006105
Ta14,10.649999999999999,0.000522
Ta14,10.71,0.000447125
Ta14,10.77,0.00037575
Ta14,10.829999999999998,0.000317
Ta14,10.89,0.000258875
Ta14,10.95,0.000216375
Ta14,11.01,0.000181875
Ta14,11.07,0.00014625
Ta14,11.129999999999999,0.000123125
Ta14,11.19,0.00010025
Ta14,11.25,8.35e-05
Ta14,11.309999999999999,6.55e-05
Ta14,11.370000000000001,5.6e-05
Ta14,11.43,4.5625e-05
Ta14,11.489999999999998,3.65e-05
Ta14,11.55,2.7125e-05
Ta14,11.61,2.2875e-05
Ta14,11.669999999999998,1.75e-05
Ta14,11.73,1.5e-05
Ta14,11.79,1.0375e-05
Ta14,11.85,8e-06
Ta14,11.91,7.5e-06
Ta14,11.969999999999999,5.375e-06
Ta14,12.03,4.25e-06
Ta14,12.09,2.5e-06
Ta14,12.149999999999999,2e-06
Ta14,12.21,1.625e-06
Ta14,12.27,1e-06
Ta14,12.329999999999998,1e-06
Ta14,12.39,7.5e-07
Ta14,12.45,3.75e-07
Ta14,12.51,2.5e-07
Ta14,12.57,1.25e-07
Ta14,12.629999999999999,3.75e-07
Ta14,12.69,2.5e-07
Ta14,12.75,1.25e-07
Ta14,12.809999999999999,1.25e-07
Ta14,12.870000000000001,1.25e-07
Ta14,12.93,1.25e-07
Ta14,12.989999999999998,1.25e-07
Ta14,13.05,1.25e-07
Cu14,0.03,0.0013334545454545454
Cu14,0.09,7.281818181818181e-05
Cu14,0.15,6.809090909090909e-05
Cu14,0.21,4.5363636363636366e-05
Cu14,0.27,4.5545454545454544e-05
Cu14,0.32999999999999996,4.0545454545454545e-05
Cu14,0.39,4.681818181818182e-05
Cu14,0.44999999999999996,4.963636363636364e-05
Cu14,0.51,5.390909090909091e-05
Cu14,0.5700000000000001,5.963636363636364e-05
Cu14,0.6299999999999999,6.436363636363637e-05
Cu14,0.69,6.472727272727272e-05
Cu14,0.75,7.181818181818182e-05
Cu14,0.81,7.963636363636364e-05
Cu14,0.8699999999999999,8.354545454545454e-05
Cu14,0.9299999999999999,9.218181818181819e-05
Cu14,0.99,9.509090909090909e-05
Cu14,1.05,0.00010154545454545454
Cu14,1.1099999999999999,0.00010745454545454545
Cu14,1.17,0.00011672727272727273
Cu14,1.23,0.0001299090909090909
Cu14,1.29,0.0001338181818181818
Cu14,1.3499999999999999,0.00014336363636363638
Cu14,1.41,0.0001590909090909091
Cu14,1.47,0.00016381818181818183
Cu14,1.53,0.00017745454545454545
Cu14,1.5899999999999999,0.000191
Cu14,1.65,0.00020654545454545453
Cu14,1.71,0.00021509090909090908
Cu14,1.77,0.00023090909090909092
Cu14,1.8299999999999998,0.00025436363636363634
Cu14,1.89,0.00026518181818181816
Cu14,1.95,0.00027945454545454546
Cu14,2.01,0.00031481818181818184
Cu14,2.0700000000000003,0.00032845454545454546
Cu14,2.13,0.0003502727272727273
Cu14,2.19,0.00038063636363636365
Cu14,2.25,0.00040727272727272726
Cu14,2.3099999999999996,0.00042563636363636366
Cu14,2.37,0.0004625454545454545
Cu14,2.4299999999999997,0.0004901818181818182
Cu14,2.49,0.0005247272727272727
Cu14,2.55,0.0005713636363636363
Cu14,2.61,0.000593
Cu14,2.67,0.0006429090909090909
Cu14,2.7299999999999995,0.0006882727272727273
Cu14,2.79,0.0007424545454545455
Cu14,2.8499999999999996,0.0008
Cu14,2.91,0.0008323636363636364
Cu14,2.9699999999999998,0.0009107272727272727
Cu14,3.0300000000000002,0.0009640909090909091
Cu14,3.09,0.00104
Cu14,3.15,0.0011076363636363636
Cu14,3.21,0.0012033636363636363
Cu14,3.2699999999999996,0.0012727272727272728
Cu14,3.33,0.0013571818181818181
Cu14,3.3899999999999997,0.0014696363636363637
Cu14,3.45,0.0015362727272727273
Cu14,3.51,0.0016745454545454546
Cu14,3.57,0.001757
Cu14,3.63,0.0018977272727272727
Cu14,3.6899999999999995,0.0020075454545454546
Cu14,3.75,0.0021523636363636363
Cu14,3.8099999999999996,0.0022993636363636363
Cu14,3.87,0.0024543636363636365
Cu14,3.9299999999999997,0.0026175454545454544
Cu14,3.9899999999999998,0.002781
Cu14,4.05,0.0029593636363636363
Cu14,4.109999999999999,0.003150181818181818
Cu14,4.17,0.0033566363636363637
Cu14,4.23,0.0035398181818181817
Cu14,4.29,0.0037765454545454547
Cu14,4.35,0.0039924545454545456
Cu14,4.41,0.004250181818181818
Cu14,4.47,0.004480909090909091
Cu14,4.529999999999999,0.0047402727272727275
Cu14,4.59,0.005032272727272727
Cu14,4.65,0.005261636363636363
Cu14,4.71,0.005608454545454546
Cu14,4.77,0.0058934545454545455
Cu14,4.83,0.006205181818181818
Cu14,4.89,0.006557363636363636
Cu14,4.949999999999999,0.0068348181818181815
Cu14,5.01,0.007206636363636364
Cu14,5.07,0.007575454545454546
Cu14,5.13,0.007925181818181817
Cu14,5.1899999999999995,0.008300545454545455
Cu14,5.25,0.008644272727272728
Cu14,5.31,0.009053818181818182
Cu14,5.369999999999999,0.009457545454545455
Cu14,5.43,0.009866181818181817
Cu14,5.49,0.010248636363636364
Cu14,5.55,0.010685545454545455
Cu14,5.609999999999999,0.011090545454545455
Cu14,5.67,0.011493454545454546
Cu14,5.73,0.011941727272727272
Cu14,5.789999999999999,0.012313090909090909
Cu14,5.85,0.012705454545454546
Cu14,5.91,0.013128
Cu14,5.97,0.013472636363636364
Cu14,6.029999999999999,0.013904545454545454
Cu14,6.09,0.014264
Cu14,6.15,0.014636272727272727
Cu14,6.21,0.014952272727272727
Cu14,6.27,0.015326727272727273
Cu14,6.33,0.015566363636363637
Cu14,6.39,0.015854454545454547
Cu14,6.449999999999999,0.016096545454545454
Cu14,6.51,0.016362727272727272
Cu14,6.57,0.016535181818181817
Cu14,6.63,0.016717727272727273
Cu14,6.6899999999999995,0.016900363636363637
Cu14,6.75,0.017065454545454547
Cu14,6.81,0.017127363636363635
Cu14,6.869999999999999,0.01726790909090909
Cu14,6.93,0.01725809090909091
Cu14,6.99,0.01732709090909091
Cu14,7.05,0.01724009090909091
Cu14,7.109999999999999,0.017193
Cu14,7.17,0.017114181818181817
Cu14,7.2299999999999995,0.016976818181818183
Cu14,7.289999999999999,0.016820818181818183
Cu14,7.35,0.01659890909090909
Cu14,7.41,0.01635418181818182
Cu14,7.47,0.01610890909090909
Cu14,7.529999999999999,0.01578181818181818
Cu14,7.59,0.015460272727272727
Cu14,7.65,0.015075181818181817
Cu14,7.709999999999999,0.014683545454545454
Cu14,7.77,0.014229545454545455
Cu14,7.83,0.013773
Cu14,7.89,0.01334
Cu14,7.949999999999999,0.012890363636363636
Cu14,8.01,0.012405545454545454
Cu14,8.07,0.011911454545454546
Cu14,8.129999999999999,0.011419272727272728
Cu14,8.19,0.010922363636363636
Cu14,8.25,0.010377363636363636
Cu14,8.309999999999999,0.009883
Cu14,8.370000000000001,0.009361636363636364
Cu14,8.43,0.008839727272727273
Cu14,8.489999999999998,0.008318636363636363
Cu14,8.55,0.007862181818181819
Cu14,8.61,0.007348636363636364
Cu14,8.67,0.006850454545454546
Cu14,8.73,0.006347909090909091
Cu14,8.79,0.005905090909090909
Cu14,8.85,0.0054424545454545455
Cu14,8.91,0.0050346363636363635
Cu14,8.969999999999999,0.004625727272727273
Cu14,9.030000000000001,0.004205363636363636
Cu14,9.09,0.003845727272727273
Cu14,9.149999999999999,0.003517181818181818
Cu14,9.21,0.003185
Cu14,9.27,0.002878727272727273
Cu14,9.329999999999998,0.0025971818181818184
Cu14,9.39,0.0023347272727272726
Cu14,9.45,0.0020995454545454546
Cu14,9.51,0.001874
Cu14,9.57,0.0016682727272727272
Cu14,9.629999999999999,0.0014807272727272727
Cu14,9.69,0.0013145454545454545
Cu14,9.75,0.0011675454545454545
Cu14,9.809999999999999,0.00102
Cu14,9.870000000000001,0.0008912727272727273
Cu14,9.93,0.0007801818181818182
Cu14,9.989999999999998,0.0006832727272727272
Cu14,10.05,0.0005904545454545455
Cu14,10.11,0.0005090909090909091
Cu14,10.169999999999998,0.00043972727272727273
Cu14,10.23,0.00037254545454545456
Cu14,10.29,0.0003171818181818182
Cu14,10.35,0.00026554545454545456
Cu14,10.41,0.00022381818181818183
Cu14,10.469999999999999,0.00018554545454545454
Cu14,10.53,0.0001520909090909091
Cu14,10.59,0.00012609090909090909
Cu14,10.649999999999999,0.00010509090909090909
Cu14,10.71,8.890909090909091e-05
Cu14,10.77,7.209090909090909e-05
Cu14,10.829999999999998,5.763636363636364e-05
Cu14,10.89,4.9e-05
Cu14,10.95,4.018181818181818e-05
Cu14,11.01,3.236363636363636e-05
Cu14,11.07,2.5454545454545454e-05
Cu14,11.129999999999999,2.0818181818181817e-05
Cu14,11.19,1.718181818181818e-05
Cu14,11.25,1.3090909090909092e-05
Cu14,11.309999999999999,9.454545454545454e-06
Cu14,11.370000000000001,8e-06
Cu14,11.43,6.545454545454546e-06
Cu14,11.489999999999998,5.090909090909091e-06
Cu14,11.55,3.4545454545454545e-06
Cu14,11.61,2.7272727272727272e-06
Cu14,11.669999999999998,2.0909090909090907e-06
Cu14,11.73,1.5454545454545454e-06
Cu14,11.79,1.1818181818181818e-06
Cu14,11.85,8.181818181818182e-07
Cu14,11.91,8.181818181818182e-07
Cu14,11.969999999999999,2.7272727272727274e-07
Cu14,12.03,1.8181818181818183e-07
Cu14,12.09,3.6363636363636366e-07
Cu14,12.149999999999999,3.6363636363636366e-07
Cu14,12.21,1.8181818181818183e-07
Cu14,12.27,1.8181818181818183e-07
Cu14,12.329999999999998,9.090909090909091e-08
Cu14,12.39,9.090909090909091e-08
Cu14,12.45,9.090909090909091e-08
Cu14,12.51,9.090909090909091e-08
Cu14,12.57,9.090909090909091e-08
Cu14,12.629999999999999,9.090909090909091e-08
