name,energy,flux
Ni08,27.57,3.3333333333333335e-07
Ni08,27.63,3.3333333333333335e-07
Ni08,27.689999999999998,1.3333333333333334e-06
Ni08,27.75,2.333333333333333e-06
Ni08,27.81,2.333333333333333e-06
Ni08,27.869999999999997,8.333333333333334e-06
Ni08,27.93,1e-05
Ni08,27.99,2.2333333333333332e-05
Ni08,28.049999999999997,2.7e-05
Ni08,28.11,5.933333333333334e-05
Ni08,28.17,8.4e-05
Ni08,28.229999999999997,0.000133
Ni08,28.29,0.00020866666666666668
Ni08,28.35,0.000286
Ni08,28.409999999999997,0.00043633333333333333
Ni08,28.47,0.0006266666666666666
Ni08,28.53,0.0009356666666666667
Ni08,28.589999999999996,0.0012973333333333333
Ni08,28.65,0.0018566666666666666
Ni08,28.71,0.0025643333333333334
Ni08,28.769999999999996,0.0034453333333333332
Ni08,28.83,0.004735333333333334
Ni08,28.89,0.006170333333333333
Ni08,28.95,0.007958333333333333
Ni08,29.009999999999998,0.010201333333333333
Ni08,29.07,0.012479
Ni08,29.13,0.015526333333333333
Ni08,29.189999999999998,0.018852666666666667
Ni08,29.25,0.022221
Ni08,29.31,0.026248666666666667
Ni08,29.369999999999997,0.029869666666666666
Ni08,29.43,0.03399633333333334
Ni08,29.49,0.03791833333333333
Ni08,29.549999999999997,0.041403333333333334
Ni08,29.61,0.04471166666666666
Ni08,29.67,0.047141666666666665
Ni08,29.729999999999997,0.04931566666666667
Ni08,29.79,0.050557333333333336
Ni08,29.85,0.051194666666666666
Ni08,29.909999999999997,0.05074533333333334
Ni08,29.97,0.04946966666666667
Ni08,30.03,0.04766133333333333
Ni08,30.089999999999996,0.045226
Ni08,30.15,0.04196266666666667
Ni08,30.21,0.03837466666666667
Ni08,30.269999999999996,0.03446166666666667
Ni08,30.33,0.030675
Ni08,30.39,0.026581333333333332
Ni08,30.45,0.022763666666666668
Ni08,30.509999999999998,0.01919
Ni08,30.57,0.015723
Ni08,30.63,0.012931666666666666
Ni08,30.689999999999998,0.010291333333333333
Ni08,30.75,0.008018333333333334
Ni08,30.81,0.006321333333333333
Ni08,30.869999999999997,0.004750666666666667
Ni08,30.93,0.0036276666666666666
Ni08,30.99,0.0026023333333333332
Ni08,31.049999999999997,0.001883
Ni08,31.11,0.0013796666666666666
Ni08,31.17,0.0009463333333333333
Ni08,31.229999999999997,0.0006753333333333333
Ni08,31.29,0.00042566666666666664
Ni08,31.35,0.0003026666666666667
Ni08,31.409999999999997,0.00018366666666666667
Ni08,31.47,0.000123
Ni08,31.53,7.6e-05
Ni08,31.589999999999996,4.4666666666666664e-05
Ni08,31.65,2.966666666666667e-05
Ni08,31.71,1.7e-05
Ni08,31.769999999999996,1.1333333333333334e-05
Ni08,31.83,5.333333333333334e-06
Ni08,31.89,4.666666666666666e-06
Ni08,31.95,2e-06
Ni08,32.01,1.6666666666666667e-06
Ni08,32.07,1e-06
Ni08,32.129999999999995,0.0
Ni08,32.19,0.0
Ni08,32.25,3.3333333333333335e-07
Sn08,27.509999999999998,6.666666666666667e-07
Sn08,27.57,1.3333333333333334e-06
Sn08,27.63,2.333333333333333e-06
Sn08,27.689999999999998,5.666666666666667e-06
Sn08,27.75,8.333333333333334e-06
Sn08,27.81,1.2e-05
Sn08,27.869999999999997,2.5333333333333334e-05
Sn08,27.93,3.9e-05
Sn08,27.99,6.433333333333333e-05
Sn08,28.049999999999997,0.00010466666666666667
Sn08,28.11,0.000171
Sn08,28.17,0.00026
Sn08,28.229999999999997,0.000382
Sn08,28.29,0.0005356666666666667
Sn08,28.35,0.0007563333333333334
Sn08,28.409999999999997,0.0011136666666666667
Sn08,28.47,0.0016366666666666667
Sn08,28.53,0.002333
Sn08,28.589999999999996,0.0031613333333333333
Sn08,28.65,0.004330333333333334
Sn08,28.71,0.005798666666666666
Sn08,28.769999999999996,0.007661333333333333
Sn08,28.83,0.009824666666666667
Sn08,28.89,0.012309
Sn08,28.95,0.015326666666666667
Sn08,29.009999999999998,0.018584333333333335
Sn08,29.07,0.022137
Sn08,29.13,0.026253
Sn08,29.189999999999998,0.030563333333333335
Sn08,29.25,0.03472733333333333
Sn08,29.31,0.03880733333333333
Sn08,29.369999999999997,0.04239066666666667
Sn08,29.43,0.04602333333333333
Sn08,29.49,0.048716333333333334
Sn08,29.549999999999997,0.050821
Sn08,29.61,0.05175866666666667
Sn08,29.67,0.05223233333333333
Sn08,29.729999999999997,0.05198833333333333
Sn08,29.79,0.050979666666666666
Sn08,29.85,0.048680666666666664
Sn08,29.909999999999997,0.045434666666666665
Sn08,29.97,0.04194666666666667
Sn08,30.03,0.038337333333333334
Sn08,30.089999999999996,0.03446266666666667
Sn08,30.15,0.030148666666666667
Sn08,30.21,0.025791333333333333
Sn08,30.269999999999996,0.021786666666666666
Sn08,30.33,0.018105333333333334
Sn08,30.39,0.014720333333333334
Sn08,30.45,0.011960333333333333
Sn08,30.509999999999998,0.009516666666666666
Sn08,30.57,0.007330666666666667
Sn08,30.63,0.005586333333333333
Sn08,30.689999999999998,0.00411
Sn08,30.75,0.0030323333333333335
Sn08,30.81,0.0022526666666666667
Sn08,30.869999999999997,0.001605
Sn08,30.93,0.0011463333333333334
Sn08,30.99,0.0007686666666666666
Sn08,31.049999999999997,0.0005113333333333334
Sn08,31.11,0.000334
Sn08,31.17,0.000222
Sn08,31.229999999999997,0.00014
Sn08,31.29,8.733333333333333e-05
Sn08,31.35,5.4e-05
Sn08,31.409999999999997,3.233333333333333e-05
Sn08,31.47,1.8666666666666665e-05
Sn08,31.53,1.0666666666666667e-05
Sn08,31.589999999999996,8e-06
Sn08,31.65,6e-06
Sn08,31.71,3.3333333333333333e-06
Sn08,31.769999999999996,1.3333333333333334e-06
Sn08,31.83,0.0
Sn08,31.89,6.666666666666667e-07
Sn08,31.95,3.3333333333333335e-07
Ta08,27.21,3.3333333333333335e-07
Ta08,27.27,3.3333333333333335e-07
Ta08,27.33,6.666666666666667e-07
Ta08,27.39,2.333333333333333e-06
Ta08,27.45,2.666666666666667e-06
Ta08,27.509999999999998,6.333333333333333e-06
Ta08,27.57,9.333333333333333e-06
Ta08,27.63,1.9666666666666666e-05
Ta08,27.689999999999998,2.6333333333333334e-05
Ta08,27.75,5.0333333333333335e-05
Ta08,27.81,7.5e-05
Ta08,27.869999999999997,0.000119
Ta08,27.93,0.00018766666666666666
Ta08,27.99,0.00027466666666666666
Ta08,28.049999999999997,0.0004026666666666667
Ta08,28.11,0.0005626666666666667
Ta08,28.17,0.000852
Ta08,28.229999999999997,0.001207
Ta08,28.29,0.001686
Ta08,28.35,0.002376
Ta08,28.409999999999997,0.0032286666666666666
Ta08,28.47,0.004422
Ta08,28.53,0.0058196666666666666
Ta08,28.589999999999996,0.007506
Ta08,28.65,0.009647666666666667
Ta08,28.71,0.012083
Ta08,28.769999999999996,0.014834666666666666
Ta08,28.83,0.018068
Ta08,28.89,0.021404666666666666
Ta08,28.95,0.025409666666666667
Ta08,29.009999999999998,0.029185666666666665
Ta08,29.07,0.03321
Ta08,29.13,0.037144
Ta08,29.189999999999998,0.040890666666666665
Ta08,29.25,0.04414933333333333
Ta08,29.31,0.046933333333333334
Ta08,29.369999999999997,0.048965666666666664
Ta08,29.43,0.05054033333333333
Ta08,29.49,0.05113
Ta08,29.549999999999997,0.051084
Ta08,29.61,0.049918
Ta08,29.67,0.048153
Ta08,29.729999999999997,0.04574466666666667
Ta08,29.79,0.042746
Ta08,29.85,0.039208
Ta08,29.909999999999997,0.035270333333333334
Ta08,29.97,0.031343
Ta08,30.03,0.027449333333333333
Ta08,30.089999999999996,0.023418
Ta08,30.15,0.019777333333333334
Ta08,30.21,0.016291333333333335
Ta08,30.269999999999996,0.013394333333333333
Ta08,30.33,0.010702333333333333
Ta08,30.39,0.008439333333333333
Ta08,30.45,0.006583
Ta08,30.509999999999998,0.005006
Ta08,30.57,0.003746
Ta08,30.63,0.002778333333333333
Ta08,30.689999999999998,0.0019996666666666665
Ta08,30.75,0.0014593333333333333
Ta08,30.81,0.0010153333333333334
Ta08,30.869999999999997,0.000715
Ta08,30.93,0.000461
Ta08,30.99,0.0003206666666666667
Ta08,31.049999999999997,0.000201
Ta08,31.11,0.00012866666666666666
Ta08,31.17,8.433333333333333e-05
Ta08,31.229999999999997,4.966666666666667e-05
Ta08,31.29,3.1e-05
Ta08,31.35,1.8666666666666665e-05
Ta08,31.409999999999997,1.2333333333333333e-05
Ta08,31.47,6.666666666666667e-06
Ta08,31.53,4.666666666666666e-06
Ta08,31.589999999999996,2.333333333333333e-06
Ta08,31.65,2e-06
Ta08,31.71,6.666666666666667e-07
Ta08,31.769999999999996,3.3333333333333335e-07
Ta08,31.83,0.0
Ta08,31.89,3.3333333333333335e-07
Cu08,26.909999999999997,3.3333333333333335e-07
Cu08,26.97,0.0
Cu08,27.03,6.666666666666667e-07
Cu08,27.089999999999996,2e-06
Cu08,27.15,2.333333333333333e-06
Cu08,27.21,6e-06
Cu08,27.27,7.666666666666667e-06
Cu08,27.33,1.2333333333333333e-05
Cu08,27.39,2.5333333333333334e-05
Cu08,27.45,3.433333333333333e-05
Cu08,27.509999999999998,6.733333333333333e-05
Cu08,27.57,9.533333333333334e-05
Cu08,27.63,0.00016333333333333334
Cu08,27.689999999999998,0.00022666666666666666
Cu08,27.75,0.00031966666666666667
Cu08,27.81,0.0004803333333333333
Cu08,27.869999999999997,0.0007023333333333333
Cu08,27.93,0.0010243333333333333
Cu08,27.99,0.0014086666666666666
Cu08,28.049999999999997,0.0019893333333333334
Cu08,28.11,0.0027126666666666666
Cu08,28.17,0.003710666666666667
Cu08,28.229999999999997,0.004996
Cu08,28.29,0.006418
Cu08,28.35,0.008283
Cu08,28.409999999999997,0.010587
Cu08,28.47,0.012858333333333333
Cu08,28.53,0.015988
Cu08,28.589999999999996,0.019106333333333333
Cu08,28.65,0.022631333333333333
Cu08,28.71,0.026513666666666668
Cu08,28.769999999999996,0.030216
Cu08,28.83,0.034154
Cu08,28.89,0.037969666666666665
Cu08,28.95,0.04137433333333333
Cu08,29.009999999999998,0.044684666666666664
Cu08,29.07,0.046848
Cu08,29.13,0.04904666666666667
Cu08,29.189999999999998,0.050127
Cu08,29.25,0.05073833333333334
Cu08,29.31,0.05015633333333333
Cu08,29.369999999999997,0.04911366666666667
Cu08,29.43,0.04704333333333333
Cu08,29.49,0.044706
Cu08,29.549999999999997,0.04163833333333333
Cu08,29.61,0.038002666666666664
Cu08,29.67,0.034146333333333334
Cu08,29.729999999999997,0.030296
Cu08,29.79,0.026521333333333334
Cu08,29.85,0.022607333333333333
Cu08,29.909999999999997,0.019140666666666667
Cu08,29.97,0.015721333333333334
Cu08,30.03,0.012963
Cu08,30.089999999999996,0.010302
Cu08,30.15,0.008131666666666667
Cu08,30.21,0.006406
Cu08,30.269999999999996,0.004842
Cu08,30.33,0.0036523333333333334
Cu08,30.39,0.002682
Cu08,30.45,0.0019423333333333332
Cu08,30.509999999999998,0.001445
Cu08,30.57,0.0009726666666666667
Cu08,30.63,0.0007183333333333333
Cu08,30.689999999999998,0.00045466666666666664
Cu08,30.75,0.000316
Cu08,30.81,0.00020066666666666667
Cu08,30.869999999999997,0.00013266666666666667
Cu08,30.93,8.4e-05
Cu08,30.99,4.6666666666666665e-05
Cu08,31.049999999999997,3.433333333333333e-05
Cu08,31.11,1.8333333333333333e-05
Cu08,31.17,1.2333333333333333e-05
Cu08,31.229999999999997,7e-06
Cu08,31.29,5e-06
Cu08,31.35,2.333333333333333e-06
Cu08,31.409999999999997,2e-06
Cu08,31.47,6.666666666666667e-07
Cu08,31.53,3.3333333333333335e-07
Cu08,31.589999999999996,0.0
Cu08,31.65,3.3333333333333335e-07
Al_degrader_E2_E1,24.75,1.4285714285714285e-07
Al_degrader_E2_E1,24.81,1.4285714285714285e-07
Al_degrader_E2_E1,24.869999999999997,5.714285714285714e-07
Al_degrader_E2_E1,24.93,7.142857142857143e-07
Al_degrader_E2_E1,24.990000000000002,8.571428571428571e-07
Al_degrader_E2_E1,25.049999999999997,2.1428571428571427e-06
Al_degrader_E2_E1,25.11,2.5714285714285716e-06
Al_degrader_E2_E1,25.17,5.857142857142857e-06
Al_degrader_E2_E1,25.229999999999997,7.2857142857142855e-06
Al_degrader_E2_E1,25.29,1.3e-05
Al_degrader_E2_E1,25.35,2.0142857142857144e-05
Al_degrader_E2_E1,25.409999999999997,2.8857142857142858e-05
Al_degrader_E2_E1,25.47,4.442857142857143e-05
Al_degrader_E2_E1,25.53,6.571428571428571e-05
Al_degrader_E2_E1,25.589999999999996,8.714285714285714e-05
Al_degrader_E2_E1,25.65,0.00012071428571428571
Al_degrader_E2_E1,25.71,0.00017714285714285713
Al_degrader_E2_E1,25.77,0.00025428571428571427
Al_degrader_E2_E1,25.83,0.0003592857142857143
Al_degrader_E2_E1,25.89,0.0004745714285714286
Al_degrader_E2_E1,25.95,0.0006478571428571428
Al_degrader_E2_E1,26.009999999999998,0.000847
Al_degrader_E2_E1,26.07,0.0011267142857142858
Al_degrader_E2_E1,26.13,0.0014837142857142857
Al_degrader_E2_E1,26.189999999999998,0.001841
Al_degrader_E2_E1,26.25,0.0023074285714285714
Al_degrader_E2_E1,26.31,0.0029087142857142857
Al_degrader_E2_E1,26.369999999999997,0.0034664285714285713
Al_degrader_E2_E1,26.43,0.0042655714285714285
Al_degrader_E2_E1,26.49,0.0051447142857142854
Al_degrader_E2_E1,26.549999999999997,0.006031
Al_degrader_E2_E1,26.61,0.007022714285714286
Al_degrader_E2_E1,26.67,0.008141142857142857
Al_degrader_E2_E1,26.729999999999997,0.009128428571428572
Al_degrader_E2_E1,26.79,0.010432857142857143
Al_degrader_E2_E1,26.85,0.011663857142857142
Al_degrader_E2_E1,26.909999999999997,0.012853285714285715
Al_degrader_E2_E1,26.97,0.014023285714285714
Al_degrader_E2_E1,27.03,0.015228857142857143
Al_degrader_E2_E1,27.089999999999996,0.016260857142857143
Al_degrader_E2_E1,27.15,0.01753014285714286
Al_degrader_E2_E1,27.21,0.018539285714285713
Al_degrader_E2_E1,27.27,0.019440142857142857
Al_degrader_E2_E1,27.33,0.020205142857142856
Al_degrader_E2_E1,27.39,0.020975285714285714
Al_degrader_E2_E1,27.45,0.021601714285714287
Al_degrader_E2_E1,27.509999999999998,0.022363857142857144
Al_degrader_E2_E1,27.57,0.022898428571428573
Al_degrader_E2_E1,27.63,0.023182142857142856
Al_degrader_E2_E1,27.689999999999998,0.02340542857142857
Al_degrader_E2_E1,27.75,0.023809285714285713
Al_degrader_E2_E1,27.81,0.024011571428571427
Al_degrader_E2_E1,27.869999999999997,0.024366
Al_degrader_E2_E1,27.93,0.02449885714285714
Al_degrader_E2_E1,27.99,0.024524714285714285
Al_degrader_E2_E1,28.049999999999997,0.024504857142857144
Al_degrader_E2_E1,28.11,0.024622
Al_degrader_E2_E1,28.17,0.024637285714285716
Al_degrader_E2_E1,28.229999999999997,0.024887285714285716
Al_degrader_E2_E1,28.29,0.02473857142857143
Al_degrader_E2_E1,28.35,0.024557142857142857
Al_degrader_E2_E1,28.409999999999997,0.024383571428571428
Al_degrader_E2_E1,28.47,0.024101428571428572
Al_degrader_E2_E1,28.53,0.02403814285714286
Al_degrader_E2_E1,28.589999999999996,0.02382242857142857
Al_degrader_E2_E1,28.65,0.023320428571428572
Al_degrader_E2_E1,28.71,0.022705857142857142
Al_degrader_E2_E1,28.769999999999996,0.022082428571428572
Al_degrader_E2_E1,28.83,0.021328714285714284
Al_degrader_E2_E1,28.89,0.020684857142857144
Al_degrader_E2_E1,28.95,0.01971214285714286
Al_degrader_E2_E1,29.009999999999998,0.01857057142857143
Al_degrader_E2_E1,29.07,0.017264142857142856
Al_degrader_E2_E1,29.13,0.016169857142857142
Al_degrader_E2_E1,29.189999999999998,0.014882142857142858
Al_degrader_E2_E1,29.25,0.013710428571428571
Al_degrader_E2_E1,29.31,0.012230428571428571
Al_degrader_E2_E1,29.369999999999997,0.010866714285714285
Al_degrader_E2_E1,29.43,0.009514
Al_degrader_E2_E1,29.49,0.008262285714285715
Al_degrader_E2_E1,29.549999999999997,0.007153142857142857
Al_degrader_E2_E1,29.61,0.006058
Al_degrader_E2_E1,29.67,0.005015142857142857
Al_degrader_E2_E1,29.729999999999997,0.004111857142857143
Al_degrader_E2_E1,29.79,0.0033305714285714284
Al_degrader_E2_E1,29.85,0.002613
Al_degrader_E2_E1,29.909999999999997,0.0021205714285714287
Al_degrader_E2_E1,29.97,0.001642
Al_degrader_E2_E1,30.03,0.0012584285714285714
Al_degrader_E2_E1,30.089999999999996,0.000933
Al_degrader_E2_E1,30.15,0.0006705714285714286
Al_degrader_E2_E1,30.21,0.0005051428571428571
Al_degrader_E2_E1,30.269999999999996,0.0003618571428571429
Al_degrader_E2_E1,30.33,0.0002532857142857143
Al_degrader_E2_E1,30.39,0.00018528571428571427
Al_degrader_E2_E1,30.45,0.00011585714285714286
Al_degrader_E2_E1,30.509999999999998,8.885714285714286e-05
Al_degrader_E2_E1,30.57,4.8714285714285714e-05
Al_degrader_E2_E1,30.63,3.614285714285714e-05
Al_degrader_E2_E1,30.689999999999998,2.242857142857143e-05
Al_degrader_E2_E1,30.75,1.3857142857142858e-05
Al_degrader_E2_E1,30.81,8.714285714285715e-06
Al_degrader_E2_E1,30.869999999999997,4.857142857142857e-06
Al_degrader_E2_E1,30.93,3.2857142857142857e-06
Al_degrader_E2_E1,30.99,1.5714285714285714e-06
Al_degrader_E2_E1,31.049999999999997,1.5714285714285714e-06
Al_degrader_E2_E1,31.11,4.2857142857142857e-07
Al_degrader_E2_E1,31.17,7.142857142857143e-07
Al_degrader_E2_E1,31.229999999999997,2.857142857142857e-07
Al_degrader_E2_E1,31.29,0.0
Al_degrader_E2_E1,31.35,0.0
Al_degrader_E2_E1,31.409999999999997,1.4285714285714285e-07
Ni09,24.39,3.3333333333333335e-07
Ni09,24.45,3.3333333333333335e-07
Ni09,24.509999999999998,3.3333333333333335e-07
Ni09,24.57,2e-06
Ni09,24.63,2.333333333333333e-06
Ni09,24.689999999999998,4e-06
Ni09,24.75,8e-06
Ni09,24.81,8.666666666666666e-06
Ni09,24.869999999999997,2.1666666666666667e-05
Ni09,24.93,2.6333333333333334e-05
Ni09,24.990000000000002,5.066666666666667e-05
Ni09,25.049999999999997,7.1e-05
Ni09,25.11,0.000103
Ni09,25.17,0.00016633333333333333
Ni09,25.229999999999997,0.00023033333333333334
Ni09,25.29,0.00031833333333333334
Ni09,25.35,0.00045466666666666664
Ni09,25.409999999999997,0.0006583333333333334
Ni09,25.47,0.000935
Ni09,25.53,0.001249
Ni09,25.589999999999996,0.0017363333333333334
Ni09,25.65,0.002324333333333333
Ni09,25.71,0.0030676666666666665
Ni09,25.77,0.004101666666666667
Ni09,25.83,0.005306
Ni09,25.89,0.006656666666666667
Ni09,25.95,0.008445666666666667
Ni09,26.009999999999998,0.010437
Ni09,26.07,0.012578666666666667
Ni09,26.13,0.015347666666666667
Ni09,26.189999999999998,0.017952333333333334
Ni09,26.25,0.021091
Ni09,26.31,0.02452
Ni09,26.369999999999997,0.027555333333333334
Ni09,26.43,0.031059666666666666
Ni09,26.49,0.03449633333333333
Ni09,26.549999999999997,0.037512666666666666
Ni09,26.61,0.04038
Ni09,26.67,0.04273233333333333
Ni09,26.729999999999997,0.044641
Ni09,26.79,0.046225
Ni09,26.85,0.046897666666666664
Ni09,26.909999999999997,0.047351333333333336
Ni09,26.97,0.046592666666666664
Ni09,27.03,0.045560333333333335
Ni09,27.089999999999996,0.04387633333333334
Ni09,27.15,0.041786333333333335
Ni09,27.21,0.03903333333333334
Ni09,27.27,0.036016
Ni09,27.33,0.03275366666666667
Ni09,27.39,0.029325
Ni09,27.45,0.025952333333333334
Ni09,27.509999999999998,0.022573666666666665
Ni09,27.57,0.019494666666666667
Ni09,27.63,0.016354333333333332
Ni09,27.689999999999998,0.013591
Ni09,27.75,0.011292
Ni09,27.81,0.009081666666666667
Ni09,27.869999999999997,0.007232333333333334
Ni09,27.93,0.005795333333333334
Ni09,27.99,0.004412
Ni09,28.049999999999997,0.003442666666666667
Ni09,28.11,0.002562333333333333
Ni09,28.17,0.0018566666666666666
Ni09,28.229999999999997,0.0014366666666666666
Ni09,28.29,0.0009853333333333333
Ni09,28.35,0.0007406666666666667
Ni09,28.409999999999997,0.0005233333333333333
Ni09,28.47,0.00032733333333333334
Ni09,28.53,0.00024233333333333333
Ni09,28.589999999999996,0.00014833333333333332
Ni09,28.65,0.00010533333333333334
Ni09,28.71,6.866666666666666e-05
Ni09,28.769999999999996,3.866666666666667e-05
Ni09,28.83,2.7666666666666667e-05
Ni09,28.89,1.633333333333333e-05
Ni09,28.95,1.1e-05
Ni09,29.009999999999998,5.333333333333334e-06
Ni09,29.07,4.333333333333333e-06
Ni09,29.13,4e-06
Ni09,29.189999999999998,1.3333333333333334e-06
Ni09,29.25,6.666666666666667e-07
Ni09,29.31,6.666666666666667e-07
Ni09,29.369999999999997,0.0
Ni09,29.43,3.3333333333333335e-07
Sn09,24.33,6.666666666666667e-07
Sn09,24.39,6.666666666666667e-07
Sn09,24.45,2e-06
Sn09,24.509999999999998,3.6666666666666666e-06
Sn09,24.57,5.333333333333334e-06
Sn09,24.63,8.666666666666666e-06
Sn09,24.689999999999998,1.5e-05
Sn09,24.75,2.4333333333333333e-05
Sn09,24.81,3.766666666666667e-05
Sn09,24.869999999999997,6e-05
Sn09,24.93,9.4e-05
Sn09,24.990000000000002,0.00014733333333333333
Sn09,25.049999999999997,0.00020933333333333334
Sn09,25.11,0.000314
Sn09,25.17,0.00042866666666666666
Sn09,25.229999999999997,0.00059
Sn09,25.29,0.000805
Sn09,25.35,0.0011606666666666666
Sn09,25.409999999999997,0.0016726666666666667
Sn09,25.47,0.0022333333333333333
Sn09,25.53,0.002988
Sn09,25.589999999999996,0.0039833333333333335
Sn09,25.65,0.005177333333333333
Sn09,25.71,0.006758666666666666
Sn09,25.77,0.008518666666666667
Sn09,25.83,0.010504
Sn09,25.89,0.012889666666666667
Sn09,25.95,0.015566333333333333
Sn09,26.009999999999998,0.018387666666666667
Sn09,26.07,0.021698666666666668
Sn09,26.13,0.025236666666666668
Sn09,26.189999999999998,0.028743
Sn09,26.25,0.032365
Sn09,26.31,0.03578166666666667
Sn09,26.369999999999997,0.03884733333333333
Sn09,26.43,0.04187233333333333
Sn09,26.49,0.04453466666666667
Sn09,26.549999999999997,0.04628733333333333
Sn09,26.61,0.04747066666666667
Sn09,26.67,0.048054
Sn09,26.729999999999997,0.04810066666666667
Sn09,26.79,0.047716
Sn09,26.85,0.04636933333333333
Sn09,26.909999999999997,0.044338666666666665
Sn09,26.97,0.041411
Sn09,27.03,0.03840233333333333
Sn09,27.089999999999996,0.035409666666666666
Sn09,27.15,0.032037
Sn09,27.21,0.028491333333333334
Sn09,27.27,0.024715333333333332
Sn09,27.33,0.021181
Sn09,27.39,0.017989333333333333
Sn09,27.45,0.014927666666666667
Sn09,27.509999999999998,0.012319
Sn09,27.57,0.010125333333333333
Sn09,27.63,0.008088333333333333
Sn09,27.689999999999998,0.006358
Sn09,27.75,0.004878
Sn09,27.81,0.0036906666666666667
Sn09,27.869999999999997,0.002778333333333333
Sn09,27.93,0.002115
Sn09,27.99,0.0015343333333333333
Sn09,28.049999999999997,0.0011303333333333332
Sn09,28.11,0.000788
Sn09,28.17,0.0005483333333333333
Sn09,28.229999999999997,0.00036866666666666667
Sn09,28.29,0.000247
Sn09,28.35,0.00016866666666666666
Sn09,28.409999999999997,0.000109
Sn09,28.47,6.933333333333333e-05
Sn09,28.53,4.3666666666666666e-05
Sn09,28.589999999999996,2.6666666666666667e-05
Sn09,28.65,1.6666666666666667e-05
Sn09,28.71,9.666666666666667e-06
Sn09,28.769999999999996,7.666666666666667e-06
Sn09,28.83,6e-06
Sn09,28.89,3.3333333333333333e-06
Sn09,28.95,1.3333333333333334e-06
Sn09,29.009999999999998,3.3333333333333335e-07
Sn09,29.07,3.3333333333333335e-07
Sn09,29.13,6.666666666666667e-07
Ta09,24.03,3.3333333333333335e-07
Ta09,24.089999999999996,3.3333333333333335e-07
Ta09,24.15,6.666666666666667e-07
Ta09,24.21,2.333333333333333e-06
Ta09,24.27,2.333333333333333e-06
Ta09,24.33,5.666666666666667e-06
Ta09,24.39,7.333333333333333e-06
Ta09,24.45,1.2e-05
Ta09,24.509999999999998,2.1666666666666667e-05
Ta09,24.57,2.8333333333333332e-05
Ta09,24.63,5.966666666666667e-05
Ta09,24.689999999999998,7.5e-05
Ta09,24.75,0.00012166666666666667
Ta09,24.81,0.000174
Ta09,24.869999999999997,0.000249
Ta09,24.93,0.000354
Ta09,24.990000000000002,0.0004916666666666666
Ta09,25.049999999999997,0.0006983333333333334
Ta09,25.11,0.0009943333333333334
Ta09,25.17,0.0013303333333333333
Ta09,25.229999999999997,0.001848
Ta09,25.29,0.0024436666666666665
Ta09,25.35,0.003273
Ta09,25.409999999999997,0.004327666666666666
Ta09,25.47,0.005550333333333333
Ta09,25.53,0.006993666666666666
Ta09,25.589999999999996,0.008820333333333333
Ta09,25.65,0.010829333333333333
Ta09,25.71,0.013093666666666667
Ta09,25.77,0.015775333333333332
Ta09,25.83,0.018523333333333333
Ta09,25.89,0.021795666666666668
Ta09,25.95,0.024993666666666668
Ta09,26.009999999999998,0.028321333333333334
Ta09,26.07,0.031688666666666664
Ta09,26.13,0.035091333333333335
Ta09,26.189999999999998,0.038001
Ta09,26.25,0.04087933333333333
Ta09,26.31,0.043207
Ta09,26.369999999999997,0.04490266666666667
Ta09,26.43,0.04633266666666667
Ta09,26.49,0.04701333333333333
Ta09,26.549999999999997,0.047196
Ta09,26.61,0.04638933333333333
Ta09,26.67,0.045459
Ta09,26.729999999999997,0.04336366666666667
Ta09,26.79,0.041327666666666665
Ta09,26.85,0.038384
Ta09,26.909999999999997,0.035443
Ta09,26.97,0.032033
Ta09,27.03,0.028695333333333333
Ta09,27.089999999999996,0.025430333333333333
Ta09,27.15,0.021921666666666666
Ta09,27.21,0.018821
Ta09,27.27,0.015814666666666668
Ta09,27.33,0.013145666666666667
Ta09,27.39,0.010888666666666666
Ta09,27.45,0.008716
Ta09,27.509999999999998,0.007005333333333333
Ta09,27.57,0.005517666666666666
Ta09,27.63,0.004215666666666667
Ta09,27.689999999999998,0.003248
Ta09,27.75,0.0024143333333333334
Ta09,27.81,0.001819
Ta09,27.869999999999997,0.0013373333333333334
Ta09,27.93,0.000953
Ta09,27.99,0.0006996666666666667
Ta09,28.049999999999997,0.00047
Ta09,28.11,0.0003223333333333333
Ta09,28.17,0.00022666666666666666
Ta09,28.229999999999997,0.00014033333333333332
Ta09,28.29,0.0001
Ta09,28.35,6.0666666666666666e-05
Ta09,28.409999999999997,3.933333333333333e-05
Ta09,28.47,2.7e-05
Ta09,28.53,1.3666666666666667e-05
Ta09,28.589999999999996,1.1e-05
Ta09,28.65,5.666666666666667e-06
Ta09,28.71,4.666666666666666e-06
Ta09,28.769999999999996,2.333333333333333e-06
Ta09,28.83,2e-06
Ta09,28.89,6.666666666666667e-07
Ta09,28.95,3.3333333333333335e-07
Ta09,29.009999999999998,0.0
Ta09,29.07,3.3333333333333335e-07
Cu09,23.729999999999997,3.3333333333333335e-07
Cu09,23.79,3.3333333333333335e-07
Cu09,23.85,1.3333333333333334e-06
Cu09,23.909999999999997,1.3333333333333334e-06
Cu09,23.97,2.666666666666667e-06
Cu09,24.03,6e-06
Cu09,24.089999999999996,7.333333333333333e-06
Cu09,24.15,1.2333333333333333e-05
Cu09,24.21,2.3e-05
Cu09,24.27,2.7e-05
Cu09,24.33,6e-05
Cu09,24.39,7.6e-05
Cu09,24.45,0.00011366666666666666
Cu09,24.509999999999998,0.000177
Cu09,24.57,0.000238
Cu09,24.63,0.000344
Cu09,24.689999999999998,0.000474
Cu09,24.75,0.0006796666666666666
Cu09,24.81,0.0009583333333333333
Cu09,24.869999999999997,0.0012776666666666668
Cu09,24.93,0.0017533333333333333
Cu09,24.990000000000002,0.0023506666666666667
Cu09,25.049999999999997,0.0030993333333333333
Cu09,25.11,0.004108333333333334
Cu09,25.17,0.005291
Cu09,25.229999999999997,0.006605666666666667
Cu09,25.29,0.008350666666666666
Cu09,25.35,0.010316666666666667
Cu09,25.409999999999997,0.012317
Cu09,25.47,0.015049333333333333
Cu09,25.53,0.017625
Cu09,25.589999999999996,0.020621333333333332
Cu09,25.65,0.023952
Cu09,25.71,0.026942666666666667
Cu09,25.77,0.030298333333333333
Cu09,25.83,0.033675333333333335
Cu09,25.89,0.036706
Cu09,25.95,0.039456333333333336
Cu09,26.009999999999998,0.041897
Cu09,26.07,0.043686666666666665
Cu09,26.13,0.045399666666666665
Cu09,26.189999999999998,0.046184333333333334
Cu09,26.25,0.046746666666666666
Cu09,26.31,0.04626366666666667
Cu09,26.369999999999997,0.04523666666666667
Cu09,26.43,0.043742333333333334
Cu09,26.49,0.04166266666666667
Cu09,26.549999999999997,0.03933266666666667
Cu09,26.61,0.03653033333333333
Cu09,26.67,0.033298
Cu09,26.729999999999997,0.029907
Cu09,26.79,0.026698666666666666
Cu09,26.85,0.023417666666666666
Cu09,26.909999999999997,0.020172666666666665
Cu09,26.97,0.017250333333333333
Cu09,27.03,0.014374
Cu09,27.089999999999996,0.012033333333333333
Cu09,27.15,0.009776666666666666
Cu09,27.21,0.007804333333333333
Cu09,27.27,0.006320666666666666
Cu09,27.33,0.004933333333333333
Cu09,27.39,0.003753
Cu09,27.45,0.002929
Cu09,27.509999999999998,0.0021316666666666667
Cu09,27.57,0.0016123333333333332
Cu09,27.63,0.001193
Cu09,27.689999999999998,0.0008273333333333333
Cu09,27.75,0.000637
Cu09,27.81,0.00039933333333333335
Cu09,27.869999999999997,0.000295
Cu09,27.93,0.00019466666666666666
Cu09,27.99,0.00012333333333333334
Cu09,28.049999999999997,8.5e-05
Cu09,28.11,5.566666666666667e-05
Cu09,28.17,3.566666666666667e-05
Cu09,28.229999999999997,2.3333333333333332e-05
Cu09,28.29,1.2e-05
Cu09,28.35,1e-05
Cu09,28.409999999999997,5e-06
Cu09,28.47,4.333333333333333e-06
Cu09,28.53,2e-06
Cu09,28.589999999999996,1.6666666666666667e-06
Cu09,28.65,6.666666666666667e-07
Cu09,28.71,3.3333333333333335e-07
Cu09,28.769999999999996,0.0
Cu09,28.83,3.3333333333333335e-07
Al_degrader_E4_E3,21.27,1.1111111111111111e-07
Al_degrader_E4_E3,21.33,1.1111111111111111e-07
Al_degrader_E4_E3,21.39,1.1111111111111111e-07
Al_degrader_E4_E3,21.45,5.555555555555555e-07
Al_degrader_E4_E3,21.509999999999998,6.666666666666667e-07
Al_degrader_E4_E3,21.57,8.888888888888889e-07
Al_degrader_E4_E3,21.63,1.6666666666666667e-06
Al_degrader_E4_E3,21.689999999999998,2e-06
Al_degrader_E4_E3,21.75,4.555555555555555e-06
Al_degrader_E4_E3,21.81,5.333333333333334e-06
Al_degrader_E4_E3,21.869999999999997,7.777777777777777e-06
Al_degrader_E4_E3,21.93,1.4888888888888888e-05
Al_degrader_E4_E3,21.990000000000002,1.8777777777777777e-05
Al_degrader_E4_E3,22.049999999999997,2.777777777777778e-05
Al_degrader_E4_E3,22.11,3.855555555555556e-05
Al_degrader_E4_E3,22.17,5.4444444444444446e-05
Al_degrader_E4_E3,22.229999999999997,7.11111111111111e-05
Al_degrader_E4_E3,22.29,9.822222222222223e-05
Al_degrader_E4_E3,22.35,0.0001361111111111111
Al_degrader_E4_E3,22.409999999999997,0.00019177777777777777
Al_degrader_E4_E3,22.47,0.00026388888888888886
Al_degrader_E4_E3,22.53,0.00033066666666666666
Al_degrader_E4_E3,22.589999999999996,0.0004493333333333333
Al_degrader_E4_E3,22.65,0.0005758888888888889
Al_degrader_E4_E3,22.71,0.0007644444444444444
Al_degrader_E4_E3,22.77,0.0009693333333333333
Al_degrader_E4_E3,22.83,0.0012375555555555555
Al_degrader_E4_E3,22.89,0.0015046666666666667
Al_degrader_E4_E3,22.95,0.0018715555555555556
Al_degrader_E4_E3,23.009999999999998,0.0023194444444444443
Al_degrader_E4_E3,23.07,0.0027654444444444445
Al_degrader_E4_E3,23.13,0.0033194444444444443
Al_degrader_E4_E3,23.189999999999998,0.0039614444444444445
Al_degrader_E4_E3,23.25,0.004614111111111111
Al_degrader_E4_E3,23.31,0.005433333333333333
Al_degrader_E4_E3,23.369999999999997,0.006228888888888889
Al_degrader_E4_E3,23.43,0.007090666666666667
Al_degrader_E4_E3,23.490000000000002,0.008025333333333334
Al_degrader_E4_E3,23.549999999999997,0.008985444444444445
Al_degrader_E4_E3,23.61,0.010065444444444445
Al_degrader_E4_E3,23.67,0.011026333333333334
Al_degrader_E4_E3,23.729999999999997,0.012070111111111111
Al_degrader_E4_E3,23.79,0.013024444444444444
Al_degrader_E4_E3,23.85,0.014093444444444445
Al_degrader_E4_E3,23.909999999999997,0.015141
Al_degrader_E4_E3,23.97,0.016061111111111113
Al_degrader_E4_E3,24.03,0.01693288888888889
Al_degrader_E4_E3,24.089999999999996,0.017701777777777778
Al_degrader_E4_E3,24.15,0.01852088888888889
Al_degrader_E4_E3,24.21,0.019238
Al_degrader_E4_E3,24.27,0.019948444444444446
Al_degrader_E4_E3,24.33,0.020487222222222223
Al_degrader_E4_E3,24.39,0.020924555555555554
Al_degrader_E4_E3,24.45,0.021364777777777778
Al_degrader_E4_E3,24.509999999999998,0.021818444444444446
Al_degrader_E4_E3,24.57,0.022182444444444446
Al_degrader_E4_E3,24.63,0.022365
Al_degrader_E4_E3,24.689999999999998,0.022587666666666666
Al_degrader_E4_E3,24.75,0.022764666666666666
Al_degrader_E4_E3,24.81,0.022980555555555556
Al_degrader_E4_E3,24.869999999999997,0.02318211111111111
Al_degrader_E4_E3,24.93,0.023100222222222223
Al_degrader_E4_E3,24.990000000000002,0.023237555555555556
Al_degrader_E4_E3,25.049999999999997,0.023269777777777778
Al_degrader_E4_E3,25.11,0.02328777777777778
Al_degrader_E4_E3,25.17,0.023319555555555555
Al_degrader_E4_E3,25.229999999999997,0.023119555555555556
Al_degrader_E4_E3,25.29,0.023075333333333333
Al_degrader_E4_E3,25.35,0.022906444444444445
Al_degrader_E4_E3,25.409999999999997,0.02276411111111111
Al_degrader_E4_E3,25.47,0.02246577777777778
Al_degrader_E4_E3,25.53,0.02207133333333333
Al_degrader_E4_E3,25.589999999999996,0.021633444444444445
Al_degrader_E4_E3,25.65,0.021200888888888887
Al_degrader_E4_E3,25.71,0.020733333333333333
Al_degrader_E4_E3,25.77,0.019874222222222224
Al_degrader_E4_E3,25.83,0.019202444444444446
Al_degrader_E4_E3,25.89,0.018337444444444444
Al_degrader_E4_E3,25.95,0.017430888888888888
Al_degrader_E4_E3,26.009999999999998,0.016498444444444444
Al_degrader_E4_E3,26.07,0.015313666666666666
Al_degrader_E4_E3,26.13,0.014192111111111112
Al_degrader_E4_E3,26.189999999999998,0.013120444444444445
Al_degrader_E4_E3,26.25,0.012031555555555556
Al_degrader_E4_E3,26.31,0.010824888888888889
Al_degrader_E4_E3,26.369999999999997,0.009642555555555555
Al_degrader_E4_E3,26.43,0.008483555555555555
Al_degrader_E4_E3,26.49,0.0074396666666666665
Al_degrader_E4_E3,26.549999999999997,0.006498555555555555
Al_degrader_E4_E3,26.61,0.005542111111111111
Al_degrader_E4_E3,26.67,0.004675888888888889
Al_degrader_E4_E3,26.729999999999997,0.0038943333333333334
Al_degrader_E4_E3,26.79,0.0032373333333333334
Al_degrader_E4_E3,26.85,0.002626222222222222
Al_degrader_E4_E3,26.909999999999997,0.0021024444444444445
Al_degrader_E4_E3,26.97,0.0016904444444444445
Al_degrader_E4_E3,27.03,0.0013351111111111111
Al_degrader_E4_E3,27.089999999999996,0.001036
Al_degrader_E4_E3,27.15,0.0007832222222222223
Al_degrader_E4_E3,27.21,0.0005854444444444444
Al_degrader_E4_E3,27.27,0.00043733333333333336
Al_degrader_E4_E3,27.33,0.000329
Al_degrader_E4_E3,27.39,0.00023533333333333333
Al_degrader_E4_E3,27.45,0.0001768888888888889
Al_degrader_E4_E3,27.509999999999998,0.00012177777777777778
Al_degrader_E4_E3,27.57,8.011111111111111e-05
Al_degrader_E4_E3,27.63,5.8555555555555557e-05
Al_degrader_E4_E3,27.689999999999998,3.6666666666666666e-05
Al_degrader_E4_E3,27.75,2.6222222222222222e-05
Al_degrader_E4_E3,27.81,1.7333333333333332e-05
Al_degrader_E4_E3,27.869999999999997,1.0111111111111111e-05
Al_degrader_E4_E3,27.93,7e-06
Al_degrader_E4_E3,27.99,4.333333333333333e-06
Al_degrader_E4_E3,28.049999999999997,3.111111111111111e-06
Al_degrader_E4_E3,28.11,1.5555555555555556e-06
Al_degrader_E4_E3,28.17,8.888888888888889e-07
Al_degrader_E4_E3,28.229999999999997,1e-06
Al_degrader_E4_E3,28.29,5.555555555555555e-07
Al_degrader_E4_E3,28.35,2.2222222222222222e-07
Al_degrader_E4_E3,28.409999999999997,1.1111111111111111e-07
Al_degrader_E4_E3,28.47,0.0
Al_degrader_E4_E3,28.53,1.1111111111111111e-07
Ni10,20.85,3.3333333333333335e-07
Ni10,20.909999999999997,0.0
Ni10,20.97,3.3333333333333335e-07
Ni10,21.03,1e-06
Ni10,21.089999999999996,1.6666666666666667e-06
Ni10,21.15,2.333333333333333e-06
Ni10,21.21,5e-06
Ni10,21.27,6.333333333333333e-06
Ni10,21.33,8e-06
Ni10,21.39,1.7666666666666668e-05
Ni10,21.45,2.0333333333333334e-05
Ni10,21.509999999999998,3.266666666666666e-05
Ni10,21.57,5.333333333333333e-05
Ni10,21.63,7.3e-05
Ni10,21.689999999999998,0.00010033333333333334
Ni10,21.75,0.00016033333333333335
Ni10,21.81,0.00020733333333333332
Ni10,21.869999999999997,0.00026933333333333334
Ni10,21.93,0.0003846666666666667
Ni10,21.990000000000002,0.0005336666666666667
Ni10,22.049999999999997,0.0007153333333333333
Ni10,22.11,0.000983
Ni10,22.17,0.0012606666666666667
Ni10,22.229999999999997,0.0016906666666666667
Ni10,22.29,0.0022093333333333335
Ni10,22.35,0.002824333333333333
Ni10,22.409999999999997,0.0036396666666666665
Ni10,22.47,0.004651
Ni10,22.53,0.005648666666666666
Ni10,22.589999999999996,0.007011666666666667
Ni10,22.65,0.008639
Ni10,22.71,0.010167666666666667
Ni10,22.77,0.012112666666666667
Ni10,22.83,0.014548666666666666
Ni10,22.89,0.016558333333333335
Ni10,22.95,0.019166666666666665
Ni10,23.009999999999998,0.021991666666666666
Ni10,23.07,0.024464666666666666
Ni10,23.13,0.027197666666666665
Ni10,23.189999999999998,0.030140666666666666
Ni10,23.25,0.03265066666666667
Ni10,23.31,0.03506833333333333
Ni10,23.369999999999997,0.037371666666666664
Ni10,23.43,0.03909566666666667
Ni10,23.490000000000002,0.040656333333333336
Ni10,23.549999999999997,0.04183833333333333
Ni10,23.61,0.042459
Ni10,23.67,0.042804666666666664
Ni10,23.729999999999997,0.04240733333333333
Ni10,23.79,0.04153233333333333
Ni10,23.85,0.04042833333333333
Ni10,23.909999999999997,0.03873566666666667
Ni10,23.97,0.036934666666666664
Ni10,24.03,0.03463366666666667
Ni10,24.089999999999996,0.031872
Ni10,24.15,0.029295333333333333
Ni10,24.21,0.026467333333333332
Ni10,24.27,0.023708666666666666
Ni10,24.33,0.020906
Ni10,24.39,0.018288
Ni10,24.45,0.015819333333333335
Ni10,24.509999999999998,0.013307333333333332
Ni10,24.57,0.011327
Ni10,24.63,0.009425333333333334
Ni10,24.689999999999998,0.007630333333333334
Ni10,24.75,0.006322
Ni10,24.81,0.005053333333333333
Ni10,24.869999999999997,0.003953
Ni10,24.93,0.0031683333333333333
Ni10,24.990000000000002,0.0024323333333333332
Ni10,25.049999999999997,0.001787
Ni10,25.11,0.0014503333333333334
Ni10,25.17,0.0010403333333333334
Ni10,25.229999999999997,0.0007666666666666667
Ni10,25.29,0.0005813333333333333
Ni10,25.35,0.0003913333333333333
Ni10,25.409999999999997,0.000285
Ni10,25.47,0.00020266666666666667
Ni10,25.53,0.00012633333333333333
Ni10,25.589999999999996,9.566666666666667e-05
Ni10,25.65,6.4e-05
Ni10,25.71,3.866666666666667e-05
Ni10,25.77,2.8e-05
Ni10,25.83,1.8333333333333333e-05
Ni10,25.89,1.1333333333333334e-05
Ni10,25.95,8.333333333333334e-06
Ni10,26.009999999999998,4.333333333333333e-06
Ni10,26.07,3.3333333333333333e-06
Ni10,26.13,2e-06
Ni10,26.189999999999998,1.6666666666666667e-06
Ni10,26.25,6.666666666666667e-07
Ni10,26.31,3.3333333333333335e-07
Ni10,26.369999999999997,0.0
Ni10,26.43,3.3333333333333335e-07
Sn10,20.79,3.3333333333333335e-07
Sn10,20.85,1e-06
Sn10,20.909999999999997,6.666666666666667e-07
Sn10,20.97,3e-06
Sn10,21.03,4.333333333333333e-06
Sn10,21.089999999999996,6e-06
Sn10,21.15,9.666666666666667e-06
Sn10,21.21,1.3666666666666667e-05
Sn10,21.27,2.2333333333333332e-05
Sn10,21.33,3.3e-05
Sn10,21.39,4.766666666666667e-05
Sn10,21.45,7.566666666666667e-05
Sn10,21.509999999999998,0.00011366666666666666
Sn10,21.57,0.00015533333333333333
Sn10,21.63,0.00021966666666666668
Sn10,21.689999999999998,0.00030533333333333335
Sn10,21.75,0.000417
Sn10,21.81,0.0005336666666666667
Sn10,21.869999999999997,0.000713
Sn10,21.93,0.0010006666666666666
Sn10,21.990000000000002,0.0013693333333333333
Sn10,22.049999999999997,0.001815
Sn10,22.11,0.0023773333333333333
Sn10,22.17,0.0030236666666666667
Sn10,22.229999999999997,0.003926
Sn10,22.29,0.004965333333333334
Sn10,22.35,0.0062826666666666664
Sn10,22.409999999999997,0.007699
Sn10,22.47,0.009318
Sn10,22.53,0.011181666666666666
Sn10,22.589999999999996,0.013350333333333334
Sn10,22.65,0.015616666666666666
Sn10,22.71,0.018028333333333334
Sn10,22.77,0.020864666666666667
Sn10,22.83,0.02378
Sn10,22.89,0.026639
Sn10,22.95,0.029585333333333335
Sn10,23.009999999999998,0.032355666666666665
Sn10,23.07,0.034880666666666664
Sn10,23.13,0.037331333333333334
Sn10,23.189999999999998,0.039539
Sn10,23.25,0.041358
Sn10,23.31,0.042500333333333334
Sn10,23.369999999999997,0.043103666666666665
Sn10,23.43,0.043521
Sn10,23.490000000000002,0.043506666666666666
Sn10,23.549999999999997,0.043073
Sn10,23.61,0.041861666666666665
Sn10,23.67,0.04017
Sn10,23.729999999999997,0.037903
Sn10,23.79,0.035396333333333335
Sn10,23.85,0.032924
Sn10,23.909999999999997,0.030302
Sn10,23.97,0.027496333333333334
Sn10,24.03,0.024433
Sn10,24.089999999999996,0.021364333333333332
Sn10,24.15,0.018578
Sn10,24.21,0.015938666666666667
Sn10,24.27,0.013498333333333333
Sn10,24.33,0.011297
Sn10,24.39,0.009473
Sn10,24.45,0.007768333333333334
Sn10,24.509999999999998,0.006257666666666667
Sn10,24.57,0.004987
Sn10,24.63,0.003821
Sn10,24.689999999999998,0.0029893333333333334
Sn10,24.75,0.00234
Sn10,24.81,0.0017706666666666667
Sn10,24.869999999999997,0.0013496666666666668
Sn10,24.93,0.001007
Sn10,24.990000000000002,0.0007306666666666667
Sn10,25.049999999999997,0.0005126666666666667
Sn10,25.11,0.00037633333333333334
Sn10,25.17,0.00024933333333333334
Sn10,25.229999999999997,0.000181
Sn10,25.29,0.00012
Sn10,25.35,8.2e-05
Sn10,25.409999999999997,5.3666666666666666e-05
Sn10,25.47,3.633333333333333e-05
Sn10,25.53,2.1333333333333335e-05
Sn10,25.589999999999996,1.4333333333333334e-05
Sn10,25.65,9.333333333333333e-06
Sn10,25.71,7e-06
Sn10,25.77,5.333333333333334e-06
Sn10,25.83,3e-06
Sn10,25.89,2.333333333333333e-06
Sn10,25.95,6.666666666666667e-07
Sn10,26.009999999999998,0.0
Sn10,26.07,6.666666666666667e-07
Sn10,26.13,3.3333333333333335e-07
Ta10,20.43,3.3333333333333335e-07
Ta10,20.490000000000002,0.0
Ta10,20.549999999999997,3.3333333333333335e-07
Ta10,20.61,1.3333333333333334e-06
Ta10,20.67,1.6666666666666667e-06
Ta10,20.729999999999997,2.333333333333333e-06
Ta10,20.79,5e-06
Ta10,20.85,6e-06
Ta10,20.909999999999997,7.333333333333333e-06
Ta10,20.97,1.9e-05
Ta10,21.03,2.0333333333333334e-05
Ta10,21.089999999999996,3.233333333333333e-05
Ta10,21.15,5.633333333333333e-05
Ta10,21.21,7.166666666666667e-05
Ta10,21.27,0.000111
Ta10,21.33,0.00015133333333333334
Ta10,21.39,0.00020866666666666668
Ta10,21.45,0.000284
Ta10,21.509999999999998,0.000389
Ta10,21.57,0.0005056666666666666
Ta10,21.63,0.000718
Ta10,21.689999999999998,0.0009623333333333334
Ta10,21.75,0.001252
Ta10,21.81,0.0016836666666666666
Ta10,21.869999999999997,0.002158
Ta10,21.93,0.0028003333333333335
Ta10,21.990000000000002,0.0036276666666666666
Ta10,22.049999999999997,0.00453
Ta10,22.11,0.005641
Ta10,22.17,0.006928333333333333
Ta10,22.229999999999997,0.008492666666666667
Ta10,22.29,0.010173
Ta10,22.35,0.012018333333333334
Ta10,22.409999999999997,0.014234
Ta10,22.47,0.016477333333333333
Ta10,22.53,0.018998666666666667
Ta10,22.589999999999996,0.021721
Ta10,22.65,0.024259666666666665
Ta10,22.71,0.027124333333333334
Ta10,22.77,0.029871
Ta10,22.83,0.032522
Ta10,22.89,0.034824666666666663
Ta10,22.95,0.037163
Ta10,23.009999999999998,0.039038666666666666
Ta10,23.07,0.04041666666666666
Ta10,23.13,0.041696
Ta10,23.189999999999998,0.04227966666666667
Ta10,23.25,0.042831666666666664
Ta10,23.31,0.042320333333333335
Ta10,23.369999999999997,0.04158933333333333
Ta10,23.43,0.040451666666666664
Ta10,23.490000000000002,0.0389
Ta10,23.549999999999997,0.037079
Ta10,23.61,0.034595
Ta10,23.67,0.03219933333333334
Ta10,23.729999999999997,0.029398333333333332
Ta10,23.79,0.026679
Ta10,23.85,0.023968666666666666
Ta10,23.909999999999997,0.021189333333333334
Ta10,23.97,0.018427
Ta10,24.03,0.015938666666666667
Ta10,24.089999999999996,0.013499
Ta10,24.15,0.011457333333333333
Ta10,24.21,0.009587333333333333
Ta10,24.27,0.007849333333333333
Ta10,24.33,0.006423666666666667
Ta10,24.39,0.005176
Ta10,24.45,0.004047333333333333
Ta10,24.509999999999998,0.0031953333333333334
Ta10,24.57,0.0025256666666666665
Ta10,24.63,0.0018696666666666666
Ta10,24.689999999999998,0.0014563333333333334
Ta10,24.75,0.001114
Ta10,24.81,0.0007763333333333333
Ta10,24.869999999999997,0.0006123333333333333
Ta10,24.93,0.0004116666666666667
Ta10,24.990000000000002,0.00029633333333333334
Ta10,25.049999999999997,0.00021533333333333333
Ta10,25.11,0.000139
Ta10,25.17,9.966666666666667e-05
Ta10,25.229999999999997,6.833333333333333e-05
Ta10,25.29,4.233333333333333e-05
Ta10,25.35,2.9333333333333333e-05
Ta10,25.409999999999997,2.0333333333333334e-05
Ta10,25.47,1.1e-05
Ta10,25.53,9.333333333333333e-06
Ta10,25.589999999999996,4.666666666666666e-06
Ta10,25.65,4.666666666666666e-06
Ta10,25.71,2e-06
Ta10,25.77,2e-06
Ta10,25.83,3.3333333333333335e-07
Ta10,25.89,6.666666666666667e-07
Ta10,25.95,0.0
Ta10,26.009999999999998,0.0
Ta10,26.07,3.3333333333333335e-07
Cu10,20.13,3.3333333333333335e-07
Cu10,20.189999999999998,3.3333333333333335e-07
Cu10,20.25,1.3333333333333334e-06
Cu10,20.31,1.3333333333333334e-06
Cu10,20.369999999999997,2e-06
Cu10,20.43,4e-06
Cu10,20.490000000000002,5.333333333333334e-06
Cu10,20.549999999999997,8e-06
Cu10,20.61,1.5e-05
Cu10,20.67,1.9666666666666666e-05
Cu10,20.729999999999997,2.4333333333333333e-05
Cu10,20.79,5.3e-05
Cu10,20.85,6.2e-05
Cu10,20.909999999999997,8.4e-05
Cu10,20.97,0.00014233333333333334
Cu10,21.03,0.000178
Cu10,21.089999999999996,0.00023833333333333334
Cu10,21.15,0.000341
Cu10,21.21,0.000433
Cu10,21.27,0.000615
Cu10,21.33,0.0008376666666666667
Cu10,21.39,0.0010606666666666666
Cu10,21.45,0.001425
Cu10,21.509999999999998,0.001882
Cu10,21.57,0.0023673333333333333
Cu10,21.63,0.003088333333333333
Cu10,21.689999999999998,0.003964
Cu10,21.75,0.004864
Cu10,21.81,0.005991666666666667
Cu10,21.869999999999997,0.007371333333333333
Cu10,21.93,0.008953
Cu10,21.990000000000002,0.010508
Cu10,22.049999999999997,0.01251
Cu10,22.11,0.014790333333333334
Cu10,22.17,0.016772
Cu10,22.229999999999997,0.019445333333333332
Cu10,22.29,0.022071666666666667
Cu10,22.35,0.024551
Cu10,22.409999999999997,0.027206333333333332
Cu10,22.47,0.029968333333333333
Cu10,22.53,0.032418
Cu10,22.589999999999996,0.034785
Cu10,22.65,0.036887
Cu10,22.71,0.03854133333333333
Cu10,22.77,0.04001166666666667
Cu10,22.83,0.04120733333333333
Cu10,22.89,0.041655
Cu10,22.95,0.042104666666666665
Cu10,23.009999999999998,0.041751333333333335
Cu10,23.07,0.040902666666666664
Cu10,23.13,0.039678
Cu10,23.189999999999998,0.038219333333333334
Cu10,23.25,0.036594666666666664
Cu10,23.31,0.03418033333333333
Cu10,23.369999999999997,0.031681
Cu10,23.43,0.029066333333333333
Cu10,23.490000000000002,0.026503333333333334
Cu10,23.549999999999997,0.023726333333333332
Cu10,23.61,0.021079333333333332
Cu10,23.67,0.018435333333333335
Cu10,23.729999999999997,0.016031333333333335
Cu10,23.79,0.013609666666666667
Cu10,23.85,0.011536
Cu10,23.909999999999997,0.009746333333333333
Cu10,23.97,0.007990666666666667
Cu10,24.03,0.006542333333333333
Cu10,24.089999999999996,0.005332333333333333
Cu10,24.15,0.004229333333333333
Cu10,24.21,0.0033356666666666665
Cu10,24.27,0.002645
Cu10,24.33,0.0019923333333333334
Cu10,24.39,0.001521
Cu10,24.45,0.0011833333333333333
Cu10,24.509999999999998,0.0008403333333333333
Cu10,24.57,0.0006633333333333334
Cu10,24.63,0.0004673333333333333
Cu10,24.689999999999998,0.0003043333333333333
Cu10,24.75,0.00025266666666666666
Cu10,24.81,0.00015666666666666666
Cu10,24.869999999999997,0.000109
Cu10,24.93,7.533333333333334e-05
Cu10,24.990000000000002,5.266666666666667e-05
Cu10,25.049999999999997,3.366666666666667e-05
Cu10,25.11,2.3666666666666668e-05
Cu10,25.17,1.2666666666666667e-05
Cu10,25.229999999999997,1.1e-05
Cu10,25.29,6e-06
Cu10,25.35,4.333333333333333e-06
Cu10,25.409999999999997,3e-06
Cu10,25.47,1.6666666666666667e-06
Cu10,25.53,1.3333333333333334e-06
Cu10,25.589999999999996,6.666666666666667e-07
Cu10,25.65,3.3333333333333335e-07
Cu10,25.71,0.0
Cu10,25.77,3.3333333333333335e-07
Al_degrader_E6_E5,17.25,9.090909090909091e-08
Al_degrader_E6_E5,17.310000000000002,0.0
Al_degrader_E6_E5,17.369999999999997,9.090909090909091e-08
Al_degrader_E6_E5,17.43,2.7272727272727274e-07
Al_degrader_E6_E5,17.490000000000002,2.7272727272727274e-07
Al_degrader_E6_E5,17.549999999999997,5.454545454545455e-07
Al_degrader_E6_E5,17.61,3.6363636363636366e-07
Al_degrader_E6_E5,17.67,1.1818181818181818e-06
Al_degrader_E6_E5,17.729999999999997,1.5454545454545454e-06
Al_degrader_E6_E5,17.79,1.818181818181818e-06
Al_degrader_E6_E5,17.85,4.1818181818181814e-06
Al_degrader_E6_E5,17.909999999999997,3.818181818181818e-06
Al_degrader_E6_E5,17.97,5.727272727272727e-06
Al_degrader_E6_E5,18.03,1.109090909090909e-05
Al_degrader_E6_E5,18.09,1.2272727272727273e-05
Al_degrader_E6_E5,18.15,1.7909090909090908e-05
Al_degrader_E6_E5,18.21,2.4636363636363638e-05
Al_degrader_E6_E5,18.27,3.2454545454545454e-05
Al_degrader_E6_E5,18.33,4.5e-05
Al_degrader_E6_E5,18.39,5.481818181818182e-05
Al_degrader_E6_E5,18.45,7.627272727272727e-05
Al_degrader_E6_E5,18.509999999999998,9.481818181818182e-05
Al_degrader_E6_E5,18.57,0.00013418181818181818
Al_degrader_E6_E5,18.63,0.00017681818181818182
Al_degrader_E6_E5,18.689999999999998,0.00021818181818181818
Al_degrader_E6_E5,18.75,0.0002789090909090909
Al_degrader_E6_E5,18.81,0.000363
Al_degrader_E6_E5,18.869999999999997,0.00045981818181818184
Al_degrader_E6_E5,18.93,0.0005747272727272728
Al_degrader_E6_E5,18.990000000000002,0.0007230909090909091
Al_degrader_E6_E5,19.049999999999997,0.0008831818181818182
Al_degrader_E6_E5,19.11,0.0010831818181818182
Al_degrader_E6_E5,19.17,0.0013076363636363637
Al_degrader_E6_E5,19.229999999999997,0.0015847272727272728
Al_degrader_E6_E5,19.29,0.0019104545454545455
Al_degrader_E6_E5,19.35,0.002236090909090909
Al_degrader_E6_E5,19.409999999999997,0.0026146363636363637
Al_degrader_E6_E5,19.47,0.003079636363636364
Al_degrader_E6_E5,19.53,0.003584727272727273
Al_degrader_E6_E5,19.59,0.004146454545454545
Al_degrader_E6_E5,19.65,0.004674727272727273
Al_degrader_E6_E5,19.71,0.005338545454545454
Al_degrader_E6_E5,19.77,0.006031909090909091
Al_degrader_E6_E5,19.83,0.006718090909090909
Al_degrader_E6_E5,19.89,0.007489
Al_degrader_E6_E5,19.95,0.008253454545454545
Al_degrader_E6_E5,20.009999999999998,0.009051363636363637
Al_degrader_E6_E5,20.07,0.009887909090909091
Al_degrader_E6_E5,20.13,0.010682727272727273
Al_degrader_E6_E5,20.189999999999998,0.011459545454545455
Al_degrader_E6_E5,20.25,0.012296272727272727
Al_degrader_E6_E5,20.31,0.013135818181818183
Al_degrader_E6_E5,20.369999999999997,0.013886818181818182
Al_degrader_E6_E5,20.43,0.014638727272727272
Al_degrader_E6_E5,20.490000000000002,0.015310181818181818
Al_degrader_E6_E5,20.549999999999997,0.016037545454545454
Al_degrader_E6_E5,20.61,0.016614454545454547
Al_degrader_E6_E5,20.67,0.017266
Al_degrader_E6_E5,20.729999999999997,0.017741272727272727
Al_degrader_E6_E5,20.79,0.018250363636363637
Al_degrader_E6_E5,20.85,0.018714181818181817
Al_degrader_E6_E5,20.909999999999997,0.019120545454545456
Al_degrader_E6_E5,20.97,0.019421454545454544
Al_degrader_E6_E5,21.03,0.019776636363636364
Al_degrader_E6_E5,21.089999999999996,0.020056818181818183
Al_degrader_E6_E5,21.15,0.020239363636363635
Al_degrader_E6_E5,21.21,0.020448181818181817
Al_degrader_E6_E5,21.27,0.020653363636363636
Al_degrader_E6_E5,21.33,0.020826636363636363
Al_degrader_E6_E5,21.39,0.020893454545454545
Al_degrader_E6_E5,21.45,0.021032727272727272
Al_degrader_E6_E5,21.509999999999998,0.02102709090909091
Al_degrader_E6_E5,21.57,0.021118181818181817
Al_degrader_E6_E5,21.63,0.021122181818181818
Al_degrader_E6_E5,21.689999999999998,0.021225363636363636
Al_degrader_E6_E5,21.75,0.021059818181818183
Al_degrader_E6_E5,21.81,0.02103318181818182
Al_degrader_E6_E5,21.869999999999997,0.020993818181818183
Al_degrader_E6_E5,21.93,0.020829727272727274
Al_degrader_E6_E5,21.990000000000002,0.020603727272727274
Al_degrader_E6_E5,22.049999999999997,0.020483636363636364
Al_degrader_E6_E5,22.11,0.020185636363636364
Al_degrader_E6_E5,22.17,0.019789363636363636
Al_degrader_E6_E5,22.229999999999997,0.019444727272727273
Al_degrader_E6_E5,22.29,0.01905918181818182
Al_degrader_E6_E5,22.35,0.018524
Al_degrader_E6_E5,22.409999999999997,0.01788490909090909
Al_degrader_E6_E5,22.47,0.017235
Al_degrader_E6_E5,22.53,0.016572363636363635
Al_degrader_E6_E5,22.589999999999996,0.01587190909090909
Al_degrader_E6_E5,22.65,0.014962272727272727
Al_degrader_E6_E5,22.71,0.01406709090909091
Al_degrader_E6_E5,22.77,0.013241181818181819
Al_degrader_E6_E5,22.83,0.012312818181818182
Al_degrader_E6_E5,22.89,0.011312727272727273
Al_degrader_E6_E5,22.95,0.010377090909090909
Al_degrader_E6_E5,23.009999999999998,0.009475545454545455
Al_degrader_E6_E5,23.07,0.008531818181818182
Al_degrader_E6_E5,23.13,0.0075583636363636365
Al_degrader_E6_E5,23.189999999999998,0.006681818181818182
Al_degrader_E6_E5,23.25,0.0059390909090909095
Al_degrader_E6_E5,23.31,0.0051635454545454545
Al_degrader_E6_E5,23.369999999999997,0.0044298181818181815
Al_degrader_E6_E5,23.43,0.0037497272727272726
Al_degrader_E6_E5,23.490000000000002,0.0031864545454545453
Al_degrader_E6_E5,23.549999999999997,0.002671818181818182
Al_degrader_E6_E5,23.61,0.0021972727272727274
Al_degrader_E6_E5,23.67,0.001797
Al_degrader_E6_E5,23.729999999999997,0.0014722727272727272
Al_degrader_E6_E5,23.79,0.0011811818181818182
Al_degrader_E6_E5,23.85,0.0009406363636363637
Al_degrader_E6_E5,23.909999999999997,0.0007350909090909091
Al_degrader_E6_E5,23.97,0.0005732727272727273
Al_degrader_E6_E5,24.03,0.00043309090909090907
Al_degrader_E6_E5,24.089999999999996,0.0003380909090909091
Al_degrader_E6_E5,24.15,0.000246
Al_degrader_E6_E5,24.21,0.00019154545454545455
Al_degrader_E6_E5,24.27,0.00013945454545454545
Al_degrader_E6_E5,24.33,0.000103
Al_degrader_E6_E5,24.39,6.863636363636364e-05
Al_degrader_E6_E5,24.45,5.3454545454545457e-05
Al_degrader_E6_E5,24.509999999999998,3.2727272727272725e-05
Al_degrader_E6_E5,24.57,2.5454545454545454e-05
Al_degrader_E6_E5,24.63,1.7090909090909092e-05
Al_degrader_E6_E5,24.689999999999998,1.0545454545454546e-05
Al_degrader_E6_E5,24.75,8.272727272727272e-06
Al_degrader_E6_E5,24.81,4.818181818181818e-06
Al_degrader_E6_E5,24.869999999999997,3.1818181818181817e-06
Al_degrader_E6_E5,24.93,2e-06
Al_degrader_E6_E5,24.990000000000002,1.5454545454545454e-06
Al_degrader_E6_E5,25.049999999999997,1e-06
Al_degrader_E6_E5,25.11,7.272727272727273e-07
Al_degrader_E6_E5,25.17,1.8181818181818183e-07
Al_degrader_E6_E5,25.229999999999997,4.545454545454545e-07
Al_degrader_E6_E5,25.29,1.8181818181818183e-07
Al_degrader_E6_E5,25.35,0.0
Al_degrader_E6_E5,25.409999999999997,0.0
Al_degrader_E6_E5,25.47,9.090909090909091e-08
Ni11,16.83,3.3333333333333335e-07
Ni11,16.89,3.3333333333333335e-07
Ni11,16.95,3.3333333333333335e-07
Ni11,17.009999999999998,1.3333333333333334e-06
Ni11,17.07,1e-06
Ni11,17.13,2.333333333333333e-06
Ni11,17.189999999999998,2.333333333333333e-06
Ni11,17.25,5.333333333333334e-06
Ni11,17.310000000000002,6e-06
Ni11,17.369999999999997,9.666666666666667e-06
Ni11,17.43,1.7e-05
Ni11,17.490000000000002,1.7666666666666668e-05
Ni11,17.549999999999997,2.4666666666666665e-05
Ni11,17.61,4.566666666666667e-05
Ni11,17.67,5.5333333333333334e-05
Ni11,17.729999999999997,7.133333333333334e-05
Ni11,17.79,0.00010466666666666667
Ni11,17.85,0.00014333333333333334
Ni11,17.909999999999997,0.000184
Ni11,17.97,0.00022833333333333334
Ni11,18.03,0.000324
Ni11,18.09,0.0003933333333333333
Ni11,18.15,0.000537
Ni11,18.21,0.000713
Ni11,18.27,0.0008866666666666667
Ni11,18.33,0.001116
Ni11,18.39,0.0014576666666666666
Ni11,18.45,0.0018286666666666666
Ni11,18.509999999999998,0.002266666666666667
Ni11,18.57,0.0028406666666666667
Ni11,18.63,0.003527
Ni11,18.689999999999998,0.004269
Ni11,18.75,0.005077
Ni11,18.81,0.006160666666666667
Ni11,18.869999999999997,0.007385666666666666
Ni11,18.93,0.008484666666666666
Ni11,18.990000000000002,0.009955
Ni11,19.049999999999997,0.011585333333333333
Ni11,19.11,0.013408
Ni11,19.17,0.014933
Ni11,19.229999999999997,0.01708
Ni11,19.29,0.019242333333333334
Ni11,19.35,0.021112
Ni11,19.409999999999997,0.023230333333333332
Ni11,19.47,0.025368333333333333
Ni11,19.53,0.027557666666666668
Ni11,19.59,0.029421666666666665
Ni11,19.65,0.03127933333333333
Ni11,19.71,0.03299666666666667
Ni11,19.77,0.034302
Ni11,19.83,0.035560666666666664
Ni11,19.89,0.036591
Ni11,19.95,0.037152
Ni11,20.009999999999998,0.037628
Ni11,20.07,0.03760566666666667
Ni11,20.13,0.037063
Ni11,20.189999999999998,0.036531
Ni11,20.25,0.035553
Ni11,20.31,0.03426866666666667
Ni11,20.369999999999997,0.03300666666666666
Ni11,20.43,0.031155
Ni11,20.490000000000002,0.029242333333333332
Ni11,20.549999999999997,0.027278666666666666
Ni11,20.61,0.024877333333333335
Ni11,20.67,0.022896666666666666
Ni11,20.729999999999997,0.020703666666666665
Ni11,20.79,0.018550666666666667
Ni11,20.85,0.016435
Ni11,20.909999999999997,0.014521
Ni11,20.97,0.012565666666666666
Ni11,21.03,0.010764333333333334
Ni11,21.089999999999996,0.009357333333333334
Ni11,21.15,0.007792
Ni11,21.21,0.006502333333333333
Ni11,21.27,0.005495333333333333
Ni11,21.33,0.004501666666666667
Ni11,21.39,0.003647
Ni11,21.45,0.002956
Ni11,21.509999999999998,0.002373333333333333
Ni11,21.57,0.0018256666666666666
Ni11,21.63,0.0014373333333333334
Ni11,21.689999999999998,0.001164
Ni11,21.75,0.0008716666666666666
Ni11,21.81,0.0006486666666666666
Ni11,21.869999999999997,0.000523
Ni11,21.93,0.0003643333333333333
Ni11,21.990000000000002,0.0002613333333333333
Ni11,22.049999999999997,0.000207
Ni11,22.11,0.00013266666666666667
Ni11,22.17,0.0001
Ni11,22.229999999999997,7.266666666666667e-05
Ni11,22.29,5.066666666666667e-05
Ni11,22.35,3.2e-05
Ni11,22.409999999999997,2.3666666666666668e-05
Ni11,22.47,1.7e-05
Ni11,22.53,9.666666666666667e-06
Ni11,22.589999999999996,8.333333333333334e-06
Ni11,22.65,4.333333333333333e-06
Ni11,22.71,3.6666666666666666e-06
Ni11,22.77,3.3333333333333333e-06
Ni11,22.83,1e-06
Ni11,22.89,1.3333333333333334e-06
Ni11,22.95,6.666666666666667e-07
Ni11,23.009999999999998,3.3333333333333335e-07
Ni11,23.07,0.0
Ni11,23.13,0.0
Ni11,23.189999999999998,3.3333333333333335e-07
Sn11,16.71,3.3333333333333335e-07
Sn11,16.77,6.666666666666667e-07
Sn11,16.83,1e-06
Sn11,16.89,1.6666666666666667e-06
Sn11,16.95,2.333333333333333e-06
Sn11,17.009999999999998,4e-06
Sn11,17.07,5e-06
Sn11,17.13,7.666666666666667e-06
Sn11,17.189999999999998,1e-05
Sn11,17.25,1.5666666666666667e-05
Sn11,17.310000000000002,2.4e-05
Sn11,17.369999999999997,3.3e-05
Sn11,17.43,4.3333333333333334e-05
Sn11,17.490000000000002,6.566666666666667e-05
Sn11,17.549999999999997,8.966666666666667e-05
Sn11,17.61,0.000124
Sn11,17.67,0.00016333333333333334
Sn11,17.729999999999997,0.00021933333333333334
Sn11,17.79,0.00028766666666666665
Sn11,17.85,0.00036866666666666667
Sn11,17.909999999999997,0.0004716666666666667
Sn11,17.97,0.00059
Sn11,18.03,0.0007926666666666667
Sn11,18.09,0.001036
Sn11,18.15,0.0013733333333333334
Sn11,18.21,0.0017046666666666666
Sn11,18.27,0.002131
Sn11,18.33,0.0026523333333333334
Sn11,18.39,0.003323
Sn11,18.45,0.004073666666666666
Sn11,18.509999999999998,0.005027333333333333
Sn11,18.57,0.006059333333333333
Sn11,18.63,0.007188666666666667
Sn11,18.689999999999998,0.008468333333333333
Sn11,18.75,0.009905333333333334
Sn11,18.81,0.011589333333333333
Sn11,18.869999999999997,0.013219333333333333
Sn11,18.93,0.015054666666666666
Sn11,18.990000000000002,0.017172666666666666
Sn11,19.049999999999997,0.019289
Sn11,19.11,0.021563
Sn11,19.17,0.023779333333333333
Sn11,19.229999999999997,0.026016666666666667
Sn11,19.29,0.028128666666666666
Sn11,19.35,0.030104666666666665
Sn11,19.409999999999997,0.03204233333333333
Sn11,19.47,0.033836333333333336
Sn11,19.53,0.035362333333333336
Sn11,19.59,0.036485333333333335
Sn11,19.65,0.037408666666666666
Sn11,19.71,0.037886
Sn11,19.77,0.038117
Sn11,19.83,0.038247666666666666
Sn11,19.89,0.03796566666666667
Sn11,19.95,0.037373
Sn11,20.009999999999998,0.03625233333333333
Sn11,20.07,0.03465533333333334
Sn11,20.13,0.032813666666666665
Sn11,20.189999999999998,0.030977666666666667
Sn11,20.25,0.029003333333333332
Sn11,20.31,0.027099666666666668
Sn11,20.369999999999997,0.024948333333333333
Sn11,20.43,0.022513333333333333
Sn11,20.490000000000002,0.020237333333333333
Sn11,20.549999999999997,0.017852666666666666
Sn11,20.61,0.015697666666666665
Sn11,20.67,0.013725666666666667
Sn11,20.729999999999997,0.011813666666666667
Sn11,20.79,0.010113666666666667
Sn11,20.85,0.008668333333333333
Sn11,20.909999999999997,0.007325
Sn11,20.97,0.006069333333333334
Sn11,21.03,0.004961
Sn11,21.089999999999996,0.004014333333333333
Sn11,21.15,0.003174
Sn11,21.21,0.002574
Sn11,21.27,0.0020426666666666666
Sn11,21.33,0.0016136666666666667
Sn11,21.39,0.0012696666666666668
Sn11,21.45,0.000983
Sn11,21.509999999999998,0.0007263333333333333
Sn11,21.57,0.00055
Sn11,21.63,0.000405
Sn11,21.689999999999998,0.0002916666666666667
Sn11,21.75,0.00021
Sn11,21.81,0.000158
Sn11,21.869999999999997,0.000111
Sn11,21.93,7.366666666666666e-05
Sn11,21.990000000000002,5.5333333333333334e-05
Sn11,22.049999999999997,3.5333333333333336e-05
Sn11,22.11,2.6e-05
Sn11,22.17,1.5333333333333334e-05
Sn11,22.229999999999997,1.0333333333333333e-05
Sn11,22.29,9.333333333333333e-06
Sn11,22.35,5.333333333333334e-06
Sn11,22.409999999999997,4.666666666666666e-06
Sn11,22.47,3e-06
Sn11,22.53,2.333333333333333e-06
Sn11,22.589999999999996,1e-06
Sn11,22.65,0.0
Sn11,22.71,3.3333333333333335e-07
Sn11,22.77,3.3333333333333335e-07
Sn11,22.83,3.3333333333333335e-07
Ta11,16.35,3.3333333333333335e-07
Ta11,16.409999999999997,3.3333333333333335e-07
Ta11,16.47,3.3333333333333335e-07
Ta11,16.53,1.3333333333333334e-06
Ta11,16.59,1.3333333333333334e-06
Ta11,16.65,2.333333333333333e-06
Ta11,16.71,2.666666666666667e-06
Ta11,16.77,5.666666666666667e-06
Ta11,16.83,6.333333333333333e-06
Ta11,16.89,8.333333333333334e-06
Ta11,16.95,1.8333333333333333e-05
Ta11,17.009999999999998,1.8e-05
Ta11,17.07,2.5e-05
Ta11,17.13,4.8333333333333334e-05
Ta11,17.189999999999998,5.3666666666666666e-05
Ta11,17.25,7.266666666666667e-05
Ta11,17.310000000000002,0.00011033333333333334
Ta11,17.369999999999997,0.000138
Ta11,17.43,0.00018766666666666666
Ta11,17.490000000000002,0.00024133333333333334
Ta11,17.549999999999997,0.00031033333333333336
Ta11,17.61,0.000394
Ta11,17.67,0.0005263333333333333
Ta11,17.729999999999997,0.0006883333333333333
Ta11,17.79,0.00087
Ta11,17.85,0.0011126666666666668
Ta11,17.909999999999997,0.0014176666666666667
Ta11,17.97,0.0017783333333333334
Ta11,18.03,0.002216
Ta11,18.09,0.002786
Ta11,18.15,0.003435
Ta11,18.21,0.004148666666666667
Ta11,18.27,0.004969333333333333
Ta11,18.33,0.005951666666666667
Ta11,18.39,0.007173666666666667
Ta11,18.45,0.008389666666666667
Ta11,18.509999999999998,0.009704333333333334
Ta11,18.57,0.011247
Ta11,18.63,0.013002333333333333
Ta11,18.689999999999998,0.014596666666666668
Ta11,18.75,0.016659666666666666
Ta11,18.81,0.018682333333333332
Ta11,18.869999999999997,0.020623666666666665
Ta11,18.93,0.022813
Ta11,18.990000000000002,0.024852666666666665
Ta11,19.049999999999997,0.026915666666666668
Ta11,19.11,0.028952666666666668
Ta11,19.17,0.030772333333333332
Ta11,19.229999999999997,0.032454
Ta11,19.29,0.033908
Ta11,19.35,0.03499
Ta11,19.409999999999997,0.03628066666666667
Ta11,19.47,0.036847333333333336
Ta11,19.53,0.037171333333333334
Ta11,19.59,0.037435
Ta11,19.65,0.037061
Ta11,19.71,0.036465333333333336
Ta11,19.77,0.035666333333333335
Ta11,19.83,0.034508333333333335
Ta11,19.89,0.033121
Ta11,19.95,0.031433666666666665
Ta11,20.009999999999998,0.02969
Ta11,20.07,0.027643666666666667
Ta11,20.13,0.025452333333333334
Ta11,20.189999999999998,0.023371
Ta11,20.25,0.021241666666666666
Ta11,20.31,0.019178333333333332
Ta11,20.369999999999997,0.016980333333333333
Ta11,20.43,0.014955
Ta11,20.490000000000002,0.013120333333333333
Ta11,20.549999999999997,0.011248
Ta11,20.61,0.009722666666666666
Ta11,20.67,0.008275
Ta11,20.729999999999997,0.006932666666666667
Ta11,20.79,0.005806
Ta11,20.85,0.004807
Ta11,20.909999999999997,0.003944
Ta11,20.97,0.0031663333333333335
Ta11,21.03,0.002557
Ta11,21.089999999999996,0.0020006666666666667
Ta11,21.15,0.0015663333333333334
Ta11,21.21,0.0012706666666666667
Ta11,21.27,0.0009886666666666668
Ta11,21.33,0.0007376666666666666
Ta11,21.39,0.0005646666666666667
Ta11,21.45,0.00043033333333333335
Ta11,21.509999999999998,0.0002846666666666667
Ta11,21.57,0.000245
Ta11,21.63,0.00015733333333333333
Ta11,21.689999999999998,0.00011433333333333334
Ta11,21.75,8.533333333333334e-05
Ta11,21.81,6.0333333333333334e-05
Ta11,21.869999999999997,4e-05
Ta11,21.93,2.6666666666666667e-05
Ta11,21.990000000000002,2.1333333333333335e-05
Ta11,22.049999999999997,1.1666666666666666e-05
Ta11,22.11,9e-06
Ta11,22.17,7.333333333333333e-06
Ta11,22.229999999999997,3e-06
Ta11,22.29,4.333333333333333e-06
Ta11,22.35,1.6666666666666667e-06
Ta11,22.409999999999997,1.6666666666666667e-06
Ta11,22.47,6.666666666666667e-07
Ta11,22.53,3.3333333333333335e-07
Ta11,22.589999999999996,3.3333333333333335e-07
Ta11,22.65,0.0
Ta11,22.71,3.3333333333333335e-07
Cu11,15.93,3.3333333333333335e-07
Cu11,15.989999999999998,3.3333333333333335e-07
Cu11,16.049999999999997,3.3333333333333335e-07
Cu11,16.11,1.3333333333333334e-06
Cu11,16.17,1e-06
Cu11,16.229999999999997,2e-06
Cu11,16.29,2e-06
Cu11,16.35,5.666666666666667e-06
Cu11,16.409999999999997,6e-06
Cu11,16.47,6.666666666666667e-06
Cu11,16.53,1.7e-05
Cu11,16.59,1.633333333333333e-05
Cu11,16.65,2.0666666666666666e-05
Cu11,16.71,4e-05
Cu11,16.77,4.8666666666666666e-05
Cu11,16.83,6.366666666666666e-05
Cu11,16.89,8.9e-05
Cu11,16.95,0.000127
Cu11,17.009999999999998,0.00015833333333333332
Cu11,17.07,0.00019666666666666666
Cu11,17.13,0.0002646666666666667
Cu11,17.189999999999998,0.00033633333333333334
Cu11,17.25,0.00044466666666666667
Cu11,17.310000000000002,0.000575
Cu11,17.369999999999997,0.0007603333333333333
Cu11,17.43,0.0009246666666666666
Cu11,17.490000000000002,0.0011836666666666666
Cu11,17.549999999999997,0.001519
Cu11,17.61,0.0018676666666666666
Cu11,17.67,0.002293
Cu11,17.729999999999997,0.0028883333333333335
Cu11,17.79,0.0035443333333333334
Cu11,17.85,0.0042313333333333335
Cu11,17.909999999999997,0.005058333333333333
Cu11,17.97,0.006047
Cu11,18.03,0.007223
Cu11,18.09,0.008349666666666667
Cu11,18.15,0.009636333333333334
Cu11,18.21,0.011251333333333334
Cu11,18.27,0.012926666666666666
Cu11,18.33,0.014369
Cu11,18.39,0.016416
Cu11,18.45,0.018439666666666667
Cu11,18.509999999999998,0.020191666666666667
Cu11,18.57,0.022266333333333332
Cu11,18.63,0.024285666666666667
Cu11,18.689999999999998,0.026287
Cu11,18.75,0.028211666666666666
Cu11,18.81,0.029928333333333335
Cu11,18.869999999999997,0.03172933333333333
Cu11,18.93,0.033069666666666664
Cu11,18.990000000000002,0.03416466666666667
Cu11,19.049999999999997,0.035292
Cu11,19.11,0.03608566666666667
Cu11,19.17,0.036424333333333336
Cu11,19.229999999999997,0.036809
Cu11,19.29,0.03648266666666666
Cu11,19.35,0.035838
Cu11,19.409999999999997,0.03536533333333333
Cu11,19.47,0.034208333333333334
Cu11,19.53,0.032855666666666665
Cu11,19.59,0.031612666666666664
Cu11,19.65,0.029818666666666667
Cu11,19.71,0.027793333333333333
Cu11,19.77,0.025992
Cu11,19.83,0.023785
Cu11,19.89,0.021719
Cu11,19.95,0.019796333333333332
Cu11,20.009999999999998,0.017616666666666666
Cu11,20.07,0.015649333333333335
Cu11,20.13,0.013838666666666668
Cu11,20.189999999999998,0.011951
Cu11,20.25,0.010321333333333333
Cu11,20.31,0.008981666666666667
Cu11,20.369999999999997,0.007531
Cu11,20.43,0.00628
Cu11,20.490000000000002,0.005343666666666667
Cu11,20.549999999999997,0.004414
Cu11,20.61,0.0035343333333333333
Cu11,20.67,0.002903666666666667
Cu11,20.729999999999997,0.002364666666666667
Cu11,20.79,0.0018166666666666667
Cu11,20.85,0.0014396666666666666
Cu11,20.909999999999997,0.001168
Cu11,20.97,0.000902
Cu11,21.03,0.0006463333333333333
Cu11,21.089999999999996,0.000541
Cu11,21.15,0.0003913333333333333
Cu11,21.21,0.00026
Cu11,21.27,0.00022766666666666668
Cu11,21.33,0.00015166666666666668
Cu11,21.39,0.000101
Cu11,21.45,8.333333333333333e-05
Cu11,21.509999999999998,5.466666666666667e-05
Cu11,21.57,3.633333333333333e-05
Cu11,21.63,2.6e-05
Cu11,21.689999999999998,2.1e-05
Cu11,21.75,1e-05
Cu11,21.81,1e-05
Cu11,21.869999999999997,6.333333333333333e-06
Cu11,21.93,3e-06
Cu11,21.990000000000002,3.6666666666666666e-06
Cu11,22.049999999999997,1.6666666666666667e-06
Cu11,22.11,1.6666666666666667e-06
Cu11,22.17,3.3333333333333335e-07
Cu11,22.229999999999997,6.666666666666667e-07
Cu11,22.29,3.3333333333333335e-07
Cu11,22.35,0.0
Cu11,22.409999999999997,3.3333333333333335e-07
Al_degrader_E8_E7,12.329999999999998,6.666666666666667e-08
Al_degrader_E8_E7,12.39,0.0
Al_degrader_E8_E7,12.45,6.666666666666667e-08
Al_degrader_E8_E7,12.51,0.0
Al_degrader_E8_E7,12.57,6.666666666666667e-08
Al_degrader_E8_E7,12.629999999999999,3.3333333333333335e-07
Al_degrader_E8_E7,12.69,1.3333333333333334e-07
Al_degrader_E8_E7,12.75,3.3333333333333335e-07
Al_degrader_E8_E7,12.809999999999999,2.6666666666666667e-07
Al_degrader_E8_E7,12.870000000000001,8.666666666666667e-07
Al_degrader_E8_E7,12.93,7.333333333333333e-07
Al_degrader_E8_E7,12.989999999999998,9.333333333333333e-07
Al_degrader_E8_E7,13.05,1.2e-06
Al_degrader_E8_E7,13.11,2.333333333333333e-06
Al_degrader_E8_E7,13.169999999999998,2.8666666666666666e-06
Al_degrader_E8_E7,13.23,3.3333333333333333e-06
Al_degrader_E8_E7,13.29,4.066666666666667e-06
Al_degrader_E8_E7,13.35,7.466666666666667e-06
Al_degrader_E8_E7,13.41,8.6e-06
Al_degrader_E8_E7,13.469999999999999,1.0466666666666666e-05
Al_degrader_E8_E7,13.53,1.2266666666666667e-05
Al_degrader_E8_E7,13.59,1.9133333333333332e-05
Al_degrader_E8_E7,13.649999999999999,2.3533333333333334e-05
Al_degrader_E8_E7,13.71,2.94e-05
Al_degrader_E8_E7,13.77,3.3866666666666665e-05
Al_degrader_E8_E7,13.829999999999998,4.42e-05
Al_degrader_E8_E7,13.89,5.746666666666667e-05
Al_degrader_E8_E7,13.95,6.746666666666666e-05
Al_degrader_E8_E7,14.009999999999998,8.813333333333334e-05
Al_degrader_E8_E7,14.07,0.0001082
Al_degrader_E8_E7,14.129999999999999,0.00014213333333333334
Al_degrader_E8_E7,14.19,0.0001632
Al_degrader_E8_E7,14.25,0.00020233333333333334
Al_degrader_E8_E7,14.309999999999999,0.000257
Al_degrader_E8_E7,14.37,0.00031066666666666666
Al_degrader_E8_E7,14.43,0.0003626
Al_degrader_E8_E7,14.489999999999998,0.00044686666666666667
Al_degrader_E8_E7,14.55,0.0005442666666666667
Al_degrader_E8_E7,14.61,0.000645
Al_degrader_E8_E7,14.669999999999998,0.0007658
Al_degrader_E8_E7,14.73,0.0008852666666666666
Al_degrader_E8_E7,14.79,0.0010504666666666666
Al_degrader_E8_E7,14.85,0.0012385333333333334
Al_degrader_E8_E7,14.91,0.0014467333333333333
Al_degrader_E8_E7,14.969999999999999,0.0016322
Al_degrader_E8_E7,15.03,0.0018815333333333333
Al_degrader_E8_E7,15.09,0.0021844
Al_degrader_E8_E7,15.149999999999999,0.0025050666666666666
Al_degrader_E8_E7,15.21,0.0027888
Al_degrader_E8_E7,15.27,0.0031555333333333335
Al_degrader_E8_E7,15.329999999999998,0.0035649333333333333
Al_degrader_E8_E7,15.39,0.004010466666666667
Al_degrader_E8_E7,15.45,0.004397066666666667
Al_degrader_E8_E7,15.509999999999998,0.004884533333333333
Al_degrader_E8_E7,15.57,0.0053734
Al_degrader_E8_E7,15.629999999999999,0.0059432
Al_degrader_E8_E7,15.69,0.006442266666666667
Al_degrader_E8_E7,15.75,0.0069956666666666665
Al_degrader_E8_E7,15.809999999999999,0.0075564
Al_degrader_E8_E7,15.87,0.008202533333333333
Al_degrader_E8_E7,15.93,0.008707666666666667
Al_degrader_E8_E7,15.989999999999998,0.009305733333333333
Al_degrader_E8_E7,16.049999999999997,0.009935066666666667
Al_degrader_E8_E7,16.11,0.010565133333333334
Al_degrader_E8_E7,16.17,0.011066666666666667
Al_degrader_E8_E7,16.229999999999997,0.011681066666666667
Al_degrader_E8_E7,16.29,0.012261666666666667
Al_degrader_E8_E7,16.35,0.012796266666666667
Al_degrader_E8_E7,16.409999999999997,0.013256533333333334
Al_degrader_E8_E7,16.47,0.013809933333333333
Al_degrader_E8_E7,16.53,0.014306466666666667
Al_degrader_E8_E7,16.59,0.0146862
Al_degrader_E8_E7,16.65,0.0151416
Al_degrader_E8_E7,16.71,0.015518
Al_degrader_E8_E7,16.77,0.0159662
Al_degrader_E8_E7,16.83,0.016192066666666668
Al_degrader_E8_E7,16.89,0.016537466666666667
Al_degrader_E8_E7,16.95,0.016822666666666666
Al_degrader_E8_E7,17.009999999999998,0.017099933333333334
Al_degrader_E8_E7,17.07,0.017257066666666668
Al_degrader_E8_E7,17.13,0.017522266666666668
Al_degrader_E8_E7,17.189999999999998,0.017722066666666668
Al_degrader_E8_E7,17.25,0.017815066666666667
Al_degrader_E8_E7,17.310000000000002,0.0180028
Al_degrader_E8_E7,17.369999999999997,0.0180938
Al_degrader_E8_E7,17.43,0.0182818
Al_degrader_E8_E7,17.490000000000002,0.0182694
Al_degrader_E8_E7,17.549999999999997,0.018400933333333334
Al_degrader_E8_E7,17.61,0.0184426
Al_degrader_E8_E7,17.67,0.018479466666666666
Al_degrader_E8_E7,17.729999999999997,0.0184776
Al_degrader_E8_E7,17.79,0.018481666666666667
Al_degrader_E8_E7,17.85,0.018522066666666667
Al_degrader_E8_E7,17.909999999999997,0.018416933333333333
Al_degrader_E8_E7,17.97,0.018377266666666666
Al_degrader_E8_E7,18.03,0.018266533333333335
Al_degrader_E8_E7,18.09,0.0181618
Al_degrader_E8_E7,18.15,0.0179882
Al_degrader_E8_E7,18.21,0.017795466666666666
Al_degrader_E8_E7,18.27,0.0176284
Al_degrader_E8_E7,18.33,0.017312733333333333
Al_degrader_E8_E7,18.39,0.017055933333333332
Al_degrader_E8_E7,18.45,0.016664666666666668
Al_degrader_E8_E7,18.509999999999998,0.016295066666666667
Al_degrader_E8_E7,18.57,0.015891466666666666
Al_degrader_E8_E7,18.63,0.015356
Al_degrader_E8_E7,18.689999999999998,0.0148556
Al_degrader_E8_E7,18.75,0.014302066666666667
Al_degrader_E8_E7,18.81,0.013727466666666667
Al_degrader_E8_E7,18.869999999999997,0.0130556
Al_degrader_E8_E7,18.93,0.012398133333333334
Al_degrader_E8_E7,18.990000000000002,0.0117138
Al_degrader_E8_E7,19.049999999999997,0.010995666666666667
Al_degrader_E8_E7,19.11,0.010251866666666666
Al_degrader_E8_E7,19.17,0.009587733333333332
Al_degrader_E8_E7,19.229999999999997,0.008813133333333334
Al_degrader_E8_E7,19.29,0.008080466666666666
Al_degrader_E8_E7,19.35,0.0073792
Al_degrader_E8_E7,19.409999999999997,0.0066886666666666665
Al_degrader_E8_E7,19.47,0.005981933333333333
Al_degrader_E8_E7,19.53,0.005382866666666666
Al_degrader_E8_E7,19.59,0.004785666666666666
Al_degrader_E8_E7,19.65,0.004187533333333333
Al_degrader_E8_E7,19.71,0.0036756666666666665
Al_degrader_E8_E7,19.77,0.0031973333333333333
Al_degrader_E8_E7,19.83,0.0027288
Al_degrader_E8_E7,19.89,0.002314333333333333
Al_degrader_E8_E7,19.95,0.0020069333333333334
Al_degrader_E8_E7,20.009999999999998,0.0016703333333333333
Al_degrader_E8_E7,20.07,0.0013741333333333334
Al_degrader_E8_E7,20.13,0.0011668
Al_degrader_E8_E7,20.189999999999998,0.0009542
Al_degrader_E8_E7,20.25,0.000768
Al_degrader_E8_E7,20.31,0.0006224666666666667
Al_degrader_E8_E7,20.369999999999997,0.0005046666666666667
Al_degrader_E8_E7,20.43,0.00039
Al_degrader_E8_E7,20.490000000000002,0.0003014
Al_degrader_E8_E7,20.549999999999997,0.000253
Al_degrader_E8_E7,20.61,0.00018813333333333334
Al_degrader_E8_E7,20.67,0.00013793333333333334
Al_degrader_E8_E7,20.729999999999997,0.0001168
Al_degrader_E8_E7,20.79,8.266666666666667e-05
Al_degrader_E8_E7,20.85,5.68e-05
Al_degrader_E8_E7,20.909999999999997,4.72e-05
Al_degrader_E8_E7,20.97,3.426666666666667e-05
Al_degrader_E8_E7,21.03,2.12e-05
Al_degrader_E8_E7,21.089999999999996,1.82e-05
Al_degrader_E8_E7,21.15,1.24e-05
Al_degrader_E8_E7,21.21,7.733333333333333e-06
Al_degrader_E8_E7,21.27,6.133333333333334e-06
Al_degrader_E8_E7,21.33,4.2e-06
Al_degrader_E8_E7,21.39,2.666666666666667e-06
Al_degrader_E8_E7,21.45,1.933333333333333e-06
Al_degrader_E8_E7,21.509999999999998,1.5333333333333334e-06
Al_degrader_E8_E7,21.57,6.666666666666667e-07
Al_degrader_E8_E7,21.63,6e-07
Al_degrader_E8_E7,21.689999999999998,7.333333333333333e-07
Al_degrader_E8_E7,21.75,1.3333333333333334e-07
Al_degrader_E8_E7,21.81,2.6666666666666667e-07
Al_degrader_E8_E7,21.869999999999997,1.3333333333333334e-07
Al_degrader_E8_E7,21.93,6.666666666666667e-08
Al_degrader_E8_E7,21.990000000000002,0.0
Al_degrader_E8_E7,22.049999999999997,0.0
Al_degrader_E8_E7,22.11,6.666666666666667e-08
Ni12,11.79,3.3333333333333335e-07
Ni12,11.85,0.0
Ni12,11.91,3.3333333333333335e-07
Ni12,11.969999999999999,3.3333333333333335e-07
Ni12,12.03,6.666666666666667e-07
Ni12,12.09,1.3333333333333334e-06
Ni12,12.149999999999999,1.3333333333333334e-06
Ni12,12.21,1.3333333333333334e-06
Ni12,12.27,1.3333333333333334e-06
Ni12,12.329999999999998,4.666666666666666e-06
Ni12,12.39,4.333333333333333e-06
Ni12,12.45,4.666666666666666e-06
Ni12,12.51,6.666666666666667e-06
Ni12,12.57,1.2e-05
Ni12,12.629999999999999,1.4e-05
Ni12,12.69,1.5666666666666667e-05
Ni12,12.75,2.1e-05
Ni12,12.809999999999999,3.633333333333333e-05
Ni12,12.870000000000001,4.1666666666666665e-05
Ni12,12.93,4.8e-05
Ni12,12.989999999999998,5.8e-05
Ni12,13.05,8.866666666666666e-05
Ni12,13.11,0.00010833333333333333
Ni12,13.169999999999998,0.00013633333333333333
Ni12,13.23,0.00015633333333333333
Ni12,13.29,0.000193
Ni12,13.35,0.00026333333333333336
Ni12,13.41,0.000293
Ni12,13.469999999999999,0.000388
Ni12,13.53,0.0004786666666666667
Ni12,13.59,0.0006083333333333333
Ni12,13.649999999999999,0.0007036666666666667
Ni12,13.71,0.0008523333333333333
Ni12,13.77,0.001064
Ni12,13.829999999999998,0.0012806666666666667
Ni12,13.89,0.001556
Ni12,13.95,0.001811
Ni12,14.009999999999998,0.0021806666666666667
Ni12,14.07,0.002638
Ni12,14.129999999999999,0.0031253333333333333
Ni12,14.19,0.0035986666666666667
Ni12,14.25,0.004157
Ni12,14.309999999999999,0.004876
Ni12,14.37,0.005627
Ni12,14.43,0.006470666666666666
Ni12,14.489999999999998,0.007226333333333334
Ni12,14.55,0.008251666666666666
Ni12,14.61,0.009331333333333334
Ni12,14.669999999999998,0.010642
Ni12,14.73,0.011578
Ni12,14.79,0.012926
Ni12,14.85,0.014215666666666666
Ni12,14.91,0.015853666666666665
Ni12,14.969999999999999,0.017095333333333334
Ni12,15.03,0.018466333333333335
Ni12,15.09,0.019918666666666668
Ni12,15.149999999999999,0.021534666666666667
Ni12,15.21,0.022912
Ni12,15.27,0.024257333333333332
Ni12,15.329999999999998,0.025487
Ni12,15.39,0.026798666666666665
Ni12,15.45,0.027849666666666665
Ni12,15.509999999999998,0.028625
Ni12,15.57,0.029632
Ni12,15.629999999999999,0.030329333333333333
Ni12,15.69,0.030840666666666666
Ni12,15.75,0.031068
Ni12,15.809999999999999,0.03139733333333333
Ni12,15.87,0.03131866666666667
Ni12,15.93,0.030881333333333334
Ni12,15.989999999999998,0.030561666666666668
Ni12,16.049999999999997,0.029908
Ni12,16.11,0.029233333333333333
Ni12,16.17,0.028166333333333335
Ni12,16.229999999999997,0.027342666666666668
Ni12,16.29,0.025988
Ni12,16.35,0.024702666666666668
Ni12,16.409999999999997,0.023223333333333332
Ni12,16.47,0.021749
Ni12,16.53,0.020155333333333334
Ni12,16.59,0.018738
Ni12,16.65,0.017218666666666667
Ni12,16.71,0.015651
Ni12,16.77,0.014126
Ni12,16.83,0.012857333333333333
Ni12,16.89,0.011339
Ni12,16.95,0.009999
Ni12,17.009999999999998,0.008837666666666667
Ni12,17.07,0.007861666666666666
Ni12,17.13,0.006710666666666667
Ni12,17.189999999999998,0.00573
Ni12,17.25,0.004979
Ni12,17.310000000000002,0.004269333333333333
Ni12,17.369999999999997,0.003598333333333333
Ni12,17.43,0.002961333333333333
Ni12,17.490000000000002,0.002516
Ni12,17.549999999999997,0.0020766666666666668
Ni12,17.61,0.0016783333333333333
Ni12,17.67,0.0013093333333333334
Ni12,17.729999999999997,0.001137
Ni12,17.79,0.0008983333333333333
Ni12,17.85,0.0007153333333333333
Ni12,17.909999999999997,0.000564
Ni12,17.97,0.00045566666666666667
Ni12,18.03,0.0003406666666666667
Ni12,18.09,0.0002463333333333333
Ni12,18.15,0.00021166666666666667
Ni12,18.21,0.00015566666666666666
Ni12,18.27,0.00010633333333333333
Ni12,18.33,8.633333333333334e-05
Ni12,18.39,6.3e-05
Ni12,18.45,4.8666666666666666e-05
Ni12,18.509999999999998,3.1333333333333334e-05
Ni12,18.57,2.5e-05
Ni12,18.63,1.7666666666666668e-05
Ni12,18.689999999999998,1.2666666666666667e-05
Ni12,18.75,8e-06
Ni12,18.81,7.666666666666667e-06
Ni12,18.869999999999997,3.6666666666666666e-06
Ni12,18.93,3.6666666666666666e-06
Ni12,18.990000000000002,3e-06
Ni12,19.049999999999997,2e-06
Ni12,19.11,1e-06
Ni12,19.17,6.666666666666667e-07
Ni12,19.229999999999997,6.666666666666667e-07
Ni12,19.29,3.3333333333333335e-07
Ni12,19.35,0.0
Ni12,19.409999999999997,0.0
Ni12,19.47,3.3333333333333335e-07
Sn12,11.61,3.3333333333333335e-07
Sn12,11.669999999999998,3.3333333333333335e-07
Sn12,11.73,3.3333333333333335e-07
Sn12,11.79,3.3333333333333335e-07
Sn12,11.85,6.666666666666667e-07
Sn12,11.91,2e-06
Sn12,11.969999999999999,2e-06
Sn12,12.03,3e-06
Sn12,12.09,3.3333333333333333e-06
Sn12,12.149999999999999,5.666666666666667e-06
Sn12,12.21,5e-06
Sn12,12.27,7e-06
Sn12,12.329999999999998,1.1666666666666666e-05
Sn12,12.39,1.5666666666666667e-05
Sn12,12.45,1.8333333333333333e-05
Sn12,12.51,2.5333333333333334e-05
Sn12,12.57,3.1333333333333334e-05
Sn12,12.629999999999999,4.3666666666666666e-05
Sn12,12.69,5.8e-05
Sn12,12.75,7.366666666666666e-05
Sn12,12.809999999999999,9.666666666666667e-05
Sn12,12.870000000000001,0.00011533333333333334
Sn12,12.93,0.000152
Sn12,12.989999999999998,0.00018166666666666667
Sn12,13.05,0.00023833333333333334
Sn12,13.11,0.00027866666666666665
Sn12,13.169999999999998,0.000343
Sn12,13.23,0.0004043333333333333
Sn12,13.29,0.0004953333333333333
Sn12,13.35,0.000637
Sn12,13.41,0.0007786666666666667
Sn12,13.469999999999999,0.0009826666666666666
Sn12,13.53,0.0011916666666666666
Sn12,13.59,0.0014323333333333334
Sn12,13.649999999999999,0.001727
Sn12,13.71,0.0020366666666666667
Sn12,13.77,0.0024416666666666666
Sn12,13.829999999999998,0.0028896666666666667
Sn12,13.89,0.003436
Sn12,13.95,0.004033666666666666
Sn12,14.009999999999998,0.004742
Sn12,14.07,0.005462
Sn12,14.129999999999999,0.0062503333333333334
Sn12,14.19,0.007094666666666667
Sn12,14.25,0.008091
Sn12,14.309999999999999,0.009228333333333333
Sn12,14.37,0.010288333333333333
Sn12,14.43,0.0115
Sn12,14.489999999999998,0.012749333333333333
Sn12,14.55,0.014159666666666666
Sn12,14.61,0.015618
Sn12,14.669999999999998,0.017199
Sn12,14.73,0.018590666666666665
Sn12,14.79,0.020208
Sn12,14.85,0.021634333333333332
Sn12,14.91,0.023115666666666666
Sn12,14.969999999999999,0.024475
Sn12,15.03,0.025787
Sn12,15.09,0.02711066666666667
Sn12,15.149999999999999,0.028303666666666668
Sn12,15.21,0.029356666666666666
Sn12,15.27,0.030211333333333333
Sn12,15.329999999999998,0.030811333333333333
Sn12,15.39,0.031137
Sn12,15.45,0.03147766666666667
Sn12,15.509999999999998,0.03163733333333334
Sn12,15.57,0.031766
Sn12,15.629999999999999,0.03158266666666667
Sn12,15.69,0.031224
Sn12,15.75,0.030516
Sn12,15.809999999999999,0.029684666666666668
Sn12,15.87,0.028576666666666667
Sn12,15.93,0.027284666666666665
Sn12,15.989999999999998,0.026089333333333332
Sn12,16.049999999999997,0.024616333333333334
Sn12,16.11,0.023333333333333334
Sn12,16.17,0.021878333333333333
Sn12,16.229999999999997,0.020356333333333334
Sn12,16.29,0.018720666666666667
Sn12,16.35,0.017021666666666668
Sn12,16.409999999999997,0.015396666666666666
Sn12,16.47,0.013892333333333333
Sn12,16.53,0.012404666666666666
Sn12,16.59,0.01105
Sn12,16.65,0.009713666666666667
Sn12,16.71,0.008534333333333333
Sn12,16.77,0.0074793333333333335
Sn12,16.83,0.006513333333333334
Sn12,16.89,0.005574
Sn12,16.95,0.004756666666666667
Sn12,17.009999999999998,0.004000333333333333
Sn12,17.07,0.0033346666666666668
Sn12,17.13,0.0027283333333333335
Sn12,17.189999999999998,0.0022686666666666667
Sn12,17.25,0.0018876666666666666
Sn12,17.310000000000002,0.0015516666666666667
Sn12,17.369999999999997,0.0012556666666666666
Sn12,17.43,0.0010293333333333333
Sn12,17.490000000000002,0.0008383333333333333
Sn12,17.549999999999997,0.0006373333333333333
Sn12,17.61,0.0004973333333333334
Sn12,17.67,0.00038133333333333335
Sn12,17.729999999999997,0.000301
Sn12,17.79,0.00022566666666666666
Sn12,17.85,0.00016766666666666666
Sn12,17.909999999999997,0.00013633333333333333
Sn12,17.97,9.633333333333333e-05
Sn12,18.03,7.2e-05
Sn12,18.09,5.066666666666667e-05
Sn12,18.15,3.8333333333333334e-05
Sn12,18.21,2.7e-05
Sn12,18.27,2e-05
Sn12,18.33,1.3e-05
Sn12,18.39,9.666666666666667e-06
Sn12,18.45,7.333333333333333e-06
Sn12,18.509999999999998,6e-06
Sn12,18.57,4.333333333333333e-06
Sn12,18.63,3.3333333333333333e-06
Sn12,18.689999999999998,2e-06
Sn12,18.75,2e-06
Sn12,18.81,1e-06
Sn12,18.869999999999997,0.0
Sn12,18.93,3.3333333333333335e-07
Sn12,18.990000000000002,3.3333333333333335e-07
Sn12,19.049999999999997,3.3333333333333335e-07
Ta12,11.129999999999999,3.3333333333333335e-07
Ta12,11.19,0.0
Ta12,11.25,3.3333333333333335e-07
Ta12,11.309999999999999,0.0
Ta12,11.370000000000001,6.666666666666667e-07
Ta12,11.43,1e-06
Ta12,11.489999999999998,1.3333333333333334e-06
Ta12,11.55,1e-06
Ta12,11.61,2e-06
Ta12,11.669999999999998,2.666666666666667e-06
Ta12,11.73,4e-06
Ta12,11.79,5.333333333333334e-06
Ta12,11.85,4e-06
Ta12,11.91,1.1e-05
Ta12,11.969999999999999,1.2e-05
Ta12,12.03,1.4e-05
Ta12,12.09,1.5666666666666667e-05
Ta12,12.149999999999999,2.5666666666666666e-05
Ta12,12.21,3.7e-05
Ta12,12.27,4e-05
Ta12,12.329999999999998,5.1e-05
Ta12,12.39,6.866666666666666e-05
Ta12,12.45,9.133333333333334e-05
Ta12,12.51,0.000107
Ta12,12.57,0.000133
Ta12,12.629999999999999,0.00016466666666666667
Ta12,12.69,0.00020266666666666667
Ta12,12.75,0.000255
Ta12,12.809999999999999,0.00030233333333333333
Ta12,12.870000000000001,0.00036666666666666667
Ta12,12.93,0.0004696666666666667
Ta12,12.989999999999998,0.0005806666666666666
Ta12,13.05,0.0006926666666666666
Ta12,13.11,0.0008433333333333333
Ta12,13.169999999999998,0.0010153333333333334
Ta12,13.23,0.0012503333333333333
Ta12,13.29,0.001472
Ta12,13.35,0.001747
Ta12,13.41,0.002107
Ta12,13.469999999999999,0.0025213333333333333
Ta12,13.53,0.0029273333333333334
Ta12,13.59,0.003467
Ta12,13.649999999999999,0.003984333333333334
Ta12,13.71,0.004593
Ta12,13.77,0.005339333333333333
Ta12,13.829999999999998,0.006097
Ta12,13.89,0.0069626666666666665
Ta12,13.95,0.007792333333333333
Ta12,14.009999999999998,0.008867
Ta12,14.07,0.009911333333333333
Ta12,14.129999999999999,0.011064
Ta12,14.19,0.012171
Ta12,14.25,0.013575666666666666
Ta12,14.309999999999999,0.014936333333333333
Ta12,14.37,0.016196
Ta12,14.43,0.017580333333333333
Ta12,14.489999999999998,0.019083666666666665
Ta12,14.55,0.020455666666666667
Ta12,14.61,0.02185
Ta12,14.669999999999998,0.023322
Ta12,14.73,0.024414
Ta12,14.79,0.025739333333333333
Ta12,14.85,0.026870333333333333
Ta12,14.91,0.027850666666666666
Ta12,14.969999999999999,0.028632666666666667
Ta12,15.03,0.029515333333333334
Ta12,15.09,0.030073333333333334
Ta12,15.149999999999999,0.030465666666666665
Ta12,15.21,0.030759
Ta12,15.27,0.031014
Ta12,15.329999999999998,0.030740666666666666
Ta12,15.39,0.030237666666666666
Ta12,15.45,0.030139666666666665
Ta12,15.509999999999998,0.029283
Ta12,15.57,0.028563
Ta12,15.629999999999999,0.027570666666666667
Ta12,15.69,0.026615333333333335
Ta12,15.75,0.025293666666666666
Ta12,15.809999999999999,0.023966
Ta12,15.87,0.022683
Ta12,15.93,0.021093666666666667
Ta12,15.989999999999998,0.019689666666666668
Ta12,16.049999999999997,0.018246
Ta12,16.11,0.016742
Ta12,16.17,0.015243333333333333
Ta12,16.229999999999997,0.013677
Ta12,16.29,0.012432
Ta12,16.35,0.011042333333333333
Ta12,16.409999999999997,0.009734333333333333
Ta12,16.47,0.008675
Ta12,16.53,0.007615333333333333
Ta12,16.59,0.006586333333333333
Ta12,16.65,0.005677666666666667
Ta12,16.71,0.0048976666666666665
Ta12,16.77,0.0041526666666666665
Ta12,16.83,0.003569333333333333
Ta12,16.89,0.002921
Ta12,16.95,0.0024553333333333332
Ta12,17.009999999999998,0.0020726666666666667
Ta12,17.07,0.0016683333333333333
Ta12,17.13,0.0013523333333333334
Ta12,17.189999999999998,0.001123
Ta12,17.25,0.000923
Ta12,17.310000000000002,0.0007193333333333333
Ta12,17.369999999999997,0.0005586666666666666
Ta12,17.43,0.0004713333333333333
Ta12,17.490000000000002,0.00036
Ta12,17.549999999999997,0.0002486666666666667
Ta12,17.61,0.000216
Ta12,17.67,0.00016366666666666667
Ta12,17.729999999999997,0.00011433333333333334
Ta12,17.79,8.866666666666666e-05
Ta12,17.85,6.7e-05
Ta12,17.909999999999997,5.1e-05
Ta12,17.97,3.5333333333333336e-05
Ta12,18.03,2.5333333333333334e-05
Ta12,18.09,1.8e-05
Ta12,18.15,1.5666666666666667e-05
Ta12,18.21,8.333333333333334e-06
Ta12,18.27,9e-06
Ta12,18.33,4.666666666666666e-06
Ta12,18.39,2.666666666666667e-06
Ta12,18.45,4e-06
Ta12,18.509999999999998,2e-06
Ta12,18.57,6.666666666666667e-07
Ta12,18.63,1.6666666666666667e-06
Ta12,18.689999999999998,3.3333333333333335e-07
Ta12,18.75,3.3333333333333335e-07
Ta12,18.81,3.3333333333333335e-07
Ta12,18.869999999999997,0.0
Ta12,18.93,3.3333333333333335e-07
Cu12,10.59,3.3333333333333335e-07
Cu12,10.649999999999999,0.0
Cu12,10.71,3.3333333333333335e-07
Cu12,10.77,0.0
Cu12,10.829999999999998,3.3333333333333335e-07
Cu12,10.89,1.6666666666666667e-06
Cu12,10.95,6.666666666666667e-07
Cu12,11.01,1.3333333333333334e-06
Cu12,11.07,1.6666666666666667e-06
Cu12,11.129999999999999,3.6666666666666666e-06
Cu12,11.19,2.666666666666667e-06
Cu12,11.25,5.333333333333334e-06
Cu12,11.309999999999999,3.3333333333333333e-06
Cu12,11.370000000000001,8e-06
Cu12,11.43,1.2666666666666667e-05
Cu12,11.489999999999998,1.1666666666666666e-05
Cu12,11.55,1.5333333333333334e-05
Cu12,11.61,1.7666666666666668e-05
Cu12,11.669999999999998,3.4666666666666665e-05
Cu12,11.73,3.5e-05
Cu12,11.79,4.566666666666667e-05
Cu12,11.85,5.266666666666667e-05
Cu12,11.91,7.633333333333334e-05
Cu12,11.969999999999999,9.733333333333333e-05
Cu12,12.03,0.00011033333333333334
Cu12,12.09,0.00014266666666666667
Cu12,12.149999999999999,0.00016033333333333335
Cu12,12.21,0.00020933333333333334
Cu12,12.27,0.0002556666666666667
Cu12,12.329999999999998,0.00030033333333333333
Cu12,12.39,0.00037933333333333336
Cu12,12.45,0.000466
Cu12,12.51,0.0005916666666666667
Cu12,12.57,0.0006793333333333333
Cu12,12.629999999999999,0.0008093333333333333
Cu12,12.69,0.0009876666666666666
Cu12,12.75,0.0012056666666666667
Cu12,12.809999999999999,0.0014196666666666667
Cu12,12.870000000000001,0.001664
Cu12,12.93,0.0020013333333333333
Cu12,12.989999999999998,0.0023736666666666667
Cu12,13.05,0.0028093333333333334
Cu12,13.11,0.003240666666666667
Cu12,13.169999999999998,0.0036903333333333332
Cu12,13.23,0.004296
Cu12,13.29,0.004967
Cu12,13.35,0.005698
Cu12,13.41,0.006458
Cu12,13.469999999999999,0.007163
Cu12,13.53,0.008146
Cu12,13.59,0.009192333333333334
Cu12,13.649999999999999,0.010295333333333333
Cu12,13.71,0.011207
Cu12,13.77,0.012466
Cu12,13.829999999999998,0.013706333333333333
Cu12,13.89,0.015136333333333333
Cu12,13.95,0.016255
Cu12,14.009999999999998,0.01759
Cu12,14.07,0.018903666666666666
Cu12,14.129999999999999,0.020342
Cu12,14.19,0.021637333333333335
Cu12,14.25,0.022892666666666665
Cu12,14.309999999999999,0.024076
Cu12,14.37,0.025287666666666667
Cu12,14.43,0.026373666666666667
Cu12,14.489999999999998,0.027139
Cu12,14.55,0.027973
Cu12,14.61,0.02881
Cu12,14.669999999999998,0.029362666666666665
Cu12,14.73,0.029707
Cu12,14.79,0.029985333333333333
Cu12,14.85,0.030181666666666666
Cu12,14.91,0.029980666666666666
Cu12,14.969999999999999,0.029572666666666667
Cu12,15.03,0.029387
Cu12,15.09,0.028563
Cu12,15.149999999999999,0.027998666666666668
Cu12,15.21,0.02702
Cu12,15.27,0.026310333333333335
Cu12,15.329999999999998,0.024937666666666667
Cu12,15.39,0.023710666666666668
Cu12,15.45,0.022504333333333335
Cu12,15.509999999999998,0.020984
Cu12,15.57,0.019711
Cu12,15.629999999999999,0.018159333333333333
Cu12,15.69,0.016915666666666666
Cu12,15.75,0.015481333333333333
Cu12,15.809999999999999,0.01397
Cu12,15.87,0.012706
Cu12,15.93,0.011422333333333333
Cu12,15.989999999999998,0.010103666666666667
Cu12,16.049999999999997,0.008963333333333334
Cu12,16.11,0.008004666666666667
Cu12,16.17,0.0069823333333333334
Cu12,16.229999999999997,0.006024333333333333
Cu12,16.29,0.005157666666666666
Cu12,16.35,0.0045323333333333335
Cu12,16.409999999999997,0.0038493333333333335
Cu12,16.47,0.0032476666666666665
Cu12,16.53,0.002719
Cu12,16.59,0.0022823333333333333
Cu12,16.65,0.001913
Cu12,16.71,0.0015263333333333333
Cu12,16.77,0.0012323333333333333
Cu12,16.83,0.0010766666666666667
Cu12,16.89,0.0008596666666666667
Cu12,16.95,0.00066
Cu12,17.009999999999998,0.0005316666666666666
Cu12,17.07,0.00045066666666666665
Cu12,17.13,0.00034033333333333333
Cu12,17.189999999999998,0.00023066666666666667
Cu12,17.25,0.00021166666666666667
Cu12,17.310000000000002,0.00015333333333333334
Cu12,17.369999999999997,0.000112
Cu12,17.43,8.3e-05
Cu12,17.490000000000002,6.833333333333333e-05
Cu12,17.549999999999997,4.9e-05
Cu12,17.61,3.1666666666666666e-05
Cu12,17.67,2.6e-05
Cu12,17.729999999999997,2.0666666666666666e-05
Cu12,17.79,1.4e-05
Cu12,17.85,8.333333333333334e-06
Cu12,17.909999999999997,8.333333333333334e-06
Cu12,17.97,6e-06
Cu12,18.03,2.333333333333333e-06
Cu12,18.09,2.666666666666667e-06
Cu12,18.15,3e-06
Cu12,18.21,1e-06
Cu12,18.27,1.6666666666666667e-06
Cu12,18.33,0.0
Cu12,18.39,6.666666666666667e-07
Cu12,18.45,3.3333333333333335e-07
Cu12,18.509999999999998,0.0
Cu12,18.57,0.0
Cu12,18.63,3.3333333333333335e-07
Al_degrader_E9,8.129999999999999,8.333333333333334e-08
Al_degrader_E9,8.19,0.0
Al_degrader_E9,8.25,0.0
Al_degrader_E9,8.309999999999999,8.333333333333334e-08
Al_degrader_E9,8.370000000000001,8.333333333333334e-08
Al_degrader_E9,8.43,8.333333333333334e-08
Al_degrader_E9,8.489999999999998,2.5e-07
Al_degrader_E9,8.55,2.5e-07
Al_degrader_E9,8.61,1.6666666666666668e-07
Al_degrader_E9,8.67,3.3333333333333335e-07
Al_degrader_E9,8.73,5e-07
Al_degrader_E9,8.79,5e-07
Al_degrader_E9,8.85,1e-06
Al_degrader_E9,8.91,8.333333333333333e-07
Al_degrader_E9,8.969999999999999,1.25e-06
Al_degrader_E9,9.030000000000001,1.0833333333333333e-06
Al_degrader_E9,9.09,2.0833333333333334e-06
Al_degrader_E9,9.149999999999999,2.75e-06
Al_degrader_E9,9.21,3.25e-06
Al_degrader_E9,9.27,3.5833333333333335e-06
Al_degrader_E9,9.329999999999998,4.5e-06
Al_degrader_E9,9.39,6.25e-06
Al_degrader_E9,9.45,7.416666666666667e-06
Al_degrader_E9,9.51,9.75e-06
Al_degrader_E9,9.57,1.1666666666666666e-05
Al_degrader_E9,9.629999999999999,1.4916666666666667e-05
Al_degrader_E9,9.69,1.725e-05
Al_degrader_E9,9.75,2.0666666666666666e-05
Al_degrader_E9,9.809999999999999,2.7166666666666665e-05
Al_degrader_E9,9.870000000000001,3.208333333333333e-05
Al_degrader_E9,9.93,3.9166666666666665e-05
Al_degrader_E9,9.989999999999998,4.45e-05
Al_degrader_E9,10.05,5.5083333333333335e-05
Al_degrader_E9,10.11,6.658333333333333e-05
Al_degrader_E9,10.169999999999998,7.55e-05
Al_degrader_E9,10.23,9.025e-05
Al_degrader_E9,10.29,0.000115
Al_degrader_E9,10.35,0.0001395
Al_degrader_E9,10.41,0.00015533333333333333
Al_degrader_E9,10.469999999999999,0.00019141666666666667
Al_degrader_E9,10.53,0.00023116666666666666
Al_degrader_E9,10.59,0.0002621666666666667
Al_degrader_E9,10.649999999999999,0.00031916666666666665
Al_degrader_E9,10.71,0.00038133333333333335
Al_degrader_E9,10.77,0.00043358333333333335
Al_degrader_E9,10.829999999999998,0.0005074166666666666
Al_degrader_E9,10.89,0.0006041666666666667
Al_degrader_E9,10.95,0.0007035
Al_degrader_E9,11.01,0.0008080833333333333
Al_degrader_E9,11.07,0.0009491666666666666
Al_degrader_E9,11.129999999999999,0.0010910833333333332
Al_degrader_E9,11.19,0.0012394166666666667
Al_degrader_E9,11.25,0.0014240833333333334
Al_degrader_E9,11.309999999999999,0.0016486666666666668
Al_degrader_E9,11.370000000000001,0.00183875
Al_degrader_E9,11.43,0.00211025
Al_degrader_E9,11.489999999999998,0.002392
Al_degrader_E9,11.55,0.002647333333333333
Al_degrader_E9,11.61,0.0030139166666666665
Al_degrader_E9,11.669999999999998,0.0033735833333333335
Al_degrader_E9,11.73,0.003754916666666667
Al_degrader_E9,11.79,0.004175416666666667
Al_degrader_E9,11.85,0.0046415
Al_degrader_E9,11.91,0.0051515833333333335
Al_degrader_E9,11.969999999999999,0.00563475
Al_degrader_E9,12.03,0.00620625
Al_degrader_E9,12.09,0.0068255
Al_degrader_E9,12.149999999999999,0.007388166666666667
Al_degrader_E9,12.21,0.008058333333333334
Al_degrader_E9,12.27,0.008766333333333333
Al_degrader_E9,12.329999999999998,0.00942025
Al_degrader_E9,12.39,0.010174833333333333
Al_degrader_E9,12.45,0.0109475
Al_degrader_E9,12.51,0.011681166666666666
Al_degrader_E9,12.57,0.0124715
Al_degrader_E9,12.629999999999999,0.0132595
Al_degrader_E9,12.69,0.014021583333333334
Al_degrader_E9,12.75,0.014836916666666667
Al_degrader_E9,12.809999999999999,0.015632416666666666
Al_degrader_E9,12.870000000000001,0.016404583333333334
Al_degrader_E9,12.93,0.0171775
Al_degrader_E9,12.989999999999998,0.017957
Al_degrader_E9,13.05,0.018653
Al_degrader_E9,13.11,0.01935175
Al_degrader_E9,13.169999999999998,0.019979833333333332
Al_degrader_E9,13.23,0.020618916666666667
Al_degrader_E9,13.29,0.02117525
Al_degrader_E9,13.35,0.021648833333333332
Al_degrader_E9,13.41,0.022141166666666667
Al_degrader_E9,13.469999999999999,0.022504833333333335
Al_degrader_E9,13.53,0.02285825
Al_degrader_E9,13.59,0.02314875
Al_degrader_E9,13.649999999999999,0.0232925
Al_degrader_E9,13.71,0.02347633333333333
Al_degrader_E9,13.77,0.02346925
Al_degrader_E9,13.829999999999998,0.023432333333333333
Al_degrader_E9,13.89,0.023328833333333333
Al_degrader_E9,13.95,0.023133416666666667
Al_degrader_E9,14.009999999999998,0.022837833333333335
Al_degrader_E9,14.07,0.022501416666666666
Al_degrader_E9,14.129999999999999,0.02207025
Al_degrader_E9,14.19,0.0216265
Al_degrader_E9,14.25,0.021056166666666667
Al_degrader_E9,14.309999999999999,0.0204155
Al_degrader_E9,14.37,0.019779333333333333
Al_degrader_E9,14.43,0.019048166666666668
Al_degrader_E9,14.489999999999998,0.01826025
Al_degrader_E9,14.55,0.017472
Al_degrader_E9,14.61,0.016607916666666667
Al_degrader_E9,14.669999999999998,0.015814916666666668
Al_degrader_E9,14.73,0.014890083333333333
Al_degrader_E9,14.79,0.013985
Al_degrader_E9,14.85,0.013116
Al_degrader_E9,14.91,0.0121905
Al_degrader_E9,14.969999999999999,0.0113295
Al_degrader_E9,15.03,0.010432333333333333
Al_degrader_E9,15.09,0.0095355
Al_degrader_E9,15.149999999999999,0.008779583333333334
Al_degrader_E9,15.21,0.007967
Al_degrader_E9,15.27,0.007224833333333333
Al_degrader_E9,15.329999999999998,0.0064909166666666665
Al_degrader_E9,15.39,0.0058161666666666665
Al_degrader_E9,15.45,0.005165416666666666
Al_degrader_E9,15.509999999999998,0.004567416666666667
Al_degrader_E9,15.57,0.00401725
Al_degrader_E9,15.629999999999999,0.00353125
Al_degrader_E9,15.69,0.0030704166666666666
Al_degrader_E9,15.75,0.0026675833333333334
Al_degrader_E9,15.809999999999999,0.0022863333333333334
Al_degrader_E9,15.87,0.0019685833333333335
Al_degrader_E9,15.93,0.0016756666666666667
Al_degrader_E9,15.989999999999998,0.00142375
Al_degrader_E9,16.049999999999997,0.0011859166666666667
Al_degrader_E9,16.11,0.0010025
Al_degrader_E9,16.17,0.0008245833333333333
Al_degrader_E9,16.229999999999997,0.0006815
Al_degrader_E9,16.29,0.0005576666666666667
Al_degrader_E9,16.35,0.0004520833333333333
Al_degrader_E9,16.409999999999997,0.00037425
Al_degrader_E9,16.47,0.0003018333333333333
Al_degrader_E9,16.53,0.00024166666666666667
Al_degrader_E9,16.59,0.00019341666666666666
Al_degrader_E9,16.65,0.00014825
Al_degrader_E9,16.71,0.000118
Al_degrader_E9,16.77,9.083333333333334e-05
Al_degrader_E9,16.83,6.95e-05
Al_degrader_E9,16.89,5.658333333333333e-05
Al_degrader_E9,16.95,3.983333333333333e-05
Al_degrader_E9,17.009999999999998,3.0333333333333333e-05
Al_degrader_E9,17.07,2.3166666666666666e-05
Al_degrader_E9,17.13,1.75e-05
Al_degrader_E9,17.189999999999998,1.2583333333333334e-05
Al_degrader_E9,17.25,9.583333333333334e-06
Al_degrader_E9,17.310000000000002,7.083333333333333e-06
Al_degrader_E9,17.369999999999997,5.416666666666667e-06
Al_degrader_E9,17.43,3.25e-06
Al_degrader_E9,17.490000000000002,2.9166666666666666e-06
Al_degrader_E9,17.549999999999997,1.6666666666666667e-06
Al_degrader_E9,17.61,1.5833333333333333e-06
Al_degrader_E9,17.67,7.5e-07
Al_degrader_E9,17.729999999999997,1.25e-06
Al_degrader_E9,17.79,3.3333333333333335e-07
Al_degrader_E9,17.85,4.1666666666666667e-07
Al_degrader_E9,17.909999999999997,2.5e-07
Al_degrader_E9,17.97,2.5e-07
Al_degrader_E9,18.03,0.0
Al_degrader_E9,18.09,8.333333333333334e-08
Al_degrader_E9,18.15,0.0
Al_degrader_E9,18.21,8.333333333333334e-08
Ni13,7.35,2e-07
Ni13,7.41,0.0
Ni13,7.47,0.0
Ni13,7.529999999999999,4e-07
Ni13,7.59,0.0
Ni13,7.65,2e-07
Ni13,7.709999999999999,6e-07
Ni13,7.77,6e-07
Ni13,7.83,6e-07
Ni13,7.89,1.2e-06
Ni13,7.949999999999999,1.2e-06
Ni13,8.01,8e-07
Ni13,8.07,2.4e-06
Ni13,8.129999999999999,2.2e-06
Ni13,8.19,2.2e-06
Ni13,8.25,3.2e-06
Ni13,8.309999999999999,4.4e-06
Ni13,8.370000000000001,5.4e-06
Ni13,8.43,6.8e-06
Ni13,8.489999999999998,9e-06
Ni13,8.55,9e-06
Ni13,8.61,1.22e-05
Ni13,8.67,1.44e-05
Ni13,8.73,2.08e-05
Ni13,8.79,2.38e-05
Ni13,8.85,2.8e-05
Ni13,8.91,3.68e-05
Ni13,8.969999999999999,4.06e-05
Ni13,9.030000000000001,5.22e-05
Ni13,9.09,6.28e-05
Ni13,9.149999999999999,7.24e-05
Ni13,9.21,9.22e-05
Ni13,9.27,0.0001088
Ni13,9.329999999999998,0.000118
Ni13,9.39,0.0001476
Ni13,9.45,0.0001808
Ni13,9.51,0.0001976
Ni13,9.57,0.0002422
Ni13,9.629999999999999,0.0002968
Ni13,9.69,0.000338
Ni13,9.75,0.000401
Ni13,9.809999999999999,0.0004934
Ni13,9.870000000000001,0.000554
Ni13,9.93,0.0006488
Ni13,9.989999999999998,0.000771
Ni13,10.05,0.0008892
Ni13,10.11,0.0010528
Ni13,10.169999999999998,0.0012076
Ni13,10.23,0.0013894
Ni13,10.29,0.0016318
Ni13,10.35,0.0018806
Ni13,10.41,0.0021342
Ni13,10.469999999999999,0.0024642
Ni13,10.53,0.0028172
Ni13,10.59,0.003136
Ni13,10.649999999999999,0.0035966
Ni13,10.71,0.0040354
Ni13,10.77,0.0045448
Ni13,10.829999999999998,0.0050946
Ni13,10.89,0.0056254
Ni13,10.95,0.0063024
Ni13,11.01,0.0069798
Ni13,11.07,0.0076298
Ni13,11.129999999999999,0.0085046
Ni13,11.19,0.0092308
Ni13,11.25,0.0100824
Ni13,11.309999999999999,0.011101
Ni13,11.370000000000001,0.0118762
Ni13,11.43,0.0129864
Ni13,11.489999999999998,0.0138926
Ni13,11.55,0.0148746
Ni13,11.61,0.0159586
Ni13,11.669999999999998,0.016932
Ni13,11.73,0.018024
Ni13,11.79,0.018974
Ni13,11.85,0.0199428
Ni13,11.91,0.020944
Ni13,11.969999999999999,0.0217928
Ni13,12.03,0.022669
Ni13,12.09,0.0234192
Ni13,12.149999999999999,0.024093
Ni13,12.21,0.024766
Ni13,12.27,0.0251996
Ni13,12.329999999999998,0.0257268
Ni13,12.39,0.0260966
Ni13,12.45,0.026328
Ni13,12.51,0.0264852
Ni13,12.57,0.0264072
Ni13,12.629999999999999,0.0263466
Ni13,12.69,0.026102
Ni13,12.75,0.0257404
Ni13,12.809999999999999,0.025266
Ni13,12.870000000000001,0.0247964
Ni13,12.93,0.0240174
Ni13,12.989999999999998,0.023533
Ni13,13.05,0.0224032
Ni13,13.11,0.0217626
Ni13,13.169999999999998,0.0205204
Ni13,13.23,0.01966
Ni13,13.29,0.0185198
Ni13,13.35,0.0174016
Ni13,13.41,0.016394
Ni13,13.469999999999999,0.015157
Ni13,13.53,0.0141926
Ni13,13.59,0.0129708
Ni13,13.649999999999999,0.0118986
Ni13,13.71,0.0108882
Ni13,13.77,0.009784
Ni13,13.829999999999998,0.0089018
Ni13,13.89,0.0079408
Ni13,13.95,0.0071616
Ni13,14.009999999999998,0.0063558
Ni13,14.07,0.0055902
Ni13,14.129999999999999,0.0049066
Ni13,14.19,0.0043022
Ni13,14.25,0.0037732
Ni13,14.309999999999999,0.0032368
Ni13,14.37,0.0028008
Ni13,14.43,0.0023666
Ni13,14.489999999999998,0.002031
Ni13,14.55,0.0017026
Ni13,14.61,0.0014412
Ni13,14.669999999999998,0.0011842
Ni13,14.73,0.0010046
Ni13,14.79,0.000838
Ni13,14.85,0.0006812
Ni13,14.91,0.0005608
Ni13,14.969999999999999,0.000457
Ni13,15.03,0.0003692
Ni13,15.09,0.0002944
Ni13,15.149999999999999,0.0002256
Ni13,15.21,0.0001846
Ni13,15.27,0.0001418
Ni13,15.329999999999998,0.0001142
Ni13,15.39,8.22e-05
Ni13,15.45,6.94e-05
Ni13,15.509999999999998,5e-05
Ni13,15.57,4.02e-05
Ni13,15.629999999999999,2.66e-05
Ni13,15.69,2.22e-05
Ni13,15.75,1.64e-05
Ni13,15.809999999999999,1.22e-05
Ni13,15.87,9.6e-06
Ni13,15.93,5.8e-06
Ni13,15.989999999999998,6.2e-06
Ni13,16.049999999999997,3.2e-06
Ni13,16.11,3.6e-06
Ni13,16.17,1.6e-06
Ni13,16.229999999999997,2.4e-06
Ni13,16.29,6e-07
Ni13,16.35,1.2e-06
Ni13,16.409999999999997,4e-07
Ni13,16.47,4e-07
Ni13,16.53,2e-07
Ni13,16.59,0.0
Ni13,16.65,2e-07
Ni13,16.71,2e-07
Sn13,7.17,3.3333333333333335e-07
Sn13,7.2299999999999995,3.3333333333333335e-07
Sn13,7.289999999999999,3.3333333333333335e-07
Sn13,7.35,3.3333333333333335e-07
Sn13,7.41,3.3333333333333335e-07
Sn13,7.47,3.3333333333333335e-07
Sn13,7.529999999999999,1.6666666666666667e-06
Sn13,7.59,6.666666666666667e-07
Sn13,7.65,1.6666666666666667e-06
Sn13,7.709999999999999,2.333333333333333e-06
Sn13,7.77,2.666666666666667e-06
Sn13,7.83,2e-06
Sn13,7.89,4.666666666666666e-06
Sn13,7.949999999999999,3.3333333333333333e-06
Sn13,8.01,5.666666666666667e-06
Sn13,8.07,7e-06
Sn13,8.129999999999999,7.333333333333333e-06
Sn13,8.19,9.666666666666667e-06
Sn13,8.25,1.3e-05
Sn13,8.309999999999999,1.6666666666666667e-05
Sn13,8.370000000000001,1.9666666666666666e-05
Sn13,8.43,2.1333333333333335e-05
Sn13,8.489999999999998,2.5e-05
Sn13,8.55,3.6666666666666666e-05
Sn13,8.61,4.3666666666666666e-05
Sn13,8.67,5.1666666666666664e-05
Sn13,8.73,6.633333333333334e-05
Sn13,8.79,7.366666666666666e-05
Sn13,8.85,9.166666666666667e-05
Sn13,8.91,0.00010666666666666667
Sn13,8.969999999999999,0.000125
Sn13,9.030000000000001,0.00015833333333333332
Sn13,9.09,0.00018133333333333334
Sn13,9.149999999999999,0.00020266666666666667
Sn13,9.21,0.00024133333333333334
Sn13,9.27,0.000288
Sn13,9.329999999999998,0.0003116666666666667
Sn13,9.39,0.000372
Sn13,9.45,0.00046533333333333333
Sn13,9.51,0.0005223333333333333
Sn13,9.57,0.0006473333333333333
Sn13,9.629999999999999,0.0007703333333333334
Sn13,9.69,0.0009163333333333333
Sn13,9.75,0.0010086666666666666
Sn13,9.809999999999999,0.0011776666666666667
Sn13,9.870000000000001,0.0013843333333333333
Sn13,9.93,0.0015793333333333334
Sn13,9.989999999999998,0.0018186666666666666
Sn13,10.05,0.002101
Sn13,10.11,0.002391
Sn13,10.169999999999998,0.002742333333333333
Sn13,10.23,0.0031223333333333333
Sn13,10.29,0.003608
Sn13,10.35,0.004022
Sn13,10.41,0.0045123333333333335
Sn13,10.469999999999999,0.004999666666666667
Sn13,10.53,0.00556
Sn13,10.59,0.006153666666666667
Sn13,10.649999999999999,0.006921666666666666
Sn13,10.71,0.007638666666666667
Sn13,10.77,0.008352333333333333
Sn13,10.829999999999998,0.009109
Sn13,10.89,0.009886666666666667
Sn13,10.95,0.010859333333333334
Sn13,11.01,0.011865666666666667
Sn13,11.07,0.012812666666666667
Sn13,11.129999999999999,0.013886
Sn13,11.19,0.014793666666666667
Sn13,11.25,0.015838333333333333
Sn13,11.309999999999999,0.016943666666666666
Sn13,11.370000000000001,0.017889
Sn13,11.43,0.018939
Sn13,11.489999999999998,0.019812333333333335
Sn13,11.55,0.020810333333333333
Sn13,11.61,0.021707
Sn13,11.669999999999998,0.022619333333333335
Sn13,11.73,0.023444333333333334
Sn13,11.79,0.024205333333333332
Sn13,11.85,0.024701333333333332
Sn13,11.91,0.025334
Sn13,11.969999999999999,0.025678666666666666
Sn13,12.03,0.026007333333333334
Sn13,12.09,0.026129
Sn13,12.149999999999999,0.026320333333333334
Sn13,12.21,0.026511
Sn13,12.27,0.026403666666666666
Sn13,12.329999999999998,0.026273333333333333
Sn13,12.39,0.026016666666666667
Sn13,12.45,0.02555
Sn13,12.51,0.025005333333333334
Sn13,12.57,0.024283
Sn13,12.629999999999999,0.023279333333333332
Sn13,12.69,0.022549333333333334
Sn13,12.75,0.021572666666666667
Sn13,12.809999999999999,0.020642
Sn13,12.870000000000001,0.019761666666666667
Sn13,12.93,0.018752333333333333
Sn13,12.989999999999998,0.017721
Sn13,13.05,0.016567333333333333
Sn13,13.11,0.015413
Sn13,13.169999999999998,0.014191666666666667
Sn13,13.23,0.012999666666666666
Sn13,13.29,0.011921
Sn13,13.35,0.010887333333333334
Sn13,13.41,0.009903333333333333
Sn13,13.469999999999999,0.00891
Sn13,13.53,0.007947333333333334
Sn13,13.59,0.007148333333333333
Sn13,13.649999999999999,0.006395
Sn13,13.71,0.005705
Sn13,13.77,0.005009666666666667
Sn13,13.829999999999998,0.004365
Sn13,13.89,0.0037733333333333334
Sn13,13.95,0.0032703333333333334
Sn13,14.009999999999998,0.0027806666666666665
Sn13,14.07,0.0023366666666666666
Sn13,14.129999999999999,0.0020013333333333333
Sn13,14.19,0.001713
Sn13,14.25,0.0014496666666666666
Sn13,14.309999999999999,0.001209
Sn13,14.37,0.00101
Sn13,14.43,0.000851
Sn13,14.489999999999998,0.0007156666666666666
Sn13,14.55,0.000566
Sn13,14.61,0.000451
Sn13,14.669999999999998,0.000364
Sn13,14.73,0.000297
Sn13,14.79,0.00023033333333333334
Sn13,14.85,0.00017733333333333333
Sn13,14.91,0.00013933333333333332
Sn13,14.969999999999999,0.000118
Sn13,15.03,8.6e-05
Sn13,15.09,6.766666666666667e-05
Sn13,15.149999999999999,4.8333333333333334e-05
Sn13,15.21,4.0333333333333336e-05
Sn13,15.27,2.9333333333333333e-05
Sn13,15.329999999999998,2.1333333333333335e-05
Sn13,15.39,1.5666666666666667e-05
Sn13,15.45,1.1333333333333334e-05
Sn13,15.509999999999998,9e-06
Sn13,15.57,6e-06
Sn13,15.629999999999999,5.333333333333334e-06
Sn13,15.69,4.333333333333333e-06
Sn13,15.75,4e-06
Sn13,15.809999999999999,2.666666666666667e-06
Sn13,15.87,2.333333333333333e-06
Sn13,15.93,1e-06
Sn13,15.989999999999998,1e-06
Sn13,16.049999999999997,0.0
Sn13,16.11,0.0
Sn13,16.17,3.3333333333333335e-07
Sn13,16.229999999999997,3.3333333333333335e-07
Sn13,16.29,3.3333333333333335e-07
Ta13,6.51,2.5e-07
Ta13,6.57,0.0
Ta13,6.63,0.0
Ta13,6.6899999999999995,5e-07
Ta13,6.75,0.0
Ta13,6.81,2.5e-07
Ta13,6.869999999999999,7.5e-07
Ta13,6.93,7.5e-07
Ta13,6.99,2.5e-07
Ta13,7.05,1e-06
Ta13,7.109999999999999,1.5e-06
Ta13,7.17,1.5e-06
Ta13,7.2299999999999995,7.5e-07
Ta13,7.289999999999999,3.75e-06
Ta13,7.35,2.25e-06
Ta13,7.41,3e-06
Ta13,7.47,3.75e-06
Ta13,7.529999999999999,4.5e-06
Ta13,7.59,6.75e-06
Ta13,7.65,7.75e-06
Ta13,7.709999999999999,9e-06
Ta13,7.77,1e-05
Ta13,7.83,1.45e-05
Ta13,7.89,1.475e-05
Ta13,7.949999999999999,2.05e-05
Ta13,8.01,2.65e-05
Ta13,8.07,2.675e-05
Ta13,8.129999999999999,3.5e-05
Ta13,8.19,4.475e-05
Ta13,8.25,5.075e-05
Ta13,8.309999999999999,5.925e-05
Ta13,8.370000000000001,7.775e-05
Ta13,8.43,8.425e-05
Ta13,8.489999999999998,0.00010275
Ta13,8.55,0.000124
Ta13,8.61,0.000136
Ta13,8.67,0.00016675
Ta13,8.73,0.000199
Ta13,8.79,0.0002135
Ta13,8.85,0.0002525
Ta13,8.91,0.00032775
Ta13,8.969999999999999,0.00035225
Ta13,9.030000000000001,0.000409
Ta13,9.09,0.00052625
Ta13,9.149999999999999,0.00057525
Ta13,9.21,0.00064625
Ta13,9.27,0.00079625
Ta13,9.329999999999998,0.000914
Ta13,9.39,0.0010355
Ta13,9.45,0.00121125
Ta13,9.51,0.00140175
Ta13,9.57,0.00159775
Ta13,9.629999999999999,0.0018135
Ta13,9.69,0.002121
Ta13,9.75,0.0023775
Ta13,9.809999999999999,0.00269125
Ta13,9.870000000000001,0.0030615
Ta13,9.93,0.003404
Ta13,9.989999999999998,0.00386975
Ta13,10.05,0.0043015
Ta13,10.11,0.00477275
Ta13,10.169999999999998,0.0053935
Ta13,10.23,0.0059255
Ta13,10.29,0.00648575
Ta13,10.35,0.007221
Ta13,10.41,0.00781375
Ta13,10.469999999999999,0.00862425
Ta13,10.53,0.009441
Ta13,10.59,0.010182
Ta13,10.649999999999999,0.0111475
Ta13,10.71,0.011973
Ta13,10.77,0.0128625
Ta13,10.829999999999998,0.01387825
Ta13,10.89,0.014724
Ta13,10.95,0.01574575
Ta13,11.01,0.0167785
Ta13,11.07,0.01762025
Ta13,11.129999999999999,0.01860475
Ta13,11.19,0.01953375
Ta13,11.25,0.02043275
Ta13,11.309999999999999,0.02121625
Ta13,11.370000000000001,0.0220365
Ta13,11.43,0.0227385
Ta13,11.489999999999998,0.02342625
Ta13,11.55,0.02394025
Ta13,11.61,0.02453875
Ta13,11.669999999999998,0.0248885
Ta13,11.73,0.025269
Ta13,11.79,0.02546075
Ta13,11.85,0.025561
Ta13,11.91,0.02579
Ta13,11.969999999999999,0.0255725
Ta13,12.03,0.0253745
Ta13,12.09,0.02517375
Ta13,12.149999999999999,0.02475025
Ta13,12.21,0.024169
Ta13,12.27,0.02376575
Ta13,12.329999999999998,0.022875
Ta13,12.39,0.02225325
Ta13,12.45,0.0214175
Ta13,12.51,0.0203985
Ta13,12.57,0.0197005
Ta13,12.629999999999999,0.0183755
Ta13,12.69,0.01763675
Ta13,12.75,0.0165315
Ta13,12.809999999999999,0.0154185
Ta13,12.870000000000001,0.01444825
Ta13,12.93,0.01333025
Ta13,12.989999999999998,0.01228975
Ta13,13.05,0.011249
Ta13,13.11,0.0102525
Ta13,13.169999999999998,0.00934825
Ta13,13.23,0.00837725
Ta13,13.29,0.007619
Ta13,13.35,0.00679875
Ta13,13.41,0.006043
Ta13,13.469999999999999,0.005373
Ta13,13.53,0.0047205
Ta13,13.59,0.00418925
Ta13,13.649999999999999,0.00359725
Ta13,13.71,0.003181
Ta13,13.77,0.00266675
Ta13,13.829999999999998,0.0023285
Ta13,13.89,0.00196025
Ta13,13.95,0.00167825
Ta13,14.009999999999998,0.0014285
Ta13,14.07,0.00118275
Ta13,14.129999999999999,0.001021
Ta13,14.19,0.0008265
Ta13,14.25,0.00069975
Ta13,14.309999999999999,0.00055925
Ta13,14.37,0.0004755
Ta13,14.43,0.0003775
Ta13,14.489999999999998,0.000304
Ta13,14.55,0.0002365
Ta13,14.61,0.0001935
Ta13,14.669999999999998,0.00015275
Ta13,14.73,0.00012075
Ta13,14.79,8.75e-05
Ta13,14.85,7.6e-05
Ta13,14.91,5.1e-05
Ta13,14.969999999999999,4.75e-05
Ta13,15.03,2.9e-05
Ta13,15.09,2.625e-05
Ta13,15.149999999999999,1.75e-05
Ta13,15.21,1.525e-05
Ta13,15.27,1e-05
Ta13,15.329999999999998,7.5e-06
Ta13,15.39,6.5e-06
Ta13,15.45,3.5e-06
Ta13,15.509999999999998,4.75e-06
Ta13,15.57,1.75e-06
Ta13,15.629999999999999,3e-06
Ta13,15.69,1e-06
Ta13,15.75,1.25e-06
Ta13,15.809999999999999,7.5e-07
Ta13,15.87,2.5e-07
Ta13,15.93,5e-07
Ta13,15.989999999999998,0.0
Ta13,16.049999999999997,2.5e-07
Ta13,16.11,0.0
Ta13,16.17,2.5e-07
Cu13,5.609999999999999,2e-07
Cu13,5.67,0.0
Cu13,5.73,0.0
Cu13,5.789999999999999,0.0
Cu13,5.85,4e-07
Cu13,5.91,0.0
Cu13,5.97,2e-07
Cu13,6.029999999999999,2e-07
Cu13,6.09,8e-07
Cu13,6.15,4e-07
Cu13,6.21,4e-07
Cu13,6.27,1.4e-06
Cu13,6.33,8e-07
Cu13,6.39,8e-07
Cu13,6.449999999999999,1e-06
Cu13,6.51,3.2e-06
Cu13,6.57,1.2e-06
Cu13,6.63,2.2e-06
Cu13,6.6899999999999995,4.4e-06
Cu13,6.75,2.8e-06
Cu13,6.81,4e-06
Cu13,6.869999999999999,7.6e-06
Cu13,6.93,7.2e-06
Cu13,6.99,6e-06
Cu13,7.05,1.1e-05
Cu13,7.109999999999999,1.12e-05
Cu13,7.17,1.22e-05
Cu13,7.2299999999999995,1.9e-05
Cu13,7.289999999999999,2.28e-05
Cu13,7.35,2.1e-05
Cu13,7.41,3.22e-05
Cu13,7.47,3.66e-05
Cu13,7.529999999999999,3.72e-05
Cu13,7.59,5.3e-05
Cu13,7.65,6.16e-05
Cu13,7.709999999999999,6.48e-05
Cu13,7.77,8.46e-05
Cu13,7.83,9.92e-05
Cu13,7.89,0.0001032
Cu13,7.949999999999999,0.000132
Cu13,8.01,0.000153
Cu13,8.07,0.0001706
Cu13,8.129999999999999,0.0001978
Cu13,8.19,0.0002326
Cu13,8.25,0.0002738
Cu13,8.309999999999999,0.000315
Cu13,8.370000000000001,0.0003688
Cu13,8.43,0.0004412
Cu13,8.489999999999998,0.0004954
Cu13,8.55,0.0005708
Cu13,8.61,0.0006582
Cu13,8.67,0.0007654
Cu13,8.73,0.000882
Cu13,8.79,0.001006
Cu13,8.85,0.0011598
Cu13,8.91,0.0013326
Cu13,8.969999999999999,0.0015096
Cu13,9.030000000000001,0.001714
Cu13,9.09,0.0019718
Cu13,9.149999999999999,0.00222
Cu13,9.21,0.002507
Cu13,9.27,0.002785
Cu13,9.329999999999998,0.003159
Cu13,9.39,0.0035194
Cu13,9.45,0.0039264
Cu13,9.51,0.0043718
Cu13,9.57,0.004855
Cu13,9.629999999999999,0.0053288
Cu13,9.69,0.0059208
Cu13,9.75,0.0064884
Cu13,9.809999999999999,0.0070298
Cu13,9.870000000000001,0.0077722
Cu13,9.93,0.0084302
Cu13,9.989999999999998,0.0091544
Cu13,10.05,0.010007
Cu13,10.11,0.0106832
Cu13,10.169999999999998,0.0115802
Cu13,10.23,0.0124602
Cu13,10.29,0.0132196
Cu13,10.35,0.0142534
Cu13,10.41,0.0150142
Cu13,10.469999999999999,0.015958
Cu13,10.53,0.016888
Cu13,10.59,0.0176962
Cu13,10.649999999999999,0.0186138
Cu13,10.71,0.0194266
Cu13,10.77,0.0202724
Cu13,10.829999999999998,0.0209656
Cu13,10.89,0.0216702
Cu13,10.95,0.0223162
Cu13,11.01,0.022881
Cu13,11.07,0.0234362
Cu13,11.129999999999999,0.023812
Cu13,11.19,0.0242736
Cu13,11.25,0.0244818
Cu13,11.309999999999999,0.0247232
Cu13,11.370000000000001,0.0248068
Cu13,11.43,0.0247846
Cu13,11.489999999999998,0.0247946
Cu13,11.55,0.0244102
Cu13,11.61,0.0243102
Cu13,11.669999999999998,0.023762
Cu13,11.73,0.0234812
Cu13,11.79,0.0227842
Cu13,11.85,0.0222582
Cu13,11.91,0.0214734
Cu13,11.969999999999999,0.0207118
Cu13,12.03,0.019924
Cu13,12.09,0.0189146
Cu13,12.149999999999999,0.0181076
Cu13,12.21,0.0170292
Cu13,12.27,0.01619
Cu13,12.329999999999998,0.0151276
Cu13,12.39,0.0142072
Cu13,12.45,0.0132026
Cu13,12.51,0.0121558
Cu13,12.57,0.0111994
Cu13,12.629999999999999,0.0102354
Cu13,12.69,0.0093704
Cu13,12.75,0.0085076
Cu13,12.809999999999999,0.0076806
Cu13,12.870000000000001,0.0069058
Cu13,12.93,0.0062496
Cu13,12.989999999999998,0.0054824
Cu13,13.05,0.0049396
Cu13,13.11,0.0042774
Cu13,13.169999999999998,0.0038502
Cu13,13.23,0.003282
Cu13,13.29,0.0029198
Cu13,13.35,0.0024566
Cu13,13.41,0.0021492
Cu13,13.469999999999999,0.0018148
Cu13,13.53,0.0015652
Cu13,13.59,0.001307
Cu13,13.649999999999999,0.001117
Cu13,13.71,0.0009348
Cu13,13.77,0.0007922
Cu13,13.829999999999998,0.0006506
Cu13,13.89,0.0005372
Cu13,13.95,0.0004404
Cu13,14.009999999999998,0.0003682
Cu13,14.07,0.0002876
Cu13,14.129999999999999,0.0002316
Cu13,14.19,0.0001826
Cu13,14.25,0.000151
Cu13,14.309999999999999,0.0001152
Cu13,14.37,9.28e-05
Cu13,14.43,6.78e-05
Cu13,14.489999999999998,5.88e-05
Cu13,14.55,4.18e-05
Cu13,14.61,3.3e-05
Cu13,14.669999999999998,2.44e-05
Cu13,14.73,2.02e-05
Cu13,14.79,1.34e-05
Cu13,14.85,1.18e-05
Cu13,14.91,7e-06
Cu13,14.969999999999999,6.8e-06
Cu13,15.03,4.6e-06
Cu13,15.09,4e-06
Cu13,15.149999999999999,2.8e-06
Cu13,15.21,2.4e-06
Cu13,15.27,2e-06
Cu13,15.329999999999998,6e-07
Cu13,15.39,1.2e-06
Cu13,15.45,4e-07
Cu13,15.509999999999998,4e-07
Cu13,15.57,2e-07
Cu13,15.629999999999999,0.0
Cu13,15.69,2e-07
Cu13,15.75,0.0
Cu13,15.809999999999999,2e-07
Al_degrader_E10,0.03,5e-08
Al_degrader_E10,0.09,0.0
Al_degrader_E10,0.15,5e-08
Al_degrader_E10,0.21,0.0
Al_degrader_E10,0.27,5e-08
Al_degrader_E10,0.32999999999999996,0.0
Al_degrader_E10,0.39,0.0
Al_degrader_E10,0.44999999999999996,0.0
Al_degrader_E10,0.51,0.0
Al_degrader_E10,0.5700000000000001,1e-07
Al_degrader_E10,0.6299999999999999,5e-08
Al_degrader_E10,0.69,0.0
Al_degrader_E10,0.75,0.0
Al_degrader_E10,0.81,0.0
Al_degrader_E10,0.8699999999999999,0.0
Al_degrader_E10,0.9299999999999999,1e-07
Al_degrader_E10,0.99,5e-08
Al_degrader_E10,1.05,0.0
Al_degrader_E10,1.1099999999999999,0.0
Al_degrader_E10,1.17,5e-08
Al_degrader_E10,1.23,1.5e-07
Al_degrader_E10,1.29,5e-08
Al_degrader_E10,1.3499999999999999,0.0
Al_degrader_E10,1.41,5e-08
Al_degrader_E10,1.47,1e-07
Al_degrader_E10,1.53,1.5e-07
Al_degrader_E10,1.5899999999999999,5e-08
Al_degrader_E10,1.65,5e-08
Al_degrader_E10,1.71,2e-07
Al_degrader_E10,1.77,1.5e-07
Al_degrader_E10,1.8299999999999998,5e-08
Al_degrader_E10,1.89,1.5e-07
Al_degrader_E10,1.95,1.5e-07
Al_degrader_E10,2.01,1e-07
Al_degrader_E10,2.0700000000000003,2e-07
Al_degrader_E10,2.13,5e-07
Al_degrader_E10,2.19,2e-07
Al_degrader_E10,2.25,2e-07
Al_degrader_E10,2.3099999999999996,3.5e-07
Al_degrader_E10,2.37,2.5e-07
Al_degrader_E10,2.4299999999999997,4e-07
Al_degrader_E10,2.49,7.5e-07
Al_degrader_E10,2.55,3.5e-07
Al_degrader_E10,2.61,2.5e-07
Al_degrader_E10,2.67,6.5e-07
Al_degrader_E10,2.7299999999999995,5.5e-07
Al_degrader_E10,2.79,1.1e-06
Al_degrader_E10,2.8499999999999996,9e-07
Al_degrader_E10,2.91,9.5e-07
Al_degrader_E10,2.9699999999999998,1e-06
Al_degrader_E10,3.0300000000000002,1.1e-06
Al_degrader_E10,3.09,1.45e-06
Al_degrader_E10,3.15,1.75e-06
Al_degrader_E10,3.21,1.3e-06
Al_degrader_E10,3.2699999999999996,2e-06
Al_degrader_E10,3.33,1.95e-06
Al_degrader_E10,3.3899999999999997,2.2e-06
Al_degrader_E10,3.45,3.05e-06
Al_degrader_E10,3.51,3e-06
Al_degrader_E10,3.57,3.4e-06
Al_degrader_E10,3.63,4.1e-06
Al_degrader_E10,3.6899999999999995,4.15e-06
Al_degrader_E10,3.75,4.7e-06
Al_degrader_E10,3.8099999999999996,6.2e-06
Al_degrader_E10,3.87,6.2e-06
Al_degrader_E10,3.9299999999999997,6.75e-06
Al_degrader_E10,3.9899999999999998,7.45e-06
Al_degrader_E10,4.05,9.45e-06
Al_degrader_E10,4.109999999999999,1e-05
Al_degrader_E10,4.17,1.06e-05
Al_degrader_E10,4.23,1.195e-05
Al_degrader_E10,4.29,1.505e-05
Al_degrader_E10,4.35,1.565e-05
Al_degrader_E10,4.41,1.755e-05
Al_degrader_E10,4.47,2e-05
Al_degrader_E10,4.529999999999999,2.115e-05
Al_degrader_E10,4.59,2.41e-05
Al_degrader_E10,4.65,2.72e-05
Al_degrader_E10,4.71,3.11e-05
Al_degrader_E10,4.77,3.255e-05
Al_degrader_E10,4.83,3.88e-05
Al_degrader_E10,4.89,4.14e-05
Al_degrader_E10,4.949999999999999,4.62e-05
Al_degrader_E10,5.01,5.25e-05
Al_degrader_E10,5.07,5.915e-05
Al_degrader_E10,5.13,6.61e-05
Al_degrader_E10,5.1899999999999995,7.365e-05
Al_degrader_E10,5.25,8.49e-05
Al_degrader_E10,5.31,9.265e-05
Al_degrader_E10,5.369999999999999,0.0001037
Al_degrader_E10,5.43,0.00011875
Al_degrader_E10,5.49,0.0001298
Al_degrader_E10,5.55,0.0001479
Al_degrader_E10,5.609999999999999,0.00016
Al_degrader_E10,5.67,0.00018305
Al_degrader_E10,5.73,0.00020595
Al_degrader_E10,5.789999999999999,0.00022395
Al_degrader_E10,5.85,0.00025175
Al_degrader_E10,5.91,0.00028305
Al_degrader_E10,5.97,0.0003102
Al_degrader_E10,6.029999999999999,0.00034715
Al_degrader_E10,6.09,0.00038985
Al_degrader_E10,6.15,0.00042475
Al_degrader_E10,6.21,0.00048
Al_degrader_E10,6.27,0.000529
Al_degrader_E10,6.33,0.0005838
Al_degrader_E10,6.39,0.00065665
Al_degrader_E10,6.449999999999999,0.0007107
Al_degrader_E10,6.51,0.0007903
Al_degrader_E10,6.57,0.00087185
Al_degrader_E10,6.63,0.00094955
Al_degrader_E10,6.6899999999999995,0.00105015
Al_degrader_E10,6.75,0.0011505
Al_degrader_E10,6.81,0.0012654
Al_degrader_E10,6.869999999999999,0.00138595
Al_degrader_E10,6.93,0.0015223
Al_degrader_E10,6.99,0.00164035
Al_degrader_E10,7.05,0.00180875
Al_degrader_E10,7.109999999999999,0.0019568
Al_degrader_E10,7.17,0.00212965
Al_degrader_E10,7.2299999999999995,0.00232005
Al_degrader_E10,7.289999999999999,0.0025193
Al_degrader_E10,7.35,0.00272605
Al_degrader_E10,7.41,0.00295945
Al_degrader_E10,7.47,0.0031862
Al_degrader_E10,7.529999999999999,0.0034508
Al_degrader_E10,7.59,0.0037045
Al_degrader_E10,7.65,0.0039914
Al_degrader_E10,7.709999999999999,0.0043002
Al_degrader_E10,7.77,0.0045983
Al_degrader_E10,7.83,0.00493185
Al_degrader_E10,7.89,0.0052666
Al_degrader_E10,7.949999999999999,0.00562095
Al_degrader_E10,8.01,0.0059962
Al_degrader_E10,8.07,0.00636815
Al_degrader_E10,8.129999999999999,0.0067964
Al_degrader_E10,8.19,0.0071743
Al_degrader_E10,8.25,0.00763205
Al_degrader_E10,8.309999999999999,0.0080618
Al_degrader_E10,8.370000000000001,0.0084861
Al_degrader_E10,8.43,0.0089816
Al_degrader_E10,8.489999999999998,0.0094094
Al_degrader_E10,8.55,0.0099083
Al_degrader_E10,8.61,0.01034885
Al_degrader_E10,8.67,0.01085265
Al_degrader_E10,8.73,0.01134035
Al_degrader_E10,8.79,0.01181135
Al_degrader_E10,8.85,0.0123107
Al_degrader_E10,8.91,0.01278115
Al_degrader_E10,8.969999999999999,0.01328545
Al_degrader_E10,9.030000000000001,0.01374145
Al_degrader_E10,9.09,0.01423505
Al_degrader_E10,9.149999999999999,0.0146642
Al_degrader_E10,9.21,0.01511275
Al_degrader_E10,9.27,0.0155182
Al_degrader_E10,9.329999999999998,0.015942
Al_degrader_E10,9.39,0.01633095
Al_degrader_E10,9.45,0.01666105
Al_degrader_E10,9.51,0.0170596
Al_degrader_E10,9.57,0.01731665
Al_degrader_E10,9.629999999999999,0.01764875
Al_degrader_E10,9.69,0.0178522
Al_degrader_E10,9.75,0.01814625
Al_degrader_E10,9.809999999999999,0.01828775
Al_degrader_E10,9.870000000000001,0.0184936
Al_degrader_E10,9.93,0.0185858
Al_degrader_E10,9.989999999999998,0.0186757
Al_degrader_E10,10.05,0.0187122
Al_degrader_E10,10.11,0.01872105
Al_degrader_E10,10.169999999999998,0.0186684
Al_degrader_E10,10.23,0.01860105
Al_degrader_E10,10.29,0.01847155
Al_degrader_E10,10.35,0.01830855
Al_degrader_E10,10.41,0.0181059
Al_degrader_E10,10.469999999999999,0.0178689
Al_degrader_E10,10.53,0.01757255
Al_degrader_E10,10.59,0.0172866
Al_degrader_E10,10.649999999999999,0.01690785
Al_degrader_E10,10.71,0.0165383
Al_degrader_E10,10.77,0.01610445
Al_degrader_E10,10.829999999999998,0.01566615
Al_degrader_E10,10.89,0.01516865
Al_degrader_E10,10.95,0.01468465
Al_degrader_E10,11.01,0.01416425
Al_degrader_E10,11.07,0.01362085
Al_degrader_E10,11.129999999999999,0.01306975
Al_degrader_E10,11.19,0.0124921
Al_degrader_E10,11.25,0.01189295
Al_degrader_E10,11.309999999999999,0.01131595
Al_degrader_E10,11.370000000000001,0.01070255
Al_degrader_E10,11.43,0.01011045
Al_degrader_E10,11.489999999999998,0.0095079
Al_degrader_E10,11.55,0.0089232
Al_degrader_E10,11.61,0.00833525
Al_degrader_E10,11.669999999999998,0.00776625
Al_degrader_E10,11.73,0.00722605
Al_degrader_E10,11.79,0.0066911
Al_degrader_E10,11.85,0.006171
Al_degrader_E10,11.91,0.00565515
Al_degrader_E10,11.969999999999999,0.00518185
Al_degrader_E10,12.03,0.0047215
Al_degrader_E10,12.09,0.0042764
Al_degrader_E10,12.149999999999999,0.00387185
Al_degrader_E10,12.21,0.0034762
Al_degrader_E10,12.27,0.0031352
Al_degrader_E10,12.329999999999998,0.0027952
Al_degrader_E10,12.39,0.0024916
Al_degrader_E10,12.45,0.0022066
Al_degrader_E10,12.51,0.00194255
Al_degrader_E10,12.57,0.00172465
Al_degrader_E10,12.629999999999999,0.0014935
Al_degrader_E10,12.69,0.001322
Al_degrader_E10,12.75,0.00113725
Al_degrader_E10,12.809999999999999,0.00097775
Al_degrader_E10,12.870000000000001,0.00084605
Al_degrader_E10,12.93,0.00071695
Al_degrader_E10,12.989999999999998,0.0006157
Al_degrader_E10,13.05,0.00052255
Al_degrader_E10,13.11,0.0004298
Al_degrader_E10,13.169999999999998,0.0003758
Al_degrader_E10,13.23,0.0003082
Al_degrader_E10,13.29,0.0002596
Al_degrader_E10,13.35,0.00021755
Al_degrader_E10,13.41,0.00017185
Al_degrader_E10,13.469999999999999,0.0001485
Al_degrader_E10,13.53,0.00012135
Al_degrader_E10,13.59,9.2e-05
Al_degrader_E10,13.649999999999999,7.815e-05
Al_degrader_E10,13.71,6.005e-05
Al_degrader_E10,13.77,4.975e-05
Al_degrader_E10,13.829999999999998,3.96e-05
Al_degrader_E10,13.89,2.905e-05
Al_degrader_E10,13.95,2.415e-05
Al_degrader_E10,14.009999999999998,1.93e-05
Al_degrader_E10,14.07,1.42e-05
Al_degrader_E10,14.129999999999999,1.14e-05
Al_degrader_E10,14.19,8.6e-06
Al_degrader_E10,14.25,6.5e-06
Al_degrader_E10,14.309999999999999,5.4e-06
Al_degrader_E10,14.37,3.75e-06
Al_degrader_E10,14.43,2.85e-06
Al_degrader_E10,14.489999999999998,2.1e-06
Al_degrader_E10,14.55,1.7e-06
Al_degrader_E10,14.61,1.35e-06
Al_degrader_E10,14.669999999999998,1e-06
Al_degrader_E10,14.73,7e-07
Al_degrader_E10,14.79,6.5e-07
Al_degrader_E10,14.85,4e-07
Al_degrader_E10,14.91,2.5e-07
Al_degrader_E10,14.969999999999999,3e-07
Al_degrader_E10,15.03,5e-08
Al_degrader_E10,15.09,1.5e-07
Al_degrader_E10,15.149999999999999,0.0
Al_degrader_E10,15.21,5e-08
Al_degrader_E10,15.27,5e-08
Al_degrader_E10,15.329999999999998,5e-08
Ni14,0.03,1.4888888888888888e-05
Ni14,0.09,1.111111111111111e-06
Ni14,0.15,6.666666666666667e-07
Ni14,0.21,8.888888888888889e-07
Ni14,0.27,1.4444444444444445e-06
Ni14,0.32999999999999996,4.4444444444444444e-07
Ni14,0.39,5.555555555555555e-07
Ni14,0.44999999999999996,8.888888888888889e-07
Ni14,0.51,1.3333333333333334e-06
Ni14,0.5700000000000001,5.555555555555555e-07
Ni14,0.6299999999999999,8.888888888888889e-07
Ni14,0.69,1.6666666666666667e-06
Ni14,0.75,1.2222222222222221e-06
Ni14,0.81,1.5555555555555556e-06
Ni14,0.8699999999999999,1.3333333333333334e-06
Ni14,0.9299999999999999,2.222222222222222e-06
Ni14,0.99,1.3333333333333334e-06
Ni14,1.05,2.333333333333333e-06
Ni14,1.1099999999999999,1.7777777777777777e-06
Ni14,1.17,2.5555555555555557e-06
Ni14,1.23,1.6666666666666667e-06
Ni14,1.29,3.4444444444444444e-06
Ni14,1.3499999999999999,2.333333333333333e-06
Ni14,1.41,3.2222222222222222e-06
Ni14,1.47,3.5555555555555555e-06
Ni14,1.53,3.2222222222222222e-06
Ni14,1.5899999999999999,4.555555555555555e-06
Ni14,1.65,3.888888888888889e-06
Ni14,1.71,4e-06
Ni14,1.77,5.777777777777778e-06
Ni14,1.8299999999999998,6.111111111111111e-06
Ni14,1.89,6.333333333333333e-06
Ni14,1.95,6.888888888888889e-06
Ni14,2.01,7.777777777777777e-06
Ni14,2.0700000000000003,9e-06
Ni14,2.13,9.333333333333333e-06
Ni14,2.19,9.444444444444445e-06
Ni14,2.25,1.2444444444444445e-05
Ni14,2.3099999999999996,1.2333333333333333e-05
Ni14,2.37,1.2e-05
Ni14,2.4299999999999997,1.4333333333333334e-05
Ni14,2.49,1.7333333333333332e-05
Ni14,2.55,1.7111111111111112e-05
Ni14,2.61,1.9666666666666666e-05
Ni14,2.67,2.077777777777778e-05
Ni14,2.7299999999999995,2.3333333333333332e-05
Ni14,2.79,2.5e-05
Ni14,2.8499999999999996,2.7444444444444443e-05
Ni14,2.91,3.411111111111111e-05
Ni14,2.9699999999999998,3.266666666666666e-05
Ni14,3.0300000000000002,3.688888888888889e-05
Ni14,3.09,4.344444444444444e-05
Ni14,3.15,4.388888888888889e-05
Ni14,3.21,4.988888888888889e-05
Ni14,3.2699999999999996,5.433333333333333e-05
Ni14,3.33,5.766666666666667e-05
Ni14,3.3899999999999997,6.488888888888889e-05
Ni14,3.45,7.133333333333334e-05
Ni14,3.51,7.4e-05
Ni14,3.57,8.822222222222223e-05
Ni14,3.63,9.3e-05
Ni14,3.6899999999999995,9.666666666666667e-05
Ni14,3.75,0.00011333333333333333
Ni14,3.8099999999999996,0.00012133333333333333
Ni14,3.87,0.00013022222222222222
Ni14,3.9299999999999997,0.00015066666666666668
Ni14,3.9899999999999998,0.00015655555555555556
Ni14,4.05,0.00018244444444444444
Ni14,4.109999999999999,0.0002011111111111111
Ni14,4.17,0.0002168888888888889
Ni14,4.23,0.00024733333333333335
Ni14,4.29,0.0002574444444444444
Ni14,4.35,0.00029655555555555555
Ni14,4.41,0.0003248888888888889
Ni14,4.47,0.0003498888888888889
Ni14,4.529999999999999,0.0003968888888888889
Ni14,4.59,0.0004116666666666667
Ni14,4.65,0.0004808888888888889
Ni14,4.71,0.0005108888888888889
Ni14,4.77,0.0005758888888888889
Ni14,4.83,0.0006324444444444445
Ni14,4.89,0.000678
Ni14,4.949999999999999,0.0007693333333333333
Ni14,5.01,0.0008174444444444444
Ni14,5.07,0.0009201111111111111
Ni14,5.13,0.0009957777777777777
Ni14,5.1899999999999995,0.001096
Ni14,5.25,0.0012031111111111112
Ni14,5.31,0.0013066666666666667
Ni14,5.369999999999999,0.0014466666666666666
Ni14,5.43,0.0015658888888888888
Ni14,5.49,0.0017037777777777778
Ni14,5.55,0.0018505555555555556
Ni14,5.609999999999999,0.0020173333333333332
Ni14,5.67,0.0021774444444444445
Ni14,5.73,0.0023826666666666666
Ni14,5.789999999999999,0.0025697777777777776
Ni14,5.85,0.002792666666666667
Ni14,5.91,0.003016777777777778
Ni14,5.97,0.0032741111111111113
Ni14,6.029999999999999,0.0035255555555555556
Ni14,6.09,0.0037865555555555556
Ni14,6.15,0.0040765555555555555
Ni14,6.21,0.0043746666666666665
Ni14,6.27,0.0046968888888888885
Ni14,6.33,0.005017666666666667
Ni14,6.39,0.005406222222222222
Ni14,6.449999999999999,0.005741111111111111
Ni14,6.51,0.006165
Ni14,6.57,0.006560555555555556
Ni14,6.63,0.006969777777777778
Ni14,6.6899999999999995,0.007463
Ni14,6.75,0.007893333333333334
Ni14,6.81,0.008382222222222221
Ni14,6.869999999999999,0.008860555555555556
Ni14,6.93,0.009368333333333333
Ni14,6.99,0.009864888888888888
Ni14,7.05,0.010407666666666667
Ni14,7.109999999999999,0.010934111111111111
Ni14,7.17,0.011458333333333333
Ni14,7.2299999999999995,0.012058
Ni14,7.289999999999999,0.012553777777777778
Ni14,7.35,0.013115777777777778
Ni14,7.41,0.013671333333333334
Ni14,7.47,0.01419
Ni14,7.529999999999999,0.014733444444444445
Ni14,7.59,0.015280222222222223
Ni14,7.65,0.01574722222222222
Ni14,7.709999999999999,0.016276666666666665
Ni14,7.77,0.016685111111111112
Ni14,7.83,0.01715222222222222
Ni14,7.89,0.017551
Ni14,7.949999999999999,0.017916555555555557
Ni14,8.01,0.018321333333333332
Ni14,8.07,0.018621444444444444
Ni14,8.129999999999999,0.018923333333333334
Ni14,8.19,0.019165333333333333
Ni14,8.25,0.019352555555555557
Ni14,8.309999999999999,0.01954877777777778
Ni14,8.370000000000001,0.01966588888888889
Ni14,8.43,0.019737555555555557
Ni14,8.489999999999998,0.019784555555555555
Ni14,8.55,0.019722777777777777
Ni14,8.61,0.019664222222222222
Ni14,8.67,0.019533
Ni14,8.73,0.01935
Ni14,8.79,0.019086111111111113
Ni14,8.85,0.018864333333333334
Ni14,8.91,0.018500666666666665
Ni14,8.969999999999999,0.018136333333333334
Ni14,9.030000000000001,0.017762444444444445
Ni14,9.09,0.01728733333333333
Ni14,9.149999999999999,0.016796111111111112
Ni14,9.21,0.016250333333333332
Ni14,9.27,0.015703333333333333
Ni14,9.329999999999998,0.01512888888888889
Ni14,9.39,0.014511777777777778
Ni14,9.45,0.01389911111111111
Ni14,9.51,0.013275555555555556
Ni14,9.57,0.012601777777777778
Ni14,9.629999999999999,0.01199588888888889
Ni14,9.69,0.01129
Ni14,9.75,0.010642444444444444
Ni14,9.809999999999999,0.009977666666666666
Ni14,9.870000000000001,0.009331111111111111
Ni14,9.93,0.008666555555555556
Ni14,9.989999999999998,0.008028444444444444
Ni14,10.05,0.007471333333333333
Ni14,10.11,0.006868222222222223
Ni14,10.169999999999998,0.006331444444444444
Ni14,10.23,0.005805222222222222
Ni14,10.29,0.005323777777777778
Ni14,10.35,0.004799222222222222
Ni14,10.41,0.004371444444444444
Ni14,10.469999999999999,0.003957444444444445
Ni14,10.53,0.0035675555555555556
Ni14,10.59,0.0031774444444444445
Ni14,10.649999999999999,0.0028566666666666666
Ni14,10.71,0.0025323333333333335
Ni14,10.77,0.0022526666666666667
Ni14,10.829999999999998,0.0019615555555555554
Ni14,10.89,0.0017428888888888889
Ni14,10.95,0.0015165555555555555
Ni14,11.01,0.0013307777777777777
Ni14,11.07,0.0011512222222222223
Ni14,11.129999999999999,0.0009951111111111111
Ni14,11.19,0.0008614444444444444
Ni14,11.25,0.000747
Ni14,11.309999999999999,0.000642
Ni14,11.370000000000001,0.0005498888888888889
Ni14,11.43,0.0004607777777777778
Ni14,11.489999999999998,0.00038655555555555557
Ni14,11.55,0.0003335555555555556
Ni14,11.61,0.0002754444444444444
Ni14,11.669999999999998,0.00022644444444444445
Ni14,11.73,0.00018266666666666667
Ni14,11.79,0.00015133333333333334
Ni14,11.85,0.00013066666666666665
Ni14,11.91,0.00010466666666666667
Ni14,11.969999999999999,8.1e-05
Ni14,12.03,6.788888888888888e-05
Ni14,12.09,5.333333333333333e-05
Ni14,12.149999999999999,4.433333333333333e-05
Ni14,12.21,3.522222222222222e-05
Ni14,12.27,2.7e-05
Ni14,12.329999999999998,2.077777777777778e-05
Ni14,12.39,1.8e-05
Ni14,12.45,1.3444444444444445e-05
Ni14,12.51,1.0666666666666667e-05
Ni14,12.57,8.222222222222222e-06
Ni14,12.629999999999999,6e-06
Ni14,12.69,5.444444444444445e-06
Ni14,12.75,4e-06
Ni14,12.809999999999999,3.111111111111111e-06
Ni14,12.870000000000001,2.5555555555555557e-06
Ni14,12.93,2.111111111111111e-06
Ni14,12.989999999999998,1.7777777777777777e-06
Ni14,13.05,1e-06
Ni14,13.11,7.777777777777778e-07
Ni14,13.169999999999998,8.888888888888889e-07
Ni14,13.23,4.4444444444444444e-07
Ni14,13.29,2.2222222222222222e-07
Ni14,13.35,2.2222222222222222e-07
Ni14,13.41,1.1111111111111111e-07
Ni14,13.469999999999999,1.1111111111111111e-07
Ni14,13.53,1.1111111111111111e-07
Ni14,13.59,0.0
Ni14,13.649999999999999,1.1111111111111111e-07
Sn14,0.03,6.0666666666666666e-05
Sn14,0.09,3e-06
Sn14,0.15,5.333333333333334e-06
Sn14,0.21,2.666666666666667e-06
Sn14,0.27,2.333333333333333e-06
Sn14,0.32999999999999996,3.6666666666666666e-06
Sn14,0.39,2.333333333333333e-06
Sn14,0.44999999999999996,2.666666666666667e-06
Sn14,0.51,1.6666666666666667e-06
Sn14,0.5700000000000001,4.333333333333333e-06
Sn14,0.6299999999999999,3.6666666666666666e-06
Sn14,0.69,6e-06
Sn14,0.75,3.3333333333333333e-06
Sn14,0.81,5.666666666666667e-06
Sn14,0.8699999999999999,4.666666666666666e-06
Sn14,0.9299999999999999,5e-06
Sn14,0.99,6.666666666666667e-06
Sn14,1.05,6.333333333333333e-06
Sn14,1.1099999999999999,5e-06
Sn14,1.17,7e-06
Sn14,1.23,6.333333333333333e-06
Sn14,1.29,1.1666666666666666e-05
Sn14,1.3499999999999999,1.0333333333333333e-05
Sn14,1.41,9.333333333333333e-06
Sn14,1.47,1.1666666666666666e-05
Sn14,1.53,1.4666666666666666e-05
Sn14,1.5899999999999999,1.7666666666666668e-05
Sn14,1.65,1.3666666666666667e-05
Sn14,1.71,1.5e-05
Sn14,1.77,1.7333333333333332e-05
Sn14,1.8299999999999998,2.6333333333333334e-05
Sn14,1.89,1.9666666666666666e-05
Sn14,1.95,2.4666666666666665e-05
Sn14,2.01,2.5333333333333334e-05
Sn14,2.0700000000000003,3.1666666666666666e-05
Sn14,2.13,2.5666666666666666e-05
Sn14,2.19,3.3e-05
Sn14,2.25,3.4666666666666665e-05
Sn14,2.3099999999999996,3.8e-05
Sn14,2.37,3.933333333333333e-05
Sn14,2.4299999999999997,4.966666666666667e-05
Sn14,2.49,4.6666666666666665e-05
Sn14,2.55,5.566666666666667e-05
Sn14,2.61,5.8e-05
Sn14,2.67,6.333333333333333e-05
Sn14,2.7299999999999995,7.533333333333334e-05
Sn14,2.79,7.3e-05
Sn14,2.8499999999999996,8.566666666666667e-05
Sn14,2.91,8.766666666666667e-05
Sn14,2.9699999999999998,9.2e-05
Sn14,3.0300000000000002,0.00010966666666666667
Sn14,3.09,0.00010866666666666666
Sn14,3.15,0.00011466666666666667
Sn14,3.21,0.00013833333333333333
Sn14,3.2699999999999996,0.000143
Sn14,3.33,0.000148
Sn14,3.3899999999999997,0.00016366666666666667
Sn14,3.45,0.00018966666666666668
Sn14,3.51,0.00018566666666666666
Sn14,3.57,0.00022566666666666666
Sn14,3.63,0.000248
Sn14,3.6899999999999995,0.0002663333333333333
Sn14,3.75,0.000295
Sn14,3.8099999999999996,0.0003263333333333333
Sn14,3.87,0.00035466666666666665
Sn14,3.9299999999999997,0.0004133333333333333
Sn14,3.9899999999999998,0.00041966666666666666
Sn14,4.05,0.0004943333333333334
Sn14,4.109999999999999,0.0005243333333333334
Sn14,4.17,0.0005586666666666666
Sn14,4.23,0.000632
Sn14,4.29,0.0006416666666666667
Sn14,4.35,0.0007433333333333334
Sn14,4.41,0.0008023333333333333
Sn14,4.47,0.000859
Sn14,4.529999999999999,0.0009586666666666667
Sn14,4.59,0.0010216666666666666
Sn14,4.65,0.001143
Sn14,4.71,0.0012216666666666667
Sn14,4.77,0.0013506666666666667
Sn14,4.83,0.0014366666666666666
Sn14,4.89,0.001567
Sn14,4.949999999999999,0.0017376666666666667
Sn14,5.01,0.001874
Sn14,5.07,0.0020396666666666666
Sn14,5.13,0.002239333333333333
Sn14,5.1899999999999995,0.002387
Sn14,5.25,0.0025793333333333332
Sn14,5.31,0.002774
Sn14,5.369999999999999,0.0029603333333333335
Sn14,5.43,0.0032263333333333332
Sn14,5.49,0.003384
Sn14,5.55,0.003704666666666667
Sn14,5.609999999999999,0.003909666666666666
Sn14,5.67,0.004272333333333334
Sn14,5.73,0.00456
Sn14,5.789999999999999,0.004914
Sn14,5.85,0.005177
Sn14,5.91,0.0055706666666666665
Sn14,5.97,0.0058393333333333335
Sn14,6.029999999999999,0.006276
Sn14,6.09,0.006568
Sn14,6.15,0.007087666666666667
Sn14,6.21,0.007497
Sn14,6.27,0.007985
Sn14,6.33,0.008458
Sn14,6.39,0.008880333333333334
Sn14,6.449999999999999,0.009473
Sn14,6.51,0.00982
Sn14,6.57,0.010403666666666667
Sn14,6.63,0.010882333333333334
Sn14,6.6899999999999995,0.011467666666666666
Sn14,6.75,0.011969333333333334
Sn14,6.81,0.012474666666666667
Sn14,6.869999999999999,0.012939
Sn14,6.93,0.013484333333333333
Sn14,6.99,0.013929333333333333
Sn14,7.05,0.014477666666666666
Sn14,7.109999999999999,0.014933333333333333
Sn14,7.17,0.015509
Sn14,7.2299999999999995,0.015889666666666667
Sn14,7.289999999999999,0.016455333333333332
Sn14,7.35,0.016745333333333334
Sn14,7.41,0.017304333333333335
Sn14,7.47,0.017479333333333333
Sn14,7.529999999999999,0.017964666666666667
Sn14,7.59,0.018221333333333332
Sn14,7.65,0.018442
Sn14,7.709999999999999,0.018615333333333334
Sn14,7.77,0.018847333333333334
Sn14,7.83,0.018957333333333333
Sn14,7.89,0.019077666666666666
Sn14,7.949999999999999,0.019288666666666666
Sn14,8.01,0.019275333333333332
Sn14,8.07,0.019320666666666667
Sn14,8.129999999999999,0.019248333333333333
Sn14,8.19,0.01932
Sn14,8.25,0.019009
Sn14,8.309999999999999,0.018866
Sn14,8.370000000000001,0.018658333333333332
Sn14,8.43,0.018156666666666668
Sn14,8.489999999999998,0.017875666666666668
Sn14,8.55,0.01735333333333333
Sn14,8.61,0.016984
Sn14,8.67,0.016476666666666667
Sn14,8.73,0.016002
Sn14,8.79,0.015556333333333333
Sn14,8.85,0.015058333333333333
Sn14,8.91,0.01445
Sn14,8.969999999999999,0.014013666666666667
Sn14,9.030000000000001,0.013383666666666667
Sn14,9.09,0.012712666666666667
Sn14,9.149999999999999,0.012075333333333334
Sn14,9.21,0.011402333333333334
Sn14,9.27,0.010803333333333333
Sn14,9.329999999999998,0.010004666666666667
Sn14,9.39,0.009440666666666667
Sn14,9.45,0.008845666666666667
Sn14,9.51,0.008205666666666667
Sn14,9.57,0.007645666666666667
Sn14,9.629999999999999,0.007063333333333333
Sn14,9.69,0.006439333333333333
Sn14,9.75,0.005985666666666667
Sn14,9.809999999999999,0.005467
Sn14,9.870000000000001,0.0050546666666666665
Sn14,9.93,0.004635666666666666
Sn14,9.989999999999998,0.004187
Sn14,10.05,0.003771
Sn14,10.11,0.003428
Sn14,10.169999999999998,0.003026333333333333
Sn14,10.23,0.0027186666666666665
Sn14,10.29,0.002423666666666667
Sn14,10.35,0.0020826666666666667
Sn14,10.41,0.0018443333333333332
Sn14,10.469999999999999,0.0016386666666666667
Sn14,10.53,0.001442
Sn14,10.59,0.001239
Sn14,10.649999999999999,0.0011406666666666666
Sn14,10.71,0.0009526666666666667
Sn14,10.77,0.000824
Sn14,10.829999999999998,0.000753
Sn14,10.89,0.000609
Sn14,10.95,0.0005416666666666666
Sn14,11.01,0.0004496666666666667
Sn14,11.07,0.00037
Sn14,11.129999999999999,0.00031266666666666666
Sn14,11.19,0.0002573333333333333
Sn14,11.25,0.00022966666666666667
Sn14,11.309999999999999,0.00017966666666666668
Sn14,11.370000000000001,0.00014533333333333333
Sn14,11.43,0.00011766666666666666
Sn14,11.489999999999998,0.000102
Sn14,11.55,8.833333333333333e-05
Sn14,11.61,6.666666666666667e-05
Sn14,11.669999999999998,5.266666666666667e-05
Sn14,11.73,3.933333333333333e-05
Sn14,11.79,3.5333333333333336e-05
Sn14,11.85,2.8666666666666668e-05
Sn14,11.91,2.0666666666666666e-05
Sn14,11.969999999999999,1.8333333333333333e-05
Sn14,12.03,1.2e-05
Sn14,12.09,1.0333333333333333e-05
Sn14,12.149999999999999,7.666666666666667e-06
Sn14,12.21,5.333333333333334e-06
Sn14,12.27,5.666666666666667e-06
Sn14,12.329999999999998,4.333333333333333e-06
Sn14,12.39,3.3333333333333333e-06
Sn14,12.45,3.6666666666666666e-06
Sn14,12.51,2.333333333333333e-06
Sn14,12.57,1.3333333333333334e-06
Sn14,12.629999999999999,2e-06
Sn14,12.69,1e-06
Sn14,12.75,6.666666666666667e-07
Sn14,12.809999999999999,0.0
Sn14,12.870000000000001,0.0
Sn14,12.93,3.3333333333333335e-07
Sn14,12.989999999999998,3.3333333333333335e-07
Sn14,13.05,0.0
Sn14,13.11,3.3333333333333335e-07
Ta14,0.03,0.00020175
Ta14,0.09,1.5375e-05
Ta14,0.15,1.2e-05
Ta14,0.21,8.875e-06
Ta14,0.27,6.5e-06
Ta14,0.32999999999999996,7.875e-06
Ta14,0.39,7.5e-06
Ta14,0.44999999999999996,1e-05
Ta14,0.51,1.1e-05
Ta14,0.5700000000000001,1.1375e-05
Ta14,0.6299999999999999,1.3e-05
Ta14,0.69,1.1125e-05
Ta14,0.75,1.575e-05
Ta14,0.81,1.6625e-05
Ta14,0.8699999999999999,1.7125e-05
Ta14,0.9299999999999999,1.8125e-05
Ta14,0.99,2.075e-05
Ta14,1.05,2.225e-05
Ta14,1.1099999999999999,2.3875e-05
Ta14,1.17,2.4875e-05
Ta14,1.23,2.5625e-05
Ta14,1.29,3e-05
Ta14,1.3499999999999999,3.2875e-05
Ta14,1.41,3.4125e-05
Ta14,1.47,3.5375e-05
Ta14,1.53,4.025e-05
Ta14,1.5899999999999999,4.3375e-05
Ta14,1.65,4.3625e-05
Ta14,1.71,4.6375e-05
Ta14,1.77,5.3125e-05
Ta14,1.8299999999999998,5.6625e-05
Ta14,1.89,5.6125e-05
Ta14,1.95,6.5625e-05
Ta14,2.01,6.95e-05
Ta14,2.0700000000000003,7.225e-05
Ta14,2.13,8.075e-05
Ta14,2.19,8.75e-05
Ta14,2.25,8.9875e-05
Ta14,2.3099999999999996,9.8375e-05
Ta14,2.37,0.00010975
Ta14,2.4299999999999997,0.000111
Ta14,2.49,0.00012625
Ta14,2.55,0.00014125
Ta14,2.61,0.000143375
Ta14,2.67,0.000161375
Ta14,2.7299999999999995,0.00017575
Ta14,2.79,0.00018825
Ta14,2.8499999999999996,0.00020625
Ta14,2.91,0.000217375
Ta14,2.9699999999999998,0.000245875
Ta14,3.0300000000000002,0.000266
Ta14,3.09,0.000293875
Ta14,3.15,0.000302
Ta14,3.21,0.000339
Ta14,3.2699999999999996,0.000369
Ta14,3.33,0.00039125
Ta14,3.3899999999999997,0.00044175
Ta14,3.45,0.000467625
Ta14,3.51,0.000511875
Ta14,3.57,0.000552625
Ta14,3.63,0.000612
Ta14,3.6899999999999995,0.000654375
Ta14,3.75,0.000702125
Ta14,3.8099999999999996,0.00077325
Ta14,3.87,0.000820875
Ta14,3.9299999999999997,0.000913875
Ta14,3.9899999999999998,0.00097525
Ta14,4.05,0.001044875
Ta14,4.109999999999999,0.001148625
Ta14,4.17,0.00123275
Ta14,4.23,0.001337
Ta14,4.29,0.00145975
Ta14,4.35,0.001563375
Ta14,4.41,0.001703875
Ta14,4.47,0.00181375
Ta14,4.529999999999999,0.001962625
Ta14,4.59,0.002099
Ta14,4.65,0.002268625
Ta14,4.71,0.002428125
Ta14,4.77,0.002624875
Ta14,4.83,0.002789
Ta14,4.89,0.003021625
Ta14,4.949999999999999,0.0032265
Ta14,5.01,0.003453875
Ta14,5.07,0.003692125
Ta14,5.13,0.0039185
Ta14,5.1899999999999995,0.004171125
Ta14,5.25,0.004449625
Ta14,5.31,0.004724
Ta14,5.369999999999999,0.00504225
Ta14,5.43,0.005347375
Ta14,5.49,0.005736125
Ta14,5.55,0.006027375
Ta14,5.609999999999999,0.006419
Ta14,5.67,0.00678975
Ta14,5.73,0.00717275
Ta14,5.789999999999999,0.00755525
Ta14,5.85,0.00796075
Ta14,5.91,0.008421875
Ta14,5.97,0.008838625
Ta14,6.029999999999999,0.0093265
Ta14,6.09,0.00974175
Ta14,6.15,0.01024225
Ta14,6.21,0.010665875
Ta14,6.27,0.0111505
Ta14,6.33,0.01161975
Ta14,6.39,0.012077125
Ta14,6.449999999999999,0.01258375
Ta14,6.51,0.01302275
Ta14,6.57,0.013459375
Ta14,6.63,0.01399075
Ta14,6.6899999999999995,0.014358625
Ta14,6.75,0.014890125
Ta14,6.81,0.015250875
Ta14,6.869999999999999,0.015642
Ta14,6.93,0.016071
Ta14,6.99,0.016428125
Ta14,7.05,0.01674975
Ta14,7.109999999999999,0.017045625
Ta14,7.17,0.017366625
Ta14,7.2299999999999995,0.017604375
Ta14,7.289999999999999,0.01778375
Ta14,7.35,0.018074625
Ta14,7.41,0.0181735
Ta14,7.47,0.018268375
Ta14,7.529999999999999,0.018448125
Ta14,7.59,0.0184685
Ta14,7.65,0.0184835
Ta14,7.709999999999999,0.018456625
Ta14,7.77,0.018423875
Ta14,7.83,0.018300375
Ta14,7.89,0.018123
Ta14,7.949999999999999,0.0179455
Ta14,8.01,0.017675875
Ta14,8.07,0.017326625
Ta14,8.129999999999999,0.017103625
Ta14,8.19,0.016663625
Ta14,8.25,0.016214625
Ta14,8.309999999999999,0.015890375
Ta14,8.370000000000001,0.0154115
Ta14,8.43,0.014898875
Ta14,8.489999999999998,0.01444575
Ta14,8.55,0.013927125
Ta14,8.61,0.0134025
Ta14,8.67,0.012796625
Ta14,8.73,0.0122815
Ta14,8.79,0.0117105
Ta14,8.85,0.0110935
Ta14,8.91,0.010469125
Ta14,8.969999999999999,0.0098925
Ta14,9.030000000000001,0.0093225
Ta14,9.09,0.008688875
Ta14,9.149999999999999,0.0081255
Ta14,9.21,0.007530125
Ta14,9.27,0.007060125
Ta14,9.329999999999998,0.00652725
Ta14,9.39,0.00604875
Ta14,9.45,0.005561
Ta14,9.51,0.005084
Ta14,9.57,0.0046795
Ta14,9.629999999999999,0.004255125
Ta14,9.69,0.003886125
Ta14,9.75,0.003533375
Ta14,9.809999999999999,0.003175375
Ta14,9.870000000000001,0.00284725
Ta14,9.93,0.002539125
Ta14,9.989999999999998,0.002266
Ta14,10.05,0.002010125
Ta14,10.11,0.00178225
Ta14,10.169999999999998,0.0015805
Ta14,10.23,0.001379875
Ta14,10.29,0.001209
Ta14,10.35,0.00105775
Ta14,10.41,0.00093175
Ta14,10.469999999999999,0.00082075
Ta14,10.53,0.000704625
Ta14,10.59,0.000598375
Ta14,10.649999999999999,0.000522375
Ta14,10.71,0.00043825
Ta14,10.77,0.0003805
Ta14,10.829999999999998,0.000323125
Ta14,10.89,0.00026325
Ta14,10.95,0.000222
Ta14,11.01,0.00018125
Ta14,11.07,0.000156375
Ta14,11.129999999999999,0.000127375
Ta14,11.19,0.0001055
Ta14,11.25,8.5e-05
Ta14,11.309999999999999,7.0125e-05
Ta14,11.370000000000001,5.8e-05
Ta14,11.43,4.525e-05
Ta14,11.489999999999998,3.7625e-05
Ta14,11.55,3.025e-05
Ta14,11.61,2.2375e-05
Ta14,11.669999999999998,1.8375e-05
Ta14,11.73,1.5375e-05
Ta14,11.79,1.1375e-05
Ta14,11.85,9.875e-06
Ta14,11.91,7.125e-06
Ta14,11.969999999999999,6e-06
Ta14,12.03,5e-06
Ta14,12.09,3.75e-06
Ta14,12.149999999999999,2.875e-06
Ta14,12.21,2.5e-06
Ta14,12.27,2.125e-06
Ta14,12.329999999999998,1.375e-06
Ta14,12.39,1e-06
Ta14,12.45,8.75e-07
Ta14,12.51,7.5e-07
Ta14,12.57,3.75e-07
Ta14,12.629999999999999,3.75e-07
Ta14,12.69,1.25e-07
Ta14,12.75,1.25e-07
Ta14,12.809999999999999,1.25e-07
Ta14,12.870000000000001,1.25e-07
Ta14,12.93,1.25e-07
Cu14,0.03,0.0013761818181818183
Cu14,0.09,6.890909090909091e-05
Cu14,0.15,6.072727272727273e-05
Cu14,0.21,4.9181818181818183e-05
Cu14,0.27,4.0818181818181815e-05
Cu14,0.32999999999999996,4.0272727272727274e-05
Cu14,0.39,4.318181818181818e-05
Cu14,0.44999999999999996,5.2818181818181816e-05
Cu14,0.51,5.1181818181818185e-05
Cu14,0.5700000000000001,5.4e-05
Cu14,0.6299999999999999,6.345454545454546e-05
Cu14,0.69,6.654545454545455e-05
Cu14,0.75,6.709090909090909e-05
Cu14,0.81,7.945454545454545e-05
Cu14,0.8699999999999999,7.954545454545455e-05
Cu14,0.9299999999999999,8.963636363636364e-05
Cu14,0.99,9.427272727272728e-05
Cu14,1.05,0.00010172727272727273
Cu14,1.1099999999999999,0.00010854545454545455
Cu14,1.17,0.0001180909090909091
Cu14,1.23,0.00012672727272727274
Cu14,1.29,0.000132
Cu14,1.3499999999999999,0.000143
Cu14,1.41,0.00015709090909090908
Cu14,1.47,0.00016427272727272729
Cu14,1.53,0.00017381818181818183
Cu14,1.5899999999999999,0.00018345454545454546
Cu14,1.65,0.00021027272727272727
Cu14,1.71,0.00021
Cu14,1.77,0.00022581818181818182
Cu14,1.8299999999999998,0.0002534545454545455
Cu14,1.89,0.0002610909090909091
Cu14,1.95,0.00027909090909090906
Cu14,2.01,0.00031190909090909094
Cu14,2.0700000000000003,0.0003219090909090909
Cu14,2.13,0.0003462727272727273
Cu14,2.19,0.00038436363636363635
Cu14,2.25,0.00039509090909090906
Cu14,2.3099999999999996,0.0004294545454545455
Cu14,2.37,0.0004631818181818182
Cu14,2.4299999999999997,0.000489
Cu14,2.49,0.000537909090909091
Cu14,2.55,0.0005678181818181818
Cu14,2.61,0.000607
Cu14,2.67,0.0006575454545454545
Cu14,2.7299999999999995,0.0006933636363636364
Cu14,2.79,0.0007525454545454545
Cu14,2.8499999999999996,0.0008080909090909091
Cu14,2.91,0.0008629090909090909
Cu14,2.9699999999999998,0.0009236363636363637
Cu14,3.0300000000000002,0.0009916363636363636
Cu14,3.09,0.0010602727272727272
Cu14,3.15,0.0011362727272727273
Cu14,3.21,0.0012176363636363637
Cu14,3.2699999999999996,0.0012918181818181817
Cu14,3.33,0.0013988181818181818
Cu14,3.3899999999999997,0.0014788181818181818
Cu14,3.45,0.0015918181818181819
Cu14,3.51,0.0016842727272727272
Cu14,3.57,0.0018104545454545454
Cu14,3.63,0.0019226363636363636
Cu14,3.6899999999999995,0.002060181818181818
Cu14,3.75,0.0021795454545454544
Cu14,3.8099999999999996,0.0023435454545454545
Cu14,3.87,0.0024844545454545453
Cu14,3.9299999999999997,0.0026635454545454545
Cu14,3.9899999999999998,0.002821
Cu14,4.05,0.002996181818181818
Cu14,4.109999999999999,0.0031687272727272727
Cu14,4.17,0.003368909090909091
Cu14,4.23,0.0035764545454545454
Cu14,4.29,0.0037845454545454545
Cu14,4.35,0.004011
Cu14,4.41,0.004243181818181818
Cu14,4.47,0.004497636363636363
Cu14,4.529999999999999,0.004765
Cu14,4.59,0.005005909090909091
Cu14,4.65,0.005320636363636363
Cu14,4.71,0.005590727272727272
Cu14,4.77,0.005928272727272727
Cu14,4.83,0.006220181818181818
Cu14,4.89,0.006546818181818181
Cu14,4.949999999999999,0.0068889090909090905
Cu14,5.01,0.0072257272727272726
Cu14,5.07,0.007580727272727273
Cu14,5.13,0.007947181818181819
Cu14,5.1899999999999995,0.008331818181818182
Cu14,5.25,0.008735636363636364
Cu14,5.31,0.009084727272727272
Cu14,5.369999999999999,0.009506272727272728
Cu14,5.43,0.009902
Cu14,5.49,0.010305545454545454
Cu14,5.55,0.010683909090909091
Cu14,5.609999999999999,0.011114363636363636
Cu14,5.67,0.011543090909090909
Cu14,5.73,0.01191109090909091
Cu14,5.789999999999999,0.012350727272727272
Cu14,5.85,0.012716272727272727
Cu14,5.91,0.013127181818181817
Cu14,5.97,0.01351590909090909
Cu14,6.029999999999999,0.013880909090909091
Cu14,6.09,0.01427590909090909
Cu14,6.15,0.01462
Cu14,6.21,0.014931545454545454
Cu14,6.27,0.015232818181818182
Cu14,6.33,0.015583
Cu14,6.39,0.015808909090909092
Cu14,6.449999999999999,0.01608981818181818
Cu14,6.51,0.01633790909090909
Cu14,6.57,0.016598
Cu14,6.63,0.01671009090909091
Cu14,6.6899999999999995,0.016880636363636365
Cu14,6.75,0.017033636363636362
Cu14,6.81,0.017204818181818182
Cu14,6.869999999999999,0.017185
Cu14,6.93,0.017279545454545454
Cu14,6.99,0.01724009090909091
Cu14,7.05,0.01725309090909091
Cu14,7.109999999999999,0.017200272727272727
Cu14,7.17,0.017079636363636363
Cu14,7.2299999999999995,0.016959181818181818
Cu14,7.289999999999999,0.016738363636363638
Cu14,7.35,0.016572
Cu14,7.41,0.016312545454545455
Cu14,7.47,0.01602990909090909
Cu14,7.529999999999999,0.015762454545454545
Cu14,7.59,0.015422454545454545
Cu14,7.65,0.015016818181818182
Cu14,7.709999999999999,0.014653818181818181
Cu14,7.77,0.014208909090909091
Cu14,7.83,0.013835818181818182
Cu14,7.89,0.013342181818181819
Cu14,7.949999999999999,0.01291
Cu14,8.01,0.012424363636363636
Cu14,8.07,0.011929090909090908
Cu14,8.129999999999999,0.011393818181818182
Cu14,8.19,0.010899818181818182
Cu14,8.25,0.010384454545454546
Cu14,8.309999999999999,0.009842909090909091
Cu14,8.370000000000001,0.009318818181818182
Cu14,8.43,0.008798636363636364
Cu14,8.489999999999998,0.008245545454545455
Cu14,8.55,0.007715545454545455
Cu14,8.61,0.007220909090909091
Cu14,8.67,0.006751090909090909
Cu14,8.73,0.006305909090909091
Cu14,8.79,0.005854545454545454
Cu14,8.85,0.005407636363636364
Cu14,8.91,0.004991
Cu14,8.969999999999999,0.004584272727272728
Cu14,9.030000000000001,0.004212181818181818
Cu14,9.09,0.0038549090909090907
Cu14,9.149999999999999,0.0035295454545454545
Cu14,9.21,0.003197818181818182
Cu14,9.27,0.0028916363636363636
Cu14,9.329999999999998,0.0026046363636363637
Cu14,9.39,0.0023432727272727273
Cu14,9.45,0.0020907272727272727
Cu14,9.51,0.0018661818181818183
Cu14,9.57,0.0016622727272727273
Cu14,9.629999999999999,0.0014689090909090908
Cu14,9.69,0.0013009090909090909
Cu14,9.75,0.0011518181818181818
Cu14,9.809999999999999,0.001008
Cu14,9.870000000000001,0.0008913636363636363
Cu14,9.93,0.0007781818181818182
Cu14,9.989999999999998,0.0006833636363636364
Cu14,10.05,0.0005851818181818181
Cu14,10.11,0.000509
Cu14,10.169999999999998,0.000437
Cu14,10.23,0.0003731818181818182
Cu14,10.29,0.0003192727272727273
Cu14,10.35,0.00027072727272727274
Cu14,10.41,0.00022463636363636362
Cu14,10.469999999999999,0.000191
Cu14,10.53,0.00015745454545454545
Cu14,10.59,0.00013536363636363637
Cu14,10.649999999999999,0.00010981818181818182
Cu14,10.71,9.018181818181818e-05
Cu14,10.77,7.4e-05
Cu14,10.829999999999998,6.19090909090909e-05
Cu14,10.89,5.072727272727273e-05
Cu14,10.95,4.1e-05
Cu14,11.01,3.309090909090909e-05
Cu14,11.07,2.709090909090909e-05
Cu14,11.129999999999999,2.1272727272727273e-05
Cu14,11.19,1.7727272727272726e-05
Cu14,11.25,1.3454545454545455e-05
Cu14,11.309999999999999,1.0727272727272727e-05
Cu14,11.370000000000001,8.90909090909091e-06
Cu14,11.43,6.272727272727273e-06
Cu14,11.489999999999998,5.8181818181818185e-06
Cu14,11.55,4.636363636363636e-06
Cu14,11.61,3.5454545454545454e-06
Cu14,11.669999999999998,2.818181818181818e-06
Cu14,11.73,2.818181818181818e-06
Cu14,11.79,1.818181818181818e-06
Cu14,11.85,1.6363636363636365e-06
Cu14,11.91,1e-06
Cu14,11.969999999999999,8.181818181818182e-07
Cu14,12.03,7.272727272727273e-07
Cu14,12.09,4.545454545454545e-07
Cu14,12.149999999999999,2.7272727272727274e-07
Cu14,12.21,1.8181818181818183e-07
Cu14,12.27,9.090909090909091e-08
Cu14,12.329999999999998,1.8181818181818183e-07
Cu14,12.39,9.090909090909091e-08
Cu14,12.45,9.090909090909091e-08
Cu14,12.51,9.090909090909091e-08
