name,energy,flux
Ni08,27.57,6.666666666666667e-07
Ni08,27.63,3.3333333333333335e-07
Ni08,27.689999999999998,1e-06
Ni08,27.75,2e-06
Ni08,27.81,2.333333333333333e-06
Ni08,27.869999999999997,4.666666666666666e-06
Ni08,27.93,1.2e-05
Ni08,27.99,1.2666666666666667e-05
Ni08,28.049999999999997,3.0333333333333333e-05
Ni08,28.11,5.066666666666667e-05
Ni08,28.17,8.066666666666667e-05
Ni08,28.229999999999997,0.00012366666666666667
Ni08,28.29,0.00019566666666666666
Ni08,28.35,0.000281
Ni08,28.409999999999997,0.000436
Ni08,28.47,0.0006276666666666667
Ni08,28.53,0.0009213333333333334
Ni08,28.589999999999996,0.001308
Ni08,28.65,0.0018476666666666667
Ni08,28.71,0.0025773333333333334
Ni08,28.769999999999996,0.0034593333333333334
Ni08,28.83,0.004657333333333334
Ni08,28.89,0.0061073333333333335
Ni08,28.95,0.007947
Ni08,29.009999999999998,0.010137666666666666
Ni08,29.07,0.012481
Ni08,29.13,0.015553666666666667
Ni08,29.189999999999998,0.018634666666666667
Ni08,29.25,0.022262
Ni08,29.31,0.026076666666666668
Ni08,29.369999999999997,0.02976233333333333
Ni08,29.43,0.03392133333333333
Ni08,29.49,0.037609
Ni08,29.549999999999997,0.04135
Ni08,29.61,0.044642666666666664
Ni08,29.67,0.047320666666666664
Ni08,29.729999999999997,0.04932333333333333
Ni08,29.79,0.050819
Ni08,29.85,0.05115733333333333
Ni08,29.909999999999997,0.050971333333333334
Ni08,29.97,0.049672666666666664
Ni08,30.03,0.047886
Ni08,30.089999999999996,0.04512133333333333
Ni08,30.15,0.041964
Ni08,30.21,0.03848633333333333
Ni08,30.269999999999996,0.034423
Ni08,30.33,0.030642333333333334
Ni08,30.39,0.026510333333333334
Ni08,30.45,0.022725333333333333
Ni08,30.509999999999998,0.019126
Ni08,30.57,0.015763666666666665
Ni08,30.63,0.012984
Ni08,30.689999999999998,0.010265666666666666
Ni08,30.75,0.008151333333333333
Ni08,30.81,0.0063163333333333335
Ni08,30.869999999999997,0.004770666666666667
Ni08,30.93,0.0036293333333333334
Ni08,30.99,0.0026186666666666667
Ni08,31.049999999999997,0.001957
Ni08,31.11,0.0013816666666666667
Ni08,31.17,0.0009703333333333334
Ni08,31.229999999999997,0.0006646666666666667
Ni08,31.29,0.0004386666666666667
Ni08,31.35,0.00030866666666666667
Ni08,31.409999999999997,0.000184
Ni08,31.47,0.00012366666666666667
Ni08,31.53,8.566666666666667e-05
Ni08,31.589999999999996,4.5333333333333335e-05
Ni08,31.65,3.0333333333333333e-05
Ni08,31.71,1.8e-05
Ni08,31.769999999999996,1.1333333333333334e-05
Ni08,31.83,8.333333333333334e-06
Ni08,31.89,2.333333333333333e-06
Ni08,31.95,1.6666666666666667e-06
Ni08,32.01,6.666666666666667e-07
Ni08,32.07,3.3333333333333335e-07
Ni08,32.129999999999995,3.3333333333333335e-07
Ni08,32.19,0.0
Ni08,32.25,3.3333333333333335e-07
Ni08,32.31,0.0
Ni08,32.37,3.3333333333333335e-07
Sn08,27.45,3.3333333333333335e-07
Sn08,27.509999999999998,1e-06
Sn08,27.57,1.3333333333333334e-06
Sn08,27.63,2.333333333333333e-06
Sn08,27.689999999999998,4.666666666666666e-06
Sn08,27.75,3.6666666666666666e-06
Sn08,27.81,9.333333333333333e-06
Sn08,27.869999999999997,1.9e-05
Sn08,27.93,3.6666666666666666e-05
Sn08,27.99,5.966666666666667e-05
Sn08,28.049999999999997,0.00010433333333333334
Sn08,28.11,0.00015533333333333333
Sn08,28.17,0.000248
Sn08,28.229999999999997,0.000356
Sn08,28.29,0.0005443333333333333
Sn08,28.35,0.0007806666666666667
Sn08,28.409999999999997,0.001114
Sn08,28.47,0.001632
Sn08,28.53,0.002288333333333333
Sn08,28.589999999999996,0.0032083333333333334
Sn08,28.65,0.004353666666666666
Sn08,28.71,0.005775666666666667
Sn08,28.769999999999996,0.007513666666666667
Sn08,28.83,0.009647666666666667
Sn08,28.89,0.012314666666666666
Sn08,28.95,0.015311666666666666
Sn08,29.009999999999998,0.018651333333333332
Sn08,29.07,0.022198666666666665
Sn08,29.13,0.026213
Sn08,29.189999999999998,0.030229333333333334
Sn08,29.25,0.03440733333333333
Sn08,29.31,0.038533333333333336
Sn08,29.369999999999997,0.04241933333333334
Sn08,29.43,0.045868
Sn08,29.49,0.048675
Sn08,29.549999999999997,0.050903
Sn08,29.61,0.05236233333333333
Sn08,29.67,0.05260566666666667
Sn08,29.729999999999997,0.052013
Sn08,29.79,0.050833333333333335
Sn08,29.85,0.04866433333333333
Sn08,29.909999999999997,0.04574466666666667
Sn08,29.97,0.04225266666666667
Sn08,30.03,0.038443333333333336
Sn08,30.089999999999996,0.034098666666666666
Sn08,30.15,0.029789333333333334
Sn08,30.21,0.025640666666666666
Sn08,30.269999999999996,0.021908666666666667
Sn08,30.33,0.018234
Sn08,30.39,0.014905666666666666
Sn08,30.45,0.012042333333333334
Sn08,30.509999999999998,0.009393666666666666
Sn08,30.57,0.007341
Sn08,30.63,0.005536333333333333
Sn08,30.689999999999998,0.004149
Sn08,30.75,0.0031693333333333335
Sn08,30.81,0.002299666666666667
Sn08,30.869999999999997,0.0016333333333333334
Sn08,30.93,0.001109
Sn08,30.99,0.0007926666666666667
Sn08,31.049999999999997,0.0005136666666666667
Sn08,31.11,0.000334
Sn08,31.17,0.00022433333333333333
Sn08,31.229999999999997,0.00015166666666666668
Sn08,31.29,8.8e-05
Sn08,31.35,5.3666666666666666e-05
Sn08,31.409999999999997,3.3e-05
Sn08,31.47,2.4666666666666665e-05
Sn08,31.53,1.5333333333333334e-05
Sn08,31.589999999999996,6.666666666666667e-06
Sn08,31.65,4.333333333333333e-06
Sn08,31.71,2e-06
Sn08,31.769999999999996,3.3333333333333335e-07
Sn08,31.83,0.0
Sn08,31.89,0.0
Sn08,31.95,0.0
Sn08,32.01,3.3333333333333335e-07
Sn08,32.07,3.3333333333333335e-07
Sn08,32.129999999999995,3.3333333333333335e-07
Ta08,27.21,3.3333333333333335e-07
Ta08,27.27,6.666666666666667e-07
Ta08,27.33,3.3333333333333335e-07
Ta08,27.39,2.666666666666667e-06
Ta08,27.45,2e-06
Ta08,27.509999999999998,3.6666666666666666e-06
Ta08,27.57,8e-06
Ta08,27.63,1.3333333333333333e-05
Ta08,27.689999999999998,2.6333333333333334e-05
Ta08,27.75,4.4e-05
Ta08,27.81,7.033333333333334e-05
Ta08,27.869999999999997,0.000112
Ta08,27.93,0.000182
Ta08,27.99,0.00025466666666666666
Ta08,28.049999999999997,0.00041433333333333334
Ta08,28.11,0.000554
Ta08,28.17,0.000847
Ta08,28.229999999999997,0.0012076666666666666
Ta08,28.29,0.001686
Ta08,28.35,0.0024013333333333334
Ta08,28.409999999999997,0.003219333333333333
Ta08,28.47,0.004387333333333333
Ta08,28.53,0.005738333333333333
Ta08,28.589999999999996,0.007474333333333334
Ta08,28.65,0.009635333333333333
Ta08,28.71,0.011963333333333333
Ta08,28.769999999999996,0.014859666666666667
Ta08,28.83,0.017984333333333335
Ta08,28.89,0.021491333333333335
Ta08,28.95,0.025233333333333333
Ta08,29.009999999999998,0.029001666666666665
Ta08,29.07,0.033096
Ta08,29.13,0.03691866666666667
Ta08,29.189999999999998,0.04077733333333333
Ta08,29.25,0.043943333333333334
Ta08,29.31,0.047097
Ta08,29.369999999999997,0.049103
Ta08,29.43,0.05065766666666666
Ta08,29.49,0.051248666666666665
Ta08,29.549999999999997,0.05126066666666667
Ta08,29.61,0.050061
Ta08,29.67,0.048408
Ta08,29.729999999999997,0.045718666666666664
Ta08,29.79,0.04294033333333333
Ta08,29.85,0.039037666666666665
Ta08,29.909999999999997,0.035382
Ta08,29.97,0.031212333333333335
Ta08,30.03,0.027376
Ta08,30.089999999999996,0.023297666666666668
Ta08,30.15,0.019801666666666665
Ta08,30.21,0.016358333333333332
Ta08,30.269999999999996,0.013452333333333334
Ta08,30.33,0.010730666666666666
Ta08,30.39,0.008466
Ta08,30.45,0.006629
Ta08,30.509999999999998,0.004990333333333334
Ta08,30.57,0.003802
Ta08,30.63,0.002776666666666667
Ta08,30.689999999999998,0.002066
Ta08,30.75,0.0014856666666666666
Ta08,30.81,0.0010183333333333333
Ta08,30.869999999999997,0.0007176666666666667
Ta08,30.93,0.00046133333333333334
Ta08,30.99,0.0003356666666666667
Ta08,31.049999999999997,0.00019633333333333333
Ta08,31.11,0.00013566666666666667
Ta08,31.17,8.7e-05
Ta08,31.229999999999997,5.4e-05
Ta08,31.29,3.1333333333333334e-05
Ta08,31.35,2.0666666666666666e-05
Ta08,31.409999999999997,1.2333333333333333e-05
Ta08,31.47,8.333333333333334e-06
Ta08,31.53,3.6666666666666666e-06
Ta08,31.589999999999996,2e-06
Ta08,31.65,6.666666666666667e-07
Ta08,31.71,3.3333333333333335e-07
Ta08,31.769999999999996,0.0
Ta08,31.83,3.3333333333333335e-07
Ta08,31.89,0.0
Ta08,31.95,3.3333333333333335e-07
Ta08,32.01,3.3333333333333335e-07
Cu08,26.909999999999997,3.3333333333333335e-07
Cu08,26.97,6.666666666666667e-07
Cu08,27.03,0.0
Cu08,27.089999999999996,2.333333333333333e-06
Cu08,27.15,1.6666666666666667e-06
Cu08,27.21,3e-06
Cu08,27.27,6e-06
Cu08,27.33,1.1333333333333334e-05
Cu08,27.39,2.0666666666666666e-05
Cu08,27.45,3.766666666666667e-05
Cu08,27.509999999999998,5.6e-05
Cu08,27.57,9.066666666666667e-05
Cu08,27.63,0.00015
Cu08,27.689999999999998,0.00021633333333333332
Cu08,27.75,0.00032533333333333334
Cu08,27.81,0.00047033333333333335
Cu08,27.869999999999997,0.000691
Cu08,27.93,0.001029
Cu08,27.99,0.0014033333333333333
Cu08,28.049999999999997,0.0020113333333333333
Cu08,28.11,0.0027213333333333334
Cu08,28.17,0.0036886666666666665
Cu08,28.229999999999997,0.004921333333333333
Cu08,28.29,0.006386666666666666
Cu08,28.35,0.008271666666666667
Cu08,28.409999999999997,0.010475666666666666
Cu08,28.47,0.012904333333333334
Cu08,28.53,0.015902333333333334
Cu08,28.589999999999996,0.019075666666666668
Cu08,28.65,0.022634
Cu08,28.71,0.026259333333333332
Cu08,28.769999999999996,0.030103333333333333
Cu08,28.83,0.03404733333333333
Cu08,28.89,0.03772933333333333
Cu08,28.95,0.041390666666666666
Cu08,29.009999999999998,0.044340333333333336
Cu08,29.07,0.04722933333333333
Cu08,29.13,0.04898
Cu08,29.189999999999998,0.05051233333333333
Cu08,29.25,0.050647333333333336
Cu08,29.31,0.050531
Cu08,29.369999999999997,0.04906633333333334
Cu08,29.43,0.047392
Cu08,29.49,0.04458
Cu08,29.549999999999997,0.04170366666666667
Cu08,29.61,0.038004
Cu08,29.67,0.034071
Cu08,29.729999999999997,0.030380333333333332
Cu08,29.79,0.026406333333333334
Cu08,29.85,0.022584333333333335
Cu08,29.909999999999997,0.019105666666666667
Cu08,29.97,0.015721
Cu08,30.03,0.013043
Cu08,30.089999999999996,0.010292
Cu08,30.15,0.008207666666666667
Cu08,30.21,0.006412666666666666
Cu08,30.269999999999996,0.004829666666666667
Cu08,30.33,0.003711
Cu08,30.39,0.0027053333333333335
Cu08,30.45,0.0020083333333333333
Cu08,30.509999999999998,0.0014473333333333332
Cu08,30.57,0.0009973333333333334
Cu08,30.63,0.000711
Cu08,30.689999999999998,0.0004606666666666667
Cu08,30.75,0.0003246666666666667
Cu08,30.81,0.00019866666666666668
Cu08,30.869999999999997,0.00013133333333333335
Cu08,30.93,8.9e-05
Cu08,30.99,5.4e-05
Cu08,31.049999999999997,3.1333333333333334e-05
Cu08,31.11,2.2666666666666668e-05
Cu08,31.17,1.2666666666666667e-05
Cu08,31.229999999999997,8e-06
Cu08,31.29,3.3333333333333333e-06
Cu08,31.35,2.666666666666667e-06
Cu08,31.409999999999997,6.666666666666667e-07
Cu08,31.47,3.3333333333333335e-07
Cu08,31.53,3.3333333333333335e-07
Cu08,31.589999999999996,0.0
Cu08,31.65,0.0
Cu08,31.71,3.3333333333333335e-07
Cu08,31.769999999999996,0.0
Cu08,31.83,3.3333333333333335e-07
Al_degrader_E2_E1,24.75,2.857142857142857e-07
Al_degrader_E2_E1,24.81,1.4285714285714285e-07
Al_degrader_E2_E1,24.869999999999997,4.2857142857142857e-07
Al_degrader_E2_E1,24.93,4.2857142857142857e-07
Al_degrader_E2_E1,24.990000000000002,1e-06
Al_degrader_E2_E1,25.049999999999997,5.714285714285714e-07
Al_degrader_E2_E1,25.11,3e-06
Al_degrader_E2_E1,25.17,4.2857142857142855e-06
Al_degrader_E2_E1,25.229999999999997,7.2857142857142855e-06
Al_degrader_E2_E1,25.29,1.3142857142857143e-05
Al_degrader_E2_E1,25.35,1.8857142857142856e-05
Al_degrader_E2_E1,25.409999999999997,2.5714285714285714e-05
Al_degrader_E2_E1,25.47,4.314285714285714e-05
Al_degrader_E2_E1,25.53,5.9857142857142856e-05
Al_degrader_E2_E1,25.589999999999996,8.7e-05
Al_degrader_E2_E1,25.65,0.00012528571428571428
Al_degrader_E2_E1,25.71,0.0001807142857142857
Al_degrader_E2_E1,25.77,0.0002454285714285714
Al_degrader_E2_E1,25.83,0.0003532857142857143
Al_degrader_E2_E1,25.89,0.00048142857142857145
Al_degrader_E2_E1,25.95,0.0006424285714285715
Al_degrader_E2_E1,26.009999999999998,0.000859
Al_degrader_E2_E1,26.07,0.0011124285714285715
Al_degrader_E2_E1,26.13,0.0014308571428571428
Al_degrader_E2_E1,26.189999999999998,0.0018267142857142857
Al_degrader_E2_E1,26.25,0.002343
Al_degrader_E2_E1,26.31,0.0028912857142857143
Al_degrader_E2_E1,26.369999999999997,0.0034962857142857144
Al_degrader_E2_E1,26.43,0.004251
Al_degrader_E2_E1,26.49,0.005079857142857143
Al_degrader_E2_E1,26.549999999999997,0.005961857142857143
Al_degrader_E2_E1,26.61,0.007006857142857143
Al_degrader_E2_E1,26.67,0.008073285714285715
Al_degrader_E2_E1,26.729999999999997,0.009214
Al_degrader_E2_E1,26.79,0.010350142857142856
Al_degrader_E2_E1,26.85,0.011628142857142858
Al_degrader_E2_E1,26.909999999999997,0.01277142857142857
Al_degrader_E2_E1,26.97,0.014088428571428571
Al_degrader_E2_E1,27.03,0.015235714285714286
Al_degrader_E2_E1,27.089999999999996,0.01634642857142857
Al_degrader_E2_E1,27.15,0.01742485714285714
Al_degrader_E2_E1,27.21,0.018477857142857143
Al_degrader_E2_E1,27.27,0.019411428571428573
Al_degrader_E2_E1,27.33,0.020325285714285716
Al_degrader_E2_E1,27.39,0.02100442857142857
Al_degrader_E2_E1,27.45,0.021699285714285713
Al_degrader_E2_E1,27.509999999999998,0.02218157142857143
Al_degrader_E2_E1,27.57,0.022780285714285715
Al_degrader_E2_E1,27.63,0.023109285714285714
Al_degrader_E2_E1,27.689999999999998,0.02364857142857143
Al_degrader_E2_E1,27.75,0.023842714285714287
Al_degrader_E2_E1,27.81,0.024046285714285714
Al_degrader_E2_E1,27.869999999999997,0.024188857142857144
Al_degrader_E2_E1,27.93,0.02443
Al_degrader_E2_E1,27.99,0.024452142857142856
Al_degrader_E2_E1,28.049999999999997,0.024709857142857145
Al_degrader_E2_E1,28.11,0.024667428571428573
Al_degrader_E2_E1,28.17,0.024748285714285716
Al_degrader_E2_E1,28.229999999999997,0.024627285714285713
Al_degrader_E2_E1,28.29,0.024666
Al_degrader_E2_E1,28.35,0.02455557142857143
Al_degrader_E2_E1,28.409999999999997,0.024509142857142858
Al_degrader_E2_E1,28.47,0.024235
Al_degrader_E2_E1,28.53,0.02400942857142857
Al_degrader_E2_E1,28.589999999999996,0.023734428571428573
Al_degrader_E2_E1,28.65,0.023242285714285715
Al_degrader_E2_E1,28.71,0.02282042857142857
Al_degrader_E2_E1,28.769999999999996,0.022136142857142858
Al_degrader_E2_E1,28.83,0.021393285714285715
Al_degrader_E2_E1,28.89,0.020549285714285714
Al_degrader_E2_E1,28.95,0.019695142857142856
Al_degrader_E2_E1,29.009999999999998,0.018565428571428573
Al_degrader_E2_E1,29.07,0.017514142857142857
Al_degrader_E2_E1,29.13,0.016183285714285713
Al_degrader_E2_E1,29.189999999999998,0.014998571428571429
Al_degrader_E2_E1,29.25,0.013542428571428572
Al_degrader_E2_E1,29.31,0.012268571428571429
Al_degrader_E2_E1,29.369999999999997,0.010851285714285714
Al_degrader_E2_E1,29.43,0.009594571428571428
Al_degrader_E2_E1,29.49,0.008302
Al_degrader_E2_E1,29.549999999999997,0.007123
Al_degrader_E2_E1,29.61,0.006029571428571428
Al_degrader_E2_E1,29.67,0.004963
Al_degrader_E2_E1,29.729999999999997,0.0041558571428571426
Al_degrader_E2_E1,29.79,0.0033302857142857144
Al_degrader_E2_E1,29.85,0.0026954285714285713
Al_degrader_E2_E1,29.909999999999997,0.002121714285714286
Al_degrader_E2_E1,29.97,0.001625
Al_degrader_E2_E1,30.03,0.0012607142857142858
Al_degrader_E2_E1,30.089999999999996,0.0009201428571428571
Al_degrader_E2_E1,30.15,0.0006838571428571428
Al_degrader_E2_E1,30.21,0.0005208571428571429
Al_degrader_E2_E1,30.269999999999996,0.00037185714285714285
Al_degrader_E2_E1,30.33,0.00026185714285714283
Al_degrader_E2_E1,30.39,0.0001797142857142857
Al_degrader_E2_E1,30.45,0.00012185714285714286
Al_degrader_E2_E1,30.509999999999998,8.628571428571428e-05
Al_degrader_E2_E1,30.57,4.971428571428571e-05
Al_degrader_E2_E1,30.63,3.6714285714285714e-05
Al_degrader_E2_E1,30.689999999999998,2.4857142857142856e-05
Al_degrader_E2_E1,30.75,1.2857142857142857e-05
Al_degrader_E2_E1,30.81,8.857142857142857e-06
Al_degrader_E2_E1,30.869999999999997,4.714285714285714e-06
Al_degrader_E2_E1,30.93,4e-06
Al_degrader_E2_E1,30.99,2.4285714285714284e-06
Al_degrader_E2_E1,31.049999999999997,8.571428571428571e-07
Al_degrader_E2_E1,31.11,8.571428571428571e-07
Al_degrader_E2_E1,31.17,1.4285714285714285e-07
Al_degrader_E2_E1,31.229999999999997,2.857142857142857e-07
Al_degrader_E2_E1,31.29,0.0
Al_degrader_E2_E1,31.35,0.0
Al_degrader_E2_E1,31.409999999999997,0.0
Al_degrader_E2_E1,31.47,0.0
Al_degrader_E2_E1,31.53,1.4285714285714285e-07
Ni09,24.39,3.3333333333333335e-07
Ni09,24.45,6.666666666666667e-07
Ni09,24.509999999999998,0.0
Ni09,24.57,2.333333333333333e-06
Ni09,24.63,1.6666666666666667e-06
Ni09,24.689999999999998,2e-06
Ni09,24.75,5.666666666666667e-06
Ni09,24.81,1.1e-05
Ni09,24.869999999999997,1.2666666666666667e-05
Ni09,24.93,2.7666666666666667e-05
Ni09,24.990000000000002,4.633333333333333e-05
Ni09,25.049999999999997,6.533333333333333e-05
Ni09,25.11,9.833333333333333e-05
Ni09,25.17,0.00015866666666666666
Ni09,25.229999999999997,0.000215
Ni09,25.29,0.000326
Ni09,25.35,0.000454
Ni09,25.409999999999997,0.0006393333333333333
Ni09,25.47,0.0009413333333333333
Ni09,25.53,0.0012476666666666667
Ni09,25.589999999999996,0.001725
Ni09,25.65,0.002348666666666667
Ni09,25.71,0.0030763333333333333
Ni09,25.77,0.004045666666666667
Ni09,25.83,0.005233
Ni09,25.89,0.006646333333333333
Ni09,25.95,0.008454
Ni09,26.009999999999998,0.01034
Ni09,26.07,0.012585666666666667
Ni09,26.13,0.015213666666666667
Ni09,26.189999999999998,0.017961
Ni09,26.25,0.021076666666666667
Ni09,26.31,0.024330333333333332
Ni09,26.369999999999997,0.027480666666666667
Ni09,26.43,0.03102
Ni09,26.49,0.034194333333333334
Ni09,26.549999999999997,0.037415
Ni09,26.61,0.040279333333333334
Ni09,26.67,0.042783
Ni09,26.729999999999997,0.044843666666666664
Ni09,26.79,0.04614833333333333
Ni09,26.85,0.047224
Ni09,26.909999999999997,0.04728266666666667
Ni09,26.97,0.046956
Ni09,27.03,0.045604
Ni09,27.089999999999996,0.044131
Ni09,27.15,0.041667333333333334
Ni09,27.21,0.03902866666666667
Ni09,27.27,0.036172666666666665
Ni09,27.33,0.032615
Ni09,27.39,0.029304333333333335
Ni09,27.45,0.026008333333333335
Ni09,27.509999999999998,0.022407
Ni09,27.57,0.019457666666666668
Ni09,27.63,0.016325
Ni09,27.689999999999998,0.013768666666666667
Ni09,27.75,0.011292
Ni09,27.81,0.009028333333333333
Ni09,27.869999999999997,0.007377666666666667
Ni09,27.93,0.005757
Ni09,27.99,0.004420333333333333
Ni09,28.049999999999997,0.003483
Ni09,28.11,0.002541
Ni09,28.17,0.001957
Ni09,28.229999999999997,0.0014363333333333333
Ni09,28.29,0.001022
Ni09,28.35,0.0007323333333333333
Ni09,28.409999999999997,0.0005043333333333333
Ni09,28.47,0.000351
Ni09,28.53,0.00024233333333333333
Ni09,28.589999999999996,0.000157
Ni09,28.65,0.00010133333333333333
Ni09,28.71,7.4e-05
Ni09,28.769999999999996,4.1e-05
Ni09,28.83,2.6666666666666667e-05
Ni09,28.89,1.9666666666666666e-05
Ni09,28.95,1.1e-05
Ni09,29.009999999999998,7.333333333333333e-06
Ni09,29.07,3.6666666666666666e-06
Ni09,29.13,2e-06
Ni09,29.189999999999998,1.3333333333333334e-06
Ni09,29.25,3.3333333333333335e-07
Ni09,29.31,3.3333333333333335e-07
Ni09,29.369999999999997,0.0
Ni09,29.43,0.0
Ni09,29.49,3.3333333333333335e-07
Ni09,29.549999999999997,0.0
Ni09,29.61,3.3333333333333335e-07
Sn09,24.33,1e-06
Sn09,24.39,1.3333333333333334e-06
Sn09,24.45,1.6666666666666667e-06
Sn09,24.509999999999998,2.333333333333333e-06
Sn09,24.57,5.333333333333334e-06
Sn09,24.63,4.333333333333333e-06
Sn09,24.689999999999998,1e-05
Sn09,24.75,2e-05
Sn09,24.81,3.4666666666666665e-05
Sn09,24.869999999999997,5.7e-05
Sn09,24.93,9.433333333333333e-05
Sn09,24.990000000000002,0.00013333333333333334
Sn09,25.049999999999997,0.000202
Sn09,25.11,0.0002936666666666667
Sn09,25.17,0.00041966666666666666
Sn09,25.229999999999997,0.000596
Sn09,25.29,0.0008353333333333333
Sn09,25.35,0.00116
Sn09,25.409999999999997,0.0016406666666666666
Sn09,25.47,0.002220666666666667
Sn09,25.53,0.003026
Sn09,25.589999999999996,0.003998
Sn09,25.65,0.005169666666666667
Sn09,25.71,0.006642333333333333
Sn09,25.77,0.008344
Sn09,25.83,0.010423666666666666
Sn09,25.89,0.012931333333333333
Sn09,25.95,0.015633
Sn09,26.009999999999998,0.018450333333333332
Sn09,26.07,0.021669333333333332
Sn09,26.13,0.025039333333333334
Sn09,26.189999999999998,0.028579666666666666
Sn09,26.25,0.031961666666666666
Sn09,26.31,0.035625
Sn09,26.369999999999997,0.038858333333333335
Sn09,26.43,0.041815333333333336
Sn09,26.49,0.044334
Sn09,26.549999999999997,0.04636933333333333
Sn09,26.61,0.047834
Sn09,26.67,0.04851866666666667
Sn09,26.729999999999997,0.048371
Sn09,26.79,0.047530333333333334
Sn09,26.85,0.04638266666666667
Sn09,26.909999999999997,0.04436533333333333
Sn09,26.97,0.041697
Sn09,27.03,0.03873833333333333
Sn09,27.089999999999996,0.03548166666666667
Sn09,27.15,0.03169466666666667
Sn09,27.21,0.028129666666666667
Sn09,27.27,0.024532333333333333
Sn09,27.33,0.021198333333333333
Sn09,27.39,0.018156333333333333
Sn09,27.45,0.015102666666666667
Sn09,27.509999999999998,0.012431666666666667
Sn09,27.57,0.010063333333333334
Sn09,27.63,0.008102
Sn09,27.689999999999998,0.006297
Sn09,27.75,0.004820333333333334
Sn09,27.81,0.003753666666666667
Sn09,27.869999999999997,0.0029103333333333333
Sn09,27.93,0.00216
Sn09,27.99,0.0015696666666666667
Sn09,28.049999999999997,0.0011033333333333333
Sn09,28.11,0.000789
Sn09,28.17,0.0005646666666666667
Sn09,28.229999999999997,0.00036666666666666667
Sn09,28.29,0.000251
Sn09,28.35,0.00017466666666666667
Sn09,28.409999999999997,0.00011533333333333334
Sn09,28.47,6.866666666666666e-05
Sn09,28.53,4.1666666666666665e-05
Sn09,28.589999999999996,3.1e-05
Sn09,28.65,2.3e-05
Sn09,28.71,1.2e-05
Sn09,28.769999999999996,6.333333333333333e-06
Sn09,28.83,3.6666666666666666e-06
Sn09,28.89,2.666666666666667e-06
Sn09,28.95,6.666666666666667e-07
Sn09,29.009999999999998,0.0
Sn09,29.07,0.0
Sn09,29.13,0.0
Sn09,29.189999999999998,0.0
Sn09,29.25,3.3333333333333335e-07
Sn09,29.31,6.666666666666667e-07
Ta09,24.03,3.3333333333333335e-07
Ta09,24.089999999999996,6.666666666666667e-07
Ta09,24.15,3.3333333333333335e-07
Ta09,24.21,2.333333333333333e-06
Ta09,24.27,2e-06
Ta09,24.33,3e-06
Ta09,24.39,5.666666666666667e-06
Ta09,24.45,1.1e-05
Ta09,24.509999999999998,1.5666666666666667e-05
Ta09,24.57,3.1666666666666666e-05
Ta09,24.63,4.7e-05
Ta09,24.689999999999998,7.533333333333334e-05
Ta09,24.75,0.00011133333333333333
Ta09,24.81,0.00017
Ta09,24.869999999999997,0.00023266666666666667
Ta09,24.93,0.00036566666666666665
Ta09,24.990000000000002,0.000478
Ta09,25.049999999999997,0.0006993333333333334
Ta09,25.11,0.0009773333333333333
Ta09,25.17,0.0013453333333333334
Ta09,25.229999999999997,0.0018493333333333333
Ta09,25.29,0.0024666666666666665
Ta09,25.35,0.0032753333333333332
Ta09,25.409999999999997,0.004275666666666666
Ta09,25.47,0.005469333333333333
Ta09,25.53,0.006965
Ta09,25.589999999999996,0.008777666666666666
Ta09,25.65,0.010754
Ta09,25.71,0.013109666666666667
Ta09,25.77,0.015728
Ta09,25.83,0.018507666666666665
Ta09,25.89,0.021705666666666668
Ta09,25.95,0.024843666666666667
Ta09,26.009999999999998,0.028192666666666668
Ta09,26.07,0.031642666666666666
Ta09,26.13,0.034693666666666664
Ta09,26.189999999999998,0.038107666666666665
Ta09,26.25,0.040585333333333334
Ta09,26.31,0.04338533333333333
Ta09,26.369999999999997,0.045072
Ta09,26.43,0.046468333333333334
Ta09,26.49,0.047149666666666666
Ta09,26.549999999999997,0.04722666666666667
Ta09,26.61,0.046822333333333334
Ta09,26.67,0.045228
Ta09,26.729999999999997,0.04378866666666666
Ta09,26.79,0.041125
Ta09,26.85,0.038611
Ta09,26.909999999999997,0.03537933333333333
Ta09,26.97,0.032017333333333335
Ta09,27.03,0.028655333333333335
Ta09,27.089999999999996,0.025308333333333332
Ta09,27.15,0.021804
Ta09,27.21,0.018856666666666667
Ta09,27.27,0.015800333333333333
Ta09,27.33,0.013325
Ta09,27.39,0.010883
Ta09,27.45,0.008742
Ta09,27.509999999999998,0.007019
Ta09,27.57,0.005471
Ta09,27.63,0.004278
Ta09,27.689999999999998,0.003278333333333333
Ta09,27.75,0.002423666666666667
Ta09,27.81,0.0018703333333333334
Ta09,27.869999999999997,0.0013783333333333334
Ta09,27.93,0.000959
Ta09,27.99,0.0006926666666666666
Ta09,28.049999999999997,0.0004766666666666667
Ta09,28.11,0.000335
Ta09,28.17,0.00022033333333333334
Ta09,28.229999999999997,0.000148
Ta09,28.29,0.0001
Ta09,28.35,6.733333333333333e-05
Ta09,28.409999999999997,3.866666666666667e-05
Ta09,28.47,2.8666666666666668e-05
Ta09,28.53,1.633333333333333e-05
Ta09,28.589999999999996,1.1333333333333334e-05
Ta09,28.65,8e-06
Ta09,28.71,2.666666666666667e-06
Ta09,28.769999999999996,2e-06
Ta09,28.83,6.666666666666667e-07
Ta09,28.89,3.3333333333333335e-07
Ta09,28.95,0.0
Ta09,29.009999999999998,3.3333333333333335e-07
Ta09,29.07,0.0
Ta09,29.13,3.3333333333333335e-07
Ta09,29.189999999999998,0.0
Ta09,29.25,3.3333333333333335e-07
Cu09,23.729999999999997,6.666666666666667e-07
Cu09,23.79,3.3333333333333335e-07
Cu09,23.85,1e-06
Cu09,23.909999999999997,2e-06
Cu09,23.97,1.6666666666666667e-06
Cu09,24.03,2.666666666666667e-06
Cu09,24.089999999999996,6.666666666666667e-06
Cu09,24.15,1.0333333333333333e-05
Cu09,24.21,1.8333333333333333e-05
Cu09,24.27,3.1e-05
Cu09,24.33,4.6e-05
Cu09,24.39,7.366666666666666e-05
Cu09,24.45,0.00010833333333333333
Cu09,24.509999999999998,0.00016866666666666666
Cu09,24.57,0.00022733333333333332
Cu09,24.63,0.000354
Cu09,24.689999999999998,0.000469
Cu09,24.75,0.000659
Cu09,24.81,0.000964
Cu09,24.869999999999997,0.0012766666666666666
Cu09,24.93,0.0017633333333333333
Cu09,24.990000000000002,0.0023643333333333333
Cu09,25.049999999999997,0.0030913333333333335
Cu09,25.11,0.004066333333333333
Cu09,25.17,0.005206
Cu09,25.229999999999997,0.006593666666666667
Cu09,25.29,0.008347333333333333
Cu09,25.35,0.010221333333333334
Cu09,25.409999999999997,0.012361
Cu09,25.47,0.014930333333333334
Cu09,25.53,0.017643666666666665
Cu09,25.589999999999996,0.020582
Cu09,25.65,0.023749333333333334
Cu09,25.71,0.026884333333333333
Cu09,25.77,0.030206
Cu09,25.83,0.033377
Cu09,25.89,0.036639333333333336
Cu09,25.95,0.039319
Cu09,26.009999999999998,0.041895666666666664
Cu09,26.07,0.043969666666666664
Cu09,26.13,0.045298333333333336
Cu09,26.189999999999998,0.04657533333333334
Cu09,26.25,0.046664
Cu09,26.31,0.04646033333333333
Cu09,26.369999999999997,0.045316666666666665
Cu09,26.43,0.043984
Cu09,26.49,0.04190066666666667
Cu09,26.549999999999997,0.03926166666666667
Cu09,26.61,0.03645433333333333
Cu09,26.67,0.033232
Cu09,26.729999999999997,0.029835333333333332
Cu09,26.79,0.026767666666666665
Cu09,26.85,0.023216
Cu09,26.909999999999997,0.020305
Cu09,26.97,0.017188333333333333
Cu09,27.03,0.0144
Cu09,27.089999999999996,0.012084
Cu09,27.15,0.009781
Cu09,27.21,0.007865333333333334
Cu09,27.27,0.006346666666666666
Cu09,27.33,0.004889666666666666
Cu09,27.39,0.0038656666666666666
Cu09,27.45,0.002885
Cu09,27.509999999999998,0.002189
Cu09,27.57,0.001657
Cu09,27.63,0.001191
Cu09,27.689999999999998,0.000861
Cu09,27.75,0.0006106666666666667
Cu09,27.81,0.00041733333333333336
Cu09,27.869999999999997,0.00030233333333333333
Cu09,27.93,0.000187
Cu09,27.99,0.00013033333333333332
Cu09,28.049999999999997,8.9e-05
Cu09,28.11,6.0666666666666666e-05
Cu09,28.17,3.3e-05
Cu09,28.229999999999997,2.6e-05
Cu09,28.29,1.3333333333333333e-05
Cu09,28.35,9.333333333333333e-06
Cu09,28.409999999999997,7.666666666666667e-06
Cu09,28.47,2.333333333333333e-06
Cu09,28.53,1.6666666666666667e-06
Cu09,28.589999999999996,6.666666666666667e-07
Cu09,28.65,3.3333333333333335e-07
Cu09,28.71,3.3333333333333335e-07
Cu09,28.769999999999996,0.0
Cu09,28.83,0.0
Cu09,28.89,3.3333333333333335e-07
Cu09,28.95,0.0
Cu09,29.009999999999998,3.3333333333333335e-07
Al_degrader_E4_E3,21.27,2.2222222222222222e-07
Al_degrader_E4_E3,21.33,1.1111111111111111e-07
Al_degrader_E4_E3,21.39,0.0
Al_degrader_E4_E3,21.45,5.555555555555555e-07
Al_degrader_E4_E3,21.509999999999998,3.3333333333333335e-07
Al_degrader_E4_E3,21.57,6.666666666666667e-07
Al_degrader_E4_E3,21.63,1.111111111111111e-06
Al_degrader_E4_E3,21.689999999999998,1.8888888888888888e-06
Al_degrader_E4_E3,21.75,3.4444444444444444e-06
Al_degrader_E4_E3,21.81,5.2222222222222226e-06
Al_degrader_E4_E3,21.869999999999997,8.777777777777778e-06
Al_degrader_E4_E3,21.93,1.2e-05
Al_degrader_E4_E3,21.990000000000002,1.7666666666666668e-05
Al_degrader_E4_E3,22.049999999999997,2.5666666666666666e-05
Al_degrader_E4_E3,22.11,3.811111111111111e-05
Al_degrader_E4_E3,22.17,4.922222222222222e-05
Al_degrader_E4_E3,22.229999999999997,7.455555555555556e-05
Al_degrader_E4_E3,22.29,9.711111111111111e-05
Al_degrader_E4_E3,22.35,0.00013822222222222222
Al_degrader_E4_E3,22.409999999999997,0.00018622222222222223
Al_degrader_E4_E3,22.47,0.0002578888888888889
Al_degrader_E4_E3,22.53,0.000333
Al_degrader_E4_E3,22.589999999999996,0.00045366666666666667
Al_degrader_E4_E3,22.65,0.000579
Al_degrader_E4_E3,22.71,0.0007476666666666667
Al_degrader_E4_E3,22.77,0.0009642222222222222
Al_degrader_E4_E3,22.83,0.0012043333333333333
Al_degrader_E4_E3,22.89,0.001512
Al_degrader_E4_E3,22.95,0.0018811111111111112
Al_degrader_E4_E3,23.009999999999998,0.0023068888888888887
Al_degrader_E4_E3,23.07,0.002748222222222222
Al_degrader_E4_E3,23.13,0.0033268888888888888
Al_degrader_E4_E3,23.189999999999998,0.003933555555555556
Al_degrader_E4_E3,23.25,0.004628
Al_degrader_E4_E3,23.31,0.005362555555555555
Al_degrader_E4_E3,23.369999999999997,0.0062
Al_degrader_E4_E3,23.43,0.0070654444444444445
Al_degrader_E4_E3,23.490000000000002,0.008018111111111111
Al_degrader_E4_E3,23.549999999999997,0.008960444444444444
Al_degrader_E4_E3,23.61,0.010001111111111112
Al_degrader_E4_E3,23.67,0.010984777777777777
Al_degrader_E4_E3,23.729999999999997,0.012067222222222222
Al_degrader_E4_E3,23.79,0.013094888888888889
Al_degrader_E4_E3,23.85,0.014084222222222222
Al_degrader_E4_E3,23.909999999999997,0.015105222222222223
Al_degrader_E4_E3,23.97,0.015948888888888887
Al_degrader_E4_E3,24.03,0.016995666666666666
Al_degrader_E4_E3,24.089999999999996,0.017748555555555556
Al_degrader_E4_E3,24.15,0.018529444444444446
Al_degrader_E4_E3,24.21,0.019280222222222223
Al_degrader_E4_E3,24.27,0.01981888888888889
Al_degrader_E4_E3,24.33,0.020501444444444444
Al_degrader_E4_E3,24.39,0.020960555555555555
Al_degrader_E4_E3,24.45,0.021372222222222223
Al_degrader_E4_E3,24.509999999999998,0.021782333333333334
Al_degrader_E4_E3,24.57,0.022071
Al_degrader_E4_E3,24.63,0.02247
Al_degrader_E4_E3,24.689999999999998,0.02260522222222222
Al_degrader_E4_E3,24.75,0.022762555555555557
Al_degrader_E4_E3,24.81,0.022939888888888888
Al_degrader_E4_E3,24.869999999999997,0.02311922222222222
Al_degrader_E4_E3,24.93,0.023214444444444444
Al_degrader_E4_E3,24.990000000000002,0.023212666666666666
Al_degrader_E4_E3,25.049999999999997,0.023253555555555555
Al_degrader_E4_E3,25.11,0.023300222222222222
Al_degrader_E4_E3,25.17,0.023281555555555555
Al_degrader_E4_E3,25.229999999999997,0.023169
Al_degrader_E4_E3,25.29,0.02303522222222222
Al_degrader_E4_E3,25.35,0.022964222222222223
Al_degrader_E4_E3,25.409999999999997,0.022671333333333335
Al_degrader_E4_E3,25.47,0.02255577777777778
Al_degrader_E4_E3,25.53,0.022072666666666668
Al_degrader_E4_E3,25.589999999999996,0.021646222222222223
Al_degrader_E4_E3,25.65,0.021211444444444446
Al_degrader_E4_E3,25.71,0.02065777777777778
Al_degrader_E4_E3,25.77,0.020003
Al_degrader_E4_E3,25.83,0.019180222222222224
Al_degrader_E4_E3,25.89,0.018357666666666668
Al_degrader_E4_E3,25.95,0.017462333333333333
Al_degrader_E4_E3,26.009999999999998,0.016529222222222223
Al_degrader_E4_E3,26.07,0.015368222222222222
Al_degrader_E4_E3,26.13,0.014228888888888888
Al_degrader_E4_E3,26.189999999999998,0.013163444444444445
Al_degrader_E4_E3,26.25,0.011987444444444445
Al_degrader_E4_E3,26.31,0.01084088888888889
Al_degrader_E4_E3,26.369999999999997,0.009613666666666666
Al_degrader_E4_E3,26.43,0.008537
Al_degrader_E4_E3,26.49,0.007518888888888889
Al_degrader_E4_E3,26.549999999999997,0.006469
Al_degrader_E4_E3,26.61,0.005490888888888889
Al_degrader_E4_E3,26.67,0.004655111111111111
Al_degrader_E4_E3,26.729999999999997,0.003914444444444444
Al_degrader_E4_E3,26.79,0.0032513333333333335
Al_degrader_E4_E3,26.85,0.0026515555555555554
Al_degrader_E4_E3,26.909999999999997,0.002118
Al_degrader_E4_E3,26.97,0.0016961111111111111
Al_degrader_E4_E3,27.03,0.0013301111111111111
Al_degrader_E4_E3,27.089999999999996,0.0010518888888888889
Al_degrader_E4_E3,27.15,0.0007802222222222222
Al_degrader_E4_E3,27.21,0.0005802222222222222
Al_degrader_E4_E3,27.27,0.0004585555555555556
Al_degrader_E4_E3,27.33,0.00034022222222222223
Al_degrader_E4_E3,27.39,0.00023744444444444445
Al_degrader_E4_E3,27.45,0.0001722222222222222
Al_degrader_E4_E3,27.509999999999998,0.0001221111111111111
Al_degrader_E4_E3,27.57,8.833333333333333e-05
Al_degrader_E4_E3,27.63,5.466666666666667e-05
Al_degrader_E4_E3,27.689999999999998,3.811111111111111e-05
Al_degrader_E4_E3,27.75,2.5666666666666666e-05
Al_degrader_E4_E3,27.81,1.9444444444444445e-05
Al_degrader_E4_E3,27.869999999999997,1.088888888888889e-05
Al_degrader_E4_E3,27.93,6.5555555555555556e-06
Al_degrader_E4_E3,27.99,4.666666666666666e-06
Al_degrader_E4_E3,28.049999999999997,3.111111111111111e-06
Al_degrader_E4_E3,28.11,2e-06
Al_degrader_E4_E3,28.17,1e-06
Al_degrader_E4_E3,28.229999999999997,6.666666666666667e-07
Al_degrader_E4_E3,28.29,4.4444444444444444e-07
Al_degrader_E4_E3,28.35,1.1111111111111111e-07
Al_degrader_E4_E3,28.409999999999997,0.0
Al_degrader_E4_E3,28.47,1.1111111111111111e-07
Al_degrader_E4_E3,28.53,0.0
Al_degrader_E4_E3,28.589999999999996,0.0
Al_degrader_E4_E3,28.65,0.0
Al_degrader_E4_E3,28.71,1.1111111111111111e-07
Ni10,20.85,3.3333333333333335e-07
Ni10,20.909999999999997,3.3333333333333335e-07
Ni10,20.97,3.3333333333333335e-07
Ni10,21.03,6.666666666666667e-07
Ni10,21.089999999999996,2e-06
Ni10,21.15,2e-06
Ni10,21.21,1.3333333333333334e-06
Ni10,21.27,5.333333333333334e-06
Ni10,21.33,1e-05
Ni10,21.39,9e-06
Ni10,21.45,2.1e-05
Ni10,21.509999999999998,3.3333333333333335e-05
Ni10,21.57,4.7e-05
Ni10,21.63,6.933333333333333e-05
Ni10,21.689999999999998,9.7e-05
Ni10,21.75,0.00014833333333333332
Ni10,21.81,0.000194
Ni10,21.869999999999997,0.00028033333333333333
Ni10,21.93,0.0003806666666666667
Ni10,21.990000000000002,0.0005263333333333333
Ni10,22.049999999999997,0.0007113333333333333
Ni10,22.11,0.000978
Ni10,22.17,0.0012626666666666667
Ni10,22.229999999999997,0.0016993333333333333
Ni10,22.29,0.002213
Ni10,22.35,0.002816
Ni10,22.409999999999997,0.003619
Ni10,22.47,0.004562
Ni10,22.53,0.005620666666666667
Ni10,22.589999999999996,0.007026666666666666
Ni10,22.65,0.008558
Ni10,22.71,0.01014
Ni10,22.77,0.012214666666666667
Ni10,22.83,0.014351333333333334
Ni10,22.89,0.016541333333333335
Ni10,22.95,0.019107666666666665
Ni10,23.009999999999998,0.021874666666666667
Ni10,23.07,0.024349
Ni10,23.13,0.027188666666666667
Ni10,23.189999999999998,0.029931333333333334
Ni10,23.25,0.032562
Ni10,23.31,0.034944
Ni10,23.369999999999997,0.03732766666666667
Ni10,23.43,0.03920233333333333
Ni10,23.490000000000002,0.040795333333333336
Ni10,23.549999999999997,0.0418
Ni10,23.61,0.042716333333333335
Ni10,23.67,0.042744333333333336
Ni10,23.729999999999997,0.04262066666666667
Ni10,23.79,0.04164933333333333
Ni10,23.85,0.040625666666666664
Ni10,23.909999999999997,0.03900066666666667
Ni10,23.97,0.03669833333333333
Ni10,24.03,0.034584666666666666
Ni10,24.089999999999996,0.032011333333333336
Ni10,24.15,0.029165333333333335
Ni10,24.21,0.026511
Ni10,24.27,0.023713333333333333
Ni10,24.33,0.020766333333333335
Ni10,24.39,0.018303333333333335
Ni10,24.45,0.015770666666666665
Ni10,24.509999999999998,0.013338666666666667
Ni10,24.57,0.011394666666666668
Ni10,24.63,0.009432
Ni10,24.689999999999998,0.0076753333333333335
Ni10,24.75,0.006372333333333333
Ni10,24.81,0.005049333333333334
Ni10,24.869999999999997,0.0039703333333333335
Ni10,24.93,0.003196333333333333
Ni10,24.990000000000002,0.0024083333333333335
Ni10,25.049999999999997,0.00188
Ni10,25.11,0.0014516666666666666
Ni10,25.17,0.0010536666666666667
Ni10,25.229999999999997,0.000786
Ni10,25.29,0.0005756666666666667
Ni10,25.35,0.00039733333333333336
Ni10,25.409999999999997,0.0002916666666666667
Ni10,25.47,0.00020233333333333334
Ni10,25.53,0.00013333333333333334
Ni10,25.589999999999996,9.5e-05
Ni10,25.65,7.033333333333334e-05
Ni10,25.71,3.933333333333333e-05
Ni10,25.77,2.8e-05
Ni10,25.83,1.9333333333333333e-05
Ni10,25.89,1.1e-05
Ni10,25.95,8.666666666666666e-06
Ni10,26.009999999999998,6.666666666666667e-06
Ni10,26.07,2.333333333333333e-06
Ni10,26.13,1.6666666666666667e-06
Ni10,26.189999999999998,6.666666666666667e-07
Ni10,26.25,3.3333333333333335e-07
Ni10,26.31,3.3333333333333335e-07
Ni10,26.369999999999997,0.0
Ni10,26.43,0.0
Ni10,26.49,3.3333333333333335e-07
Ni10,26.549999999999997,0.0
Ni10,26.61,0.0
Ni10,26.67,3.3333333333333335e-07
Sn10,20.79,6.666666666666667e-07
Sn10,20.85,1.3333333333333334e-06
Sn10,20.909999999999997,1e-06
Sn10,20.97,2.333333333333333e-06
Sn10,21.03,3e-06
Sn10,21.089999999999996,4.666666666666666e-06
Sn10,21.15,5.333333333333334e-06
Sn10,21.21,9.333333333333333e-06
Sn10,21.27,1.8333333333333333e-05
Sn10,21.33,3.1666666666666666e-05
Sn10,21.39,4.566666666666667e-05
Sn10,21.45,7.233333333333333e-05
Sn10,21.509999999999998,0.00010666666666666667
Sn10,21.57,0.00014866666666666666
Sn10,21.63,0.00021166666666666667
Sn10,21.689999999999998,0.0002883333333333333
Sn10,21.75,0.00039566666666666667
Sn10,21.81,0.000552
Sn10,21.869999999999997,0.0007466666666666666
Sn10,21.93,0.000988
Sn10,21.990000000000002,0.0013586666666666667
Sn10,22.049999999999997,0.0017933333333333334
Sn10,22.11,0.002384666666666667
Sn10,22.17,0.0030793333333333332
Sn10,22.229999999999997,0.003926666666666667
Sn10,22.29,0.004932666666666667
Sn10,22.35,0.006144666666666666
Sn10,22.409999999999997,0.007563333333333333
Sn10,22.47,0.009275333333333333
Sn10,22.53,0.01115
Sn10,22.589999999999996,0.013364333333333334
Sn10,22.65,0.015687333333333334
Sn10,22.71,0.018053
Sn10,22.77,0.020863333333333334
Sn10,22.83,0.023548666666666666
Sn10,22.89,0.026452
Sn10,22.95,0.029208
Sn10,23.009999999999998,0.032247333333333336
Sn10,23.07,0.034837
Sn10,23.13,0.03735466666666667
Sn10,23.189999999999998,0.039387
Sn10,23.25,0.041300333333333335
Sn10,23.31,0.042716
Sn10,23.369999999999997,0.043605333333333336
Sn10,23.43,0.04383
Sn10,23.490000000000002,0.043687333333333335
Sn10,23.549999999999997,0.04282433333333333
Sn10,23.61,0.041911333333333335
Sn10,23.67,0.04016433333333334
Sn10,23.729999999999997,0.03813833333333334
Sn10,23.79,0.03565566666666667
Sn10,23.85,0.033085666666666666
Sn10,23.909999999999997,0.030236
Sn10,23.97,0.027114666666666665
Sn10,24.03,0.024150333333333333
Sn10,24.089999999999996,0.021254
Sn10,24.15,0.018638
Sn10,24.21,0.016094
Sn10,24.27,0.013644666666666666
Sn10,24.33,0.0114
Sn10,24.39,0.009437666666666667
Sn10,24.45,0.007747
Sn10,24.509999999999998,0.006244
Sn10,24.57,0.004912333333333334
Sn10,24.63,0.0038696666666666667
Sn10,24.689999999999998,0.003063
Sn10,24.75,0.002422333333333333
Sn10,24.81,0.001833
Sn10,24.869999999999997,0.0013503333333333334
Sn10,24.93,0.000989
Sn10,24.990000000000002,0.0007286666666666666
Sn10,25.049999999999997,0.000529
Sn10,25.11,0.00037466666666666665
Sn10,25.17,0.000246
Sn10,25.229999999999997,0.000186
Sn10,25.29,0.00013133333333333335
Sn10,25.35,8.133333333333334e-05
Sn10,25.409999999999997,5.2e-05
Sn10,25.47,3.6666666666666666e-05
Sn10,25.53,2.4666666666666665e-05
Sn10,25.589999999999996,2.0666666666666666e-05
Sn10,25.65,1.1333333333333334e-05
Sn10,25.71,6.333333333333333e-06
Sn10,25.77,3.3333333333333333e-06
Sn10,25.83,2.666666666666667e-06
Sn10,25.89,6.666666666666667e-07
Sn10,25.95,3.3333333333333335e-07
Sn10,26.009999999999998,0.0
Sn10,26.07,0.0
Sn10,26.13,0.0
Sn10,26.189999999999998,0.0
Sn10,26.25,3.3333333333333335e-07
Sn10,26.31,6.666666666666667e-07
Ta10,20.43,3.3333333333333335e-07
Ta10,20.490000000000002,3.3333333333333335e-07
Ta10,20.549999999999997,3.3333333333333335e-07
Ta10,20.61,1e-06
Ta10,20.67,2e-06
Ta10,20.729999999999997,1.6666666666666667e-06
Ta10,20.79,3e-06
Ta10,20.85,3.6666666666666666e-06
Ta10,20.909999999999997,8.666666666666666e-06
Ta10,20.97,1.1e-05
Ta10,21.03,2.0666666666666666e-05
Ta10,21.089999999999996,3.233333333333333e-05
Ta10,21.15,4.566666666666667e-05
Ta10,21.21,7.133333333333334e-05
Ta10,21.27,9.966666666666667e-05
Ta10,21.33,0.00014966666666666665
Ta10,21.39,0.000194
Ta10,21.45,0.00028166666666666666
Ta10,21.509999999999998,0.00038866666666666666
Ta10,21.57,0.0005186666666666666
Ta10,21.63,0.0007033333333333334
Ta10,21.689999999999998,0.0009453333333333333
Ta10,21.75,0.0012606666666666667
Ta10,21.81,0.0016823333333333334
Ta10,21.869999999999997,0.0022043333333333333
Ta10,21.93,0.002778
Ta10,21.990000000000002,0.0035933333333333334
Ta10,22.049999999999997,0.004483666666666667
Ta10,22.11,0.005592333333333334
Ta10,22.17,0.006913333333333333
Ta10,22.229999999999997,0.008435
Ta10,22.29,0.010091
Ta10,22.35,0.012075333333333334
Ta10,22.409999999999997,0.014176333333333334
Ta10,22.47,0.016427333333333332
Ta10,22.53,0.018996333333333334
Ta10,22.589999999999996,0.021576
Ta10,22.65,0.024208666666666667
Ta10,22.71,0.026885666666666665
Ta10,22.77,0.029829333333333333
Ta10,22.83,0.032219333333333336
Ta10,22.89,0.034882666666666666
Ta10,22.95,0.036896
Ta10,23.009999999999998,0.039227
Ta10,23.07,0.04056666666666667
Ta10,23.13,0.04176966666666666
Ta10,23.189999999999998,0.042562
Ta10,23.25,0.042727666666666664
Ta10,23.31,0.04261366666666667
Ta10,23.369999999999997,0.041735666666666664
Ta10,23.43,0.040497
Ta10,23.490000000000002,0.03909766666666667
Ta10,23.549999999999997,0.036906666666666664
Ta10,23.61,0.03478666666666667
Ta10,23.67,0.032127666666666665
Ta10,23.729999999999997,0.029463
Ta10,23.79,0.026518
Ta10,23.85,0.023947666666666666
Ta10,23.909999999999997,0.020990666666666668
Ta10,23.97,0.018541333333333333
Ta10,24.03,0.015923
Ta10,24.089999999999996,0.013537
Ta10,24.15,0.011529333333333334
Ta10,24.21,0.009620333333333333
Ta10,24.27,0.007880666666666666
Ta10,24.33,0.006417666666666667
Ta10,24.39,0.005144
Ta10,24.45,0.004110333333333333
Ta10,24.509999999999998,0.003249
Ta10,24.57,0.00248
Ta10,24.63,0.001957
Ta10,24.689999999999998,0.0014816666666666667
Ta10,24.75,0.0011166666666666666
Ta10,24.81,0.0007993333333333333
Ta10,24.869999999999997,0.0005996666666666666
Ta10,24.93,0.0004203333333333333
Ta10,24.990000000000002,0.00030733333333333334
Ta10,25.049999999999997,0.000206
Ta10,25.11,0.00014833333333333332
Ta10,25.17,0.0001
Ta10,25.229999999999997,7.266666666666667e-05
Ta10,25.29,4.566666666666667e-05
Ta10,25.35,2.9e-05
Ta10,25.409999999999997,2.0666666666666666e-05
Ta10,25.47,1.3333333333333333e-05
Ta10,25.53,8.333333333333334e-06
Ta10,25.589999999999996,7.333333333333333e-06
Ta10,25.65,2.666666666666667e-06
Ta10,25.71,2e-06
Ta10,25.77,6.666666666666667e-07
Ta10,25.83,3.3333333333333335e-07
Ta10,25.89,0.0
Ta10,25.95,3.3333333333333335e-07
Ta10,26.009999999999998,0.0
Ta10,26.07,0.0
Ta10,26.13,3.3333333333333335e-07
Ta10,26.189999999999998,0.0
Ta10,26.25,3.3333333333333335e-07
Cu10,20.07,3.3333333333333335e-07
Cu10,20.13,3.3333333333333335e-07
Cu10,20.189999999999998,3.3333333333333335e-07
Cu10,20.25,6.666666666666667e-07
Cu10,20.31,1.6666666666666667e-06
Cu10,20.369999999999997,1.6666666666666667e-06
Cu10,20.43,2.333333333333333e-06
Cu10,20.490000000000002,4e-06
Cu10,20.549999999999997,7.666666666666667e-06
Cu10,20.61,1e-05
Cu10,20.67,1.7333333333333332e-05
Cu10,20.729999999999997,2.7666666666666667e-05
Cu10,20.79,4.1e-05
Cu10,20.85,6.0333333333333334e-05
Cu10,20.909999999999997,8.2e-05
Cu10,20.97,0.00013
Cu10,21.03,0.000177
Cu10,21.089999999999996,0.000224
Cu10,21.15,0.00035
Cu10,21.21,0.0004386666666666667
Cu10,21.27,0.000585
Cu10,21.33,0.0008396666666666666
Cu10,21.39,0.0010606666666666666
Cu10,21.45,0.0014356666666666667
Cu10,21.509999999999998,0.0018876666666666666
Cu10,21.57,0.0023953333333333335
Cu10,21.63,0.0030633333333333333
Cu10,21.689999999999998,0.0039
Cu10,21.75,0.004798666666666666
Cu10,21.81,0.005984333333333334
Cu10,21.869999999999997,0.007374
Cu10,21.93,0.008862333333333333
Cu10,21.990000000000002,0.010497
Cu10,22.049999999999997,0.012598
Cu10,22.11,0.014618333333333334
Cu10,22.17,0.016808
Cu10,22.229999999999997,0.019310333333333332
Cu10,22.29,0.021932666666666666
Cu10,22.35,0.02445
Cu10,22.409999999999997,0.027178333333333332
Cu10,22.47,0.029726666666666665
Cu10,22.53,0.03233233333333333
Cu10,22.589999999999996,0.03468533333333333
Cu10,22.65,0.03672966666666667
Cu10,22.71,0.038823333333333335
Cu10,22.77,0.040114
Cu10,22.83,0.041173666666666664
Cu10,22.89,0.04195366666666667
Cu10,22.95,0.042047666666666664
Cu10,23.009999999999998,0.04192166666666667
Cu10,23.07,0.040951666666666664
Cu10,23.13,0.03997333333333333
Cu10,23.189999999999998,0.03847233333333333
Cu10,23.25,0.036283
Cu10,23.31,0.03423866666666667
Cu10,23.369999999999997,0.03183833333333334
Cu10,23.43,0.029031666666666667
Cu10,23.490000000000002,0.026291
Cu10,23.549999999999997,0.023786
Cu10,23.61,0.020906333333333332
Cu10,23.67,0.018562
Cu10,23.729999999999997,0.015952666666666667
Cu10,23.79,0.013584666666666667
Cu10,23.85,0.011667
Cu10,23.909999999999997,0.009787
Cu10,23.97,0.007954
Cu10,24.03,0.006640333333333333
Cu10,24.089999999999996,0.005328333333333333
Cu10,24.15,0.0042046666666666664
Cu10,24.21,0.003421
Cu10,24.27,0.002613
Cu10,24.33,0.002008666666666667
Cu10,24.39,0.0015793333333333334
Cu10,24.45,0.0011946666666666666
Cu10,24.509999999999998,0.000873
Cu10,24.57,0.0006496666666666667
Cu10,24.63,0.000459
Cu10,24.689999999999998,0.00033633333333333334
Cu10,24.75,0.00024033333333333334
Cu10,24.81,0.00016133333333333334
Cu10,24.869999999999997,0.00010866666666666666
Cu10,24.93,8.166666666666667e-05
Cu10,24.990000000000002,5.5e-05
Cu10,25.049999999999997,3.366666666666667e-05
Cu10,25.11,2.4e-05
Cu10,25.17,1.6666666666666667e-05
Cu10,25.229999999999997,1.0666666666666667e-05
Cu10,25.29,7e-06
Cu10,25.35,4.333333333333333e-06
Cu10,25.409999999999997,1.3333333333333334e-06
Cu10,25.47,1.6666666666666667e-06
Cu10,25.53,3.3333333333333335e-07
Cu10,25.589999999999996,3.3333333333333335e-07
Cu10,25.65,3.3333333333333335e-07
Cu10,25.71,0.0
Cu10,25.77,0.0
Cu10,25.83,3.3333333333333335e-07
Cu10,25.89,0.0
Cu10,25.95,3.3333333333333335e-07
Al_degrader_E6_E5,17.25,9.090909090909091e-08
Al_degrader_E6_E5,17.310000000000002,1.8181818181818183e-07
Al_degrader_E6_E5,17.369999999999997,0.0
Al_degrader_E6_E5,17.43,1.8181818181818183e-07
Al_degrader_E6_E5,17.490000000000002,2.7272727272727274e-07
Al_degrader_E6_E5,17.549999999999997,3.6363636363636366e-07
Al_degrader_E6_E5,17.61,6.363636363636364e-07
Al_degrader_E6_E5,17.67,3.6363636363636366e-07
Al_degrader_E6_E5,17.729999999999997,1.1818181818181818e-06
Al_degrader_E6_E5,17.79,2.2727272727272728e-06
Al_degrader_E6_E5,17.85,2.2727272727272728e-06
Al_degrader_E6_E5,17.909999999999997,4.454545454545455e-06
Al_degrader_E6_E5,17.97,6e-06
Al_degrader_E6_E5,18.03,9e-06
Al_degrader_E6_E5,18.09,1.2545454545454545e-05
Al_degrader_E6_E5,18.15,1.5454545454545454e-05
Al_degrader_E6_E5,18.21,2.3909090909090908e-05
Al_degrader_E6_E5,18.27,3.127272727272727e-05
Al_degrader_E6_E5,18.33,3.990909090909091e-05
Al_degrader_E6_E5,18.39,5.9727272727272724e-05
Al_degrader_E6_E5,18.45,7.290909090909091e-05
Al_degrader_E6_E5,18.509999999999998,9.9e-05
Al_degrader_E6_E5,18.57,0.00012663636363636363
Al_degrader_E6_E5,18.63,0.000173
Al_degrader_E6_E5,18.689999999999998,0.00022027272727272727
Al_degrader_E6_E5,18.75,0.000277
Al_degrader_E6_E5,18.81,0.0003702727272727273
Al_degrader_E6_E5,18.869999999999997,0.00045254545454545455
Al_degrader_E6_E5,18.93,0.0005737272727272727
Al_degrader_E6_E5,18.990000000000002,0.0007126363636363636
Al_degrader_E6_E5,19.049999999999997,0.0008730909090909091
Al_degrader_E6_E5,19.11,0.0010698181818181818
Al_degrader_E6_E5,19.17,0.0013043636363636363
Al_degrader_E6_E5,19.229999999999997,0.001592090909090909
Al_degrader_E6_E5,19.29,0.0018901818181818182
Al_degrader_E6_E5,19.35,0.0022336363636363634
Al_degrader_E6_E5,19.409999999999997,0.002616272727272727
Al_degrader_E6_E5,19.47,0.003063090909090909
Al_degrader_E6_E5,19.53,0.00359
Al_degrader_E6_E5,19.59,0.004089545454545454
Al_degrader_E6_E5,19.65,0.004676
Al_degrader_E6_E5,19.71,0.005308363636363636
Al_degrader_E6_E5,19.77,0.006001909090909091
Al_degrader_E6_E5,19.83,0.006719090909090909
Al_degrader_E6_E5,19.89,0.007432181818181818
Al_degrader_E6_E5,19.95,0.008229727272727272
Al_degrader_E6_E5,20.009999999999998,0.009002818181818181
Al_degrader_E6_E5,20.07,0.009883818181818181
Al_degrader_E6_E5,20.13,0.010677
Al_degrader_E6_E5,20.189999999999998,0.011462545454545454
Al_degrader_E6_E5,20.25,0.012316272727272728
Al_degrader_E6_E5,20.31,0.013091909090909092
Al_degrader_E6_E5,20.369999999999997,0.013897545454545454
Al_degrader_E6_E5,20.43,0.014609363636363636
Al_degrader_E6_E5,20.490000000000002,0.015384363636363637
Al_degrader_E6_E5,20.549999999999997,0.01592509090909091
Al_degrader_E6_E5,20.61,0.016704363636363635
Al_degrader_E6_E5,20.67,0.017231
Al_degrader_E6_E5,20.729999999999997,0.017786454545454546
Al_degrader_E6_E5,20.79,0.018200636363636363
Al_degrader_E6_E5,20.85,0.018716090909090908
Al_degrader_E6_E5,20.909999999999997,0.01907909090909091
Al_degrader_E6_E5,20.97,0.019433545454545453
Al_degrader_E6_E5,21.03,0.019832181818181818
Al_degrader_E6_E5,21.089999999999996,0.019937090909090908
Al_degrader_E6_E5,21.15,0.02029909090909091
Al_degrader_E6_E5,21.21,0.020452818181818183
Al_degrader_E6_E5,21.27,0.020686636363636362
Al_degrader_E6_E5,21.33,0.02069990909090909
Al_degrader_E6_E5,21.39,0.020957727272727274
Al_degrader_E6_E5,21.45,0.021015363636363638
Al_degrader_E6_E5,21.509999999999998,0.021067636363636365
Al_degrader_E6_E5,21.57,0.02105081818181818
Al_degrader_E6_E5,21.63,0.021211181818181817
Al_degrader_E6_E5,21.689999999999998,0.02112609090909091
Al_degrader_E6_E5,21.75,0.021109545454545454
Al_degrader_E6_E5,21.81,0.021042545454545456
Al_degrader_E6_E5,21.869999999999997,0.020983727272727272
Al_degrader_E6_E5,21.93,0.02083218181818182
Al_degrader_E6_E5,21.990000000000002,0.02064627272727273
Al_degrader_E6_E5,22.049999999999997,0.020525818181818183
Al_degrader_E6_E5,22.11,0.02007490909090909
Al_degrader_E6_E5,22.17,0.019875545454545455
Al_degrader_E6_E5,22.229999999999997,0.019447454545454546
Al_degrader_E6_E5,22.29,0.019105727272727274
Al_degrader_E6_E5,22.35,0.01839618181818182
Al_degrader_E6_E5,22.409999999999997,0.017978454545454544
Al_degrader_E6_E5,22.47,0.017294272727272728
Al_degrader_E6_E5,22.53,0.016663363636363636
Al_degrader_E6_E5,22.589999999999996,0.015739363636363635
Al_degrader_E6_E5,22.65,0.015029272727272728
Al_degrader_E6_E5,22.71,0.014171272727272727
Al_degrader_E6_E5,22.77,0.013289
Al_degrader_E6_E5,22.83,0.012232363636363637
Al_degrader_E6_E5,22.89,0.011374818181818182
Al_degrader_E6_E5,22.95,0.010399454545454545
Al_degrader_E6_E5,23.009999999999998,0.00948809090909091
Al_degrader_E6_E5,23.07,0.008458545454545455
Al_degrader_E6_E5,23.13,0.007629181818181818
Al_degrader_E6_E5,23.189999999999998,0.006741090909090909
Al_degrader_E6_E5,23.25,0.005907909090909091
Al_degrader_E6_E5,23.31,0.005115363636363637
Al_degrader_E6_E5,23.369999999999997,0.004431727272727273
Al_degrader_E6_E5,23.43,0.0037794545454545455
Al_degrader_E6_E5,23.490000000000002,0.003178
Al_degrader_E6_E5,23.549999999999997,0.002676727272727273
Al_degrader_E6_E5,23.61,0.0022098181818181817
Al_degrader_E6_E5,23.67,0.001841
Al_degrader_E6_E5,23.729999999999997,0.0014668181818181818
Al_degrader_E6_E5,23.79,0.0011743636363636364
Al_degrader_E6_E5,23.85,0.0009423636363636364
Al_degrader_E6_E5,23.909999999999997,0.000751
Al_degrader_E6_E5,23.97,0.0005670909090909091
Al_degrader_E6_E5,24.03,0.0004442727272727273
Al_degrader_E6_E5,24.089999999999996,0.0003427272727272727
Al_degrader_E6_E5,24.15,0.00025827272727272727
Al_degrader_E6_E5,24.21,0.0001918181818181818
Al_degrader_E6_E5,24.27,0.00013781818181818182
Al_degrader_E6_E5,24.33,0.00010036363636363636
Al_degrader_E6_E5,24.39,7.4e-05
Al_degrader_E6_E5,24.45,5.3636363636363635e-05
Al_degrader_E6_E5,24.509999999999998,3.3363636363636366e-05
Al_degrader_E6_E5,24.57,2.5363636363636364e-05
Al_degrader_E6_E5,24.63,1.809090909090909e-05
Al_degrader_E6_E5,24.689999999999998,1.2272727272727273e-05
Al_degrader_E6_E5,24.75,7.363636363636364e-06
Al_degrader_E6_E5,24.81,5.363636363636364e-06
Al_degrader_E6_E5,24.869999999999997,2.6363636363636364e-06
Al_degrader_E6_E5,24.93,2.7272727272727272e-06
Al_degrader_E6_E5,24.990000000000002,1.7272727272727273e-06
Al_degrader_E6_E5,25.049999999999997,1e-06
Al_degrader_E6_E5,25.11,2.7272727272727274e-07
Al_degrader_E6_E5,25.17,4.545454545454545e-07
Al_degrader_E6_E5,25.229999999999997,1.8181818181818183e-07
Al_degrader_E6_E5,25.29,9.090909090909091e-08
Al_degrader_E6_E5,25.35,0.0
Al_degrader_E6_E5,25.409999999999997,0.0
Al_degrader_E6_E5,25.47,9.090909090909091e-08
Al_degrader_E6_E5,25.53,0.0
Al_degrader_E6_E5,25.589999999999996,0.0
Al_degrader_E6_E5,25.65,9.090909090909091e-08
Ni11,16.83,6.666666666666667e-07
Ni11,16.89,3.3333333333333335e-07
Ni11,16.95,0.0
Ni11,17.009999999999998,1.6666666666666667e-06
Ni11,17.07,1e-06
Ni11,17.13,2e-06
Ni11,17.189999999999998,6.666666666666667e-07
Ni11,17.25,4e-06
Ni11,17.310000000000002,5e-06
Ni11,17.369999999999997,8.333333333333334e-06
Ni11,17.43,1.1e-05
Ni11,17.490000000000002,1.8333333333333333e-05
Ni11,17.549999999999997,2.7e-05
Ni11,17.61,3.7e-05
Ni11,17.67,5.1666666666666664e-05
Ni11,17.729999999999997,6.6e-05
Ni11,17.79,0.00010533333333333334
Ni11,17.85,0.000131
Ni11,17.909999999999997,0.000172
Ni11,17.97,0.00023966666666666667
Ni11,18.03,0.00031633333333333334
Ni11,18.09,0.0004023333333333333
Ni11,18.15,0.0005096666666666666
Ni11,18.21,0.000717
Ni11,18.27,0.00088
Ni11,18.33,0.001134
Ni11,18.39,0.0014663333333333334
Ni11,18.45,0.00184
Ni11,18.509999999999998,0.0022643333333333335
Ni11,18.57,0.002805666666666667
Ni11,18.63,0.0034806666666666666
Ni11,18.689999999999998,0.004199
Ni11,18.75,0.005094666666666667
Ni11,18.81,0.006141
Ni11,18.869999999999997,0.007288666666666666
Ni11,18.93,0.008513
Ni11,18.990000000000002,0.009977666666666666
Ni11,19.049999999999997,0.011560666666666667
Ni11,19.11,0.013235
Ni11,19.17,0.015004333333333333
Ni11,19.229999999999997,0.016995666666666666
Ni11,19.29,0.019114333333333334
Ni11,19.35,0.020959
Ni11,19.409999999999997,0.023227666666666667
Ni11,19.47,0.025289333333333334
Ni11,19.53,0.027350666666666665
Ni11,19.59,0.029386
Ni11,19.65,0.031208666666666666
Ni11,19.71,0.03286466666666667
Ni11,19.77,0.034512666666666664
Ni11,19.83,0.035646333333333335
Ni11,19.89,0.036552
Ni11,19.95,0.037447666666666664
Ni11,20.009999999999998,0.037483666666666665
Ni11,20.07,0.037651
Ni11,20.13,0.037422
Ni11,20.189999999999998,0.036515
Ni11,20.25,0.035777
Ni11,20.31,0.03442566666666667
Ni11,20.369999999999997,0.032883333333333334
Ni11,20.43,0.031105
Ni11,20.490000000000002,0.029415
Ni11,20.549999999999997,0.027065666666666665
Ni11,20.61,0.024964
Ni11,20.67,0.022911333333333332
Ni11,20.729999999999997,0.020691333333333332
Ni11,20.79,0.018379
Ni11,20.85,0.016511333333333333
Ni11,20.909999999999997,0.014440333333333333
Ni11,20.97,0.012503666666666666
Ni11,21.03,0.010979333333333334
Ni11,21.089999999999996,0.009334
Ni11,21.15,0.007752333333333333
Ni11,21.21,0.006589333333333333
Ni11,21.27,0.005540666666666667
Ni11,21.33,0.004497666666666666
Ni11,21.39,0.0036236666666666665
Ni11,21.45,0.003024
Ni11,21.509999999999998,0.002339
Ni11,21.57,0.0018613333333333333
Ni11,21.63,0.0014986666666666666
Ni11,21.689999999999998,0.0011656666666666666
Ni11,21.75,0.0008726666666666667
Ni11,21.81,0.0006766666666666667
Ni11,21.869999999999997,0.0005086666666666667
Ni11,21.93,0.0003643333333333333
Ni11,21.990000000000002,0.0002753333333333333
Ni11,22.049999999999997,0.00020866666666666668
Ni11,22.11,0.00013666666666666666
Ni11,22.17,9.866666666666666e-05
Ni11,22.229999999999997,7.766666666666667e-05
Ni11,22.29,5.466666666666667e-05
Ni11,22.35,3.366666666666667e-05
Ni11,22.409999999999997,2.3333333333333332e-05
Ni11,22.47,1.8666666666666665e-05
Ni11,22.53,1e-05
Ni11,22.589999999999996,8.666666666666666e-06
Ni11,22.65,6.333333333333333e-06
Ni11,22.71,3e-06
Ni11,22.77,1.3333333333333334e-06
Ni11,22.83,1.6666666666666667e-06
Ni11,22.89,3.3333333333333335e-07
Ni11,22.95,3.3333333333333335e-07
Ni11,23.009999999999998,3.3333333333333335e-07
Ni11,23.07,0.0
Ni11,23.13,0.0
Ni11,23.189999999999998,3.3333333333333335e-07
Ni11,23.25,0.0
Ni11,23.31,0.0
Ni11,23.369999999999997,3.3333333333333335e-07
Sn11,16.71,6.666666666666667e-07
Sn11,16.77,1e-06
Sn11,16.83,1e-06
Sn11,16.89,1.6666666666666667e-06
Sn11,16.95,2e-06
Sn11,17.009999999999998,3.6666666666666666e-06
Sn11,17.07,3e-06
Sn11,17.13,4.333333333333333e-06
Sn11,17.189999999999998,7e-06
Sn11,17.25,1.2666666666666667e-05
Sn11,17.310000000000002,1.9333333333333333e-05
Sn11,17.369999999999997,3e-05
Sn11,17.43,4.433333333333333e-05
Sn11,17.490000000000002,6.2e-05
Sn11,17.549999999999997,8.866666666666666e-05
Sn11,17.61,0.000111
Sn11,17.67,0.000156
Sn11,17.729999999999997,0.00020733333333333332
Sn11,17.79,0.0002716666666666667
Sn11,17.85,0.0003626666666666667
Sn11,17.909999999999997,0.000483
Sn11,17.97,0.000623
Sn11,18.03,0.000786
Sn11,18.09,0.0010263333333333333
Sn11,18.15,0.001341
Sn11,18.21,0.0017006666666666667
Sn11,18.27,0.002154333333333333
Sn11,18.33,0.002707
Sn11,18.39,0.0033313333333333333
Sn11,18.45,0.004058666666666667
Sn11,18.509999999999998,0.004921333333333333
Sn11,18.57,0.005928333333333333
Sn11,18.63,0.007071666666666667
Sn11,18.689999999999998,0.008421666666666666
Sn11,18.75,0.009928333333333334
Sn11,18.81,0.011574666666666667
Sn11,18.869999999999997,0.013264
Sn11,18.93,0.015174
Sn11,18.990000000000002,0.017175666666666665
Sn11,19.049999999999997,0.019230333333333332
Sn11,19.11,0.021351
Sn11,19.17,0.023548
Sn11,19.229999999999997,0.025667666666666665
Sn11,19.29,0.028044
Sn11,19.35,0.030027333333333333
Sn11,19.409999999999997,0.03202
Sn11,19.47,0.033793333333333335
Sn11,19.53,0.03528333333333333
Sn11,19.59,0.036548
Sn11,19.65,0.037622333333333334
Sn11,19.71,0.038277
Sn11,19.77,0.038453666666666664
Sn11,19.83,0.03838866666666667
Sn11,19.89,0.037907333333333335
Sn11,19.95,0.03722166666666667
Sn11,20.009999999999998,0.036221666666666666
Sn11,20.07,0.034756
Sn11,20.13,0.033074
Sn11,20.189999999999998,0.031196
Sn11,20.25,0.029206666666666665
Sn11,20.31,0.026949
Sn11,20.369999999999997,0.024671333333333333
Sn11,20.43,0.022263666666666668
Sn11,20.490000000000002,0.020038
Sn11,20.549999999999997,0.017865
Sn11,20.61,0.015766
Sn11,20.67,0.013843333333333332
Sn11,20.729999999999997,0.011975666666666667
Sn11,20.79,0.010213666666666666
Sn11,20.85,0.008686
Sn11,20.909999999999997,0.007231
Sn11,20.97,0.006034
Sn11,21.03,0.004961666666666666
Sn11,21.089999999999996,0.003994666666666666
Sn11,21.15,0.0032
Sn11,21.21,0.0026373333333333335
Sn11,21.27,0.00214
Sn11,21.33,0.0016496666666666667
Sn11,21.39,0.0012803333333333334
Sn11,21.45,0.0009673333333333333
Sn11,21.509999999999998,0.0007256666666666667
Sn11,21.57,0.0005696666666666667
Sn11,21.63,0.000405
Sn11,21.689999999999998,0.0002903333333333333
Sn11,21.75,0.00020866666666666668
Sn11,21.81,0.00016233333333333334
Sn11,21.869999999999997,0.00012266666666666668
Sn11,21.93,7.533333333333334e-05
Sn11,21.990000000000002,5.4e-05
Sn11,22.049999999999997,3.5333333333333336e-05
Sn11,22.11,2.7e-05
Sn11,22.17,2.0333333333333334e-05
Sn11,22.229999999999997,1.4666666666666666e-05
Sn11,22.29,9e-06
Sn11,22.35,5.333333333333334e-06
Sn11,22.409999999999997,3.3333333333333333e-06
Sn11,22.47,2.666666666666667e-06
Sn11,22.53,6.666666666666667e-07
Sn11,22.589999999999996,3.3333333333333335e-07
Sn11,22.65,0.0
Sn11,22.71,0.0
Sn11,22.77,0.0
Sn11,22.83,0.0
Sn11,22.89,0.0
Sn11,22.95,6.666666666666667e-07
Sn11,23.009999999999998,3.3333333333333335e-07
Ta11,16.35,6.666666666666667e-07
Ta11,16.409999999999997,3.3333333333333335e-07
Ta11,16.47,0.0
Ta11,16.53,2e-06
Ta11,16.59,1e-06
Ta11,16.65,1.6666666666666667e-06
Ta11,16.71,2.666666666666667e-06
Ta11,16.77,2.333333333333333e-06
Ta11,16.83,6e-06
Ta11,16.89,9e-06
Ta11,16.95,1e-05
Ta11,17.009999999999998,1.8666666666666665e-05
Ta11,17.07,2.7333333333333335e-05
Ta11,17.13,3.8333333333333334e-05
Ta11,17.189999999999998,5.0333333333333335e-05
Ta11,17.25,7.3e-05
Ta11,17.310000000000002,9.7e-05
Ta11,17.369999999999997,0.00014133333333333334
Ta11,17.43,0.00016933333333333332
Ta11,17.490000000000002,0.00023366666666666666
Ta11,17.549999999999997,0.000329
Ta11,17.61,0.0003713333333333333
Ta11,17.67,0.0005336666666666667
Ta11,17.729999999999997,0.0006796666666666666
Ta11,17.79,0.0008773333333333334
Ta11,17.85,0.001104
Ta11,17.909999999999997,0.00144
Ta11,17.97,0.0018006666666666666
Ta11,18.03,0.0021806666666666667
Ta11,18.09,0.0027853333333333332
Ta11,18.15,0.0033843333333333334
Ta11,18.21,0.004107666666666667
Ta11,18.27,0.0049573333333333336
Ta11,18.33,0.005959
Ta11,18.39,0.007116333333333333
Ta11,18.45,0.008316666666666667
Ta11,18.509999999999998,0.009650666666666667
Ta11,18.57,0.011308666666666667
Ta11,18.63,0.012890666666666667
Ta11,18.689999999999998,0.014651666666666667
Ta11,18.75,0.016623333333333334
Ta11,18.81,0.018578
Ta11,18.869999999999997,0.020506666666666666
Ta11,18.93,0.022651
Ta11,18.990000000000002,0.024843
Ta11,19.049999999999997,0.026772
Ta11,19.11,0.028724
Ta11,19.17,0.030764333333333335
Ta11,19.229999999999997,0.032217666666666665
Ta11,19.29,0.03409466666666667
Ta11,19.35,0.035189
Ta11,19.409999999999997,0.036249
Ta11,19.47,0.03697166666666667
Ta11,19.53,0.03734266666666667
Ta11,19.59,0.037389
Ta11,19.65,0.037356
Ta11,19.71,0.03660666666666667
Ta11,19.77,0.035665666666666665
Ta11,19.83,0.03474633333333333
Ta11,19.89,0.032967333333333335
Ta11,19.95,0.03168633333333333
Ta11,20.009999999999998,0.029551666666666667
Ta11,20.07,0.027655
Ta11,20.13,0.02546
Ta11,20.189999999999998,0.023261333333333332
Ta11,20.25,0.021265
Ta11,20.31,0.019038
Ta11,20.369999999999997,0.016919333333333335
Ta11,20.43,0.014987666666666666
Ta11,20.490000000000002,0.013084666666666666
Ta11,20.549999999999997,0.011389333333333333
Ta11,20.61,0.009726
Ta11,20.67,0.008302
Ta11,20.729999999999997,0.006978666666666667
Ta11,20.79,0.005811666666666666
Ta11,20.85,0.00483
Ta11,20.909999999999997,0.003890666666666667
Ta11,20.97,0.003236
Ta11,21.03,0.0025566666666666667
Ta11,21.089999999999996,0.0020236666666666667
Ta11,21.15,0.0016523333333333333
Ta11,21.21,0.001278
Ta11,21.27,0.0009896666666666667
Ta11,21.33,0.000738
Ta11,21.39,0.0005706666666666667
Ta11,21.45,0.0004186666666666667
Ta11,21.509999999999998,0.00031133333333333333
Ta11,21.57,0.000241
Ta11,21.63,0.00015666666666666666
Ta11,21.689999999999998,0.00012
Ta11,21.75,8.366666666666666e-05
Ta11,21.81,6.633333333333334e-05
Ta11,21.869999999999997,4.1666666666666665e-05
Ta11,21.93,2.7666666666666667e-05
Ta11,21.990000000000002,2.1666666666666667e-05
Ta11,22.049999999999997,1.3333333333333333e-05
Ta11,22.11,1.1333333333333334e-05
Ta11,22.17,7e-06
Ta11,22.229999999999997,4.333333333333333e-06
Ta11,22.29,1.6666666666666667e-06
Ta11,22.35,2e-06
Ta11,22.409999999999997,6.666666666666667e-07
Ta11,22.47,3.3333333333333335e-07
Ta11,22.53,0.0
Ta11,22.589999999999996,0.0
Ta11,22.65,3.3333333333333335e-07
Ta11,22.71,0.0
Ta11,22.77,3.3333333333333335e-07
Ta11,22.83,0.0
Ta11,22.89,0.0
Ta11,22.95,3.3333333333333335e-07
Cu11,15.87,3.3333333333333335e-07
Cu11,15.93,3.3333333333333335e-07
Cu11,15.989999999999998,3.3333333333333335e-07
Cu11,16.049999999999997,0.0
Cu11,16.11,1.6666666666666667e-06
Cu11,16.17,1.3333333333333334e-06
Cu11,16.229999999999997,1.3333333333333334e-06
Cu11,16.29,1.3333333333333334e-06
Cu11,16.35,3.3333333333333333e-06
Cu11,16.409999999999997,4.666666666666666e-06
Cu11,16.47,8.333333333333334e-06
Cu11,16.53,9e-06
Cu11,16.59,1.6666666666666667e-05
Cu11,16.65,2.3333333333333332e-05
Cu11,16.71,3.3e-05
Cu11,16.77,4.3e-05
Cu11,16.83,6.333333333333333e-05
Cu11,16.89,8.466666666666666e-05
Cu11,16.95,0.000117
Cu11,17.009999999999998,0.00015266666666666667
Cu11,17.07,0.00018833333333333332
Cu11,17.13,0.0002756666666666667
Cu11,17.189999999999998,0.00032533333333333334
Cu11,17.25,0.00044866666666666666
Cu11,17.310000000000002,0.000562
Cu11,17.369999999999997,0.0007593333333333333
Cu11,17.43,0.0009203333333333333
Cu11,17.490000000000002,0.0011793333333333332
Cu11,17.549999999999997,0.0015323333333333332
Cu11,17.61,0.0018773333333333333
Cu11,17.67,0.00231
Cu11,17.729999999999997,0.0028436666666666667
Cu11,17.79,0.003507
Cu11,17.85,0.00417
Cu11,17.909999999999997,0.005061
Cu11,17.97,0.006055666666666667
Cu11,18.03,0.007124666666666666
Cu11,18.09,0.008351
Cu11,18.15,0.009644
Cu11,18.21,0.011254333333333333
Cu11,18.27,0.012787333333333333
Cu11,18.33,0.014398666666666667
Cu11,18.39,0.016407333333333333
Cu11,18.45,0.01823666666666667
Cu11,18.509999999999998,0.020079666666666666
Cu11,18.57,0.02225
Cu11,18.63,0.024251
Cu11,18.689999999999998,0.02604566666666667
Cu11,18.75,0.028094666666666667
Cu11,18.81,0.029954
Cu11,18.869999999999997,0.03151466666666667
Cu11,18.93,0.033149333333333336
Cu11,18.990000000000002,0.034375333333333334
Cu11,19.049999999999997,0.035368
Cu11,19.11,0.036098333333333336
Cu11,19.17,0.0366
Cu11,19.229999999999997,0.036752
Cu11,19.29,0.03668366666666667
Cu11,19.35,0.036124666666666666
Cu11,19.409999999999997,0.035352666666666664
Cu11,19.47,0.034328
Cu11,19.53,0.033097
Cu11,19.59,0.03139466666666667
Cu11,19.65,0.029783
Cu11,19.71,0.027961666666666666
Cu11,19.77,0.025850666666666668
Cu11,19.83,0.02369133333333333
Cu11,19.89,0.021836666666666667
Cu11,19.95,0.019706333333333333
Cu11,20.009999999999998,0.017441
Cu11,20.07,0.015754666666666667
Cu11,20.13,0.013809666666666666
Cu11,20.189999999999998,0.011916333333333333
Cu11,20.25,0.010459666666666667
Cu11,20.31,0.009011
Cu11,20.369999999999997,0.007498
Cu11,20.43,0.006336
Cu11,20.490000000000002,0.0053883333333333335
Cu11,20.549999999999997,0.00434
Cu11,20.61,0.00356
Cu11,20.67,0.0029776666666666667
Cu11,20.729999999999997,0.0023366666666666666
Cu11,20.79,0.001834
Cu11,20.85,0.001503
Cu11,20.909999999999997,0.001188
Cu11,20.97,0.000885
Cu11,21.03,0.000684
Cu11,21.089999999999996,0.000534
Cu11,21.15,0.00037933333333333336
Cu11,21.21,0.000295
Cu11,21.27,0.000217
Cu11,21.33,0.00014466666666666667
Cu11,21.39,0.00011133333333333333
Cu11,21.45,7.866666666666666e-05
Cu11,21.509999999999998,6.266666666666667e-05
Cu11,21.57,4.066666666666667e-05
Cu11,21.63,2.4666666666666665e-05
Cu11,21.689999999999998,2.1e-05
Cu11,21.75,1.2666666666666667e-05
Cu11,21.81,9.666666666666667e-06
Cu11,21.869999999999997,7e-06
Cu11,21.93,4.666666666666666e-06
Cu11,21.990000000000002,1.3333333333333334e-06
Cu11,22.049999999999997,2e-06
Cu11,22.11,6.666666666666667e-07
Cu11,22.17,3.3333333333333335e-07
Cu11,22.229999999999997,0.0
Cu11,22.29,3.3333333333333335e-07
Cu11,22.35,0.0
Cu11,22.409999999999997,0.0
Cu11,22.47,3.3333333333333335e-07
Cu11,22.53,0.0
Cu11,22.589999999999996,0.0
Cu11,22.65,3.3333333333333335e-07
Al_degrader_E8_E7,12.329999999999998,6.666666666666667e-08
Al_degrader_E8_E7,12.39,6.666666666666667e-08
Al_degrader_E8_E7,12.45,6.666666666666667e-08
Al_degrader_E8_E7,12.51,0.0
Al_degrader_E8_E7,12.57,0.0
Al_degrader_E8_E7,12.629999999999999,3.3333333333333335e-07
Al_degrader_E8_E7,12.69,2e-07
Al_degrader_E8_E7,12.75,2e-07
Al_degrader_E8_E7,12.809999999999999,3.3333333333333335e-07
Al_degrader_E8_E7,12.870000000000001,2e-07
Al_degrader_E8_E7,12.93,7.333333333333333e-07
Al_degrader_E8_E7,12.989999999999998,8e-07
Al_degrader_E8_E7,13.05,1.6e-06
Al_degrader_E8_E7,13.11,1.1333333333333334e-06
Al_degrader_E8_E7,13.169999999999998,2.2e-06
Al_degrader_E8_E7,13.23,3.4e-06
Al_degrader_E8_E7,13.29,4.8e-06
Al_degrader_E8_E7,13.35,6.133333333333334e-06
Al_degrader_E8_E7,13.41,7.2e-06
Al_degrader_E8_E7,13.469999999999999,1.0333333333333333e-05
Al_degrader_E8_E7,13.53,1.2e-05
Al_degrader_E8_E7,13.59,1.8333333333333333e-05
Al_degrader_E8_E7,13.649999999999999,2.1666666666666667e-05
Al_degrader_E8_E7,13.71,2.7333333333333335e-05
Al_degrader_E8_E7,13.77,3.2466666666666665e-05
Al_degrader_E8_E7,13.829999999999998,4.633333333333333e-05
Al_degrader_E8_E7,13.89,5.473333333333333e-05
Al_degrader_E8_E7,13.95,7.02e-05
Al_degrader_E8_E7,14.009999999999998,8.466666666666666e-05
Al_degrader_E8_E7,14.07,0.00010906666666666667
Al_degrader_E8_E7,14.129999999999999,0.00013833333333333333
Al_degrader_E8_E7,14.19,0.000162
Al_degrader_E8_E7,14.25,0.00020513333333333332
Al_degrader_E8_E7,14.309999999999999,0.0002510666666666667
Al_degrader_E8_E7,14.37,0.0003128
Al_degrader_E8_E7,14.43,0.0003650666666666667
Al_degrader_E8_E7,14.489999999999998,0.00044426666666666666
Al_degrader_E8_E7,14.55,0.0005345333333333333
Al_degrader_E8_E7,14.61,0.0006408
Al_degrader_E8_E7,14.669999999999998,0.0007502
Al_degrader_E8_E7,14.73,0.0008872
Al_degrader_E8_E7,14.79,0.0010511333333333333
Al_degrader_E8_E7,14.85,0.0012350666666666667
Al_degrader_E8_E7,14.91,0.0014256666666666667
Al_degrader_E8_E7,14.969999999999999,0.0016332666666666667
Al_degrader_E8_E7,15.03,0.0018966
Al_degrader_E8_E7,15.09,0.0021792666666666668
Al_degrader_E8_E7,15.149999999999999,0.0024704
Al_degrader_E8_E7,15.21,0.0027888
Al_degrader_E8_E7,15.27,0.0031513333333333332
Al_degrader_E8_E7,15.329999999999998,0.0035465333333333333
Al_degrader_E8_E7,15.39,0.003970133333333333
Al_degrader_E8_E7,15.45,0.004373466666666667
Al_degrader_E8_E7,15.509999999999998,0.004868933333333333
Al_degrader_E8_E7,15.57,0.005380866666666667
Al_degrader_E8_E7,15.629999999999999,0.005905533333333333
Al_degrader_E8_E7,15.69,0.0063759333333333335
Al_degrader_E8_E7,15.75,0.007009666666666667
Al_degrader_E8_E7,15.809999999999999,0.007548933333333333
Al_degrader_E8_E7,15.87,0.008148533333333333
Al_degrader_E8_E7,15.93,0.008697866666666667
Al_degrader_E8_E7,15.989999999999998,0.009351866666666667
Al_degrader_E8_E7,16.049999999999997,0.009931933333333334
Al_degrader_E8_E7,16.11,0.010503933333333333
Al_degrader_E8_E7,16.17,0.011103866666666667
Al_degrader_E8_E7,16.229999999999997,0.011657466666666666
Al_degrader_E8_E7,16.29,0.012258466666666667
Al_degrader_E8_E7,16.35,0.0127664
Al_degrader_E8_E7,16.409999999999997,0.013300466666666667
Al_degrader_E8_E7,16.47,0.013792
Al_degrader_E8_E7,16.53,0.014291733333333334
Al_degrader_E8_E7,16.59,0.0147118
Al_degrader_E8_E7,16.65,0.0151452
Al_degrader_E8_E7,16.71,0.015529533333333333
Al_degrader_E8_E7,16.77,0.015888066666666666
Al_degrader_E8_E7,16.83,0.0162348
Al_degrader_E8_E7,16.89,0.0165304
Al_degrader_E8_E7,16.95,0.0168144
Al_degrader_E8_E7,17.009999999999998,0.017070933333333333
Al_degrader_E8_E7,17.07,0.017296066666666665
Al_degrader_E8_E7,17.13,0.0174874
Al_degrader_E8_E7,17.189999999999998,0.017691533333333332
Al_degrader_E8_E7,17.25,0.017859133333333332
Al_degrader_E8_E7,17.310000000000002,0.017979
Al_degrader_E8_E7,17.369999999999997,0.0181008
Al_degrader_E8_E7,17.43,0.0182428
Al_degrader_E8_E7,17.490000000000002,0.018321866666666665
Al_degrader_E8_E7,17.549999999999997,0.018365666666666666
Al_degrader_E8_E7,17.61,0.018411533333333334
Al_degrader_E8_E7,17.67,0.018506066666666668
Al_degrader_E8_E7,17.729999999999997,0.018496466666666666
Al_degrader_E8_E7,17.79,0.018465933333333334
Al_degrader_E8_E7,17.85,0.018505066666666667
Al_degrader_E8_E7,17.909999999999997,0.0184498
Al_degrader_E8_E7,17.97,0.018367733333333334
Al_degrader_E8_E7,18.03,0.018257266666666667
Al_degrader_E8_E7,18.09,0.018175133333333333
Al_degrader_E8_E7,18.15,0.018024466666666666
Al_degrader_E8_E7,18.21,0.017782666666666665
Al_degrader_E8_E7,18.27,0.017621866666666666
Al_degrader_E8_E7,18.33,0.0173694
Al_degrader_E8_E7,18.39,0.017017133333333333
Al_degrader_E8_E7,18.45,0.01666226666666667
Al_degrader_E8_E7,18.509999999999998,0.016347666666666667
Al_degrader_E8_E7,18.57,0.0158842
Al_degrader_E8_E7,18.63,0.015374666666666667
Al_degrader_E8_E7,18.689999999999998,0.014898666666666666
Al_degrader_E8_E7,18.75,0.014352866666666667
Al_degrader_E8_E7,18.81,0.013692066666666667
Al_degrader_E8_E7,18.869999999999997,0.013082133333333334
Al_degrader_E8_E7,18.93,0.012472866666666667
Al_degrader_E8_E7,18.990000000000002,0.011708066666666666
Al_degrader_E8_E7,19.049999999999997,0.0109998
Al_degrader_E8_E7,19.11,0.010328333333333333
Al_degrader_E8_E7,19.17,0.009546666666666667
Al_degrader_E8_E7,19.229999999999997,0.008798066666666667
Al_degrader_E8_E7,19.29,0.008129933333333334
Al_degrader_E8_E7,19.35,0.0073918
Al_degrader_E8_E7,19.409999999999997,0.006678066666666667
Al_degrader_E8_E7,19.47,0.005990066666666667
Al_degrader_E8_E7,19.53,0.005408733333333333
Al_degrader_E8_E7,19.59,0.004765533333333333
Al_degrader_E8_E7,19.65,0.004162133333333333
Al_degrader_E8_E7,19.71,0.0036939333333333335
Al_degrader_E8_E7,19.77,0.003190933333333333
Al_degrader_E8_E7,19.83,0.0027154
Al_degrader_E8_E7,19.89,0.0023692
Al_degrader_E8_E7,19.95,0.002006
Al_degrader_E8_E7,20.009999999999998,0.0016616666666666668
Al_degrader_E8_E7,20.07,0.0014015333333333333
Al_degrader_E8_E7,20.13,0.0011754
Al_degrader_E8_E7,20.189999999999998,0.0009446666666666667
Al_degrader_E8_E7,20.25,0.0007664
Al_degrader_E8_E7,20.31,0.0006394666666666666
Al_degrader_E8_E7,20.369999999999997,0.0005000666666666667
Al_degrader_E8_E7,20.43,0.0003934
Al_degrader_E8_E7,20.490000000000002,0.000318
Al_degrader_E8_E7,20.549999999999997,0.0002508
Al_degrader_E8_E7,20.61,0.00019093333333333333
Al_degrader_E8_E7,20.67,0.0001442
Al_degrader_E8_E7,20.729999999999997,0.0001148
Al_degrader_E8_E7,20.79,8.066666666666667e-05
Al_degrader_E8_E7,20.85,6.113333333333333e-05
Al_degrader_E8_E7,20.909999999999997,4.8133333333333336e-05
Al_degrader_E8_E7,20.97,3.2466666666666665e-05
Al_degrader_E8_E7,21.03,2.4333333333333333e-05
Al_degrader_E8_E7,21.089999999999996,1.633333333333333e-05
Al_degrader_E8_E7,21.15,1.3466666666666666e-05
Al_degrader_E8_E7,21.21,9.4e-06
Al_degrader_E8_E7,21.27,5.066666666666667e-06
Al_degrader_E8_E7,21.33,4.2e-06
Al_degrader_E8_E7,21.39,3.466666666666667e-06
Al_degrader_E8_E7,21.45,1.6666666666666667e-06
Al_degrader_E8_E7,21.509999999999998,1.4e-06
Al_degrader_E8_E7,21.57,1.5333333333333334e-06
Al_degrader_E8_E7,21.63,3.3333333333333335e-07
Al_degrader_E8_E7,21.689999999999998,2.6666666666666667e-07
Al_degrader_E8_E7,21.75,4e-07
Al_degrader_E8_E7,21.81,6.666666666666667e-08
Al_degrader_E8_E7,21.869999999999997,6.666666666666667e-08
Al_degrader_E8_E7,21.93,6.666666666666667e-08
Al_degrader_E8_E7,21.990000000000002,0.0
Al_degrader_E8_E7,22.049999999999997,0.0
Al_degrader_E8_E7,22.11,6.666666666666667e-08
Al_degrader_E8_E7,22.17,0.0
Al_degrader_E8_E7,22.229999999999997,0.0
Al_degrader_E8_E7,22.29,6.666666666666667e-08
Ni12,11.79,3.3333333333333335e-07
Ni12,11.85,3.3333333333333335e-07
Ni12,11.91,3.3333333333333335e-07
Ni12,11.969999999999999,0.0
Ni12,12.03,6.666666666666667e-07
Ni12,12.09,1.3333333333333334e-06
Ni12,12.149999999999999,1e-06
Ni12,12.21,1.6666666666666667e-06
Ni12,12.27,6.666666666666667e-07
Ni12,12.329999999999998,1.6666666666666667e-06
Ni12,12.39,4e-06
Ni12,12.45,4.333333333333333e-06
Ni12,12.51,7.333333333333333e-06
Ni12,12.57,6.666666666666667e-06
Ni12,12.629999999999999,1.2333333333333333e-05
Ni12,12.69,1.6e-05
Ni12,12.75,2.2333333333333332e-05
Ni12,12.809999999999999,3.066666666666667e-05
Ni12,12.870000000000001,3.4666666666666665e-05
Ni12,12.93,4.8333333333333334e-05
Ni12,12.989999999999998,5.466666666666667e-05
Ni12,13.05,8.733333333333333e-05
Ni12,13.11,0.00010033333333333334
Ni12,13.169999999999998,0.00012566666666666667
Ni12,13.23,0.00015133333333333334
Ni12,13.29,0.00020533333333333333
Ni12,13.35,0.00025866666666666665
Ni12,13.41,0.00029633333333333334
Ni12,13.469999999999999,0.00037833333333333333
Ni12,13.53,0.000461
Ni12,13.59,0.0006103333333333334
Ni12,13.649999999999999,0.0007016666666666666
Ni12,13.71,0.0008696666666666667
Ni12,13.77,0.0010543333333333333
Ni12,13.829999999999998,0.0012903333333333334
Ni12,13.89,0.0015523333333333333
Ni12,13.95,0.0018323333333333334
Ni12,14.009999999999998,0.0021853333333333334
Ni12,14.07,0.002592
Ni12,14.129999999999999,0.003069333333333333
Ni12,14.19,0.0035456666666666666
Ni12,14.25,0.004158333333333333
Ni12,14.309999999999999,0.004887666666666667
Ni12,14.37,0.005591
Ni12,14.43,0.006416666666666667
Ni12,14.489999999999998,0.0072503333333333335
Ni12,14.55,0.008243
Ni12,14.61,0.009356
Ni12,14.669999999999998,0.010489666666666666
Ni12,14.73,0.011535333333333333
Ni12,14.79,0.012924333333333333
Ni12,14.85,0.014237
Ni12,14.91,0.0157
Ni12,14.969999999999999,0.016874333333333335
Ni12,15.03,0.018535
Ni12,15.09,0.019916666666666666
Ni12,15.149999999999999,0.021408666666666666
Ni12,15.21,0.022705666666666666
Ni12,15.27,0.024219
Ni12,15.329999999999998,0.025369
Ni12,15.39,0.026807666666666667
Ni12,15.45,0.027768
Ni12,15.509999999999998,0.028894333333333334
Ni12,15.57,0.029667333333333334
Ni12,15.629999999999999,0.030289666666666666
Ni12,15.69,0.030955666666666666
Ni12,15.75,0.031226666666666666
Ni12,15.809999999999999,0.03133266666666667
Ni12,15.87,0.031368
Ni12,15.93,0.031169666666666665
Ni12,15.989999999999998,0.030566
Ni12,16.049999999999997,0.030163
Ni12,16.11,0.02930666666666667
Ni12,16.17,0.028384666666666666
Ni12,16.229999999999997,0.027038
Ni12,16.29,0.025981333333333332
Ni12,16.35,0.024812333333333332
Ni12,16.409999999999997,0.023138
Ni12,16.47,0.021688666666666665
Ni12,16.53,0.020183333333333334
Ni12,16.59,0.018798333333333334
Ni12,16.65,0.017195333333333333
Ni12,16.71,0.015496666666666667
Ni12,16.77,0.014171333333333333
Ni12,16.83,0.012772
Ni12,16.89,0.011334333333333333
Ni12,16.95,0.010018333333333334
Ni12,17.009999999999998,0.008975
Ni12,17.07,0.007844
Ni12,17.13,0.006683
Ni12,17.189999999999998,0.005810333333333333
Ni12,17.25,0.005017333333333334
Ni12,17.310000000000002,0.004267333333333333
Ni12,17.369999999999997,0.003549333333333333
Ni12,17.43,0.0029836666666666666
Ni12,17.490000000000002,0.0025786666666666666
Ni12,17.549999999999997,0.002054666666666667
Ni12,17.61,0.0016696666666666667
Ni12,17.67,0.0013976666666666666
Ni12,17.729999999999997,0.0011416666666666667
Ni12,17.79,0.000923
Ni12,17.85,0.0007223333333333333
Ni12,17.909999999999997,0.000565
Ni12,17.97,0.000454
Ni12,18.03,0.0003356666666666667
Ni12,18.09,0.00025966666666666667
Ni12,18.15,0.00021233333333333334
Ni12,18.21,0.000158
Ni12,18.27,0.000109
Ni12,18.33,8.5e-05
Ni12,18.39,6.666666666666667e-05
Ni12,18.45,5.466666666666667e-05
Ni12,18.509999999999998,3.3333333333333335e-05
Ni12,18.57,2.2e-05
Ni12,18.63,2e-05
Ni12,18.689999999999998,1.4e-05
Ni12,18.75,8e-06
Ni12,18.81,8e-06
Ni12,18.869999999999997,5.666666666666667e-06
Ni12,18.93,3.3333333333333333e-06
Ni12,18.990000000000002,1.6666666666666667e-06
Ni12,19.049999999999997,1e-06
Ni12,19.11,1.3333333333333334e-06
Ni12,19.17,0.0
Ni12,19.229999999999997,3.3333333333333335e-07
Ni12,19.29,3.3333333333333335e-07
Ni12,19.35,0.0
Ni12,19.409999999999997,0.0
Ni12,19.47,0.0
Ni12,19.53,3.3333333333333335e-07
Ni12,19.59,0.0
Ni12,19.65,0.0
Ni12,19.71,3.3333333333333335e-07
Sn12,11.61,3.3333333333333335e-07
Sn12,11.669999999999998,6.666666666666667e-07
Sn12,11.73,6.666666666666667e-07
Sn12,11.79,6.666666666666667e-07
Sn12,11.85,3.3333333333333335e-07
Sn12,11.91,1.6666666666666667e-06
Sn12,11.969999999999999,2e-06
Sn12,12.03,1.6666666666666667e-06
Sn12,12.09,3e-06
Sn12,12.149999999999999,2.333333333333333e-06
Sn12,12.21,4.333333333333333e-06
Sn12,12.27,4.666666666666666e-06
Sn12,12.329999999999998,7.333333333333333e-06
Sn12,12.39,1.3e-05
Sn12,12.45,1.6666666666666667e-05
Sn12,12.51,2.3666666666666668e-05
Sn12,12.57,3.1666666666666666e-05
Sn12,12.629999999999999,4.1666666666666665e-05
Sn12,12.69,5.433333333333333e-05
Sn12,12.75,7.3e-05
Sn12,12.809999999999999,8.6e-05
Sn12,12.870000000000001,0.00011266666666666666
Sn12,12.93,0.00014366666666666667
Sn12,12.989999999999998,0.00017266666666666667
Sn12,13.05,0.00021766666666666665
Sn12,13.11,0.00027966666666666667
Sn12,13.169999999999998,0.000348
Sn12,13.23,0.00040866666666666666
Sn12,13.29,0.0005323333333333333
Sn12,13.35,0.0006323333333333334
Sn12,13.41,0.0007656666666666667
Sn12,13.469999999999999,0.0009726666666666667
Sn12,13.53,0.0011743333333333334
Sn12,13.59,0.0014283333333333333
Sn12,13.649999999999999,0.0017303333333333333
Sn12,13.71,0.0020643333333333334
Sn12,13.77,0.0024636666666666665
Sn12,13.829999999999998,0.0028926666666666666
Sn12,13.89,0.003417
Sn12,13.95,0.003984666666666667
Sn12,14.009999999999998,0.004625333333333334
Sn12,14.07,0.00535
Sn12,14.129999999999999,0.00616
Sn12,14.19,0.007088666666666667
Sn12,14.25,0.008119666666666667
Sn12,14.309999999999999,0.009257666666666668
Sn12,14.37,0.010333
Sn12,14.43,0.011523666666666666
Sn12,14.489999999999998,0.012761
Sn12,14.55,0.014175666666666666
Sn12,14.61,0.015594
Sn12,14.669999999999998,0.01698
Sn12,14.73,0.018479333333333334
Sn12,14.79,0.019976333333333332
Sn12,14.85,0.021408333333333335
Sn12,14.91,0.023014333333333335
Sn12,14.969999999999999,0.024372666666666667
Sn12,15.03,0.025873
Sn12,15.09,0.027049
Sn12,15.149999999999999,0.028245666666666665
Sn12,15.21,0.029271
Sn12,15.27,0.030189
Sn12,15.329999999999998,0.030879
Sn12,15.39,0.031536666666666664
Sn12,15.45,0.031895
Sn12,15.509999999999998,0.03187566666666666
Sn12,15.57,0.031836
Sn12,15.629999999999999,0.031434333333333335
Sn12,15.69,0.031170666666666666
Sn12,15.75,0.030524666666666665
Sn12,15.809999999999999,0.029746
Sn12,15.87,0.028659
Sn12,15.93,0.027447333333333334
Sn12,15.989999999999998,0.026158666666666667
Sn12,16.049999999999997,0.024918
Sn12,16.11,0.023368
Sn12,16.17,0.021674333333333334
Sn12,16.229999999999997,0.020114
Sn12,16.29,0.018457
Sn12,16.35,0.016892
Sn12,16.409999999999997,0.01532
Sn12,16.47,0.013919333333333334
Sn12,16.53,0.012568333333333334
Sn12,16.59,0.011126
Sn12,16.65,0.009858
Sn12,16.71,0.008591
Sn12,16.77,0.007519666666666667
Sn12,16.83,0.006458
Sn12,16.89,0.0055646666666666665
Sn12,16.95,0.004725
Sn12,17.009999999999998,0.003991
Sn12,17.07,0.003295666666666667
Sn12,17.13,0.0027643333333333335
Sn12,17.189999999999998,0.0023326666666666665
Sn12,17.25,0.001958333333333333
Sn12,17.310000000000002,0.0015956666666666667
Sn12,17.369999999999997,0.001293
Sn12,17.43,0.0010273333333333334
Sn12,17.490000000000002,0.0008086666666666666
Sn12,17.549999999999997,0.0006296666666666667
Sn12,17.61,0.0005083333333333333
Sn12,17.67,0.0003933333333333333
Sn12,17.729999999999997,0.00030766666666666665
Sn12,17.79,0.00022
Sn12,17.85,0.00017
Sn12,17.909999999999997,0.00013666666666666666
Sn12,17.97,0.000107
Sn12,18.03,7.5e-05
Sn12,18.09,4.966666666666667e-05
Sn12,18.15,3.7e-05
Sn12,18.21,2.7333333333333335e-05
Sn12,18.27,2.2e-05
Sn12,18.33,1.8333333333333333e-05
Sn12,18.39,1.3333333333333333e-05
Sn12,18.45,8.333333333333334e-06
Sn12,18.509999999999998,5e-06
Sn12,18.57,3.6666666666666666e-06
Sn12,18.63,3e-06
Sn12,18.689999999999998,1.6666666666666667e-06
Sn12,18.75,3.3333333333333335e-07
Sn12,18.81,3.3333333333333335e-07
Sn12,18.869999999999997,0.0
Sn12,18.93,0.0
Sn12,18.990000000000002,0.0
Sn12,19.049999999999997,0.0
Sn12,19.11,0.0
Sn12,19.17,3.3333333333333335e-07
Sn12,19.229999999999997,3.3333333333333335e-07
Sn12,19.29,3.3333333333333335e-07
Ta12,11.129999999999999,3.3333333333333335e-07
Ta12,11.19,3.3333333333333335e-07
Ta12,11.25,3.3333333333333335e-07
Ta12,11.309999999999999,0.0
Ta12,11.370000000000001,3.3333333333333335e-07
Ta12,11.43,1.6666666666666667e-06
Ta12,11.489999999999998,6.666666666666667e-07
Ta12,11.55,6.666666666666667e-07
Ta12,11.61,1.6666666666666667e-06
Ta12,11.669999999999998,2.333333333333333e-06
Ta12,11.73,2.333333333333333e-06
Ta12,11.79,3e-06
Ta12,11.85,5.333333333333334e-06
Ta12,11.91,6.666666666666667e-06
Ta12,11.969999999999999,8.333333333333334e-06
Ta12,12.03,1.3333333333333333e-05
Ta12,12.09,1.7333333333333332e-05
Ta12,12.149999999999999,2.3333333333333332e-05
Ta12,12.21,3.1666666666666666e-05
Ta12,12.27,3.866666666666667e-05
Ta12,12.329999999999998,4.933333333333333e-05
Ta12,12.39,6.3e-05
Ta12,12.45,8.033333333333334e-05
Ta12,12.51,0.00010733333333333333
Ta12,12.57,0.00013133333333333335
Ta12,12.629999999999999,0.00015066666666666668
Ta12,12.69,0.00020666666666666666
Ta12,12.75,0.00026333333333333336
Ta12,12.809999999999999,0.00027966666666666667
Ta12,12.870000000000001,0.0003913333333333333
Ta12,12.93,0.00045633333333333333
Ta12,12.989999999999998,0.0005723333333333333
Ta12,13.05,0.0006916666666666667
Ta12,13.11,0.000841
Ta12,13.169999999999998,0.0010213333333333333
Ta12,13.23,0.0012476666666666667
Ta12,13.29,0.0015023333333333334
Ta12,13.35,0.0017393333333333334
Ta12,13.41,0.0021116666666666666
Ta12,13.469999999999999,0.002475
Ta12,13.53,0.002926
Ta12,13.59,0.003387666666666667
Ta12,13.649999999999999,0.003970666666666667
Ta12,13.71,0.004581666666666667
Ta12,13.77,0.005293333333333333
Ta12,13.829999999999998,0.006082666666666667
Ta12,13.89,0.006935
Ta12,13.95,0.007772333333333333
Ta12,14.009999999999998,0.008851
Ta12,14.07,0.009906666666666666
Ta12,14.129999999999999,0.010977
Ta12,14.19,0.012232666666666666
Ta12,14.25,0.013532
Ta12,14.309999999999999,0.014764333333333334
Ta12,14.37,0.016164333333333333
Ta12,14.43,0.017553333333333334
Ta12,14.489999999999998,0.018926333333333333
Ta12,14.55,0.020445
Ta12,14.61,0.021713333333333334
Ta12,14.669999999999998,0.023031333333333334
Ta12,14.73,0.024554
Ta12,14.79,0.025598333333333334
Ta12,14.85,0.026704666666666668
Ta12,14.91,0.02801266666666667
Ta12,14.969999999999999,0.028824666666666665
Ta12,15.03,0.029491
Ta12,15.09,0.030125333333333334
Ta12,15.149999999999999,0.030718666666666665
Ta12,15.21,0.030798
Ta12,15.27,0.030913
Ta12,15.329999999999998,0.030906333333333334
Ta12,15.39,0.030686333333333333
Ta12,15.45,0.029885333333333333
Ta12,15.509999999999998,0.029421666666666665
Ta12,15.57,0.028775666666666668
Ta12,15.629999999999999,0.027473
Ta12,15.69,0.026662
Ta12,15.75,0.02536566666666667
Ta12,15.809999999999999,0.023969333333333332
Ta12,15.87,0.022601
Ta12,15.93,0.021130666666666666
Ta12,15.989999999999998,0.019542666666666667
Ta12,16.049999999999997,0.018345666666666666
Ta12,16.11,0.016605333333333333
Ta12,16.17,0.015038666666666667
Ta12,16.229999999999997,0.013859
Ta12,16.29,0.012359333333333333
Ta12,16.35,0.011037333333333333
Ta12,16.409999999999997,0.009819
Ta12,16.47,0.008753
Ta12,16.53,0.007653
Ta12,16.59,0.00657
Ta12,16.65,0.005700333333333333
Ta12,16.71,0.004882
Ta12,16.77,0.004214333333333333
Ta12,16.83,0.003509
Ta12,16.89,0.0029653333333333333
Ta12,16.95,0.002517
Ta12,17.009999999999998,0.0020486666666666665
Ta12,17.07,0.001665
Ta12,17.13,0.0014206666666666666
Ta12,17.189999999999998,0.0011446666666666667
Ta12,17.25,0.000917
Ta12,17.310000000000002,0.0007346666666666667
Ta12,17.369999999999997,0.0005703333333333333
Ta12,17.43,0.000455
Ta12,17.490000000000002,0.000355
Ta12,17.549999999999997,0.000267
Ta12,17.61,0.000222
Ta12,17.67,0.00015666666666666666
Ta12,17.729999999999997,0.000121
Ta12,17.79,9.1e-05
Ta12,17.85,6.6e-05
Ta12,17.909999999999997,5.7e-05
Ta12,17.97,3.8333333333333334e-05
Ta12,18.03,2.4e-05
Ta12,18.09,2.1333333333333335e-05
Ta12,18.15,1.4333333333333334e-05
Ta12,18.21,1e-05
Ta12,18.27,9e-06
Ta12,18.33,6.333333333333333e-06
Ta12,18.39,4e-06
Ta12,18.45,1.6666666666666667e-06
Ta12,18.509999999999998,1e-06
Ta12,18.57,1.6666666666666667e-06
Ta12,18.63,3.3333333333333335e-07
Ta12,18.689999999999998,3.3333333333333335e-07
Ta12,18.75,0.0
Ta12,18.81,0.0
Ta12,18.869999999999997,3.3333333333333335e-07
Ta12,18.93,0.0
Ta12,18.990000000000002,0.0
Ta12,19.049999999999997,3.3333333333333335e-07
Ta12,19.11,0.0
Ta12,19.17,3.3333333333333335e-07
Cu12,10.59,3.3333333333333335e-07
Cu12,10.649999999999999,3.3333333333333335e-07
Cu12,10.71,3.3333333333333335e-07
Cu12,10.77,0.0
Cu12,10.829999999999998,3.3333333333333335e-07
Cu12,10.89,1.3333333333333334e-06
Cu12,10.95,1.3333333333333334e-06
Cu12,11.01,6.666666666666667e-07
Cu12,11.07,1e-06
Cu12,11.129999999999999,1.6666666666666667e-06
Cu12,11.19,2.333333333333333e-06
Cu12,11.25,3.3333333333333333e-06
Cu12,11.309999999999999,5.666666666666667e-06
Cu12,11.370000000000001,5.666666666666667e-06
Cu12,11.43,7.666666666666667e-06
Cu12,11.489999999999998,1.1e-05
Cu12,11.55,1.4333333333333334e-05
Cu12,11.61,2.2666666666666668e-05
Cu12,11.669999999999998,2.5666666666666666e-05
Cu12,11.73,3.3e-05
Cu12,11.79,4.3666666666666666e-05
Cu12,11.85,5.1e-05
Cu12,11.91,6.8e-05
Cu12,11.969999999999999,9.033333333333334e-05
Cu12,12.03,0.00010666666666666667
Cu12,12.09,0.000129
Cu12,12.149999999999999,0.000163
Cu12,12.21,0.00022133333333333334
Cu12,12.27,0.000251
Cu12,12.329999999999998,0.00030533333333333335
Cu12,12.39,0.000374
Cu12,12.45,0.0004533333333333333
Cu12,12.51,0.0005783333333333334
Cu12,12.57,0.0006873333333333333
Cu12,12.629999999999999,0.0008133333333333333
Cu12,12.69,0.0009896666666666667
Cu12,12.75,0.00122
Cu12,12.809999999999999,0.001417
Cu12,12.870000000000001,0.001686
Cu12,12.93,0.0019836666666666666
Cu12,12.989999999999998,0.00236
Cu12,13.05,0.0027513333333333335
Cu12,13.11,0.003187
Cu12,13.169999999999998,0.00369
Cu12,13.23,0.004280333333333333
Cu12,13.29,0.004954
Cu12,13.35,0.005653666666666667
Cu12,13.41,0.0064136666666666665
Cu12,13.469999999999999,0.007192
Cu12,13.53,0.008144333333333333
Cu12,13.59,0.009172666666666668
Cu12,13.649999999999999,0.010197
Cu12,13.71,0.011238666666666666
Cu12,13.77,0.012415333333333334
Cu12,13.829999999999998,0.013683
Cu12,13.89,0.015019666666666667
Cu12,13.95,0.016116
Cu12,14.009999999999998,0.017540666666666666
Cu12,14.07,0.018860666666666668
Cu12,14.129999999999999,0.020293333333333333
Cu12,14.19,0.021418333333333334
Cu12,14.25,0.022862
Cu12,14.309999999999999,0.02398633333333333
Cu12,14.37,0.025255666666666666
Cu12,14.43,0.026179666666666667
Cu12,14.489999999999998,0.027382666666666666
Cu12,14.55,0.028147666666666668
Cu12,14.61,0.028834
Cu12,14.669999999999998,0.029304333333333335
Cu12,14.73,0.029995666666666667
Cu12,14.79,0.029921666666666666
Cu12,14.85,0.030185
Cu12,14.91,0.030120333333333332
Cu12,14.969999999999999,0.029889666666666665
Cu12,15.03,0.029245666666666666
Cu12,15.09,0.028794
Cu12,15.149999999999999,0.028112333333333333
Cu12,15.21,0.027179333333333333
Cu12,15.27,0.025998666666666666
Cu12,15.329999999999998,0.025010666666666667
Cu12,15.39,0.023863333333333334
Cu12,15.45,0.022324
Cu12,15.509999999999998,0.021066
Cu12,15.57,0.019577666666666667
Cu12,15.629999999999999,0.0183
Cu12,15.69,0.016789666666666668
Cu12,15.75,0.015364333333333334
Cu12,15.809999999999999,0.013938666666666667
Cu12,15.87,0.012770666666666666
Cu12,15.93,0.011416
Cu12,15.989999999999998,0.010063
Cu12,16.049999999999997,0.00912
Cu12,16.11,0.007964
Cu12,16.17,0.0069953333333333334
Cu12,16.229999999999997,0.006018333333333333
Cu12,16.29,0.005224333333333333
Cu12,16.35,0.004573
Cu12,16.409999999999997,0.003833333333333333
Cu12,16.47,0.00322
Cu12,16.53,0.002769666666666667
Cu12,16.59,0.0023083333333333332
Cu12,16.65,0.0018926666666666666
Cu12,16.71,0.0015436666666666667
Cu12,16.77,0.0013156666666666666
Cu12,16.83,0.001071
Cu12,16.89,0.000858
Cu12,16.95,0.0006823333333333333
Cu12,17.009999999999998,0.0005523333333333334
Cu12,17.07,0.0004293333333333333
Cu12,17.13,0.0003223333333333333
Cu12,17.189999999999998,0.000257
Cu12,17.25,0.00020933333333333334
Cu12,17.310000000000002,0.00015633333333333333
Cu12,17.369999999999997,0.00011266666666666666
Cu12,17.43,8.6e-05
Cu12,17.490000000000002,6.566666666666667e-05
Cu12,17.549999999999997,5.5333333333333334e-05
Cu12,17.61,3.766666666666667e-05
Cu12,17.67,2.4333333333333333e-05
Cu12,17.729999999999997,1.9666666666666666e-05
Cu12,17.79,1.633333333333333e-05
Cu12,17.85,1e-05
Cu12,17.909999999999997,8e-06
Cu12,17.97,5.333333333333334e-06
Cu12,18.03,5.333333333333334e-06
Cu12,18.09,1.6666666666666667e-06
Cu12,18.15,1.3333333333333334e-06
Cu12,18.21,1.3333333333333334e-06
Cu12,18.27,6.666666666666667e-07
Cu12,18.33,3.3333333333333335e-07
Cu12,18.39,0.0
Cu12,18.45,0.0
Cu12,18.509999999999998,3.3333333333333335e-07
Cu12,18.57,0.0
Cu12,18.63,0.0
Cu12,18.689999999999998,3.3333333333333335e-07
Cu12,18.75,0.0
Cu12,18.81,0.0
Cu12,18.869999999999997,3.3333333333333335e-07
Al_degrader_E9,8.129999999999999,8.333333333333334e-08
Al_degrader_E9,8.19,8.333333333333334e-08
Al_degrader_E9,8.25,0.0
Al_degrader_E9,8.309999999999999,8.333333333333334e-08
Al_degrader_E9,8.370000000000001,8.333333333333334e-08
Al_degrader_E9,8.43,8.333333333333334e-08
Al_degrader_E9,8.489999999999998,2.5e-07
Al_degrader_E9,8.55,1.6666666666666668e-07
Al_degrader_E9,8.61,2.5e-07
Al_degrader_E9,8.67,2.5e-07
Al_degrader_E9,8.73,5.833333333333333e-07
Al_degrader_E9,8.79,3.3333333333333335e-07
Al_degrader_E9,8.85,2.5e-07
Al_degrader_E9,8.91,7.5e-07
Al_degrader_E9,8.969999999999999,1.1666666666666666e-06
Al_degrader_E9,9.030000000000001,1.1666666666666666e-06
Al_degrader_E9,9.09,1.4166666666666667e-06
Al_degrader_E9,9.149999999999999,2e-06
Al_degrader_E9,9.21,2.75e-06
Al_degrader_E9,9.27,3.1666666666666667e-06
Al_degrader_E9,9.329999999999998,4e-06
Al_degrader_E9,9.39,6.25e-06
Al_degrader_E9,9.45,6.75e-06
Al_degrader_E9,9.51,8.583333333333333e-06
Al_degrader_E9,9.57,1.0583333333333333e-05
Al_degrader_E9,9.629999999999999,1.475e-05
Al_degrader_E9,9.69,1.5166666666666667e-05
Al_degrader_E9,9.75,2e-05
Al_degrader_E9,9.809999999999999,2.6583333333333333e-05
Al_degrader_E9,9.870000000000001,2.8083333333333333e-05
Al_degrader_E9,9.93,3.6416666666666666e-05
Al_degrader_E9,9.989999999999998,4.3916666666666666e-05
Al_degrader_E9,10.05,5.5083333333333335e-05
Al_degrader_E9,10.11,6.558333333333333e-05
Al_degrader_E9,10.169999999999998,7.041666666666667e-05
Al_degrader_E9,10.23,9.791666666666667e-05
Al_degrader_E9,10.29,0.00011258333333333334
Al_degrader_E9,10.35,0.00013108333333333334
Al_degrader_E9,10.41,0.00015575
Al_degrader_E9,10.469999999999999,0.00019716666666666667
Al_degrader_E9,10.53,0.00022016666666666666
Al_degrader_E9,10.59,0.00025925
Al_degrader_E9,10.649999999999999,0.00032858333333333334
Al_degrader_E9,10.71,0.00037391666666666666
Al_degrader_E9,10.77,0.0004300833333333333
Al_degrader_E9,10.829999999999998,0.0005166666666666667
Al_degrader_E9,10.89,0.0006051666666666666
Al_degrader_E9,10.95,0.0006885833333333334
Al_degrader_E9,11.01,0.0008040833333333333
Al_degrader_E9,11.07,0.00094275
Al_degrader_E9,11.129999999999999,0.0010696666666666667
Al_degrader_E9,11.19,0.0012313333333333334
Al_degrader_E9,11.25,0.0014250833333333333
Al_degrader_E9,11.309999999999999,0.0016230833333333334
Al_degrader_E9,11.370000000000001,0.001854
Al_degrader_E9,11.43,0.0020978333333333335
Al_degrader_E9,11.489999999999998,0.0023655833333333333
Al_degrader_E9,11.55,0.0026459166666666666
Al_degrader_E9,11.61,0.003022
Al_degrader_E9,11.669999999999998,0.0033665
Al_degrader_E9,11.73,0.0037265
Al_degrader_E9,11.79,0.004181916666666666
Al_degrader_E9,11.85,0.004632916666666666
Al_degrader_E9,11.91,0.00508825
Al_degrader_E9,11.969999999999999,0.00563875
Al_degrader_E9,12.03,0.006194416666666667
Al_degrader_E9,12.09,0.006719416666666667
Al_degrader_E9,12.149999999999999,0.0074055
Al_degrader_E9,12.21,0.00806025
Al_degrader_E9,12.27,0.008661
Al_degrader_E9,12.329999999999998,0.009417333333333333
Al_degrader_E9,12.39,0.010170333333333333
Al_degrader_E9,12.45,0.01085275
Al_degrader_E9,12.51,0.011653166666666666
Al_degrader_E9,12.57,0.012470916666666667
Al_degrader_E9,12.629999999999999,0.013198333333333333
Al_degrader_E9,12.69,0.014038416666666666
Al_degrader_E9,12.75,0.014863083333333334
Al_degrader_E9,12.809999999999999,0.015591583333333334
Al_degrader_E9,12.870000000000001,0.016387583333333334
Al_degrader_E9,12.93,0.017207666666666666
Al_degrader_E9,12.989999999999998,0.017904
Al_degrader_E9,13.05,0.018611
Al_degrader_E9,13.11,0.01937925
Al_degrader_E9,13.169999999999998,0.019993833333333332
Al_degrader_E9,13.23,0.020559666666666667
Al_degrader_E9,13.29,0.021226333333333333
Al_degrader_E9,13.35,0.02166475
Al_degrader_E9,13.41,0.0221505
Al_degrader_E9,13.469999999999999,0.022627083333333332
Al_degrader_E9,13.53,0.022791083333333333
Al_degrader_E9,13.59,0.023134416666666668
Al_degrader_E9,13.649999999999999,0.023358833333333332
Al_degrader_E9,13.71,0.023387333333333333
Al_degrader_E9,13.77,0.023487
Al_degrader_E9,13.829999999999998,0.02342425
Al_degrader_E9,13.89,0.023281666666666666
Al_degrader_E9,13.95,0.023185416666666667
Al_degrader_E9,14.009999999999998,0.022860333333333333
Al_degrader_E9,14.07,0.0224825
Al_degrader_E9,14.129999999999999,0.022220416666666666
Al_degrader_E9,14.19,0.021574666666666666
Al_degrader_E9,14.25,0.021088416666666665
Al_degrader_E9,14.309999999999999,0.02051975
Al_degrader_E9,14.37,0.019744
Al_degrader_E9,14.43,0.019100583333333334
Al_degrader_E9,14.489999999999998,0.018322916666666668
Al_degrader_E9,14.55,0.01745425
Al_degrader_E9,14.61,0.016720833333333334
Al_degrader_E9,14.669999999999998,0.015738583333333334
Al_degrader_E9,14.73,0.014910666666666666
Al_degrader_E9,14.79,0.014047916666666667
Al_degrader_E9,14.85,0.013043
Al_degrader_E9,14.91,0.012268416666666667
Al_degrader_E9,14.969999999999999,0.011328333333333333
Al_degrader_E9,15.03,0.010405333333333334
Al_degrader_E9,15.09,0.00960225
Al_degrader_E9,15.149999999999999,0.008754
Al_degrader_E9,15.21,0.007970583333333333
Al_degrader_E9,15.27,0.0072278333333333335
Al_degrader_E9,15.329999999999998,0.006450916666666666
Al_degrader_E9,15.39,0.0058126666666666665
Al_degrader_E9,15.45,0.005167333333333334
Al_degrader_E9,15.509999999999998,0.0045825833333333335
Al_degrader_E9,15.57,0.004048083333333333
Al_degrader_E9,15.629999999999999,0.00354275
Al_degrader_E9,15.69,0.0031006666666666665
Al_degrader_E9,15.75,0.00267125
Al_degrader_E9,15.809999999999999,0.002305666666666667
Al_degrader_E9,15.87,0.0019764166666666667
Al_degrader_E9,15.93,0.0016801666666666666
Al_degrader_E9,15.989999999999998,0.0014281666666666666
Al_degrader_E9,16.049999999999997,0.001196
Al_degrader_E9,16.11,0.00100225
Al_degrader_E9,16.17,0.000834
Al_degrader_E9,16.229999999999997,0.00068825
Al_degrader_E9,16.29,0.0005660833333333334
Al_degrader_E9,16.35,0.0004676666666666667
Al_degrader_E9,16.409999999999997,0.00038541666666666667
Al_degrader_E9,16.47,0.00030125
Al_degrader_E9,16.53,0.00024258333333333334
Al_degrader_E9,16.59,0.00019416666666666668
Al_degrader_E9,16.65,0.00014841666666666668
Al_degrader_E9,16.71,0.00012141666666666667
Al_degrader_E9,16.77,9.083333333333334e-05
Al_degrader_E9,16.83,7.316666666666667e-05
Al_degrader_E9,16.89,5.4583333333333336e-05
Al_degrader_E9,16.95,4.016666666666667e-05
Al_degrader_E9,17.009999999999998,3.1916666666666665e-05
Al_degrader_E9,17.07,2.4e-05
Al_degrader_E9,17.13,1.875e-05
Al_degrader_E9,17.189999999999998,1.2916666666666666e-05
Al_degrader_E9,17.25,1.0583333333333333e-05
Al_degrader_E9,17.310000000000002,6.4166666666666665e-06
Al_degrader_E9,17.369999999999997,5.416666666666667e-06
Al_degrader_E9,17.43,3.833333333333334e-06
Al_degrader_E9,17.490000000000002,2.5e-06
Al_degrader_E9,17.549999999999997,2.5833333333333333e-06
Al_degrader_E9,17.61,1.3333333333333334e-06
Al_degrader_E9,17.67,1.25e-06
Al_degrader_E9,17.729999999999997,4.1666666666666667e-07
Al_degrader_E9,17.79,2.5e-07
Al_degrader_E9,17.85,5e-07
Al_degrader_E9,17.909999999999997,0.0
Al_degrader_E9,17.97,1.6666666666666668e-07
Al_degrader_E9,18.03,0.0
Al_degrader_E9,18.09,8.333333333333334e-08
Al_degrader_E9,18.15,0.0
Al_degrader_E9,18.21,8.333333333333334e-08
Al_degrader_E9,18.27,0.0
Al_degrader_E9,18.33,8.333333333333334e-08
Al_degrader_E9,18.39,0.0
Al_degrader_E9,18.45,0.0
Al_degrader_E9,18.509999999999998,8.333333333333334e-08
Ni13,7.35,2e-07
Ni13,7.41,2e-07
Ni13,7.47,2e-07
Ni13,7.529999999999999,2e-07
Ni13,7.59,0.0
Ni13,7.65,2e-07
Ni13,7.709999999999999,6e-07
Ni13,7.77,6e-07
Ni13,7.83,6e-07
Ni13,7.89,6e-07
Ni13,7.949999999999999,1.6e-06
Ni13,8.01,8e-07
Ni13,8.07,4e-07
Ni13,8.129999999999999,1.8e-06
Ni13,8.19,2.2e-06
Ni13,8.25,2.2e-06
Ni13,8.309999999999999,3.2e-06
Ni13,8.370000000000001,5e-06
Ni13,8.43,4.4e-06
Ni13,8.489999999999998,6.8e-06
Ni13,8.55,1.02e-05
Ni13,8.61,9.8e-06
Ni13,8.67,1.44e-05
Ni13,8.73,1.96e-05
Ni13,8.79,1.88e-05
Ni13,8.85,2.8e-05
Ni13,8.91,3.4e-05
Ni13,8.969999999999999,3.62e-05
Ni13,9.030000000000001,4.98e-05
Ni13,9.09,6.3e-05
Ni13,9.149999999999999,6.7e-05
Ni13,9.21,8.5e-05
Ni13,9.27,0.000101
Ni13,9.329999999999998,0.0001212
Ni13,9.39,0.0001514
Ni13,9.45,0.0001744
Ni13,9.51,0.000191
Ni13,9.57,0.0002544
Ni13,9.629999999999999,0.000293
Ni13,9.69,0.0003234
Ni13,9.75,0.0004156
Ni13,9.809999999999999,0.0004748
Ni13,9.870000000000001,0.0005444
Ni13,9.93,0.000666
Ni13,9.989999999999998,0.0007716
Ni13,10.05,0.0008832
Ni13,10.11,0.0010716
Ni13,10.169999999999998,0.0012036
Ni13,10.23,0.0013914
Ni13,10.29,0.0016358
Ni13,10.35,0.0018662
Ni13,10.41,0.0021166
Ni13,10.469999999999999,0.0024476
Ni13,10.53,0.002758
Ni13,10.59,0.0031444
Ni13,10.649999999999999,0.003557
Ni13,10.71,0.004006
Ni13,10.77,0.0045276
Ni13,10.829999999999998,0.0050768
Ni13,10.89,0.0056232
Ni13,10.95,0.0062292
Ni13,11.01,0.0069976
Ni13,11.07,0.0076658
Ni13,11.129999999999999,0.00844
Ni13,11.19,0.0092396
Ni13,11.25,0.010048
Ni13,11.309999999999999,0.011056
Ni13,11.370000000000001,0.0119048
Ni13,11.43,0.0128492
Ni13,11.489999999999998,0.0137848
Ni13,11.55,0.0148476
Ni13,11.61,0.0158924
Ni13,11.669999999999998,0.0168312
Ni13,11.73,0.0179456
Ni13,11.79,0.0188296
Ni13,11.85,0.0199594
Ni13,11.91,0.0207644
Ni13,11.969999999999999,0.0217852
Ni13,12.03,0.022614
Ni13,12.09,0.0234038
Ni13,12.149999999999999,0.024215
Ni13,12.21,0.0247676
Ni13,12.27,0.0253712
Ni13,12.329999999999998,0.0257926
Ni13,12.39,0.0262266
Ni13,12.45,0.0262842
Ni13,12.51,0.026586
Ni13,12.57,0.0264824
Ni13,12.629999999999999,0.0264512
Ni13,12.69,0.0261774
Ni13,12.75,0.0258588
Ni13,12.809999999999999,0.0254364
Ni13,12.870000000000001,0.0247438
Ni13,12.93,0.0242156
Ni13,12.989999999999998,0.0233716
Ni13,13.05,0.0225164
Ni13,13.11,0.021639
Ni13,13.169999999999998,0.020705
Ni13,13.23,0.0194836
Ni13,13.29,0.0185976
Ni13,13.35,0.0173462
Ni13,13.41,0.0163428
Ni13,13.469999999999999,0.015154
Ni13,13.53,0.0141216
Ni13,13.59,0.012864
Ni13,13.649999999999999,0.0119486
Ni13,13.71,0.0108358
Ni13,13.77,0.0098848
Ni13,13.829999999999998,0.008834
Ni13,13.89,0.008061
Ni13,13.95,0.0071568
Ni13,14.009999999999998,0.0063934
Ni13,14.07,0.0055958
Ni13,14.129999999999999,0.0049442
Ni13,14.19,0.0043174
Ni13,14.25,0.0037406
Ni13,14.309999999999999,0.0032804
Ni13,14.37,0.0027594
Ni13,14.43,0.002414
Ni13,14.489999999999998,0.0020368
Ni13,14.55,0.00172
Ni13,14.61,0.0014546
Ni13,14.669999999999998,0.0012146
Ni13,14.73,0.0010422
Ni13,14.79,0.000849
Ni13,14.85,0.0006904
Ni13,14.91,0.000569
Ni13,14.969999999999999,0.0004472
Ni13,15.03,0.0003742
Ni13,15.09,0.000289
Ni13,15.149999999999999,0.0002378
Ni13,15.21,0.0001816
Ni13,15.27,0.000148
Ni13,15.329999999999998,0.000111
Ni13,15.39,8.56e-05
Ni13,15.45,6.98e-05
Ni13,15.509999999999998,5.36e-05
Ni13,15.57,4.24e-05
Ni13,15.629999999999999,3.02e-05
Ni13,15.69,2.34e-05
Ni13,15.75,1.64e-05
Ni13,15.809999999999999,1.42e-05
Ni13,15.87,9.8e-06
Ni13,15.93,7.6e-06
Ni13,15.989999999999998,5.8e-06
Ni13,16.049999999999997,4.2e-06
Ni13,16.11,2.4e-06
Ni13,16.17,1.6e-06
Ni13,16.229999999999997,1.2e-06
Ni13,16.29,8e-07
Ni13,16.35,6e-07
Ni13,16.409999999999997,2e-07
Ni13,16.47,0.0
Ni13,16.53,2e-07
Ni13,16.59,0.0
Ni13,16.65,2e-07
Ni13,16.71,0.0
Ni13,16.77,2e-07
Ni13,16.83,0.0
Ni13,16.89,2e-07
Ni13,16.95,0.0
Ni13,17.009999999999998,2e-07
Sn13,7.109999999999999,3.3333333333333335e-07
Sn13,7.17,0.0
Sn13,7.2299999999999995,6.666666666666667e-07
Sn13,7.289999999999999,3.3333333333333335e-07
Sn13,7.35,6.666666666666667e-07
Sn13,7.41,6.666666666666667e-07
Sn13,7.47,3.3333333333333335e-07
Sn13,7.529999999999999,1e-06
Sn13,7.59,6.666666666666667e-07
Sn13,7.65,1.6666666666666667e-06
Sn13,7.709999999999999,1.3333333333333334e-06
Sn13,7.77,2.333333333333333e-06
Sn13,7.83,2e-06
Sn13,7.89,1.6666666666666667e-06
Sn13,7.949999999999999,3e-06
Sn13,8.01,2.333333333333333e-06
Sn13,8.07,4.333333333333333e-06
Sn13,8.129999999999999,5.666666666666667e-06
Sn13,8.19,9e-06
Sn13,8.25,1.2666666666666667e-05
Sn13,8.309999999999999,1.1666666666666666e-05
Sn13,8.370000000000001,1.7666666666666668e-05
Sn13,8.43,2.0666666666666666e-05
Sn13,8.489999999999998,2.8333333333333332e-05
Sn13,8.55,3.4666666666666665e-05
Sn13,8.61,4.0333333333333336e-05
Sn13,8.67,5.3666666666666666e-05
Sn13,8.73,6.0666666666666666e-05
Sn13,8.79,6.6e-05
Sn13,8.85,8.8e-05
Sn13,8.91,9.8e-05
Sn13,8.969999999999999,0.00012233333333333334
Sn13,9.030000000000001,0.00014766666666666666
Sn13,9.09,0.00016766666666666666
Sn13,9.149999999999999,0.00020366666666666667
Sn13,9.21,0.00023833333333333334
Sn13,9.27,0.000287
Sn13,9.329999999999998,0.000324
Sn13,9.39,0.000412
Sn13,9.45,0.0004583333333333333
Sn13,9.51,0.0005196666666666666
Sn13,9.57,0.0006386666666666666
Sn13,9.629999999999999,0.0007623333333333333
Sn13,9.69,0.0008803333333333333
Sn13,9.75,0.001026
Sn13,9.809999999999999,0.001166
Sn13,9.870000000000001,0.0013943333333333334
Sn13,9.93,0.0016023333333333334
Sn13,9.989999999999998,0.0018573333333333332
Sn13,10.05,0.0020996666666666668
Sn13,10.11,0.0023986666666666666
Sn13,10.169999999999998,0.0027136666666666667
Sn13,10.23,0.0030816666666666666
Sn13,10.29,0.00351
Sn13,10.35,0.003947333333333333
Sn13,10.41,0.004416666666666667
Sn13,10.469999999999999,0.004931666666666667
Sn13,10.53,0.005552
Sn13,10.59,0.006243
Sn13,10.649999999999999,0.006898666666666667
Sn13,10.71,0.007600333333333333
Sn13,10.77,0.008418333333333333
Sn13,10.829999999999998,0.009139333333333333
Sn13,10.89,0.009952666666666667
Sn13,10.95,0.010837666666666667
Sn13,11.01,0.011848666666666667
Sn13,11.07,0.012765
Sn13,11.129999999999999,0.013693666666666666
Sn13,11.19,0.01469
Sn13,11.25,0.015789
Sn13,11.309999999999999,0.016772
Sn13,11.370000000000001,0.017692333333333334
Sn13,11.43,0.018744333333333335
Sn13,11.489999999999998,0.019836333333333334
Sn13,11.55,0.020800666666666665
Sn13,11.61,0.021656333333333333
Sn13,11.669999999999998,0.022568
Sn13,11.73,0.023426333333333334
Sn13,11.79,0.02409033333333333
Sn13,11.85,0.024760666666666667
Sn13,11.91,0.025355666666666665
Sn13,11.969999999999999,0.025903666666666665
Sn13,12.03,0.026195
Sn13,12.09,0.026521
Sn13,12.149999999999999,0.026534
Sn13,12.21,0.026521
Sn13,12.27,0.026435666666666666
Sn13,12.329999999999998,0.026232
Sn13,12.39,0.025927333333333333
Sn13,12.45,0.025508
Sn13,12.51,0.025036
Sn13,12.57,0.024268666666666668
Sn13,12.629999999999999,0.023529333333333333
Sn13,12.69,0.022620666666666667
Sn13,12.75,0.021813666666666665
Sn13,12.809999999999999,0.020812
Sn13,12.870000000000001,0.019812666666666666
Sn13,12.93,0.018643
Sn13,12.989999999999998,0.017444666666666667
Sn13,13.05,0.016297
Sn13,13.11,0.015243666666666668
Sn13,13.169999999999998,0.014095666666666666
Sn13,13.23,0.012945666666666666
Sn13,13.29,0.012015333333333333
Sn13,13.35,0.010972666666666667
Sn13,13.41,0.009984333333333333
Sn13,13.469999999999999,0.008977333333333334
Sn13,13.53,0.008065
Sn13,13.59,0.007194
Sn13,13.649999999999999,0.006438666666666666
Sn13,13.71,0.005635
Sn13,13.77,0.004967333333333333
Sn13,13.829999999999998,0.004366666666666666
Sn13,13.89,0.0037806666666666666
Sn13,13.95,0.0032476666666666665
Sn13,14.009999999999998,0.0027556666666666667
Sn13,14.07,0.0023743333333333333
Sn13,14.129999999999999,0.002043333333333333
Sn13,14.19,0.001777
Sn13,14.25,0.0014953333333333333
Sn13,14.309999999999999,0.0012566666666666666
Sn13,14.37,0.001034
Sn13,14.43,0.000848
Sn13,14.489999999999998,0.0006823333333333333
Sn13,14.55,0.0005593333333333333
Sn13,14.61,0.0004656666666666667
Sn13,14.669999999999998,0.000378
Sn13,14.73,0.00029666666666666665
Sn13,14.79,0.00022833333333333334
Sn13,14.85,0.00017333333333333334
Sn13,14.91,0.00014233333333333334
Sn13,14.969999999999999,0.00011933333333333334
Sn13,15.03,9.533333333333334e-05
Sn13,15.09,7.1e-05
Sn13,15.149999999999999,4.966666666666667e-05
Sn13,15.21,3.933333333333333e-05
Sn13,15.27,2.8333333333333332e-05
Sn13,15.329999999999998,2.3e-05
Sn13,15.39,1.7e-05
Sn13,15.45,1.5333333333333334e-05
Sn13,15.509999999999998,1.3e-05
Sn13,15.57,8e-06
Sn13,15.629999999999999,4.666666666666666e-06
Sn13,15.69,3.6666666666666666e-06
Sn13,15.75,3e-06
Sn13,15.809999999999999,2.333333333333333e-06
Sn13,15.87,1e-06
Sn13,15.93,3.3333333333333335e-07
Sn13,15.989999999999998,3.3333333333333335e-07
Sn13,16.049999999999997,0.0
Sn13,16.11,0.0
Sn13,16.17,0.0
Sn13,16.229999999999997,0.0
Sn13,16.29,0.0
Sn13,16.35,0.0
Sn13,16.409999999999997,3.3333333333333335e-07
Sn13,16.47,3.3333333333333335e-07
Sn13,16.53,3.3333333333333335e-07
Ta13,6.51,2.5e-07
Ta13,6.57,2.5e-07
Ta13,6.63,2.5e-07
Ta13,6.6899999999999995,2.5e-07
Ta13,6.75,0.0
Ta13,6.81,2.5e-07
Ta13,6.869999999999999,7.5e-07
Ta13,6.93,7.5e-07
Ta13,6.99,5e-07
Ta13,7.05,2.5e-07
Ta13,7.109999999999999,1.75e-06
Ta13,7.17,1e-06
Ta13,7.2299999999999995,1.25e-06
Ta13,7.289999999999999,1e-06
Ta13,7.35,2.5e-06
Ta13,7.41,2.25e-06
Ta13,7.47,2e-06
Ta13,7.529999999999999,3.75e-06
Ta13,7.59,5.75e-06
Ta13,7.65,5.5e-06
Ta13,7.709999999999999,6.75e-06
Ta13,7.77,1.1e-05
Ta13,7.83,1.075e-05
Ta13,7.89,1.475e-05
Ta13,7.949999999999999,1.975e-05
Ta13,8.01,2.3e-05
Ta13,8.07,2.75e-05
Ta13,8.129999999999999,3.425e-05
Ta13,8.19,4.2e-05
Ta13,8.25,4.425e-05
Ta13,8.309999999999999,5.8e-05
Ta13,8.370000000000001,7.5e-05
Ta13,8.43,7.875e-05
Ta13,8.489999999999998,9.825e-05
Ta13,8.55,0.00011375
Ta13,8.61,0.0001375
Ta13,8.67,0.0001675
Ta13,8.73,0.000191
Ta13,8.79,0.000213
Ta13,8.85,0.00026875
Ta13,8.91,0.00031175
Ta13,8.969999999999999,0.000342
Ta13,9.030000000000001,0.000435
Ta13,9.09,0.0005085
Ta13,9.149999999999999,0.00056175
Ta13,9.21,0.000672
Ta13,9.27,0.00079775
Ta13,9.329999999999998,0.00090375
Ta13,9.39,0.00104325
Ta13,9.45,0.00122425
Ta13,9.51,0.0013985
Ta13,9.57,0.00158
Ta13,9.629999999999999,0.00183875
Ta13,9.69,0.00209
Ta13,9.75,0.0023585
Ta13,9.809999999999999,0.0026635
Ta13,9.870000000000001,0.00301775
Ta13,9.93,0.00339825
Ta13,9.989999999999998,0.00381975
Ta13,10.05,0.00426425
Ta13,10.11,0.0047945
Ta13,10.169999999999998,0.00533625
Ta13,10.23,0.0058625
Ta13,10.29,0.00648675
Ta13,10.35,0.00722025
Ta13,10.41,0.0078535
Ta13,10.469999999999999,0.008582
Ta13,10.53,0.00946325
Ta13,10.59,0.01019425
Ta13,10.649999999999999,0.01106425
Ta13,10.71,0.01189625
Ta13,10.77,0.01286525
Ta13,10.829999999999998,0.01380025
Ta13,10.89,0.01457325
Ta13,10.95,0.0157035
Ta13,11.01,0.016631
Ta13,11.07,0.01757675
Ta13,11.129999999999999,0.01847975
Ta13,11.19,0.019404
Ta13,11.25,0.02044375
Ta13,11.309999999999999,0.0211485
Ta13,11.370000000000001,0.02194975
Ta13,11.43,0.0227945
Ta13,11.489999999999998,0.02342875
Ta13,11.55,0.02409975
Ta13,11.61,0.02457875
Ta13,11.669999999999998,0.02501475
Ta13,11.73,0.02534
Ta13,11.79,0.025632
Ta13,11.85,0.02559825
Ta13,11.91,0.02579125
Ta13,11.969999999999999,0.02582175
Ta13,12.03,0.02538375
Ta13,12.09,0.025248
Ta13,12.149999999999999,0.0247145
Ta13,12.21,0.024301
Ta13,12.27,0.02373875
Ta13,12.329999999999998,0.02299725
Ta13,12.39,0.02228375
Ta13,12.45,0.02148175
Ta13,12.51,0.020511
Ta13,12.57,0.0194835
Ta13,12.629999999999999,0.01849925
Ta13,12.69,0.0175515
Ta13,12.75,0.01644625
Ta13,12.809999999999999,0.01536825
Ta13,12.870000000000001,0.014375
Ta13,12.93,0.0132335
Ta13,12.989999999999998,0.01227125
Ta13,13.05,0.01126225
Ta13,13.11,0.01029975
Ta13,13.169999999999998,0.0092945
Ta13,13.23,0.0085435
Ta13,13.29,0.00758625
Ta13,13.35,0.00687
Ta13,13.41,0.0060645
Ta13,13.469999999999999,0.005391
Ta13,13.53,0.00474775
Ta13,13.59,0.00411125
Ta13,13.649999999999999,0.00363625
Ta13,13.71,0.003136
Ta13,13.77,0.002701
Ta13,13.829999999999998,0.002367
Ta13,13.89,0.00198775
Ta13,13.95,0.00170425
Ta13,14.009999999999998,0.0014435
Ta13,14.07,0.001219
Ta13,14.129999999999999,0.001021
Ta13,14.19,0.00085775
Ta13,14.25,0.000703
Ta13,14.309999999999999,0.00056975
Ta13,14.37,0.000469
Ta13,14.43,0.00037
Ta13,14.489999999999998,0.000308
Ta13,14.55,0.00024525
Ta13,14.61,0.00019925
Ta13,14.669999999999998,0.000155
Ta13,14.73,0.00011425
Ta13,14.79,9.55e-05
Ta13,14.85,7.425e-05
Ta13,14.91,5.65e-05
Ta13,14.969999999999999,4.775e-05
Ta13,15.03,3.25e-05
Ta13,15.09,2.65e-05
Ta13,15.149999999999999,1.9e-05
Ta13,15.21,1.5e-05
Ta13,15.27,1.125e-05
Ta13,15.329999999999998,9e-06
Ta13,15.39,7.25e-06
Ta13,15.45,5.5e-06
Ta13,15.509999999999998,3e-06
Ta13,15.57,2.25e-06
Ta13,15.629999999999999,1.25e-06
Ta13,15.69,1.25e-06
Ta13,15.75,7.5e-07
Ta13,15.809999999999999,0.0
Ta13,15.87,2.5e-07
Ta13,15.93,0.0
Ta13,15.989999999999998,0.0
Ta13,16.049999999999997,2.5e-07
Ta13,16.11,0.0
Ta13,16.17,2.5e-07
Ta13,16.229999999999997,0.0
Ta13,16.29,2.5e-07
Ta13,16.35,0.0
Ta13,16.409999999999997,2.5e-07
Cu13,5.609999999999999,2e-07
Cu13,5.67,0.0
Cu13,5.73,2e-07
Cu13,5.789999999999999,2e-07
Cu13,5.85,2e-07
Cu13,5.91,2e-07
Cu13,5.97,0.0
Cu13,6.029999999999999,4e-07
Cu13,6.09,8e-07
Cu13,6.15,2e-07
Cu13,6.21,6e-07
Cu13,6.27,6e-07
Cu13,6.33,1e-06
Cu13,6.39,8e-07
Cu13,6.449999999999999,1e-06
Cu13,6.51,1.4e-06
Cu13,6.57,1.6e-06
Cu13,6.63,1.6e-06
Cu13,6.6899999999999995,2.2e-06
Cu13,6.75,3e-06
Cu13,6.81,4.2e-06
Cu13,6.869999999999999,3.6e-06
Cu13,6.93,5.2e-06
Cu13,6.99,7.8e-06
Cu13,7.05,7.8e-06
Cu13,7.109999999999999,1.02e-05
Cu13,7.17,1.36e-05
Cu13,7.2299999999999995,1.62e-05
Cu13,7.289999999999999,1.84e-05
Cu13,7.35,2.34e-05
Cu13,7.41,2.96e-05
Cu13,7.47,3.36e-05
Cu13,7.529999999999999,3.58e-05
Cu13,7.59,4.88e-05
Cu13,7.65,5.9e-05
Cu13,7.709999999999999,6.3e-05
Cu13,7.77,7.8e-05
Cu13,7.83,9.48e-05
Cu13,7.89,0.000103
Cu13,7.949999999999999,0.0001262
Cu13,8.01,0.0001528
Cu13,8.07,0.0001682
Cu13,8.129999999999999,0.000192
Cu13,8.19,0.0002426
Cu13,8.25,0.0002746
Cu13,8.309999999999999,0.0002964
Cu13,8.370000000000001,0.0003816
Cu13,8.43,0.0004338
Cu13,8.489999999999998,0.0004934
Cu13,8.55,0.0005642
Cu13,8.61,0.000664
Cu13,8.67,0.000779
Cu13,8.73,0.000894
Cu13,8.79,0.0009938
Cu13,8.85,0.0011662
Cu13,8.91,0.001321
Cu13,8.969999999999999,0.0015208
Cu13,9.030000000000001,0.0016992
Cu13,9.09,0.0019508
Cu13,9.149999999999999,0.0022236
Cu13,9.21,0.0024696
Cu13,9.27,0.0027682
Cu13,9.329999999999998,0.0031158
Cu13,9.39,0.0034996
Cu13,9.45,0.0039128
Cu13,9.51,0.0043364
Cu13,9.57,0.0048364
Cu13,9.629999999999999,0.005315
Cu13,9.69,0.0058504
Cu13,9.75,0.0065116
Cu13,9.809999999999999,0.0070564
Cu13,9.870000000000001,0.007717
Cu13,9.93,0.008482
Cu13,9.989999999999998,0.0090942
Cu13,10.05,0.0099986
Cu13,10.11,0.0106812
Cu13,10.169999999999998,0.0115506
Cu13,10.23,0.0123412
Cu13,10.29,0.0131154
Cu13,10.35,0.0141654
Cu13,10.41,0.0150016
Cu13,10.469999999999999,0.0159042
Cu13,10.53,0.016746
Cu13,10.59,0.0175566
Cu13,10.649999999999999,0.0186174
Cu13,10.71,0.0192826
Cu13,10.77,0.0201832
Cu13,10.829999999999998,0.0210418
Cu13,10.89,0.021576
Cu13,10.95,0.0223914
Cu13,11.01,0.0229192
Cu13,11.07,0.023574
Cu13,11.129999999999999,0.023857
Cu13,11.19,0.0243258
Cu13,11.25,0.024695
Cu13,11.309999999999999,0.0246558
Cu13,11.370000000000001,0.0249694
Cu13,11.43,0.0248262
Cu13,11.489999999999998,0.0248708
Cu13,11.55,0.024588
Cu13,11.61,0.0242686
Cu13,11.669999999999998,0.023972
Cu13,11.73,0.0233352
Cu13,11.79,0.0229864
Cu13,11.85,0.0221926
Cu13,11.91,0.021604
Cu13,11.969999999999999,0.020671
Cu13,12.03,0.0199302
Cu13,12.09,0.0189908
Cu13,12.149999999999999,0.017969
Cu13,12.21,0.0171182
Cu13,12.27,0.0160512
Cu13,12.329999999999998,0.0151626
Cu13,12.39,0.0140582
Cu13,12.45,0.0132138
Cu13,12.51,0.0120282
Cu13,12.57,0.0112648
Cu13,12.629999999999999,0.0102128
Cu13,12.69,0.0094508
Cu13,12.75,0.0084832
Cu13,12.809999999999999,0.0077442
Cu13,12.870000000000001,0.0069302
Cu13,12.93,0.006269
Cu13,12.989999999999998,0.00551
Cu13,13.05,0.00492
Cu13,13.11,0.0043228
Cu13,13.169999999999998,0.003814
Cu13,13.23,0.0033074
Cu13,13.29,0.0029112
Cu13,13.35,0.0024824
Cu13,13.41,0.0021784
Cu13,13.469999999999999,0.0018324
Cu13,13.53,0.0015808
Cu13,13.59,0.0013284
Cu13,13.649999999999999,0.0011472
Cu13,13.71,0.000953
Cu13,13.77,0.0008056
Cu13,13.829999999999998,0.000656
Cu13,13.89,0.0005434
Cu13,13.95,0.000444
Cu13,14.009999999999998,0.0003574
Cu13,14.07,0.0002892
Cu13,14.129999999999999,0.0002388
Cu13,14.19,0.0001866
Cu13,14.25,0.000151
Cu13,14.309999999999999,0.0001136
Cu13,14.37,9.3e-05
Cu13,14.43,7.24e-05
Cu13,14.489999999999998,5.8e-05
Cu13,14.55,4.52e-05
Cu13,14.61,3.44e-05
Cu13,14.669999999999998,2.7e-05
Cu13,14.73,1.84e-05
Cu13,14.79,1.54e-05
Cu13,14.85,1.24e-05
Cu13,14.91,8.6e-06
Cu13,14.969999999999999,7.2e-06
Cu13,15.03,5.6e-06
Cu13,15.09,4e-06
Cu13,15.149999999999999,2.6e-06
Cu13,15.21,1.2e-06
Cu13,15.27,1.2e-06
Cu13,15.329999999999998,8e-07
Cu13,15.39,6e-07
Cu13,15.45,2e-07
Cu13,15.509999999999998,0.0
Cu13,15.57,0.0
Cu13,15.629999999999999,2e-07
Cu13,15.69,0.0
Cu13,15.75,2e-07
Cu13,15.809999999999999,0.0
Cu13,15.87,2e-07
Cu13,15.93,0.0
Cu13,15.989999999999998,2e-07
Cu13,16.049999999999997,2e-07
Al_degrader_E10,0.03,1.5e-07
Al_degrader_E10,0.09,0.0
Al_degrader_E10,0.15,1e-07
Al_degrader_E10,0.21,0.0
Al_degrader_E10,0.27,0.0
Al_degrader_E10,0.32999999999999996,0.0
Al_degrader_E10,0.39,0.0
Al_degrader_E10,0.44999999999999996,0.0
Al_degrader_E10,0.51,0.0
Al_degrader_E10,0.5700000000000001,1e-07
Al_degrader_E10,0.6299999999999999,0.0
Al_degrader_E10,0.69,0.0
Al_degrader_E10,0.75,0.0
Al_degrader_E10,0.81,0.0
Al_degrader_E10,0.8699999999999999,5e-08
Al_degrader_E10,0.9299999999999999,1e-07
Al_degrader_E10,0.99,0.0
Al_degrader_E10,1.05,5e-08
Al_degrader_E10,1.1099999999999999,5e-08
Al_degrader_E10,1.17,0.0
Al_degrader_E10,1.23,1e-07
Al_degrader_E10,1.29,5e-08
Al_degrader_E10,1.3499999999999999,0.0
Al_degrader_E10,1.41,1e-07
Al_degrader_E10,1.47,5e-08
Al_degrader_E10,1.53,1e-07
Al_degrader_E10,1.5899999999999999,1e-07
Al_degrader_E10,1.65,5e-08
Al_degrader_E10,1.71,1e-07
Al_degrader_E10,1.77,2e-07
Al_degrader_E10,1.8299999999999998,0.0
Al_degrader_E10,1.89,1e-07
Al_degrader_E10,1.95,2e-07
Al_degrader_E10,2.01,1.5e-07
Al_degrader_E10,2.0700000000000003,5e-08
Al_degrader_E10,2.13,2e-07
Al_degrader_E10,2.19,1.5e-07
Al_degrader_E10,2.25,1e-07
Al_degrader_E10,2.3099999999999996,3.5e-07
Al_degrader_E10,2.37,3e-07
Al_degrader_E10,2.4299999999999997,2e-07
Al_degrader_E10,2.49,4e-07
Al_degrader_E10,2.55,2.5e-07
Al_degrader_E10,2.61,3e-07
Al_degrader_E10,2.67,6.5e-07
Al_degrader_E10,2.7299999999999995,6.5e-07
Al_degrader_E10,2.79,6e-07
Al_degrader_E10,2.8499999999999996,6e-07
Al_degrader_E10,2.91,5.5e-07
Al_degrader_E10,2.9699999999999998,1.05e-06
Al_degrader_E10,3.0300000000000002,1.1e-06
Al_degrader_E10,3.09,1.05e-06
Al_degrader_E10,3.15,1.3e-06
Al_degrader_E10,3.21,1.3e-06
Al_degrader_E10,3.2699999999999996,1.8e-06
Al_degrader_E10,3.33,2.05e-06
Al_degrader_E10,3.3899999999999997,2.1e-06
Al_degrader_E10,3.45,2.4e-06
Al_degrader_E10,3.51,2.85e-06
Al_degrader_E10,3.57,3e-06
Al_degrader_E10,3.63,3.8e-06
Al_degrader_E10,3.6899999999999995,3.9e-06
Al_degrader_E10,3.75,4.65e-06
Al_degrader_E10,3.8099999999999996,5.2e-06
Al_degrader_E10,3.87,6.4e-06
Al_degrader_E10,3.9299999999999997,6.15e-06
Al_degrader_E10,3.9899999999999998,6.6e-06
Al_degrader_E10,4.05,7.9e-06
Al_degrader_E10,4.109999999999999,1.05e-05
Al_degrader_E10,4.17,9.8e-06
Al_degrader_E10,4.23,1.165e-05
Al_degrader_E10,4.29,1.315e-05
Al_degrader_E10,4.35,1.56e-05
Al_degrader_E10,4.41,1.555e-05
Al_degrader_E10,4.47,1.89e-05
Al_degrader_E10,4.529999999999999,1.98e-05
Al_degrader_E10,4.59,2.36e-05
Al_degrader_E10,4.65,2.665e-05
Al_degrader_E10,4.71,2.995e-05
Al_degrader_E10,4.77,3.385e-05
Al_degrader_E10,4.83,3.635e-05
Al_degrader_E10,4.89,4.035e-05
Al_degrader_E10,4.949999999999999,4.545e-05
Al_degrader_E10,5.01,5.455e-05
Al_degrader_E10,5.07,5.89e-05
Al_degrader_E10,5.13,6.235e-05
Al_degrader_E10,5.1899999999999995,7.52e-05
Al_degrader_E10,5.25,8.13e-05
Al_degrader_E10,5.31,9.255e-05
Al_degrader_E10,5.369999999999999,0.0001036
Al_degrader_E10,5.43,0.00011785
Al_degrader_E10,5.49,0.0001268
Al_degrader_E10,5.55,0.00014525
Al_degrader_E10,5.609999999999999,0.00016295
Al_degrader_E10,5.67,0.00018185
Al_degrader_E10,5.73,0.00020165
Al_degrader_E10,5.789999999999999,0.0002269
Al_degrader_E10,5.85,0.00025355
Al_degrader_E10,5.91,0.00027965
Al_degrader_E10,5.97,0.00031155
Al_degrader_E10,6.029999999999999,0.0003477
Al_degrader_E10,6.09,0.0003871
Al_degrader_E10,6.15,0.00042625
Al_degrader_E10,6.21,0.00047705
Al_degrader_E10,6.27,0.0005228
Al_degrader_E10,6.33,0.0005793
Al_degrader_E10,6.39,0.00064525
Al_degrader_E10,6.449999999999999,0.00070585
Al_degrader_E10,6.51,0.0007812
Al_degrader_E10,6.57,0.0008629
Al_degrader_E10,6.63,0.000943
Al_degrader_E10,6.6899999999999995,0.00104605
Al_degrader_E10,6.75,0.0011517
Al_degrader_E10,6.81,0.00125975
Al_degrader_E10,6.869999999999999,0.00137935
Al_degrader_E10,6.93,0.0015086
Al_degrader_E10,6.99,0.00163245
Al_degrader_E10,7.05,0.0018058
Al_degrader_E10,7.109999999999999,0.00196005
Al_degrader_E10,7.17,0.0021295
Al_degrader_E10,7.2299999999999995,0.00231595
Al_degrader_E10,7.289999999999999,0.00250595
Al_degrader_E10,7.35,0.00272375
Al_degrader_E10,7.41,0.00294025
Al_degrader_E10,7.47,0.0031879
Al_degrader_E10,7.529999999999999,0.00342715
Al_degrader_E10,7.59,0.0036864
Al_degrader_E10,7.65,0.00398785
Al_degrader_E10,7.709999999999999,0.0042665
Al_degrader_E10,7.77,0.0045744
Al_degrader_E10,7.83,0.0049048
Al_degrader_E10,7.89,0.0052412
Al_degrader_E10,7.949999999999999,0.0056085
Al_degrader_E10,8.01,0.00597315
Al_degrader_E10,8.07,0.0063596
Al_degrader_E10,8.129999999999999,0.0067433
Al_degrader_E10,8.19,0.0071537
Al_degrader_E10,8.25,0.00759985
Al_degrader_E10,8.309999999999999,0.00802365
Al_degrader_E10,8.370000000000001,0.0084897
Al_degrader_E10,8.43,0.00891915
Al_degrader_E10,8.489999999999998,0.0094062
Al_degrader_E10,8.55,0.0098732
Al_degrader_E10,8.61,0.0103452
Al_degrader_E10,8.67,0.0108333
Al_degrader_E10,8.73,0.01133115
Al_degrader_E10,8.79,0.01182505
Al_degrader_E10,8.85,0.0122872
Al_degrader_E10,8.91,0.0128024
Al_degrader_E10,8.969999999999999,0.01325805
Al_degrader_E10,9.030000000000001,0.0137391
Al_degrader_E10,9.09,0.01420255
Al_degrader_E10,9.149999999999999,0.0146701
Al_degrader_E10,9.21,0.01508715
Al_degrader_E10,9.27,0.01554595
Al_degrader_E10,9.329999999999998,0.01593415
Al_degrader_E10,9.39,0.0163372
Al_degrader_E10,9.45,0.0167048
Al_degrader_E10,9.51,0.0170241
Al_degrader_E10,9.57,0.01736345
Al_degrader_E10,9.629999999999999,0.01764955
Al_degrader_E10,9.69,0.01790525
Al_degrader_E10,9.75,0.01810975
Al_degrader_E10,9.809999999999999,0.01832345
Al_degrader_E10,9.870000000000001,0.01845565
Al_degrader_E10,9.93,0.018613
Al_degrader_E10,9.989999999999998,0.0186387
Al_degrader_E10,10.05,0.01872815
Al_degrader_E10,10.11,0.01869505
Al_degrader_E10,10.169999999999998,0.0186971
Al_degrader_E10,10.23,0.01858605
Al_degrader_E10,10.29,0.0184969
Al_degrader_E10,10.35,0.01831155
Al_degrader_E10,10.41,0.01815125
Al_degrader_E10,10.469999999999999,0.0178779
Al_degrader_E10,10.53,0.01762825
Al_degrader_E10,10.59,0.01727335
Al_degrader_E10,10.649999999999999,0.0169791
Al_degrader_E10,10.71,0.0165504
Al_degrader_E10,10.77,0.0161507
Al_degrader_E10,10.829999999999998,0.0156793
Al_degrader_E10,10.89,0.01523125
Al_degrader_E10,10.95,0.01471105
Al_degrader_E10,11.01,0.01417265
Al_degrader_E10,11.07,0.0136238
Al_degrader_E10,11.129999999999999,0.01306025
Al_degrader_E10,11.19,0.01248325
Al_degrader_E10,11.25,0.01191065
Al_degrader_E10,11.309999999999999,0.0113209
Al_degrader_E10,11.370000000000001,0.01070565
Al_degrader_E10,11.43,0.01014665
Al_degrader_E10,11.489999999999998,0.009498
Al_degrader_E10,11.55,0.0089599
Al_degrader_E10,11.61,0.00833495
Al_degrader_E10,11.669999999999998,0.0077865
Al_degrader_E10,11.73,0.00722175
Al_degrader_E10,11.79,0.00668425
Al_degrader_E10,11.85,0.0061526
Al_degrader_E10,11.91,0.00564195
Al_degrader_E10,11.969999999999999,0.00518695
Al_degrader_E10,12.03,0.0046955
Al_degrader_E10,12.09,0.00430735
Al_degrader_E10,12.149999999999999,0.00387475
Al_degrader_E10,12.21,0.00350305
Al_degrader_E10,12.27,0.0031412
Al_degrader_E10,12.329999999999998,0.002815
Al_degrader_E10,12.39,0.00250945
Al_degrader_E10,12.45,0.00221855
Al_degrader_E10,12.51,0.0019503
Al_degrader_E10,12.57,0.0017309
Al_degrader_E10,12.629999999999999,0.00150455
Al_degrader_E10,12.69,0.00132425
Al_degrader_E10,12.75,0.0011369
Al_degrader_E10,12.809999999999999,0.0009848
Al_degrader_E10,12.870000000000001,0.0008488
Al_degrader_E10,12.93,0.0007289
Al_degrader_E10,12.989999999999998,0.0006197
Al_degrader_E10,13.05,0.0005254
Al_degrader_E10,13.11,0.00044745
Al_degrader_E10,13.169999999999998,0.00038105
Al_degrader_E10,13.23,0.00031545
Al_degrader_E10,13.29,0.00026405
Al_degrader_E10,13.35,0.0002178
Al_degrader_E10,13.41,0.00017675
Al_degrader_E10,13.469999999999999,0.0001474
Al_degrader_E10,13.53,0.0001196
Al_degrader_E10,13.59,9.47e-05
Al_degrader_E10,13.649999999999999,7.94e-05
Al_degrader_E10,13.71,6.175e-05
Al_degrader_E10,13.77,4.99e-05
Al_degrader_E10,13.829999999999998,3.94e-05
Al_degrader_E10,13.89,3.02e-05
Al_degrader_E10,13.95,2.49e-05
Al_degrader_E10,14.009999999999998,2.01e-05
Al_degrader_E10,14.07,1.535e-05
Al_degrader_E10,14.129999999999999,1.16e-05
Al_degrader_E10,14.19,8.7e-06
Al_degrader_E10,14.25,6.65e-06
Al_degrader_E10,14.309999999999999,4.9e-06
Al_degrader_E10,14.37,4.45e-06
Al_degrader_E10,14.43,3e-06
Al_degrader_E10,14.489999999999998,2.3e-06
Al_degrader_E10,14.55,2e-06
Al_degrader_E10,14.61,1.25e-06
Al_degrader_E10,14.669999999999998,1.05e-06
Al_degrader_E10,14.73,5e-07
Al_degrader_E10,14.79,4.5e-07
Al_degrader_E10,14.85,3.5e-07
Al_degrader_E10,14.91,1.5e-07
Al_degrader_E10,14.969999999999999,1.5e-07
Al_degrader_E10,15.03,1e-07
Al_degrader_E10,15.09,5e-08
Al_degrader_E10,15.149999999999999,0.0
Al_degrader_E10,15.21,5e-08
Al_degrader_E10,15.27,5e-08
Al_degrader_E10,15.329999999999998,0.0
Al_degrader_E10,15.39,5e-08
Al_degrader_E10,15.45,5e-08
Al_degrader_E10,15.509999999999998,0.0
Al_degrader_E10,15.57,5e-08
Al_degrader_E10,15.629999999999999,5e-08
Ni14,0.03,1.211111111111111e-05
Ni14,0.09,3.3333333333333335e-07
Ni14,0.15,1e-06
Ni14,0.21,6.666666666666667e-07
Ni14,0.27,7.777777777777778e-07
Ni14,0.32999999999999996,2.2222222222222222e-07
Ni14,0.39,7.777777777777778e-07
Ni14,0.44999999999999996,4.4444444444444444e-07
Ni14,0.51,1.111111111111111e-06
Ni14,0.5700000000000001,8.888888888888889e-07
Ni14,0.6299999999999999,6.666666666666667e-07
Ni14,0.69,6.666666666666667e-07
Ni14,0.75,1.111111111111111e-06
Ni14,0.81,6.666666666666667e-07
Ni14,0.8699999999999999,1.4444444444444445e-06
Ni14,0.9299999999999999,1.5555555555555556e-06
Ni14,0.99,1.5555555555555556e-06
Ni14,1.05,1.2222222222222221e-06
Ni14,1.1099999999999999,1.5555555555555556e-06
Ni14,1.17,1.6666666666666667e-06
Ni14,1.23,2e-06
Ni14,1.29,2.888888888888889e-06
Ni14,1.3499999999999999,2.4444444444444442e-06
Ni14,1.41,2e-06
Ni14,1.47,3e-06
Ni14,1.53,3.2222222222222222e-06
Ni14,1.5899999999999999,4.222222222222222e-06
Ni14,1.65,3.7777777777777777e-06
Ni14,1.71,4.111111111111111e-06
Ni14,1.77,5e-06
Ni14,1.8299999999999998,5.2222222222222226e-06
Ni14,1.89,6.5555555555555556e-06
Ni14,1.95,5.777777777777778e-06
Ni14,2.01,7.444444444444444e-06
Ni14,2.0700000000000003,7.111111111111111e-06
Ni14,2.13,9.333333333333333e-06
Ni14,2.19,9.444444444444445e-06
Ni14,2.25,1.0555555555555555e-05
Ni14,2.3099999999999996,1.0444444444444445e-05
Ni14,2.37,1.388888888888889e-05
Ni14,2.4299999999999997,1.3333333333333333e-05
Ni14,2.49,1.5666666666666667e-05
Ni14,2.55,1.611111111111111e-05
Ni14,2.61,1.7444444444444444e-05
Ni14,2.67,2.1333333333333335e-05
Ni14,2.7299999999999995,2.0222222222222222e-05
Ni14,2.79,2.422222222222222e-05
Ni14,2.8499999999999996,2.7555555555555555e-05
Ni14,2.91,3.1222222222222225e-05
Ni14,2.9699999999999998,3.1222222222222225e-05
Ni14,3.0300000000000002,3.577777777777778e-05
Ni14,3.09,3.9555555555555556e-05
Ni14,3.15,4.266666666666667e-05
Ni14,3.21,4.611111111111111e-05
Ni14,3.2699999999999996,5.211111111111111e-05
Ni14,3.33,5.7333333333333336e-05
Ni14,3.3899999999999997,6.011111111111111e-05
Ni14,3.45,7.011111111111111e-05
Ni14,3.51,7.588888888888889e-05
Ni14,3.57,8.4e-05
Ni14,3.63,9.322222222222223e-05
Ni14,3.6899999999999995,9.644444444444445e-05
Ni14,3.75,0.00010955555555555556
Ni14,3.8099999999999996,0.0001271111111111111
Ni14,3.87,0.00013133333333333335
Ni14,3.9299999999999997,0.000149
Ni14,3.9899999999999998,0.00016133333333333334
Ni14,4.05,0.00017466666666666667
Ni14,4.109999999999999,0.00019855555555555555
Ni14,4.17,0.0002157777777777778
Ni14,4.23,0.0002448888888888889
Ni14,4.29,0.0002667777777777778
Ni14,4.35,0.0002883333333333333
Ni14,4.41,0.00031944444444444446
Ni14,4.47,0.00035255555555555555
Ni14,4.529999999999999,0.00038733333333333333
Ni14,4.59,0.0004313333333333333
Ni14,4.65,0.0004752222222222222
Ni14,4.71,0.000517
Ni14,4.77,0.000579
Ni14,4.83,0.0006281111111111111
Ni14,4.89,0.0006927777777777777
Ni14,4.949999999999999,0.0007544444444444444
Ni14,5.01,0.0008336666666666667
Ni14,5.07,0.0009154444444444444
Ni14,5.13,0.000991111111111111
Ni14,5.1899999999999995,0.0010926666666666667
Ni14,5.25,0.0011914444444444444
Ni14,5.31,0.0013096666666666667
Ni14,5.369999999999999,0.001422
Ni14,5.43,0.0015567777777777778
Ni14,5.49,0.0016837777777777777
Ni14,5.55,0.0018345555555555556
Ni14,5.609999999999999,0.002007111111111111
Ni14,5.67,0.0021595555555555556
Ni14,5.73,0.002368777777777778
Ni14,5.789999999999999,0.002541888888888889
Ni14,5.85,0.0027946666666666667
Ni14,5.91,0.0029761111111111112
Ni14,5.97,0.0032774444444444444
Ni14,6.029999999999999,0.0034724444444444442
Ni14,6.09,0.0037925555555555555
Ni14,6.15,0.004034222222222222
Ni14,6.21,0.004387444444444445
Ni14,6.27,0.004675333333333333
Ni14,6.33,0.0050457777777777775
Ni14,6.39,0.005365555555555556
Ni14,6.449999999999999,0.005779888888888889
Ni14,6.51,0.006115111111111111
Ni14,6.57,0.006605777777777778
Ni14,6.63,0.006946555555555556
Ni14,6.6899999999999995,0.007450222222222222
Ni14,6.75,0.007848666666666667
Ni14,6.81,0.008369555555555555
Ni14,6.869999999999999,0.008788111111111111
Ni14,6.93,0.009336444444444444
Ni14,6.99,0.009772555555555555
Ni14,7.05,0.010364777777777778
Ni14,7.109999999999999,0.010879222222222222
Ni14,7.17,0.011422555555555556
Ni14,7.2299999999999995,0.01197688888888889
Ni14,7.289999999999999,0.012484666666666666
Ni14,7.35,0.01306311111111111
Ni14,7.41,0.013562666666666667
Ni14,7.47,0.014170333333333333
Ni14,7.529999999999999,0.014670111111111111
Ni14,7.59,0.015193222222222223
Ni14,7.65,0.015759333333333334
Ni14,7.709999999999999,0.016195888888888888
Ni14,7.77,0.016691444444444443
Ni14,7.83,0.017149
Ni14,7.89,0.017614
Ni14,7.949999999999999,0.018006555555555557
Ni14,8.01,0.01839422222222222
Ni14,8.07,0.01864733333333333
Ni14,8.129999999999999,0.018982222222222223
Ni14,8.19,0.019232222222222223
Ni14,8.25,0.01946222222222222
Ni14,8.309999999999999,0.019588444444444443
Ni14,8.370000000000001,0.019692555555555557
Ni14,8.43,0.019847333333333335
Ni14,8.489999999999998,0.019844
Ni14,8.55,0.01979411111111111
Ni14,8.61,0.019749222222222224
Ni14,8.67,0.019530444444444444
Ni14,8.73,0.019385777777777776
Ni14,8.79,0.01919377777777778
Ni14,8.85,0.018859777777777777
Ni14,8.91,0.018552333333333334
Ni14,8.969999999999999,0.018225333333333333
Ni14,9.030000000000001,0.017772666666666666
Ni14,9.09,0.017296555555555555
Ni14,9.149999999999999,0.016822444444444445
Ni14,9.21,0.016303666666666668
Ni14,9.27,0.015668222222222222
Ni14,9.329999999999998,0.015122
Ni14,9.39,0.014483444444444445
Ni14,9.45,0.013849333333333333
Ni14,9.51,0.013235333333333333
Ni14,9.57,0.012578222222222222
Ni14,9.629999999999999,0.011925
Ni14,9.69,0.011245777777777778
Ni14,9.75,0.010591444444444445
Ni14,9.809999999999999,0.009939444444444445
Ni14,9.870000000000001,0.009323444444444445
Ni14,9.93,0.008679777777777778
Ni14,9.989999999999998,0.008067
Ni14,10.05,0.007498444444444445
Ni14,10.11,0.006890888888888889
Ni14,10.169999999999998,0.006372666666666666
Ni14,10.23,0.005844777777777778
Ni14,10.29,0.005315888888888889
Ni14,10.35,0.004839
Ni14,10.41,0.004390666666666667
Ni14,10.469999999999999,0.003941666666666666
Ni14,10.53,0.0035522222222222222
Ni14,10.59,0.003187111111111111
Ni14,10.649999999999999,0.002878
Ni14,10.71,0.0025334444444444445
Ni14,10.77,0.002227111111111111
Ni14,10.829999999999998,0.002001111111111111
Ni14,10.89,0.0017687777777777778
Ni14,10.95,0.0015253333333333334
Ni14,11.01,0.0013436666666666666
Ni14,11.07,0.0011664444444444443
Ni14,11.129999999999999,0.0010288888888888889
Ni14,11.19,0.0008772222222222223
Ni14,11.25,0.0007686666666666666
Ni14,11.309999999999999,0.0006547777777777778
Ni14,11.370000000000001,0.0005487777777777778
Ni14,11.43,0.00046555555555555554
Ni14,11.489999999999998,0.0003831111111111111
Ni14,11.55,0.0003316666666666667
Ni14,11.61,0.000276
Ni14,11.669999999999998,0.00022855555555555555
Ni14,11.73,0.00019066666666666668
Ni14,11.79,0.00015533333333333333
Ni14,11.85,0.00012977777777777779
Ni14,11.91,0.0001028888888888889
Ni14,11.969999999999999,8.344444444444445e-05
Ni14,12.03,6.822222222222222e-05
Ni14,12.09,5.622222222222222e-05
Ni14,12.149999999999999,4.6222222222222224e-05
Ni14,12.21,3.6666666666666666e-05
Ni14,12.27,2.966666666666667e-05
Ni14,12.329999999999998,2.3444444444444444e-05
Ni14,12.39,1.7e-05
Ni14,12.45,1.3777777777777778e-05
Ni14,12.51,1.1333333333333334e-05
Ni14,12.57,9e-06
Ni14,12.629999999999999,7.111111111111111e-06
Ni14,12.69,5.888888888888889e-06
Ni14,12.75,5.1111111111111115e-06
Ni14,12.809999999999999,3.3333333333333333e-06
Ni14,12.870000000000001,2.333333333333333e-06
Ni14,12.93,1.3333333333333334e-06
Ni14,12.989999999999998,1.111111111111111e-06
Ni14,13.05,6.666666666666667e-07
Ni14,13.11,6.666666666666667e-07
Ni14,13.169999999999998,2.2222222222222222e-07
Ni14,13.23,1.1111111111111111e-07
Ni14,13.29,1.1111111111111111e-07
Ni14,13.35,0.0
Ni14,13.41,1.1111111111111111e-07
Ni14,13.469999999999999,1.1111111111111111e-07
Ni14,13.53,1.1111111111111111e-07
Ni14,13.59,1.1111111111111111e-07
Ni14,13.649999999999999,1.1111111111111111e-07
Ni14,13.71,1.1111111111111111e-07
Ni14,13.77,0.0
Ni14,13.829999999999998,1.1111111111111111e-07
Ni14,13.89,1.1111111111111111e-07
Ni14,13.95,1.1111111111111111e-07
Sn14,0.03,4.6666666666666665e-05
Sn14,0.09,3.3333333333333333e-06
Sn14,0.15,2.333333333333333e-06
Sn14,0.21,3e-06
Sn14,0.27,3e-06
Sn14,0.32999999999999996,1e-06
Sn14,0.39,3e-06
Sn14,0.44999999999999996,2.333333333333333e-06
Sn14,0.51,4.333333333333333e-06
Sn14,0.5700000000000001,2.666666666666667e-06
Sn14,0.6299999999999999,4e-06
Sn14,0.69,2.333333333333333e-06
Sn14,0.75,4.333333333333333e-06
Sn14,0.81,3.3333333333333333e-06
Sn14,0.8699999999999999,5.666666666666667e-06
Sn14,0.9299999999999999,4.666666666666666e-06
Sn14,0.99,6.666666666666667e-06
Sn14,1.05,6e-06
Sn14,1.1099999999999999,7.333333333333333e-06
Sn14,1.17,7e-06
Sn14,1.23,8.666666666666666e-06
Sn14,1.29,9.333333333333333e-06
Sn14,1.3499999999999999,1.1333333333333334e-05
Sn14,1.41,9.666666666666667e-06
Sn14,1.47,1.1333333333333334e-05
Sn14,1.53,1.5666666666666667e-05
Sn14,1.5899999999999999,1.2e-05
Sn14,1.65,1.4666666666666666e-05
Sn14,1.71,1.7e-05
Sn14,1.77,1.9666666666666666e-05
Sn14,1.8299999999999998,1.6666666666666667e-05
Sn14,1.89,2.1333333333333335e-05
Sn14,1.95,2.4666666666666665e-05
Sn14,2.01,2.4333333333333333e-05
Sn14,2.0700000000000003,2.3333333333333332e-05
Sn14,2.13,2.7666666666666667e-05
Sn14,2.19,3e-05
Sn14,2.25,3.3e-05
Sn14,2.3099999999999996,3.566666666666667e-05
Sn14,2.37,3.933333333333333e-05
Sn14,2.4299999999999997,4.266666666666667e-05
Sn14,2.49,5.0333333333333335e-05
Sn14,2.55,5.0333333333333335e-05
Sn14,2.61,5.433333333333333e-05
Sn14,2.67,6.1e-05
Sn14,2.7299999999999995,6.933333333333333e-05
Sn14,2.79,7.2e-05
Sn14,2.8499999999999996,7.833333333333333e-05
Sn14,2.91,8.466666666666666e-05
Sn14,2.9699999999999998,9.633333333333333e-05
Sn14,3.0300000000000002,9.366666666666666e-05
Sn14,3.09,0.00011133333333333333
Sn14,3.15,0.000131
Sn14,3.21,0.00012633333333333333
Sn14,3.2699999999999996,0.00015033333333333335
Sn14,3.33,0.00015933333333333332
Sn14,3.3899999999999997,0.00016433333333333333
Sn14,3.45,0.000195
Sn14,3.51,0.000207
Sn14,3.57,0.00022866666666666668
Sn14,3.63,0.000243
Sn14,3.6899999999999995,0.00026533333333333335
Sn14,3.75,0.00028333333333333335
Sn14,3.8099999999999996,0.000327
Sn14,3.87,0.00036033333333333333
Sn14,3.9299999999999997,0.000401
Sn14,3.9899999999999998,0.000419
Sn14,4.05,0.0004643333333333333
Sn14,4.109999999999999,0.000521
Sn14,4.17,0.0005613333333333333
Sn14,4.23,0.0006276666666666667
Sn14,4.29,0.0006513333333333333
Sn14,4.35,0.0007683333333333333
Sn14,4.41,0.0007846666666666667
Sn14,4.47,0.0008886666666666666
Sn14,4.529999999999999,0.0009546666666666667
Sn14,4.59,0.001055
Sn14,4.65,0.0011266666666666667
Sn14,4.71,0.001227
Sn14,4.77,0.0013466666666666666
Sn14,4.83,0.001454
Sn14,4.89,0.00157
Sn14,4.949999999999999,0.00171
Sn14,5.01,0.001844
Sn14,5.07,0.002004
Sn14,5.13,0.002178
Sn14,5.1899999999999995,0.0023166666666666665
Sn14,5.25,0.0025226666666666665
Sn14,5.31,0.002726
Sn14,5.369999999999999,0.0029293333333333333
Sn14,5.43,0.0031783333333333334
Sn14,5.49,0.003415
Sn14,5.55,0.0036726666666666665
Sn14,5.609999999999999,0.003993666666666667
Sn14,5.67,0.004219
Sn14,5.73,0.004631
Sn14,5.789999999999999,0.004866
Sn14,5.85,0.005211
Sn14,5.91,0.005522333333333333
Sn14,5.97,0.005907333333333333
Sn14,6.029999999999999,0.0062703333333333335
Sn14,6.09,0.006651666666666667
Sn14,6.15,0.007066333333333333
Sn14,6.21,0.007543
Sn14,6.27,0.007917
Sn14,6.33,0.008435333333333333
Sn14,6.39,0.008817
Sn14,6.449999999999999,0.009327
Sn14,6.51,0.009833666666666666
Sn14,6.57,0.010232666666666666
Sn14,6.63,0.010863333333333332
Sn14,6.6899999999999995,0.011328333333333333
Sn14,6.75,0.011769333333333333
Sn14,6.81,0.012455333333333334
Sn14,6.869999999999999,0.012822
Sn14,6.93,0.013455666666666666
Sn14,6.99,0.013852333333333333
Sn14,7.05,0.014524666666666667
Sn14,7.109999999999999,0.01498
Sn14,7.17,0.015374666666666667
Sn14,7.2299999999999995,0.015881
Sn14,7.289999999999999,0.016435666666666668
Sn14,7.35,0.016730666666666668
Sn14,7.41,0.017219
Sn14,7.47,0.017551
Sn14,7.529999999999999,0.017933666666666667
Sn14,7.59,0.018269
Sn14,7.65,0.018617
Sn14,7.709999999999999,0.018844
Sn14,7.77,0.019040333333333333
Sn14,7.83,0.019176333333333333
Sn14,7.89,0.019217
Sn14,7.949999999999999,0.019333666666666666
Sn14,8.01,0.019382
Sn14,8.07,0.019283
Sn14,8.129999999999999,0.019264666666666666
Sn14,8.19,0.019109333333333332
Sn14,8.25,0.019046
Sn14,8.309999999999999,0.018805333333333334
Sn14,8.370000000000001,0.018651
Sn14,8.43,0.018262
Sn14,8.489999999999998,0.017947666666666667
Sn14,8.55,0.017474333333333335
Sn14,8.61,0.017041333333333332
Sn14,8.67,0.016629333333333333
Sn14,8.73,0.01614466666666667
Sn14,8.79,0.015681666666666667
Sn14,8.85,0.015093666666666667
Sn14,8.91,0.014417333333333334
Sn14,8.969999999999999,0.013874666666666667
Sn14,9.030000000000001,0.013185
Sn14,9.09,0.012544666666666668
Sn14,9.149999999999999,0.011902666666666667
Sn14,9.21,0.011335333333333333
Sn14,9.27,0.010673333333333333
Sn14,9.329999999999998,0.009978666666666667
Sn14,9.39,0.009494666666666667
Sn14,9.45,0.00887
Sn14,9.51,0.008302
Sn14,9.57,0.007703
Sn14,9.629999999999999,0.0070933333333333334
Sn14,9.69,0.006576666666666666
Sn14,9.75,0.006004666666666667
Sn14,9.809999999999999,0.005553
Sn14,9.870000000000001,0.005072
Sn14,9.93,0.004561
Sn14,9.989999999999998,0.004194666666666667
Sn14,10.05,0.0037386666666666666
Sn14,10.11,0.003396
Sn14,10.169999999999998,0.003063
Sn14,10.23,0.002697666666666667
Sn14,10.29,0.0023593333333333335
Sn14,10.35,0.002086666666666667
Sn14,10.41,0.0018926666666666666
Sn14,10.469999999999999,0.001658
Sn14,10.53,0.001483
Sn14,10.59,0.001335
Sn14,10.649999999999999,0.0011266666666666667
Sn14,10.71,0.0010086666666666666
Sn14,10.77,0.000854
Sn14,10.829999999999998,0.0007276666666666667
Sn14,10.89,0.0006086666666666666
Sn14,10.95,0.0005233333333333333
Sn14,11.01,0.0004456666666666667
Sn14,11.07,0.00038566666666666664
Sn14,11.129999999999999,0.00032733333333333334
Sn14,11.19,0.00025966666666666667
Sn14,11.25,0.00022433333333333333
Sn14,11.309999999999999,0.00018033333333333334
Sn14,11.370000000000001,0.000139
Sn14,11.43,0.00012433333333333334
Sn14,11.489999999999998,0.00010533333333333334
Sn14,11.55,9.3e-05
Sn14,11.61,6.833333333333333e-05
Sn14,11.669999999999998,5.466666666666667e-05
Sn14,11.73,4.4e-05
Sn14,11.79,3.3e-05
Sn14,11.85,2.5666666666666666e-05
Sn14,11.91,2.3e-05
Sn14,11.969999999999999,1.9e-05
Sn14,12.03,1.2666666666666667e-05
Sn14,12.09,1.2666666666666667e-05
Sn14,12.149999999999999,1.0666666666666667e-05
Sn14,12.21,8.333333333333334e-06
Sn14,12.27,6.333333333333333e-06
Sn14,12.329999999999998,4e-06
Sn14,12.39,3.3333333333333333e-06
Sn14,12.45,2.333333333333333e-06
Sn14,12.51,2e-06
Sn14,12.57,1.6666666666666667e-06
Sn14,12.629999999999999,6.666666666666667e-07
Sn14,12.69,0.0
Sn14,12.75,3.3333333333333335e-07
Sn14,12.809999999999999,0.0
Sn14,12.870000000000001,0.0
Sn14,12.93,0.0
Sn14,12.989999999999998,0.0
Sn14,13.05,0.0
Sn14,13.11,0.0
Sn14,13.169999999999998,0.0
Sn14,13.23,0.0
Sn14,13.29,3.3333333333333335e-07
Sn14,13.35,3.3333333333333335e-07
Sn14,13.41,3.3333333333333335e-07
Ta14,0.03,0.000179375
Ta14,0.09,1.425e-05
Ta14,0.15,1.2e-05
Ta14,0.21,7.375e-06
Ta14,0.27,7.25e-06
Ta14,0.32999999999999996,8.125e-06
Ta14,0.39,8.875e-06
Ta14,0.44999999999999996,8.75e-06
Ta14,0.51,1.05e-05
Ta14,0.5700000000000001,9e-06
Ta14,0.6299999999999999,1.1875e-05
Ta14,0.69,1.3e-05
Ta14,0.75,1.6e-05
Ta14,0.81,1.5375e-05
Ta14,0.8699999999999999,1.475e-05
Ta14,0.9299999999999999,1.6125e-05
Ta14,0.99,2.025e-05
Ta14,1.05,2.2625e-05
Ta14,1.1099999999999999,2.2e-05
Ta14,1.17,2.225e-05
Ta14,1.23,2.6375e-05
Ta14,1.29,3.05e-05
Ta14,1.3499999999999999,2.7e-05
Ta14,1.41,3.15e-05
Ta14,1.47,3.575e-05
Ta14,1.53,3.7875e-05
Ta14,1.5899999999999999,3.7375e-05
Ta14,1.65,4.075e-05
Ta14,1.71,5.0625e-05
Ta14,1.77,4.875e-05
Ta14,1.8299999999999998,4.8625e-05
Ta14,1.89,6.225e-05
Ta14,1.95,6.5375e-05
Ta14,2.01,6.175e-05
Ta14,2.0700000000000003,7.7875e-05
Ta14,2.13,8.225e-05
Ta14,2.19,8.0125e-05
Ta14,2.25,9.3625e-05
Ta14,2.3099999999999996,0.0001015
Ta14,2.37,0.000105125
Ta14,2.4299999999999997,0.000119875
Ta14,2.49,0.0001295
Ta14,2.55,0.00013375
Ta14,2.61,0.000147875
Ta14,2.67,0.0001625
Ta14,2.7299999999999995,0.000169
Ta14,2.79,0.000188375
Ta14,2.8499999999999996,0.00020575
Ta14,2.91,0.00022475
Ta14,2.9699999999999998,0.00024675
Ta14,3.0300000000000002,0.000259125
Ta14,3.09,0.00029475
Ta14,3.15,0.000305375
Ta14,3.21,0.000339875
Ta14,3.2699999999999996,0.0003675
Ta14,3.33,0.000386875
Ta14,3.3899999999999997,0.000444625
Ta14,3.45,0.000463625
Ta14,3.51,0.000518
Ta14,3.57,0.000557625
Ta14,3.63,0.000598375
Ta14,3.6899999999999995,0.000667625
Ta14,3.75,0.00069325
Ta14,3.8099999999999996,0.0007845
Ta14,3.87,0.00082225
Ta14,3.9299999999999997,0.000919
Ta14,3.9899999999999998,0.000970375
Ta14,4.05,0.001052625
Ta14,4.109999999999999,0.00114725
Ta14,4.17,0.00122525
Ta14,4.23,0.001333625
Ta14,4.29,0.001432375
Ta14,4.35,0.00155575
Ta14,4.41,0.00167425
Ta14,4.47,0.001786
Ta14,4.529999999999999,0.00194425
Ta14,4.59,0.0020655
Ta14,4.65,0.002253375
Ta14,4.71,0.00239525
Ta14,4.77,0.00260325
Ta14,4.83,0.0027825
Ta14,4.89,0.00299275
Ta14,4.949999999999999,0.00320425
Ta14,5.01,0.00342975
Ta14,5.07,0.003676125
Ta14,5.13,0.003923875
Ta14,5.1899999999999995,0.004159
Ta14,5.25,0.00448475
Ta14,5.31,0.0047295
Ta14,5.369999999999999,0.00505425
Ta14,5.43,0.00537975
Ta14,5.49,0.005704875
Ta14,5.55,0.006038375
Ta14,5.609999999999999,0.006408875
Ta14,5.67,0.0067775
Ta14,5.73,0.007132125
Ta14,5.789999999999999,0.00757125
Ta14,5.85,0.00789425
Ta14,5.91,0.00842125
Ta14,5.97,0.0087385
Ta14,6.029999999999999,0.0092815
Ta14,6.09,0.009667375
Ta14,6.15,0.010106625
Ta14,6.21,0.010659625
Ta14,6.27,0.011025375
Ta14,6.33,0.011597125
Ta14,6.39,0.012012375
Ta14,6.449999999999999,0.012460125
Ta14,6.51,0.013026125
Ta14,6.57,0.013387875
Ta14,6.63,0.0139695
Ta14,6.6899999999999995,0.014326375
Ta14,6.75,0.014809375
Ta14,6.81,0.015268875
Ta14,6.869999999999999,0.01564425
Ta14,6.93,0.01607125
Ta14,6.99,0.016440625
Ta14,7.05,0.016795375
Ta14,7.109999999999999,0.01713425
Ta14,7.17,0.017376
Ta14,7.2299999999999995,0.017743125
Ta14,7.289999999999999,0.01790625
Ta14,7.35,0.0180655
Ta14,7.41,0.018338125
Ta14,7.47,0.018390125
Ta14,7.529999999999999,0.01846725
Ta14,7.59,0.018567125
Ta14,7.65,0.018512875
Ta14,7.709999999999999,0.0185305
Ta14,7.77,0.01848025
Ta14,7.83,0.01825125
Ta14,7.89,0.018132375
Ta14,7.949999999999999,0.01794475
Ta14,8.01,0.017718
Ta14,8.07,0.0174185
Ta14,8.129999999999999,0.01706575
Ta14,8.19,0.01677475
Ta14,8.25,0.01635675
Ta14,8.309999999999999,0.01593225
Ta14,8.370000000000001,0.015413375
Ta14,8.43,0.014899625
Ta14,8.489999999999998,0.0144495
Ta14,8.55,0.013929125
Ta14,8.61,0.013323375
Ta14,8.67,0.012731125
Ta14,8.73,0.012194375
Ta14,8.79,0.011631125
Ta14,8.85,0.010983875
Ta14,8.91,0.010448375
Ta14,8.969999999999999,0.009830625
Ta14,9.030000000000001,0.009295625
Ta14,9.09,0.00870125
Ta14,9.149999999999999,0.008159125
Ta14,9.21,0.007613
Ta14,9.27,0.007075875
Ta14,9.329999999999998,0.006589875
Ta14,9.39,0.00608
Ta14,9.45,0.005585625
Ta14,9.51,0.005120875
Ta14,9.57,0.004683875
Ta14,9.629999999999999,0.00428075
Ta14,9.69,0.003885125
Ta14,9.75,0.003496125
Ta14,9.809999999999999,0.003162875
Ta14,9.870000000000001,0.002825375
Ta14,9.93,0.0025555
Ta14,9.989999999999998,0.002268125
Ta14,10.05,0.002025125
Ta14,10.11,0.001819
Ta14,10.169999999999998,0.0015875
Ta14,10.23,0.001391625
Ta14,10.29,0.001244125
Ta14,10.35,0.001092375
Ta14,10.41,0.000956125
Ta14,10.469999999999999,0.000828125
Ta14,10.53,0.000708125
Ta14,10.59,0.000610875
Ta14,10.649999999999999,0.0005265
Ta14,10.71,0.000447375
Ta14,10.77,0.0003765
Ta14,10.829999999999998,0.000313375
Ta14,10.89,0.000266875
Ta14,10.95,0.000224375
Ta14,11.01,0.000189625
Ta14,11.07,0.000160125
Ta14,11.129999999999999,0.0001295
Ta14,11.19,0.000104
Ta14,11.25,8.3e-05
Ta14,11.309999999999999,7.275e-05
Ta14,11.370000000000001,5.9e-05
Ta14,11.43,4.975e-05
Ta14,11.489999999999998,3.875e-05
Ta14,11.55,3.0875e-05
Ta14,11.61,2.3125e-05
Ta14,11.669999999999998,1.9875e-05
Ta14,11.73,1.6125e-05
Ta14,11.79,1.3125e-05
Ta14,11.85,1.0625e-05
Ta14,11.91,8.5e-06
Ta14,11.969999999999999,6.75e-06
Ta14,12.03,5.375e-06
Ta14,12.09,4e-06
Ta14,12.149999999999999,3e-06
Ta14,12.21,2e-06
Ta14,12.27,1.5e-06
Ta14,12.329999999999998,1.25e-06
Ta14,12.39,8.75e-07
Ta14,12.45,3.75e-07
Ta14,12.51,1.25e-07
Ta14,12.57,1.25e-07
Ta14,12.629999999999999,0.0
Ta14,12.69,0.0
Ta14,12.75,0.0
Ta14,12.809999999999999,0.0
Ta14,12.870000000000001,1.25e-07
Ta14,12.93,1.25e-07
Ta14,12.989999999999998,1.25e-07
Ta14,13.05,1.25e-07
Ta14,13.11,1.25e-07
Ta14,13.169999999999998,1.25e-07
Ta14,13.23,1.25e-07
Ta14,13.29,1.25e-07
Cu14,0.03,0.0013186363636363636
Cu14,0.09,6.827272727272727e-05
Cu14,0.15,6.745454545454546e-05
Cu14,0.21,4.7818181818181816e-05
Cu14,0.27,3.890909090909091e-05
Cu14,0.32999999999999996,4.2727272727272724e-05
Cu14,0.39,4.545454545454545e-05
Cu14,0.44999999999999996,5.0545454545454544e-05
Cu14,0.51,5.290909090909091e-05
Cu14,0.5700000000000001,5.518181818181818e-05
Cu14,0.6299999999999999,6.0363636363636365e-05
Cu14,0.69,6.463636363636364e-05
Cu14,0.75,7.172727272727273e-05
Cu14,0.81,7.636363636363636e-05
Cu14,0.8699999999999999,8.2e-05
Cu14,0.9299999999999999,8.463636363636364e-05
Cu14,0.99,9.463636363636364e-05
Cu14,1.05,9.945454545454545e-05
Cu14,1.1099999999999999,0.00011363636363636364
Cu14,1.17,0.00011354545454545455
Cu14,1.23,0.00012627272727272728
Cu14,1.29,0.00013045454545454544
Cu14,1.3499999999999999,0.000147
Cu14,1.41,0.0001500909090909091
Cu14,1.47,0.0001680909090909091
Cu14,1.53,0.00016854545454545453
Cu14,1.5899999999999999,0.000187
Cu14,1.65,0.00020545454545454545
Cu14,1.71,0.00021163636363636363
Cu14,1.77,0.00023072727272727272
Cu14,1.8299999999999998,0.0002499090909090909
Cu14,1.89,0.00026745454545454544
Cu14,1.95,0.00028336363636363634
Cu14,2.01,0.000308
Cu14,2.0700000000000003,0.0003265454545454545
Cu14,2.13,0.0003470909090909091
Cu14,2.19,0.00037827272727272726
Cu14,2.25,0.0003978181818181818
Cu14,2.3099999999999996,0.0004303636363636364
Cu14,2.37,0.0004715454545454545
Cu14,2.4299999999999997,0.0004942727272727273
Cu14,2.49,0.0005290909090909091
Cu14,2.55,0.0005717272727272727
Cu14,2.61,0.0006070909090909091
Cu14,2.67,0.000657
Cu14,2.7299999999999995,0.0006936363636363636
Cu14,2.79,0.0007551818181818181
Cu14,2.8499999999999996,0.0007978181818181818
Cu14,2.91,0.0008595454545454545
Cu14,2.9699999999999998,0.0009176363636363636
Cu14,3.0300000000000002,0.000995
Cu14,3.09,0.0010482727272727273
Cu14,3.15,0.0011225454545454546
Cu14,3.21,0.0012117272727272727
Cu14,3.2699999999999996,0.0012721818181818181
Cu14,3.33,0.0013834545454545454
Cu14,3.3899999999999997,0.0014650909090909092
Cu14,3.45,0.0015739090909090909
Cu14,3.51,0.0016703636363636363
Cu14,3.57,0.0017914545454545455
Cu14,3.63,0.001907090909090909
Cu14,3.6899999999999995,0.0020443636363636363
Cu14,3.75,0.002177181818181818
Cu14,3.8099999999999996,0.0023242727272727273
Cu14,3.87,0.002468181818181818
Cu14,3.9299999999999997,0.002648363636363636
Cu14,3.9899999999999998,0.0027996363636363635
Cu14,4.05,0.002971
Cu14,4.109999999999999,0.003170909090909091
Cu14,4.17,0.003347
Cu14,4.23,0.003583090909090909
Cu14,4.29,0.003772181818181818
Cu14,4.35,0.004035
Cu14,4.41,0.004242272727272727
Cu14,4.47,0.004492818181818182
Cu14,4.529999999999999,0.004773454545454545
Cu14,4.59,0.005003454545454545
Cu14,4.65,0.0053412727272727275
Cu14,4.71,0.0055668181818181815
Cu14,4.77,0.005910818181818182
Cu14,4.83,0.006228727272727273
Cu14,4.89,0.0064880909090909095
Cu14,4.949999999999999,0.006881545454545454
Cu14,5.01,0.007174
Cu14,5.07,0.007560545454545454
Cu14,5.13,0.00791109090909091
Cu14,5.1899999999999995,0.008256363636363636
Cu14,5.25,0.008676545454545454
Cu14,5.31,0.009033727272727273
Cu14,5.369999999999999,0.009447727272727273
Cu14,5.43,0.009836727272727273
Cu14,5.49,0.010231636363636363
Cu14,5.55,0.010676545454545454
Cu14,5.609999999999999,0.011020727272727272
Cu14,5.67,0.011462727272727272
Cu14,5.73,0.011898636363636363
Cu14,5.789999999999999,0.012263727272727273
Cu14,5.85,0.012684636363636363
Cu14,5.91,0.013132363636363636
Cu14,5.97,0.01344309090909091
Cu14,6.029999999999999,0.013860363636363636
Cu14,6.09,0.014260545454545455
Cu14,6.15,0.014613545454545454
Cu14,6.21,0.014956181818181818
Cu14,6.27,0.015296090909090908
Cu14,6.33,0.015624636363636363
Cu14,6.39,0.01588918181818182
Cu14,6.449999999999999,0.016155909090909092
Cu14,6.51,0.016404454545454545
Cu14,6.57,0.01662209090909091
Cu14,6.63,0.016836727272727274
Cu14,6.6899999999999995,0.01694981818181818
Cu14,6.75,0.017105727272727272
Cu14,6.81,0.017202454545454545
Cu14,6.869999999999999,0.017303272727272726
Cu14,6.93,0.017327
Cu14,6.99,0.017320636363636364
Cu14,7.05,0.017292272727272726
Cu14,7.109999999999999,0.01719618181818182
Cu14,7.17,0.017129363636363637
Cu14,7.2299999999999995,0.016964
Cu14,7.289999999999999,0.01678318181818182
Cu14,7.35,0.016585272727272726
Cu14,7.41,0.016373181818181818
Cu14,7.47,0.016093636363636362
Cu14,7.529999999999999,0.015764090909090908
Cu14,7.59,0.015482
Cu14,7.65,0.015074272727272728
Cu14,7.709999999999999,0.014685181818181818
Cu14,7.77,0.014258727272727272
Cu14,7.83,0.01379009090909091
Cu14,7.89,0.013299909090909091
Cu14,7.949999999999999,0.012895545454545455
Cu14,8.01,0.012384
Cu14,8.07,0.011886181818181818
Cu14,8.129999999999999,0.011345181818181818
Cu14,8.19,0.010827818181818182
Cu14,8.25,0.010312181818181818
Cu14,8.309999999999999,0.009789181818181818
Cu14,8.370000000000001,0.009268545454545455
Cu14,8.43,0.008776181818181818
Cu14,8.489999999999998,0.008251818181818181
Cu14,8.55,0.007773545454545455
Cu14,8.61,0.007246363636363637
Cu14,8.67,0.006799545454545455
Cu14,8.73,0.006318181818181818
Cu14,8.79,0.005892909090909091
Cu14,8.85,0.0054428181818181815
Cu14,8.91,0.005014545454545455
Cu14,8.969999999999999,0.0046026363636363634
Cu14,9.030000000000001,0.004228
Cu14,9.09,0.003858818181818182
Cu14,9.149999999999999,0.0035135454545454545
Cu14,9.21,0.0031863636363636365
Cu14,9.27,0.0028854545454545457
Cu14,9.329999999999998,0.0026034545454545455
Cu14,9.39,0.0023451818181818183
Cu14,9.45,0.0021036363636363635
Cu14,9.51,0.001889909090909091
Cu14,9.57,0.0016822727272727273
Cu14,9.629999999999999,0.0014825454545454545
Cu14,9.69,0.0013177272727272727
Cu14,9.75,0.0011674545454545455
Cu14,9.809999999999999,0.0010320909090909092
Cu14,9.870000000000001,0.0009112727272727273
Cu14,9.93,0.0007965454545454545
Cu14,9.989999999999998,0.0006888181818181818
Cu14,10.05,0.0005974545454545454
Cu14,10.11,0.0005130909090909091
Cu14,10.169999999999998,0.00043854545454545454
Cu14,10.23,0.00037254545454545456
Cu14,10.29,0.00031972727272727274
Cu14,10.35,0.0002689090909090909
Cu14,10.41,0.0002280909090909091
Cu14,10.469999999999999,0.0001939090909090909
Cu14,10.53,0.00016154545454545455
Cu14,10.59,0.00013772727272727274
Cu14,10.649999999999999,0.00011172727272727273
Cu14,10.71,8.9e-05
Cu14,10.77,7.59090909090909e-05
Cu14,10.829999999999998,6.4e-05
Cu14,10.89,5.190909090909091e-05
Cu14,10.95,4.290909090909091e-05
Cu14,11.01,3.518181818181818e-05
Cu14,11.07,2.7636363636363636e-05
Cu14,11.129999999999999,2.2272727272727274e-05
Cu14,11.19,1.7636363636363637e-05
Cu14,11.25,1.4636363636363637e-05
Cu14,11.309999999999999,1.2e-05
Cu14,11.370000000000001,9.818181818181818e-06
Cu14,11.43,7.727272727272727e-06
Cu14,11.489999999999998,6.636363636363637e-06
Cu14,11.55,5.363636363636364e-06
Cu14,11.61,3.636363636363636e-06
Cu14,11.669999999999998,3.1818181818181817e-06
Cu14,11.73,1.909090909090909e-06
Cu14,11.79,1.3636363636363636e-06
Cu14,11.85,1e-06
Cu14,11.91,7.272727272727273e-07
Cu14,11.969999999999999,6.363636363636364e-07
Cu14,12.03,2.7272727272727274e-07
Cu14,12.09,9.090909090909091e-08
Cu14,12.149999999999999,9.090909090909091e-08
Cu14,12.21,0.0
Cu14,12.27,0.0
Cu14,12.329999999999998,9.090909090909091e-08
Cu14,12.39,9.090909090909091e-08
Cu14,12.45,9.090909090909091e-08
Cu14,12.51,1.8181818181818183e-07
Cu14,12.57,9.090909090909091e-08
Cu14,12.629999999999999,9.090909090909091e-08
Cu14,12.69,9.090909090909091e-08
Cu14,12.75,9.090909090909091e-08
Cu14,12.809999999999999,9.090909090909091e-08
Cu14,12.870000000000001,9.090909090909091e-08
