name,energy,flux
Ni08,27.45,3.3333333333333335e-07
Ni08,27.509999999999998,0.0
Ni08,27.57,0.0
Ni08,27.63,6.666666666666667e-07
Ni08,27.689999999999998,6.666666666666667e-07
Ni08,27.75,1e-06
Ni08,27.81,3.6666666666666666e-06
Ni08,27.869999999999997,6e-06
Ni08,27.93,9.666666666666667e-06
Ni08,27.99,1.5666666666666667e-05
Ni08,28.049999999999997,3e-05
Ni08,28.11,4.566666666666667e-05
Ni08,28.17,8.133333333333334e-05
Ni08,28.229999999999997,0.00012533333333333334
Ni08,28.29,0.00018033333333333334
Ni08,28.35,0.0003043333333333333
Ni08,28.409999999999997,0.00042566666666666664
Ni08,28.47,0.0006623333333333334
Ni08,28.53,0.000905
Ni08,28.589999999999996,0.001335
Ni08,28.65,0.0018813333333333334
Ni08,28.71,0.0025846666666666665
Ni08,28.769999999999996,0.003518
Ni08,28.83,0.004689666666666667
Ni08,28.89,0.006157333333333333
Ni08,28.95,0.007974
Ni08,29.009999999999998,0.010037666666666667
Ni08,29.07,0.012631333333333333
Ni08,29.13,0.015429333333333333
Ni08,29.189999999999998,0.018687333333333334
Ni08,29.25,0.022265333333333335
Ni08,29.31,0.025842666666666667
Ni08,29.369999999999997,0.029945666666666666
Ni08,29.43,0.033777666666666664
Ni08,29.49,0.037775
Ni08,29.549999999999997,0.041301
Ni08,29.61,0.04439
Ni08,29.67,0.047307666666666665
Ni08,29.729999999999997,0.049239
Ni08,29.79,0.05058766666666667
Ni08,29.85,0.05085233333333333
Ni08,29.909999999999997,0.050826333333333334
Ni08,29.97,0.049648
Ni08,30.03,0.047751
Ni08,30.089999999999996,0.04514833333333333
Ni08,30.15,0.041909
Ni08,30.21,0.03846633333333333
Ni08,30.269999999999996,0.03473966666666667
Ni08,30.33,0.030830333333333335
Ni08,30.39,0.026587666666666666
Ni08,30.45,0.022943333333333333
Ni08,30.509999999999998,0.019225333333333334
Ni08,30.57,0.016014
Ni08,30.63,0.012872666666666666
Ni08,30.689999999999998,0.010334333333333333
Ni08,30.75,0.008154
Ni08,30.81,0.006294
Ni08,30.869999999999997,0.004821
Ni08,30.93,0.0036
Ni08,30.99,0.0026706666666666667
Ni08,31.049999999999997,0.0019633333333333334
Ni08,31.11,0.00135
Ni08,31.17,0.0009683333333333333
Ni08,31.229999999999997,0.000654
Ni08,31.29,0.00044166666666666665
Ni08,31.35,0.00029
Ni08,31.409999999999997,0.000185
Ni08,31.47,0.000114
Ni08,31.53,8.233333333333333e-05
Ni08,31.589999999999996,4.6e-05
Ni08,31.65,2.6666666666666667e-05
Ni08,31.71,1.633333333333333e-05
Ni08,31.769999999999996,1.1e-05
Ni08,31.83,3e-06
Ni08,31.89,3.3333333333333333e-06
Ni08,31.95,1e-06
Ni08,32.01,6.666666666666667e-07
Sn08,27.39,6.666666666666667e-07
Sn08,27.45,3.3333333333333335e-07
Sn08,27.509999999999998,3.3333333333333335e-07
Sn08,27.57,6.666666666666667e-07
Sn08,27.63,1e-06
Sn08,27.689999999999998,2e-06
Sn08,27.75,7.666666666666667e-06
Sn08,27.81,1.6e-05
Sn08,27.869999999999997,2e-05
Sn08,27.93,2.966666666666667e-05
Sn08,27.99,5.833333333333333e-05
Sn08,28.049999999999997,9.766666666666666e-05
Sn08,28.11,0.000155
Sn08,28.17,0.00024166666666666667
Sn08,28.229999999999997,0.00037
Sn08,28.29,0.0005376666666666667
Sn08,28.35,0.0008066666666666667
Sn08,28.409999999999997,0.0011463333333333334
Sn08,28.47,0.0016613333333333332
Sn08,28.53,0.0023146666666666667
Sn08,28.589999999999996,0.003194
Sn08,28.65,0.004407333333333333
Sn08,28.71,0.005835
Sn08,28.769999999999996,0.007601333333333333
Sn08,28.83,0.009724
Sn08,28.89,0.012312666666666666
Sn08,28.95,0.015222
Sn08,29.009999999999998,0.018441333333333334
Sn08,29.07,0.022165
Sn08,29.13,0.026231333333333332
Sn08,29.189999999999998,0.030388666666666668
Sn08,29.25,0.034477
Sn08,29.31,0.038478
Sn08,29.369999999999997,0.042376333333333335
Sn08,29.43,0.045697666666666664
Sn08,29.49,0.04856866666666667
Sn08,29.549999999999997,0.05067733333333333
Sn08,29.61,0.052116
Sn08,29.67,0.05255033333333333
Sn08,29.729999999999997,0.05199566666666667
Sn08,29.79,0.05057433333333333
Sn08,29.85,0.04825533333333333
Sn08,29.909999999999997,0.04562133333333333
Sn08,29.97,0.04246366666666666
Sn08,30.03,0.038476666666666666
Sn08,30.089999999999996,0.034311
Sn08,30.15,0.03016833333333333
Sn08,30.21,0.026078666666666667
Sn08,30.269999999999996,0.022065
Sn08,30.33,0.018261
Sn08,30.39,0.014926666666666666
Sn08,30.45,0.011924
Sn08,30.509999999999998,0.009446333333333333
Sn08,30.57,0.0073286666666666665
Sn08,30.63,0.005605
Sn08,30.689999999999998,0.004234666666666667
Sn08,30.75,0.0031133333333333334
Sn08,30.81,0.0022733333333333334
Sn08,30.869999999999997,0.001628
Sn08,30.93,0.0011423333333333333
Sn08,30.99,0.0007796666666666667
Sn08,31.049999999999997,0.0005026666666666667
Sn08,31.11,0.00031266666666666666
Sn08,31.17,0.00022166666666666667
Sn08,31.229999999999997,0.00014966666666666665
Sn08,31.29,8.033333333333334e-05
Sn08,31.35,5.333333333333333e-05
Sn08,31.409999999999997,3.6666666666666666e-05
Sn08,31.47,1.9333333333333333e-05
Sn08,31.53,8.333333333333334e-06
Sn08,31.589999999999996,7e-06
Sn08,31.65,2e-06
Sn08,31.71,1.3333333333333334e-06
Sn08,31.769999999999996,3.3333333333333335e-07
Ta08,27.089999999999996,3.3333333333333335e-07
Ta08,27.15,0.0
Ta08,27.21,0.0
Ta08,27.27,6.666666666666667e-07
Ta08,27.33,3.3333333333333335e-07
Ta08,27.39,1e-06
Ta08,27.45,2e-06
Ta08,27.509999999999998,6.666666666666667e-06
Ta08,27.57,8.666666666666666e-06
Ta08,27.63,1.2333333333333333e-05
Ta08,27.689999999999998,2.6666666666666667e-05
Ta08,27.75,4.233333333333333e-05
Ta08,27.81,6.933333333333333e-05
Ta08,27.869999999999997,0.000113
Ta08,27.93,0.000167
Ta08,27.99,0.00027466666666666666
Ta08,28.049999999999997,0.00038366666666666665
Ta08,28.11,0.000608
Ta08,28.17,0.0008336666666666667
Ta08,28.229999999999997,0.0012316666666666667
Ta08,28.29,0.001713
Ta08,28.35,0.0024116666666666666
Ta08,28.409999999999997,0.0032776666666666666
Ta08,28.47,0.004401
Ta08,28.53,0.005799333333333333
Ta08,28.589999999999996,0.007546666666666667
Ta08,28.65,0.009602
Ta08,28.71,0.012006666666666667
Ta08,28.769999999999996,0.014749
Ta08,28.83,0.017984333333333335
Ta08,28.89,0.021467333333333335
Ta08,28.95,0.025169333333333332
Ta08,29.009999999999998,0.029117
Ta08,29.07,0.033063666666666665
Ta08,29.13,0.036985
Ta08,29.189999999999998,0.04070066666666667
Ta08,29.25,0.043823
Ta08,29.31,0.046922
Ta08,29.369999999999997,0.048919333333333336
Ta08,29.43,0.05064133333333333
Ta08,29.49,0.051083333333333335
Ta08,29.549999999999997,0.050959
Ta08,29.61,0.04999766666666667
Ta08,29.67,0.04818766666666666
Ta08,29.729999999999997,0.04586966666666667
Ta08,29.79,0.042543
Ta08,29.85,0.039371666666666666
Ta08,29.909999999999997,0.035416333333333334
Ta08,29.97,0.03164033333333333
Ta08,30.03,0.027375
Ta08,30.089999999999996,0.023628666666666666
Ta08,30.15,0.019868333333333335
Ta08,30.21,0.016505333333333334
Ta08,30.269999999999996,0.013424666666666666
Ta08,30.33,0.010725333333333333
Ta08,30.39,0.008537
Ta08,30.45,0.006570333333333333
Ta08,30.509999999999998,0.005035
Ta08,30.57,0.0038146666666666667
Ta08,30.63,0.0028036666666666665
Ta08,30.689999999999998,0.0020603333333333333
Ta08,30.75,0.0014703333333333333
Ta08,30.81,0.001015
Ta08,30.869999999999997,0.0007033333333333334
Ta08,30.93,0.000478
Ta08,30.99,0.000303
Ta08,31.049999999999997,0.00019733333333333332
Ta08,31.11,0.00012933333333333332
Ta08,31.17,8.633333333333334e-05
Ta08,31.229999999999997,4.966666666666667e-05
Ta08,31.29,3.1e-05
Ta08,31.35,1.7333333333333332e-05
Ta08,31.409999999999997,1.1666666666666666e-05
Ta08,31.47,3.3333333333333333e-06
Ta08,31.53,3.6666666666666666e-06
Ta08,31.589999999999996,1e-06
Ta08,31.65,6.666666666666667e-07
Cu08,26.85,3.3333333333333335e-07
Cu08,26.909999999999997,0.0
Cu08,26.97,6.666666666666667e-07
Cu08,27.03,3.3333333333333335e-07
Cu08,27.089999999999996,1e-06
Cu08,27.15,1e-06
Cu08,27.21,6e-06
Cu08,27.27,6.333333333333333e-06
Cu08,27.33,1.1333333333333334e-05
Cu08,27.39,1.9e-05
Cu08,27.45,3.633333333333333e-05
Cu08,27.509999999999998,5.433333333333333e-05
Cu08,27.57,9.266666666666666e-05
Cu08,27.63,0.00014133333333333334
Cu08,27.689999999999998,0.00022
Cu08,27.75,0.00033266666666666666
Cu08,27.81,0.000475
Cu08,27.869999999999997,0.0007226666666666667
Cu08,27.93,0.001009
Cu08,27.99,0.0014486666666666667
Cu08,28.049999999999997,0.001994333333333333
Cu08,28.11,0.0027916666666666667
Cu08,28.17,0.0037203333333333333
Cu08,28.229999999999997,0.004948333333333333
Cu08,28.29,0.006438666666666666
Cu08,28.35,0.008326333333333333
Cu08,28.409999999999997,0.010369
Cu08,28.47,0.012999
Cu08,28.53,0.015810666666666667
Cu08,28.589999999999996,0.019092
Cu08,28.65,0.02260766666666667
Cu08,28.71,0.026203
Cu08,28.769999999999996,0.030114
Cu08,28.83,0.03400633333333333
Cu08,28.89,0.03788433333333333
Cu08,28.95,0.04126
Cu08,29.009999999999998,0.04432033333333334
Cu08,29.07,0.04698533333333333
Cu08,29.13,0.048959333333333334
Cu08,29.189999999999998,0.05019933333333333
Cu08,29.25,0.050444666666666665
Cu08,29.31,0.05026866666666667
Cu08,29.369999999999997,0.04907966666666667
Cu08,29.43,0.04731833333333333
Cu08,29.49,0.044559666666666664
Cu08,29.549999999999997,0.04149666666666667
Cu08,29.61,0.038151
Cu08,29.67,0.034376
Cu08,29.729999999999997,0.030633
Cu08,29.79,0.026445
Cu08,29.85,0.022878666666666665
Cu08,29.909999999999997,0.019119666666666667
Cu08,29.97,0.015977
Cu08,30.03,0.012916333333333333
Cu08,30.089999999999996,0.010371333333333333
Cu08,30.15,0.008240666666666667
Cu08,30.21,0.006359666666666666
Cu08,30.269999999999996,0.0049
Cu08,30.33,0.0036853333333333334
Cu08,30.39,0.0027353333333333335
Cu08,30.45,0.002023
Cu08,30.509999999999998,0.0014043333333333334
Cu08,30.57,0.0010063333333333333
Cu08,30.63,0.000691
Cu08,30.689999999999998,0.000468
Cu08,30.75,0.0003116666666666667
Cu08,30.81,0.00019766666666666666
Cu08,30.869999999999997,0.00012233333333333334
Cu08,30.93,8.933333333333333e-05
Cu08,30.99,5.133333333333333e-05
Cu08,31.049999999999997,3e-05
Cu08,31.11,1.8666666666666665e-05
Cu08,31.17,1.1666666666666666e-05
Cu08,31.229999999999997,4e-06
Cu08,31.29,3.3333333333333333e-06
Cu08,31.35,1e-06
Cu08,31.409999999999997,1e-06
Al_degrader_E2_E1,24.63,1.4285714285714285e-07
Al_degrader_E2_E1,24.689999999999998,0.0
Al_degrader_E2_E1,24.75,1.4285714285714285e-07
Al_degrader_E2_E1,24.81,0.0
Al_degrader_E2_E1,24.869999999999997,2.857142857142857e-07
Al_degrader_E2_E1,24.93,1.4285714285714285e-07
Al_degrader_E2_E1,24.990000000000002,1.1428571428571428e-06
Al_degrader_E2_E1,25.049999999999997,2.1428571428571427e-06
Al_degrader_E2_E1,25.11,3.2857142857142857e-06
Al_degrader_E2_E1,25.17,2.4285714285714284e-06
Al_degrader_E2_E1,25.229999999999997,7.571428571428571e-06
Al_degrader_E2_E1,25.29,1.1714285714285715e-05
Al_degrader_E2_E1,25.35,1.7e-05
Al_degrader_E2_E1,25.409999999999997,2.842857142857143e-05
Al_degrader_E2_E1,25.47,4.385714285714286e-05
Al_degrader_E2_E1,25.53,5.757142857142857e-05
Al_degrader_E2_E1,25.589999999999996,9.157142857142857e-05
Al_degrader_E2_E1,25.65,0.00012514285714285714
Al_degrader_E2_E1,25.71,0.00018342857142857142
Al_degrader_E2_E1,25.77,0.00025314285714285716
Al_degrader_E2_E1,25.83,0.00035714285714285714
Al_degrader_E2_E1,25.89,0.000471
Al_degrader_E2_E1,25.95,0.0006591428571428572
Al_degrader_E2_E1,26.009999999999998,0.0008631428571428571
Al_degrader_E2_E1,26.07,0.0011238571428571428
Al_degrader_E2_E1,26.13,0.0014464285714285714
Al_degrader_E2_E1,26.189999999999998,0.0018572857142857143
Al_degrader_E2_E1,26.25,0.002315142857142857
Al_degrader_E2_E1,26.31,0.002850857142857143
Al_degrader_E2_E1,26.369999999999997,0.003535
Al_degrader_E2_E1,26.43,0.004237428571428572
Al_degrader_E2_E1,26.49,0.0050981428571428575
Al_degrader_E2_E1,26.549999999999997,0.006015571428571428
Al_degrader_E2_E1,26.61,0.006977857142857143
Al_degrader_E2_E1,26.67,0.008054142857142857
Al_degrader_E2_E1,26.729999999999997,0.009227857142857144
Al_degrader_E2_E1,26.79,0.010337142857142857
Al_degrader_E2_E1,26.85,0.011612428571428572
Al_degrader_E2_E1,26.909999999999997,0.012821714285714285
Al_degrader_E2_E1,26.97,0.013975
Al_degrader_E2_E1,27.03,0.015193428571428571
Al_degrader_E2_E1,27.089999999999996,0.016389428571428572
Al_degrader_E2_E1,27.15,0.01742442857142857
Al_degrader_E2_E1,27.21,0.01838
Al_degrader_E2_E1,27.27,0.019404571428571427
Al_degrader_E2_E1,27.33,0.020195571428571427
Al_degrader_E2_E1,27.39,0.021038
Al_degrader_E2_E1,27.45,0.021680714285714286
Al_degrader_E2_E1,27.509999999999998,0.022252857142857144
Al_degrader_E2_E1,27.57,0.022697571428571428
Al_degrader_E2_E1,27.63,0.023217
Al_degrader_E2_E1,27.689999999999998,0.023540714285714286
Al_degrader_E2_E1,27.75,0.023865
Al_degrader_E2_E1,27.81,0.024072
Al_degrader_E2_E1,27.869999999999997,0.024285571428571427
Al_degrader_E2_E1,27.93,0.02429857142857143
Al_degrader_E2_E1,27.99,0.024587857142857144
Al_degrader_E2_E1,28.049999999999997,0.024608714285714286
Al_degrader_E2_E1,28.11,0.024742714285714285
Al_degrader_E2_E1,28.17,0.024618428571428572
Al_degrader_E2_E1,28.229999999999997,0.024720142857142857
Al_degrader_E2_E1,28.29,0.02459342857142857
Al_degrader_E2_E1,28.35,0.024630285714285716
Al_degrader_E2_E1,28.409999999999997,0.024486142857142856
Al_degrader_E2_E1,28.47,0.02424257142857143
Al_degrader_E2_E1,28.53,0.023999714285714287
Al_degrader_E2_E1,28.589999999999996,0.023662
Al_degrader_E2_E1,28.65,0.023248
Al_degrader_E2_E1,28.71,0.022770714285714286
Al_degrader_E2_E1,28.769999999999996,0.022181714285714287
Al_degrader_E2_E1,28.83,0.021458571428571428
Al_degrader_E2_E1,28.89,0.020611142857142856
Al_degrader_E2_E1,28.95,0.019538285714285713
Al_degrader_E2_E1,29.009999999999998,0.018622142857142858
Al_degrader_E2_E1,29.07,0.017481714285714284
Al_degrader_E2_E1,29.13,0.016272714285714286
Al_degrader_E2_E1,29.189999999999998,0.014895285714285715
Al_degrader_E2_E1,29.25,0.013592285714285715
Al_degrader_E2_E1,29.31,0.012207428571428572
Al_degrader_E2_E1,29.369999999999997,0.010945857142857143
Al_degrader_E2_E1,29.43,0.009637714285714286
Al_degrader_E2_E1,29.49,0.008311857142857143
Al_degrader_E2_E1,29.549999999999997,0.0071548571428571425
Al_degrader_E2_E1,29.61,0.006035428571428572
Al_degrader_E2_E1,29.67,0.0050568571428571425
Al_degrader_E2_E1,29.729999999999997,0.004165857142857143
Al_degrader_E2_E1,29.79,0.0033634285714285715
Al_degrader_E2_E1,29.85,0.002681285714285714
Al_degrader_E2_E1,29.909999999999997,0.0021024285714285715
Al_degrader_E2_E1,29.97,0.001628142857142857
Al_degrader_E2_E1,30.03,0.001243
Al_degrader_E2_E1,30.089999999999996,0.0009477142857142857
Al_degrader_E2_E1,30.15,0.000701
Al_degrader_E2_E1,30.21,0.0005
Al_degrader_E2_E1,30.269999999999996,0.00036528571428571426
Al_degrader_E2_E1,30.33,0.0002637142857142857
Al_degrader_E2_E1,30.39,0.00018014285714285715
Al_degrader_E2_E1,30.45,0.00012485714285714286
Al_degrader_E2_E1,30.509999999999998,7.657142857142857e-05
Al_degrader_E2_E1,30.57,5.042857142857143e-05
Al_degrader_E2_E1,30.63,3.514285714285714e-05
Al_degrader_E2_E1,30.689999999999998,2.242857142857143e-05
Al_degrader_E2_E1,30.75,1.2857142857142857e-05
Al_degrader_E2_E1,30.81,9e-06
Al_degrader_E2_E1,30.869999999999997,5.285714285714286e-06
Al_degrader_E2_E1,30.93,3e-06
Al_degrader_E2_E1,30.99,1.1428571428571428e-06
Al_degrader_E2_E1,31.049999999999997,1.2857142857142858e-06
Al_degrader_E2_E1,31.11,2.857142857142857e-07
Al_degrader_E2_E1,31.17,2.857142857142857e-07
Ni09,24.27,3.3333333333333335e-07
Ni09,24.33,0.0
Ni09,24.39,0.0
Ni09,24.45,6.666666666666667e-07
Ni09,24.509999999999998,3.3333333333333335e-07
Ni09,24.57,3.3333333333333335e-07
Ni09,24.63,1.6666666666666667e-06
Ni09,24.689999999999998,4.666666666666666e-06
Ni09,24.75,6.333333333333333e-06
Ni09,24.81,9e-06
Ni09,24.869999999999997,1.5e-05
Ni09,24.93,2.7666666666666667e-05
Ni09,24.990000000000002,3.933333333333333e-05
Ni09,25.049999999999997,6.6e-05
Ni09,25.11,0.00010533333333333334
Ni09,25.17,0.00014033333333333332
Ni09,25.229999999999997,0.00023533333333333333
Ni09,25.29,0.00031233333333333335
Ni09,25.35,0.0004696666666666667
Ni09,25.409999999999997,0.0006723333333333334
Ni09,25.47,0.0009186666666666667
Ni09,25.53,0.001273
Ni09,25.589999999999996,0.0017593333333333332
Ni09,25.65,0.0023406666666666667
Ni09,25.71,0.0031453333333333333
Ni09,25.77,0.004066666666666666
Ni09,25.83,0.005271333333333334
Ni09,25.89,0.0067013333333333334
Ni09,25.95,0.008417333333333334
Ni09,26.009999999999998,0.010335666666666667
Ni09,26.07,0.012596
Ni09,26.13,0.015155333333333333
Ni09,26.189999999999998,0.018026
Ni09,26.25,0.021087
Ni09,26.31,0.024061666666666665
Ni09,26.369999999999997,0.027693333333333334
Ni09,26.43,0.030886666666666666
Ni09,26.49,0.03428166666666667
Ni09,26.549999999999997,0.037383
Ni09,26.61,0.04017333333333333
Ni09,26.67,0.04267933333333333
Ni09,26.729999999999997,0.04463
Ni09,26.79,0.046268333333333335
Ni09,26.85,0.047002
Ni09,26.909999999999997,0.047011
Ni09,26.97,0.046643333333333335
Ni09,27.03,0.045719333333333334
Ni09,27.089999999999996,0.04396933333333333
Ni09,27.15,0.04176766666666667
Ni09,27.21,0.038926666666666665
Ni09,27.27,0.03609433333333333
Ni09,27.33,0.032814333333333334
Ni09,27.39,0.029637
Ni09,27.45,0.025994666666666666
Ni09,27.509999999999998,0.022800666666666667
Ni09,27.57,0.019465
Ni09,27.63,0.016456
Ni09,27.689999999999998,0.013792333333333334
Ni09,27.75,0.011256333333333333
Ni09,27.81,0.009216333333333333
Ni09,27.869999999999997,0.007305
Ni09,27.93,0.005735666666666667
Ni09,27.99,0.004486
Ni09,28.049999999999997,0.00342
Ni09,28.11,0.0026216666666666667
Ni09,28.17,0.0019463333333333333
Ni09,28.229999999999997,0.0014066666666666667
Ni09,28.29,0.001021
Ni09,28.35,0.0007356666666666667
Ni09,28.409999999999997,0.000501
Ni09,28.47,0.00034933333333333333
Ni09,28.53,0.00022366666666666666
Ni09,28.589999999999996,0.000149
Ni09,28.65,0.00010033333333333334
Ni09,28.71,7.2e-05
Ni09,28.769999999999996,4.066666666666667e-05
Ni09,28.83,2.6333333333333334e-05
Ni09,28.89,1.6e-05
Ni09,28.95,1.1333333333333334e-05
Ni09,29.009999999999998,3e-06
Ni09,29.07,3.3333333333333333e-06
Ni09,29.13,1e-06
Ni09,29.189999999999998,3.3333333333333335e-07
Ni09,29.25,6.666666666666667e-07
Sn09,24.21,6.666666666666667e-07
Sn09,24.27,3.3333333333333335e-07
Sn09,24.33,3.3333333333333335e-07
Sn09,24.39,3.3333333333333335e-07
Sn09,24.45,1.3333333333333334e-06
Sn09,24.509999999999998,1e-06
Sn09,24.57,3e-06
Sn09,24.63,9.666666666666667e-06
Sn09,24.689999999999998,1.6666666666666667e-05
Sn09,24.75,1.9e-05
Sn09,24.81,2.966666666666667e-05
Sn09,24.869999999999997,5.4e-05
Sn09,24.93,8.5e-05
Sn09,24.990000000000002,0.000131
Sn09,25.049999999999997,0.00020433333333333333
Sn09,25.11,0.000289
Sn09,25.17,0.000432
Sn09,25.229999999999997,0.0006153333333333333
Sn09,25.29,0.000845
Sn09,25.35,0.0012113333333333334
Sn09,25.409999999999997,0.001644
Sn09,25.47,0.002252
Sn09,25.53,0.003002
Sn09,25.589999999999996,0.004053666666666666
Sn09,25.65,0.005243
Sn09,25.71,0.006684
Sn09,25.77,0.008395333333333333
Sn09,25.83,0.010501
Sn09,25.89,0.012848666666666666
Sn09,25.95,0.015412333333333333
Sn09,26.009999999999998,0.018446
Sn09,26.07,0.021582666666666667
Sn09,26.13,0.025131
Sn09,26.189999999999998,0.028663333333333332
Sn09,26.25,0.03217066666666667
Sn09,26.31,0.03546833333333333
Sn09,26.369999999999997,0.038829
Sn09,26.43,0.04162233333333333
Sn09,26.49,0.04426666666666667
Sn09,26.549999999999997,0.04619966666666667
Sn09,26.61,0.047633
Sn09,26.67,0.04834833333333333
Sn09,26.729999999999997,0.048177
Sn09,26.79,0.04781233333333333
Sn09,26.85,0.04589533333333334
Sn09,26.909999999999997,0.043909333333333335
Sn09,26.97,0.041737666666666666
Sn09,27.03,0.038934666666666666
Sn09,27.089999999999996,0.035479
Sn09,27.15,0.031974666666666665
Sn09,27.21,0.028436333333333334
Sn09,27.27,0.024901
Sn09,27.33,0.021476333333333333
Sn09,27.39,0.018130666666666666
Sn09,27.45,0.015064
Sn09,27.509999999999998,0.012508333333333333
Sn09,27.57,0.010058333333333334
Sn09,27.63,0.008001666666666667
Sn09,27.689999999999998,0.006346
Sn09,27.75,0.004949333333333333
Sn09,27.81,0.0038036666666666666
Sn09,27.869999999999997,0.0028466666666666666
Sn09,27.93,0.002123
Sn09,27.99,0.001567
Sn09,28.049999999999997,0.0011203333333333334
Sn09,28.11,0.0008196666666666667
Sn09,28.17,0.000538
Sn09,28.229999999999997,0.0003406666666666667
Sn09,28.29,0.00024066666666666667
Sn09,28.35,0.000176
Sn09,28.409999999999997,0.00010833333333333333
Sn09,28.47,6.566666666666667e-05
Sn09,28.53,4.6e-05
Sn09,28.589999999999996,3.3e-05
Sn09,28.65,1.5e-05
Sn09,28.71,7.666666666666667e-06
Sn09,28.769999999999996,6.666666666666667e-06
Sn09,28.83,2.333333333333333e-06
Sn09,28.89,1e-06
Sn09,28.95,6.666666666666667e-07
Ta09,23.909999999999997,3.3333333333333335e-07
Ta09,23.97,0.0
Ta09,24.03,3.3333333333333335e-07
Ta09,24.089999999999996,3.3333333333333335e-07
Ta09,24.15,3.3333333333333335e-07
Ta09,24.21,1e-06
Ta09,24.27,1.6666666666666667e-06
Ta09,24.33,5.666666666666667e-06
Ta09,24.39,5.666666666666667e-06
Ta09,24.45,1.2333333333333333e-05
Ta09,24.509999999999998,1.633333333333333e-05
Ta09,24.57,3e-05
Ta09,24.63,4.4e-05
Ta09,24.689999999999998,7.733333333333333e-05
Ta09,24.75,0.00010533333333333334
Ta09,24.81,0.000167
Ta09,24.869999999999997,0.0002463333333333333
Ta09,24.93,0.000335
Ta09,24.990000000000002,0.000516
Ta09,25.049999999999997,0.000725
Ta09,25.11,0.0009743333333333333
Ta09,25.17,0.0013723333333333333
Ta09,25.229999999999997,0.0018503333333333334
Ta09,25.29,0.0025053333333333334
Ta09,25.35,0.0032906666666666666
Ta09,25.409999999999997,0.004326666666666667
Ta09,25.47,0.005494
Ta09,25.53,0.007040666666666666
Ta09,25.589999999999996,0.008783333333333334
Ta09,25.65,0.010750666666666667
Ta09,25.71,0.013099666666666667
Ta09,25.77,0.015575333333333333
Ta09,25.83,0.018612
Ta09,25.89,0.021621666666666668
Ta09,25.95,0.024791666666666667
Ta09,26.009999999999998,0.028226333333333332
Ta09,26.07,0.03166066666666666
Ta09,26.13,0.034823
Ta09,26.189999999999998,0.03795933333333333
Ta09,26.25,0.04063166666666667
Ta09,26.31,0.043091333333333336
Ta09,26.369999999999997,0.044921
Ta09,26.43,0.04636766666666667
Ta09,26.49,0.04710966666666667
Ta09,26.549999999999997,0.046975
Ta09,26.61,0.046544
Ta09,26.67,0.04529766666666667
Ta09,26.729999999999997,0.043464666666666665
Ta09,26.79,0.041251333333333334
Ta09,26.85,0.03846
Ta09,26.909999999999997,0.03550266666666667
Ta09,26.97,0.032222
Ta09,27.03,0.028986333333333333
Ta09,27.089999999999996,0.025326
Ta09,27.15,0.022166333333333333
Ta09,27.21,0.018952333333333335
Ta09,27.27,0.015944666666666666
Ta09,27.33,0.013279666666666667
Ta09,27.39,0.010829666666666666
Ta09,27.45,0.008832
Ta09,27.509999999999998,0.006981666666666666
Ta09,27.57,0.005533666666666667
Ta09,27.63,0.004245
Ta09,27.689999999999998,0.003295
Ta09,27.75,0.002471
Ta09,27.81,0.0018546666666666666
Ta09,27.869999999999997,0.0013563333333333333
Ta09,27.93,0.0009536666666666667
Ta09,27.99,0.0006926666666666666
Ta09,28.049999999999997,0.0004713333333333333
Ta09,28.11,0.0003316666666666667
Ta09,28.17,0.000207
Ta09,28.229999999999997,0.000141
Ta09,28.29,0.00010033333333333334
Ta09,28.35,6.6e-05
Ta09,28.409999999999997,3.433333333333333e-05
Ta09,28.47,2.7666666666666667e-05
Ta09,28.53,1.4333333333333334e-05
Ta09,28.589999999999996,1.0333333333333333e-05
Ta09,28.65,3.6666666666666666e-06
Ta09,28.71,3.3333333333333333e-06
Ta09,28.769999999999996,1e-06
Ta09,28.83,6.666666666666667e-07
Cu09,23.61,3.3333333333333335e-07
Cu09,23.67,0.0
Cu09,23.729999999999997,6.666666666666667e-07
Cu09,23.79,0.0
Cu09,23.85,6.666666666666667e-07
Cu09,23.909999999999997,6.666666666666667e-07
Cu09,23.97,2e-06
Cu09,24.03,5.666666666666667e-06
Cu09,24.089999999999996,7e-06
Cu09,24.15,1.0333333333333333e-05
Cu09,24.21,1.7666666666666668e-05
Cu09,24.27,3.2e-05
Cu09,24.33,4.233333333333333e-05
Cu09,24.39,7.5e-05
Cu09,24.45,0.00010833333333333333
Cu09,24.509999999999998,0.00016
Cu09,24.57,0.00023666666666666665
Cu09,24.63,0.00033233333333333335
Cu09,24.689999999999998,0.000493
Cu09,24.75,0.000707
Cu09,24.81,0.000934
Cu09,24.869999999999997,0.001314
Cu09,24.93,0.001761
Cu09,24.990000000000002,0.002390666666666667
Cu09,25.049999999999997,0.0031513333333333332
Cu09,25.11,0.004091
Cu09,25.17,0.005234
Cu09,25.229999999999997,0.006695666666666667
Cu09,25.29,0.008290333333333334
Cu09,25.35,0.010151
Cu09,25.409999999999997,0.012473333333333333
Cu09,25.47,0.014791666666666667
Cu09,25.53,0.017672
Cu09,25.589999999999996,0.020594666666666667
Cu09,25.65,0.023569333333333334
Cu09,25.71,0.027033
Cu09,25.77,0.03022033333333333
Cu09,25.83,0.033334666666666665
Cu09,25.89,0.03666066666666667
Cu09,25.95,0.03913833333333333
Cu09,26.009999999999998,0.04186033333333333
Cu09,26.07,0.043862
Cu09,26.13,0.04523033333333333
Cu09,26.189999999999998,0.046387333333333336
Cu09,26.25,0.046463
Cu09,26.31,0.04625033333333333
Cu09,26.369999999999997,0.045295
Cu09,26.43,0.04374366666666667
Cu09,26.49,0.041915
Cu09,26.549999999999997,0.03915766666666667
Cu09,26.61,0.036511666666666664
Cu09,26.67,0.03335933333333333
Cu09,26.729999999999997,0.030292333333333334
Cu09,26.79,0.026755666666666667
Cu09,26.85,0.023471666666666665
Cu09,26.909999999999997,0.020366333333333334
Cu09,26.97,0.017261666666666668
Cu09,27.03,0.014634333333333333
Cu09,27.089999999999996,0.01199
Cu09,27.15,0.009781666666666666
Cu09,27.21,0.007958333333333333
Cu09,27.27,0.006289
Cu09,27.33,0.004955666666666666
Cu09,27.39,0.0037903333333333335
Cu09,27.45,0.002975
Cu09,27.509999999999998,0.00218
Cu09,27.57,0.0016433333333333332
Cu09,27.63,0.0011756666666666667
Cu09,27.689999999999998,0.0008683333333333334
Cu09,27.75,0.0005963333333333334
Cu09,27.81,0.000421
Cu09,27.869999999999997,0.0002883333333333333
Cu09,27.93,0.000184
Cu09,27.99,0.00012533333333333334
Cu09,28.049999999999997,8.866666666666666e-05
Cu09,28.11,5.266666666666667e-05
Cu09,28.17,3.366666666666667e-05
Cu09,28.229999999999997,2.2666666666666668e-05
Cu09,28.29,1.3333333333333333e-05
Cu09,28.35,9e-06
Cu09,28.409999999999997,2.333333333333333e-06
Cu09,28.47,3.6666666666666666e-06
Cu09,28.53,6.666666666666667e-07
Cu09,28.589999999999996,6.666666666666667e-07
Al_degrader_E4_E3,21.15,1.1111111111111111e-07
Al_degrader_E4_E3,21.21,0.0
Al_degrader_E4_E3,21.27,1.1111111111111111e-07
Al_degrader_E4_E3,21.33,0.0
Al_degrader_E4_E3,21.39,1.1111111111111111e-07
Al_degrader_E4_E3,21.45,2.2222222222222222e-07
Al_degrader_E4_E3,21.509999999999998,2.2222222222222222e-07
Al_degrader_E4_E3,21.57,1.3333333333333334e-06
Al_degrader_E4_E3,21.63,1.5555555555555556e-06
Al_degrader_E4_E3,21.689999999999998,2.333333333333333e-06
Al_degrader_E4_E3,21.75,1.8888888888888888e-06
Al_degrader_E4_E3,21.81,5.2222222222222226e-06
Al_degrader_E4_E3,21.869999999999997,8.777777777777778e-06
Al_degrader_E4_E3,21.93,1.1222222222222222e-05
Al_degrader_E4_E3,21.990000000000002,1.911111111111111e-05
Al_degrader_E4_E3,22.049999999999997,2.4111111111111113e-05
Al_degrader_E4_E3,22.11,3.6e-05
Al_degrader_E4_E3,22.17,5.466666666666667e-05
Al_degrader_E4_E3,22.229999999999997,7.333333333333333e-05
Al_degrader_E4_E3,22.29,0.00010077777777777777
Al_degrader_E4_E3,22.35,0.00014088888888888888
Al_degrader_E4_E3,22.409999999999997,0.00018655555555555556
Al_degrader_E4_E3,22.47,0.0002561111111111111
Al_degrader_E4_E3,22.53,0.00034333333333333335
Al_degrader_E4_E3,22.589999999999996,0.0004491111111111111
Al_degrader_E4_E3,22.65,0.0005945555555555555
Al_degrader_E4_E3,22.71,0.0007564444444444445
Al_degrader_E4_E3,22.77,0.000968
Al_degrader_E4_E3,22.83,0.0012114444444444445
Al_degrader_E4_E3,22.89,0.0015247777777777777
Al_degrader_E4_E3,22.95,0.0018843333333333333
Al_degrader_E4_E3,23.009999999999998,0.002279888888888889
Al_degrader_E4_E3,23.07,0.002766888888888889
Al_degrader_E4_E3,23.13,0.0033044444444444445
Al_degrader_E4_E3,23.189999999999998,0.003950888888888889
Al_degrader_E4_E3,23.25,0.0046585555555555555
Al_degrader_E4_E3,23.31,0.0053775555555555556
Al_degrader_E4_E3,23.369999999999997,0.006163
Al_degrader_E4_E3,23.43,0.007064444444444444
Al_degrader_E4_E3,23.490000000000002,0.008020888888888888
Al_degrader_E4_E3,23.549999999999997,0.008998111111111111
Al_degrader_E4_E3,23.61,0.009981666666666666
Al_degrader_E4_E3,23.67,0.01094288888888889
Al_degrader_E4_E3,23.729999999999997,0.012042222222222222
Al_degrader_E4_E3,23.79,0.013080888888888888
Al_degrader_E4_E3,23.85,0.01411611111111111
Al_degrader_E4_E3,23.909999999999997,0.015054111111111112
Al_degrader_E4_E3,23.97,0.015970333333333333
Al_degrader_E4_E3,24.03,0.016825
Al_degrader_E4_E3,24.089999999999996,0.017755555555555556
Al_degrader_E4_E3,24.15,0.018579
Al_degrader_E4_E3,24.21,0.019223333333333332
Al_degrader_E4_E3,24.27,0.019847555555555556
Al_degrader_E4_E3,24.33,0.020382555555555557
Al_degrader_E4_E3,24.39,0.02100311111111111
Al_degrader_E4_E3,24.45,0.021400333333333334
Al_degrader_E4_E3,24.509999999999998,0.021857666666666668
Al_degrader_E4_E3,24.57,0.02206277777777778
Al_degrader_E4_E3,24.63,0.022312555555555554
Al_degrader_E4_E3,24.689999999999998,0.022639444444444445
Al_degrader_E4_E3,24.75,0.02285411111111111
Al_degrader_E4_E3,24.81,0.022985
Al_degrader_E4_E3,24.869999999999997,0.023011
Al_degrader_E4_E3,24.93,0.02316966666666667
Al_degrader_E4_E3,24.990000000000002,0.023265666666666667
Al_degrader_E4_E3,25.049999999999997,0.023340555555555555
Al_degrader_E4_E3,25.11,0.023234444444444443
Al_degrader_E4_E3,25.17,0.023156666666666666
Al_degrader_E4_E3,25.229999999999997,0.023214555555555554
Al_degrader_E4_E3,25.29,0.023139666666666666
Al_degrader_E4_E3,25.35,0.022926444444444444
Al_degrader_E4_E3,25.409999999999997,0.022712555555555555
Al_degrader_E4_E3,25.47,0.02236511111111111
Al_degrader_E4_E3,25.53,0.022164777777777776
Al_degrader_E4_E3,25.589999999999996,0.02172111111111111
Al_degrader_E4_E3,25.65,0.021244666666666665
Al_degrader_E4_E3,25.71,0.020569333333333332
Al_degrader_E4_E3,25.77,0.019944333333333335
Al_degrader_E4_E3,25.83,0.019207666666666668
Al_degrader_E4_E3,25.89,0.01845011111111111
Al_degrader_E4_E3,25.95,0.017436555555555556
Al_degrader_E4_E3,26.009999999999998,0.016369333333333333
Al_degrader_E4_E3,26.07,0.015438555555555556
Al_degrader_E4_E3,26.13,0.014289
Al_degrader_E4_E3,26.189999999999998,0.013236777777777778
Al_degrader_E4_E3,26.25,0.011954444444444445
Al_degrader_E4_E3,26.31,0.010760111111111111
Al_degrader_E4_E3,26.369999999999997,0.009684333333333333
Al_degrader_E4_E3,26.43,0.008591666666666666
Al_degrader_E4_E3,26.49,0.007537444444444445
Al_degrader_E4_E3,26.549999999999997,0.006450333333333333
Al_degrader_E4_E3,26.61,0.005574
Al_degrader_E4_E3,26.67,0.004711333333333333
Al_degrader_E4_E3,26.729999999999997,0.003958
Al_degrader_E4_E3,26.79,0.0032433333333333333
Al_degrader_E4_E3,26.85,0.002624333333333333
Al_degrader_E4_E3,26.909999999999997,0.002133
Al_degrader_E4_E3,26.97,0.001704111111111111
Al_degrader_E4_E3,27.03,0.001336111111111111
Al_degrader_E4_E3,27.089999999999996,0.0010166666666666666
Al_degrader_E4_E3,27.15,0.0007991111111111111
Al_degrader_E4_E3,27.21,0.0005954444444444444
Al_degrader_E4_E3,27.27,0.00045955555555555555
Al_degrader_E4_E3,27.33,0.0003268888888888889
Al_degrader_E4_E3,27.39,0.00023166666666666667
Al_degrader_E4_E3,27.45,0.0001722222222222222
Al_degrader_E4_E3,27.509999999999998,0.0001258888888888889
Al_degrader_E4_E3,27.57,8.711111111111112e-05
Al_degrader_E4_E3,27.63,4.933333333333333e-05
Al_degrader_E4_E3,27.689999999999998,3.688888888888889e-05
Al_degrader_E4_E3,27.75,2.711111111111111e-05
Al_degrader_E4_E3,27.81,1.6888888888888888e-05
Al_degrader_E4_E3,27.869999999999997,9.11111111111111e-06
Al_degrader_E4_E3,27.93,7.555555555555555e-06
Al_degrader_E4_E3,27.99,4.777777777777777e-06
Al_degrader_E4_E3,28.049999999999997,2.777777777777778e-06
Al_degrader_E4_E3,28.11,7.777777777777778e-07
Al_degrader_E4_E3,28.17,8.888888888888889e-07
Al_degrader_E4_E3,28.229999999999997,3.3333333333333335e-07
Al_degrader_E4_E3,28.29,1.1111111111111111e-07
Al_degrader_E4_E3,28.35,2.2222222222222222e-07
Ni10,20.729999999999997,3.3333333333333335e-07
Ni10,20.79,0.0
Ni10,20.85,0.0
Ni10,20.909999999999997,6.666666666666667e-07
Ni10,20.97,0.0
Ni10,21.03,6.666666666666667e-07
Ni10,21.089999999999996,3.3333333333333335e-07
Ni10,21.15,1.6666666666666667e-06
Ni10,21.21,5.333333333333334e-06
Ni10,21.27,5.333333333333334e-06
Ni10,21.33,7.666666666666667e-06
Ni10,21.39,1e-05
Ni10,21.45,2.2e-05
Ni10,21.509999999999998,3.1e-05
Ni10,21.57,4.133333333333333e-05
Ni10,21.63,7.266666666666667e-05
Ni10,21.689999999999998,9.966666666666667e-05
Ni10,21.75,0.000137
Ni10,21.81,0.00021166666666666667
Ni10,21.869999999999997,0.000274
Ni10,21.93,0.00038933333333333333
Ni10,21.990000000000002,0.0005436666666666667
Ni10,22.049999999999997,0.00072
Ni10,22.11,0.000962
Ni10,22.17,0.001305
Ni10,22.229999999999997,0.001712
Ni10,22.29,0.0022246666666666665
Ni10,22.35,0.002873
Ni10,22.409999999999997,0.0036506666666666666
Ni10,22.47,0.004553
Ni10,22.53,0.005739
Ni10,22.589999999999996,0.007023
Ni10,22.65,0.008441
Ni10,22.71,0.010250333333333334
Ni10,22.77,0.012166666666666666
Ni10,22.83,0.014222666666666666
Ni10,22.89,0.016683666666666666
Ni10,22.95,0.019159333333333334
Ni10,23.009999999999998,0.021587666666666668
Ni10,23.07,0.024502333333333334
Ni10,23.13,0.027242
Ni10,23.189999999999998,0.029759666666666667
Ni10,23.25,0.032622
Ni10,23.31,0.035005
Ni10,23.369999999999997,0.037117
Ni10,23.43,0.03912633333333333
Ni10,23.490000000000002,0.04059666666666667
Ni10,23.549999999999997,0.041864
Ni10,23.61,0.042531
Ni10,23.67,0.042492
Ni10,23.729999999999997,0.04246266666666667
Ni10,23.79,0.04169066666666667
Ni10,23.85,0.040365
Ni10,23.909999999999997,0.03885
Ni10,23.97,0.036898
Ni10,24.03,0.03448533333333333
Ni10,24.089999999999996,0.03206066666666667
Ni10,24.15,0.029411
Ni10,24.21,0.026759
Ni10,24.27,0.023714
Ni10,24.33,0.02105
Ni10,24.39,0.018442
Ni10,24.45,0.015731333333333333
Ni10,24.509999999999998,0.013616333333333333
Ni10,24.57,0.011328333333333333
Ni10,24.63,0.009412
Ni10,24.689999999999998,0.007752666666666666
Ni10,24.75,0.006302333333333333
Ni10,24.81,0.005058333333333333
Ni10,24.869999999999997,0.004026
Ni10,24.93,0.003142666666666667
Ni10,24.990000000000002,0.0024876666666666667
Ni10,25.049999999999997,0.00188
Ni10,25.11,0.001407
Ni10,25.17,0.0010533333333333334
Ni10,25.229999999999997,0.0007903333333333333
Ni10,25.29,0.0005576666666666667
Ni10,25.35,0.0004023333333333333
Ni10,25.409999999999997,0.000291
Ni10,25.47,0.000191
Ni10,25.53,0.00012866666666666666
Ni10,25.589999999999996,8.966666666666667e-05
Ni10,25.65,7e-05
Ni10,25.71,4e-05
Ni10,25.77,2.3333333333333332e-05
Ni10,25.83,1.7333333333333332e-05
Ni10,25.89,1.3333333333333333e-05
Ni10,25.95,6e-06
Ni10,26.009999999999998,2e-06
Ni10,26.07,3.3333333333333333e-06
Ni10,26.13,1e-06
Ni10,26.189999999999998,6.666666666666667e-07
Sn10,20.61,3.3333333333333335e-07
Sn10,20.67,3.3333333333333335e-07
Sn10,20.729999999999997,3.3333333333333335e-07
Sn10,20.79,3.3333333333333335e-07
Sn10,20.85,3.3333333333333335e-07
Sn10,20.909999999999997,6.666666666666667e-07
Sn10,20.97,6.666666666666667e-07
Sn10,21.03,1.6666666666666667e-06
Sn10,21.089999999999996,5e-06
Sn10,21.15,9.666666666666667e-06
Sn10,21.21,1.7e-05
Sn10,21.27,1.6e-05
Sn10,21.33,2.5333333333333334e-05
Sn10,21.39,4.4e-05
Sn10,21.45,6.866666666666666e-05
Sn10,21.509999999999998,0.00010033333333333334
Sn10,21.57,0.00015
Sn10,21.63,0.00020633333333333333
Sn10,21.689999999999998,0.000292
Sn10,21.75,0.0004166666666666667
Sn10,21.81,0.0005586666666666666
Sn10,21.869999999999997,0.0007506666666666666
Sn10,21.93,0.0010396666666666666
Sn10,21.990000000000002,0.001369
Sn10,22.049999999999997,0.0018103333333333333
Sn10,22.11,0.0023853333333333335
Sn10,22.17,0.003076666666666667
Sn10,22.229999999999997,0.0039763333333333335
Sn10,22.29,0.004984666666666667
Sn10,22.35,0.006219333333333334
Sn10,22.409999999999997,0.007604666666666667
Sn10,22.47,0.009281666666666667
Sn10,22.53,0.011243333333333333
Sn10,22.589999999999996,0.01321
Sn10,22.65,0.015483666666666666
Sn10,22.71,0.01804
Sn10,22.77,0.020794
Sn10,22.83,0.023705
Sn10,22.89,0.026585666666666667
Sn10,22.95,0.029318666666666666
Sn10,23.009999999999998,0.03208766666666667
Sn10,23.07,0.034827666666666666
Sn10,23.13,0.03730666666666667
Sn10,23.189999999999998,0.03923666666666667
Sn10,23.25,0.04111533333333333
Sn10,23.31,0.042499666666666665
Sn10,23.369999999999997,0.04347633333333333
Sn10,23.43,0.043686666666666665
Sn10,23.490000000000002,0.043665666666666665
Sn10,23.549999999999997,0.04292833333333333
Sn10,23.61,0.041447
Sn10,23.67,0.03986666666666667
Sn10,23.729999999999997,0.038017
Sn10,23.79,0.035881333333333335
Sn10,23.85,0.03320666666666667
Sn10,23.909999999999997,0.030249
Sn10,23.97,0.027365666666666667
Sn10,24.03,0.024475
Sn10,24.089999999999996,0.021636333333333334
Sn10,24.15,0.018811666666666668
Sn10,24.21,0.016067666666666668
Sn10,24.27,0.01359
Sn10,24.33,0.011466333333333334
Sn10,24.39,0.009445
Sn10,24.45,0.007703
Sn10,24.509999999999998,0.006205666666666667
Sn10,24.57,0.004997666666666667
Sn10,24.63,0.00396
Sn10,24.689999999999998,0.003063666666666667
Sn10,24.75,0.0023803333333333333
Sn10,24.81,0.0017976666666666666
Sn10,24.869999999999997,0.0013586666666666667
Sn10,24.93,0.0010006666666666666
Sn10,24.990000000000002,0.0007573333333333334
Sn10,25.049999999999997,0.0005186666666666666
Sn10,25.11,0.0003336666666666667
Sn10,25.17,0.00024366666666666666
Sn10,25.229999999999997,0.00018
Sn10,25.29,0.00012833333333333333
Sn10,25.35,7.333333333333333e-05
Sn10,25.409999999999997,5.333333333333333e-05
Sn10,25.47,4.066666666666667e-05
Sn10,25.53,2.5333333333333334e-05
Sn10,25.589999999999996,1.1333333333333334e-05
Sn10,25.65,7.333333333333333e-06
Sn10,25.71,5.666666666666667e-06
Sn10,25.77,3e-06
Sn10,25.83,1.3333333333333334e-06
Sn10,25.89,6.666666666666667e-07
Ta10,20.31,3.3333333333333335e-07
Ta10,20.369999999999997,0.0
Ta10,20.43,0.0
Ta10,20.490000000000002,6.666666666666667e-07
Ta10,20.549999999999997,0.0
Ta10,20.61,1e-06
Ta10,20.67,3.3333333333333335e-07
Ta10,20.729999999999997,1.3333333333333334e-06
Ta10,20.79,4.666666666666666e-06
Ta10,20.85,5.666666666666667e-06
Ta10,20.909999999999997,9e-06
Ta10,20.97,9.666666666666667e-06
Ta10,21.03,2.2e-05
Ta10,21.089999999999996,3.266666666666666e-05
Ta10,21.15,4e-05
Ta10,21.21,7.533333333333334e-05
Ta10,21.27,9.433333333333333e-05
Ta10,21.33,0.00013933333333333332
Ta10,21.39,0.00020466666666666666
Ta10,21.45,0.00028733333333333334
Ta10,21.509999999999998,0.00037933333333333336
Ta10,21.57,0.0005433333333333334
Ta10,21.63,0.0007063333333333333
Ta10,21.689999999999998,0.0009716666666666667
Ta10,21.75,0.001285
Ta10,21.81,0.0016813333333333333
Ta10,21.869999999999997,0.002213
Ta10,21.93,0.0028393333333333335
Ta10,21.990000000000002,0.003604
Ta10,22.049999999999997,0.004542333333333333
Ta10,22.11,0.005624666666666667
Ta10,22.17,0.006947
Ta10,22.229999999999997,0.008392
Ta10,22.29,0.010156
Ta10,22.35,0.012007666666666666
Ta10,22.409999999999997,0.014035333333333334
Ta10,22.47,0.016544666666666666
Ta10,22.53,0.018915
Ta10,22.589999999999996,0.021534333333333332
Ta10,22.65,0.024261
Ta10,22.71,0.027016333333333333
Ta10,22.77,0.029578666666666666
Ta10,22.83,0.032419666666666666
Ta10,22.89,0.034749
Ta10,22.95,0.036991333333333334
Ta10,23.009999999999998,0.038905
Ta10,23.07,0.04049333333333333
Ta10,23.13,0.04172833333333333
Ta10,23.189999999999998,0.042312333333333334
Ta10,23.25,0.04260833333333333
Ta10,23.31,0.04235733333333333
Ta10,23.369999999999997,0.04167066666666667
Ta10,23.43,0.04044966666666667
Ta10,23.490000000000002,0.03902766666666667
Ta10,23.549999999999997,0.03682933333333333
Ta10,23.61,0.034677
Ta10,23.67,0.032281333333333335
Ta10,23.729999999999997,0.029559
Ta10,23.79,0.026979666666666666
Ta10,23.85,0.023972666666666666
Ta10,23.909999999999997,0.021200666666666666
Ta10,23.97,0.018602666666666667
Ta10,24.03,0.016006
Ta10,24.089999999999996,0.013713
Ta10,24.15,0.011525
Ta10,24.21,0.009553333333333334
Ta10,24.27,0.007954
Ta10,24.33,0.006415
Ta10,24.39,0.005166
Ta10,24.45,0.004107666666666667
Ta10,24.509999999999998,0.0032363333333333332
Ta10,24.57,0.0025416666666666665
Ta10,24.63,0.0019543333333333335
Ta10,24.689999999999998,0.0014836666666666668
Ta10,24.75,0.001073
Ta10,24.81,0.0008213333333333333
Ta10,24.869999999999997,0.0005873333333333334
Ta10,24.93,0.000418
Ta10,24.990000000000002,0.00030033333333333333
Ta10,25.049999999999997,0.00019566666666666666
Ta10,25.11,0.00014033333333333332
Ta10,25.17,9.833333333333333e-05
Ta10,25.229999999999997,7.233333333333333e-05
Ta10,25.29,4.433333333333333e-05
Ta10,25.35,2.4333333333333333e-05
Ta10,25.409999999999997,1.8666666666666665e-05
Ta10,25.47,1.2e-05
Ta10,25.53,9e-06
Ta10,25.589999999999996,2.333333333333333e-06
Ta10,25.65,3.3333333333333333e-06
Ta10,25.71,6.666666666666667e-07
Ta10,25.77,6.666666666666667e-07
Ta10,25.83,3.3333333333333335e-07
Cu10,19.95,3.3333333333333335e-07
Cu10,20.009999999999998,0.0
Cu10,20.07,0.0
Cu10,20.13,6.666666666666667e-07
Cu10,20.189999999999998,0.0
Cu10,20.25,3.3333333333333335e-07
Cu10,20.31,1e-06
Cu10,20.369999999999997,1e-06
Cu10,20.43,4e-06
Cu10,20.490000000000002,4.666666666666666e-06
Cu10,20.549999999999997,7.666666666666667e-06
Cu10,20.61,9.666666666666667e-06
Cu10,20.67,1.7333333333333332e-05
Cu10,20.729999999999997,2.9e-05
Cu10,20.79,3.5333333333333336e-05
Cu10,20.85,6.166666666666667e-05
Cu10,20.909999999999997,8.833333333333333e-05
Cu10,20.97,0.00011733333333333333
Cu10,21.03,0.00016966666666666668
Cu10,21.089999999999996,0.000251
Cu10,21.15,0.00031766666666666667
Cu10,21.21,0.00046
Cu10,21.27,0.0006336666666666667
Cu10,21.33,0.0008056666666666667
Cu10,21.39,0.0011083333333333333
Cu10,21.45,0.0014326666666666667
Cu10,21.509999999999998,0.0018903333333333333
Cu10,21.57,0.002441
Cu10,21.63,0.003107
Cu10,21.689999999999998,0.003914333333333333
Cu10,21.75,0.004856666666666666
Cu10,21.81,0.006048
Cu10,21.869999999999997,0.007352333333333333
Cu10,21.93,0.008777333333333333
Cu10,21.990000000000002,0.010606333333333334
Cu10,22.049999999999997,0.012449333333333333
Cu10,22.11,0.014530333333333333
Cu10,22.17,0.01699466666666667
Cu10,22.229999999999997,0.019299
Cu10,22.29,0.021805333333333333
Cu10,22.35,0.024538666666666667
Cu10,22.409999999999997,0.027170666666666666
Cu10,22.47,0.029703
Cu10,22.53,0.032252333333333334
Cu10,22.589999999999996,0.034631
Cu10,22.65,0.03671
Cu10,22.71,0.038673
Cu10,22.77,0.039867
Cu10,22.83,0.041294333333333336
Cu10,22.89,0.041801
Cu10,22.95,0.04183666666666667
Cu10,23.009999999999998,0.041704333333333336
Cu10,23.07,0.041004
Cu10,23.13,0.039744666666666664
Cu10,23.189999999999998,0.038296
Cu10,23.25,0.036415333333333334
Cu10,23.31,0.034118666666666665
Cu10,23.369999999999997,0.031850666666666666
Cu10,23.43,0.029221666666666667
Cu10,23.490000000000002,0.026758333333333332
Cu10,23.549999999999997,0.023753666666666666
Cu10,23.61,0.021142666666666667
Cu10,23.67,0.018633666666666666
Cu10,23.729999999999997,0.01599
Cu10,23.79,0.013824
Cu10,23.85,0.011660333333333333
Cu10,23.909999999999997,0.009701333333333333
Cu10,23.97,0.008106333333333333
Cu10,24.03,0.006562333333333333
Cu10,24.089999999999996,0.005305
Cu10,24.15,0.004262333333333333
Cu10,24.21,0.003369333333333333
Cu10,24.27,0.002693
Cu10,24.33,0.002023
Cu10,24.39,0.0015736666666666666
Cu10,24.45,0.0011573333333333333
Cu10,24.509999999999998,0.0008673333333333333
Cu10,24.57,0.0006526666666666666
Cu10,24.63,0.00046133333333333334
Cu10,24.689999999999998,0.000333
Cu10,24.75,0.00021766666666666665
Cu10,24.81,0.00016366666666666667
Cu10,24.869999999999997,0.000106
Cu10,24.93,8.133333333333334e-05
Cu10,24.990000000000002,4.8666666666666666e-05
Cu10,25.049999999999997,3.2e-05
Cu10,25.11,2.4666666666666665e-05
Cu10,25.17,1.3666666666666667e-05
Cu10,25.229999999999997,1.0333333333333333e-05
Cu10,25.29,3.6666666666666666e-06
Cu10,25.35,2.666666666666667e-06
Cu10,25.409999999999997,2e-06
Cu10,25.47,3.3333333333333335e-07
Cu10,25.53,6.666666666666667e-07
Al_degrader_E6_E5,17.07,9.090909090909091e-08
Al_degrader_E6_E5,17.13,0.0
Al_degrader_E6_E5,17.189999999999998,0.0
Al_degrader_E6_E5,17.25,0.0
Al_degrader_E6_E5,17.310000000000002,9.090909090909091e-08
Al_degrader_E6_E5,17.369999999999997,0.0
Al_degrader_E6_E5,17.43,2.7272727272727274e-07
Al_degrader_E6_E5,17.490000000000002,0.0
Al_degrader_E6_E5,17.549999999999997,9.090909090909091e-08
Al_degrader_E6_E5,17.61,1e-06
Al_degrader_E6_E5,17.67,1.090909090909091e-06
Al_degrader_E6_E5,17.729999999999997,1.4545454545454546e-06
Al_degrader_E6_E5,17.79,1.7272727272727273e-06
Al_degrader_E6_E5,17.85,1.3636363636363636e-06
Al_degrader_E6_E5,17.909999999999997,4.909090909090909e-06
Al_degrader_E6_E5,17.97,6.545454545454546e-06
Al_degrader_E6_E5,18.03,8.454545454545455e-06
Al_degrader_E6_E5,18.09,1.109090909090909e-05
Al_degrader_E6_E5,18.15,1.6e-05
Al_degrader_E6_E5,18.21,2.427272727272727e-05
Al_degrader_E6_E5,18.27,3.154545454545454e-05
Al_degrader_E6_E5,18.33,4.3909090909090906e-05
Al_degrader_E6_E5,18.39,5.581818181818182e-05
Al_degrader_E6_E5,18.45,7.227272727272727e-05
Al_degrader_E6_E5,18.509999999999998,0.00010436363636363636
Al_degrader_E6_E5,18.57,0.000131
Al_degrader_E6_E5,18.63,0.00017118181818181818
Al_degrader_E6_E5,18.689999999999998,0.000222
Al_degrader_E6_E5,18.75,0.00028372727272727273
Al_degrader_E6_E5,18.81,0.0003671818181818182
Al_degrader_E6_E5,18.869999999999997,0.0004613636363636364
Al_degrader_E6_E5,18.93,0.0005809090909090909
Al_degrader_E6_E5,18.990000000000002,0.0007137272727272728
Al_degrader_E6_E5,19.049999999999997,0.0008823636363636363
Al_degrader_E6_E5,19.11,0.0010764545454545454
Al_degrader_E6_E5,19.17,0.001324909090909091
Al_degrader_E6_E5,19.229999999999997,0.0015867272727272726
Al_degrader_E6_E5,19.29,0.001873
Al_degrader_E6_E5,19.35,0.0022294545454545453
Al_degrader_E6_E5,19.409999999999997,0.0026282727272727274
Al_degrader_E6_E5,19.47,0.0030858181818181818
Al_degrader_E6_E5,19.53,0.0035722727272727273
Al_degrader_E6_E5,19.59,0.004096
Al_degrader_E6_E5,19.65,0.004687090909090909
Al_degrader_E6_E5,19.71,0.0053058181818181815
Al_degrader_E6_E5,19.77,0.006009909090909091
Al_degrader_E6_E5,19.83,0.006724636363636364
Al_degrader_E6_E5,19.89,0.007448909090909091
Al_degrader_E6_E5,19.95,0.008193636363636363
Al_degrader_E6_E5,20.009999999999998,0.009038272727272728
Al_degrader_E6_E5,20.07,0.009840909090909091
Al_degrader_E6_E5,20.13,0.010636272727272727
Al_degrader_E6_E5,20.189999999999998,0.011497
Al_degrader_E6_E5,20.25,0.01226190909090909
Al_degrader_E6_E5,20.31,0.013099
Al_degrader_E6_E5,20.369999999999997,0.013878181818181819
Al_degrader_E6_E5,20.43,0.01458809090909091
Al_degrader_E6_E5,20.490000000000002,0.015239090909090909
Al_degrader_E6_E5,20.549999999999997,0.01603381818181818
Al_degrader_E6_E5,20.61,0.016657818181818183
Al_degrader_E6_E5,20.67,0.01720990909090909
Al_degrader_E6_E5,20.729999999999997,0.017698363636363637
Al_degrader_E6_E5,20.79,0.018216
Al_degrader_E6_E5,20.85,0.01870772727272727
Al_degrader_E6_E5,20.909999999999997,0.019122272727272727
Al_degrader_E6_E5,20.97,0.019416454545454546
Al_degrader_E6_E5,21.03,0.019741454545454545
Al_degrader_E6_E5,21.089999999999996,0.020044545454545454
Al_degrader_E6_E5,21.15,0.02031881818181818
Al_degrader_E6_E5,21.21,0.020459454545454545
Al_degrader_E6_E5,21.27,0.020569454545454547
Al_degrader_E6_E5,21.33,0.020814272727272726
Al_degrader_E6_E5,21.39,0.02093127272727273
Al_degrader_E6_E5,21.45,0.021006636363636363
Al_degrader_E6_E5,21.509999999999998,0.021051363636363635
Al_degrader_E6_E5,21.57,0.02108
Al_degrader_E6_E5,21.63,0.02117090909090909
Al_degrader_E6_E5,21.689999999999998,0.021151727272727273
Al_degrader_E6_E5,21.75,0.021101454545454545
Al_degrader_E6_E5,21.81,0.02101918181818182
Al_degrader_E6_E5,21.869999999999997,0.020957272727272727
Al_degrader_E6_E5,21.93,0.020866636363636365
Al_degrader_E6_E5,21.990000000000002,0.020647363636363637
Al_degrader_E6_E5,22.049999999999997,0.02040818181818182
Al_degrader_E6_E5,22.11,0.02017709090909091
Al_degrader_E6_E5,22.17,0.01988672727272727
Al_degrader_E6_E5,22.229999999999997,0.019459363636363636
Al_degrader_E6_E5,22.29,0.018965363636363638
Al_degrader_E6_E5,22.35,0.018553
Al_degrader_E6_E5,22.409999999999997,0.017953272727272727
Al_degrader_E6_E5,22.47,0.017279636363636365
Al_degrader_E6_E5,22.53,0.016569363636363636
Al_degrader_E6_E5,22.589999999999996,0.015826363636363635
Al_degrader_E6_E5,22.65,0.015035454545454546
Al_degrader_E6_E5,22.71,0.014157454545454546
Al_degrader_E6_E5,22.77,0.013225363636363636
Al_degrader_E6_E5,22.83,0.012316272727272728
Al_degrader_E6_E5,22.89,0.011387909090909091
Al_degrader_E6_E5,22.95,0.010413363636363636
Al_degrader_E6_E5,23.009999999999998,0.009461727272727273
Al_degrader_E6_E5,23.07,0.008515636363636364
Al_degrader_E6_E5,23.13,0.007625181818181818
Al_degrader_E6_E5,23.189999999999998,0.006791
Al_degrader_E6_E5,23.25,0.0059492727272727275
Al_degrader_E6_E5,23.31,0.005147272727272727
Al_degrader_E6_E5,23.369999999999997,0.004434272727272728
Al_degrader_E6_E5,23.43,0.0038005454545454545
Al_degrader_E6_E5,23.490000000000002,0.0032355454545454545
Al_degrader_E6_E5,23.549999999999997,0.002664818181818182
Al_degrader_E6_E5,23.61,0.002217090909090909
Al_degrader_E6_E5,23.67,0.0018176363636363637
Al_degrader_E6_E5,23.729999999999997,0.0014825454545454545
Al_degrader_E6_E5,23.79,0.0011723636363636363
Al_degrader_E6_E5,23.85,0.000939
Al_degrader_E6_E5,23.909999999999997,0.000742090909090909
Al_degrader_E6_E5,23.97,0.000582
Al_degrader_E6_E5,24.03,0.00044472727272727274
Al_degrader_E6_E5,24.089999999999996,0.00033390909090909093
Al_degrader_E6_E5,24.15,0.0002603636363636364
Al_degrader_E6_E5,24.21,0.00018518181818181817
Al_degrader_E6_E5,24.27,0.000138
Al_degrader_E6_E5,24.33,9.936363636363636e-05
Al_degrader_E6_E5,24.39,7.945454545454545e-05
Al_degrader_E6_E5,24.45,4.6636363636363634e-05
Al_degrader_E6_E5,24.509999999999998,3.209090909090909e-05
Al_degrader_E6_E5,24.57,2.318181818181818e-05
Al_degrader_E6_E5,24.63,1.9272727272727272e-05
Al_degrader_E6_E5,24.689999999999998,1.0727272727272727e-05
Al_degrader_E6_E5,24.75,6.272727272727273e-06
Al_degrader_E6_E5,24.81,5e-06
Al_degrader_E6_E5,24.869999999999997,3.818181818181818e-06
Al_degrader_E6_E5,24.93,2.0909090909090907e-06
Al_degrader_E6_E5,24.990000000000002,8.181818181818182e-07
Al_degrader_E6_E5,25.049999999999997,5.454545454545455e-07
Al_degrader_E6_E5,25.11,4.545454545454545e-07
Al_degrader_E6_E5,25.17,9.090909090909091e-08
Al_degrader_E6_E5,25.229999999999997,1.8181818181818183e-07
Ni11,16.65,3.3333333333333335e-07
Ni11,16.71,0.0
Ni11,16.77,0.0
Ni11,16.83,3.3333333333333335e-07
Ni11,16.89,3.3333333333333335e-07
Ni11,16.95,3.3333333333333335e-07
Ni11,17.009999999999998,3.3333333333333335e-07
Ni11,17.07,6.666666666666667e-07
Ni11,17.13,1e-06
Ni11,17.189999999999998,4e-06
Ni11,17.25,4e-06
Ni11,17.310000000000002,6.333333333333333e-06
Ni11,17.369999999999997,7.333333333333333e-06
Ni11,17.43,1.0666666666666667e-05
Ni11,17.490000000000002,1.8333333333333333e-05
Ni11,17.549999999999997,2.5333333333333334e-05
Ni11,17.61,3.4666666666666665e-05
Ni11,17.67,5.3e-05
Ni11,17.729999999999997,6.966666666666666e-05
Ni11,17.79,0.00010166666666666667
Ni11,17.85,0.000122
Ni11,17.909999999999997,0.00019033333333333334
Ni11,17.97,0.00023533333333333333
Ni11,18.03,0.00030033333333333333
Ni11,18.09,0.000419
Ni11,18.15,0.000552
Ni11,18.21,0.0006843333333333333
Ni11,18.27,0.000909
Ni11,18.33,0.0011573333333333333
Ni11,18.39,0.001471
Ni11,18.45,0.0018303333333333333
Ni11,18.509999999999998,0.0023276666666666667
Ni11,18.57,0.002839
Ni11,18.63,0.003500333333333333
Ni11,18.689999999999998,0.004214666666666667
Ni11,18.75,0.0051786666666666665
Ni11,18.81,0.006145333333333333
Ni11,18.869999999999997,0.007229
Ni11,18.93,0.008547666666666667
Ni11,18.990000000000002,0.009958
Ni11,19.049999999999997,0.011508666666666667
Ni11,19.11,0.013173
Ni11,19.17,0.015132666666666668
Ni11,19.229999999999997,0.017017666666666667
Ni11,19.29,0.018834666666666666
Ni11,19.35,0.021193666666666666
Ni11,19.409999999999997,0.023159
Ni11,19.47,0.025256
Ni11,19.53,0.027373666666666668
Ni11,19.59,0.029367
Ni11,19.65,0.031057333333333333
Ni11,19.71,0.03285933333333333
Ni11,19.77,0.034388666666666665
Ni11,19.83,0.035486333333333335
Ni11,19.89,0.036628666666666664
Ni11,19.95,0.03720966666666667
Ni11,20.009999999999998,0.037497
Ni11,20.07,0.037380333333333335
Ni11,20.13,0.03715566666666666
Ni11,20.189999999999998,0.036732
Ni11,20.25,0.035464333333333334
Ni11,20.31,0.034495333333333336
Ni11,20.369999999999997,0.032849
Ni11,20.43,0.031108333333333335
Ni11,20.490000000000002,0.029339333333333332
Ni11,20.549999999999997,0.027216333333333332
Ni11,20.61,0.025203333333333335
Ni11,20.67,0.023083333333333334
Ni11,20.729999999999997,0.020685666666666668
Ni11,20.79,0.018653
Ni11,20.85,0.016573666666666667
Ni11,20.909999999999997,0.014503666666666666
Ni11,20.97,0.012625333333333334
Ni11,21.03,0.010972666666666667
Ni11,21.089999999999996,0.009298666666666667
Ni11,21.15,0.007879666666666667
Ni11,21.21,0.0066033333333333335
Ni11,21.27,0.005481666666666667
Ni11,21.33,0.004513666666666667
Ni11,21.39,0.0036813333333333333
Ni11,21.45,0.002957
Ni11,21.509999999999998,0.0024086666666666666
Ni11,21.57,0.0018723333333333333
Ni11,21.63,0.0015043333333333334
Ni11,21.689999999999998,0.0011323333333333333
Ni11,21.75,0.00087
Ni11,21.81,0.0006826666666666667
Ni11,21.869999999999997,0.00048533333333333333
Ni11,21.93,0.00037033333333333335
Ni11,21.990000000000002,0.000281
Ni11,22.049999999999997,0.000186
Ni11,22.11,0.00014
Ni11,22.17,9.4e-05
Ni11,22.229999999999997,7.466666666666666e-05
Ni11,22.29,5.0333333333333335e-05
Ni11,22.35,3.566666666666667e-05
Ni11,22.409999999999997,2.0333333333333334e-05
Ni11,22.47,1.5e-05
Ni11,22.53,1.3333333333333333e-05
Ni11,22.589999999999996,6.333333333333333e-06
Ni11,22.65,2.666666666666667e-06
Ni11,22.71,3e-06
Ni11,22.77,1.3333333333333334e-06
Ni11,22.83,3.3333333333333335e-07
Ni11,22.89,6.666666666666667e-07
Sn11,16.53,3.3333333333333335e-07
Sn11,16.59,3.3333333333333335e-07
Sn11,16.65,3.3333333333333335e-07
Sn11,16.71,3.3333333333333335e-07
Sn11,16.77,3.3333333333333335e-07
Sn11,16.83,6.666666666666667e-07
Sn11,16.89,6.666666666666667e-07
Sn11,16.95,6.666666666666667e-07
Sn11,17.009999999999998,1.3333333333333334e-06
Sn11,17.07,4.666666666666666e-06
Sn11,17.13,8e-06
Sn11,17.189999999999998,1.3333333333333333e-05
Sn11,17.25,1.4666666666666666e-05
Sn11,17.310000000000002,1.7333333333333332e-05
Sn11,17.369999999999997,2.5333333333333334e-05
Sn11,17.43,3.9666666666666664e-05
Sn11,17.490000000000002,6e-05
Sn11,17.549999999999997,8.2e-05
Sn11,17.61,0.00011233333333333333
Sn11,17.67,0.00015833333333333332
Sn11,17.729999999999997,0.000211
Sn11,17.79,0.0002826666666666667
Sn11,17.85,0.00037033333333333335
Sn11,17.909999999999997,0.0004873333333333333
Sn11,17.97,0.0006253333333333333
Sn11,18.03,0.0008206666666666667
Sn11,18.09,0.00107
Sn11,18.15,0.0013393333333333334
Sn11,18.21,0.00171
Sn11,18.27,0.002154
Sn11,18.33,0.0026993333333333335
Sn11,18.39,0.003376333333333333
Sn11,18.45,0.004110333333333333
Sn11,18.509999999999998,0.005011666666666667
Sn11,18.57,0.005928666666666666
Sn11,18.63,0.007150333333333333
Sn11,18.689999999999998,0.008447333333333333
Sn11,18.75,0.009942333333333333
Sn11,18.81,0.011471
Sn11,18.869999999999997,0.013164333333333333
Sn11,18.93,0.015034
Sn11,18.990000000000002,0.017070333333333333
Sn11,19.049999999999997,0.019302666666666666
Sn11,19.11,0.02154266666666667
Sn11,19.17,0.023582666666666665
Sn11,19.229999999999997,0.025768666666666665
Sn11,19.29,0.027884333333333334
Sn11,19.35,0.030046333333333335
Sn11,19.409999999999997,0.03190966666666667
Sn11,19.47,0.033745
Sn11,19.53,0.03510933333333333
Sn11,19.59,0.036457333333333335
Sn11,19.65,0.037438
Sn11,19.71,0.038113
Sn11,19.77,0.038355
Sn11,19.83,0.038262
Sn11,19.89,0.038034
Sn11,19.95,0.03697866666666667
Sn11,20.009999999999998,0.035852666666666665
Sn11,20.07,0.034581
Sn11,20.13,0.03309666666666667
Sn11,20.189999999999998,0.031397
Sn11,20.25,0.029299
Sn11,20.31,0.027018
Sn11,20.369999999999997,0.024769333333333334
Sn11,20.43,0.02259
Sn11,20.490000000000002,0.020297
Sn11,20.549999999999997,0.018087666666666665
Sn11,20.61,0.015936
Sn11,20.67,0.013811
Sn11,20.729999999999997,0.011926666666666667
Sn11,20.79,0.010245333333333334
Sn11,20.85,0.008676333333333333
Sn11,20.909999999999997,0.007234666666666667
Sn11,20.97,0.006015
Sn11,21.03,0.004972
Sn11,21.089999999999996,0.004064
Sn11,21.15,0.0033123333333333334
Sn11,21.21,0.002624333333333333
Sn11,21.27,0.002082333333333333
Sn11,21.33,0.0016266666666666667
Sn11,21.39,0.001275
Sn11,21.45,0.0009693333333333333
Sn11,21.509999999999998,0.0007573333333333334
Sn11,21.57,0.0005543333333333333
Sn11,21.63,0.00040166666666666665
Sn11,21.689999999999998,0.000268
Sn11,21.75,0.000207
Sn11,21.81,0.00015733333333333333
Sn11,21.869999999999997,0.00011633333333333333
Sn11,21.93,7.233333333333333e-05
Sn11,21.990000000000002,5.0333333333333335e-05
Sn11,22.049999999999997,3.866666666666667e-05
Sn11,22.11,2.6333333333333334e-05
Sn11,22.17,2e-05
Sn11,22.229999999999997,8.666666666666666e-06
Sn11,22.29,6.666666666666667e-06
Sn11,22.35,4.666666666666666e-06
Sn11,22.409999999999997,2e-06
Sn11,22.47,1.6666666666666667e-06
Sn11,22.53,6.666666666666667e-07
Ta11,16.17,3.3333333333333335e-07
Ta11,16.229999999999997,0.0
Ta11,16.29,0.0
Ta11,16.35,6.666666666666667e-07
Ta11,16.409999999999997,0.0
Ta11,16.47,3.3333333333333335e-07
Ta11,16.53,1e-06
Ta11,16.59,0.0
Ta11,16.65,1.3333333333333334e-06
Ta11,16.71,3.6666666666666666e-06
Ta11,16.77,4e-06
Ta11,16.83,6.666666666666667e-06
Ta11,16.89,8.666666666666666e-06
Ta11,16.95,9.333333333333333e-06
Ta11,17.009999999999998,2e-05
Ta11,17.07,2.9e-05
Ta11,17.13,3.2e-05
Ta11,17.189999999999998,5.266666666666667e-05
Ta11,17.25,7.033333333333334e-05
Ta11,17.310000000000002,9.566666666666667e-05
Ta11,17.369999999999997,0.00013233333333333334
Ta11,17.43,0.00017833333333333332
Ta11,17.490000000000002,0.000244
Ta11,17.549999999999997,0.000305
Ta11,17.61,0.000412
Ta11,17.67,0.0005413333333333333
Ta11,17.729999999999997,0.0006863333333333333
Ta11,17.79,0.0008876666666666667
Ta11,17.85,0.0011243333333333333
Ta11,17.909999999999997,0.0014243333333333334
Ta11,17.97,0.0018166666666666667
Ta11,18.03,0.0022633333333333333
Ta11,18.09,0.0027873333333333335
Ta11,18.15,0.0034083333333333335
Ta11,18.21,0.004139333333333333
Ta11,18.27,0.004994333333333333
Ta11,18.33,0.005996
Ta11,18.39,0.007088
Ta11,18.45,0.008274666666666666
Ta11,18.509999999999998,0.009717
Ta11,18.57,0.011151
Ta11,18.63,0.012906333333333334
Ta11,18.689999999999998,0.014743333333333334
Ta11,18.75,0.016516333333333334
Ta11,18.81,0.018567
Ta11,18.869999999999997,0.020518
Ta11,18.93,0.022677333333333334
Ta11,18.990000000000002,0.02478
Ta11,19.049999999999997,0.026827
Ta11,19.11,0.028869
Ta11,19.17,0.030524666666666665
Ta11,19.229999999999997,0.032314333333333334
Ta11,19.29,0.033828
Ta11,19.35,0.03512933333333333
Ta11,19.409999999999997,0.03607133333333333
Ta11,19.47,0.036995
Ta11,19.53,0.037235333333333336
Ta11,19.59,0.03731333333333333
Ta11,19.65,0.037027333333333336
Ta11,19.71,0.03652166666666667
Ta11,19.77,0.035604333333333335
Ta11,19.83,0.034527666666666665
Ta11,19.89,0.033207
Ta11,19.95,0.03129033333333334
Ta11,20.009999999999998,0.029762666666666666
Ta11,20.07,0.027690333333333334
Ta11,20.13,0.025635
Ta11,20.189999999999998,0.023654
Ta11,20.25,0.021308333333333332
Ta11,20.31,0.019069333333333334
Ta11,20.369999999999997,0.017179333333333335
Ta11,20.43,0.015100333333333334
Ta11,20.490000000000002,0.013192333333333334
Ta11,20.549999999999997,0.011366333333333334
Ta11,20.61,0.009750333333333333
Ta11,20.67,0.008266333333333334
Ta11,20.729999999999997,0.007039666666666666
Ta11,20.79,0.005791
Ta11,20.85,0.004802333333333333
Ta11,20.909999999999997,0.003975333333333333
Ta11,20.97,0.003197666666666667
Ta11,21.03,0.002585333333333333
Ta11,21.089999999999996,0.002045
Ta11,21.15,0.001632
Ta11,21.21,0.001303
Ta11,21.27,0.000949
Ta11,21.33,0.000751
Ta11,21.39,0.0005656666666666667
Ta11,21.45,0.00041433333333333334
Ta11,21.509999999999998,0.00032133333333333336
Ta11,21.57,0.000212
Ta11,21.63,0.000159
Ta11,21.689999999999998,0.00011366666666666666
Ta11,21.75,8.533333333333334e-05
Ta11,21.81,6.366666666666666e-05
Ta11,21.869999999999997,3.8e-05
Ta11,21.93,2.3666666666666668e-05
Ta11,21.990000000000002,2.3e-05
Ta11,22.049999999999997,1.3e-05
Ta11,22.11,9.333333333333333e-06
Ta11,22.17,4.333333333333333e-06
Ta11,22.229999999999997,1.6666666666666667e-06
Ta11,22.29,3.3333333333333333e-06
Ta11,22.35,3.3333333333333335e-07
Ta11,22.409999999999997,3.3333333333333335e-07
Ta11,22.47,6.666666666666667e-07
Cu11,15.75,3.3333333333333335e-07
Cu11,15.809999999999999,0.0
Cu11,15.87,0.0
Cu11,15.93,6.666666666666667e-07
Cu11,15.989999999999998,0.0
Cu11,16.049999999999997,3.3333333333333335e-07
Cu11,16.11,3.3333333333333335e-07
Cu11,16.17,6.666666666666667e-07
Cu11,16.229999999999997,1e-06
Cu11,16.29,3.3333333333333333e-06
Cu11,16.35,4.333333333333333e-06
Cu11,16.409999999999997,4.666666666666666e-06
Cu11,16.47,8e-06
Cu11,16.53,9e-06
Cu11,16.59,1.5666666666666667e-05
Cu11,16.65,2.3333333333333332e-05
Cu11,16.71,3.1333333333333334e-05
Cu11,16.77,4.266666666666667e-05
Cu11,16.83,6.533333333333333e-05
Cu11,16.89,8.1e-05
Cu11,16.95,0.000105
Cu11,17.009999999999998,0.00015266666666666667
Cu11,17.07,0.000213
Cu11,17.13,0.00024766666666666665
Cu11,17.189999999999998,0.000354
Cu11,17.25,0.000461
Cu11,17.310000000000002,0.0005826666666666667
Cu11,17.369999999999997,0.0007376666666666666
Cu11,17.43,0.0009583333333333333
Cu11,17.490000000000002,0.0012083333333333334
Cu11,17.549999999999997,0.001512
Cu11,17.61,0.0018936666666666668
Cu11,17.67,0.00237
Cu11,17.729999999999997,0.002877
Cu11,17.79,0.003497333333333333
Cu11,17.85,0.0042176666666666664
Cu11,17.909999999999997,0.005111666666666666
Cu11,17.97,0.006062333333333334
Cu11,18.03,0.0071003333333333335
Cu11,18.09,0.008342666666666667
Cu11,18.15,0.009675333333333333
Cu11,18.21,0.011104333333333334
Cu11,18.27,0.012733
Cu11,18.33,0.014618333333333334
Cu11,18.39,0.016271666666666667
Cu11,18.45,0.018147666666666666
Cu11,18.509999999999998,0.020149333333333335
Cu11,18.57,0.022189666666666667
Cu11,18.63,0.024264666666666667
Cu11,18.689999999999998,0.026100666666666668
Cu11,18.75,0.028084
Cu11,18.81,0.029938333333333334
Cu11,18.869999999999997,0.03142433333333333
Cu11,18.93,0.03301933333333333
Cu11,18.990000000000002,0.03430166666666667
Cu11,19.049999999999997,0.035286333333333336
Cu11,19.11,0.03607766666666667
Cu11,19.17,0.036531
Cu11,19.229999999999997,0.036457
Cu11,19.29,0.036533666666666666
Cu11,19.35,0.036025666666666664
Cu11,19.409999999999997,0.03519566666666667
Cu11,19.47,0.034327333333333335
Cu11,19.53,0.03302666666666667
Cu11,19.59,0.031406333333333335
Cu11,19.65,0.029737
Cu11,19.71,0.027961
Cu11,19.77,0.025959
Cu11,19.83,0.024083333333333335
Cu11,19.89,0.021902666666666668
Cu11,19.95,0.019675666666666668
Cu11,20.009999999999998,0.017805333333333333
Cu11,20.07,0.015779333333333333
Cu11,20.13,0.013826333333333333
Cu11,20.189999999999998,0.012120666666666667
Cu11,20.25,0.010471666666666667
Cu11,20.31,0.008913333333333334
Cu11,20.369999999999997,0.007571666666666667
Cu11,20.43,0.006391
Cu11,20.490000000000002,0.005328333333333333
Cu11,20.549999999999997,0.004407
Cu11,20.61,0.003583666666666667
Cu11,20.67,0.002912
Cu11,20.729999999999997,0.002410666666666667
Cu11,20.79,0.0018426666666666667
Cu11,20.85,0.0015063333333333333
Cu11,20.909999999999997,0.001169
Cu11,20.97,0.0008776666666666667
Cu11,21.03,0.000683
Cu11,21.089999999999996,0.000514
Cu11,21.15,0.00038666666666666667
Cu11,21.21,0.00029233333333333336
Cu11,21.27,0.00019833333333333332
Cu11,21.33,0.00015066666666666668
Cu11,21.39,0.00010466666666666667
Cu11,21.45,7.733333333333333e-05
Cu11,21.509999999999998,6e-05
Cu11,21.57,3.6666666666666666e-05
Cu11,21.63,2.2666666666666668e-05
Cu11,21.689999999999998,2e-05
Cu11,21.75,1.2e-05
Cu11,21.81,9.666666666666667e-06
Cu11,21.869999999999997,3.6666666666666666e-06
Cu11,21.93,1.3333333333333334e-06
Cu11,21.990000000000002,3.3333333333333333e-06
Cu11,22.049999999999997,6.666666666666667e-07
Cu11,22.11,3.3333333333333335e-07
Cu11,22.17,6.666666666666667e-07
Al_degrader_E8_E7,12.149999999999999,6.666666666666667e-08
Al_degrader_E8_E7,12.21,0.0
Al_degrader_E8_E7,12.27,0.0
Al_degrader_E8_E7,12.329999999999998,0.0
Al_degrader_E8_E7,12.39,0.0
Al_degrader_E8_E7,12.45,1.3333333333333334e-07
Al_degrader_E8_E7,12.51,0.0
Al_degrader_E8_E7,12.57,6.666666666666667e-08
Al_degrader_E8_E7,12.629999999999999,6.666666666666667e-08
Al_degrader_E8_E7,12.69,1.3333333333333334e-07
Al_degrader_E8_E7,12.75,6.666666666666667e-08
Al_degrader_E8_E7,12.809999999999999,5.333333333333333e-07
Al_degrader_E8_E7,12.870000000000001,8e-07
Al_degrader_E8_E7,12.93,4.6666666666666666e-07
Al_degrader_E8_E7,12.989999999999998,1.2e-06
Al_degrader_E8_E7,13.05,1.0666666666666667e-06
Al_degrader_E8_E7,13.11,1.1333333333333334e-06
Al_degrader_E8_E7,13.169999999999998,2.9333333333333333e-06
Al_degrader_E8_E7,13.23,3.1333333333333335e-06
Al_degrader_E8_E7,13.29,4.266666666666667e-06
Al_degrader_E8_E7,13.35,5.333333333333334e-06
Al_degrader_E8_E7,13.41,7.4e-06
Al_degrader_E8_E7,13.469999999999999,1.0333333333333333e-05
Al_degrader_E8_E7,13.53,1.2466666666666667e-05
Al_degrader_E8_E7,13.59,1.7666666666666668e-05
Al_degrader_E8_E7,13.649999999999999,2.0266666666666667e-05
Al_degrader_E8_E7,13.71,2.7933333333333332e-05
Al_degrader_E8_E7,13.77,3.5866666666666667e-05
Al_degrader_E8_E7,13.829999999999998,4.3e-05
Al_degrader_E8_E7,13.89,5.5e-05
Al_degrader_E8_E7,13.95,7.206666666666667e-05
Al_degrader_E8_E7,14.009999999999998,9e-05
Al_degrader_E8_E7,14.07,0.00010933333333333334
Al_degrader_E8_E7,14.129999999999999,0.00013586666666666667
Al_degrader_E8_E7,14.19,0.00016766666666666666
Al_degrader_E8_E7,14.25,0.0002082
Al_degrader_E8_E7,14.309999999999999,0.0002554
Al_degrader_E8_E7,14.37,0.0003089333333333333
Al_degrader_E8_E7,14.43,0.00037473333333333335
Al_degrader_E8_E7,14.489999999999998,0.0004514
Al_degrader_E8_E7,14.55,0.0005392666666666667
Al_degrader_E8_E7,14.61,0.0006384
Al_degrader_E8_E7,14.669999999999998,0.0007554666666666666
Al_degrader_E8_E7,14.73,0.0009033333333333334
Al_degrader_E8_E7,14.79,0.0010557333333333333
Al_degrader_E8_E7,14.85,0.0012300666666666667
Al_degrader_E8_E7,14.91,0.0014133333333333333
Al_degrader_E8_E7,14.969999999999999,0.001656
Al_degrader_E8_E7,15.03,0.0018967333333333334
Al_degrader_E8_E7,15.09,0.0021650666666666665
Al_degrader_E8_E7,15.149999999999999,0.002461333333333333
Al_degrader_E8_E7,15.21,0.002814866666666667
Al_degrader_E8_E7,15.27,0.0031645333333333333
Al_degrader_E8_E7,15.329999999999998,0.00355
Al_degrader_E8_E7,15.39,0.003933
Al_degrader_E8_E7,15.45,0.004423333333333333
Al_degrader_E8_E7,15.509999999999998,0.0048682
Al_degrader_E8_E7,15.57,0.0053832
Al_degrader_E8_E7,15.629999999999999,0.0058494666666666665
Al_degrader_E8_E7,15.69,0.006453133333333333
Al_degrader_E8_E7,15.75,0.006974666666666666
Al_degrader_E8_E7,15.809999999999999,0.007536
Al_degrader_E8_E7,15.87,0.008110266666666666
Al_degrader_E8_E7,15.93,0.008750933333333334
Al_degrader_E8_E7,15.989999999999998,0.009310733333333333
Al_degrader_E8_E7,16.049999999999997,0.009883333333333333
Al_degrader_E8_E7,16.11,0.0104958
Al_degrader_E8_E7,16.17,0.011116733333333333
Al_degrader_E8_E7,16.229999999999997,0.011665533333333334
Al_degrader_E8_E7,16.29,0.012171533333333333
Al_degrader_E8_E7,16.35,0.012766
Al_degrader_E8_E7,16.409999999999997,0.013287866666666667
Al_degrader_E8_E7,16.47,0.013796333333333334
Al_degrader_E8_E7,16.53,0.0142164
Al_degrader_E8_E7,16.59,0.0147296
Al_degrader_E8_E7,16.65,0.015133466666666666
Al_degrader_E8_E7,16.71,0.015500066666666666
Al_degrader_E8_E7,16.77,0.0158524
Al_degrader_E8_E7,16.83,0.0162508
Al_degrader_E8_E7,16.89,0.016534466666666667
Al_degrader_E8_E7,16.95,0.016777266666666665
Al_degrader_E8_E7,17.009999999999998,0.017093933333333332
Al_degrader_E8_E7,17.07,0.0172978
Al_degrader_E8_E7,17.13,0.017517333333333333
Al_degrader_E8_E7,17.189999999999998,0.017674133333333335
Al_degrader_E8_E7,17.25,0.0178748
Al_degrader_E8_E7,17.310000000000002,0.017983866666666667
Al_degrader_E8_E7,17.369999999999997,0.018081133333333332
Al_degrader_E8_E7,17.43,0.018206466666666667
Al_degrader_E8_E7,17.490000000000002,0.018343533333333332
Al_degrader_E8_E7,17.549999999999997,0.018388066666666668
Al_degrader_E8_E7,17.61,0.0184132
Al_degrader_E8_E7,17.67,0.0184968
Al_degrader_E8_E7,17.729999999999997,0.0184962
Al_degrader_E8_E7,17.79,0.0184832
Al_degrader_E8_E7,17.85,0.018448733333333335
Al_degrader_E8_E7,17.909999999999997,0.018465466666666666
Al_degrader_E8_E7,17.97,0.018361733333333335
Al_degrader_E8_E7,18.03,0.0182696
Al_degrader_E8_E7,18.09,0.018169933333333332
Al_degrader_E8_E7,18.15,0.018002
Al_degrader_E8_E7,18.21,0.017796
Al_degrader_E8_E7,18.27,0.0176006
Al_degrader_E8_E7,18.33,0.017358266666666667
Al_degrader_E8_E7,18.39,0.017047066666666666
Al_degrader_E8_E7,18.45,0.016673866666666665
Al_degrader_E8_E7,18.509999999999998,0.016327866666666666
Al_degrader_E8_E7,18.57,0.0158694
Al_degrader_E8_E7,18.63,0.0153684
Al_degrader_E8_E7,18.689999999999998,0.014901933333333334
Al_degrader_E8_E7,18.75,0.0143156
Al_degrader_E8_E7,18.81,0.013713533333333333
Al_degrader_E8_E7,18.869999999999997,0.013113933333333333
Al_degrader_E8_E7,18.93,0.012422533333333333
Al_degrader_E8_E7,18.990000000000002,0.011744
Al_degrader_E8_E7,19.049999999999997,0.011027666666666667
Al_degrader_E8_E7,19.11,0.010322533333333333
Al_degrader_E8_E7,19.17,0.009553933333333334
Al_degrader_E8_E7,19.229999999999997,0.0088322
Al_degrader_E8_E7,19.29,0.0081262
Al_degrader_E8_E7,19.35,0.0073829333333333335
Al_degrader_E8_E7,19.409999999999997,0.006705533333333334
Al_degrader_E8_E7,19.47,0.006076266666666667
Al_degrader_E8_E7,19.53,0.005401133333333333
Al_degrader_E8_E7,19.59,0.004772466666666667
Al_degrader_E8_E7,19.65,0.004236866666666667
Al_degrader_E8_E7,19.71,0.0036886
Al_degrader_E8_E7,19.77,0.0031852666666666667
Al_degrader_E8_E7,19.83,0.0027801333333333333
Al_degrader_E8_E7,19.89,0.0023548
Al_degrader_E8_E7,19.95,0.0019877333333333334
Al_degrader_E8_E7,20.009999999999998,0.0016792
Al_degrader_E8_E7,20.07,0.0014017333333333334
Al_degrader_E8_E7,20.13,0.0011648
Al_degrader_E8_E7,20.189999999999998,0.0009495333333333333
Al_degrader_E8_E7,20.25,0.0007764
Al_degrader_E8_E7,20.31,0.0006278666666666667
Al_degrader_E8_E7,20.369999999999997,0.0005043333333333333
Al_degrader_E8_E7,20.43,0.00039566666666666667
Al_degrader_E8_E7,20.490000000000002,0.0003186
Al_degrader_E8_E7,20.549999999999997,0.0002464
Al_degrader_E8_E7,20.61,0.00018793333333333334
Al_degrader_E8_E7,20.67,0.0001462
Al_degrader_E8_E7,20.729999999999997,0.00011066666666666667
Al_degrader_E8_E7,20.79,8.213333333333333e-05
Al_degrader_E8_E7,20.85,6.193333333333334e-05
Al_degrader_E8_E7,20.909999999999997,4.46e-05
Al_degrader_E8_E7,20.97,3.08e-05
Al_degrader_E8_E7,21.03,2.1933333333333332e-05
Al_degrader_E8_E7,21.089999999999996,1.6466666666666666e-05
Al_degrader_E8_E7,21.15,1.3466666666666666e-05
Al_degrader_E8_E7,21.21,8.133333333333334e-06
Al_degrader_E8_E7,21.27,5.333333333333334e-06
Al_degrader_E8_E7,21.33,4.066666666666667e-06
Al_degrader_E8_E7,21.39,2.8e-06
Al_degrader_E8_E7,21.45,1.8666666666666667e-06
Al_degrader_E8_E7,21.509999999999998,8.666666666666667e-07
Al_degrader_E8_E7,21.57,4e-07
Al_degrader_E8_E7,21.63,6.666666666666667e-07
Al_degrader_E8_E7,21.689999999999998,2e-07
Al_degrader_E8_E7,21.75,6.666666666666667e-08
Al_degrader_E8_E7,21.81,1.3333333333333334e-07
Ni12,11.55,3.3333333333333335e-07
Ni12,11.61,0.0
Ni12,11.669999999999998,0.0
Ni12,11.73,0.0
Ni12,11.79,0.0
Ni12,11.85,6.666666666666667e-07
Ni12,11.91,0.0
Ni12,11.969999999999999,3.3333333333333335e-07
Ni12,12.03,3.3333333333333335e-07
Ni12,12.09,0.0
Ni12,12.149999999999999,1e-06
Ni12,12.21,6.666666666666667e-07
Ni12,12.27,3.3333333333333333e-06
Ni12,12.329999999999998,3.6666666666666666e-06
Ni12,12.39,3e-06
Ni12,12.45,5e-06
Ni12,12.51,6e-06
Ni12,12.57,6e-06
Ni12,12.629999999999999,1.3666666666666667e-05
Ni12,12.69,1.5333333333333334e-05
Ni12,12.75,2.1e-05
Ni12,12.809999999999999,2.6666666666666667e-05
Ni12,12.870000000000001,3.5e-05
Ni12,12.93,5.0333333333333335e-05
Ni12,12.989999999999998,6e-05
Ni12,13.05,8.4e-05
Ni12,13.11,9.066666666666667e-05
Ni12,13.169999999999998,0.00012566666666666667
Ni12,13.23,0.00016766666666666666
Ni12,13.29,0.00019766666666666666
Ni12,13.35,0.000247
Ni12,13.41,0.0003133333333333333
Ni12,13.469999999999999,0.000401
Ni12,13.53,0.0004766666666666667
Ni12,13.59,0.0005806666666666666
Ni12,13.649999999999999,0.0007316666666666667
Ni12,13.71,0.0008823333333333334
Ni12,13.77,0.0010683333333333332
Ni12,13.829999999999998,0.001278
Ni12,13.89,0.001571
Ni12,13.95,0.00187
Ni12,14.009999999999998,0.0022166666666666667
Ni12,14.07,0.002621333333333333
Ni12,14.129999999999999,0.003073666666666667
Ni12,14.19,0.0035716666666666666
Ni12,14.25,0.004234666666666667
Ni12,14.309999999999999,0.004862333333333333
Ni12,14.37,0.005581333333333333
Ni12,14.43,0.006324
Ni12,14.489999999999998,0.007327666666666666
Ni12,14.55,0.00826
Ni12,14.61,0.009275
Ni12,14.669999999999998,0.010394
Ni12,14.73,0.011682333333333333
Ni12,14.79,0.012927
Ni12,14.85,0.014264
Ni12,14.91,0.015475
Ni12,14.969999999999999,0.017141
Ni12,15.03,0.018421
Ni12,15.09,0.019973
Ni12,15.149999999999999,0.021254
Ni12,15.21,0.022838
Ni12,15.27,0.024101666666666667
Ni12,15.329999999999998,0.025440666666666667
Ni12,15.39,0.026603333333333333
Ni12,15.45,0.02779
Ni12,15.509999999999998,0.028754666666666668
Ni12,15.57,0.029487
Ni12,15.629999999999999,0.030366666666666667
Ni12,15.69,0.030805666666666665
Ni12,15.75,0.031196
Ni12,15.809999999999999,0.031086
Ni12,15.87,0.03130466666666667
Ni12,15.93,0.030947666666666665
Ni12,15.989999999999998,0.030750666666666666
Ni12,16.049999999999997,0.029838
Ni12,16.11,0.029382666666666668
Ni12,16.17,0.028144
Ni12,16.229999999999997,0.027243666666666666
Ni12,16.29,0.026007
Ni12,16.35,0.024722666666666667
Ni12,16.409999999999997,0.023222
Ni12,16.47,0.021846666666666667
Ni12,16.53,0.020452
Ni12,16.59,0.018860333333333333
Ni12,16.65,0.017139666666666668
Ni12,16.71,0.015766
Ni12,16.77,0.014286666666666666
Ni12,16.83,0.012803
Ni12,16.89,0.011416666666666667
Ni12,16.95,0.010193
Ni12,17.009999999999998,0.008924333333333333
Ni12,17.07,0.007754666666666667
Ni12,17.13,0.006790333333333333
Ni12,17.189999999999998,0.005837666666666666
Ni12,17.25,0.0049963333333333335
Ni12,17.310000000000002,0.004237
Ni12,17.369999999999997,0.0035963333333333333
Ni12,17.43,0.0030243333333333333
Ni12,17.490000000000002,0.002497333333333333
Ni12,17.549999999999997,0.0021146666666666666
Ni12,17.61,0.001686
Ni12,17.67,0.0014086666666666666
Ni12,17.729999999999997,0.0011343333333333333
Ni12,17.79,0.000881
Ni12,17.85,0.0007183333333333333
Ni12,17.909999999999997,0.000583
Ni12,17.97,0.00043066666666666665
Ni12,18.03,0.000344
Ni12,18.09,0.000267
Ni12,18.15,0.000201
Ni12,18.21,0.000144
Ni12,18.27,0.00011233333333333333
Ni12,18.33,7.866666666666666e-05
Ni12,18.39,6.566666666666667e-05
Ni12,18.45,5.0333333333333335e-05
Ni12,18.509999999999998,3.266666666666666e-05
Ni12,18.57,2.1666666666666667e-05
Ni12,18.63,1.8e-05
Ni12,18.689999999999998,1.0666666666666667e-05
Ni12,18.75,1.1e-05
Ni12,18.81,5.666666666666667e-06
Ni12,18.869999999999997,2.666666666666667e-06
Ni12,18.93,1e-06
Ni12,18.990000000000002,2.666666666666667e-06
Ni12,19.049999999999997,6.666666666666667e-07
Ni12,19.11,3.3333333333333335e-07
Ni12,19.17,6.666666666666667e-07
Sn12,11.43,3.3333333333333335e-07
Sn12,11.489999999999998,3.3333333333333335e-07
Sn12,11.55,3.3333333333333335e-07
Sn12,11.61,0.0
Sn12,11.669999999999998,3.3333333333333335e-07
Sn12,11.73,0.0
Sn12,11.79,3.3333333333333335e-07
Sn12,11.85,6.666666666666667e-07
Sn12,11.91,6.666666666666667e-07
Sn12,11.969999999999999,6.666666666666667e-07
Sn12,12.03,6.666666666666667e-07
Sn12,12.09,2.333333333333333e-06
Sn12,12.149999999999999,5e-06
Sn12,12.21,6.333333333333333e-06
Sn12,12.27,9.666666666666667e-06
Sn12,12.329999999999998,1.1333333333333334e-05
Sn12,12.39,1.1e-05
Sn12,12.45,1.5333333333333334e-05
Sn12,12.51,2e-05
Sn12,12.57,2.6e-05
Sn12,12.629999999999999,4.3666666666666666e-05
Sn12,12.69,4.7e-05
Sn12,12.75,7.066666666666667e-05
Sn12,12.809999999999999,8.433333333333333e-05
Sn12,12.870000000000001,0.00011133333333333333
Sn12,12.93,0.000147
Sn12,12.989999999999998,0.000174
Sn12,13.05,0.000233
Sn12,13.11,0.000278
Sn12,13.169999999999998,0.000332
Sn12,13.23,0.0004406666666666667
Sn12,13.29,0.0005296666666666667
Sn12,13.35,0.000657
Sn12,13.41,0.0008036666666666666
Sn12,13.469999999999999,0.000978
Sn12,13.53,0.0011906666666666667
Sn12,13.59,0.001424
Sn12,13.649999999999999,0.0017446666666666667
Sn12,13.71,0.00207
Sn12,13.77,0.002467
Sn12,13.829999999999998,0.002932
Sn12,13.89,0.003469
Sn12,13.95,0.004016666666666667
Sn12,14.009999999999998,0.004665333333333333
Sn12,14.07,0.005393
Sn12,14.129999999999999,0.006208333333333333
Sn12,14.19,0.007117
Sn12,14.25,0.008129333333333334
Sn12,14.309999999999999,0.009048333333333334
Sn12,14.37,0.010215666666666666
Sn12,14.43,0.011432333333333333
Sn12,14.489999999999998,0.012778
Sn12,14.55,0.014130666666666666
Sn12,14.61,0.015616333333333333
Sn12,14.669999999999998,0.017072666666666667
Sn12,14.73,0.018548333333333333
Sn12,14.79,0.020070666666666667
Sn12,14.85,0.021492333333333332
Sn12,14.91,0.022928666666666667
Sn12,14.969999999999999,0.024479666666666667
Sn12,15.03,0.025705333333333334
Sn12,15.09,0.027070666666666666
Sn12,15.149999999999999,0.028123
Sn12,15.21,0.029087333333333333
Sn12,15.27,0.030057333333333332
Sn12,15.329999999999998,0.030781333333333334
Sn12,15.39,0.03140166666666667
Sn12,15.45,0.03165333333333333
Sn12,15.509999999999998,0.03190166666666667
Sn12,15.57,0.031719333333333335
Sn12,15.629999999999999,0.031576
Sn12,15.69,0.031041666666666665
Sn12,15.75,0.030299
Sn12,15.809999999999999,0.029421666666666665
Sn12,15.87,0.028525333333333333
Sn12,15.93,0.027487
Sn12,15.989999999999998,0.026366
Sn12,16.049999999999997,0.024879666666666668
Sn12,16.11,0.023401
Sn12,16.17,0.021813
Sn12,16.229999999999997,0.020294333333333334
Sn12,16.29,0.018719666666666666
Sn12,16.35,0.017144333333333334
Sn12,16.409999999999997,0.015605333333333334
Sn12,16.47,0.014056333333333334
Sn12,16.53,0.012554333333333334
Sn12,16.59,0.011106
Sn12,16.65,0.009791666666666667
Sn12,16.71,0.008636666666666667
Sn12,16.77,0.007502333333333333
Sn12,16.83,0.006478333333333333
Sn12,16.89,0.005538
Sn12,16.95,0.0047216666666666665
Sn12,17.009999999999998,0.0040156666666666665
Sn12,17.07,0.003356
Sn12,17.13,0.0028426666666666665
Sn12,17.189999999999998,0.0023146666666666667
Sn12,17.25,0.0019326666666666667
Sn12,17.310000000000002,0.0015716666666666667
Sn12,17.369999999999997,0.0012833333333333334
Sn12,17.43,0.0010246666666666666
Sn12,17.490000000000002,0.000817
Sn12,17.549999999999997,0.0006596666666666667
Sn12,17.61,0.0005176666666666667
Sn12,17.67,0.00038666666666666667
Sn12,17.729999999999997,0.000282
Sn12,17.79,0.00020133333333333334
Sn12,17.85,0.000167
Sn12,17.909999999999997,0.00013566666666666667
Sn12,17.97,0.00010266666666666666
Sn12,18.03,6.833333333333333e-05
Sn12,18.09,5e-05
Sn12,18.15,3.633333333333333e-05
Sn12,18.21,3.066666666666667e-05
Sn12,18.27,2.2333333333333332e-05
Sn12,18.33,1.5e-05
Sn12,18.39,8e-06
Sn12,18.45,5.333333333333334e-06
Sn12,18.509999999999998,3.6666666666666666e-06
Sn12,18.57,3.6666666666666666e-06
Sn12,18.63,1.6666666666666667e-06
Sn12,18.689999999999998,1e-06
Sn12,18.75,6.666666666666667e-07
Ta12,10.95,3.3333333333333335e-07
Ta12,11.01,0.0
Ta12,11.07,0.0
Ta12,11.129999999999999,0.0
Ta12,11.19,6.666666666666667e-07
Ta12,11.25,0.0
Ta12,11.309999999999999,0.0
Ta12,11.370000000000001,3.3333333333333335e-07
Ta12,11.43,1e-06
Ta12,11.489999999999998,0.0
Ta12,11.55,3.3333333333333335e-07
Ta12,11.61,1.6666666666666667e-06
Ta12,11.669999999999998,3.6666666666666666e-06
Ta12,11.73,3e-06
Ta12,11.79,3.6666666666666666e-06
Ta12,11.85,6.333333333333333e-06
Ta12,11.91,7.666666666666667e-06
Ta12,11.969999999999999,5.333333333333334e-06
Ta12,12.03,1.4e-05
Ta12,12.09,1.8333333333333333e-05
Ta12,12.149999999999999,2.3e-05
Ta12,12.21,2.6666666666666667e-05
Ta12,12.27,3.6666666666666666e-05
Ta12,12.329999999999998,5.466666666666667e-05
Ta12,12.39,5.8e-05
Ta12,12.45,8.133333333333334e-05
Ta12,12.51,0.00010033333333333334
Ta12,12.57,0.00012933333333333332
Ta12,12.629999999999999,0.00016866666666666666
Ta12,12.69,0.000198
Ta12,12.75,0.000249
Ta12,12.809999999999999,0.0003066666666666667
Ta12,12.870000000000001,0.00039933333333333335
Ta12,12.93,0.000473
Ta12,12.989999999999998,0.0005666666666666667
Ta12,13.05,0.0007123333333333334
Ta12,13.11,0.000861
Ta12,13.169999999999998,0.0010213333333333333
Ta12,13.23,0.001254
Ta12,13.29,0.001501
Ta12,13.35,0.001794
Ta12,13.41,0.0020963333333333333
Ta12,13.469999999999999,0.0025153333333333334
Ta12,13.53,0.0029426666666666668
Ta12,13.59,0.003426666666666667
Ta12,13.649999999999999,0.003984
Ta12,13.71,0.004632333333333333
Ta12,13.77,0.0053423333333333335
Ta12,13.829999999999998,0.005999333333333333
Ta12,13.89,0.0068913333333333335
Ta12,13.95,0.007836666666666667
Ta12,14.009999999999998,0.0088
Ta12,14.07,0.009789666666666667
Ta12,14.129999999999999,0.011075
Ta12,14.19,0.012251333333333333
Ta12,14.25,0.013465666666666667
Ta12,14.309999999999999,0.014796
Ta12,14.37,0.016103333333333334
Ta12,14.43,0.017603
Ta12,14.489999999999998,0.018967333333333333
Ta12,14.55,0.02034
Ta12,14.61,0.02177166666666667
Ta12,14.669999999999998,0.023104
Ta12,14.73,0.024444
Ta12,14.79,0.025525
Ta12,14.85,0.026824333333333332
Ta12,14.91,0.027746333333333335
Ta12,14.969999999999999,0.028775
Ta12,15.03,0.029371333333333333
Ta12,15.09,0.030191333333333334
Ta12,15.149999999999999,0.030500666666666666
Ta12,15.21,0.030753666666666665
Ta12,15.27,0.030810666666666667
Ta12,15.329999999999998,0.030666666666666665
Ta12,15.39,0.030502333333333333
Ta12,15.45,0.029943333333333332
Ta12,15.509999999999998,0.02938
Ta12,15.57,0.028526
Ta12,15.629999999999999,0.027747666666666667
Ta12,15.69,0.026392
Ta12,15.75,0.025292333333333333
Ta12,15.809999999999999,0.02413766666666667
Ta12,15.87,0.022614333333333334
Ta12,15.93,0.021297
Ta12,15.989999999999998,0.019938666666666667
Ta12,16.049999999999997,0.018190666666666667
Ta12,16.11,0.016762666666666665
Ta12,16.17,0.015364
Ta12,16.229999999999997,0.013856
Ta12,16.29,0.012473666666666666
Ta12,16.35,0.011107333333333334
Ta12,16.409999999999997,0.009892666666666666
Ta12,16.47,0.008732
Ta12,16.53,0.007562666666666666
Ta12,16.59,0.0065973333333333335
Ta12,16.65,0.005775
Ta12,16.71,0.00489
Ta12,16.77,0.004155
Ta12,16.83,0.0035926666666666668
Ta12,16.89,0.0029523333333333333
Ta12,16.95,0.0024753333333333333
Ta12,17.009999999999998,0.0021026666666666667
Ta12,17.07,0.0016856666666666667
Ta12,17.13,0.0014133333333333333
Ta12,17.189999999999998,0.0011323333333333333
Ta12,17.25,0.000918
Ta12,17.310000000000002,0.0007196666666666666
Ta12,17.369999999999997,0.0005863333333333333
Ta12,17.43,0.00044166666666666665
Ta12,17.490000000000002,0.00035
Ta12,17.549999999999997,0.00028366666666666666
Ta12,17.61,0.00020066666666666667
Ta12,17.67,0.00014566666666666667
Ta12,17.729999999999997,0.00012
Ta12,17.79,8.233333333333333e-05
Ta12,17.85,7.066666666666667e-05
Ta12,17.909999999999997,5.433333333333333e-05
Ta12,17.97,3.3e-05
Ta12,18.03,2.3e-05
Ta12,18.09,2.4e-05
Ta12,18.15,1.0333333333333333e-05
Ta12,18.21,1.0333333333333333e-05
Ta12,18.27,8.333333333333334e-06
Ta12,18.33,3e-06
Ta12,18.39,1e-06
Ta12,18.45,3.3333333333333333e-06
Ta12,18.509999999999998,6.666666666666667e-07
Ta12,18.57,3.3333333333333335e-07
Ta12,18.63,6.666666666666667e-07
Cu12,10.35,3.3333333333333335e-07
Cu12,10.41,0.0
Cu12,10.469999999999999,0.0
Cu12,10.53,0.0
Cu12,10.59,0.0
Cu12,10.649999999999999,6.666666666666667e-07
Cu12,10.71,0.0
Cu12,10.77,0.0
Cu12,10.829999999999998,3.3333333333333335e-07
Cu12,10.89,3.3333333333333335e-07
Cu12,10.95,6.666666666666667e-07
Cu12,11.01,3.3333333333333335e-07
Cu12,11.07,1.6666666666666667e-06
Cu12,11.129999999999999,3.3333333333333333e-06
Cu12,11.19,3.3333333333333333e-06
Cu12,11.25,3.3333333333333333e-06
Cu12,11.309999999999999,5.333333333333334e-06
Cu12,11.370000000000001,6.666666666666667e-06
Cu12,11.43,6e-06
Cu12,11.489999999999998,1.2333333333333333e-05
Cu12,11.55,1.5333333333333334e-05
Cu12,11.61,1.9333333333333333e-05
Cu12,11.669999999999998,2.4333333333333333e-05
Cu12,11.73,3.0333333333333333e-05
Cu12,11.79,4.4666666666666664e-05
Cu12,11.85,5.333333333333333e-05
Cu12,11.91,6.866666666666666e-05
Cu12,11.969999999999999,8.1e-05
Cu12,12.03,0.000108
Cu12,12.09,0.00013866666666666666
Cu12,12.149999999999999,0.000173
Cu12,12.21,0.00019533333333333333
Cu12,12.27,0.000256
Cu12,12.329999999999998,0.00031833333333333334
Cu12,12.39,0.000392
Cu12,12.45,0.0004696666666666667
Cu12,12.51,0.000566
Cu12,12.57,0.0006883333333333333
Cu12,12.629999999999999,0.000848
Cu12,12.69,0.0009936666666666666
Cu12,12.75,0.001212
Cu12,12.809999999999999,0.0014323333333333334
Cu12,12.870000000000001,0.0017223333333333333
Cu12,12.93,0.002016
Cu12,12.989999999999998,0.002367666666666667
Cu12,13.05,0.002777
Cu12,13.11,0.0032073333333333333
Cu12,13.169999999999998,0.0037196666666666667
Cu12,13.23,0.0043293333333333335
Cu12,13.29,0.004959333333333333
Cu12,13.35,0.005593333333333333
Cu12,13.41,0.0063416666666666665
Cu12,13.469999999999999,0.007285666666666667
Cu12,13.53,0.008151333333333333
Cu12,13.59,0.009041
Cu12,13.649999999999999,0.010149333333333333
Cu12,13.71,0.011342333333333333
Cu12,13.77,0.012463333333333333
Cu12,13.829999999999998,0.013671666666666667
Cu12,13.89,0.014834333333333333
Cu12,13.95,0.016195333333333332
Cu12,14.009999999999998,0.017585
Cu12,14.07,0.018917333333333335
Cu12,14.129999999999999,0.020136
Cu12,14.19,0.021498333333333335
Cu12,14.25,0.022856
Cu12,14.309999999999999,0.024091
Cu12,14.37,0.024972666666666667
Cu12,14.43,0.026299333333333334
Cu12,14.489999999999998,0.027193333333333333
Cu12,14.55,0.028078666666666665
Cu12,14.61,0.028693
Cu12,14.669999999999998,0.029422333333333335
Cu12,14.73,0.029663
Cu12,14.79,0.030085666666666667
Cu12,14.85,0.029951333333333333
Cu12,14.91,0.02994
Cu12,14.969999999999999,0.029711666666666667
Cu12,15.03,0.029327666666666665
Cu12,15.09,0.028712333333333333
Cu12,15.149999999999999,0.028051666666666666
Cu12,15.21,0.027109
Cu12,15.27,0.026049
Cu12,15.329999999999998,0.024855
Cu12,15.39,0.02389
Cu12,15.45,0.022466333333333335
Cu12,15.509999999999998,0.021135
Cu12,15.57,0.019896
Cu12,15.629999999999999,0.018397666666666666
Cu12,15.69,0.016838666666666665
Cu12,15.75,0.015454666666666667
Cu12,15.809999999999999,0.014191666666666667
Cu12,15.87,0.012715666666666667
Cu12,15.93,0.011444333333333334
Cu12,15.989999999999998,0.010251666666666666
Cu12,16.049999999999997,0.009135333333333334
Cu12,16.11,0.007967333333333333
Cu12,16.17,0.0069433333333333335
Cu12,16.229999999999997,0.0061003333333333335
Cu12,16.29,0.0052183333333333335
Cu12,16.35,0.004537333333333333
Cu12,16.409999999999997,0.00382
Cu12,16.47,0.0032966666666666665
Cu12,16.53,0.002740666666666667
Cu12,16.59,0.0022873333333333335
Cu12,16.65,0.001957
Cu12,16.71,0.001549
Cu12,16.77,0.001301
Cu12,16.83,0.0010676666666666666
Cu12,16.89,0.0008363333333333334
Cu12,16.95,0.000683
Cu12,17.009999999999998,0.0005486666666666667
Cu12,17.07,0.00042166666666666665
Cu12,17.13,0.00033666666666666665
Cu12,17.189999999999998,0.0002613333333333333
Cu12,17.25,0.00019466666666666666
Cu12,17.310000000000002,0.000139
Cu12,17.369999999999997,0.000116
Cu12,17.43,8.233333333333333e-05
Cu12,17.490000000000002,6.6e-05
Cu12,17.549999999999997,5.133333333333333e-05
Cu12,17.61,3.433333333333333e-05
Cu12,17.67,2.3666666666666668e-05
Cu12,17.729999999999997,2.2e-05
Cu12,17.79,1.1333333333333334e-05
Cu12,17.85,9.333333333333333e-06
Cu12,17.909999999999997,9e-06
Cu12,17.97,3.3333333333333333e-06
Cu12,18.03,1.6666666666666667e-06
Cu12,18.09,3e-06
Cu12,18.15,1e-06
Cu12,18.21,3.3333333333333335e-07
Cu12,18.27,6.666666666666667e-07
Al_degrader_E9,7.89,8.333333333333334e-08
Al_degrader_E9,7.949999999999999,0.0
Al_degrader_E9,8.01,0.0
Al_degrader_E9,8.07,0.0
Al_degrader_E9,8.129999999999999,8.333333333333334e-08
Al_degrader_E9,8.19,0.0
Al_degrader_E9,8.25,8.333333333333334e-08
Al_degrader_E9,8.309999999999999,0.0
Al_degrader_E9,8.370000000000001,8.333333333333334e-08
Al_degrader_E9,8.43,8.333333333333334e-08
Al_degrader_E9,8.489999999999998,1.6666666666666668e-07
Al_degrader_E9,8.55,0.0
Al_degrader_E9,8.61,8.333333333333334e-08
Al_degrader_E9,8.67,1.6666666666666668e-07
Al_degrader_E9,8.73,5e-07
Al_degrader_E9,8.79,5.833333333333333e-07
Al_degrader_E9,8.85,7.5e-07
Al_degrader_E9,8.91,6.666666666666667e-07
Al_degrader_E9,8.969999999999999,1.1666666666666666e-06
Al_degrader_E9,9.030000000000001,1.5833333333333333e-06
Al_degrader_E9,9.09,1.75e-06
Al_degrader_E9,9.149999999999999,1.0833333333333333e-06
Al_degrader_E9,9.21,3e-06
Al_degrader_E9,9.27,3.5833333333333335e-06
Al_degrader_E9,9.329999999999998,4.583333333333333e-06
Al_degrader_E9,9.39,4.75e-06
Al_degrader_E9,9.45,7.333333333333333e-06
Al_degrader_E9,9.51,7.416666666666667e-06
Al_degrader_E9,9.57,1.0833333333333334e-05
Al_degrader_E9,9.629999999999999,1.3666666666666667e-05
Al_degrader_E9,9.69,1.55e-05
Al_degrader_E9,9.75,2.025e-05
Al_degrader_E9,9.809999999999999,2.45e-05
Al_degrader_E9,9.870000000000001,2.975e-05
Al_degrader_E9,9.93,3.658333333333333e-05
Al_degrader_E9,9.989999999999998,4.658333333333333e-05
Al_degrader_E9,10.05,5.2e-05
Al_degrader_E9,10.11,6.2e-05
Al_degrader_E9,10.169999999999998,8.166666666666667e-05
Al_degrader_E9,10.23,9.366666666666666e-05
Al_degrader_E9,10.29,0.00011183333333333333
Al_degrader_E9,10.35,0.00013633333333333333
Al_degrader_E9,10.41,0.00016241666666666667
Al_degrader_E9,10.469999999999999,0.00019366666666666667
Al_degrader_E9,10.53,0.00022441666666666666
Al_degrader_E9,10.59,0.0002715833333333333
Al_degrader_E9,10.649999999999999,0.00031808333333333336
Al_degrader_E9,10.71,0.000374
Al_degrader_E9,10.77,0.00044383333333333335
Al_degrader_E9,10.829999999999998,0.0005206666666666667
Al_degrader_E9,10.89,0.0006058333333333333
Al_degrader_E9,10.95,0.00070275
Al_degrader_E9,11.01,0.0008161666666666666
Al_degrader_E9,11.07,0.0009443333333333334
Al_degrader_E9,11.129999999999999,0.0010773333333333334
Al_degrader_E9,11.19,0.0012479166666666667
Al_degrader_E9,11.25,0.0014360833333333333
Al_degrader_E9,11.309999999999999,0.00162425
Al_degrader_E9,11.370000000000001,0.001853
Al_degrader_E9,11.43,0.00209875
Al_degrader_E9,11.489999999999998,0.0023688333333333335
Al_degrader_E9,11.55,0.0026715
Al_degrader_E9,11.61,0.0029975833333333334
Al_degrader_E9,11.669999999999998,0.0033531666666666666
Al_degrader_E9,11.73,0.0037533333333333333
Al_degrader_E9,11.79,0.004186166666666667
Al_degrader_E9,11.85,0.00461175
Al_degrader_E9,11.91,0.005127583333333333
Al_degrader_E9,11.969999999999999,0.005651166666666666
Al_degrader_E9,12.03,0.0061498333333333335
Al_degrader_E9,12.09,0.006800333333333334
Al_degrader_E9,12.149999999999999,0.007388
Al_degrader_E9,12.21,0.0080055
Al_degrader_E9,12.27,0.008728333333333333
Al_degrader_E9,12.329999999999998,0.009417416666666666
Al_degrader_E9,12.39,0.010122083333333334
Al_degrader_E9,12.45,0.010903
Al_degrader_E9,12.51,0.0116215
Al_degrader_E9,12.57,0.012429333333333334
Al_degrader_E9,12.629999999999999,0.013227583333333333
Al_degrader_E9,12.69,0.013994083333333334
Al_degrader_E9,12.75,0.01480125
Al_degrader_E9,12.809999999999999,0.015618583333333333
Al_degrader_E9,12.870000000000001,0.01636575
Al_degrader_E9,12.93,0.017126583333333334
Al_degrader_E9,12.989999999999998,0.017938333333333334
Al_degrader_E9,13.05,0.018577333333333335
Al_degrader_E9,13.11,0.019231333333333333
Al_degrader_E9,13.169999999999998,0.0200255
Al_degrader_E9,13.23,0.020538666666666667
Al_degrader_E9,13.29,0.021085833333333335
Al_degrader_E9,13.35,0.021706166666666665
Al_degrader_E9,13.41,0.022086166666666667
Al_degrader_E9,13.469999999999999,0.022480333333333335
Al_degrader_E9,13.53,0.022848583333333332
Al_degrader_E9,13.59,0.023126666666666667
Al_degrader_E9,13.649999999999999,0.023284666666666665
Al_degrader_E9,13.71,0.023397583333333333
Al_degrader_E9,13.77,0.023453083333333333
Al_degrader_E9,13.829999999999998,0.023466
Al_degrader_E9,13.89,0.023314083333333332
Al_degrader_E9,13.95,0.023102333333333332
Al_degrader_E9,14.009999999999998,0.02289075
Al_degrader_E9,14.07,0.022531583333333334
Al_degrader_E9,14.129999999999999,0.02208725
Al_degrader_E9,14.19,0.021601
Al_degrader_E9,14.25,0.021099583333333335
Al_degrader_E9,14.309999999999999,0.02047075
Al_degrader_E9,14.37,0.019836583333333335
Al_degrader_E9,14.43,0.019055166666666668
Al_degrader_E9,14.489999999999998,0.018327416666666665
Al_degrader_E9,14.55,0.017532916666666665
Al_degrader_E9,14.61,0.016649583333333332
Al_degrader_E9,14.669999999999998,0.01580675
Al_degrader_E9,14.73,0.014921916666666667
Al_degrader_E9,14.79,0.014038666666666666
Al_degrader_E9,14.85,0.01315775
Al_degrader_E9,14.91,0.012224583333333334
Al_degrader_E9,14.969999999999999,0.011334333333333333
Al_degrader_E9,15.03,0.010503416666666666
Al_degrader_E9,15.09,0.009626916666666667
Al_degrader_E9,15.149999999999999,0.008849833333333333
Al_degrader_E9,15.21,0.008007583333333334
Al_degrader_E9,15.27,0.0072130833333333335
Al_degrader_E9,15.329999999999998,0.0065313333333333334
Al_degrader_E9,15.39,0.0058375833333333335
Al_degrader_E9,15.45,0.0052211666666666665
Al_degrader_E9,15.509999999999998,0.0046043333333333335
Al_degrader_E9,15.57,0.004037833333333333
Al_degrader_E9,15.629999999999999,0.0035626666666666667
Al_degrader_E9,15.69,0.0030980833333333333
Al_degrader_E9,15.75,0.0026840833333333335
Al_degrader_E9,15.809999999999999,0.0023089166666666666
Al_degrader_E9,15.87,0.0019550833333333334
Al_degrader_E9,15.93,0.0016974166666666667
Al_degrader_E9,15.989999999999998,0.0014108333333333334
Al_degrader_E9,16.049999999999997,0.0012075833333333333
Al_degrader_E9,16.11,0.0010105
Al_degrader_E9,16.17,0.0008214166666666667
Al_degrader_E9,16.229999999999997,0.0007053333333333333
Al_degrader_E9,16.29,0.0005595
Al_degrader_E9,16.35,0.00046491666666666665
Al_degrader_E9,16.409999999999997,0.00037341666666666665
Al_degrader_E9,16.47,0.0002993333333333333
Al_degrader_E9,16.53,0.00024675
Al_degrader_E9,16.59,0.00018675
Al_degrader_E9,16.65,0.00015266666666666667
Al_degrader_E9,16.71,0.00011908333333333333
Al_degrader_E9,16.77,8.716666666666667e-05
Al_degrader_E9,16.83,7.375e-05
Al_degrader_E9,16.89,4.7166666666666663e-05
Al_degrader_E9,16.95,4.1916666666666665e-05
Al_degrader_E9,17.009999999999998,2.9e-05
Al_degrader_E9,17.07,2.3333333333333332e-05
Al_degrader_E9,17.13,1.7916666666666667e-05
Al_degrader_E9,17.189999999999998,1.3083333333333334e-05
Al_degrader_E9,17.25,8.916666666666667e-06
Al_degrader_E9,17.310000000000002,5.666666666666667e-06
Al_degrader_E9,17.369999999999997,5.583333333333333e-06
Al_degrader_E9,17.43,3.6666666666666666e-06
Al_degrader_E9,17.490000000000002,2.1666666666666665e-06
Al_degrader_E9,17.549999999999997,1.4166666666666667e-06
Al_degrader_E9,17.61,1e-06
Al_degrader_E9,17.67,3.3333333333333335e-07
Al_degrader_E9,17.729999999999997,6.666666666666667e-07
Al_degrader_E9,17.79,2.5e-07
Al_degrader_E9,17.85,8.333333333333334e-08
Al_degrader_E9,17.909999999999997,1.6666666666666668e-07
Ni13,7.05,2e-07
Ni13,7.109999999999999,0.0
Ni13,7.17,0.0
Ni13,7.2299999999999995,0.0
Ni13,7.289999999999999,2e-07
Ni13,7.35,0.0
Ni13,7.41,2e-07
Ni13,7.47,2e-07
Ni13,7.529999999999999,0.0
Ni13,7.59,0.0
Ni13,7.65,6e-07
Ni13,7.709999999999999,2e-07
Ni13,7.77,0.0
Ni13,7.83,4e-07
Ni13,7.89,4e-07
Ni13,7.949999999999999,6e-07
Ni13,8.01,1.4e-06
Ni13,8.07,1.6e-06
Ni13,8.129999999999999,1.8e-06
Ni13,8.19,2.2e-06
Ni13,8.25,4e-06
Ni13,8.309999999999999,3.4e-06
Ni13,8.370000000000001,4e-06
Ni13,8.43,4.2e-06
Ni13,8.489999999999998,8e-06
Ni13,8.55,8.4e-06
Ni13,8.61,1.08e-05
Ni13,8.67,1.48e-05
Ni13,8.73,1.64e-05
Ni13,8.79,2e-05
Ni13,8.85,2.8e-05
Ni13,8.91,3.26e-05
Ni13,8.969999999999999,3.46e-05
Ni13,9.030000000000001,5.04e-05
Ni13,9.09,5.96e-05
Ni13,9.149999999999999,6.42e-05
Ni13,9.21,8.42e-05
Ni13,9.27,0.0001084
Ni13,9.329999999999998,0.0001188
Ni13,9.39,0.0001462
Ni13,9.45,0.0001786
Ni13,9.51,0.0002076
Ni13,9.57,0.0002458
Ni13,9.629999999999999,0.0003002
Ni13,9.69,0.000342
Ni13,9.75,0.0004036
Ni13,9.809999999999999,0.0004916
Ni13,9.870000000000001,0.00057
Ni13,9.93,0.0006518
Ni13,9.989999999999998,0.0007788
Ni13,10.05,0.000917
Ni13,10.11,0.0010554
Ni13,10.169999999999998,0.0012292
Ni13,10.23,0.0014206
Ni13,10.29,0.0016324
Ni13,10.35,0.001888
Ni13,10.41,0.0021358
Ni13,10.469999999999999,0.0024598
Ni13,10.53,0.0027792
Ni13,10.59,0.0031782
Ni13,10.649999999999999,0.0035708
Ni13,10.71,0.0040512
Ni13,10.77,0.0045256
Ni13,10.829999999999998,0.0050122
Ni13,10.89,0.0056728
Ni13,10.95,0.006262
Ni13,11.01,0.0068754
Ni13,11.07,0.0076744
Ni13,11.129999999999999,0.0084042
Ni13,11.19,0.0092334
Ni13,11.25,0.0101156
Ni13,11.309999999999999,0.0109304
Ni13,11.370000000000001,0.011931
Ni13,11.43,0.0128016
Ni13,11.489999999999998,0.0139206
Ni13,11.55,0.0147984
Ni13,11.61,0.0158434
Ni13,11.669999999999998,0.0169058
Ni13,11.73,0.0178876
Ni13,11.79,0.0189576
Ni13,11.85,0.0198308
Ni13,11.91,0.020793
Ni13,11.969999999999999,0.0217024
Ni13,12.03,0.0225716
Ni13,12.09,0.023399
Ni13,12.149999999999999,0.0241022
Ni13,12.21,0.024699
Ni13,12.27,0.0252606
Ni13,12.329999999999998,0.0257954
Ni13,12.39,0.0259846
Ni13,12.45,0.0263896
Ni13,12.51,0.026302
Ni13,12.57,0.0265526
Ni13,12.629999999999999,0.0262884
Ni13,12.69,0.0261054
Ni13,12.75,0.0257832
Ni13,12.809999999999999,0.0252492
Ni13,12.870000000000001,0.0248748
Ni13,12.93,0.0239894
Ni13,12.989999999999998,0.023437
Ni13,13.05,0.0225202
Ni13,13.11,0.0215928
Ni13,13.169999999999998,0.0207264
Ni13,13.23,0.019663
Ni13,13.29,0.0186494
Ni13,13.35,0.0175624
Ni13,13.41,0.0164102
Ni13,13.469999999999999,0.0153038
Ni13,13.53,0.0141398
Ni13,13.59,0.0130796
Ni13,13.649999999999999,0.0119694
Ni13,13.71,0.0109522
Ni13,13.77,0.0099098
Ni13,13.829999999999998,0.00894
Ni13,13.89,0.0080652
Ni13,13.95,0.007145
Ni13,14.009999999999998,0.006355
Ni13,14.07,0.005643
Ni13,14.129999999999999,0.0049448
Ni13,14.19,0.0043228
Ni13,14.25,0.0037622
Ni13,14.309999999999999,0.0032656
Ni13,14.37,0.0027924
Ni13,14.43,0.0024158
Ni13,14.489999999999998,0.0020322
Ni13,14.55,0.001745
Ni13,14.61,0.0014618
Ni13,14.669999999999998,0.0012198
Ni13,14.73,0.0010266
Ni13,14.79,0.0008324
Ni13,14.85,0.0006968
Ni13,14.91,0.0005504
Ni13,14.969999999999999,0.0004648
Ni13,15.03,0.0003552
Ni13,15.09,0.0003006
Ni13,15.149999999999999,0.0002246
Ni13,15.21,0.0001858
Ni13,15.27,0.0001334
Ni13,15.329999999999998,0.0001088
Ni13,15.39,8.48e-05
Ni13,15.45,6.72e-05
Ni13,15.509999999999998,5.32e-05
Ni13,15.57,3.94e-05
Ni13,15.629999999999999,2.76e-05
Ni13,15.69,2.28e-05
Ni13,15.75,1.54e-05
Ni13,15.809999999999999,1.3e-05
Ni13,15.87,9.6e-06
Ni13,15.93,5.6e-06
Ni13,15.989999999999998,3.8e-06
Ni13,16.049999999999997,3.4e-06
Ni13,16.11,8e-07
Ni13,16.17,2e-06
Ni13,16.229999999999997,6e-07
Ni13,16.29,6e-07
Ni13,16.35,0.0
Ni13,16.409999999999997,4e-07
Sn13,6.869999999999999,3.3333333333333335e-07
Sn13,6.93,3.3333333333333335e-07
Sn13,6.99,0.0
Sn13,7.05,3.3333333333333335e-07
Sn13,7.109999999999999,0.0
Sn13,7.17,0.0
Sn13,7.2299999999999995,3.3333333333333335e-07
Sn13,7.289999999999999,0.0
Sn13,7.35,3.3333333333333335e-07
Sn13,7.41,6.666666666666667e-07
Sn13,7.47,0.0
Sn13,7.529999999999999,6.666666666666667e-07
Sn13,7.59,0.0
Sn13,7.65,6.666666666666667e-07
Sn13,7.709999999999999,6.666666666666667e-07
Sn13,7.77,1e-06
Sn13,7.83,2e-06
Sn13,7.89,3.6666666666666666e-06
Sn13,7.949999999999999,5.666666666666667e-06
Sn13,8.01,6.333333333333333e-06
Sn13,8.07,7.333333333333333e-06
Sn13,8.129999999999999,8e-06
Sn13,8.19,9.666666666666667e-06
Sn13,8.25,7.333333333333333e-06
Sn13,8.309999999999999,1.1666666666666666e-05
Sn13,8.370000000000001,1.4333333333333334e-05
Sn13,8.43,2e-05
Sn13,8.489999999999998,2.6333333333333334e-05
Sn13,8.55,3.1666666666666666e-05
Sn13,8.61,4.0333333333333336e-05
Sn13,8.67,4.6e-05
Sn13,8.73,5.8666666666666665e-05
Sn13,8.79,6.4e-05
Sn13,8.85,9.266666666666666e-05
Sn13,8.91,0.00010433333333333334
Sn13,8.969999999999999,0.000114
Sn13,9.030000000000001,0.00014733333333333333
Sn13,9.09,0.00017866666666666665
Sn13,9.149999999999999,0.00020533333333333333
Sn13,9.21,0.00024366666666666666
Sn13,9.27,0.00028766666666666665
Sn13,9.329999999999998,0.000332
Sn13,9.39,0.000412
Sn13,9.45,0.0004696666666666667
Sn13,9.51,0.0005583333333333333
Sn13,9.57,0.0006533333333333333
Sn13,9.629999999999999,0.000761
Sn13,9.69,0.0008876666666666667
Sn13,9.75,0.0010196666666666668
Sn13,9.809999999999999,0.001209
Sn13,9.870000000000001,0.0013936666666666668
Sn13,9.93,0.001584
Sn13,9.989999999999998,0.0018453333333333334
Sn13,10.05,0.0021453333333333333
Sn13,10.11,0.002425
Sn13,10.169999999999998,0.002786
Sn13,10.23,0.0031276666666666666
Sn13,10.29,0.0035056666666666665
Sn13,10.35,0.003957
Sn13,10.41,0.004430666666666667
Sn13,10.469999999999999,0.005014
Sn13,10.53,0.005572666666666667
Sn13,10.59,0.006199666666666667
Sn13,10.649999999999999,0.006861666666666667
Sn13,10.71,0.0075513333333333335
Sn13,10.77,0.008233
Sn13,10.829999999999998,0.009109666666666667
Sn13,10.89,0.009972666666666666
Sn13,10.95,0.010825
Sn13,11.01,0.011757
Sn13,11.07,0.012770333333333333
Sn13,11.129999999999999,0.013787666666666667
Sn13,11.19,0.014869
Sn13,11.25,0.015760333333333335
Sn13,11.309999999999999,0.016701666666666667
Sn13,11.370000000000001,0.017818666666666667
Sn13,11.43,0.018725333333333333
Sn13,11.489999999999998,0.019812
Sn13,11.55,0.020734
Sn13,11.61,0.02163
Sn13,11.669999999999998,0.022542333333333334
Sn13,11.73,0.02338
Sn13,11.79,0.024003
Sn13,11.85,0.024690666666666666
Sn13,11.91,0.025198666666666668
Sn13,11.969999999999999,0.025740666666666665
Sn13,12.03,0.026114333333333333
Sn13,12.09,0.026353
Sn13,12.149999999999999,0.026506
Sn13,12.21,0.026655666666666668
Sn13,12.27,0.026481666666666667
Sn13,12.329999999999998,0.026157666666666666
Sn13,12.39,0.025698
Sn13,12.45,0.025335333333333335
Sn13,12.51,0.024689666666666665
Sn13,12.57,0.024135
Sn13,12.629999999999999,0.023523
Sn13,12.69,0.022758666666666667
Sn13,12.75,0.021857
Sn13,12.809999999999999,0.020877666666666666
Sn13,12.870000000000001,0.01981
Sn13,12.93,0.018700666666666668
Sn13,12.989999999999998,0.017616666666666666
Sn13,13.05,0.01648
Sn13,13.11,0.015419666666666667
Sn13,13.169999999999998,0.014319333333333333
Sn13,13.23,0.013222666666666667
Sn13,13.29,0.012111333333333333
Sn13,13.35,0.011030666666666666
Sn13,13.41,0.009941
Sn13,13.469999999999999,0.009020666666666666
Sn13,13.53,0.008046333333333334
Sn13,13.59,0.007190333333333333
Sn13,13.649999999999999,0.006404333333333333
Sn13,13.71,0.0056756666666666665
Sn13,13.77,0.004939666666666667
Sn13,13.829999999999998,0.004338333333333333
Sn13,13.89,0.0037613333333333335
Sn13,13.95,0.003298
Sn13,14.009999999999998,0.00282
Sn13,14.07,0.002445
Sn13,14.129999999999999,0.002048
Sn13,14.19,0.0017473333333333334
Sn13,14.25,0.0014626666666666666
Sn13,14.309999999999999,0.0012303333333333333
Sn13,14.37,0.0010253333333333334
Sn13,14.43,0.0008556666666666667
Sn13,14.489999999999998,0.000699
Sn13,14.55,0.000575
Sn13,14.61,0.000477
Sn13,14.669999999999998,0.00036566666666666665
Sn13,14.73,0.000288
Sn13,14.79,0.00020566666666666666
Sn13,14.85,0.000169
Sn13,14.91,0.00013833333333333333
Sn13,14.969999999999999,0.00011766666666666666
Sn13,15.03,9.2e-05
Sn13,15.09,6.6e-05
Sn13,15.149999999999999,4.6666666666666665e-05
Sn13,15.21,3.866666666666667e-05
Sn13,15.27,3.2e-05
Sn13,15.329999999999998,2.6666666666666667e-05
Sn13,15.39,1.8333333333333333e-05
Sn13,15.45,1.0333333333333333e-05
Sn13,15.509999999999998,7.333333333333333e-06
Sn13,15.57,5e-06
Sn13,15.629999999999999,4.666666666666666e-06
Sn13,15.69,3.3333333333333333e-06
Sn13,15.75,1.3333333333333334e-06
Sn13,15.809999999999999,1e-06
Sn13,15.87,1e-06
Sn13,15.93,6.666666666666667e-07
Ta13,6.15,2.5e-07
Ta13,6.21,0.0
Ta13,6.27,0.0
Ta13,6.33,0.0
Ta13,6.39,2.5e-07
Ta13,6.449999999999999,0.0
Ta13,6.51,0.0
Ta13,6.57,2.5e-07
Ta13,6.63,2.5e-07
Ta13,6.6899999999999995,0.0
Ta13,6.75,0.0
Ta13,6.81,5e-07
Ta13,6.869999999999999,2.5e-07
Ta13,6.93,2.5e-07
Ta13,6.99,2.5e-07
Ta13,7.05,5e-07
Ta13,7.109999999999999,2.5e-07
Ta13,7.17,1e-06
Ta13,7.2299999999999995,2e-06
Ta13,7.289999999999999,2e-06
Ta13,7.35,2e-06
Ta13,7.41,3.5e-06
Ta13,7.47,4e-06
Ta13,7.529999999999999,4e-06
Ta13,7.59,4.75e-06
Ta13,7.65,5e-06
Ta13,7.709999999999999,9.25e-06
Ta13,7.77,9e-06
Ta13,7.83,1.225e-05
Ta13,7.89,1.575e-05
Ta13,7.949999999999999,1.875e-05
Ta13,8.01,1.95e-05
Ta13,8.07,2.5e-05
Ta13,8.129999999999999,3.425e-05
Ta13,8.19,4e-05
Ta13,8.25,4.075e-05
Ta13,8.309999999999999,6.175e-05
Ta13,8.370000000000001,6.95e-05
Ta13,8.43,7.95e-05
Ta13,8.489999999999998,9.45e-05
Ta13,8.55,0.00012625
Ta13,8.61,0.0001315
Ta13,8.67,0.00016275
Ta13,8.73,0.00019675
Ta13,8.79,0.00022725
Ta13,8.85,0.000268
Ta13,8.91,0.00031775
Ta13,8.969999999999999,0.000369
Ta13,9.030000000000001,0.000428
Ta13,9.09,0.0005025
Ta13,9.149999999999999,0.00059025
Ta13,9.21,0.00068375
Ta13,9.27,0.00078275
Ta13,9.329999999999998,0.00091775
Ta13,9.39,0.00105925
Ta13,9.45,0.00122925
Ta13,9.51,0.00141125
Ta13,9.57,0.00161225
Ta13,9.629999999999999,0.0018465
Ta13,9.69,0.00209625
Ta13,9.75,0.00238
Ta13,9.809999999999999,0.002697
Ta13,9.870000000000001,0.003021
Ta13,9.93,0.00344125
Ta13,9.989999999999998,0.003842
Ta13,10.05,0.0042975
Ta13,10.11,0.00479775
Ta13,10.169999999999998,0.005285
Ta13,10.23,0.0059045
Ta13,10.29,0.00647625
Ta13,10.35,0.007112
Ta13,10.41,0.00786825
Ta13,10.469999999999999,0.00861125
Ta13,10.53,0.00934125
Ta13,10.59,0.010228
Ta13,10.649999999999999,0.011044
Ta13,10.71,0.01195875
Ta13,10.77,0.012767
Ta13,10.829999999999998,0.01375175
Ta13,10.89,0.01479725
Ta13,10.95,0.01559825
Ta13,11.01,0.01665925
Ta13,11.07,0.01759075
Ta13,11.129999999999999,0.01845825
Ta13,11.19,0.019551
Ta13,11.25,0.02026025
Ta13,11.309999999999999,0.0210695
Ta13,11.370000000000001,0.02192875
Ta13,11.43,0.022743
Ta13,11.489999999999998,0.023342
Ta13,11.55,0.02399075
Ta13,11.61,0.024491
Ta13,11.669999999999998,0.02495725
Ta13,11.73,0.02529175
Ta13,11.79,0.02540675
Ta13,11.85,0.02579975
Ta13,11.91,0.0256645
Ta13,11.969999999999999,0.02552625
Ta13,12.03,0.025427
Ta13,12.09,0.02496525
Ta13,12.149999999999999,0.02483175
Ta13,12.21,0.024245
Ta13,12.27,0.02361525
Ta13,12.329999999999998,0.02304825
Ta13,12.39,0.022116
Ta13,12.45,0.02145825
Ta13,12.51,0.0205215
Ta13,12.57,0.019688
Ta13,12.629999999999999,0.01862825
Ta13,12.69,0.01761425
Ta13,12.75,0.016619
Ta13,12.809999999999999,0.01552
Ta13,12.870000000000001,0.014415
Ta13,12.93,0.01339725
Ta13,12.989999999999998,0.01238775
Ta13,13.05,0.011349
Ta13,13.11,0.0103435
Ta13,13.169999999999998,0.00942225
Ta13,13.23,0.008496
Ta13,13.29,0.007648
Ta13,13.35,0.0067995
Ta13,13.41,0.00607275
Ta13,13.469999999999999,0.0054075
Ta13,13.53,0.00472625
Ta13,13.59,0.00415975
Ta13,13.649999999999999,0.003647
Ta13,13.71,0.00314725
Ta13,13.77,0.00273675
Ta13,13.829999999999998,0.0023455
Ta13,13.89,0.00199
Ta13,13.95,0.00173325
Ta13,14.009999999999998,0.00142375
Ta13,14.07,0.00123075
Ta13,14.129999999999999,0.0010175
Ta13,14.19,0.00084075
Ta13,14.25,0.000698
Ta13,14.309999999999999,0.0005755
Ta13,14.37,0.00047025
Ta13,14.43,0.00036825
Ta13,14.489999999999998,0.000308
Ta13,14.55,0.00023525
Ta13,14.61,0.00019925
Ta13,14.669999999999998,0.0001375
Ta13,14.73,0.000115
Ta13,14.79,9.25e-05
Ta13,14.85,6.9e-05
Ta13,14.91,5.975e-05
Ta13,14.969999999999999,4.375e-05
Ta13,15.03,3.125e-05
Ta13,15.09,2.6e-05
Ta13,15.149999999999999,1.625e-05
Ta13,15.21,1.65e-05
Ta13,15.27,1.125e-05
Ta13,15.329999999999998,6.75e-06
Ta13,15.39,4.75e-06
Ta13,15.45,3.5e-06
Ta13,15.509999999999998,1.75e-06
Ta13,15.57,2.5e-06
Ta13,15.629999999999999,7.5e-07
Ta13,15.69,5e-07
Ta13,15.75,2.5e-07
Ta13,15.809999999999999,5e-07
Cu13,5.25,2e-07
Cu13,5.31,0.0
Cu13,5.369999999999999,0.0
Cu13,5.43,0.0
Cu13,5.49,2e-07
Cu13,5.55,0.0
Cu13,5.609999999999999,0.0
Cu13,5.67,0.0
Cu13,5.73,4e-07
Cu13,5.789999999999999,0.0
Cu13,5.85,0.0
Cu13,5.91,0.0
Cu13,5.97,6e-07
Cu13,6.029999999999999,0.0
Cu13,6.09,2e-07
Cu13,6.15,4e-07
Cu13,6.21,2e-07
Cu13,6.27,4e-07
Cu13,6.33,2e-07
Cu13,6.39,1e-06
Cu13,6.449999999999999,1.4e-06
Cu13,6.51,1.8e-06
Cu13,6.57,1.8e-06
Cu13,6.63,2.2e-06
Cu13,6.6899999999999995,3e-06
Cu13,6.75,3.8e-06
Cu13,6.81,3.6e-06
Cu13,6.869999999999999,4.2e-06
Cu13,6.93,5.2e-06
Cu13,6.99,7.8e-06
Cu13,7.05,8.4e-06
Cu13,7.109999999999999,9.8e-06
Cu13,7.17,1.38e-05
Cu13,7.2299999999999995,1.64e-05
Cu13,7.289999999999999,1.68e-05
Cu13,7.35,2.38e-05
Cu13,7.41,2.58e-05
Cu13,7.47,3.32e-05
Cu13,7.529999999999999,3.68e-05
Cu13,7.59,4.54e-05
Cu13,7.65,5.72e-05
Cu13,7.709999999999999,6.16e-05
Cu13,7.77,7.64e-05
Cu13,7.83,9.68e-05
Cu13,7.89,0.0001054
Cu13,7.949999999999999,0.000127
Cu13,8.01,0.0001472
Cu13,8.07,0.0001742
Cu13,8.129999999999999,0.0002024
Cu13,8.19,0.0002358
Cu13,8.25,0.0002838
Cu13,8.309999999999999,0.0003184
Cu13,8.370000000000001,0.000376
Cu13,8.43,0.0004428
Cu13,8.489999999999998,0.0004994
Cu13,8.55,0.0005764
Cu13,8.61,0.00068
Cu13,8.67,0.0007722
Cu13,8.73,0.0008958
Cu13,8.79,0.001019
Cu13,8.85,0.0011738
Cu13,8.91,0.0013482
Cu13,8.969999999999999,0.0015186
Cu13,9.030000000000001,0.0017386
Cu13,9.09,0.0019566
Cu13,9.149999999999999,0.0022158
Cu13,9.21,0.002491
Cu13,9.27,0.0028028
Cu13,9.329999999999998,0.0031614
Cu13,9.39,0.003491
Cu13,9.45,0.0039378
Cu13,9.51,0.0043538
Cu13,9.57,0.004785
Cu13,9.629999999999999,0.0053608
Cu13,9.69,0.0058454
Cu13,9.75,0.0064174
Cu13,9.809999999999999,0.0070838
Cu13,9.870000000000001,0.0076876
Cu13,9.93,0.0084226
Cu13,9.989999999999998,0.009151
Cu13,10.05,0.0098976
Cu13,10.11,0.0107622
Cu13,10.169999999999998,0.0114932
Cu13,10.23,0.0122688
Cu13,10.29,0.0132884
Cu13,10.35,0.0140982
Cu13,10.41,0.0149896
Cu13,10.469999999999999,0.015941
Cu13,10.53,0.0167396
Cu13,10.59,0.0176938
Cu13,10.649999999999999,0.0184182
Cu13,10.71,0.019396
Cu13,10.77,0.0200746
Cu13,10.829999999999998,0.0209846
Cu13,10.89,0.0216334
Cu13,10.95,0.0221944
Cu13,11.01,0.022896
Cu13,11.07,0.0233758
Cu13,11.129999999999999,0.023947
Cu13,11.19,0.0242196
Cu13,11.25,0.0245188
Cu13,11.309999999999999,0.0247766
Cu13,11.370000000000001,0.0247108
Cu13,11.43,0.0248282
Cu13,11.489999999999998,0.024693
Cu13,11.55,0.0245466
Cu13,11.61,0.0242314
Cu13,11.669999999999998,0.023775
Cu13,11.73,0.023434
Cu13,11.79,0.0227974
Cu13,11.85,0.0222152
Cu13,11.91,0.021539
Cu13,11.969999999999999,0.0206502
Cu13,12.03,0.0199866
Cu13,12.09,0.019023
Cu13,12.149999999999999,0.0182126
Cu13,12.21,0.0171578
Cu13,12.27,0.0162852
Cu13,12.329999999999998,0.0151778
Cu13,12.39,0.0142402
Cu13,12.45,0.013172
Cu13,12.51,0.0122794
Cu13,12.57,0.0112718
Cu13,12.629999999999999,0.01038
Cu13,12.69,0.0094286
Cu13,12.75,0.0085856
Cu13,12.809999999999999,0.0077408
Cu13,12.870000000000001,0.0069434
Cu13,12.93,0.0062016
Cu13,12.989999999999998,0.0055514
Cu13,13.05,0.0049446
Cu13,13.11,0.0042904
Cu13,13.169999999999998,0.0038498
Cu13,13.23,0.0032986
Cu13,13.29,0.0029342
Cu13,13.35,0.0024808
Cu13,13.41,0.0021872
Cu13,13.469999999999999,0.0018326
Cu13,13.53,0.001611
Cu13,13.59,0.0013248
Cu13,13.649999999999999,0.001141
Cu13,13.71,0.0009506
Cu13,13.77,0.0007948
Cu13,13.829999999999998,0.000649
Cu13,13.89,0.0005398
Cu13,13.95,0.0004398
Cu13,14.009999999999998,0.0003588
Cu13,14.07,0.0002934
Cu13,14.129999999999999,0.0002308
Cu13,14.19,0.0001814
Cu13,14.25,0.0001434
Cu13,14.309999999999999,0.000109
Cu13,14.37,8.98e-05
Cu13,14.43,7.22e-05
Cu13,14.489999999999998,5.38e-05
Cu13,14.55,4.94e-05
Cu13,14.61,3.04e-05
Cu13,14.669999999999998,2.6e-05
Cu13,14.73,1.62e-05
Cu13,14.79,1.64e-05
Cu13,14.85,1.02e-05
Cu13,14.91,7.4e-06
Cu13,14.969999999999999,7e-06
Cu13,15.03,2e-06
Cu13,15.09,3.2e-06
Cu13,15.149999999999999,1e-06
Cu13,15.21,2e-06
Cu13,15.27,6e-07
Cu13,15.329999999999998,6e-07
Cu13,15.39,0.0
Cu13,15.45,4e-07
Al_degrader_E10,0.03,2e-07
Al_degrader_E10,0.09,0.0
Al_degrader_E10,0.15,0.0
Al_degrader_E10,0.21,5e-08
Al_degrader_E10,0.27,0.0
Al_degrader_E10,0.32999999999999996,5e-08
Al_degrader_E10,0.39,0.0
Al_degrader_E10,0.44999999999999996,0.0
Al_degrader_E10,0.51,5e-08
Al_degrader_E10,0.5700000000000001,0.0
Al_degrader_E10,0.6299999999999999,0.0
Al_degrader_E10,0.69,0.0
Al_degrader_E10,0.75,5e-08
Al_degrader_E10,0.81,0.0
Al_degrader_E10,0.8699999999999999,0.0
Al_degrader_E10,0.9299999999999999,5e-08
Al_degrader_E10,0.99,5e-08
Al_degrader_E10,1.05,0.0
Al_degrader_E10,1.1099999999999999,0.0
Al_degrader_E10,1.17,5e-08
Al_degrader_E10,1.23,0.0
Al_degrader_E10,1.29,0.0
Al_degrader_E10,1.3499999999999999,5e-08
Al_degrader_E10,1.41,0.0
Al_degrader_E10,1.47,0.0
Al_degrader_E10,1.53,1.5e-07
Al_degrader_E10,1.5899999999999999,0.0
Al_degrader_E10,1.65,5e-08
Al_degrader_E10,1.71,0.0
Al_degrader_E10,1.77,1e-07
Al_degrader_E10,1.8299999999999998,1e-07
Al_degrader_E10,1.89,1e-07
Al_degrader_E10,1.95,2e-07
Al_degrader_E10,2.01,2e-07
Al_degrader_E10,2.0700000000000003,2e-07
Al_degrader_E10,2.13,1.5e-07
Al_degrader_E10,2.19,3e-07
Al_degrader_E10,2.25,2e-07
Al_degrader_E10,2.3099999999999996,2.5e-07
Al_degrader_E10,2.37,4e-07
Al_degrader_E10,2.4299999999999997,4.5e-07
Al_degrader_E10,2.49,3.5e-07
Al_degrader_E10,2.55,6e-07
Al_degrader_E10,2.61,3e-07
Al_degrader_E10,2.67,6.5e-07
Al_degrader_E10,2.7299999999999995,4.5e-07
Al_degrader_E10,2.79,7.5e-07
Al_degrader_E10,2.8499999999999996,7e-07
Al_degrader_E10,2.91,6.5e-07
Al_degrader_E10,2.9699999999999998,6.5e-07
Al_degrader_E10,3.0300000000000002,1.25e-06
Al_degrader_E10,3.09,1.25e-06
Al_degrader_E10,3.15,1.25e-06
Al_degrader_E10,3.21,1.3e-06
Al_degrader_E10,3.2699999999999996,1.6e-06
Al_degrader_E10,3.33,1.95e-06
Al_degrader_E10,3.3899999999999997,2.45e-06
Al_degrader_E10,3.45,2.2e-06
Al_degrader_E10,3.51,2.6e-06
Al_degrader_E10,3.57,3.15e-06
Al_degrader_E10,3.63,3.35e-06
Al_degrader_E10,3.6899999999999995,3.65e-06
Al_degrader_E10,3.75,4.1e-06
Al_degrader_E10,3.8099999999999996,5.35e-06
Al_degrader_E10,3.87,5.95e-06
Al_degrader_E10,3.9299999999999997,6.6e-06
Al_degrader_E10,3.9899999999999998,6e-06
Al_degrader_E10,4.05,8.4e-06
Al_degrader_E10,4.109999999999999,9.75e-06
Al_degrader_E10,4.17,1.05e-05
Al_degrader_E10,4.23,1.05e-05
Al_degrader_E10,4.29,1.3e-05
Al_degrader_E10,4.35,1.56e-05
Al_degrader_E10,4.41,1.58e-05
Al_degrader_E10,4.47,1.795e-05
Al_degrader_E10,4.529999999999999,2.18e-05
Al_degrader_E10,4.59,2.495e-05
Al_degrader_E10,4.65,2.46e-05
Al_degrader_E10,4.71,3.055e-05
Al_degrader_E10,4.77,3.17e-05
Al_degrader_E10,4.83,3.955e-05
Al_degrader_E10,4.89,3.91e-05
Al_degrader_E10,4.949999999999999,4.82e-05
Al_degrader_E10,5.01,5.5e-05
Al_degrader_E10,5.07,5.825e-05
Al_degrader_E10,5.13,6.625e-05
Al_degrader_E10,5.1899999999999995,7.445e-05
Al_degrader_E10,5.25,8.39e-05
Al_degrader_E10,5.31,9.3e-05
Al_degrader_E10,5.369999999999999,0.0001072
Al_degrader_E10,5.43,0.00011695
Al_degrader_E10,5.49,0.0001289
Al_degrader_E10,5.55,0.0001484
Al_degrader_E10,5.609999999999999,0.0001655
Al_degrader_E10,5.67,0.0001788
Al_degrader_E10,5.73,0.00020475
Al_degrader_E10,5.789999999999999,0.00023225
Al_degrader_E10,5.85,0.0002523
Al_degrader_E10,5.91,0.00028115
Al_degrader_E10,5.97,0.0003204
Al_degrader_E10,6.029999999999999,0.0003497
Al_degrader_E10,6.09,0.0003861
Al_degrader_E10,6.15,0.0004397
Al_degrader_E10,6.21,0.00047515
Al_degrader_E10,6.27,0.00053145
Al_degrader_E10,6.33,0.0005876
Al_degrader_E10,6.39,0.0006442
Al_degrader_E10,6.449999999999999,0.0007115
Al_degrader_E10,6.51,0.00079025
Al_degrader_E10,6.57,0.00087015
Al_degrader_E10,6.63,0.00095345
Al_degrader_E10,6.6899999999999995,0.00105055
Al_degrader_E10,6.75,0.00115625
Al_degrader_E10,6.81,0.0012571
Al_degrader_E10,6.869999999999999,0.0013878
Al_degrader_E10,6.93,0.00149945
Al_degrader_E10,6.99,0.0016592
Al_degrader_E10,7.05,0.0017905
Al_degrader_E10,7.109999999999999,0.00196185
Al_degrader_E10,7.17,0.0021267
Al_degrader_E10,7.2299999999999995,0.0023137
Al_degrader_E10,7.289999999999999,0.00250625
Al_degrader_E10,7.35,0.0027272
Al_degrader_E10,7.41,0.002939
Al_degrader_E10,7.47,0.00319165
Al_degrader_E10,7.529999999999999,0.0034293
Al_degrader_E10,7.59,0.0037171
Al_degrader_E10,7.65,0.00397105
Al_degrader_E10,7.709999999999999,0.00426115
Al_degrader_E10,7.77,0.00459815
Al_degrader_E10,7.83,0.00490715
Al_degrader_E10,7.89,0.00525465
Al_degrader_E10,7.949999999999999,0.00560825
Al_degrader_E10,8.01,0.005963
Al_degrader_E10,8.07,0.0063509
Al_degrader_E10,8.129999999999999,0.0067609
Al_degrader_E10,8.19,0.0071701
Al_degrader_E10,8.25,0.00758275
Al_degrader_E10,8.309999999999999,0.0080335
Al_degrader_E10,8.370000000000001,0.00846555
Al_degrader_E10,8.43,0.00891355
Al_degrader_E10,8.489999999999998,0.0093933
Al_degrader_E10,8.55,0.0098513
Al_degrader_E10,8.61,0.01035555
Al_degrader_E10,8.67,0.01081285
Al_degrader_E10,8.73,0.0113142
Al_degrader_E10,8.79,0.011802
Al_degrader_E10,8.85,0.0122727
Al_degrader_E10,8.91,0.01278285
Al_degrader_E10,8.969999999999999,0.0132278
Al_degrader_E10,9.030000000000001,0.01373365
Al_degrader_E10,9.09,0.01416885
Al_degrader_E10,9.149999999999999,0.01463825
Al_degrader_E10,9.21,0.015049
Al_degrader_E10,9.27,0.01551275
Al_degrader_E10,9.329999999999998,0.0158782
Al_degrader_E10,9.39,0.01630455
Al_degrader_E10,9.45,0.01664825
Al_degrader_E10,9.51,0.01702255
Al_degrader_E10,9.57,0.01730995
Al_degrader_E10,9.629999999999999,0.0176209
Al_degrader_E10,9.69,0.0178477
Al_degrader_E10,9.75,0.0180985
Al_degrader_E10,9.809999999999999,0.0182823
Al_degrader_E10,9.870000000000001,0.0184592
Al_degrader_E10,9.93,0.01856725
Al_degrader_E10,9.989999999999998,0.01866685
Al_degrader_E10,10.05,0.0187016
Al_degrader_E10,10.11,0.01871725
Al_degrader_E10,10.169999999999998,0.0186666
Al_degrader_E10,10.23,0.018598
Al_degrader_E10,10.29,0.01848255
Al_degrader_E10,10.35,0.0183242
Al_degrader_E10,10.41,0.0181209
Al_degrader_E10,10.469999999999999,0.01788495
Al_degrader_E10,10.53,0.0176009
Al_degrader_E10,10.59,0.0173059
Al_degrader_E10,10.649999999999999,0.01693045
Al_degrader_E10,10.71,0.0165871
Al_degrader_E10,10.77,0.0161188
Al_degrader_E10,10.829999999999998,0.01571145
Al_degrader_E10,10.89,0.0152118
Al_degrader_E10,10.95,0.01471755
Al_degrader_E10,11.01,0.014186
Al_degrader_E10,11.07,0.0136628
Al_degrader_E10,11.129999999999999,0.0130668
Al_degrader_E10,11.19,0.01254085
Al_degrader_E10,11.25,0.0119061
Al_degrader_E10,11.309999999999999,0.0113394
Al_degrader_E10,11.370000000000001,0.01073735
Al_degrader_E10,11.43,0.01013395
Al_degrader_E10,11.489999999999998,0.00955635
Al_degrader_E10,11.55,0.00896445
Al_degrader_E10,11.61,0.0083958
Al_degrader_E10,11.669999999999998,0.0078221
Al_degrader_E10,11.73,0.0072641
Al_degrader_E10,11.79,0.00672265
Al_degrader_E10,11.85,0.0061932
Al_degrader_E10,11.91,0.0056794
Al_degrader_E10,11.969999999999999,0.0052268
Al_degrader_E10,12.03,0.00473605
Al_degrader_E10,12.09,0.0043042
Al_degrader_E10,12.149999999999999,0.00390785
Al_degrader_E10,12.21,0.00350355
Al_degrader_E10,12.27,0.00317205
Al_degrader_E10,12.329999999999998,0.0027989
Al_degrader_E10,12.39,0.0025168
Al_degrader_E10,12.45,0.00220925
Al_degrader_E10,12.51,0.0019624
Al_degrader_E10,12.57,0.00172075
Al_degrader_E10,12.629999999999999,0.0015152
Al_degrader_E10,12.69,0.0013188
Al_degrader_E10,12.75,0.00113595
Al_degrader_E10,12.809999999999999,0.0009926
Al_degrader_E10,12.870000000000001,0.0008448
Al_degrader_E10,12.93,0.00073205
Al_degrader_E10,12.989999999999998,0.00062305
Al_degrader_E10,13.05,0.0005267
Al_degrader_E10,13.11,0.00044555
Al_degrader_E10,13.169999999999998,0.00037345
Al_degrader_E10,13.23,0.0003132
Al_degrader_E10,13.29,0.0002639
Al_degrader_E10,13.35,0.00021065
Al_degrader_E10,13.41,0.00018015
Al_degrader_E10,13.469999999999999,0.0001447
Al_degrader_E10,13.53,0.0001171
Al_degrader_E10,13.59,9.645e-05
Al_degrader_E10,13.649999999999999,7.39e-05
Al_degrader_E10,13.71,6.185e-05
Al_degrader_E10,13.77,4.845e-05
Al_degrader_E10,13.829999999999998,3.47e-05
Al_degrader_E10,13.89,3.135e-05
Al_degrader_E10,13.95,2.225e-05
Al_degrader_E10,14.009999999999998,1.925e-05
Al_degrader_E10,14.07,1.545e-05
Al_degrader_E10,14.129999999999999,1.01e-05
Al_degrader_E10,14.19,8.45e-06
Al_degrader_E10,14.25,6.45e-06
Al_degrader_E10,14.309999999999999,4.1e-06
Al_degrader_E10,14.37,4.55e-06
Al_degrader_E10,14.43,2.75e-06
Al_degrader_E10,14.489999999999998,1.4e-06
Al_degrader_E10,14.55,1.7e-06
Al_degrader_E10,14.61,6e-07
Al_degrader_E10,14.669999999999998,5.5e-07
Al_degrader_E10,14.73,6e-07
Al_degrader_E10,14.79,3.5e-07
Al_degrader_E10,14.85,5e-08
Al_degrader_E10,14.91,1.5e-07
Al_degrader_E10,14.969999999999999,1e-07
Ni14,0.03,1.2666666666666667e-05
Ni14,0.09,7.777777777777778e-07
Ni14,0.15,7.777777777777778e-07
Ni14,0.21,1.2222222222222221e-06
Ni14,0.27,5.555555555555555e-07
Ni14,0.32999999999999996,5.555555555555555e-07
Ni14,0.39,5.555555555555555e-07
Ni14,0.44999999999999996,6.666666666666667e-07
Ni14,0.51,1e-06
Ni14,0.5700000000000001,6.666666666666667e-07
Ni14,0.6299999999999999,7.777777777777778e-07
Ni14,0.69,1.5555555555555556e-06
Ni14,0.75,7.777777777777778e-07
Ni14,0.81,7.777777777777778e-07
Ni14,0.8699999999999999,1.2222222222222221e-06
Ni14,0.9299999999999999,8.888888888888889e-07
Ni14,0.99,1.7777777777777777e-06
Ni14,1.05,1.5555555555555556e-06
Ni14,1.1099999999999999,2.111111111111111e-06
Ni14,1.17,1.5555555555555556e-06
Ni14,1.23,2.222222222222222e-06
Ni14,1.29,2.222222222222222e-06
Ni14,1.3499999999999999,2e-06
Ni14,1.41,3.3333333333333333e-06
Ni14,1.47,3.2222222222222222e-06
Ni14,1.53,3.111111111111111e-06
Ni14,1.5899999999999999,3.5555555555555555e-06
Ni14,1.65,3.2222222222222222e-06
Ni14,1.71,6e-06
Ni14,1.77,3.7777777777777777e-06
Ni14,1.8299999999999998,5.444444444444445e-06
Ni14,1.89,5.888888888888889e-06
Ni14,1.95,6.4444444444444445e-06
Ni14,2.01,7.333333333333333e-06
Ni14,2.0700000000000003,7e-06
Ni14,2.13,7.666666666666667e-06
Ni14,2.19,9.222222222222222e-06
Ni14,2.25,1.0333333333333333e-05
Ni14,2.3099999999999996,1.0777777777777778e-05
Ni14,2.37,1.1888888888888888e-05
Ni14,2.4299999999999997,1.4555555555555556e-05
Ni14,2.49,1.3222222222222223e-05
Ni14,2.55,1.4777777777777778e-05
Ni14,2.61,1.8444444444444445e-05
Ni14,2.67,2.1333333333333335e-05
Ni14,2.7299999999999995,1.9444444444444445e-05
Ni14,2.79,2.3777777777777777e-05
Ni14,2.8499999999999996,2.711111111111111e-05
Ni14,2.91,2.7555555555555555e-05
Ni14,2.9699999999999998,3.1222222222222225e-05
Ni14,3.0300000000000002,3.8777777777777775e-05
Ni14,3.09,3.6e-05
Ni14,3.15,4.011111111111111e-05
Ni14,3.21,5.188888888888889e-05
Ni14,3.2699999999999996,5.1666666666666664e-05
Ni14,3.33,5.4e-05
Ni14,3.3899999999999997,6.733333333333333e-05
Ni14,3.45,6.877777777777778e-05
Ni14,3.51,7.233333333333333e-05
Ni14,3.57,8.466666666666666e-05
Ni14,3.63,9.477777777777777e-05
Ni14,3.6899999999999995,9.644444444444445e-05
Ni14,3.75,0.00011566666666666667
Ni14,3.8099999999999996,0.00012388888888888888
Ni14,3.87,0.00013533333333333333
Ni14,3.9299999999999997,0.000155
Ni14,3.9899999999999998,0.000164
Ni14,4.05,0.00018377777777777777
Ni14,4.109999999999999,0.00020322222222222223
Ni14,4.17,0.000218
Ni14,4.23,0.0002471111111111111
Ni14,4.29,0.0002667777777777778
Ni14,4.35,0.00029622222222222224
Ni14,4.41,0.0003301111111111111
Ni14,4.47,0.0003572222222222222
Ni14,4.529999999999999,0.00039844444444444443
Ni14,4.59,0.0004308888888888889
Ni14,4.65,0.000473
Ni14,4.71,0.0005332222222222223
Ni14,4.77,0.0005647777777777778
Ni14,4.83,0.0006516666666666667
Ni14,4.89,0.0006868888888888889
Ni14,4.949999999999999,0.0007767777777777778
Ni14,5.01,0.0008397777777777778
Ni14,5.07,0.0009175555555555556
Ni14,5.13,0.0010146666666666668
Ni14,5.1899999999999995,0.0010971111111111112
Ni14,5.25,0.0012033333333333334
Ni14,5.31,0.0013097777777777778
Ni14,5.369999999999999,0.0014426666666666667
Ni14,5.43,0.0015468888888888889
Ni14,5.49,0.0017135555555555556
Ni14,5.55,0.0018527777777777778
Ni14,5.609999999999999,0.0020107777777777776
Ni14,5.67,0.002194666666666667
Ni14,5.73,0.002365777777777778
Ni14,5.789999999999999,0.002594222222222222
Ni14,5.85,0.002764
Ni14,5.91,0.0030291111111111113
Ni14,5.97,0.0032156666666666666
Ni14,6.029999999999999,0.003522222222222222
Ni14,6.09,0.003752333333333333
Ni14,6.15,0.004062111111111111
Ni14,6.21,0.004347777777777778
Ni14,6.27,0.004674777777777778
Ni14,6.33,0.004995555555555555
Ni14,6.39,0.005366111111111111
Ni14,6.449999999999999,0.005730555555555556
Ni14,6.51,0.0061656666666666665
Ni14,6.57,0.006507666666666667
Ni14,6.63,0.007010333333333334
Ni14,6.6899999999999995,0.007366333333333333
Ni14,6.75,0.007908777777777778
Ni14,6.81,0.008305777777777778
Ni14,6.869999999999999,0.008844555555555555
Ni14,6.93,0.009279666666666667
Ni14,6.99,0.009851555555555556
Ni14,7.05,0.010346333333333334
Ni14,7.109999999999999,0.010874
Ni14,7.17,0.011455777777777778
Ni14,7.2299999999999995,0.011941333333333333
Ni14,7.289999999999999,0.012534444444444445
Ni14,7.35,0.013028444444444445
Ni14,7.41,0.013645
Ni14,7.47,0.014093222222222222
Ni14,7.529999999999999,0.014693444444444445
Ni14,7.59,0.015187666666666667
Ni14,7.65,0.015619777777777778
Ni14,7.709999999999999,0.016223444444444443
Ni14,7.77,0.01661311111111111
Ni14,7.83,0.017168555555555555
Ni14,7.89,0.017545333333333333
Ni14,7.949999999999999,0.017905
Ni14,8.01,0.018299444444444445
Ni14,8.07,0.018634555555555557
Ni14,8.129999999999999,0.018910333333333335
Ni14,8.19,0.01918788888888889
Ni14,8.25,0.019437222222222224
Ni14,8.309999999999999,0.019480333333333332
Ni14,8.370000000000001,0.019764
Ni14,8.43,0.019708777777777776
Ni14,8.489999999999998,0.019670666666666666
Ni14,8.55,0.019780555555555555
Ni14,8.61,0.019635333333333334
Ni14,8.67,0.01945488888888889
Ni14,8.73,0.01939177777777778
Ni14,8.79,0.01909988888888889
Ni14,8.85,0.018829555555555554
Ni14,8.91,0.01856011111111111
Ni14,8.969999999999999,0.018137
Ni14,9.030000000000001,0.01773711111111111
Ni14,9.09,0.017281333333333333
Ni14,9.149999999999999,0.016802
Ni14,9.21,0.016279666666666668
Ni14,9.27,0.015795333333333335
Ni14,9.329999999999998,0.015179
Ni14,9.39,0.014594555555555555
Ni14,9.45,0.01398111111111111
Ni14,9.51,0.013318333333333333
Ni14,9.57,0.012686888888888888
Ni14,9.629999999999999,0.012017
Ni14,9.69,0.011338666666666667
Ni14,9.75,0.010681888888888888
Ni14,9.809999999999999,0.01003
Ni14,9.870000000000001,0.009384888888888889
Ni14,9.93,0.008758888888888889
Ni14,9.989999999999998,0.008136555555555555
Ni14,10.05,0.007518777777777778
Ni14,10.11,0.006929888888888889
Ni14,10.169999999999998,0.0063813333333333335
Ni14,10.23,0.005838444444444445
Ni14,10.29,0.005304555555555555
Ni14,10.35,0.0048285555555555556
Ni14,10.41,0.0044006666666666664
Ni14,10.469999999999999,0.003956333333333333
Ni14,10.53,0.0035652222222222222
Ni14,10.59,0.003204
Ni14,10.649999999999999,0.002847
Ni14,10.71,0.0025585555555555557
Ni14,10.77,0.0022622222222222223
Ni14,10.829999999999998,0.0019902222222222222
Ni14,10.89,0.0017544444444444445
Ni14,10.95,0.001544
Ni14,11.01,0.001364111111111111
Ni14,11.07,0.0011683333333333333
Ni14,11.129999999999999,0.001011888888888889
Ni14,11.19,0.0008848888888888889
Ni14,11.25,0.0007652222222222223
Ni14,11.309999999999999,0.0006407777777777778
Ni14,11.370000000000001,0.0005507777777777777
Ni14,11.43,0.00046333333333333334
Ni14,11.489999999999998,0.00038377777777777775
Ni14,11.55,0.00033155555555555553
Ni14,11.61,0.000269
Ni14,11.669999999999998,0.00023122222222222223
Ni14,11.73,0.00018666666666666666
Ni14,11.79,0.00015244444444444444
Ni14,11.85,0.00011877777777777778
Ni14,11.91,9.7e-05
Ni14,11.969999999999999,8.133333333333334e-05
Ni14,12.03,6.866666666666666e-05
Ni14,12.09,5.477777777777778e-05
Ni14,12.149999999999999,4.5444444444444444e-05
Ni14,12.21,3.566666666666667e-05
Ni14,12.27,2.8e-05
Ni14,12.329999999999998,2.0222222222222222e-05
Ni14,12.39,1.7222222222222224e-05
Ni14,12.45,1.3111111111111111e-05
Ni14,12.51,1.0777777777777778e-05
Ni14,12.57,8e-06
Ni14,12.629999999999999,6.666666666666667e-06
Ni14,12.69,4.333333333333333e-06
Ni14,12.75,3.111111111111111e-06
Ni14,12.809999999999999,2e-06
Ni14,12.870000000000001,1.5555555555555556e-06
Ni14,12.93,1.3333333333333334e-06
Ni14,12.989999999999998,7.777777777777778e-07
Ni14,13.05,5.555555555555555e-07
Ni14,13.11,2.2222222222222222e-07
Ni14,13.169999999999998,1.1111111111111111e-07
Ni14,13.23,2.2222222222222222e-07
Sn14,0.03,5.5e-05
Sn14,0.09,1.3333333333333334e-06
Sn14,0.15,3e-06
Sn14,0.21,2.666666666666667e-06
Sn14,0.27,1.6666666666666667e-06
Sn14,0.32999999999999996,1e-06
Sn14,0.39,2.333333333333333e-06
Sn14,0.44999999999999996,1e-06
Sn14,0.51,4e-06
Sn14,0.5700000000000001,2.666666666666667e-06
Sn14,0.6299999999999999,1.6666666666666667e-06
Sn14,0.69,3.6666666666666666e-06
Sn14,0.75,3.6666666666666666e-06
Sn14,0.81,4e-06
Sn14,0.8699999999999999,3.6666666666666666e-06
Sn14,0.9299999999999999,5.333333333333334e-06
Sn14,0.99,5.333333333333334e-06
Sn14,1.05,5.666666666666667e-06
Sn14,1.1099999999999999,8e-06
Sn14,1.17,8.666666666666666e-06
Sn14,1.23,7.333333333333333e-06
Sn14,1.29,8.333333333333334e-06
Sn14,1.3499999999999999,9.333333333333333e-06
Sn14,1.41,1.1333333333333334e-05
Sn14,1.47,1.2e-05
Sn14,1.53,1e-05
Sn14,1.5899999999999999,1.3666666666666667e-05
Sn14,1.65,1.1333333333333334e-05
Sn14,1.71,1.633333333333333e-05
Sn14,1.77,1.6e-05
Sn14,1.8299999999999998,1.9e-05
Sn14,1.89,1.7333333333333332e-05
Sn14,1.95,2.3666666666666668e-05
Sn14,2.01,2.4e-05
Sn14,2.0700000000000003,2.6333333333333334e-05
Sn14,2.13,2.3333333333333332e-05
Sn14,2.19,3.4e-05
Sn14,2.25,3.4666666666666665e-05
Sn14,2.3099999999999996,3.5333333333333336e-05
Sn14,2.37,3.9666666666666664e-05
Sn14,2.4299999999999997,4.933333333333333e-05
Sn14,2.49,4.6e-05
Sn14,2.55,4.433333333333333e-05
Sn14,2.61,5.633333333333333e-05
Sn14,2.67,6.733333333333333e-05
Sn14,2.7299999999999995,5.9e-05
Sn14,2.79,7.166666666666667e-05
Sn14,2.8499999999999996,8.966666666666667e-05
Sn14,2.91,8.733333333333333e-05
Sn14,2.9699999999999998,9.366666666666666e-05
Sn14,3.0300000000000002,0.00011033333333333334
Sn14,3.09,0.00011166666666666667
Sn14,3.15,0.00012033333333333334
Sn14,3.21,0.00012333333333333334
Sn14,3.2699999999999996,0.00016066666666666668
Sn14,3.33,0.00016133333333333334
Sn14,3.3899999999999997,0.000163
Sn14,3.45,0.00020566666666666666
Sn14,3.51,0.00020233333333333334
Sn14,3.57,0.00023
Sn14,3.63,0.00026966666666666664
Sn14,3.6899999999999995,0.000268
Sn14,3.75,0.0003083333333333333
Sn14,3.8099999999999996,0.0003353333333333333
Sn14,3.87,0.00036
Sn14,3.9299999999999997,0.00039833333333333333
Sn14,3.9899999999999998,0.0004336666666666667
Sn14,4.05,0.000475
Sn14,4.109999999999999,0.0005223333333333333
Sn14,4.17,0.0005563333333333334
Sn14,4.23,0.0006323333333333334
Sn14,4.29,0.0006623333333333334
Sn14,4.35,0.000724
Sn14,4.41,0.000826
Sn14,4.47,0.0008716666666666666
Sn14,4.529999999999999,0.0009753333333333334
Sn14,4.59,0.0010423333333333333
Sn14,4.65,0.0011356666666666668
Sn14,4.71,0.0012633333333333333
Sn14,4.77,0.0013296666666666667
Sn14,4.83,0.001502
Sn14,4.89,0.001595
Sn14,4.949999999999999,0.0017173333333333333
Sn14,5.01,0.001884
Sn14,5.07,0.002023333333333333
Sn14,5.13,0.0021826666666666665
Sn14,5.1899999999999995,0.0023336666666666666
Sn14,5.25,0.002531666666666667
Sn14,5.31,0.002748
Sn14,5.369999999999999,0.002956
Sn14,5.43,0.003182
Sn14,5.49,0.003412333333333333
Sn14,5.55,0.0037253333333333335
Sn14,5.609999999999999,0.003953
Sn14,5.67,0.004269333333333333
Sn14,5.73,0.004462
Sn14,5.789999999999999,0.004857333333333333
Sn14,5.85,0.005155666666666667
Sn14,5.91,0.0054733333333333335
Sn14,5.97,0.005888
Sn14,6.029999999999999,0.006194333333333333
Sn14,6.09,0.006692
Sn14,6.15,0.006997333333333334
Sn14,6.21,0.007536333333333333
Sn14,6.27,0.007894333333333333
Sn14,6.33,0.008404666666666666
Sn14,6.39,0.008961
Sn14,6.449999999999999,0.009305
Sn14,6.51,0.009955333333333333
Sn14,6.57,0.010271333333333334
Sn14,6.63,0.010898666666666666
Sn14,6.6899999999999995,0.011250666666666667
Sn14,6.75,0.011916
Sn14,6.81,0.012326
Sn14,6.869999999999999,0.012839666666666666
Sn14,6.93,0.013405666666666666
Sn14,6.99,0.014008333333333333
Sn14,7.05,0.014340333333333333
Sn14,7.109999999999999,0.015020666666666667
Sn14,7.17,0.015341333333333334
Sn14,7.2299999999999995,0.015860666666666665
Sn14,7.289999999999999,0.016358333333333332
Sn14,7.35,0.016669666666666666
Sn14,7.41,0.017129
Sn14,7.47,0.01753
Sn14,7.529999999999999,0.017842666666666666
Sn14,7.59,0.018254666666666666
Sn14,7.65,0.018448333333333334
Sn14,7.709999999999999,0.018781333333333334
Sn14,7.77,0.018947333333333333
Sn14,7.83,0.019042333333333335
Sn14,7.89,0.019313
Sn14,7.949999999999999,0.019312
Sn14,8.01,0.019201
Sn14,8.07,0.019541333333333334
Sn14,8.129999999999999,0.019137333333333333
Sn14,8.19,0.019167333333333335
Sn14,8.25,0.018829666666666668
Sn14,8.309999999999999,0.018652666666666668
Sn14,8.370000000000001,0.018363333333333332
Sn14,8.43,0.018154666666666666
Sn14,8.489999999999998,0.017787333333333332
Sn14,8.55,0.017549
Sn14,8.61,0.017142666666666667
Sn14,8.67,0.016707
Sn14,8.73,0.016232666666666666
Sn14,8.79,0.015628666666666666
Sn14,8.85,0.015155
Sn14,8.91,0.014468666666666666
Sn14,8.969999999999999,0.013852666666666666
Sn14,9.030000000000001,0.01334
Sn14,9.09,0.012708666666666667
Sn14,9.149999999999999,0.012107333333333333
Sn14,9.21,0.011413666666666667
Sn14,9.27,0.010820666666666666
Sn14,9.329999999999998,0.010248
Sn14,9.39,0.009544333333333333
Sn14,9.45,0.008984
Sn14,9.51,0.008271
Sn14,9.57,0.007682666666666667
Sn14,9.629999999999999,0.007133
Sn14,9.69,0.006538
Sn14,9.75,0.006072333333333333
Sn14,9.809999999999999,0.005500666666666667
Sn14,9.870000000000001,0.005066333333333333
Sn14,9.93,0.004568
Sn14,9.989999999999998,0.004161333333333334
Sn14,10.05,0.003747
Sn14,10.11,0.0033796666666666667
Sn14,10.169999999999998,0.003006
Sn14,10.23,0.0027273333333333333
Sn14,10.29,0.0024346666666666666
Sn14,10.35,0.0021683333333333333
Sn14,10.41,0.0019226666666666667
Sn14,10.469999999999999,0.0016766666666666666
Sn14,10.53,0.001468
Sn14,10.59,0.001272
Sn14,10.649999999999999,0.0011346666666666666
Sn14,10.71,0.000977
Sn14,10.77,0.000846
Sn14,10.829999999999998,0.0007316666666666667
Sn14,10.89,0.0006133333333333334
Sn14,10.95,0.0005396666666666667
Sn14,11.01,0.000457
Sn14,11.07,0.0003936666666666667
Sn14,11.129999999999999,0.0003206666666666667
Sn14,11.19,0.00026033333333333334
Sn14,11.25,0.000205
Sn14,11.309999999999999,0.00015766666666666666
Sn14,11.370000000000001,0.00014266666666666667
Sn14,11.43,0.000121
Sn14,11.489999999999998,9.966666666666667e-05
Sn14,11.55,9.033333333333334e-05
Sn14,11.61,7.033333333333334e-05
Sn14,11.669999999999998,4.8333333333333334e-05
Sn14,11.73,4.3e-05
Sn14,11.79,3.3333333333333335e-05
Sn14,11.85,2.4e-05
Sn14,11.91,2.5666666666666666e-05
Sn14,11.969999999999999,1.9666666666666666e-05
Sn14,12.03,1.6e-05
Sn14,12.09,8.666666666666666e-06
Sn14,12.149999999999999,7.666666666666667e-06
Sn14,12.21,3.6666666666666666e-06
Sn14,12.27,4.333333333333333e-06
Sn14,12.329999999999998,3.6666666666666666e-06
Sn14,12.39,3.3333333333333333e-06
Sn14,12.45,1e-06
Sn14,12.51,1.3333333333333334e-06
Sn14,12.57,1e-06
Sn14,12.629999999999999,0.0
Sn14,12.69,6.666666666666667e-07
Ta14,0.03,0.000177625
Ta14,0.09,1.2e-05
Ta14,0.15,1.0875e-05
Ta14,0.21,7.375e-06
Ta14,0.27,7.375e-06
Ta14,0.32999999999999996,5.875e-06
Ta14,0.39,7.125e-06
Ta14,0.44999999999999996,9.25e-06
Ta14,0.51,1e-05
Ta14,0.5700000000000001,1.2375e-05
Ta14,0.6299999999999999,1.225e-05
Ta14,0.69,1.1e-05
Ta14,0.75,1.525e-05
Ta14,0.81,1.35e-05
Ta14,0.8699999999999999,1.75e-05
Ta14,0.9299999999999999,1.75e-05
Ta14,0.99,1.7375e-05
Ta14,1.05,2.0875e-05
Ta14,1.1099999999999999,2.1e-05
Ta14,1.17,2.5625e-05
Ta14,1.23,2.325e-05
Ta14,1.29,2.9625e-05
Ta14,1.3499999999999999,2.8e-05
Ta14,1.41,3.1125e-05
Ta14,1.47,3.3125e-05
Ta14,1.53,3.8125e-05
Ta14,1.5899999999999999,4.2125e-05
Ta14,1.65,4.2375e-05
Ta14,1.71,4.7e-05
Ta14,1.77,5.15e-05
Ta14,1.8299999999999998,5.4625e-05
Ta14,1.89,5.975e-05
Ta14,1.95,6.5625e-05
Ta14,2.01,6.5375e-05
Ta14,2.0700000000000003,7.2375e-05
Ta14,2.13,8.25e-05
Ta14,2.19,8.625e-05
Ta14,2.25,9.0375e-05
Ta14,2.3099999999999996,0.000107625
Ta14,2.37,0.000109125
Ta14,2.4299999999999997,0.000116
Ta14,2.49,0.000133625
Ta14,2.55,0.000142
Ta14,2.61,0.000147375
Ta14,2.67,0.000169
Ta14,2.7299999999999995,0.000177375
Ta14,2.79,0.000192125
Ta14,2.8499999999999996,0.00021825
Ta14,2.91,0.00021825
Ta14,2.9699999999999998,0.000255625
Ta14,3.0300000000000002,0.000264875
Ta14,3.09,0.000287375
Ta14,3.15,0.00032475
Ta14,3.21,0.0003295
Ta14,3.2699999999999996,0.000378625
Ta14,3.33,0.000402
Ta14,3.3899999999999997,0.000435625
Ta14,3.45,0.000483625
Ta14,3.51,0.00051425
Ta14,3.57,0.00055825
Ta14,3.63,0.00060975
Ta14,3.6899999999999995,0.000657375
Ta14,3.75,0.000710875
Ta14,3.8099999999999996,0.00077825
Ta14,3.87,0.00084475
Ta14,3.9299999999999997,0.000907
Ta14,3.9899999999999998,0.000988625
Ta14,4.05,0.00106725
Ta14,4.109999999999999,0.00115175
Ta14,4.17,0.00124675
Ta14,4.23,0.001336
Ta14,4.29,0.001452875
Ta14,4.35,0.00155675
Ta14,4.41,0.001689875
Ta14,4.47,0.001805625
Ta14,4.529999999999999,0.0019555
Ta14,4.59,0.002106625
Ta14,4.65,0.0022545
Ta14,4.71,0.002427125
Ta14,4.77,0.002607875
Ta14,4.83,0.002794625
Ta14,4.89,0.002983125
Ta14,4.949999999999999,0.003197875
Ta14,5.01,0.003407375
Ta14,5.07,0.003674375
Ta14,5.13,0.003889625
Ta14,5.1899999999999995,0.004174625
Ta14,5.25,0.004423375
Ta14,5.31,0.0047355
Ta14,5.369999999999999,0.005021875
Ta14,5.43,0.00535275
Ta14,5.49,0.00567325
Ta14,5.55,0.006019625
Ta14,5.609999999999999,0.00639025
Ta14,5.67,0.006761125
Ta14,5.73,0.0071065
Ta14,5.789999999999999,0.00756875
Ta14,5.85,0.007981375
Ta14,5.91,0.008372875
Ta14,5.97,0.00879125
Ta14,6.029999999999999,0.009242625
Ta14,6.09,0.009709
Ta14,6.15,0.010150125
Ta14,6.21,0.0106535
Ta14,6.27,0.011064
Ta14,6.33,0.01159175
Ta14,6.39,0.012008625
Ta14,6.449999999999999,0.01250375
Ta14,6.51,0.012993625
Ta14,6.57,0.013372375
Ta14,6.63,0.01390825
Ta14,6.6899999999999995,0.014322125
Ta14,6.75,0.014776
Ta14,6.81,0.015234625
Ta14,6.869999999999999,0.0155685
Ta14,6.93,0.016057375
Ta14,6.99,0.016352
Ta14,7.05,0.01673
Ta14,7.109999999999999,0.017100125
Ta14,7.17,0.01728725
Ta14,7.2299999999999995,0.017684875
Ta14,7.289999999999999,0.0178335
Ta14,7.35,0.01807225
Ta14,7.41,0.018217375
Ta14,7.47,0.01838425
Ta14,7.529999999999999,0.0184705
Ta14,7.59,0.0184745
Ta14,7.65,0.018473875
Ta14,7.709999999999999,0.0184555
Ta14,7.77,0.018285875
Ta14,7.83,0.018247625
Ta14,7.89,0.01811125
Ta14,7.949999999999999,0.017847125
Ta14,8.01,0.017641125
Ta14,8.07,0.017391
Ta14,8.129999999999999,0.017017625
Ta14,8.19,0.01671375
Ta14,8.25,0.01633925
Ta14,8.309999999999999,0.0158615
Ta14,8.370000000000001,0.01550425
Ta14,8.43,0.015024375
Ta14,8.489999999999998,0.0144795
Ta14,8.55,0.013947375
Ta14,8.61,0.013474
Ta14,8.67,0.012883
Ta14,8.73,0.012270625
Ta14,8.79,0.01167325
Ta14,8.85,0.011169875
Ta14,8.91,0.010558875
Ta14,8.969999999999999,0.00993675
Ta14,9.030000000000001,0.009336625
Ta14,9.09,0.008812625
Ta14,9.149999999999999,0.008209875
Ta14,9.21,0.0076615
Ta14,9.27,0.0071135
Ta14,9.329999999999998,0.0065945
Ta14,9.39,0.006059125
Ta14,9.45,0.005591
Ta14,9.51,0.005104625
Ta14,9.57,0.004687625
Ta14,9.629999999999999,0.00426425
Ta14,9.69,0.003890875
Ta14,9.75,0.003523
Ta14,9.809999999999999,0.00314975
Ta14,9.870000000000001,0.002848875
Ta14,9.93,0.00256575
Ta14,9.989999999999998,0.0022895
Ta14,10.05,0.002043625
Ta14,10.11,0.0018175
Ta14,10.169999999999998,0.001586
Ta14,10.23,0.00141625
Ta14,10.29,0.001236125
Ta14,10.35,0.001081375
Ta14,10.41,0.000952125
Ta14,10.469999999999999,0.000825
Ta14,10.53,0.000708125
Ta14,10.59,0.00061425
Ta14,10.649999999999999,0.00052125
Ta14,10.71,0.000443
Ta14,10.77,0.0003775
Ta14,10.829999999999998,0.00031425
Ta14,10.89,0.000263375
Ta14,10.95,0.000221375
Ta14,11.01,0.000188625
Ta14,11.07,0.000150875
Ta14,11.129999999999999,0.000120625
Ta14,11.19,9.8375e-05
Ta14,11.25,8.325e-05
Ta14,11.309999999999999,7.1125e-05
Ta14,11.370000000000001,5.875e-05
Ta14,11.43,4.7875e-05
Ta14,11.489999999999998,3.7375e-05
Ta14,11.55,2.9375e-05
Ta14,11.61,2.2375e-05
Ta14,11.669999999999998,1.8375e-05
Ta14,11.73,1.55e-05
Ta14,11.79,1.3125e-05
Ta14,11.85,9.5e-06
Ta14,11.91,7.5e-06
Ta14,11.969999999999999,4.75e-06
Ta14,12.03,3.875e-06
Ta14,12.09,2.25e-06
Ta14,12.149999999999999,2.125e-06
Ta14,12.21,1.5e-06
Ta14,12.27,1.5e-06
Ta14,12.329999999999998,6.25e-07
Ta14,12.39,3.75e-07
Ta14,12.45,3.75e-07
Ta14,12.51,2.5e-07
Cu14,0.03,0.0013196363636363635
Cu14,0.09,7.109090909090909e-05
Cu14,0.15,7.136363636363636e-05
Cu14,0.21,4.745454545454545e-05
Cu14,0.27,3.654545454545454e-05
Cu14,0.32999999999999996,4.236363636363636e-05
Cu14,0.39,4.690909090909091e-05
Cu14,0.44999999999999996,4.7818181818181816e-05
Cu14,0.51,5.609090909090909e-05
Cu14,0.5700000000000001,6.345454545454546e-05
Cu14,0.6299999999999999,5.881818181818182e-05
Cu14,0.69,6.527272727272728e-05
Cu14,0.75,7.418181818181818e-05
Cu14,0.81,7.563636363636363e-05
Cu14,0.8699999999999999,8.981818181818182e-05
Cu14,0.9299999999999999,8.5e-05
Cu14,0.99,9.745454545454546e-05
Cu14,1.05,9.99090909090909e-05
Cu14,1.1099999999999999,0.00011336363636363637
Cu14,1.17,0.000118
Cu14,1.23,0.000127
Cu14,1.29,0.00013345454545454546
Cu14,1.3499999999999999,0.0001491818181818182
Cu14,1.41,0.00015245454545454546
Cu14,1.47,0.00016872727272727273
Cu14,1.53,0.00017509090909090908
Cu14,1.5899999999999999,0.00019736363636363636
Cu14,1.65,0.00019854545454545456
Cu14,1.71,0.0002198181818181818
Cu14,1.77,0.00023990909090909092
Cu14,1.8299999999999998,0.00024309090909090908
Cu14,1.89,0.0002697272727272727
Cu14,1.95,0.0002902727272727273
Cu14,2.01,0.0003019090909090909
Cu14,2.0700000000000003,0.0003328181818181818
Cu14,2.13,0.0003543636363636364
Cu14,2.19,0.00037336363636363636
Cu14,2.25,0.0004123636363636364
Cu14,2.3099999999999996,0.0004399090909090909
Cu14,2.37,0.00046181818181818184
Cu14,2.4299999999999997,0.000501909090909091
Cu14,2.49,0.0005324545454545455
Cu14,2.55,0.0005812727272727273
Cu14,2.61,0.0006137272727272727
Cu14,2.67,0.0006543636363636364
Cu14,2.7299999999999995,0.0007137272727272728
Cu14,2.79,0.0007513636363636364
Cu14,2.8499999999999996,0.0008142727272727273
Cu14,2.91,0.0008668181818181818
Cu14,2.9699999999999998,0.000925909090909091
Cu14,3.0300000000000002,0.0009948181818181818
Cu14,3.09,0.001054909090909091
Cu14,3.15,0.001145
Cu14,3.21,0.0012033636363636363
Cu14,3.2699999999999996,0.0012974545454545454
Cu14,3.33,0.0013815454545454545
Cu14,3.3899999999999997,0.0014813636363636363
Cu14,3.45,0.0015825454545454545
Cu14,3.51,0.0016904545454545456
Cu14,3.57,0.0018054545454545454
Cu14,3.63,0.0019237272727272727
Cu14,3.6899999999999995,0.002056636363636364
Cu14,3.75,0.0021832727272727273
Cu14,3.8099999999999996,0.0023287272727272727
Cu14,3.87,0.0024742727272727273
Cu14,3.9299999999999997,0.002622090909090909
Cu14,3.9899999999999998,0.0027997272727272727
Cu14,4.05,0.002977181818181818
Cu14,4.109999999999999,0.003153181818181818
Cu14,4.17,0.0033577272727272726
Cu14,4.23,0.0035562727272727274
Cu14,4.29,0.0037705454545454544
Cu14,4.35,0.003991727272727273
Cu14,4.41,0.004228181818181818
Cu14,4.47,0.004478363636363636
Cu14,4.529999999999999,0.004752454545454546
Cu14,4.59,0.005005272727272727
Cu14,4.65,0.005287727272727273
Cu14,4.71,0.005595363636363636
Cu14,4.77,0.005874727272727273
Cu14,4.83,0.006204545454545455
Cu14,4.89,0.006528363636363636
Cu14,4.949999999999999,0.0068576363636363635
Cu14,5.01,0.007201181818181818
Cu14,5.07,0.007529454545454546
Cu14,5.13,0.007932
Cu14,5.1899999999999995,0.008314272727272727
Cu14,5.25,0.008626636363636364
Cu14,5.31,0.009071272727272726
Cu14,5.369999999999999,0.009449363636363636
Cu14,5.43,0.009847363636363637
Cu14,5.49,0.010254181818181819
Cu14,5.55,0.010663272727272728
Cu14,5.609999999999999,0.011061909090909091
Cu14,5.67,0.011454363636363636
Cu14,5.73,0.011886818181818182
Cu14,5.789999999999999,0.01225309090909091
Cu14,5.85,0.012666727272727272
Cu14,5.91,0.013082818181818182
Cu14,5.97,0.013409454545454546
Cu14,6.029999999999999,0.013841636363636363
Cu14,6.09,0.01424609090909091
Cu14,6.15,0.014557272727272728
Cu14,6.21,0.01488290909090909
Cu14,6.27,0.015253727272727273
Cu14,6.33,0.015574818181818181
Cu14,6.39,0.01580581818181818
Cu14,6.449999999999999,0.01612309090909091
Cu14,6.51,0.016321727272727272
Cu14,6.57,0.016615545454545456
Cu14,6.63,0.016748272727272726
Cu14,6.6899999999999995,0.016959545454545453
Cu14,6.75,0.017022454545454545
Cu14,6.81,0.01717618181818182
Cu14,6.869999999999999,0.017256727272727274
Cu14,6.93,0.01724209090909091
Cu14,6.99,0.017235454545454547
Cu14,7.05,0.017233727272727272
Cu14,7.109999999999999,0.017124545454545455
Cu14,7.17,0.017066818181818183
Cu14,7.2299999999999995,0.016901636363636365
Cu14,7.289999999999999,0.016762454545454546
Cu14,7.35,0.016578454545454546
Cu14,7.41,0.016295272727272728
Cu14,7.47,0.016058909090909092
Cu14,7.529999999999999,0.015713181818181817
Cu14,7.59,0.015427818181818181
Cu14,7.65,0.015088454545454546
Cu14,7.709999999999999,0.014687090909090908
Cu14,7.77,0.014283545454545455
Cu14,7.83,0.013861545454545455
Cu14,7.89,0.013430363636363636
Cu14,7.949999999999999,0.012970181818181818
Cu14,8.01,0.012458454545454545
Cu14,8.07,0.011966545454545455
Cu14,8.129999999999999,0.011472
Cu14,8.19,0.01092
Cu14,8.25,0.010407909090909091
Cu14,8.309999999999999,0.00988390909090909
Cu14,8.370000000000001,0.009369818181818182
Cu14,8.43,0.008839545454545454
Cu14,8.489999999999998,0.008324545454545454
Cu14,8.55,0.007801727272727273
Cu14,8.61,0.007330909090909091
Cu14,8.67,0.006822181818181818
Cu14,8.73,0.006354909090909091
Cu14,8.79,0.005884909090909091
Cu14,8.85,0.0054428181818181815
Cu14,8.91,0.005002727272727272
Cu14,8.969999999999999,0.004592272727272727
Cu14,9.030000000000001,0.004225818181818182
Cu14,9.09,0.0038646363636363635
Cu14,9.149999999999999,0.0035193636363636364
Cu14,9.21,0.003187909090909091
Cu14,9.27,0.0029020909090909093
Cu14,9.329999999999998,0.002614727272727273
Cu14,9.39,0.002348272727272727
Cu14,9.45,0.0021161818181818183
Cu14,9.51,0.0018848181818181817
Cu14,9.57,0.0016841818181818182
Cu14,9.629999999999999,0.0015025454545454545
Cu14,9.69,0.0013352727272727273
Cu14,9.75,0.001173909090909091
Cu14,9.809999999999999,0.0010237272727272727
Cu14,9.870000000000001,0.0009029090909090909
Cu14,9.93,0.0007889090909090909
Cu14,9.989999999999998,0.000689909090909091
Cu14,10.05,0.0005985454545454546
Cu14,10.11,0.0005116363636363636
Cu14,10.169999999999998,0.0004379090909090909
Cu14,10.23,0.0003711818181818182
Cu14,10.29,0.000318
Cu14,10.35,0.0002679090909090909
Cu14,10.41,0.0002260909090909091
Cu14,10.469999999999999,0.00019
Cu14,10.53,0.00015954545454545456
Cu14,10.59,0.00012836363636363636
Cu14,10.649999999999999,0.0001030909090909091
Cu14,10.71,8.654545454545454e-05
Cu14,10.77,7.381818181818182e-05
Cu14,10.829999999999998,6.127272727272728e-05
Cu14,10.89,5.290909090909091e-05
Cu14,10.95,4.236363636363636e-05
Cu14,11.01,3.409090909090909e-05
Cu14,11.07,2.6181818181818183e-05
Cu14,11.129999999999999,2.1818181818181818e-05
Cu14,11.19,1.7e-05
Cu14,11.25,1.3454545454545455e-05
Cu14,11.309999999999999,1.2181818181818182e-05
Cu14,11.370000000000001,8.727272727272728e-06
Cu14,11.43,6.545454545454546e-06
Cu14,11.489999999999998,4.363636363636364e-06
Cu14,11.55,3.636363636363636e-06
Cu14,11.61,2.818181818181818e-06
Cu14,11.669999999999998,1.7272727272727273e-06
Cu14,11.73,1.4545454545454546e-06
Cu14,11.79,1.4545454545454546e-06
Cu14,11.85,6.363636363636364e-07
Cu14,11.91,3.6363636363636366e-07
Cu14,11.969999999999999,2.7272727272727274e-07
Cu14,12.03,1.8181818181818183e-07
Cu14,12.09,1.8181818181818183e-07
