name,energy,flux
Ni08,27.509999999999998,3.3333333333333335e-07
Ni08,27.57,3.3333333333333335e-07
Ni08,27.63,3.3333333333333335e-07
Ni08,27.689999999999998,1e-06
Ni08,27.75,1.3333333333333334e-06
Ni08,27.81,2.333333333333333e-06
Ni08,27.869999999999997,4.333333333333333e-06
Ni08,27.93,8e-06
Ni08,27.99,1.6666666666666667e-05
Ni08,28.049999999999997,2.7e-05
Ni08,28.11,4.3666666666666666e-05
Ni08,28.17,7.5e-05
Ni08,28.229999999999997,0.00010833333333333333
Ni08,28.29,0.00018533333333333333
Ni08,28.35,0.00027333333333333333
Ni08,28.409999999999997,0.00044166666666666665
Ni08,28.47,0.0006303333333333333
Ni08,28.53,0.0009276666666666667
Ni08,28.589999999999996,0.001333
Ni08,28.65,0.0018143333333333334
Ni08,28.71,0.002611
Ni08,28.769999999999996,0.003441333333333333
Ni08,28.83,0.004705333333333333
Ni08,28.89,0.006103
Ni08,28.95,0.007977666666666666
Ni08,29.009999999999998,0.010068333333333334
Ni08,29.07,0.012573
Ni08,29.13,0.015511333333333334
Ni08,29.189999999999998,0.018674
Ni08,29.25,0.022361
Ni08,29.31,0.025969333333333334
Ni08,29.369999999999997,0.029899666666666668
Ni08,29.43,0.033726
Ni08,29.49,0.037755333333333335
Ni08,29.549999999999997,0.041344
Ni08,29.61,0.04457966666666666
Ni08,29.67,0.04730466666666667
Ni08,29.729999999999997,0.04935766666666667
Ni08,29.79,0.05073066666666667
Ni08,29.85,0.05124633333333333
Ni08,29.909999999999997,0.05089133333333333
Ni08,29.97,0.04971233333333333
Ni08,30.03,0.047656333333333335
Ni08,30.089999999999996,0.045298333333333336
Ni08,30.15,0.04183166666666667
Ni08,30.21,0.03843566666666667
Ni08,30.269999999999996,0.03450333333333333
Ni08,30.33,0.030515333333333332
Ni08,30.39,0.02666
Ni08,30.45,0.022699
Ni08,30.509999999999998,0.019225666666666665
Ni08,30.57,0.015794333333333334
Ni08,30.63,0.012823
Ni08,30.689999999999998,0.010400666666666667
Ni08,30.75,0.008037333333333334
Ni08,30.81,0.006393
Ni08,30.869999999999997,0.004757333333333333
Ni08,30.93,0.0035916666666666666
Ni08,30.99,0.002658
Ni08,31.049999999999997,0.00195
Ni08,31.11,0.0013763333333333334
Ni08,31.17,0.000964
Ni08,31.229999999999997,0.0006876666666666666
Ni08,31.29,0.00043733333333333336
Ni08,31.35,0.00031233333333333335
Ni08,31.409999999999997,0.00019766666666666666
Ni08,31.47,0.00013566666666666667
Ni08,31.53,8.133333333333334e-05
Ni08,31.589999999999996,5.5e-05
Ni08,31.65,3.866666666666667e-05
Ni08,31.71,1.9333333333333333e-05
Ni08,31.769999999999996,1.3666666666666667e-05
Ni08,31.83,7e-06
Ni08,31.89,2.666666666666667e-06
Ni08,31.95,2e-06
Ni08,32.01,3.3333333333333335e-07
Ni08,32.07,3.3333333333333335e-07
Ni08,32.129999999999995,0.0
Ni08,32.19,3.3333333333333335e-07
Ni08,32.25,0.0
Ni08,32.31,3.3333333333333335e-07
Sn08,27.45,3.3333333333333335e-07
Sn08,27.509999999999998,1e-06
Sn08,27.57,1.6666666666666667e-06
Sn08,27.63,1.6666666666666667e-06
Sn08,27.689999999999998,3e-06
Sn08,27.75,4.333333333333333e-06
Sn08,27.81,8.666666666666666e-06
Sn08,27.869999999999997,1.633333333333333e-05
Sn08,27.93,3.6666666666666666e-05
Sn08,27.99,5.5333333333333334e-05
Sn08,28.049999999999997,9.4e-05
Sn08,28.11,0.000139
Sn08,28.17,0.000218
Sn08,28.229999999999997,0.00034666666666666667
Sn08,28.29,0.0005313333333333333
Sn08,28.35,0.000797
Sn08,28.409999999999997,0.0011696666666666667
Sn08,28.47,0.0016553333333333333
Sn08,28.53,0.002335
Sn08,28.589999999999996,0.003185
Sn08,28.65,0.004312333333333333
Sn08,28.71,0.005725333333333333
Sn08,28.769999999999996,0.007580666666666667
Sn08,28.83,0.009729333333333333
Sn08,28.89,0.012356333333333334
Sn08,28.95,0.015336333333333334
Sn08,29.009999999999998,0.018497
Sn08,29.07,0.022236666666666665
Sn08,29.13,0.026196333333333332
Sn08,29.189999999999998,0.03039033333333333
Sn08,29.25,0.03458566666666667
Sn08,29.31,0.038383
Sn08,29.369999999999997,0.04214966666666667
Sn08,29.43,0.04580666666666667
Sn08,29.49,0.04889366666666667
Sn08,29.549999999999997,0.051012666666666664
Sn08,29.61,0.052167333333333336
Sn08,29.67,0.052623666666666666
Sn08,29.729999999999997,0.05214733333333333
Sn08,29.79,0.050777
Sn08,29.85,0.04862366666666667
Sn08,29.909999999999997,0.045673
Sn08,29.97,0.042009333333333336
Sn08,30.03,0.03813366666666667
Sn08,30.089999999999996,0.034326333333333334
Sn08,30.15,0.030056
Sn08,30.21,0.025872666666666665
Sn08,30.269999999999996,0.021803333333333334
Sn08,30.33,0.018170333333333333
Sn08,30.39,0.014858666666666666
Sn08,30.45,0.011899666666666666
Sn08,30.509999999999998,0.009517666666666667
Sn08,30.57,0.007296666666666667
Sn08,30.63,0.005602666666666666
Sn08,30.689999999999998,0.004204333333333333
Sn08,30.75,0.003085
Sn08,30.81,0.002289
Sn08,30.869999999999997,0.001626
Sn08,30.93,0.00113
Sn08,30.99,0.0007836666666666667
Sn08,31.049999999999997,0.0005536666666666667
Sn08,31.11,0.00034666666666666667
Sn08,31.17,0.00020766666666666665
Sn08,31.229999999999997,0.00015
Sn08,31.29,0.00010733333333333333
Sn08,31.35,7.066666666666667e-05
Sn08,31.409999999999997,4.266666666666667e-05
Sn08,31.47,2.5333333333333334e-05
Sn08,31.53,1.4e-05
Sn08,31.589999999999996,6.666666666666667e-06
Sn08,31.65,4e-06
Sn08,31.71,6.666666666666667e-07
Sn08,31.769999999999996,3.3333333333333335e-07
Sn08,31.83,3.3333333333333335e-07
Sn08,31.89,0.0
Sn08,31.95,3.3333333333333335e-07
Sn08,32.01,6.666666666666667e-07
Ta08,27.21,3.3333333333333335e-07
Ta08,27.27,6.666666666666667e-07
Ta08,27.33,6.666666666666667e-07
Ta08,27.39,2e-06
Ta08,27.45,1.6666666666666667e-06
Ta08,27.509999999999998,4.333333333333333e-06
Ta08,27.57,6.333333333333333e-06
Ta08,27.63,1.3666666666666667e-05
Ta08,27.689999999999998,2.5e-05
Ta08,27.75,3.6666666666666666e-05
Ta08,27.81,6.733333333333333e-05
Ta08,27.869999999999997,9.633333333333333e-05
Ta08,27.93,0.00016866666666666666
Ta08,27.99,0.0002466666666666667
Ta08,28.049999999999997,0.00039633333333333334
Ta08,28.11,0.000581
Ta08,28.17,0.0008363333333333334
Ta08,28.229999999999997,0.0012306666666666666
Ta08,28.29,0.0017046666666666666
Ta08,28.35,0.002399
Ta08,28.409999999999997,0.0032346666666666665
Ta08,28.47,0.004376666666666667
Ta08,28.53,0.005793
Ta08,28.589999999999996,0.007464
Ta08,28.65,0.009651333333333333
Ta08,28.71,0.011938666666666667
Ta08,28.769999999999996,0.014943666666666666
Ta08,28.83,0.017924
Ta08,28.89,0.021621333333333333
Ta08,28.95,0.025124
Ta08,29.009999999999998,0.029194333333333333
Ta08,29.07,0.03290066666666667
Ta08,29.13,0.03702066666666667
Ta08,29.189999999999998,0.04064266666666667
Ta08,29.25,0.04410833333333333
Ta08,29.31,0.04684766666666667
Ta08,29.369999999999997,0.049171
Ta08,29.43,0.05069933333333333
Ta08,29.49,0.05139066666666667
Ta08,29.549999999999997,0.05110133333333333
Ta08,29.61,0.050189
Ta08,29.67,0.04819333333333333
Ta08,29.729999999999997,0.045837333333333334
Ta08,29.79,0.04260766666666667
Ta08,29.85,0.03925066666666667
Ta08,29.909999999999997,0.035237
Ta08,29.97,0.03132566666666667
Ta08,30.03,0.027313
Ta08,30.089999999999996,0.023496333333333334
Ta08,30.15,0.019728
Ta08,30.21,0.016437666666666666
Ta08,30.269999999999996,0.013282333333333333
Ta08,30.33,0.010801666666666666
Ta08,30.39,0.008412
Ta08,30.45,0.00665
Ta08,30.509999999999998,0.004975666666666666
Ta08,30.57,0.0038233333333333335
Ta08,30.63,0.0027936666666666665
Ta08,30.689999999999998,0.002043
Ta08,30.75,0.0014716666666666667
Ta08,30.81,0.0010323333333333332
Ta08,30.869999999999997,0.0007206666666666667
Ta08,30.93,0.0004746666666666667
Ta08,30.99,0.000334
Ta08,31.049999999999997,0.00021466666666666666
Ta08,31.11,0.00014133333333333334
Ta08,31.17,9.1e-05
Ta08,31.229999999999997,6.266666666666667e-05
Ta08,31.29,4.1666666666666665e-05
Ta08,31.35,2.2333333333333332e-05
Ta08,31.409999999999997,1.4666666666666666e-05
Ta08,31.47,7.666666666666667e-06
Ta08,31.53,3.3333333333333333e-06
Ta08,31.589999999999996,2.333333333333333e-06
Ta08,31.65,0.0
Ta08,31.71,6.666666666666667e-07
Ta08,31.769999999999996,0.0
Ta08,31.83,3.3333333333333335e-07
Ta08,31.89,0.0
Ta08,31.95,3.3333333333333335e-07
Cu08,26.909999999999997,3.3333333333333335e-07
Cu08,26.97,3.3333333333333335e-07
Cu08,27.03,1e-06
Cu08,27.089999999999996,1.3333333333333334e-06
Cu08,27.15,1.3333333333333334e-06
Cu08,27.21,3.3333333333333333e-06
Cu08,27.27,5.333333333333334e-06
Cu08,27.33,1.1e-05
Cu08,27.39,2e-05
Cu08,27.45,2.9e-05
Cu08,27.509999999999998,5.6666666666666664e-05
Cu08,27.57,8.2e-05
Cu08,27.63,0.00012966666666666666
Cu08,27.689999999999998,0.000215
Cu08,27.75,0.00030966666666666664
Cu08,27.81,0.000491
Cu08,27.869999999999997,0.0006826666666666667
Cu08,27.93,0.0010246666666666666
Cu08,27.99,0.001435
Cu08,28.049999999999997,0.0020066666666666666
Cu08,28.11,0.0027606666666666665
Cu08,28.17,0.0036403333333333335
Cu08,28.229999999999997,0.004969
Cu08,28.29,0.006392666666666666
Cu08,28.35,0.008321333333333333
Cu08,28.409999999999997,0.010404
Cu08,28.47,0.012975333333333334
Cu08,28.53,0.015848333333333332
Cu08,28.589999999999996,0.019096333333333333
Cu08,28.65,0.022674
Cu08,28.71,0.026344333333333334
Cu08,28.769999999999996,0.030123666666666667
Cu08,28.83,0.03395666666666667
Cu08,28.89,0.03786
Cu08,28.95,0.041223
Cu08,29.009999999999998,0.044510666666666664
Cu08,29.07,0.047030666666666665
Cu08,29.13,0.049044333333333336
Cu08,29.189999999999998,0.050424333333333335
Cu08,29.25,0.050702333333333335
Cu08,29.31,0.050456
Cu08,29.369999999999997,0.04917333333333333
Cu08,29.43,0.047114
Cu08,29.49,0.04472866666666667
Cu08,29.549999999999997,0.041488333333333335
Cu08,29.61,0.038033333333333336
Cu08,29.67,0.034265666666666666
Cu08,29.729999999999997,0.030204333333333333
Cu08,29.79,0.026509666666666667
Cu08,29.85,0.022650333333333335
Cu08,29.909999999999997,0.019071333333333332
Cu08,29.97,0.015844
Cu08,30.03,0.012838333333333334
Cu08,30.089999999999996,0.010441
Cu08,30.15,0.008117666666666667
Cu08,30.21,0.006457
Cu08,30.269999999999996,0.004830333333333333
Cu08,30.33,0.0036953333333333335
Cu08,30.39,0.0027153333333333335
Cu08,30.45,0.002007
Cu08,30.509999999999998,0.0014283333333333333
Cu08,30.57,0.0010083333333333333
Cu08,30.63,0.0007136666666666667
Cu08,30.689999999999998,0.00046466666666666667
Cu08,30.75,0.00033233333333333335
Cu08,30.81,0.00021666666666666666
Cu08,30.869999999999997,0.00013833333333333333
Cu08,30.93,9.166666666666667e-05
Cu08,30.99,6.133333333333334e-05
Cu08,31.049999999999997,4.266666666666667e-05
Cu08,31.11,2.4e-05
Cu08,31.17,1.4e-05
Cu08,31.229999999999997,8e-06
Cu08,31.29,2.666666666666667e-06
Cu08,31.35,2.666666666666667e-06
Cu08,31.409999999999997,3.3333333333333335e-07
Cu08,31.47,6.666666666666667e-07
Cu08,31.53,0.0
Cu08,31.589999999999996,3.3333333333333335e-07
Cu08,31.65,0.0
Cu08,31.71,3.3333333333333335e-07
Al_degrader_E2_E1,24.689999999999998,1.4285714285714285e-07
Al_degrader_E2_E1,24.75,1.4285714285714285e-07
Al_degrader_E2_E1,24.81,1.4285714285714285e-07
Al_degrader_E2_E1,24.869999999999997,2.857142857142857e-07
Al_degrader_E2_E1,24.93,4.2857142857142857e-07
Al_degrader_E2_E1,24.990000000000002,7.142857142857143e-07
Al_degrader_E2_E1,25.049999999999997,1.1428571428571428e-06
Al_degrader_E2_E1,25.11,1.857142857142857e-06
Al_degrader_E2_E1,25.17,4.857142857142857e-06
Al_degrader_E2_E1,25.229999999999997,7.428571428571428e-06
Al_degrader_E2_E1,25.29,9.428571428571428e-06
Al_degrader_E2_E1,25.35,1.8714285714285714e-05
Al_degrader_E2_E1,25.409999999999997,2.357142857142857e-05
Al_degrader_E2_E1,25.47,3.757142857142857e-05
Al_degrader_E2_E1,25.53,5.942857142857143e-05
Al_degrader_E2_E1,25.589999999999996,8.6e-05
Al_degrader_E2_E1,25.65,0.00013342857142857142
Al_degrader_E2_E1,25.71,0.000175
Al_degrader_E2_E1,25.77,0.00025785714285714284
Al_degrader_E2_E1,25.83,0.0003497142857142857
Al_degrader_E2_E1,25.89,0.0004705714285714286
Al_degrader_E2_E1,25.95,0.000643
Al_degrader_E2_E1,26.009999999999998,0.0008522857142857143
Al_degrader_E2_E1,26.07,0.001109857142857143
Al_degrader_E2_E1,26.13,0.001463
Al_degrader_E2_E1,26.189999999999998,0.0018351428571428572
Al_degrader_E2_E1,26.25,0.002330714285714286
Al_degrader_E2_E1,26.31,0.0028647142857142855
Al_degrader_E2_E1,26.369999999999997,0.003525
Al_degrader_E2_E1,26.43,0.004217571428571428
Al_degrader_E2_E1,26.49,0.005109571428571429
Al_degrader_E2_E1,26.549999999999997,0.006006285714285714
Al_degrader_E2_E1,26.61,0.007021857142857143
Al_degrader_E2_E1,26.67,0.008049571428571429
Al_degrader_E2_E1,26.729999999999997,0.009159142857142857
Al_degrader_E2_E1,26.79,0.010327285714285714
Al_degrader_E2_E1,26.85,0.011681142857142857
Al_degrader_E2_E1,26.909999999999997,0.012850714285714286
Al_degrader_E2_E1,26.97,0.014055428571428571
Al_degrader_E2_E1,27.03,0.015216142857142857
Al_degrader_E2_E1,27.089999999999996,0.016277142857142858
Al_degrader_E2_E1,27.15,0.01744542857142857
Al_degrader_E2_E1,27.21,0.018530714285714286
Al_degrader_E2_E1,27.27,0.019463857142857144
Al_degrader_E2_E1,27.33,0.020273285714285716
Al_degrader_E2_E1,27.39,0.020910571428571428
Al_degrader_E2_E1,27.45,0.021627714285714285
Al_degrader_E2_E1,27.509999999999998,0.022260714285714286
Al_degrader_E2_E1,27.57,0.02283742857142857
Al_degrader_E2_E1,27.63,0.023313714285714285
Al_degrader_E2_E1,27.689999999999998,0.023467142857142857
Al_degrader_E2_E1,27.75,0.023716428571428572
Al_degrader_E2_E1,27.81,0.024042428571428572
Al_degrader_E2_E1,27.869999999999997,0.024221857142857142
Al_degrader_E2_E1,27.93,0.024534714285714285
Al_degrader_E2_E1,27.99,0.024595285714285715
Al_degrader_E2_E1,28.049999999999997,0.024550714285714287
Al_degrader_E2_E1,28.11,0.024601
Al_degrader_E2_E1,28.17,0.024639142857142856
Al_degrader_E2_E1,28.229999999999997,0.02476314285714286
Al_degrader_E2_E1,28.29,0.024737142857142857
Al_degrader_E2_E1,28.35,0.02460285714285714
Al_degrader_E2_E1,28.409999999999997,0.024384857142857142
Al_degrader_E2_E1,28.47,0.024185857142857144
Al_degrader_E2_E1,28.53,0.024003714285714284
Al_degrader_E2_E1,28.589999999999996,0.02374314285714286
Al_degrader_E2_E1,28.65,0.023383142857142856
Al_degrader_E2_E1,28.71,0.02274057142857143
Al_degrader_E2_E1,28.769999999999996,0.022050714285714285
Al_degrader_E2_E1,28.83,0.02139457142857143
Al_degrader_E2_E1,28.89,0.02058885714285714
Al_degrader_E2_E1,28.95,0.01973642857142857
Al_degrader_E2_E1,29.009999999999998,0.018657714285714284
Al_degrader_E2_E1,29.07,0.017371285714285714
Al_degrader_E2_E1,29.13,0.016206714285714286
Al_degrader_E2_E1,29.189999999999998,0.014931142857142856
Al_degrader_E2_E1,29.25,0.013583142857142858
Al_degrader_E2_E1,29.31,0.012275285714285714
Al_degrader_E2_E1,29.369999999999997,0.010897142857142857
Al_degrader_E2_E1,29.43,0.009502142857142857
Al_degrader_E2_E1,29.49,0.008315571428571429
Al_degrader_E2_E1,29.549999999999997,0.0071082857142857146
Al_degrader_E2_E1,29.61,0.0060698571428571425
Al_degrader_E2_E1,29.67,0.005045285714285714
Al_degrader_E2_E1,29.729999999999997,0.004089714285714286
Al_degrader_E2_E1,29.79,0.003366714285714286
Al_degrader_E2_E1,29.85,0.002664285714285714
Al_degrader_E2_E1,29.909999999999997,0.002109142857142857
Al_degrader_E2_E1,29.97,0.001646
Al_degrader_E2_E1,30.03,0.0012387142857142857
Al_degrader_E2_E1,30.089999999999996,0.0009555714285714286
Al_degrader_E2_E1,30.15,0.000693
Al_degrader_E2_E1,30.21,0.0005108571428571429
Al_degrader_E2_E1,30.269999999999996,0.000366
Al_degrader_E2_E1,30.33,0.0002645714285714286
Al_degrader_E2_E1,30.39,0.00017757142857142857
Al_degrader_E2_E1,30.45,0.000129
Al_degrader_E2_E1,30.509999999999998,9.157142857142857e-05
Al_degrader_E2_E1,30.57,5.228571428571429e-05
Al_degrader_E2_E1,30.63,3.4142857142857145e-05
Al_degrader_E2_E1,30.689999999999998,2.2285714285714287e-05
Al_degrader_E2_E1,30.75,1.8e-05
Al_degrader_E2_E1,30.81,1.2e-05
Al_degrader_E2_E1,30.869999999999997,5.7142857142857145e-06
Al_degrader_E2_E1,30.93,3.5714285714285714e-06
Al_degrader_E2_E1,30.99,2.4285714285714284e-06
Al_degrader_E2_E1,31.049999999999997,1.1428571428571428e-06
Al_degrader_E2_E1,31.11,5.714285714285714e-07
Al_degrader_E2_E1,31.17,1.4285714285714285e-07
Al_degrader_E2_E1,31.229999999999997,1.4285714285714285e-07
Al_degrader_E2_E1,31.29,0.0
Al_degrader_E2_E1,31.35,0.0
Al_degrader_E2_E1,31.409999999999997,0.0
Al_degrader_E2_E1,31.47,1.4285714285714285e-07
Ni09,24.39,3.3333333333333335e-07
Ni09,24.45,6.666666666666667e-07
Ni09,24.509999999999998,6.666666666666667e-07
Ni09,24.57,1.3333333333333334e-06
Ni09,24.63,1.3333333333333334e-06
Ni09,24.689999999999998,2.333333333333333e-06
Ni09,24.75,4.333333333333333e-06
Ni09,24.81,8.333333333333334e-06
Ni09,24.869999999999997,1.6e-05
Ni09,24.93,2.5333333333333334e-05
Ni09,24.990000000000002,3.633333333333333e-05
Ni09,25.049999999999997,6.566666666666667e-05
Ni09,25.11,8.733333333333333e-05
Ni09,25.17,0.00013866666666666666
Ni09,25.229999999999997,0.00022066666666666667
Ni09,25.29,0.000313
Ni09,25.35,0.00045566666666666667
Ni09,25.409999999999997,0.000641
Ni09,25.47,0.0009343333333333333
Ni09,25.53,0.001278
Ni09,25.589999999999996,0.0017056666666666667
Ni09,25.65,0.002377666666666667
Ni09,25.71,0.003077
Ni09,25.77,0.004072666666666666
Ni09,25.83,0.005267666666666667
Ni09,25.89,0.006645
Ni09,25.95,0.008452333333333333
Ni09,26.009999999999998,0.010286333333333333
Ni09,26.07,0.012659
Ni09,26.13,0.015183333333333333
Ni09,26.189999999999998,0.018017
Ni09,26.25,0.021118
Ni09,26.31,0.024273333333333334
Ni09,26.369999999999997,0.027593666666666666
Ni09,26.43,0.030827666666666666
Ni09,26.49,0.03428866666666667
Ni09,26.549999999999997,0.037426
Ni09,26.61,0.040319
Ni09,26.67,0.04276066666666667
Ni09,26.729999999999997,0.044736
Ni09,26.79,0.04619633333333333
Ni09,26.85,0.04728966666666667
Ni09,26.909999999999997,0.047289333333333336
Ni09,26.97,0.04690166666666667
Ni09,27.03,0.045619
Ni09,27.089999999999996,0.043852666666666665
Ni09,27.15,0.04183733333333333
Ni09,27.21,0.038926666666666665
Ni09,27.27,0.036035
Ni09,27.33,0.032814
Ni09,27.39,0.029215
Ni09,27.45,0.025911
Ni09,27.509999999999998,0.022594
Ni09,27.57,0.019383
Ni09,27.63,0.016558
Ni09,27.689999999999998,0.013567
Ni09,27.75,0.011276
Ni09,27.81,0.009150333333333333
Ni09,27.869999999999997,0.007246
Ni09,27.93,0.005837666666666666
Ni09,27.99,0.004444
Ni09,28.049999999999997,0.00341
Ni09,28.11,0.0025913333333333335
Ni09,28.17,0.00193
Ni09,28.229999999999997,0.001448
Ni09,28.29,0.0010193333333333332
Ni09,28.35,0.0007356666666666667
Ni09,28.409999999999997,0.0005153333333333334
Ni09,28.47,0.000352
Ni09,28.53,0.00026333333333333336
Ni09,28.589999999999996,0.00015466666666666667
Ni09,28.65,0.00011233333333333333
Ni09,28.71,7.333333333333333e-05
Ni09,28.769999999999996,5e-05
Ni09,28.83,3.6666666666666666e-05
Ni09,28.89,1.9e-05
Ni09,28.95,1.3e-05
Ni09,29.009999999999998,7.333333333333333e-06
Ni09,29.07,2e-06
Ni09,29.13,3.3333333333333333e-06
Ni09,29.189999999999998,3.3333333333333335e-07
Ni09,29.25,3.3333333333333335e-07
Ni09,29.31,3.3333333333333335e-07
Ni09,29.369999999999997,3.3333333333333335e-07
Ni09,29.43,0.0
Ni09,29.49,0.0
Ni09,29.549999999999997,3.3333333333333335e-07
Sn09,24.27,3.3333333333333335e-07
Sn09,24.33,6.666666666666667e-07
Sn09,24.39,1e-06
Sn09,24.45,2e-06
Sn09,24.509999999999998,2.333333333333333e-06
Sn09,24.57,3e-06
Sn09,24.63,5e-06
Sn09,24.689999999999998,9e-06
Sn09,24.75,1.8666666666666665e-05
Sn09,24.81,3.433333333333333e-05
Sn09,24.869999999999997,5.2e-05
Sn09,24.93,8.233333333333333e-05
Sn09,24.990000000000002,0.00012
Sn09,25.049999999999997,0.00018433333333333333
Sn09,25.11,0.000267
Sn09,25.17,0.00040533333333333334
Sn09,25.229999999999997,0.0006203333333333333
Sn09,25.29,0.0008583333333333333
Sn09,25.35,0.0012003333333333334
Sn09,25.409999999999997,0.001654
Sn09,25.47,0.0022546666666666665
Sn09,25.53,0.0030106666666666667
Sn09,25.589999999999996,0.003958333333333334
Sn09,25.65,0.005129333333333333
Sn09,25.71,0.006664666666666667
Sn09,25.77,0.008418666666666666
Sn09,25.83,0.010524666666666667
Sn09,25.89,0.012889666666666667
Sn09,25.95,0.015580333333333333
Sn09,26.009999999999998,0.018415333333333332
Sn09,26.07,0.021657333333333334
Sn09,26.13,0.025187
Sn09,26.189999999999998,0.028628
Sn09,26.25,0.032175
Sn09,26.31,0.035439
Sn09,26.369999999999997,0.03855733333333333
Sn09,26.43,0.041757333333333334
Sn09,26.49,0.04446833333333333
Sn09,26.549999999999997,0.04652333333333333
Sn09,26.61,0.04784
Sn09,26.67,0.04837866666666667
Sn09,26.729999999999997,0.048413
Sn09,26.79,0.04766366666666667
Sn09,26.85,0.04627833333333333
Sn09,26.909999999999997,0.04423866666666667
Sn09,26.97,0.04174
Sn09,27.03,0.03839666666666667
Sn09,27.089999999999996,0.035206666666666664
Sn09,27.15,0.031962
Sn09,27.21,0.028273333333333334
Sn09,27.27,0.024859333333333334
Sn09,27.33,0.021229333333333333
Sn09,27.39,0.017962
Sn09,27.45,0.015074666666666667
Sn09,27.509999999999998,0.012339
Sn09,27.57,0.010153666666666667
Sn09,27.63,0.008022333333333333
Sn09,27.689999999999998,0.006354
Sn09,27.75,0.004898666666666667
Sn09,27.81,0.003765
Sn09,27.869999999999997,0.0028343333333333332
Sn09,27.93,0.002141333333333333
Sn09,27.99,0.001578
Sn09,28.049999999999997,0.0011083333333333333
Sn09,28.11,0.000803
Sn09,28.17,0.0005733333333333334
Sn09,28.229999999999997,0.0003896666666666667
Sn09,28.29,0.000245
Sn09,28.35,0.00016666666666666666
Sn09,28.409999999999997,0.000121
Sn09,28.47,9.133333333333334e-05
Sn09,28.53,5.566666666666667e-05
Sn09,28.589999999999996,3.566666666666667e-05
Sn09,28.65,2.2666666666666668e-05
Sn09,28.71,1.2333333333333333e-05
Sn09,28.769999999999996,6.666666666666667e-06
Sn09,28.83,4.333333333333333e-06
Sn09,28.89,6.666666666666667e-07
Sn09,28.95,3.3333333333333335e-07
Sn09,29.009999999999998,3.3333333333333335e-07
Sn09,29.07,0.0
Sn09,29.13,0.0
Sn09,29.189999999999998,6.666666666666667e-07
Sn09,29.25,3.3333333333333335e-07
Ta09,23.97,3.3333333333333335e-07
Ta09,24.03,0.0
Ta09,24.089999999999996,6.666666666666667e-07
Ta09,24.15,6.666666666666667e-07
Ta09,24.21,1.6666666666666667e-06
Ta09,24.27,2e-06
Ta09,24.33,3.3333333333333333e-06
Ta09,24.39,4.333333333333333e-06
Ta09,24.45,9.666666666666667e-06
Ta09,24.509999999999998,1.8333333333333333e-05
Ta09,24.57,2.6333333333333334e-05
Ta09,24.63,4.0333333333333336e-05
Ta09,24.689999999999998,7.6e-05
Ta09,24.75,9.566666666666667e-05
Ta09,24.81,0.00015333333333333334
Ta09,24.869999999999997,0.00023
Ta09,24.93,0.0003446666666666667
Ta09,24.990000000000002,0.0004923333333333333
Ta09,25.049999999999997,0.0006936666666666667
Ta09,25.11,0.001002
Ta09,25.17,0.0013556666666666667
Ta09,25.229999999999997,0.0018603333333333334
Ta09,25.29,0.002477
Ta09,25.35,0.0032623333333333332
Ta09,25.409999999999997,0.004291666666666667
Ta09,25.47,0.005504
Ta09,25.53,0.0069696666666666665
Ta09,25.589999999999996,0.008840666666666667
Ta09,25.65,0.010684666666666667
Ta09,25.71,0.013161
Ta09,25.77,0.015646
Ta09,25.83,0.018659666666666668
Ta09,25.89,0.021606
Ta09,25.95,0.024979333333333333
Ta09,26.009999999999998,0.028199333333333333
Ta09,26.07,0.03149933333333333
Ta09,26.13,0.034878
Ta09,26.189999999999998,0.037893666666666666
Ta09,26.25,0.040793
Ta09,26.31,0.043124666666666665
Ta09,26.369999999999997,0.04512666666666667
Ta09,26.43,0.04642433333333333
Ta09,26.49,0.04736066666666667
Ta09,26.549999999999997,0.04710966666666667
Ta09,26.61,0.04674
Ta09,26.67,0.04534333333333333
Ta09,26.729999999999997,0.043520666666666666
Ta09,26.79,0.041203666666666666
Ta09,26.85,0.038421
Ta09,26.909999999999997,0.03541866666666667
Ta09,26.97,0.032135333333333335
Ta09,27.03,0.028649333333333332
Ta09,27.089999999999996,0.025244333333333334
Ta09,27.15,0.022075666666666667
Ta09,27.21,0.018626666666666666
Ta09,27.27,0.016049333333333332
Ta09,27.33,0.013079
Ta09,27.39,0.010925666666666667
Ta09,27.45,0.008764666666666667
Ta09,27.509999999999998,0.0069756666666666665
Ta09,27.57,0.005559666666666667
Ta09,27.63,0.004225666666666667
Ta09,27.689999999999998,0.003305
Ta09,27.75,0.0024416666666666666
Ta09,27.81,0.001843
Ta09,27.869999999999997,0.0013536666666666666
Ta09,27.93,0.0009806666666666666
Ta09,27.99,0.000701
Ta09,28.049999999999997,0.00048466666666666667
Ta09,28.11,0.0003336666666666667
Ta09,28.17,0.00024366666666666666
Ta09,28.229999999999997,0.000147
Ta09,28.29,0.00010866666666666666
Ta09,28.35,6.933333333333333e-05
Ta09,28.409999999999997,5.3666666666666666e-05
Ta09,28.47,3.066666666666667e-05
Ta09,28.53,1.9e-05
Ta09,28.589999999999996,1e-05
Ta09,28.65,7.333333333333333e-06
Ta09,28.71,2.333333333333333e-06
Ta09,28.769999999999996,2.333333333333333e-06
Ta09,28.83,3.3333333333333335e-07
Ta09,28.89,3.3333333333333335e-07
Ta09,28.95,3.3333333333333335e-07
Ta09,29.009999999999998,0.0
Ta09,29.07,3.3333333333333335e-07
Ta09,29.13,0.0
Ta09,29.189999999999998,3.3333333333333335e-07
Cu09,23.67,3.3333333333333335e-07
Cu09,23.729999999999997,3.3333333333333335e-07
Cu09,23.79,3.3333333333333335e-07
Cu09,23.85,1e-06
Cu09,23.909999999999997,1.3333333333333334e-06
Cu09,23.97,2e-06
Cu09,24.03,3.3333333333333333e-06
Cu09,24.089999999999996,4.666666666666666e-06
Cu09,24.15,1.0666666666666667e-05
Cu09,24.21,1.8e-05
Cu09,24.27,2.7e-05
Cu09,24.33,4.133333333333333e-05
Cu09,24.39,7.066666666666667e-05
Cu09,24.45,9.633333333333333e-05
Cu09,24.509999999999998,0.00015266666666666667
Cu09,24.57,0.000225
Cu09,24.63,0.000336
Cu09,24.689999999999998,0.0004783333333333333
Cu09,24.75,0.0006623333333333334
Cu09,24.81,0.0009676666666666667
Cu09,24.869999999999997,0.0013036666666666667
Cu09,24.93,0.0017603333333333334
Cu09,24.990000000000002,0.0023716666666666665
Cu09,25.049999999999997,0.003099
Cu09,25.11,0.004084
Cu09,25.17,0.005242
Cu09,25.229999999999997,0.0065713333333333335
Cu09,25.29,0.008398333333333334
Cu09,25.35,0.010149333333333333
Cu09,25.409999999999997,0.012446666666666667
Cu09,25.47,0.014863
Cu09,25.53,0.017647333333333334
Cu09,25.589999999999996,0.020709
Cu09,25.65,0.023739
Cu09,25.71,0.026952
Cu09,25.77,0.030046333333333335
Cu09,25.83,0.033475333333333336
Cu09,25.89,0.036575333333333335
Cu09,25.95,0.03936933333333333
Cu09,26.009999999999998,0.041841666666666666
Cu09,26.07,0.04389833333333333
Cu09,26.13,0.045420666666666665
Cu09,26.189999999999998,0.04652666666666667
Cu09,26.25,0.046633666666666664
Cu09,26.31,0.046454333333333334
Cu09,26.369999999999997,0.04541666666666667
Cu09,26.43,0.043767
Cu09,26.49,0.04190633333333333
Cu09,26.549999999999997,0.03908
Cu09,26.61,0.03647433333333333
Cu09,26.67,0.033300666666666666
Cu09,26.729999999999997,0.029866
Cu09,26.79,0.026611666666666665
Cu09,26.85,0.023524
Cu09,26.909999999999997,0.020147666666666668
Cu09,26.97,0.017323333333333333
Cu09,27.03,0.014446666666666667
Cu09,27.089999999999996,0.0119
Cu09,27.15,0.00991
Cu09,27.21,0.007785
Cu09,27.27,0.006359666666666666
Cu09,27.33,0.004902
Cu09,27.39,0.0038226666666666665
Cu09,27.45,0.0029476666666666666
Cu09,27.509999999999998,0.002184666666666667
Cu09,27.57,0.0016253333333333332
Cu09,27.63,0.0012086666666666667
Cu09,27.689999999999998,0.0008626666666666666
Cu09,27.75,0.0006166666666666666
Cu09,27.81,0.0004113333333333333
Cu09,27.869999999999997,0.00031
Cu09,27.93,0.00020666666666666666
Cu09,27.99,0.000133
Cu09,28.049999999999997,9.7e-05
Cu09,28.11,6.1e-05
Cu09,28.17,4.8333333333333334e-05
Cu09,28.229999999999997,2.9e-05
Cu09,28.29,1.5666666666666667e-05
Cu09,28.35,9e-06
Cu09,28.409999999999997,6.333333333333333e-06
Cu09,28.47,2.666666666666667e-06
Cu09,28.53,1.6666666666666667e-06
Cu09,28.589999999999996,0.0
Cu09,28.65,6.666666666666667e-07
Cu09,28.71,0.0
Cu09,28.769999999999996,3.3333333333333335e-07
Cu09,28.83,0.0
Cu09,28.89,0.0
Cu09,28.95,3.3333333333333335e-07
Al_degrader_E4_E3,21.21,1.1111111111111111e-07
Al_degrader_E4_E3,21.27,1.1111111111111111e-07
Al_degrader_E4_E3,21.33,1.1111111111111111e-07
Al_degrader_E4_E3,21.39,1.1111111111111111e-07
Al_degrader_E4_E3,21.45,3.3333333333333335e-07
Al_degrader_E4_E3,21.509999999999998,3.3333333333333335e-07
Al_degrader_E4_E3,21.57,5.555555555555555e-07
Al_degrader_E4_E3,21.63,1.111111111111111e-06
Al_degrader_E4_E3,21.689999999999998,1.8888888888888888e-06
Al_degrader_E4_E3,21.75,3.3333333333333333e-06
Al_degrader_E4_E3,21.81,5.666666666666667e-06
Al_degrader_E4_E3,21.869999999999997,6.111111111111111e-06
Al_degrader_E4_E3,21.93,1.1e-05
Al_degrader_E4_E3,21.990000000000002,1.677777777777778e-05
Al_degrader_E4_E3,22.049999999999997,2.3555555555555556e-05
Al_degrader_E4_E3,22.11,3.3777777777777776e-05
Al_degrader_E4_E3,22.17,5.177777777777778e-05
Al_degrader_E4_E3,22.229999999999997,6.933333333333333e-05
Al_degrader_E4_E3,22.29,0.00010633333333333333
Al_degrader_E4_E3,22.35,0.00013233333333333334
Al_degrader_E4_E3,22.409999999999997,0.00019133333333333334
Al_degrader_E4_E3,22.47,0.00025244444444444446
Al_degrader_E4_E3,22.53,0.000339
Al_degrader_E4_E3,22.589999999999996,0.0004478888888888889
Al_degrader_E4_E3,22.65,0.0005787777777777778
Al_degrader_E4_E3,22.71,0.0007402222222222222
Al_degrader_E4_E3,22.77,0.0009701111111111112
Al_degrader_E4_E3,22.83,0.0012148888888888888
Al_degrader_E4_E3,22.89,0.0015138888888888888
Al_degrader_E4_E3,22.95,0.0018841111111111111
Al_degrader_E4_E3,23.009999999999998,0.0022767777777777777
Al_degrader_E4_E3,23.07,0.0027865555555555556
Al_degrader_E4_E3,23.13,0.0033061111111111112
Al_degrader_E4_E3,23.189999999999998,0.003940888888888889
Al_degrader_E4_E3,23.25,0.004652888888888889
Al_degrader_E4_E3,23.31,0.005358777777777777
Al_degrader_E4_E3,23.369999999999997,0.006222111111111111
Al_degrader_E4_E3,23.43,0.007031555555555556
Al_degrader_E4_E3,23.490000000000002,0.007990111111111111
Al_degrader_E4_E3,23.549999999999997,0.008994666666666666
Al_degrader_E4_E3,23.61,0.009995555555555556
Al_degrader_E4_E3,23.67,0.011066888888888888
Al_degrader_E4_E3,23.729999999999997,0.011994222222222222
Al_degrader_E4_E3,23.79,0.013082444444444445
Al_degrader_E4_E3,23.85,0.014106333333333334
Al_degrader_E4_E3,23.909999999999997,0.015103444444444444
Al_degrader_E4_E3,23.97,0.016032333333333332
Al_degrader_E4_E3,24.03,0.016896555555555557
Al_degrader_E4_E3,24.089999999999996,0.017774555555555554
Al_degrader_E4_E3,24.15,0.01853577777777778
Al_degrader_E4_E3,24.21,0.019207222222222223
Al_degrader_E4_E3,24.27,0.019895222222222224
Al_degrader_E4_E3,24.33,0.020428333333333333
Al_degrader_E4_E3,24.39,0.02099777777777778
Al_degrader_E4_E3,24.45,0.021396
Al_degrader_E4_E3,24.509999999999998,0.021773333333333332
Al_degrader_E4_E3,24.57,0.022108555555555555
Al_degrader_E4_E3,24.63,0.022328888888888888
Al_degrader_E4_E3,24.689999999999998,0.022659666666666668
Al_degrader_E4_E3,24.75,0.022807333333333332
Al_degrader_E4_E3,24.81,0.023015888888888888
Al_degrader_E4_E3,24.869999999999997,0.023026222222222222
Al_degrader_E4_E3,24.93,0.023147777777777778
Al_degrader_E4_E3,24.990000000000002,0.023270444444444444
Al_degrader_E4_E3,25.049999999999997,0.023273222222222223
Al_degrader_E4_E3,25.11,0.023321555555555557
Al_degrader_E4_E3,25.17,0.023165666666666668
Al_degrader_E4_E3,25.229999999999997,0.023254444444444446
Al_degrader_E4_E3,25.29,0.02306022222222222
Al_degrader_E4_E3,25.35,0.02292088888888889
Al_degrader_E4_E3,25.409999999999997,0.022713
Al_degrader_E4_E3,25.47,0.022411888888888887
Al_degrader_E4_E3,25.53,0.02214988888888889
Al_degrader_E4_E3,25.589999999999996,0.021698444444444444
Al_degrader_E4_E3,25.65,0.021245
Al_degrader_E4_E3,25.71,0.02057788888888889
Al_degrader_E4_E3,25.77,0.019952
Al_degrader_E4_E3,25.83,0.019207666666666668
Al_degrader_E4_E3,25.89,0.018394
Al_degrader_E4_E3,25.95,0.017426
Al_degrader_E4_E3,26.009999999999998,0.016499555555555556
Al_degrader_E4_E3,26.07,0.015450333333333333
Al_degrader_E4_E3,26.13,0.01422688888888889
Al_degrader_E4_E3,26.189999999999998,0.013136777777777778
Al_degrader_E4_E3,26.25,0.011934666666666666
Al_degrader_E4_E3,26.31,0.01083588888888889
Al_degrader_E4_E3,26.369999999999997,0.00968411111111111
Al_degrader_E4_E3,26.43,0.008517777777777779
Al_degrader_E4_E3,26.49,0.007459222222222222
Al_degrader_E4_E3,26.549999999999997,0.006457
Al_degrader_E4_E3,26.61,0.005581444444444444
Al_degrader_E4_E3,26.67,0.004665666666666667
Al_degrader_E4_E3,26.729999999999997,0.003927444444444444
Al_degrader_E4_E3,26.79,0.0032186666666666666
Al_degrader_E4_E3,26.85,0.0026466666666666665
Al_degrader_E4_E3,26.909999999999997,0.0021244444444444444
Al_degrader_E4_E3,26.97,0.0016887777777777778
Al_degrader_E4_E3,27.03,0.0013426666666666667
Al_degrader_E4_E3,27.089999999999996,0.0010313333333333333
Al_degrader_E4_E3,27.15,0.0008063333333333334
Al_degrader_E4_E3,27.21,0.0005903333333333333
Al_degrader_E4_E3,27.27,0.00045022222222222225
Al_degrader_E4_E3,27.33,0.00033233333333333335
Al_degrader_E4_E3,27.39,0.0002446666666666667
Al_degrader_E4_E3,27.45,0.0001751111111111111
Al_degrader_E4_E3,27.509999999999998,0.000123
Al_degrader_E4_E3,27.57,8.655555555555555e-05
Al_degrader_E4_E3,27.63,6.444444444444444e-05
Al_degrader_E4_E3,27.689999999999998,3.988888888888889e-05
Al_degrader_E4_E3,27.75,2.522222222222222e-05
Al_degrader_E4_E3,27.81,1.633333333333333e-05
Al_degrader_E4_E3,27.869999999999997,1.4111111111111112e-05
Al_degrader_E4_E3,27.93,8.777777777777778e-06
Al_degrader_E4_E3,27.99,5.1111111111111115e-06
Al_degrader_E4_E3,28.049999999999997,3.6666666666666666e-06
Al_degrader_E4_E3,28.11,1.8888888888888888e-06
Al_degrader_E4_E3,28.17,8.888888888888889e-07
Al_degrader_E4_E3,28.229999999999997,1e-06
Al_degrader_E4_E3,28.29,1.1111111111111111e-07
Al_degrader_E4_E3,28.35,0.0
Al_degrader_E4_E3,28.409999999999997,2.2222222222222222e-07
Al_degrader_E4_E3,28.47,0.0
Al_degrader_E4_E3,28.53,0.0
Al_degrader_E4_E3,28.589999999999996,0.0
Al_degrader_E4_E3,28.65,1.1111111111111111e-07
Ni10,20.85,3.3333333333333335e-07
Ni10,20.909999999999997,3.3333333333333335e-07
Ni10,20.97,3.3333333333333335e-07
Ni10,21.03,1e-06
Ni10,21.089999999999996,1.3333333333333334e-06
Ni10,21.15,1.3333333333333334e-06
Ni10,21.21,2.666666666666667e-06
Ni10,21.27,3.6666666666666666e-06
Ni10,21.33,7e-06
Ni10,21.39,1.1666666666666666e-05
Ni10,21.45,2.1e-05
Ni10,21.509999999999998,2.1666666666666667e-05
Ni10,21.57,4.8666666666666666e-05
Ni10,21.63,6.266666666666667e-05
Ni10,21.689999999999998,9.033333333333334e-05
Ni10,21.75,0.00012966666666666666
Ni10,21.81,0.000202
Ni10,21.869999999999997,0.00026566666666666666
Ni10,21.93,0.00039
Ni10,21.990000000000002,0.0005253333333333334
Ni10,22.049999999999997,0.0007243333333333333
Ni10,22.11,0.0009723333333333333
Ni10,22.17,0.0012796666666666666
Ni10,22.229999999999997,0.001705
Ni10,22.29,0.002227
Ni10,22.35,0.002799
Ni10,22.409999999999997,0.0036406666666666666
Ni10,22.47,0.004569333333333333
Ni10,22.53,0.0056363333333333335
Ni10,22.589999999999996,0.007049
Ni10,22.65,0.008491666666666666
Ni10,22.71,0.010213666666666666
Ni10,22.77,0.012188333333333334
Ni10,22.83,0.014307
Ni10,22.89,0.016694666666666667
Ni10,22.95,0.01914333333333333
Ni10,23.009999999999998,0.021771333333333334
Ni10,23.07,0.024474333333333334
Ni10,23.13,0.027084
Ni10,23.189999999999998,0.029882666666666665
Ni10,23.25,0.032660666666666664
Ni10,23.31,0.034973
Ni10,23.369999999999997,0.037228333333333335
Ni10,23.43,0.039236
Ni10,23.490000000000002,0.040657
Ni10,23.549999999999997,0.04183
Ni10,23.61,0.042798333333333334
Ni10,23.67,0.04280966666666667
Ni10,23.729999999999997,0.042451
Ni10,23.79,0.04184566666666667
Ni10,23.85,0.040342666666666666
Ni10,23.909999999999997,0.038939
Ni10,23.97,0.03674433333333333
Ni10,24.03,0.03453933333333333
Ni10,24.089999999999996,0.031993
Ni10,24.15,0.029338666666666666
Ni10,24.21,0.02635
Ni10,24.27,0.023628
Ni10,24.33,0.021016333333333335
Ni10,24.39,0.018221333333333332
Ni10,24.45,0.015859333333333333
Ni10,24.509999999999998,0.013391666666666666
Ni10,24.57,0.011243666666666667
Ni10,24.63,0.009492
Ni10,24.689999999999998,0.007698333333333333
Ni10,24.75,0.006292666666666667
Ni10,24.81,0.005118
Ni10,24.869999999999997,0.003973666666666667
Ni10,24.93,0.003132666666666667
Ni10,24.990000000000002,0.0024566666666666665
Ni10,25.049999999999997,0.00186
Ni10,25.11,0.001436
Ni10,25.17,0.0010646666666666667
Ni10,25.229999999999997,0.0007896666666666667
Ni10,25.29,0.000587
Ni10,25.35,0.00039266666666666665
Ni10,25.409999999999997,0.00030533333333333335
Ni10,25.47,0.000216
Ni10,25.53,0.00013666666666666666
Ni10,25.589999999999996,0.000103
Ni10,25.65,6.833333333333333e-05
Ni10,25.71,4.9e-05
Ni10,25.77,3.5e-05
Ni10,25.83,2.2666666666666668e-05
Ni10,25.89,1.3333333333333333e-05
Ni10,25.95,9e-06
Ni10,26.009999999999998,4.666666666666666e-06
Ni10,26.07,2.333333333333333e-06
Ni10,26.13,1.6666666666666667e-06
Ni10,26.189999999999998,3.3333333333333335e-07
Ni10,26.25,3.3333333333333335e-07
Ni10,26.31,3.3333333333333335e-07
Ni10,26.369999999999997,3.3333333333333335e-07
Ni10,26.43,0.0
Ni10,26.49,0.0
Ni10,26.549999999999997,3.3333333333333335e-07
Sn10,20.729999999999997,3.3333333333333335e-07
Sn10,20.79,6.666666666666667e-07
Sn10,20.85,1e-06
Sn10,20.909999999999997,1e-06
Sn10,20.97,2e-06
Sn10,21.03,2.666666666666667e-06
Sn10,21.089999999999996,3e-06
Sn10,21.15,5.333333333333334e-06
Sn10,21.21,1e-05
Sn10,21.27,1.6e-05
Sn10,21.33,3.1333333333333334e-05
Sn10,21.39,4.266666666666667e-05
Sn10,21.45,6.333333333333333e-05
Sn10,21.509999999999998,9.2e-05
Sn10,21.57,0.00013933333333333332
Sn10,21.63,0.000186
Sn10,21.689999999999998,0.00027866666666666665
Sn10,21.75,0.00038833333333333336
Sn10,21.81,0.000572
Sn10,21.869999999999997,0.0007556666666666666
Sn10,21.93,0.0010276666666666667
Sn10,21.990000000000002,0.0013793333333333333
Sn10,22.049999999999997,0.001827
Sn10,22.11,0.002362
Sn10,22.17,0.003062333333333333
Sn10,22.229999999999997,0.003884
Sn10,22.29,0.004947
Sn10,22.35,0.006164
Sn10,22.409999999999997,0.007622
Sn10,22.47,0.009293
Sn10,22.53,0.011215666666666667
Sn10,22.589999999999996,0.013328666666666667
Sn10,22.65,0.015588333333333333
Sn10,22.71,0.018140666666666666
Sn10,22.77,0.020794666666666666
Sn10,22.83,0.023674333333333332
Sn10,22.89,0.026577333333333335
Sn10,22.95,0.029353
Sn10,23.009999999999998,0.032053333333333336
Sn10,23.07,0.034636
Sn10,23.13,0.037163666666666664
Sn10,23.189999999999998,0.03951433333333333
Sn10,23.25,0.04153333333333333
Sn10,23.31,0.042699666666666664
Sn10,23.369999999999997,0.043500333333333335
Sn10,23.43,0.04384366666666667
Sn10,23.490000000000002,0.043623
Sn10,23.549999999999997,0.042993
Sn10,23.61,0.041818666666666664
Sn10,23.67,0.040151
Sn10,23.729999999999997,0.03799366666666667
Sn10,23.79,0.03556433333333334
Sn10,23.85,0.032825
Sn10,23.909999999999997,0.030146333333333334
Sn10,23.97,0.027313666666666667
Sn10,24.03,0.024471
Sn10,24.089999999999996,0.021409
Sn10,24.15,0.018607
Sn10,24.21,0.015951333333333335
Sn10,24.27,0.013582666666666666
Sn10,24.33,0.011343333333333334
Sn10,24.39,0.009477666666666667
Sn10,24.45,0.007723333333333333
Sn10,24.509999999999998,0.00618
Sn10,24.57,0.005031333333333333
Sn10,24.63,0.003927666666666667
Sn10,24.689999999999998,0.0030356666666666665
Sn10,24.75,0.002379333333333333
Sn10,24.81,0.0018143333333333334
Sn10,24.869999999999997,0.0013596666666666666
Sn10,24.93,0.0009883333333333333
Sn10,24.990000000000002,0.0007396666666666667
Sn10,25.049999999999997,0.0005396666666666667
Sn10,25.11,0.000393
Sn10,25.17,0.000249
Sn10,25.229999999999997,0.000176
Sn10,25.29,0.00012766666666666666
Sn10,25.35,9.466666666666667e-05
Sn10,25.409999999999997,7.333333333333333e-05
Sn10,25.47,4.9e-05
Sn10,25.53,2.6666666666666667e-05
Sn10,25.589999999999996,2.0333333333333334e-05
Sn10,25.65,1.1e-05
Sn10,25.71,6e-06
Sn10,25.77,4e-06
Sn10,25.83,1e-06
Sn10,25.89,6.666666666666667e-07
Sn10,25.95,3.3333333333333335e-07
Sn10,26.009999999999998,0.0
Sn10,26.07,0.0
Sn10,26.13,3.3333333333333335e-07
Sn10,26.189999999999998,3.3333333333333335e-07
Sn10,26.25,3.3333333333333335e-07
Ta10,20.43,3.3333333333333335e-07
Ta10,20.490000000000002,3.3333333333333335e-07
Ta10,20.549999999999997,6.666666666666667e-07
Ta10,20.61,6.666666666666667e-07
Ta10,20.67,1.6666666666666667e-06
Ta10,20.729999999999997,1.6666666666666667e-06
Ta10,20.79,2.666666666666667e-06
Ta10,20.85,3.3333333333333333e-06
Ta10,20.909999999999997,7e-06
Ta10,20.97,1.2333333333333333e-05
Ta10,21.03,2.0666666666666666e-05
Ta10,21.089999999999996,2.5e-05
Ta10,21.15,4.3e-05
Ta10,21.21,7.1e-05
Ta10,21.27,8.566666666666667e-05
Ta10,21.33,0.00013466666666666667
Ta10,21.39,0.00018833333333333332
Ta10,21.45,0.00026766666666666665
Ta10,21.509999999999998,0.00039933333333333335
Ta10,21.57,0.0005026666666666667
Ta10,21.63,0.0007146666666666666
Ta10,21.689999999999998,0.0009676666666666667
Ta10,21.75,0.0012853333333333334
Ta10,21.81,0.0016896666666666666
Ta10,21.869999999999997,0.0021853333333333334
Ta10,21.93,0.002779666666666667
Ta10,21.990000000000002,0.003595333333333333
Ta10,22.049999999999997,0.0045516666666666665
Ta10,22.11,0.005515333333333333
Ta10,22.17,0.006964666666666667
Ta10,22.229999999999997,0.008453
Ta10,22.29,0.010098333333333334
Ta10,22.35,0.012128333333333333
Ta10,22.409999999999997,0.014036333333333333
Ta10,22.47,0.016594666666666667
Ta10,22.53,0.01896
Ta10,22.589999999999996,0.02160866666666667
Ta10,22.65,0.024280333333333334
Ta10,22.71,0.026875
Ta10,22.77,0.029697
Ta10,22.83,0.032329333333333335
Ta10,22.89,0.034799333333333335
Ta10,22.95,0.037059666666666664
Ta10,23.009999999999998,0.038919666666666665
Ta10,23.07,0.040669666666666666
Ta10,23.13,0.04175433333333333
Ta10,23.189999999999998,0.042627
Ta10,23.25,0.042763333333333334
Ta10,23.31,0.04248933333333333
Ta10,23.369999999999997,0.041889333333333334
Ta10,23.43,0.040427333333333336
Ta10,23.490000000000002,0.038852333333333336
Ta10,23.549999999999997,0.03692566666666667
Ta10,23.61,0.034651
Ta10,23.67,0.032252
Ta10,23.729999999999997,0.029383
Ta10,23.79,0.026658333333333332
Ta10,23.85,0.023832
Ta10,23.909999999999997,0.021206333333333334
Ta10,23.97,0.018433333333333333
Ta10,24.03,0.016005666666666668
Ta10,24.089999999999996,0.013604333333333333
Ta10,24.15,0.011368333333333333
Ta10,24.21,0.009665666666666666
Ta10,24.27,0.007856666666666666
Ta10,24.33,0.006397333333333333
Ta10,24.39,0.005212
Ta10,24.45,0.004045666666666667
Ta10,24.509999999999998,0.003269
Ta10,24.57,0.0025213333333333333
Ta10,24.63,0.001936
Ta10,24.689999999999998,0.0014723333333333333
Ta10,24.75,0.0011133333333333334
Ta10,24.81,0.0008143333333333334
Ta10,24.869999999999997,0.0006
Ta10,24.93,0.000433
Ta10,24.990000000000002,0.0003043333333333333
Ta10,25.049999999999997,0.000229
Ta10,25.11,0.00014866666666666666
Ta10,25.17,0.00010033333333333334
Ta10,25.229999999999997,7.766666666666667e-05
Ta10,25.29,5.433333333333333e-05
Ta10,25.35,3.9e-05
Ta10,25.409999999999997,2.4333333333333333e-05
Ta10,25.47,1.5666666666666667e-05
Ta10,25.53,7.666666666666667e-06
Ta10,25.589999999999996,6.333333333333333e-06
Ta10,25.65,2e-06
Ta10,25.71,1.6666666666666667e-06
Ta10,25.77,6.666666666666667e-07
Ta10,25.83,0.0
Ta10,25.89,6.666666666666667e-07
Ta10,25.95,0.0
Ta10,26.009999999999998,3.3333333333333335e-07
Ta10,26.07,0.0
Ta10,26.13,3.3333333333333335e-07
Cu10,20.07,3.3333333333333335e-07
Cu10,20.13,3.3333333333333335e-07
Cu10,20.189999999999998,3.3333333333333335e-07
Cu10,20.25,6.666666666666667e-07
Cu10,20.31,1.6666666666666667e-06
Cu10,20.369999999999997,1e-06
Cu10,20.43,2e-06
Cu10,20.490000000000002,4.333333333333333e-06
Cu10,20.549999999999997,5.666666666666667e-06
Cu10,20.61,1.1e-05
Cu10,20.67,1.7e-05
Cu10,20.729999999999997,2.4666666666666665e-05
Cu10,20.79,3.4e-05
Cu10,20.85,5.8e-05
Cu10,20.909999999999997,7.366666666666666e-05
Cu10,20.97,0.00011233333333333333
Cu10,21.03,0.000173
Cu10,21.089999999999996,0.00021866666666666668
Cu10,21.15,0.000331
Cu10,21.21,0.000459
Cu10,21.27,0.0005843333333333333
Cu10,21.33,0.0008403333333333333
Cu10,21.39,0.0010986666666666666
Cu10,21.45,0.0014246666666666667
Cu10,21.509999999999998,0.0019046666666666667
Cu10,21.57,0.0024076666666666665
Cu10,21.63,0.0030186666666666665
Cu10,21.689999999999998,0.0039183333333333336
Cu10,21.75,0.004886666666666667
Cu10,21.81,0.005937666666666667
Cu10,21.869999999999997,0.007423333333333333
Cu10,21.93,0.008779
Cu10,21.990000000000002,0.010606666666666667
Cu10,22.049999999999997,0.012527
Cu10,22.11,0.014570666666666668
Cu10,22.17,0.016953666666666665
Cu10,22.229999999999997,0.019377
Cu10,22.29,0.021911666666666666
Cu10,22.35,0.024524333333333332
Cu10,22.409999999999997,0.026973333333333332
Cu10,22.47,0.029823
Cu10,22.53,0.03234066666666666
Cu10,22.589999999999996,0.034645666666666665
Cu10,22.65,0.036823
Cu10,22.71,0.03863966666666667
Cu10,22.77,0.040114666666666667
Cu10,22.83,0.04114633333333333
Cu10,22.89,0.042118666666666665
Cu10,22.95,0.042008
Cu10,23.009999999999998,0.041798
Cu10,23.07,0.04113033333333333
Cu10,23.13,0.03980366666666667
Cu10,23.189999999999998,0.03833433333333333
Cu10,23.25,0.036332666666666666
Cu10,23.31,0.03410133333333333
Cu10,23.369999999999997,0.03181866666666667
Cu10,23.43,0.02913666666666667
Cu10,23.490000000000002,0.026296
Cu10,23.549999999999997,0.023659333333333334
Cu10,23.61,0.021194666666666667
Cu10,23.67,0.018427
Cu10,23.729999999999997,0.015998
Cu10,23.79,0.013735
Cu10,23.85,0.011474333333333333
Cu10,23.909999999999997,0.009807666666666666
Cu10,23.97,0.008025333333333334
Cu10,24.03,0.006526666666666667
Cu10,24.089999999999996,0.005399
Cu10,24.15,0.004217
Cu10,24.21,0.0033643333333333333
Cu10,24.27,0.0026723333333333334
Cu10,24.33,0.0020166666666666666
Cu10,24.39,0.001555
Cu10,24.45,0.0011806666666666667
Cu10,24.509999999999998,0.000881
Cu10,24.57,0.0006503333333333334
Cu10,24.63,0.00047733333333333335
Cu10,24.689999999999998,0.00033233333333333335
Cu10,24.75,0.00025466666666666666
Cu10,24.81,0.00016366666666666667
Cu10,24.869999999999997,0.00011666666666666667
Cu10,24.93,8.766666666666667e-05
Cu10,24.990000000000002,5.7e-05
Cu10,25.049999999999997,4.7e-05
Cu10,25.11,2.8e-05
Cu10,25.17,1.5666666666666667e-05
Cu10,25.229999999999997,1.2e-05
Cu10,25.29,8e-06
Cu10,25.35,2.333333333333333e-06
Cu10,25.409999999999997,2.333333333333333e-06
Cu10,25.47,1.3333333333333334e-06
Cu10,25.53,0.0
Cu10,25.589999999999996,6.666666666666667e-07
Cu10,25.65,0.0
Cu10,25.71,3.3333333333333335e-07
Cu10,25.77,0.0
Cu10,25.83,0.0
Cu10,25.89,3.3333333333333335e-07
Al_degrader_E6_E5,17.189999999999998,9.090909090909091e-08
Al_degrader_E6_E5,17.25,0.0
Al_degrader_E6_E5,17.310000000000002,9.090909090909091e-08
Al_degrader_E6_E5,17.369999999999997,9.090909090909091e-08
Al_degrader_E6_E5,17.43,9.090909090909091e-08
Al_degrader_E6_E5,17.490000000000002,4.545454545454545e-07
Al_degrader_E6_E5,17.549999999999997,9.090909090909091e-08
Al_degrader_E6_E5,17.61,4.545454545454545e-07
Al_degrader_E6_E5,17.67,7.272727272727273e-07
Al_degrader_E6_E5,17.729999999999997,9.09090909090909e-07
Al_degrader_E6_E5,17.79,1.7272727272727273e-06
Al_degrader_E6_E5,17.85,2.5454545454545456e-06
Al_degrader_E6_E5,17.909999999999997,4.636363636363636e-06
Al_degrader_E6_E5,17.97,4.909090909090909e-06
Al_degrader_E6_E5,18.03,7.1818181818181815e-06
Al_degrader_E6_E5,18.09,1.1454545454545454e-05
Al_degrader_E6_E5,18.15,1.5e-05
Al_degrader_E6_E5,18.21,2.2e-05
Al_degrader_E6_E5,18.27,2.718181818181818e-05
Al_degrader_E6_E5,18.33,4.3363636363636365e-05
Al_degrader_E6_E5,18.39,5.4545454545454546e-05
Al_degrader_E6_E5,18.45,7.754545454545454e-05
Al_degrader_E6_E5,18.509999999999998,9.636363636363636e-05
Al_degrader_E6_E5,18.57,0.00012881818181818182
Al_degrader_E6_E5,18.63,0.0001699090909090909
Al_degrader_E6_E5,18.689999999999998,0.00022554545454545454
Al_degrader_E6_E5,18.75,0.0002820909090909091
Al_degrader_E6_E5,18.81,0.0003552727272727273
Al_degrader_E6_E5,18.869999999999997,0.000457
Al_degrader_E6_E5,18.93,0.0005691818181818182
Al_degrader_E6_E5,18.990000000000002,0.0007174545454545454
Al_degrader_E6_E5,19.049999999999997,0.0008820909090909091
Al_degrader_E6_E5,19.11,0.0010725454545454545
Al_degrader_E6_E5,19.17,0.0013157272727272727
Al_degrader_E6_E5,19.229999999999997,0.0015760909090909091
Al_degrader_E6_E5,19.29,0.0018858181818181819
Al_degrader_E6_E5,19.35,0.002234909090909091
Al_degrader_E6_E5,19.409999999999997,0.002622
Al_degrader_E6_E5,19.47,0.003075181818181818
Al_degrader_E6_E5,19.53,0.0035756363636363637
Al_degrader_E6_E5,19.59,0.004120636363636364
Al_degrader_E6_E5,19.65,0.004669545454545455
Al_degrader_E6_E5,19.71,0.0053258181818181816
Al_degrader_E6_E5,19.77,0.005982
Al_degrader_E6_E5,19.83,0.0066929090909090905
Al_degrader_E6_E5,19.89,0.007456181818181818
Al_degrader_E6_E5,19.95,0.008230363636363636
Al_degrader_E6_E5,20.009999999999998,0.009045363636363636
Al_degrader_E6_E5,20.07,0.009856454545454545
Al_degrader_E6_E5,20.13,0.010663454545454545
Al_degrader_E6_E5,20.189999999999998,0.011468272727272728
Al_degrader_E6_E5,20.25,0.012329727272727273
Al_degrader_E6_E5,20.31,0.013107727272727273
Al_degrader_E6_E5,20.369999999999997,0.013872
Al_degrader_E6_E5,20.43,0.014609
Al_degrader_E6_E5,20.490000000000002,0.015351272727272727
Al_degrader_E6_E5,20.549999999999997,0.01603209090909091
Al_degrader_E6_E5,20.61,0.016622363636363637
Al_degrader_E6_E5,20.67,0.017197636363636363
Al_degrader_E6_E5,20.729999999999997,0.017757545454545453
Al_degrader_E6_E5,20.79,0.018292909090909092
Al_degrader_E6_E5,20.85,0.018707181818181817
Al_degrader_E6_E5,20.909999999999997,0.01902409090909091
Al_degrader_E6_E5,20.97,0.019455
Al_degrader_E6_E5,21.03,0.01977190909090909
Al_degrader_E6_E5,21.089999999999996,0.020048545454545454
Al_degrader_E6_E5,21.15,0.020257818181818182
Al_degrader_E6_E5,21.21,0.02043981818181818
Al_degrader_E6_E5,21.27,0.020647909090909092
Al_degrader_E6_E5,21.33,0.020794727272727274
Al_degrader_E6_E5,21.39,0.020915090909090907
Al_degrader_E6_E5,21.45,0.020971636363636362
Al_degrader_E6_E5,21.509999999999998,0.021084
Al_degrader_E6_E5,21.57,0.02113690909090909
Al_degrader_E6_E5,21.63,0.021143181818181818
Al_degrader_E6_E5,21.689999999999998,0.021093818181818182
Al_degrader_E6_E5,21.75,0.021102727272727273
Al_degrader_E6_E5,21.81,0.021113363636363635
Al_degrader_E6_E5,21.869999999999997,0.02097418181818182
Al_degrader_E6_E5,21.93,0.020744545454545453
Al_degrader_E6_E5,21.990000000000002,0.02067772727272727
Al_degrader_E6_E5,22.049999999999997,0.020499090909090908
Al_degrader_E6_E5,22.11,0.020161272727272726
Al_degrader_E6_E5,22.17,0.01980481818181818
Al_degrader_E6_E5,22.229999999999997,0.019471181818181818
Al_degrader_E6_E5,22.29,0.019036181818181817
Al_degrader_E6_E5,22.35,0.018521363636363638
Al_degrader_E6_E5,22.409999999999997,0.01792990909090909
Al_degrader_E6_E5,22.47,0.017243181818181817
Al_degrader_E6_E5,22.53,0.016604363636363636
Al_degrader_E6_E5,22.589999999999996,0.01585509090909091
Al_degrader_E6_E5,22.65,0.015049363636363637
Al_degrader_E6_E5,22.71,0.014105363636363636
Al_degrader_E6_E5,22.77,0.013243272727272727
Al_degrader_E6_E5,22.83,0.012297636363636363
Al_degrader_E6_E5,22.89,0.011382636363636364
Al_degrader_E6_E5,22.95,0.010369
Al_degrader_E6_E5,23.009999999999998,0.009449090909090909
Al_degrader_E6_E5,23.07,0.008510727272727272
Al_degrader_E6_E5,23.13,0.007602090909090909
Al_degrader_E6_E5,23.189999999999998,0.006746454545454545
Al_degrader_E6_E5,23.25,0.0058885454545454545
Al_degrader_E6_E5,23.31,0.005138454545454546
Al_degrader_E6_E5,23.369999999999997,0.004445
Al_degrader_E6_E5,23.43,0.0037970909090909092
Al_degrader_E6_E5,23.490000000000002,0.0031836363636363637
Al_degrader_E6_E5,23.549999999999997,0.0026717272727272727
Al_degrader_E6_E5,23.61,0.0022192727272727273
Al_degrader_E6_E5,23.67,0.0018008181818181819
Al_degrader_E6_E5,23.729999999999997,0.0014861818181818181
Al_degrader_E6_E5,23.79,0.0011988181818181818
Al_degrader_E6_E5,23.85,0.0009320909090909091
Al_degrader_E6_E5,23.909999999999997,0.0007373636363636364
Al_degrader_E6_E5,23.97,0.0005847272727272727
Al_degrader_E6_E5,24.03,0.000446
Al_degrader_E6_E5,24.089999999999996,0.00034036363636363637
Al_degrader_E6_E5,24.15,0.00025327272727272725
Al_degrader_E6_E5,24.21,0.00019763636363636365
Al_degrader_E6_E5,24.27,0.00013945454545454545
Al_degrader_E6_E5,24.33,0.00010272727272727273
Al_degrader_E6_E5,24.39,7.509090909090909e-05
Al_degrader_E6_E5,24.45,5.745454545454545e-05
Al_degrader_E6_E5,24.509999999999998,3.6e-05
Al_degrader_E6_E5,24.57,2.5636363636363635e-05
Al_degrader_E6_E5,24.63,1.781818181818182e-05
Al_degrader_E6_E5,24.689999999999998,1.2272727272727273e-05
Al_degrader_E6_E5,24.75,1.0181818181818182e-05
Al_degrader_E6_E5,24.81,6.363636363636363e-06
Al_degrader_E6_E5,24.869999999999997,3.4545454545454545e-06
Al_degrader_E6_E5,24.93,2.818181818181818e-06
Al_degrader_E6_E5,24.990000000000002,1.5454545454545454e-06
Al_degrader_E6_E5,25.049999999999997,5.454545454545455e-07
Al_degrader_E6_E5,25.11,8.181818181818182e-07
Al_degrader_E6_E5,25.17,2.7272727272727274e-07
Al_degrader_E6_E5,25.229999999999997,0.0
Al_degrader_E6_E5,25.29,9.090909090909091e-08
Al_degrader_E6_E5,25.35,9.090909090909091e-08
Al_degrader_E6_E5,25.409999999999997,0.0
Al_degrader_E6_E5,25.47,0.0
Al_degrader_E6_E5,25.53,0.0
Al_degrader_E6_E5,25.589999999999996,9.090909090909091e-08
Ni11,16.77,3.3333333333333335e-07
Ni11,16.83,3.3333333333333335e-07
Ni11,16.89,3.3333333333333335e-07
Ni11,16.95,3.3333333333333335e-07
Ni11,17.009999999999998,6.666666666666667e-07
Ni11,17.07,1.3333333333333334e-06
Ni11,17.13,1e-06
Ni11,17.189999999999998,2e-06
Ni11,17.25,3e-06
Ni11,17.310000000000002,4.333333333333333e-06
Ni11,17.369999999999997,7.333333333333333e-06
Ni11,17.43,1.1666666666666666e-05
Ni11,17.490000000000002,1.8333333333333333e-05
Ni11,17.549999999999997,2.0333333333333334e-05
Ni11,17.61,3.5e-05
Ni11,17.67,4.8e-05
Ni11,17.729999999999997,6.566666666666667e-05
Ni11,17.79,8.4e-05
Ni11,17.85,0.000127
Ni11,17.909999999999997,0.000176
Ni11,17.97,0.00022166666666666667
Ni11,18.03,0.00031666666666666665
Ni11,18.09,0.0004
Ni11,18.15,0.0005326666666666666
Ni11,18.21,0.0007026666666666667
Ni11,18.27,0.0009063333333333333
Ni11,18.33,0.0011403333333333333
Ni11,18.39,0.001451
Ni11,18.45,0.0018506666666666667
Ni11,18.509999999999998,0.002266666666666667
Ni11,18.57,0.0028036666666666665
Ni11,18.63,0.0035083333333333334
Ni11,18.689999999999998,0.004255333333333333
Ni11,18.75,0.005040333333333333
Ni11,18.81,0.0061853333333333335
Ni11,18.869999999999997,0.007274333333333333
Ni11,18.93,0.008491
Ni11,18.990000000000002,0.010005
Ni11,19.049999999999997,0.011559333333333333
Ni11,19.11,0.013273666666666666
Ni11,19.17,0.015108
Ni11,19.229999999999997,0.016994
Ni11,19.29,0.018995
Ni11,19.35,0.021122666666666668
Ni11,19.409999999999997,0.023078666666666667
Ni11,19.47,0.025285
Ni11,19.53,0.027387333333333333
Ni11,19.59,0.029428333333333334
Ni11,19.65,0.031172333333333333
Ni11,19.71,0.03289466666666667
Ni11,19.77,0.034445333333333335
Ni11,19.83,0.035567666666666664
Ni11,19.89,0.036634
Ni11,19.95,0.03727833333333333
Ni11,20.009999999999998,0.03769033333333333
Ni11,20.07,0.037698
Ni11,20.13,0.037326333333333336
Ni11,20.189999999999998,0.03654966666666667
Ni11,20.25,0.035562666666666666
Ni11,20.31,0.034409666666666665
Ni11,20.369999999999997,0.032958
Ni11,20.43,0.030996
Ni11,20.490000000000002,0.029322666666666667
Ni11,20.549999999999997,0.027197666666666665
Ni11,20.61,0.024977
Ni11,20.67,0.022820666666666666
Ni11,20.729999999999997,0.020669333333333335
Ni11,20.79,0.018611
Ni11,20.85,0.016368333333333332
Ni11,20.909999999999997,0.014504333333333333
Ni11,20.97,0.012691666666666667
Ni11,21.03,0.010735333333333333
Ni11,21.089999999999996,0.009267666666666667
Ni11,21.15,0.00797
Ni11,21.21,0.006521
Ni11,21.27,0.005454666666666667
Ni11,21.33,0.004573
Ni11,21.39,0.0036433333333333335
Ni11,21.45,0.0029603333333333335
Ni11,21.509999999999998,0.0023946666666666665
Ni11,21.57,0.0018483333333333333
Ni11,21.63,0.0014863333333333334
Ni11,21.689999999999998,0.0011633333333333333
Ni11,21.75,0.0008703333333333333
Ni11,21.81,0.000676
Ni11,21.869999999999997,0.000525
Ni11,21.93,0.00035833333333333333
Ni11,21.990000000000002,0.00028333333333333335
Ni11,22.049999999999997,0.00022033333333333334
Ni11,22.11,0.00014
Ni11,22.17,0.00010966666666666667
Ni11,22.229999999999997,7.866666666666666e-05
Ni11,22.29,5.566666666666667e-05
Ni11,22.35,4.3e-05
Ni11,22.409999999999997,2.966666666666667e-05
Ni11,22.47,2.2e-05
Ni11,22.53,1.2666666666666667e-05
Ni11,22.589999999999996,7.666666666666667e-06
Ni11,22.65,6e-06
Ni11,22.71,2e-06
Ni11,22.77,2.333333333333333e-06
Ni11,22.83,1.3333333333333334e-06
Ni11,22.89,0.0
Ni11,22.95,6.666666666666667e-07
Ni11,23.009999999999998,0.0
Ni11,23.07,0.0
Ni11,23.13,3.3333333333333335e-07
Ni11,23.189999999999998,0.0
Ni11,23.25,0.0
Ni11,23.31,3.3333333333333335e-07
Sn11,16.65,3.3333333333333335e-07
Sn11,16.71,6.666666666666667e-07
Sn11,16.77,1e-06
Sn11,16.83,1e-06
Sn11,16.89,1e-06
Sn11,16.95,1.6666666666666667e-06
Sn11,17.009999999999998,2e-06
Sn11,17.07,3e-06
Sn11,17.13,4e-06
Sn11,17.189999999999998,6.666666666666667e-06
Sn11,17.25,1.1666666666666666e-05
Sn11,17.310000000000002,1.9333333333333333e-05
Sn11,17.369999999999997,2.966666666666667e-05
Sn11,17.43,3.9e-05
Sn11,17.490000000000002,5.566666666666667e-05
Sn11,17.549999999999997,7.3e-05
Sn11,17.61,0.00010666666666666667
Sn11,17.67,0.00014333333333333334
Sn11,17.729999999999997,0.000188
Sn11,17.79,0.0002703333333333333
Sn11,17.85,0.0003556666666666667
Sn11,17.909999999999997,0.0004913333333333333
Sn11,17.97,0.000635
Sn11,18.03,0.0008176666666666666
Sn11,18.09,0.0010476666666666666
Sn11,18.15,0.0013716666666666667
Sn11,18.21,0.001719
Sn11,18.27,0.002153
Sn11,18.33,0.0026596666666666665
Sn11,18.39,0.003304
Sn11,18.45,0.004040333333333333
Sn11,18.509999999999998,0.004906666666666667
Sn11,18.57,0.0059963333333333335
Sn11,18.63,0.007141666666666667
Sn11,18.689999999999998,0.008496
Sn11,18.75,0.009922
Sn11,18.81,0.011517333333333333
Sn11,18.869999999999997,0.013262
Sn11,18.93,0.015130333333333334
Sn11,18.990000000000002,0.017125
Sn11,19.049999999999997,0.019259666666666668
Sn11,19.11,0.021543333333333334
Sn11,19.17,0.023658333333333333
Sn11,19.229999999999997,0.025790666666666667
Sn11,19.29,0.027869666666666668
Sn11,19.35,0.029845666666666666
Sn11,19.409999999999997,0.03180366666666667
Sn11,19.47,0.03380233333333333
Sn11,19.53,0.035418333333333336
Sn11,19.59,0.036700666666666666
Sn11,19.65,0.03760533333333333
Sn11,19.71,0.03818766666666667
Sn11,19.77,0.038450333333333336
Sn11,19.83,0.038412666666666664
Sn11,19.89,0.03792366666666667
Sn11,19.95,0.037195
Sn11,20.009999999999998,0.03615733333333333
Sn11,20.07,0.034824
Sn11,20.13,0.033029
Sn11,20.189999999999998,0.030992
Sn11,20.25,0.028967333333333335
Sn11,20.31,0.026935666666666667
Sn11,20.369999999999997,0.024731666666666666
Sn11,20.43,0.022421
Sn11,20.490000000000002,0.020300333333333333
Sn11,20.549999999999997,0.017921
Sn11,20.61,0.015709666666666667
Sn11,20.67,0.013784
Sn11,20.729999999999997,0.011918333333333333
Sn11,20.79,0.010136666666666667
Sn11,20.85,0.008646333333333334
Sn11,20.909999999999997,0.007334
Sn11,20.97,0.006006
Sn11,21.03,0.004965333333333334
Sn11,21.089999999999996,0.004043333333333334
Sn11,21.15,0.0032636666666666665
Sn11,21.21,0.002624333333333333
Sn11,21.27,0.002073
Sn11,21.33,0.001632
Sn11,21.39,0.0012833333333333334
Sn11,21.45,0.0009746666666666666
Sn11,21.509999999999998,0.0007303333333333334
Sn11,21.57,0.00056
Sn11,21.63,0.000441
Sn11,21.689999999999998,0.00030233333333333333
Sn11,21.75,0.00020666666666666666
Sn11,21.81,0.00015366666666666667
Sn11,21.869999999999997,0.00011633333333333333
Sn11,21.93,9.033333333333334e-05
Sn11,21.990000000000002,7e-05
Sn11,22.049999999999997,4.766666666666667e-05
Sn11,22.11,3.4666666666666665e-05
Sn11,22.17,2.0666666666666666e-05
Sn11,22.229999999999997,1.4e-05
Sn11,22.29,9e-06
Sn11,22.35,5.333333333333334e-06
Sn11,22.409999999999997,3.6666666666666666e-06
Sn11,22.47,1e-06
Sn11,22.53,3.3333333333333335e-07
Sn11,22.589999999999996,3.3333333333333335e-07
Sn11,22.65,3.3333333333333335e-07
Sn11,22.71,0.0
Sn11,22.77,0.0
Sn11,22.83,3.3333333333333335e-07
Sn11,22.89,3.3333333333333335e-07
Sn11,22.95,3.3333333333333335e-07
Ta11,16.29,3.3333333333333335e-07
Ta11,16.35,3.3333333333333335e-07
Ta11,16.409999999999997,3.3333333333333335e-07
Ta11,16.47,6.666666666666667e-07
Ta11,16.53,6.666666666666667e-07
Ta11,16.59,1.3333333333333334e-06
Ta11,16.65,1.3333333333333334e-06
Ta11,16.71,2e-06
Ta11,16.77,3.3333333333333333e-06
Ta11,16.83,4e-06
Ta11,16.89,7e-06
Ta11,16.95,1.2333333333333333e-05
Ta11,17.009999999999998,1.8333333333333333e-05
Ta11,17.07,2.1666666666666667e-05
Ta11,17.13,3.2e-05
Ta11,17.189999999999998,5.1666666666666664e-05
Ta11,17.25,6.4e-05
Ta11,17.310000000000002,9.166666666666667e-05
Ta11,17.369999999999997,0.00012066666666666667
Ta11,17.43,0.000171
Ta11,17.490000000000002,0.00021866666666666668
Ta11,17.549999999999997,0.0003153333333333333
Ta11,17.61,0.0004026666666666667
Ta11,17.67,0.0005186666666666666
Ta11,17.729999999999997,0.000706
Ta11,17.79,0.000882
Ta11,17.85,0.0011253333333333334
Ta11,17.909999999999997,0.0014376666666666667
Ta11,17.97,0.0017956666666666668
Ta11,18.03,0.002224
Ta11,18.09,0.002709333333333333
Ta11,18.15,0.0034436666666666665
Ta11,18.21,0.004147666666666667
Ta11,18.27,0.004896333333333333
Ta11,18.33,0.006008333333333333
Ta11,18.39,0.007132333333333333
Ta11,18.45,0.008234666666666666
Ta11,18.509999999999998,0.009787666666666667
Ta11,18.57,0.011272333333333334
Ta11,18.63,0.012857333333333333
Ta11,18.689999999999998,0.014708666666666667
Ta11,18.75,0.016597
Ta11,18.81,0.018551333333333333
Ta11,18.869999999999997,0.020686333333333334
Ta11,18.93,0.022614
Ta11,18.990000000000002,0.024722
Ta11,19.049999999999997,0.026798666666666665
Ta11,19.11,0.028761
Ta11,19.17,0.030705666666666666
Ta11,19.229999999999997,0.032377
Ta11,19.29,0.033850333333333336
Ta11,19.35,0.03523
Ta11,19.409999999999997,0.036228333333333335
Ta11,19.47,0.03697433333333333
Ta11,19.53,0.037496
Ta11,19.59,0.037379666666666665
Ta11,19.65,0.037206
Ta11,19.71,0.036791333333333336
Ta11,19.77,0.03557066666666667
Ta11,19.83,0.034530333333333336
Ta11,19.89,0.033049
Ta11,19.95,0.03141033333333333
Ta11,20.009999999999998,0.029541
Ta11,20.07,0.027719666666666667
Ta11,20.13,0.025542333333333334
Ta11,20.189999999999998,0.023345333333333333
Ta11,20.25,0.021141666666666666
Ta11,20.31,0.019174
Ta11,20.369999999999997,0.017028333333333333
Ta11,20.43,0.014836333333333333
Ta11,20.490000000000002,0.013231333333333333
Ta11,20.549999999999997,0.011340666666666667
Ta11,20.61,0.009673
Ta11,20.67,0.008348666666666667
Ta11,20.729999999999997,0.006948333333333333
Ta11,20.79,0.005747
Ta11,20.85,0.004874
Ta11,20.909999999999997,0.003938666666666667
Ta11,20.97,0.003183
Ta11,21.03,0.002608
Ta11,21.089999999999996,0.002013333333333333
Ta11,21.15,0.0016213333333333334
Ta11,21.21,0.001271
Ta11,21.27,0.0010003333333333333
Ta11,21.33,0.0007503333333333333
Ta11,21.39,0.0005716666666666667
Ta11,21.45,0.00043466666666666664
Ta11,21.509999999999998,0.0003066666666666667
Ta11,21.57,0.00024166666666666667
Ta11,21.63,0.000179
Ta11,21.689999999999998,0.00011933333333333334
Ta11,21.75,8.866666666666666e-05
Ta11,21.81,6.7e-05
Ta11,21.869999999999997,4.8666666666666666e-05
Ta11,21.93,4.066666666666667e-05
Ta11,21.990000000000002,2.4333333333333333e-05
Ta11,22.049999999999997,1.4666666666666666e-05
Ta11,22.11,1.0666666666666667e-05
Ta11,22.17,6.666666666666667e-06
Ta11,22.229999999999997,4.333333333333333e-06
Ta11,22.29,2.333333333333333e-06
Ta11,22.35,1.3333333333333334e-06
Ta11,22.409999999999997,3.3333333333333335e-07
Ta11,22.47,0.0
Ta11,22.53,6.666666666666667e-07
Ta11,22.589999999999996,0.0
Ta11,22.65,0.0
Ta11,22.71,3.3333333333333335e-07
Ta11,22.77,0.0
Ta11,22.83,3.3333333333333335e-07
Cu11,15.87,3.3333333333333335e-07
Cu11,15.93,3.3333333333333335e-07
Cu11,15.989999999999998,3.3333333333333335e-07
Cu11,16.049999999999997,6.666666666666667e-07
Cu11,16.11,3.3333333333333335e-07
Cu11,16.17,1.3333333333333334e-06
Cu11,16.229999999999997,1e-06
Cu11,16.29,1.6666666666666667e-06
Cu11,16.35,3.6666666666666666e-06
Cu11,16.409999999999997,3.3333333333333333e-06
Cu11,16.47,6e-06
Cu11,16.53,1.0666666666666667e-05
Cu11,16.59,1.7333333333333332e-05
Cu11,16.65,1.9e-05
Cu11,16.71,2.7333333333333335e-05
Cu11,16.77,4.7333333333333336e-05
Cu11,16.83,5.4e-05
Cu11,16.89,7.2e-05
Cu11,16.95,0.000103
Cu11,17.009999999999998,0.00015233333333333334
Cu11,17.07,0.000181
Cu11,17.13,0.0002643333333333333
Cu11,17.189999999999998,0.0003496666666666667
Cu11,17.25,0.000434
Cu11,17.310000000000002,0.000571
Cu11,17.369999999999997,0.0007566666666666667
Cu11,17.43,0.0009523333333333334
Cu11,17.490000000000002,0.0011753333333333334
Cu11,17.549999999999997,0.0015303333333333334
Cu11,17.61,0.001891
Cu11,17.67,0.0023083333333333332
Cu11,17.729999999999997,0.002852
Cu11,17.79,0.003494
Cu11,17.85,0.004245666666666667
Cu11,17.909999999999997,0.005003666666666667
Cu11,17.97,0.006105333333333333
Cu11,18.03,0.007115
Cu11,18.09,0.008282666666666667
Cu11,18.15,0.00976
Cu11,18.21,0.011182
Cu11,18.27,0.012777
Cu11,18.33,0.014548
Cu11,18.39,0.016350333333333335
Cu11,18.45,0.018227333333333335
Cu11,18.509999999999998,0.020251666666666668
Cu11,18.57,0.022117333333333333
Cu11,18.63,0.024113
Cu11,18.689999999999998,0.026155
Cu11,18.75,0.028118333333333332
Cu11,18.81,0.029875333333333334
Cu11,18.869999999999997,0.03164366666666667
Cu11,18.93,0.033026
Cu11,18.990000000000002,0.034314
Cu11,19.049999999999997,0.035387
Cu11,19.11,0.03609933333333333
Cu11,19.17,0.03680133333333333
Cu11,19.229999999999997,0.036610666666666666
Cu11,19.29,0.036573
Cu11,19.35,0.036296666666666665
Cu11,19.409999999999997,0.03522566666666667
Cu11,19.47,0.03417066666666667
Cu11,19.53,0.03313933333333333
Cu11,19.59,0.031371
Cu11,19.65,0.029677666666666668
Cu11,19.71,0.02797233333333333
Cu11,19.77,0.025888333333333333
Cu11,19.83,0.023727666666666668
Cu11,19.89,0.021752
Cu11,19.95,0.019714666666666665
Cu11,20.009999999999998,0.017652333333333332
Cu11,20.07,0.015623666666666666
Cu11,20.13,0.013870666666666667
Cu11,20.189999999999998,0.012088333333333333
Cu11,20.25,0.010276333333333334
Cu11,20.31,0.008944666666666667
Cu11,20.369999999999997,0.007654666666666666
Cu11,20.43,0.0062566666666666665
Cu11,20.490000000000002,0.00534
Cu11,20.549999999999997,0.004446333333333333
Cu11,20.61,0.0035566666666666667
Cu11,20.67,0.002914
Cu11,20.729999999999997,0.002384
Cu11,20.79,0.0018443333333333332
Cu11,20.85,0.0014816666666666667
Cu11,20.909999999999997,0.0011653333333333333
Cu11,20.97,0.000907
Cu11,21.03,0.0006936666666666667
Cu11,21.089999999999996,0.0005186666666666666
Cu11,21.15,0.0003986666666666667
Cu11,21.21,0.0002866666666666667
Cu11,21.27,0.000229
Cu11,21.33,0.00015966666666666665
Cu11,21.39,0.00011233333333333333
Cu11,21.45,9.033333333333334e-05
Cu11,21.509999999999998,5.833333333333333e-05
Cu11,21.57,4.433333333333333e-05
Cu11,21.63,3.733333333333333e-05
Cu11,21.689999999999998,2.4333333333333333e-05
Cu11,21.75,1.2666666666666667e-05
Cu11,21.81,1.1e-05
Cu11,21.869999999999997,7e-06
Cu11,21.93,3.3333333333333333e-06
Cu11,21.990000000000002,2e-06
Cu11,22.049999999999997,1.6666666666666667e-06
Cu11,22.11,3.3333333333333335e-07
Cu11,22.17,0.0
Cu11,22.229999999999997,6.666666666666667e-07
Cu11,22.29,0.0
Cu11,22.35,3.3333333333333335e-07
Cu11,22.409999999999997,0.0
Cu11,22.47,0.0
Cu11,22.53,3.3333333333333335e-07
Al_degrader_E8_E7,12.27,6.666666666666667e-08
Al_degrader_E8_E7,12.329999999999998,0.0
Al_degrader_E8_E7,12.39,6.666666666666667e-08
Al_degrader_E8_E7,12.45,6.666666666666667e-08
Al_degrader_E8_E7,12.51,0.0
Al_degrader_E8_E7,12.57,1.3333333333333334e-07
Al_degrader_E8_E7,12.629999999999999,2e-07
Al_degrader_E8_E7,12.69,1.3333333333333334e-07
Al_degrader_E8_E7,12.75,1.3333333333333334e-07
Al_degrader_E8_E7,12.809999999999999,3.3333333333333335e-07
Al_degrader_E8_E7,12.870000000000001,4e-07
Al_degrader_E8_E7,12.93,4.6666666666666666e-07
Al_degrader_E8_E7,12.989999999999998,6.666666666666667e-07
Al_degrader_E8_E7,13.05,1e-06
Al_degrader_E8_E7,13.11,1.933333333333333e-06
Al_degrader_E8_E7,13.169999999999998,2.4e-06
Al_degrader_E8_E7,13.23,3.3333333333333333e-06
Al_degrader_E8_E7,13.29,3.066666666666667e-06
Al_degrader_E8_E7,13.35,5.2666666666666665e-06
Al_degrader_E8_E7,13.41,7.733333333333333e-06
Al_degrader_E8_E7,13.469999999999999,9e-06
Al_degrader_E8_E7,13.53,1.12e-05
Al_degrader_E8_E7,13.59,1.5133333333333333e-05
Al_degrader_E8_E7,13.649999999999999,2.0066666666666665e-05
Al_degrader_E8_E7,13.71,2.8266666666666668e-05
Al_degrader_E8_E7,13.77,3.206666666666667e-05
Al_degrader_E8_E7,13.829999999999998,4.373333333333333e-05
Al_degrader_E8_E7,13.89,5.7e-05
Al_degrader_E8_E7,13.95,6.846666666666667e-05
Al_degrader_E8_E7,14.009999999999998,8.7e-05
Al_degrader_E8_E7,14.07,0.00010893333333333333
Al_degrader_E8_E7,14.129999999999999,0.00013506666666666668
Al_degrader_E8_E7,14.19,0.00016866666666666666
Al_degrader_E8_E7,14.25,0.00020406666666666668
Al_degrader_E8_E7,14.309999999999999,0.0002478
Al_degrader_E8_E7,14.37,0.00031066666666666666
Al_degrader_E8_E7,14.43,0.00037
Al_degrader_E8_E7,14.489999999999998,0.0004425333333333333
Al_degrader_E8_E7,14.55,0.0005264666666666667
Al_degrader_E8_E7,14.61,0.0006456666666666667
Al_degrader_E8_E7,14.669999999999998,0.0007632
Al_degrader_E8_E7,14.73,0.0008810666666666667
Al_degrader_E8_E7,14.79,0.0010461333333333332
Al_degrader_E8_E7,14.85,0.0012455333333333334
Al_degrader_E8_E7,14.91,0.0014175333333333333
Al_degrader_E8_E7,14.969999999999999,0.0016406
Al_degrader_E8_E7,15.03,0.0018904
Al_degrader_E8_E7,15.09,0.002181133333333333
Al_degrader_E8_E7,15.149999999999999,0.002469733333333333
Al_degrader_E8_E7,15.21,0.0027918
Al_degrader_E8_E7,15.27,0.0031706
Al_degrader_E8_E7,15.329999999999998,0.0035565333333333333
Al_degrader_E8_E7,15.39,0.003960333333333333
Al_degrader_E8_E7,15.45,0.004393933333333333
Al_degrader_E8_E7,15.509999999999998,0.004868
Al_degrader_E8_E7,15.57,0.005363333333333334
Al_degrader_E8_E7,15.629999999999999,0.005880666666666667
Al_degrader_E8_E7,15.69,0.006424866666666667
Al_degrader_E8_E7,15.75,0.0069846
Al_degrader_E8_E7,15.809999999999999,0.0075578
Al_degrader_E8_E7,15.87,0.00815
Al_degrader_E8_E7,15.93,0.008707333333333333
Al_degrader_E8_E7,15.989999999999998,0.0093446
Al_degrader_E8_E7,16.049999999999997,0.009917266666666667
Al_degrader_E8_E7,16.11,0.010528
Al_degrader_E8_E7,16.17,0.011089933333333333
Al_degrader_E8_E7,16.229999999999997,0.011673133333333334
Al_degrader_E8_E7,16.29,0.012240666666666667
Al_degrader_E8_E7,16.35,0.0127836
Al_degrader_E8_E7,16.409999999999997,0.013310133333333333
Al_degrader_E8_E7,16.47,0.013771133333333333
Al_degrader_E8_E7,16.53,0.014280333333333334
Al_degrader_E8_E7,16.59,0.014676066666666666
Al_degrader_E8_E7,16.65,0.0151908
Al_degrader_E8_E7,16.71,0.0154982
Al_degrader_E8_E7,16.77,0.0158852
Al_degrader_E8_E7,16.83,0.016226
Al_degrader_E8_E7,16.89,0.01658453333333333
Al_degrader_E8_E7,16.95,0.016772466666666666
Al_degrader_E8_E7,17.009999999999998,0.017077266666666667
Al_degrader_E8_E7,17.07,0.017280733333333333
Al_degrader_E8_E7,17.13,0.017521866666666667
Al_degrader_E8_E7,17.189999999999998,0.017682466666666667
Al_degrader_E8_E7,17.25,0.017811666666666667
Al_degrader_E8_E7,17.310000000000002,0.018055933333333333
Al_degrader_E8_E7,17.369999999999997,0.018079333333333333
Al_degrader_E8_E7,17.43,0.018229866666666667
Al_degrader_E8_E7,17.490000000000002,0.0182952
Al_degrader_E8_E7,17.549999999999997,0.018413933333333334
Al_degrader_E8_E7,17.61,0.018412266666666666
Al_degrader_E8_E7,17.67,0.018427866666666667
Al_degrader_E8_E7,17.729999999999997,0.0185394
Al_degrader_E8_E7,17.79,0.018507666666666665
Al_degrader_E8_E7,17.85,0.018453666666666667
Al_degrader_E8_E7,17.909999999999997,0.018446933333333332
Al_degrader_E8_E7,17.97,0.018404066666666666
Al_degrader_E8_E7,18.03,0.0182412
Al_degrader_E8_E7,18.09,0.0181314
Al_degrader_E8_E7,18.15,0.018047533333333334
Al_degrader_E8_E7,18.21,0.017814266666666665
Al_degrader_E8_E7,18.27,0.0175916
Al_degrader_E8_E7,18.33,0.017338466666666667
Al_degrader_E8_E7,18.39,0.0170532
Al_degrader_E8_E7,18.45,0.016674133333333334
Al_degrader_E8_E7,18.509999999999998,0.016267133333333333
Al_degrader_E8_E7,18.57,0.015934866666666665
Al_degrader_E8_E7,18.63,0.015362133333333333
Al_degrader_E8_E7,18.689999999999998,0.014871333333333334
Al_degrader_E8_E7,18.75,0.0143346
Al_degrader_E8_E7,18.81,0.013771466666666666
Al_degrader_E8_E7,18.869999999999997,0.013062133333333333
Al_degrader_E8_E7,18.93,0.012415666666666667
Al_degrader_E8_E7,18.990000000000002,0.011770466666666667
Al_degrader_E8_E7,19.049999999999997,0.010985666666666666
Al_degrader_E8_E7,19.11,0.0102694
Al_degrader_E8_E7,19.17,0.009604266666666667
Al_degrader_E8_E7,19.229999999999997,0.0087998
Al_degrader_E8_E7,19.29,0.008085466666666666
Al_degrader_E8_E7,19.35,0.007385933333333333
Al_degrader_E8_E7,19.409999999999997,0.0067284
Al_degrader_E8_E7,19.47,0.005968466666666667
Al_degrader_E8_E7,19.53,0.0053684
Al_degrader_E8_E7,19.59,0.004812066666666667
Al_degrader_E8_E7,19.65,0.004183066666666666
Al_degrader_E8_E7,19.71,0.0036672
Al_degrader_E8_E7,19.77,0.0032186
Al_degrader_E8_E7,19.83,0.002746666666666667
Al_degrader_E8_E7,19.89,0.0023216
Al_degrader_E8_E7,19.95,0.0020046
Al_degrader_E8_E7,20.009999999999998,0.0016929333333333334
Al_degrader_E8_E7,20.07,0.0013854666666666667
Al_degrader_E8_E7,20.13,0.0011654
Al_degrader_E8_E7,20.189999999999998,0.0009695333333333333
Al_degrader_E8_E7,20.25,0.0007657333333333334
Al_degrader_E8_E7,20.31,0.0006282
Al_degrader_E8_E7,20.369999999999997,0.0005126
Al_degrader_E8_E7,20.43,0.0003918
Al_degrader_E8_E7,20.490000000000002,0.0003158666666666667
Al_degrader_E8_E7,20.549999999999997,0.0002514666666666667
Al_degrader_E8_E7,20.61,0.00019333333333333333
Al_degrader_E8_E7,20.67,0.00014606666666666668
Al_degrader_E8_E7,20.729999999999997,0.00011426666666666666
Al_degrader_E8_E7,20.79,8.64e-05
Al_degrader_E8_E7,20.85,6.1e-05
Al_degrader_E8_E7,20.909999999999997,4.913333333333333e-05
Al_degrader_E8_E7,20.97,3.566666666666667e-05
Al_degrader_E8_E7,21.03,2.42e-05
Al_degrader_E8_E7,21.089999999999996,1.8533333333333334e-05
Al_degrader_E8_E7,21.15,1.32e-05
Al_degrader_E8_E7,21.21,8.933333333333333e-06
Al_degrader_E8_E7,21.27,8.066666666666667e-06
Al_degrader_E8_E7,21.33,5.066666666666667e-06
Al_degrader_E8_E7,21.39,3.4e-06
Al_degrader_E8_E7,21.45,2.2e-06
Al_degrader_E8_E7,21.509999999999998,1.4666666666666667e-06
Al_degrader_E8_E7,21.57,1.0666666666666667e-06
Al_degrader_E8_E7,21.63,2e-07
Al_degrader_E8_E7,21.689999999999998,6.666666666666667e-07
Al_degrader_E8_E7,21.75,1.3333333333333334e-07
Al_degrader_E8_E7,21.81,0.0
Al_degrader_E8_E7,21.869999999999997,1.3333333333333334e-07
Al_degrader_E8_E7,21.93,0.0
Al_degrader_E8_E7,21.990000000000002,0.0
Al_degrader_E8_E7,22.049999999999997,6.666666666666667e-08
Al_degrader_E8_E7,22.11,0.0
Al_degrader_E8_E7,22.17,0.0
Al_degrader_E8_E7,22.229999999999997,6.666666666666667e-08
Ni12,11.73,3.3333333333333335e-07
Ni12,11.79,0.0
Ni12,11.85,3.3333333333333335e-07
Ni12,11.91,3.3333333333333335e-07
Ni12,11.969999999999999,3.3333333333333335e-07
Ni12,12.03,6.666666666666667e-07
Ni12,12.09,6.666666666666667e-07
Ni12,12.149999999999999,6.666666666666667e-07
Ni12,12.21,1.3333333333333334e-06
Ni12,12.27,1.3333333333333334e-06
Ni12,12.329999999999998,2e-06
Ni12,12.39,3e-06
Ni12,12.45,3.6666666666666666e-06
Ni12,12.51,5.333333333333334e-06
Ni12,12.57,8.333333333333334e-06
Ni12,12.629999999999999,1.3333333333333333e-05
Ni12,12.69,1.5666666666666667e-05
Ni12,12.75,1.4e-05
Ni12,12.809999999999999,2.6333333333333334e-05
Ni12,12.870000000000001,3.8333333333333334e-05
Ni12,12.93,4.3e-05
Ni12,12.989999999999998,5.1666666666666664e-05
Ni12,13.05,7.066666666666667e-05
Ni12,13.11,9.333333333333333e-05
Ni12,13.169999999999998,0.00012633333333333333
Ni12,13.23,0.000152
Ni12,13.29,0.00019266666666666667
Ni12,13.35,0.00025233333333333336
Ni12,13.41,0.0003083333333333333
Ni12,13.469999999999999,0.0003823333333333333
Ni12,13.53,0.00045966666666666665
Ni12,13.59,0.000606
Ni12,13.649999999999999,0.000735
Ni12,13.71,0.0008603333333333333
Ni12,13.77,0.001053
Ni12,13.829999999999998,0.001308
Ni12,13.89,0.0015533333333333334
Ni12,13.95,0.0018343333333333334
Ni12,14.009999999999998,0.002166
Ni12,14.07,0.002625
Ni12,14.129999999999999,0.003086666666666667
Ni12,14.19,0.0035863333333333333
Ni12,14.25,0.004109333333333334
Ni12,14.309999999999999,0.004916333333333333
Ni12,14.37,0.005623
Ni12,14.43,0.006357
Ni12,14.489999999999998,0.007233333333333333
Ni12,14.55,0.008292333333333334
Ni12,14.61,0.009344333333333333
Ni12,14.669999999999998,0.010449
Ni12,14.73,0.011634666666666666
Ni12,14.79,0.013001
Ni12,14.85,0.014251333333333333
Ni12,14.91,0.015586
Ni12,14.969999999999999,0.017052
Ni12,15.03,0.018449
Ni12,15.09,0.019849666666666668
Ni12,15.149999999999999,0.021352666666666666
Ni12,15.21,0.022815333333333333
Ni12,15.27,0.024204666666666666
Ni12,15.329999999999998,0.025408333333333335
Ni12,15.39,0.02674
Ni12,15.45,0.027849333333333334
Ni12,15.509999999999998,0.028751
Ni12,15.57,0.029598
Ni12,15.629999999999999,0.030387333333333332
Ni12,15.69,0.030904
Ni12,15.75,0.031300666666666664
Ni12,15.809999999999999,0.031294666666666665
Ni12,15.87,0.031454
Ni12,15.93,0.031109666666666667
Ni12,15.989999999999998,0.030672333333333333
Ni12,16.049999999999997,0.029913333333333333
Ni12,16.11,0.029155666666666667
Ni12,16.17,0.028369666666666668
Ni12,16.229999999999997,0.027167
Ni12,16.29,0.025913
Ni12,16.35,0.024697
Ni12,16.409999999999997,0.023220666666666667
Ni12,16.47,0.021856333333333332
Ni12,16.53,0.020113666666666665
Ni12,16.59,0.018682
Ni12,16.65,0.017159666666666667
Ni12,16.71,0.015726333333333332
Ni12,16.77,0.014107666666666666
Ni12,16.83,0.012711666666666666
Ni12,16.89,0.011542
Ni12,16.95,0.010024666666666666
Ni12,17.009999999999998,0.008752333333333334
Ni12,17.07,0.007821666666666666
Ni12,17.13,0.006842666666666667
Ni12,17.189999999999998,0.005764333333333333
Ni12,17.25,0.0049573333333333336
Ni12,17.310000000000002,0.004306333333333333
Ni12,17.369999999999997,0.003581
Ni12,17.43,0.003027666666666667
Ni12,17.490000000000002,0.0024906666666666666
Ni12,17.549999999999997,0.002099
Ni12,17.61,0.0016756666666666667
Ni12,17.67,0.0013803333333333332
Ni12,17.729999999999997,0.0011466666666666667
Ni12,17.79,0.000912
Ni12,17.85,0.0007176666666666667
Ni12,17.909999999999997,0.000574
Ni12,17.97,0.000454
Ni12,18.03,0.00034933333333333333
Ni12,18.09,0.0002666666666666667
Ni12,18.15,0.00021733333333333332
Ni12,18.21,0.00016766666666666666
Ni12,18.27,0.00010833333333333333
Ni12,18.33,9.066666666666667e-05
Ni12,18.39,7.266666666666667e-05
Ni12,18.45,5.1666666666666664e-05
Ni12,18.509999999999998,3.566666666666667e-05
Ni12,18.57,3.6666666666666666e-05
Ni12,18.63,2.1e-05
Ni12,18.689999999999998,1.4666666666666666e-05
Ni12,18.75,1.1e-05
Ni12,18.81,7.333333333333333e-06
Ni12,18.869999999999997,6e-06
Ni12,18.93,1.6666666666666667e-06
Ni12,18.990000000000002,2e-06
Ni12,19.049999999999997,1.6666666666666667e-06
Ni12,19.11,3.3333333333333335e-07
Ni12,19.17,3.3333333333333335e-07
Ni12,19.229999999999997,3.3333333333333335e-07
Ni12,19.29,0.0
Ni12,19.35,0.0
Ni12,19.409999999999997,3.3333333333333335e-07
Ni12,19.47,0.0
Ni12,19.53,0.0
Ni12,19.59,3.3333333333333335e-07
Sn12,11.55,3.3333333333333335e-07
Sn12,11.61,3.3333333333333335e-07
Sn12,11.669999999999998,3.3333333333333335e-07
Sn12,11.73,1e-06
Sn12,11.79,0.0
Sn12,11.85,1e-06
Sn12,11.91,1.6666666666666667e-06
Sn12,11.969999999999999,1e-06
Sn12,12.03,1.6666666666666667e-06
Sn12,12.09,1.6666666666666667e-06
Sn12,12.149999999999999,2.333333333333333e-06
Sn12,12.21,3.6666666666666666e-06
Sn12,12.27,5.333333333333334e-06
Sn12,12.329999999999998,6.333333333333333e-06
Sn12,12.39,1.2e-05
Sn12,12.45,1.6666666666666667e-05
Sn12,12.51,2.3e-05
Sn12,12.57,3.1333333333333334e-05
Sn12,12.629999999999999,3.5333333333333336e-05
Sn12,12.69,4.8666666666666666e-05
Sn12,12.75,5.8666666666666665e-05
Sn12,12.809999999999999,8.033333333333334e-05
Sn12,12.870000000000001,0.000109
Sn12,12.93,0.000122
Sn12,12.989999999999998,0.00016633333333333333
Sn12,13.05,0.00021433333333333333
Sn12,13.11,0.00025866666666666665
Sn12,13.169999999999998,0.000358
Sn12,13.23,0.0004353333333333333
Sn12,13.29,0.000536
Sn12,13.35,0.0006603333333333333
Sn12,13.41,0.0007966666666666667
Sn12,13.469999999999999,0.0009746666666666666
Sn12,13.53,0.001191
Sn12,13.59,0.0014456666666666667
Sn12,13.649999999999999,0.001724
Sn12,13.71,0.0020523333333333335
Sn12,13.77,0.002446666666666667
Sn12,13.829999999999998,0.002868
Sn12,13.89,0.0033786666666666665
Sn12,13.95,0.003987
Sn12,14.009999999999998,0.004671
Sn12,14.07,0.005412333333333333
Sn12,14.129999999999999,0.006234666666666667
Sn12,14.19,0.0071196666666666665
Sn12,14.25,0.008110666666666667
Sn12,14.309999999999999,0.009225666666666667
Sn12,14.37,0.010288333333333333
Sn12,14.43,0.011485
Sn12,14.489999999999998,0.012721333333333333
Sn12,14.55,0.014182
Sn12,14.61,0.015628666666666666
Sn12,14.669999999999998,0.017083
Sn12,14.73,0.018585333333333332
Sn12,14.79,0.020058333333333334
Sn12,14.85,0.021507333333333333
Sn12,14.91,0.022865666666666666
Sn12,14.969999999999999,0.024301
Sn12,15.03,0.02558
Sn12,15.09,0.026994
Sn12,15.149999999999999,0.028315666666666666
Sn12,15.21,0.029414666666666665
Sn12,15.27,0.030291333333333333
Sn12,15.329999999999998,0.030905
Sn12,15.39,0.031455666666666666
Sn12,15.45,0.03181
Sn12,15.509999999999998,0.031862
Sn12,15.57,0.031862
Sn12,15.629999999999999,0.031579666666666666
Sn12,15.69,0.031114
Sn12,15.75,0.03048266666666667
Sn12,15.809999999999999,0.029645666666666667
Sn12,15.87,0.028695333333333333
Sn12,15.93,0.027430666666666666
Sn12,15.989999999999998,0.026046
Sn12,16.049999999999997,0.024561
Sn12,16.11,0.023216
Sn12,16.17,0.021792
Sn12,16.229999999999997,0.02024866666666667
Sn12,16.29,0.018653333333333334
Sn12,16.35,0.017081333333333334
Sn12,16.409999999999997,0.015451333333333333
Sn12,16.47,0.013938
Sn12,16.53,0.012413666666666667
Sn12,16.59,0.011087666666666666
Sn12,16.65,0.009780666666666667
Sn12,16.71,0.008556666666666667
Sn12,16.77,0.007500666666666667
Sn12,16.83,0.006508
Sn12,16.89,0.005536666666666666
Sn12,16.95,0.004690333333333334
Sn12,17.009999999999998,0.004023333333333334
Sn12,17.07,0.0033826666666666666
Sn12,17.13,0.002811
Sn12,17.189999999999998,0.002302666666666667
Sn12,17.25,0.001911
Sn12,17.310000000000002,0.0015783333333333333
Sn12,17.369999999999997,0.001281
Sn12,17.43,0.0010416666666666667
Sn12,17.490000000000002,0.0008143333333333334
Sn12,17.549999999999997,0.000643
Sn12,17.61,0.000506
Sn12,17.67,0.00041266666666666665
Sn12,17.729999999999997,0.000312
Sn12,17.79,0.00023066666666666667
Sn12,17.85,0.00016633333333333333
Sn12,17.909999999999997,0.00012966666666666666
Sn12,17.97,0.00010166666666666667
Sn12,18.03,8.333333333333333e-05
Sn12,18.09,6.5e-05
Sn12,18.15,5.2333333333333336e-05
Sn12,18.21,3.5333333333333336e-05
Sn12,18.27,2.5333333333333334e-05
Sn12,18.33,1.8e-05
Sn12,18.39,1.2333333333333333e-05
Sn12,18.45,9.333333333333333e-06
Sn12,18.509999999999998,5e-06
Sn12,18.57,4e-06
Sn12,18.63,2e-06
Sn12,18.689999999999998,3.3333333333333335e-07
Sn12,18.75,3.3333333333333335e-07
Sn12,18.81,3.3333333333333335e-07
Sn12,18.869999999999997,3.3333333333333335e-07
Sn12,18.93,0.0
Sn12,18.990000000000002,0.0
Sn12,19.049999999999997,0.0
Sn12,19.11,3.3333333333333335e-07
Sn12,19.17,6.666666666666667e-07
Ta12,11.07,3.3333333333333335e-07
Ta12,11.129999999999999,0.0
Ta12,11.19,3.3333333333333335e-07
Ta12,11.25,3.3333333333333335e-07
Ta12,11.309999999999999,3.3333333333333335e-07
Ta12,11.370000000000001,3.3333333333333335e-07
Ta12,11.43,1e-06
Ta12,11.489999999999998,1e-06
Ta12,11.55,3.3333333333333335e-07
Ta12,11.61,1.3333333333333334e-06
Ta12,11.669999999999998,2e-06
Ta12,11.73,2.666666666666667e-06
Ta12,11.79,1.3333333333333334e-06
Ta12,11.85,4.666666666666666e-06
Ta12,11.91,8e-06
Ta12,11.969999999999999,8.333333333333334e-06
Ta12,12.03,1.2333333333333333e-05
Ta12,12.09,1.8333333333333333e-05
Ta12,12.149999999999999,1.5666666666666667e-05
Ta12,12.21,2.6333333333333334e-05
Ta12,12.27,4.3333333333333334e-05
Ta12,12.329999999999998,4.3333333333333334e-05
Ta12,12.39,5.133333333333333e-05
Ta12,12.45,7.8e-05
Ta12,12.51,9.466666666666667e-05
Ta12,12.57,0.000124
Ta12,12.629999999999999,0.00014833333333333332
Ta12,12.69,0.00019466666666666666
Ta12,12.75,0.0002556666666666667
Ta12,12.809999999999999,0.000315
Ta12,12.870000000000001,0.00035766666666666667
Ta12,12.93,0.00047066666666666665
Ta12,12.989999999999998,0.0006063333333333333
Ta12,13.05,0.0006876666666666666
Ta12,13.11,0.000847
Ta12,13.169999999999998,0.0010323333333333332
Ta12,13.23,0.0012533333333333333
Ta12,13.29,0.0015003333333333333
Ta12,13.35,0.0017626666666666667
Ta12,13.41,0.002087
Ta12,13.469999999999999,0.002462
Ta12,13.53,0.0029443333333333335
Ta12,13.59,0.0034393333333333333
Ta12,13.649999999999999,0.003877
Ta12,13.71,0.004666333333333333
Ta12,13.77,0.005361
Ta12,13.829999999999998,0.006024333333333333
Ta12,13.89,0.006855
Ta12,13.95,0.00787
Ta12,14.009999999999998,0.008894333333333334
Ta12,14.07,0.009753333333333333
Ta12,14.129999999999999,0.011124666666666666
Ta12,14.19,0.012278666666666667
Ta12,14.25,0.013493666666666666
Ta12,14.309999999999999,0.014819
Ta12,14.37,0.016211666666666666
Ta12,14.43,0.017614333333333333
Ta12,14.489999999999998,0.018801333333333333
Ta12,14.55,0.020384333333333334
Ta12,14.61,0.021767333333333333
Ta12,14.669999999999998,0.023058
Ta12,14.73,0.024391333333333334
Ta12,14.79,0.025701666666666668
Ta12,14.85,0.026860333333333333
Ta12,14.91,0.027725
Ta12,14.969999999999999,0.028853
Ta12,15.03,0.029531666666666668
Ta12,15.09,0.030162333333333333
Ta12,15.149999999999999,0.030622
Ta12,15.21,0.030968
Ta12,15.27,0.030953
Ta12,15.329999999999998,0.030729333333333334
Ta12,15.39,0.030587666666666666
Ta12,15.45,0.030074333333333335
Ta12,15.509999999999998,0.029395
Ta12,15.57,0.028575333333333335
Ta12,15.629999999999999,0.027654
Ta12,15.69,0.026409
Ta12,15.75,0.025307666666666666
Ta12,15.809999999999999,0.024046
Ta12,15.87,0.022526
Ta12,15.93,0.021186
Ta12,15.989999999999998,0.019628
Ta12,16.049999999999997,0.018121333333333333
Ta12,16.11,0.016731333333333334
Ta12,16.17,0.015286666666666667
Ta12,16.229999999999997,0.013761333333333334
Ta12,16.29,0.012305
Ta12,16.35,0.011220666666666667
Ta12,16.409999999999997,0.009793333333333333
Ta12,16.47,0.008566666666666667
Ta12,16.53,0.007621
Ta12,16.59,0.006661333333333333
Ta12,16.65,0.005678666666666667
Ta12,16.71,0.004862
Ta12,16.77,0.0042316666666666666
Ta12,16.83,0.003561
Ta12,16.89,0.002919
Ta12,16.95,0.0025093333333333335
Ta12,17.009999999999998,0.0021003333333333334
Ta12,17.07,0.0016663333333333333
Ta12,17.13,0.001404
Ta12,17.189999999999998,0.001129
Ta12,17.25,0.000913
Ta12,17.310000000000002,0.000758
Ta12,17.369999999999997,0.000566
Ta12,17.43,0.00046333333333333334
Ta12,17.490000000000002,0.000365
Ta12,17.549999999999997,0.0002666666666666667
Ta12,17.61,0.00021533333333333333
Ta12,17.67,0.00018066666666666668
Ta12,17.729999999999997,0.00011566666666666667
Ta12,17.79,9.433333333333333e-05
Ta12,17.85,7.8e-05
Ta12,17.909999999999997,5.333333333333333e-05
Ta12,17.97,4.3666666666666666e-05
Ta12,18.03,3.8333333333333334e-05
Ta12,18.09,2.0333333333333334e-05
Ta12,18.15,1.8333333333333333e-05
Ta12,18.21,1.3666666666666667e-05
Ta12,18.27,5.333333333333334e-06
Ta12,18.33,6.666666666666667e-06
Ta12,18.39,4e-06
Ta12,18.45,1.3333333333333334e-06
Ta12,18.509999999999998,2e-06
Ta12,18.57,6.666666666666667e-07
Ta12,18.63,0.0
Ta12,18.689999999999998,0.0
Ta12,18.75,6.666666666666667e-07
Ta12,18.81,0.0
Ta12,18.869999999999997,0.0
Ta12,18.93,3.3333333333333335e-07
Ta12,18.990000000000002,0.0
Ta12,19.049999999999997,0.0
Ta12,19.11,3.3333333333333335e-07
Cu12,10.53,3.3333333333333335e-07
Cu12,10.59,0.0
Cu12,10.649999999999999,3.3333333333333335e-07
Cu12,10.71,3.3333333333333335e-07
Cu12,10.77,6.666666666666667e-07
Cu12,10.829999999999998,0.0
Cu12,10.89,1e-06
Cu12,10.95,6.666666666666667e-07
Cu12,11.01,3.3333333333333335e-07
Cu12,11.07,1.6666666666666667e-06
Cu12,11.129999999999999,1.3333333333333334e-06
Cu12,11.19,3e-06
Cu12,11.25,1.6666666666666667e-06
Cu12,11.309999999999999,4e-06
Cu12,11.370000000000001,6.666666666666667e-06
Cu12,11.43,8e-06
Cu12,11.489999999999998,1.1666666666666666e-05
Cu12,11.55,1.5666666666666667e-05
Cu12,11.61,1.4e-05
Cu12,11.669999999999998,2.3e-05
Cu12,11.73,3.266666666666666e-05
Cu12,11.79,4.1666666666666665e-05
Cu12,11.85,4.433333333333333e-05
Cu12,11.91,6.3e-05
Cu12,11.969999999999999,7.7e-05
Cu12,12.03,0.00010433333333333334
Cu12,12.09,0.000134
Cu12,12.149999999999999,0.00014966666666666665
Cu12,12.21,0.000206
Cu12,12.27,0.0002646666666666667
Cu12,12.329999999999998,0.0003063333333333333
Cu12,12.39,0.00036333333333333335
Cu12,12.45,0.0004656666666666667
Cu12,12.51,0.0005843333333333333
Cu12,12.57,0.0006856666666666667
Cu12,12.629999999999999,0.0008366666666666667
Cu12,12.69,0.0009916666666666667
Cu12,12.75,0.001215
Cu12,12.809999999999999,0.0014306666666666667
Cu12,12.870000000000001,0.0016923333333333332
Cu12,12.93,0.001978
Cu12,12.989999999999998,0.0023496666666666666
Cu12,13.05,0.002756
Cu12,13.11,0.0032403333333333333
Cu12,13.169999999999998,0.003660333333333333
Cu12,13.23,0.004302333333333333
Cu12,13.29,0.004985333333333333
Cu12,13.35,0.0056493333333333335
Cu12,13.41,0.006311
Cu12,13.469999999999999,0.007254666666666667
Cu12,13.53,0.008208666666666666
Cu12,13.59,0.009120333333333333
Cu12,13.649999999999999,0.010137
Cu12,13.71,0.011297666666666666
Cu12,13.77,0.012588666666666666
Cu12,13.829999999999998,0.013641
Cu12,13.89,0.014923
Cu12,13.95,0.016271333333333332
Cu12,14.009999999999998,0.017553
Cu12,14.07,0.018749333333333333
Cu12,14.129999999999999,0.020251
Cu12,14.19,0.021515
Cu12,14.25,0.022815333333333333
Cu12,14.309999999999999,0.024018
Cu12,14.37,0.025245666666666666
Cu12,14.43,0.026265666666666666
Cu12,14.489999999999998,0.027189666666666668
Cu12,14.55,0.028107333333333335
Cu12,14.61,0.028840666666666667
Cu12,14.669999999999998,0.029352666666666666
Cu12,14.73,0.029904
Cu12,14.79,0.030111
Cu12,14.85,0.030132333333333334
Cu12,14.91,0.03001
Cu12,14.969999999999999,0.029947
Cu12,15.03,0.029310333333333334
Cu12,15.09,0.028664666666666668
Cu12,15.149999999999999,0.027965
Cu12,15.21,0.027246
Cu12,15.27,0.026006
Cu12,15.329999999999998,0.024930333333333332
Cu12,15.39,0.023739666666666666
Cu12,15.45,0.022407
Cu12,15.509999999999998,0.021171666666666665
Cu12,15.57,0.019545333333333335
Cu12,15.629999999999999,0.018280666666666667
Cu12,15.69,0.016740666666666668
Cu12,15.75,0.015525666666666667
Cu12,15.809999999999999,0.014003
Cu12,15.87,0.012594666666666667
Cu12,15.93,0.011500666666666666
Cu12,15.989999999999998,0.010226666666666667
Cu12,16.049999999999997,0.008950333333333333
Cu12,16.11,0.007895
Cu12,16.17,0.007069333333333334
Cu12,16.229999999999997,0.006086333333333333
Cu12,16.29,0.005136
Cu12,16.35,0.004531333333333333
Cu12,16.409999999999997,0.003917
Cu12,16.47,0.00321
Cu12,16.53,0.002736
Cu12,16.59,0.0023136666666666666
Cu12,16.65,0.001941
Cu12,16.71,0.001545
Cu12,16.77,0.0012776666666666668
Cu12,16.83,0.0010773333333333334
Cu12,16.89,0.000853
Cu12,16.95,0.0006943333333333334
Cu12,17.009999999999998,0.0005443333333333333
Cu12,17.07,0.00043466666666666664
Cu12,17.13,0.0003426666666666667
Cu12,17.189999999999998,0.000254
Cu12,17.25,0.000213
Cu12,17.310000000000002,0.00017233333333333334
Cu12,17.369999999999997,0.000112
Cu12,17.43,8.866666666666666e-05
Cu12,17.490000000000002,7.733333333333333e-05
Cu12,17.549999999999997,5e-05
Cu12,17.61,4.066666666666667e-05
Cu12,17.67,3.566666666666667e-05
Cu12,17.729999999999997,2.3666666666666668e-05
Cu12,17.79,1.8e-05
Cu12,17.85,1.2333333333333333e-05
Cu12,17.909999999999997,8e-06
Cu12,17.97,5.666666666666667e-06
Cu12,18.03,4.333333333333333e-06
Cu12,18.09,6.666666666666667e-07
Cu12,18.15,2.333333333333333e-06
Cu12,18.21,1.3333333333333334e-06
Cu12,18.27,0.0
Cu12,18.33,0.0
Cu12,18.39,6.666666666666667e-07
Cu12,18.45,0.0
Cu12,18.509999999999998,0.0
Cu12,18.57,3.3333333333333335e-07
Cu12,18.63,0.0
Cu12,18.689999999999998,0.0
Cu12,18.75,3.3333333333333335e-07
Al_degrader_E9,8.07,8.333333333333334e-08
Al_degrader_E9,8.129999999999999,0.0
Al_degrader_E9,8.19,8.333333333333334e-08
Al_degrader_E9,8.25,0.0
Al_degrader_E9,8.309999999999999,1.6666666666666668e-07
Al_degrader_E9,8.370000000000001,0.0
Al_degrader_E9,8.43,1.6666666666666668e-07
Al_degrader_E9,8.489999999999998,8.333333333333334e-08
Al_degrader_E9,8.55,3.3333333333333335e-07
Al_degrader_E9,8.61,1.6666666666666668e-07
Al_degrader_E9,8.67,8.333333333333334e-08
Al_degrader_E9,8.73,3.3333333333333335e-07
Al_degrader_E9,8.79,5e-07
Al_degrader_E9,8.85,5e-07
Al_degrader_E9,8.91,4.1666666666666667e-07
Al_degrader_E9,8.969999999999999,6.666666666666667e-07
Al_degrader_E9,9.030000000000001,1.25e-06
Al_degrader_E9,9.09,1.3333333333333334e-06
Al_degrader_E9,9.149999999999999,2.333333333333333e-06
Al_degrader_E9,9.21,2.333333333333333e-06
Al_degrader_E9,9.27,3.833333333333334e-06
Al_degrader_E9,9.329999999999998,4.25e-06
Al_degrader_E9,9.39,3.5833333333333335e-06
Al_degrader_E9,9.45,7.25e-06
Al_degrader_E9,9.51,7.666666666666667e-06
Al_degrader_E9,9.57,9.75e-06
Al_degrader_E9,9.629999999999999,1.0416666666666666e-05
Al_degrader_E9,9.69,1.575e-05
Al_degrader_E9,9.75,2.1e-05
Al_degrader_E9,9.809999999999999,2.0583333333333333e-05
Al_degrader_E9,9.870000000000001,2.7666666666666667e-05
Al_degrader_E9,9.93,3.575e-05
Al_degrader_E9,9.989999999999998,4.133333333333333e-05
Al_degrader_E9,10.05,4.8916666666666665e-05
Al_degrader_E9,10.11,6.641666666666666e-05
Al_degrader_E9,10.169999999999998,8.175e-05
Al_degrader_E9,10.23,8.575e-05
Al_degrader_E9,10.29,0.00011091666666666666
Al_degrader_E9,10.35,0.00013625
Al_degrader_E9,10.41,0.00015858333333333333
Al_degrader_E9,10.469999999999999,0.00018466666666666666
Al_degrader_E9,10.53,0.00023308333333333332
Al_degrader_E9,10.59,0.0002735
Al_degrader_E9,10.649999999999999,0.0003050833333333333
Al_degrader_E9,10.71,0.0003785
Al_degrader_E9,10.77,0.00044225
Al_degrader_E9,10.829999999999998,0.0005060833333333333
Al_degrader_E9,10.89,0.0005915
Al_degrader_E9,10.95,0.0007029166666666667
Al_degrader_E9,11.01,0.0008080833333333333
Al_degrader_E9,11.07,0.0009305
Al_degrader_E9,11.129999999999999,0.0010825
Al_degrader_E9,11.19,0.0012405
Al_degrader_E9,11.25,0.00141275
Al_degrader_E9,11.309999999999999,0.0016355833333333333
Al_degrader_E9,11.370000000000001,0.0018554166666666667
Al_degrader_E9,11.43,0.0020738333333333333
Al_degrader_E9,11.489999999999998,0.0023925
Al_degrader_E9,11.55,0.0026778333333333333
Al_degrader_E9,11.61,0.0029769166666666668
Al_degrader_E9,11.669999999999998,0.0033691666666666666
Al_degrader_E9,11.73,0.003769583333333333
Al_degrader_E9,11.79,0.004145916666666667
Al_degrader_E9,11.85,0.004648166666666667
Al_degrader_E9,11.91,0.005123083333333334
Al_degrader_E9,11.969999999999999,0.005605583333333333
Al_degrader_E9,12.03,0.00622175
Al_degrader_E9,12.09,0.0067885
Al_degrader_E9,12.149999999999999,0.007338
Al_degrader_E9,12.21,0.00804725
Al_degrader_E9,12.27,0.008734
Al_degrader_E9,12.329999999999998,0.009359083333333334
Al_degrader_E9,12.39,0.010153833333333334
Al_degrader_E9,12.45,0.010927666666666667
Al_degrader_E9,12.51,0.011602166666666667
Al_degrader_E9,12.57,0.01246925
Al_degrader_E9,12.629999999999999,0.013245583333333333
Al_degrader_E9,12.69,0.013996666666666666
Al_degrader_E9,12.75,0.014853833333333333
Al_degrader_E9,12.809999999999999,0.0156295
Al_degrader_E9,12.870000000000001,0.016363666666666665
Al_degrader_E9,12.93,0.017229583333333333
Al_degrader_E9,12.989999999999998,0.01794175
Al_degrader_E9,13.05,0.018581583333333332
Al_degrader_E9,13.11,0.01941
Al_degrader_E9,13.169999999999998,0.0199625
Al_degrader_E9,13.23,0.020590333333333332
Al_degrader_E9,13.29,0.021222
Al_degrader_E9,13.35,0.021625166666666668
Al_degrader_E9,13.41,0.022123916666666667
Al_degrader_E9,13.469999999999999,0.022564833333333333
Al_degrader_E9,13.53,0.022801333333333333
Al_degrader_E9,13.59,0.023153666666666666
Al_degrader_E9,13.649999999999999,0.02330633333333333
Al_degrader_E9,13.71,0.023418416666666667
Al_degrader_E9,13.77,0.023529666666666667
Al_degrader_E9,13.829999999999998,0.023446166666666667
Al_degrader_E9,13.89,0.023244333333333332
Al_degrader_E9,13.95,0.0231845
Al_degrader_E9,14.009999999999998,0.022798166666666668
Al_degrader_E9,14.07,0.022543416666666666
Al_degrader_E9,14.129999999999999,0.0221025
Al_degrader_E9,14.19,0.021602083333333334
Al_degrader_E9,14.25,0.021136166666666668
Al_degrader_E9,14.309999999999999,0.020491916666666665
Al_degrader_E9,14.37,0.019748583333333333
Al_degrader_E9,14.43,0.019127833333333333
Al_degrader_E9,14.489999999999998,0.018242666666666667
Al_degrader_E9,14.55,0.017522
Al_degrader_E9,14.61,0.016644416666666665
Al_degrader_E9,14.669999999999998,0.015785166666666666
Al_degrader_E9,14.73,0.014925916666666667
Al_degrader_E9,14.79,0.014000166666666666
Al_degrader_E9,14.85,0.013061416666666667
Al_degrader_E9,14.91,0.012246666666666666
Al_degrader_E9,14.969999999999999,0.01128975
Al_degrader_E9,15.03,0.010457333333333334
Al_degrader_E9,15.09,0.00957675
Al_degrader_E9,15.149999999999999,0.008747416666666667
Al_degrader_E9,15.21,0.007999916666666667
Al_degrader_E9,15.27,0.007194333333333333
Al_degrader_E9,15.329999999999998,0.00650225
Al_degrader_E9,15.39,0.005839083333333333
Al_degrader_E9,15.45,0.005158583333333334
Al_degrader_E9,15.509999999999998,0.004610416666666666
Al_degrader_E9,15.57,0.00402075
Al_degrader_E9,15.629999999999999,0.003548083333333333
Al_degrader_E9,15.69,0.0030745833333333332
Al_degrader_E9,15.75,0.0026784166666666666
Al_degrader_E9,15.809999999999999,0.0023181666666666667
Al_degrader_E9,15.87,0.0019569166666666667
Al_degrader_E9,15.93,0.0017033333333333334
Al_degrader_E9,15.989999999999998,0.0014203333333333333
Al_degrader_E9,16.049999999999997,0.0011976666666666668
Al_degrader_E9,16.11,0.0010081666666666668
Al_degrader_E9,16.17,0.0008415833333333333
Al_degrader_E9,16.229999999999997,0.0006995833333333333
Al_degrader_E9,16.29,0.0005596666666666666
Al_degrader_E9,16.35,0.000467
Al_degrader_E9,16.409999999999997,0.00038341666666666667
Al_degrader_E9,16.47,0.00030566666666666665
Al_degrader_E9,16.53,0.00024733333333333335
Al_degrader_E9,16.59,0.000195
Al_degrader_E9,16.65,0.00015425
Al_degrader_E9,16.71,0.00012208333333333334
Al_degrader_E9,16.77,9.491666666666667e-05
Al_degrader_E9,16.83,7.458333333333333e-05
Al_degrader_E9,16.89,5.725e-05
Al_degrader_E9,16.95,4.4e-05
Al_degrader_E9,17.009999999999998,3.2416666666666664e-05
Al_degrader_E9,17.07,2.4666666666666665e-05
Al_degrader_E9,17.13,1.9833333333333332e-05
Al_degrader_E9,17.189999999999998,1.5e-05
Al_degrader_E9,17.25,1.1833333333333334e-05
Al_degrader_E9,17.310000000000002,8.583333333333333e-06
Al_degrader_E9,17.369999999999997,6.833333333333334e-06
Al_degrader_E9,17.43,3.1666666666666667e-06
Al_degrader_E9,17.490000000000002,3.75e-06
Al_degrader_E9,17.549999999999997,1.5833333333333333e-06
Al_degrader_E9,17.61,1.6666666666666667e-06
Al_degrader_E9,17.67,6.666666666666667e-07
Al_degrader_E9,17.729999999999997,8.333333333333333e-07
Al_degrader_E9,17.79,2.5e-07
Al_degrader_E9,17.85,2.5e-07
Al_degrader_E9,17.909999999999997,0.0
Al_degrader_E9,17.97,8.333333333333334e-08
Al_degrader_E9,18.03,8.333333333333334e-08
Al_degrader_E9,18.09,8.333333333333334e-08
Al_degrader_E9,18.15,0.0
Al_degrader_E9,18.21,8.333333333333334e-08
Al_degrader_E9,18.27,0.0
Al_degrader_E9,18.33,0.0
Al_degrader_E9,18.39,8.333333333333334e-08
Ni13,7.2299999999999995,2e-07
Ni13,7.289999999999999,0.0
Ni13,7.35,0.0
Ni13,7.41,2e-07
Ni13,7.47,2e-07
Ni13,7.529999999999999,2e-07
Ni13,7.59,0.0
Ni13,7.65,6e-07
Ni13,7.709999999999999,4e-07
Ni13,7.77,4e-07
Ni13,7.83,6e-07
Ni13,7.89,4e-07
Ni13,7.949999999999999,1e-06
Ni13,8.01,1.2e-06
Ni13,8.07,4e-07
Ni13,8.129999999999999,1.6e-06
Ni13,8.19,2e-06
Ni13,8.25,2e-06
Ni13,8.309999999999999,3.2e-06
Ni13,8.370000000000001,3.8e-06
Ni13,8.43,5.4e-06
Ni13,8.489999999999998,6e-06
Ni13,8.55,9.4e-06
Ni13,8.61,1.16e-05
Ni13,8.67,9.2e-06
Ni13,8.73,1.7e-05
Ni13,8.79,2.1e-05
Ni13,8.85,2.3e-05
Ni13,8.91,3.02e-05
Ni13,8.969999999999999,3.58e-05
Ni13,9.030000000000001,4.42e-05
Ni13,9.09,5.44e-05
Ni13,9.149999999999999,6.42e-05
Ni13,9.21,7.88e-05
Ni13,9.27,9.94e-05
Ni13,9.329999999999998,0.0001126
Ni13,9.39,0.000143
Ni13,9.45,0.0001762
Ni13,9.51,0.000199
Ni13,9.57,0.000243
Ni13,9.629999999999999,0.000294
Ni13,9.69,0.0003338
Ni13,9.75,0.0004186
Ni13,9.809999999999999,0.000473
Ni13,9.870000000000001,0.0005636
Ni13,9.93,0.000672
Ni13,9.989999999999998,0.000776
Ni13,10.05,0.0008978
Ni13,10.11,0.0010614
Ni13,10.169999999999998,0.0012146
Ni13,10.23,0.0014186
Ni13,10.29,0.0015912
Ni13,10.35,0.00187
Ni13,10.41,0.0021184
Ni13,10.469999999999999,0.0024596
Ni13,10.53,0.0027852
Ni13,10.59,0.00313
Ni13,10.649999999999999,0.00357
Ni13,10.71,0.0040364
Ni13,10.77,0.0045008
Ni13,10.829999999999998,0.0050628
Ni13,10.89,0.005637
Ni13,10.95,0.0062784
Ni13,11.01,0.0069738
Ni13,11.07,0.0076446
Ni13,11.129999999999999,0.0084454
Ni13,11.19,0.0092392
Ni13,11.25,0.010137
Ni13,11.309999999999999,0.0110252
Ni13,11.370000000000001,0.0118818
Ni13,11.43,0.0129098
Ni13,11.489999999999998,0.013839
Ni13,11.55,0.0148594
Ni13,11.61,0.0158364
Ni13,11.669999999999998,0.0168398
Ni13,11.73,0.0178834
Ni13,11.79,0.0189066
Ni13,11.85,0.0199118
Ni13,11.91,0.0207856
Ni13,11.969999999999999,0.021796
Ni13,12.03,0.0225892
Ni13,12.09,0.023427
Ni13,12.149999999999999,0.0241498
Ni13,12.21,0.0246758
Ni13,12.27,0.025431
Ni13,12.329999999999998,0.0257968
Ni13,12.39,0.0261662
Ni13,12.45,0.0264932
Ni13,12.51,0.0264238
Ni13,12.57,0.026631
Ni13,12.629999999999999,0.026311
Ni13,12.69,0.0262374
Ni13,12.75,0.0257772
Ni13,12.809999999999999,0.0253848
Ni13,12.870000000000001,0.0247446
Ni13,12.93,0.0240896
Ni13,12.989999999999998,0.0234228
Ni13,13.05,0.0224228
Ni13,13.11,0.0216436
Ni13,13.169999999999998,0.0206518
Ni13,13.23,0.0195512
Ni13,13.29,0.0185808
Ni13,13.35,0.0173334
Ni13,13.41,0.0163582
Ni13,13.469999999999999,0.015168
Ni13,13.53,0.0141826
Ni13,13.59,0.0129372
Ni13,13.649999999999999,0.0119634
Ni13,13.71,0.0108216
Ni13,13.77,0.0099084
Ni13,13.829999999999998,0.008903
Ni13,13.89,0.0079776
Ni13,13.95,0.0071276
Ni13,14.009999999999998,0.0063316
Ni13,14.07,0.0056358
Ni13,14.129999999999999,0.0049258
Ni13,14.19,0.0043146
Ni13,14.25,0.003751
Ni13,14.309999999999999,0.0032826
Ni13,14.37,0.0027926
Ni13,14.43,0.0024044
Ni13,14.489999999999998,0.0020388
Ni13,14.55,0.0017362
Ni13,14.61,0.0014454
Ni13,14.669999999999998,0.0012164
Ni13,14.73,0.0010178
Ni13,14.79,0.000853
Ni13,14.85,0.000692
Ni13,14.91,0.0005698
Ni13,14.969999999999999,0.0004614
Ni13,15.03,0.0003686
Ni13,15.09,0.0002962
Ni13,15.149999999999999,0.0002368
Ni13,15.21,0.000193
Ni13,15.27,0.0001526
Ni13,15.329999999999998,0.0001198
Ni13,15.39,9e-05
Ni13,15.45,7.24e-05
Ni13,15.509999999999998,5.64e-05
Ni13,15.57,4.64e-05
Ni13,15.629999999999999,3.44e-05
Ni13,15.69,2.96e-05
Ni13,15.75,2.1e-05
Ni13,15.809999999999999,1.66e-05
Ni13,15.87,1e-05
Ni13,15.93,8e-06
Ni13,15.989999999999998,5.8e-06
Ni13,16.049999999999997,3e-06
Ni13,16.11,3.2e-06
Ni13,16.17,1.2e-06
Ni13,16.229999999999997,1.4e-06
Ni13,16.29,8e-07
Ni13,16.35,2e-07
Ni13,16.409999999999997,2e-07
Ni13,16.47,2e-07
Ni13,16.53,2e-07
Ni13,16.59,0.0
Ni13,16.65,2e-07
Ni13,16.71,0.0
Ni13,16.77,2e-07
Ni13,16.83,0.0
Ni13,16.89,2e-07
Sn13,7.05,3.3333333333333335e-07
Sn13,7.109999999999999,0.0
Sn13,7.17,3.3333333333333335e-07
Sn13,7.2299999999999995,6.666666666666667e-07
Sn13,7.289999999999999,3.3333333333333335e-07
Sn13,7.35,3.3333333333333335e-07
Sn13,7.41,1e-06
Sn13,7.47,0.0
Sn13,7.529999999999999,1e-06
Sn13,7.59,6.666666666666667e-07
Sn13,7.65,1.3333333333333334e-06
Sn13,7.709999999999999,6.666666666666667e-07
Sn13,7.77,2e-06
Sn13,7.83,1.3333333333333334e-06
Sn13,7.89,1.3333333333333334e-06
Sn13,7.949999999999999,2.666666666666667e-06
Sn13,8.01,3.6666666666666666e-06
Sn13,8.07,3.3333333333333333e-06
Sn13,8.129999999999999,5.333333333333334e-06
Sn13,8.19,8.333333333333334e-06
Sn13,8.25,1.0333333333333333e-05
Sn13,8.309999999999999,1.4e-05
Sn13,8.370000000000001,1.8e-05
Sn13,8.43,2.3666666666666668e-05
Sn13,8.489999999999998,2.1333333333333335e-05
Sn13,8.55,3.0333333333333333e-05
Sn13,8.61,3.366666666666667e-05
Sn13,8.67,4.6666666666666665e-05
Sn13,8.73,5.5e-05
Sn13,8.79,5.8666666666666665e-05
Sn13,8.85,8.166666666666667e-05
Sn13,8.91,9.266666666666666e-05
Sn13,8.969999999999999,0.00010833333333333333
Sn13,9.030000000000001,0.00013666666666666666
Sn13,9.09,0.00016033333333333335
Sn13,9.149999999999999,0.00020033333333333334
Sn13,9.21,0.000238
Sn13,9.27,0.00029066666666666667
Sn13,9.329999999999998,0.000351
Sn13,9.39,0.0004113333333333333
Sn13,9.45,0.00046133333333333334
Sn13,9.51,0.0005586666666666666
Sn13,9.57,0.000658
Sn13,9.629999999999999,0.0007496666666666667
Sn13,9.69,0.0008973333333333333
Sn13,9.75,0.0010443333333333333
Sn13,9.809999999999999,0.0011933333333333334
Sn13,9.870000000000001,0.0013843333333333333
Sn13,9.93,0.0015796666666666667
Sn13,9.989999999999998,0.0018286666666666666
Sn13,10.05,0.002108
Sn13,10.11,0.002379333333333333
Sn13,10.169999999999998,0.0026843333333333333
Sn13,10.23,0.0031006666666666665
Sn13,10.29,0.0035156666666666665
Sn13,10.35,0.003938333333333334
Sn13,10.41,0.004465666666666666
Sn13,10.469999999999999,0.005038333333333333
Sn13,10.53,0.005569
Sn13,10.59,0.006223666666666666
Sn13,10.649999999999999,0.006889666666666666
Sn13,10.71,0.007599666666666667
Sn13,10.77,0.008351666666666667
Sn13,10.829999999999998,0.009099
Sn13,10.89,0.009964666666666667
Sn13,10.95,0.010889
Sn13,11.01,0.011761666666666667
Sn13,11.07,0.012809
Sn13,11.129999999999999,0.013828
Sn13,11.19,0.014776
Sn13,11.25,0.015812333333333334
Sn13,11.309999999999999,0.016761
Sn13,11.370000000000001,0.017772
Sn13,11.43,0.018754666666666666
Sn13,11.489999999999998,0.019656333333333335
Sn13,11.55,0.020661
Sn13,11.61,0.021534333333333332
Sn13,11.669999999999998,0.022517666666666665
Sn13,11.73,0.023497333333333332
Sn13,11.79,0.024208
Sn13,11.85,0.024865666666666668
Sn13,11.91,0.025390666666666666
Sn13,11.969999999999999,0.025864333333333333
Sn13,12.03,0.026201666666666668
Sn13,12.09,0.026374333333333333
Sn13,12.149999999999999,0.026593666666666668
Sn13,12.21,0.026529
Sn13,12.27,0.026490666666666666
Sn13,12.329999999999998,0.02619
Sn13,12.39,0.025961666666666668
Sn13,12.45,0.025470666666666666
Sn13,12.51,0.024925666666666665
Sn13,12.57,0.024323666666666667
Sn13,12.629999999999999,0.023482666666666666
Sn13,12.69,0.022622666666666666
Sn13,12.75,0.021611
Sn13,12.809999999999999,0.020573333333333332
Sn13,12.870000000000001,0.019658
Sn13,12.93,0.018700666666666668
Sn13,12.989999999999998,0.017634
Sn13,13.05,0.016459333333333333
Sn13,13.11,0.015336666666666667
Sn13,13.169999999999998,0.014266666666666667
Sn13,13.23,0.013073666666666667
Sn13,13.29,0.011962
Sn13,13.35,0.010879
Sn13,13.41,0.009895666666666667
Sn13,13.469999999999999,0.008978333333333333
Sn13,13.53,0.00802
Sn13,13.59,0.007182666666666667
Sn13,13.649999999999999,0.006406333333333333
Sn13,13.71,0.005713
Sn13,13.77,0.004962
Sn13,13.829999999999998,0.004319333333333333
Sn13,13.89,0.003755333333333333
Sn13,13.95,0.0032786666666666667
Sn13,14.009999999999998,0.002829
Sn13,14.07,0.0024146666666666665
Sn13,14.129999999999999,0.0020236666666666667
Sn13,14.19,0.0017366666666666667
Sn13,14.25,0.001478
Sn13,14.309999999999999,0.0012353333333333333
Sn13,14.37,0.001025
Sn13,14.43,0.0008576666666666666
Sn13,14.489999999999998,0.0006966666666666666
Sn13,14.55,0.0005576666666666667
Sn13,14.61,0.00046666666666666666
Sn13,14.669999999999998,0.0003826666666666667
Sn13,14.73,0.0003173333333333333
Sn13,14.79,0.00024
Sn13,14.85,0.000179
Sn13,14.91,0.00013933333333333332
Sn13,14.969999999999999,0.000111
Sn13,15.03,8.933333333333333e-05
Sn13,15.09,7.233333333333333e-05
Sn13,15.149999999999999,6.3e-05
Sn13,15.21,5.5333333333333334e-05
Sn13,15.27,4e-05
Sn13,15.329999999999998,2.8666666666666668e-05
Sn13,15.39,1.8666666666666665e-05
Sn13,15.45,1.633333333333333e-05
Sn13,15.509999999999998,1.1e-05
Sn13,15.57,7.666666666666667e-06
Sn13,15.629999999999999,5.666666666666667e-06
Sn13,15.69,3.6666666666666666e-06
Sn13,15.75,3.3333333333333333e-06
Sn13,15.809999999999999,1e-06
Sn13,15.87,3.3333333333333335e-07
Sn13,15.93,3.3333333333333335e-07
Sn13,15.989999999999998,3.3333333333333335e-07
Sn13,16.049999999999997,3.3333333333333335e-07
Sn13,16.11,0.0
Sn13,16.17,0.0
Sn13,16.229999999999997,0.0
Sn13,16.29,3.3333333333333335e-07
Sn13,16.35,3.3333333333333335e-07
Sn13,16.409999999999997,3.3333333333333335e-07
Ta13,6.39,2.5e-07
Ta13,6.449999999999999,0.0
Ta13,6.51,0.0
Ta13,6.57,2.5e-07
Ta13,6.63,2.5e-07
Ta13,6.6899999999999995,2.5e-07
Ta13,6.75,0.0
Ta13,6.81,7.5e-07
Ta13,6.869999999999999,2.5e-07
Ta13,6.93,7.5e-07
Ta13,6.99,7.5e-07
Ta13,7.05,2.5e-07
Ta13,7.109999999999999,7.5e-07
Ta13,7.17,1e-06
Ta13,7.2299999999999995,1.25e-06
Ta13,7.289999999999999,1.25e-06
Ta13,7.35,2e-06
Ta13,7.41,2e-06
Ta13,7.47,1.75e-06
Ta13,7.529999999999999,3.75e-06
Ta13,7.59,4.75e-06
Ta13,7.65,5.75e-06
Ta13,7.709999999999999,6.25e-06
Ta13,7.77,9.75e-06
Ta13,7.83,1.325e-05
Ta13,7.89,1.15e-05
Ta13,7.949999999999999,1.5e-05
Ta13,8.01,2.175e-05
Ta13,8.07,2.625e-05
Ta13,8.129999999999999,2.8e-05
Ta13,8.19,3.825e-05
Ta13,8.25,4.525e-05
Ta13,8.309999999999999,5.3e-05
Ta13,8.370000000000001,6.35e-05
Ta13,8.43,7.45e-05
Ta13,8.489999999999998,9.2e-05
Ta13,8.55,0.000112
Ta13,8.61,0.000124
Ta13,8.67,0.0001655
Ta13,8.73,0.00019575
Ta13,8.79,0.00021425
Ta13,8.85,0.0002665
Ta13,8.91,0.00031125
Ta13,8.969999999999999,0.00036475
Ta13,9.030000000000001,0.000438
Ta13,9.09,0.00049425
Ta13,9.149999999999999,0.00059475
Ta13,9.21,0.0006925
Ta13,9.27,0.00077425
Ta13,9.329999999999998,0.00092075
Ta13,9.39,0.00107225
Ta13,9.45,0.00119475
Ta13,9.51,0.00139825
Ta13,9.57,0.001593
Ta13,9.629999999999999,0.00181025
Ta13,9.69,0.00209375
Ta13,9.75,0.002341
Ta13,9.809999999999999,0.00270625
Ta13,9.870000000000001,0.00302
Ta13,9.93,0.0033695
Ta13,9.989999999999998,0.00386625
Ta13,10.05,0.004316
Ta13,10.11,0.004767
Ta13,10.169999999999998,0.00530125
Ta13,10.23,0.0059105
Ta13,10.29,0.0065535
Ta13,10.35,0.00712825
Ta13,10.41,0.007871
Ta13,10.469999999999999,0.00862375
Ta13,10.53,0.009444
Ta13,10.59,0.01020375
Ta13,10.649999999999999,0.0110695
Ta13,10.71,0.011944
Ta13,10.77,0.01284025
Ta13,10.829999999999998,0.013828
Ta13,10.89,0.014629
Ta13,10.95,0.01570275
Ta13,11.01,0.0165975
Ta13,11.07,0.01755275
Ta13,11.129999999999999,0.018494
Ta13,11.19,0.01946625
Ta13,11.25,0.02030175
Ta13,11.309999999999999,0.02110725
Ta13,11.370000000000001,0.02204675
Ta13,11.43,0.0226965
Ta13,11.489999999999998,0.02339425
Ta13,11.55,0.02416525
Ta13,11.61,0.024493
Ta13,11.669999999999998,0.0250455
Ta13,11.73,0.02543675
Ta13,11.79,0.025606
Ta13,11.85,0.025765
Ta13,11.91,0.0256495
Ta13,11.969999999999999,0.0257255
Ta13,12.03,0.025413
Ta13,12.09,0.02524525
Ta13,12.149999999999999,0.0248115
Ta13,12.21,0.02417425
Ta13,12.27,0.02368025
Ta13,12.329999999999998,0.02299025
Ta13,12.39,0.02214875
Ta13,12.45,0.021414
Ta13,12.51,0.02042425
Ta13,12.57,0.01959775
Ta13,12.629999999999999,0.01850975
Ta13,12.69,0.0175315
Ta13,12.75,0.01648975
Ta13,12.809999999999999,0.01534275
Ta13,12.870000000000001,0.014482
Ta13,12.93,0.013313
Ta13,12.989999999999998,0.01236475
Ta13,13.05,0.01119675
Ta13,13.11,0.01030175
Ta13,13.169999999999998,0.00935625
Ta13,13.23,0.00845975
Ta13,13.29,0.0075905
Ta13,13.35,0.0068115
Ta13,13.41,0.006045
Ta13,13.469999999999999,0.0053755
Ta13,13.53,0.004732
Ta13,13.59,0.0041635
Ta13,13.649999999999999,0.0036585
Ta13,13.71,0.00315325
Ta13,13.77,0.002723
Ta13,13.829999999999998,0.0023185
Ta13,13.89,0.0019975
Ta13,13.95,0.0017075
Ta13,14.009999999999998,0.00144725
Ta13,14.07,0.00120975
Ta13,14.129999999999999,0.00101025
Ta13,14.19,0.0008475
Ta13,14.25,0.00070525
Ta13,14.309999999999999,0.00058775
Ta13,14.37,0.00046625
Ta13,14.43,0.000391
Ta13,14.489999999999998,0.00029875
Ta13,14.55,0.00025475
Ta13,14.61,0.00019675
Ta13,14.669999999999998,0.000161
Ta13,14.73,0.000125
Ta13,14.79,9.1e-05
Ta13,14.85,7.7e-05
Ta13,14.91,6.225e-05
Ta13,14.969999999999999,5.3e-05
Ta13,15.03,3.525e-05
Ta13,15.09,3.65e-05
Ta13,15.149999999999999,2.275e-05
Ta13,15.21,2.1e-05
Ta13,15.27,1.05e-05
Ta13,15.329999999999998,9.25e-06
Ta13,15.39,6.75e-06
Ta13,15.45,4.5e-06
Ta13,15.509999999999998,4e-06
Ta13,15.57,1e-06
Ta13,15.629999999999999,2e-06
Ta13,15.69,7.5e-07
Ta13,15.75,2.5e-07
Ta13,15.809999999999999,2.5e-07
Ta13,15.87,0.0
Ta13,15.93,5e-07
Ta13,15.989999999999998,0.0
Ta13,16.049999999999997,2.5e-07
Ta13,16.11,0.0
Ta13,16.17,2.5e-07
Ta13,16.229999999999997,0.0
Ta13,16.29,2.5e-07
Cu13,5.49,2e-07
Cu13,5.55,0.0
Cu13,5.609999999999999,0.0
Cu13,5.67,0.0
Cu13,5.73,4e-07
Cu13,5.789999999999999,0.0
Cu13,5.85,2e-07
Cu13,5.91,2e-07
Cu13,5.97,4e-07
Cu13,6.029999999999999,2e-07
Cu13,6.09,2e-07
Cu13,6.15,1e-06
Cu13,6.21,2e-07
Cu13,6.27,4e-07
Cu13,6.33,6e-07
Cu13,6.39,1.2e-06
Cu13,6.449999999999999,6e-07
Cu13,6.51,1.2e-06
Cu13,6.57,1.8e-06
Cu13,6.63,1e-06
Cu13,6.6899999999999995,1.8e-06
Cu13,6.75,2.8e-06
Cu13,6.81,3e-06
Cu13,6.869999999999999,4e-06
Cu13,6.93,5.8e-06
Cu13,6.99,7.4e-06
Cu13,7.05,8.4e-06
Cu13,7.109999999999999,1.04e-05
Cu13,7.17,1e-05
Cu13,7.2299999999999995,1.46e-05
Cu13,7.289999999999999,1.82e-05
Cu13,7.35,2.12e-05
Cu13,7.41,2.28e-05
Cu13,7.47,3.18e-05
Cu13,7.529999999999999,3.62e-05
Cu13,7.59,4.16e-05
Cu13,7.65,5.24e-05
Cu13,7.709999999999999,5.84e-05
Cu13,7.77,7.46e-05
Cu13,7.83,8.7e-05
Cu13,7.89,9.76e-05
Cu13,7.949999999999999,0.000119
Cu13,8.01,0.0001468
Cu13,8.07,0.0001744
Cu13,8.129999999999999,0.0001982
Cu13,8.19,0.0002336
Cu13,8.25,0.0002698
Cu13,8.309999999999999,0.0003242
Cu13,8.370000000000001,0.0003784
Cu13,8.43,0.000425
Cu13,8.489999999999998,0.0004996
Cu13,8.55,0.0006016
Cu13,8.61,0.0006732
Cu13,8.67,0.0007592
Cu13,8.73,0.0008932
Cu13,8.79,0.0010234
Cu13,8.85,0.0011628
Cu13,8.91,0.0013254
Cu13,8.969999999999999,0.0015014
Cu13,9.030000000000001,0.0017166
Cu13,9.09,0.0019476
Cu13,9.149999999999999,0.002191
Cu13,9.21,0.0024886
Cu13,9.27,0.0027804
Cu13,9.329999999999998,0.0031302
Cu13,9.39,0.0035176
Cu13,9.45,0.0038918
Cu13,9.51,0.0043724
Cu13,9.57,0.0048124
Cu13,9.629999999999999,0.0053352
Cu13,9.69,0.0058732
Cu13,9.75,0.006466
Cu13,9.809999999999999,0.0070992
Cu13,9.870000000000001,0.0077384
Cu13,9.93,0.008444
Cu13,9.989999999999998,0.0091412
Cu13,10.05,0.0099926
Cu13,10.11,0.0106858
Cu13,10.169999999999998,0.0115252
Cu13,10.23,0.0124226
Cu13,10.29,0.0132128
Cu13,10.35,0.0141272
Cu13,10.41,0.0149418
Cu13,10.469999999999999,0.0158932
Cu13,10.53,0.0167346
Cu13,10.59,0.0176154
Cu13,10.649999999999999,0.0185308
Cu13,10.71,0.0193412
Cu13,10.77,0.0201976
Cu13,10.829999999999998,0.0209358
Cu13,10.89,0.0216104
Cu13,10.95,0.0223398
Cu13,11.01,0.0229544
Cu13,11.07,0.0234766
Cu13,11.129999999999999,0.0239622
Cu13,11.19,0.024285
Cu13,11.25,0.0246894
Cu13,11.309999999999999,0.024784
Cu13,11.370000000000001,0.0248808
Cu13,11.43,0.0249324
Cu13,11.489999999999998,0.0247
Cu13,11.55,0.0246682
Cu13,11.61,0.0242378
Cu13,11.669999999999998,0.0238832
Cu13,11.73,0.0233868
Cu13,11.79,0.0228194
Cu13,11.85,0.022241
Cu13,11.91,0.0214362
Cu13,11.969999999999999,0.0207218
Cu13,12.03,0.0198752
Cu13,12.09,0.0190146
Cu13,12.149999999999999,0.0179836
Cu13,12.21,0.0171312
Cu13,12.27,0.0160468
Cu13,12.329999999999998,0.0152264
Cu13,12.39,0.0140286
Cu13,12.45,0.0132986
Cu13,12.51,0.012085
Cu13,12.57,0.0113258
Cu13,12.629999999999999,0.010184
Cu13,12.69,0.009437
Cu13,12.75,0.0084992
Cu13,12.809999999999999,0.0076984
Cu13,12.870000000000001,0.0069306
Cu13,12.93,0.0062074
Cu13,12.989999999999998,0.005528
Cu13,13.05,0.0049276
Cu13,13.11,0.0042952
Cu13,13.169999999999998,0.0038446
Cu13,13.23,0.0033298
Cu13,13.29,0.002906
Cu13,13.35,0.0024794
Cu13,13.41,0.002175
Cu13,13.469999999999999,0.001828
Cu13,13.53,0.0016074
Cu13,13.59,0.0013164
Cu13,13.649999999999999,0.0011318
Cu13,13.71,0.000949
Cu13,13.77,0.0008016
Cu13,13.829999999999998,0.0006612
Cu13,13.89,0.0005436
Cu13,13.95,0.0004536
Cu13,14.009999999999998,0.0003548
Cu13,14.07,0.0003034
Cu13,14.129999999999999,0.0002322
Cu13,14.19,0.0001974
Cu13,14.25,0.000152
Cu13,14.309999999999999,0.000127
Cu13,14.37,9.4e-05
Cu13,14.43,7.64e-05
Cu13,14.489999999999998,6.28e-05
Cu13,14.55,4.7e-05
Cu13,14.61,4.1e-05
Cu13,14.669999999999998,2.94e-05
Cu13,14.73,2.8e-05
Cu13,14.79,1.6e-05
Cu13,14.85,1.5e-05
Cu13,14.91,9.2e-06
Cu13,14.969999999999999,8.2e-06
Cu13,15.03,4.4e-06
Cu13,15.09,3.2e-06
Cu13,15.149999999999999,2.6e-06
Cu13,15.21,1.4e-06
Cu13,15.27,1.2e-06
Cu13,15.329999999999998,6e-07
Cu13,15.39,0.0
Cu13,15.45,2e-07
Cu13,15.509999999999998,4e-07
Cu13,15.57,0.0
Cu13,15.629999999999999,2e-07
Cu13,15.69,0.0
Cu13,15.75,2e-07
Cu13,15.809999999999999,2e-07
Cu13,15.87,0.0
Cu13,15.93,2e-07
Al_degrader_E10,0.03,2.5e-07
Al_degrader_E10,0.09,0.0
Al_degrader_E10,0.15,0.0
Al_degrader_E10,0.21,0.0
Al_degrader_E10,0.27,5e-08
Al_degrader_E10,0.32999999999999996,0.0
Al_degrader_E10,0.39,5e-08
Al_degrader_E10,0.44999999999999996,0.0
Al_degrader_E10,0.51,0.0
Al_degrader_E10,0.5700000000000001,0.0
Al_degrader_E10,0.6299999999999999,0.0
Al_degrader_E10,0.69,5e-08
Al_degrader_E10,0.75,0.0
Al_degrader_E10,0.81,0.0
Al_degrader_E10,0.8699999999999999,0.0
Al_degrader_E10,0.9299999999999999,1e-07
Al_degrader_E10,0.99,5e-08
Al_degrader_E10,1.05,0.0
Al_degrader_E10,1.1099999999999999,1e-07
Al_degrader_E10,1.17,5e-08
Al_degrader_E10,1.23,0.0
Al_degrader_E10,1.29,5e-08
Al_degrader_E10,1.3499999999999999,5e-08
Al_degrader_E10,1.41,0.0
Al_degrader_E10,1.47,5e-08
Al_degrader_E10,1.53,1e-07
Al_degrader_E10,1.5899999999999999,0.0
Al_degrader_E10,1.65,1.5e-07
Al_degrader_E10,1.71,5e-08
Al_degrader_E10,1.77,1e-07
Al_degrader_E10,1.8299999999999998,1e-07
Al_degrader_E10,1.89,5e-08
Al_degrader_E10,1.95,2e-07
Al_degrader_E10,2.01,0.0
Al_degrader_E10,2.0700000000000003,2e-07
Al_degrader_E10,2.13,1e-07
Al_degrader_E10,2.19,3e-07
Al_degrader_E10,2.25,5e-08
Al_degrader_E10,2.3099999999999996,3.5e-07
Al_degrader_E10,2.37,5e-08
Al_degrader_E10,2.4299999999999997,3e-07
Al_degrader_E10,2.49,2e-07
Al_degrader_E10,2.55,5e-07
Al_degrader_E10,2.61,3e-07
Al_degrader_E10,2.67,4.5e-07
Al_degrader_E10,2.7299999999999995,4e-07
Al_degrader_E10,2.79,4e-07
Al_degrader_E10,2.8499999999999996,1.05e-06
Al_degrader_E10,2.91,5.5e-07
Al_degrader_E10,2.9699999999999998,8e-07
Al_degrader_E10,3.0300000000000002,9e-07
Al_degrader_E10,3.09,1.1e-06
Al_degrader_E10,3.15,1.6e-06
Al_degrader_E10,3.21,1.5e-06
Al_degrader_E10,3.2699999999999996,1.35e-06
Al_degrader_E10,3.33,1.9e-06
Al_degrader_E10,3.3899999999999997,1.75e-06
Al_degrader_E10,3.45,2.1e-06
Al_degrader_E10,3.51,2.4e-06
Al_degrader_E10,3.57,3.45e-06
Al_degrader_E10,3.63,2.5e-06
Al_degrader_E10,3.6899999999999995,4.2e-06
Al_degrader_E10,3.75,4.1e-06
Al_degrader_E10,3.8099999999999996,4.5e-06
Al_degrader_E10,3.87,5.25e-06
Al_degrader_E10,3.9299999999999997,5.8e-06
Al_degrader_E10,3.9899999999999998,6.75e-06
Al_degrader_E10,4.05,7.05e-06
Al_degrader_E10,4.109999999999999,8.8e-06
Al_degrader_E10,4.17,9.5e-06
Al_degrader_E10,4.23,1.035e-05
Al_degrader_E10,4.29,1.19e-05
Al_degrader_E10,4.35,1.37e-05
Al_degrader_E10,4.41,1.605e-05
Al_degrader_E10,4.47,1.74e-05
Al_degrader_E10,4.529999999999999,1.93e-05
Al_degrader_E10,4.59,2.215e-05
Al_degrader_E10,4.65,2.44e-05
Al_degrader_E10,4.71,2.845e-05
Al_degrader_E10,4.77,3.36e-05
Al_degrader_E10,4.83,3.66e-05
Al_degrader_E10,4.89,4.07e-05
Al_degrader_E10,4.949999999999999,4.55e-05
Al_degrader_E10,5.01,5.24e-05
Al_degrader_E10,5.07,5.71e-05
Al_degrader_E10,5.13,6.545e-05
Al_degrader_E10,5.1899999999999995,7.46e-05
Al_degrader_E10,5.25,8.23e-05
Al_degrader_E10,5.31,9.355e-05
Al_degrader_E10,5.369999999999999,0.0001007
Al_degrader_E10,5.43,0.000117
Al_degrader_E10,5.49,0.0001339
Al_degrader_E10,5.55,0.0001427
Al_degrader_E10,5.609999999999999,0.00016385
Al_degrader_E10,5.67,0.0001835
Al_degrader_E10,5.73,0.0001997
Al_degrader_E10,5.789999999999999,0.00022695
Al_degrader_E10,5.85,0.000256
Al_degrader_E10,5.91,0.0002772
Al_degrader_E10,5.97,0.00031245
Al_degrader_E10,6.029999999999999,0.0003509
Al_degrader_E10,6.09,0.00038075
Al_degrader_E10,6.15,0.0004232
Al_degrader_E10,6.21,0.00048
Al_degrader_E10,6.27,0.0005217
Al_degrader_E10,6.33,0.0005804
Al_degrader_E10,6.39,0.0006513
Al_degrader_E10,6.449999999999999,0.0006993
Al_degrader_E10,6.51,0.00078215
Al_degrader_E10,6.57,0.0008697
Al_degrader_E10,6.63,0.0009472
Al_degrader_E10,6.6899999999999995,0.00104985
Al_degrader_E10,6.75,0.00114875
Al_degrader_E10,6.81,0.00125715
Al_degrader_E10,6.869999999999999,0.0013843
Al_degrader_E10,6.93,0.0015161
Al_degrader_E10,6.99,0.00163015
Al_degrader_E10,7.05,0.0018058
Al_degrader_E10,7.109999999999999,0.00196145
Al_degrader_E10,7.17,0.00212425
Al_degrader_E10,7.2299999999999995,0.0023118
Al_degrader_E10,7.289999999999999,0.0025167
Al_degrader_E10,7.35,0.0027254
Al_degrader_E10,7.41,0.00294905
Al_degrader_E10,7.47,0.0031758
Al_degrader_E10,7.529999999999999,0.0034386
Al_degrader_E10,7.59,0.00370295
Al_degrader_E10,7.65,0.00398835
Al_degrader_E10,7.709999999999999,0.00428135
Al_degrader_E10,7.77,0.0045821
Al_degrader_E10,7.83,0.0049057
Al_degrader_E10,7.89,0.00525495
Al_degrader_E10,7.949999999999999,0.00561275
Al_degrader_E10,8.01,0.00596635
Al_degrader_E10,8.07,0.0063501
Al_degrader_E10,8.129999999999999,0.0067384
Al_degrader_E10,8.19,0.0071668
Al_degrader_E10,8.25,0.00759635
Al_degrader_E10,8.309999999999999,0.0080302
Al_degrader_E10,8.370000000000001,0.00848085
Al_degrader_E10,8.43,0.00894315
Al_degrader_E10,8.489999999999998,0.009407
Al_degrader_E10,8.55,0.0098457
Al_degrader_E10,8.61,0.01037725
Al_degrader_E10,8.67,0.01082575
Al_degrader_E10,8.73,0.0113405
Al_degrader_E10,8.79,0.0118145
Al_degrader_E10,8.85,0.0122968
Al_degrader_E10,8.91,0.01278655
Al_degrader_E10,8.969999999999999,0.013287
Al_degrader_E10,9.030000000000001,0.0137355
Al_degrader_E10,9.09,0.01419205
Al_degrader_E10,9.149999999999999,0.01469755
Al_degrader_E10,9.21,0.01507255
Al_degrader_E10,9.27,0.0155407
Al_degrader_E10,9.329999999999998,0.0159324
Al_degrader_E10,9.39,0.01635105
Al_degrader_E10,9.45,0.01667695
Al_degrader_E10,9.51,0.01703305
Al_degrader_E10,9.57,0.0173454
Al_degrader_E10,9.629999999999999,0.0176235
Al_degrader_E10,9.69,0.0178763
Al_degrader_E10,9.75,0.01812085
Al_degrader_E10,9.809999999999999,0.01829885
Al_degrader_E10,9.870000000000001,0.0184724
Al_degrader_E10,9.93,0.01857775
Al_degrader_E10,9.989999999999998,0.01868255
Al_degrader_E10,10.05,0.0187024
Al_degrader_E10,10.11,0.01873295
Al_degrader_E10,10.169999999999998,0.0186499
Al_degrader_E10,10.23,0.0186149
Al_degrader_E10,10.29,0.01845835
Al_degrader_E10,10.35,0.01833375
Al_degrader_E10,10.41,0.01810555
Al_degrader_E10,10.469999999999999,0.01789625
Al_degrader_E10,10.53,0.0176019
Al_degrader_E10,10.59,0.0173012
Al_degrader_E10,10.649999999999999,0.01694155
Al_degrader_E10,10.71,0.0165812
Al_degrader_E10,10.77,0.01613015
Al_degrader_E10,10.829999999999998,0.0156984
Al_degrader_E10,10.89,0.01518415
Al_degrader_E10,10.95,0.01471785
Al_degrader_E10,11.01,0.0141576
Al_degrader_E10,11.07,0.01364425
Al_degrader_E10,11.129999999999999,0.0130557
Al_degrader_E10,11.19,0.01249805
Al_degrader_E10,11.25,0.01190085
Al_degrader_E10,11.309999999999999,0.01130815
Al_degrader_E10,11.370000000000001,0.01072315
Al_degrader_E10,11.43,0.01009385
Al_degrader_E10,11.489999999999998,0.00954145
Al_degrader_E10,11.55,0.0089135
Al_degrader_E10,11.61,0.0083639
Al_degrader_E10,11.669999999999998,0.007746
Al_degrader_E10,11.73,0.0072367
Al_degrader_E10,11.79,0.00668155
Al_degrader_E10,11.85,0.0061642
Al_degrader_E10,11.91,0.00567825
Al_degrader_E10,11.969999999999999,0.00518175
Al_degrader_E10,12.03,0.00473435
Al_degrader_E10,12.09,0.0042904
Al_degrader_E10,12.149999999999999,0.0038822
Al_degrader_E10,12.21,0.0035015
Al_degrader_E10,12.27,0.0031299
Al_degrader_E10,12.329999999999998,0.00281495
Al_degrader_E10,12.39,0.0024924
Al_degrader_E10,12.45,0.0022335
Al_degrader_E10,12.51,0.00195145
Al_degrader_E10,12.57,0.0017298
Al_degrader_E10,12.629999999999999,0.0015069
Al_degrader_E10,12.69,0.00131355
Al_degrader_E10,12.75,0.00115615
Al_degrader_E10,12.809999999999999,0.00098325
Al_degrader_E10,12.870000000000001,0.0008538
Al_degrader_E10,12.93,0.00073315
Al_degrader_E10,12.989999999999998,0.0006202
Al_degrader_E10,13.05,0.0005342
Al_degrader_E10,13.11,0.00044375
Al_degrader_E10,13.169999999999998,0.00037995
Al_degrader_E10,13.23,0.0003165
Al_degrader_E10,13.29,0.00026505
Al_degrader_E10,13.35,0.0002178
Al_degrader_E10,13.41,0.00018255
Al_degrader_E10,13.469999999999999,0.0001496
Al_degrader_E10,13.53,0.000121
Al_degrader_E10,13.59,9.835e-05
Al_degrader_E10,13.649999999999999,8.105e-05
Al_degrader_E10,13.71,6.475e-05
Al_degrader_E10,13.77,5.165e-05
Al_degrader_E10,13.829999999999998,4.24e-05
Al_degrader_E10,13.89,3.11e-05
Al_degrader_E10,13.95,2.59e-05
Al_degrader_E10,14.009999999999998,2.085e-05
Al_degrader_E10,14.07,1.61e-05
Al_degrader_E10,14.129999999999999,1.29e-05
Al_degrader_E10,14.19,1.08e-05
Al_degrader_E10,14.25,8.4e-06
Al_degrader_E10,14.309999999999999,6.2e-06
Al_degrader_E10,14.37,4.75e-06
Al_degrader_E10,14.43,3.45e-06
Al_degrader_E10,14.489999999999998,2.3e-06
Al_degrader_E10,14.55,1.8e-06
Al_degrader_E10,14.61,1.3e-06
Al_degrader_E10,14.669999999999998,8e-07
Al_degrader_E10,14.73,5.5e-07
Al_degrader_E10,14.79,5e-07
Al_degrader_E10,14.85,2e-07
Al_degrader_E10,14.91,1.5e-07
Al_degrader_E10,14.969999999999999,5e-08
Al_degrader_E10,15.03,5e-08
Al_degrader_E10,15.09,1e-07
Al_degrader_E10,15.149999999999999,5e-08
Al_degrader_E10,15.21,0.0
Al_degrader_E10,15.27,5e-08
Al_degrader_E10,15.329999999999998,5e-08
Al_degrader_E10,15.39,0.0
Al_degrader_E10,15.45,5e-08
Al_degrader_E10,15.509999999999998,5e-08
Ni14,0.03,1.0666666666666667e-05
Ni14,0.09,4.4444444444444444e-07
Ni14,0.15,1.2222222222222221e-06
Ni14,0.21,4.4444444444444444e-07
Ni14,0.27,3.3333333333333335e-07
Ni14,0.32999999999999996,6.666666666666667e-07
Ni14,0.39,5.555555555555555e-07
Ni14,0.44999999999999996,6.666666666666667e-07
Ni14,0.51,3.3333333333333335e-07
Ni14,0.5700000000000001,2.2222222222222222e-07
Ni14,0.6299999999999999,1.2222222222222221e-06
Ni14,0.69,1.111111111111111e-06
Ni14,0.75,7.777777777777778e-07
Ni14,0.81,1e-06
Ni14,0.8699999999999999,1.2222222222222221e-06
Ni14,0.9299999999999999,1.111111111111111e-06
Ni14,0.99,5.555555555555555e-07
Ni14,1.05,2e-06
Ni14,1.1099999999999999,1.7777777777777777e-06
Ni14,1.17,1.8888888888888888e-06
Ni14,1.23,2.666666666666667e-06
Ni14,1.29,1.4444444444444445e-06
Ni14,1.3499999999999999,2.222222222222222e-06
Ni14,1.41,3.5555555555555555e-06
Ni14,1.47,2.222222222222222e-06
Ni14,1.53,4.111111111111111e-06
Ni14,1.5899999999999999,2.888888888888889e-06
Ni14,1.65,3.2222222222222222e-06
Ni14,1.71,4.222222222222222e-06
Ni14,1.77,3.888888888888889e-06
Ni14,1.8299999999999998,5.444444444444445e-06
Ni14,1.89,4.222222222222222e-06
Ni14,1.95,7.222222222222222e-06
Ni14,2.01,5.2222222222222226e-06
Ni14,2.0700000000000003,7.666666666666667e-06
Ni14,2.13,6.333333333333333e-06
Ni14,2.19,1.088888888888889e-05
Ni14,2.25,8.777777777777778e-06
Ni14,2.3099999999999996,1.0222222222222223e-05
Ni14,2.37,1.1111111111111112e-05
Ni14,2.4299999999999997,1.4222222222222222e-05
Ni14,2.49,1.1888888888888888e-05
Ni14,2.55,1.4e-05
Ni14,2.61,1.922222222222222e-05
Ni14,2.67,1.7333333333333332e-05
Ni14,2.7299999999999995,1.9666666666666666e-05
Ni14,2.79,2.2666666666666668e-05
Ni14,2.8499999999999996,2.4e-05
Ni14,2.91,2.5444444444444446e-05
Ni14,2.9699999999999998,2.9555555555555556e-05
Ni14,3.0300000000000002,3.355555555555556e-05
Ni14,3.09,3.6222222222222225e-05
Ni14,3.15,3.888888888888889e-05
Ni14,3.21,4.6e-05
Ni14,3.2699999999999996,4.9111111111111114e-05
Ni14,3.33,5.044444444444444e-05
Ni14,3.3899999999999997,6e-05
Ni14,3.45,6.644444444444444e-05
Ni14,3.51,7.233333333333333e-05
Ni14,3.57,8.277777777777778e-05
Ni14,3.63,9.28888888888889e-05
Ni14,3.6899999999999995,0.00010188888888888888
Ni14,3.75,0.000108
Ni14,3.8099999999999996,0.0001201111111111111
Ni14,3.87,0.00013844444444444445
Ni14,3.9299999999999997,0.00014377777777777777
Ni14,3.9899999999999998,0.0001668888888888889
Ni14,4.05,0.00017655555555555556
Ni14,4.109999999999999,0.0002
Ni14,4.17,0.00022466666666666666
Ni14,4.23,0.00023666666666666665
Ni14,4.29,0.0002772222222222222
Ni14,4.35,0.000291
Ni14,4.41,0.00032877777777777777
Ni14,4.47,0.0003623333333333333
Ni14,4.529999999999999,0.000395
Ni14,4.59,0.0004388888888888889
Ni14,4.65,0.0004692222222222222
Ni14,4.71,0.0005294444444444445
Ni14,4.77,0.0005712222222222222
Ni14,4.83,0.0006347777777777777
Ni14,4.89,0.0006966666666666666
Ni14,4.949999999999999,0.0007637777777777778
Ni14,5.01,0.0008328888888888889
Ni14,5.07,0.0009017777777777778
Ni14,5.13,0.0009946666666666667
Ni14,5.1899999999999995,0.0010836666666666666
Ni14,5.25,0.0012027777777777779
Ni14,5.31,0.0012997777777777777
Ni14,5.369999999999999,0.0014307777777777778
Ni14,5.43,0.0015514444444444445
Ni14,5.49,0.0017037777777777778
Ni14,5.55,0.0018342222222222223
Ni14,5.609999999999999,0.001994111111111111
Ni14,5.67,0.0021874444444444445
Ni14,5.73,0.0023507777777777776
Ni14,5.789999999999999,0.0025841111111111112
Ni14,5.85,0.002773777777777778
Ni14,5.91,0.003016777777777778
Ni14,5.97,0.0032218888888888887
Ni14,6.029999999999999,0.003534
Ni14,6.09,0.0037545555555555557
Ni14,6.15,0.004087444444444445
Ni14,6.21,0.004346333333333333
Ni14,6.27,0.004725
Ni14,6.33,0.004996888888888889
Ni14,6.39,0.005396111111111111
Ni14,6.449999999999999,0.005737777777777777
Ni14,6.51,0.006165111111111111
Ni14,6.57,0.006552555555555555
Ni14,6.63,0.007006333333333333
Ni14,6.6899999999999995,0.007427444444444445
Ni14,6.75,0.007882
Ni14,6.81,0.008346111111111111
Ni14,6.869999999999999,0.008827444444444445
Ni14,6.93,0.009348333333333333
Ni14,6.99,0.009832444444444444
Ni14,7.05,0.010396222222222222
Ni14,7.109999999999999,0.010837666666666667
Ni14,7.17,0.011404
Ni14,7.2299999999999995,0.011956888888888888
Ni14,7.289999999999999,0.01251011111111111
Ni14,7.35,0.01301588888888889
Ni14,7.41,0.013608
Ni14,7.47,0.014135444444444445
Ni14,7.529999999999999,0.01465
Ni14,7.59,0.015203555555555555
Ni14,7.65,0.015731333333333333
Ni14,7.709999999999999,0.01620211111111111
Ni14,7.77,0.016678111111111112
Ni14,7.83,0.01714188888888889
Ni14,7.89,0.017556444444444444
Ni14,7.949999999999999,0.018005777777777777
Ni14,8.01,0.018368
Ni14,8.07,0.018673333333333333
Ni14,8.129999999999999,0.01897177777777778
Ni14,8.19,0.019302
Ni14,8.25,0.019446111111111112
Ni14,8.309999999999999,0.019645555555555555
Ni14,8.370000000000001,0.01972888888888889
Ni14,8.43,0.019772222222222222
Ni14,8.489999999999998,0.019844555555555556
Ni14,8.55,0.019765777777777778
Ni14,8.61,0.019713333333333333
Ni14,8.67,0.019594777777777777
Ni14,8.73,0.019376888888888888
Ni14,8.79,0.01912877777777778
Ni14,8.85,0.018837555555555555
Ni14,8.91,0.01854288888888889
Ni14,8.969999999999999,0.018132222222222223
Ni14,9.030000000000001,0.017725222222222222
Ni14,9.09,0.017262222222222224
Ni14,9.149999999999999,0.016795444444444446
Ni14,9.21,0.016266444444444444
Ni14,9.27,0.01567722222222222
Ni14,9.329999999999998,0.015113111111111112
Ni14,9.39,0.014518666666666666
Ni14,9.45,0.013858555555555556
Ni14,9.51,0.013223
Ni14,9.57,0.012608
Ni14,9.629999999999999,0.011965555555555556
Ni14,9.69,0.011285333333333333
Ni14,9.75,0.01063288888888889
Ni14,9.809999999999999,0.010009777777777777
Ni14,9.870000000000001,0.009305222222222222
Ni14,9.93,0.008689333333333334
Ni14,9.989999999999998,0.008070666666666667
Ni14,10.05,0.007493222222222222
Ni14,10.11,0.006913666666666667
Ni14,10.169999999999998,0.006312111111111111
Ni14,10.23,0.005788111111111111
Ni14,10.29,0.0053375555555555555
Ni14,10.35,0.004843111111111111
Ni14,10.41,0.004361111111111111
Ni14,10.469999999999999,0.003953
Ni14,10.53,0.0035864444444444446
Ni14,10.59,0.003187111111111111
Ni14,10.649999999999999,0.0028494444444444444
Ni14,10.71,0.002546
Ni14,10.77,0.002266111111111111
Ni14,10.829999999999998,0.0019795555555555556
Ni14,10.89,0.001751
Ni14,10.95,0.001543
Ni14,11.01,0.001357
Ni14,11.07,0.001167
Ni14,11.129999999999999,0.0010105555555555556
Ni14,11.19,0.0008735555555555556
Ni14,11.25,0.0007633333333333333
Ni14,11.309999999999999,0.0006465555555555556
Ni14,11.370000000000001,0.0005542222222222222
Ni14,11.43,0.0004711111111111111
Ni14,11.489999999999998,0.0003935555555555556
Ni14,11.55,0.00033855555555555554
Ni14,11.61,0.00027666666666666665
Ni14,11.669999999999998,0.000228
Ni14,11.73,0.0001911111111111111
Ni14,11.79,0.000164
Ni14,11.85,0.00013533333333333333
Ni14,11.91,0.00010777777777777778
Ni14,11.969999999999999,8.61111111111111e-05
Ni14,12.03,7.022222222222222e-05
Ni14,12.09,5.9e-05
Ni14,12.149999999999999,5.1e-05
Ni14,12.21,3.988888888888889e-05
Ni14,12.27,3.3e-05
Ni14,12.329999999999998,2.777777777777778e-05
Ni14,12.39,2.2666666666666668e-05
Ni14,12.45,1.822222222222222e-05
Ni14,12.51,1.2666666666666667e-05
Ni14,12.57,1.0111111111111111e-05
Ni14,12.629999999999999,7.333333333333333e-06
Ni14,12.69,6.333333333333333e-06
Ni14,12.75,3.2222222222222222e-06
Ni14,12.809999999999999,3.4444444444444444e-06
Ni14,12.870000000000001,2.111111111111111e-06
Ni14,12.93,1.5555555555555556e-06
Ni14,12.989999999999998,1.111111111111111e-06
Ni14,13.05,6.666666666666667e-07
Ni14,13.11,2.2222222222222222e-07
Ni14,13.169999999999998,0.0
Ni14,13.23,1.1111111111111111e-07
Ni14,13.29,2.2222222222222222e-07
Ni14,13.35,2.2222222222222222e-07
Ni14,13.41,1.1111111111111111e-07
Ni14,13.469999999999999,1.1111111111111111e-07
Ni14,13.53,1.1111111111111111e-07
Ni14,13.59,1.1111111111111111e-07
Ni14,13.649999999999999,1.1111111111111111e-07
Ni14,13.71,1.1111111111111111e-07
Ni14,13.77,1.1111111111111111e-07
Sn14,0.03,4.266666666666667e-05
Sn14,0.09,1.6666666666666667e-06
Sn14,0.15,3.6666666666666666e-06
Sn14,0.21,3.3333333333333333e-06
Sn14,0.27,2.333333333333333e-06
Sn14,0.32999999999999996,3.3333333333333333e-06
Sn14,0.39,6.666666666666667e-07
Sn14,0.44999999999999996,3e-06
Sn14,0.51,5.666666666666667e-06
Sn14,0.5700000000000001,0.0
Sn14,0.6299999999999999,3.6666666666666666e-06
Sn14,0.69,4.333333333333333e-06
Sn14,0.75,5.666666666666667e-06
Sn14,0.81,3.3333333333333333e-06
Sn14,0.8699999999999999,6e-06
Sn14,0.9299999999999999,7.333333333333333e-06
Sn14,0.99,4e-06
Sn14,1.05,4.666666666666666e-06
Sn14,1.1099999999999999,7.333333333333333e-06
Sn14,1.17,5e-06
Sn14,1.23,9.333333333333333e-06
Sn14,1.29,6.666666666666667e-06
Sn14,1.3499999999999999,7.333333333333333e-06
Sn14,1.41,1.0333333333333333e-05
Sn14,1.47,1.1333333333333334e-05
Sn14,1.53,9.333333333333333e-06
Sn14,1.5899999999999999,9.666666666666667e-06
Sn14,1.65,1.4333333333333334e-05
Sn14,1.71,1.6666666666666667e-05
Sn14,1.77,1.5333333333333334e-05
Sn14,1.8299999999999998,1.1666666666666666e-05
Sn14,1.89,1.7e-05
Sn14,1.95,2.9333333333333333e-05
Sn14,2.01,2.0666666666666666e-05
Sn14,2.0700000000000003,1.9666666666666666e-05
Sn14,2.13,2.4e-05
Sn14,2.19,3.4666666666666665e-05
Sn14,2.25,2.7e-05
Sn14,2.3099999999999996,3.3e-05
Sn14,2.37,3.766666666666667e-05
Sn14,2.4299999999999997,3.733333333333333e-05
Sn14,2.49,4.3333333333333334e-05
Sn14,2.55,4.4666666666666664e-05
Sn14,2.61,5.133333333333333e-05
Sn14,2.67,5.1666666666666664e-05
Sn14,2.7299999999999995,6.733333333333333e-05
Sn14,2.79,7.1e-05
Sn14,2.8499999999999996,7.2e-05
Sn14,2.91,9e-05
Sn14,2.9699999999999998,8.566666666666667e-05
Sn14,3.0300000000000002,0.00010033333333333334
Sn14,3.09,0.000118
Sn14,3.15,0.00011866666666666667
Sn14,3.21,0.00013866666666666666
Sn14,3.2699999999999996,0.00015333333333333334
Sn14,3.33,0.00016
Sn14,3.3899999999999997,0.00018
Sn14,3.45,0.00018766666666666666
Sn14,3.51,0.00022966666666666667
Sn14,3.57,0.00022333333333333333
Sn14,3.63,0.00025
Sn14,3.6899999999999995,0.0002863333333333333
Sn14,3.75,0.00029466666666666666
Sn14,3.8099999999999996,0.00033066666666666666
Sn14,3.87,0.000366
Sn14,3.9299999999999997,0.000381
Sn14,3.9899999999999998,0.0004603333333333333
Sn14,4.05,0.00047066666666666665
Sn14,4.109999999999999,0.000524
Sn14,4.17,0.0005753333333333333
Sn14,4.23,0.0006166666666666666
Sn14,4.29,0.0006666666666666666
Sn14,4.35,0.0007316666666666667
Sn14,4.41,0.000805
Sn14,4.47,0.000876
Sn14,4.529999999999999,0.0009666666666666667
Sn14,4.59,0.001009
Sn14,4.65,0.00114
Sn14,4.71,0.0012346666666666667
Sn14,4.77,0.0013123333333333333
Sn14,4.83,0.001469
Sn14,4.89,0.0015483333333333334
Sn14,4.949999999999999,0.0017013333333333333
Sn14,5.01,0.0018466666666666666
Sn14,5.07,0.0019776666666666666
Sn14,5.13,0.002190333333333333
Sn14,5.1899999999999995,0.002362
Sn14,5.25,0.002571
Sn14,5.31,0.002719
Sn14,5.369999999999999,0.0029703333333333335
Sn14,5.43,0.003202
Sn14,5.49,0.003415333333333333
Sn14,5.55,0.0037296666666666667
Sn14,5.609999999999999,0.003976
Sn14,5.67,0.004271666666666667
Sn14,5.73,0.004535666666666667
Sn14,5.789999999999999,0.0048916666666666666
Sn14,5.85,0.005165
Sn14,5.91,0.005556666666666666
Sn14,5.97,0.005816333333333333
Sn14,6.029999999999999,0.006336
Sn14,6.09,0.006606666666666667
Sn14,6.15,0.007056333333333334
Sn14,6.21,0.007501666666666667
Sn14,6.27,0.007964
Sn14,6.33,0.008387
Sn14,6.39,0.008939666666666667
Sn14,6.449999999999999,0.009378
Sn14,6.51,0.009885666666666666
Sn14,6.57,0.010314666666666666
Sn14,6.63,0.010856666666666667
Sn14,6.6899999999999995,0.011337666666666666
Sn14,6.75,0.011892666666666666
Sn14,6.81,0.012314
Sn14,6.869999999999999,0.01288
Sn14,6.93,0.013364333333333334
Sn14,6.99,0.013838
Sn14,7.05,0.014331333333333333
Sn14,7.109999999999999,0.014847
Sn14,7.17,0.015347666666666667
Sn14,7.2299999999999995,0.01586366666666667
Sn14,7.289999999999999,0.016454333333333335
Sn14,7.35,0.016803333333333333
Sn14,7.41,0.017291333333333332
Sn14,7.47,0.017663
Sn14,7.529999999999999,0.018007
Sn14,7.59,0.018238
Sn14,7.65,0.018601
Sn14,7.709999999999999,0.018832666666666668
Sn14,7.77,0.018885333333333334
Sn14,7.83,0.019191
Sn14,7.89,0.019286333333333332
Sn14,7.949999999999999,0.019291333333333334
Sn14,8.01,0.019342333333333333
Sn14,8.07,0.019384666666666668
Sn14,8.129999999999999,0.019271666666666666
Sn14,8.19,0.019236666666666666
Sn14,8.25,0.018925666666666667
Sn14,8.309999999999999,0.018773666666666668
Sn14,8.370000000000001,0.018582666666666667
Sn14,8.43,0.018319
Sn14,8.489999999999998,0.017900666666666665
Sn14,8.55,0.017402333333333332
Sn14,8.61,0.017112333333333334
Sn14,8.67,0.016470666666666668
Sn14,8.73,0.016068
Sn14,8.79,0.015442333333333334
Sn14,8.85,0.014999666666666666
Sn14,8.91,0.014484666666666667
Sn14,8.969999999999999,0.0138
Sn14,9.030000000000001,0.013379
Sn14,9.09,0.012620666666666667
Sn14,9.149999999999999,0.012020333333333333
Sn14,9.21,0.011521666666666666
Sn14,9.27,0.010694333333333333
Sn14,9.329999999999998,0.010120333333333334
Sn14,9.39,0.009481333333333333
Sn14,9.45,0.008791666666666666
Sn14,9.51,0.008206333333333333
Sn14,9.57,0.007662666666666667
Sn14,9.629999999999999,0.007104666666666666
Sn14,9.69,0.006572666666666667
Sn14,9.75,0.005983
Sn14,9.809999999999999,0.0054926666666666665
Sn14,9.870000000000001,0.005065666666666666
Sn14,9.93,0.004601666666666667
Sn14,9.989999999999998,0.004158666666666666
Sn14,10.05,0.0037846666666666666
Sn14,10.11,0.0033636666666666667
Sn14,10.169999999999998,0.002979
Sn14,10.23,0.0027473333333333334
Sn14,10.29,0.002448333333333333
Sn14,10.35,0.0021263333333333334
Sn14,10.41,0.001914
Sn14,10.469999999999999,0.0016613333333333332
Sn14,10.53,0.001464
Sn14,10.59,0.0012763333333333333
Sn14,10.649999999999999,0.001135
Sn14,10.71,0.0009766666666666667
Sn14,10.77,0.000847
Sn14,10.829999999999998,0.0007396666666666667
Sn14,10.89,0.0006096666666666667
Sn14,10.95,0.0005316666666666666
Sn14,11.01,0.00045
Sn14,11.07,0.0003823333333333333
Sn14,11.129999999999999,0.00032033333333333333
Sn14,11.19,0.00028866666666666667
Sn14,11.25,0.000232
Sn14,11.309999999999999,0.000194
Sn14,11.370000000000001,0.00014133333333333334
Sn14,11.43,0.00011866666666666667
Sn14,11.489999999999998,0.00010366666666666666
Sn14,11.55,8.266666666666667e-05
Sn14,11.61,6.433333333333333e-05
Sn14,11.669999999999998,6e-05
Sn14,11.73,5.5333333333333334e-05
Sn14,11.79,4.4e-05
Sn14,11.85,3.8e-05
Sn14,11.91,2.6e-05
Sn14,11.969999999999999,2.5666666666666666e-05
Sn14,12.03,1.5e-05
Sn14,12.09,1.4666666666666666e-05
Sn14,12.149999999999999,1e-05
Sn14,12.21,6.666666666666667e-06
Sn14,12.27,6.666666666666667e-06
Sn14,12.329999999999998,3.3333333333333333e-06
Sn14,12.39,3.6666666666666666e-06
Sn14,12.45,3e-06
Sn14,12.51,1.3333333333333334e-06
Sn14,12.57,3.3333333333333335e-07
Sn14,12.629999999999999,3.3333333333333335e-07
Sn14,12.69,0.0
Sn14,12.75,3.3333333333333335e-07
Sn14,12.809999999999999,3.3333333333333335e-07
Sn14,12.870000000000001,0.0
Sn14,12.93,0.0
Sn14,12.989999999999998,0.0
Sn14,13.05,0.0
Sn14,13.11,3.3333333333333335e-07
Sn14,13.169999999999998,3.3333333333333335e-07
Sn14,13.23,0.0
Sn14,13.29,3.3333333333333335e-07
Ta14,0.03,0.000165375
Ta14,0.09,1.2875e-05
Ta14,0.15,1.1125e-05
Ta14,0.21,6.75e-06
Ta14,0.27,6e-06
Ta14,0.32999999999999996,6e-06
Ta14,0.39,9e-06
Ta14,0.44999999999999996,8.375e-06
Ta14,0.51,9e-06
Ta14,0.5700000000000001,9.5e-06
Ta14,0.6299999999999999,1.025e-05
Ta14,0.69,1.125e-05
Ta14,0.75,1.4625e-05
Ta14,0.81,1.3e-05
Ta14,0.8699999999999999,1.6e-05
Ta14,0.9299999999999999,1.4375e-05
Ta14,0.99,1.725e-05
Ta14,1.05,1.75e-05
Ta14,1.1099999999999999,2.1e-05
Ta14,1.17,2e-05
Ta14,1.23,2.2e-05
Ta14,1.29,2.4875e-05
Ta14,1.3499999999999999,2.9625e-05
Ta14,1.41,2.9875e-05
Ta14,1.47,3.1e-05
Ta14,1.53,3.65e-05
Ta14,1.5899999999999999,3.775e-05
Ta14,1.65,4.0625e-05
Ta14,1.71,4.2875e-05
Ta14,1.77,4.8875e-05
Ta14,1.8299999999999998,5.225e-05
Ta14,1.89,5.2e-05
Ta14,1.95,6.3e-05
Ta14,2.01,6.5875e-05
Ta14,2.0700000000000003,7.2375e-05
Ta14,2.13,8.05e-05
Ta14,2.19,8.625e-05
Ta14,2.25,9.325e-05
Ta14,2.3099999999999996,0.0001015
Ta14,2.37,0.000104125
Ta14,2.4299999999999997,0.000123875
Ta14,2.49,0.000125625
Ta14,2.55,0.000138125
Ta14,2.61,0.0001545
Ta14,2.67,0.000159125
Ta14,2.7299999999999995,0.000181625
Ta14,2.79,0.000194
Ta14,2.8499999999999996,0.000209125
Ta14,2.91,0.000231875
Ta14,2.9699999999999998,0.00024825
Ta14,3.0300000000000002,0.000268
Ta14,3.09,0.000289875
Ta14,3.15,0.0003225
Ta14,3.21,0.00034525
Ta14,3.2699999999999996,0.000379
Ta14,3.33,0.00039775
Ta14,3.3899999999999997,0.000435875
Ta14,3.45,0.000472625
Ta14,3.51,0.000510625
Ta14,3.57,0.0005625
Ta14,3.63,0.000604625
Ta14,3.6899999999999995,0.000658375
Ta14,3.75,0.000710875
Ta14,3.8099999999999996,0.000763
Ta14,3.87,0.000839125
Ta14,3.9299999999999997,0.000891875
Ta14,3.9899999999999998,0.000974625
Ta14,4.05,0.001046
Ta14,4.109999999999999,0.00114475
Ta14,4.17,0.00122625
Ta14,4.23,0.00132625
Ta14,4.29,0.00143075
Ta14,4.35,0.001565
Ta14,4.41,0.00166125
Ta14,4.47,0.001819875
Ta14,4.529999999999999,0.00192475
Ta14,4.59,0.00210525
Ta14,4.65,0.002233625
Ta14,4.71,0.002436
Ta14,4.77,0.0025985
Ta14,4.83,0.00280375
Ta14,4.89,0.00299375
Ta14,4.949999999999999,0.003211875
Ta14,5.01,0.0034325
Ta14,5.07,0.003668375
Ta14,5.13,0.003917125
Ta14,5.1899999999999995,0.00418375
Ta14,5.25,0.004451875
Ta14,5.31,0.00475975
Ta14,5.369999999999999,0.005039375
Ta14,5.43,0.0053695
Ta14,5.49,0.005707375
Ta14,5.55,0.006032125
Ta14,5.609999999999999,0.006397875
Ta14,5.67,0.00678475
Ta14,5.73,0.0071535
Ta14,5.789999999999999,0.007553125
Ta14,5.85,0.007961625
Ta14,5.91,0.008388625
Ta14,5.97,0.008825625
Ta14,6.029999999999999,0.00927075
Ta14,6.09,0.00969975
Ta14,6.15,0.01017825
Ta14,6.21,0.010573
Ta14,6.27,0.01110325
Ta14,6.33,0.01156425
Ta14,6.39,0.01196425
Ta14,6.449999999999999,0.012497625
Ta14,6.51,0.012904
Ta14,6.57,0.01342225
Ta14,6.63,0.013916625
Ta14,6.6899999999999995,0.0143105
Ta14,6.75,0.014822625
Ta14,6.81,0.015238625
Ta14,6.869999999999999,0.01562325
Ta14,6.93,0.016069375
Ta14,6.99,0.0164395
Ta14,7.05,0.016776125
Ta14,7.109999999999999,0.017146625
Ta14,7.17,0.017467625
Ta14,7.2299999999999995,0.017652625
Ta14,7.289999999999999,0.01795875
Ta14,7.35,0.018165125
Ta14,7.41,0.018232375
Ta14,7.47,0.01842575
Ta14,7.529999999999999,0.018498
Ta14,7.59,0.018520625
Ta14,7.65,0.018543875
Ta14,7.709999999999999,0.018470625
Ta14,7.77,0.018438875
Ta14,7.83,0.018371
Ta14,7.89,0.0180605
Ta14,7.949999999999999,0.017941
Ta14,8.01,0.017736375
Ta14,8.07,0.017322625
Ta14,8.129999999999999,0.017042375
Ta14,8.19,0.016695625
Ta14,8.25,0.0162775
Ta14,8.309999999999999,0.01583675
Ta14,8.370000000000001,0.015426
Ta14,8.43,0.01492975
Ta14,8.489999999999998,0.01439725
Ta14,8.55,0.0138775
Ta14,8.61,0.01333425
Ta14,8.67,0.01281925
Ta14,8.73,0.012255375
Ta14,8.79,0.011651625
Ta14,8.85,0.01105775
Ta14,8.91,0.010483625
Ta14,8.969999999999999,0.009907875
Ta14,9.030000000000001,0.009312875
Ta14,9.09,0.0087065
Ta14,9.149999999999999,0.008163375
Ta14,9.21,0.007611375
Ta14,9.27,0.007042
Ta14,9.329999999999998,0.006551125
Ta14,9.39,0.00604775
Ta14,9.45,0.005557875
Ta14,9.51,0.005131
Ta14,9.57,0.00466725
Ta14,9.629999999999999,0.004275
Ta14,9.69,0.0038805
Ta14,9.75,0.0035035
Ta14,9.809999999999999,0.003182625
Ta14,9.870000000000001,0.002850875
Ta14,9.93,0.00255
Ta14,9.989999999999998,0.002275875
Ta14,10.05,0.00203375
Ta14,10.11,0.001805
Ta14,10.169999999999998,0.0015995
Ta14,10.23,0.001405375
Ta14,10.29,0.0012345
Ta14,10.35,0.001078125
Ta14,10.41,0.000944875
Ta14,10.469999999999999,0.00082275
Ta14,10.53,0.00070225
Ta14,10.59,0.000618
Ta14,10.649999999999999,0.00052075
Ta14,10.71,0.00045725
Ta14,10.77,0.00038025
Ta14,10.829999999999998,0.00032375
Ta14,10.89,0.00027175
Ta14,10.95,0.000228125
Ta14,11.01,0.000192
Ta14,11.07,0.000159625
Ta14,11.129999999999999,0.000131
Ta14,11.19,0.00010975
Ta14,11.25,8.825e-05
Ta14,11.309999999999999,7.25e-05
Ta14,11.370000000000001,6.2625e-05
Ta14,11.43,5.2125e-05
Ta14,11.489999999999998,4.425e-05
Ta14,11.55,3.675e-05
Ta14,11.61,3.075e-05
Ta14,11.669999999999998,2.4375e-05
Ta14,11.73,2.025e-05
Ta14,11.79,1.3625e-05
Ta14,11.85,1.2125e-05
Ta14,11.91,9.375e-06
Ta14,11.969999999999999,7.25e-06
Ta14,12.03,4.5e-06
Ta14,12.09,3.75e-06
Ta14,12.149999999999999,2.625e-06
Ta14,12.21,2e-06
Ta14,12.27,1.375e-06
Ta14,12.329999999999998,1.125e-06
Ta14,12.39,5e-07
Ta14,12.45,2.5e-07
Ta14,12.51,1.25e-07
Ta14,12.57,1.25e-07
Ta14,12.629999999999999,1.25e-07
Ta14,12.69,1.25e-07
Ta14,12.75,1.25e-07
Ta14,12.809999999999999,1.25e-07
Ta14,12.870000000000001,1.25e-07
Ta14,12.93,1.25e-07
Ta14,12.989999999999998,1.25e-07
Ta14,13.05,1.25e-07
Ta14,13.11,1.25e-07
Cu14,0.03,0.0012643636363636364
Cu14,0.09,6.69090909090909e-05
Cu14,0.15,6.254545454545454e-05
Cu14,0.21,4.636363636363636e-05
Cu14,0.27,4.109090909090909e-05
Cu14,0.32999999999999996,3.627272727272727e-05
Cu14,0.39,4.6181818181818185e-05
Cu14,0.44999999999999996,5.2e-05
Cu14,0.51,5.490909090909091e-05
Cu14,0.5700000000000001,5.890909090909091e-05
Cu14,0.6299999999999999,6.427272727272727e-05
Cu14,0.69,5.7272727272727274e-05
Cu14,0.75,7.145454545454546e-05
Cu14,0.81,8.154545454545455e-05
Cu14,0.8699999999999999,8.327272727272727e-05
Cu14,0.9299999999999999,9.209090909090909e-05
Cu14,0.99,8.945454545454545e-05
Cu14,1.05,0.00010618181818181819
Cu14,1.1099999999999999,0.00011127272727272727
Cu14,1.17,0.00011463636363636363
Cu14,1.23,0.00012418181818181818
Cu14,1.29,0.00014136363636363635
Cu14,1.3499999999999999,0.00014581818181818183
Cu14,1.41,0.00015472727272727272
Cu14,1.47,0.00016345454545454546
Cu14,1.53,0.0001879090909090909
Cu14,1.5899999999999999,0.00018263636363636363
Cu14,1.65,0.0002080909090909091
Cu14,1.71,0.00022345454545454546
Cu14,1.77,0.000232
Cu14,1.8299999999999998,0.0002473636363636364
Cu14,1.89,0.0002720909090909091
Cu14,1.95,0.00028727272727272727
Cu14,2.01,0.00030263636363636365
Cu14,2.0700000000000003,0.0003381818181818182
Cu14,2.13,0.000347
Cu14,2.19,0.00037545454545454546
Cu14,2.25,0.00041863636363636365
Cu14,2.3099999999999996,0.0004201818181818182
Cu14,2.37,0.00046145454545454544
Cu14,2.4299999999999997,0.0005045454545454546
Cu14,2.49,0.0005227272727272727
Cu14,2.55,0.0005775454545454545
Cu14,2.61,0.0006048181818181818
Cu14,2.67,0.0006503636363636363
Cu14,2.7299999999999995,0.0007046363636363637
Cu14,2.79,0.000732
Cu14,2.8499999999999996,0.0008170909090909091
Cu14,2.91,0.0008455454545454545
Cu14,2.9699999999999998,0.0009268181818181819
Cu14,3.0300000000000002,0.0009744545454545455
Cu14,3.09,0.0010571818181818182
Cu14,3.15,0.0011274545454545454
Cu14,3.21,0.001199
Cu14,3.2699999999999996,0.0013012727272727273
Cu14,3.33,0.0013592727272727272
Cu14,3.3899999999999997,0.0014905454545454545
Cu14,3.45,0.001552
Cu14,3.51,0.0017002727272727274
Cu14,3.57,0.0017845454545454545
Cu14,3.63,0.001928090909090909
Cu14,3.6899999999999995,0.0020398181818181817
Cu14,3.75,0.0021995454545454545
Cu14,3.8099999999999996,0.0023095454545454547
Cu14,3.87,0.0024884545454545454
Cu14,3.9299999999999997,0.0026139090909090908
Cu14,3.9899999999999998,0.0028368181818181817
Cu14,4.05,0.0029592727272727275
Cu14,4.109999999999999,0.003196181818181818
Cu14,4.17,0.0033544545454545454
Cu14,4.23,0.003592363636363636
Cu14,4.29,0.0037587272727272725
Cu14,4.35,0.004035727272727272
Cu14,4.41,0.0042236363636363634
Cu14,4.47,0.004497363636363636
Cu14,4.529999999999999,0.004762272727272727
Cu14,4.59,0.005023818181818182
Cu14,4.65,0.005311363636363637
Cu14,4.71,0.005606545454545454
Cu14,4.77,0.0059060909090909094
Cu14,4.83,0.006209818181818182
Cu14,4.89,0.006538181818181818
Cu14,4.949999999999999,0.006855454545454546
Cu14,5.01,0.007229454545454546
Cu14,5.07,0.007552454545454545
Cu14,5.13,0.007931090909090908
Cu14,5.1899999999999995,0.008325363636363636
Cu14,5.25,0.008647909090909092
Cu14,5.31,0.009045818181818183
Cu14,5.369999999999999,0.009459
Cu14,5.43,0.00980909090909091
Cu14,5.49,0.010234818181818182
Cu14,5.55,0.01064490909090909
Cu14,5.609999999999999,0.011028181818181819
Cu14,5.67,0.011445818181818182
Cu14,5.73,0.01187290909090909
Cu14,5.789999999999999,0.012279181818181818
Cu14,5.85,0.012652272727272727
Cu14,5.91,0.013082818181818182
Cu14,5.97,0.013507363636363637
Cu14,6.029999999999999,0.013832363636363636
Cu14,6.09,0.014248727272727272
Cu14,6.15,0.014599454545454546
Cu14,6.21,0.014924727272727274
Cu14,6.27,0.015274090909090909
Cu14,6.33,0.015626181818181817
Cu14,6.39,0.015892090909090908
Cu14,6.449999999999999,0.016182545454545453
Cu14,6.51,0.016421818181818183
Cu14,6.57,0.01662609090909091
Cu14,6.63,0.01683281818181818
Cu14,6.6899999999999995,0.017007
Cu14,6.75,0.017117090909090908
Cu14,6.81,0.01721718181818182
Cu14,6.869999999999999,0.017243
Cu14,6.93,0.017315636363636363
Cu14,6.99,0.017305181818181817
Cu14,7.05,0.017301363636363636
Cu14,7.109999999999999,0.017201545454545455
Cu14,7.17,0.017137454545454546
Cu14,7.2299999999999995,0.016941636363636364
Cu14,7.289999999999999,0.01678781818181818
Cu14,7.35,0.01656709090909091
Cu14,7.41,0.01629781818181818
Cu14,7.47,0.01603390909090909
Cu14,7.529999999999999,0.015737454545454544
Cu14,7.59,0.015401545454545454
Cu14,7.65,0.015039545454545455
Cu14,7.709999999999999,0.014637727272727273
Cu14,7.77,0.014246636363636364
Cu14,7.83,0.013798363636363636
Cu14,7.89,0.013329818181818182
Cu14,7.949999999999999,0.012883363636363636
Cu14,8.01,0.012397909090909091
Cu14,8.07,0.011881
Cu14,8.129999999999999,0.011394272727272727
Cu14,8.19,0.010886545454545454
Cu14,8.25,0.010330363636363636
Cu14,8.309999999999999,0.009853
Cu14,8.370000000000001,0.00933009090909091
Cu14,8.43,0.008785454545454546
Cu14,8.489999999999998,0.008287454545454546
Cu14,8.55,0.007737636363636364
Cu14,8.61,0.007255181818181819
Cu14,8.67,0.006783363636363636
Cu14,8.73,0.006307090909090909
Cu14,8.79,0.005859090909090909
Cu14,8.85,0.005405363636363636
Cu14,8.91,0.004993363636363636
Cu14,8.969999999999999,0.004611181818181818
Cu14,9.030000000000001,0.004216090909090909
Cu14,9.09,0.0038602727272727274
Cu14,9.149999999999999,0.003520090909090909
Cu14,9.21,0.003199181818181818
Cu14,9.27,0.0029054545454545453
Cu14,9.329999999999998,0.0026094545454545454
Cu14,9.39,0.002345
Cu14,9.45,0.0021069090909090907
Cu14,9.51,0.0018797272727272727
Cu14,9.57,0.001680181818181818
Cu14,9.629999999999999,0.001503
Cu14,9.69,0.0013242727272727273
Cu14,9.75,0.0011625454545454545
Cu14,9.809999999999999,0.0010228181818181818
Cu14,9.870000000000001,0.0009031818181818182
Cu14,9.93,0.0007847272727272728
Cu14,9.989999999999998,0.0006886363636363636
Cu14,10.05,0.0005935454545454546
Cu14,10.11,0.0005169090909090909
Cu14,10.169999999999998,0.00044636363636363634
Cu14,10.23,0.000378
Cu14,10.29,0.000324
Cu14,10.35,0.0002749090909090909
Cu14,10.41,0.000233
Cu14,10.469999999999999,0.00019527272727272728
Cu14,10.53,0.00016472727272727271
Cu14,10.59,0.00013672727272727274
Cu14,10.649999999999999,0.00011554545454545454
Cu14,10.71,9.572727272727273e-05
Cu14,10.77,7.818181818181818e-05
Cu14,10.829999999999998,6.59090909090909e-05
Cu14,10.89,5.4727272727272724e-05
Cu14,10.95,4.690909090909091e-05
Cu14,11.01,3.981818181818182e-05
Cu14,11.07,3.1636363636363635e-05
Cu14,11.129999999999999,2.818181818181818e-05
Cu14,11.19,2.281818181818182e-05
Cu14,11.25,1.7727272727272726e-05
Cu14,11.309999999999999,1.4e-05
Cu14,11.370000000000001,1.1363636363636363e-05
Cu14,11.43,8.272727272727272e-06
Cu14,11.489999999999998,6.363636363636363e-06
Cu14,11.55,4.727272727272727e-06
Cu14,11.61,3.818181818181818e-06
Cu14,11.669999999999998,2.5454545454545456e-06
Cu14,11.73,1.7272727272727273e-06
Cu14,11.79,1.3636363636363636e-06
Cu14,11.85,1.090909090909091e-06
Cu14,11.91,5.454545454545455e-07
Cu14,11.969999999999999,1.8181818181818183e-07
Cu14,12.03,1.8181818181818183e-07
Cu14,12.09,9.090909090909091e-08
Cu14,12.149999999999999,1.8181818181818183e-07
Cu14,12.21,1.8181818181818183e-07
Cu14,12.27,9.090909090909091e-08
Cu14,12.329999999999998,9.090909090909091e-08
Cu14,12.39,9.090909090909091e-08
Cu14,12.45,9.090909090909091e-08
Cu14,12.51,1.8181818181818183e-07
Cu14,12.57,9.090909090909091e-08
Cu14,12.629999999999999,9.090909090909091e-08
Cu14,12.69,9.090909090909091e-08
