name,energy,flux
Ni08,27.57,3.3333333333333335e-07
Ni08,27.63,0.0
Ni08,27.689999999999998,3.3333333333333335e-07
Ni08,27.75,1e-06
Ni08,27.81,2e-06
Ni08,27.869999999999997,6e-06
Ni08,27.93,8e-06
Ni08,27.99,1.9e-05
Ni08,28.049999999999997,2.7666666666666667e-05
Ni08,28.11,5.0333333333333335e-05
Ni08,28.17,8e-05
Ni08,28.229999999999997,0.000122
Ni08,28.29,0.00021133333333333334
Ni08,28.35,0.000302
Ni08,28.409999999999997,0.0004476666666666667
Ni08,28.47,0.0006606666666666667
Ni08,28.53,0.0009413333333333333
Ni08,28.589999999999996,0.001349
Ni08,28.65,0.0018866666666666667
Ni08,28.71,0.002608333333333333
Ni08,28.769999999999996,0.0034826666666666665
Ni08,28.83,0.004687333333333333
Ni08,28.89,0.006132
Ni08,28.95,0.007857666666666667
Ni08,29.009999999999998,0.010116666666666666
Ni08,29.07,0.012484666666666666
Ni08,29.13,0.015463
Ni08,29.189999999999998,0.018527666666666668
Ni08,29.25,0.022190666666666668
Ni08,29.31,0.026006666666666668
Ni08,29.369999999999997,0.029787333333333332
Ni08,29.43,0.033849
Ni08,29.49,0.037566666666666665
Ni08,29.549999999999997,0.04145466666666667
Ni08,29.61,0.044548
Ni08,29.67,0.04718133333333333
Ni08,29.729999999999997,0.04938633333333333
Ni08,29.79,0.05062766666666667
Ni08,29.85,0.05121933333333333
Ni08,29.909999999999997,0.050852666666666664
Ni08,29.97,0.049624666666666664
Ni08,30.03,0.047845
Ni08,30.089999999999996,0.045275
Ni08,30.15,0.04199133333333333
Ni08,30.21,0.03852966666666666
Ni08,30.269999999999996,0.03467233333333333
Ni08,30.33,0.030406666666666665
Ni08,30.39,0.026657333333333335
Ni08,30.45,0.022723666666666666
Ni08,30.509999999999998,0.019114666666666665
Ni08,30.57,0.015896666666666667
Ni08,30.63,0.012857
Ni08,30.689999999999998,0.010347666666666666
Ni08,30.75,0.008097333333333333
Ni08,30.81,0.006320666666666666
Ni08,30.869999999999997,0.004878666666666667
Ni08,30.93,0.0036123333333333333
Ni08,30.99,0.0027096666666666666
Ni08,31.049999999999997,0.001943
Ni08,31.11,0.0013873333333333333
Ni08,31.17,0.000967
Ni08,31.229999999999997,0.0006863333333333333
Ni08,31.29,0.00047033333333333335
Ni08,31.35,0.000296
Ni08,31.409999999999997,0.00019266666666666667
Ni08,31.47,0.00013766666666666666
Ni08,31.53,8.6e-05
Ni08,31.589999999999996,5.5e-05
Ni08,31.65,3.1333333333333334e-05
Ni08,31.71,2.1333333333333335e-05
Ni08,31.769999999999996,6.333333333333333e-06
Ni08,31.83,8e-06
Ni08,31.89,1.6666666666666667e-06
Ni08,31.95,2e-06
Ni08,32.01,3.3333333333333335e-07
Ni08,32.07,3.3333333333333335e-07
Ni08,32.129999999999995,0.0
Ni08,32.19,6.666666666666667e-07
Ni08,32.25,0.0
Ni08,32.31,3.3333333333333335e-07
Ni08,32.37,0.0
Ni08,32.43,3.3333333333333335e-07
Sn08,27.509999999999998,6.666666666666667e-07
Sn08,27.57,3.3333333333333335e-07
Sn08,27.63,1e-06
Sn08,27.689999999999998,2.666666666666667e-06
Sn08,27.75,5e-06
Sn08,27.81,1.0333333333333333e-05
Sn08,27.869999999999997,2.0333333333333334e-05
Sn08,27.93,4.1e-05
Sn08,27.99,5.933333333333334e-05
Sn08,28.049999999999997,0.00010266666666666666
Sn08,28.11,0.00015833333333333332
Sn08,28.17,0.00024266666666666667
Sn08,28.229999999999997,0.00038333333333333334
Sn08,28.29,0.0005676666666666666
Sn08,28.35,0.000817
Sn08,28.409999999999997,0.0011816666666666666
Sn08,28.47,0.0017046666666666666
Sn08,28.53,0.002338
Sn08,28.589999999999996,0.0032053333333333335
Sn08,28.65,0.004387
Sn08,28.71,0.005725666666666667
Sn08,28.769999999999996,0.007507
Sn08,28.83,0.009676
Sn08,28.89,0.012218666666666666
Sn08,28.95,0.015282
Sn08,29.009999999999998,0.018455
Sn08,29.07,0.022166333333333333
Sn08,29.13,0.026053666666666666
Sn08,29.189999999999998,0.030121
Sn08,29.25,0.03453733333333334
Sn08,29.31,0.038428333333333335
Sn08,29.369999999999997,0.042465333333333334
Sn08,29.43,0.045995
Sn08,29.49,0.048783
Sn08,29.549999999999997,0.050803
Sn08,29.61,0.05194833333333333
Sn08,29.67,0.05244133333333333
Sn08,29.729999999999997,0.05212033333333333
Sn08,29.79,0.050771333333333335
Sn08,29.85,0.04878
Sn08,29.909999999999997,0.04584666666666667
Sn08,29.97,0.042173
Sn08,30.03,0.038407666666666666
Sn08,30.089999999999996,0.03417166666666667
Sn08,30.15,0.029959666666666666
Sn08,30.21,0.025964666666666667
Sn08,30.269999999999996,0.021890666666666666
Sn08,30.33,0.018115333333333334
Sn08,30.39,0.014751
Sn08,30.45,0.011965333333333333
Sn08,30.509999999999998,0.009458
Sn08,30.57,0.007367
Sn08,30.63,0.005619666666666667
Sn08,30.689999999999998,0.004287
Sn08,30.75,0.0031316666666666667
Sn08,30.81,0.0022586666666666666
Sn08,30.869999999999997,0.0016546666666666667
Sn08,30.93,0.0011863333333333333
Sn08,30.99,0.000783
Sn08,31.049999999999997,0.000512
Sn08,31.11,0.00034166666666666666
Sn08,31.17,0.00023366666666666666
Sn08,31.229999999999997,0.00016
Sn08,31.29,0.000109
Sn08,31.35,6.366666666666666e-05
Sn08,31.409999999999997,3.4666666666666665e-05
Sn08,31.47,2.0666666666666666e-05
Sn08,31.53,1.3e-05
Sn08,31.589999999999996,6e-06
Sn08,31.65,2.666666666666667e-06
Sn08,31.71,1.6666666666666667e-06
Sn08,31.769999999999996,0.0
Sn08,31.83,3.3333333333333335e-07
Sn08,31.89,3.3333333333333335e-07
Sn08,31.95,3.3333333333333335e-07
Sn08,32.01,0.0
Sn08,32.07,3.3333333333333335e-07
Sn08,32.129999999999995,3.3333333333333335e-07
Sn08,32.19,3.3333333333333335e-07
Ta08,27.21,3.3333333333333335e-07
Ta08,27.27,0.0
Ta08,27.33,6.666666666666667e-07
Ta08,27.39,6.666666666666667e-07
Ta08,27.45,1.6666666666666667e-06
Ta08,27.509999999999998,5e-06
Ta08,27.57,6.666666666666667e-06
Ta08,27.63,1.633333333333333e-05
Ta08,27.689999999999998,2.6666666666666667e-05
Ta08,27.75,4.2e-05
Ta08,27.81,7.533333333333334e-05
Ta08,27.869999999999997,0.00011133333333333333
Ta08,27.93,0.00019
Ta08,27.99,0.00026566666666666666
Ta08,28.049999999999997,0.0004133333333333333
Ta08,28.11,0.000595
Ta08,28.17,0.0008796666666666666
Ta08,28.229999999999997,0.001244
Ta08,28.29,0.0017413333333333332
Ta08,28.35,0.0024313333333333335
Ta08,28.409999999999997,0.003302
Ta08,28.47,0.004354333333333333
Ta08,28.53,0.005775
Ta08,28.589999999999996,0.007432333333333333
Ta08,28.65,0.009599
Ta08,28.71,0.011932666666666666
Ta08,28.769999999999996,0.014726333333333333
Ta08,28.83,0.017967666666666667
Ta08,28.89,0.021381
Ta08,28.95,0.025149333333333333
Ta08,29.009999999999998,0.028948
Ta08,29.07,0.033007
Ta08,29.13,0.037022
Ta08,29.189999999999998,0.040662
Ta08,29.25,0.044148
Ta08,29.31,0.04682733333333333
Ta08,29.369999999999997,0.049173
Ta08,29.43,0.050515
Ta08,29.49,0.051296
Ta08,29.549999999999997,0.05103866666666667
Ta08,29.61,0.050132666666666666
Ta08,29.67,0.048403
Ta08,29.729999999999997,0.045815
Ta08,29.79,0.042909666666666665
Ta08,29.85,0.03908433333333333
Ta08,29.909999999999997,0.03549533333333333
Ta08,29.97,0.031201333333333334
Ta08,30.03,0.027444
Ta08,30.089999999999996,0.023369666666666667
Ta08,30.15,0.019782
Ta08,30.21,0.016406333333333332
Ta08,30.269999999999996,0.013392
Ta08,30.33,0.010707666666666667
Ta08,30.39,0.008485666666666667
Ta08,30.45,0.0066433333333333336
Ta08,30.509999999999998,0.005059333333333333
Ta08,30.57,0.003803
Ta08,30.63,0.002847
Ta08,30.689999999999998,0.0020796666666666667
Ta08,30.75,0.0014613333333333334
Ta08,30.81,0.0010366666666666666
Ta08,30.869999999999997,0.0007273333333333333
Ta08,30.93,0.000492
Ta08,30.99,0.000326
Ta08,31.049999999999997,0.00020933333333333334
Ta08,31.11,0.00015033333333333335
Ta08,31.17,9.266666666666666e-05
Ta08,31.229999999999997,6.0666666666666666e-05
Ta08,31.29,3.4e-05
Ta08,31.35,2.1e-05
Ta08,31.409999999999997,9.666666666666667e-06
Ta08,31.47,7.333333333333333e-06
Ta08,31.53,3e-06
Ta08,31.589999999999996,1.6666666666666667e-06
Ta08,31.65,6.666666666666667e-07
Ta08,31.71,0.0
Ta08,31.769999999999996,3.3333333333333335e-07
Ta08,31.83,6.666666666666667e-07
Ta08,31.89,0.0
Ta08,31.95,3.3333333333333335e-07
Ta08,32.01,0.0
Ta08,32.07,3.3333333333333335e-07
Cu08,26.97,3.3333333333333335e-07
Cu08,27.03,0.0
Cu08,27.089999999999996,1e-06
Cu08,27.15,1.3333333333333334e-06
Cu08,27.21,3e-06
Cu08,27.27,5.333333333333334e-06
Cu08,27.33,1.1333333333333334e-05
Cu08,27.39,2.4666666666666665e-05
Cu08,27.45,3.066666666666667e-05
Cu08,27.509999999999998,6.466666666666666e-05
Cu08,27.57,8.533333333333334e-05
Cu08,27.63,0.000153
Cu08,27.689999999999998,0.000226
Cu08,27.75,0.00033633333333333334
Cu08,27.81,0.0005153333333333334
Cu08,27.869999999999997,0.0007246666666666666
Cu08,27.93,0.0010363333333333333
Cu08,27.99,0.001471
Cu08,28.049999999999997,0.002012
Cu08,28.11,0.002804333333333333
Cu08,28.17,0.003678
Cu08,28.229999999999997,0.004927666666666667
Cu08,28.29,0.006391666666666667
Cu08,28.35,0.008264
Cu08,28.409999999999997,0.010459
Cu08,28.47,0.012843333333333333
Cu08,28.53,0.015833333333333335
Cu08,28.589999999999996,0.018887
Cu08,28.65,0.022601333333333334
Cu08,28.71,0.026253
Cu08,28.769999999999996,0.029996333333333333
Cu08,28.83,0.034101
Cu08,28.89,0.037754
Cu08,28.95,0.04135133333333333
Cu08,29.009999999999998,0.04441233333333333
Cu08,29.07,0.046953
Cu08,29.13,0.049119666666666666
Cu08,29.189999999999998,0.05020566666666667
Cu08,29.25,0.05072566666666667
Cu08,29.31,0.050347
Cu08,29.369999999999997,0.049192
Cu08,29.43,0.04731233333333333
Cu08,29.49,0.044741333333333334
Cu08,29.549999999999997,0.041589
Cu08,29.61,0.03808266666666667
Cu08,29.67,0.034418333333333335
Cu08,29.729999999999997,0.030153333333333334
Cu08,29.79,0.026546
Cu08,29.85,0.022538666666666665
Cu08,29.909999999999997,0.019123
Cu08,29.97,0.01584
Cu08,30.03,0.012872
Cu08,30.089999999999996,0.010399
Cu08,30.15,0.008199
Cu08,30.21,0.006410333333333333
Cu08,30.269999999999996,0.004925333333333334
Cu08,30.33,0.0036783333333333334
Cu08,30.39,0.0027986666666666668
Cu08,30.45,0.002005
Cu08,30.509999999999998,0.0014346666666666668
Cu08,30.57,0.001022
Cu08,30.63,0.000706
Cu08,30.689999999999998,0.000492
Cu08,30.75,0.000319
Cu08,30.81,0.00020966666666666668
Cu08,30.869999999999997,0.00014533333333333333
Cu08,30.93,9.2e-05
Cu08,30.99,6.233333333333334e-05
Cu08,31.049999999999997,3.5333333333333336e-05
Cu08,31.11,2.2333333333333332e-05
Cu08,31.17,9e-06
Cu08,31.229999999999997,7.666666666666667e-06
Cu08,31.29,3.3333333333333333e-06
Cu08,31.35,1e-06
Cu08,31.409999999999997,1.3333333333333334e-06
Cu08,31.47,0.0
Cu08,31.53,3.3333333333333335e-07
Cu08,31.589999999999996,3.3333333333333335e-07
Cu08,31.65,3.3333333333333335e-07
Cu08,31.71,3.3333333333333335e-07
Cu08,31.769999999999996,0.0
Cu08,31.83,3.3333333333333335e-07
Al_degrader_E2_E1,24.75,1.4285714285714285e-07
Al_degrader_E2_E1,24.81,0.0
Al_degrader_E2_E1,24.869999999999997,1.4285714285714285e-07
Al_degrader_E2_E1,24.93,2.857142857142857e-07
Al_degrader_E2_E1,24.990000000000002,8.571428571428571e-07
Al_degrader_E2_E1,25.049999999999997,1.7142857142857143e-06
Al_degrader_E2_E1,25.11,2.4285714285714284e-06
Al_degrader_E2_E1,25.17,4.714285714285714e-06
Al_degrader_E2_E1,25.229999999999997,8e-06
Al_degrader_E2_E1,25.29,1.0857142857142858e-05
Al_degrader_E2_E1,25.35,1.9428571428571427e-05
Al_degrader_E2_E1,25.409999999999997,2.6428571428571428e-05
Al_degrader_E2_E1,25.47,4.2857142857142856e-05
Al_degrader_E2_E1,25.53,6.442857142857143e-05
Al_degrader_E2_E1,25.589999999999996,9.571428571428571e-05
Al_degrader_E2_E1,25.65,0.00012728571428571427
Al_degrader_E2_E1,25.71,0.000192
Al_degrader_E2_E1,25.77,0.000253
Al_degrader_E2_E1,25.83,0.00035357142857142857
Al_degrader_E2_E1,25.89,0.00048785714285714285
Al_degrader_E2_E1,25.95,0.000654
Al_degrader_E2_E1,26.009999999999998,0.0008672857142857143
Al_degrader_E2_E1,26.07,0.0011072857142857143
Al_degrader_E2_E1,26.13,0.0014385714285714286
Al_degrader_E2_E1,26.189999999999998,0.0018454285714285714
Al_degrader_E2_E1,26.25,0.002320571428571429
Al_degrader_E2_E1,26.31,0.002887
Al_degrader_E2_E1,26.369999999999997,0.0035132857142857144
Al_degrader_E2_E1,26.43,0.004218285714285714
Al_degrader_E2_E1,26.49,0.005037714285714286
Al_degrader_E2_E1,26.549999999999997,0.0060004285714285715
Al_degrader_E2_E1,26.61,0.007024
Al_degrader_E2_E1,26.67,0.008035285714285714
Al_degrader_E2_E1,26.729999999999997,0.009211714285714285
Al_degrader_E2_E1,26.79,0.010383714285714286
Al_degrader_E2_E1,26.85,0.011547428571428571
Al_degrader_E2_E1,26.909999999999997,0.01285
Al_degrader_E2_E1,26.97,0.014018142857142857
Al_degrader_E2_E1,27.03,0.015158142857142858
Al_degrader_E2_E1,27.089999999999996,0.016366142857142857
Al_degrader_E2_E1,27.15,0.017479571428571428
Al_degrader_E2_E1,27.21,0.01838057142857143
Al_degrader_E2_E1,27.27,0.019498
Al_degrader_E2_E1,27.33,0.020255285714285715
Al_degrader_E2_E1,27.39,0.020958
Al_degrader_E2_E1,27.45,0.021670571428571428
Al_degrader_E2_E1,27.509999999999998,0.022271285714285716
Al_degrader_E2_E1,27.57,0.022720142857142855
Al_degrader_E2_E1,27.63,0.023258428571428572
Al_degrader_E2_E1,27.689999999999998,0.023511857142857143
Al_degrader_E2_E1,27.75,0.023781285714285713
Al_degrader_E2_E1,27.81,0.024029142857142857
Al_degrader_E2_E1,27.869999999999997,0.024274714285714285
Al_degrader_E2_E1,27.93,0.024434714285714285
Al_degrader_E2_E1,27.99,0.024534
Al_degrader_E2_E1,28.049999999999997,0.024604142857142856
Al_degrader_E2_E1,28.11,0.02459642857142857
Al_degrader_E2_E1,28.17,0.024702285714285715
Al_degrader_E2_E1,28.229999999999997,0.02468342857142857
Al_degrader_E2_E1,28.29,0.02471057142857143
Al_degrader_E2_E1,28.35,0.02456
Al_degrader_E2_E1,28.409999999999997,0.024396714285714285
Al_degrader_E2_E1,28.47,0.02424885714285714
Al_degrader_E2_E1,28.53,0.024043714285714286
Al_degrader_E2_E1,28.589999999999996,0.02362842857142857
Al_degrader_E2_E1,28.65,0.023376285714285714
Al_degrader_E2_E1,28.71,0.022784142857142857
Al_degrader_E2_E1,28.769999999999996,0.022094142857142857
Al_degrader_E2_E1,28.83,0.02146985714285714
Al_degrader_E2_E1,28.89,0.020586285714285713
Al_degrader_E2_E1,28.95,0.019689142857142856
Al_degrader_E2_E1,29.009999999999998,0.01863257142857143
Al_degrader_E2_E1,29.07,0.017430714285714285
Al_degrader_E2_E1,29.13,0.016171142857142856
Al_degrader_E2_E1,29.189999999999998,0.014944
Al_degrader_E2_E1,29.25,0.01357157142857143
Al_degrader_E2_E1,29.31,0.012293142857142857
Al_degrader_E2_E1,29.369999999999997,0.010931714285714286
Al_degrader_E2_E1,29.43,0.009595285714285714
Al_degrader_E2_E1,29.49,0.008304285714285714
Al_degrader_E2_E1,29.549999999999997,0.007113714285714286
Al_degrader_E2_E1,29.61,0.006029428571428571
Al_degrader_E2_E1,29.67,0.0050622857142857145
Al_degrader_E2_E1,29.729999999999997,0.004117
Al_degrader_E2_E1,29.79,0.003375
Al_degrader_E2_E1,29.85,0.002651714285714286
Al_degrader_E2_E1,29.909999999999997,0.002101
Al_degrader_E2_E1,29.97,0.001658857142857143
Al_degrader_E2_E1,30.03,0.0012432857142857143
Al_degrader_E2_E1,30.089999999999996,0.0009531428571428572
Al_degrader_E2_E1,30.15,0.0007182857142857143
Al_degrader_E2_E1,30.21,0.0005082857142857143
Al_degrader_E2_E1,30.269999999999996,0.00036542857142857145
Al_degrader_E2_E1,30.33,0.0002634285714285714
Al_degrader_E2_E1,30.39,0.00019314285714285714
Al_degrader_E2_E1,30.45,0.00012771428571428572
Al_degrader_E2_E1,30.509999999999998,8.128571428571428e-05
Al_degrader_E2_E1,30.57,5.3285714285714285e-05
Al_degrader_E2_E1,30.63,3.614285714285714e-05
Al_degrader_E2_E1,30.689999999999998,2.5e-05
Al_degrader_E2_E1,30.75,1.7142857142857142e-05
Al_degrader_E2_E1,30.81,1.1142857142857143e-05
Al_degrader_E2_E1,30.869999999999997,4.571428571428571e-06
Al_degrader_E2_E1,30.93,2.8571428571428573e-06
Al_degrader_E2_E1,30.99,2.4285714285714284e-06
Al_degrader_E2_E1,31.049999999999997,5.714285714285714e-07
Al_degrader_E2_E1,31.11,7.142857142857143e-07
Al_degrader_E2_E1,31.17,1.4285714285714285e-07
Al_degrader_E2_E1,31.229999999999997,0.0
Al_degrader_E2_E1,31.29,1.4285714285714285e-07
Al_degrader_E2_E1,31.35,1.4285714285714285e-07
Al_degrader_E2_E1,31.409999999999997,0.0
Al_degrader_E2_E1,31.47,0.0
Al_degrader_E2_E1,31.53,0.0
Al_degrader_E2_E1,31.589999999999996,1.4285714285714285e-07
Ni09,24.39,3.3333333333333335e-07
Ni09,24.45,0.0
Ni09,24.509999999999998,3.3333333333333335e-07
Ni09,24.57,6.666666666666667e-07
Ni09,24.63,1.3333333333333334e-06
Ni09,24.689999999999998,2e-06
Ni09,24.75,6e-06
Ni09,24.81,9e-06
Ni09,24.869999999999997,1.7666666666666668e-05
Ni09,24.93,2.4e-05
Ni09,24.990000000000002,4.4e-05
Ni09,25.049999999999997,7e-05
Ni09,25.11,0.00010066666666666667
Ni09,25.17,0.00016433333333333333
Ni09,25.229999999999997,0.000224
Ni09,25.29,0.000325
Ni09,25.35,0.0004966666666666666
Ni09,25.409999999999997,0.0006726666666666667
Ni09,25.47,0.0009426666666666666
Ni09,25.53,0.0012943333333333333
Ni09,25.589999999999996,0.001766
Ni09,25.65,0.002383
Ni09,25.71,0.0031136666666666665
Ni09,25.77,0.004080333333333333
Ni09,25.83,0.005233333333333334
Ni09,25.89,0.006603
Ni09,25.95,0.008419666666666667
Ni09,26.009999999999998,0.010335666666666667
Ni09,26.07,0.012468
Ni09,26.13,0.015228
Ni09,26.189999999999998,0.017829333333333332
Ni09,26.25,0.021021333333333333
Ni09,26.31,0.024243666666666667
Ni09,26.369999999999997,0.027494666666666667
Ni09,26.43,0.030942666666666667
Ni09,26.49,0.034174666666666666
Ni09,26.549999999999997,0.037357
Ni09,26.61,0.040484
Ni09,26.67,0.04259966666666667
Ni09,26.729999999999997,0.044782
Ni09,26.79,0.046238666666666664
Ni09,26.85,0.04700733333333333
Ni09,26.909999999999997,0.04728566666666666
Ni09,26.97,0.04688933333333333
Ni09,27.03,0.04559833333333333
Ni09,27.089999999999996,0.044082333333333334
Ni09,27.15,0.04181466666666667
Ni09,27.21,0.039019
Ni09,27.27,0.036055333333333335
Ni09,27.33,0.03292933333333333
Ni09,27.39,0.029286666666666666
Ni09,27.45,0.025951333333333333
Ni09,27.509999999999998,0.022535333333333334
Ni09,27.57,0.019361
Ni09,27.63,0.016463
Ni09,27.689999999999998,0.013694333333333333
Ni09,27.75,0.011244
Ni09,27.81,0.009156666666666667
Ni09,27.869999999999997,0.0072633333333333334
Ni09,27.93,0.005781666666666667
Ni09,27.99,0.004562666666666666
Ni09,28.049999999999997,0.0034076666666666665
Ni09,28.11,0.0026736666666666666
Ni09,28.17,0.001928
Ni09,28.229999999999997,0.001423
Ni09,28.29,0.0010573333333333333
Ni09,28.35,0.0007233333333333333
Ni09,28.409999999999997,0.0005356666666666667
Ni09,28.47,0.00035633333333333334
Ni09,28.53,0.000248
Ni09,28.589999999999996,0.000162
Ni09,28.65,0.00011033333333333334
Ni09,28.71,7.9e-05
Ni09,28.769999999999996,4.933333333333333e-05
Ni09,28.83,2.9333333333333333e-05
Ni09,28.89,2e-05
Ni09,28.95,6.666666666666667e-06
Ni09,29.009999999999998,7.333333333333333e-06
Ni09,29.07,3.6666666666666666e-06
Ni09,29.13,6.666666666666667e-07
Ni09,29.189999999999998,1.6666666666666667e-06
Ni09,29.25,0.0
Ni09,29.31,3.3333333333333335e-07
Ni09,29.369999999999997,3.3333333333333335e-07
Ni09,29.43,3.3333333333333335e-07
Ni09,29.49,0.0
Ni09,29.549999999999997,3.3333333333333335e-07
Ni09,29.61,0.0
Ni09,29.67,3.3333333333333335e-07
Sn09,24.33,6.666666666666667e-07
Sn09,24.39,3.3333333333333335e-07
Sn09,24.45,3.3333333333333335e-07
Sn09,24.509999999999998,1.6666666666666667e-06
Sn09,24.57,2.666666666666667e-06
Sn09,24.63,7e-06
Sn09,24.689999999999998,1.2333333333333333e-05
Sn09,24.75,1.8666666666666665e-05
Sn09,24.81,4.1666666666666665e-05
Sn09,24.869999999999997,5.466666666666667e-05
Sn09,24.93,9.1e-05
Sn09,24.990000000000002,0.00013066666666666665
Sn09,25.049999999999997,0.000203
Sn09,25.11,0.00031033333333333336
Sn09,25.17,0.000452
Sn09,25.229999999999997,0.0006196666666666667
Sn09,25.29,0.0008696666666666667
Sn09,25.35,0.0012366666666666667
Sn09,25.409999999999997,0.0016843333333333333
Sn09,25.47,0.0022726666666666668
Sn09,25.53,0.0030343333333333333
Sn09,25.589999999999996,0.004018
Sn09,25.65,0.005165333333333333
Sn09,25.71,0.006587333333333333
Sn09,25.77,0.008343333333333333
Sn09,25.83,0.010404333333333333
Sn09,25.89,0.012856666666666667
Sn09,25.95,0.015534333333333334
Sn09,26.009999999999998,0.018367666666666668
Sn09,26.07,0.021538
Sn09,26.13,0.024985666666666666
Sn09,26.189999999999998,0.028465
Sn09,26.25,0.03214733333333333
Sn09,26.31,0.03541933333333333
Sn09,26.369999999999997,0.03891666666666667
Sn09,26.43,0.04195533333333333
Sn09,26.49,0.044434
Sn09,26.549999999999997,0.046328666666666664
Sn09,26.61,0.047585
Sn09,26.67,0.048169
Sn09,26.729999999999997,0.048314333333333334
Sn09,26.79,0.04768033333333333
Sn09,26.85,0.04639733333333333
Sn09,26.909999999999997,0.04437033333333333
Sn09,26.97,0.041881
Sn09,27.03,0.038560333333333335
Sn09,27.089999999999996,0.03546033333333334
Sn09,27.15,0.031893333333333336
Sn09,27.21,0.028175333333333333
Sn09,27.27,0.024780666666666666
Sn09,27.33,0.021288666666666668
Sn09,27.39,0.018017
Sn09,27.45,0.014998333333333334
Sn09,27.509999999999998,0.012346333333333334
Sn09,27.57,0.010063333333333334
Sn09,27.63,0.008116333333333333
Sn09,27.689999999999998,0.006328333333333333
Sn09,27.75,0.004969
Sn09,27.81,0.003856
Sn09,27.869999999999997,0.0028626666666666666
Sn09,27.93,0.002115
Sn09,27.99,0.00159
Sn09,28.049999999999997,0.001153
Sn09,28.11,0.0008346666666666667
Sn09,28.17,0.0005303333333333333
Sn09,28.229999999999997,0.00036933333333333333
Sn09,28.29,0.00026366666666666666
Sn09,28.35,0.00018066666666666668
Sn09,28.409999999999997,0.000132
Sn09,28.47,8.366666666666666e-05
Sn09,28.53,5.333333333333333e-05
Sn09,28.589999999999996,2.8666666666666668e-05
Sn09,28.65,1.633333333333333e-05
Sn09,28.71,1.2666666666666667e-05
Sn09,28.769999999999996,5e-06
Sn09,28.83,3e-06
Sn09,28.89,2e-06
Sn09,28.95,0.0
Sn09,29.009999999999998,0.0
Sn09,29.07,3.3333333333333335e-07
Sn09,29.13,6.666666666666667e-07
Sn09,29.189999999999998,0.0
Sn09,29.25,0.0
Sn09,29.31,3.3333333333333335e-07
Sn09,29.369999999999997,6.666666666666667e-07
Ta09,24.03,3.3333333333333335e-07
Ta09,24.089999999999996,0.0
Ta09,24.15,6.666666666666667e-07
Ta09,24.21,3.3333333333333335e-07
Ta09,24.27,1.6666666666666667e-06
Ta09,24.33,3.6666666666666666e-06
Ta09,24.39,4e-06
Ta09,24.45,1.1e-05
Ta09,24.509999999999998,2e-05
Ta09,24.57,2.9333333333333333e-05
Ta09,24.63,5.2e-05
Ta09,24.689999999999998,7.2e-05
Ta09,24.75,0.00010933333333333334
Ta09,24.81,0.00018566666666666666
Ta09,24.869999999999997,0.00024233333333333333
Ta09,24.93,0.00035933333333333336
Ta09,24.990000000000002,0.0005156666666666667
Ta09,25.049999999999997,0.0007326666666666666
Ta09,25.11,0.0010196666666666668
Ta09,25.17,0.0013913333333333334
Ta09,25.229999999999997,0.0018573333333333332
Ta09,25.29,0.00251
Ta09,25.35,0.003286
Ta09,25.409999999999997,0.004308
Ta09,25.47,0.00548
Ta09,25.53,0.006931666666666667
Ta09,25.589999999999996,0.008785333333333332
Ta09,25.65,0.010723333333333333
Ta09,25.71,0.013003333333333334
Ta09,25.77,0.015651
Ta09,25.83,0.018390333333333335
Ta09,25.89,0.021732
Ta09,25.95,0.02476
Ta09,26.009999999999998,0.028061666666666665
Ta09,26.07,0.03162266666666667
Ta09,26.13,0.03485933333333333
Ta09,26.189999999999998,0.03792366666666667
Ta09,26.25,0.04082633333333333
Ta09,26.31,0.043078333333333337
Ta09,26.369999999999997,0.04514566666666667
Ta09,26.43,0.04635466666666667
Ta09,26.49,0.04709033333333333
Ta09,26.549999999999997,0.047209666666666664
Ta09,26.61,0.046552666666666666
Ta09,26.67,0.045448666666666665
Ta09,26.729999999999997,0.04362933333333333
Ta09,26.79,0.041319666666666664
Ta09,26.85,0.038621
Ta09,26.909999999999997,0.03532433333333333
Ta09,26.97,0.032259666666666666
Ta09,27.03,0.028563
Ta09,27.089999999999996,0.025406666666666668
Ta09,27.15,0.021916
Ta09,27.21,0.018827666666666666
Ta09,27.27,0.015847666666666666
Ta09,27.33,0.013258333333333334
Ta09,27.39,0.010771
Ta09,27.45,0.008820666666666666
Ta09,27.509999999999998,0.007002666666666667
Ta09,27.57,0.005579333333333334
Ta09,27.63,0.004287333333333333
Ta09,27.689999999999998,0.0032846666666666666
Ta09,27.75,0.002531
Ta09,27.81,0.0018503333333333334
Ta09,27.869999999999997,0.0013566666666666666
Ta09,27.93,0.0009826666666666666
Ta09,27.99,0.0007073333333333334
Ta09,28.049999999999997,0.000494
Ta09,28.11,0.00033633333333333334
Ta09,28.17,0.00022066666666666667
Ta09,28.229999999999997,0.00016466666666666667
Ta09,28.29,0.00010733333333333333
Ta09,28.35,7.333333333333333e-05
Ta09,28.409999999999997,4.766666666666667e-05
Ta09,28.47,2.8666666666666668e-05
Ta09,28.53,1.633333333333333e-05
Ta09,28.589999999999996,8.333333333333334e-06
Ta09,28.65,6e-06
Ta09,28.71,2.666666666666667e-06
Ta09,28.769999999999996,1e-06
Ta09,28.83,1.3333333333333334e-06
Ta09,28.89,0.0
Ta09,28.95,3.3333333333333335e-07
Ta09,29.009999999999998,0.0
Ta09,29.07,6.666666666666667e-07
Ta09,29.13,0.0
Ta09,29.189999999999998,3.3333333333333335e-07
Ta09,29.25,0.0
Ta09,29.31,3.3333333333333335e-07
Cu09,23.729999999999997,3.3333333333333335e-07
Cu09,23.79,0.0
Cu09,23.85,6.666666666666667e-07
Cu09,23.909999999999997,6.666666666666667e-07
Cu09,23.97,1.3333333333333334e-06
Cu09,24.03,5e-06
Cu09,24.089999999999996,3.6666666666666666e-06
Cu09,24.15,1.0666666666666667e-05
Cu09,24.21,2.1666666666666667e-05
Cu09,24.27,3.0333333333333333e-05
Cu09,24.33,5.0333333333333335e-05
Cu09,24.39,6.733333333333333e-05
Cu09,24.45,0.00010866666666666666
Cu09,24.509999999999998,0.000183
Cu09,24.57,0.00023466666666666666
Cu09,24.63,0.0003483333333333333
Cu09,24.689999999999998,0.0005046666666666667
Cu09,24.75,0.0007076666666666667
Cu09,24.81,0.000981
Cu09,24.869999999999997,0.001324
Cu09,24.93,0.0017813333333333333
Cu09,24.990000000000002,0.0024016666666666665
Cu09,25.049999999999997,0.003122
Cu09,25.11,0.004102666666666667
Cu09,25.17,0.005212666666666667
Cu09,25.229999999999997,0.006567333333333333
Cu09,25.29,0.008292666666666667
Cu09,25.35,0.010181
Cu09,25.409999999999997,0.012319666666666666
Cu09,25.47,0.01492
Cu09,25.53,0.017401666666666666
Cu09,25.589999999999996,0.02061433333333333
Cu09,25.65,0.02372
Cu09,25.71,0.026772666666666667
Cu09,25.77,0.030215333333333334
Cu09,25.83,0.03335266666666667
Cu09,25.89,0.03657333333333333
Cu09,25.95,0.03951966666666667
Cu09,26.009999999999998,0.041729333333333334
Cu09,26.07,0.04388633333333333
Cu09,26.13,0.045433
Cu09,26.189999999999998,0.046232333333333334
Cu09,26.25,0.046711333333333334
Cu09,26.31,0.046336333333333334
Cu09,26.369999999999997,0.045412
Cu09,26.43,0.04388633333333333
Cu09,26.49,0.041855
Cu09,26.549999999999997,0.039494
Cu09,26.61,0.036349
Cu09,26.67,0.033385
Cu09,26.729999999999997,0.030012
Cu09,26.79,0.026658666666666667
Cu09,26.85,0.023455666666666666
Cu09,26.909999999999997,0.020112
Cu09,26.97,0.017237333333333334
Cu09,27.03,0.014503666666666666
Cu09,27.089999999999996,0.011934333333333333
Cu09,27.15,0.009820333333333334
Cu09,27.21,0.007949666666666667
Cu09,27.27,0.006236333333333333
Cu09,27.33,0.005045666666666667
Cu09,27.39,0.0037993333333333334
Cu09,27.45,0.002954
Cu09,27.509999999999998,0.002251
Cu09,27.57,0.0016396666666666667
Cu09,27.63,0.001214
Cu09,27.689999999999998,0.0008536666666666666
Cu09,27.75,0.0006266666666666666
Cu09,27.81,0.00043933333333333335
Cu09,27.869999999999997,0.0002916666666666667
Cu09,27.93,0.000198
Cu09,27.99,0.000141
Cu09,28.049999999999997,9.733333333333333e-05
Cu09,28.11,6.5e-05
Cu09,28.17,3.9e-05
Cu09,28.229999999999997,2.6666666666666667e-05
Cu09,28.29,1.4666666666666666e-05
Cu09,28.35,6.666666666666667e-06
Cu09,28.409999999999997,7e-06
Cu09,28.47,1e-06
Cu09,28.53,2e-06
Cu09,28.589999999999996,3.3333333333333335e-07
Cu09,28.65,3.3333333333333335e-07
Cu09,28.71,0.0
Cu09,28.769999999999996,3.3333333333333335e-07
Cu09,28.83,3.3333333333333335e-07
Cu09,28.89,0.0
Cu09,28.95,3.3333333333333335e-07
Cu09,29.009999999999998,0.0
Cu09,29.07,3.3333333333333335e-07
Al_degrader_E4_E3,21.27,1.1111111111111111e-07
Al_degrader_E4_E3,21.33,0.0
Al_degrader_E4_E3,21.39,1.1111111111111111e-07
Al_degrader_E4_E3,21.45,1.1111111111111111e-07
Al_degrader_E4_E3,21.509999999999998,3.3333333333333335e-07
Al_degrader_E4_E3,21.57,6.666666666666667e-07
Al_degrader_E4_E3,21.63,1.5555555555555556e-06
Al_degrader_E4_E3,21.689999999999998,1.6666666666666667e-06
Al_degrader_E4_E3,21.75,3.6666666666666666e-06
Al_degrader_E4_E3,21.81,6e-06
Al_degrader_E4_E3,21.869999999999997,7.222222222222222e-06
Al_degrader_E4_E3,21.93,1.3111111111111111e-05
Al_degrader_E4_E3,21.990000000000002,1.611111111111111e-05
Al_degrader_E4_E3,22.049999999999997,2.588888888888889e-05
Al_degrader_E4_E3,22.11,4.1666666666666665e-05
Al_degrader_E4_E3,22.17,5.2333333333333336e-05
Al_degrader_E4_E3,22.229999999999997,7.644444444444444e-05
Al_degrader_E4_E3,22.29,0.00010244444444444445
Al_degrader_E4_E3,22.35,0.00014666666666666666
Al_degrader_E4_E3,22.409999999999997,0.00019222222222222224
Al_degrader_E4_E3,22.47,0.0002598888888888889
Al_degrader_E4_E3,22.53,0.00034922222222222223
Al_degrader_E4_E3,22.589999999999996,0.0004482222222222222
Al_degrader_E4_E3,22.65,0.0005921111111111111
Al_degrader_E4_E3,22.71,0.0007482222222222222
Al_degrader_E4_E3,22.77,0.000975
Al_degrader_E4_E3,22.83,0.0012012222222222222
Al_degrader_E4_E3,22.89,0.0015213333333333333
Al_degrader_E4_E3,22.95,0.0018744444444444444
Al_degrader_E4_E3,23.009999999999998,0.002299888888888889
Al_degrader_E4_E3,23.07,0.0027693333333333333
Al_degrader_E4_E3,23.13,0.003288
Al_degrader_E4_E3,23.189999999999998,0.003927555555555556
Al_degrader_E4_E3,23.25,0.004626777777777777
Al_degrader_E4_E3,23.31,0.005382333333333334
Al_degrader_E4_E3,23.369999999999997,0.006188111111111111
Al_degrader_E4_E3,23.43,0.007026888888888889
Al_degrader_E4_E3,23.490000000000002,0.008004222222222222
Al_degrader_E4_E3,23.549999999999997,0.00900411111111111
Al_degrader_E4_E3,23.61,0.009980888888888888
Al_degrader_E4_E3,23.67,0.011035888888888888
Al_degrader_E4_E3,23.729999999999997,0.011989
Al_degrader_E4_E3,23.79,0.013058222222222223
Al_degrader_E4_E3,23.85,0.014113333333333334
Al_degrader_E4_E3,23.909999999999997,0.015035555555555555
Al_degrader_E4_E3,23.97,0.01605777777777778
Al_degrader_E4_E3,24.03,0.016875777777777778
Al_degrader_E4_E3,24.089999999999996,0.017757666666666668
Al_degrader_E4_E3,24.15,0.01856111111111111
Al_degrader_E4_E3,24.21,0.019210111111111112
Al_degrader_E4_E3,24.27,0.019866111111111112
Al_degrader_E4_E3,24.33,0.020427444444444446
Al_degrader_E4_E3,24.39,0.020948555555555557
Al_degrader_E4_E3,24.45,0.021478444444444446
Al_degrader_E4_E3,24.509999999999998,0.02175077777777778
Al_degrader_E4_E3,24.57,0.02207777777777778
Al_degrader_E4_E3,24.63,0.02235188888888889
Al_degrader_E4_E3,24.689999999999998,0.022561
Al_degrader_E4_E3,24.75,0.022905666666666668
Al_degrader_E4_E3,24.81,0.02295311111111111
Al_degrader_E4_E3,24.869999999999997,0.023022777777777777
Al_degrader_E4_E3,24.93,0.02315888888888889
Al_degrader_E4_E3,24.990000000000002,0.02325388888888889
Al_degrader_E4_E3,25.049999999999997,0.023283333333333333
Al_degrader_E4_E3,25.11,0.023296777777777777
Al_degrader_E4_E3,25.17,0.023216333333333332
Al_degrader_E4_E3,25.229999999999997,0.023149444444444445
Al_degrader_E4_E3,25.29,0.023109222222222222
Al_degrader_E4_E3,25.35,0.022924555555555556
Al_degrader_E4_E3,25.409999999999997,0.022690444444444444
Al_degrader_E4_E3,25.47,0.022452666666666666
Al_degrader_E4_E3,25.53,0.022056333333333334
Al_degrader_E4_E3,25.589999999999996,0.021759
Al_degrader_E4_E3,25.65,0.02124211111111111
Al_degrader_E4_E3,25.71,0.020594777777777778
Al_degrader_E4_E3,25.77,0.019960222222222223
Al_degrader_E4_E3,25.83,0.019243333333333335
Al_degrader_E4_E3,25.89,0.018391777777777778
Al_degrader_E4_E3,25.95,0.017483444444444444
Al_degrader_E4_E3,26.009999999999998,0.01646377777777778
Al_degrader_E4_E3,26.07,0.015339555555555556
Al_degrader_E4_E3,26.13,0.014329333333333333
Al_degrader_E4_E3,26.189999999999998,0.013127
Al_degrader_E4_E3,26.25,0.012013777777777778
Al_degrader_E4_E3,26.31,0.010793777777777777
Al_degrader_E4_E3,26.369999999999997,0.009691222222222223
Al_degrader_E4_E3,26.43,0.008579666666666666
Al_degrader_E4_E3,26.49,0.007474777777777778
Al_degrader_E4_E3,26.549999999999997,0.006503
Al_degrader_E4_E3,26.61,0.005490333333333333
Al_degrader_E4_E3,26.67,0.004697666666666667
Al_degrader_E4_E3,26.729999999999997,0.0039395555555555555
Al_degrader_E4_E3,26.79,0.003243888888888889
Al_degrader_E4_E3,26.85,0.0026242222222222222
Al_degrader_E4_E3,26.909999999999997,0.002132666666666667
Al_degrader_E4_E3,26.97,0.001706
Al_degrader_E4_E3,27.03,0.001351111111111111
Al_degrader_E4_E3,27.089999999999996,0.0010244444444444444
Al_degrader_E4_E3,27.15,0.000797
Al_degrader_E4_E3,27.21,0.0006226666666666667
Al_degrader_E4_E3,27.27,0.0004547777777777778
Al_degrader_E4_E3,27.33,0.00032844444444444447
Al_degrader_E4_E3,27.39,0.00024155555555555557
Al_degrader_E4_E3,27.45,0.00017911111111111112
Al_degrader_E4_E3,27.509999999999998,0.00012855555555555556
Al_degrader_E4_E3,27.57,8.544444444444444e-05
Al_degrader_E4_E3,27.63,5.811111111111111e-05
Al_degrader_E4_E3,27.689999999999998,3.944444444444445e-05
Al_degrader_E4_E3,27.75,2.7555555555555555e-05
Al_degrader_E4_E3,27.81,1.788888888888889e-05
Al_degrader_E4_E3,27.869999999999997,1.3555555555555555e-05
Al_degrader_E4_E3,27.93,8.222222222222222e-06
Al_degrader_E4_E3,27.99,4.555555555555555e-06
Al_degrader_E4_E3,28.049999999999997,2.4444444444444442e-06
Al_degrader_E4_E3,28.11,1.8888888888888888e-06
Al_degrader_E4_E3,28.17,1.111111111111111e-06
Al_degrader_E4_E3,28.229999999999997,1.1111111111111111e-07
Al_degrader_E4_E3,28.29,7.777777777777778e-07
Al_degrader_E4_E3,28.35,0.0
Al_degrader_E4_E3,28.409999999999997,0.0
Al_degrader_E4_E3,28.47,0.0
Al_degrader_E4_E3,28.53,2.2222222222222222e-07
Al_degrader_E4_E3,28.589999999999996,0.0
Al_degrader_E4_E3,28.65,0.0
Al_degrader_E4_E3,28.71,0.0
Al_degrader_E4_E3,28.769999999999996,1.1111111111111111e-07
Ni10,20.85,3.3333333333333335e-07
Ni10,20.909999999999997,0.0
Ni10,20.97,0.0
Ni10,21.03,3.3333333333333335e-07
Ni10,21.089999999999996,1e-06
Ni10,21.15,1.3333333333333334e-06
Ni10,21.21,2e-06
Ni10,21.27,5.333333333333334e-06
Ni10,21.33,7e-06
Ni10,21.39,1.4333333333333334e-05
Ni10,21.45,2.1666666666666667e-05
Ni10,21.509999999999998,2.7e-05
Ni10,21.57,5.3666666666666666e-05
Ni10,21.63,6.333333333333333e-05
Ni10,21.689999999999998,0.00010133333333333333
Ni10,21.75,0.000162
Ni10,21.81,0.00019933333333333334
Ni10,21.869999999999997,0.00028166666666666666
Ni10,21.93,0.000414
Ni10,21.990000000000002,0.000548
Ni10,22.049999999999997,0.0007353333333333333
Ni10,22.11,0.0010053333333333333
Ni10,22.17,0.0013213333333333334
Ni10,22.229999999999997,0.0017026666666666666
Ni10,22.29,0.0022486666666666666
Ni10,22.35,0.002843
Ni10,22.409999999999997,0.003638
Ni10,22.47,0.004537666666666666
Ni10,22.53,0.005667333333333333
Ni10,22.589999999999996,0.006981333333333333
Ni10,22.65,0.008495333333333334
Ni10,22.71,0.010161333333333333
Ni10,22.77,0.012097333333333333
Ni10,22.83,0.014261666666666667
Ni10,22.89,0.016572333333333335
Ni10,22.95,0.019053
Ni10,23.009999999999998,0.021754333333333334
Ni10,23.07,0.024291666666666666
Ni10,23.13,0.027179
Ni10,23.189999999999998,0.029963
Ni10,23.25,0.032459666666666664
Ni10,23.31,0.035125333333333335
Ni10,23.369999999999997,0.037237
Ni10,23.43,0.039026333333333336
Ni10,23.490000000000002,0.040792666666666665
Ni10,23.549999999999997,0.04187433333333333
Ni10,23.61,0.04252566666666667
Ni10,23.67,0.042797
Ni10,23.729999999999997,0.042511
Ni10,23.79,0.041704333333333336
Ni10,23.85,0.04049666666666667
Ni10,23.909999999999997,0.038901333333333336
Ni10,23.97,0.03699533333333333
Ni10,24.03,0.03449633333333333
Ni10,24.089999999999996,0.032078333333333334
Ni10,24.15,0.029396
Ni10,24.21,0.026411666666666667
Ni10,24.27,0.023686333333333334
Ni10,24.33,0.020979333333333332
Ni10,24.39,0.018153
Ni10,24.45,0.015773333333333334
Ni10,24.509999999999998,0.013484333333333333
Ni10,24.57,0.011241
Ni10,24.63,0.009409333333333334
Ni10,24.689999999999998,0.007829
Ni10,24.75,0.006262666666666666
Ni10,24.81,0.00509
Ni10,24.869999999999997,0.004078666666666667
Ni10,24.93,0.003135
Ni10,24.990000000000002,0.0024936666666666666
Ni10,25.049999999999997,0.0019026666666666667
Ni10,25.11,0.0014346666666666668
Ni10,25.17,0.0010733333333333333
Ni10,25.229999999999997,0.000769
Ni10,25.29,0.0005943333333333333
Ni10,25.35,0.000421
Ni10,25.409999999999997,0.00030033333333333333
Ni10,25.47,0.00020466666666666666
Ni10,25.53,0.00014166666666666668
Ni10,25.589999999999996,9.866666666666666e-05
Ni10,25.65,7.433333333333333e-05
Ni10,25.71,4.8e-05
Ni10,25.77,2.9333333333333333e-05
Ni10,25.83,2.3e-05
Ni10,25.89,9.666666666666667e-06
Ni10,25.95,6e-06
Ni10,26.009999999999998,6.333333333333333e-06
Ni10,26.07,1e-06
Ni10,26.13,1.3333333333333334e-06
Ni10,26.189999999999998,1e-06
Ni10,26.25,0.0
Ni10,26.31,3.3333333333333335e-07
Ni10,26.369999999999997,3.3333333333333335e-07
Ni10,26.43,3.3333333333333335e-07
Ni10,26.49,0.0
Ni10,26.549999999999997,3.3333333333333335e-07
Ni10,26.61,0.0
Ni10,26.67,0.0
Ni10,26.729999999999997,3.3333333333333335e-07
Sn10,20.79,3.3333333333333335e-07
Sn10,20.85,6.666666666666667e-07
Sn10,20.909999999999997,3.3333333333333335e-07
Sn10,20.97,6.666666666666667e-07
Sn10,21.03,2.333333333333333e-06
Sn10,21.089999999999996,3.3333333333333333e-06
Sn10,21.15,7e-06
Sn10,21.21,1.1666666666666666e-05
Sn10,21.27,1.9e-05
Sn10,21.33,3.5e-05
Sn10,21.39,4.8333333333333334e-05
Sn10,21.45,7.033333333333334e-05
Sn10,21.509999999999998,0.00010133333333333333
Sn10,21.57,0.00014933333333333332
Sn10,21.63,0.00020833333333333335
Sn10,21.689999999999998,0.0003133333333333333
Sn10,21.75,0.000432
Sn10,21.81,0.0005646666666666667
Sn10,21.869999999999997,0.000779
Sn10,21.93,0.001057
Sn10,21.990000000000002,0.0014123333333333334
Sn10,22.049999999999997,0.001839
Sn10,22.11,0.0023796666666666666
Sn10,22.17,0.0030793333333333332
Sn10,22.229999999999997,0.003946
Sn10,22.29,0.004908666666666667
Sn10,22.35,0.006135666666666667
Sn10,22.409999999999997,0.007561
Sn10,22.47,0.009204333333333333
Sn10,22.53,0.011208
Sn10,22.589999999999996,0.013257333333333333
Sn10,22.65,0.015510333333333333
Sn10,22.71,0.018046
Sn10,22.77,0.020638666666666666
Sn10,22.83,0.023545
Sn10,22.89,0.026517666666666665
Sn10,22.95,0.029291666666666667
Sn10,23.009999999999998,0.032049666666666664
Sn10,23.07,0.034832
Sn10,23.13,0.03747
Sn10,23.189999999999998,0.039593
Sn10,23.25,0.04131633333333333
Sn10,23.31,0.04249566666666667
Sn10,23.369999999999997,0.04330066666666667
Sn10,23.43,0.04364333333333333
Sn10,23.490000000000002,0.04357966666666667
Sn10,23.549999999999997,0.04307966666666667
Sn10,23.61,0.041862666666666666
Sn10,23.67,0.040204333333333335
Sn10,23.729999999999997,0.038223
Sn10,23.79,0.035709
Sn10,23.85,0.032978
Sn10,23.909999999999997,0.030174666666666666
Sn10,23.97,0.027317666666666667
Sn10,24.03,0.024308
Sn10,24.089999999999996,0.021497
Sn10,24.15,0.018649
Sn10,24.21,0.015952
Sn10,24.27,0.013544
Sn10,24.33,0.011327
Sn10,24.39,0.009422
Sn10,24.45,0.007742666666666667
Sn10,24.509999999999998,0.006248333333333333
Sn10,24.57,0.005005333333333333
Sn10,24.63,0.003988333333333333
Sn10,24.689999999999998,0.003118
Sn10,24.75,0.0023726666666666666
Sn10,24.81,0.0018003333333333333
Sn10,24.869999999999997,0.001375
Sn10,24.93,0.0010373333333333332
Sn10,24.990000000000002,0.00077
Sn10,25.049999999999997,0.000515
Sn10,25.11,0.0003536666666666667
Sn10,25.17,0.000261
Sn10,25.229999999999997,0.00019266666666666667
Sn10,25.29,0.00013866666666666666
Sn10,25.35,9.833333333333333e-05
Sn10,25.409999999999997,6.933333333333333e-05
Sn10,25.47,4.066666666666667e-05
Sn10,25.53,2.2333333333333332e-05
Sn10,25.589999999999996,1.4333333333333334e-05
Sn10,25.65,1.0666666666666667e-05
Sn10,25.71,5e-06
Sn10,25.77,3e-06
Sn10,25.83,2e-06
Sn10,25.89,3.3333333333333335e-07
Sn10,25.95,0.0
Sn10,26.009999999999998,3.3333333333333335e-07
Sn10,26.07,3.3333333333333335e-07
Sn10,26.13,3.3333333333333335e-07
Sn10,26.189999999999998,0.0
Sn10,26.25,0.0
Sn10,26.31,3.3333333333333335e-07
Sn10,26.369999999999997,6.666666666666667e-07
Ta10,20.490000000000002,3.3333333333333335e-07
Ta10,20.549999999999997,0.0
Ta10,20.61,6.666666666666667e-07
Ta10,20.67,6.666666666666667e-07
Ta10,20.729999999999997,1.3333333333333334e-06
Ta10,20.79,2.333333333333333e-06
Ta10,20.85,5e-06
Ta10,20.909999999999997,7.333333333333333e-06
Ta10,20.97,1.5333333333333334e-05
Ta10,21.03,2.0333333333333334e-05
Ta10,21.089999999999996,2.8666666666666668e-05
Ta10,21.15,5.266666666666667e-05
Ta10,21.21,6.5e-05
Ta10,21.27,0.00010333333333333333
Ta10,21.33,0.00015733333333333333
Ta10,21.39,0.000198
Ta10,21.45,0.000297
Ta10,21.509999999999998,0.00039966666666666666
Ta10,21.57,0.000549
Ta10,21.63,0.0007253333333333334
Ta10,21.689999999999998,0.0010043333333333334
Ta10,21.75,0.0013046666666666666
Ta10,21.81,0.001686
Ta10,21.869999999999997,0.0022123333333333335
Ta10,21.93,0.002851
Ta10,21.990000000000002,0.0035686666666666666
Ta10,22.049999999999997,0.004556
Ta10,22.11,0.005501666666666667
Ta10,22.17,0.006909
Ta10,22.229999999999997,0.008453
Ta10,22.29,0.010037333333333334
Ta10,22.35,0.011971666666666667
Ta10,22.409999999999997,0.014125333333333333
Ta10,22.47,0.016337
Ta10,22.53,0.01895466666666667
Ta10,22.589999999999996,0.021464333333333332
Ta10,22.65,0.024165666666666665
Ta10,22.71,0.026938666666666666
Ta10,22.77,0.029686333333333332
Ta10,22.83,0.03234633333333333
Ta10,22.89,0.034828333333333336
Ta10,22.95,0.03708466666666667
Ta10,23.009999999999998,0.038946
Ta10,23.07,0.040627333333333335
Ta10,23.13,0.041755
Ta10,23.189999999999998,0.042432333333333336
Ta10,23.25,0.04269
Ta10,23.31,0.04242933333333333
Ta10,23.369999999999997,0.041756
Ta10,23.43,0.04058933333333333
Ta10,23.490000000000002,0.039005333333333336
Ta10,23.549999999999997,0.03704366666666667
Ta10,23.61,0.03481066666666666
Ta10,23.67,0.032085
Ta10,23.729999999999997,0.029617333333333332
Ta10,23.79,0.026619
Ta10,23.85,0.02395
Ta10,23.909999999999997,0.021122666666666668
Ta10,23.97,0.018415
Ta10,24.03,0.015965
Ta10,24.089999999999996,0.013587333333333333
Ta10,24.15,0.011510333333333332
Ta10,24.21,0.009467666666666666
Ta10,24.27,0.007948333333333333
Ta10,24.33,0.006428666666666667
Ta10,24.39,0.005203666666666666
Ta10,24.45,0.004149333333333333
Ta10,24.509999999999998,0.0032356666666666666
Ta10,24.57,0.002561
Ta10,24.63,0.0019763333333333334
Ta10,24.689999999999998,0.0014723333333333333
Ta10,24.75,0.0011156666666666667
Ta10,24.81,0.000821
Ta10,24.869999999999997,0.000603
Ta10,24.93,0.0004423333333333333
Ta10,24.990000000000002,0.00031033333333333336
Ta10,25.049999999999997,0.00021333333333333333
Ta10,25.11,0.00015433333333333334
Ta10,25.17,0.00011066666666666667
Ta10,25.229999999999997,7.633333333333334e-05
Ta10,25.29,5.133333333333333e-05
Ta10,25.35,3.366666666666667e-05
Ta10,25.409999999999997,2.0666666666666666e-05
Ta10,25.47,1.3333333333333333e-05
Ta10,25.53,6.333333333333333e-06
Ta10,25.589999999999996,6.333333333333333e-06
Ta10,25.65,1.3333333333333334e-06
Ta10,25.71,6.666666666666667e-07
Ta10,25.77,1.6666666666666667e-06
Ta10,25.83,0.0
Ta10,25.89,3.3333333333333335e-07
Ta10,25.95,0.0
Ta10,26.009999999999998,6.666666666666667e-07
Ta10,26.07,0.0
Ta10,26.13,0.0
Ta10,26.189999999999998,3.3333333333333335e-07
Ta10,26.25,0.0
Ta10,26.31,3.3333333333333335e-07
Cu10,20.13,3.3333333333333335e-07
Cu10,20.189999999999998,0.0
Cu10,20.25,3.3333333333333335e-07
Cu10,20.31,6.666666666666667e-07
Cu10,20.369999999999997,1.3333333333333334e-06
Cu10,20.43,1.6666666666666667e-06
Cu10,20.490000000000002,5.666666666666667e-06
Cu10,20.549999999999997,5.666666666666667e-06
Cu10,20.61,9.333333333333333e-06
Cu10,20.67,2.2e-05
Cu10,20.729999999999997,2.6666666666666667e-05
Cu10,20.79,4e-05
Cu10,20.85,6.466666666666666e-05
Cu10,20.909999999999997,8.4e-05
Cu10,20.97,0.00012766666666666666
Cu10,21.03,0.00018133333333333334
Cu10,21.089999999999996,0.00025466666666666666
Cu10,21.15,0.00033133333333333333
Cu10,21.21,0.00045966666666666665
Cu10,21.27,0.000645
Cu10,21.33,0.000846
Cu10,21.39,0.0011056666666666667
Cu10,21.45,0.0014666666666666667
Cu10,21.509999999999998,0.0019066666666666668
Cu10,21.57,0.002456
Cu10,21.63,0.003038
Cu10,21.689999999999998,0.00393
Cu10,21.75,0.004853
Cu10,21.81,0.005923333333333333
Cu10,21.869999999999997,0.007316666666666667
Cu10,21.93,0.008853333333333333
Cu10,21.990000000000002,0.010480333333333333
Cu10,22.049999999999997,0.012466333333333333
Cu10,22.11,0.014552333333333334
Cu10,22.17,0.016790333333333334
Cu10,22.229999999999997,0.019378333333333334
Cu10,22.29,0.021781333333333333
Cu10,22.35,0.024360666666666666
Cu10,22.409999999999997,0.027167333333333335
Cu10,22.47,0.029690666666666667
Cu10,22.53,0.032384666666666666
Cu10,22.589999999999996,0.034735
Cu10,22.65,0.03671633333333333
Cu10,22.71,0.03854933333333333
Cu10,22.77,0.040232333333333335
Cu10,22.83,0.041233
Cu10,22.89,0.041695
Cu10,22.95,0.042103666666666664
Cu10,23.009999999999998,0.041750333333333334
Cu10,23.07,0.041062666666666664
Cu10,23.13,0.03998366666666667
Cu10,23.189999999999998,0.038269333333333336
Cu10,23.25,0.03653733333333333
Cu10,23.31,0.03414866666666667
Cu10,23.369999999999997,0.03177833333333333
Cu10,23.43,0.029273333333333332
Cu10,23.490000000000002,0.026440666666666668
Cu10,23.549999999999997,0.023712666666666667
Cu10,23.61,0.021093666666666667
Cu10,23.67,0.018356333333333332
Cu10,23.729999999999997,0.016015
Cu10,23.79,0.013717666666666666
Cu10,23.85,0.011575
Cu10,23.909999999999997,0.009686
Cu10,23.97,0.008099
Cu10,24.03,0.006529
Cu10,24.089999999999996,0.005362666666666667
Cu10,24.15,0.004354
Cu10,24.21,0.003327333333333333
Cu10,24.27,0.002663
Cu10,24.33,0.0021016666666666666
Cu10,24.39,0.0015543333333333333
Cu10,24.45,0.0011866666666666666
Cu10,24.509999999999998,0.0008896666666666666
Cu10,24.57,0.0006493333333333334
Cu10,24.63,0.00048266666666666667
Cu10,24.689999999999998,0.00034766666666666664
Cu10,24.75,0.00023833333333333334
Cu10,24.81,0.00016633333333333333
Cu10,24.869999999999997,0.00012533333333333334
Cu10,24.93,8.466666666666666e-05
Cu10,24.990000000000002,5.933333333333334e-05
Cu10,25.049999999999997,4e-05
Cu10,25.11,2.6666666666666667e-05
Cu10,25.17,1.5666666666666667e-05
Cu10,25.229999999999997,6.666666666666667e-06
Cu10,25.29,5.333333333333334e-06
Cu10,25.35,5.666666666666667e-06
Cu10,25.409999999999997,0.0
Cu10,25.47,2e-06
Cu10,25.53,3.3333333333333335e-07
Cu10,25.589999999999996,3.3333333333333335e-07
Cu10,25.65,0.0
Cu10,25.71,3.3333333333333335e-07
Cu10,25.77,3.3333333333333335e-07
Cu10,25.83,0.0
Cu10,25.89,3.3333333333333335e-07
Cu10,25.95,0.0
Cu10,26.009999999999998,3.3333333333333335e-07
Al_degrader_E6_E5,17.25,9.090909090909091e-08
Al_degrader_E6_E5,17.310000000000002,0.0
Al_degrader_E6_E5,17.369999999999997,0.0
Al_degrader_E6_E5,17.43,9.090909090909091e-08
Al_degrader_E6_E5,17.490000000000002,9.090909090909091e-08
Al_degrader_E6_E5,17.549999999999997,1.8181818181818183e-07
Al_degrader_E6_E5,17.61,5.454545454545455e-07
Al_degrader_E6_E5,17.67,1e-06
Al_degrader_E6_E5,17.729999999999997,7.272727272727273e-07
Al_degrader_E6_E5,17.79,1.909090909090909e-06
Al_degrader_E6_E5,17.85,3.1818181818181817e-06
Al_degrader_E6_E5,17.909999999999997,4.454545454545455e-06
Al_degrader_E6_E5,17.97,6e-06
Al_degrader_E6_E5,18.03,8.454545454545455e-06
Al_degrader_E6_E5,18.09,1.2636363636363636e-05
Al_degrader_E6_E5,18.15,1.618181818181818e-05
Al_degrader_E6_E5,18.21,2.3090909090909093e-05
Al_degrader_E6_E5,18.27,3.4727272727272726e-05
Al_degrader_E6_E5,18.33,4.3363636363636365e-05
Al_degrader_E6_E5,18.39,5.827272727272727e-05
Al_degrader_E6_E5,18.45,7.663636363636363e-05
Al_degrader_E6_E5,18.509999999999998,0.0001009090909090909
Al_degrader_E6_E5,18.57,0.000138
Al_degrader_E6_E5,18.63,0.0001780909090909091
Al_degrader_E6_E5,18.689999999999998,0.00021918181818181818
Al_degrader_E6_E5,18.75,0.00029036363636363634
Al_degrader_E6_E5,18.81,0.0003689090909090909
Al_degrader_E6_E5,18.869999999999997,0.0004613636363636364
Al_degrader_E6_E5,18.93,0.0005847272727272727
Al_degrader_E6_E5,18.990000000000002,0.0007010909090909091
Al_degrader_E6_E5,19.049999999999997,0.0008833636363636363
Al_degrader_E6_E5,19.11,0.001089
Al_degrader_E6_E5,19.17,0.0013066363636363636
Al_degrader_E6_E5,19.229999999999997,0.0015757272727272727
Al_degrader_E6_E5,19.29,0.0018934545454545454
Al_degrader_E6_E5,19.35,0.0022132727272727274
Al_degrader_E6_E5,19.409999999999997,0.0026226363636363634
Al_degrader_E6_E5,19.47,0.0030855454545454545
Al_degrader_E6_E5,19.53,0.00354
Al_degrader_E6_E5,19.59,0.004111
Al_degrader_E6_E5,19.65,0.004675818181818182
Al_degrader_E6_E5,19.71,0.005293363636363636
Al_degrader_E6_E5,19.77,0.005984
Al_degrader_E6_E5,19.83,0.006711636363636364
Al_degrader_E6_E5,19.89,0.007452
Al_degrader_E6_E5,19.95,0.008234727272727272
Al_degrader_E6_E5,20.009999999999998,0.009035545454545454
Al_degrader_E6_E5,20.07,0.009814181818181817
Al_degrader_E6_E5,20.13,0.010670727272727273
Al_degrader_E6_E5,20.189999999999998,0.01146190909090909
Al_degrader_E6_E5,20.25,0.012271636363636363
Al_degrader_E6_E5,20.31,0.013114818181818182
Al_degrader_E6_E5,20.369999999999997,0.013861909090909091
Al_degrader_E6_E5,20.43,0.014604272727272728
Al_degrader_E6_E5,20.490000000000002,0.015322
Al_degrader_E6_E5,20.549999999999997,0.016038090909090908
Al_degrader_E6_E5,20.61,0.016604818181818182
Al_degrader_E6_E5,20.67,0.017228545454545455
Al_degrader_E6_E5,20.729999999999997,0.01775609090909091
Al_degrader_E6_E5,20.79,0.018251272727272727
Al_degrader_E6_E5,20.85,0.018688545454545454
Al_degrader_E6_E5,20.909999999999997,0.019108636363636362
Al_degrader_E6_E5,20.97,0.019406363636363635
Al_degrader_E6_E5,21.03,0.019766
Al_degrader_E6_E5,21.089999999999996,0.020035818181818182
Al_degrader_E6_E5,21.15,0.02024727272727273
Al_degrader_E6_E5,21.21,0.020443727272727273
Al_degrader_E6_E5,21.27,0.020631363636363635
Al_degrader_E6_E5,21.33,0.020805454545454547
Al_degrader_E6_E5,21.39,0.02086018181818182
Al_degrader_E6_E5,21.45,0.021003363636363636
Al_degrader_E6_E5,21.509999999999998,0.021079363636363636
Al_degrader_E6_E5,21.57,0.021119636363636365
Al_degrader_E6_E5,21.63,0.021115454545454545
Al_degrader_E6_E5,21.689999999999998,0.021147363636363638
Al_degrader_E6_E5,21.75,0.02107990909090909
Al_degrader_E6_E5,21.81,0.021060636363636365
Al_degrader_E6_E5,21.869999999999997,0.020988545454545454
Al_degrader_E6_E5,21.93,0.020819272727272728
Al_degrader_E6_E5,21.990000000000002,0.020633545454545453
Al_degrader_E6_E5,22.049999999999997,0.020456727272727272
Al_degrader_E6_E5,22.11,0.020176545454545454
Al_degrader_E6_E5,22.17,0.019833090909090908
Al_degrader_E6_E5,22.229999999999997,0.019454636363636365
Al_degrader_E6_E5,22.29,0.019044636363636364
Al_degrader_E6_E5,22.35,0.018529272727272728
Al_degrader_E6_E5,22.409999999999997,0.017932272727272727
Al_degrader_E6_E5,22.47,0.017283727272727274
Al_degrader_E6_E5,22.53,0.016618363636363636
Al_degrader_E6_E5,22.589999999999996,0.015860363636363638
Al_degrader_E6_E5,22.65,0.014996545454545455
Al_degrader_E6_E5,22.71,0.014126636363636364
Al_degrader_E6_E5,22.77,0.013241090909090909
Al_degrader_E6_E5,22.83,0.012349363636363636
Al_degrader_E6_E5,22.89,0.011354454545454546
Al_degrader_E6_E5,22.95,0.010403363636363636
Al_degrader_E6_E5,23.009999999999998,0.009469545454545454
Al_degrader_E6_E5,23.07,0.008545545454545455
Al_degrader_E6_E5,23.13,0.007617909090909091
Al_degrader_E6_E5,23.189999999999998,0.006718272727272727
Al_degrader_E6_E5,23.25,0.005931545454545455
Al_degrader_E6_E5,23.31,0.005152636363636364
Al_degrader_E6_E5,23.369999999999997,0.004424636363636363
Al_degrader_E6_E5,23.43,0.0037855454545454546
Al_degrader_E6_E5,23.490000000000002,0.003198090909090909
Al_degrader_E6_E5,23.549999999999997,0.0026921818181818184
Al_degrader_E6_E5,23.61,0.002213
Al_degrader_E6_E5,23.67,0.0018126363636363637
Al_degrader_E6_E5,23.729999999999997,0.0014793636363636363
Al_degrader_E6_E5,23.79,0.001198090909090909
Al_degrader_E6_E5,23.85,0.0009523636363636364
Al_degrader_E6_E5,23.909999999999997,0.0007381818181818182
Al_degrader_E6_E5,23.97,0.0005842727272727272
Al_degrader_E6_E5,24.03,0.000453
Al_degrader_E6_E5,24.089999999999996,0.00034754545454545455
Al_degrader_E6_E5,24.15,0.0002579090909090909
Al_degrader_E6_E5,24.21,0.00018754545454545453
Al_degrader_E6_E5,24.27,0.00014454545454545455
Al_degrader_E6_E5,24.33,0.00010754545454545454
Al_degrader_E6_E5,24.39,7.418181818181818e-05
Al_degrader_E6_E5,24.45,5.109090909090909e-05
Al_degrader_E6_E5,24.509999999999998,3.681818181818182e-05
Al_degrader_E6_E5,24.57,2.772727272727273e-05
Al_degrader_E6_E5,24.63,1.7636363636363637e-05
Al_degrader_E6_E5,24.689999999999998,1.2727272727272727e-05
Al_degrader_E6_E5,24.75,9.181818181818182e-06
Al_degrader_E6_E5,24.81,6.7272727272727275e-06
Al_degrader_E6_E5,24.869999999999997,2.7272727272727272e-06
Al_degrader_E6_E5,24.93,1.818181818181818e-06
Al_degrader_E6_E5,24.990000000000002,1.5454545454545454e-06
Al_degrader_E6_E5,25.049999999999997,1.090909090909091e-06
Al_degrader_E6_E5,25.11,0.0
Al_degrader_E6_E5,25.17,4.545454545454545e-07
Al_degrader_E6_E5,25.229999999999997,1.8181818181818183e-07
Al_degrader_E6_E5,25.29,9.090909090909091e-08
Al_degrader_E6_E5,25.35,0.0
Al_degrader_E6_E5,25.409999999999997,0.0
Al_degrader_E6_E5,25.47,9.090909090909091e-08
Al_degrader_E6_E5,25.53,9.090909090909091e-08
Al_degrader_E6_E5,25.589999999999996,0.0
Al_degrader_E6_E5,25.65,0.0
Al_degrader_E6_E5,25.71,9.090909090909091e-08
Ni11,16.83,3.3333333333333335e-07
Ni11,16.89,0.0
Ni11,16.95,0.0
Ni11,17.009999999999998,1e-06
Ni11,17.07,3.3333333333333335e-07
Ni11,17.13,1.3333333333333334e-06
Ni11,17.189999999999998,1.3333333333333334e-06
Ni11,17.25,4.666666666666666e-06
Ni11,17.310000000000002,3.6666666666666666e-06
Ni11,17.369999999999997,7.666666666666667e-06
Ni11,17.43,1.4e-05
Ni11,17.490000000000002,1.9e-05
Ni11,17.549999999999997,2.2e-05
Ni11,17.61,4e-05
Ni11,17.67,5.5333333333333334e-05
Ni11,17.729999999999997,6.666666666666667e-05
Ni11,17.79,9.833333333333333e-05
Ni11,17.85,0.00015
Ni11,17.909999999999997,0.00017533333333333333
Ni11,17.97,0.00024533333333333335
Ni11,18.03,0.0003243333333333333
Ni11,18.09,0.0004186666666666667
Ni11,18.15,0.000561
Ni11,18.21,0.0007096666666666667
Ni11,18.27,0.0009353333333333334
Ni11,18.33,0.001178
Ni11,18.39,0.001454
Ni11,18.45,0.0018566666666666666
Ni11,18.509999999999998,0.0023093333333333334
Ni11,18.57,0.002811
Ni11,18.63,0.0034976666666666667
Ni11,18.689999999999998,0.004232333333333334
Ni11,18.75,0.005065333333333333
Ni11,18.81,0.006115333333333334
Ni11,18.869999999999997,0.007275333333333333
Ni11,18.93,0.008494333333333333
Ni11,18.990000000000002,0.009855333333333334
Ni11,19.049999999999997,0.011565666666666667
Ni11,19.11,0.013177
Ni11,19.17,0.015013
Ni11,19.229999999999997,0.016915333333333334
Ni11,19.29,0.019025333333333335
Ni11,19.35,0.020860333333333335
Ni11,19.409999999999997,0.023179666666666668
Ni11,19.47,0.025400666666666665
Ni11,19.53,0.027264666666666666
Ni11,19.59,0.029341666666666665
Ni11,19.65,0.03133466666666666
Ni11,19.71,0.032823
Ni11,19.77,0.034357
Ni11,19.83,0.03564233333333333
Ni11,19.89,0.036588
Ni11,19.95,0.03722533333333333
Ni11,20.009999999999998,0.03765166666666667
Ni11,20.07,0.037602333333333335
Ni11,20.13,0.037291
Ni11,20.189999999999998,0.036584
Ni11,20.25,0.03567066666666667
Ni11,20.31,0.034403
Ni11,20.369999999999997,0.033002333333333335
Ni11,20.43,0.031147666666666667
Ni11,20.490000000000002,0.029209333333333334
Ni11,20.549999999999997,0.027361666666666666
Ni11,20.61,0.025121
Ni11,20.67,0.022772333333333332
Ni11,20.729999999999997,0.020729333333333332
Ni11,20.79,0.01857
Ni11,20.85,0.016370666666666665
Ni11,20.909999999999997,0.014497
Ni11,20.97,0.012603666666666668
Ni11,21.03,0.010836
Ni11,21.089999999999996,0.009273333333333333
Ni11,21.15,0.007852666666666668
Ni11,21.21,0.006612666666666667
Ni11,21.27,0.005467666666666667
Ni11,21.33,0.004527
Ni11,21.39,0.00376
Ni11,21.45,0.0029316666666666666
Ni11,21.509999999999998,0.0023823333333333335
Ni11,21.57,0.0019523333333333333
Ni11,21.63,0.00148
Ni11,21.689999999999998,0.00115
Ni11,21.75,0.0008966666666666667
Ni11,21.81,0.0006713333333333334
Ni11,21.869999999999997,0.0005243333333333334
Ni11,21.93,0.0003823333333333333
Ni11,21.990000000000002,0.000283
Ni11,22.049999999999997,0.00020833333333333335
Ni11,22.11,0.00013933333333333332
Ni11,22.17,0.00011333333333333333
Ni11,22.229999999999997,8.2e-05
Ni11,22.29,5.6666666666666664e-05
Ni11,22.35,4.2e-05
Ni11,22.409999999999997,2.5666666666666666e-05
Ni11,22.47,1.9e-05
Ni11,22.53,1.0666666666666667e-05
Ni11,22.589999999999996,5.333333333333334e-06
Ni11,22.65,6e-06
Ni11,22.71,3e-06
Ni11,22.77,3.3333333333333335e-07
Ni11,22.83,1.6666666666666667e-06
Ni11,22.89,3.3333333333333335e-07
Ni11,22.95,3.3333333333333335e-07
Ni11,23.009999999999998,0.0
Ni11,23.07,3.3333333333333335e-07
Ni11,23.13,3.3333333333333335e-07
Ni11,23.189999999999998,0.0
Ni11,23.25,3.3333333333333335e-07
Ni11,23.31,0.0
Ni11,23.369999999999997,0.0
Ni11,23.43,3.3333333333333335e-07
Sn11,16.71,3.3333333333333335e-07
Sn11,16.77,3.3333333333333335e-07
Sn11,16.83,3.3333333333333335e-07
Sn11,16.89,6.666666666666667e-07
Sn11,16.95,1e-06
Sn11,17.009999999999998,2.333333333333333e-06
Sn11,17.07,2.666666666666667e-06
Sn11,17.13,6.333333333333333e-06
Sn11,17.189999999999998,8.333333333333334e-06
Sn11,17.25,1.3666666666666667e-05
Sn11,17.310000000000002,2.1e-05
Sn11,17.369999999999997,3.233333333333333e-05
Sn11,17.43,4.3333333333333334e-05
Sn11,17.490000000000002,6.3e-05
Sn11,17.549999999999997,8.5e-05
Sn11,17.61,0.00011333333333333333
Sn11,17.67,0.00015333333333333334
Sn11,17.729999999999997,0.00022066666666666667
Sn11,17.79,0.00028966666666666664
Sn11,17.85,0.00039466666666666665
Sn11,17.909999999999997,0.0004896666666666667
Sn11,17.97,0.0006366666666666667
Sn11,18.03,0.0008366666666666667
Sn11,18.09,0.0010826666666666667
Sn11,18.15,0.0013776666666666666
Sn11,18.21,0.0017426666666666667
Sn11,18.27,0.0021613333333333332
Sn11,18.33,0.002693
Sn11,18.39,0.0033623333333333335
Sn11,18.45,0.004055
Sn11,18.509999999999998,0.004934333333333333
Sn11,18.57,0.005890333333333333
Sn11,18.63,0.007095666666666667
Sn11,18.689999999999998,0.008368333333333334
Sn11,18.75,0.009926333333333334
Sn11,18.81,0.011498333333333333
Sn11,18.869999999999997,0.013213666666666667
Sn11,18.93,0.015034666666666667
Sn11,18.990000000000002,0.017048666666666667
Sn11,19.049999999999997,0.019141333333333333
Sn11,19.11,0.021363
Sn11,19.17,0.023642
Sn11,19.229999999999997,0.0257
Sn11,19.29,0.027872666666666667
Sn11,19.35,0.029999666666666668
Sn11,19.409999999999997,0.032133666666666665
Sn11,19.47,0.033798
Sn11,19.53,0.03540533333333333
Sn11,19.59,0.036528
Sn11,19.65,0.037486
Sn11,19.71,0.037967
Sn11,19.77,0.038351666666666666
Sn11,19.83,0.038287666666666664
Sn11,19.89,0.037984333333333335
Sn11,19.95,0.03721133333333333
Sn11,20.009999999999998,0.036255
Sn11,20.07,0.034847666666666666
Sn11,20.13,0.03321866666666667
Sn11,20.189999999999998,0.031160666666666666
Sn11,20.25,0.029159666666666667
Sn11,20.31,0.026922666666666668
Sn11,20.369999999999997,0.024678666666666668
Sn11,20.43,0.022419
Sn11,20.490000000000002,0.02017
Sn11,20.549999999999997,0.017997666666666665
Sn11,20.61,0.015835
Sn11,20.67,0.013731333333333333
Sn11,20.729999999999997,0.011850333333333333
Sn11,20.79,0.010158666666666667
Sn11,20.85,0.008631333333333333
Sn11,20.909999999999997,0.007313
Sn11,20.97,0.006024
Sn11,21.03,0.004951666666666667
Sn11,21.089999999999996,0.004090333333333333
Sn11,21.15,0.0033353333333333334
Sn11,21.21,0.002655666666666667
Sn11,21.27,0.0020926666666666667
Sn11,21.33,0.0016076666666666667
Sn11,21.39,0.001313
Sn11,21.45,0.0009916666666666667
Sn11,21.509999999999998,0.0007716666666666667
Sn11,21.57,0.0005566666666666667
Sn11,21.63,0.0004043333333333333
Sn11,21.689999999999998,0.0002916666666666667
Sn11,21.75,0.00022
Sn11,21.81,0.00016933333333333332
Sn11,21.869999999999997,0.00012466666666666667
Sn11,21.93,8.833333333333333e-05
Sn11,21.990000000000002,6.966666666666666e-05
Sn11,22.049999999999997,4.6e-05
Sn11,22.11,2.5e-05
Sn11,22.17,1.6e-05
Sn11,22.229999999999997,1.4333333333333334e-05
Sn11,22.29,7.666666666666667e-06
Sn11,22.35,4.333333333333333e-06
Sn11,22.409999999999997,2.666666666666667e-06
Sn11,22.47,2e-06
Sn11,22.53,3.3333333333333335e-07
Sn11,22.589999999999996,0.0
Sn11,22.65,0.0
Sn11,22.71,3.3333333333333335e-07
Sn11,22.77,6.666666666666667e-07
Sn11,22.83,0.0
Sn11,22.89,0.0
Sn11,22.95,0.0
Sn11,23.009999999999998,3.3333333333333335e-07
Sn11,23.07,6.666666666666667e-07
Ta11,16.35,3.3333333333333335e-07
Ta11,16.409999999999997,0.0
Ta11,16.47,0.0
Ta11,16.53,1e-06
Ta11,16.59,3.3333333333333335e-07
Ta11,16.65,1.3333333333333334e-06
Ta11,16.71,2e-06
Ta11,16.77,4.333333333333333e-06
Ta11,16.83,3.6666666666666666e-06
Ta11,16.89,8.333333333333334e-06
Ta11,16.95,1.6e-05
Ta11,17.009999999999998,1.7e-05
Ta11,17.07,2.5666666666666666e-05
Ta11,17.13,4.0333333333333336e-05
Ta11,17.189999999999998,5.466666666666667e-05
Ta11,17.25,6.566666666666667e-05
Ta11,17.310000000000002,0.000104
Ta11,17.369999999999997,0.00014766666666666666
Ta11,17.43,0.00017133333333333334
Ta11,17.490000000000002,0.00025133333333333333
Ta11,17.549999999999997,0.00032366666666666666
Ta11,17.61,0.00041
Ta11,17.67,0.0005616666666666667
Ta11,17.729999999999997,0.0007006666666666667
Ta11,17.79,0.0009066666666666666
Ta11,17.85,0.001151
Ta11,17.909999999999997,0.0014383333333333333
Ta11,17.97,0.001808
Ta11,18.03,0.0022906666666666665
Ta11,18.09,0.0027126666666666666
Ta11,18.15,0.0034286666666666667
Ta11,18.21,0.00415
Ta11,18.27,0.004872
Ta11,18.33,0.005972
Ta11,18.39,0.007085333333333333
Ta11,18.45,0.008275333333333334
Ta11,18.509999999999998,0.009648
Ta11,18.57,0.011203666666666667
Ta11,18.63,0.012910333333333333
Ta11,18.689999999999998,0.014504
Ta11,18.75,0.016588333333333333
Ta11,18.81,0.018506333333333333
Ta11,18.869999999999997,0.020454
Ta11,18.93,0.022610666666666668
Ta11,18.990000000000002,0.024766333333333335
Ta11,19.049999999999997,0.026827666666666666
Ta11,19.11,0.028827666666666668
Ta11,19.17,0.03070466666666667
Ta11,19.229999999999997,0.03239266666666667
Ta11,19.29,0.033882333333333334
Ta11,19.35,0.035274
Ta11,19.409999999999997,0.03615033333333333
Ta11,19.47,0.036818333333333335
Ta11,19.53,0.037346333333333336
Ta11,19.59,0.037347
Ta11,19.65,0.037152
Ta11,19.71,0.036677666666666664
Ta11,19.77,0.03581566666666667
Ta11,19.83,0.034528666666666666
Ta11,19.89,0.033168666666666666
Ta11,19.95,0.031615
Ta11,20.009999999999998,0.029598333333333334
Ta11,20.07,0.027629666666666667
Ta11,20.13,0.025652333333333333
Ta11,20.189999999999998,0.023328
Ta11,20.25,0.021293333333333334
Ta11,20.31,0.019092
Ta11,20.369999999999997,0.016870333333333334
Ta11,20.43,0.015009
Ta11,20.490000000000002,0.013124666666666666
Ta11,20.549999999999997,0.011378666666666667
Ta11,20.61,0.009701666666666667
Ta11,20.67,0.008196666666666666
Ta11,20.729999999999997,0.007027333333333333
Ta11,20.79,0.005831333333333333
Ta11,20.85,0.004837333333333333
Ta11,20.909999999999997,0.003996666666666667
Ta11,20.97,0.003191666666666667
Ta11,21.03,0.0025856666666666667
Ta11,21.089999999999996,0.0020996666666666668
Ta11,21.15,0.0016473333333333333
Ta11,21.21,0.001268
Ta11,21.27,0.0009996666666666667
Ta11,21.33,0.000747
Ta11,21.39,0.0005913333333333334
Ta11,21.45,0.000431
Ta11,21.509999999999998,0.00032
Ta11,21.57,0.00023
Ta11,21.63,0.000167
Ta11,21.689999999999998,0.00013166666666666668
Ta11,21.75,9.5e-05
Ta11,21.81,6.733333333333333e-05
Ta11,21.869999999999997,4.766666666666667e-05
Ta11,21.93,3.0333333333333333e-05
Ta11,21.990000000000002,2.3666666666666668e-05
Ta11,22.049999999999997,1.3e-05
Ta11,22.11,8.666666666666666e-06
Ta11,22.17,5e-06
Ta11,22.229999999999997,5.333333333333334e-06
Ta11,22.29,6.666666666666667e-07
Ta11,22.35,1e-06
Ta11,22.409999999999997,1.3333333333333334e-06
Ta11,22.47,0.0
Ta11,22.53,3.3333333333333335e-07
Ta11,22.589999999999996,0.0
Ta11,22.65,0.0
Ta11,22.71,6.666666666666667e-07
Ta11,22.77,0.0
Ta11,22.83,3.3333333333333335e-07
Ta11,22.89,0.0
Ta11,22.95,0.0
Ta11,23.009999999999998,3.3333333333333335e-07
Cu11,15.93,3.3333333333333335e-07
Cu11,15.989999999999998,0.0
Cu11,16.049999999999997,0.0
Cu11,16.11,1e-06
Cu11,16.17,3.3333333333333335e-07
Cu11,16.229999999999997,1e-06
Cu11,16.29,1.3333333333333334e-06
Cu11,16.35,4.333333333333333e-06
Cu11,16.409999999999997,2.666666666666667e-06
Cu11,16.47,7.333333333333333e-06
Cu11,16.53,1.4333333333333334e-05
Cu11,16.59,1.7e-05
Cu11,16.65,2.0333333333333334e-05
Cu11,16.71,3.066666666666667e-05
Cu11,16.77,5.0333333333333335e-05
Cu11,16.83,5.5e-05
Cu11,16.89,8.566666666666667e-05
Cu11,16.95,0.00012966666666666666
Cu11,17.009999999999998,0.00015166666666666668
Cu11,17.07,0.00021266666666666667
Cu11,17.13,0.0002576666666666667
Cu11,17.189999999999998,0.0003696666666666667
Cu11,17.25,0.00045966666666666665
Cu11,17.310000000000002,0.000585
Cu11,17.369999999999997,0.000781
Cu11,17.43,0.0009546666666666667
Cu11,17.490000000000002,0.0012303333333333333
Cu11,17.549999999999997,0.0015203333333333334
Cu11,17.61,0.0019043333333333334
Cu11,17.67,0.0023636666666666667
Cu11,17.729999999999997,0.002826
Cu11,17.79,0.0035243333333333333
Cu11,17.85,0.0042246666666666665
Cu11,17.909999999999997,0.005021
Cu11,17.97,0.006009
Cu11,18.03,0.007165
Cu11,18.09,0.008226333333333334
Cu11,18.15,0.009632
Cu11,18.21,0.011163666666666667
Cu11,18.27,0.012738333333333334
Cu11,18.33,0.014396333333333334
Cu11,18.39,0.016293666666666668
Cu11,18.45,0.018229333333333334
Cu11,18.509999999999998,0.020035666666666667
Cu11,18.57,0.022137
Cu11,18.63,0.024232
Cu11,18.689999999999998,0.026089666666666667
Cu11,18.75,0.028152333333333335
Cu11,18.81,0.029963
Cu11,18.869999999999997,0.03155666666666666
Cu11,18.93,0.032979666666666664
Cu11,18.990000000000002,0.034329
Cu11,19.049999999999997,0.035362333333333336
Cu11,19.11,0.036115
Cu11,19.17,0.036479333333333336
Cu11,19.229999999999997,0.036755333333333334
Cu11,19.29,0.03657966666666667
Cu11,19.35,0.036083333333333335
Cu11,19.409999999999997,0.03535766666666667
Cu11,19.47,0.03429366666666667
Cu11,19.53,0.03306066666666667
Cu11,19.59,0.03156933333333333
Cu11,19.65,0.029720333333333335
Cu11,19.71,0.027926
Cu11,19.77,0.02605
Cu11,19.83,0.023811333333333334
Cu11,19.89,0.021690666666666667
Cu11,19.95,0.019809
Cu11,20.009999999999998,0.017597333333333333
Cu11,20.07,0.015612666666666667
Cu11,20.13,0.013843
Cu11,20.189999999999998,0.012050666666666666
Cu11,20.25,0.010401333333333334
Cu11,20.31,0.008905
Cu11,20.369999999999997,0.007546
Cu11,20.43,0.006406333333333333
Cu11,20.490000000000002,0.005304
Cu11,20.549999999999997,0.004424333333333333
Cu11,20.61,0.0036466666666666665
Cu11,20.67,0.002897666666666667
Cu11,20.729999999999997,0.0023693333333333335
Cu11,20.79,0.0019446666666666666
Cu11,20.85,0.001483
Cu11,20.909999999999997,0.0011526666666666666
Cu11,20.97,0.0009153333333333333
Cu11,21.03,0.0006953333333333333
Cu11,21.089999999999996,0.0005333333333333334
Cu11,21.15,0.000397
Cu11,21.21,0.000299
Cu11,21.27,0.000215
Cu11,21.33,0.00015533333333333333
Cu11,21.39,0.00012233333333333334
Cu11,21.45,8.733333333333333e-05
Cu11,21.509999999999998,6.5e-05
Cu11,21.57,4.4666666666666664e-05
Cu11,21.63,2.6666666666666667e-05
Cu11,21.689999999999998,2.3e-05
Cu11,21.75,1.4666666666666666e-05
Cu11,21.81,6e-06
Cu11,21.869999999999997,5e-06
Cu11,21.93,5.666666666666667e-06
Cu11,21.990000000000002,3.3333333333333335e-07
Cu11,22.049999999999997,6.666666666666667e-07
Cu11,22.11,1.6666666666666667e-06
Cu11,22.17,0.0
Cu11,22.229999999999997,3.3333333333333335e-07
Cu11,22.29,0.0
Cu11,22.35,3.3333333333333335e-07
Cu11,22.409999999999997,3.3333333333333335e-07
Cu11,22.47,0.0
Cu11,22.53,3.3333333333333335e-07
Cu11,22.589999999999996,0.0
Cu11,22.65,0.0
Cu11,22.71,3.3333333333333335e-07
Al_degrader_E8_E7,12.39,6.666666666666667e-08
Al_degrader_E8_E7,12.45,0.0
Al_degrader_E8_E7,12.51,0.0
Al_degrader_E8_E7,12.57,6.666666666666667e-08
Al_degrader_E8_E7,12.629999999999999,1.3333333333333334e-07
Al_degrader_E8_E7,12.69,6.666666666666667e-08
Al_degrader_E8_E7,12.75,6.666666666666667e-08
Al_degrader_E8_E7,12.809999999999999,3.3333333333333335e-07
Al_degrader_E8_E7,12.870000000000001,2.6666666666666667e-07
Al_degrader_E8_E7,12.93,9.333333333333333e-07
Al_degrader_E8_E7,12.989999999999998,5.333333333333333e-07
Al_degrader_E8_E7,13.05,1.1333333333333334e-06
Al_degrader_E8_E7,13.11,1.8666666666666667e-06
Al_degrader_E8_E7,13.169999999999998,2.733333333333333e-06
Al_degrader_E8_E7,13.23,3.1333333333333335e-06
Al_degrader_E8_E7,13.29,3.866666666666666e-06
Al_degrader_E8_E7,13.35,6e-06
Al_degrader_E8_E7,13.41,8.466666666666666e-06
Al_degrader_E8_E7,13.469999999999999,9.2e-06
Al_degrader_E8_E7,13.53,1.3866666666666667e-05
Al_degrader_E8_E7,13.59,1.6e-05
Al_degrader_E8_E7,13.649999999999999,2.52e-05
Al_degrader_E8_E7,13.71,2.7133333333333333e-05
Al_degrader_E8_E7,13.77,3.6e-05
Al_degrader_E8_E7,13.829999999999998,4.3333333333333334e-05
Al_degrader_E8_E7,13.89,5.973333333333333e-05
Al_degrader_E8_E7,13.95,7.173333333333333e-05
Al_degrader_E8_E7,14.009999999999998,9.193333333333334e-05
Al_degrader_E8_E7,14.07,0.00011153333333333334
Al_degrader_E8_E7,14.129999999999999,0.00014166666666666668
Al_degrader_E8_E7,14.19,0.00017073333333333333
Al_degrader_E8_E7,14.25,0.00021093333333333333
Al_degrader_E8_E7,14.309999999999999,0.0002525333333333333
Al_degrader_E8_E7,14.37,0.00031153333333333333
Al_degrader_E8_E7,14.43,0.000382
Al_degrader_E8_E7,14.489999999999998,0.0004442
Al_degrader_E8_E7,14.55,0.0005318666666666666
Al_degrader_E8_E7,14.61,0.0006451333333333334
Al_degrader_E8_E7,14.669999999999998,0.0007622666666666667
Al_degrader_E8_E7,14.73,0.0008900666666666667
Al_degrader_E8_E7,14.79,0.0010396666666666666
Al_degrader_E8_E7,14.85,0.0012384
Al_degrader_E8_E7,14.91,0.0014346666666666668
Al_degrader_E8_E7,14.969999999999999,0.0016349333333333332
Al_degrader_E8_E7,15.03,0.0018830666666666666
Al_degrader_E8_E7,15.09,0.0021710666666666665
Al_degrader_E8_E7,15.149999999999999,0.0024785333333333334
Al_degrader_E8_E7,15.21,0.0027743333333333335
Al_degrader_E8_E7,15.27,0.0031528666666666666
Al_degrader_E8_E7,15.329999999999998,0.0035466
Al_degrader_E8_E7,15.39,0.003973933333333333
Al_degrader_E8_E7,15.45,0.004355
Al_degrader_E8_E7,15.509999999999998,0.0048716666666666665
Al_degrader_E8_E7,15.57,0.0053736
Al_degrader_E8_E7,15.629999999999999,0.0059014
Al_degrader_E8_E7,15.69,0.006390266666666667
Al_degrader_E8_E7,15.75,0.006966133333333333
Al_degrader_E8_E7,15.809999999999999,0.007586733333333333
Al_degrader_E8_E7,15.87,0.008138266666666666
Al_degrader_E8_E7,15.93,0.008687333333333333
Al_degrader_E8_E7,15.989999999999998,0.009292733333333334
Al_degrader_E8_E7,16.049999999999997,0.009954533333333333
Al_degrader_E8_E7,16.11,0.010504266666666666
Al_degrader_E8_E7,16.17,0.0110658
Al_degrader_E8_E7,16.229999999999997,0.011635866666666666
Al_degrader_E8_E7,16.29,0.012289733333333334
Al_degrader_E8_E7,16.35,0.012748
Al_degrader_E8_E7,16.409999999999997,0.013272133333333333
Al_degrader_E8_E7,16.47,0.013800133333333334
Al_degrader_E8_E7,16.53,0.014282866666666666
Al_degrader_E8_E7,16.59,0.0146964
Al_degrader_E8_E7,16.65,0.015132666666666668
Al_degrader_E8_E7,16.71,0.015536866666666666
Al_degrader_E8_E7,16.77,0.015907266666666666
Al_degrader_E8_E7,16.83,0.016185066666666668
Al_degrader_E8_E7,16.89,0.0165064
Al_degrader_E8_E7,16.95,0.016885333333333332
Al_degrader_E8_E7,17.009999999999998,0.017056133333333334
Al_degrader_E8_E7,17.07,0.017255266666666668
Al_degrader_E8_E7,17.13,0.017511066666666665
Al_degrader_E8_E7,17.189999999999998,0.01768633333333333
Al_degrader_E8_E7,17.25,0.0178138
Al_degrader_E8_E7,17.310000000000002,0.0179796
Al_degrader_E8_E7,17.369999999999997,0.018158266666666666
Al_degrader_E8_E7,17.43,0.018180533333333332
Al_degrader_E8_E7,17.490000000000002,0.018292666666666665
Al_degrader_E8_E7,17.549999999999997,0.018350733333333334
Al_degrader_E8_E7,17.61,0.018492066666666668
Al_degrader_E8_E7,17.67,0.0184278
Al_degrader_E8_E7,17.729999999999997,0.018490933333333334
Al_degrader_E8_E7,17.79,0.018515666666666666
Al_degrader_E8_E7,17.85,0.018478266666666666
Al_degrader_E8_E7,17.909999999999997,0.018381266666666667
Al_degrader_E8_E7,17.97,0.018357333333333333
Al_degrader_E8_E7,18.03,0.0183444
Al_degrader_E8_E7,18.09,0.018112733333333332
Al_degrader_E8_E7,18.15,0.0180162
Al_degrader_E8_E7,18.21,0.0178382
Al_degrader_E8_E7,18.27,0.017599533333333334
Al_degrader_E8_E7,18.33,0.017313
Al_degrader_E8_E7,18.39,0.017028333333333333
Al_degrader_E8_E7,18.45,0.0167524
Al_degrader_E8_E7,18.509999999999998,0.016278
Al_degrader_E8_E7,18.57,0.015883133333333334
Al_degrader_E8_E7,18.63,0.015438066666666667
Al_degrader_E8_E7,18.689999999999998,0.014880333333333334
Al_degrader_E8_E7,18.75,0.014320333333333332
Al_degrader_E8_E7,18.81,0.0137488
Al_degrader_E8_E7,18.869999999999997,0.013084666666666666
Al_degrader_E8_E7,18.93,0.0124008
Al_degrader_E8_E7,18.990000000000002,0.011752133333333333
Al_degrader_E8_E7,19.049999999999997,0.011026266666666666
Al_degrader_E8_E7,19.11,0.010298866666666667
Al_degrader_E8_E7,19.17,0.0095896
Al_degrader_E8_E7,19.229999999999997,0.008848733333333334
Al_degrader_E8_E7,19.29,0.0081062
Al_degrader_E8_E7,19.35,0.0073936
Al_degrader_E8_E7,19.409999999999997,0.0067083333333333335
Al_degrader_E8_E7,19.47,0.006011866666666667
Al_degrader_E8_E7,19.53,0.005367866666666667
Al_degrader_E8_E7,19.59,0.0047824
Al_degrader_E8_E7,19.65,0.004224333333333333
Al_degrader_E8_E7,19.71,0.0036574666666666666
Al_degrader_E8_E7,19.77,0.003202266666666667
Al_degrader_E8_E7,19.83,0.0027678666666666667
Al_degrader_E8_E7,19.89,0.0023482666666666666
Al_degrader_E8_E7,19.95,0.0019928
Al_degrader_E8_E7,20.009999999999998,0.0016803333333333334
Al_degrader_E8_E7,20.07,0.0014084
Al_degrader_E8_E7,20.13,0.0011574666666666668
Al_degrader_E8_E7,20.189999999999998,0.0009585333333333333
Al_degrader_E8_E7,20.25,0.0007943333333333333
Al_degrader_E8_E7,20.31,0.0006216
Al_degrader_E8_E7,20.369999999999997,0.0005084666666666667
Al_degrader_E8_E7,20.43,0.00041006666666666664
Al_degrader_E8_E7,20.490000000000002,0.0003176
Al_degrader_E8_E7,20.549999999999997,0.0002508666666666667
Al_degrader_E8_E7,20.61,0.00019626666666666668
Al_degrader_E8_E7,20.67,0.00014706666666666667
Al_degrader_E8_E7,20.729999999999997,0.0001122
Al_degrader_E8_E7,20.79,8.713333333333333e-05
Al_degrader_E8_E7,20.85,6.613333333333333e-05
Al_degrader_E8_E7,20.909999999999997,4.38e-05
Al_degrader_E8_E7,20.97,3.4e-05
Al_degrader_E8_E7,21.03,2.6266666666666667e-05
Al_degrader_E8_E7,21.089999999999996,1.8133333333333335e-05
Al_degrader_E8_E7,21.15,1.32e-05
Al_degrader_E8_E7,21.21,1.0133333333333333e-05
Al_degrader_E8_E7,21.27,6.6e-06
Al_degrader_E8_E7,21.33,4.666666666666666e-06
Al_degrader_E8_E7,21.39,3.2666666666666666e-06
Al_degrader_E8_E7,21.45,1.6666666666666667e-06
Al_degrader_E8_E7,21.509999999999998,1e-06
Al_degrader_E8_E7,21.57,1.1333333333333334e-06
Al_degrader_E8_E7,21.63,4e-07
Al_degrader_E8_E7,21.689999999999998,2e-07
Al_degrader_E8_E7,21.75,2.6666666666666667e-07
Al_degrader_E8_E7,21.81,6.666666666666667e-08
Al_degrader_E8_E7,21.869999999999997,1.3333333333333334e-07
Al_degrader_E8_E7,21.93,0.0
Al_degrader_E8_E7,21.990000000000002,0.0
Al_degrader_E8_E7,22.049999999999997,1.3333333333333334e-07
Al_degrader_E8_E7,22.11,0.0
Al_degrader_E8_E7,22.17,6.666666666666667e-08
Al_degrader_E8_E7,22.229999999999997,0.0
Al_degrader_E8_E7,22.29,0.0
Al_degrader_E8_E7,22.35,6.666666666666667e-08
Ni12,11.79,3.3333333333333335e-07
Ni12,11.85,0.0
Ni12,11.91,0.0
Ni12,11.969999999999999,0.0
Ni12,12.03,3.3333333333333335e-07
Ni12,12.09,6.666666666666667e-07
Ni12,12.149999999999999,3.3333333333333335e-07
Ni12,12.21,1.3333333333333334e-06
Ni12,12.27,1e-06
Ni12,12.329999999999998,3.6666666666666666e-06
Ni12,12.39,2.333333333333333e-06
Ni12,12.45,3.6666666666666666e-06
Ni12,12.51,6.666666666666667e-06
Ni12,12.57,9.333333333333333e-06
Ni12,12.629999999999999,1.3666666666666667e-05
Ni12,12.69,1.4e-05
Ni12,12.75,2.0333333333333334e-05
Ni12,12.809999999999999,2.9e-05
Ni12,12.870000000000001,4.066666666666667e-05
Ni12,12.93,4.566666666666667e-05
Ni12,12.989999999999998,6.333333333333333e-05
Ni12,13.05,7.433333333333333e-05
Ni12,13.11,0.00011833333333333333
Ni12,13.169999999999998,0.000125
Ni12,13.23,0.00016533333333333333
Ni12,13.29,0.00019766666666666666
Ni12,13.35,0.00026366666666666666
Ni12,13.41,0.00033033333333333336
Ni12,13.469999999999999,0.00039833333333333333
Ni12,13.53,0.0004913333333333333
Ni12,13.59,0.000595
Ni12,13.649999999999999,0.0007456666666666666
Ni12,13.71,0.000896
Ni12,13.77,0.0010753333333333333
Ni12,13.829999999999998,0.0013063333333333334
Ni12,13.89,0.0015606666666666666
Ni12,13.95,0.0018696666666666666
Ni12,14.009999999999998,0.0021676666666666667
Ni12,14.07,0.0026316666666666667
Ni12,14.129999999999999,0.003061
Ni12,14.19,0.0036056666666666667
Ni12,14.25,0.004122333333333334
Ni12,14.309999999999999,0.0047936666666666666
Ni12,14.37,0.005626666666666667
Ni12,14.43,0.006387
Ni12,14.489999999999998,0.007215333333333333
Ni12,14.55,0.008159666666666667
Ni12,14.61,0.009376
Ni12,14.669999999999998,0.010390333333333333
Ni12,14.73,0.011488
Ni12,14.79,0.012910666666666668
Ni12,14.85,0.014223333333333333
Ni12,14.91,0.015680333333333334
Ni12,14.969999999999999,0.016811
Ni12,15.03,0.018523666666666667
Ni12,15.09,0.019897333333333333
Ni12,15.149999999999999,0.021422333333333335
Ni12,15.21,0.022712666666666666
Ni12,15.27,0.024141333333333334
Ni12,15.329999999999998,0.025538666666666668
Ni12,15.39,0.026711
Ni12,15.45,0.027734333333333333
Ni12,15.509999999999998,0.028739666666666667
Ni12,15.57,0.02965
Ni12,15.629999999999999,0.030393
Ni12,15.69,0.030876
Ni12,15.75,0.031124666666666665
Ni12,15.809999999999999,0.031386333333333336
Ni12,15.87,0.031287333333333334
Ni12,15.93,0.031135333333333334
Ni12,15.989999999999998,0.030616666666666667
Ni12,16.049999999999997,0.030041333333333333
Ni12,16.11,0.029235666666666667
Ni12,16.17,0.028326666666666667
Ni12,16.229999999999997,0.027293333333333333
Ni12,16.29,0.025980333333333334
Ni12,16.35,0.024691333333333332
Ni12,16.409999999999997,0.02328
Ni12,16.47,0.021911
Ni12,16.53,0.020153333333333332
Ni12,16.59,0.018663
Ni12,16.65,0.017235
Ni12,16.71,0.015676333333333334
Ni12,16.77,0.014096666666666667
Ni12,16.83,0.012742333333333333
Ni12,16.89,0.011321333333333333
Ni12,16.95,0.010197666666666667
Ni12,17.009999999999998,0.008845333333333334
Ni12,17.07,0.007771
Ni12,17.13,0.006735
Ni12,17.189999999999998,0.005879333333333334
Ni12,17.25,0.004949333333333333
Ni12,17.310000000000002,0.004271333333333334
Ni12,17.369999999999997,0.0036383333333333333
Ni12,17.43,0.003041
Ni12,17.490000000000002,0.002494
Ni12,17.549999999999997,0.002097
Ni12,17.61,0.00177
Ni12,17.67,0.001386
Ni12,17.729999999999997,0.0011263333333333334
Ni12,17.79,0.0009086666666666667
Ni12,17.85,0.000747
Ni12,17.909999999999997,0.00056
Ni12,17.97,0.00046366666666666664
Ni12,18.03,0.000357
Ni12,18.09,0.0002826666666666667
Ni12,18.15,0.000204
Ni12,18.21,0.000154
Ni12,18.27,0.00011566666666666667
Ni12,18.33,9.433333333333333e-05
Ni12,18.39,7e-05
Ni12,18.45,5.6e-05
Ni12,18.509999999999998,4e-05
Ni12,18.57,2.6e-05
Ni12,18.63,2.0333333333333334e-05
Ni12,18.689999999999998,1.5666666666666667e-05
Ni12,18.75,7.666666666666667e-06
Ni12,18.81,4.333333333333333e-06
Ni12,18.869999999999997,5.333333333333334e-06
Ni12,18.93,4e-06
Ni12,18.990000000000002,3.3333333333333335e-07
Ni12,19.049999999999997,6.666666666666667e-07
Ni12,19.11,1.6666666666666667e-06
Ni12,19.17,0.0
Ni12,19.229999999999997,3.3333333333333335e-07
Ni12,19.29,0.0
Ni12,19.35,0.0
Ni12,19.409999999999997,3.3333333333333335e-07
Ni12,19.47,3.3333333333333335e-07
Ni12,19.53,0.0
Ni12,19.59,3.3333333333333335e-07
Ni12,19.65,0.0
Ni12,19.71,0.0
Ni12,19.77,3.3333333333333335e-07
Sn12,11.61,3.3333333333333335e-07
Sn12,11.669999999999998,0.0
Sn12,11.73,3.3333333333333335e-07
Sn12,11.79,3.3333333333333335e-07
Sn12,11.85,3.3333333333333335e-07
Sn12,11.91,6.666666666666667e-07
Sn12,11.969999999999999,6.666666666666667e-07
Sn12,12.03,3.3333333333333335e-07
Sn12,12.09,2.666666666666667e-06
Sn12,12.149999999999999,2.666666666666667e-06
Sn12,12.21,5.666666666666667e-06
Sn12,12.27,5.666666666666667e-06
Sn12,12.329999999999998,1e-05
Sn12,12.39,1.1333333333333334e-05
Sn12,12.45,1.8333333333333333e-05
Sn12,12.51,2.8e-05
Sn12,12.57,3.2e-05
Sn12,12.629999999999999,3.9e-05
Sn12,12.69,5.633333333333333e-05
Sn12,12.75,6.9e-05
Sn12,12.809999999999999,8.366666666666666e-05
Sn12,12.870000000000001,0.00010933333333333334
Sn12,12.93,0.00014633333333333333
Sn12,12.989999999999998,0.00019366666666666667
Sn12,13.05,0.00022633333333333332
Sn12,13.11,0.00030533333333333335
Sn12,13.169999999999998,0.0003496666666666667
Sn12,13.23,0.0004366666666666667
Sn12,13.29,0.000539
Sn12,13.35,0.0006653333333333333
Sn12,13.41,0.000838
Sn12,13.469999999999999,0.001003
Sn12,13.53,0.0011993333333333333
Sn12,13.59,0.001454
Sn12,13.649999999999999,0.001718
Sn12,13.71,0.0020783333333333335
Sn12,13.77,0.0024933333333333335
Sn12,13.829999999999998,0.0028886666666666666
Sn12,13.89,0.0033956666666666666
Sn12,13.95,0.004017333333333334
Sn12,14.009999999999998,0.004566
Sn12,14.07,0.005348
Sn12,14.129999999999999,0.006153666666666667
Sn12,14.19,0.007082333333333334
Sn12,14.25,0.008121666666666666
Sn12,14.309999999999999,0.009128
Sn12,14.37,0.010298666666666666
Sn12,14.43,0.011378
Sn12,14.489999999999998,0.012739666666666667
Sn12,14.55,0.014108
Sn12,14.61,0.015477333333333333
Sn12,14.669999999999998,0.016970666666666665
Sn12,14.73,0.018421666666666666
Sn12,14.79,0.020085
Sn12,14.85,0.021474666666666666
Sn12,14.91,0.022907666666666666
Sn12,14.969999999999999,0.024397666666666668
Sn12,15.03,0.025843333333333333
Sn12,15.09,0.027155666666666668
Sn12,15.149999999999999,0.028294333333333335
Sn12,15.21,0.029382
Sn12,15.27,0.030106333333333332
Sn12,15.329999999999998,0.030830333333333335
Sn12,15.39,0.031299
Sn12,15.45,0.031592
Sn12,15.509999999999998,0.03183833333333334
Sn12,15.57,0.031788
Sn12,15.629999999999999,0.03162366666666667
Sn12,15.69,0.031147666666666667
Sn12,15.75,0.030524
Sn12,15.809999999999999,0.029744
Sn12,15.87,0.028745
Sn12,15.93,0.027566666666666666
Sn12,15.989999999999998,0.026186333333333332
Sn12,16.049999999999997,0.02477
Sn12,16.11,0.023288333333333334
Sn12,16.17,0.021756
Sn12,16.229999999999997,0.020169666666666666
Sn12,16.29,0.018574333333333335
Sn12,16.35,0.017072666666666667
Sn12,16.409999999999997,0.015494
Sn12,16.47,0.013941
Sn12,16.53,0.012458
Sn12,16.59,0.011051666666666666
Sn12,16.65,0.009746
Sn12,16.71,0.008532333333333333
Sn12,16.77,0.007454666666666667
Sn12,16.83,0.006504
Sn12,16.89,0.005578
Sn12,16.95,0.004757666666666667
Sn12,17.009999999999998,0.003990666666666667
Sn12,17.07,0.0033956666666666666
Sn12,17.13,0.002854666666666667
Sn12,17.189999999999998,0.0023813333333333334
Sn12,17.25,0.001929
Sn12,17.310000000000002,0.0015753333333333333
Sn12,17.369999999999997,0.0012653333333333334
Sn12,17.43,0.0010466666666666667
Sn12,17.490000000000002,0.0008416666666666667
Sn12,17.549999999999997,0.0006816666666666667
Sn12,17.61,0.000514
Sn12,17.67,0.00038833333333333336
Sn12,17.729999999999997,0.0002843333333333333
Sn12,17.79,0.000228
Sn12,17.85,0.00017766666666666666
Sn12,17.909999999999997,0.000142
Sn12,17.97,0.00011233333333333333
Sn12,18.03,8.566666666666667e-05
Sn12,18.09,6.333333333333333e-05
Sn12,18.15,4.566666666666667e-05
Sn12,18.21,3.2e-05
Sn12,18.27,1.9666666666666666e-05
Sn12,18.33,1.3666666666666667e-05
Sn12,18.39,1.2e-05
Sn12,18.45,8.333333333333334e-06
Sn12,18.509999999999998,4.666666666666666e-06
Sn12,18.57,2e-06
Sn12,18.63,2.333333333333333e-06
Sn12,18.689999999999998,1.6666666666666667e-06
Sn12,18.75,0.0
Sn12,18.81,0.0
Sn12,18.869999999999997,0.0
Sn12,18.93,3.3333333333333335e-07
Sn12,18.990000000000002,3.3333333333333335e-07
Sn12,19.049999999999997,3.3333333333333335e-07
Sn12,19.11,0.0
Sn12,19.17,0.0
Sn12,19.229999999999997,0.0
Sn12,19.29,3.3333333333333335e-07
Sn12,19.35,3.3333333333333335e-07
Sn12,19.409999999999997,3.3333333333333335e-07
Ta12,11.129999999999999,3.3333333333333335e-07
Ta12,11.19,0.0
Ta12,11.25,0.0
Ta12,11.309999999999999,0.0
Ta12,11.370000000000001,6.666666666666667e-07
Ta12,11.43,3.3333333333333335e-07
Ta12,11.489999999999998,3.3333333333333335e-07
Ta12,11.55,0.0
Ta12,11.61,2e-06
Ta12,11.669999999999998,1.3333333333333334e-06
Ta12,11.73,3.6666666666666666e-06
Ta12,11.79,2e-06
Ta12,11.85,5.333333333333334e-06
Ta12,11.91,6.333333333333333e-06
Ta12,11.969999999999999,1.2333333333333333e-05
Ta12,12.03,1.1666666666666666e-05
Ta12,12.09,1.7333333333333332e-05
Ta12,12.149999999999999,2.0666666666666666e-05
Ta12,12.21,3.566666666666667e-05
Ta12,12.27,3.9666666666666664e-05
Ta12,12.329999999999998,4.3333333333333334e-05
Ta12,12.39,6.6e-05
Ta12,12.45,8.433333333333333e-05
Ta12,12.51,0.00011566666666666667
Ta12,12.57,0.000122
Ta12,12.629999999999999,0.00017366666666666667
Ta12,12.69,0.000212
Ta12,12.75,0.00025966666666666667
Ta12,12.809999999999999,0.000313
Ta12,12.870000000000001,0.0004006666666666667
Ta12,12.93,0.000477
Ta12,12.989999999999998,0.0006033333333333333
Ta12,13.05,0.0007143333333333333
Ta12,13.11,0.0008846666666666666
Ta12,13.169999999999998,0.0010203333333333334
Ta12,13.23,0.0012616666666666666
Ta12,13.29,0.0015056666666666667
Ta12,13.35,0.001826
Ta12,13.41,0.00208
Ta12,13.469999999999999,0.0024926666666666665
Ta12,13.53,0.0029206666666666665
Ta12,13.59,0.003439666666666667
Ta12,13.649999999999999,0.00387
Ta12,13.71,0.004595
Ta12,13.77,0.0053156666666666665
Ta12,13.829999999999998,0.0060543333333333334
Ta12,13.89,0.006882333333333333
Ta12,13.95,0.007741333333333334
Ta12,14.009999999999998,0.008783666666666667
Ta12,14.07,0.009899
Ta12,14.129999999999999,0.010924666666666666
Ta12,14.19,0.012129
Ta12,14.25,0.013550666666666667
Ta12,14.309999999999999,0.014793333333333334
Ta12,14.37,0.016096666666666665
Ta12,14.43,0.017461333333333332
Ta12,14.489999999999998,0.01896166666666667
Ta12,14.55,0.020306333333333332
Ta12,14.61,0.021706666666666666
Ta12,14.669999999999998,0.023132333333333335
Ta12,14.73,0.024453666666666665
Ta12,14.79,0.025843333333333333
Ta12,14.85,0.026682666666666667
Ta12,14.91,0.027837
Ta12,14.969999999999999,0.028766
Ta12,15.03,0.029561333333333332
Ta12,15.09,0.030087666666666665
Ta12,15.149999999999999,0.030530666666666668
Ta12,15.21,0.030814666666666667
Ta12,15.27,0.030871
Ta12,15.329999999999998,0.030812666666666665
Ta12,15.39,0.030493
Ta12,15.45,0.030130333333333332
Ta12,15.509999999999998,0.029407
Ta12,15.57,0.028622666666666668
Ta12,15.629999999999999,0.027699
Ta12,15.69,0.026660666666666666
Ta12,15.75,0.025350333333333332
Ta12,15.809999999999999,0.023973333333333333
Ta12,15.87,0.022615333333333335
Ta12,15.93,0.021274333333333333
Ta12,15.989999999999998,0.019651
Ta12,16.049999999999997,0.018129
Ta12,16.11,0.016759333333333334
Ta12,16.17,0.015210333333333333
Ta12,16.229999999999997,0.013729666666666666
Ta12,16.29,0.012396666666666667
Ta12,16.35,0.011125333333333333
Ta12,16.409999999999997,0.009810333333333334
Ta12,16.47,0.008652333333333333
Ta12,16.53,0.007582
Ta12,16.59,0.006559666666666667
Ta12,16.65,0.00575
Ta12,16.71,0.004920333333333333
Ta12,16.77,0.004152333333333333
Ta12,16.83,0.003623
Ta12,16.89,0.0029876666666666667
Ta12,16.95,0.0024876666666666667
Ta12,17.009999999999998,0.0020816666666666666
Ta12,17.07,0.0017396666666666667
Ta12,17.13,0.0014176666666666667
Ta12,17.189999999999998,0.0011493333333333334
Ta12,17.25,0.0009096666666666667
Ta12,17.310000000000002,0.00074
Ta12,17.369999999999997,0.0005803333333333333
Ta12,17.43,0.000471
Ta12,17.490000000000002,0.0003646666666666667
Ta12,17.549999999999997,0.00028
Ta12,17.61,0.000208
Ta12,17.67,0.00016966666666666668
Ta12,17.729999999999997,0.00012233333333333334
Ta12,17.79,9.866666666666666e-05
Ta12,17.85,7.666666666666667e-05
Ta12,17.909999999999997,5.833333333333333e-05
Ta12,17.97,4.1e-05
Ta12,18.03,3.1e-05
Ta12,18.09,2.1666666666666667e-05
Ta12,18.15,1.4666666666666666e-05
Ta12,18.21,1.0666666666666667e-05
Ta12,18.27,5.333333333333334e-06
Ta12,18.33,4.666666666666666e-06
Ta12,18.39,5e-06
Ta12,18.45,1e-06
Ta12,18.509999999999998,3.3333333333333335e-07
Ta12,18.57,1.6666666666666667e-06
Ta12,18.63,3.3333333333333335e-07
Ta12,18.689999999999998,0.0
Ta12,18.75,3.3333333333333335e-07
Ta12,18.81,0.0
Ta12,18.869999999999997,0.0
Ta12,18.93,6.666666666666667e-07
Ta12,18.990000000000002,0.0
Ta12,19.049999999999997,0.0
Ta12,19.11,3.3333333333333335e-07
Ta12,19.17,0.0
Ta12,19.229999999999997,0.0
Ta12,19.29,3.3333333333333335e-07
Cu12,10.59,3.3333333333333335e-07
Cu12,10.649999999999999,0.0
Cu12,10.71,0.0
Cu12,10.77,0.0
Cu12,10.829999999999998,3.3333333333333335e-07
Cu12,10.89,6.666666666666667e-07
Cu12,10.95,3.3333333333333335e-07
Cu12,11.01,0.0
Cu12,11.07,1.3333333333333334e-06
Cu12,11.129999999999999,1.6666666666666667e-06
Cu12,11.19,3.6666666666666666e-06
Cu12,11.25,2.333333333333333e-06
Cu12,11.309999999999999,4.666666666666666e-06
Cu12,11.370000000000001,6e-06
Cu12,11.43,1.0666666666666667e-05
Cu12,11.489999999999998,1.2e-05
Cu12,11.55,1.2666666666666667e-05
Cu12,11.61,2.0666666666666666e-05
Cu12,11.669999999999998,2.4e-05
Cu12,11.73,4.0333333333333336e-05
Cu12,11.79,4e-05
Cu12,11.85,4.8666666666666666e-05
Cu12,11.91,6.9e-05
Cu12,11.969999999999999,9.633333333333333e-05
Cu12,12.03,0.00011866666666666667
Cu12,12.09,0.00012566666666666667
Cu12,12.149999999999999,0.00018866666666666665
Cu12,12.21,0.000196
Cu12,12.27,0.00027633333333333335
Cu12,12.329999999999998,0.00030966666666666664
Cu12,12.39,0.00041433333333333334
Cu12,12.45,0.000462
Cu12,12.51,0.0005943333333333333
Cu12,12.57,0.000712
Cu12,12.629999999999999,0.000849
Cu12,12.69,0.0010013333333333332
Cu12,12.75,0.0012206666666666668
Cu12,12.809999999999999,0.0014576666666666666
Cu12,12.870000000000001,0.0017263333333333334
Cu12,12.93,0.0019666666666666665
Cu12,12.989999999999998,0.0023456666666666665
Cu12,13.05,0.002793
Cu12,13.11,0.0031926666666666666
Cu12,13.169999999999998,0.003670333333333333
Cu12,13.23,0.004253
Cu12,13.29,0.004954333333333333
Cu12,13.35,0.005675
Cu12,13.41,0.006321666666666666
Cu12,13.469999999999999,0.007150333333333333
Cu12,13.53,0.008138333333333332
Cu12,13.59,0.009136333333333333
Cu12,13.649999999999999,0.010112333333333333
Cu12,13.71,0.011136666666666666
Cu12,13.77,0.012471666666666667
Cu12,13.829999999999998,0.013715
Cu12,13.89,0.014911333333333334
Cu12,13.95,0.015989666666666666
Cu12,14.009999999999998,0.017578666666666666
Cu12,14.07,0.018912666666666668
Cu12,14.129999999999999,0.020268666666666667
Cu12,14.19,0.021369333333333334
Cu12,14.25,0.022850666666666665
Cu12,14.309999999999999,0.024003
Cu12,14.37,0.025427666666666668
Cu12,14.43,0.026086333333333333
Cu12,14.489999999999998,0.027293333333333333
Cu12,14.55,0.028016666666666665
Cu12,14.61,0.028862
Cu12,14.669999999999998,0.029351
Cu12,14.73,0.029799
Cu12,14.79,0.030025
Cu12,14.85,0.030108333333333334
Cu12,14.91,0.030071
Cu12,14.969999999999999,0.029777
Cu12,15.03,0.029315666666666667
Cu12,15.09,0.028790333333333334
Cu12,15.149999999999999,0.02808
Cu12,15.21,0.027099
Cu12,15.27,0.026201666666666668
Cu12,15.329999999999998,0.025034333333333332
Cu12,15.39,0.023724333333333333
Cu12,15.45,0.022505666666666667
Cu12,15.509999999999998,0.021099333333333335
Cu12,15.57,0.019676666666666665
Cu12,15.629999999999999,0.018231
Cu12,15.69,0.016904666666666665
Cu12,15.75,0.015401
Cu12,15.809999999999999,0.013934666666666666
Cu12,15.87,0.012685333333333333
Cu12,15.93,0.011437
Cu12,15.989999999999998,0.010195333333333334
Cu12,16.049999999999997,0.009016666666666666
Cu12,16.11,0.007948666666666666
Cu12,16.17,0.006914666666666667
Cu12,16.229999999999997,0.006111666666666666
Cu12,16.29,0.005274666666666667
Cu12,16.35,0.004489333333333333
Cu12,16.409999999999997,0.0038726666666666666
Cu12,16.47,0.0033023333333333333
Cu12,16.53,0.002753
Cu12,16.59,0.002295
Cu12,16.65,0.001929
Cu12,16.71,0.0016416666666666667
Cu12,16.77,0.001288
Cu12,16.83,0.001066
Cu12,16.89,0.0008576666666666666
Cu12,16.95,0.000692
Cu12,17.009999999999998,0.000542
Cu12,17.07,0.00044733333333333333
Cu12,17.13,0.00034333333333333335
Cu12,17.189999999999998,0.000278
Cu12,17.25,0.000198
Cu12,17.310000000000002,0.000154
Cu12,17.369999999999997,0.00012066666666666667
Cu12,17.43,9.6e-05
Cu12,17.490000000000002,7.433333333333333e-05
Cu12,17.549999999999997,5.3666666666666666e-05
Cu12,17.61,4.2e-05
Cu12,17.67,3.1333333333333334e-05
Cu12,17.729999999999997,2.1e-05
Cu12,17.79,1.5e-05
Cu12,17.85,1.2e-05
Cu12,17.909999999999997,4.666666666666666e-06
Cu12,17.97,4.333333333333333e-06
Cu12,18.03,4.666666666666666e-06
Cu12,18.09,2e-06
Cu12,18.15,0.0
Cu12,18.21,2e-06
Cu12,18.27,3.3333333333333335e-07
Cu12,18.33,0.0
Cu12,18.39,3.3333333333333335e-07
Cu12,18.45,0.0
Cu12,18.509999999999998,0.0
Cu12,18.57,6.666666666666667e-07
Cu12,18.63,0.0
Cu12,18.689999999999998,0.0
Cu12,18.75,3.3333333333333335e-07
Cu12,18.81,0.0
Cu12,18.869999999999997,0.0
Cu12,18.93,3.3333333333333335e-07
Al_degrader_E9,8.129999999999999,8.333333333333334e-08
Al_degrader_E9,8.19,0.0
Al_degrader_E9,8.25,0.0
Al_degrader_E9,8.309999999999999,0.0
Al_degrader_E9,8.370000000000001,8.333333333333334e-08
Al_degrader_E9,8.43,8.333333333333334e-08
Al_degrader_E9,8.489999999999998,0.0
Al_degrader_E9,8.55,8.333333333333334e-08
Al_degrader_E9,8.61,1.6666666666666668e-07
Al_degrader_E9,8.67,8.333333333333334e-08
Al_degrader_E9,8.73,3.3333333333333335e-07
Al_degrader_E9,8.79,2.5e-07
Al_degrader_E9,8.85,7.5e-07
Al_degrader_E9,8.91,6.666666666666667e-07
Al_degrader_E9,8.969999999999999,6.666666666666667e-07
Al_degrader_E9,9.030000000000001,1.0833333333333333e-06
Al_degrader_E9,9.09,1.916666666666667e-06
Al_degrader_E9,9.149999999999999,1.916666666666667e-06
Al_degrader_E9,9.21,2.666666666666667e-06
Al_degrader_E9,9.27,3.833333333333334e-06
Al_degrader_E9,9.329999999999998,4.166666666666667e-06
Al_degrader_E9,9.39,5.666666666666667e-06
Al_degrader_E9,9.45,6.666666666666667e-06
Al_degrader_E9,9.51,9.583333333333334e-06
Al_degrader_E9,9.57,1.0166666666666667e-05
Al_degrader_E9,9.629999999999999,1.1833333333333334e-05
Al_degrader_E9,9.69,1.7916666666666667e-05
Al_degrader_E9,9.75,2.05e-05
Al_degrader_E9,9.809999999999999,2.5166666666666667e-05
Al_degrader_E9,9.870000000000001,3.125e-05
Al_degrader_E9,9.93,3.8e-05
Al_degrader_E9,9.989999999999998,4.5583333333333335e-05
Al_degrader_E9,10.05,5.625e-05
Al_degrader_E9,10.11,6.591666666666667e-05
Al_degrader_E9,10.169999999999998,8.025e-05
Al_degrader_E9,10.23,9.7e-05
Al_degrader_E9,10.29,0.00011716666666666666
Al_degrader_E9,10.35,0.00013566666666666667
Al_degrader_E9,10.41,0.00016841666666666668
Al_degrader_E9,10.469999999999999,0.00019733333333333332
Al_degrader_E9,10.53,0.00022866666666666668
Al_degrader_E9,10.59,0.00027475
Al_degrader_E9,10.649999999999999,0.00032416666666666667
Al_degrader_E9,10.71,0.0003810833333333333
Al_degrader_E9,10.77,0.00044341666666666667
Al_degrader_E9,10.829999999999998,0.0005290833333333333
Al_degrader_E9,10.89,0.000602
Al_degrader_E9,10.95,0.0006945
Al_degrader_E9,11.01,0.0008245
Al_degrader_E9,11.07,0.0009454166666666667
Al_degrader_E9,11.129999999999999,0.0010640833333333333
Al_degrader_E9,11.19,0.0012490833333333334
Al_degrader_E9,11.25,0.0014321666666666667
Al_degrader_E9,11.309999999999999,0.0016006666666666667
Al_degrader_E9,11.370000000000001,0.0018654166666666667
Al_degrader_E9,11.43,0.0021204166666666667
Al_degrader_E9,11.489999999999998,0.0023359166666666667
Al_degrader_E9,11.55,0.0026855833333333332
Al_degrader_E9,11.61,0.0030039166666666665
Al_degrader_E9,11.669999999999998,0.00333725
Al_degrader_E9,11.73,0.0037425833333333334
Al_degrader_E9,11.79,0.004166833333333333
Al_degrader_E9,11.85,0.004627333333333333
Al_degrader_E9,11.91,0.00508275
Al_degrader_E9,11.969999999999999,0.005628416666666667
Al_degrader_E9,12.03,0.006185166666666667
Al_degrader_E9,12.09,0.006726833333333333
Al_degrader_E9,12.149999999999999,0.0073859166666666665
Al_degrader_E9,12.21,0.00802925
Al_degrader_E9,12.27,0.008689
Al_degrader_E9,12.329999999999998,0.009413
Al_degrader_E9,12.39,0.010143583333333333
Al_degrader_E9,12.45,0.010854
Al_degrader_E9,12.51,0.011677416666666666
Al_degrader_E9,12.57,0.01243325
Al_degrader_E9,12.629999999999999,0.0131905
Al_degrader_E9,12.69,0.014007416666666666
Al_degrader_E9,12.75,0.014795083333333334
Al_degrader_E9,12.809999999999999,0.015574083333333334
Al_degrader_E9,12.870000000000001,0.01638533333333333
Al_degrader_E9,12.93,0.01713925
Al_degrader_E9,12.989999999999998,0.01786891666666667
Al_degrader_E9,13.05,0.018650916666666666
Al_degrader_E9,13.11,0.019297666666666668
Al_degrader_E9,13.169999999999998,0.019989333333333335
Al_degrader_E9,13.23,0.020583666666666667
Al_degrader_E9,13.29,0.021130166666666665
Al_degrader_E9,13.35,0.0217095
Al_degrader_E9,13.41,0.022145666666666668
Al_degrader_E9,13.469999999999999,0.02245725
Al_degrader_E9,13.53,0.02290425
Al_degrader_E9,13.59,0.02311625
Al_degrader_E9,13.649999999999999,0.02329466666666667
Al_degrader_E9,13.71,0.02342775
Al_degrader_E9,13.77,0.023479
Al_degrader_E9,13.829999999999998,0.023416916666666666
Al_degrader_E9,13.89,0.023381166666666668
Al_degrader_E9,13.95,0.023061916666666668
Al_degrader_E9,14.009999999999998,0.022937083333333334
Al_degrader_E9,14.07,0.022548583333333334
Al_degrader_E9,14.129999999999999,0.022058416666666667
Al_degrader_E9,14.19,0.021692833333333335
Al_degrader_E9,14.25,0.02104525
Al_degrader_E9,14.309999999999999,0.02044925
Al_degrader_E9,14.37,0.01985225
Al_degrader_E9,14.43,0.019003333333333334
Al_degrader_E9,14.489999999999998,0.018360166666666667
Al_degrader_E9,14.55,0.017491666666666666
Al_degrader_E9,14.61,0.016628916666666667
Al_degrader_E9,14.669999999999998,0.015852416666666667
Al_degrader_E9,14.73,0.014905583333333333
Al_degrader_E9,14.79,0.014038166666666666
Al_degrader_E9,14.85,0.013147833333333333
Al_degrader_E9,14.91,0.012187916666666666
Al_degrader_E9,14.969999999999999,0.01136275
Al_degrader_E9,15.03,0.010453833333333334
Al_degrader_E9,15.09,0.0096035
Al_degrader_E9,15.149999999999999,0.008784833333333334
Al_degrader_E9,15.21,0.007955
Al_degrader_E9,15.27,0.00724825
Al_degrader_E9,15.329999999999998,0.00650075
Al_degrader_E9,15.39,0.005801166666666666
Al_degrader_E9,15.45,0.00518825
Al_degrader_E9,15.509999999999998,0.004588666666666666
Al_degrader_E9,15.57,0.004069
Al_degrader_E9,15.629999999999999,0.00354275
Al_degrader_E9,15.69,0.0030799166666666666
Al_degrader_E9,15.75,0.0026790833333333332
Al_degrader_E9,15.809999999999999,0.002309
Al_degrader_E9,15.87,0.0019905
Al_degrader_E9,15.93,0.00169625
Al_degrader_E9,15.989999999999998,0.0014326666666666667
Al_degrader_E9,16.049999999999997,0.0012090833333333333
Al_degrader_E9,16.11,0.0010121666666666666
Al_degrader_E9,16.17,0.0008396666666666666
Al_degrader_E9,16.229999999999997,0.0007049166666666666
Al_degrader_E9,16.29,0.0005758333333333334
Al_degrader_E9,16.35,0.0004721666666666667
Al_degrader_E9,16.409999999999997,0.0003814166666666667
Al_degrader_E9,16.47,0.000303
Al_degrader_E9,16.53,0.00025108333333333336
Al_degrader_E9,16.59,0.00019516666666666668
Al_degrader_E9,16.65,0.00015833333333333332
Al_degrader_E9,16.71,0.00012291666666666665
Al_degrader_E9,16.77,9.516666666666667e-05
Al_degrader_E9,16.83,7.016666666666666e-05
Al_degrader_E9,16.89,5.691666666666667e-05
Al_degrader_E9,16.95,4.35e-05
Al_degrader_E9,17.009999999999998,3.3083333333333336e-05
Al_degrader_E9,17.07,2.6e-05
Al_degrader_E9,17.13,1.9333333333333333e-05
Al_degrader_E9,17.189999999999998,1.45e-05
Al_degrader_E9,17.25,1.1583333333333333e-05
Al_degrader_E9,17.310000000000002,7.166666666666667e-06
Al_degrader_E9,17.369999999999997,6e-06
Al_degrader_E9,17.43,3.5833333333333335e-06
Al_degrader_E9,17.490000000000002,2.4166666666666667e-06
Al_degrader_E9,17.549999999999997,2e-06
Al_degrader_E9,17.61,9.166666666666666e-07
Al_degrader_E9,17.67,1.0833333333333333e-06
Al_degrader_E9,17.729999999999997,3.3333333333333335e-07
Al_degrader_E9,17.79,2.5e-07
Al_degrader_E9,17.85,4.1666666666666667e-07
Al_degrader_E9,17.909999999999997,8.333333333333334e-08
Al_degrader_E9,17.97,8.333333333333334e-08
Al_degrader_E9,18.03,8.333333333333334e-08
Al_degrader_E9,18.09,8.333333333333334e-08
Al_degrader_E9,18.15,8.333333333333334e-08
Al_degrader_E9,18.21,8.333333333333334e-08
Al_degrader_E9,18.27,0.0
Al_degrader_E9,18.33,8.333333333333334e-08
Al_degrader_E9,18.39,0.0
Al_degrader_E9,18.45,8.333333333333334e-08
Al_degrader_E9,18.509999999999998,0.0
Al_degrader_E9,18.57,8.333333333333334e-08
Ni13,7.35,2e-07
Ni13,7.41,0.0
Ni13,7.47,0.0
Ni13,7.529999999999999,2e-07
Ni13,7.59,0.0
Ni13,7.65,2e-07
Ni13,7.709999999999999,0.0
Ni13,7.77,4e-07
Ni13,7.83,2e-07
Ni13,7.89,2e-07
Ni13,7.949999999999999,1.2e-06
Ni13,8.01,4e-07
Ni13,8.07,6e-07
Ni13,8.129999999999999,3e-06
Ni13,8.19,1.2e-06
Ni13,8.25,1.6e-06
Ni13,8.309999999999999,4.4e-06
Ni13,8.370000000000001,4e-06
Ni13,8.43,4.6e-06
Ni13,8.489999999999998,8.4e-06
Ni13,8.55,1.12e-05
Ni13,8.61,7.2e-06
Ni13,8.67,1.66e-05
Ni13,8.73,1.94e-05
Ni13,8.79,1.88e-05
Ni13,8.85,3e-05
Ni13,8.91,3.1e-05
Ni13,8.969999999999999,3.76e-05
Ni13,9.030000000000001,5.26e-05
Ni13,9.09,5.7e-05
Ni13,9.149999999999999,7.36e-05
Ni13,9.21,8.94e-05
Ni13,9.27,0.0001026
Ni13,9.329999999999998,0.0001354
Ni13,9.39,0.0001458
Ni13,9.45,0.0001726
Ni13,9.51,0.0002302
Ni13,9.57,0.0002394
Ni13,9.629999999999999,0.000307
Ni13,9.69,0.0003622
Ni13,9.75,0.0004092
Ni13,9.809999999999999,0.0005056
Ni13,9.870000000000001,0.0005776
Ni13,9.93,0.0006714
Ni13,9.989999999999998,0.000786
Ni13,10.05,0.000911
Ni13,10.11,0.001077
Ni13,10.169999999999998,0.0012228
Ni13,10.23,0.0014328
Ni13,10.29,0.001616
Ni13,10.35,0.0018716
Ni13,10.41,0.0021576
Ni13,10.469999999999999,0.0024148
Ni13,10.53,0.0027766
Ni13,10.59,0.0031336
Ni13,10.649999999999999,0.0035306
Ni13,10.71,0.0040484
Ni13,10.77,0.0044842
Ni13,10.829999999999998,0.0050236
Ni13,10.89,0.0056376
Ni13,10.95,0.0062396
Ni13,11.01,0.0068868
Ni13,11.07,0.0076668
Ni13,11.129999999999999,0.0083634
Ni13,11.19,0.0091812
Ni13,11.25,0.0101352
Ni13,11.309999999999999,0.0108648
Ni13,11.370000000000001,0.0118966
Ni13,11.43,0.012885
Ni13,11.489999999999998,0.013739
Ni13,11.55,0.0148564
Ni13,11.61,0.0157424
Ni13,11.669999999999998,0.0168872
Ni13,11.73,0.0179512
Ni13,11.79,0.0188606
Ni13,11.85,0.0199206
Ni13,11.91,0.020829
Ni13,11.969999999999999,0.0217898
Ni13,12.03,0.0225688
Ni13,12.09,0.0234786
Ni13,12.149999999999999,0.0240784
Ni13,12.21,0.0248036
Ni13,12.27,0.0253188
Ni13,12.329999999999998,0.0257184
Ni13,12.39,0.0261762
Ni13,12.45,0.0262942
Ni13,12.51,0.026486
Ni13,12.57,0.0264986
Ni13,12.629999999999999,0.0263792
Ni13,12.69,0.026153
Ni13,12.75,0.0258322
Ni13,12.809999999999999,0.025387
Ni13,12.870000000000001,0.024856
Ni13,12.93,0.024163
Ni13,12.989999999999998,0.0234094
Ni13,13.05,0.022569
Ni13,13.11,0.0216718
Ni13,13.169999999999998,0.0206856
Ni13,13.23,0.0196176
Ni13,13.29,0.018595
Ni13,13.35,0.0174164
Ni13,13.41,0.0163328
Ni13,13.469999999999999,0.0152012
Ni13,13.53,0.0140722
Ni13,13.59,0.0130378
Ni13,13.649999999999999,0.0118568
Ni13,13.71,0.0108538
Ni13,13.77,0.009864
Ni13,13.829999999999998,0.0089282
Ni13,13.89,0.0080042
Ni13,13.95,0.0071062
Ni13,14.009999999999998,0.0063632
Ni13,14.07,0.0055838
Ni13,14.129999999999999,0.004986
Ni13,14.19,0.0043058
Ni13,14.25,0.0038084
Ni13,14.309999999999999,0.0032342
Ni13,14.37,0.002863
Ni13,14.43,0.002381
Ni13,14.489999999999998,0.0020706
Ni13,14.55,0.0017426
Ni13,14.61,0.0014814
Ni13,14.669999999999998,0.0012458
Ni13,14.73,0.0010168
Ni13,14.79,0.0008524
Ni13,14.85,0.0006894
Ni13,14.91,0.0005788
Ni13,14.969999999999999,0.0004562
Ni13,15.03,0.0003856
Ni13,15.09,0.000292
Ni13,15.149999999999999,0.000246
Ni13,15.21,0.0001836
Ni13,15.27,0.0001524
Ni13,15.329999999999998,0.0001162
Ni13,15.39,9.48e-05
Ni13,15.45,7.4e-05
Ni13,15.509999999999998,5.76e-05
Ni13,15.57,4.66e-05
Ni13,15.629999999999999,3.28e-05
Ni13,15.69,2.88e-05
Ni13,15.75,1.56e-05
Ni13,15.809999999999999,1.56e-05
Ni13,15.87,9e-06
Ni13,15.93,6.4e-06
Ni13,15.989999999999998,4.6e-06
Ni13,16.049999999999997,3.4e-06
Ni13,16.11,2.6e-06
Ni13,16.17,1.4e-06
Ni13,16.229999999999997,6e-07
Ni13,16.29,1e-06
Ni13,16.35,4e-07
Ni13,16.409999999999997,0.0
Ni13,16.47,2e-07
Ni13,16.53,0.0
Ni13,16.59,2e-07
Ni13,16.65,2e-07
Ni13,16.71,2e-07
Ni13,16.77,2e-07
Ni13,16.83,0.0
Ni13,16.89,2e-07
Ni13,16.95,2e-07
Ni13,17.009999999999998,0.0
Ni13,17.07,2e-07
Sn13,7.17,3.3333333333333335e-07
Sn13,7.2299999999999995,3.3333333333333335e-07
Sn13,7.289999999999999,0.0
Sn13,7.35,3.3333333333333335e-07
Sn13,7.41,0.0
Sn13,7.47,3.3333333333333335e-07
Sn13,7.529999999999999,0.0
Sn13,7.59,6.666666666666667e-07
Sn13,7.65,1e-06
Sn13,7.709999999999999,0.0
Sn13,7.77,2e-06
Sn13,7.83,1e-06
Sn13,7.89,2e-06
Sn13,7.949999999999999,5e-06
Sn13,8.01,4.333333333333333e-06
Sn13,8.07,4e-06
Sn13,8.129999999999999,8e-06
Sn13,8.19,8e-06
Sn13,8.25,1.0666666666666667e-05
Sn13,8.309999999999999,1.4666666666666666e-05
Sn13,8.370000000000001,2.3e-05
Sn13,8.43,1.8666666666666665e-05
Sn13,8.489999999999998,2.966666666666667e-05
Sn13,8.55,3.4666666666666665e-05
Sn13,8.61,3.6666666666666666e-05
Sn13,8.67,5.2333333333333336e-05
Sn13,8.73,5.833333333333333e-05
Sn13,8.79,6.866666666666666e-05
Sn13,8.85,8.3e-05
Sn13,8.91,0.000101
Sn13,8.969999999999999,0.00012933333333333332
Sn13,9.030000000000001,0.00015766666666666666
Sn13,9.09,0.00017866666666666665
Sn13,9.149999999999999,0.00021866666666666668
Sn13,9.21,0.00025133333333333333
Sn13,9.27,0.000292
Sn13,9.329999999999998,0.00034933333333333333
Sn13,9.39,0.0004043333333333333
Sn13,9.45,0.0005
Sn13,9.51,0.0005566666666666667
Sn13,9.57,0.000662
Sn13,9.629999999999999,0.0008003333333333333
Sn13,9.69,0.0008846666666666666
Sn13,9.75,0.001059
Sn13,9.809999999999999,0.0012053333333333334
Sn13,9.870000000000001,0.0013833333333333334
Sn13,9.93,0.0016136666666666667
Sn13,9.989999999999998,0.001811
Sn13,10.05,0.0021403333333333335
Sn13,10.11,0.002407
Sn13,10.169999999999998,0.002714
Sn13,10.23,0.003109666666666667
Sn13,10.29,0.003416666666666667
Sn13,10.35,0.003949
Sn13,10.41,0.00441
Sn13,10.469999999999999,0.004979333333333333
Sn13,10.53,0.005506666666666667
Sn13,10.59,0.006194
Sn13,10.649999999999999,0.0068783333333333335
Sn13,10.71,0.007608333333333333
Sn13,10.77,0.008304666666666667
Sn13,10.829999999999998,0.009049
Sn13,10.89,0.009947
Sn13,10.95,0.01084
Sn13,11.01,0.011714333333333334
Sn13,11.07,0.012668333333333334
Sn13,11.129999999999999,0.013664666666666667
Sn13,11.19,0.014753333333333334
Sn13,11.25,0.01578
Sn13,11.309999999999999,0.016719
Sn13,11.370000000000001,0.017727666666666666
Sn13,11.43,0.018798333333333334
Sn13,11.489999999999998,0.019739
Sn13,11.55,0.020767333333333332
Sn13,11.61,0.021806666666666665
Sn13,11.669999999999998,0.022637666666666667
Sn13,11.73,0.023404666666666667
Sn13,11.79,0.024222333333333332
Sn13,11.85,0.024779333333333334
Sn13,11.91,0.025290666666666666
Sn13,11.969999999999999,0.025764
Sn13,12.03,0.025984333333333335
Sn13,12.09,0.026290333333333332
Sn13,12.149999999999999,0.026448666666666665
Sn13,12.21,0.026531666666666665
Sn13,12.27,0.026441333333333334
Sn13,12.329999999999998,0.026271333333333334
Sn13,12.39,0.025981
Sn13,12.45,0.025533666666666666
Sn13,12.51,0.024957
Sn13,12.57,0.024344333333333332
Sn13,12.629999999999999,0.023619333333333332
Sn13,12.69,0.022709666666666666
Sn13,12.75,0.021781666666666668
Sn13,12.809999999999999,0.020717666666666665
Sn13,12.870000000000001,0.019717666666666668
Sn13,12.93,0.018642
Sn13,12.989999999999998,0.017624333333333332
Sn13,13.05,0.016409666666666666
Sn13,13.11,0.015233333333333333
Sn13,13.169999999999998,0.014268
Sn13,13.23,0.01311
Sn13,13.29,0.012004333333333334
Sn13,13.35,0.010933333333333333
Sn13,13.41,0.009911666666666666
Sn13,13.469999999999999,0.008910333333333333
Sn13,13.53,0.008001333333333333
Sn13,13.59,0.007177333333333333
Sn13,13.649999999999999,0.006328333333333333
Sn13,13.71,0.005678
Sn13,13.77,0.005029666666666667
Sn13,13.829999999999998,0.004369666666666667
Sn13,13.89,0.00377
Sn13,13.95,0.0032386666666666666
Sn13,14.009999999999998,0.002861666666666667
Sn13,14.07,0.0024666666666666665
Sn13,14.129999999999999,0.0021006666666666665
Sn13,14.19,0.0017286666666666668
Sn13,14.25,0.001497
Sn13,14.309999999999999,0.0012296666666666667
Sn13,14.37,0.0010326666666666668
Sn13,14.43,0.0008596666666666667
Sn13,14.489999999999998,0.0007223333333333333
Sn13,14.55,0.000599
Sn13,14.61,0.0004696666666666667
Sn13,14.669999999999998,0.00037
Sn13,14.73,0.00028133333333333336
Sn13,14.79,0.00022933333333333334
Sn13,14.85,0.00018566666666666666
Sn13,14.91,0.00014933333333333332
Sn13,14.969999999999999,0.000121
Sn13,15.03,9.733333333333333e-05
Sn13,15.09,7.833333333333333e-05
Sn13,15.149999999999999,6.2e-05
Sn13,15.21,5.0333333333333335e-05
Sn13,15.27,3.4666666666666665e-05
Sn13,15.329999999999998,2.6333333333333334e-05
Sn13,15.39,1.4666666666666666e-05
Sn13,15.45,1.1666666666666666e-05
Sn13,15.509999999999998,1.0666666666666667e-05
Sn13,15.57,8.666666666666666e-06
Sn13,15.629999999999999,4.666666666666666e-06
Sn13,15.69,2e-06
Sn13,15.75,2.333333333333333e-06
Sn13,15.809999999999999,2e-06
Sn13,15.87,1e-06
Sn13,15.93,0.0
Sn13,15.989999999999998,0.0
Sn13,16.049999999999997,0.0
Sn13,16.11,3.3333333333333335e-07
Sn13,16.17,3.3333333333333335e-07
Sn13,16.229999999999997,3.3333333333333335e-07
Sn13,16.29,0.0
Sn13,16.35,0.0
Sn13,16.409999999999997,0.0
Sn13,16.47,0.0
Sn13,16.53,3.3333333333333335e-07
Sn13,16.59,3.3333333333333335e-07
Sn13,16.65,3.3333333333333335e-07
Ta13,6.51,2.5e-07
Ta13,6.57,0.0
Ta13,6.63,0.0
Ta13,6.6899999999999995,2.5e-07
Ta13,6.75,0.0
Ta13,6.81,2.5e-07
Ta13,6.869999999999999,0.0
Ta13,6.93,5e-07
Ta13,6.99,0.0
Ta13,7.05,5e-07
Ta13,7.109999999999999,0.0
Ta13,7.17,1.5e-06
Ta13,7.2299999999999995,7.5e-07
Ta13,7.289999999999999,1e-06
Ta13,7.35,3.25e-06
Ta13,7.41,1.75e-06
Ta13,7.47,1.75e-06
Ta13,7.529999999999999,4.75e-06
Ta13,7.59,5.5e-06
Ta13,7.65,4.5e-06
Ta13,7.709999999999999,1e-05
Ta13,7.77,1.125e-05
Ta13,7.83,9.75e-06
Ta13,7.89,1.8e-05
Ta13,7.949999999999999,1.75e-05
Ta13,8.01,2.25e-05
Ta13,8.07,2.95e-05
Ta13,8.129999999999999,3.275e-05
Ta13,8.19,3.625e-05
Ta13,8.25,5.5e-05
Ta13,8.309999999999999,5.55e-05
Ta13,8.370000000000001,6.975e-05
Ta13,8.43,9e-05
Ta13,8.489999999999998,9.85e-05
Ta13,8.55,0.0001165
Ta13,8.61,0.000154
Ta13,8.67,0.0001615
Ta13,8.73,0.00018975
Ta13,8.79,0.0002455
Ta13,8.85,0.00027075
Ta13,8.91,0.00032425
Ta13,8.969999999999999,0.000382
Ta13,9.030000000000001,0.000441
Ta13,9.09,0.0005205
Ta13,9.149999999999999,0.0005935
Ta13,9.21,0.0006875
Ta13,9.27,0.0008215
Ta13,9.329999999999998,0.0009095
Ta13,9.39,0.0010645
Ta13,9.45,0.00125
Ta13,9.51,0.00140975
Ta13,9.57,0.00160725
Ta13,9.629999999999999,0.001812
Ta13,9.69,0.0021045
Ta13,9.75,0.002371
Ta13,9.809999999999999,0.0026265
Ta13,9.870000000000001,0.00305375
Ta13,9.93,0.0034025
Ta13,9.989999999999998,0.00376125
Ta13,10.05,0.00430775
Ta13,10.11,0.0047545
Ta13,10.169999999999998,0.005259
Ta13,10.23,0.005898
Ta13,10.29,0.00651225
Ta13,10.35,0.00705125
Ta13,10.41,0.0078535
Ta13,10.469999999999999,0.00866375
Ta13,10.53,0.009249
Ta13,10.59,0.01018825
Ta13,10.649999999999999,0.01105725
Ta13,10.71,0.011878
Ta13,10.77,0.01282725
Ta13,10.829999999999998,0.01368975
Ta13,10.89,0.01458075
Ta13,10.95,0.01579225
Ta13,11.01,0.0164925
Ta13,11.07,0.01755475
Ta13,11.129999999999999,0.0186025
Ta13,11.19,0.01944875
Ta13,11.25,0.02028475
Ta13,11.309999999999999,0.02130025
Ta13,11.370000000000001,0.02197175
Ta13,11.43,0.0226915
Ta13,11.489999999999998,0.02349025
Ta13,11.55,0.0240295
Ta13,11.61,0.024543
Ta13,11.669999999999998,0.0250025
Ta13,11.73,0.025213
Ta13,11.79,0.02557775
Ta13,11.85,0.02566175
Ta13,11.91,0.0256765
Ta13,11.969999999999999,0.0256285
Ta13,12.03,0.0254915
Ta13,12.09,0.0251975
Ta13,12.149999999999999,0.02481675
Ta13,12.21,0.0243015
Ta13,12.27,0.02372875
Ta13,12.329999999999998,0.023016
Ta13,12.39,0.022322
Ta13,12.45,0.02145825
Ta13,12.51,0.020477
Ta13,12.57,0.01960775
Ta13,12.629999999999999,0.01856075
Ta13,12.69,0.017537
Ta13,12.75,0.016544
Ta13,12.809999999999999,0.015392
Ta13,12.870000000000001,0.0143865
Ta13,12.93,0.013354
Ta13,12.989999999999998,0.01222525
Ta13,13.05,0.01129475
Ta13,13.11,0.010274
Ta13,13.169999999999998,0.00937075
Ta13,13.23,0.00840275
Ta13,13.29,0.007622
Ta13,13.35,0.00683125
Ta13,13.41,0.00602525
Ta13,13.469999999999999,0.00537725
Ta13,13.53,0.00473925
Ta13,13.59,0.00421025
Ta13,13.649999999999999,0.00359
Ta13,13.71,0.00322775
Ta13,13.77,0.0027335
Ta13,13.829999999999998,0.002351
Ta13,13.89,0.0020155
Ta13,13.95,0.00170875
Ta13,14.009999999999998,0.0014865
Ta13,14.07,0.00121025
Ta13,14.129999999999999,0.00103575
Ta13,14.19,0.00084125
Ta13,14.25,0.0007265
Ta13,14.309999999999999,0.00057475
Ta13,14.37,0.000469
Ta13,14.43,0.000402
Ta13,14.489999999999998,0.0003055
Ta13,14.55,0.0002495
Ta13,14.61,0.0001915
Ta13,14.669999999999998,0.00015825
Ta13,14.73,0.000124
Ta13,14.79,0.0001055
Ta13,14.85,8.1e-05
Ta13,14.91,6.15e-05
Ta13,14.969999999999999,4.825e-05
Ta13,15.03,3.825e-05
Ta13,15.09,3.125e-05
Ta13,15.149999999999999,1.95e-05
Ta13,15.21,1.7e-05
Ta13,15.27,1.025e-05
Ta13,15.329999999999998,7.75e-06
Ta13,15.39,5.25e-06
Ta13,15.45,5e-06
Ta13,15.509999999999998,2.5e-06
Ta13,15.57,2e-06
Ta13,15.629999999999999,7.5e-07
Ta13,15.69,5e-07
Ta13,15.75,1.25e-06
Ta13,15.809999999999999,0.0
Ta13,15.87,2.5e-07
Ta13,15.93,0.0
Ta13,15.989999999999998,2.5e-07
Ta13,16.049999999999997,0.0
Ta13,16.11,2.5e-07
Ta13,16.17,2.5e-07
Ta13,16.229999999999997,0.0
Ta13,16.29,2.5e-07
Ta13,16.35,0.0
Ta13,16.409999999999997,2.5e-07
Ta13,16.47,0.0
Ta13,16.53,2.5e-07
Cu13,5.609999999999999,2e-07
Cu13,5.67,0.0
Cu13,5.73,0.0
Cu13,5.789999999999999,0.0
Cu13,5.85,2e-07
Cu13,5.91,0.0
Cu13,5.97,0.0
Cu13,6.029999999999999,2e-07
Cu13,6.09,4e-07
Cu13,6.15,0.0
Cu13,6.21,4e-07
Cu13,6.27,2e-07
Cu13,6.33,8e-07
Cu13,6.39,2e-07
Cu13,6.449999999999999,8e-07
Cu13,6.51,1e-06
Cu13,6.57,2.4e-06
Cu13,6.63,1.6e-06
Cu13,6.6899999999999995,8e-07
Cu13,6.75,5e-06
Cu13,6.81,3.4e-06
Cu13,6.869999999999999,2.6e-06
Cu13,6.93,8.4e-06
Cu13,6.99,6e-06
Cu13,7.05,9.4e-06
Cu13,7.109999999999999,1.08e-05
Cu13,7.17,1.4e-05
Cu13,7.2299999999999995,1.62e-05
Cu13,7.289999999999999,1.92e-05
Cu13,7.35,2.5e-05
Cu13,7.41,2.74e-05
Cu13,7.47,2.86e-05
Cu13,7.529999999999999,4.34e-05
Cu13,7.59,4.66e-05
Cu13,7.65,5.26e-05
Cu13,7.709999999999999,7.48e-05
Cu13,7.77,8.24e-05
Cu13,7.83,8.62e-05
Cu13,7.89,0.0001186
Cu13,7.949999999999999,0.0001332
Cu13,8.01,0.0001398
Cu13,8.07,0.0001886
Cu13,8.129999999999999,0.0002148
Cu13,8.19,0.000225
Cu13,8.25,0.000306
Cu13,8.309999999999999,0.0003252
Cu13,8.370000000000001,0.0003738
Cu13,8.43,0.0004654
Cu13,8.489999999999998,0.0005036
Cu13,8.55,0.0005924
Cu13,8.61,0.0006956
Cu13,8.67,0.000765
Cu13,8.73,0.0009042
Cu13,8.79,0.0010374
Cu13,8.85,0.0011642
Cu13,8.91,0.001371
Cu13,8.969999999999999,0.0014912
Cu13,9.030000000000001,0.00174
Cu13,9.09,0.0019668
Cu13,9.149999999999999,0.0021496
Cu13,9.21,0.0024866
Cu13,9.27,0.0028128
Cu13,9.329999999999998,0.0031028
Cu13,9.39,0.003486
Cu13,9.45,0.0038726
Cu13,9.51,0.0043576
Cu13,9.57,0.0048024
Cu13,9.629999999999999,0.0052874
Cu13,9.69,0.005858
Cu13,9.75,0.006418
Cu13,9.809999999999999,0.007045
Cu13,9.870000000000001,0.0077072
Cu13,9.93,0.008382
Cu13,9.989999999999998,0.0091334
Cu13,10.05,0.0099028
Cu13,10.11,0.0106394
Cu13,10.169999999999998,0.0115218
Cu13,10.23,0.0123348
Cu13,10.29,0.013156
Cu13,10.35,0.0140736
Cu13,10.41,0.0149122
Cu13,10.469999999999999,0.015928
Cu13,10.53,0.016748
Cu13,10.59,0.0176346
Cu13,10.649999999999999,0.0185824
Cu13,10.71,0.0193098
Cu13,10.77,0.0202596
Cu13,10.829999999999998,0.0209034
Cu13,10.89,0.0216804
Cu13,10.95,0.0223658
Cu13,11.01,0.0228524
Cu13,11.07,0.0235232
Cu13,11.129999999999999,0.023857
Cu13,11.19,0.0243202
Cu13,11.25,0.0244848
Cu13,11.309999999999999,0.0247908
Cu13,11.370000000000001,0.024842
Cu13,11.43,0.0248218
Cu13,11.489999999999998,0.0247316
Cu13,11.55,0.0245742
Cu13,11.61,0.024338
Cu13,11.669999999999998,0.0239536
Cu13,11.73,0.0234162
Cu13,11.79,0.0228902
Cu13,11.85,0.022285
Cu13,11.91,0.0215792
Cu13,11.969999999999999,0.0207228
Cu13,12.03,0.019916
Cu13,12.09,0.0190422
Cu13,12.149999999999999,0.0180896
Cu13,12.21,0.017093
Cu13,12.27,0.0161708
Cu13,12.329999999999998,0.015102
Cu13,12.39,0.0141564
Cu13,12.45,0.0131536
Cu13,12.51,0.0121508
Cu13,12.57,0.0112102
Cu13,12.629999999999999,0.010282
Cu13,12.69,0.0093812
Cu13,12.75,0.0085088
Cu13,12.809999999999999,0.0077578
Cu13,12.870000000000001,0.0068504
Cu13,12.93,0.006252
Cu13,12.989999999999998,0.005489
Cu13,13.05,0.0049252
Cu13,13.11,0.004336
Cu13,13.169999999999998,0.0038388
Cu13,13.23,0.0033382
Cu13,13.29,0.0029156
Cu13,13.35,0.0025462
Cu13,13.41,0.0021398
Cu13,13.469999999999999,0.0018824
Cu13,13.53,0.001593
Cu13,13.59,0.0013736
Cu13,13.649999999999999,0.001139
Cu13,13.71,0.0009674
Cu13,13.77,0.0007946
Cu13,13.829999999999998,0.0006662
Cu13,13.89,0.0005446
Cu13,13.95,0.0004492
Cu13,14.009999999999998,0.000373
Cu13,14.07,0.0002992
Cu13,14.129999999999999,0.0002374
Cu13,14.19,0.000192
Cu13,14.25,0.0001522
Cu13,14.309999999999999,0.0001228
Cu13,14.37,9.9e-05
Cu13,14.43,8e-05
Cu13,14.489999999999998,6.26e-05
Cu13,14.55,4.9e-05
Cu13,14.61,3.76e-05
Cu13,14.669999999999998,3.2e-05
Cu13,14.73,2.12e-05
Cu13,14.79,1.7e-05
Cu13,14.85,1.08e-05
Cu13,14.91,8.8e-06
Cu13,14.969999999999999,4.8e-06
Cu13,15.03,5e-06
Cu13,15.09,2.8e-06
Cu13,15.149999999999999,2.6e-06
Cu13,15.21,8e-07
Cu13,15.27,8e-07
Cu13,15.329999999999998,1e-06
Cu13,15.39,2e-07
Cu13,15.45,2e-07
Cu13,15.509999999999998,0.0
Cu13,15.57,2e-07
Cu13,15.629999999999999,2e-07
Cu13,15.69,0.0
Cu13,15.75,4e-07
Cu13,15.809999999999999,2e-07
Cu13,15.87,0.0
Cu13,15.93,2e-07
Cu13,15.989999999999998,0.0
Cu13,16.049999999999997,2e-07
Cu13,16.11,0.0
Cu13,16.17,2e-07
Al_degrader_E10,0.03,5e-08
Al_degrader_E10,0.09,0.0
Al_degrader_E10,0.15,0.0
Al_degrader_E10,0.21,5e-08
Al_degrader_E10,0.27,0.0
Al_degrader_E10,0.32999999999999996,0.0
Al_degrader_E10,0.39,0.0
Al_degrader_E10,0.44999999999999996,0.0
Al_degrader_E10,0.51,0.0
Al_degrader_E10,0.5700000000000001,0.0
Al_degrader_E10,0.6299999999999999,5e-08
Al_degrader_E10,0.69,5e-08
Al_degrader_E10,0.75,0.0
Al_degrader_E10,0.81,0.0
Al_degrader_E10,0.8699999999999999,0.0
Al_degrader_E10,0.9299999999999999,0.0
Al_degrader_E10,0.99,0.0
Al_degrader_E10,1.05,5e-08
Al_degrader_E10,1.1099999999999999,0.0
Al_degrader_E10,1.17,0.0
Al_degrader_E10,1.23,0.0
Al_degrader_E10,1.29,1e-07
Al_degrader_E10,1.3499999999999999,0.0
Al_degrader_E10,1.41,5e-08
Al_degrader_E10,1.47,0.0
Al_degrader_E10,1.53,0.0
Al_degrader_E10,1.5899999999999999,5e-08
Al_degrader_E10,1.65,0.0
Al_degrader_E10,1.71,5e-08
Al_degrader_E10,1.77,2.5e-07
Al_degrader_E10,1.8299999999999998,5e-08
Al_degrader_E10,1.89,0.0
Al_degrader_E10,1.95,1e-07
Al_degrader_E10,2.01,5e-08
Al_degrader_E10,2.0700000000000003,5e-08
Al_degrader_E10,2.13,2.5e-07
Al_degrader_E10,2.19,3.5e-07
Al_degrader_E10,2.25,2e-07
Al_degrader_E10,2.3099999999999996,1.5e-07
Al_degrader_E10,2.37,2.5e-07
Al_degrader_E10,2.4299999999999997,1e-07
Al_degrader_E10,2.49,3.5e-07
Al_degrader_E10,2.55,4e-07
Al_degrader_E10,2.61,5.5e-07
Al_degrader_E10,2.67,4e-07
Al_degrader_E10,2.7299999999999995,3.5e-07
Al_degrader_E10,2.79,4.5e-07
Al_degrader_E10,2.8499999999999996,9e-07
Al_degrader_E10,2.91,7.5e-07
Al_degrader_E10,2.9699999999999998,1.3e-06
Al_degrader_E10,3.0300000000000002,9e-07
Al_degrader_E10,3.09,8.5e-07
Al_degrader_E10,3.15,1.55e-06
Al_degrader_E10,3.21,1.85e-06
Al_degrader_E10,3.2699999999999996,1.75e-06
Al_degrader_E10,3.33,1.35e-06
Al_degrader_E10,3.3899999999999997,2.35e-06
Al_degrader_E10,3.45,2.45e-06
Al_degrader_E10,3.51,3e-06
Al_degrader_E10,3.57,3.25e-06
Al_degrader_E10,3.63,3.1e-06
Al_degrader_E10,3.6899999999999995,4.7e-06
Al_degrader_E10,3.75,4.1e-06
Al_degrader_E10,3.8099999999999996,5.65e-06
Al_degrader_E10,3.87,4.75e-06
Al_degrader_E10,3.9299999999999997,6.5e-06
Al_degrader_E10,3.9899999999999998,7.45e-06
Al_degrader_E10,4.05,9.4e-06
Al_degrader_E10,4.109999999999999,7.65e-06
Al_degrader_E10,4.17,1.045e-05
Al_degrader_E10,4.23,1.215e-05
Al_degrader_E10,4.29,1.5e-05
Al_degrader_E10,4.35,1.415e-05
Al_degrader_E10,4.41,1.71e-05
Al_degrader_E10,4.47,1.86e-05
Al_degrader_E10,4.529999999999999,2.285e-05
Al_degrader_E10,4.59,2.435e-05
Al_degrader_E10,4.65,2.675e-05
Al_degrader_E10,4.71,3.085e-05
Al_degrader_E10,4.77,3.365e-05
Al_degrader_E10,4.83,3.89e-05
Al_degrader_E10,4.89,4.305e-05
Al_degrader_E10,4.949999999999999,4.89e-05
Al_degrader_E10,5.01,5.28e-05
Al_degrader_E10,5.07,6.245e-05
Al_degrader_E10,5.13,6.975e-05
Al_degrader_E10,5.1899999999999995,7.295e-05
Al_degrader_E10,5.25,8.805e-05
Al_degrader_E10,5.31,9.685e-05
Al_degrader_E10,5.369999999999999,0.0001061
Al_degrader_E10,5.43,0.0001207
Al_degrader_E10,5.49,0.00013395
Al_degrader_E10,5.55,0.00014815
Al_degrader_E10,5.609999999999999,0.0001665
Al_degrader_E10,5.67,0.00018745
Al_degrader_E10,5.73,0.00020635
Al_degrader_E10,5.789999999999999,0.0002292
Al_degrader_E10,5.85,0.00025795
Al_degrader_E10,5.91,0.00028555
Al_degrader_E10,5.97,0.0003208
Al_degrader_E10,6.029999999999999,0.0003542
Al_degrader_E10,6.09,0.0003825
Al_degrader_E10,6.15,0.0004354
Al_degrader_E10,6.21,0.00048125
Al_degrader_E10,6.27,0.00052685
Al_degrader_E10,6.33,0.0005892
Al_degrader_E10,6.39,0.0006447
Al_degrader_E10,6.449999999999999,0.00071005
Al_degrader_E10,6.51,0.00079265
Al_degrader_E10,6.57,0.00086465
Al_degrader_E10,6.63,0.00094125
Al_degrader_E10,6.6899999999999995,0.00105075
Al_degrader_E10,6.75,0.0011532
Al_degrader_E10,6.81,0.0012592
Al_degrader_E10,6.869999999999999,0.0013845
Al_degrader_E10,6.93,0.00150565
Al_degrader_E10,6.99,0.00164395
Al_degrader_E10,7.05,0.00180225
Al_degrader_E10,7.109999999999999,0.00194615
Al_degrader_E10,7.17,0.00212825
Al_degrader_E10,7.2299999999999995,0.0023178
Al_degrader_E10,7.289999999999999,0.0024991
Al_degrader_E10,7.35,0.0027211
Al_degrader_E10,7.41,0.00292585
Al_degrader_E10,7.47,0.003185
Al_degrader_E10,7.529999999999999,0.00342645
Al_degrader_E10,7.59,0.003687
Al_degrader_E10,7.65,0.0039777
Al_degrader_E10,7.709999999999999,0.00425805
Al_degrader_E10,7.77,0.00457505
Al_degrader_E10,7.83,0.0049004
Al_degrader_E10,7.89,0.0052379
Al_degrader_E10,7.949999999999999,0.00558735
Al_degrader_E10,8.01,0.00597165
Al_degrader_E10,8.07,0.00634245
Al_degrader_E10,8.129999999999999,0.00674925
Al_degrader_E10,8.19,0.0071684
Al_degrader_E10,8.25,0.0075783
Al_degrader_E10,8.309999999999999,0.00802215
Al_degrader_E10,8.370000000000001,0.00847765
Al_degrader_E10,8.43,0.0089206
Al_degrader_E10,8.489999999999998,0.00939485
Al_degrader_E10,8.55,0.00985715
Al_degrader_E10,8.61,0.01033855
Al_degrader_E10,8.67,0.01081695
Al_degrader_E10,8.73,0.011302
Al_degrader_E10,8.79,0.0117822
Al_degrader_E10,8.85,0.01228725
Al_degrader_E10,8.91,0.01277085
Al_degrader_E10,8.969999999999999,0.0132282
Al_degrader_E10,9.030000000000001,0.0137246
Al_degrader_E10,9.09,0.01418165
Al_degrader_E10,9.149999999999999,0.0146449
Al_degrader_E10,9.21,0.01508605
Al_degrader_E10,9.27,0.01552
Al_degrader_E10,9.329999999999998,0.0159248
Al_degrader_E10,9.39,0.01630525
Al_degrader_E10,9.45,0.0166931
Al_degrader_E10,9.51,0.01701365
Al_degrader_E10,9.57,0.01734485
Al_degrader_E10,9.629999999999999,0.0175966
Al_degrader_E10,9.69,0.01792145
Al_degrader_E10,9.75,0.01809715
Al_degrader_E10,9.809999999999999,0.01831775
Al_degrader_E10,9.870000000000001,0.01845205
Al_degrader_E10,9.93,0.0185959
Al_degrader_E10,9.989999999999998,0.01865645
Al_degrader_E10,10.05,0.0187259
Al_degrader_E10,10.11,0.01871925
Al_degrader_E10,10.169999999999998,0.0186773
Al_degrader_E10,10.23,0.0186106
Al_degrader_E10,10.29,0.01848965
Al_degrader_E10,10.35,0.01832375
Al_degrader_E10,10.41,0.0181296
Al_degrader_E10,10.469999999999999,0.0178982
Al_degrader_E10,10.53,0.0176119
Al_degrader_E10,10.59,0.017296
Al_degrader_E10,10.649999999999999,0.0169487
Al_degrader_E10,10.71,0.0165279
Al_degrader_E10,10.77,0.0161627
Al_degrader_E10,10.829999999999998,0.01568185
Al_degrader_E10,10.89,0.01521295
Al_degrader_E10,10.95,0.0146985
Al_degrader_E10,11.01,0.014192
Al_degrader_E10,11.07,0.0136338
Al_degrader_E10,11.129999999999999,0.0130938
Al_degrader_E10,11.19,0.0124836
Al_degrader_E10,11.25,0.01194895
Al_degrader_E10,11.309999999999999,0.01131695
Al_degrader_E10,11.370000000000001,0.010758
Al_degrader_E10,11.43,0.0101165
Al_degrader_E10,11.489999999999998,0.009536
Al_degrader_E10,11.55,0.0089485
Al_degrader_E10,11.61,0.0083683
Al_degrader_E10,11.669999999999998,0.0077858
Al_degrader_E10,11.73,0.00722805
Al_degrader_E10,11.79,0.0067002
Al_degrader_E10,11.85,0.0061549
Al_degrader_E10,11.91,0.0056919
Al_degrader_E10,11.969999999999999,0.0051747
Al_degrader_E10,12.03,0.00473515
Al_degrader_E10,12.09,0.00428815
Al_degrader_E10,12.149999999999999,0.00389725
Al_degrader_E10,12.21,0.0035054
Al_degrader_E10,12.27,0.0031408
Al_degrader_E10,12.329999999999998,0.0028186
Al_degrader_E10,12.39,0.0025015
Al_degrader_E10,12.45,0.0022277
Al_degrader_E10,12.51,0.00195785
Al_degrader_E10,12.57,0.00173615
Al_degrader_E10,12.629999999999999,0.0015094
Al_degrader_E10,12.69,0.0013316
Al_degrader_E10,12.75,0.00114925
Al_degrader_E10,12.809999999999999,0.00099705
Al_degrader_E10,12.870000000000001,0.0008611
Al_degrader_E10,12.93,0.00072915
Al_degrader_E10,12.989999999999998,0.0006352
Al_degrader_E10,13.05,0.00053505
Al_degrader_E10,13.11,0.00045215
Al_degrader_E10,13.169999999999998,0.00038295
Al_degrader_E10,13.23,0.0003163
Al_degrader_E10,13.29,0.0002665
Al_degrader_E10,13.35,0.00022255
Al_degrader_E10,13.41,0.00018015
Al_degrader_E10,13.469999999999999,0.0001508
Al_degrader_E10,13.53,0.000122
Al_degrader_E10,13.59,9.955e-05
Al_degrader_E10,13.649999999999999,7.94e-05
Al_degrader_E10,13.71,6.415e-05
Al_degrader_E10,13.77,5.05e-05
Al_degrader_E10,13.829999999999998,4.115e-05
Al_degrader_E10,13.89,3.155e-05
Al_degrader_E10,13.95,2.75e-05
Al_degrader_E10,14.009999999999998,2.03e-05
Al_degrader_E10,14.07,1.62e-05
Al_degrader_E10,14.129999999999999,1.32e-05
Al_degrader_E10,14.19,9.9e-06
Al_degrader_E10,14.25,7.5e-06
Al_degrader_E10,14.309999999999999,5.1e-06
Al_degrader_E10,14.37,4.5e-06
Al_degrader_E10,14.43,2.9e-06
Al_degrader_E10,14.489999999999998,1.8e-06
Al_degrader_E10,14.55,1.45e-06
Al_degrader_E10,14.61,1.4e-06
Al_degrader_E10,14.669999999999998,7e-07
Al_degrader_E10,14.73,5.5e-07
Al_degrader_E10,14.79,4e-07
Al_degrader_E10,14.85,1.5e-07
Al_degrader_E10,14.91,2.5e-07
Al_degrader_E10,14.969999999999999,1.5e-07
Al_degrader_E10,15.03,5e-08
Al_degrader_E10,15.09,1e-07
Al_degrader_E10,15.149999999999999,5e-08
Al_degrader_E10,15.21,5e-08
Al_degrader_E10,15.27,1e-07
Al_degrader_E10,15.329999999999998,5e-08
Al_degrader_E10,15.39,5e-08
Al_degrader_E10,15.45,5e-08
Al_degrader_E10,15.509999999999998,0.0
Al_degrader_E10,15.57,5e-08
Al_degrader_E10,15.629999999999999,5e-08
Al_degrader_E10,15.69,0.0
Al_degrader_E10,15.75,5e-08
Ni14,0.03,9.555555555555555e-06
Ni14,0.09,8.888888888888889e-07
Ni14,0.15,6.666666666666667e-07
Ni14,0.21,7.777777777777778e-07
Ni14,0.27,5.555555555555555e-07
Ni14,0.32999999999999996,2.2222222222222222e-07
Ni14,0.39,2.2222222222222222e-07
Ni14,0.44999999999999996,4.4444444444444444e-07
Ni14,0.51,3.3333333333333335e-07
Ni14,0.5700000000000001,7.777777777777778e-07
Ni14,0.6299999999999999,1.111111111111111e-06
Ni14,0.69,1.4444444444444445e-06
Ni14,0.75,8.888888888888889e-07
Ni14,0.81,1e-06
Ni14,0.8699999999999999,7.777777777777778e-07
Ni14,0.9299999999999999,1.111111111111111e-06
Ni14,0.99,2.333333333333333e-06
Ni14,1.05,1.8888888888888888e-06
Ni14,1.1099999999999999,2.111111111111111e-06
Ni14,1.17,1.5555555555555556e-06
Ni14,1.23,1.3333333333333334e-06
Ni14,1.29,3e-06
Ni14,1.3499999999999999,3.3333333333333333e-06
Ni14,1.41,3.5555555555555555e-06
Ni14,1.47,2.222222222222222e-06
Ni14,1.53,2.666666666666667e-06
Ni14,1.5899999999999999,3.7777777777777777e-06
Ni14,1.65,4.8888888888888885e-06
Ni14,1.71,5.333333333333334e-06
Ni14,1.77,4.333333333333333e-06
Ni14,1.8299999999999998,3.7777777777777777e-06
Ni14,1.89,7.222222222222222e-06
Ni14,1.95,8e-06
Ni14,2.01,6.222222222222222e-06
Ni14,2.0700000000000003,7.111111111111111e-06
Ni14,2.13,9.333333333333333e-06
Ni14,2.19,1.1555555555555556e-05
Ni14,2.25,9.444444444444445e-06
Ni14,2.3099999999999996,1.0444444444444445e-05
Ni14,2.37,1.4e-05
Ni14,2.4299999999999997,1.2555555555555555e-05
Ni14,2.49,1.3333333333333333e-05
Ni14,2.55,1.7e-05
Ni14,2.61,2.1e-05
Ni14,2.67,1.8333333333333333e-05
Ni14,2.7299999999999995,2.0444444444444446e-05
Ni14,2.79,2.611111111111111e-05
Ni14,2.8499999999999996,2.7666666666666667e-05
Ni14,2.91,2.8888888888888888e-05
Ni14,2.9699999999999998,3.3777777777777776e-05
Ni14,3.0300000000000002,3.922222222222222e-05
Ni14,3.09,3.855555555555556e-05
Ni14,3.15,4.3333333333333334e-05
Ni14,3.21,5.044444444444444e-05
Ni14,3.2699999999999996,5.288888888888889e-05
Ni14,3.33,5.877777777777778e-05
Ni14,3.3899999999999997,6.8e-05
Ni14,3.45,6.966666666666666e-05
Ni14,3.51,7.655555555555555e-05
Ni14,3.57,8.811111111111111e-05
Ni14,3.63,9.455555555555556e-05
Ni14,3.6899999999999995,0.00010555555555555555
Ni14,3.75,0.00011588888888888889
Ni14,3.8099999999999996,0.0001232222222222222
Ni14,3.87,0.000143
Ni14,3.9299999999999997,0.00015922222222222222
Ni14,3.9899999999999998,0.000164
Ni14,4.05,0.00019077777777777778
Ni14,4.109999999999999,0.000209
Ni14,4.17,0.00022122222222222224
Ni14,4.23,0.00025644444444444445
Ni14,4.29,0.0002773333333333333
Ni14,4.35,0.00030166666666666666
Ni14,4.41,0.0003354444444444444
Ni14,4.47,0.0003573333333333333
Ni14,4.529999999999999,0.0004061111111111111
Ni14,4.59,0.0004382222222222222
Ni14,4.65,0.0004877777777777778
Ni14,4.71,0.0005284444444444444
Ni14,4.77,0.0005833333333333334
Ni14,4.83,0.0006372222222222222
Ni14,4.89,0.000694
Ni14,4.949999999999999,0.000788
Ni14,5.01,0.0008403333333333333
Ni14,5.07,0.0009164444444444444
Ni14,5.13,0.0010006666666666666
Ni14,5.1899999999999995,0.001096
Ni14,5.25,0.0011997777777777777
Ni14,5.31,0.0013177777777777777
Ni14,5.369999999999999,0.0014125555555555556
Ni14,5.43,0.0015612222222222223
Ni14,5.49,0.001672
Ni14,5.55,0.001844
Ni14,5.609999999999999,0.001992888888888889
Ni14,5.67,0.002170333333333333
Ni14,5.73,0.0023464444444444444
Ni14,5.789999999999999,0.002561222222222222
Ni14,5.85,0.0027604444444444443
Ni14,5.91,0.003011
Ni14,5.97,0.0032214444444444443
Ni14,6.029999999999999,0.0035073333333333332
Ni14,6.09,0.0037253333333333335
Ni14,6.15,0.0040676666666666665
Ni14,6.21,0.004318666666666667
Ni14,6.27,0.004685888888888889
Ni14,6.33,0.004981222222222222
Ni14,6.39,0.005388
Ni14,6.449999999999999,0.005697666666666667
Ni14,6.51,0.006139111111111111
Ni14,6.57,0.006498222222222222
Ni14,6.63,0.006986111111111111
Ni14,6.6899999999999995,0.007354111111111111
Ni14,6.75,0.007879555555555556
Ni14,6.81,0.008301111111111112
Ni14,6.869999999999999,0.008827111111111112
Ni14,6.93,0.009276333333333333
Ni14,6.99,0.009761444444444444
Ni14,7.05,0.010351777777777777
Ni14,7.109999999999999,0.010845222222222221
Ni14,7.17,0.011389666666666666
Ni14,7.2299999999999995,0.011944777777777778
Ni14,7.289999999999999,0.012544888888888888
Ni14,7.35,0.013019555555555555
Ni14,7.41,0.01361511111111111
Ni14,7.47,0.014173555555555556
Ni14,7.529999999999999,0.014665444444444444
Ni14,7.59,0.015243
Ni14,7.65,0.01571611111111111
Ni14,7.709999999999999,0.016254888888888888
Ni14,7.77,0.016666666666666666
Ni14,7.83,0.017125222222222222
Ni14,7.89,0.01759877777777778
Ni14,7.949999999999999,0.017969222222222223
Ni14,8.01,0.018341444444444445
Ni14,8.07,0.01867111111111111
Ni14,8.129999999999999,0.018928888888888887
Ni14,8.19,0.019207666666666668
Ni14,8.25,0.019386666666666667
Ni14,8.309999999999999,0.019574333333333332
Ni14,8.370000000000001,0.019699444444444443
Ni14,8.43,0.019747555555555556
Ni14,8.489999999999998,0.019792777777777777
Ni14,8.55,0.019789444444444443
Ni14,8.61,0.019679
Ni14,8.67,0.019588444444444443
Ni14,8.73,0.019383
Ni14,8.79,0.019210777777777778
Ni14,8.85,0.018895555555555554
Ni14,8.91,0.01855188888888889
Ni14,8.969999999999999,0.018213333333333335
Ni14,9.030000000000001,0.017781555555555554
Ni14,9.09,0.017350555555555557
Ni14,9.149999999999999,0.016802888888888888
Ni14,9.21,0.016298777777777777
Ni14,9.27,0.01573188888888889
Ni14,9.329999999999998,0.015152666666666667
Ni14,9.39,0.014527666666666666
Ni14,9.45,0.013886333333333334
Ni14,9.51,0.013259333333333333
Ni14,9.57,0.012596666666666667
Ni14,9.629999999999999,0.011959444444444444
Ni14,9.69,0.0113
Ni14,9.75,0.010601555555555555
Ni14,9.809999999999999,0.009974555555555556
Ni14,9.870000000000001,0.009302
Ni14,9.93,0.008711777777777778
Ni14,9.989999999999998,0.008072666666666667
Ni14,10.05,0.007458777777777778
Ni14,10.11,0.006913555555555556
Ni14,10.169999999999998,0.0063438888888888885
Ni14,10.23,0.005801666666666667
Ni14,10.29,0.005305
Ni14,10.35,0.004825555555555555
Ni14,10.41,0.004374
Ni14,10.469999999999999,0.003961222222222222
Ni14,10.53,0.0035713333333333335
Ni14,10.59,0.003225
Ni14,10.649999999999999,0.002870111111111111
Ni14,10.71,0.002562333333333333
Ni14,10.77,0.002276111111111111
Ni14,10.829999999999998,0.002007333333333333
Ni14,10.89,0.0017423333333333334
Ni14,10.95,0.0015666666666666667
Ni14,11.01,0.0013694444444444444
Ni14,11.07,0.0011886666666666666
Ni14,11.129999999999999,0.0010251111111111112
Ni14,11.19,0.0008831111111111111
Ni14,11.25,0.0007707777777777778
Ni14,11.309999999999999,0.0006517777777777778
Ni14,11.370000000000001,0.0005536666666666667
Ni14,11.43,0.00046633333333333336
Ni14,11.489999999999998,0.00040144444444444445
Ni14,11.55,0.0003401111111111111
Ni14,11.61,0.00028155555555555556
Ni14,11.669999999999998,0.00023177777777777777
Ni14,11.73,0.00019066666666666668
Ni14,11.79,0.00015911111111111112
Ni14,11.85,0.00013177777777777778
Ni14,11.91,0.00010944444444444444
Ni14,11.969999999999999,8.9e-05
Ni14,12.03,7.377777777777778e-05
Ni14,12.09,6.111111111111111e-05
Ni14,12.149999999999999,4.933333333333333e-05
Ni14,12.21,4.177777777777778e-05
Ni14,12.27,3.311111111111111e-05
Ni14,12.329999999999998,2.4555555555555557e-05
Ni14,12.39,2.011111111111111e-05
Ni14,12.45,1.5333333333333334e-05
Ni14,12.51,1.1444444444444444e-05
Ni14,12.57,8.666666666666666e-06
Ni14,12.629999999999999,6.4444444444444445e-06
Ni14,12.69,4.666666666666666e-06
Ni14,12.75,3.3333333333333333e-06
Ni14,12.809999999999999,3e-06
Ni14,12.870000000000001,1.8888888888888888e-06
Ni14,12.93,1.2222222222222221e-06
Ni14,12.989999999999998,5.555555555555555e-07
Ni14,13.05,7.777777777777778e-07
Ni14,13.11,6.666666666666667e-07
Ni14,13.169999999999998,2.2222222222222222e-07
Ni14,13.23,1.1111111111111111e-07
Ni14,13.29,0.0
Ni14,13.35,1.1111111111111111e-07
Ni14,13.41,1.1111111111111111e-07
Ni14,13.469999999999999,1.1111111111111111e-07
Ni14,13.53,2.2222222222222222e-07
Ni14,13.59,2.2222222222222222e-07
Ni14,13.649999999999999,1.1111111111111111e-07
Ni14,13.71,1.1111111111111111e-07
Ni14,13.77,1.1111111111111111e-07
Ni14,13.829999999999998,1.1111111111111111e-07
Ni14,13.89,1.1111111111111111e-07
Ni14,13.95,1.1111111111111111e-07
Ni14,14.009999999999998,1.1111111111111111e-07
Sn14,0.03,4.966666666666667e-05
Sn14,0.09,2.333333333333333e-06
Sn14,0.15,1.6666666666666667e-06
Sn14,0.21,4e-06
Sn14,0.27,1.6666666666666667e-06
Sn14,0.32999999999999996,1e-06
Sn14,0.39,1.3333333333333334e-06
Sn14,0.44999999999999996,4e-06
Sn14,0.51,1.6666666666666667e-06
Sn14,0.5700000000000001,5.333333333333334e-06
Sn14,0.6299999999999999,4.666666666666666e-06
Sn14,0.69,3.6666666666666666e-06
Sn14,0.75,6.333333333333333e-06
Sn14,0.81,2.333333333333333e-06
Sn14,0.8699999999999999,5e-06
Sn14,0.9299999999999999,5e-06
Sn14,0.99,7.333333333333333e-06
Sn14,1.05,6.333333333333333e-06
Sn14,1.1099999999999999,8.666666666666666e-06
Sn14,1.17,7.666666666666667e-06
Sn14,1.23,6.666666666666667e-06
Sn14,1.29,8e-06
Sn14,1.3499999999999999,8.666666666666666e-06
Sn14,1.41,1.3333333333333333e-05
Sn14,1.47,1.2e-05
Sn14,1.53,1.0666666666666667e-05
Sn14,1.5899999999999999,1.3333333333333333e-05
Sn14,1.65,1.4e-05
Sn14,1.71,1.9e-05
Sn14,1.77,1.4666666666666666e-05
Sn14,1.8299999999999998,2.1e-05
Sn14,1.89,2e-05
Sn14,1.95,2.2333333333333332e-05
Sn14,2.01,1.9333333333333333e-05
Sn14,2.0700000000000003,2.7333333333333335e-05
Sn14,2.13,2.9e-05
Sn14,2.19,3.1666666666666666e-05
Sn14,2.25,3.266666666666666e-05
Sn14,2.3099999999999996,3.3e-05
Sn14,2.37,4e-05
Sn14,2.4299999999999997,4.3333333333333334e-05
Sn14,2.49,4.7333333333333336e-05
Sn14,2.55,5.5e-05
Sn14,2.61,6.166666666666667e-05
Sn14,2.67,7.066666666666667e-05
Sn14,2.7299999999999995,6.666666666666667e-05
Sn14,2.79,7.333333333333333e-05
Sn14,2.8499999999999996,8.7e-05
Sn14,2.91,9.466666666666667e-05
Sn14,2.9699999999999998,9.933333333333334e-05
Sn14,3.0300000000000002,0.000116
Sn14,3.09,0.000115
Sn14,3.15,0.00011666666666666667
Sn14,3.21,0.00014
Sn14,3.2699999999999996,0.00015366666666666667
Sn14,3.33,0.00016133333333333334
Sn14,3.3899999999999997,0.00018433333333333333
Sn14,3.45,0.00019533333333333333
Sn14,3.51,0.00020366666666666667
Sn14,3.57,0.00024933333333333334
Sn14,3.63,0.0002626666666666667
Sn14,3.6899999999999995,0.00027233333333333336
Sn14,3.75,0.00031833333333333334
Sn14,3.8099999999999996,0.00034366666666666665
Sn14,3.87,0.00036933333333333333
Sn14,3.9299999999999997,0.00041
Sn14,3.9899999999999998,0.0004516666666666667
Sn14,4.05,0.00046466666666666667
Sn14,4.109999999999999,0.0005333333333333334
Sn14,4.17,0.0005696666666666667
Sn14,4.23,0.000631
Sn14,4.29,0.0006836666666666666
Sn14,4.35,0.000739
Sn14,4.41,0.0008026666666666667
Sn14,4.47,0.0008673333333333333
Sn14,4.529999999999999,0.000976
Sn14,4.59,0.0010356666666666667
Sn14,4.65,0.001145
Sn14,4.71,0.0012563333333333333
Sn14,4.77,0.001355
Sn14,4.83,0.0014383333333333333
Sn14,4.89,0.0015613333333333334
Sn14,4.949999999999999,0.001711
Sn14,5.01,0.001849
Sn14,5.07,0.001992
Sn14,5.13,0.0021193333333333333
Sn14,5.1899999999999995,0.002358
Sn14,5.25,0.002502
Sn14,5.31,0.0027403333333333333
Sn14,5.369999999999999,0.0029203333333333334
Sn14,5.43,0.003143
Sn14,5.49,0.003418333333333333
Sn14,5.55,0.003663
Sn14,5.609999999999999,0.003968
Sn14,5.67,0.004243
Sn14,5.73,0.0045516666666666665
Sn14,5.789999999999999,0.004864
Sn14,5.85,0.0051793333333333335
Sn14,5.91,0.005547
Sn14,5.97,0.005821
Sn14,6.029999999999999,0.0062246666666666665
Sn14,6.09,0.006609333333333333
Sn14,6.15,0.007069333333333334
Sn14,6.21,0.007434333333333334
Sn14,6.27,0.007905
Sn14,6.33,0.008301666666666667
Sn14,6.39,0.008919333333333333
Sn14,6.449999999999999,0.009209333333333333
Sn14,6.51,0.009902333333333334
Sn14,6.57,0.010209
Sn14,6.63,0.010959666666666666
Sn14,6.6899999999999995,0.011259
Sn14,6.75,0.011832666666666667
Sn14,6.81,0.012313
Sn14,6.869999999999999,0.012946666666666667
Sn14,6.93,0.01327
Sn14,6.99,0.013957666666666667
Sn14,7.05,0.014481666666666667
Sn14,7.109999999999999,0.015013
Sn14,7.17,0.015442
Sn14,7.2299999999999995,0.015988
Sn14,7.289999999999999,0.016356
Sn14,7.35,0.016819666666666667
Sn14,7.41,0.017322666666666667
Sn14,7.47,0.017563333333333334
Sn14,7.529999999999999,0.017855333333333334
Sn14,7.59,0.018287333333333333
Sn14,7.65,0.018502666666666667
Sn14,7.709999999999999,0.018646666666666666
Sn14,7.77,0.018824
Sn14,7.83,0.019065333333333333
Sn14,7.89,0.019213333333333332
Sn14,7.949999999999999,0.019283333333333333
Sn14,8.01,0.019386666666666667
Sn14,8.07,0.019292666666666666
Sn14,8.129999999999999,0.019326666666666666
Sn14,8.19,0.019177
Sn14,8.25,0.018978666666666668
Sn14,8.309999999999999,0.018903333333333334
Sn14,8.370000000000001,0.018576333333333334
Sn14,8.43,0.018318333333333332
Sn14,8.489999999999998,0.017964333333333332
Sn14,8.55,0.017551
Sn14,8.61,0.017133333333333334
Sn14,8.67,0.016625666666666667
Sn14,8.73,0.016066
Sn14,8.79,0.015618
Sn14,8.85,0.015028
Sn14,8.91,0.014546
Sn14,8.969999999999999,0.013757666666666666
Sn14,9.030000000000001,0.013325666666666666
Sn14,9.09,0.012639333333333334
Sn14,9.149999999999999,0.011943666666666667
Sn14,9.21,0.011385666666666667
Sn14,9.27,0.010753
Sn14,9.329999999999998,0.010171333333333333
Sn14,9.39,0.009469666666666666
Sn14,9.45,0.008889
Sn14,9.51,0.008238666666666667
Sn14,9.57,0.007640666666666666
Sn14,9.629999999999999,0.007079333333333333
Sn14,9.69,0.006497
Sn14,9.75,0.005982333333333333
Sn14,9.809999999999999,0.005495333333333333
Sn14,9.870000000000001,0.004988666666666666
Sn14,9.93,0.004648666666666666
Sn14,9.989999999999998,0.004184333333333333
Sn14,10.05,0.0037516666666666666
Sn14,10.11,0.003416
Sn14,10.169999999999998,0.0030163333333333335
Sn14,10.23,0.0027073333333333333
Sn14,10.29,0.0024413333333333335
Sn14,10.35,0.0021883333333333334
Sn14,10.41,0.001926
Sn14,10.469999999999999,0.0017216666666666667
Sn14,10.53,0.0014786666666666668
Sn14,10.59,0.0012873333333333333
Sn14,10.649999999999999,0.0011166666666666666
Sn14,10.71,0.0009823333333333333
Sn14,10.77,0.000843
Sn14,10.829999999999998,0.0007476666666666667
Sn14,10.89,0.000624
Sn14,10.95,0.000554
Sn14,11.01,0.00048166666666666665
Sn14,11.07,0.00038933333333333333
Sn14,11.129999999999999,0.000312
Sn14,11.19,0.0002716666666666667
Sn14,11.25,0.000212
Sn14,11.309999999999999,0.00017466666666666667
Sn14,11.370000000000001,0.00014966666666666665
Sn14,11.43,0.00012666666666666666
Sn14,11.489999999999998,0.000112
Sn14,11.55,9.266666666666666e-05
Sn14,11.61,7.433333333333333e-05
Sn14,11.669999999999998,6.133333333333334e-05
Sn14,11.73,5.1666666666666664e-05
Sn14,11.79,4.433333333333333e-05
Sn14,11.85,3.566666666666667e-05
Sn14,11.91,2.5666666666666666e-05
Sn14,11.969999999999999,1.8e-05
Sn14,12.03,1.2e-05
Sn14,12.09,1e-05
Sn14,12.149999999999999,9.333333333333333e-06
Sn14,12.21,7.666666666666667e-06
Sn14,12.27,5.333333333333334e-06
Sn14,12.329999999999998,3.6666666666666666e-06
Sn14,12.39,1.6666666666666667e-06
Sn14,12.45,1.6666666666666667e-06
Sn14,12.51,1.6666666666666667e-06
Sn14,12.57,1.6666666666666667e-06
Sn14,12.629999999999999,3.3333333333333335e-07
Sn14,12.69,0.0
Sn14,12.75,0.0
Sn14,12.809999999999999,0.0
Sn14,12.870000000000001,0.0
Sn14,12.93,3.3333333333333335e-07
Sn14,12.989999999999998,3.3333333333333335e-07
Sn14,13.05,3.3333333333333335e-07
Sn14,13.11,0.0
Sn14,13.169999999999998,0.0
Sn14,13.23,0.0
Sn14,13.29,0.0
Sn14,13.35,3.3333333333333335e-07
Sn14,13.41,3.3333333333333335e-07
Sn14,13.469999999999999,0.0
Sn14,13.53,3.3333333333333335e-07
Ta14,0.03,0.000184
Ta14,0.09,1.075e-05
Ta14,0.15,1.1e-05
Ta14,0.21,1e-05
Ta14,0.27,6.625e-06
Ta14,0.32999999999999996,7.375e-06
Ta14,0.39,8.125e-06
Ta14,0.44999999999999996,8.5e-06
Ta14,0.51,8.625e-06
Ta14,0.5700000000000001,1.1875e-05
Ta14,0.6299999999999999,1.2875e-05
Ta14,0.69,1.4e-05
Ta14,0.75,1.3125e-05
Ta14,0.81,1.2625e-05
Ta14,0.8699999999999999,1.6875e-05
Ta14,0.9299999999999999,1.9375e-05
Ta14,0.99,1.8625e-05
Ta14,1.05,1.925e-05
Ta14,1.1099999999999999,2.125e-05
Ta14,1.17,2.8125e-05
Ta14,1.23,2.6625e-05
Ta14,1.29,2.75e-05
Ta14,1.3499999999999999,2.925e-05
Ta14,1.41,3.6375e-05
Ta14,1.47,3.4e-05
Ta14,1.53,3.775e-05
Ta14,1.5899999999999999,4.175e-05
Ta14,1.65,4.425e-05
Ta14,1.71,4.825e-05
Ta14,1.77,5.325e-05
Ta14,1.8299999999999998,6.0125e-05
Ta14,1.89,5.825e-05
Ta14,1.95,6.5375e-05
Ta14,2.01,6.9875e-05
Ta14,2.0700000000000003,7.5125e-05
Ta14,2.13,8.6125e-05
Ta14,2.19,8.7625e-05
Ta14,2.25,9.8125e-05
Ta14,2.3099999999999996,0.000107375
Ta14,2.37,0.000111
Ta14,2.4299999999999997,0.000120125
Ta14,2.49,0.000138375
Ta14,2.55,0.000147875
Ta14,2.61,0.00015025
Ta14,2.67,0.00017025
Ta14,2.7299999999999995,0.000182875
Ta14,2.79,0.0002
Ta14,2.8499999999999996,0.000215375
Ta14,2.91,0.000228875
Ta14,2.9699999999999998,0.00025575
Ta14,3.0300000000000002,0.0002815
Ta14,3.09,0.000290375
Ta14,3.15,0.00031825
Ta14,3.21,0.000348625
Ta14,3.2699999999999996,0.000378
Ta14,3.33,0.000418
Ta14,3.3899999999999997,0.000438
Ta14,3.45,0.000484375
Ta14,3.51,0.000507625
Ta14,3.57,0.00057325
Ta14,3.63,0.00061975
Ta14,3.6899999999999995,0.000649125
Ta14,3.75,0.000727
Ta14,3.8099999999999996,0.000779875
Ta14,3.87,0.000845875
Ta14,3.9299999999999997,0.0008995
Ta14,3.9899999999999998,0.00098
Ta14,4.05,0.001043625
Ta14,4.109999999999999,0.001140625
Ta14,4.17,0.001236125
Ta14,4.23,0.001337125
Ta14,4.29,0.001429625
Ta14,4.35,0.001559625
Ta14,4.41,0.001651125
Ta14,4.47,0.00181025
Ta14,4.529999999999999,0.001912875
Ta14,4.59,0.002110875
Ta14,4.65,0.002197125
Ta14,4.71,0.002435625
Ta14,4.77,0.0025535
Ta14,4.83,0.00279075
Ta14,4.89,0.00296925
Ta14,4.949999999999999,0.0032115
Ta14,5.01,0.003405
Ta14,5.07,0.00366575
Ta14,5.13,0.0038925
Ta14,5.1899999999999995,0.004165625
Ta14,5.25,0.00441925
Ta14,5.31,0.0047295
Ta14,5.369999999999999,0.0050315
Ta14,5.43,0.0053365
Ta14,5.49,0.005688125
Ta14,5.55,0.00600025
Ta14,5.609999999999999,0.006372625
Ta14,5.67,0.00674075
Ta14,5.73,0.0071135
Ta14,5.789999999999999,0.007511875
Ta14,5.85,0.007927125
Ta14,5.91,0.00836275
Ta14,5.97,0.00878075
Ta14,6.029999999999999,0.009185625
Ta14,6.09,0.009692375
Ta14,6.15,0.0101155
Ta14,6.21,0.01061675
Ta14,6.27,0.01104875
Ta14,6.33,0.01152
Ta14,6.39,0.012071375
Ta14,6.449999999999999,0.012472625
Ta14,6.51,0.013003625
Ta14,6.57,0.013473
Ta14,6.63,0.013882125
Ta14,6.6899999999999995,0.014384
Ta14,6.75,0.014843625
Ta14,6.81,0.015265
Ta14,6.869999999999999,0.015692625
Ta14,6.93,0.016060875
Ta14,6.99,0.016419375
Ta14,7.05,0.016795875
Ta14,7.109999999999999,0.017099625
Ta14,7.17,0.017336625
Ta14,7.2299999999999995,0.017632875
Ta14,7.289999999999999,0.01788875
Ta14,7.35,0.018026125
Ta14,7.41,0.01826825
Ta14,7.47,0.018344125
Ta14,7.529999999999999,0.01839325
Ta14,7.59,0.018541875
Ta14,7.65,0.01851275
Ta14,7.709999999999999,0.018468875
Ta14,7.77,0.018444375
Ta14,7.83,0.01834425
Ta14,7.89,0.018146375
Ta14,7.949999999999999,0.0179635
Ta14,8.01,0.01775275
Ta14,8.07,0.017413
Ta14,8.129999999999999,0.017103
Ta14,8.19,0.016773
Ta14,8.25,0.016351875
Ta14,8.309999999999999,0.015889875
Ta14,8.370000000000001,0.015468
Ta14,8.43,0.01499975
Ta14,8.489999999999998,0.014391625
Ta14,8.55,0.013893625
Ta14,8.61,0.01337225
Ta14,8.67,0.0128265
Ta14,8.73,0.012201875
Ta14,8.79,0.01166
Ta14,8.85,0.0110705
Ta14,8.91,0.010503
Ta14,8.969999999999999,0.009854875
Ta14,9.030000000000001,0.0093065
Ta14,9.09,0.008730375
Ta14,9.149999999999999,0.008173375
Ta14,9.21,0.0075945
Ta14,9.27,0.00703825
Ta14,9.329999999999998,0.006535875
Ta14,9.39,0.006060375
Ta14,9.45,0.005563125
Ta14,9.51,0.005114625
Ta14,9.57,0.004650625
Ta14,9.629999999999999,0.004275875
Ta14,9.69,0.00387125
Ta14,9.75,0.0035225
Ta14,9.809999999999999,0.003177875
Ta14,9.870000000000001,0.002872125
Ta14,9.93,0.002588375
Ta14,9.989999999999998,0.0022925
Ta14,10.05,0.002044625
Ta14,10.11,0.0018075
Ta14,10.169999999999998,0.001621625
Ta14,10.23,0.001425
Ta14,10.29,0.00124325
Ta14,10.35,0.001101625
Ta14,10.41,0.000952375
Ta14,10.469999999999999,0.00082625
Ta14,10.53,0.0007185
Ta14,10.59,0.0006175
Ta14,10.649999999999999,0.000532125
Ta14,10.71,0.0004535
Ta14,10.77,0.000381625
Ta14,10.829999999999998,0.000329375
Ta14,10.89,0.000276
Ta14,10.95,0.00022475
Ta14,11.01,0.0001875
Ta14,11.07,0.000156375
Ta14,11.129999999999999,0.000130625
Ta14,11.19,0.000110125
Ta14,11.25,9.1125e-05
Ta14,11.309999999999999,8e-05
Ta14,11.370000000000001,6.5e-05
Ta14,11.43,5.3375e-05
Ta14,11.489999999999998,4.3e-05
Ta14,11.55,3.6375e-05
Ta14,11.61,2.725e-05
Ta14,11.669999999999998,2.275e-05
Ta14,11.73,1.7125e-05
Ta14,11.79,1.3375e-05
Ta14,11.85,9.625e-06
Ta14,11.91,7.125e-06
Ta14,11.969999999999999,5e-06
Ta14,12.03,4.875e-06
Ta14,12.09,3.75e-06
Ta14,12.149999999999999,2.625e-06
Ta14,12.21,1.375e-06
Ta14,12.27,8.75e-07
Ta14,12.329999999999998,7.5e-07
Ta14,12.39,6.25e-07
Ta14,12.45,5e-07
Ta14,12.51,1.25e-07
Ta14,12.57,1.25e-07
Ta14,12.629999999999999,1.25e-07
Ta14,12.69,1.25e-07
Ta14,12.75,1.25e-07
Ta14,12.809999999999999,1.25e-07
Ta14,12.870000000000001,1.25e-07
Ta14,12.93,2.5e-07
Ta14,12.989999999999998,1.25e-07
Ta14,13.05,1.25e-07
Ta14,13.11,1.25e-07
Ta14,13.169999999999998,1.25e-07
Ta14,13.23,1.25e-07
Ta14,13.29,1.25e-07
Ta14,13.35,1.25e-07
Cu14,0.03,0.0013607272727272728
Cu14,0.09,7.227272727272727e-05
Cu14,0.15,6.790909090909091e-05
Cu14,0.21,5.081818181818182e-05
Cu14,0.27,4.3e-05
Cu14,0.32999999999999996,4.2e-05
Cu14,0.39,4.745454545454545e-05
Cu14,0.44999999999999996,5.263636363636364e-05
Cu14,0.51,5.609090909090909e-05
Cu14,0.5700000000000001,5.909090909090909e-05
Cu14,0.6299999999999999,6.781818181818181e-05
Cu14,0.69,6.536363636363636e-05
Cu14,0.75,7.390909090909091e-05
Cu14,0.81,8.072727272727273e-05
Cu14,0.8699999999999999,8.4e-05
Cu14,0.9299999999999999,9.6e-05
Cu14,0.99,9.281818181818181e-05
Cu14,1.05,0.00010818181818181818
Cu14,1.1099999999999999,0.00011427272727272728
Cu14,1.17,0.0001240909090909091
Cu14,1.23,0.0001279090909090909
Cu14,1.29,0.0001399090909090909
Cu14,1.3499999999999999,0.0001499090909090909
Cu14,1.41,0.0001610909090909091
Cu14,1.47,0.00016736363636363636
Cu14,1.53,0.000183
Cu14,1.5899999999999999,0.00019018181818181818
Cu14,1.65,0.00020945454545454547
Cu14,1.71,0.00022281818181818183
Cu14,1.77,0.0002380909090909091
Cu14,1.8299999999999998,0.000258
Cu14,1.89,0.0002682727272727273
Cu14,1.95,0.0002900909090909091
Cu14,2.01,0.0003129090909090909
Cu14,2.0700000000000003,0.00032927272727272726
Cu14,2.13,0.00035863636363636366
Cu14,2.19,0.0003879090909090909
Cu14,2.25,0.0004028181818181818
Cu14,2.3099999999999996,0.0004372727272727273
Cu14,2.37,0.00046990909090909093
Cu14,2.4299999999999997,0.000499
Cu14,2.49,0.0005544545454545455
Cu14,2.55,0.0005717272727272727
Cu14,2.61,0.0006180909090909091
Cu14,2.67,0.0006519090909090909
Cu14,2.7299999999999995,0.0006966363636363637
Cu14,2.79,0.0007634545454545455
Cu14,2.8499999999999996,0.0007983636363636363
Cu14,2.91,0.0008608181818181818
Cu14,2.9699999999999998,0.0009209090909090909
Cu14,3.0300000000000002,0.0009851818181818182
Cu14,3.09,0.001056090909090909
Cu14,3.15,0.0011141818181818182
Cu14,3.21,0.001211909090909091
Cu14,3.2699999999999996,0.0012820909090909092
Cu14,3.33,0.001383
Cu14,3.3899999999999997,0.0014587272727272728
Cu14,3.45,0.0015736363636363636
Cu14,3.51,0.0016624545454545455
Cu14,3.57,0.0017921818181818182
Cu14,3.63,0.001901
Cu14,3.6899999999999995,0.0020445454545454547
Cu14,3.75,0.0021587272727272727
Cu14,3.8099999999999996,0.002329272727272727
Cu14,3.87,0.0024610909090909093
Cu14,3.9299999999999997,0.0026233636363636363
Cu14,3.9899999999999998,0.002782363636363636
Cu14,4.05,0.0029708181818181817
Cu14,4.109999999999999,0.0031446363636363638
Cu14,4.17,0.003357
Cu14,4.23,0.003558272727272727
Cu14,4.29,0.0037522727272727274
Cu14,4.35,0.003997272727272727
Cu14,4.41,0.004221090909090909
Cu14,4.47,0.0044867272727272724
Cu14,4.529999999999999,0.004725
Cu14,4.59,0.005008
Cu14,4.65,0.005264454545454545
Cu14,4.71,0.005579272727272727
Cu14,4.77,0.005879272727272727
Cu14,4.83,0.006178454545454545
Cu14,4.89,0.006516636363636363
Cu14,4.949999999999999,0.0068267272727272725
Cu14,5.01,0.00718
Cu14,5.07,0.007530909090909091
Cu14,5.13,0.007873727272727274
Cu14,5.1899999999999995,0.008282363636363636
Cu14,5.25,0.008612181818181817
Cu14,5.31,0.009061818181818181
Cu14,5.369999999999999,0.009408363636363637
Cu14,5.43,0.009815727272727273
Cu14,5.49,0.010257727272727273
Cu14,5.55,0.010645363636363637
Cu14,5.609999999999999,0.011040454545454546
Cu14,5.67,0.011499727272727273
Cu14,5.73,0.011894363636363637
Cu14,5.789999999999999,0.012279454545454545
Cu14,5.85,0.012697454545454545
Cu14,5.91,0.013105545454545455
Cu14,5.97,0.01352409090909091
Cu14,6.029999999999999,0.013837
Cu14,6.09,0.014251
Cu14,6.15,0.014641454545454546
Cu14,6.21,0.01493990909090909
Cu14,6.27,0.015271636363636364
Cu14,6.33,0.015580636363636364
Cu14,6.39,0.01589990909090909
Cu14,6.449999999999999,0.016081818181818183
Cu14,6.51,0.016361454545454547
Cu14,6.57,0.016604545454545455
Cu14,6.63,0.01678781818181818
Cu14,6.6899999999999995,0.016890909090909092
Cu14,6.75,0.017079545454545455
Cu14,6.81,0.017190545454545455
Cu14,6.869999999999999,0.017250181818181817
Cu14,6.93,0.01726581818181818
Cu14,6.99,0.017294727272727274
Cu14,7.05,0.017260454545454544
Cu14,7.109999999999999,0.01723709090909091
Cu14,7.17,0.01711109090909091
Cu14,7.2299999999999995,0.01699727272727273
Cu14,7.289999999999999,0.016854818181818183
Cu14,7.35,0.01657790909090909
Cu14,7.41,0.016388727272727274
Cu14,7.47,0.01607490909090909
Cu14,7.529999999999999,0.015807818181818183
Cu14,7.59,0.015478363636363636
Cu14,7.65,0.015053818181818182
Cu14,7.709999999999999,0.014691363636363636
Cu14,7.77,0.01427590909090909
Cu14,7.83,0.013819727272727273
Cu14,7.89,0.013380272727272727
Cu14,7.949999999999999,0.01289509090909091
Cu14,8.01,0.01239509090909091
Cu14,8.07,0.011896
Cu14,8.129999999999999,0.011393909090909092
Cu14,8.19,0.010876545454545455
Cu14,8.25,0.010357636363636364
Cu14,8.309999999999999,0.009840545454545454
Cu14,8.370000000000001,0.009294727272727272
Cu14,8.43,0.008764818181818183
Cu14,8.489999999999998,0.008271090909090908
Cu14,8.55,0.0077698181818181816
Cu14,8.61,0.007259909090909091
Cu14,8.67,0.006775090909090909
Cu14,8.73,0.006295727272727273
Cu14,8.79,0.0058495454545454545
Cu14,8.85,0.005426
Cu14,8.91,0.0050012727272727275
Cu14,8.969999999999999,0.004587727272727273
Cu14,9.030000000000001,0.004203
Cu14,9.09,0.003853
Cu14,9.149999999999999,0.003540181818181818
Cu14,9.21,0.003203090909090909
Cu14,9.27,0.002906090909090909
Cu14,9.329999999999998,0.002637727272727273
Cu14,9.39,0.002372727272727273
Cu14,9.45,0.0021215454545454545
Cu14,9.51,0.0018916363636363636
Cu14,9.57,0.0016905454545454546
Cu14,9.629999999999999,0.0015093636363636364
Cu14,9.69,0.0013385454545454545
Cu14,9.75,0.0011873636363636364
Cu14,9.809999999999999,0.0010432727272727273
Cu14,9.870000000000001,0.0009083636363636364
Cu14,9.93,0.0007964545454545455
Cu14,9.989999999999998,0.0006919090909090909
Cu14,10.05,0.0005986363636363637
Cu14,10.11,0.0005189090909090909
Cu14,10.169999999999998,0.00044354545454545455
Cu14,10.23,0.0003788181818181818
Cu14,10.29,0.0003277272727272727
Cu14,10.35,0.000281
Cu14,10.41,0.00023172727272727272
Cu14,10.469999999999999,0.000196
Cu14,10.53,0.00016172727272727272
Cu14,10.59,0.00013472727272727272
Cu14,10.649999999999999,0.00011354545454545455
Cu14,10.71,9.727272727272727e-05
Cu14,10.77,8.1e-05
Cu14,10.829999999999998,6.881818181818181e-05
Cu14,10.89,5.945454545454545e-05
Cu14,10.95,4.745454545454545e-05
Cu14,11.01,3.9454545454545455e-05
Cu14,11.07,3.118181818181818e-05
Cu14,11.129999999999999,2.5181818181818183e-05
Cu14,11.19,2.0727272727272728e-05
Cu14,11.25,1.5272727272727273e-05
Cu14,11.309999999999999,1.2181818181818182e-05
Cu14,11.370000000000001,8.727272727272728e-06
Cu14,11.43,7e-06
Cu14,11.489999999999998,5.363636363636364e-06
Cu14,11.55,4e-06
Cu14,11.61,3.272727272727273e-06
Cu14,11.669999999999998,2.5454545454545456e-06
Cu14,11.73,1.909090909090909e-06
Cu14,11.79,8.181818181818182e-07
Cu14,11.85,6.363636363636364e-07
Cu14,11.91,6.363636363636364e-07
Cu14,11.969999999999999,5.454545454545455e-07
Cu14,12.03,1.8181818181818183e-07
Cu14,12.09,9.090909090909091e-08
Cu14,12.149999999999999,1.8181818181818183e-07
Cu14,12.21,9.090909090909091e-08
Cu14,12.27,9.090909090909091e-08
Cu14,12.329999999999998,9.090909090909091e-08
Cu14,12.39,9.090909090909091e-08
Cu14,12.45,1.8181818181818183e-07
Cu14,12.51,1.8181818181818183e-07
Cu14,12.57,1.8181818181818183e-07
Cu14,12.629999999999999,9.090909090909091e-08
Cu14,12.69,9.090909090909091e-08
Cu14,12.75,9.090909090909091e-08
Cu14,12.809999999999999,9.090909090909091e-08
Cu14,12.870000000000001,1.8181818181818183e-07
Cu14,12.93,9.090909090909091e-08
