name,energy,flux
Ni08,27.57,3.3333333333333335e-07
Ni08,27.63,0.0
Ni08,27.689999999999998,6.666666666666667e-07
Ni08,27.75,2e-06
Ni08,27.81,2.333333333333333e-06
Ni08,27.869999999999997,7e-06
Ni08,27.93,9.333333333333333e-06
Ni08,27.99,2.1333333333333335e-05
Ni08,28.049999999999997,2.8666666666666668e-05
Ni08,28.11,4.3666666666666666e-05
Ni08,28.17,7.966666666666666e-05
Ni08,28.229999999999997,0.00011466666666666667
Ni08,28.29,0.00019733333333333332
Ni08,28.35,0.0002776666666666667
Ni08,28.409999999999997,0.000437
Ni08,28.47,0.0006406666666666667
Ni08,28.53,0.0009353333333333334
Ni08,28.589999999999996,0.0013433333333333333
Ni08,28.65,0.001852
Ni08,28.71,0.00262
Ni08,28.769999999999996,0.003487
Ni08,28.83,0.004704666666666667
Ni08,28.89,0.006088666666666667
Ni08,28.95,0.007975333333333333
Ni08,29.009999999999998,0.010033
Ni08,29.07,0.012527333333333333
Ni08,29.13,0.015554333333333333
Ni08,29.189999999999998,0.018719666666666666
Ni08,29.25,0.022136
Ni08,29.31,0.026064
Ni08,29.369999999999997,0.029934333333333334
Ni08,29.43,0.034041666666666665
Ni08,29.49,0.037829
Ni08,29.549999999999997,0.04139266666666667
Ni08,29.61,0.044474
Ni08,29.67,0.047469333333333336
Ni08,29.729999999999997,0.049314
Ni08,29.79,0.050603666666666665
Ni08,29.85,0.051095666666666664
Ni08,29.909999999999997,0.050529
Ni08,29.97,0.049827
Ni08,30.03,0.047524
Ni08,30.089999999999996,0.04512466666666667
Ni08,30.15,0.04192066666666667
Ni08,30.21,0.038275333333333335
Ni08,30.269999999999996,0.034608
Ni08,30.33,0.030498333333333332
Ni08,30.39,0.026594
Ni08,30.45,0.022815666666666668
Ni08,30.509999999999998,0.019081333333333332
Ni08,30.57,0.01594
Ni08,30.63,0.013014666666666667
Ni08,30.689999999999998,0.010385333333333333
Ni08,30.75,0.008165666666666667
Ni08,30.81,0.006408666666666667
Ni08,30.869999999999997,0.004846666666666667
Ni08,30.93,0.0036633333333333335
Ni08,30.99,0.0026273333333333335
Ni08,31.049999999999997,0.001928
Ni08,31.11,0.0013693333333333333
Ni08,31.17,0.0009386666666666666
Ni08,31.229999999999997,0.0006506666666666667
Ni08,31.29,0.00042466666666666667
Ni08,31.35,0.0002976666666666667
Ni08,31.409999999999997,0.00017166666666666667
Ni08,31.47,0.00011566666666666667
Ni08,31.53,7.566666666666667e-05
Ni08,31.589999999999996,4.633333333333333e-05
Ni08,31.65,3e-05
Ni08,31.71,1.9333333333333333e-05
Ni08,31.769999999999996,1e-05
Ni08,31.83,8e-06
Ni08,31.89,2.666666666666667e-06
Ni08,31.95,2e-06
Ni08,32.01,2e-06
Ni08,32.07,6.666666666666667e-07
Sn08,27.509999999999998,3.3333333333333335e-07
Sn08,27.57,1e-06
Sn08,27.63,1e-06
Sn08,27.689999999999998,3.3333333333333333e-06
Sn08,27.75,7.333333333333333e-06
Sn08,27.81,1.4e-05
Sn08,27.869999999999997,2.3e-05
Sn08,27.93,4.0333333333333336e-05
Sn08,27.99,5.966666666666667e-05
Sn08,28.049999999999997,8.9e-05
Sn08,28.11,0.000144
Sn08,28.17,0.00023033333333333334
Sn08,28.229999999999997,0.000366
Sn08,28.29,0.000531
Sn08,28.35,0.000794
Sn08,28.409999999999997,0.0011846666666666668
Sn08,28.47,0.0016803333333333334
Sn08,28.53,0.0023426666666666665
Sn08,28.589999999999996,0.003216
Sn08,28.65,0.004335
Sn08,28.71,0.005830666666666666
Sn08,28.769999999999996,0.007517666666666666
Sn08,28.83,0.009644666666666666
Sn08,28.89,0.012250333333333334
Sn08,28.95,0.015206666666666667
Sn08,29.009999999999998,0.018619
Sn08,29.07,0.022259333333333332
Sn08,29.13,0.026286666666666667
Sn08,29.189999999999998,0.030351666666666666
Sn08,29.25,0.03440233333333333
Sn08,29.31,0.03878733333333333
Sn08,29.369999999999997,0.04260033333333333
Sn08,29.43,0.046017666666666665
Sn08,29.49,0.048828
Sn08,29.549999999999997,0.05058566666666667
Sn08,29.61,0.05199
Sn08,29.67,0.052499
Sn08,29.729999999999997,0.051991666666666665
Sn08,29.79,0.05060933333333333
Sn08,29.85,0.04840233333333333
Sn08,29.909999999999997,0.045602333333333335
Sn08,29.97,0.04210166666666667
Sn08,30.03,0.03832066666666667
Sn08,30.089999999999996,0.03427033333333333
Sn08,30.15,0.029946
Sn08,30.21,0.025796
Sn08,30.269999999999996,0.021852333333333335
Sn08,30.33,0.018163
Sn08,30.39,0.014898666666666666
Sn08,30.45,0.012109333333333333
Sn08,30.509999999999998,0.009574666666666667
Sn08,30.57,0.007475666666666667
Sn08,30.63,0.005712333333333333
Sn08,30.689999999999998,0.004205666666666667
Sn08,30.75,0.0031103333333333334
Sn08,30.81,0.002254
Sn08,30.869999999999997,0.0015856666666666666
Sn08,30.93,0.001108
Sn08,30.99,0.0007766666666666667
Sn08,31.049999999999997,0.0005113333333333334
Sn08,31.11,0.00031766666666666667
Sn08,31.17,0.000206
Sn08,31.229999999999997,0.000131
Sn08,31.29,8.566666666666667e-05
Sn08,31.35,5.5333333333333334e-05
Sn08,31.409999999999997,3.366666666666667e-05
Sn08,31.47,2.4e-05
Sn08,31.53,1.0666666666666667e-05
Sn08,31.589999999999996,6.333333333333333e-06
Sn08,31.65,7e-06
Sn08,31.71,3.3333333333333333e-06
Sn08,31.769999999999996,1e-06
Sn08,31.83,3.3333333333333335e-07
Ta08,27.27,3.3333333333333335e-07
Ta08,27.33,3.3333333333333335e-07
Ta08,27.39,1.6666666666666667e-06
Ta08,27.45,1.3333333333333334e-06
Ta08,27.509999999999998,7e-06
Ta08,27.57,7e-06
Ta08,27.63,1.9e-05
Ta08,27.689999999999998,2.5e-05
Ta08,27.75,4.433333333333333e-05
Ta08,27.81,6.833333333333333e-05
Ta08,27.869999999999997,0.00010533333333333334
Ta08,27.93,0.00017166666666666667
Ta08,27.99,0.00025866666666666665
Ta08,28.049999999999997,0.000382
Ta08,28.11,0.000605
Ta08,28.17,0.0008376666666666667
Ta08,28.229999999999997,0.0012566666666666666
Ta08,28.29,0.0017223333333333333
Ta08,28.35,0.002409
Ta08,28.409999999999997,0.0032576666666666665
Ta08,28.47,0.004441
Ta08,28.53,0.005713333333333333
Ta08,28.589999999999996,0.007515333333333333
Ta08,28.65,0.009509333333333333
Ta08,28.71,0.012020333333333333
Ta08,28.769999999999996,0.014747333333333333
Ta08,28.83,0.01800766666666667
Ta08,28.89,0.021511666666666665
Ta08,28.95,0.025232333333333332
Ta08,29.009999999999998,0.029168666666666666
Ta08,29.07,0.03324933333333333
Ta08,29.13,0.037000333333333336
Ta08,29.189999999999998,0.040931666666666665
Ta08,29.25,0.044014
Ta08,29.31,0.047051
Ta08,29.369999999999997,0.04910266666666667
Ta08,29.43,0.050479666666666666
Ta08,29.49,0.051266
Ta08,29.549999999999997,0.05085166666666667
Ta08,29.61,0.050063
Ta08,29.67,0.04811833333333333
Ta08,29.729999999999997,0.04567433333333333
Ta08,29.79,0.042738333333333337
Ta08,29.85,0.03903366666666667
Ta08,29.909999999999997,0.035326
Ta08,29.97,0.031303
Ta08,30.03,0.027317666666666667
Ta08,30.089999999999996,0.023507666666666666
Ta08,30.15,0.019679333333333333
Ta08,30.21,0.016518666666666668
Ta08,30.269999999999996,0.013425666666666667
Ta08,30.33,0.010870666666666667
Ta08,30.39,0.008541666666666666
Ta08,30.45,0.006716666666666667
Ta08,30.509999999999998,0.005069666666666667
Ta08,30.57,0.0038383333333333334
Ta08,30.63,0.0027833333333333334
Ta08,30.689999999999998,0.0020313333333333333
Ta08,30.75,0.0014606666666666668
Ta08,30.81,0.0009993333333333334
Ta08,30.869999999999997,0.000691
Ta08,30.93,0.000458
Ta08,30.99,0.00030733333333333334
Ta08,31.049999999999997,0.00019633333333333333
Ta08,31.11,0.00011933333333333334
Ta08,31.17,8.533333333333334e-05
Ta08,31.229999999999997,4.8e-05
Ta08,31.29,3.3e-05
Ta08,31.35,2.1666666666666667e-05
Ta08,31.409999999999997,1.1e-05
Ta08,31.47,9e-06
Ta08,31.53,3.3333333333333333e-06
Ta08,31.589999999999996,3e-06
Ta08,31.65,2e-06
Ta08,31.71,6.666666666666667e-07
Cu08,26.97,3.3333333333333335e-07
Cu08,27.03,0.0
Cu08,27.089999999999996,1.3333333333333334e-06
Cu08,27.15,1.3333333333333334e-06
Cu08,27.21,4.666666666666666e-06
Cu08,27.27,8e-06
Cu08,27.33,1.3e-05
Cu08,27.39,2.5e-05
Cu08,27.45,3.1e-05
Cu08,27.509999999999998,5.766666666666667e-05
Cu08,27.57,8.333333333333333e-05
Cu08,27.63,0.00013733333333333333
Cu08,27.689999999999998,0.00022533333333333333
Cu08,27.75,0.000306
Cu08,27.81,0.000508
Cu08,27.869999999999997,0.000694
Cu08,27.93,0.0010326666666666668
Cu08,27.99,0.00144
Cu08,28.049999999999997,0.0020066666666666666
Cu08,28.11,0.0027976666666666666
Cu08,28.17,0.00373
Cu08,28.229999999999997,0.004926333333333333
Cu08,28.29,0.006403333333333333
Cu08,28.35,0.008265666666666666
Cu08,28.409999999999997,0.010368
Cu08,28.47,0.012998666666666667
Cu08,28.53,0.015861
Cu08,28.589999999999996,0.019065666666666668
Cu08,28.65,0.02254
Cu08,28.71,0.026391
Cu08,28.769999999999996,0.030177666666666665
Cu08,28.83,0.034204
Cu08,28.89,0.03792966666666667
Cu08,28.95,0.041453333333333335
Cu08,29.009999999999998,0.044286
Cu08,29.07,0.04737
Cu08,29.13,0.048847666666666664
Cu08,29.189999999999998,0.050266333333333336
Cu08,29.25,0.05068333333333333
Cu08,29.31,0.05010933333333333
Cu08,29.369999999999997,0.049165
Cu08,29.43,0.046946666666666664
Cu08,29.49,0.044692
Cu08,29.549999999999997,0.041508333333333335
Cu08,29.61,0.03791733333333333
Cu08,29.67,0.03423933333333333
Cu08,29.729999999999997,0.030266
Cu08,29.79,0.026434
Cu08,29.85,0.022722333333333334
Cu08,29.909999999999997,0.018978
Cu08,29.97,0.015951333333333335
Cu08,30.03,0.012994
Cu08,30.089999999999996,0.010461333333333333
Cu08,30.15,0.008281
Cu08,30.21,0.0064733333333333335
Cu08,30.269999999999996,0.004913
Cu08,30.33,0.003753
Cu08,30.39,0.002695
Cu08,30.45,0.0019803333333333335
Cu08,30.509999999999998,0.0014266666666666666
Cu08,30.57,0.000976
Cu08,30.63,0.0006893333333333334
Cu08,30.689999999999998,0.0004476666666666667
Cu08,30.75,0.00030866666666666667
Cu08,30.81,0.00019266666666666667
Cu08,30.869999999999997,0.000118
Cu08,30.93,8.633333333333334e-05
Cu08,30.99,4.8e-05
Cu08,31.049999999999997,3.366666666666667e-05
Cu08,31.11,2.0333333333333334e-05
Cu08,31.17,1.3e-05
Cu08,31.229999999999997,8e-06
Cu08,31.29,4.333333333333333e-06
Cu08,31.35,3e-06
Cu08,31.409999999999997,1.6666666666666667e-06
Cu08,31.47,1e-06
Al_degrader_E2_E1,24.75,1.4285714285714285e-07
Al_degrader_E2_E1,24.81,0.0
Al_degrader_E2_E1,24.869999999999997,2.857142857142857e-07
Al_degrader_E2_E1,24.93,5.714285714285714e-07
Al_degrader_E2_E1,24.990000000000002,5.714285714285714e-07
Al_degrader_E2_E1,25.049999999999997,2.5714285714285716e-06
Al_degrader_E2_E1,25.11,2.1428571428571427e-06
Al_degrader_E2_E1,25.17,5.7142857142857145e-06
Al_degrader_E2_E1,25.229999999999997,7.571428571428571e-06
Al_degrader_E2_E1,25.29,1.0142857142857143e-05
Al_degrader_E2_E1,25.35,1.6714285714285716e-05
Al_degrader_E2_E1,25.409999999999997,2.5857142857142856e-05
Al_degrader_E2_E1,25.47,4.0428571428571426e-05
Al_degrader_E2_E1,25.53,6.642857142857143e-05
Al_degrader_E2_E1,25.589999999999996,8.357142857142857e-05
Al_degrader_E2_E1,25.65,0.0001302857142857143
Al_degrader_E2_E1,25.71,0.0001792857142857143
Al_degrader_E2_E1,25.77,0.000261
Al_degrader_E2_E1,25.83,0.00035142857142857144
Al_degrader_E2_E1,25.89,0.0004885714285714286
Al_degrader_E2_E1,25.95,0.0006395714285714286
Al_degrader_E2_E1,26.009999999999998,0.0008525714285714286
Al_degrader_E2_E1,26.07,0.0011364285714285714
Al_degrader_E2_E1,26.13,0.0014245714285714285
Al_degrader_E2_E1,26.189999999999998,0.0018372857142857143
Al_degrader_E2_E1,26.25,0.002330142857142857
Al_degrader_E2_E1,26.31,0.0028597142857142857
Al_degrader_E2_E1,26.369999999999997,0.003519
Al_degrader_E2_E1,26.43,0.004305
Al_degrader_E2_E1,26.49,0.0050534285714285716
Al_degrader_E2_E1,26.549999999999997,0.005973142857142857
Al_degrader_E2_E1,26.61,0.007021571428571428
Al_degrader_E2_E1,26.67,0.008083571428571428
Al_degrader_E2_E1,26.729999999999997,0.009244428571428572
Al_degrader_E2_E1,26.79,0.010435285714285715
Al_degrader_E2_E1,26.85,0.011608428571428572
Al_degrader_E2_E1,26.909999999999997,0.012775142857142856
Al_degrader_E2_E1,26.97,0.014023571428571429
Al_degrader_E2_E1,27.03,0.015217
Al_degrader_E2_E1,27.089999999999996,0.016385714285714285
Al_degrader_E2_E1,27.15,0.017497714285714287
Al_degrader_E2_E1,27.21,0.018456857142857143
Al_degrader_E2_E1,27.27,0.01929842857142857
Al_degrader_E2_E1,27.33,0.02027414285714286
Al_degrader_E2_E1,27.39,0.02098557142857143
Al_degrader_E2_E1,27.45,0.021702142857142857
Al_degrader_E2_E1,27.509999999999998,0.022337142857142857
Al_degrader_E2_E1,27.57,0.022727571428571427
Al_degrader_E2_E1,27.63,0.023075857142857144
Al_degrader_E2_E1,27.689999999999998,0.02354842857142857
Al_degrader_E2_E1,27.75,0.023803428571428573
Al_degrader_E2_E1,27.81,0.024069
Al_degrader_E2_E1,27.869999999999997,0.024386142857142856
Al_degrader_E2_E1,27.93,0.024351857142857144
Al_degrader_E2_E1,27.99,0.024445285714285715
Al_degrader_E2_E1,28.049999999999997,0.024681714285714286
Al_degrader_E2_E1,28.11,0.02465914285714286
Al_degrader_E2_E1,28.17,0.024725
Al_degrader_E2_E1,28.229999999999997,0.02474
Al_degrader_E2_E1,28.29,0.024604714285714285
Al_degrader_E2_E1,28.35,0.024525285714285715
Al_degrader_E2_E1,28.409999999999997,0.02447742857142857
Al_degrader_E2_E1,28.47,0.024245142857142857
Al_degrader_E2_E1,28.53,0.02407
Al_degrader_E2_E1,28.589999999999996,0.023704
Al_degrader_E2_E1,28.65,0.02319342857142857
Al_degrader_E2_E1,28.71,0.02279942857142857
Al_degrader_E2_E1,28.769999999999996,0.02214714285714286
Al_degrader_E2_E1,28.83,0.021423428571428572
Al_degrader_E2_E1,28.89,0.02064742857142857
Al_degrader_E2_E1,28.95,0.019638714285714287
Al_degrader_E2_E1,29.009999999999998,0.018495285714285714
Al_degrader_E2_E1,29.07,0.017513142857142856
Al_degrader_E2_E1,29.13,0.01612842857142857
Al_degrader_E2_E1,29.189999999999998,0.014934285714285714
Al_degrader_E2_E1,29.25,0.013618
Al_degrader_E2_E1,29.31,0.012190285714285714
Al_degrader_E2_E1,29.369999999999997,0.010920857142857144
Al_degrader_E2_E1,29.43,0.009529142857142858
Al_degrader_E2_E1,29.49,0.008319
Al_degrader_E2_E1,29.549999999999997,0.007146142857142857
Al_degrader_E2_E1,29.61,0.006039
Al_degrader_E2_E1,29.67,0.005021571428571428
Al_degrader_E2_E1,29.729999999999997,0.004175857142857143
Al_degrader_E2_E1,29.79,0.003323
Al_degrader_E2_E1,29.85,0.002689142857142857
Al_degrader_E2_E1,29.909999999999997,0.0021182857142857145
Al_degrader_E2_E1,29.97,0.001639
Al_degrader_E2_E1,30.03,0.001268
Al_degrader_E2_E1,30.089999999999996,0.0009527142857142857
Al_degrader_E2_E1,30.15,0.000695
Al_degrader_E2_E1,30.21,0.0005055714285714286
Al_degrader_E2_E1,30.269999999999996,0.000364
Al_degrader_E2_E1,30.33,0.00025514285714285716
Al_degrader_E2_E1,30.39,0.000174
Al_degrader_E2_E1,30.45,0.00012257142857142857
Al_degrader_E2_E1,30.509999999999998,8.171428571428571e-05
Al_degrader_E2_E1,30.57,5.142857142857143e-05
Al_degrader_E2_E1,30.63,3.257142857142857e-05
Al_degrader_E2_E1,30.689999999999998,2.0428571428571428e-05
Al_degrader_E2_E1,30.75,1.3285714285714287e-05
Al_degrader_E2_E1,30.81,8.714285714285715e-06
Al_degrader_E2_E1,30.869999999999997,6.142857142857143e-06
Al_degrader_E2_E1,30.93,3.5714285714285714e-06
Al_degrader_E2_E1,30.99,1.5714285714285714e-06
Al_degrader_E2_E1,31.049999999999997,8.571428571428571e-07
Al_degrader_E2_E1,31.11,8.571428571428571e-07
Al_degrader_E2_E1,31.17,7.142857142857143e-07
Al_degrader_E2_E1,31.229999999999997,2.857142857142857e-07
Ni09,24.45,3.3333333333333335e-07
Ni09,24.509999999999998,3.3333333333333335e-07
Ni09,24.57,1e-06
Ni09,24.63,1.3333333333333334e-06
Ni09,24.689999999999998,4e-06
Ni09,24.75,7e-06
Ni09,24.81,9.666666666666667e-06
Ni09,24.869999999999997,1.9666666666666666e-05
Ni09,24.93,2.6333333333333334e-05
Ni09,24.990000000000002,3.9666666666666664e-05
Ni09,25.049999999999997,6.7e-05
Ni09,25.11,9.366666666666666e-05
Ni09,25.17,0.00014933333333333332
Ni09,25.229999999999997,0.00021733333333333332
Ni09,25.29,0.0003083333333333333
Ni09,25.35,0.000481
Ni09,25.409999999999997,0.0006493333333333334
Ni09,25.47,0.0009376666666666666
Ni09,25.53,0.0012996666666666666
Ni09,25.589999999999996,0.0017223333333333333
Ni09,25.65,0.0023866666666666667
Ni09,25.71,0.003101
Ni09,25.77,0.004122666666666667
Ni09,25.83,0.005212
Ni09,25.89,0.006680333333333333
Ni09,25.95,0.008327333333333334
Ni09,26.009999999999998,0.010324333333333333
Ni09,26.07,0.012678666666666666
Ni09,26.13,0.015149333333333334
Ni09,26.189999999999998,0.017999
Ni09,26.25,0.021022333333333334
Ni09,26.31,0.024299333333333333
Ni09,26.369999999999997,0.027641333333333334
Ni09,26.43,0.031213666666666667
Ni09,26.49,0.03428233333333333
Ni09,26.549999999999997,0.037537666666666664
Ni09,26.61,0.040244666666666665
Ni09,26.67,0.042826
Ni09,26.729999999999997,0.044873333333333335
Ni09,26.79,0.045958
Ni09,26.85,0.047224666666666665
Ni09,26.909999999999997,0.047044333333333334
Ni09,26.97,0.046696666666666664
Ni09,27.03,0.045655
Ni09,27.089999999999996,0.043777666666666666
Ni09,27.15,0.041707
Ni09,27.21,0.03898
Ni09,27.27,0.035881333333333335
Ni09,27.33,0.032835
Ni09,27.39,0.029271
Ni09,27.45,0.025848333333333334
Ni09,27.509999999999998,0.022679
Ni09,27.57,0.01942
Ni09,27.63,0.016402
Ni09,27.689999999999998,0.01383
Ni09,27.75,0.011348666666666667
Ni09,27.81,0.009152333333333334
Ni09,27.869999999999997,0.007378333333333333
Ni09,27.93,0.005848333333333333
Ni09,27.99,0.004509666666666667
Ni09,28.049999999999997,0.0034953333333333334
Ni09,28.11,0.002567
Ni09,28.17,0.0019193333333333334
Ni09,28.229999999999997,0.0014186666666666666
Ni09,28.29,0.0009906666666666666
Ni09,28.35,0.0007206666666666667
Ni09,28.409999999999997,0.0004883333333333333
Ni09,28.47,0.00034033333333333333
Ni09,28.53,0.00023133333333333334
Ni09,28.589999999999996,0.00014566666666666667
Ni09,28.65,0.0001
Ni09,28.71,6.133333333333334e-05
Ni09,28.769999999999996,4.3333333333333334e-05
Ni09,28.83,2.7666666666666667e-05
Ni09,28.89,1.8666666666666665e-05
Ni09,28.95,1e-05
Ni09,29.009999999999998,7.666666666666667e-06
Ni09,29.07,4e-06
Ni09,29.13,2.666666666666667e-06
Ni09,29.189999999999998,2e-06
Ni09,29.25,6.666666666666667e-07
Ni09,29.31,3.3333333333333335e-07
Sn09,24.33,3.3333333333333335e-07
Sn09,24.39,3.3333333333333335e-07
Sn09,24.45,1e-06
Sn09,24.509999999999998,2.666666666666667e-06
Sn09,24.57,3e-06
Sn09,24.63,1.0333333333333333e-05
Sn09,24.689999999999998,1.3666666666666667e-05
Sn09,24.75,2.3666666666666668e-05
Sn09,24.81,4.066666666666667e-05
Sn09,24.869999999999997,5.4e-05
Sn09,24.93,7.833333333333333e-05
Sn09,24.990000000000002,0.00011833333333333333
Sn09,25.049999999999997,0.00019233333333333334
Sn09,25.11,0.0002933333333333333
Sn09,25.17,0.00042
Sn09,25.229999999999997,0.0005923333333333334
Sn09,25.29,0.0008713333333333333
Sn09,25.35,0.0012123333333333333
Sn09,25.409999999999997,0.0016946666666666666
Sn09,25.47,0.002259
Sn09,25.53,0.0030366666666666667
Sn09,25.589999999999996,0.003974333333333333
Sn09,25.65,0.0052306666666666665
Sn09,25.71,0.006637666666666667
Sn09,25.77,0.008372
Sn09,25.83,0.010379333333333334
Sn09,25.89,0.012807
Sn09,25.95,0.015495333333333333
Sn09,26.009999999999998,0.018519
Sn09,26.07,0.021768
Sn09,26.13,0.025139
Sn09,26.189999999999998,0.028546
Sn09,26.25,0.032147
Sn09,26.31,0.03576633333333333
Sn09,26.369999999999997,0.03905633333333333
Sn09,26.43,0.041999
Sn09,26.49,0.044420666666666664
Sn09,26.549999999999997,0.046183666666666665
Sn09,26.61,0.047574333333333337
Sn09,26.67,0.04823733333333333
Sn09,26.729999999999997,0.04836533333333334
Sn09,26.79,0.04742
Sn09,26.85,0.046161
Sn09,26.909999999999997,0.04407666666666667
Sn09,26.97,0.041683333333333336
Sn09,27.03,0.038522
Sn09,27.089999999999996,0.035332666666666665
Sn09,27.15,0.03192166666666667
Sn09,27.21,0.028235
Sn09,27.27,0.024657333333333333
Sn09,27.33,0.021268333333333334
Sn09,27.39,0.018034333333333333
Sn09,27.45,0.015059666666666667
Sn09,27.509999999999998,0.012513333333333333
Sn09,27.57,0.010183333333333334
Sn09,27.63,0.008172333333333334
Sn09,27.689999999999998,0.006516
Sn09,27.75,0.004991
Sn09,27.81,0.0037476666666666665
Sn09,27.869999999999997,0.0028493333333333335
Sn09,27.93,0.0021266666666666665
Sn09,27.99,0.0015173333333333334
Sn09,28.049999999999997,0.001104
Sn09,28.11,0.0007803333333333333
Sn09,28.17,0.0005543333333333333
Sn09,28.229999999999997,0.00035433333333333334
Sn09,28.29,0.00022766666666666668
Sn09,28.35,0.00015933333333333332
Sn09,28.409999999999997,0.00010233333333333333
Sn09,28.47,6.666666666666667e-05
Sn09,28.53,4.766666666666667e-05
Sn09,28.589999999999996,3.1e-05
Sn09,28.65,1.8333333333333333e-05
Sn09,28.71,1.0333333333333333e-05
Sn09,28.769999999999996,6.333333333333333e-06
Sn09,28.83,5.666666666666667e-06
Sn09,28.89,4.333333333333333e-06
Sn09,28.95,1.3333333333333334e-06
Sn09,29.009999999999998,3.3333333333333335e-07
Ta09,24.03,3.3333333333333335e-07
Ta09,24.089999999999996,0.0
Ta09,24.15,3.3333333333333335e-07
Ta09,24.21,1e-06
Ta09,24.27,1.3333333333333334e-06
Ta09,24.33,6e-06
Ta09,24.39,5.666666666666667e-06
Ta09,24.45,1.4666666666666666e-05
Ta09,24.509999999999998,2.0333333333333334e-05
Ta09,24.57,2.7333333333333335e-05
Ta09,24.63,4.766666666666667e-05
Ta09,24.689999999999998,7.2e-05
Ta09,24.75,0.00010666666666666667
Ta09,24.81,0.00016033333333333335
Ta09,24.869999999999997,0.000234
Ta09,24.93,0.00033866666666666664
Ta09,24.990000000000002,0.0005113333333333334
Ta09,25.049999999999997,0.000698
Ta09,25.11,0.00103
Ta09,25.17,0.00134
Ta09,25.229999999999997,0.0018816666666666667
Ta09,25.29,0.0024976666666666667
Ta09,25.35,0.003318
Ta09,25.409999999999997,0.0043026666666666664
Ta09,25.47,0.005451
Ta09,25.53,0.006999666666666667
Ta09,25.589999999999996,0.008688
Ta09,25.65,0.010768666666666666
Ta09,25.71,0.013062
Ta09,25.77,0.01575966666666667
Ta09,25.83,0.018548333333333333
Ta09,25.89,0.021672666666666666
Ta09,25.95,0.024874
Ta09,26.009999999999998,0.028279666666666668
Ta09,26.07,0.03173
Ta09,26.13,0.03494166666666667
Ta09,26.189999999999998,0.038111
Ta09,26.25,0.040731
Ta09,26.31,0.04331366666666667
Ta09,26.369999999999997,0.04509
Ta09,26.43,0.046318333333333336
Ta09,26.49,0.047071
Ta09,26.549999999999997,0.04695233333333333
Ta09,26.61,0.046596
Ta09,26.67,0.04532933333333333
Ta09,26.729999999999997,0.04339333333333333
Ta09,26.79,0.041164
Ta09,26.85,0.038443
Ta09,26.909999999999997,0.035306333333333335
Ta09,26.97,0.032107
Ta09,27.03,0.028690666666666666
Ta09,27.089999999999996,0.025219333333333333
Ta09,27.15,0.022015666666666666
Ta09,27.21,0.018749666666666668
Ta09,27.27,0.01595
Ta09,27.33,0.013296333333333334
Ta09,27.39,0.01096
Ta09,27.45,0.008854666666666667
Ta09,27.509999999999998,0.007118666666666666
Ta09,27.57,0.005561333333333333
Ta09,27.63,0.004333333333333333
Ta09,27.689999999999998,0.003289
Ta09,27.75,0.0024413333333333335
Ta09,27.81,0.0018383333333333333
Ta09,27.869999999999997,0.0013486666666666666
Ta09,27.93,0.0009496666666666667
Ta09,27.99,0.0006643333333333333
Ta09,28.049999999999997,0.00046833333333333335
Ta09,28.11,0.00031866666666666664
Ta09,28.17,0.00021466666666666666
Ta09,28.229999999999997,0.00013433333333333334
Ta09,28.29,9.7e-05
Ta09,28.35,5.7e-05
Ta09,28.409999999999997,4.266666666666667e-05
Ta09,28.47,2.4e-05
Ta09,28.53,1.8e-05
Ta09,28.589999999999996,1.1333333333333334e-05
Ta09,28.65,6.666666666666667e-06
Ta09,28.71,3.3333333333333333e-06
Ta09,28.769999999999996,3e-06
Ta09,28.83,1.6666666666666667e-06
Ta09,28.89,1e-06
Cu09,23.729999999999997,3.3333333333333335e-07
Cu09,23.79,0.0
Cu09,23.85,3.3333333333333335e-07
Cu09,23.909999999999997,1.6666666666666667e-06
Cu09,23.97,1e-06
Cu09,24.03,6.333333333333333e-06
Cu09,24.089999999999996,6.333333333333333e-06
Cu09,24.15,1.3e-05
Cu09,24.21,2.2e-05
Cu09,24.27,2.5e-05
Cu09,24.33,4.8e-05
Cu09,24.39,6.9e-05
Cu09,24.45,0.000103
Cu09,24.509999999999998,0.00016566666666666666
Cu09,24.57,0.00022533333333333333
Cu09,24.63,0.000326
Cu09,24.689999999999998,0.000513
Cu09,24.75,0.0006636666666666667
Cu09,24.81,0.0009776666666666666
Cu09,24.869999999999997,0.0012993333333333333
Cu09,24.93,0.0017673333333333334
Cu09,24.990000000000002,0.002405
Cu09,25.049999999999997,0.0031423333333333333
Cu09,25.11,0.004115
Cu09,25.17,0.0051663333333333335
Cu09,25.229999999999997,0.006639666666666667
Cu09,25.29,0.008271
Cu09,25.35,0.010189333333333333
Cu09,25.409999999999997,0.012442666666666666
Cu09,25.47,0.014863333333333333
Cu09,25.53,0.017626666666666665
Cu09,25.589999999999996,0.020566
Cu09,25.65,0.023726333333333332
Cu09,25.71,0.027049666666666666
Cu09,25.77,0.03041
Cu09,25.83,0.03344
Cu09,25.89,0.036706
Cu09,25.95,0.039386333333333336
Cu09,26.009999999999998,0.041925333333333335
Cu09,26.07,0.04400366666666667
Cu09,26.13,0.04519366666666667
Cu09,26.189999999999998,0.04636266666666667
Cu09,26.25,0.046642
Cu09,26.31,0.046095
Cu09,26.369999999999997,0.04542566666666667
Cu09,26.43,0.04371666666666667
Cu09,26.49,0.04162966666666667
Cu09,26.549999999999997,0.039285
Cu09,26.61,0.03634166666666667
Cu09,26.67,0.03324066666666667
Cu09,26.729999999999997,0.029977666666666666
Cu09,26.79,0.026646
Cu09,26.85,0.023362666666666667
Cu09,26.909999999999997,0.020283
Cu09,26.97,0.017193
Cu09,27.03,0.014568333333333334
Cu09,27.089999999999996,0.012058333333333334
Cu09,27.15,0.009888666666666667
Cu09,27.21,0.007946666666666666
Cu09,27.27,0.006437
Cu09,27.33,0.004954333333333333
Cu09,27.39,0.003876
Cu09,27.45,0.002924
Cu09,27.509999999999998,0.002169
Cu09,27.57,0.0016273333333333333
Cu09,27.63,0.001184
Cu09,27.689999999999998,0.00084
Cu09,27.75,0.000598
Cu09,27.81,0.0004006666666666667
Cu09,27.869999999999997,0.0002863333333333333
Cu09,27.93,0.00018833333333333332
Cu09,27.99,0.00011266666666666666
Cu09,28.049999999999997,8.433333333333333e-05
Cu09,28.11,5.133333333333333e-05
Cu09,28.17,3.9666666666666664e-05
Cu09,28.229999999999997,2.2e-05
Cu09,28.29,1.7666666666666668e-05
Cu09,28.35,7.333333333333333e-06
Cu09,28.409999999999997,7.333333333333333e-06
Cu09,28.47,2e-06
Cu09,28.53,2.333333333333333e-06
Cu09,28.589999999999996,2e-06
Cu09,28.65,6.666666666666667e-07
Al_degrader_E4_E3,21.27,1.1111111111111111e-07
Al_degrader_E4_E3,21.33,0.0
Al_degrader_E4_E3,21.39,1.1111111111111111e-07
Al_degrader_E4_E3,21.45,2.2222222222222222e-07
Al_degrader_E4_E3,21.509999999999998,4.4444444444444444e-07
Al_degrader_E4_E3,21.57,1.111111111111111e-06
Al_degrader_E4_E3,21.63,1.6666666666666667e-06
Al_degrader_E4_E3,21.689999999999998,1.5555555555555556e-06
Al_degrader_E4_E3,21.75,4.444444444444444e-06
Al_degrader_E4_E3,21.81,5.555555555555556e-06
Al_degrader_E4_E3,21.869999999999997,7.222222222222222e-06
Al_degrader_E4_E3,21.93,1.1555555555555556e-05
Al_degrader_E4_E3,21.990000000000002,1.6222222222222223e-05
Al_degrader_E4_E3,22.049999999999997,2.588888888888889e-05
Al_degrader_E4_E3,22.11,3.7e-05
Al_degrader_E4_E3,22.17,5.177777777777778e-05
Al_degrader_E4_E3,22.229999999999997,6.88888888888889e-05
Al_degrader_E4_E3,22.29,0.00010455555555555556
Al_degrader_E4_E3,22.35,0.00013766666666666666
Al_degrader_E4_E3,22.409999999999997,0.0001938888888888889
Al_degrader_E4_E3,22.47,0.000261
Al_degrader_E4_E3,22.53,0.00033477777777777775
Al_degrader_E4_E3,22.589999999999996,0.000451
Al_degrader_E4_E3,22.65,0.0005956666666666667
Al_degrader_E4_E3,22.71,0.0007488888888888889
Al_degrader_E4_E3,22.77,0.0009775555555555555
Al_degrader_E4_E3,22.83,0.0011892222222222222
Al_degrader_E4_E3,22.89,0.0015044444444444445
Al_degrader_E4_E3,22.95,0.0018882222222222221
Al_degrader_E4_E3,23.009999999999998,0.002293
Al_degrader_E4_E3,23.07,0.0027906666666666666
Al_degrader_E4_E3,23.13,0.003294777777777778
Al_degrader_E4_E3,23.189999999999998,0.00393
Al_degrader_E4_E3,23.25,0.004645666666666667
Al_degrader_E4_E3,23.31,0.005382888888888889
Al_degrader_E4_E3,23.369999999999997,0.006223333333333333
Al_degrader_E4_E3,23.43,0.007057444444444444
Al_degrader_E4_E3,23.490000000000002,0.008046555555555555
Al_degrader_E4_E3,23.549999999999997,0.008999444444444444
Al_degrader_E4_E3,23.61,0.010022111111111112
Al_degrader_E4_E3,23.67,0.011014555555555555
Al_degrader_E4_E3,23.729999999999997,0.011989888888888888
Al_degrader_E4_E3,23.79,0.013147666666666667
Al_degrader_E4_E3,23.85,0.014095
Al_degrader_E4_E3,23.909999999999997,0.015077222222222223
Al_degrader_E4_E3,23.97,0.01602411111111111
Al_degrader_E4_E3,24.03,0.016874333333333335
Al_degrader_E4_E3,24.089999999999996,0.01779588888888889
Al_degrader_E4_E3,24.15,0.018525777777777776
Al_degrader_E4_E3,24.21,0.019217444444444443
Al_degrader_E4_E3,24.27,0.019839
Al_degrader_E4_E3,24.33,0.02046688888888889
Al_degrader_E4_E3,24.39,0.020981333333333334
Al_degrader_E4_E3,24.45,0.021348
Al_degrader_E4_E3,24.509999999999998,0.02178177777777778
Al_degrader_E4_E3,24.57,0.02208
Al_degrader_E4_E3,24.63,0.02238722222222222
Al_degrader_E4_E3,24.689999999999998,0.022652
Al_degrader_E4_E3,24.75,0.022790777777777778
Al_degrader_E4_E3,24.81,0.022965
Al_degrader_E4_E3,24.869999999999997,0.022989333333333334
Al_degrader_E4_E3,24.93,0.023275888888888888
Al_degrader_E4_E3,24.990000000000002,0.023256333333333334
Al_degrader_E4_E3,25.049999999999997,0.023235555555555554
Al_degrader_E4_E3,25.11,0.023299444444444446
Al_degrader_E4_E3,25.17,0.023196111111111112
Al_degrader_E4_E3,25.229999999999997,0.02324988888888889
Al_degrader_E4_E3,25.29,0.02306
Al_degrader_E4_E3,25.35,0.02290733333333333
Al_degrader_E4_E3,25.409999999999997,0.022697111111111112
Al_degrader_E4_E3,25.47,0.022481444444444443
Al_degrader_E4_E3,25.53,0.022145555555555557
Al_degrader_E4_E3,25.589999999999996,0.021704888888888888
Al_degrader_E4_E3,25.65,0.021159777777777777
Al_degrader_E4_E3,25.71,0.020579555555555556
Al_degrader_E4_E3,25.77,0.020054333333333334
Al_degrader_E4_E3,25.83,0.019202
Al_degrader_E4_E3,25.89,0.018342333333333332
Al_degrader_E4_E3,25.95,0.017451666666666667
Al_degrader_E4_E3,26.009999999999998,0.01643322222222222
Al_degrader_E4_E3,26.07,0.015385333333333334
Al_degrader_E4_E3,26.13,0.014237
Al_degrader_E4_E3,26.189999999999998,0.013097
Al_degrader_E4_E3,26.25,0.012005
Al_degrader_E4_E3,26.31,0.01082
Al_degrader_E4_E3,26.369999999999997,0.009651
Al_degrader_E4_E3,26.43,0.00853111111111111
Al_degrader_E4_E3,26.49,0.007479555555555555
Al_degrader_E4_E3,26.549999999999997,0.006505555555555555
Al_degrader_E4_E3,26.61,0.005542555555555556
Al_degrader_E4_E3,26.67,0.004650777777777778
Al_degrader_E4_E3,26.729999999999997,0.0039421111111111115
Al_degrader_E4_E3,26.79,0.0032485555555555557
Al_degrader_E4_E3,26.85,0.0026526666666666665
Al_degrader_E4_E3,26.909999999999997,0.0021368888888888887
Al_degrader_E4_E3,26.97,0.0017081111111111112
Al_degrader_E4_E3,27.03,0.0013403333333333334
Al_degrader_E4_E3,27.089999999999996,0.0010504444444444443
Al_degrader_E4_E3,27.15,0.0007992222222222222
Al_degrader_E4_E3,27.21,0.0005887777777777778
Al_degrader_E4_E3,27.27,0.00044744444444444443
Al_degrader_E4_E3,27.33,0.00033455555555555555
Al_degrader_E4_E3,27.39,0.0002328888888888889
Al_degrader_E4_E3,27.45,0.00016333333333333334
Al_degrader_E4_E3,27.509999999999998,0.00011933333333333334
Al_degrader_E4_E3,27.57,8.5e-05
Al_degrader_E4_E3,27.63,5.722222222222222e-05
Al_degrader_E4_E3,27.689999999999998,3.488888888888889e-05
Al_degrader_E4_E3,27.75,2.5444444444444446e-05
Al_degrader_E4_E3,27.81,1.6e-05
Al_degrader_E4_E3,27.869999999999997,1.0555555555555555e-05
Al_degrader_E4_E3,27.93,6.777777777777778e-06
Al_degrader_E4_E3,27.99,4.666666666666666e-06
Al_degrader_E4_E3,28.049999999999997,3.111111111111111e-06
Al_degrader_E4_E3,28.11,1.8888888888888888e-06
Al_degrader_E4_E3,28.17,1e-06
Al_degrader_E4_E3,28.229999999999997,5.555555555555555e-07
Al_degrader_E4_E3,28.29,7.777777777777778e-07
Al_degrader_E4_E3,28.35,2.2222222222222222e-07
Al_degrader_E4_E3,28.409999999999997,1.1111111111111111e-07
Ni10,20.909999999999997,3.3333333333333335e-07
Ni10,20.97,0.0
Ni10,21.03,3.3333333333333335e-07
Ni10,21.089999999999996,1.6666666666666667e-06
Ni10,21.15,6.666666666666667e-07
Ni10,21.21,4e-06
Ni10,21.27,6.333333333333333e-06
Ni10,21.33,8e-06
Ni10,21.39,1.6666666666666667e-05
Ni10,21.45,1.9333333333333333e-05
Ni10,21.509999999999998,2.8333333333333332e-05
Ni10,21.57,4.8e-05
Ni10,21.63,6.433333333333333e-05
Ni10,21.689999999999998,9.266666666666666e-05
Ni10,21.75,0.000145
Ni10,21.81,0.000196
Ni10,21.869999999999997,0.0002666666666666667
Ni10,21.93,0.00039966666666666666
Ni10,21.990000000000002,0.0005326666666666666
Ni10,22.049999999999997,0.000729
Ni10,22.11,0.0009896666666666667
Ni10,22.17,0.0012833333333333334
Ni10,22.229999999999997,0.0017133333333333334
Ni10,22.29,0.002258
Ni10,22.35,0.002825666666666667
Ni10,22.409999999999997,0.0036663333333333335
Ni10,22.47,0.00455
Ni10,22.53,0.005619666666666667
Ni10,22.589999999999996,0.007030333333333334
Ni10,22.65,0.008489
Ni10,22.71,0.010161666666666666
Ni10,22.77,0.012205666666666667
Ni10,22.83,0.014292666666666667
Ni10,22.89,0.016617666666666666
Ni10,22.95,0.019121
Ni10,23.009999999999998,0.021808666666666667
Ni10,23.07,0.024504333333333333
Ni10,23.13,0.027315333333333334
Ni10,23.189999999999998,0.029956666666666666
Ni10,23.25,0.03272333333333333
Ni10,23.31,0.035084
Ni10,23.369999999999997,0.037108
Ni10,23.43,0.039366
Ni10,23.490000000000002,0.040817
Ni10,23.549999999999997,0.04160266666666667
Ni10,23.61,0.042744333333333336
Ni10,23.67,0.042605333333333335
Ni10,23.729999999999997,0.04222833333333333
Ni10,23.79,0.04185
Ni10,23.85,0.040277
Ni10,23.909999999999997,0.038692
Ni10,23.97,0.036985333333333335
Ni10,24.03,0.034369
Ni10,24.089999999999996,0.031884666666666665
Ni10,24.15,0.029353666666666667
Ni10,24.21,0.026471333333333333
Ni10,24.27,0.023571666666666668
Ni10,24.33,0.020969
Ni10,24.39,0.01835933333333333
Ni10,24.45,0.015669666666666665
Ni10,24.509999999999998,0.013502333333333333
Ni10,24.57,0.011413666666666667
Ni10,24.63,0.009448666666666666
Ni10,24.689999999999998,0.0077996666666666666
Ni10,24.75,0.006436
Ni10,24.81,0.005118
Ni10,24.869999999999997,0.004027666666666666
Ni10,24.93,0.003217
Ni10,24.990000000000002,0.002448333333333333
Ni10,25.049999999999997,0.0018496666666666666
Ni10,25.11,0.001406
Ni10,25.17,0.0010506666666666668
Ni10,25.229999999999997,0.000765
Ni10,25.29,0.00055
Ni10,25.35,0.00039
Ni10,25.409999999999997,0.0002793333333333333
Ni10,25.47,0.00020033333333333334
Ni10,25.53,0.00012633333333333333
Ni10,25.589999999999996,9.033333333333334e-05
Ni10,25.65,5.966666666666667e-05
Ni10,25.71,3.933333333333333e-05
Ni10,25.77,3.0333333333333333e-05
Ni10,25.83,1.8e-05
Ni10,25.89,1.3e-05
Ni10,25.95,7.333333333333333e-06
Ni10,26.009999999999998,6e-06
Ni10,26.07,2.333333333333333e-06
Ni10,26.13,2e-06
Ni10,26.189999999999998,1.6666666666666667e-06
Ni10,26.25,6.666666666666667e-07
Ni10,26.31,3.3333333333333335e-07
Sn10,20.79,3.3333333333333335e-07
Sn10,20.85,3.3333333333333335e-07
Sn10,20.909999999999997,6.666666666666667e-07
Sn10,20.97,1e-06
Sn10,21.03,2.666666666666667e-06
Sn10,21.089999999999996,5.666666666666667e-06
Sn10,21.15,9e-06
Sn10,21.21,1.2333333333333333e-05
Sn10,21.27,2.2666666666666668e-05
Sn10,21.33,3.5e-05
Sn10,21.39,4.6666666666666665e-05
Sn10,21.45,6.133333333333334e-05
Sn10,21.509999999999998,9.633333333333333e-05
Sn10,21.57,0.00013533333333333333
Sn10,21.63,0.000198
Sn10,21.689999999999998,0.000294
Sn10,21.75,0.0003986666666666667
Sn10,21.81,0.0005496666666666666
Sn10,21.869999999999997,0.0007746666666666667
Sn10,21.93,0.001042
Sn10,21.990000000000002,0.0014043333333333334
Sn10,22.049999999999997,0.0018366666666666666
Sn10,22.11,0.002366333333333333
Sn10,22.17,0.003071
Sn10,22.229999999999997,0.0039373333333333335
Sn10,22.29,0.005014333333333333
Sn10,22.35,0.006140666666666667
Sn10,22.409999999999997,0.007571
Sn10,22.47,0.009207333333333333
Sn10,22.53,0.011104333333333334
Sn10,22.589999999999996,0.013333
Sn10,22.65,0.015613666666666666
Sn10,22.71,0.01815
Sn10,22.77,0.020857
Sn10,22.83,0.023623666666666668
Sn10,22.89,0.026487666666666666
Sn10,22.95,0.029431
Sn10,23.009999999999998,0.03231166666666667
Sn10,23.07,0.035004
Sn10,23.13,0.037518333333333334
Sn10,23.189999999999998,0.039543666666666664
Sn10,23.25,0.04121333333333333
Sn10,23.31,0.04233566666666667
Sn10,23.369999999999997,0.04338733333333333
Sn10,23.43,0.043895
Sn10,23.490000000000002,0.043441
Sn10,23.549999999999997,0.042819
Sn10,23.61,0.041660333333333334
Sn10,23.67,0.040044
Sn10,23.729999999999997,0.037974666666666664
Sn10,23.79,0.035575
Sn10,23.85,0.03288833333333333
Sn10,23.909999999999997,0.030232666666666668
Sn10,23.97,0.027366333333333333
Sn10,24.03,0.024253
Sn10,24.089999999999996,0.021382333333333333
Sn10,24.15,0.018613333333333332
Sn10,24.21,0.01598
Sn10,24.27,0.013603333333333334
Sn10,24.33,0.011476
Sn10,24.39,0.009522333333333334
Sn10,24.45,0.007863333333333333
Sn10,24.509999999999998,0.0063746666666666665
Sn10,24.57,0.005066
Sn10,24.63,0.003934666666666667
Sn10,24.689999999999998,0.003046333333333333
Sn10,24.75,0.0023786666666666665
Sn10,24.81,0.0017963333333333334
Sn10,24.869999999999997,0.0013283333333333333
Sn10,24.93,0.000977
Sn10,24.990000000000002,0.0007206666666666667
Sn10,25.049999999999997,0.0005276666666666666
Sn10,25.11,0.00035966666666666666
Sn10,25.17,0.000237
Sn10,25.229999999999997,0.000161
Sn10,25.29,0.00011133333333333333
Sn10,25.35,7.966666666666666e-05
Sn10,25.409999999999997,5.466666666666667e-05
Sn10,25.47,3.5333333333333336e-05
Sn10,25.53,2.8e-05
Sn10,25.589999999999996,1.5333333333333334e-05
Sn10,25.65,1e-05
Sn10,25.71,6e-06
Sn10,25.77,4.666666666666666e-06
Sn10,25.83,5e-06
Sn10,25.89,1.3333333333333334e-06
Sn10,25.95,1e-06
Ta10,20.490000000000002,3.3333333333333335e-07
Ta10,20.549999999999997,0.0
Ta10,20.61,3.3333333333333335e-07
Ta10,20.67,1.6666666666666667e-06
Ta10,20.729999999999997,6.666666666666667e-07
Ta10,20.79,5e-06
Ta10,20.85,5.666666666666667e-06
Ta10,20.909999999999997,6.666666666666667e-06
Ta10,20.97,1.7333333333333332e-05
Ta10,21.03,2.2333333333333332e-05
Ta10,21.089999999999996,3.2e-05
Ta10,21.15,4.4666666666666664e-05
Ta10,21.21,6.533333333333333e-05
Ta10,21.27,9.633333333333333e-05
Ta10,21.33,0.00013766666666666666
Ta10,21.39,0.000198
Ta10,21.45,0.00026533333333333335
Ta10,21.509999999999998,0.000399
Ta10,21.57,0.0005293333333333334
Ta10,21.63,0.000712
Ta10,21.689999999999998,0.001002
Ta10,21.75,0.001254
Ta10,21.81,0.001718
Ta10,21.869999999999997,0.002216
Ta10,21.93,0.002812666666666667
Ta10,21.990000000000002,0.003661
Ta10,22.049999999999997,0.00447
Ta10,22.11,0.005569333333333333
Ta10,22.17,0.006955333333333333
Ta10,22.229999999999997,0.008294333333333334
Ta10,22.29,0.01017
Ta10,22.35,0.011985
Ta10,22.409999999999997,0.014206
Ta10,22.47,0.016483666666666667
Ta10,22.53,0.018915333333333333
Ta10,22.589999999999996,0.021653
Ta10,22.65,0.024224666666666665
Ta10,22.71,0.027104333333333334
Ta10,22.77,0.029824333333333335
Ta10,22.83,0.032389
Ta10,22.89,0.03500466666666667
Ta10,22.95,0.03700933333333333
Ta10,23.009999999999998,0.03910966666666667
Ta10,23.07,0.040571
Ta10,23.13,0.041642
Ta10,23.189999999999998,0.042536
Ta10,23.25,0.04254533333333333
Ta10,23.31,0.042229333333333334
Ta10,23.369999999999997,0.04178166666666667
Ta10,23.43,0.040462333333333336
Ta10,23.490000000000002,0.038756
Ta10,23.549999999999997,0.036990666666666665
Ta10,23.61,0.034597333333333334
Ta10,23.67,0.032092666666666665
Ta10,23.729999999999997,0.029433
Ta10,23.79,0.026641333333333333
Ta10,23.85,0.023892333333333335
Ta10,23.909999999999997,0.021107333333333332
Ta10,23.97,0.01852933333333333
Ta10,24.03,0.015916666666666666
Ta10,24.089999999999996,0.013675333333333333
Ta10,24.15,0.011495666666666666
Ta10,24.21,0.009692333333333334
Ta10,24.27,0.007976333333333334
Ta10,24.33,0.006514666666666667
Ta10,24.39,0.005237333333333333
Ta10,24.45,0.004163
Ta10,24.509999999999998,0.0032733333333333334
Ta10,24.57,0.00251
Ta10,24.63,0.0019096666666666667
Ta10,24.689999999999998,0.0014616666666666667
Ta10,24.75,0.0010943333333333332
Ta10,24.81,0.000792
Ta10,24.869999999999997,0.000583
Ta10,24.93,0.000406
Ta10,24.990000000000002,0.00028933333333333334
Ta10,25.049999999999997,0.00020766666666666665
Ta10,25.11,0.00013
Ta10,25.17,9.8e-05
Ta10,25.229999999999997,6.5e-05
Ta10,25.29,3.9666666666666664e-05
Ta10,25.35,3.4666666666666665e-05
Ta10,25.409999999999997,1.6666666666666667e-05
Ta10,25.47,1.6666666666666667e-05
Ta10,25.53,7.333333333333333e-06
Ta10,25.589999999999996,5.666666666666667e-06
Ta10,25.65,3.3333333333333333e-06
Ta10,25.71,2.666666666666667e-06
Ta10,25.77,2e-06
Ta10,25.83,6.666666666666667e-07
Ta10,25.89,3.3333333333333335e-07
Cu10,20.13,3.3333333333333335e-07
Cu10,20.189999999999998,0.0
Cu10,20.25,3.3333333333333335e-07
Cu10,20.31,1e-06
Cu10,20.369999999999997,1.3333333333333334e-06
Cu10,20.43,3.6666666666666666e-06
Cu10,20.490000000000002,6e-06
Cu10,20.549999999999997,5e-06
Cu10,20.61,1.6e-05
Cu10,20.67,2.0333333333333334e-05
Cu10,20.729999999999997,2.1333333333333335e-05
Cu10,20.79,4.133333333333333e-05
Cu10,20.85,6e-05
Cu10,20.909999999999997,7.866666666666666e-05
Cu10,20.97,0.00011766666666666666
Cu10,21.03,0.000182
Cu10,21.089999999999996,0.000223
Cu10,21.15,0.00032133333333333336
Cu10,21.21,0.000474
Cu10,21.27,0.0005966666666666667
Cu10,21.33,0.00084
Cu10,21.39,0.001116
Cu10,21.45,0.0014433333333333334
Cu10,21.509999999999998,0.0018953333333333333
Cu10,21.57,0.002433666666666667
Cu10,21.63,0.003119666666666667
Cu10,21.689999999999998,0.003906666666666667
Cu10,21.75,0.004787
Cu10,21.81,0.006009666666666667
Cu10,21.869999999999997,0.007325333333333333
Cu10,21.93,0.008778666666666667
Cu10,21.990000000000002,0.01063
Cu10,22.049999999999997,0.012417333333333334
Cu10,22.11,0.014622666666666667
Cu10,22.17,0.016902
Cu10,22.229999999999997,0.019349
Cu10,22.29,0.021914
Cu10,22.35,0.024547
Cu10,22.409999999999997,0.027373
Cu10,22.47,0.029771333333333334
Cu10,22.53,0.032422
Cu10,22.589999999999996,0.034789
Cu10,22.65,0.036627
Cu10,22.71,0.038827
Cu10,22.77,0.040197666666666666
Cu10,22.83,0.04103966666666667
Cu10,22.89,0.041943666666666664
Cu10,22.95,0.041852
Cu10,23.009999999999998,0.04162
Cu10,23.07,0.04101666666666667
Cu10,23.13,0.03975833333333333
Cu10,23.189999999999998,0.038167
Cu10,23.25,0.036431333333333336
Cu10,23.31,0.034075
Cu10,23.369999999999997,0.03167
Cu10,23.43,0.029161
Cu10,23.490000000000002,0.026398666666666668
Cu10,23.549999999999997,0.023692666666666667
Cu10,23.61,0.021030666666666666
Cu10,23.67,0.018562333333333333
Cu10,23.729999999999997,0.015892333333333335
Cu10,23.79,0.013767
Cu10,23.85,0.011671
Cu10,23.909999999999997,0.009817666666666667
Cu10,23.97,0.008085
Cu10,24.03,0.006676
Cu10,24.089999999999996,0.005367666666666666
Cu10,24.15,0.004295333333333333
Cu10,24.21,0.0034453333333333332
Cu10,24.27,0.002641333333333333
Cu10,24.33,0.002015
Cu10,24.39,0.0015566666666666667
Cu10,24.45,0.001172
Cu10,24.509999999999998,0.0008436666666666667
Cu10,24.57,0.0006263333333333333
Cu10,24.63,0.00045466666666666664
Cu10,24.689999999999998,0.000324
Cu10,24.75,0.000237
Cu10,24.81,0.00014766666666666666
Cu10,24.869999999999997,0.00010166666666666667
Cu10,24.93,7.7e-05
Cu10,24.990000000000002,4.8e-05
Cu10,25.049999999999997,3.766666666666667e-05
Cu10,25.11,2.1666666666666667e-05
Cu10,25.17,1.8e-05
Cu10,25.229999999999997,9e-06
Cu10,25.29,7e-06
Cu10,25.35,5e-06
Cu10,25.409999999999997,1.6666666666666667e-06
Cu10,25.47,3e-06
Cu10,25.53,6.666666666666667e-07
Cu10,25.589999999999996,6.666666666666667e-07
Al_degrader_E6_E5,17.310000000000002,9.090909090909091e-08
Al_degrader_E6_E5,17.369999999999997,0.0
Al_degrader_E6_E5,17.43,9.090909090909091e-08
Al_degrader_E6_E5,17.490000000000002,1.8181818181818183e-07
Al_degrader_E6_E5,17.549999999999997,3.6363636363636366e-07
Al_degrader_E6_E5,17.61,5.454545454545455e-07
Al_degrader_E6_E5,17.67,1.3636363636363636e-06
Al_degrader_E6_E5,17.729999999999997,1e-06
Al_degrader_E6_E5,17.79,2.2727272727272728e-06
Al_degrader_E6_E5,17.85,3.1818181818181817e-06
Al_degrader_E6_E5,17.909999999999997,4.363636363636364e-06
Al_degrader_E6_E5,17.97,5.8181818181818185e-06
Al_degrader_E6_E5,18.03,7.272727272727272e-06
Al_degrader_E6_E5,18.09,1.2272727272727273e-05
Al_degrader_E6_E5,18.15,1.5363636363636365e-05
Al_degrader_E6_E5,18.21,2.2636363636363637e-05
Al_degrader_E6_E5,18.27,3.2454545454545454e-05
Al_degrader_E6_E5,18.33,4.0363636363636367e-05
Al_degrader_E6_E5,18.39,5.436363636363636e-05
Al_degrader_E6_E5,18.45,7.672727272727273e-05
Al_degrader_E6_E5,18.509999999999998,0.00010390909090909091
Al_degrader_E6_E5,18.57,0.00013063636363636364
Al_degrader_E6_E5,18.63,0.00017336363636363637
Al_degrader_E6_E5,18.689999999999998,0.00022027272727272727
Al_degrader_E6_E5,18.75,0.00028836363636363635
Al_degrader_E6_E5,18.81,0.0003619090909090909
Al_degrader_E6_E5,18.869999999999997,0.00046545454545454543
Al_degrader_E6_E5,18.93,0.0005736363636363636
Al_degrader_E6_E5,18.990000000000002,0.0007191818181818181
Al_degrader_E6_E5,19.049999999999997,0.0008806363636363636
Al_degrader_E6_E5,19.11,0.0010642727272727273
Al_degrader_E6_E5,19.17,0.0013185454545454546
Al_degrader_E6_E5,19.229999999999997,0.0015714545454545454
Al_degrader_E6_E5,19.29,0.001892818181818182
Al_degrader_E6_E5,19.35,0.0022225454545454545
Al_degrader_E6_E5,19.409999999999997,0.0026361818181818183
Al_degrader_E6_E5,19.47,0.003095818181818182
Al_degrader_E6_E5,19.53,0.003555
Al_degrader_E6_E5,19.59,0.004107181818181818
Al_degrader_E6_E5,19.65,0.004672727272727273
Al_degrader_E6_E5,19.71,0.005330181818181818
Al_degrader_E6_E5,19.77,0.006008
Al_degrader_E6_E5,19.83,0.006748
Al_degrader_E6_E5,19.89,0.007451818181818182
Al_degrader_E6_E5,19.95,0.008264636363636363
Al_degrader_E6_E5,20.009999999999998,0.009062545454545455
Al_degrader_E6_E5,20.07,0.009801454545454545
Al_degrader_E6_E5,20.13,0.010699818181818182
Al_degrader_E6_E5,20.189999999999998,0.011477545454545454
Al_degrader_E6_E5,20.25,0.012317545454545454
Al_degrader_E6_E5,20.31,0.013069545454545455
Al_degrader_E6_E5,20.369999999999997,0.013889636363636364
Al_degrader_E6_E5,20.43,0.014594727272727273
Al_degrader_E6_E5,20.490000000000002,0.015379272727272728
Al_degrader_E6_E5,20.549999999999997,0.016004818181818183
Al_degrader_E6_E5,20.61,0.016618
Al_degrader_E6_E5,20.67,0.01719127272727273
Al_degrader_E6_E5,20.729999999999997,0.017761
Al_degrader_E6_E5,20.79,0.018275090909090907
Al_degrader_E6_E5,20.85,0.01868081818181818
Al_degrader_E6_E5,20.909999999999997,0.01906427272727273
Al_degrader_E6_E5,20.97,0.019403818181818182
Al_degrader_E6_E5,21.03,0.019788727272727274
Al_degrader_E6_E5,21.089999999999996,0.020024090909090908
Al_degrader_E6_E5,21.15,0.020231727272727273
Al_degrader_E6_E5,21.21,0.020430818181818182
Al_degrader_E6_E5,21.27,0.02071
Al_degrader_E6_E5,21.33,0.020779
Al_degrader_E6_E5,21.39,0.020893727272727272
Al_degrader_E6_E5,21.45,0.020943545454545454
Al_degrader_E6_E5,21.509999999999998,0.021112636363636365
Al_degrader_E6_E5,21.57,0.02115209090909091
Al_degrader_E6_E5,21.63,0.02111809090909091
Al_degrader_E6_E5,21.689999999999998,0.021129727272727272
Al_degrader_E6_E5,21.75,0.021109636363636365
Al_degrader_E6_E5,21.81,0.02108590909090909
Al_degrader_E6_E5,21.869999999999997,0.020934181818181817
Al_degrader_E6_E5,21.93,0.02084218181818182
Al_degrader_E6_E5,21.990000000000002,0.020643818181818183
Al_degrader_E6_E5,22.049999999999997,0.020499272727272727
Al_degrader_E6_E5,22.11,0.02013627272727273
Al_degrader_E6_E5,22.17,0.019846636363636365
Al_degrader_E6_E5,22.229999999999997,0.01946009090909091
Al_degrader_E6_E5,22.29,0.019070818181818182
Al_degrader_E6_E5,22.35,0.018447727272727272
Al_degrader_E6_E5,22.409999999999997,0.017925454545454547
Al_degrader_E6_E5,22.47,0.017269090909090908
Al_degrader_E6_E5,22.53,0.016674
Al_degrader_E6_E5,22.589999999999996,0.01575681818181818
Al_degrader_E6_E5,22.65,0.014970818181818182
Al_degrader_E6_E5,22.71,0.014124272727272727
Al_degrader_E6_E5,22.77,0.013280454545454545
Al_degrader_E6_E5,22.83,0.012265363636363637
Al_degrader_E6_E5,22.89,0.011349454545454546
Al_degrader_E6_E5,22.95,0.010383181818181817
Al_degrader_E6_E5,23.009999999999998,0.00947390909090909
Al_degrader_E6_E5,23.07,0.008495636363636363
Al_degrader_E6_E5,23.13,0.007609818181818182
Al_degrader_E6_E5,23.189999999999998,0.006733545454545455
Al_degrader_E6_E5,23.25,0.005933545454545454
Al_degrader_E6_E5,23.31,0.0051407272727272725
Al_degrader_E6_E5,23.369999999999997,0.004436636363636364
Al_degrader_E6_E5,23.43,0.0037938181818181816
Al_degrader_E6_E5,23.490000000000002,0.003215090909090909
Al_degrader_E6_E5,23.549999999999997,0.002664909090909091
Al_degrader_E6_E5,23.61,0.0022162727272727273
Al_degrader_E6_E5,23.67,0.001844
Al_degrader_E6_E5,23.729999999999997,0.0014839090909090909
Al_degrader_E6_E5,23.79,0.0011836363636363637
Al_degrader_E6_E5,23.85,0.0009481818181818182
Al_degrader_E6_E5,23.909999999999997,0.0007599090909090909
Al_degrader_E6_E5,23.97,0.000573909090909091
Al_degrader_E6_E5,24.03,0.0004359090909090909
Al_degrader_E6_E5,24.089999999999996,0.00033254545454545456
Al_degrader_E6_E5,24.15,0.00025554545454545453
Al_degrader_E6_E5,24.21,0.00019
Al_degrader_E6_E5,24.27,0.00013272727272727272
Al_degrader_E6_E5,24.33,9.790909090909091e-05
Al_degrader_E6_E5,24.39,7.218181818181819e-05
Al_degrader_E6_E5,24.45,5.1181818181818185e-05
Al_degrader_E6_E5,24.509999999999998,3.3363636363636366e-05
Al_degrader_E6_E5,24.57,2.2272727272727274e-05
Al_degrader_E6_E5,24.63,1.6636363636363637e-05
Al_degrader_E6_E5,24.689999999999998,1.1454545454545454e-05
Al_degrader_E6_E5,24.75,8e-06
Al_degrader_E6_E5,24.81,4.818181818181818e-06
Al_degrader_E6_E5,24.869999999999997,3.7272727272727274e-06
Al_degrader_E6_E5,24.93,2e-06
Al_degrader_E6_E5,24.990000000000002,1.7272727272727273e-06
Al_degrader_E6_E5,25.049999999999997,1e-06
Al_degrader_E6_E5,25.11,4.545454545454545e-07
Al_degrader_E6_E5,25.17,7.272727272727273e-07
Al_degrader_E6_E5,25.229999999999997,9.090909090909091e-08
Al_degrader_E6_E5,25.29,1.8181818181818183e-07
Ni11,16.83,3.3333333333333335e-07
Ni11,16.89,0.0
Ni11,16.95,0.0
Ni11,17.009999999999998,6.666666666666667e-07
Ni11,17.07,1.3333333333333334e-06
Ni11,17.13,6.666666666666667e-07
Ni11,17.189999999999998,3.6666666666666666e-06
Ni11,17.25,5e-06
Ni11,17.310000000000002,5e-06
Ni11,17.369999999999997,9e-06
Ni11,17.43,1.5333333333333334e-05
Ni11,17.490000000000002,1.6666666666666667e-05
Ni11,17.549999999999997,2.3333333333333332e-05
Ni11,17.61,3.5333333333333336e-05
Ni11,17.67,5.633333333333333e-05
Ni11,17.729999999999997,6.266666666666667e-05
Ni11,17.79,9.333333333333333e-05
Ni11,17.85,0.00013633333333333333
Ni11,17.909999999999997,0.00016966666666666668
Ni11,17.97,0.000226
Ni11,18.03,0.000312
Ni11,18.09,0.00043633333333333333
Ni11,18.15,0.000512
Ni11,18.21,0.0007146666666666666
Ni11,18.27,0.000925
Ni11,18.33,0.0011396666666666666
Ni11,18.39,0.0014573333333333333
Ni11,18.45,0.0018683333333333334
Ni11,18.509999999999998,0.0022946666666666666
Ni11,18.57,0.0028826666666666666
Ni11,18.63,0.0034686666666666668
Ni11,18.689999999999998,0.004208333333333333
Ni11,18.75,0.005062333333333334
Ni11,18.81,0.006162
Ni11,18.869999999999997,0.007214
Ni11,18.93,0.008586
Ni11,18.990000000000002,0.009967
Ni11,19.049999999999997,0.011527333333333334
Ni11,19.11,0.013197333333333333
Ni11,19.17,0.015049
Ni11,19.229999999999997,0.017005333333333334
Ni11,19.29,0.019044666666666668
Ni11,19.35,0.021137666666666666
Ni11,19.409999999999997,0.023267
Ni11,19.47,0.025419333333333332
Ni11,19.53,0.027426666666666665
Ni11,19.59,0.029431
Ni11,19.65,0.031323
Ni11,19.71,0.032731666666666666
Ni11,19.77,0.03456466666666667
Ni11,19.83,0.03570966666666667
Ni11,19.89,0.03644733333333333
Ni11,19.95,0.03726566666666667
Ni11,20.009999999999998,0.037614666666666664
Ni11,20.07,0.037421666666666666
Ni11,20.13,0.037177
Ni11,20.189999999999998,0.036645
Ni11,20.25,0.03543866666666667
Ni11,20.31,0.034229666666666665
Ni11,20.369999999999997,0.032939
Ni11,20.43,0.031067666666666667
Ni11,20.490000000000002,0.029208666666666667
Ni11,20.549999999999997,0.027095333333333332
Ni11,20.61,0.02513
Ni11,20.67,0.022837666666666666
Ni11,20.729999999999997,0.020586
Ni11,20.79,0.018588666666666667
Ni11,20.85,0.016547666666666665
Ni11,20.909999999999997,0.014420333333333334
Ni11,20.97,0.012588
Ni11,21.03,0.010996666666666667
Ni11,21.089999999999996,0.009342333333333333
Ni11,21.15,0.007860666666666667
Ni11,21.21,0.006654
Ni11,21.27,0.005579666666666667
Ni11,21.33,0.004555
Ni11,21.39,0.0036606666666666667
Ni11,21.45,0.0030406666666666668
Ni11,21.509999999999998,0.0023996666666666667
Ni11,21.57,0.0018353333333333333
Ni11,21.63,0.0014813333333333334
Ni11,21.689999999999998,0.0011466666666666667
Ni11,21.75,0.0008553333333333334
Ni11,21.81,0.000666
Ni11,21.869999999999997,0.0004933333333333334
Ni11,21.93,0.000357
Ni11,21.990000000000002,0.00026766666666666665
Ni11,22.049999999999997,0.00020166666666666667
Ni11,22.11,0.00012933333333333332
Ni11,22.17,9.466666666666667e-05
Ni11,22.229999999999997,7.133333333333334e-05
Ni11,22.29,4.5333333333333335e-05
Ni11,22.35,3.6e-05
Ni11,22.409999999999997,2.3666666666666668e-05
Ni11,22.47,1.6e-05
Ni11,22.53,1.4e-05
Ni11,22.589999999999996,7e-06
Ni11,22.65,5e-06
Ni11,22.71,3.6666666666666666e-06
Ni11,22.77,1.6666666666666667e-06
Ni11,22.83,2e-06
Ni11,22.89,1.3333333333333334e-06
Ni11,22.95,3.3333333333333335e-07
Ni11,23.009999999999998,3.3333333333333335e-07
Sn11,16.71,3.3333333333333335e-07
Sn11,16.77,3.3333333333333335e-07
Sn11,16.83,3.3333333333333335e-07
Sn11,16.89,6.666666666666667e-07
Sn11,16.95,1.6666666666666667e-06
Sn11,17.009999999999998,2.333333333333333e-06
Sn11,17.07,5e-06
Sn11,17.13,8e-06
Sn11,17.189999999999998,1.1e-05
Sn11,17.25,1.6666666666666667e-05
Sn11,17.310000000000002,2.2666666666666668e-05
Sn11,17.369999999999997,3.1666666666666666e-05
Sn11,17.43,4.1e-05
Sn11,17.490000000000002,5.266666666666667e-05
Sn11,17.549999999999997,7.666666666666667e-05
Sn11,17.61,0.00010633333333333333
Sn11,17.67,0.000147
Sn11,17.729999999999997,0.000203
Sn11,17.79,0.000283
Sn11,17.85,0.00035933333333333336
Sn11,17.909999999999997,0.00047233333333333334
Sn11,17.97,0.0006406666666666667
Sn11,18.03,0.000832
Sn11,18.09,0.0010886666666666666
Sn11,18.15,0.0013626666666666668
Sn11,18.21,0.0017293333333333334
Sn11,18.27,0.0021376666666666666
Sn11,18.33,0.002706333333333333
Sn11,18.39,0.00333
Sn11,18.45,0.00411
Sn11,18.509999999999998,0.004980333333333333
Sn11,18.57,0.005925333333333334
Sn11,18.63,0.007032666666666666
Sn11,18.689999999999998,0.008386333333333334
Sn11,18.75,0.009869
Sn11,18.81,0.011523333333333333
Sn11,18.869999999999997,0.013272333333333334
Sn11,18.93,0.015225333333333334
Sn11,18.990000000000002,0.017128666666666667
Sn11,19.049999999999997,0.019285666666666666
Sn11,19.11,0.021425666666666666
Sn11,19.17,0.023609
Sn11,19.229999999999997,0.025847666666666668
Sn11,19.29,0.028043333333333333
Sn11,19.35,0.030276666666666667
Sn11,19.409999999999997,0.032098
Sn11,19.47,0.03391333333333333
Sn11,19.53,0.03533033333333333
Sn11,19.59,0.036389333333333336
Sn11,19.65,0.037298
Sn11,19.71,0.03811066666666667
Sn11,19.77,0.03849266666666667
Sn11,19.83,0.038288333333333334
Sn11,19.89,0.03784966666666666
Sn11,19.95,0.03701733333333333
Sn11,20.009999999999998,0.03604533333333333
Sn11,20.07,0.034589666666666664
Sn11,20.13,0.033045
Sn11,20.189999999999998,0.031079666666666665
Sn11,20.25,0.029051
Sn11,20.31,0.026950333333333333
Sn11,20.369999999999997,0.024795666666666667
Sn11,20.43,0.022359333333333332
Sn11,20.490000000000002,0.020116
Sn11,20.549999999999997,0.017885666666666668
Sn11,20.61,0.015839333333333334
Sn11,20.67,0.013784666666666667
Sn11,20.729999999999997,0.011903333333333333
Sn11,20.79,0.010289333333333333
Sn11,20.85,0.008733
Sn11,20.909999999999997,0.007360666666666666
Sn11,20.97,0.006128666666666667
Sn11,21.03,0.005099
Sn11,21.089999999999996,0.004110666666666667
Sn11,21.15,0.00325
Sn11,21.21,0.0026186666666666667
Sn11,21.27,0.002082
Sn11,21.33,0.0016256666666666668
Sn11,21.39,0.001242
Sn11,21.45,0.000957
Sn11,21.509999999999998,0.000734
Sn11,21.57,0.0005513333333333334
Sn11,21.63,0.0004026666666666667
Sn11,21.689999999999998,0.00027966666666666667
Sn11,21.75,0.000198
Sn11,21.81,0.00014333333333333334
Sn11,21.869999999999997,0.00010233333333333333
Sn11,21.93,7.333333333333333e-05
Sn11,21.990000000000002,5.266666666666667e-05
Sn11,22.049999999999997,4e-05
Sn11,22.11,2.6e-05
Sn11,22.17,2.0666666666666666e-05
Sn11,22.229999999999997,1.2e-05
Sn11,22.29,7.333333333333333e-06
Sn11,22.35,5e-06
Sn11,22.409999999999997,4e-06
Sn11,22.47,4.333333333333333e-06
Sn11,22.53,2.333333333333333e-06
Sn11,22.589999999999996,6.666666666666667e-07
Sn11,22.65,3.3333333333333335e-07
Ta11,16.35,3.3333333333333335e-07
Ta11,16.409999999999997,0.0
Ta11,16.47,0.0
Ta11,16.53,1e-06
Ta11,16.59,1e-06
Ta11,16.65,6.666666666666667e-07
Ta11,16.71,4.333333333333333e-06
Ta11,16.77,5e-06
Ta11,16.83,4.333333333333333e-06
Ta11,16.89,1.2e-05
Ta11,16.95,1.5333333333333334e-05
Ta11,17.009999999999998,1.6666666666666667e-05
Ta11,17.07,2.7e-05
Ta11,17.13,3.6666666666666666e-05
Ta11,17.189999999999998,4.8333333333333334e-05
Ta11,17.25,6.566666666666667e-05
Ta11,17.310000000000002,9.433333333333333e-05
Ta11,17.369999999999997,0.00013333333333333334
Ta11,17.43,0.00017466666666666667
Ta11,17.490000000000002,0.00022
Ta11,17.549999999999997,0.000311
Ta11,17.61,0.000421
Ta11,17.67,0.0005156666666666667
Ta11,17.729999999999997,0.0007083333333333334
Ta11,17.79,0.0009106666666666667
Ta11,17.85,0.001107
Ta11,17.909999999999997,0.001469
Ta11,17.97,0.0018086666666666668
Ta11,18.03,0.002240666666666667
Ta11,18.09,0.0027763333333333333
Ta11,18.15,0.003426666666666667
Ta11,18.21,0.004077333333333333
Ta11,18.27,0.004980333333333333
Ta11,18.33,0.006002
Ta11,18.39,0.006977
Ta11,18.45,0.008336666666666666
Ta11,18.509999999999998,0.009738666666666666
Ta11,18.57,0.011132666666666667
Ta11,18.63,0.012924666666666666
Ta11,18.689999999999998,0.014720333333333334
Ta11,18.75,0.016575666666666666
Ta11,18.81,0.018604333333333334
Ta11,18.869999999999997,0.020627333333333334
Ta11,18.93,0.022708
Ta11,18.990000000000002,0.024899
Ta11,19.049999999999997,0.026873
Ta11,19.11,0.02892633333333333
Ta11,19.17,0.030812
Ta11,19.229999999999997,0.032300666666666665
Ta11,19.29,0.033929666666666664
Ta11,19.35,0.035352666666666664
Ta11,19.409999999999997,0.036072
Ta11,19.47,0.036884
Ta11,19.53,0.03724566666666667
Ta11,19.59,0.037253
Ta11,19.65,0.037012666666666666
Ta11,19.71,0.036679
Ta11,19.77,0.03562133333333333
Ta11,19.83,0.03447033333333333
Ta11,19.89,0.03303433333333333
Ta11,19.95,0.031387
Ta11,20.009999999999998,0.029569666666666668
Ta11,20.07,0.027624333333333334
Ta11,20.13,0.025507333333333333
Ta11,20.189999999999998,0.02333966666666667
Ta11,20.25,0.021266333333333335
Ta11,20.31,0.019019
Ta11,20.369999999999997,0.017069
Ta11,20.43,0.014906
Ta11,20.490000000000002,0.013150666666666666
Ta11,20.549999999999997,0.011410666666666666
Ta11,20.61,0.009759
Ta11,20.67,0.008405
Ta11,20.729999999999997,0.007030666666666667
Ta11,20.79,0.005905
Ta11,20.85,0.004896
Ta11,20.909999999999997,0.0039566666666666665
Ta11,20.97,0.003243
Ta11,21.03,0.002586666666666667
Ta11,21.089999999999996,0.0020443333333333333
Ta11,21.15,0.001598
Ta11,21.21,0.0012776666666666668
Ta11,21.27,0.0009706666666666667
Ta11,21.33,0.0007316666666666667
Ta11,21.39,0.0005413333333333333
Ta11,21.45,0.00041466666666666664
Ta11,21.509999999999998,0.00030766666666666665
Ta11,21.57,0.00021966666666666668
Ta11,21.63,0.00015966666666666665
Ta11,21.689999999999998,0.00010533333333333334
Ta11,21.75,8.3e-05
Ta11,21.81,5.8e-05
Ta11,21.869999999999997,3.6e-05
Ta11,21.93,3.1333333333333334e-05
Ta11,21.990000000000002,1.8666666666666665e-05
Ta11,22.049999999999997,1.633333333333333e-05
Ta11,22.11,9.333333333333333e-06
Ta11,22.17,6.333333333333333e-06
Ta11,22.229999999999997,5.666666666666667e-06
Ta11,22.29,1.6666666666666667e-06
Ta11,22.35,2e-06
Ta11,22.409999999999997,2e-06
Ta11,22.47,6.666666666666667e-07
Ta11,22.53,3.3333333333333335e-07
Cu11,15.93,3.3333333333333335e-07
Cu11,15.989999999999998,0.0
Cu11,16.049999999999997,0.0
Cu11,16.11,6.666666666666667e-07
Cu11,16.17,1.3333333333333334e-06
Cu11,16.229999999999997,6.666666666666667e-07
Cu11,16.29,3.3333333333333333e-06
Cu11,16.35,4.666666666666666e-06
Cu11,16.409999999999997,4.666666666666666e-06
Cu11,16.47,6.666666666666667e-06
Cu11,16.53,1.5333333333333334e-05
Cu11,16.59,1.633333333333333e-05
Cu11,16.65,2e-05
Cu11,16.71,3.3333333333333335e-05
Cu11,16.77,4.4666666666666664e-05
Cu11,16.83,5.466666666666667e-05
Cu11,16.89,8.466666666666666e-05
Cu11,16.95,0.00011033333333333334
Cu11,17.009999999999998,0.00015633333333333333
Cu11,17.07,0.00018333333333333334
Cu11,17.13,0.000254
Cu11,17.189999999999998,0.0003623333333333333
Cu11,17.25,0.00043733333333333336
Cu11,17.310000000000002,0.0005823333333333334
Cu11,17.369999999999997,0.000765
Cu11,17.43,0.0009603333333333333
Cu11,17.490000000000002,0.0012006666666666667
Cu11,17.549999999999997,0.0015256666666666667
Cu11,17.61,0.0019116666666666668
Cu11,17.67,0.0023103333333333335
Cu11,17.729999999999997,0.0029143333333333334
Cu11,17.79,0.003501666666666667
Cu11,17.85,0.004162333333333333
Cu11,17.909999999999997,0.005077333333333333
Cu11,17.97,0.006049333333333334
Cu11,18.03,0.007077333333333333
Cu11,18.09,0.008317333333333333
Cu11,18.15,0.009703
Cu11,18.21,0.011113333333333333
Cu11,18.27,0.012816333333333334
Cu11,18.33,0.014508
Cu11,18.39,0.016298333333333335
Cu11,18.45,0.018271
Cu11,18.509999999999998,0.02025
Cu11,18.57,0.022166333333333333
Cu11,18.63,0.024423666666666666
Cu11,18.689999999999998,0.026176666666666668
Cu11,18.75,0.028217333333333334
Cu11,18.81,0.030006333333333333
Cu11,18.869999999999997,0.031502333333333334
Cu11,18.93,0.033170333333333336
Cu11,18.990000000000002,0.034422
Cu11,19.049999999999997,0.03523133333333334
Cu11,19.11,0.036041333333333335
Cu11,19.17,0.03661966666666667
Cu11,19.229999999999997,0.036602333333333334
Cu11,19.29,0.036282
Cu11,19.35,0.036131666666666666
Cu11,19.409999999999997,0.035318
Cu11,19.47,0.034089
Cu11,19.53,0.03288733333333333
Cu11,19.59,0.031534
Cu11,19.65,0.029686666666666667
Cu11,19.71,0.027806333333333332
Cu11,19.77,0.025908333333333332
Cu11,19.83,0.023811666666666665
Cu11,19.89,0.021744
Cu11,19.95,0.019637666666666668
Cu11,20.009999999999998,0.017677333333333333
Cu11,20.07,0.015742666666666665
Cu11,20.13,0.013728333333333334
Cu11,20.189999999999998,0.012110666666666667
Cu11,20.25,0.010477666666666666
Cu11,20.31,0.008973333333333333
Cu11,20.369999999999997,0.007633666666666667
Cu11,20.43,0.006418333333333333
Cu11,20.490000000000002,0.005426
Cu11,20.549999999999997,0.004422
Cu11,20.61,0.0036253333333333333
Cu11,20.67,0.002977333333333333
Cu11,20.729999999999997,0.002355
Cu11,20.79,0.001845
Cu11,20.85,0.0014706666666666666
Cu11,20.909999999999997,0.001165
Cu11,20.97,0.0008746666666666667
Cu11,21.03,0.0006766666666666667
Cu11,21.089999999999996,0.0005093333333333333
Cu11,21.15,0.000377
Cu11,21.21,0.0002773333333333333
Cu11,21.27,0.00021466666666666666
Cu11,21.33,0.00014466666666666667
Cu11,21.39,9.466666666666667e-05
Cu11,21.45,7.933333333333333e-05
Cu11,21.509999999999998,5.133333333333333e-05
Cu11,21.57,3.6e-05
Cu11,21.63,2.8333333333333332e-05
Cu11,21.689999999999998,1.7333333333333332e-05
Cu11,21.75,1.7333333333333332e-05
Cu11,21.81,7.666666666666667e-06
Cu11,21.869999999999997,6.666666666666667e-06
Cu11,21.93,5.333333333333334e-06
Cu11,21.990000000000002,1.3333333333333334e-06
Cu11,22.049999999999997,2.333333333333333e-06
Cu11,22.11,1.6666666666666667e-06
Cu11,22.17,6.666666666666667e-07
Cu11,22.229999999999997,3.3333333333333335e-07
Al_degrader_E8_E7,12.39,6.666666666666667e-08
Al_degrader_E8_E7,12.45,0.0
Al_degrader_E8_E7,12.51,0.0
Al_degrader_E8_E7,12.57,6.666666666666667e-08
Al_degrader_E8_E7,12.629999999999999,1.3333333333333334e-07
Al_degrader_E8_E7,12.69,2e-07
Al_degrader_E8_E7,12.75,1.3333333333333334e-07
Al_degrader_E8_E7,12.809999999999999,1.3333333333333334e-07
Al_degrader_E8_E7,12.870000000000001,8.666666666666667e-07
Al_degrader_E8_E7,12.93,8.666666666666667e-07
Al_degrader_E8_E7,12.989999999999998,8.666666666666667e-07
Al_degrader_E8_E7,13.05,1.0666666666666667e-06
Al_degrader_E8_E7,13.11,2.4e-06
Al_degrader_E8_E7,13.169999999999998,2.9333333333333333e-06
Al_degrader_E8_E7,13.23,2.9333333333333333e-06
Al_degrader_E8_E7,13.29,3.6e-06
Al_degrader_E8_E7,13.35,5.666666666666667e-06
Al_degrader_E8_E7,13.41,7.666666666666667e-06
Al_degrader_E8_E7,13.469999999999999,9.4e-06
Al_degrader_E8_E7,13.53,1.24e-05
Al_degrader_E8_E7,13.59,1.586666666666667e-05
Al_degrader_E8_E7,13.649999999999999,2.1733333333333334e-05
Al_degrader_E8_E7,13.71,2.9133333333333334e-05
Al_degrader_E8_E7,13.77,3.16e-05
Al_degrader_E8_E7,13.829999999999998,4.2466666666666664e-05
Al_degrader_E8_E7,13.89,5.853333333333333e-05
Al_degrader_E8_E7,13.95,7.406666666666666e-05
Al_degrader_E8_E7,14.009999999999998,8.34e-05
Al_degrader_E8_E7,14.07,0.0001104
Al_degrader_E8_E7,14.129999999999999,0.00014133333333333334
Al_degrader_E8_E7,14.19,0.00016833333333333332
Al_degrader_E8_E7,14.25,0.0002048
Al_degrader_E8_E7,14.309999999999999,0.000252
Al_degrader_E8_E7,14.37,0.0003112
Al_degrader_E8_E7,14.43,0.00037933333333333336
Al_degrader_E8_E7,14.489999999999998,0.0004427333333333333
Al_degrader_E8_E7,14.55,0.0005426666666666667
Al_degrader_E8_E7,14.61,0.0006362
Al_degrader_E8_E7,14.669999999999998,0.0007584666666666667
Al_degrader_E8_E7,14.73,0.0008887333333333333
Al_degrader_E8_E7,14.79,0.0010562666666666667
Al_degrader_E8_E7,14.85,0.0012198
Al_degrader_E8_E7,14.91,0.0014237333333333333
Al_degrader_E8_E7,14.969999999999999,0.0016535333333333334
Al_degrader_E8_E7,15.03,0.001889
Al_degrader_E8_E7,15.09,0.0021704
Al_degrader_E8_E7,15.149999999999999,0.0024744
Al_degrader_E8_E7,15.21,0.0028094
Al_degrader_E8_E7,15.27,0.0031499333333333333
Al_degrader_E8_E7,15.329999999999998,0.0035434
Al_degrader_E8_E7,15.39,0.0039752
Al_degrader_E8_E7,15.45,0.004410733333333333
Al_degrader_E8_E7,15.509999999999998,0.004876466666666667
Al_degrader_E8_E7,15.57,0.005386266666666667
Al_degrader_E8_E7,15.629999999999999,0.005902933333333333
Al_degrader_E8_E7,15.69,0.0064398
Al_degrader_E8_E7,15.75,0.006992933333333333
Al_degrader_E8_E7,15.809999999999999,0.007568
Al_degrader_E8_E7,15.87,0.008123533333333334
Al_degrader_E8_E7,15.93,0.008746
Al_degrader_E8_E7,15.989999999999998,0.0093312
Al_degrader_E8_E7,16.049999999999997,0.009951066666666666
Al_degrader_E8_E7,16.11,0.01046
Al_degrader_E8_E7,16.17,0.011135666666666667
Al_degrader_E8_E7,16.229999999999997,0.011695066666666667
Al_degrader_E8_E7,16.29,0.012209133333333334
Al_degrader_E8_E7,16.35,0.01272
Al_degrader_E8_E7,16.409999999999997,0.013312666666666667
Al_degrader_E8_E7,16.47,0.0138328
Al_degrader_E8_E7,16.53,0.014229333333333333
Al_degrader_E8_E7,16.59,0.0146908
Al_degrader_E8_E7,16.65,0.015162733333333333
Al_degrader_E8_E7,16.71,0.015543466666666667
Al_degrader_E8_E7,16.77,0.015854933333333335
Al_degrader_E8_E7,16.83,0.016201533333333334
Al_degrader_E8_E7,16.89,0.0165536
Al_degrader_E8_E7,16.95,0.0168264
Al_degrader_E8_E7,17.009999999999998,0.0170084
Al_degrader_E8_E7,17.07,0.017302466666666665
Al_degrader_E8_E7,17.13,0.017536533333333333
Al_degrader_E8_E7,17.189999999999998,0.0176532
Al_degrader_E8_E7,17.25,0.017818866666666665
Al_degrader_E8_E7,17.310000000000002,0.0180332
Al_degrader_E8_E7,17.369999999999997,0.018124333333333333
Al_degrader_E8_E7,17.43,0.0181808
Al_degrader_E8_E7,17.490000000000002,0.018315866666666666
Al_degrader_E8_E7,17.549999999999997,0.018427
Al_degrader_E8_E7,17.61,0.0184084
Al_degrader_E8_E7,17.67,0.018440666666666668
Al_degrader_E8_E7,17.729999999999997,0.0185292
Al_degrader_E8_E7,17.79,0.018515133333333333
Al_degrader_E8_E7,17.85,0.0184414
Al_degrader_E8_E7,17.909999999999997,0.018441
Al_degrader_E8_E7,17.97,0.0183982
Al_degrader_E8_E7,18.03,0.0182724
Al_degrader_E8_E7,18.09,0.018121733333333334
Al_degrader_E8_E7,18.15,0.018028133333333335
Al_degrader_E8_E7,18.21,0.017855733333333332
Al_degrader_E8_E7,18.27,0.017562333333333333
Al_degrader_E8_E7,18.33,0.017348
Al_degrader_E8_E7,18.39,0.0170744
Al_degrader_E8_E7,18.45,0.016659533333333334
Al_degrader_E8_E7,18.509999999999998,0.016267933333333335
Al_degrader_E8_E7,18.57,0.015921133333333334
Al_degrader_E8_E7,18.63,0.015421933333333334
Al_degrader_E8_E7,18.689999999999998,0.014811
Al_degrader_E8_E7,18.75,0.0143268
Al_degrader_E8_E7,18.81,0.013745666666666666
Al_degrader_E8_E7,18.869999999999997,0.013045066666666667
Al_degrader_E8_E7,18.93,0.012385266666666667
Al_degrader_E8_E7,18.990000000000002,0.011751533333333333
Al_degrader_E8_E7,19.049999999999997,0.011007
Al_degrader_E8_E7,19.11,0.0102762
Al_degrader_E8_E7,19.17,0.009559333333333333
Al_degrader_E8_E7,19.229999999999997,0.0088342
Al_degrader_E8_E7,19.29,0.008085133333333333
Al_degrader_E8_E7,19.35,0.007382533333333333
Al_degrader_E8_E7,19.409999999999997,0.0067126
Al_degrader_E8_E7,19.47,0.006009
Al_degrader_E8_E7,19.53,0.0053716
Al_degrader_E8_E7,19.59,0.004782
Al_degrader_E8_E7,19.65,0.004214933333333334
Al_degrader_E8_E7,19.71,0.0036902666666666665
Al_degrader_E8_E7,19.77,0.0031838
Al_degrader_E8_E7,19.83,0.0027602
Al_degrader_E8_E7,19.89,0.0023616
Al_degrader_E8_E7,19.95,0.002012
Al_degrader_E8_E7,20.009999999999998,0.0016713333333333333
Al_degrader_E8_E7,20.07,0.0014088
Al_degrader_E8_E7,20.13,0.0011759333333333333
Al_degrader_E8_E7,20.189999999999998,0.0009599333333333333
Al_degrader_E8_E7,20.25,0.0007694
Al_degrader_E8_E7,20.31,0.0006397333333333333
Al_degrader_E8_E7,20.369999999999997,0.0005072
Al_degrader_E8_E7,20.43,0.000394
Al_degrader_E8_E7,20.490000000000002,0.0003132666666666667
Al_degrader_E8_E7,20.549999999999997,0.00024393333333333334
Al_degrader_E8_E7,20.61,0.00018766666666666666
Al_degrader_E8_E7,20.67,0.00014346666666666667
Al_degrader_E8_E7,20.729999999999997,0.00010806666666666667
Al_degrader_E8_E7,20.79,8.046666666666667e-05
Al_degrader_E8_E7,20.85,5.88e-05
Al_degrader_E8_E7,20.909999999999997,4.7333333333333336e-05
Al_degrader_E8_E7,20.97,3.0266666666666666e-05
Al_degrader_E8_E7,21.03,2.2066666666666667e-05
Al_degrader_E8_E7,21.089999999999996,1.6733333333333335e-05
Al_degrader_E8_E7,21.15,1.1866666666666666e-05
Al_degrader_E8_E7,21.21,7.933333333333334e-06
Al_degrader_E8_E7,21.27,6.333333333333333e-06
Al_degrader_E8_E7,21.33,4.2e-06
Al_degrader_E8_E7,21.39,2.8e-06
Al_degrader_E8_E7,21.45,2.333333333333333e-06
Al_degrader_E8_E7,21.509999999999998,1.2666666666666667e-06
Al_degrader_E8_E7,21.57,1.2e-06
Al_degrader_E8_E7,21.63,3.3333333333333335e-07
Al_degrader_E8_E7,21.689999999999998,4e-07
Al_degrader_E8_E7,21.75,5.333333333333333e-07
Al_degrader_E8_E7,21.81,6.666666666666667e-08
Al_degrader_E8_E7,21.869999999999997,1.3333333333333334e-07
Ni12,11.85,3.3333333333333335e-07
Ni12,11.91,0.0
Ni12,11.969999999999999,0.0
Ni12,12.03,3.3333333333333335e-07
Ni12,12.09,1e-06
Ni12,12.149999999999999,1e-06
Ni12,12.21,3.3333333333333335e-07
Ni12,12.27,3e-06
Ni12,12.329999999999998,3e-06
Ni12,12.39,3.3333333333333333e-06
Ni12,12.45,5e-06
Ni12,12.51,8e-06
Ni12,12.57,1.1e-05
Ni12,12.629999999999999,1.4e-05
Ni12,12.69,1.3666666666666667e-05
Ni12,12.75,1.8666666666666665e-05
Ni12,12.809999999999999,2.7333333333333335e-05
Ni12,12.870000000000001,3.866666666666667e-05
Ni12,12.93,4.433333333333333e-05
Ni12,12.989999999999998,5.9e-05
Ni12,13.05,7.1e-05
Ni12,13.11,0.00010433333333333334
Ni12,13.169999999999998,0.00013266666666666667
Ni12,13.23,0.00014066666666666668
Ni12,13.29,0.00019266666666666667
Ni12,13.35,0.000254
Ni12,13.41,0.00033033333333333336
Ni12,13.469999999999999,0.000375
Ni12,13.53,0.00047933333333333335
Ni12,13.59,0.000595
Ni12,13.649999999999999,0.0007456666666666666
Ni12,13.71,0.0008803333333333333
Ni12,13.77,0.0010686666666666668
Ni12,13.829999999999998,0.0013086666666666667
Ni12,13.89,0.0015546666666666667
Ni12,13.95,0.001835
Ni12,14.009999999999998,0.002242
Ni12,14.07,0.002609666666666667
Ni12,14.129999999999999,0.0030743333333333334
Ni12,14.19,0.0035223333333333335
Ni12,14.25,0.004168333333333333
Ni12,14.309999999999999,0.0049113333333333335
Ni12,14.37,0.005514666666666667
Ni12,14.43,0.006384
Ni12,14.489999999999998,0.007284
Ni12,14.55,0.008319
Ni12,14.61,0.009291
Ni12,14.669999999999998,0.010402666666666666
Ni12,14.73,0.011672333333333333
Ni12,14.79,0.012902333333333333
Ni12,14.85,0.014244333333333333
Ni12,14.91,0.015622333333333334
Ni12,14.969999999999999,0.017152
Ni12,15.03,0.018402
Ni12,15.09,0.020057333333333333
Ni12,15.149999999999999,0.02144
Ni12,15.21,0.022854
Ni12,15.27,0.024222333333333332
Ni12,15.329999999999998,0.025508
Ni12,15.39,0.026665666666666667
Ni12,15.45,0.027824
Ni12,15.509999999999998,0.028910666666666668
Ni12,15.57,0.029685
Ni12,15.629999999999999,0.03025366666666667
Ni12,15.69,0.03082
Ni12,15.75,0.031243333333333335
Ni12,15.809999999999999,0.031265666666666664
Ni12,15.87,0.031134666666666668
Ni12,15.93,0.031
Ni12,15.989999999999998,0.030671
Ni12,16.049999999999997,0.029903
Ni12,16.11,0.029138666666666667
Ni12,16.17,0.028198333333333332
Ni12,16.229999999999997,0.027314
Ni12,16.29,0.025837666666666665
Ni12,16.35,0.024562
Ni12,16.409999999999997,0.023209333333333332
Ni12,16.47,0.021852666666666666
Ni12,16.53,0.020213
Ni12,16.59,0.018619
Ni12,16.65,0.017085
Ni12,16.71,0.015765333333333333
Ni12,16.77,0.014234666666666666
Ni12,16.83,0.012704
Ni12,16.89,0.011331666666666667
Ni12,16.95,0.010159
Ni12,17.009999999999998,0.009005333333333334
Ni12,17.07,0.00783
Ni12,17.13,0.006751
Ni12,17.189999999999998,0.005831333333333333
Ni12,17.25,0.0050806666666666665
Ni12,17.310000000000002,0.004372
Ni12,17.369999999999997,0.003592
Ni12,17.43,0.003024666666666667
Ni12,17.490000000000002,0.0025426666666666666
Ni12,17.549999999999997,0.002112
Ni12,17.61,0.0016873333333333334
Ni12,17.67,0.001382
Ni12,17.729999999999997,0.001121
Ni12,17.79,0.0008996666666666667
Ni12,17.85,0.0006956666666666667
Ni12,17.909999999999997,0.0005603333333333334
Ni12,17.97,0.00044133333333333335
Ni12,18.03,0.00033433333333333335
Ni12,18.09,0.000249
Ni12,18.15,0.00020433333333333333
Ni12,18.21,0.00014766666666666666
Ni12,18.27,0.00010333333333333333
Ni12,18.33,8.333333333333333e-05
Ni12,18.39,6.3e-05
Ni12,18.45,4.3666666666666666e-05
Ni12,18.509999999999998,3.233333333333333e-05
Ni12,18.57,2.5333333333333334e-05
Ni12,18.63,1.8e-05
Ni12,18.689999999999998,1.2666666666666667e-05
Ni12,18.75,1.1333333333333334e-05
Ni12,18.81,5.666666666666667e-06
Ni12,18.869999999999997,5e-06
Ni12,18.93,4.333333333333333e-06
Ni12,18.990000000000002,1.6666666666666667e-06
Ni12,19.049999999999997,1.6666666666666667e-06
Ni12,19.11,2e-06
Ni12,19.17,3.3333333333333335e-07
Ni12,19.229999999999997,6.666666666666667e-07
Sn12,11.669999999999998,3.3333333333333335e-07
Sn12,11.73,3.3333333333333335e-07
Sn12,11.79,0.0
Sn12,11.85,6.666666666666667e-07
Sn12,11.91,1e-06
Sn12,11.969999999999999,1e-06
Sn12,12.03,1.3333333333333334e-06
Sn12,12.09,2.333333333333333e-06
Sn12,12.149999999999999,4.666666666666666e-06
Sn12,12.21,7.333333333333333e-06
Sn12,12.27,8.333333333333334e-06
Sn12,12.329999999999998,9e-06
Sn12,12.39,1.4e-05
Sn12,12.45,2.1e-05
Sn12,12.51,2.7333333333333335e-05
Sn12,12.57,2.8666666666666668e-05
Sn12,12.629999999999999,3.8e-05
Sn12,12.69,4.7333333333333336e-05
Sn12,12.75,6.166666666666667e-05
Sn12,12.809999999999999,7.5e-05
Sn12,12.870000000000001,0.00010733333333333333
Sn12,12.93,0.000136
Sn12,12.989999999999998,0.00018333333333333334
Sn12,13.05,0.000219
Sn12,13.11,0.00027633333333333335
Sn12,13.169999999999998,0.00033766666666666667
Sn12,13.23,0.000431
Sn12,13.29,0.0005376666666666667
Sn12,13.35,0.0006656666666666666
Sn12,13.41,0.000814
Sn12,13.469999999999999,0.0009996666666666667
Sn12,13.53,0.001197
Sn12,13.59,0.0014496666666666666
Sn12,13.649999999999999,0.001715
Sn12,13.71,0.00207
Sn12,13.77,0.002497
Sn12,13.829999999999998,0.002912
Sn12,13.89,0.0034173333333333334
Sn12,13.95,0.004015333333333333
Sn12,14.009999999999998,0.004637666666666667
Sn12,14.07,0.005320333333333333
Sn12,14.129999999999999,0.006145333333333333
Sn12,14.19,0.0070546666666666666
Sn12,14.25,0.008060666666666667
Sn12,14.309999999999999,0.009165333333333333
Sn12,14.37,0.010262
Sn12,14.43,0.011520333333333334
Sn12,14.489999999999998,0.012911333333333334
Sn12,14.55,0.014178666666666666
Sn12,14.61,0.015619333333333334
Sn12,14.669999999999998,0.016997666666666668
Sn12,14.73,0.018551333333333333
Sn12,14.79,0.020084666666666667
Sn12,14.85,0.021542333333333333
Sn12,14.91,0.023045
Sn12,14.969999999999999,0.024571
Sn12,15.03,0.025873666666666666
Sn12,15.09,0.027245
Sn12,15.149999999999999,0.028299333333333333
Sn12,15.21,0.029299333333333333
Sn12,15.27,0.030029666666666666
Sn12,15.329999999999998,0.030774666666666665
Sn12,15.39,0.031323666666666666
Sn12,15.45,0.031717333333333333
Sn12,15.509999999999998,0.031893333333333336
Sn12,15.57,0.031708
Sn12,15.629999999999999,0.031513
Sn12,15.69,0.030902666666666665
Sn12,15.75,0.030421
Sn12,15.809999999999999,0.029504333333333334
Sn12,15.87,0.028614
Sn12,15.93,0.027405666666666665
Sn12,15.989999999999998,0.026099333333333332
Sn12,16.049999999999997,0.02471
Sn12,16.11,0.02329466666666667
Sn12,16.17,0.021801666666666667
Sn12,16.229999999999997,0.020229666666666667
Sn12,16.29,0.018546666666666666
Sn12,16.35,0.016951
Sn12,16.409999999999997,0.015456666666666667
Sn12,16.47,0.013939333333333333
Sn12,16.53,0.012469333333333334
Sn12,16.59,0.011064
Sn12,16.65,0.009831333333333333
Sn12,16.71,0.008659333333333333
Sn12,16.77,0.007536666666666666
Sn12,16.83,0.006541666666666667
Sn12,16.89,0.0056426666666666665
Sn12,16.95,0.004863333333333333
Sn12,17.009999999999998,0.004098
Sn12,17.07,0.0033973333333333334
Sn12,17.13,0.0028046666666666667
Sn12,17.189999999999998,0.0023196666666666665
Sn12,17.25,0.0019296666666666668
Sn12,17.310000000000002,0.001557
Sn12,17.369999999999997,0.001265
Sn12,17.43,0.001001
Sn12,17.490000000000002,0.0008003333333333333
Sn12,17.549999999999997,0.0006283333333333333
Sn12,17.61,0.0005073333333333334
Sn12,17.67,0.000394
Sn12,17.729999999999997,0.000297
Sn12,17.79,0.000208
Sn12,17.85,0.000158
Sn12,17.909999999999997,0.00012333333333333334
Sn12,17.97,9.3e-05
Sn12,18.03,6.633333333333334e-05
Sn12,18.09,5.066666666666667e-05
Sn12,18.15,3.8e-05
Sn12,18.21,2.966666666666667e-05
Sn12,18.27,2.0666666666666666e-05
Sn12,18.33,1.7e-05
Sn12,18.39,1.0666666666666667e-05
Sn12,18.45,6.666666666666667e-06
Sn12,18.509999999999998,5e-06
Sn12,18.57,4.666666666666666e-06
Sn12,18.63,3.6666666666666666e-06
Sn12,18.689999999999998,3.3333333333333333e-06
Sn12,18.75,1e-06
Sn12,18.81,6.666666666666667e-07
Sn12,18.869999999999997,3.3333333333333335e-07
Ta12,11.19,3.3333333333333335e-07
Ta12,11.25,0.0
Ta12,11.309999999999999,0.0
Ta12,11.370000000000001,3.3333333333333335e-07
Ta12,11.43,1e-06
Ta12,11.489999999999998,0.0
Ta12,11.55,1.3333333333333334e-06
Ta12,11.61,6.666666666666667e-07
Ta12,11.669999999999998,4e-06
Ta12,11.73,4e-06
Ta12,11.79,3e-06
Ta12,11.85,3.6666666666666666e-06
Ta12,11.91,1.2e-05
Ta12,11.969999999999999,1.0666666666666667e-05
Ta12,12.03,1.3666666666666667e-05
Ta12,12.09,1.3666666666666667e-05
Ta12,12.149999999999999,2.5e-05
Ta12,12.21,3.0333333333333333e-05
Ta12,12.27,3.566666666666667e-05
Ta12,12.329999999999998,4.6666666666666665e-05
Ta12,12.39,6.1e-05
Ta12,12.45,7.566666666666667e-05
Ta12,12.51,0.000101
Ta12,12.57,0.00013066666666666665
Ta12,12.629999999999999,0.00015366666666666667
Ta12,12.69,0.00019133333333333334
Ta12,12.75,0.00024966666666666665
Ta12,12.809999999999999,0.000324
Ta12,12.870000000000001,0.00037833333333333333
Ta12,12.93,0.0004603333333333333
Ta12,12.989999999999998,0.0006083333333333333
Ta12,13.05,0.0007196666666666666
Ta12,13.11,0.0008273333333333333
Ta12,13.169999999999998,0.001053
Ta12,13.23,0.0012546666666666667
Ta12,13.29,0.0015103333333333334
Ta12,13.35,0.001797
Ta12,13.41,0.0021186666666666667
Ta12,13.469999999999999,0.002521666666666667
Ta12,13.53,0.0029003333333333333
Ta12,13.59,0.003372
Ta12,13.649999999999999,0.003952
Ta12,13.71,0.004626333333333333
Ta12,13.77,0.005305333333333333
Ta12,13.829999999999998,0.005973666666666667
Ta12,13.89,0.006927333333333333
Ta12,13.95,0.007848333333333334
Ta12,14.009999999999998,0.008761333333333333
Ta12,14.07,0.009908333333333333
Ta12,14.129999999999999,0.011045
Ta12,14.19,0.012175333333333333
Ta12,14.25,0.013513666666666667
Ta12,14.309999999999999,0.014864666666666667
Ta12,14.37,0.016167
Ta12,14.43,0.017572666666666667
Ta12,14.489999999999998,0.019054666666666668
Ta12,14.55,0.020465
Ta12,14.61,0.021814
Ta12,14.669999999999998,0.023117333333333333
Ta12,14.73,0.024652
Ta12,14.79,0.025728666666666667
Ta12,14.85,0.026696333333333332
Ta12,14.91,0.027925666666666668
Ta12,14.969999999999999,0.028902333333333332
Ta12,15.03,0.029381666666666667
Ta12,15.09,0.030074666666666666
Ta12,15.149999999999999,0.030503333333333334
Ta12,15.21,0.030862666666666667
Ta12,15.27,0.03077533333333333
Ta12,15.329999999999998,0.030711
Ta12,15.39,0.030536333333333332
Ta12,15.45,0.030019666666666667
Ta12,15.509999999999998,0.029284333333333332
Ta12,15.57,0.028500333333333332
Ta12,15.629999999999999,0.027551
Ta12,15.69,0.026467666666666667
Ta12,15.75,0.025326
Ta12,15.809999999999999,0.023907
Ta12,15.87,0.022665333333333332
Ta12,15.93,0.021101666666666668
Ta12,15.989999999999998,0.019612
Ta12,16.049999999999997,0.018272
Ta12,16.11,0.016580666666666667
Ta12,16.17,0.01525
Ta12,16.229999999999997,0.013836666666666667
Ta12,16.29,0.012325
Ta12,16.35,0.011128
Ta12,16.409999999999997,0.009886666666666667
Ta12,16.47,0.008687
Ta12,16.53,0.007686666666666666
Ta12,16.59,0.00668
Ta12,16.65,0.005749666666666667
Ta12,16.71,0.004973666666666667
Ta12,16.77,0.004246666666666667
Ta12,16.83,0.003561
Ta12,16.89,0.0030163333333333335
Ta12,16.95,0.002536
Ta12,17.009999999999998,0.0020553333333333335
Ta12,17.07,0.0016806666666666667
Ta12,17.13,0.0013866666666666667
Ta12,17.189999999999998,0.001122
Ta12,17.25,0.000916
Ta12,17.310000000000002,0.0007066666666666666
Ta12,17.369999999999997,0.0005673333333333333
Ta12,17.43,0.00044866666666666666
Ta12,17.490000000000002,0.000341
Ta12,17.549999999999997,0.00026533333333333335
Ta12,17.61,0.00020733333333333332
Ta12,17.67,0.000155
Ta12,17.729999999999997,0.000112
Ta12,17.79,7.933333333333333e-05
Ta12,17.85,6.966666666666666e-05
Ta12,17.909999999999997,4.8666666666666666e-05
Ta12,17.97,3.1666666666666666e-05
Ta12,18.03,2.9333333333333333e-05
Ta12,18.09,1.8333333333333333e-05
Ta12,18.15,1.4e-05
Ta12,18.21,1.2666666666666667e-05
Ta12,18.27,6.666666666666667e-06
Ta12,18.33,5.666666666666667e-06
Ta12,18.39,4.666666666666666e-06
Ta12,18.45,1.6666666666666667e-06
Ta12,18.509999999999998,2.333333333333333e-06
Ta12,18.57,2.666666666666667e-06
Ta12,18.63,0.0
Ta12,18.689999999999998,6.666666666666667e-07
Ta12,18.75,3.3333333333333335e-07
Cu12,10.649999999999999,3.3333333333333335e-07
Cu12,10.71,0.0
Cu12,10.77,0.0
Cu12,10.829999999999998,3.3333333333333335e-07
Cu12,10.89,1e-06
Cu12,10.95,6.666666666666667e-07
Cu12,11.01,6.666666666666667e-07
Cu12,11.07,3.3333333333333335e-07
Cu12,11.129999999999999,3.6666666666666666e-06
Cu12,11.19,4e-06
Cu12,11.25,3.3333333333333333e-06
Cu12,11.309999999999999,3e-06
Cu12,11.370000000000001,9.333333333333333e-06
Cu12,11.43,1.1e-05
Cu12,11.489999999999998,1.3333333333333333e-05
Cu12,11.55,1.3666666666666667e-05
Cu12,11.61,1.7333333333333332e-05
Cu12,11.669999999999998,2.5666666666666666e-05
Cu12,11.73,3.366666666666667e-05
Cu12,11.79,4.1e-05
Cu12,11.85,4.6e-05
Cu12,11.91,6.766666666666667e-05
Cu12,11.969999999999999,8.333333333333333e-05
Cu12,12.03,0.00011566666666666667
Cu12,12.09,0.00012433333333333334
Cu12,12.149999999999999,0.000159
Cu12,12.21,0.00019866666666666668
Cu12,12.27,0.00025866666666666665
Cu12,12.329999999999998,0.00033066666666666666
Cu12,12.39,0.00037033333333333335
Cu12,12.45,0.000469
Cu12,12.51,0.0005846666666666667
Cu12,12.57,0.000707
Cu12,12.629999999999999,0.00083
Cu12,12.69,0.0010096666666666667
Cu12,12.75,0.0012173333333333333
Cu12,12.809999999999999,0.0014513333333333333
Cu12,12.870000000000001,0.0016963333333333333
Cu12,12.93,0.0020066666666666666
Cu12,12.989999999999998,0.0023736666666666667
Cu12,13.05,0.002781333333333333
Cu12,13.11,0.003175
Cu12,13.169999999999998,0.003694
Cu12,13.23,0.004288
Cu12,13.29,0.004950666666666667
Cu12,13.35,0.005573333333333333
Cu12,13.41,0.006361333333333333
Cu12,13.469999999999999,0.007276
Cu12,13.53,0.008159333333333333
Cu12,13.59,0.009072666666666666
Cu12,13.649999999999999,0.010160333333333334
Cu12,13.71,0.011312333333333334
Cu12,13.77,0.012455333333333334
Cu12,13.829999999999998,0.013663
Cu12,13.89,0.014933666666666666
Cu12,13.95,0.016306666666666667
Cu12,14.009999999999998,0.017579
Cu12,14.07,0.019025666666666666
Cu12,14.129999999999999,0.020273333333333334
Cu12,14.19,0.021508
Cu12,14.25,0.022972
Cu12,14.309999999999999,0.024134666666666665
Cu12,14.37,0.025162666666666667
Cu12,14.43,0.026139
Cu12,14.489999999999998,0.027423
Cu12,14.55,0.028200666666666666
Cu12,14.61,0.028741666666666665
Cu12,14.669999999999998,0.029193333333333335
Cu12,14.73,0.029864333333333333
Cu12,14.79,0.030067666666666666
Cu12,14.85,0.030008
Cu12,14.91,0.029848333333333334
Cu12,14.969999999999999,0.029741
Cu12,15.03,0.029377666666666667
Cu12,15.09,0.028639
Cu12,15.149999999999999,0.027867
Cu12,15.21,0.027079
Cu12,15.27,0.026133666666666666
Cu12,15.329999999999998,0.024919666666666666
Cu12,15.39,0.023692333333333333
Cu12,15.45,0.022395333333333333
Cu12,15.509999999999998,0.021092333333333334
Cu12,15.57,0.019627333333333333
Cu12,15.629999999999999,0.018251
Cu12,15.69,0.016768
Cu12,15.75,0.015433
Cu12,15.809999999999999,0.014083666666666666
Cu12,15.87,0.012691666666666667
Cu12,15.93,0.011343333333333334
Cu12,15.989999999999998,0.010212333333333334
Cu12,16.049999999999997,0.009162666666666666
Cu12,16.11,0.007947666666666667
Cu12,16.17,0.007072666666666666
Cu12,16.229999999999997,0.006091
Cu12,16.29,0.005290666666666667
Cu12,16.35,0.00459
Cu12,16.409999999999997,0.003876
Cu12,16.47,0.003293
Cu12,16.53,0.002795666666666667
Cu12,16.59,0.002348
Cu12,16.65,0.0018873333333333333
Cu12,16.71,0.0015526666666666666
Cu12,16.77,0.0013013333333333334
Cu12,16.83,0.0010373333333333332
Cu12,16.89,0.000862
Cu12,16.95,0.0006523333333333333
Cu12,17.009999999999998,0.00054
Cu12,17.07,0.00041466666666666664
Cu12,17.13,0.00031766666666666667
Cu12,17.189999999999998,0.00025266666666666666
Cu12,17.25,0.00019966666666666668
Cu12,17.310000000000002,0.00015133333333333334
Cu12,17.369999999999997,0.00010433333333333334
Cu12,17.43,8.233333333333333e-05
Cu12,17.490000000000002,6.633333333333334e-05
Cu12,17.549999999999997,4.6666666666666665e-05
Cu12,17.61,2.9333333333333333e-05
Cu12,17.67,3.1666666666666666e-05
Cu12,17.729999999999997,1.7333333333333332e-05
Cu12,17.79,1.4e-05
Cu12,17.85,1.3e-05
Cu12,17.909999999999997,6.333333333333333e-06
Cu12,17.97,5.333333333333334e-06
Cu12,18.03,4.666666666666666e-06
Cu12,18.09,2.333333333333333e-06
Cu12,18.15,2e-06
Cu12,18.21,1.3333333333333334e-06
Cu12,18.27,1.6666666666666667e-06
Cu12,18.33,6.666666666666667e-07
Cu12,18.39,3.3333333333333335e-07
Al_degrader_E9,8.19,8.333333333333334e-08
Al_degrader_E9,8.25,0.0
Al_degrader_E9,8.309999999999999,0.0
Al_degrader_E9,8.370000000000001,0.0
Al_degrader_E9,8.43,1.6666666666666668e-07
Al_degrader_E9,8.489999999999998,0.0
Al_degrader_E9,8.55,1.6666666666666668e-07
Al_degrader_E9,8.61,1.6666666666666668e-07
Al_degrader_E9,8.67,3.3333333333333335e-07
Al_degrader_E9,8.73,8.333333333333334e-08
Al_degrader_E9,8.79,7.5e-07
Al_degrader_E9,8.85,6.666666666666667e-07
Al_degrader_E9,8.91,1.0833333333333333e-06
Al_degrader_E9,8.969999999999999,5e-07
Al_degrader_E9,9.030000000000001,1.5e-06
Al_degrader_E9,9.09,2.25e-06
Al_degrader_E9,9.149999999999999,2.5e-06
Al_degrader_E9,9.21,2.5833333333333333e-06
Al_degrader_E9,9.27,3.5833333333333335e-06
Al_degrader_E9,9.329999999999998,5.5e-06
Al_degrader_E9,9.39,4.416666666666667e-06
Al_degrader_E9,9.45,6.5833333333333335e-06
Al_degrader_E9,9.51,8.833333333333334e-06
Al_degrader_E9,9.57,1.0416666666666666e-05
Al_degrader_E9,9.629999999999999,1.1666666666666666e-05
Al_degrader_E9,9.69,1.6166666666666665e-05
Al_degrader_E9,9.75,1.8833333333333335e-05
Al_degrader_E9,9.809999999999999,2.4083333333333334e-05
Al_degrader_E9,9.870000000000001,2.9833333333333335e-05
Al_degrader_E9,9.93,3.733333333333333e-05
Al_degrader_E9,9.989999999999998,4.1666666666666665e-05
Al_degrader_E9,10.05,5.158333333333333e-05
Al_degrader_E9,10.11,6.425e-05
Al_degrader_E9,10.169999999999998,8.066666666666667e-05
Al_degrader_E9,10.23,9.208333333333334e-05
Al_degrader_E9,10.29,0.00011116666666666667
Al_degrader_E9,10.35,0.00013816666666666667
Al_degrader_E9,10.41,0.00016475
Al_degrader_E9,10.469999999999999,0.00019233333333333334
Al_degrader_E9,10.53,0.00022491666666666667
Al_degrader_E9,10.59,0.00027291666666666664
Al_degrader_E9,10.649999999999999,0.0003285
Al_degrader_E9,10.71,0.0003675
Al_degrader_E9,10.77,0.0004456666666666667
Al_degrader_E9,10.829999999999998,0.0005245833333333333
Al_degrader_E9,10.89,0.0005856666666666666
Al_degrader_E9,10.95,0.0007129166666666667
Al_degrader_E9,11.01,0.0008239166666666667
Al_degrader_E9,11.07,0.0009215
Al_degrader_E9,11.129999999999999,0.001078
Al_degrader_E9,11.19,0.00125525
Al_degrader_E9,11.25,0.0014196666666666667
Al_degrader_E9,11.309999999999999,0.0016205833333333333
Al_degrader_E9,11.370000000000001,0.001842
Al_degrader_E9,11.43,0.0021040833333333332
Al_degrader_E9,11.489999999999998,0.0023596666666666666
Al_degrader_E9,11.55,0.0026685
Al_degrader_E9,11.61,0.0030046666666666668
Al_degrader_E9,11.669999999999998,0.0033725
Al_degrader_E9,11.73,0.00374575
Al_degrader_E9,11.79,0.0041775833333333335
Al_degrader_E9,11.85,0.004626083333333334
Al_degrader_E9,11.91,0.00511925
Al_degrader_E9,11.969999999999999,0.005641166666666667
Al_degrader_E9,12.03,0.0061758333333333335
Al_degrader_E9,12.09,0.006789583333333333
Al_degrader_E9,12.149999999999999,0.0073985
Al_degrader_E9,12.21,0.008047833333333334
Al_degrader_E9,12.27,0.008739166666666666
Al_degrader_E9,12.329999999999998,0.009421166666666666
Al_degrader_E9,12.39,0.010187916666666666
Al_degrader_E9,12.45,0.010905666666666666
Al_degrader_E9,12.51,0.011659416666666667
Al_degrader_E9,12.57,0.012478583333333333
Al_degrader_E9,12.629999999999999,0.013218416666666667
Al_degrader_E9,12.69,0.014011583333333332
Al_degrader_E9,12.75,0.0148885
Al_degrader_E9,12.809999999999999,0.0155875
Al_degrader_E9,12.870000000000001,0.016385
Al_degrader_E9,12.93,0.017202333333333333
Al_degrader_E9,12.989999999999998,0.017884833333333332
Al_degrader_E9,13.05,0.01861675
Al_degrader_E9,13.11,0.01938125
Al_degrader_E9,13.169999999999998,0.01996675
Al_degrader_E9,13.23,0.02056725
Al_degrader_E9,13.29,0.021194333333333332
Al_degrader_E9,13.35,0.021645666666666667
Al_degrader_E9,13.41,0.022101083333333334
Al_degrader_E9,13.469999999999999,0.022535
Al_degrader_E9,13.53,0.022823666666666666
Al_degrader_E9,13.59,0.023129583333333332
Al_degrader_E9,13.649999999999999,0.02333425
Al_degrader_E9,13.71,0.023381416666666665
Al_degrader_E9,13.77,0.02346025
Al_degrader_E9,13.829999999999998,0.023466416666666667
Al_degrader_E9,13.89,0.023279583333333333
Al_degrader_E9,13.95,0.023118083333333334
Al_degrader_E9,14.009999999999998,0.022850833333333334
Al_degrader_E9,14.07,0.022497666666666666
Al_degrader_E9,14.129999999999999,0.02209675
Al_degrader_E9,14.19,0.02158125
Al_degrader_E9,14.25,0.02106625
Al_degrader_E9,14.309999999999999,0.020465916666666667
Al_degrader_E9,14.37,0.0197445
Al_degrader_E9,14.43,0.019047916666666668
Al_degrader_E9,14.489999999999998,0.0183145
Al_degrader_E9,14.55,0.017453083333333334
Al_degrader_E9,14.61,0.016677916666666667
Al_degrader_E9,14.669999999999998,0.015785583333333332
Al_degrader_E9,14.73,0.014879916666666666
Al_degrader_E9,14.79,0.014042416666666667
Al_degrader_E9,14.85,0.013102916666666667
Al_degrader_E9,14.91,0.012209
Al_degrader_E9,14.969999999999999,0.011319583333333333
Al_degrader_E9,15.03,0.010450333333333334
Al_degrader_E9,15.09,0.009614916666666667
Al_degrader_E9,15.149999999999999,0.008785
Al_degrader_E9,15.21,0.007976
Al_degrader_E9,15.27,0.007225
Al_degrader_E9,15.329999999999998,0.006516166666666667
Al_degrader_E9,15.39,0.005816
Al_degrader_E9,15.45,0.005199083333333333
Al_degrader_E9,15.509999999999998,0.004603916666666667
Al_degrader_E9,15.57,0.00404325
Al_degrader_E9,15.629999999999999,0.003562833333333333
Al_degrader_E9,15.69,0.003094916666666667
Al_degrader_E9,15.75,0.002685
Al_degrader_E9,15.809999999999999,0.0023315
Al_degrader_E9,15.87,0.00198625
Al_degrader_E9,15.93,0.00169225
Al_degrader_E9,15.989999999999998,0.0014318333333333334
Al_degrader_E9,16.049999999999997,0.00121475
Al_degrader_E9,16.11,0.001012
Al_degrader_E9,16.17,0.000841
Al_degrader_E9,16.229999999999997,0.00067925
Al_degrader_E9,16.29,0.0005649166666666667
Al_degrader_E9,16.35,0.000457
Al_degrader_E9,16.409999999999997,0.00036833333333333336
Al_degrader_E9,16.47,0.00030375
Al_degrader_E9,16.53,0.00023708333333333334
Al_degrader_E9,16.59,0.0001895
Al_degrader_E9,16.65,0.000145
Al_degrader_E9,16.71,0.00011733333333333333
Al_degrader_E9,16.77,8.883333333333333e-05
Al_degrader_E9,16.83,6.9e-05
Al_degrader_E9,16.89,5.35e-05
Al_degrader_E9,16.95,4e-05
Al_degrader_E9,17.009999999999998,2.8666666666666668e-05
Al_degrader_E9,17.07,2.1833333333333333e-05
Al_degrader_E9,17.13,1.6916666666666667e-05
Al_degrader_E9,17.189999999999998,1.3166666666666667e-05
Al_degrader_E9,17.25,9e-06
Al_degrader_E9,17.310000000000002,7.583333333333333e-06
Al_degrader_E9,17.369999999999997,5.0833333333333335e-06
Al_degrader_E9,17.43,3.833333333333334e-06
Al_degrader_E9,17.490000000000002,3.3333333333333333e-06
Al_degrader_E9,17.549999999999997,1.8333333333333333e-06
Al_degrader_E9,17.61,1.3333333333333334e-06
Al_degrader_E9,17.67,1.1666666666666666e-06
Al_degrader_E9,17.729999999999997,6.666666666666667e-07
Al_degrader_E9,17.79,4.1666666666666667e-07
Al_degrader_E9,17.85,6.666666666666667e-07
Al_degrader_E9,17.909999999999997,8.333333333333334e-08
Al_degrader_E9,17.97,8.333333333333334e-08
Al_degrader_E9,18.03,8.333333333333334e-08
Ni13,7.41,2e-07
Ni13,7.47,0.0
Ni13,7.529999999999999,0.0
Ni13,7.59,2e-07
Ni13,7.65,2e-07
Ni13,7.709999999999999,0.0
Ni13,7.77,4e-07
Ni13,7.83,6e-07
Ni13,7.89,6e-07
Ni13,7.949999999999999,4e-07
Ni13,8.01,6e-07
Ni13,8.07,2.6e-06
Ni13,8.129999999999999,1.8e-06
Ni13,8.19,1.8e-06
Ni13,8.25,3.8e-06
Ni13,8.309999999999999,3e-06
Ni13,8.370000000000001,6.4e-06
Ni13,8.43,6.2e-06
Ni13,8.489999999999998,7.4e-06
Ni13,8.55,1.12e-05
Ni13,8.61,1.12e-05
Ni13,8.67,1.32e-05
Ni13,8.73,1.74e-05
Ni13,8.79,2.1e-05
Ni13,8.85,2.54e-05
Ni13,8.91,3.24e-05
Ni13,8.969999999999999,3.36e-05
Ni13,9.030000000000001,4.92e-05
Ni13,9.09,5.52e-05
Ni13,9.149999999999999,6.66e-05
Ni13,9.21,8.9e-05
Ni13,9.27,9.68e-05
Ni13,9.329999999999998,0.0001134
Ni13,9.39,0.0001446
Ni13,9.45,0.0001702
Ni13,9.51,0.0002122
Ni13,9.57,0.0002472
Ni13,9.629999999999999,0.0002814
Ni13,9.69,0.0003612
Ni13,9.75,0.000419
Ni13,9.809999999999999,0.0004804
Ni13,9.870000000000001,0.000573
Ni13,9.93,0.0006728
Ni13,9.989999999999998,0.0007822
Ni13,10.05,0.0008882
Ni13,10.11,0.0010704
Ni13,10.169999999999998,0.00125
Ni13,10.23,0.0013934
Ni13,10.29,0.0016442
Ni13,10.35,0.0018924
Ni13,10.41,0.0021364
Ni13,10.469999999999999,0.0024434
Ni13,10.53,0.0027632
Ni13,10.59,0.0031378
Ni13,10.649999999999999,0.0035998
Ni13,10.71,0.003964
Ni13,10.77,0.0044838
Ni13,10.829999999999998,0.005107
Ni13,10.89,0.0056152
Ni13,10.95,0.0062086
Ni13,11.01,0.0069514
Ni13,11.07,0.0076738
Ni13,11.129999999999999,0.0084186
Ni13,11.19,0.009252
Ni13,11.25,0.0100898
Ni13,11.309999999999999,0.0109712
Ni13,11.370000000000001,0.011974
Ni13,11.43,0.0128384
Ni13,11.489999999999998,0.0138838
Ni13,11.55,0.0148832
Ni13,11.61,0.0159062
Ni13,11.669999999999998,0.017023
Ni13,11.73,0.0178616
Ni13,11.79,0.0190148
Ni13,11.85,0.0199492
Ni13,11.91,0.0208818
Ni13,11.969999999999999,0.021842
Ni13,12.03,0.022531
Ni13,12.09,0.0235214
Ni13,12.149999999999999,0.0241416
Ni13,12.21,0.0247556
Ni13,12.27,0.0253572
Ni13,12.329999999999998,0.0256582
Ni13,12.39,0.0262066
Ni13,12.45,0.0262762
Ni13,12.51,0.0264328
Ni13,12.57,0.0264342
Ni13,12.629999999999999,0.0262386
Ni13,12.69,0.0261022
Ni13,12.75,0.0258574
Ni13,12.809999999999999,0.025229
Ni13,12.870000000000001,0.0247896
Ni13,12.93,0.0240202
Ni13,12.989999999999998,0.0233536
Ni13,13.05,0.0224824
Ni13,13.11,0.0215826
Ni13,13.169999999999998,0.0206668
Ni13,13.23,0.0195352
Ni13,13.29,0.0185214
Ni13,13.35,0.0174206
Ni13,13.41,0.0163478
Ni13,13.469999999999999,0.0151902
Ni13,13.53,0.0140644
Ni13,13.59,0.0129692
Ni13,13.649999999999999,0.0119478
Ni13,13.71,0.010868
Ni13,13.77,0.0098642
Ni13,13.829999999999998,0.0089358
Ni13,13.89,0.008061
Ni13,13.95,0.0071634
Ni13,14.009999999999998,0.0064282
Ni13,14.07,0.005661
Ni13,14.129999999999999,0.0050066
Ni13,14.19,0.0043638
Ni13,14.25,0.0038084
Ni13,14.309999999999999,0.0032986
Ni13,14.37,0.0028328
Ni13,14.43,0.002428
Ni13,14.489999999999998,0.0020618
Ni13,14.55,0.0017338
Ni13,14.61,0.0014432
Ni13,14.669999999999998,0.001204
Ni13,14.73,0.001009
Ni13,14.79,0.0008378
Ni13,14.85,0.000686
Ni13,14.91,0.0005478
Ni13,14.969999999999999,0.0004468
Ni13,15.03,0.0003602
Ni13,15.09,0.0002848
Ni13,15.149999999999999,0.0002288
Ni13,15.21,0.0001752
Ni13,15.27,0.0001428
Ni13,15.329999999999998,0.0001024
Ni13,15.39,8.28e-05
Ni13,15.45,6.32e-05
Ni13,15.509999999999998,4.92e-05
Ni13,15.57,3.98e-05
Ni13,15.629999999999999,2.7e-05
Ni13,15.69,2.36e-05
Ni13,15.75,1.7e-05
Ni13,15.809999999999999,1.36e-05
Ni13,15.87,9.8e-06
Ni13,15.93,8.2e-06
Ni13,15.989999999999998,5.6e-06
Ni13,16.049999999999997,3.6e-06
Ni13,16.11,3.2e-06
Ni13,16.17,1.8e-06
Ni13,16.229999999999997,2e-06
Ni13,16.29,1e-06
Ni13,16.35,1.4e-06
Ni13,16.409999999999997,2e-07
Ni13,16.47,4e-07
Sn13,7.2299999999999995,3.3333333333333335e-07
Sn13,7.289999999999999,3.3333333333333335e-07
Sn13,7.35,0.0
Sn13,7.41,3.3333333333333335e-07
Sn13,7.47,3.3333333333333335e-07
Sn13,7.529999999999999,3.3333333333333335e-07
Sn13,7.59,6.666666666666667e-07
Sn13,7.65,1.6666666666666667e-06
Sn13,7.709999999999999,6.666666666666667e-07
Sn13,7.77,1.6666666666666667e-06
Sn13,7.83,2e-06
Sn13,7.89,3.6666666666666666e-06
Sn13,7.949999999999999,5.666666666666667e-06
Sn13,8.01,3.6666666666666666e-06
Sn13,8.07,8e-06
Sn13,8.129999999999999,6.666666666666667e-06
Sn13,8.19,1.1333333333333334e-05
Sn13,8.25,1.1666666666666666e-05
Sn13,8.309999999999999,1.5333333333333334e-05
Sn13,8.370000000000001,2.1333333333333335e-05
Sn13,8.43,2.1666666666666667e-05
Sn13,8.489999999999998,2.4e-05
Sn13,8.55,3e-05
Sn13,8.61,3.4666666666666665e-05
Sn13,8.67,4.4e-05
Sn13,8.73,5.466666666666667e-05
Sn13,8.79,6.1e-05
Sn13,8.85,8.066666666666667e-05
Sn13,8.91,9.933333333333334e-05
Sn13,8.969999999999999,0.00011166666666666667
Sn13,9.030000000000001,0.00015733333333333333
Sn13,9.09,0.00017
Sn13,9.149999999999999,0.000203
Sn13,9.21,0.000236
Sn13,9.27,0.0002756666666666667
Sn13,9.329999999999998,0.0003443333333333333
Sn13,9.39,0.000406
Sn13,9.45,0.00047533333333333336
Sn13,9.51,0.0005756666666666667
Sn13,9.57,0.000667
Sn13,9.629999999999999,0.000771
Sn13,9.69,0.0009023333333333333
Sn13,9.75,0.0010393333333333333
Sn13,9.809999999999999,0.001212
Sn13,9.870000000000001,0.0013676666666666668
Sn13,9.93,0.0016243333333333333
Sn13,9.989999999999998,0.0018376666666666667
Sn13,10.05,0.002095
Sn13,10.11,0.002429
Sn13,10.169999999999998,0.002751
Sn13,10.23,0.003095333333333333
Sn13,10.29,0.003509
Sn13,10.35,0.003946666666666667
Sn13,10.41,0.004402333333333334
Sn13,10.469999999999999,0.004896333333333333
Sn13,10.53,0.005565
Sn13,10.59,0.006185
Sn13,10.649999999999999,0.0068386666666666665
Sn13,10.71,0.007547333333333333
Sn13,10.77,0.008321333333333333
Sn13,10.829999999999998,0.009215333333333334
Sn13,10.89,0.009997
Sn13,10.95,0.010893333333333333
Sn13,11.01,0.011821
Sn13,11.07,0.012838333333333334
Sn13,11.129999999999999,0.013732
Sn13,11.19,0.014721333333333333
Sn13,11.25,0.015761
Sn13,11.309999999999999,0.016787
Sn13,11.370000000000001,0.017884
Sn13,11.43,0.01883
Sn13,11.489999999999998,0.019932
Sn13,11.55,0.020882333333333333
Sn13,11.61,0.021812333333333333
Sn13,11.669999999999998,0.022660333333333334
Sn13,11.73,0.023413333333333335
Sn13,11.79,0.024161666666666668
Sn13,11.85,0.024741333333333334
Sn13,11.91,0.025151666666666666
Sn13,11.969999999999999,0.025601
Sn13,12.03,0.026189333333333332
Sn13,12.09,0.026443333333333333
Sn13,12.149999999999999,0.026522333333333332
Sn13,12.21,0.02637
Sn13,12.27,0.0264
Sn13,12.329999999999998,0.026198666666666665
Sn13,12.39,0.025849333333333332
Sn13,12.45,0.025379666666666665
Sn13,12.51,0.024865666666666668
Sn13,12.57,0.024197
Sn13,12.629999999999999,0.023465
Sn13,12.69,0.022596333333333333
Sn13,12.75,0.021661666666666666
Sn13,12.809999999999999,0.020682666666666665
Sn13,12.870000000000001,0.019734
Sn13,12.93,0.018669666666666668
Sn13,12.989999999999998,0.017626666666666665
Sn13,13.05,0.016440333333333335
Sn13,13.11,0.015250333333333333
Sn13,13.169999999999998,0.014137
Sn13,13.23,0.013053333333333333
Sn13,13.29,0.012037333333333334
Sn13,13.35,0.010937
Sn13,13.41,0.009889
Sn13,13.469999999999999,0.008949333333333333
Sn13,13.53,0.008068
Sn13,13.59,0.007272
Sn13,13.649999999999999,0.006442
Sn13,13.71,0.005733666666666666
Sn13,13.77,0.005038333333333333
Sn13,13.829999999999998,0.004413333333333333
Sn13,13.89,0.0038933333333333333
Sn13,13.95,0.0033736666666666667
Sn13,14.009999999999998,0.0028346666666666668
Sn13,14.07,0.002391
Sn13,14.129999999999999,0.002042
Sn13,14.19,0.0017513333333333333
Sn13,14.25,0.0014563333333333334
Sn13,14.309999999999999,0.0012226666666666666
Sn13,14.37,0.0010083333333333333
Sn13,14.43,0.0008273333333333333
Sn13,14.489999999999998,0.000686
Sn13,14.55,0.0005523333333333334
Sn13,14.61,0.0004626666666666667
Sn13,14.669999999999998,0.0003696666666666667
Sn13,14.73,0.00029266666666666666
Sn13,14.79,0.000228
Sn13,14.85,0.000161
Sn13,14.91,0.00013233333333333334
Sn13,14.969999999999999,0.000106
Sn13,15.03,8.4e-05
Sn13,15.09,6.1e-05
Sn13,15.149999999999999,4.7333333333333336e-05
Sn13,15.21,3.933333333333333e-05
Sn13,15.27,3e-05
Sn13,15.329999999999998,2.4666666666666665e-05
Sn13,15.39,1.9e-05
Sn13,15.45,1.5e-05
Sn13,15.509999999999998,9e-06
Sn13,15.57,7e-06
Sn13,15.629999999999999,4.333333333333333e-06
Sn13,15.69,3.6666666666666666e-06
Sn13,15.75,4e-06
Sn13,15.809999999999999,3.3333333333333333e-06
Sn13,15.87,2.333333333333333e-06
Sn13,15.93,1e-06
Sn13,15.989999999999998,6.666666666666667e-07
Sn13,16.049999999999997,3.3333333333333335e-07
Ta13,6.57,2.5e-07
Ta13,6.63,0.0
Ta13,6.6899999999999995,0.0
Ta13,6.75,2.5e-07
Ta13,6.81,2.5e-07
Ta13,6.869999999999999,0.0
Ta13,6.93,5e-07
Ta13,6.99,2.5e-07
Ta13,7.05,1e-06
Ta13,7.109999999999999,5e-07
Ta13,7.17,5e-07
Ta13,7.2299999999999995,2.25e-06
Ta13,7.289999999999999,1.75e-06
Ta13,7.35,2.75e-06
Ta13,7.41,1.5e-06
Ta13,7.47,5.25e-06
Ta13,7.529999999999999,3.5e-06
Ta13,7.59,7.5e-06
Ta13,7.65,6.5e-06
Ta13,7.709999999999999,9e-06
Ta13,7.77,1.2e-05
Ta13,7.83,1.1e-05
Ta13,7.89,1.6e-05
Ta13,7.949999999999999,1.825e-05
Ta13,8.01,2.05e-05
Ta13,8.07,2.7e-05
Ta13,8.129999999999999,3.125e-05
Ta13,8.19,3.6e-05
Ta13,8.25,4.875e-05
Ta13,8.309999999999999,5.225e-05
Ta13,8.370000000000001,6.325e-05
Ta13,8.43,8.275e-05
Ta13,8.489999999999998,9.95e-05
Ta13,8.55,0.00010875
Ta13,8.61,0.0001285
Ta13,8.67,0.000164
Ta13,8.73,0.00018725
Ta13,8.79,0.00022825
Ta13,8.85,0.0002725
Ta13,8.91,0.0003035
Ta13,8.969999999999999,0.00037825
Ta13,9.030000000000001,0.00044175
Ta13,9.09,0.000504
Ta13,9.149999999999999,0.00059425
Ta13,9.21,0.000682
Ta13,9.27,0.0007975
Ta13,9.329999999999998,0.000939
Ta13,9.39,0.00105425
Ta13,9.45,0.00123475
Ta13,9.51,0.00141425
Ta13,9.57,0.00158725
Ta13,9.629999999999999,0.00186
Ta13,9.69,0.00210275
Ta13,9.75,0.00235225
Ta13,9.809999999999999,0.00267025
Ta13,9.870000000000001,0.00303375
Ta13,9.93,0.00337975
Ta13,9.989999999999998,0.00382875
Ta13,10.05,0.00428825
Ta13,10.11,0.00472725
Ta13,10.169999999999998,0.005348
Ta13,10.23,0.0058385
Ta13,10.29,0.0064655
Ta13,10.35,0.00718375
Ta13,10.41,0.0078965
Ta13,10.469999999999999,0.00855725
Ta13,10.53,0.00942825
Ta13,10.59,0.0102625
Ta13,10.649999999999999,0.0109955
Ta13,10.71,0.011951
Ta13,10.77,0.01290075
Ta13,10.829999999999998,0.013724
Ta13,10.89,0.01483175
Ta13,10.95,0.01569825
Ta13,11.01,0.01666075
Ta13,11.07,0.017689
Ta13,11.129999999999999,0.01850575
Ta13,11.19,0.019521
Ta13,11.25,0.02042525
Ta13,11.309999999999999,0.02124875
Ta13,11.370000000000001,0.02210075
Ta13,11.43,0.02262
Ta13,11.489999999999998,0.0235615
Ta13,11.55,0.02402775
Ta13,11.61,0.02446575
Ta13,11.669999999999998,0.02499925
Ta13,11.73,0.02523775
Ta13,11.79,0.0255395
Ta13,11.85,0.0256475
Ta13,11.91,0.02550825
Ta13,11.969999999999999,0.025639
Ta13,12.03,0.02550275
Ta13,12.09,0.025058
Ta13,12.149999999999999,0.0247695
Ta13,12.21,0.02409525
Ta13,12.27,0.02361975
Ta13,12.329999999999998,0.02304525
Ta13,12.39,0.02210525
Ta13,12.45,0.021409
Ta13,12.51,0.020465
Ta13,12.57,0.01956275
Ta13,12.629999999999999,0.0185445
Ta13,12.69,0.01748625
Ta13,12.75,0.0165
Ta13,12.809999999999999,0.0154095
Ta13,12.870000000000001,0.01442075
Ta13,12.93,0.01327175
Ta13,12.989999999999998,0.01227675
Ta13,13.05,0.011251
Ta13,13.11,0.010307
Ta13,13.169999999999998,0.0093765
Ta13,13.23,0.00849225
Ta13,13.29,0.00765625
Ta13,13.35,0.006846
Ta13,13.41,0.00608925
Ta13,13.469999999999999,0.005485
Ta13,13.53,0.00479825
Ta13,13.59,0.00421325
Ta13,13.649999999999999,0.0036825
Ta13,13.71,0.00319675
Ta13,13.77,0.0027515
Ta13,13.829999999999998,0.00235375
Ta13,13.89,0.002028
Ta13,13.95,0.00171125
Ta13,14.009999999999998,0.00140725
Ta13,14.07,0.00122675
Ta13,14.129999999999999,0.000989
Ta13,14.19,0.0008565
Ta13,14.25,0.0006795
Ta13,14.309999999999999,0.00056325
Ta13,14.37,0.00046
Ta13,14.43,0.0003625
Ta13,14.489999999999998,0.00029975
Ta13,14.55,0.000239
Ta13,14.61,0.00018625
Ta13,14.669999999999998,0.0001475
Ta13,14.73,0.00010925
Ta13,14.79,9.15e-05
Ta13,14.85,6.4e-05
Ta13,14.91,5.7e-05
Ta13,14.969999999999999,4.25e-05
Ta13,15.03,3.1e-05
Ta13,15.09,2.4e-05
Ta13,15.149999999999999,2.075e-05
Ta13,15.21,1.4e-05
Ta13,15.27,1.1e-05
Ta13,15.329999999999998,9.75e-06
Ta13,15.39,6.25e-06
Ta13,15.45,4.75e-06
Ta13,15.509999999999998,4e-06
Ta13,15.57,2.25e-06
Ta13,15.629999999999999,2.25e-06
Ta13,15.69,1.5e-06
Ta13,15.75,1.5e-06
Ta13,15.809999999999999,5e-07
Ta13,15.87,2.5e-07
Ta13,15.93,2.5e-07
Cu13,5.67,2e-07
Cu13,5.73,0.0
Cu13,5.789999999999999,0.0
Cu13,5.85,0.0
Cu13,5.91,2e-07
Cu13,5.97,0.0
Cu13,6.029999999999999,2e-07
Cu13,6.09,2e-07
Cu13,6.15,4e-07
Cu13,6.21,6e-07
Cu13,6.27,4e-07
Cu13,6.33,6e-07
Cu13,6.39,2e-07
Cu13,6.449999999999999,2e-06
Cu13,6.51,1.2e-06
Cu13,6.57,2.2e-06
Cu13,6.63,2e-06
Cu13,6.6899999999999995,3.2e-06
Cu13,6.75,2.8e-06
Cu13,6.81,5.4e-06
Cu13,6.869999999999999,5.6e-06
Cu13,6.93,6e-06
Cu13,6.99,8.6e-06
Cu13,7.05,1.04e-05
Cu13,7.109999999999999,1.08e-05
Cu13,7.17,1.14e-05
Cu13,7.2299999999999995,1.58e-05
Cu13,7.289999999999999,1.84e-05
Cu13,7.35,2.18e-05
Cu13,7.41,2.78e-05
Cu13,7.47,2.94e-05
Cu13,7.529999999999999,3.66e-05
Cu13,7.59,4.74e-05
Cu13,7.65,5.04e-05
Cu13,7.709999999999999,6.34e-05
Cu13,7.77,8.1e-05
Cu13,7.83,8.56e-05
Cu13,7.89,0.0001012
Cu13,7.949999999999999,0.000126
Cu13,8.01,0.0001418
Cu13,8.07,0.0001706
Cu13,8.129999999999999,0.0002128
Cu13,8.19,0.0002324
Cu13,8.25,0.0002708
Cu13,8.309999999999999,0.0003266
Cu13,8.370000000000001,0.0003826
Cu13,8.43,0.0004372
Cu13,8.489999999999998,0.0005102
Cu13,8.55,0.000589
Cu13,8.61,0.0006786
Cu13,8.67,0.0007866
Cu13,8.73,0.0008794
Cu13,8.79,0.001045
Cu13,8.85,0.001176
Cu13,8.91,0.0013236
Cu13,8.969999999999999,0.0015296
Cu13,9.030000000000001,0.001733
Cu13,9.09,0.0019552
Cu13,9.149999999999999,0.0022106
Cu13,9.21,0.0024732
Cu13,9.27,0.0027682
Cu13,9.329999999999998,0.0031412
Cu13,9.39,0.0034948
Cu13,9.45,0.0038858
Cu13,9.51,0.0043242
Cu13,9.57,0.0048252
Cu13,9.629999999999999,0.0053004
Cu13,9.69,0.0058742
Cu13,9.75,0.0064418
Cu13,9.809999999999999,0.007033
Cu13,9.870000000000001,0.0077738
Cu13,9.93,0.008391
Cu13,9.989999999999998,0.0092362
Cu13,10.05,0.0098766
Cu13,10.11,0.0107116
Cu13,10.169999999999998,0.0115616
Cu13,10.23,0.0123306
Cu13,10.29,0.0133338
Cu13,10.35,0.0140958
Cu13,10.41,0.0150468
Cu13,10.469999999999999,0.0159748
Cu13,10.53,0.0167868
Cu13,10.59,0.017725
Cu13,10.649999999999999,0.01862
Cu13,10.71,0.0193792
Cu13,10.77,0.0202584
Cu13,10.829999999999998,0.020961
Cu13,10.89,0.0216584
Cu13,10.95,0.0223972
Cu13,11.01,0.0229234
Cu13,11.07,0.023531
Cu13,11.129999999999999,0.023796
Cu13,11.19,0.0242244
Cu13,11.25,0.024555
Cu13,11.309999999999999,0.0247228
Cu13,11.370000000000001,0.0247842
Cu13,11.43,0.024766
Cu13,11.489999999999998,0.024756
Cu13,11.55,0.024506
Cu13,11.61,0.024237
Cu13,11.669999999999998,0.0238052
Cu13,11.73,0.0233846
Cu13,11.79,0.0228092
Cu13,11.85,0.0221716
Cu13,11.91,0.0214546
Cu13,11.969999999999999,0.0206778
Cu13,12.03,0.0198744
Cu13,12.09,0.0189614
Cu13,12.149999999999999,0.0180322
Cu13,12.21,0.0170996
Cu13,12.27,0.0160958
Cu13,12.329999999999998,0.015169
Cu13,12.39,0.014101
Cu13,12.45,0.0131872
Cu13,12.51,0.0121478
Cu13,12.57,0.0112368
Cu13,12.629999999999999,0.0102438
Cu13,12.69,0.0094074
Cu13,12.75,0.0085284
Cu13,12.809999999999999,0.0077878
Cu13,12.870000000000001,0.0069472
Cu13,12.93,0.0062744
Cu13,12.989999999999998,0.0055954
Cu13,13.05,0.0049822
Cu13,13.11,0.0043822
Cu13,13.169999999999998,0.0038696
Cu13,13.23,0.003358
Cu13,13.29,0.0029428
Cu13,13.35,0.0025298
Cu13,13.41,0.0021784
Cu13,13.469999999999999,0.0018702
Cu13,13.53,0.0015674
Cu13,13.59,0.0013218
Cu13,13.649999999999999,0.0011248
Cu13,13.71,0.000943
Cu13,13.77,0.0007832
Cu13,13.829999999999998,0.000649
Cu13,13.89,0.000529
Cu13,13.95,0.0004378
Cu13,14.009999999999998,0.0003496
Cu13,14.07,0.0002882
Cu13,14.129999999999999,0.0002256
Cu13,14.19,0.0001814
Cu13,14.25,0.000144
Cu13,14.309999999999999,0.0001082
Cu13,14.37,8.48e-05
Cu13,14.43,6.76e-05
Cu13,14.489999999999998,5.54e-05
Cu13,14.55,4.08e-05
Cu13,14.61,3.3e-05
Cu13,14.669999999999998,2.44e-05
Cu13,14.73,2.12e-05
Cu13,14.79,1.5e-05
Cu13,14.85,1.18e-05
Cu13,14.91,9.6e-06
Cu13,14.969999999999999,6e-06
Cu13,15.03,5.6e-06
Cu13,15.09,2.8e-06
Cu13,15.149999999999999,3.4e-06
Cu13,15.21,1.4e-06
Cu13,15.27,2e-06
Cu13,15.329999999999998,1e-06
Cu13,15.39,1.2e-06
Cu13,15.45,4e-07
Cu13,15.509999999999998,4e-07
Al_degrader_E10,0.03,1e-07
Al_degrader_E10,0.09,0.0
Al_degrader_E10,0.15,0.0
Al_degrader_E10,0.21,0.0
Al_degrader_E10,0.27,0.0
Al_degrader_E10,0.32999999999999996,0.0
Al_degrader_E10,0.39,0.0
Al_degrader_E10,0.44999999999999996,0.0
Al_degrader_E10,0.51,0.0
Al_degrader_E10,0.5700000000000001,0.0
Al_degrader_E10,0.6299999999999999,5e-08
Al_degrader_E10,0.69,0.0
Al_degrader_E10,0.75,0.0
Al_degrader_E10,0.81,0.0
Al_degrader_E10,0.8699999999999999,5e-08
Al_degrader_E10,0.9299999999999999,0.0
Al_degrader_E10,0.99,0.0
Al_degrader_E10,1.05,5e-08
Al_degrader_E10,1.1099999999999999,5e-08
Al_degrader_E10,1.17,0.0
Al_degrader_E10,1.23,0.0
Al_degrader_E10,1.29,5e-08
Al_degrader_E10,1.3499999999999999,0.0
Al_degrader_E10,1.41,1e-07
Al_degrader_E10,1.47,5e-08
Al_degrader_E10,1.53,5e-08
Al_degrader_E10,1.5899999999999999,1e-07
Al_degrader_E10,1.65,5e-08
Al_degrader_E10,1.71,0.0
Al_degrader_E10,1.77,5e-08
Al_degrader_E10,1.8299999999999998,0.0
Al_degrader_E10,1.89,2e-07
Al_degrader_E10,1.95,1.5e-07
Al_degrader_E10,2.01,2.5e-07
Al_degrader_E10,2.0700000000000003,2.5e-07
Al_degrader_E10,2.13,1e-07
Al_degrader_E10,2.19,1.5e-07
Al_degrader_E10,2.25,3.5e-07
Al_degrader_E10,2.3099999999999996,2e-07
Al_degrader_E10,2.37,4.5e-07
Al_degrader_E10,2.4299999999999997,3.5e-07
Al_degrader_E10,2.49,2.5e-07
Al_degrader_E10,2.55,3.5e-07
Al_degrader_E10,2.61,6.5e-07
Al_degrader_E10,2.67,4e-07
Al_degrader_E10,2.7299999999999995,9.5e-07
Al_degrader_E10,2.79,7e-07
Al_degrader_E10,2.8499999999999996,7e-07
Al_degrader_E10,2.91,8.5e-07
Al_degrader_E10,2.9699999999999998,9e-07
Al_degrader_E10,3.0300000000000002,1.7e-06
Al_degrader_E10,3.09,1.25e-06
Al_degrader_E10,3.15,1.25e-06
Al_degrader_E10,3.21,1.65e-06
Al_degrader_E10,3.2699999999999996,1.5e-06
Al_degrader_E10,3.33,2.45e-06
Al_degrader_E10,3.3899999999999997,2.1e-06
Al_degrader_E10,3.45,2.35e-06
Al_degrader_E10,3.51,2.35e-06
Al_degrader_E10,3.57,3.5e-06
Al_degrader_E10,3.63,3.4e-06
Al_degrader_E10,3.6899999999999995,3.9e-06
Al_degrader_E10,3.75,4.35e-06
Al_degrader_E10,3.8099999999999996,4.45e-06
Al_degrader_E10,3.87,5.9e-06
Al_degrader_E10,3.9299999999999997,5.7e-06
Al_degrader_E10,3.9899999999999998,6.7e-06
Al_degrader_E10,4.05,7.95e-06
Al_degrader_E10,4.109999999999999,9.75e-06
Al_degrader_E10,4.17,8.65e-06
Al_degrader_E10,4.23,1.12e-05
Al_degrader_E10,4.29,1.325e-05
Al_degrader_E10,4.35,1.555e-05
Al_degrader_E10,4.41,1.58e-05
Al_degrader_E10,4.47,1.74e-05
Al_degrader_E10,4.529999999999999,2.15e-05
Al_degrader_E10,4.59,2.24e-05
Al_degrader_E10,4.65,2.51e-05
Al_degrader_E10,4.71,2.87e-05
Al_degrader_E10,4.77,3.315e-05
Al_degrader_E10,4.83,3.67e-05
Al_degrader_E10,4.89,4.3e-05
Al_degrader_E10,4.949999999999999,4.645e-05
Al_degrader_E10,5.01,5.255e-05
Al_degrader_E10,5.07,5.85e-05
Al_degrader_E10,5.13,6.715e-05
Al_degrader_E10,5.1899999999999995,7.465e-05
Al_degrader_E10,5.25,8.41e-05
Al_degrader_E10,5.31,9.595e-05
Al_degrader_E10,5.369999999999999,0.00010415
Al_degrader_E10,5.43,0.0001184
Al_degrader_E10,5.49,0.0001324
Al_degrader_E10,5.55,0.00014585
Al_degrader_E10,5.609999999999999,0.0001658
Al_degrader_E10,5.67,0.0001862
Al_degrader_E10,5.73,0.00020035
Al_degrader_E10,5.789999999999999,0.0002309
Al_degrader_E10,5.85,0.0002564
Al_degrader_E10,5.91,0.0002795
Al_degrader_E10,5.97,0.0003188
Al_degrader_E10,6.029999999999999,0.0003498
Al_degrader_E10,6.09,0.00038555
Al_degrader_E10,6.15,0.0004375
Al_degrader_E10,6.21,0.00047985
Al_degrader_E10,6.27,0.00052525
Al_degrader_E10,6.33,0.00058885
Al_degrader_E10,6.39,0.00064115
Al_degrader_E10,6.449999999999999,0.00070605
Al_degrader_E10,6.51,0.0007923
Al_degrader_E10,6.57,0.0008594
Al_degrader_E10,6.63,0.0009502
Al_degrader_E10,6.6899999999999995,0.00105875
Al_degrader_E10,6.75,0.0011347
Al_degrader_E10,6.81,0.0012569
Al_degrader_E10,6.869999999999999,0.0013813
Al_degrader_E10,6.93,0.00150045
Al_degrader_E10,6.99,0.00166275
Al_degrader_E10,7.05,0.0017822
Al_degrader_E10,7.109999999999999,0.0019539
Al_degrader_E10,7.17,0.00214785
Al_degrader_E10,7.2299999999999995,0.00230565
Al_degrader_E10,7.289999999999999,0.002517
Al_degrader_E10,7.35,0.00271785
Al_degrader_E10,7.41,0.0029445
Al_degrader_E10,7.47,0.0031982
Al_degrader_E10,7.529999999999999,0.0034165
Al_degrader_E10,7.59,0.0037135
Al_degrader_E10,7.65,0.0039704
Al_degrader_E10,7.709999999999999,0.00428065
Al_degrader_E10,7.77,0.0046048
Al_degrader_E10,7.83,0.00489615
Al_degrader_E10,7.89,0.0052635
Al_degrader_E10,7.949999999999999,0.00562145
Al_degrader_E10,8.01,0.00597745
Al_degrader_E10,8.07,0.0063885
Al_degrader_E10,8.129999999999999,0.00675385
Al_degrader_E10,8.19,0.0072201
Al_degrader_E10,8.25,0.00758895
Al_degrader_E10,8.309999999999999,0.00804985
Al_degrader_E10,8.370000000000001,0.00848345
Al_degrader_E10,8.43,0.00893525
Al_degrader_E10,8.489999999999998,0.00943355
Al_degrader_E10,8.55,0.0098517
Al_degrader_E10,8.61,0.01038865
Al_degrader_E10,8.67,0.01081335
Al_degrader_E10,8.73,0.0113401
Al_degrader_E10,8.79,0.01182745
Al_degrader_E10,8.85,0.01229815
Al_degrader_E10,8.91,0.0127688
Al_degrader_E10,8.969999999999999,0.01326525
Al_degrader_E10,9.030000000000001,0.01375755
Al_degrader_E10,9.09,0.014176
Al_degrader_E10,9.149999999999999,0.01467325
Al_degrader_E10,9.21,0.0150672
Al_degrader_E10,9.27,0.01554315
Al_degrader_E10,9.329999999999998,0.01589815
Al_degrader_E10,9.39,0.0163537
Al_degrader_E10,9.45,0.01666345
Al_degrader_E10,9.51,0.0170272
Al_degrader_E10,9.57,0.017338
Al_degrader_E10,9.629999999999999,0.01762745
Al_degrader_E10,9.69,0.01786515
Al_degrader_E10,9.75,0.01812665
Al_degrader_E10,9.809999999999999,0.0182708
Al_degrader_E10,9.870000000000001,0.01848985
Al_degrader_E10,9.93,0.01855915
Al_degrader_E10,9.989999999999998,0.01866685
Al_degrader_E10,10.05,0.01868645
Al_degrader_E10,10.11,0.0187118
Al_degrader_E10,10.169999999999998,0.01865925
Al_degrader_E10,10.23,0.0186014
Al_degrader_E10,10.29,0.01845375
Al_degrader_E10,10.35,0.0183212
Al_degrader_E10,10.41,0.0180972
Al_degrader_E10,10.469999999999999,0.01788265
Al_degrader_E10,10.53,0.01757445
Al_degrader_E10,10.59,0.0172747
Al_degrader_E10,10.649999999999999,0.0169161
Al_degrader_E10,10.71,0.016536
Al_degrader_E10,10.77,0.01611125
Al_degrader_E10,10.829999999999998,0.01566265
Al_degrader_E10,10.89,0.01520635
Al_degrader_E10,10.95,0.01469035
Al_degrader_E10,11.01,0.0141763
Al_degrader_E10,11.07,0.01362225
Al_degrader_E10,11.129999999999999,0.0130658
Al_degrader_E10,11.19,0.01249535
Al_degrader_E10,11.25,0.01189605
Al_degrader_E10,11.309999999999999,0.0113235
Al_degrader_E10,11.370000000000001,0.01071485
Al_degrader_E10,11.43,0.01012195
Al_degrader_E10,11.489999999999998,0.00953465
Al_degrader_E10,11.55,0.0089391
Al_degrader_E10,11.61,0.00835665
Al_degrader_E10,11.669999999999998,0.0078114
Al_degrader_E10,11.73,0.00722365
Al_degrader_E10,11.79,0.0066923
Al_degrader_E10,11.85,0.0061937
Al_degrader_E10,11.91,0.00566645
Al_degrader_E10,11.969999999999999,0.0052
Al_degrader_E10,12.03,0.0047248
Al_degrader_E10,12.09,0.0043176
Al_degrader_E10,12.149999999999999,0.00388095
Al_degrader_E10,12.21,0.00351345
Al_degrader_E10,12.27,0.0031602
Al_degrader_E10,12.329999999999998,0.0028039
Al_degrader_E10,12.39,0.0025298
Al_degrader_E10,12.45,0.00221545
Al_degrader_E10,12.51,0.00198685
Al_degrader_E10,12.57,0.00173695
Al_degrader_E10,12.629999999999999,0.0015049
Al_degrader_E10,12.69,0.0013424
Al_degrader_E10,12.75,0.00114005
Al_degrader_E10,12.809999999999999,0.0009996
Al_degrader_E10,12.870000000000001,0.00085695
Al_degrader_E10,12.93,0.0007205
Al_degrader_E10,12.989999999999998,0.00063135
Al_degrader_E10,13.05,0.0005177
Al_degrader_E10,13.11,0.00044165
Al_degrader_E10,13.169999999999998,0.0003727
Al_degrader_E10,13.23,0.00030685
Al_degrader_E10,13.29,0.0002614
Al_degrader_E10,13.35,0.0002086
Al_degrader_E10,13.41,0.000176
Al_degrader_E10,13.469999999999999,0.00014365
Al_degrader_E10,13.53,0.0001138
Al_degrader_E10,13.59,9.59e-05
Al_degrader_E10,13.649999999999999,7.49e-05
Al_degrader_E10,13.71,5.955e-05
Al_degrader_E10,13.77,4.915e-05
Al_degrader_E10,13.829999999999998,3.625e-05
Al_degrader_E10,13.89,2.89e-05
Al_degrader_E10,13.95,2.315e-05
Al_degrader_E10,14.009999999999998,1.755e-05
Al_degrader_E10,14.07,1.5e-05
Al_degrader_E10,14.129999999999999,1.08e-05
Al_degrader_E10,14.19,8.55e-06
Al_degrader_E10,14.25,7.15e-06
Al_degrader_E10,14.309999999999999,5.45e-06
Al_degrader_E10,14.37,3.75e-06
Al_degrader_E10,14.43,3e-06
Al_degrader_E10,14.489999999999998,2.75e-06
Al_degrader_E10,14.55,1.6e-06
Al_degrader_E10,14.61,1.15e-06
Al_degrader_E10,14.669999999999998,1.1e-06
Al_degrader_E10,14.73,8e-07
Al_degrader_E10,14.79,3e-07
Al_degrader_E10,14.85,6e-07
Al_degrader_E10,14.91,4e-07
Al_degrader_E10,14.969999999999999,5e-08
Al_degrader_E10,15.03,1.5e-07
Al_degrader_E10,15.09,5e-08
Ni14,0.03,1.1888888888888888e-05
Ni14,0.09,6.666666666666667e-07
Ni14,0.15,8.888888888888889e-07
Ni14,0.21,7.777777777777778e-07
Ni14,0.27,5.555555555555555e-07
Ni14,0.32999999999999996,7.777777777777778e-07
Ni14,0.39,8.888888888888889e-07
Ni14,0.44999999999999996,1e-06
Ni14,0.51,8.888888888888889e-07
Ni14,0.5700000000000001,1.111111111111111e-06
Ni14,0.6299999999999999,8.888888888888889e-07
Ni14,0.69,1.2222222222222221e-06
Ni14,0.75,5.555555555555555e-07
Ni14,0.81,1.5555555555555556e-06
Ni14,0.8699999999999999,1.3333333333333334e-06
Ni14,0.9299999999999999,2.222222222222222e-06
Ni14,0.99,1.4444444444444445e-06
Ni14,1.05,2.333333333333333e-06
Ni14,1.1099999999999999,1.5555555555555556e-06
Ni14,1.17,2.333333333333333e-06
Ni14,1.23,2.222222222222222e-06
Ni14,1.29,3.5555555555555555e-06
Ni14,1.3499999999999999,2.4444444444444442e-06
Ni14,1.41,3.2222222222222222e-06
Ni14,1.47,2.4444444444444442e-06
Ni14,1.53,4e-06
Ni14,1.5899999999999999,4.777777777777777e-06
Ni14,1.65,3.7777777777777777e-06
Ni14,1.71,4e-06
Ni14,1.77,4.666666666666666e-06
Ni14,1.8299999999999998,6.222222222222222e-06
Ni14,1.89,5.333333333333334e-06
Ni14,1.95,6.777777777777778e-06
Ni14,2.01,6.222222222222222e-06
Ni14,2.0700000000000003,8.333333333333334e-06
Ni14,2.13,8.222222222222222e-06
Ni14,2.19,9.11111111111111e-06
Ni14,2.25,9.11111111111111e-06
Ni14,2.3099999999999996,1.0777777777777778e-05
Ni14,2.37,1.2777777777777777e-05
Ni14,2.4299999999999997,1.211111111111111e-05
Ni14,2.49,1.2555555555555555e-05
Ni14,2.55,1.633333333333333e-05
Ni14,2.61,1.9e-05
Ni14,2.67,1.6444444444444444e-05
Ni14,2.7299999999999995,2.0555555555555555e-05
Ni14,2.79,2.4e-05
Ni14,2.8499999999999996,2.522222222222222e-05
Ni14,2.91,2.7e-05
Ni14,2.9699999999999998,3.111111111111111e-05
Ni14,3.0300000000000002,3.633333333333333e-05
Ni14,3.09,3.822222222222222e-05
Ni14,3.15,4.011111111111111e-05
Ni14,3.21,4.688888888888889e-05
Ni14,3.2699999999999996,4.988888888888889e-05
Ni14,3.33,5.344444444444444e-05
Ni14,3.3899999999999997,6.2e-05
Ni14,3.45,6.633333333333334e-05
Ni14,3.51,7.277777777777778e-05
Ni14,3.57,8.3e-05
Ni14,3.63,8.977777777777778e-05
Ni14,3.6899999999999995,0.00010244444444444445
Ni14,3.75,0.00011088888888888889
Ni14,3.8099999999999996,0.00012344444444444444
Ni14,3.87,0.00014111111111111111
Ni14,3.9299999999999997,0.000144
Ni14,3.9899999999999998,0.0001651111111111111
Ni14,4.05,0.000186
Ni14,4.109999999999999,0.00020244444444444444
Ni14,4.17,0.00023155555555555557
Ni14,4.23,0.00024144444444444444
Ni14,4.29,0.0002722222222222222
Ni14,4.35,0.00030244444444444443
Ni14,4.41,0.00032366666666666666
Ni14,4.47,0.00036833333333333336
Ni14,4.529999999999999,0.0003935555555555556
Ni14,4.59,0.00043577777777777777
Ni14,4.65,0.0004862222222222222
Ni14,4.71,0.0005163333333333334
Ni14,4.77,0.0006015555555555556
Ni14,4.83,0.0006191111111111111
Ni14,4.89,0.0007143333333333333
Ni14,4.949999999999999,0.0007621111111111111
Ni14,5.01,0.0008432222222222222
Ni14,5.07,0.0009211111111111112
Ni14,5.13,0.0009964444444444445
Ni14,5.1899999999999995,0.001116
Ni14,5.25,0.0011932222222222223
Ni14,5.31,0.0013308888888888888
Ni14,5.369999999999999,0.0014078888888888889
Ni14,5.43,0.001555888888888889
Ni14,5.49,0.0016947777777777777
Ni14,5.55,0.0018307777777777777
Ni14,5.609999999999999,0.0020091111111111113
Ni14,5.67,0.0021636666666666666
Ni14,5.73,0.002375777777777778
Ni14,5.789999999999999,0.0025353333333333334
Ni14,5.85,0.002789111111111111
Ni14,5.91,0.0029635555555555556
Ni14,5.97,0.003264888888888889
Ni14,6.029999999999999,0.0034587777777777776
Ni14,6.09,0.0038044444444444445
Ni14,6.15,0.004014888888888889
Ni14,6.21,0.004381777777777778
Ni14,6.27,0.004634777777777778
Ni14,6.33,0.005055222222222222
Ni14,6.39,0.005348888888888889
Ni14,6.449999999999999,0.005777
Ni14,6.51,0.0061352222222222225
Ni14,6.57,0.006572444444444444
Ni14,6.63,0.006971333333333334
Ni14,6.6899999999999995,0.007418333333333333
Ni14,6.75,0.007875
Ni14,6.81,0.008344444444444444
Ni14,6.869999999999999,0.008855444444444445
Ni14,6.93,0.009333
Ni14,6.99,0.009875555555555556
Ni14,7.05,0.01036
Ni14,7.109999999999999,0.010926444444444445
Ni14,7.17,0.011440111111111111
Ni14,7.2299999999999995,0.012024555555555556
Ni14,7.289999999999999,0.012546888888888889
Ni14,7.35,0.013106777777777778
Ni14,7.41,0.013666
Ni14,7.47,0.014168666666666666
Ni14,7.529999999999999,0.014754777777777778
Ni14,7.59,0.01522611111111111
Ni14,7.65,0.015795777777777777
Ni14,7.709999999999999,0.016207444444444444
Ni14,7.77,0.01668988888888889
Ni14,7.83,0.017198777777777778
Ni14,7.89,0.017563111111111113
Ni14,7.949999999999999,0.017983555555555555
Ni14,8.01,0.01837711111111111
Ni14,8.07,0.01860788888888889
Ni14,8.129999999999999,0.018956
Ni14,8.19,0.019189
Ni14,8.25,0.019328555555555557
Ni14,8.309999999999999,0.01961911111111111
Ni14,8.370000000000001,0.019608
Ni14,8.43,0.01971177777777778
Ni14,8.489999999999998,0.019815222222222224
Ni14,8.55,0.019659333333333334
Ni14,8.61,0.01966977777777778
Ni14,8.67,0.019562222222222224
Ni14,8.73,0.019290333333333333
Ni14,8.79,0.01911477777777778
Ni14,8.85,0.01882311111111111
Ni14,8.91,0.018465111111111113
Ni14,8.969999999999999,0.018142222222222223
Ni14,9.030000000000001,0.017720333333333334
Ni14,9.09,0.017243333333333333
Ni14,9.149999999999999,0.016774444444444446
Ni14,9.21,0.01625322222222222
Ni14,9.27,0.015704444444444444
Ni14,9.329999999999998,0.015104
Ni14,9.39,0.014509
Ni14,9.45,0.013860666666666667
Ni14,9.51,0.013253333333333334
Ni14,9.57,0.01260711111111111
Ni14,9.629999999999999,0.01191
Ni14,9.69,0.011309222222222222
Ni14,9.75,0.010617555555555555
Ni14,9.809999999999999,0.009954333333333334
Ni14,9.870000000000001,0.009326
Ni14,9.93,0.008676555555555555
Ni14,9.989999999999998,0.00811088888888889
Ni14,10.05,0.0074808888888888885
Ni14,10.11,0.006939555555555556
Ni14,10.169999999999998,0.006377111111111111
Ni14,10.23,0.0058557777777777775
Ni14,10.29,0.005346555555555556
Ni14,10.35,0.004881777777777777
Ni14,10.41,0.004437888888888889
Ni14,10.469999999999999,0.004002222222222222
Ni14,10.53,0.0036156666666666668
Ni14,10.59,0.0032248888888888887
Ni14,10.649999999999999,0.002912333333333333
Ni14,10.71,0.002565888888888889
Ni14,10.77,0.0022856666666666667
Ni14,10.829999999999998,0.0020064444444444444
Ni14,10.89,0.0017891111111111111
Ni14,10.95,0.001539
Ni14,11.01,0.001343
Ni14,11.07,0.0011596666666666667
Ni14,11.129999999999999,0.0010038888888888888
Ni14,11.19,0.000881
Ni14,11.25,0.00074
Ni14,11.309999999999999,0.0006383333333333333
Ni14,11.370000000000001,0.0005437777777777778
Ni14,11.43,0.0004566666666666667
Ni14,11.489999999999998,0.00038711111111111113
Ni14,11.55,0.000316
Ni14,11.61,0.0002703333333333333
Ni14,11.669999999999998,0.00022422222222222223
Ni14,11.73,0.0001838888888888889
Ni14,11.79,0.00014911111111111112
Ni14,11.85,0.000121
Ni14,11.91,9.822222222222223e-05
Ni14,11.969999999999999,7.755555555555555e-05
Ni14,12.03,6.266666666666667e-05
Ni14,12.09,5.3222222222222225e-05
Ni14,12.149999999999999,4.311111111111111e-05
Ni14,12.21,3.388888888888889e-05
Ni14,12.27,2.777777777777778e-05
Ni14,12.329999999999998,2.1333333333333335e-05
Ni14,12.39,1.7555555555555556e-05
Ni14,12.45,1.3777777777777778e-05
Ni14,12.51,1.2e-05
Ni14,12.57,9.11111111111111e-06
Ni14,12.629999999999999,7.333333333333333e-06
Ni14,12.69,5.666666666666667e-06
Ni14,12.75,3.888888888888889e-06
Ni14,12.809999999999999,3.4444444444444444e-06
Ni14,12.870000000000001,2.5555555555555557e-06
Ni14,12.93,2e-06
Ni14,12.989999999999998,1.3333333333333334e-06
Ni14,13.05,1.3333333333333334e-06
Ni14,13.11,8.888888888888889e-07
Ni14,13.169999999999998,6.666666666666667e-07
Ni14,13.23,3.3333333333333335e-07
Ni14,13.29,2.2222222222222222e-07
Ni14,13.35,1.1111111111111111e-07
Sn14,0.03,5.633333333333333e-05
Sn14,0.09,5e-06
Sn14,0.15,2.333333333333333e-06
Sn14,0.21,4e-06
Sn14,0.27,2e-06
Sn14,0.32999999999999996,2.666666666666667e-06
Sn14,0.39,1.6666666666666667e-06
Sn14,0.44999999999999996,4e-06
Sn14,0.51,3.6666666666666666e-06
Sn14,0.5700000000000001,4.666666666666666e-06
Sn14,0.6299999999999999,4e-06
Sn14,0.69,4.333333333333333e-06
Sn14,0.75,3.3333333333333333e-06
Sn14,0.81,4.333333333333333e-06
Sn14,0.8699999999999999,3.3333333333333333e-06
Sn14,0.9299999999999999,7e-06
Sn14,0.99,5e-06
Sn14,1.05,7.666666666666667e-06
Sn14,1.1099999999999999,6.666666666666667e-06
Sn14,1.17,5.666666666666667e-06
Sn14,1.23,7e-06
Sn14,1.29,9.333333333333333e-06
Sn14,1.3499999999999999,7.666666666666667e-06
Sn14,1.41,9e-06
Sn14,1.47,8.333333333333334e-06
Sn14,1.53,1.2333333333333333e-05
Sn14,1.5899999999999999,1.1666666666666666e-05
Sn14,1.65,1.1333333333333334e-05
Sn14,1.71,1.5e-05
Sn14,1.77,1.5333333333333334e-05
Sn14,1.8299999999999998,1.633333333333333e-05
Sn14,1.89,1.8666666666666665e-05
Sn14,1.95,2.1333333333333335e-05
Sn14,2.01,1.9333333333333333e-05
Sn14,2.0700000000000003,2.0333333333333334e-05
Sn14,2.13,2.9e-05
Sn14,2.19,3.3e-05
Sn14,2.25,2.8333333333333332e-05
Sn14,2.3099999999999996,3.366666666666667e-05
Sn14,2.37,3.6e-05
Sn14,2.4299999999999997,4.5333333333333335e-05
Sn14,2.49,4.0333333333333336e-05
Sn14,2.55,4.966666666666667e-05
Sn14,2.61,5.766666666666667e-05
Sn14,2.67,6.3e-05
Sn14,2.7299999999999995,7.133333333333334e-05
Sn14,2.79,7e-05
Sn14,2.8499999999999996,8.233333333333333e-05
Sn14,2.91,8.6e-05
Sn14,2.9699999999999998,9.4e-05
Sn14,3.0300000000000002,0.00010333333333333333
Sn14,3.09,0.00011033333333333334
Sn14,3.15,0.00011433333333333334
Sn14,3.21,0.000133
Sn14,3.2699999999999996,0.00014166666666666668
Sn14,3.33,0.00015933333333333332
Sn14,3.3899999999999997,0.00018266666666666667
Sn14,3.45,0.000192
Sn14,3.51,0.000219
Sn14,3.57,0.00024
Sn14,3.63,0.0002486666666666667
Sn14,3.6899999999999995,0.0002956666666666667
Sn14,3.75,0.00029833333333333334
Sn14,3.8099999999999996,0.000339
Sn14,3.87,0.000384
Sn14,3.9299999999999997,0.0003936666666666667
Sn14,3.9899999999999998,0.00044366666666666664
Sn14,4.05,0.000483
Sn14,4.109999999999999,0.000528
Sn14,4.17,0.0005706666666666667
Sn14,4.23,0.0006203333333333333
Sn14,4.29,0.0006773333333333333
Sn14,4.35,0.0007523333333333334
Sn14,4.41,0.0007706666666666667
Sn14,4.47,0.000901
Sn14,4.529999999999999,0.0009446666666666667
Sn14,4.59,0.001067
Sn14,4.65,0.001155
Sn14,4.71,0.001206
Sn14,4.77,0.0013373333333333334
Sn14,4.83,0.0014853333333333333
Sn14,4.89,0.0015586666666666668
Sn14,4.949999999999999,0.00176
Sn14,5.01,0.0018466666666666666
Sn14,5.07,0.0020226666666666665
Sn14,5.13,0.0021593333333333334
Sn14,5.1899999999999995,0.0023413333333333333
Sn14,5.25,0.002516
Sn14,5.31,0.002693
Sn14,5.369999999999999,0.002921
Sn14,5.43,0.0031403333333333335
Sn14,5.49,0.0034433333333333334
Sn14,5.55,0.003635666666666667
Sn14,5.609999999999999,0.003978333333333334
Sn14,5.67,0.004193333333333334
Sn14,5.73,0.004576333333333333
Sn14,5.789999999999999,0.004811
Sn14,5.85,0.005251666666666667
Sn14,5.91,0.005455
Sn14,5.97,0.005963
Sn14,6.029999999999999,0.006217333333333333
Sn14,6.09,0.006724333333333333
Sn14,6.15,0.0071
Sn14,6.21,0.007488666666666667
Sn14,6.27,0.008001333333333333
Sn14,6.33,0.008413666666666667
Sn14,6.39,0.008912666666666666
Sn14,6.449999999999999,0.009315
Sn14,6.51,0.009823333333333333
Sn14,6.57,0.010342
Sn14,6.63,0.010809
Sn14,6.6899999999999995,0.011336333333333334
Sn14,6.75,0.011863
Sn14,6.81,0.012466333333333333
Sn14,6.869999999999999,0.012884
Sn14,6.93,0.013583333333333333
Sn14,6.99,0.013959333333333334
Sn14,7.05,0.014520333333333333
Sn14,7.109999999999999,0.015010666666666667
Sn14,7.17,0.015525666666666667
Sn14,7.2299999999999995,0.015989
Sn14,7.289999999999999,0.016379666666666667
Sn14,7.35,0.016849333333333334
Sn14,7.41,0.01719
Sn14,7.47,0.017573
Sn14,7.529999999999999,0.017799666666666665
Sn14,7.59,0.018157666666666666
Sn14,7.65,0.018380666666666667
Sn14,7.709999999999999,0.018824
Sn14,7.77,0.018816
Sn14,7.83,0.019251333333333332
Sn14,7.89,0.019188666666666666
Sn14,7.949999999999999,0.019253666666666665
Sn14,8.01,0.019367333333333334
Sn14,8.07,0.019164333333333332
Sn14,8.129999999999999,0.019344333333333335
Sn14,8.19,0.019021333333333335
Sn14,8.25,0.018951333333333334
Sn14,8.309999999999999,0.018732
Sn14,8.370000000000001,0.018521
Sn14,8.43,0.018184333333333334
Sn14,8.489999999999998,0.017833666666666668
Sn14,8.55,0.017499
Sn14,8.61,0.017034666666666667
Sn14,8.67,0.016546
Sn14,8.73,0.016071333333333333
Sn14,8.79,0.015532333333333334
Sn14,8.85,0.015017666666666667
Sn14,8.91,0.014475666666666666
Sn14,8.969999999999999,0.013917333333333334
Sn14,9.030000000000001,0.013306
Sn14,9.09,0.012652333333333333
Sn14,9.149999999999999,0.011966
Sn14,9.21,0.011342333333333333
Sn14,9.27,0.010673333333333333
Sn14,9.329999999999998,0.010102333333333333
Sn14,9.39,0.009494666666666667
Sn14,9.45,0.008854
Sn14,9.51,0.008255
Sn14,9.57,0.007663
Sn14,9.629999999999999,0.007064666666666667
Sn14,9.69,0.006591666666666667
Sn14,9.75,0.005998
Sn14,9.809999999999999,0.005599333333333334
Sn14,9.870000000000001,0.005095333333333334
Sn14,9.93,0.004613
Sn14,9.989999999999998,0.004219
Sn14,10.05,0.003838
Sn14,10.11,0.003438
Sn14,10.169999999999998,0.003145
Sn14,10.23,0.002784
Sn14,10.29,0.0024403333333333334
Sn14,10.35,0.0021623333333333334
Sn14,10.41,0.0018906666666666666
Sn14,10.469999999999999,0.0016643333333333334
Sn14,10.53,0.0014683333333333334
Sn14,10.59,0.0013026666666666666
Sn14,10.649999999999999,0.001112
Sn14,10.71,0.0009706666666666667
Sn14,10.77,0.0008233333333333334
Sn14,10.829999999999998,0.0007126666666666667
Sn14,10.89,0.0006183333333333334
Sn14,10.95,0.0005186666666666666
Sn14,11.01,0.0004333333333333333
Sn14,11.07,0.00038166666666666666
Sn14,11.129999999999999,0.0003226666666666667
Sn14,11.19,0.00026233333333333333
Sn14,11.25,0.00021166666666666667
Sn14,11.309999999999999,0.00018166666666666667
Sn14,11.370000000000001,0.00013033333333333332
Sn14,11.43,0.00011633333333333333
Sn14,11.489999999999998,9.533333333333334e-05
Sn14,11.55,7.2e-05
Sn14,11.61,6.733333333333333e-05
Sn14,11.669999999999998,4.933333333333333e-05
Sn14,11.73,3.933333333333333e-05
Sn14,11.79,3.566666666666667e-05
Sn14,11.85,2.8333333333333332e-05
Sn14,11.91,2.1666666666666667e-05
Sn14,11.969999999999999,1.7666666666666668e-05
Sn14,12.03,1.5e-05
Sn14,12.09,1.3333333333333333e-05
Sn14,12.149999999999999,9.666666666666667e-06
Sn14,12.21,6e-06
Sn14,12.27,4.333333333333333e-06
Sn14,12.329999999999998,3.6666666666666666e-06
Sn14,12.39,3.3333333333333333e-06
Sn14,12.45,3.3333333333333333e-06
Sn14,12.51,3e-06
Sn14,12.57,2e-06
Sn14,12.629999999999999,1.6666666666666667e-06
Sn14,12.69,6.666666666666667e-07
Sn14,12.75,6.666666666666667e-07
Sn14,12.809999999999999,3.3333333333333335e-07
Ta14,0.03,0.000183875
Ta14,0.09,1.25e-05
Ta14,0.15,1.125e-05
Ta14,0.21,5.875e-06
Ta14,0.27,6.375e-06
Ta14,0.32999999999999996,6.875e-06
Ta14,0.39,7.5e-06
Ta14,0.44999999999999996,8.5e-06
Ta14,0.51,9.125e-06
Ta14,0.5700000000000001,1.05e-05
Ta14,0.6299999999999999,1.05e-05
Ta14,0.69,1.2875e-05
Ta14,0.75,1.2375e-05
Ta14,0.81,1.375e-05
Ta14,0.8699999999999999,1.425e-05
Ta14,0.9299999999999999,1.575e-05
Ta14,0.99,1.875e-05
Ta14,1.05,1.9125e-05
Ta14,1.1099999999999999,2.05e-05
Ta14,1.17,2.1125e-05
Ta14,1.23,2.55e-05
Ta14,1.29,2.675e-05
Ta14,1.3499999999999999,2.9125e-05
Ta14,1.41,3.225e-05
Ta14,1.47,3.275e-05
Ta14,1.53,3.725e-05
Ta14,1.5899999999999999,4.0125e-05
Ta14,1.65,4.1125e-05
Ta14,1.71,4.5125e-05
Ta14,1.77,4.85e-05
Ta14,1.8299999999999998,5.4375e-05
Ta14,1.89,5.425e-05
Ta14,1.95,6.3875e-05
Ta14,2.01,6.6625e-05
Ta14,2.0700000000000003,6.925e-05
Ta14,2.13,8.1625e-05
Ta14,2.19,8.7125e-05
Ta14,2.25,9.375e-05
Ta14,2.3099999999999996,0.000104625
Ta14,2.37,0.00010725
Ta14,2.4299999999999997,0.00012025
Ta14,2.49,0.0001335
Ta14,2.55,0.00013825
Ta14,2.61,0.0001535
Ta14,2.67,0.000165625
Ta14,2.7299999999999995,0.000179125
Ta14,2.79,0.00019625
Ta14,2.8499999999999996,0.00021
Ta14,2.91,0.000236375
Ta14,2.9699999999999998,0.00024775
Ta14,3.0300000000000002,0.000268
Ta14,3.09,0.000297125
Ta14,3.15,0.000320375
Ta14,3.21,0.000349
Ta14,3.2699999999999996,0.00037725
Ta14,3.33,0.000401375
Ta14,3.3899999999999997,0.00045325
Ta14,3.45,0.00047825
Ta14,3.51,0.000509625
Ta14,3.57,0.00057475
Ta14,3.63,0.000599125
Ta14,3.6899999999999995,0.00067025
Ta14,3.75,0.0007065
Ta14,3.8099999999999996,0.00078475
Ta14,3.87,0.000844125
Ta14,3.9299999999999997,0.000888625
Ta14,3.9899999999999998,0.000992
Ta14,4.05,0.001052875
Ta14,4.109999999999999,0.001157875
Ta14,4.17,0.0012335
Ta14,4.23,0.00135175
Ta14,4.29,0.0014195
Ta14,4.35,0.00157825
Ta14,4.41,0.001644375
Ta14,4.47,0.001817375
Ta14,4.529999999999999,0.00192975
Ta14,4.59,0.0020895
Ta14,4.65,0.0022395
Ta14,4.71,0.002411625
Ta14,4.77,0.002582875
Ta14,4.83,0.00277275
Ta14,4.89,0.00297725
Ta14,4.949999999999999,0.003187875
Ta14,5.01,0.003413375
Ta14,5.07,0.00363825
Ta14,5.13,0.00390475
Ta14,5.1899999999999995,0.004150875
Ta14,5.25,0.00445325
Ta14,5.31,0.00475575
Ta14,5.369999999999999,0.0050445
Ta14,5.43,0.005382
Ta14,5.49,0.005699875
Ta14,5.55,0.006033
Ta14,5.609999999999999,0.006411875
Ta14,5.67,0.006773125
Ta14,5.73,0.007154375
Ta14,5.789999999999999,0.0075495
Ta14,5.85,0.00800125
Ta14,5.91,0.008381125
Ta14,5.97,0.008814
Ta14,6.029999999999999,0.00926625
Ta14,6.09,0.0096965
Ta14,6.15,0.010206125
Ta14,6.21,0.01062175
Ta14,6.27,0.011116375
Ta14,6.33,0.0116095
Ta14,6.39,0.01205275
Ta14,6.449999999999999,0.012564625
Ta14,6.51,0.013011
Ta14,6.57,0.013517125
Ta14,6.63,0.013982375
Ta14,6.6899999999999995,0.0144315
Ta14,6.75,0.014834375
Ta14,6.81,0.01529575
Ta14,6.869999999999999,0.01565675
Ta14,6.93,0.016061125
Ta14,6.99,0.016428125
Ta14,7.05,0.0167225
Ta14,7.109999999999999,0.017092125
Ta14,7.17,0.017424125
Ta14,7.2299999999999995,0.017588875
Ta14,7.289999999999999,0.01786975
Ta14,7.35,0.018059125
Ta14,7.41,0.0181745
Ta14,7.47,0.018316875
Ta14,7.529999999999999,0.018468125
Ta14,7.59,0.018479375
Ta14,7.65,0.01847575
Ta14,7.709999999999999,0.018470875
Ta14,7.77,0.01837225
Ta14,7.83,0.018229625
Ta14,7.89,0.01803675
Ta14,7.949999999999999,0.017948375
Ta14,8.01,0.01763
Ta14,8.07,0.01731975
Ta14,8.129999999999999,0.01703875
Ta14,8.19,0.016677125
Ta14,8.25,0.016254875
Ta14,8.309999999999999,0.015867
Ta14,8.370000000000001,0.01542825
Ta14,8.43,0.014949125
Ta14,8.489999999999998,0.0144145
Ta14,8.55,0.013903
Ta14,8.61,0.0133405
Ta14,8.67,0.01277475
Ta14,8.73,0.012224
Ta14,8.79,0.011646875
Ta14,8.85,0.011070625
Ta14,8.91,0.0104685
Ta14,8.969999999999999,0.009875375
Ta14,9.030000000000001,0.00927175
Ta14,9.09,0.008716125
Ta14,9.149999999999999,0.00815525
Ta14,9.21,0.007599125
Ta14,9.27,0.00711375
Ta14,9.329999999999998,0.006575625
Ta14,9.39,0.006078375
Ta14,9.45,0.0055775
Ta14,9.51,0.005167375
Ta14,9.57,0.004732375
Ta14,9.629999999999999,0.00433075
Ta14,9.69,0.00392725
Ta14,9.75,0.003561
Ta14,9.809999999999999,0.003226875
Ta14,9.870000000000001,0.00289575
Ta14,9.93,0.00258925
Ta14,9.989999999999998,0.002308625
Ta14,10.05,0.002065625
Ta14,10.11,0.001829
Ta14,10.169999999999998,0.001602125
Ta14,10.23,0.001395
Ta14,10.29,0.001233375
Ta14,10.35,0.0010665
Ta14,10.41,0.000940875
Ta14,10.469999999999999,0.000810625
Ta14,10.53,0.00070175
Ta14,10.59,0.00060275
Ta14,10.649999999999999,0.000516375
Ta14,10.71,0.000435625
Ta14,10.77,0.000372875
Ta14,10.829999999999998,0.000309125
Ta14,10.89,0.000262625
Ta14,10.95,0.000219
Ta14,11.01,0.000182125
Ta14,11.07,0.000149375
Ta14,11.129999999999999,0.00012325
Ta14,11.19,9.6125e-05
Ta14,11.25,8.075e-05
Ta14,11.309999999999999,6.5625e-05
Ta14,11.370000000000001,5.375e-05
Ta14,11.43,4.5125e-05
Ta14,11.489999999999998,3.6875e-05
Ta14,11.55,2.9125e-05
Ta14,11.61,2.4e-05
Ta14,11.669999999999998,2.0125e-05
Ta14,11.73,1.6125e-05
Ta14,11.79,1.3375e-05
Ta14,11.85,1e-05
Ta14,11.91,7.625e-06
Ta14,11.969999999999999,6.125e-06
Ta14,12.03,4.625e-06
Ta14,12.09,4.25e-06
Ta14,12.149999999999999,3.125e-06
Ta14,12.21,2.375e-06
Ta14,12.27,1.875e-06
Ta14,12.329999999999998,1.75e-06
Ta14,12.39,1.5e-06
Ta14,12.45,1e-06
Ta14,12.51,3.75e-07
Ta14,12.57,3.75e-07
Ta14,12.629999999999999,1.25e-07
Cu14,0.03,0.0013005454545454546
Cu14,0.09,6.945454545454545e-05
Cu14,0.15,6.545454545454545e-05
Cu14,0.21,5.0636363636363636e-05
Cu14,0.27,3.909090909090909e-05
Cu14,0.32999999999999996,3.9454545454545455e-05
Cu14,0.39,4.4e-05
Cu14,0.44999999999999996,5.3636363636363635e-05
Cu14,0.51,5.245454545454545e-05
Cu14,0.5700000000000001,5.918181818181818e-05
Cu14,0.6299999999999999,6.490909090909091e-05
Cu14,0.69,6.527272727272728e-05
Cu14,0.75,6.927272727272727e-05
Cu14,0.81,8.027272727272728e-05
Cu14,0.8699999999999999,8.636363636363636e-05
Cu14,0.9299999999999999,8.981818181818182e-05
Cu14,0.99,9.454545454545455e-05
Cu14,1.05,0.00010681818181818181
Cu14,1.1099999999999999,0.00011254545454545454
Cu14,1.17,0.00011972727272727273
Cu14,1.23,0.00012672727272727274
Cu14,1.29,0.00014172727272727272
Cu14,1.3499999999999999,0.00014863636363636365
Cu14,1.41,0.00015372727272727272
Cu14,1.47,0.000166
Cu14,1.53,0.00018572727272727274
Cu14,1.5899999999999999,0.00018918181818181818
Cu14,1.65,0.00020372727272727271
Cu14,1.71,0.00022263636363636363
Cu14,1.77,0.00023363636363636363
Cu14,1.8299999999999998,0.0002499090909090909
Cu14,1.89,0.0002769090909090909
Cu14,1.95,0.00029045454545454546
Cu14,2.01,0.0003047272727272727
Cu14,2.0700000000000003,0.000337
Cu14,2.13,0.0003578181818181818
Cu14,2.19,0.0003781818181818182
Cu14,2.25,0.0004088181818181818
Cu14,2.3099999999999996,0.000441
Cu14,2.37,0.0004633636363636364
Cu14,2.4299999999999997,0.0005023636363636364
Cu14,2.49,0.0005415454545454545
Cu14,2.55,0.0005673636363636364
Cu14,2.61,0.0006171818181818182
Cu14,2.67,0.000657
Cu14,2.7299999999999995,0.0006996363636363636
Cu14,2.79,0.0007649090909090909
Cu14,2.8499999999999996,0.0008080909090909091
Cu14,2.91,0.0008623636363636364
Cu14,2.9699999999999998,0.000927
Cu14,3.0300000000000002,0.000989090909090909
Cu14,3.09,0.001059
Cu14,3.15,0.0011184545454545455
Cu14,3.21,0.0012183636363636364
Cu14,3.2699999999999996,0.0012743636363636364
Cu14,3.33,0.0013837272727272728
Cu14,3.3899999999999997,0.0014668181818181818
Cu14,3.45,0.0015660909090909091
Cu14,3.51,0.0016773636363636363
Cu14,3.57,0.001788909090909091
Cu14,3.63,0.0019231818181818182
Cu14,3.6899999999999995,0.0020242727272727274
Cu14,3.75,0.0021834545454545453
Cu14,3.8099999999999996,0.0022961818181818183
Cu14,3.87,0.002485
Cu14,3.9299999999999997,0.0026018181818181817
Cu14,3.9899999999999998,0.0028043636363636365
Cu14,4.05,0.0029775454545454545
Cu14,4.109999999999999,0.0031459090909090907
Cu14,4.17,0.0033553636363636364
Cu14,4.23,0.0035374545454545455
Cu14,4.29,0.003783090909090909
Cu14,4.35,0.004007090909090909
Cu14,4.41,0.004252090909090909
Cu14,4.47,0.0044831818181818184
Cu14,4.529999999999999,0.004772363636363636
Cu14,4.59,0.005023181818181818
Cu14,4.65,0.005296272727272728
Cu14,4.71,0.0056173636363636365
Cu14,4.77,0.005882454545454546
Cu14,4.83,0.006206
Cu14,4.89,0.006555363636363636
Cu14,4.949999999999999,0.006864363636363636
Cu14,5.01,0.007226
Cu14,5.07,0.007541727272727273
Cu14,5.13,0.007939181818181817
Cu14,5.1899999999999995,0.008308181818181819
Cu14,5.25,0.008690727272727274
Cu14,5.31,0.009066181818181819
Cu14,5.369999999999999,0.009472818181818181
Cu14,5.43,0.009902090909090909
Cu14,5.49,0.010267
Cu14,5.55,0.010674
Cu14,5.609999999999999,0.011117181818181818
Cu14,5.67,0.011502
Cu14,5.73,0.011909363636363636
Cu14,5.789999999999999,0.012358181818181819
Cu14,5.85,0.012728909090909091
Cu14,5.91,0.013125636363636364
Cu14,5.97,0.013537181818181818
Cu14,6.029999999999999,0.01389390909090909
Cu14,6.09,0.014251
Cu14,6.15,0.014606636363636363
Cu14,6.21,0.01495909090909091
Cu14,6.27,0.015277
Cu14,6.33,0.015568545454545455
Cu14,6.39,0.015883
Cu14,6.449999999999999,0.016112818181818183
Cu14,6.51,0.01637190909090909
Cu14,6.57,0.016573272727272728
Cu14,6.63,0.016756454545454547
Cu14,6.6899999999999995,0.016888454545454547
Cu14,6.75,0.01705509090909091
Cu14,6.81,0.017153454545454545
Cu14,6.869999999999999,0.017212545454545456
Cu14,6.93,0.017270272727272728
Cu14,6.99,0.017248727272727273
Cu14,7.05,0.017242
Cu14,7.109999999999999,0.017147363636363638
Cu14,7.17,0.017082727272727274
Cu14,7.2299999999999995,0.016896454545454544
Cu14,7.289999999999999,0.016731272727272727
Cu14,7.35,0.016559
Cu14,7.41,0.016287636363636365
Cu14,7.47,0.016031818181818182
Cu14,7.529999999999999,0.015731181818181818
Cu14,7.59,0.015358818181818182
Cu14,7.65,0.015039363636363637
Cu14,7.709999999999999,0.01466590909090909
Cu14,7.77,0.014234818181818182
Cu14,7.83,0.013798454545454546
Cu14,7.89,0.013374454545454545
Cu14,7.949999999999999,0.012863
Cu14,8.01,0.012368272727272728
Cu14,8.07,0.011878454545454546
Cu14,8.129999999999999,0.011390272727272728
Cu14,8.19,0.010878454545454545
Cu14,8.25,0.010345636363636364
Cu14,8.309999999999999,0.009833181818181819
Cu14,8.370000000000001,0.00928690909090909
Cu14,8.43,0.008785
Cu14,8.489999999999998,0.008253818181818182
Cu14,8.55,0.007756090909090909
Cu14,8.61,0.007283090909090909
Cu14,8.67,0.0067975454545454546
Cu14,8.73,0.006321818181818182
Cu14,8.79,0.005892727272727273
Cu14,8.85,0.005435454545454545
Cu14,8.91,0.005035272727272728
Cu14,8.969999999999999,0.004656454545454545
Cu14,9.030000000000001,0.004283
Cu14,9.09,0.003915636363636363
Cu14,9.149999999999999,0.003560090909090909
Cu14,9.21,0.003236181818181818
Cu14,9.27,0.002938909090909091
Cu14,9.329999999999998,0.0026514545454545454
Cu14,9.39,0.002374090909090909
Cu14,9.45,0.0021406363636363637
Cu14,9.51,0.0019089090909090909
Cu14,9.57,0.0016974545454545454
Cu14,9.629999999999999,0.0014976363636363635
Cu14,9.69,0.0013214545454545454
Cu14,9.75,0.0011594545454545455
Cu14,9.809999999999999,0.0010187272727272727
Cu14,9.870000000000001,0.0008956363636363636
Cu14,9.93,0.0007803636363636363
Cu14,9.989999999999998,0.0006784545454545455
Cu14,10.05,0.0005892727272727272
Cu14,10.11,0.0005048181818181818
Cu14,10.169999999999998,0.0004326363636363636
Cu14,10.23,0.00036936363636363637
Cu14,10.29,0.00031163636363636365
Cu14,10.35,0.00026227272727272726
Cu14,10.41,0.00022454545454545454
Cu14,10.469999999999999,0.00018545454545454545
Cu14,10.53,0.00015636363636363637
Cu14,10.59,0.00012863636363636365
Cu14,10.649999999999999,0.00010627272727272727
Cu14,10.71,8.436363636363637e-05
Cu14,10.77,7.045454545454545e-05
Cu14,10.829999999999998,5.7545454545454545e-05
Cu14,10.89,4.6727272727272727e-05
Cu14,10.95,4.063636363636364e-05
Cu14,11.01,3.1909090909090906e-05
Cu14,11.07,2.7363636363636362e-05
Cu14,11.129999999999999,2.190909090909091e-05
Cu14,11.19,1.7909090909090908e-05
Cu14,11.25,1.4363636363636363e-05
Cu14,11.309999999999999,1.1818181818181819e-05
Cu14,11.370000000000001,9.454545454545454e-06
Cu14,11.43,7.909090909090909e-06
Cu14,11.489999999999998,6.272727272727273e-06
Cu14,11.55,4.454545454545455e-06
Cu14,11.61,3.5454545454545454e-06
Cu14,11.669999999999998,3e-06
Cu14,11.73,2.5454545454545456e-06
Cu14,11.79,1.7272727272727273e-06
Cu14,11.85,1.3636363636363636e-06
Cu14,11.91,1.2727272727272728e-06
Cu14,11.969999999999999,1.1818181818181818e-06
Cu14,12.03,7.272727272727273e-07
Cu14,12.09,2.7272727272727274e-07
Cu14,12.149999999999999,1.8181818181818183e-07
Cu14,12.21,9.090909090909091e-08
