name,energy,flux
Ni08,27.509999999999998,3.3333333333333335e-07
Ni08,27.57,3.3333333333333335e-07
Ni08,27.63,6.666666666666667e-07
Ni08,27.689999999999998,2.333333333333333e-06
Ni08,27.75,2.333333333333333e-06
Ni08,27.81,3.3333333333333333e-06
Ni08,27.869999999999997,1.1e-05
Ni08,27.93,9.333333333333333e-06
Ni08,27.99,2.1333333333333335e-05
Ni08,28.049999999999997,3.066666666666667e-05
Ni08,28.11,4.233333333333333e-05
Ni08,28.17,7.4e-05
Ni08,28.229999999999997,0.000121
Ni08,28.29,0.00018
Ni08,28.35,0.00028066666666666664
Ni08,28.409999999999997,0.00042666666666666667
Ni08,28.47,0.0006593333333333334
Ni08,28.53,0.00091
Ni08,28.589999999999996,0.0013413333333333333
Ni08,28.65,0.0018646666666666666
Ni08,28.71,0.0025323333333333335
Ni08,28.769999999999996,0.003513333333333333
Ni08,28.83,0.004678
Ni08,28.89,0.006127666666666667
Ni08,28.95,0.007892
Ni08,29.009999999999998,0.010072333333333334
Ni08,29.07,0.012474
Ni08,29.13,0.015481333333333333
Ni08,29.189999999999998,0.018685666666666666
Ni08,29.25,0.022141333333333332
Ni08,29.31,0.026073333333333334
Ni08,29.369999999999997,0.029879
Ni08,29.43,0.033797
Ni08,29.49,0.037795333333333334
Ni08,29.549999999999997,0.04133966666666666
Ni08,29.61,0.044767666666666664
Ni08,29.67,0.04724866666666667
Ni08,29.729999999999997,0.049377333333333336
Ni08,29.79,0.050623
Ni08,29.85,0.051008333333333336
Ni08,29.909999999999997,0.05081833333333333
Ni08,29.97,0.04958233333333333
Ni08,30.03,0.047573333333333336
Ni08,30.089999999999996,0.04511
Ni08,30.15,0.041661
Ni08,30.21,0.038713333333333336
Ni08,30.269999999999996,0.03442766666666667
Ni08,30.33,0.030577
Ni08,30.39,0.026725333333333334
Ni08,30.45,0.022825
Ni08,30.509999999999998,0.019370333333333333
Ni08,30.57,0.015972
Ni08,30.63,0.012957666666666666
Ni08,30.689999999999998,0.010417666666666667
Ni08,30.75,0.008168
Ni08,30.81,0.006410333333333333
Ni08,30.869999999999997,0.004833333333333334
Ni08,30.93,0.003608333333333333
Ni08,30.99,0.0026793333333333335
Ni08,31.049999999999997,0.001912
Ni08,31.11,0.0013503333333333334
Ni08,31.17,0.000967
Ni08,31.229999999999997,0.000629
Ni08,31.29,0.000437
Ni08,31.35,0.000298
Ni08,31.409999999999997,0.00016933333333333332
Ni08,31.47,0.00012833333333333333
Ni08,31.53,6.866666666666666e-05
Ni08,31.589999999999996,5.1666666666666664e-05
Ni08,31.65,2.7333333333333335e-05
Ni08,31.71,1.7666666666666668e-05
Ni08,31.769999999999996,9.666666666666667e-06
Ni08,31.83,5.333333333333334e-06
Ni08,31.89,4.666666666666666e-06
Ni08,31.95,2e-06
Ni08,32.01,1e-06
Ni08,32.07,6.666666666666667e-07
Ni08,32.129999999999995,3.3333333333333335e-07
Ni08,32.19,3.3333333333333335e-07
Ni08,32.25,3.3333333333333335e-07
Sn08,27.45,3.3333333333333335e-07
Sn08,27.509999999999998,1.3333333333333334e-06
Sn08,27.57,1.3333333333333334e-06
Sn08,27.63,5e-06
Sn08,27.689999999999998,5.666666666666667e-06
Sn08,27.75,8.333333333333334e-06
Sn08,27.81,1.6e-05
Sn08,27.869999999999997,2.3333333333333332e-05
Sn08,27.93,3.433333333333333e-05
Sn08,27.99,6.1e-05
Sn08,28.049999999999997,8.966666666666667e-05
Sn08,28.11,0.00013066666666666665
Sn08,28.17,0.00022033333333333334
Sn08,28.229999999999997,0.00036566666666666665
Sn08,28.29,0.000533
Sn08,28.35,0.0008113333333333333
Sn08,28.409999999999997,0.0011673333333333334
Sn08,28.47,0.0016616666666666668
Sn08,28.53,0.002338666666666667
Sn08,28.589999999999996,0.003171
Sn08,28.65,0.004306333333333333
Sn08,28.71,0.005745
Sn08,28.769999999999996,0.007595
Sn08,28.83,0.009691666666666666
Sn08,28.89,0.012254333333333334
Sn08,28.95,0.01521
Sn08,29.009999999999998,0.018469333333333334
Sn08,29.07,0.022064
Sn08,29.13,0.026197666666666668
Sn08,29.189999999999998,0.030408666666666667
Sn08,29.25,0.034609666666666664
Sn08,29.31,0.038649666666666666
Sn08,29.369999999999997,0.04255066666666667
Sn08,29.43,0.045707333333333336
Sn08,29.49,0.04855166666666667
Sn08,29.549999999999997,0.05096166666666667
Sn08,29.61,0.052267666666666664
Sn08,29.67,0.052554666666666666
Sn08,29.729999999999997,0.051915
Sn08,29.79,0.050567
Sn08,29.85,0.048436
Sn08,29.909999999999997,0.045459
Sn08,29.97,0.042007
Sn08,30.03,0.038253666666666665
Sn08,30.089999999999996,0.034279
Sn08,30.15,0.030124666666666668
Sn08,30.21,0.026139666666666665
Sn08,30.269999999999996,0.021993333333333333
Sn08,30.33,0.018219
Sn08,30.39,0.014915
Sn08,30.45,0.012104666666666666
Sn08,30.509999999999998,0.009597
Sn08,30.57,0.007416
Sn08,30.63,0.005661
Sn08,30.689999999999998,0.0042506666666666665
Sn08,30.75,0.003088
Sn08,30.81,0.002262333333333333
Sn08,30.869999999999997,0.0015886666666666666
Sn08,30.93,0.001122
Sn08,30.99,0.0007716666666666667
Sn08,31.049999999999997,0.0004933333333333334
Sn08,31.11,0.000317
Sn08,31.17,0.00021533333333333333
Sn08,31.229999999999997,0.00013433333333333334
Sn08,31.29,9.2e-05
Sn08,31.35,6.133333333333334e-05
Sn08,31.409999999999997,2.9333333333333333e-05
Sn08,31.47,1.6666666666666667e-05
Sn08,31.53,1.1333333333333334e-05
Sn08,31.589999999999996,8e-06
Sn08,31.65,4.666666666666666e-06
Sn08,31.71,2.333333333333333e-06
Sn08,31.769999999999996,1e-06
Sn08,31.83,6.666666666666667e-07
Sn08,31.89,6.666666666666667e-07
Sn08,31.95,6.666666666666667e-07
Ta08,27.21,3.3333333333333335e-07
Ta08,27.27,6.666666666666667e-07
Ta08,27.33,2e-06
Ta08,27.39,2.333333333333333e-06
Ta08,27.45,2.666666666666667e-06
Ta08,27.509999999999998,9e-06
Ta08,27.57,9.666666666666667e-06
Ta08,27.63,1.8333333333333333e-05
Ta08,27.689999999999998,2.5333333333333334e-05
Ta08,27.75,4.566666666666667e-05
Ta08,27.81,6.433333333333333e-05
Ta08,27.869999999999997,9.8e-05
Ta08,27.93,0.00016866666666666666
Ta08,27.99,0.0002553333333333333
Ta08,28.049999999999997,0.00038366666666666665
Ta08,28.11,0.0005943333333333333
Ta08,28.17,0.0008433333333333333
Ta08,28.229999999999997,0.001249
Ta08,28.29,0.001708
Ta08,28.35,0.0023883333333333335
Ta08,28.409999999999997,0.0032676666666666665
Ta08,28.47,0.004347666666666666
Ta08,28.53,0.005777333333333333
Ta08,28.589999999999996,0.007439
Ta08,28.65,0.009625666666666666
Ta08,28.71,0.011932666666666666
Ta08,28.769999999999996,0.014765
Ta08,28.83,0.017928666666666666
Ta08,28.89,0.021380333333333335
Ta08,28.95,0.025235
Ta08,29.009999999999998,0.029076
Ta08,29.07,0.033160666666666665
Ta08,29.13,0.037164666666666665
Ta08,29.189999999999998,0.04063566666666667
Ta08,29.25,0.04419066666666667
Ta08,29.31,0.046827
Ta08,29.369999999999997,0.04923
Ta08,29.43,0.05046966666666667
Ta08,29.49,0.051241666666666665
Ta08,29.549999999999997,0.05104366666666667
Ta08,29.61,0.05000366666666667
Ta08,29.67,0.048022
Ta08,29.729999999999997,0.04573566666666667
Ta08,29.79,0.04247533333333333
Ta08,29.85,0.039217666666666665
Ta08,29.909999999999997,0.03527466666666667
Ta08,29.97,0.03147
Ta08,30.03,0.027426333333333334
Ta08,30.089999999999996,0.023534666666666666
Ta08,30.15,0.019968333333333334
Ta08,30.21,0.016515333333333333
Ta08,30.269999999999996,0.013476
Ta08,30.33,0.010838
Ta08,30.39,0.008566
Ta08,30.45,0.006690666666666667
Ta08,30.509999999999998,0.005088333333333334
Ta08,30.57,0.003805
Ta08,30.63,0.002807
Ta08,30.689999999999998,0.0020343333333333333
Ta08,30.75,0.0014396666666666666
Ta08,30.81,0.0010056666666666666
Ta08,30.869999999999997,0.000689
Ta08,30.93,0.0004586666666666667
Ta08,30.99,0.000319
Ta08,31.049999999999997,0.000189
Ta08,31.11,0.000133
Ta08,31.17,7.9e-05
Ta08,31.229999999999997,5.333333333333333e-05
Ta08,31.29,3.1e-05
Ta08,31.35,1.8e-05
Ta08,31.409999999999997,1.1333333333333334e-05
Ta08,31.47,6e-06
Ta08,31.53,4.666666666666666e-06
Ta08,31.589999999999996,3e-06
Ta08,31.65,1e-06
Ta08,31.71,1e-06
Ta08,31.769999999999996,3.3333333333333335e-07
Ta08,31.83,3.3333333333333335e-07
Ta08,31.89,3.3333333333333335e-07
Cu08,26.909999999999997,3.3333333333333335e-07
Cu08,26.97,6.666666666666667e-07
Cu08,27.03,6.666666666666667e-07
Cu08,27.089999999999996,2.666666666666667e-06
Cu08,27.15,2.666666666666667e-06
Cu08,27.21,7.333333333333333e-06
Cu08,27.27,8.666666666666666e-06
Cu08,27.33,1.2e-05
Cu08,27.39,2.5333333333333334e-05
Cu08,27.45,3.733333333333333e-05
Cu08,27.509999999999998,5.2e-05
Cu08,27.57,8.133333333333334e-05
Cu08,27.63,0.00013733333333333333
Cu08,27.689999999999998,0.00021366666666666667
Cu08,27.75,0.000312
Cu08,27.81,0.00048466666666666667
Cu08,27.869999999999997,0.0007093333333333333
Cu08,27.93,0.0010133333333333333
Cu08,27.99,0.0014556666666666667
Cu08,28.049999999999997,0.0019953333333333333
Cu08,28.11,0.0027373333333333334
Cu08,28.17,0.003714
Cu08,28.229999999999997,0.004907666666666667
Cu08,28.29,0.006423333333333333
Cu08,28.35,0.008222666666666666
Cu08,28.409999999999997,0.010436
Cu08,28.47,0.012838666666666667
Cu08,28.53,0.015869666666666667
Cu08,28.589999999999996,0.019017
Cu08,28.65,0.022585666666666667
Cu08,28.71,0.026310666666666666
Cu08,28.769999999999996,0.030174
Cu08,28.83,0.03401666666666667
Cu08,28.89,0.037886
Cu08,28.95,0.041272666666666666
Cu08,29.009999999999998,0.04467366666666667
Cu08,29.07,0.046935
Cu08,29.13,0.049160666666666665
Cu08,29.189999999999998,0.050141
Cu08,29.25,0.05069833333333333
Cu08,29.31,0.050307
Cu08,29.369999999999997,0.04904533333333334
Cu08,29.43,0.046984
Cu08,29.49,0.044661
Cu08,29.549999999999997,0.04130233333333334
Cu08,29.61,0.038138
Cu08,29.67,0.03418033333333333
Cu08,29.729999999999997,0.030416666666666668
Cu08,29.79,0.026491333333333332
Cu08,29.85,0.022763
Cu08,29.909999999999997,0.019255333333333333
Cu08,29.97,0.015981333333333334
Cu08,30.03,0.012958666666666667
Cu08,30.089999999999996,0.010486
Cu08,30.15,0.008267666666666666
Cu08,30.21,0.006487666666666667
Cu08,30.269999999999996,0.004918666666666667
Cu08,30.33,0.003686333333333333
Cu08,30.39,0.0027463333333333333
Cu08,30.45,0.001982
Cu08,30.509999999999998,0.001402
Cu08,30.57,0.0009823333333333333
Cu08,30.63,0.000688
Cu08,30.689999999999998,0.00044466666666666667
Cu08,30.75,0.00031966666666666667
Cu08,30.81,0.00018466666666666666
Cu08,30.869999999999997,0.00013666666666666666
Cu08,30.93,7.666666666666667e-05
Cu08,30.99,5.3e-05
Cu08,31.049999999999997,3.5e-05
Cu08,31.11,1.7e-05
Cu08,31.17,1.1666666666666666e-05
Cu08,31.229999999999997,5.666666666666667e-06
Cu08,31.29,4.666666666666666e-06
Cu08,31.35,2.666666666666667e-06
Cu08,31.409999999999997,1.6666666666666667e-06
Cu08,31.47,1e-06
Cu08,31.53,3.3333333333333335e-07
Cu08,31.589999999999996,3.3333333333333335e-07
Cu08,31.65,3.3333333333333335e-07
Al_degrader_E2_E1,24.689999999999998,1.4285714285714285e-07
Al_degrader_E2_E1,24.75,1.4285714285714285e-07
Al_degrader_E2_E1,24.81,2.857142857142857e-07
Al_degrader_E2_E1,24.869999999999997,8.571428571428571e-07
Al_degrader_E2_E1,24.93,7.142857142857143e-07
Al_degrader_E2_E1,24.990000000000002,7.142857142857143e-07
Al_degrader_E2_E1,25.049999999999997,2.8571428571428573e-06
Al_degrader_E2_E1,25.11,2.8571428571428573e-06
Al_degrader_E2_E1,25.17,4.428571428571428e-06
Al_degrader_E2_E1,25.229999999999997,7.2857142857142855e-06
Al_degrader_E2_E1,25.29,1.2857142857142857e-05
Al_degrader_E2_E1,25.35,1.4285714285714285e-05
Al_degrader_E2_E1,25.409999999999997,2.4714285714285714e-05
Al_degrader_E2_E1,25.47,4.142857142857143e-05
Al_degrader_E2_E1,25.53,6.0714285714285715e-05
Al_degrader_E2_E1,25.589999999999996,8.785714285714286e-05
Al_degrader_E2_E1,25.65,0.00012785714285714286
Al_degrader_E2_E1,25.71,0.00018857142857142857
Al_degrader_E2_E1,25.77,0.0002454285714285714
Al_degrader_E2_E1,25.83,0.00035914285714285714
Al_degrader_E2_E1,25.89,0.00047385714285714284
Al_degrader_E2_E1,25.95,0.0006402857142857143
Al_degrader_E2_E1,26.009999999999998,0.0008591428571428571
Al_degrader_E2_E1,26.07,0.0011177142857142857
Al_degrader_E2_E1,26.13,0.0014517142857142858
Al_degrader_E2_E1,26.189999999999998,0.001841857142857143
Al_degrader_E2_E1,26.25,0.002295285714285714
Al_degrader_E2_E1,26.31,0.0028635714285714284
Al_degrader_E2_E1,26.369999999999997,0.0034904285714285714
Al_degrader_E2_E1,26.43,0.004240857142857143
Al_degrader_E2_E1,26.49,0.005098285714285714
Al_degrader_E2_E1,26.549999999999997,0.006017142857142857
Al_degrader_E2_E1,26.61,0.0069772857142857145
Al_degrader_E2_E1,26.67,0.008094857142857143
Al_degrader_E2_E1,26.729999999999997,0.009166428571428572
Al_degrader_E2_E1,26.79,0.010404857142857143
Al_degrader_E2_E1,26.85,0.011549428571428572
Al_degrader_E2_E1,26.909999999999997,0.012877
Al_degrader_E2_E1,26.97,0.014023857142857143
Al_degrader_E2_E1,27.03,0.015243428571428571
Al_degrader_E2_E1,27.089999999999996,0.01629442857142857
Al_degrader_E2_E1,27.15,0.017455857142857144
Al_degrader_E2_E1,27.21,0.018343571428571428
Al_degrader_E2_E1,27.27,0.019489
Al_degrader_E2_E1,27.33,0.020237428571428573
Al_degrader_E2_E1,27.39,0.02096685714285714
Al_degrader_E2_E1,27.45,0.021621285714285714
Al_degrader_E2_E1,27.509999999999998,0.022249
Al_degrader_E2_E1,27.57,0.022679714285714286
Al_degrader_E2_E1,27.63,0.02332714285714286
Al_degrader_E2_E1,27.689999999999998,0.02349314285714286
Al_degrader_E2_E1,27.75,0.023822
Al_degrader_E2_E1,27.81,0.023974
Al_degrader_E2_E1,27.869999999999997,0.024255
Al_degrader_E2_E1,27.93,0.02444285714285714
Al_degrader_E2_E1,27.99,0.02463042857142857
Al_degrader_E2_E1,28.049999999999997,0.024625571428571427
Al_degrader_E2_E1,28.11,0.024594142857142856
Al_degrader_E2_E1,28.17,0.024699
Al_degrader_E2_E1,28.229999999999997,0.024641142857142858
Al_degrader_E2_E1,28.29,0.024757428571428573
Al_degrader_E2_E1,28.35,0.02461342857142857
Al_degrader_E2_E1,28.409999999999997,0.024424
Al_degrader_E2_E1,28.47,0.024246
Al_degrader_E2_E1,28.53,0.024017714285714285
Al_degrader_E2_E1,28.589999999999996,0.02359657142857143
Al_degrader_E2_E1,28.65,0.02343685714285714
Al_degrader_E2_E1,28.71,0.022730285714285713
Al_degrader_E2_E1,28.769999999999996,0.022177714285714287
Al_degrader_E2_E1,28.83,0.021368428571428573
Al_degrader_E2_E1,28.89,0.020572285714285713
Al_degrader_E2_E1,28.95,0.01966757142857143
Al_degrader_E2_E1,29.009999999999998,0.01868142857142857
Al_degrader_E2_E1,29.07,0.01741
Al_degrader_E2_E1,29.13,0.016192714285714286
Al_degrader_E2_E1,29.189999999999998,0.014916857142857143
Al_degrader_E2_E1,29.25,0.013556428571428572
Al_degrader_E2_E1,29.31,0.012354428571428572
Al_degrader_E2_E1,29.369999999999997,0.010875
Al_degrader_E2_E1,29.43,0.009536714285714286
Al_degrader_E2_E1,29.49,0.008343857142857142
Al_degrader_E2_E1,29.549999999999997,0.007105285714285714
Al_degrader_E2_E1,29.61,0.00608
Al_degrader_E2_E1,29.67,0.005087428571428572
Al_degrader_E2_E1,29.729999999999997,0.004145857142857143
Al_degrader_E2_E1,29.79,0.003348857142857143
Al_degrader_E2_E1,29.85,0.0027
Al_degrader_E2_E1,29.909999999999997,0.0020984285714285714
Al_degrader_E2_E1,29.97,0.0016682857142857144
Al_degrader_E2_E1,30.03,0.001249142857142857
Al_degrader_E2_E1,30.089999999999996,0.0009508571428571428
Al_degrader_E2_E1,30.15,0.0006981428571428571
Al_degrader_E2_E1,30.21,0.0004987142857142857
Al_degrader_E2_E1,30.269999999999996,0.00036485714285714284
Al_degrader_E2_E1,30.33,0.00025414285714285713
Al_degrader_E2_E1,30.39,0.00017628571428571427
Al_degrader_E2_E1,30.45,0.00012771428571428572
Al_degrader_E2_E1,30.509999999999998,7.857142857142857e-05
Al_degrader_E2_E1,30.57,4.714285714285714e-05
Al_degrader_E2_E1,30.63,3.514285714285714e-05
Al_degrader_E2_E1,30.689999999999998,2e-05
Al_degrader_E2_E1,30.75,1.7142857142857142e-05
Al_degrader_E2_E1,30.81,8.285714285714285e-06
Al_degrader_E2_E1,30.869999999999997,4.714285714285714e-06
Al_degrader_E2_E1,30.93,2.4285714285714284e-06
Al_degrader_E2_E1,30.99,1.7142857142857143e-06
Al_degrader_E2_E1,31.049999999999997,1.7142857142857143e-06
Al_degrader_E2_E1,31.11,5.714285714285714e-07
Al_degrader_E2_E1,31.17,2.857142857142857e-07
Al_degrader_E2_E1,31.229999999999997,2.857142857142857e-07
Al_degrader_E2_E1,31.29,0.0
Al_degrader_E2_E1,31.35,1.4285714285714285e-07
Al_degrader_E2_E1,31.409999999999997,1.4285714285714285e-07
Ni09,24.33,3.3333333333333335e-07
Ni09,24.39,0.0
Ni09,24.45,6.666666666666667e-07
Ni09,24.509999999999998,1e-06
Ni09,24.57,2.666666666666667e-06
Ni09,24.63,2e-06
Ni09,24.689999999999998,6e-06
Ni09,24.75,9e-06
Ni09,24.81,8.666666666666666e-06
Ni09,24.869999999999997,2.1333333333333335e-05
Ni09,24.93,2.8333333333333332e-05
Ni09,24.990000000000002,3.866666666666667e-05
Ni09,25.049999999999997,5.933333333333334e-05
Ni09,25.11,9.333333333333333e-05
Ni09,25.17,0.00014633333333333333
Ni09,25.229999999999997,0.00022033333333333334
Ni09,25.29,0.00031233333333333335
Ni09,25.35,0.00046366666666666664
Ni09,25.409999999999997,0.000661
Ni09,25.47,0.0009233333333333333
Ni09,25.53,0.0012833333333333334
Ni09,25.589999999999996,0.001733
Ni09,25.65,0.0023193333333333334
Ni09,25.71,0.0031396666666666665
Ni09,25.77,0.004064333333333333
Ni09,25.83,0.005234666666666667
Ni09,25.89,0.006641
Ni09,25.95,0.008402666666666666
Ni09,26.009999999999998,0.010303
Ni09,26.07,0.012493
Ni09,26.13,0.015253
Ni09,26.189999999999998,0.01791533333333333
Ni09,26.25,0.020995666666666666
Ni09,26.31,0.024309333333333332
Ni09,26.369999999999997,0.027589666666666665
Ni09,26.43,0.030908333333333333
Ni09,26.49,0.034444
Ni09,26.549999999999997,0.03731533333333333
Ni09,26.61,0.040438
Ni09,26.67,0.042791
Ni09,26.729999999999997,0.044737
Ni09,26.79,0.04627266666666666
Ni09,26.85,0.04691466666666667
Ni09,26.909999999999997,0.04719
Ni09,26.97,0.04683166666666667
Ni09,27.03,0.04545166666666667
Ni09,27.089999999999996,0.043875333333333336
Ni09,27.15,0.04167733333333333
Ni09,27.21,0.038746666666666665
Ni09,27.27,0.036187
Ni09,27.33,0.032737
Ni09,27.39,0.029277666666666667
Ni09,27.45,0.026182
Ni09,27.509999999999998,0.022622666666666666
Ni09,27.57,0.019492
Ni09,27.63,0.016609666666666665
Ni09,27.689999999999998,0.013776
Ni09,27.75,0.011333333333333334
Ni09,27.81,0.009222666666666667
Ni09,27.869999999999997,0.007338
Ni09,27.93,0.005873
Ni09,27.99,0.004496
Ni09,28.049999999999997,0.0034436666666666665
Ni09,28.11,0.0026216666666666667
Ni09,28.17,0.0019173333333333334
Ni09,28.229999999999997,0.00139
Ni09,28.29,0.0009996666666666667
Ni09,28.35,0.0007226666666666667
Ni09,28.409999999999997,0.00048366666666666664
Ni09,28.47,0.000356
Ni09,28.53,0.000223
Ni09,28.589999999999996,0.00014166666666666668
Ni09,28.65,0.00011066666666666667
Ni09,28.71,5.833333333333333e-05
Ni09,28.769999999999996,4.8333333333333334e-05
Ni09,28.83,2.4666666666666665e-05
Ni09,28.89,1.7666666666666668e-05
Ni09,28.95,9.666666666666667e-06
Ni09,29.009999999999998,4.666666666666666e-06
Ni09,29.07,4.333333333333333e-06
Ni09,29.13,2.666666666666667e-06
Ni09,29.189999999999998,1.6666666666666667e-06
Ni09,29.25,1e-06
Ni09,29.31,3.3333333333333335e-07
Ni09,29.369999999999997,3.3333333333333335e-07
Ni09,29.43,0.0
Ni09,29.49,3.3333333333333335e-07
Sn09,24.27,3.3333333333333335e-07
Sn09,24.33,1e-06
Sn09,24.39,1.3333333333333334e-06
Sn09,24.45,3e-06
Sn09,24.509999999999998,4.666666666666666e-06
Sn09,24.57,5.666666666666667e-06
Sn09,24.63,1.1e-05
Sn09,24.689999999999998,1.633333333333333e-05
Sn09,24.75,2.2333333333333332e-05
Sn09,24.81,3.3333333333333335e-05
Sn09,24.869999999999997,5.7333333333333336e-05
Sn09,24.93,8.033333333333334e-05
Sn09,24.990000000000002,0.000114
Sn09,25.049999999999997,0.00017366666666666667
Sn09,25.11,0.00028066666666666664
Sn09,25.17,0.000433
Sn09,25.229999999999997,0.0005956666666666667
Sn09,25.29,0.0008763333333333333
Sn09,25.35,0.001214
Sn09,25.409999999999997,0.0016726666666666667
Sn09,25.47,0.0022416666666666665
Sn09,25.53,0.002990333333333333
Sn09,25.589999999999996,0.003958666666666667
Sn09,25.65,0.005174
Sn09,25.71,0.006654333333333333
Sn09,25.77,0.008417333333333334
Sn09,25.83,0.010397333333333333
Sn09,25.89,0.012827666666666666
Sn09,25.95,0.015489333333333334
Sn09,26.009999999999998,0.018276333333333332
Sn09,26.07,0.021600333333333332
Sn09,26.13,0.025156333333333333
Sn09,26.189999999999998,0.028641
Sn09,26.25,0.03224766666666667
Sn09,26.31,0.035678666666666664
Sn09,26.369999999999997,0.038949333333333336
Sn09,26.43,0.04175266666666667
Sn09,26.49,0.044263333333333335
Sn09,26.549999999999997,0.04625666666666667
Sn09,26.61,0.047945
Sn09,26.67,0.048285
Sn09,26.729999999999997,0.048368666666666664
Sn09,26.79,0.047426666666666666
Sn09,26.85,0.046065666666666664
Sn09,26.909999999999997,0.044087
Sn09,26.97,0.04152466666666667
Sn09,27.03,0.03845933333333333
Sn09,27.089999999999996,0.035359
Sn09,27.15,0.03192266666666667
Sn09,27.21,0.028351666666666667
Sn09,27.27,0.024995666666666666
Sn09,27.33,0.021423666666666667
Sn09,27.39,0.018061
Sn09,27.45,0.015134
Sn09,27.509999999999998,0.012453
Sn09,27.57,0.010236666666666666
Sn09,27.63,0.008194333333333333
Sn09,27.689999999999998,0.006397
Sn09,27.75,0.004997333333333334
Sn09,27.81,0.003796
Sn09,27.869999999999997,0.002818
Sn09,27.93,0.0021223333333333333
Sn09,27.99,0.0015423333333333333
Sn09,28.049999999999997,0.0010966666666666666
Sn09,28.11,0.000782
Sn09,28.17,0.0005346666666666667
Sn09,28.229999999999997,0.00035
Sn09,28.29,0.00023933333333333334
Sn09,28.35,0.000159
Sn09,28.409999999999997,0.00010833333333333333
Sn09,28.47,8.2e-05
Sn09,28.53,4.4e-05
Sn09,28.589999999999996,2.4e-05
Sn09,28.65,1.6e-05
Sn09,28.71,9.666666666666667e-06
Sn09,28.769999999999996,7.333333333333333e-06
Sn09,28.83,5e-06
Sn09,28.89,2.333333333333333e-06
Sn09,28.95,1e-06
Sn09,29.009999999999998,6.666666666666667e-07
Sn09,29.07,6.666666666666667e-07
Sn09,29.13,6.666666666666667e-07
Sn09,29.189999999999998,3.3333333333333335e-07
Ta09,23.97,3.3333333333333335e-07
Ta09,24.03,3.3333333333333335e-07
Ta09,24.089999999999996,3.3333333333333335e-07
Ta09,24.15,2e-06
Ta09,24.21,2.333333333333333e-06
Ta09,24.27,2.333333333333333e-06
Ta09,24.33,7.333333333333333e-06
Ta09,24.39,9e-06
Ta09,24.45,1.1666666666666666e-05
Ta09,24.509999999999998,2.2e-05
Ta09,24.57,2.9e-05
Ta09,24.63,4.766666666666667e-05
Ta09,24.689999999999998,6.4e-05
Ta09,24.75,0.000101
Ta09,24.81,0.000158
Ta09,24.869999999999997,0.000238
Ta09,24.93,0.00033666666666666665
Ta09,24.990000000000002,0.0005063333333333334
Ta09,25.049999999999997,0.00071
Ta09,25.11,0.0009903333333333333
Ta09,25.17,0.0013773333333333333
Ta09,25.229999999999997,0.0018296666666666667
Ta09,25.29,0.0024803333333333335
Ta09,25.35,0.0032823333333333333
Ta09,25.409999999999997,0.004295666666666666
Ta09,25.47,0.005489
Ta09,25.53,0.006942666666666666
Ta09,25.589999999999996,0.008783666666666667
Ta09,25.65,0.010716
Ta09,25.71,0.012987
Ta09,25.77,0.015708
Ta09,25.83,0.018429
Ta09,25.89,0.021704333333333332
Ta09,25.95,0.024845666666666665
Ta09,26.009999999999998,0.028268
Ta09,26.07,0.031599
Ta09,26.13,0.034996
Ta09,26.189999999999998,0.037860333333333336
Ta09,26.25,0.04098466666666667
Ta09,26.31,0.043089
Ta09,26.369999999999997,0.04509
Ta09,26.43,0.046420666666666666
Ta09,26.49,0.047103
Ta09,26.549999999999997,0.047065666666666665
Ta09,26.61,0.04664666666666667
Ta09,26.67,0.04515266666666667
Ta09,26.729999999999997,0.04343966666666667
Ta09,26.79,0.04116566666666667
Ta09,26.85,0.03828
Ta09,26.909999999999997,0.03541533333333333
Ta09,26.97,0.032039333333333336
Ta09,27.03,0.028798
Ta09,27.089999999999996,0.025459
Ta09,27.15,0.022008
Ta09,27.21,0.018999333333333333
Ta09,27.27,0.015980666666666667
Ta09,27.33,0.013374
Ta09,27.39,0.010851
Ta09,27.45,0.008940333333333333
Ta09,27.509999999999998,0.007010666666666667
Ta09,27.57,0.005620333333333333
Ta09,27.63,0.004287666666666667
Ta09,27.689999999999998,0.0033046666666666667
Ta09,27.75,0.002451
Ta09,27.81,0.00184
Ta09,27.869999999999997,0.001319
Ta09,27.93,0.0009476666666666666
Ta09,27.99,0.0006896666666666667
Ta09,28.049999999999997,0.0004513333333333333
Ta09,28.11,0.0003223333333333333
Ta09,28.17,0.00021166666666666667
Ta09,28.229999999999997,0.00014033333333333332
Ta09,28.29,0.00010366666666666666
Ta09,28.35,5.3666666666666666e-05
Ta09,28.409999999999997,4.7333333333333336e-05
Ta09,28.47,2.4666666666666665e-05
Ta09,28.53,1.4e-05
Ta09,28.589999999999996,9.333333333333333e-06
Ta09,28.65,5.333333333333334e-06
Ta09,28.71,4.333333333333333e-06
Ta09,28.769999999999996,2.333333333333333e-06
Ta09,28.83,1.6666666666666667e-06
Ta09,28.89,1e-06
Ta09,28.95,0.0
Ta09,29.009999999999998,6.666666666666667e-07
Ta09,29.07,0.0
Ta09,29.13,3.3333333333333335e-07
Cu09,23.67,3.3333333333333335e-07
Cu09,23.729999999999997,3.3333333333333335e-07
Cu09,23.79,6.666666666666667e-07
Cu09,23.85,2e-06
Cu09,23.909999999999997,2e-06
Cu09,23.97,2.333333333333333e-06
Cu09,24.03,8.333333333333334e-06
Cu09,24.089999999999996,8e-06
Cu09,24.15,1.1e-05
Cu09,24.21,2.2333333333333332e-05
Cu09,24.27,3.366666666666667e-05
Cu09,24.33,4.1e-05
Cu09,24.39,6.733333333333333e-05
Cu09,24.45,9.933333333333334e-05
Cu09,24.509999999999998,0.000154
Cu09,24.57,0.00023333333333333333
Cu09,24.63,0.00033233333333333335
Cu09,24.689999999999998,0.0004883333333333333
Cu09,24.75,0.000685
Cu09,24.81,0.0009456666666666667
Cu09,24.869999999999997,0.0013246666666666667
Cu09,24.93,0.0017523333333333334
Cu09,24.990000000000002,0.0023613333333333333
Cu09,25.049999999999997,0.003134333333333333
Cu09,25.11,0.004074
Cu09,25.17,0.005197
Cu09,25.229999999999997,0.006604
Cu09,25.29,0.008310333333333333
Cu09,25.35,0.010132666666666667
Cu09,25.409999999999997,0.012341333333333333
Cu09,25.47,0.014914666666666666
Cu09,25.53,0.017563333333333334
Cu09,25.589999999999996,0.020565666666666666
Cu09,25.65,0.023718333333333334
Cu09,25.71,0.026929
Cu09,25.77,0.030304
Cu09,25.83,0.033556
Cu09,25.89,0.03654966666666667
Cu09,25.95,0.039345333333333336
Cu09,26.009999999999998,0.042004
Cu09,26.07,0.04373666666666667
Cu09,26.13,0.04554766666666667
Cu09,26.189999999999998,0.04622333333333333
Cu09,26.25,0.046654666666666664
Cu09,26.31,0.04630566666666667
Cu09,26.369999999999997,0.045254
Cu09,26.43,0.043659
Cu09,26.49,0.04177
Cu09,26.549999999999997,0.038967
Cu09,26.61,0.03642133333333333
Cu09,26.67,0.033445
Cu09,26.729999999999997,0.029907
Cu09,26.79,0.026894333333333333
Cu09,26.85,0.023388333333333334
Cu09,26.909999999999997,0.020371
Cu09,26.97,0.017315
Cu09,27.03,0.014599
Cu09,27.089999999999996,0.012053333333333333
Cu09,27.15,0.009920666666666666
Cu09,27.21,0.007956
Cu09,27.27,0.006371333333333333
Cu09,27.33,0.005019666666666667
Cu09,27.39,0.0038046666666666667
Cu09,27.45,0.0029616666666666667
Cu09,27.509999999999998,0.002169
Cu09,27.57,0.001619
Cu09,27.63,0.0011696666666666667
Cu09,27.689999999999998,0.0008586666666666666
Cu09,27.75,0.000581
Cu09,27.81,0.00040333333333333334
Cu09,27.869999999999997,0.00029866666666666664
Cu09,27.93,0.000172
Cu09,27.99,0.000133
Cu09,28.049999999999997,8.4e-05
Cu09,28.11,4.6666666666666665e-05
Cu09,28.17,4.3333333333333334e-05
Cu09,28.229999999999997,2.0333333333333334e-05
Cu09,28.29,1.4e-05
Cu09,28.35,7.666666666666667e-06
Cu09,28.409999999999997,5.333333333333334e-06
Cu09,28.47,4.333333333333333e-06
Cu09,28.53,1.3333333333333334e-06
Cu09,28.589999999999996,1e-06
Cu09,28.65,1e-06
Cu09,28.71,3.3333333333333335e-07
Cu09,28.769999999999996,3.3333333333333335e-07
Cu09,28.83,3.3333333333333335e-07
Al_degrader_E4_E3,21.21,1.1111111111111111e-07
Al_degrader_E4_E3,21.27,1.1111111111111111e-07
Al_degrader_E4_E3,21.33,1.1111111111111111e-07
Al_degrader_E4_E3,21.39,5.555555555555555e-07
Al_degrader_E4_E3,21.45,4.4444444444444444e-07
Al_degrader_E4_E3,21.509999999999998,6.666666666666667e-07
Al_degrader_E4_E3,21.57,8.888888888888889e-07
Al_degrader_E4_E3,21.63,2.333333333333333e-06
Al_degrader_E4_E3,21.689999999999998,2e-06
Al_degrader_E4_E3,21.75,3.7777777777777777e-06
Al_degrader_E4_E3,21.81,5.333333333333334e-06
Al_degrader_E4_E3,21.869999999999997,8.555555555555556e-06
Al_degrader_E4_E3,21.93,1.088888888888889e-05
Al_degrader_E4_E3,21.990000000000002,1.633333333333333e-05
Al_degrader_E4_E3,22.049999999999997,2.2333333333333332e-05
Al_degrader_E4_E3,22.11,3.7444444444444446e-05
Al_degrader_E4_E3,22.17,5.4e-05
Al_degrader_E4_E3,22.229999999999997,6.977777777777778e-05
Al_degrader_E4_E3,22.29,9.977777777777777e-05
Al_degrader_E4_E3,22.35,0.00014111111111111111
Al_degrader_E4_E3,22.409999999999997,0.000188
Al_degrader_E4_E3,22.47,0.00026188888888888887
Al_degrader_E4_E3,22.53,0.00033755555555555557
Al_degrader_E4_E3,22.589999999999996,0.00044666666666666666
Al_degrader_E4_E3,22.65,0.0005723333333333333
Al_degrader_E4_E3,22.71,0.0007568888888888889
Al_degrader_E4_E3,22.77,0.0009732222222222222
Al_degrader_E4_E3,22.83,0.0012067777777777778
Al_degrader_E4_E3,22.89,0.0015121111111111112
Al_degrader_E4_E3,22.95,0.0018584444444444445
Al_degrader_E4_E3,23.009999999999998,0.002300222222222222
Al_degrader_E4_E3,23.07,0.0027541111111111113
Al_degrader_E4_E3,23.13,0.003289666666666667
Al_degrader_E4_E3,23.189999999999998,0.003950555555555555
Al_degrader_E4_E3,23.25,0.004613111111111111
Al_degrader_E4_E3,23.31,0.005408555555555555
Al_degrader_E4_E3,23.369999999999997,0.006175444444444444
Al_degrader_E4_E3,23.43,0.007073444444444445
Al_degrader_E4_E3,23.490000000000002,0.008000333333333333
Al_degrader_E4_E3,23.549999999999997,0.008989444444444444
Al_degrader_E4_E3,23.61,0.009977333333333333
Al_degrader_E4_E3,23.67,0.011001
Al_degrader_E4_E3,23.729999999999997,0.01207311111111111
Al_degrader_E4_E3,23.79,0.013080111111111112
Al_degrader_E4_E3,23.85,0.014083444444444445
Al_degrader_E4_E3,23.909999999999997,0.015043333333333334
Al_degrader_E4_E3,23.97,0.016012333333333333
Al_degrader_E4_E3,24.03,0.01692011111111111
Al_degrader_E4_E3,24.089999999999996,0.01774522222222222
Al_degrader_E4_E3,24.15,0.018518444444444445
Al_degrader_E4_E3,24.21,0.019124111111111113
Al_degrader_E4_E3,24.27,0.019931333333333332
Al_degrader_E4_E3,24.33,0.02042722222222222
Al_degrader_E4_E3,24.39,0.02094711111111111
Al_degrader_E4_E3,24.45,0.021404
Al_degrader_E4_E3,24.509999999999998,0.021718333333333333
Al_degrader_E4_E3,24.57,0.022146222222222223
Al_degrader_E4_E3,24.63,0.022377
Al_degrader_E4_E3,24.689999999999998,0.022619333333333335
Al_degrader_E4_E3,24.75,0.022802333333333334
Al_degrader_E4_E3,24.81,0.022961222222222223
Al_degrader_E4_E3,24.869999999999997,0.023066666666666666
Al_degrader_E4_E3,24.93,0.023198666666666666
Al_degrader_E4_E3,24.990000000000002,0.02331911111111111
Al_degrader_E4_E3,25.049999999999997,0.023187444444444445
Al_degrader_E4_E3,25.11,0.023276666666666668
Al_degrader_E4_E3,25.17,0.023239333333333334
Al_degrader_E4_E3,25.229999999999997,0.023193666666666668
Al_degrader_E4_E3,25.29,0.02313477777777778
Al_degrader_E4_E3,25.35,0.022852777777777777
Al_degrader_E4_E3,25.409999999999997,0.022789777777777777
Al_degrader_E4_E3,25.47,0.022431444444444445
Al_degrader_E4_E3,25.53,0.022143444444444445
Al_degrader_E4_E3,25.589999999999996,0.021666
Al_degrader_E4_E3,25.65,0.02119911111111111
Al_degrader_E4_E3,25.71,0.020671222222222223
Al_degrader_E4_E3,25.77,0.01995488888888889
Al_degrader_E4_E3,25.83,0.019301222222222223
Al_degrader_E4_E3,25.89,0.018266888888888888
Al_degrader_E4_E3,25.95,0.017485888888888888
Al_degrader_E4_E3,26.009999999999998,0.016462222222222222
Al_degrader_E4_E3,26.07,0.0154
Al_degrader_E4_E3,26.13,0.014274222222222223
Al_degrader_E4_E3,26.189999999999998,0.013149555555555555
Al_degrader_E4_E3,26.25,0.011969555555555556
Al_degrader_E4_E3,26.31,0.010806444444444445
Al_degrader_E4_E3,26.369999999999997,0.009688
Al_degrader_E4_E3,26.43,0.008530222222222222
Al_degrader_E4_E3,26.49,0.0075075555555555555
Al_degrader_E4_E3,26.549999999999997,0.006475111111111111
Al_degrader_E4_E3,26.61,0.005543444444444445
Al_degrader_E4_E3,26.67,0.004742666666666667
Al_degrader_E4_E3,26.729999999999997,0.003956444444444445
Al_degrader_E4_E3,26.79,0.0032497777777777776
Al_degrader_E4_E3,26.85,0.002632888888888889
Al_degrader_E4_E3,26.909999999999997,0.0021544444444444445
Al_degrader_E4_E3,26.97,0.0016933333333333334
Al_degrader_E4_E3,27.03,0.0013532222222222222
Al_degrader_E4_E3,27.089999999999996,0.0010348888888888888
Al_degrader_E4_E3,27.15,0.0007991111111111111
Al_degrader_E4_E3,27.21,0.0005964444444444445
Al_degrader_E4_E3,27.27,0.0004472222222222222
Al_degrader_E4_E3,27.33,0.00032888888888888887
Al_degrader_E4_E3,27.39,0.00023322222222222223
Al_degrader_E4_E3,27.45,0.000172
Al_degrader_E4_E3,27.509999999999998,0.00011666666666666667
Al_degrader_E4_E3,27.57,8.277777777777778e-05
Al_degrader_E4_E3,27.63,5.5e-05
Al_degrader_E4_E3,27.689999999999998,3.7444444444444446e-05
Al_degrader_E4_E3,27.75,2.522222222222222e-05
Al_degrader_E4_E3,27.81,1.4111111111111112e-05
Al_degrader_E4_E3,27.869999999999997,1.3222222222222223e-05
Al_degrader_E4_E3,27.93,6.222222222222222e-06
Al_degrader_E4_E3,27.99,4.555555555555555e-06
Al_degrader_E4_E3,28.049999999999997,2.666666666666667e-06
Al_degrader_E4_E3,28.11,1.3333333333333334e-06
Al_degrader_E4_E3,28.17,1e-06
Al_degrader_E4_E3,28.229999999999997,7.777777777777778e-07
Al_degrader_E4_E3,28.29,5.555555555555555e-07
Al_degrader_E4_E3,28.35,2.2222222222222222e-07
Al_degrader_E4_E3,28.409999999999997,1.1111111111111111e-07
Al_degrader_E4_E3,28.47,1.1111111111111111e-07
Al_degrader_E4_E3,28.53,0.0
Al_degrader_E4_E3,28.589999999999996,1.1111111111111111e-07
Ni10,20.85,3.3333333333333335e-07
Ni10,20.909999999999997,6.666666666666667e-07
Ni10,20.97,3.3333333333333335e-07
Ni10,21.03,2e-06
Ni10,21.089999999999996,1.6666666666666667e-06
Ni10,21.15,2.333333333333333e-06
Ni10,21.21,6.666666666666667e-06
Ni10,21.27,7.666666666666667e-06
Ni10,21.33,7.666666666666667e-06
Ni10,21.39,1.4333333333333334e-05
Ni10,21.45,2.2333333333333332e-05
Ni10,21.509999999999998,3.233333333333333e-05
Ni10,21.57,4e-05
Ni10,21.63,6.333333333333333e-05
Ni10,21.689999999999998,9.5e-05
Ni10,21.75,0.000135
Ni10,21.81,0.000203
Ni10,21.869999999999997,0.000264
Ni10,21.93,0.000389
Ni10,21.990000000000002,0.0005486666666666667
Ni10,22.049999999999997,0.0006923333333333333
Ni10,22.11,0.000993
Ni10,22.17,0.0013106666666666666
Ni10,22.229999999999997,0.0016773333333333334
Ni10,22.29,0.0021836666666666667
Ni10,22.35,0.002884
Ni10,22.409999999999997,0.003636
Ni10,22.47,0.004513333333333334
Ni10,22.53,0.00569
Ni10,22.589999999999996,0.006989
Ni10,22.65,0.008463
Ni10,22.71,0.010156
Ni10,22.77,0.012102333333333333
Ni10,22.83,0.014350333333333333
Ni10,22.89,0.016556333333333333
Ni10,22.95,0.019100666666666665
Ni10,23.009999999999998,0.021818
Ni10,23.07,0.024496666666666667
Ni10,23.13,0.0271
Ni10,23.189999999999998,0.030066
Ni10,23.25,0.032573333333333336
Ni10,23.31,0.03500466666666667
Ni10,23.369999999999997,0.03736133333333334
Ni10,23.43,0.03918133333333333
Ni10,23.490000000000002,0.04065133333333333
Ni10,23.549999999999997,0.041922
Ni10,23.61,0.04247466666666667
Ni10,23.67,0.04265033333333333
Ni10,23.729999999999997,0.042459666666666666
Ni10,23.79,0.041729666666666665
Ni10,23.85,0.040161666666666665
Ni10,23.909999999999997,0.038899333333333334
Ni10,23.97,0.03667633333333333
Ni10,24.03,0.034389333333333334
Ni10,24.089999999999996,0.03224766666666667
Ni10,24.15,0.029184666666666668
Ni10,24.21,0.026410666666666666
Ni10,24.27,0.023885666666666666
Ni10,24.33,0.020978666666666666
Ni10,24.39,0.018367
Ni10,24.45,0.015909333333333334
Ni10,24.509999999999998,0.013540666666666666
Ni10,24.57,0.011343666666666667
Ni10,24.63,0.009502
Ni10,24.689999999999998,0.007840333333333333
Ni10,24.75,0.006306
Ni10,24.81,0.005168666666666667
Ni10,24.869999999999997,0.004031333333333333
Ni10,24.93,0.0031643333333333332
Ni10,24.990000000000002,0.002468
Ni10,25.049999999999997,0.001861
Ni10,25.11,0.0014086666666666666
Ni10,25.17,0.001041
Ni10,25.229999999999997,0.0007806666666666667
Ni10,25.29,0.0005483333333333333
Ni10,25.35,0.00038
Ni10,25.409999999999997,0.0002973333333333333
Ni10,25.47,0.000178
Ni10,25.53,0.00013133333333333335
Ni10,25.589999999999996,9.966666666666667e-05
Ni10,25.65,5.433333333333333e-05
Ni10,25.71,4.433333333333333e-05
Ni10,25.77,3.0333333333333333e-05
Ni10,25.83,1.5666666666666667e-05
Ni10,25.89,1.0666666666666667e-05
Ni10,25.95,7e-06
Ni10,26.009999999999998,4.333333333333333e-06
Ni10,26.07,3.6666666666666666e-06
Ni10,26.13,1.6666666666666667e-06
Ni10,26.189999999999998,1.3333333333333334e-06
Ni10,26.25,1e-06
Ni10,26.31,3.3333333333333335e-07
Ni10,26.369999999999997,3.3333333333333335e-07
Ni10,26.43,0.0
Ni10,26.49,3.3333333333333335e-07
Sn10,20.729999999999997,3.3333333333333335e-07
Sn10,20.79,6.666666666666667e-07
Sn10,20.85,1.6666666666666667e-06
Sn10,20.909999999999997,2.666666666666667e-06
Sn10,20.97,3.3333333333333333e-06
Sn10,21.03,4.333333333333333e-06
Sn10,21.089999999999996,5.666666666666667e-06
Sn10,21.15,1.1333333333333334e-05
Sn10,21.21,1.6666666666666667e-05
Sn10,21.27,2e-05
Sn10,21.33,2.8666666666666668e-05
Sn10,21.39,4.766666666666667e-05
Sn10,21.45,6.566666666666667e-05
Sn10,21.509999999999998,9e-05
Sn10,21.57,0.00012166666666666667
Sn10,21.63,0.00019433333333333333
Sn10,21.689999999999998,0.0002883333333333333
Sn10,21.75,0.0004026666666666667
Sn10,21.81,0.000558
Sn10,21.869999999999997,0.0007723333333333333
Sn10,21.93,0.0010363333333333333
Sn10,21.990000000000002,0.001389
Sn10,22.049999999999997,0.0018146666666666667
Sn10,22.11,0.002386
Sn10,22.17,0.0030326666666666666
Sn10,22.229999999999997,0.0038946666666666665
Sn10,22.29,0.004918
Sn10,22.35,0.006206666666666667
Sn10,22.409999999999997,0.007635333333333333
Sn10,22.47,0.009209333333333333
Sn10,22.53,0.011158333333333333
Sn10,22.589999999999996,0.013272
Sn10,22.65,0.015486666666666666
Sn10,22.71,0.01797
Sn10,22.77,0.020774666666666667
Sn10,22.83,0.023712666666666667
Sn10,22.89,0.026564333333333332
Sn10,22.95,0.029430666666666667
Sn10,23.009999999999998,0.03224666666666667
Sn10,23.07,0.03496266666666667
Sn10,23.13,0.03725933333333333
Sn10,23.189999999999998,0.039392333333333335
Sn10,23.25,0.04124133333333333
Sn10,23.31,0.04267933333333333
Sn10,23.369999999999997,0.04352433333333333
Sn10,23.43,0.043811666666666665
Sn10,23.490000000000002,0.04356433333333333
Sn10,23.549999999999997,0.042666333333333334
Sn10,23.61,0.04166633333333333
Sn10,23.67,0.039991
Sn10,23.729999999999997,0.037877666666666664
Sn10,23.79,0.03543166666666667
Sn10,23.85,0.03296866666666667
Sn10,23.909999999999997,0.03018
Sn10,23.97,0.027305666666666666
Sn10,24.03,0.024568666666666666
Sn10,24.089999999999996,0.021655666666666667
Sn10,24.15,0.01875
Sn10,24.21,0.016024333333333335
Sn10,24.27,0.013643333333333334
Sn10,24.33,0.011438333333333333
Sn10,24.39,0.009570333333333333
Sn10,24.45,0.007841666666666667
Sn10,24.509999999999998,0.006313333333333333
Sn10,24.57,0.005056
Sn10,24.63,0.003968666666666666
Sn10,24.689999999999998,0.0030523333333333335
Sn10,24.75,0.002366333333333333
Sn10,24.81,0.0017783333333333334
Sn10,24.869999999999997,0.0013253333333333333
Sn10,24.93,0.0009966666666666668
Sn10,24.990000000000002,0.000719
Sn10,25.049999999999997,0.0005126666666666667
Sn10,25.11,0.000348
Sn10,25.17,0.000243
Sn10,25.229999999999997,0.00017433333333333333
Sn10,25.29,0.00011433333333333334
Sn10,25.35,8.833333333333333e-05
Sn10,25.409999999999997,5.966666666666667e-05
Sn10,25.47,3.266666666666666e-05
Sn10,25.53,2.2e-05
Sn10,25.589999999999996,1.2666666666666667e-05
Sn10,25.65,8.666666666666666e-06
Sn10,25.71,7e-06
Sn10,25.77,4.666666666666666e-06
Sn10,25.83,3e-06
Sn10,25.89,6.666666666666667e-07
Sn10,25.95,1e-06
Sn10,26.009999999999998,3.3333333333333335e-07
Sn10,26.07,6.666666666666667e-07
Sn10,26.13,3.3333333333333335e-07
Sn10,26.189999999999998,3.3333333333333335e-07
Ta10,20.43,3.3333333333333335e-07
Ta10,20.490000000000002,6.666666666666667e-07
Ta10,20.549999999999997,6.666666666666667e-07
Ta10,20.61,2e-06
Ta10,20.67,1.6666666666666667e-06
Ta10,20.729999999999997,2.333333333333333e-06
Ta10,20.79,5.666666666666667e-06
Ta10,20.85,8.666666666666666e-06
Ta10,20.909999999999997,7.666666666666667e-06
Ta10,20.97,1.6666666666666667e-05
Ta10,21.03,2.0666666666666666e-05
Ta10,21.089999999999996,3.366666666666667e-05
Ta10,21.15,4.3666666666666666e-05
Ta10,21.21,6.3e-05
Ta10,21.27,8.8e-05
Ta10,21.33,0.000135
Ta10,21.39,0.00019666666666666666
Ta10,21.45,0.000271
Ta10,21.509999999999998,0.000376
Ta10,21.57,0.0005433333333333334
Ta10,21.63,0.0007096666666666667
Ta10,21.689999999999998,0.0009826666666666666
Ta10,21.75,0.0012836666666666667
Ta10,21.81,0.00167
Ta10,21.869999999999997,0.0022073333333333333
Ta10,21.93,0.0027993333333333334
Ta10,21.990000000000002,0.0035696666666666667
Ta10,22.049999999999997,0.004530666666666666
Ta10,22.11,0.005578333333333334
Ta10,22.17,0.006867
Ta10,22.229999999999997,0.008465333333333333
Ta10,22.29,0.010054
Ta10,22.35,0.01198
Ta10,22.409999999999997,0.014124666666666667
Ta10,22.47,0.016378333333333335
Ta10,22.53,0.018929333333333333
Ta10,22.589999999999996,0.021598666666666665
Ta10,22.65,0.024241333333333333
Ta10,22.71,0.027124333333333334
Ta10,22.77,0.029645
Ta10,22.83,0.032502333333333334
Ta10,22.89,0.03465
Ta10,22.95,0.03728
Ta10,23.009999999999998,0.03895133333333333
Ta10,23.07,0.04063733333333333
Ta10,23.13,0.041675
Ta10,23.189999999999998,0.042417
Ta10,23.25,0.042778333333333335
Ta10,23.31,0.042292
Ta10,23.369999999999997,0.041758
Ta10,23.43,0.040260333333333335
Ta10,23.490000000000002,0.03886166666666667
Ta10,23.549999999999997,0.03691066666666667
Ta10,23.61,0.034570666666666666
Ta10,23.67,0.032121666666666666
Ta10,23.729999999999997,0.029428666666666665
Ta10,23.79,0.026684666666666666
Ta10,23.85,0.024118333333333332
Ta10,23.909999999999997,0.021115666666666668
Ta10,23.97,0.018595666666666667
Ta10,24.03,0.016121333333333335
Ta10,24.089999999999996,0.013667666666666667
Ta10,24.15,0.011623333333333333
Ta10,24.21,0.009587333333333333
Ta10,24.27,0.008039666666666667
Ta10,24.33,0.006432333333333333
Ta10,24.39,0.005286
Ta10,24.45,0.004122666666666667
Ta10,24.509999999999998,0.003243
Ta10,24.57,0.0025423333333333335
Ta10,24.63,0.001922
Ta10,24.689999999999998,0.0014536666666666667
Ta10,24.75,0.0010793333333333334
Ta10,24.81,0.0007993333333333333
Ta10,24.869999999999997,0.000578
Ta10,24.93,0.0004063333333333333
Ta10,24.990000000000002,0.0002953333333333333
Ta10,25.049999999999997,0.000203
Ta10,25.11,0.000138
Ta10,25.17,0.00010533333333333334
Ta10,25.229999999999997,5.9e-05
Ta10,25.29,4.6e-05
Ta10,25.35,3.3e-05
Ta10,25.409999999999997,1.7e-05
Ta10,25.47,1.1333333333333334e-05
Ta10,25.53,7.666666666666667e-06
Ta10,25.589999999999996,4.666666666666666e-06
Ta10,25.65,3.3333333333333333e-06
Ta10,25.71,2.333333333333333e-06
Ta10,25.77,1.3333333333333334e-06
Ta10,25.83,1.3333333333333334e-06
Ta10,25.89,0.0
Ta10,25.95,6.666666666666667e-07
Ta10,26.009999999999998,0.0
Ta10,26.07,3.3333333333333335e-07
Cu10,20.07,3.3333333333333335e-07
Cu10,20.13,6.666666666666667e-07
Cu10,20.189999999999998,3.3333333333333335e-07
Cu10,20.25,2e-06
Cu10,20.31,2e-06
Cu10,20.369999999999997,1.6666666666666667e-06
Cu10,20.43,4.666666666666666e-06
Cu10,20.490000000000002,8.333333333333334e-06
Cu10,20.549999999999997,7e-06
Cu10,20.61,1.2666666666666667e-05
Cu10,20.67,2.0666666666666666e-05
Cu10,20.729999999999997,3e-05
Cu10,20.79,3.633333333333333e-05
Cu10,20.85,5.466666666666667e-05
Cu10,20.909999999999997,7.2e-05
Cu10,20.97,0.00012033333333333334
Cu10,21.03,0.00016966666666666668
Cu10,21.089999999999996,0.000228
Cu10,21.15,0.0003246666666666667
Cu10,21.21,0.0004626666666666667
Cu10,21.27,0.0006153333333333333
Cu10,21.33,0.0008133333333333333
Cu10,21.39,0.0011173333333333332
Cu10,21.45,0.0014306666666666667
Cu10,21.509999999999998,0.0018703333333333334
Cu10,21.57,0.0024343333333333335
Cu10,21.63,0.003065
Cu10,21.689999999999998,0.003887
Cu10,21.75,0.004849
Cu10,21.81,0.005969
Cu10,21.869999999999997,0.0073226666666666666
Cu10,21.93,0.008811
Cu10,21.990000000000002,0.010476666666666667
Cu10,22.049999999999997,0.012487666666666666
Cu10,22.11,0.014582
Cu10,22.17,0.016836666666666666
Cu10,22.229999999999997,0.019364333333333334
Cu10,22.29,0.021874333333333332
Cu10,22.35,0.024517
Cu10,22.409999999999997,0.027192
Cu10,22.47,0.029867333333333333
Cu10,22.53,0.032351
Cu10,22.589999999999996,0.034536
Cu10,22.65,0.03704
Cu10,22.71,0.03860466666666667
Cu10,22.77,0.04007633333333333
Cu10,22.83,0.041259
Cu10,22.89,0.041724333333333335
Cu10,22.95,0.042014666666666665
Cu10,23.009999999999998,0.041777
Cu10,23.07,0.040909666666666664
Cu10,23.13,0.039558
Cu10,23.189999999999998,0.038356
Cu10,23.25,0.036345666666666665
Cu10,23.31,0.033941
Cu10,23.369999999999997,0.03188766666666667
Cu10,23.43,0.029128
Cu10,23.490000000000002,0.026355666666666666
Cu10,23.549999999999997,0.023986666666666667
Cu10,23.61,0.021061666666666666
Cu10,23.67,0.018525666666666666
Cu10,23.729999999999997,0.016134333333333334
Cu10,23.79,0.013815333333333334
Cu10,23.85,0.011683
Cu10,23.909999999999997,0.009727
Cu10,23.97,0.008178666666666667
Cu10,24.03,0.0065966666666666665
Cu10,24.089999999999996,0.005428
Cu10,24.15,0.004309
Cu10,24.21,0.0033683333333333334
Cu10,24.27,0.0026796666666666666
Cu10,24.33,0.002007333333333333
Cu10,24.39,0.0015603333333333333
Cu10,24.45,0.0011523333333333333
Cu10,24.509999999999998,0.000852
Cu10,24.57,0.000633
Cu10,24.63,0.000451
Cu10,24.689999999999998,0.00032766666666666664
Cu10,24.75,0.00023466666666666666
Cu10,24.81,0.000143
Cu10,24.869999999999997,0.000116
Cu10,24.93,7.533333333333334e-05
Cu10,24.990000000000002,4.4e-05
Cu10,25.049999999999997,4.133333333333333e-05
Cu10,25.11,2.1666666666666667e-05
Cu10,25.17,1.4333333333333334e-05
Cu10,25.229999999999997,9e-06
Cu10,25.29,5e-06
Cu10,25.35,4.333333333333333e-06
Cu10,25.409999999999997,3e-06
Cu10,25.47,2e-06
Cu10,25.53,6.666666666666667e-07
Cu10,25.589999999999996,6.666666666666667e-07
Cu10,25.65,3.3333333333333335e-07
Cu10,25.71,3.3333333333333335e-07
Cu10,25.77,0.0
Cu10,25.83,3.3333333333333335e-07
Al_degrader_E6_E5,17.189999999999998,9.090909090909091e-08
Al_degrader_E6_E5,17.25,0.0
Al_degrader_E6_E5,17.310000000000002,1.8181818181818183e-07
Al_degrader_E6_E5,17.369999999999997,9.090909090909091e-08
Al_degrader_E6_E5,17.43,4.545454545454545e-07
Al_degrader_E6_E5,17.490000000000002,4.545454545454545e-07
Al_degrader_E6_E5,17.549999999999997,3.6363636363636366e-07
Al_degrader_E6_E5,17.61,5.454545454545455e-07
Al_degrader_E6_E5,17.67,1.4545454545454546e-06
Al_degrader_E6_E5,17.729999999999997,1.818181818181818e-06
Al_degrader_E6_E5,17.79,2e-06
Al_degrader_E6_E5,17.85,2.818181818181818e-06
Al_degrader_E6_E5,17.909999999999997,4.1818181818181814e-06
Al_degrader_E6_E5,17.97,7.545454545454546e-06
Al_degrader_E6_E5,18.03,7.727272727272727e-06
Al_degrader_E6_E5,18.09,1.0636363636363636e-05
Al_degrader_E6_E5,18.15,1.3909090909090909e-05
Al_degrader_E6_E5,18.21,2.281818181818182e-05
Al_degrader_E6_E5,18.27,3.2272727272727276e-05
Al_degrader_E6_E5,18.33,4.290909090909091e-05
Al_degrader_E6_E5,18.39,5.190909090909091e-05
Al_degrader_E6_E5,18.45,7.336363636363637e-05
Al_degrader_E6_E5,18.509999999999998,0.000105
Al_degrader_E6_E5,18.57,0.00013263636363636364
Al_degrader_E6_E5,18.63,0.000171
Al_degrader_E6_E5,18.689999999999998,0.00022281818181818183
Al_degrader_E6_E5,18.75,0.00027854545454545455
Al_degrader_E6_E5,18.81,0.0003706363636363636
Al_degrader_E6_E5,18.869999999999997,0.0004439090909090909
Al_degrader_E6_E5,18.93,0.0005823636363636364
Al_degrader_E6_E5,18.990000000000002,0.0007066363636363636
Al_degrader_E6_E5,19.049999999999997,0.0008873636363636363
Al_degrader_E6_E5,19.11,0.0010698181818181818
Al_degrader_E6_E5,19.17,0.0013015454545454545
Al_degrader_E6_E5,19.229999999999997,0.0015861818181818182
Al_degrader_E6_E5,19.29,0.0018809090909090909
Al_degrader_E6_E5,19.35,0.0022302727272727274
Al_degrader_E6_E5,19.409999999999997,0.002599181818181818
Al_degrader_E6_E5,19.47,0.003075181818181818
Al_degrader_E6_E5,19.53,0.003582090909090909
Al_degrader_E6_E5,19.59,0.004079090909090909
Al_degrader_E6_E5,19.65,0.004691545454545454
Al_degrader_E6_E5,19.71,0.005285363636363637
Al_degrader_E6_E5,19.77,0.006040545454545455
Al_degrader_E6_E5,19.83,0.006703090909090909
Al_degrader_E6_E5,19.89,0.007478909090909091
Al_degrader_E6_E5,19.95,0.008184
Al_degrader_E6_E5,20.009999999999998,0.009005454545454546
Al_degrader_E6_E5,20.07,0.009903454545454545
Al_degrader_E6_E5,20.13,0.010642
Al_degrader_E6_E5,20.189999999999998,0.011514545454545454
Al_degrader_E6_E5,20.25,0.012217454545454545
Al_degrader_E6_E5,20.31,0.013141545454545454
Al_degrader_E6_E5,20.369999999999997,0.01388509090909091
Al_degrader_E6_E5,20.43,0.014615272727272727
Al_degrader_E6_E5,20.490000000000002,0.015306272727272727
Al_degrader_E6_E5,20.549999999999997,0.015950909090909092
Al_degrader_E6_E5,20.61,0.016638727272727274
Al_degrader_E6_E5,20.67,0.01718618181818182
Al_degrader_E6_E5,20.729999999999997,0.017753636363636364
Al_degrader_E6_E5,20.79,0.018200454545454544
Al_degrader_E6_E5,20.85,0.018724545454545456
Al_degrader_E6_E5,20.909999999999997,0.01903690909090909
Al_degrader_E6_E5,20.97,0.01950190909090909
Al_degrader_E6_E5,21.03,0.019705090909090908
Al_degrader_E6_E5,21.089999999999996,0.020030545454545454
Al_degrader_E6_E5,21.15,0.020240181818181817
Al_degrader_E6_E5,21.21,0.020522545454545453
Al_degrader_E6_E5,21.27,0.020616909090909092
Al_degrader_E6_E5,21.33,0.020750363636363636
Al_degrader_E6_E5,21.39,0.020926
Al_degrader_E6_E5,21.45,0.02100772727272727
Al_degrader_E6_E5,21.509999999999998,0.021077636363636364
Al_degrader_E6_E5,21.57,0.02110109090909091
Al_degrader_E6_E5,21.63,0.02116218181818182
Al_degrader_E6_E5,21.689999999999998,0.021116909090909092
Al_degrader_E6_E5,21.75,0.02117181818181818
Al_degrader_E6_E5,21.81,0.021002363636363635
Al_degrader_E6_E5,21.869999999999997,0.020988272727272727
Al_degrader_E6_E5,21.93,0.020791545454545455
Al_degrader_E6_E5,21.990000000000002,0.020725363636363636
Al_degrader_E6_E5,22.049999999999997,0.02039118181818182
Al_degrader_E6_E5,22.11,0.020196636363636365
Al_degrader_E6_E5,22.17,0.019849363636363637
Al_degrader_E6_E5,22.229999999999997,0.019532454545454544
Al_degrader_E6_E5,22.29,0.018998454545454544
Al_degrader_E6_E5,22.35,0.018511363636363635
Al_degrader_E6_E5,22.409999999999997,0.017895818181818183
Al_degrader_E6_E5,22.47,0.017338363636363638
Al_degrader_E6_E5,22.53,0.016597363636363636
Al_degrader_E6_E5,22.589999999999996,0.015809454545454547
Al_degrader_E6_E5,22.65,0.014982454545454545
Al_degrader_E6_E5,22.71,0.014173909090909091
Al_degrader_E6_E5,22.77,0.013277545454545455
Al_degrader_E6_E5,22.83,0.012290181818181818
Al_degrader_E6_E5,22.89,0.011302727272727273
Al_degrader_E6_E5,22.95,0.01043190909090909
Al_degrader_E6_E5,23.009999999999998,0.00948
Al_degrader_E6_E5,23.07,0.008505363636363636
Al_degrader_E6_E5,23.13,0.007576090909090909
Al_degrader_E6_E5,23.189999999999998,0.006793
Al_degrader_E6_E5,23.25,0.005932727272727273
Al_degrader_E6_E5,23.31,0.005162454545454546
Al_degrader_E6_E5,23.369999999999997,0.004441181818181818
Al_degrader_E6_E5,23.43,0.0038365454545454545
Al_degrader_E6_E5,23.490000000000002,0.0032042727272727275
Al_degrader_E6_E5,23.549999999999997,0.002697818181818182
Al_degrader_E6_E5,23.61,0.002203090909090909
Al_degrader_E6_E5,23.67,0.0018352727272727273
Al_degrader_E6_E5,23.729999999999997,0.0014845454545454545
Al_degrader_E6_E5,23.79,0.001192
Al_degrader_E6_E5,23.85,0.0009450909090909091
Al_degrader_E6_E5,23.909999999999997,0.0007451818181818182
Al_degrader_E6_E5,23.97,0.0005821818181818182
Al_degrader_E6_E5,24.03,0.00043627272727272726
Al_degrader_E6_E5,24.089999999999996,0.00033736363636363635
Al_degrader_E6_E5,24.15,0.0002549090909090909
Al_degrader_E6_E5,24.21,0.00018427272727272728
Al_degrader_E6_E5,24.27,0.00013827272727272728
Al_degrader_E6_E5,24.33,9.890909090909091e-05
Al_degrader_E6_E5,24.39,7.145454545454546e-05
Al_degrader_E6_E5,24.45,4.709090909090909e-05
Al_degrader_E6_E5,24.509999999999998,3.4727272727272726e-05
Al_degrader_E6_E5,24.57,2.409090909090909e-05
Al_degrader_E6_E5,24.63,1.6272727272727273e-05
Al_degrader_E6_E5,24.689999999999998,9.636363636363636e-06
Al_degrader_E6_E5,24.75,9.909090909090908e-06
Al_degrader_E6_E5,24.81,4.909090909090909e-06
Al_degrader_E6_E5,24.869999999999997,3.1818181818181817e-06
Al_degrader_E6_E5,24.93,1.909090909090909e-06
Al_degrader_E6_E5,24.990000000000002,1e-06
Al_degrader_E6_E5,25.049999999999997,1.090909090909091e-06
Al_degrader_E6_E5,25.11,6.363636363636364e-07
Al_degrader_E6_E5,25.17,5.454545454545455e-07
Al_degrader_E6_E5,25.229999999999997,0.0
Al_degrader_E6_E5,25.29,2.7272727272727274e-07
Al_degrader_E6_E5,25.35,0.0
Al_degrader_E6_E5,25.409999999999997,9.090909090909091e-08
Al_degrader_E6_E5,25.47,0.0
Al_degrader_E6_E5,25.53,9.090909090909091e-08
Ni11,16.77,3.3333333333333335e-07
Ni11,16.83,3.3333333333333335e-07
Ni11,16.89,3.3333333333333335e-07
Ni11,16.95,6.666666666666667e-07
Ni11,17.009999999999998,2e-06
Ni11,17.07,1.6666666666666667e-06
Ni11,17.13,2e-06
Ni11,17.189999999999998,3.3333333333333333e-06
Ni11,17.25,6.666666666666667e-06
Ni11,17.310000000000002,6.666666666666667e-06
Ni11,17.369999999999997,8e-06
Ni11,17.43,1.6e-05
Ni11,17.490000000000002,1.8333333333333333e-05
Ni11,17.549999999999997,2.9333333333333333e-05
Ni11,17.61,2.9e-05
Ni11,17.67,4.8666666666666666e-05
Ni11,17.729999999999997,6.2e-05
Ni11,17.79,9.8e-05
Ni11,17.85,0.00012033333333333334
Ni11,17.909999999999997,0.00018166666666666667
Ni11,17.97,0.00022033333333333334
Ni11,18.03,0.00031066666666666666
Ni11,18.09,0.00042366666666666665
Ni11,18.15,0.0005306666666666667
Ni11,18.21,0.0006956666666666667
Ni11,18.27,0.0009233333333333333
Ni11,18.33,0.0011546666666666667
Ni11,18.39,0.0014433333333333334
Ni11,18.45,0.001802
Ni11,18.509999999999998,0.0023323333333333334
Ni11,18.57,0.002828666666666667
Ni11,18.63,0.003465
Ni11,18.689999999999998,0.004242
Ni11,18.75,0.005063333333333334
Ni11,18.81,0.006134333333333334
Ni11,18.869999999999997,0.007257
Ni11,18.93,0.008515333333333333
Ni11,18.990000000000002,0.009823666666666666
Ni11,19.049999999999997,0.011570333333333334
Ni11,19.11,0.013178666666666667
Ni11,19.17,0.014995666666666666
Ni11,19.229999999999997,0.017040666666666666
Ni11,19.29,0.01904
Ni11,19.35,0.021092
Ni11,19.409999999999997,0.023156333333333334
Ni11,19.47,0.025368666666666668
Ni11,19.53,0.027441666666666666
Ni11,19.59,0.029279333333333334
Ni11,19.65,0.031234666666666668
Ni11,19.71,0.033083666666666664
Ni11,19.77,0.034439
Ni11,19.83,0.03553933333333333
Ni11,19.89,0.036715
Ni11,19.95,0.037117333333333336
Ni11,20.009999999999998,0.03744
Ni11,20.07,0.03766066666666667
Ni11,20.13,0.03724966666666667
Ni11,20.189999999999998,0.03649033333333333
Ni11,20.25,0.03536333333333333
Ni11,20.31,0.034438666666666666
Ni11,20.369999999999997,0.032831
Ni11,20.43,0.030837666666666666
Ni11,20.490000000000002,0.029411333333333334
Ni11,20.549999999999997,0.027288
Ni11,20.61,0.024965
Ni11,20.67,0.022902333333333334
Ni11,20.729999999999997,0.020848
Ni11,20.79,0.018543
Ni11,20.85,0.016515
Ni11,20.909999999999997,0.014597333333333334
Ni11,20.97,0.012729666666666667
Ni11,21.03,0.010930666666666667
Ni11,21.089999999999996,0.009305666666666667
Ni11,21.15,0.007955
Ni11,21.21,0.006672666666666667
Ni11,21.27,0.005484666666666666
Ni11,21.33,0.004594
Ni11,21.39,0.0036983333333333334
Ni11,21.45,0.0029716666666666667
Ni11,21.509999999999998,0.0024103333333333333
Ni11,21.57,0.0018663333333333333
Ni11,21.63,0.001479
Ni11,21.689999999999998,0.001139
Ni11,21.75,0.000854
Ni11,21.81,0.0006753333333333333
Ni11,21.869999999999997,0.00048166666666666665
Ni11,21.93,0.000351
Ni11,21.990000000000002,0.00028333333333333335
Ni11,22.049999999999997,0.00018933333333333335
Ni11,22.11,0.000122
Ni11,22.17,0.00010866666666666666
Ni11,22.229999999999997,7e-05
Ni11,22.29,4.266666666666667e-05
Ni11,22.35,3.9666666666666664e-05
Ni11,22.409999999999997,2.4666666666666665e-05
Ni11,22.47,1.5e-05
Ni11,22.53,9.666666666666667e-06
Ni11,22.589999999999996,6.666666666666667e-06
Ni11,22.65,4.333333333333333e-06
Ni11,22.71,3.3333333333333333e-06
Ni11,22.77,2.666666666666667e-06
Ni11,22.83,2e-06
Ni11,22.89,3.3333333333333335e-07
Ni11,22.95,6.666666666666667e-07
Ni11,23.009999999999998,3.3333333333333335e-07
Ni11,23.07,3.3333333333333335e-07
Ni11,23.13,0.0
Ni11,23.189999999999998,3.3333333333333335e-07
Sn11,16.65,3.3333333333333335e-07
Sn11,16.71,6.666666666666667e-07
Sn11,16.77,1e-06
Sn11,16.83,1e-06
Sn11,16.89,2.666666666666667e-06
Sn11,16.95,3.3333333333333333e-06
Sn11,17.009999999999998,4.666666666666666e-06
Sn11,17.07,5e-06
Sn11,17.13,9e-06
Sn11,17.189999999999998,1.2e-05
Sn11,17.25,1.5666666666666667e-05
Sn11,17.310000000000002,2.0666666666666666e-05
Sn11,17.369999999999997,2.8666666666666668e-05
Sn11,17.43,4.4e-05
Sn11,17.490000000000002,5.6666666666666664e-05
Sn11,17.549999999999997,7.7e-05
Sn11,17.61,9.1e-05
Sn11,17.67,0.00013966666666666666
Sn11,17.729999999999997,0.000196
Sn11,17.79,0.00028166666666666666
Sn11,17.85,0.000359
Sn11,17.909999999999997,0.000482
Sn11,17.97,0.0006386666666666666
Sn11,18.03,0.000843
Sn11,18.09,0.0010693333333333334
Sn11,18.15,0.001362
Sn11,18.21,0.0017163333333333334
Sn11,18.27,0.0021533333333333335
Sn11,18.33,0.0026406666666666666
Sn11,18.39,0.0033106666666666666
Sn11,18.45,0.00407
Sn11,18.509999999999998,0.004961
Sn11,18.57,0.005936333333333333
Sn11,18.63,0.007121666666666667
Sn11,18.689999999999998,0.008397
Sn11,18.75,0.009883333333333333
Sn11,18.81,0.011486
Sn11,18.869999999999997,0.013195
Sn11,18.93,0.014973333333333333
Sn11,18.990000000000002,0.017069
Sn11,19.049999999999997,0.019275333333333332
Sn11,19.11,0.021477666666666666
Sn11,19.17,0.023661
Sn11,19.229999999999997,0.025911333333333335
Sn11,19.29,0.028019666666666665
Sn11,19.35,0.030091333333333335
Sn11,19.409999999999997,0.03201266666666667
Sn11,19.47,0.03372233333333333
Sn11,19.53,0.03524133333333333
Sn11,19.59,0.03647433333333333
Sn11,19.65,0.037632
Sn11,19.71,0.03825
Sn11,19.77,0.03841
Sn11,19.83,0.038330333333333334
Sn11,19.89,0.037754666666666666
Sn11,19.95,0.03703566666666667
Sn11,20.009999999999998,0.036
Sn11,20.07,0.034691
Sn11,20.13,0.03281033333333333
Sn11,20.189999999999998,0.030955666666666666
Sn11,20.25,0.029128
Sn11,20.31,0.027037
Sn11,20.369999999999997,0.024686
Sn11,20.43,0.022520333333333333
Sn11,20.490000000000002,0.020408
Sn11,20.549999999999997,0.018071
Sn11,20.61,0.015877333333333334
Sn11,20.67,0.013810666666666667
Sn11,20.729999999999997,0.011960333333333333
Sn11,20.79,0.010247
Sn11,20.85,0.008757333333333334
Sn11,20.909999999999997,0.007357666666666667
Sn11,20.97,0.006112
Sn11,21.03,0.0050353333333333335
Sn11,21.089999999999996,0.004095666666666667
Sn11,21.15,0.003306
Sn11,21.21,0.002622666666666667
Sn11,21.27,0.002079
Sn11,21.33,0.0016046666666666666
Sn11,21.39,0.0012636666666666666
Sn11,21.45,0.0009583333333333333
Sn11,21.509999999999998,0.0007196666666666666
Sn11,21.57,0.0005516666666666667
Sn11,21.63,0.00038833333333333336
Sn11,21.689999999999998,0.000276
Sn11,21.75,0.000208
Sn11,21.81,0.00015033333333333335
Sn11,21.869999999999997,0.00010066666666666667
Sn11,21.93,8.2e-05
Sn11,21.990000000000002,6.266666666666667e-05
Sn11,22.049999999999997,3.5333333333333336e-05
Sn11,22.11,2.3666666666666668e-05
Sn11,22.17,1.4e-05
Sn11,22.229999999999997,1e-05
Sn11,22.29,8e-06
Sn11,22.35,6e-06
Sn11,22.409999999999997,4.333333333333333e-06
Sn11,22.47,2.666666666666667e-06
Sn11,22.53,1e-06
Sn11,22.589999999999996,6.666666666666667e-07
Sn11,22.65,3.3333333333333335e-07
Sn11,22.71,6.666666666666667e-07
Sn11,22.77,6.666666666666667e-07
Sn11,22.83,3.3333333333333335e-07
Ta11,16.29,3.3333333333333335e-07
Ta11,16.35,3.3333333333333335e-07
Ta11,16.409999999999997,3.3333333333333335e-07
Ta11,16.47,6.666666666666667e-07
Ta11,16.53,2.333333333333333e-06
Ta11,16.59,1.3333333333333334e-06
Ta11,16.65,2.333333333333333e-06
Ta11,16.71,4.666666666666666e-06
Ta11,16.77,6.333333333333333e-06
Ta11,16.83,6.666666666666667e-06
Ta11,16.89,9.666666666666667e-06
Ta11,16.95,1.5e-05
Ta11,17.009999999999998,1.8333333333333333e-05
Ta11,17.07,2.9333333333333333e-05
Ta11,17.13,3.7e-05
Ta11,17.189999999999998,4.266666666666667e-05
Ta11,17.25,6.566666666666667e-05
Ta11,17.310000000000002,9.266666666666666e-05
Ta11,17.369999999999997,0.00012633333333333333
Ta11,17.43,0.00017166666666666667
Ta11,17.490000000000002,0.00023066666666666667
Ta11,17.549999999999997,0.000304
Ta11,17.61,0.00040833333333333336
Ta11,17.67,0.00054
Ta11,17.729999999999997,0.000675
Ta11,17.79,0.0009173333333333334
Ta11,17.85,0.0011176666666666668
Ta11,17.909999999999997,0.0014193333333333334
Ta11,17.97,0.0018123333333333333
Ta11,18.03,0.0022396666666666667
Ta11,18.09,0.002734
Ta11,18.15,0.003398
Ta11,18.21,0.004131666666666666
Ta11,18.27,0.004952666666666667
Ta11,18.33,0.005910333333333333
Ta11,18.39,0.007136333333333333
Ta11,18.45,0.008292
Ta11,18.509999999999998,0.009591
Ta11,18.57,0.011219333333333333
Ta11,18.63,0.012881666666666666
Ta11,18.689999999999998,0.014605666666666666
Ta11,18.75,0.016542333333333333
Ta11,18.81,0.018636333333333335
Ta11,18.869999999999997,0.020502
Ta11,18.93,0.022791666666666665
Ta11,18.990000000000002,0.024765333333333334
Ta11,19.049999999999997,0.026962666666666666
Ta11,19.11,0.028842666666666666
Ta11,19.17,0.030474666666666667
Ta11,19.229999999999997,0.032654
Ta11,19.29,0.033851
Ta11,19.35,0.035099
Ta11,19.409999999999997,0.03636433333333333
Ta11,19.47,0.03681366666666667
Ta11,19.53,0.037341
Ta11,19.59,0.037275
Ta11,19.65,0.037123
Ta11,19.71,0.036617666666666666
Ta11,19.77,0.03549033333333333
Ta11,19.83,0.03449833333333333
Ta11,19.89,0.033012
Ta11,19.95,0.031243666666666666
Ta11,20.009999999999998,0.029595
Ta11,20.07,0.027784666666666666
Ta11,20.13,0.025354666666666668
Ta11,20.189999999999998,0.023439
Ta11,20.25,0.02147
Ta11,20.31,0.019131
Ta11,20.369999999999997,0.01702
Ta11,20.43,0.015143666666666666
Ta11,20.490000000000002,0.013169666666666666
Ta11,20.549999999999997,0.011447333333333334
Ta11,20.61,0.009767666666666666
Ta11,20.67,0.008339666666666667
Ta11,20.729999999999997,0.007127666666666667
Ta11,20.79,0.005833
Ta11,20.85,0.004883333333333333
Ta11,20.909999999999997,0.004004
Ta11,20.97,0.0031826666666666665
Ta11,21.03,0.0026223333333333333
Ta11,21.089999999999996,0.0020453333333333335
Ta11,21.15,0.001598
Ta11,21.21,0.001269
Ta11,21.27,0.0009633333333333333
Ta11,21.33,0.0007246666666666666
Ta11,21.39,0.0005643333333333334
Ta11,21.45,0.000405
Ta11,21.509999999999998,0.00029966666666666667
Ta11,21.57,0.00022366666666666666
Ta11,21.63,0.00015266666666666667
Ta11,21.689999999999998,0.00011266666666666666
Ta11,21.75,9.4e-05
Ta11,21.81,5.1e-05
Ta11,21.869999999999997,3.9666666666666664e-05
Ta11,21.93,3.3e-05
Ta11,21.990000000000002,1.8666666666666665e-05
Ta11,22.049999999999997,1.1333333333333334e-05
Ta11,22.11,9.666666666666667e-06
Ta11,22.17,5e-06
Ta11,22.229999999999997,5e-06
Ta11,22.29,2.666666666666667e-06
Ta11,22.35,1.3333333333333334e-06
Ta11,22.409999999999997,1.3333333333333334e-06
Ta11,22.47,1e-06
Ta11,22.53,3.3333333333333335e-07
Ta11,22.589999999999996,3.3333333333333335e-07
Ta11,22.65,3.3333333333333335e-07
Ta11,22.71,0.0
Ta11,22.77,3.3333333333333335e-07
Cu11,15.87,3.3333333333333335e-07
Cu11,15.93,3.3333333333333335e-07
Cu11,15.989999999999998,3.3333333333333335e-07
Cu11,16.049999999999997,6.666666666666667e-07
Cu11,16.11,2e-06
Cu11,16.17,1.6666666666666667e-06
Cu11,16.229999999999997,1.6666666666666667e-06
Cu11,16.29,4.333333333333333e-06
Cu11,16.35,6e-06
Cu11,16.409999999999997,5.666666666666667e-06
Cu11,16.47,7.333333333333333e-06
Cu11,16.53,1.4e-05
Cu11,16.59,1.7333333333333332e-05
Cu11,16.65,2.5e-05
Cu11,16.71,2.8333333333333332e-05
Cu11,16.77,4.133333333333333e-05
Cu11,16.83,5.5e-05
Cu11,16.89,7.866666666666666e-05
Cu11,16.95,0.00010766666666666666
Cu11,17.009999999999998,0.000148
Cu11,17.07,0.00018533333333333333
Cu11,17.13,0.0002643333333333333
Cu11,17.189999999999998,0.000344
Cu11,17.25,0.0004606666666666667
Cu11,17.310000000000002,0.0005626666666666667
Cu11,17.369999999999997,0.0007533333333333333
Cu11,17.43,0.0009663333333333334
Cu11,17.490000000000002,0.0012073333333333333
Cu11,17.549999999999997,0.0015036666666666666
Cu11,17.61,0.0018693333333333333
Cu11,17.67,0.0023573333333333332
Cu11,17.729999999999997,0.002855
Cu11,17.79,0.0034723333333333333
Cu11,17.85,0.004211333333333333
Cu11,17.909999999999997,0.005061666666666667
Cu11,17.97,0.005997
Cu11,18.03,0.007147666666666667
Cu11,18.09,0.008299
Cu11,18.15,0.009571
Cu11,18.21,0.011180666666666667
Cu11,18.27,0.012757
Cu11,18.33,0.014429
Cu11,18.39,0.016357666666666666
Cu11,18.45,0.018220666666666666
Cu11,18.509999999999998,0.020176333333333334
Cu11,18.57,0.022265
Cu11,18.63,0.024139666666666667
Cu11,18.689999999999998,0.026334666666666666
Cu11,18.75,0.028096666666666666
Cu11,18.81,0.029819333333333333
Cu11,18.869999999999997,0.031720333333333336
Cu11,18.93,0.033145666666666664
Cu11,18.990000000000002,0.034169
Cu11,19.049999999999997,0.035493333333333335
Cu11,19.11,0.035992333333333335
Cu11,19.17,0.03648833333333333
Cu11,19.229999999999997,0.036742333333333335
Cu11,19.29,0.03648333333333333
Cu11,19.35,0.036161
Cu11,19.409999999999997,0.035114
Cu11,19.47,0.03412333333333333
Cu11,19.53,0.033022
Cu11,19.59,0.031214333333333334
Cu11,19.65,0.029643
Cu11,19.71,0.02804
Cu11,19.77,0.025866333333333335
Cu11,19.83,0.023779333333333333
Cu11,19.89,0.021921
Cu11,19.95,0.019741
Cu11,20.009999999999998,0.017680666666666667
Cu11,20.07,0.015829
Cu11,20.13,0.013888666666666667
Cu11,20.189999999999998,0.012142333333333333
Cu11,20.25,0.010517666666666666
Cu11,20.31,0.0089
Cu11,20.369999999999997,0.0076816666666666665
Cu11,20.43,0.006435333333333334
Cu11,20.490000000000002,0.005334333333333333
Cu11,20.549999999999997,0.004492333333333333
Cu11,20.61,0.00361
Cu11,20.67,0.002916666666666667
Cu11,20.729999999999997,0.002392
Cu11,20.79,0.001865
Cu11,20.85,0.0014656666666666668
Cu11,20.909999999999997,0.0011616666666666668
Cu11,20.97,0.0008603333333333333
Cu11,21.03,0.0006896666666666667
Cu11,21.089999999999996,0.0005016666666666666
Cu11,21.15,0.000365
Cu11,21.21,0.0002866666666666667
Cu11,21.27,0.000213
Cu11,21.33,0.000133
Cu11,21.39,0.00010833333333333333
Cu11,21.45,8.5e-05
Cu11,21.509999999999998,4.8e-05
Cu11,21.57,3.8333333333333334e-05
Cu11,21.63,3.233333333333333e-05
Cu11,21.689999999999998,1.6666666666666667e-05
Cu11,21.75,1.2333333333333333e-05
Cu11,21.81,8e-06
Cu11,21.869999999999997,5e-06
Cu11,21.93,4e-06
Cu11,21.990000000000002,3e-06
Cu11,22.049999999999997,1.3333333333333334e-06
Cu11,22.11,1.6666666666666667e-06
Cu11,22.17,6.666666666666667e-07
Cu11,22.229999999999997,3.3333333333333335e-07
Cu11,22.29,3.3333333333333335e-07
Cu11,22.35,3.3333333333333335e-07
Cu11,22.409999999999997,0.0
Cu11,22.47,3.3333333333333335e-07
Al_degrader_E8_E7,12.27,6.666666666666667e-08
Al_degrader_E8_E7,12.329999999999998,0.0
Al_degrader_E8_E7,12.39,6.666666666666667e-08
Al_degrader_E8_E7,12.45,6.666666666666667e-08
Al_degrader_E8_E7,12.51,6.666666666666667e-08
Al_degrader_E8_E7,12.57,2.6666666666666667e-07
Al_degrader_E8_E7,12.629999999999999,2e-07
Al_degrader_E8_E7,12.69,3.3333333333333335e-07
Al_degrader_E8_E7,12.75,2.6666666666666667e-07
Al_degrader_E8_E7,12.809999999999999,2.6666666666666667e-07
Al_degrader_E8_E7,12.870000000000001,1.2e-06
Al_degrader_E8_E7,12.93,1.0666666666666667e-06
Al_degrader_E8_E7,12.989999999999998,9.333333333333333e-07
Al_degrader_E8_E7,13.05,1.2e-06
Al_degrader_E8_E7,13.11,2e-06
Al_degrader_E8_E7,13.169999999999998,2.733333333333333e-06
Al_degrader_E8_E7,13.23,3.466666666666667e-06
Al_degrader_E8_E7,13.29,5.066666666666667e-06
Al_degrader_E8_E7,13.35,4.8e-06
Al_degrader_E8_E7,13.41,7.133333333333333e-06
Al_degrader_E8_E7,13.469999999999999,9.533333333333334e-06
Al_degrader_E8_E7,13.53,1.1e-05
Al_degrader_E8_E7,13.59,1.68e-05
Al_degrader_E8_E7,13.649999999999999,2.093333333333333e-05
Al_degrader_E8_E7,13.71,2.7733333333333334e-05
Al_degrader_E8_E7,13.77,3.26e-05
Al_degrader_E8_E7,13.829999999999998,4.4733333333333334e-05
Al_degrader_E8_E7,13.89,5.406666666666667e-05
Al_degrader_E8_E7,13.95,7.446666666666667e-05
Al_degrader_E8_E7,14.009999999999998,8.726666666666667e-05
Al_degrader_E8_E7,14.07,0.00010666666666666667
Al_degrader_E8_E7,14.129999999999999,0.0001374
Al_degrader_E8_E7,14.19,0.0001716
Al_degrader_E8_E7,14.25,0.00020686666666666666
Al_degrader_E8_E7,14.309999999999999,0.00024806666666666666
Al_degrader_E8_E7,14.37,0.0003066
Al_degrader_E8_E7,14.43,0.00037373333333333333
Al_degrader_E8_E7,14.489999999999998,0.00044826666666666665
Al_degrader_E8_E7,14.55,0.0005280666666666666
Al_degrader_E8_E7,14.61,0.0006421333333333333
Al_degrader_E8_E7,14.669999999999998,0.0007538
Al_degrader_E8_E7,14.73,0.0008999333333333334
Al_degrader_E8_E7,14.79,0.0010354
Al_degrader_E8_E7,14.85,0.001234
Al_degrader_E8_E7,14.91,0.0014205333333333332
Al_degrader_E8_E7,14.969999999999999,0.0016471333333333334
Al_degrader_E8_E7,15.03,0.0018665333333333332
Al_degrader_E8_E7,15.09,0.002166
Al_degrader_E8_E7,15.149999999999999,0.0024749333333333335
Al_degrader_E8_E7,15.21,0.0028055333333333334
Al_degrader_E8_E7,15.27,0.0031279333333333334
Al_degrader_E8_E7,15.329999999999998,0.003556
Al_degrader_E8_E7,15.39,0.003965533333333333
Al_degrader_E8_E7,15.45,0.0044164
Al_degrader_E8_E7,15.509999999999998,0.004854266666666667
Al_degrader_E8_E7,15.57,0.005372
Al_degrader_E8_E7,15.629999999999999,0.005895733333333333
Al_degrader_E8_E7,15.69,0.006431866666666667
Al_degrader_E8_E7,15.75,0.006943066666666667
Al_degrader_E8_E7,15.809999999999999,0.0075621333333333336
Al_degrader_E8_E7,15.87,0.008162066666666667
Al_degrader_E8_E7,15.93,0.008718466666666667
Al_degrader_E8_E7,15.989999999999998,0.0093066
Al_degrader_E8_E7,16.049999999999997,0.009926733333333333
Al_degrader_E8_E7,16.11,0.0105278
Al_degrader_E8_E7,16.17,0.0110856
Al_degrader_E8_E7,16.229999999999997,0.011629933333333333
Al_degrader_E8_E7,16.29,0.012230066666666666
Al_degrader_E8_E7,16.35,0.012817533333333334
Al_degrader_E8_E7,16.409999999999997,0.0132572
Al_degrader_E8_E7,16.47,0.013735466666666666
Al_degrader_E8_E7,16.53,0.014248933333333333
Al_degrader_E8_E7,16.59,0.014742933333333333
Al_degrader_E8_E7,16.65,0.0151196
Al_degrader_E8_E7,16.71,0.0154608
Al_degrader_E8_E7,16.77,0.015899933333333335
Al_degrader_E8_E7,16.83,0.016238133333333335
Al_degrader_E8_E7,16.89,0.0165146
Al_degrader_E8_E7,16.95,0.016783133333333332
Al_degrader_E8_E7,17.009999999999998,0.0170896
Al_degrader_E8_E7,17.07,0.0173192
Al_degrader_E8_E7,17.13,0.017431266666666667
Al_degrader_E8_E7,17.189999999999998,0.017687066666666668
Al_degrader_E8_E7,17.25,0.017889866666666667
Al_degrader_E8_E7,17.310000000000002,0.017994
Al_degrader_E8_E7,17.369999999999997,0.018084
Al_degrader_E8_E7,17.43,0.018225
Al_degrader_E8_E7,17.490000000000002,0.018331666666666666
Al_degrader_E8_E7,17.549999999999997,0.0183626
Al_degrader_E8_E7,17.61,0.018424333333333334
Al_degrader_E8_E7,17.67,0.0185164
Al_degrader_E8_E7,17.729999999999997,0.018503866666666667
Al_degrader_E8_E7,17.79,0.018453866666666666
Al_degrader_E8_E7,17.85,0.018481533333333335
Al_degrader_E8_E7,17.909999999999997,0.018470133333333333
Al_degrader_E8_E7,17.97,0.0183524
Al_degrader_E8_E7,18.03,0.018261466666666667
Al_degrader_E8_E7,18.09,0.018205666666666665
Al_degrader_E8_E7,18.15,0.018019
Al_degrader_E8_E7,18.21,0.017764266666666667
Al_degrader_E8_E7,18.27,0.017631866666666666
Al_degrader_E8_E7,18.33,0.017377466666666667
Al_degrader_E8_E7,18.39,0.0170312
Al_degrader_E8_E7,18.45,0.016659533333333334
Al_degrader_E8_E7,18.509999999999998,0.016342933333333334
Al_degrader_E8_E7,18.57,0.0159168
Al_degrader_E8_E7,18.63,0.015357866666666666
Al_degrader_E8_E7,18.689999999999998,0.014891933333333333
Al_degrader_E8_E7,18.75,0.0143426
Al_degrader_E8_E7,18.81,0.013693733333333333
Al_degrader_E8_E7,18.869999999999997,0.013076933333333334
Al_degrader_E8_E7,18.93,0.012458133333333333
Al_degrader_E8_E7,18.990000000000002,0.011742533333333333
Al_degrader_E8_E7,19.049999999999997,0.010978133333333334
Al_degrader_E8_E7,19.11,0.010312666666666666
Al_degrader_E8_E7,19.17,0.0095866
Al_degrader_E8_E7,19.229999999999997,0.0088018
Al_degrader_E8_E7,19.29,0.008095266666666667
Al_degrader_E8_E7,19.35,0.0074328
Al_degrader_E8_E7,19.409999999999997,0.006683733333333333
Al_degrader_E8_E7,19.47,0.006007933333333333
Al_degrader_E8_E7,19.53,0.005414933333333333
Al_degrader_E8_E7,19.59,0.004797266666666667
Al_degrader_E8_E7,19.65,0.004218
Al_degrader_E8_E7,19.71,0.0036962
Al_degrader_E8_E7,19.77,0.0032110666666666666
Al_degrader_E8_E7,19.83,0.0027684666666666666
Al_degrader_E8_E7,19.89,0.0023654
Al_degrader_E8_E7,19.95,0.001999
Al_degrader_E8_E7,20.009999999999998,0.0016916
Al_degrader_E8_E7,20.07,0.0014034
Al_degrader_E8_E7,20.13,0.0011648666666666666
Al_degrader_E8_E7,20.189999999999998,0.0009681333333333333
Al_degrader_E8_E7,20.25,0.000773
Al_degrader_E8_E7,20.31,0.0006320666666666667
Al_degrader_E8_E7,20.369999999999997,0.0005086
Al_degrader_E8_E7,20.43,0.00039273333333333336
Al_degrader_E8_E7,20.490000000000002,0.00031353333333333333
Al_degrader_E8_E7,20.549999999999997,0.000246
Al_degrader_E8_E7,20.61,0.00018326666666666666
Al_degrader_E8_E7,20.67,0.00014426666666666666
Al_degrader_E8_E7,20.729999999999997,0.00011013333333333333
Al_degrader_E8_E7,20.79,7.833333333333333e-05
Al_degrader_E8_E7,20.85,6.0133333333333336e-05
Al_degrader_E8_E7,20.909999999999997,4.6933333333333333e-05
Al_degrader_E8_E7,20.97,2.8666666666666668e-05
Al_degrader_E8_E7,21.03,2.36e-05
Al_degrader_E8_E7,21.089999999999996,1.8266666666666666e-05
Al_degrader_E8_E7,21.15,1.0466666666666666e-05
Al_degrader_E8_E7,21.21,8.133333333333334e-06
Al_degrader_E8_E7,21.27,7.533333333333333e-06
Al_degrader_E8_E7,21.33,3.6666666666666666e-06
Al_degrader_E8_E7,21.39,3e-06
Al_degrader_E8_E7,21.45,1.7333333333333334e-06
Al_degrader_E8_E7,21.509999999999998,1.1333333333333334e-06
Al_degrader_E8_E7,21.57,9.333333333333333e-07
Al_degrader_E8_E7,21.63,6e-07
Al_degrader_E8_E7,21.689999999999998,4.6666666666666666e-07
Al_degrader_E8_E7,21.75,4e-07
Al_degrader_E8_E7,21.81,6.666666666666667e-08
Al_degrader_E8_E7,21.869999999999997,1.3333333333333334e-07
Al_degrader_E8_E7,21.93,6.666666666666667e-08
Al_degrader_E8_E7,21.990000000000002,6.666666666666667e-08
Al_degrader_E8_E7,22.049999999999997,0.0
Al_degrader_E8_E7,22.11,6.666666666666667e-08
Ni12,11.73,3.3333333333333335e-07
Ni12,11.79,0.0
Ni12,11.85,6.666666666666667e-07
Ni12,11.91,0.0
Ni12,11.969999999999999,6.666666666666667e-07
Ni12,12.03,1.6666666666666667e-06
Ni12,12.09,1.3333333333333334e-06
Ni12,12.149999999999999,1.3333333333333334e-06
Ni12,12.21,1.3333333333333334e-06
Ni12,12.27,2e-06
Ni12,12.329999999999998,6e-06
Ni12,12.39,5.333333333333334e-06
Ni12,12.45,5e-06
Ni12,12.51,5.333333333333334e-06
Ni12,12.57,1e-05
Ni12,12.629999999999999,1.4333333333333334e-05
Ni12,12.69,1.6666666666666667e-05
Ni12,12.75,2.4333333333333333e-05
Ni12,12.809999999999999,2.3333333333333332e-05
Ni12,12.870000000000001,3.3e-05
Ni12,12.93,4.4666666666666664e-05
Ni12,12.989999999999998,5.066666666666667e-05
Ni12,13.05,8.366666666666666e-05
Ni12,13.11,9.1e-05
Ni12,13.169999999999998,0.000125
Ni12,13.23,0.00014433333333333334
Ni12,13.29,0.000202
Ni12,13.35,0.00024433333333333333
Ni12,13.41,0.0003223333333333333
Ni12,13.469999999999999,0.00039633333333333334
Ni12,13.53,0.000455
Ni12,13.59,0.0006033333333333333
Ni12,13.649999999999999,0.000736
Ni12,13.71,0.0008793333333333333
Ni12,13.77,0.0010593333333333334
Ni12,13.829999999999998,0.0012706666666666667
Ni12,13.89,0.001528
Ni12,13.95,0.0018966666666666667
Ni12,14.009999999999998,0.0021813333333333333
Ni12,14.07,0.0026176666666666666
Ni12,14.129999999999999,0.0030456666666666666
Ni12,14.19,0.0035596666666666667
Ni12,14.25,0.0041856666666666665
Ni12,14.309999999999999,0.004827333333333334
Ni12,14.37,0.005607666666666667
Ni12,14.43,0.006341
Ni12,14.489999999999998,0.007262666666666666
Ni12,14.55,0.008143666666666667
Ni12,14.61,0.009345
Ni12,14.669999999999998,0.01048
Ni12,14.73,0.011619666666666667
Ni12,14.79,0.012774333333333334
Ni12,14.85,0.014293666666666666
Ni12,14.91,0.015647666666666667
Ni12,14.969999999999999,0.017075333333333335
Ni12,15.03,0.018473333333333335
Ni12,15.09,0.019868333333333335
Ni12,15.149999999999999,0.021438333333333334
Ni12,15.21,0.022844333333333335
Ni12,15.27,0.024137
Ni12,15.329999999999998,0.025468
Ni12,15.39,0.026801666666666668
Ni12,15.45,0.027852
Ni12,15.509999999999998,0.028819
Ni12,15.57,0.029562
Ni12,15.629999999999999,0.030406333333333334
Ni12,15.69,0.030868666666666666
Ni12,15.75,0.031064333333333333
Ni12,15.809999999999999,0.031277
Ni12,15.87,0.03134133333333333
Ni12,15.93,0.031040666666666668
Ni12,15.989999999999998,0.030585
Ni12,16.049999999999997,0.029754666666666665
Ni12,16.11,0.029245666666666666
Ni12,16.17,0.028329666666666666
Ni12,16.229999999999997,0.027047666666666668
Ni12,16.29,0.02573
Ni12,16.35,0.024824
Ni12,16.409999999999997,0.023324333333333332
Ni12,16.47,0.021681333333333334
Ni12,16.53,0.020149333333333335
Ni12,16.59,0.018816
Ni12,16.65,0.017329333333333332
Ni12,16.71,0.015634
Ni12,16.77,0.014219666666666667
Ni12,16.83,0.012856666666666667
Ni12,16.89,0.011476333333333333
Ni12,16.95,0.010194333333333333
Ni12,17.009999999999998,0.008969
Ni12,17.07,0.007783
Ni12,17.13,0.006839666666666667
Ni12,17.189999999999998,0.005905666666666667
Ni12,17.25,0.005001
Ni12,17.310000000000002,0.0042836666666666665
Ni12,17.369999999999997,0.003692
Ni12,17.43,0.002997333333333333
Ni12,17.490000000000002,0.0025056666666666665
Ni12,17.549999999999997,0.0021266666666666665
Ni12,17.61,0.0017056666666666667
Ni12,17.67,0.001366
Ni12,17.729999999999997,0.0011263333333333334
Ni12,17.79,0.0008743333333333333
Ni12,17.85,0.0007093333333333333
Ni12,17.909999999999997,0.0005843333333333333
Ni12,17.97,0.0004293333333333333
Ni12,18.03,0.00031633333333333334
Ni12,18.09,0.00026333333333333336
Ni12,18.15,0.00020766666666666665
Ni12,18.21,0.00014133333333333334
Ni12,18.27,0.00010366666666666666
Ni12,18.33,9.133333333333334e-05
Ni12,18.39,6.3e-05
Ni12,18.45,3.9e-05
Ni12,18.509999999999998,3.233333333333333e-05
Ni12,18.57,3.2e-05
Ni12,18.63,1.5333333333333334e-05
Ni12,18.689999999999998,1.3e-05
Ni12,18.75,8e-06
Ni12,18.81,6.333333333333333e-06
Ni12,18.869999999999997,3.6666666666666666e-06
Ni12,18.93,3.3333333333333333e-06
Ni12,18.990000000000002,2.666666666666667e-06
Ni12,19.049999999999997,1.3333333333333334e-06
Ni12,19.11,1.6666666666666667e-06
Ni12,19.17,3.3333333333333335e-07
Ni12,19.229999999999997,6.666666666666667e-07
Ni12,19.29,3.3333333333333335e-07
Ni12,19.35,0.0
Ni12,19.409999999999997,3.3333333333333335e-07
Ni12,19.47,0.0
Ni12,19.53,3.3333333333333335e-07
Sn12,11.55,3.3333333333333335e-07
Sn12,11.61,3.3333333333333335e-07
Sn12,11.669999999999998,3.3333333333333335e-07
Sn12,11.73,1e-06
Sn12,11.79,6.666666666666667e-07
Sn12,11.85,2.333333333333333e-06
Sn12,11.91,1e-06
Sn12,11.969999999999999,3e-06
Sn12,12.03,4e-06
Sn12,12.09,2.666666666666667e-06
Sn12,12.149999999999999,5e-06
Sn12,12.21,7.333333333333333e-06
Sn12,12.27,9.333333333333333e-06
Sn12,12.329999999999998,1.1666666666666666e-05
Sn12,12.39,1.3e-05
Sn12,12.45,1.8333333333333333e-05
Sn12,12.51,2.0333333333333334e-05
Sn12,12.57,3.1666666666666666e-05
Sn12,12.629999999999999,4.1666666666666665e-05
Sn12,12.69,4.6e-05
Sn12,12.75,6.366666666666666e-05
Sn12,12.809999999999999,6.966666666666666e-05
Sn12,12.870000000000001,9.5e-05
Sn12,12.93,0.000128
Sn12,12.989999999999998,0.00016833333333333332
Sn12,13.05,0.00023366666666666666
Sn12,13.11,0.0002793333333333333
Sn12,13.169999999999998,0.00033966666666666666
Sn12,13.23,0.00042466666666666667
Sn12,13.29,0.0005413333333333333
Sn12,13.35,0.0006736666666666667
Sn12,13.41,0.0008103333333333334
Sn12,13.469999999999999,0.00098
Sn12,13.53,0.001191
Sn12,13.59,0.0014476666666666668
Sn12,13.649999999999999,0.001726
Sn12,13.71,0.002032
Sn12,13.77,0.0024163333333333333
Sn12,13.829999999999998,0.0028886666666666666
Sn12,13.89,0.0034203333333333334
Sn12,13.95,0.004025333333333333
Sn12,14.009999999999998,0.004651666666666667
Sn12,14.07,0.005372
Sn12,14.129999999999999,0.006176
Sn12,14.19,0.007044
Sn12,14.25,0.008121
Sn12,14.309999999999999,0.009108333333333333
Sn12,14.37,0.010232666666666666
Sn12,14.43,0.011395333333333334
Sn12,14.489999999999998,0.012734333333333334
Sn12,14.55,0.014091333333333334
Sn12,14.61,0.015612333333333334
Sn12,14.669999999999998,0.017095333333333334
Sn12,14.73,0.018562333333333333
Sn12,14.79,0.020091333333333333
Sn12,14.85,0.021581333333333334
Sn12,14.91,0.023066666666666666
Sn12,14.969999999999999,0.024442666666666668
Sn12,15.03,0.025889
Sn12,15.09,0.026975666666666665
Sn12,15.149999999999999,0.028163
Sn12,15.21,0.029238666666666666
Sn12,15.27,0.030166
Sn12,15.329999999999998,0.030903666666666666
Sn12,15.39,0.03152566666666667
Sn12,15.45,0.031797
Sn12,15.509999999999998,0.031865
Sn12,15.57,0.031721
Sn12,15.629999999999999,0.03142366666666667
Sn12,15.69,0.03094533333333333
Sn12,15.75,0.030369
Sn12,15.809999999999999,0.02956
Sn12,15.87,0.028612333333333333
Sn12,15.93,0.027230333333333332
Sn12,15.989999999999998,0.025984333333333335
Sn12,16.049999999999997,0.024707
Sn12,16.11,0.02335
Sn12,16.17,0.021815666666666667
Sn12,16.229999999999997,0.020171333333333333
Sn12,16.29,0.018722
Sn12,16.35,0.017192
Sn12,16.409999999999997,0.015572333333333334
Sn12,16.47,0.014047
Sn12,16.53,0.012519333333333334
Sn12,16.59,0.011106
Sn12,16.65,0.009833
Sn12,16.71,0.008649
Sn12,16.77,0.007578666666666667
Sn12,16.83,0.006547666666666667
Sn12,16.89,0.005642333333333333
Sn12,16.95,0.004790666666666667
Sn12,17.009999999999998,0.0040423333333333335
Sn12,17.07,0.003406666666666667
Sn12,17.13,0.002843
Sn12,17.189999999999998,0.0023306666666666667
Sn12,17.25,0.0019153333333333333
Sn12,17.310000000000002,0.0015603333333333333
Sn12,17.369999999999997,0.0012633333333333333
Sn12,17.43,0.001012
Sn12,17.490000000000002,0.000807
Sn12,17.549999999999997,0.000633
Sn12,17.61,0.0004946666666666667
Sn12,17.67,0.00038133333333333335
Sn12,17.729999999999997,0.000282
Sn12,17.79,0.00021233333333333334
Sn12,17.85,0.00016966666666666668
Sn12,17.909999999999997,0.00012466666666666667
Sn12,17.97,8.8e-05
Sn12,18.03,7.3e-05
Sn12,18.09,5.8e-05
Sn12,18.15,4.433333333333333e-05
Sn12,18.21,2.5666666666666666e-05
Sn12,18.27,1.9333333333333333e-05
Sn12,18.33,1.2e-05
Sn12,18.39,8.666666666666666e-06
Sn12,18.45,7e-06
Sn12,18.509999999999998,5.666666666666667e-06
Sn12,18.57,4.666666666666666e-06
Sn12,18.63,3e-06
Sn12,18.689999999999998,2e-06
Sn12,18.75,6.666666666666667e-07
Sn12,18.81,6.666666666666667e-07
Sn12,18.869999999999997,3.3333333333333335e-07
Sn12,18.93,3.3333333333333335e-07
Sn12,18.990000000000002,6.666666666666667e-07
Sn12,19.049999999999997,3.3333333333333335e-07
Sn12,19.11,3.3333333333333335e-07
Ta12,11.07,3.3333333333333335e-07
Ta12,11.129999999999999,0.0
Ta12,11.19,3.3333333333333335e-07
Ta12,11.25,3.3333333333333335e-07
Ta12,11.309999999999999,6.666666666666667e-07
Ta12,11.370000000000001,6.666666666666667e-07
Ta12,11.43,1.6666666666666667e-06
Ta12,11.489999999999998,1.3333333333333334e-06
Ta12,11.55,1.6666666666666667e-06
Ta12,11.61,1.3333333333333334e-06
Ta12,11.669999999999998,4e-06
Ta12,11.73,5e-06
Ta12,11.79,6e-06
Ta12,11.85,5.666666666666667e-06
Ta12,11.91,7.333333333333333e-06
Ta12,11.969999999999999,1.2e-05
Ta12,12.03,1.3666666666666667e-05
Ta12,12.09,1.5666666666666667e-05
Ta12,12.149999999999999,2.7e-05
Ta12,12.21,2.966666666666667e-05
Ta12,12.27,2.8666666666666668e-05
Ta12,12.329999999999998,5.066666666666667e-05
Ta12,12.39,5e-05
Ta12,12.45,8.3e-05
Ta12,12.51,9.2e-05
Ta12,12.57,0.000128
Ta12,12.629999999999999,0.00015666666666666666
Ta12,12.69,0.00018766666666666666
Ta12,12.75,0.00025433333333333335
Ta12,12.809999999999999,0.000309
Ta12,12.870000000000001,0.00038533333333333334
Ta12,12.93,0.000471
Ta12,12.989999999999998,0.0005676666666666666
Ta12,13.05,0.000732
Ta12,13.11,0.000859
Ta12,13.169999999999998,0.0010203333333333334
Ta12,13.23,0.0012513333333333332
Ta12,13.29,0.0015016666666666668
Ta12,13.35,0.0017443333333333334
Ta12,13.41,0.002114
Ta12,13.469999999999999,0.0025076666666666667
Ta12,13.53,0.0028773333333333333
Ta12,13.59,0.003454333333333333
Ta12,13.649999999999999,0.0039306666666666665
Ta12,13.71,0.004576333333333333
Ta12,13.77,0.005279333333333333
Ta12,13.829999999999998,0.006102333333333334
Ta12,13.89,0.006850666666666666
Ta12,13.95,0.007746
Ta12,14.009999999999998,0.008826
Ta12,14.07,0.009819
Ta12,14.129999999999999,0.011042333333333333
Ta12,14.19,0.012133
Ta12,14.25,0.013498
Ta12,14.309999999999999,0.014850666666666667
Ta12,14.37,0.016126333333333333
Ta12,14.43,0.017543333333333334
Ta12,14.489999999999998,0.019119
Ta12,14.55,0.020292333333333332
Ta12,14.61,0.021879
Ta12,14.669999999999998,0.023195666666666667
Ta12,14.73,0.024370333333333334
Ta12,14.79,0.025559333333333333
Ta12,14.85,0.027052333333333334
Ta12,14.91,0.027845666666666668
Ta12,14.969999999999999,0.028577666666666668
Ta12,15.03,0.029676333333333332
Ta12,15.09,0.030074
Ta12,15.149999999999999,0.030477333333333332
Ta12,15.21,0.03095
Ta12,15.27,0.030867
Ta12,15.329999999999998,0.030726
Ta12,15.39,0.030526666666666667
Ta12,15.45,0.029954
Ta12,15.509999999999998,0.029187
Ta12,15.57,0.028551333333333335
Ta12,15.629999999999999,0.027537
Ta12,15.69,0.026430333333333333
Ta12,15.75,0.025193333333333335
Ta12,15.809999999999999,0.023974666666666665
Ta12,15.87,0.022731333333333333
Ta12,15.93,0.021045333333333333
Ta12,15.989999999999998,0.019729333333333335
Ta12,16.049999999999997,0.018353333333333333
Ta12,16.11,0.016764
Ta12,16.17,0.015188666666666666
Ta12,16.229999999999997,0.013842333333333333
Ta12,16.29,0.012575
Ta12,16.35,0.011117666666666666
Ta12,16.409999999999997,0.009890666666666667
Ta12,16.47,0.008827
Ta12,16.53,0.007578666666666667
Ta12,16.59,0.006671333333333333
Ta12,16.65,0.00583
Ta12,16.71,0.004898666666666667
Ta12,16.77,0.004246
Ta12,16.83,0.0036046666666666666
Ta12,16.89,0.0029823333333333334
Ta12,16.95,0.002491
Ta12,17.009999999999998,0.0020883333333333335
Ta12,17.07,0.001704
Ta12,17.13,0.0013773333333333333
Ta12,17.189999999999998,0.00112
Ta12,17.25,0.000913
Ta12,17.310000000000002,0.0007083333333333334
Ta12,17.369999999999997,0.000561
Ta12,17.43,0.00045366666666666667
Ta12,17.490000000000002,0.00034
Ta12,17.549999999999997,0.00025866666666666665
Ta12,17.61,0.000206
Ta12,17.67,0.000158
Ta12,17.729999999999997,0.00010866666666666666
Ta12,17.79,8.833333333333333e-05
Ta12,17.85,7.3e-05
Ta12,17.909999999999997,4.3333333333333334e-05
Ta12,17.97,3.3333333333333335e-05
Ta12,18.03,3.266666666666666e-05
Ta12,18.09,1.8e-05
Ta12,18.15,1.4e-05
Ta12,18.21,8.666666666666666e-06
Ta12,18.27,6.666666666666667e-06
Ta12,18.33,4.333333333333333e-06
Ta12,18.39,4.666666666666666e-06
Ta12,18.45,1.6666666666666667e-06
Ta12,18.509999999999998,2e-06
Ta12,18.57,2e-06
Ta12,18.63,3.3333333333333335e-07
Ta12,18.689999999999998,1e-06
Ta12,18.75,0.0
Ta12,18.81,3.3333333333333335e-07
Ta12,18.869999999999997,3.3333333333333335e-07
Ta12,18.93,0.0
Ta12,18.990000000000002,3.3333333333333335e-07
Cu12,10.53,3.3333333333333335e-07
Cu12,10.59,0.0
Cu12,10.649999999999999,6.666666666666667e-07
Cu12,10.71,0.0
Cu12,10.77,6.666666666666667e-07
Cu12,10.829999999999998,1.3333333333333334e-06
Cu12,10.89,1e-06
Cu12,10.95,1.3333333333333334e-06
Cu12,11.01,1.3333333333333334e-06
Cu12,11.07,1.3333333333333334e-06
Cu12,11.129999999999999,3.6666666666666666e-06
Cu12,11.19,5.333333333333334e-06
Cu12,11.25,5.333333333333334e-06
Cu12,11.309999999999999,4e-06
Cu12,11.370000000000001,6.666666666666667e-06
Cu12,11.43,1.1333333333333334e-05
Cu12,11.489999999999998,1.2666666666666667e-05
Cu12,11.55,1.4333333333333334e-05
Cu12,11.61,2.2e-05
Cu12,11.669999999999998,2.2666666666666668e-05
Cu12,11.73,3.1666666666666666e-05
Cu12,11.79,3.866666666666667e-05
Cu12,11.85,4.7e-05
Cu12,11.91,6.433333333333333e-05
Cu12,11.969999999999999,8e-05
Cu12,12.03,0.00010266666666666666
Cu12,12.09,0.000131
Cu12,12.149999999999999,0.00016266666666666667
Cu12,12.21,0.000205
Cu12,12.27,0.000243
Cu12,12.329999999999998,0.00033133333333333333
Cu12,12.39,0.0003733333333333333
Cu12,12.45,0.00046333333333333334
Cu12,12.51,0.0005733333333333334
Cu12,12.57,0.0007123333333333334
Cu12,12.629999999999999,0.0008353333333333333
Cu12,12.69,0.000993
Cu12,12.75,0.001211
Cu12,12.809999999999999,0.001414
Cu12,12.870000000000001,0.001712
Cu12,12.93,0.0019896666666666665
Cu12,12.989999999999998,0.002354666666666667
Cu12,13.05,0.0027403333333333333
Cu12,13.11,0.0032273333333333334
Cu12,13.169999999999998,0.0036943333333333333
Cu12,13.23,0.004275
Cu12,13.29,0.004909333333333333
Cu12,13.35,0.005663333333333334
Cu12,13.41,0.006326666666666667
Cu12,13.469999999999999,0.007208
Cu12,13.53,0.008062333333333333
Cu12,13.59,0.009155333333333333
Cu12,13.649999999999999,0.010133666666666666
Cu12,13.71,0.011259333333333333
Cu12,13.77,0.012383333333333333
Cu12,13.829999999999998,0.013738666666666666
Cu12,13.89,0.014921333333333333
Cu12,13.95,0.016239666666666666
Cu12,14.009999999999998,0.017581666666666666
Cu12,14.07,0.018850333333333334
Cu12,14.129999999999999,0.020256666666666666
Cu12,14.19,0.021667
Cu12,14.25,0.022795333333333334
Cu12,14.309999999999999,0.023921333333333333
Cu12,14.37,0.025279666666666666
Cu12,14.43,0.026445
Cu12,14.489999999999998,0.02724
Cu12,14.55,0.027940666666666666
Cu12,14.61,0.028954333333333332
Cu12,14.669999999999998,0.029354
Cu12,14.73,0.029732666666666668
Cu12,14.79,0.02991
Cu12,14.85,0.030159333333333333
Cu12,14.91,0.030017333333333333
Cu12,14.969999999999999,0.029732666666666668
Cu12,15.03,0.029297
Cu12,15.09,0.028483666666666668
Cu12,15.149999999999999,0.028011333333333333
Cu12,15.21,0.027182
Cu12,15.27,0.025915
Cu12,15.329999999999998,0.024765
Cu12,15.39,0.023807666666666668
Cu12,15.45,0.022590666666666665
Cu12,15.509999999999998,0.021007
Cu12,15.57,0.019596666666666665
Cu12,15.629999999999999,0.018355
Cu12,15.69,0.016983
Cu12,15.75,0.015386666666666667
Cu12,15.809999999999999,0.014049
Cu12,15.87,0.012830666666666667
Cu12,15.93,0.011511333333333333
Cu12,15.989999999999998,0.010252
Cu12,16.049999999999997,0.009137333333333334
Cu12,16.11,0.007981
Cu12,16.17,0.0069826666666666665
Cu12,16.229999999999997,0.006166
Cu12,16.29,0.005290666666666667
Cu12,16.35,0.004534333333333333
Cu12,16.409999999999997,0.0039236666666666664
Cu12,16.47,0.003306
Cu12,16.53,0.0027356666666666666
Cu12,16.59,0.002314333333333333
Cu12,16.65,0.0019373333333333332
Cu12,16.71,0.0015586666666666668
Cu12,16.77,0.001282
Cu12,16.83,0.0010466666666666667
Cu12,16.89,0.0008413333333333334
Cu12,16.95,0.000666
Cu12,17.009999999999998,0.000544
Cu12,17.07,0.00042
Cu12,17.13,0.000311
Cu12,17.189999999999998,0.000248
Cu12,17.25,0.00021
Cu12,17.310000000000002,0.00014633333333333333
Cu12,17.369999999999997,0.000103
Cu12,17.43,8.566666666666667e-05
Cu12,17.490000000000002,7.033333333333334e-05
Cu12,17.549999999999997,4.2e-05
Cu12,17.61,3.2e-05
Cu12,17.67,3.5e-05
Cu12,17.729999999999997,1.8333333333333333e-05
Cu12,17.79,1.2e-05
Cu12,17.85,1.0333333333333333e-05
Cu12,17.909999999999997,6.333333333333333e-06
Cu12,17.97,4.333333333333333e-06
Cu12,18.03,3.6666666666666666e-06
Cu12,18.09,2.333333333333333e-06
Cu12,18.15,2.333333333333333e-06
Cu12,18.21,1.3333333333333334e-06
Cu12,18.27,1e-06
Cu12,18.33,6.666666666666667e-07
Cu12,18.39,3.3333333333333335e-07
Cu12,18.45,3.3333333333333335e-07
Cu12,18.509999999999998,3.3333333333333335e-07
Cu12,18.57,0.0
Cu12,18.63,3.3333333333333335e-07
Al_degrader_E9,8.07,8.333333333333334e-08
Al_degrader_E9,8.129999999999999,0.0
Al_degrader_E9,8.19,8.333333333333334e-08
Al_degrader_E9,8.25,8.333333333333334e-08
Al_degrader_E9,8.309999999999999,8.333333333333334e-08
Al_degrader_E9,8.370000000000001,8.333333333333334e-08
Al_degrader_E9,8.43,1.6666666666666668e-07
Al_degrader_E9,8.489999999999998,4.1666666666666667e-07
Al_degrader_E9,8.55,2.5e-07
Al_degrader_E9,8.61,2.5e-07
Al_degrader_E9,8.67,5.833333333333333e-07
Al_degrader_E9,8.73,5e-07
Al_degrader_E9,8.79,5.833333333333333e-07
Al_degrader_E9,8.85,1.1666666666666666e-06
Al_degrader_E9,8.91,1.25e-06
Al_degrader_E9,8.969999999999999,1.4166666666666667e-06
Al_degrader_E9,9.030000000000001,1.3333333333333334e-06
Al_degrader_E9,9.09,2e-06
Al_degrader_E9,9.149999999999999,2.5833333333333333e-06
Al_degrader_E9,9.21,3.1666666666666667e-06
Al_degrader_E9,9.27,3.3333333333333333e-06
Al_degrader_E9,9.329999999999998,4.666666666666666e-06
Al_degrader_E9,9.39,6.75e-06
Al_degrader_E9,9.45,6e-06
Al_degrader_E9,9.51,7.916666666666667e-06
Al_degrader_E9,9.57,1.075e-05
Al_degrader_E9,9.629999999999999,1.275e-05
Al_degrader_E9,9.69,1.3333333333333333e-05
Al_degrader_E9,9.75,1.8916666666666668e-05
Al_degrader_E9,9.809999999999999,2.4833333333333335e-05
Al_degrader_E9,9.870000000000001,2.8e-05
Al_degrader_E9,9.93,3.566666666666667e-05
Al_degrader_E9,9.989999999999998,4.383333333333333e-05
Al_degrader_E9,10.05,5.216666666666667e-05
Al_degrader_E9,10.11,6.291666666666666e-05
Al_degrader_E9,10.169999999999998,7.808333333333334e-05
Al_degrader_E9,10.23,9.666666666666667e-05
Al_degrader_E9,10.29,0.00011175
Al_degrader_E9,10.35,0.00013241666666666667
Al_degrader_E9,10.41,0.00016058333333333332
Al_degrader_E9,10.469999999999999,0.00019616666666666667
Al_degrader_E9,10.53,0.00022866666666666668
Al_degrader_E9,10.59,0.00026566666666666666
Al_degrader_E9,10.649999999999999,0.00032358333333333333
Al_degrader_E9,10.71,0.00037566666666666667
Al_degrader_E9,10.77,0.00042458333333333334
Al_degrader_E9,10.829999999999998,0.0005163333333333334
Al_degrader_E9,10.89,0.0006118333333333334
Al_degrader_E9,10.95,0.0006898333333333333
Al_degrader_E9,11.01,0.00080275
Al_degrader_E9,11.07,0.000948
Al_degrader_E9,11.129999999999999,0.0010685833333333333
Al_degrader_E9,11.19,0.00123825
Al_degrader_E9,11.25,0.0014264166666666668
Al_degrader_E9,11.309999999999999,0.001621
Al_degrader_E9,11.370000000000001,0.0018454166666666666
Al_degrader_E9,11.43,0.002098
Al_degrader_E9,11.489999999999998,0.0023635833333333334
Al_degrader_E9,11.55,0.0026448333333333332
Al_degrader_E9,11.61,0.0029975
Al_degrader_E9,11.669999999999998,0.00334325
Al_degrader_E9,11.73,0.0037393333333333332
Al_degrader_E9,11.79,0.0041725
Al_degrader_E9,11.85,0.00459625
Al_degrader_E9,11.91,0.005124666666666666
Al_degrader_E9,11.969999999999999,0.00561925
Al_degrader_E9,12.03,0.006174916666666667
Al_degrader_E9,12.09,0.006800583333333333
Al_degrader_E9,12.149999999999999,0.007387083333333333
Al_degrader_E9,12.21,0.0080025
Al_degrader_E9,12.27,0.008740083333333334
Al_degrader_E9,12.329999999999998,0.009439333333333333
Al_degrader_E9,12.39,0.010083916666666666
Al_degrader_E9,12.45,0.01090075
Al_degrader_E9,12.51,0.011681916666666667
Al_degrader_E9,12.57,0.012406583333333334
Al_degrader_E9,12.629999999999999,0.013230916666666667
Al_degrader_E9,12.69,0.014071333333333333
Al_degrader_E9,12.75,0.014773666666666666
Al_degrader_E9,12.809999999999999,0.01562375
Al_degrader_E9,12.870000000000001,0.01640725
Al_degrader_E9,12.93,0.017140666666666665
Al_degrader_E9,12.989999999999998,0.0179135
Al_degrader_E9,13.05,0.018628083333333333
Al_degrader_E9,13.11,0.019311916666666668
Al_degrader_E9,13.169999999999998,0.019984666666666668
Al_degrader_E9,13.23,0.020569166666666666
Al_degrader_E9,13.29,0.021149083333333332
Al_degrader_E9,13.35,0.021616583333333335
Al_degrader_E9,13.41,0.022103416666666667
Al_degrader_E9,13.469999999999999,0.022526083333333332
Al_degrader_E9,13.53,0.022831583333333332
Al_degrader_E9,13.59,0.023061583333333333
Al_degrader_E9,13.649999999999999,0.023352666666666667
Al_degrader_E9,13.71,0.023420666666666666
Al_degrader_E9,13.77,0.023448166666666666
Al_degrader_E9,13.829999999999998,0.0234455
Al_degrader_E9,13.89,0.0233035
Al_degrader_E9,13.95,0.023146916666666666
Al_degrader_E9,14.009999999999998,0.022843
Al_degrader_E9,14.07,0.02249575
Al_degrader_E9,14.129999999999999,0.022151333333333332
Al_degrader_E9,14.19,0.021590333333333333
Al_degrader_E9,14.25,0.021076583333333333
Al_degrader_E9,14.309999999999999,0.02048525
Al_degrader_E9,14.37,0.019759416666666668
Al_degrader_E9,14.43,0.0191265
Al_degrader_E9,14.489999999999998,0.018295166666666668
Al_degrader_E9,14.55,0.017481833333333332
Al_degrader_E9,14.61,0.016716416666666668
Al_degrader_E9,14.669999999999998,0.015757416666666666
Al_degrader_E9,14.73,0.01492975
Al_degrader_E9,14.79,0.0140245
Al_degrader_E9,14.85,0.013085833333333333
Al_degrader_E9,14.91,0.0122595
Al_degrader_E9,14.969999999999999,0.011329166666666666
Al_degrader_E9,15.03,0.010476916666666667
Al_degrader_E9,15.09,0.009629166666666666
Al_degrader_E9,15.149999999999999,0.008757416666666667
Al_degrader_E9,15.21,0.00804525
Al_degrader_E9,15.27,0.00724975
Al_degrader_E9,15.329999999999998,0.006518083333333333
Al_degrader_E9,15.39,0.005869166666666667
Al_degrader_E9,15.45,0.005188583333333333
Al_degrader_E9,15.509999999999998,0.00463675
Al_degrader_E9,15.57,0.004065416666666667
Al_degrader_E9,15.629999999999999,0.00354375
Al_degrader_E9,15.69,0.003127916666666667
Al_degrader_E9,15.75,0.0026664166666666668
Al_degrader_E9,15.809999999999999,0.002319166666666667
Al_degrader_E9,15.87,0.0020080833333333335
Al_degrader_E9,15.93,0.0016785833333333334
Al_degrader_E9,15.989999999999998,0.0014365
Al_degrader_E9,16.049999999999997,0.0012085
Al_degrader_E9,16.11,0.001005
Al_degrader_E9,16.17,0.00083275
Al_degrader_E9,16.229999999999997,0.0006905
Al_degrader_E9,16.29,0.0005690833333333333
Al_degrader_E9,16.35,0.0004535
Al_degrader_E9,16.409999999999997,0.00037158333333333336
Al_degrader_E9,16.47,0.0002985833333333333
Al_degrader_E9,16.53,0.00023683333333333333
Al_degrader_E9,16.59,0.00019341666666666666
Al_degrader_E9,16.65,0.00014333333333333334
Al_degrader_E9,16.71,0.00011733333333333333
Al_degrader_E9,16.77,8.866666666666666e-05
Al_degrader_E9,16.83,7.025e-05
Al_degrader_E9,16.89,5.2e-05
Al_degrader_E9,16.95,3.725e-05
Al_degrader_E9,17.009999999999998,3.233333333333333e-05
Al_degrader_E9,17.07,2.1416666666666668e-05
Al_degrader_E9,17.13,1.875e-05
Al_degrader_E9,17.189999999999998,1.2e-05
Al_degrader_E9,17.25,1.0166666666666667e-05
Al_degrader_E9,17.310000000000002,7.583333333333333e-06
Al_degrader_E9,17.369999999999997,4.166666666666667e-06
Al_degrader_E9,17.43,3.833333333333334e-06
Al_degrader_E9,17.490000000000002,2e-06
Al_degrader_E9,17.549999999999997,1.916666666666667e-06
Al_degrader_E9,17.61,1.5833333333333333e-06
Al_degrader_E9,17.67,7.5e-07
Al_degrader_E9,17.729999999999997,1.1666666666666666e-06
Al_degrader_E9,17.79,1.6666666666666668e-07
Al_degrader_E9,17.85,6.666666666666667e-07
Al_degrader_E9,17.909999999999997,0.0
Al_degrader_E9,17.97,1.6666666666666668e-07
Al_degrader_E9,18.03,1.6666666666666668e-07
Al_degrader_E9,18.09,0.0
Al_degrader_E9,18.15,1.6666666666666668e-07
Al_degrader_E9,18.21,0.0
Al_degrader_E9,18.27,8.333333333333334e-08
Ni13,7.2299999999999995,2e-07
Ni13,7.289999999999999,0.0
Ni13,7.35,0.0
Ni13,7.41,2e-07
Ni13,7.47,4e-07
Ni13,7.529999999999999,0.0
Ni13,7.59,4e-07
Ni13,7.65,6e-07
Ni13,7.709999999999999,8e-07
Ni13,7.77,6e-07
Ni13,7.83,8e-07
Ni13,7.89,1.6e-06
Ni13,7.949999999999999,1e-06
Ni13,8.01,1.2e-06
Ni13,8.07,2.8e-06
Ni13,8.129999999999999,2.6e-06
Ni13,8.19,3.6e-06
Ni13,8.25,3e-06
Ni13,8.309999999999999,5.4e-06
Ni13,8.370000000000001,5e-06
Ni13,8.43,6.2e-06
Ni13,8.489999999999998,9.8e-06
Ni13,8.55,7.4e-06
Ni13,8.61,1.22e-05
Ni13,8.67,1.84e-05
Ni13,8.73,1.3e-05
Ni13,8.79,2.04e-05
Ni13,8.85,2.82e-05
Ni13,8.91,2.78e-05
Ni13,8.969999999999999,3.28e-05
Ni13,9.030000000000001,4.62e-05
Ni13,9.09,5.38e-05
Ni13,9.149999999999999,6.32e-05
Ni13,9.21,8.48e-05
Ni13,9.27,9.96e-05
Ni13,9.329999999999998,0.0001132
Ni13,9.39,0.0001404
Ni13,9.45,0.0001778
Ni13,9.51,0.0001986
Ni13,9.57,0.00025
Ni13,9.629999999999999,0.000299
Ni13,9.69,0.0003376
Ni13,9.75,0.0004104
Ni13,9.809999999999999,0.0004904
Ni13,9.870000000000001,0.0005716
Ni13,9.93,0.0006674
Ni13,9.989999999999998,0.0007728
Ni13,10.05,0.0009032
Ni13,10.11,0.0010552
Ni13,10.169999999999998,0.0012092
Ni13,10.23,0.0014224
Ni13,10.29,0.0016124
Ni13,10.35,0.0018598
Ni13,10.41,0.002141
Ni13,10.469999999999999,0.0024152
Ni13,10.53,0.0028006
Ni13,10.59,0.0031518
Ni13,10.649999999999999,0.003534
Ni13,10.71,0.0040306
Ni13,10.77,0.0044986
Ni13,10.829999999999998,0.0049982
Ni13,10.89,0.0056804
Ni13,10.95,0.0062074
Ni13,11.01,0.0068662
Ni13,11.07,0.0076962
Ni13,11.129999999999999,0.0083772
Ni13,11.19,0.009219
Ni13,11.25,0.010091
Ni13,11.309999999999999,0.0109252
Ni13,11.370000000000001,0.011957
Ni13,11.43,0.0128384
Ni13,11.489999999999998,0.0138872
Ni13,11.55,0.0148652
Ni13,11.61,0.0158076
Ni13,11.669999999999998,0.0169164
Ni13,11.73,0.0180086
Ni13,11.79,0.0189396
Ni13,11.85,0.0198948
Ni13,11.91,0.020819
Ni13,11.969999999999999,0.0217638
Ni13,12.03,0.0227032
Ni13,12.09,0.0234158
Ni13,12.149999999999999,0.024195
Ni13,12.21,0.0246864
Ni13,12.27,0.0253398
Ni13,12.329999999999998,0.0257862
Ni13,12.39,0.0261196
Ni13,12.45,0.0263058
Ni13,12.51,0.0264662
Ni13,12.57,0.0264872
Ni13,12.629999999999999,0.0263082
Ni13,12.69,0.0261234
Ni13,12.75,0.0257976
Ni13,12.809999999999999,0.0251864
Ni13,12.870000000000001,0.0247544
Ni13,12.93,0.0240074
Ni13,12.989999999999998,0.0233146
Ni13,13.05,0.0224508
Ni13,13.11,0.02157
Ni13,13.169999999999998,0.0206622
Ni13,13.23,0.019585
Ni13,13.29,0.018558
Ni13,13.35,0.0174452
Ni13,13.41,0.0163874
Ni13,13.469999999999999,0.0153072
Ni13,13.53,0.014096
Ni13,13.59,0.0130994
Ni13,13.649999999999999,0.0119288
Ni13,13.71,0.0109586
Ni13,13.77,0.0099616
Ni13,13.829999999999998,0.0089694
Ni13,13.89,0.008064
Ni13,13.95,0.0071868
Ni13,14.009999999999998,0.0064032
Ni13,14.07,0.0056698
Ni13,14.129999999999999,0.004996
Ni13,14.19,0.00437
Ni13,14.25,0.0038046
Ni13,14.309999999999999,0.0032958
Ni13,14.37,0.002822
Ni13,14.43,0.0024258
Ni13,14.489999999999998,0.0020304
Ni13,14.55,0.0017518
Ni13,14.61,0.0014496
Ni13,14.669999999999998,0.0012124
Ni13,14.73,0.0010048
Ni13,14.79,0.0008312
Ni13,14.85,0.000678
Ni13,14.91,0.0005526
Ni13,14.969999999999999,0.0004506
Ni13,15.03,0.0003582
Ni13,15.09,0.000284
Ni13,15.149999999999999,0.0002232
Ni13,15.21,0.0001832
Ni13,15.27,0.0001368
Ni13,15.329999999999998,0.0001082
Ni13,15.39,8.34e-05
Ni13,15.45,6.92e-05
Ni13,15.509999999999998,4.84e-05
Ni13,15.57,3.96e-05
Ni13,15.629999999999999,2.76e-05
Ni13,15.69,2.52e-05
Ni13,15.75,1.7e-05
Ni13,15.809999999999999,1.02e-05
Ni13,15.87,9.4e-06
Ni13,15.93,5.4e-06
Ni13,15.989999999999998,5.6e-06
Ni13,16.049999999999997,3e-06
Ni13,16.11,3.4e-06
Ni13,16.17,1.8e-06
Ni13,16.229999999999997,1.8e-06
Ni13,16.29,8e-07
Ni13,16.35,1e-06
Ni13,16.409999999999997,6e-07
Ni13,16.47,2e-07
Ni13,16.53,4e-07
Ni13,16.59,0.0
Ni13,16.65,4e-07
Ni13,16.71,0.0
Ni13,16.77,2e-07
Sn13,7.05,3.3333333333333335e-07
Sn13,7.109999999999999,3.3333333333333335e-07
Sn13,7.17,0.0
Sn13,7.2299999999999995,6.666666666666667e-07
Sn13,7.289999999999999,6.666666666666667e-07
Sn13,7.35,3.3333333333333335e-07
Sn13,7.41,6.666666666666667e-07
Sn13,7.47,1.3333333333333334e-06
Sn13,7.529999999999999,1.3333333333333334e-06
Sn13,7.59,2.333333333333333e-06
Sn13,7.65,1.3333333333333334e-06
Sn13,7.709999999999999,3e-06
Sn13,7.77,2e-06
Sn13,7.83,2.666666666666667e-06
Sn13,7.89,3.6666666666666666e-06
Sn13,7.949999999999999,5.666666666666667e-06
Sn13,8.01,7.333333333333333e-06
Sn13,8.07,6e-06
Sn13,8.129999999999999,9e-06
Sn13,8.19,1.0333333333333333e-05
Sn13,8.25,1e-05
Sn13,8.309999999999999,1.3666666666666667e-05
Sn13,8.370000000000001,1.6e-05
Sn13,8.43,2.1333333333333335e-05
Sn13,8.489999999999998,2.9333333333333333e-05
Sn13,8.55,3.0333333333333333e-05
Sn13,8.61,3.566666666666667e-05
Sn13,8.67,4.4e-05
Sn13,8.73,4.966666666666667e-05
Sn13,8.79,5.766666666666667e-05
Sn13,8.85,7.1e-05
Sn13,8.91,9.4e-05
Sn13,8.969999999999999,0.00011066666666666667
Sn13,9.030000000000001,0.00014133333333333334
Sn13,9.09,0.00017766666666666666
Sn13,9.149999999999999,0.00020133333333333334
Sn13,9.21,0.00024566666666666666
Sn13,9.27,0.00029466666666666666
Sn13,9.329999999999998,0.0003283333333333333
Sn13,9.39,0.00040833333333333336
Sn13,9.45,0.0004956666666666667
Sn13,9.51,0.0005716666666666667
Sn13,9.57,0.0006473333333333333
Sn13,9.629999999999999,0.0007623333333333333
Sn13,9.69,0.0008983333333333333
Sn13,9.75,0.0010176666666666667
Sn13,9.809999999999999,0.001204
Sn13,9.870000000000001,0.0013906666666666666
Sn13,9.93,0.0015603333333333333
Sn13,9.989999999999998,0.0018183333333333333
Sn13,10.05,0.002096
Sn13,10.11,0.0023823333333333335
Sn13,10.169999999999998,0.002752
Sn13,10.23,0.003078
Sn13,10.29,0.003526333333333333
Sn13,10.35,0.0039373333333333335
Sn13,10.41,0.004477
Sn13,10.469999999999999,0.004925333333333334
Sn13,10.53,0.005550666666666666
Sn13,10.59,0.006220666666666667
Sn13,10.649999999999999,0.006833333333333334
Sn13,10.71,0.007553333333333333
Sn13,10.77,0.008294666666666667
Sn13,10.829999999999998,0.009075333333333333
Sn13,10.89,0.009870333333333333
Sn13,10.95,0.010823333333333334
Sn13,11.01,0.011782333333333334
Sn13,11.07,0.012763333333333333
Sn13,11.129999999999999,0.013789666666666667
Sn13,11.19,0.014784333333333333
Sn13,11.25,0.015795333333333335
Sn13,11.309999999999999,0.016812333333333332
Sn13,11.370000000000001,0.017904333333333335
Sn13,11.43,0.018901666666666667
Sn13,11.489999999999998,0.01981633333333333
Sn13,11.55,0.020766666666666666
Sn13,11.61,0.0217
Sn13,11.669999999999998,0.022537333333333333
Sn13,11.73,0.023337666666666666
Sn13,11.79,0.024031666666666666
Sn13,11.85,0.024749666666666666
Sn13,11.91,0.025349666666666666
Sn13,11.969999999999999,0.025888333333333333
Sn13,12.03,0.026257333333333334
Sn13,12.09,0.026442
Sn13,12.149999999999999,0.026457
Sn13,12.21,0.026462333333333334
Sn13,12.27,0.026404666666666667
Sn13,12.329999999999998,0.026155
Sn13,12.39,0.025720666666666666
Sn13,12.45,0.025396666666666668
Sn13,12.51,0.024849333333333334
Sn13,12.57,0.024240666666666667
Sn13,12.629999999999999,0.023379
Sn13,12.69,0.022535666666666666
Sn13,12.75,0.02154266666666667
Sn13,12.809999999999999,0.020740666666666668
Sn13,12.870000000000001,0.019734
Sn13,12.93,0.018695666666666666
Sn13,12.989999999999998,0.017545333333333333
Sn13,13.05,0.016483
Sn13,13.11,0.015448
Sn13,13.169999999999998,0.014365333333333334
Sn13,13.23,0.013194
Sn13,13.29,0.01211
Sn13,13.35,0.010957
Sn13,13.41,0.009933333333333334
Sn13,13.469999999999999,0.008948333333333334
Sn13,13.53,0.008088666666666666
Sn13,13.59,0.0072573333333333335
Sn13,13.649999999999999,0.006472333333333333
Sn13,13.71,0.005716333333333334
Sn13,13.77,0.005072666666666666
Sn13,13.829999999999998,0.004415333333333334
Sn13,13.89,0.0038006666666666666
Sn13,13.95,0.0033263333333333335
Sn13,14.009999999999998,0.0028413333333333333
Sn13,14.07,0.0024376666666666665
Sn13,14.129999999999999,0.002056
Sn13,14.19,0.0017383333333333333
Sn13,14.25,0.00147
Sn13,14.309999999999999,0.0012186666666666667
Sn13,14.37,0.0009976666666666667
Sn13,14.43,0.000844
Sn13,14.489999999999998,0.0006843333333333333
Sn13,14.55,0.0005623333333333333
Sn13,14.61,0.00045266666666666665
Sn13,14.669999999999998,0.000358
Sn13,14.73,0.00028166666666666666
Sn13,14.79,0.000215
Sn13,14.85,0.00016966666666666668
Sn13,14.91,0.00014466666666666667
Sn13,14.969999999999999,0.00011066666666666667
Sn13,15.03,7.866666666666666e-05
Sn13,15.09,6.8e-05
Sn13,15.149999999999999,5.6666666666666664e-05
Sn13,15.21,4.633333333333333e-05
Sn13,15.27,2.8666666666666668e-05
Sn13,15.329999999999998,1.9333333333333333e-05
Sn13,15.39,1.4666666666666666e-05
Sn13,15.45,1.0333333333333333e-05
Sn13,15.509999999999998,7.666666666666667e-06
Sn13,15.57,6.333333333333333e-06
Sn13,15.629999999999999,5.666666666666667e-06
Sn13,15.69,4.333333333333333e-06
Sn13,15.75,3.6666666666666666e-06
Sn13,15.809999999999999,1.6666666666666667e-06
Sn13,15.87,2e-06
Sn13,15.93,6.666666666666667e-07
Sn13,15.989999999999998,6.666666666666667e-07
Sn13,16.049999999999997,3.3333333333333335e-07
Sn13,16.11,3.3333333333333335e-07
Sn13,16.17,3.3333333333333335e-07
Sn13,16.229999999999997,3.3333333333333335e-07
Sn13,16.29,3.3333333333333335e-07
Sn13,16.35,3.3333333333333335e-07
Ta13,6.39,2.5e-07
Ta13,6.449999999999999,0.0
Ta13,6.51,0.0
Ta13,6.57,5e-07
Ta13,6.63,2.5e-07
Ta13,6.6899999999999995,0.0
Ta13,6.75,5e-07
Ta13,6.81,5e-07
Ta13,6.869999999999999,1.25e-06
Ta13,6.93,2.5e-07
Ta13,6.99,1.25e-06
Ta13,7.05,1.25e-06
Ta13,7.109999999999999,1.75e-06
Ta13,7.17,7.5e-07
Ta13,7.2299999999999995,1.5e-06
Ta13,7.289999999999999,4.75e-06
Ta13,7.35,2.75e-06
Ta13,7.41,3e-06
Ta13,7.47,4.25e-06
Ta13,7.529999999999999,6e-06
Ta13,7.59,5.25e-06
Ta13,7.65,7.25e-06
Ta13,7.709999999999999,1.025e-05
Ta13,7.77,9e-06
Ta13,7.83,1.175e-05
Ta13,7.89,1.775e-05
Ta13,7.949999999999999,1.725e-05
Ta13,8.01,2.15e-05
Ta13,8.07,2.525e-05
Ta13,8.129999999999999,3.075e-05
Ta13,8.19,3.4e-05
Ta13,8.25,3.925e-05
Ta13,8.309999999999999,5.775e-05
Ta13,8.370000000000001,6.475e-05
Ta13,8.43,7.175e-05
Ta13,8.489999999999998,9.725e-05
Ta13,8.55,0.000115
Ta13,8.61,0.00012825
Ta13,8.67,0.0001525
Ta13,8.73,0.00019825
Ta13,8.79,0.00021475
Ta13,8.85,0.00027475
Ta13,8.91,0.0003245
Ta13,8.969999999999999,0.00036
Ta13,9.030000000000001,0.0004325
Ta13,9.09,0.00052025
Ta13,9.149999999999999,0.00058025
Ta13,9.21,0.00067925
Ta13,9.27,0.00080925
Ta13,9.329999999999998,0.00091325
Ta13,9.39,0.00106175
Ta13,9.45,0.00120475
Ta13,9.51,0.001394
Ta13,9.57,0.0016105
Ta13,9.629999999999999,0.001794
Ta13,9.69,0.002097
Ta13,9.75,0.0023715
Ta13,9.809999999999999,0.00265725
Ta13,9.870000000000001,0.00302325
Ta13,9.93,0.00342575
Ta13,9.989999999999998,0.00378875
Ta13,10.05,0.004268
Ta13,10.11,0.0048185
Ta13,10.169999999999998,0.005281
Ta13,10.23,0.00586425
Ta13,10.29,0.00648575
Ta13,10.35,0.00706025
Ta13,10.41,0.007888
Ta13,10.469999999999999,0.00856575
Ta13,10.53,0.00934025
Ta13,10.59,0.01023725
Ta13,10.649999999999999,0.01101225
Ta13,10.71,0.01194325
Ta13,10.77,0.0128475
Ta13,10.829999999999998,0.01373575
Ta13,10.89,0.014738
Ta13,10.95,0.0157555
Ta13,11.01,0.01664025
Ta13,11.07,0.01761325
Ta13,11.129999999999999,0.0186125
Ta13,11.19,0.01944875
Ta13,11.25,0.020344
Ta13,11.309999999999999,0.021131
Ta13,11.370000000000001,0.02201725
Ta13,11.43,0.022819
Ta13,11.489999999999998,0.023392
Ta13,11.55,0.02408075
Ta13,11.61,0.02453
Ta13,11.669999999999998,0.024928
Ta13,11.73,0.025359
Ta13,11.79,0.025564
Ta13,11.85,0.0256625
Ta13,11.91,0.02564775
Ta13,11.969999999999999,0.02563025
Ta13,12.03,0.0254665
Ta13,12.09,0.02507025
Ta13,12.149999999999999,0.02468625
Ta13,12.21,0.02409525
Ta13,12.27,0.02360675
Ta13,12.329999999999998,0.0229815
Ta13,12.39,0.0221015
Ta13,12.45,0.02137475
Ta13,12.51,0.0204395
Ta13,12.57,0.01950475
Ta13,12.629999999999999,0.018596
Ta13,12.69,0.01754825
Ta13,12.75,0.01652
Ta13,12.809999999999999,0.01553675
Ta13,12.870000000000001,0.014451
Ta13,12.93,0.01340775
Ta13,12.989999999999998,0.012309
Ta13,13.05,0.0113555
Ta13,13.11,0.01035525
Ta13,13.169999999999998,0.00942375
Ta13,13.23,0.00854125
Ta13,13.29,0.00762375
Ta13,13.35,0.00686825
Ta13,13.41,0.00612275
Ta13,13.469999999999999,0.00542425
Ta13,13.53,0.0048265
Ta13,13.59,0.00419275
Ta13,13.649999999999999,0.0036835
Ta13,13.71,0.00319825
Ta13,13.77,0.00274225
Ta13,13.829999999999998,0.00235675
Ta13,13.89,0.001999
Ta13,13.95,0.001716
Ta13,14.009999999999998,0.0014345
Ta13,14.07,0.00120775
Ta13,14.129999999999999,0.00100225
Ta13,14.19,0.00084575
Ta13,14.25,0.0006825
Ta13,14.309999999999999,0.000557
Ta13,14.37,0.00045775
Ta13,14.43,0.00037325
Ta13,14.489999999999998,0.0002955
Ta13,14.55,0.00023725
Ta13,14.61,0.0001825
Ta13,14.669999999999998,0.00014875
Ta13,14.73,0.00011225
Ta13,14.79,8.9e-05
Ta13,14.85,7.575e-05
Ta13,14.91,5.35e-05
Ta13,14.969999999999999,4.625e-05
Ta13,15.03,2.975e-05
Ta13,15.09,2.775e-05
Ta13,15.149999999999999,1.95e-05
Ta13,15.21,1.2e-05
Ta13,15.27,1.05e-05
Ta13,15.329999999999998,7e-06
Ta13,15.39,5.5e-06
Ta13,15.45,4.25e-06
Ta13,15.509999999999998,3.5e-06
Ta13,15.57,2e-06
Ta13,15.629999999999999,2.75e-06
Ta13,15.69,5e-07
Ta13,15.75,1.5e-06
Ta13,15.809999999999999,5e-07
Ta13,15.87,5e-07
Ta13,15.93,5e-07
Ta13,15.989999999999998,0.0
Ta13,16.049999999999997,2.5e-07
Ta13,16.11,2.5e-07
Ta13,16.17,0.0
Ta13,16.229999999999997,2.5e-07
Cu13,5.49,2e-07
Cu13,5.55,0.0
Cu13,5.609999999999999,0.0
Cu13,5.67,2e-07
Cu13,5.73,2e-07
Cu13,5.789999999999999,2e-07
Cu13,5.85,0.0
Cu13,5.91,4e-07
Cu13,5.97,4e-07
Cu13,6.029999999999999,8e-07
Cu13,6.09,4e-07
Cu13,6.15,8e-07
Cu13,6.21,8e-07
Cu13,6.27,1.2e-06
Cu13,6.33,1e-06
Cu13,6.39,1.2e-06
Cu13,6.449999999999999,2e-06
Cu13,6.51,2.8e-06
Cu13,6.57,2e-06
Cu13,6.63,3.4e-06
Cu13,6.6899999999999995,3e-06
Cu13,6.75,4.6e-06
Cu13,6.81,3.8e-06
Cu13,6.869999999999999,6e-06
Cu13,6.93,7.2e-06
Cu13,6.99,7.6e-06
Cu13,7.05,8.8e-06
Cu13,7.109999999999999,1.16e-05
Cu13,7.17,1.48e-05
Cu13,7.2299999999999995,1.5e-05
Cu13,7.289999999999999,1.86e-05
Cu13,7.35,2.3e-05
Cu13,7.41,2.42e-05
Cu13,7.47,2.92e-05
Cu13,7.529999999999999,3.28e-05
Cu13,7.59,4.44e-05
Cu13,7.65,5.1e-05
Cu13,7.709999999999999,5.94e-05
Cu13,7.77,7.46e-05
Cu13,7.83,9e-05
Cu13,7.89,9.96e-05
Cu13,7.949999999999999,0.0001244
Cu13,8.01,0.0001452
Cu13,8.07,0.0001626
Cu13,8.129999999999999,0.0002068
Cu13,8.19,0.0002402
Cu13,8.25,0.0002704
Cu13,8.309999999999999,0.0003286
Cu13,8.370000000000001,0.0003772
Cu13,8.43,0.0004348
Cu13,8.489999999999998,0.0005114
Cu13,8.55,0.0005828
Cu13,8.61,0.0006774
Cu13,8.67,0.0007756
Cu13,8.73,0.000895
Cu13,8.79,0.0010124
Cu13,8.85,0.0011562
Cu13,8.91,0.0013438
Cu13,8.969999999999999,0.001496
Cu13,9.030000000000001,0.0017198
Cu13,9.09,0.0019568
Cu13,9.149999999999999,0.0021794
Cu13,9.21,0.0024986
Cu13,9.27,0.0027846
Cu13,9.329999999999998,0.003114
Cu13,9.39,0.0034798
Cu13,9.45,0.0038982
Cu13,9.51,0.0043552
Cu13,9.57,0.0047976
Cu13,9.629999999999999,0.0053362
Cu13,9.69,0.0058018
Cu13,9.75,0.0064134
Cu13,9.809999999999999,0.0070872
Cu13,9.870000000000001,0.0076858
Cu13,9.93,0.0084178
Cu13,9.989999999999998,0.009096
Cu13,10.05,0.0099074
Cu13,10.11,0.0107398
Cu13,10.169999999999998,0.0115326
Cu13,10.23,0.0123158
Cu13,10.29,0.0132502
Cu13,10.35,0.0141466
Cu13,10.41,0.0149958
Cu13,10.469999999999999,0.0159066
Cu13,10.53,0.0169104
Cu13,10.59,0.017645
Cu13,10.649999999999999,0.0185166
Cu13,10.71,0.0193954
Cu13,10.77,0.0201332
Cu13,10.829999999999998,0.0210238
Cu13,10.89,0.0216182
Cu13,10.95,0.022422
Cu13,11.01,0.0228976
Cu13,11.07,0.0234594
Cu13,11.129999999999999,0.0238924
Cu13,11.19,0.024263
Cu13,11.25,0.0245988
Cu13,11.309999999999999,0.0246906
Cu13,11.370000000000001,0.0248676
Cu13,11.43,0.0248252
Cu13,11.489999999999998,0.024759
Cu13,11.55,0.0245058
Cu13,11.61,0.0242
Cu13,11.669999999999998,0.0237328
Cu13,11.73,0.0233694
Cu13,11.79,0.022732
Cu13,11.85,0.0222312
Cu13,11.91,0.0213774
Cu13,11.969999999999999,0.0206596
Cu13,12.03,0.0198816
Cu13,12.09,0.0189656
Cu13,12.149999999999999,0.0180714
Cu13,12.21,0.0171322
Cu13,12.27,0.0161796
Cu13,12.329999999999998,0.0151748
Cu13,12.39,0.014262
Cu13,12.45,0.0131622
Cu13,12.51,0.0122434
Cu13,12.57,0.0112816
Cu13,12.629999999999999,0.0103634
Cu13,12.69,0.0094202
Cu13,12.75,0.0086366
Cu13,12.809999999999999,0.0077374
Cu13,12.870000000000001,0.0069974
Cu13,12.93,0.0062596
Cu13,12.989999999999998,0.0055648
Cu13,13.05,0.004976
Cu13,13.11,0.0043888
Cu13,13.169999999999998,0.0038556
Cu13,13.23,0.0033662
Cu13,13.29,0.0029388
Cu13,13.35,0.0025184
Cu13,13.41,0.0021716
Cu13,13.469999999999999,0.001863
Cu13,13.53,0.0015812
Cu13,13.59,0.0013338
Cu13,13.649999999999999,0.0011206
Cu13,13.71,0.000942
Cu13,13.77,0.0007878
Cu13,13.829999999999998,0.0006392
Cu13,13.89,0.0005296
Cu13,13.95,0.0004352
Cu13,14.009999999999998,0.0003528
Cu13,14.07,0.0002812
Cu13,14.129999999999999,0.0002236
Cu13,14.19,0.0001818
Cu13,14.25,0.0001434
Cu13,14.309999999999999,0.0001096
Cu13,14.37,9.28e-05
Cu13,14.43,6.78e-05
Cu13,14.489999999999998,5.82e-05
Cu13,14.55,4e-05
Cu13,14.61,3.32e-05
Cu13,14.669999999999998,2.64e-05
Cu13,14.73,2.04e-05
Cu13,14.79,1.44e-05
Cu13,14.85,9.6e-06
Cu13,14.91,8.6e-06
Cu13,14.969999999999999,5.4e-06
Cu13,15.03,5e-06
Cu13,15.09,2.4e-06
Cu13,15.149999999999999,3.2e-06
Cu13,15.21,1.6e-06
Cu13,15.27,2e-06
Cu13,15.329999999999998,8e-07
Cu13,15.39,1e-06
Cu13,15.45,4e-07
Cu13,15.509999999999998,4e-07
Cu13,15.57,2e-07
Cu13,15.629999999999999,2e-07
Cu13,15.69,2e-07
Cu13,15.75,2e-07
Cu13,15.809999999999999,2e-07
Al_degrader_E10,0.03,3e-07
Al_degrader_E10,0.09,5e-08
Al_degrader_E10,0.15,0.0
Al_degrader_E10,0.21,0.0
Al_degrader_E10,0.27,0.0
Al_degrader_E10,0.32999999999999996,0.0
Al_degrader_E10,0.39,5e-08
Al_degrader_E10,0.44999999999999996,0.0
Al_degrader_E10,0.51,0.0
Al_degrader_E10,0.5700000000000001,0.0
Al_degrader_E10,0.6299999999999999,0.0
Al_degrader_E10,0.69,5e-08
Al_degrader_E10,0.75,5e-08
Al_degrader_E10,0.81,1e-07
Al_degrader_E10,0.8699999999999999,1.5e-07
Al_degrader_E10,0.9299999999999999,0.0
Al_degrader_E10,0.99,5e-08
Al_degrader_E10,1.05,5e-08
Al_degrader_E10,1.1099999999999999,5e-08
Al_degrader_E10,1.17,5e-08
Al_degrader_E10,1.23,0.0
Al_degrader_E10,1.29,1e-07
Al_degrader_E10,1.3499999999999999,1e-07
Al_degrader_E10,1.41,1.5e-07
Al_degrader_E10,1.47,1e-07
Al_degrader_E10,1.53,1e-07
Al_degrader_E10,1.5899999999999999,1e-07
Al_degrader_E10,1.65,1e-07
Al_degrader_E10,1.71,1e-07
Al_degrader_E10,1.77,1.5e-07
Al_degrader_E10,1.8299999999999998,2e-07
Al_degrader_E10,1.89,2e-07
Al_degrader_E10,1.95,1.5e-07
Al_degrader_E10,2.01,1.5e-07
Al_degrader_E10,2.0700000000000003,3.5e-07
Al_degrader_E10,2.13,2e-07
Al_degrader_E10,2.19,5e-07
Al_degrader_E10,2.25,3e-07
Al_degrader_E10,2.3099999999999996,4e-07
Al_degrader_E10,2.37,3.5e-07
Al_degrader_E10,2.4299999999999997,6e-07
Al_degrader_E10,2.49,3.5e-07
Al_degrader_E10,2.55,6.5e-07
Al_degrader_E10,2.61,5.5e-07
Al_degrader_E10,2.67,6.5e-07
Al_degrader_E10,2.7299999999999995,7e-07
Al_degrader_E10,2.79,8e-07
Al_degrader_E10,2.8499999999999996,7.5e-07
Al_degrader_E10,2.91,9.5e-07
Al_degrader_E10,2.9699999999999998,1.3e-06
Al_degrader_E10,3.0300000000000002,1.05e-06
Al_degrader_E10,3.09,1.5e-06
Al_degrader_E10,3.15,1.1e-06
Al_degrader_E10,3.21,1.9e-06
Al_degrader_E10,3.2699999999999996,1.8e-06
Al_degrader_E10,3.33,2.55e-06
Al_degrader_E10,3.3899999999999997,2.05e-06
Al_degrader_E10,3.45,2.55e-06
Al_degrader_E10,3.51,2.85e-06
Al_degrader_E10,3.57,2.85e-06
Al_degrader_E10,3.63,4.3e-06
Al_degrader_E10,3.6899999999999995,3.35e-06
Al_degrader_E10,3.75,4.1e-06
Al_degrader_E10,3.8099999999999996,4.85e-06
Al_degrader_E10,3.87,6.45e-06
Al_degrader_E10,3.9299999999999997,5.4e-06
Al_degrader_E10,3.9899999999999998,5.75e-06
Al_degrader_E10,4.05,7.3e-06
Al_degrader_E10,4.109999999999999,1.03e-05
Al_degrader_E10,4.17,9.25e-06
Al_degrader_E10,4.23,1.015e-05
Al_degrader_E10,4.29,1.205e-05
Al_degrader_E10,4.35,1.565e-05
Al_degrader_E10,4.41,1.585e-05
Al_degrader_E10,4.47,1.71e-05
Al_degrader_E10,4.529999999999999,2.08e-05
Al_degrader_E10,4.59,2.285e-05
Al_degrader_E10,4.65,2.61e-05
Al_degrader_E10,4.71,2.75e-05
Al_degrader_E10,4.77,3.485e-05
Al_degrader_E10,4.83,3.485e-05
Al_degrader_E10,4.89,4.05e-05
Al_degrader_E10,4.949999999999999,4.86e-05
Al_degrader_E10,5.01,5.435e-05
Al_degrader_E10,5.07,5.78e-05
Al_degrader_E10,5.13,6.615e-05
Al_degrader_E10,5.1899999999999995,7.695e-05
Al_degrader_E10,5.25,8.135e-05
Al_degrader_E10,5.31,9.08e-05
Al_degrader_E10,5.369999999999999,0.0001113
Al_degrader_E10,5.43,0.00011315
Al_degrader_E10,5.49,0.00013095
Al_degrader_E10,5.55,0.0001488
Al_degrader_E10,5.609999999999999,0.0001615
Al_degrader_E10,5.67,0.0001829
Al_degrader_E10,5.73,0.0002043
Al_degrader_E10,5.789999999999999,0.0002276
Al_degrader_E10,5.85,0.00025075
Al_degrader_E10,5.91,0.00027765
Al_degrader_E10,5.97,0.0003161
Al_degrader_E10,6.029999999999999,0.00034795
Al_degrader_E10,6.09,0.00038435
Al_degrader_E10,6.15,0.0004291
Al_degrader_E10,6.21,0.00047665
Al_degrader_E10,6.27,0.0005257
Al_degrader_E10,6.33,0.00058565
Al_degrader_E10,6.39,0.0006435
Al_degrader_E10,6.449999999999999,0.000708
Al_degrader_E10,6.51,0.00078885
Al_degrader_E10,6.57,0.0008625
Al_degrader_E10,6.63,0.00094385
Al_degrader_E10,6.6899999999999995,0.0010447
Al_degrader_E10,6.75,0.00114845
Al_degrader_E10,6.81,0.0012516
Al_degrader_E10,6.869999999999999,0.00138345
Al_degrader_E10,6.93,0.00149505
Al_degrader_E10,6.99,0.00165425
Al_degrader_E10,7.05,0.0017872
Al_degrader_E10,7.109999999999999,0.0019452
Al_degrader_E10,7.17,0.00212195
Al_degrader_E10,7.2299999999999995,0.0023025
Al_degrader_E10,7.289999999999999,0.00250755
Al_degrader_E10,7.35,0.0027102
Al_degrader_E10,7.41,0.002942
Al_degrader_E10,7.47,0.0031817
Al_degrader_E10,7.529999999999999,0.00341705
Al_degrader_E10,7.59,0.0037009
Al_degrader_E10,7.65,0.0039674
Al_degrader_E10,7.709999999999999,0.0042831
Al_degrader_E10,7.77,0.00458885
Al_degrader_E10,7.83,0.00489175
Al_degrader_E10,7.89,0.00527395
Al_degrader_E10,7.949999999999999,0.00558465
Al_degrader_E10,8.01,0.00599495
Al_degrader_E10,8.07,0.00635695
Al_degrader_E10,8.129999999999999,0.0067484
Al_degrader_E10,8.19,0.00718135
Al_degrader_E10,8.25,0.00757335
Al_degrader_E10,8.309999999999999,0.00802645
Al_degrader_E10,8.370000000000001,0.0084654
Al_degrader_E10,8.43,0.00895575
Al_degrader_E10,8.489999999999998,0.0093855
Al_degrader_E10,8.55,0.00987095
Al_degrader_E10,8.61,0.01035815
Al_degrader_E10,8.67,0.0108345
Al_degrader_E10,8.73,0.01131725
Al_degrader_E10,8.79,0.01181125
Al_degrader_E10,8.85,0.012292
Al_degrader_E10,8.91,0.0127754
Al_degrader_E10,8.969999999999999,0.0132762
Al_degrader_E10,9.030000000000001,0.0137198
Al_degrader_E10,9.09,0.0141856
Al_degrader_E10,9.149999999999999,0.01464415
Al_degrader_E10,9.21,0.01509765
Al_degrader_E10,9.27,0.0155041
Al_degrader_E10,9.329999999999998,0.01591805
Al_degrader_E10,9.39,0.0163168
Al_degrader_E10,9.45,0.0166468
Al_degrader_E10,9.51,0.01703055
Al_degrader_E10,9.57,0.017296
Al_degrader_E10,9.629999999999999,0.0176275
Al_degrader_E10,9.69,0.01786085
Al_degrader_E10,9.75,0.0181054
Al_degrader_E10,9.809999999999999,0.0182852
Al_degrader_E10,9.870000000000001,0.0184576
Al_degrader_E10,9.93,0.01857975
Al_degrader_E10,9.989999999999998,0.01865265
Al_degrader_E10,10.05,0.01871005
Al_degrader_E10,10.11,0.01871575
Al_degrader_E10,10.169999999999998,0.01866825
Al_degrader_E10,10.23,0.01860305
Al_degrader_E10,10.29,0.01848015
Al_degrader_E10,10.35,0.01830995
Al_degrader_E10,10.41,0.01812765
Al_degrader_E10,10.469999999999999,0.0178623
Al_degrader_E10,10.53,0.0176206
Al_degrader_E10,10.59,0.0172699
Al_degrader_E10,10.649999999999999,0.0169486
Al_degrader_E10,10.71,0.01654355
Al_degrader_E10,10.77,0.01615505
Al_degrader_E10,10.829999999999998,0.01569485
Al_degrader_E10,10.89,0.01521045
Al_degrader_E10,10.95,0.0146916
Al_degrader_E10,11.01,0.01418405
Al_degrader_E10,11.07,0.0136287
Al_degrader_E10,11.129999999999999,0.01306875
Al_degrader_E10,11.19,0.0125171
Al_degrader_E10,11.25,0.01190175
Al_degrader_E10,11.309999999999999,0.01134735
Al_degrader_E10,11.370000000000001,0.01070385
Al_degrader_E10,11.43,0.010161
Al_degrader_E10,11.489999999999998,0.0095348
Al_degrader_E10,11.55,0.0089675
Al_degrader_E10,11.61,0.0083631
Al_degrader_E10,11.669999999999998,0.00779115
Al_degrader_E10,11.73,0.00725185
Al_degrader_E10,11.79,0.0067193
Al_degrader_E10,11.85,0.0062301
Al_degrader_E10,11.91,0.005667
Al_degrader_E10,11.969999999999999,0.00522825
Al_degrader_E10,12.03,0.00474335
Al_degrader_E10,12.09,0.0043285
Al_degrader_E10,12.149999999999999,0.0039032
Al_degrader_E10,12.21,0.0035212
Al_degrader_E10,12.27,0.0031721
Al_degrader_E10,12.329999999999998,0.0028085
Al_degrader_E10,12.39,0.00252365
Al_degrader_E10,12.45,0.0022224
Al_degrader_E10,12.51,0.0019686
Al_degrader_E10,12.57,0.0017426
Al_degrader_E10,12.629999999999999,0.00151845
Al_degrader_E10,12.69,0.0013232
Al_degrader_E10,12.75,0.00115535
Al_degrader_E10,12.809999999999999,0.00098905
Al_degrader_E10,12.870000000000001,0.00085125
Al_degrader_E10,12.93,0.0007278
Al_degrader_E10,12.989999999999998,0.0006199
Al_degrader_E10,13.05,0.0005281
Al_degrader_E10,13.11,0.00043915
Al_degrader_E10,13.169999999999998,0.00037205
Al_degrader_E10,13.23,0.0003098
Al_degrader_E10,13.29,0.0002563
Al_degrader_E10,13.35,0.0002142
Al_degrader_E10,13.41,0.00017335
Al_degrader_E10,13.469999999999999,0.00014245
Al_degrader_E10,13.53,0.00011785
Al_degrader_E10,13.59,9.145e-05
Al_degrader_E10,13.649999999999999,7.695e-05
Al_degrader_E10,13.71,5.975e-05
Al_degrader_E10,13.77,4.76e-05
Al_degrader_E10,13.829999999999998,3.62e-05
Al_degrader_E10,13.89,3.025e-05
Al_degrader_E10,13.95,2.44e-05
Al_degrader_E10,14.009999999999998,1.735e-05
Al_degrader_E10,14.07,1.515e-05
Al_degrader_E10,14.129999999999999,1.1e-05
Al_degrader_E10,14.19,8.45e-06
Al_degrader_E10,14.25,8.05e-06
Al_degrader_E10,14.309999999999999,4.65e-06
Al_degrader_E10,14.37,3.4e-06
Al_degrader_E10,14.43,3.1e-06
Al_degrader_E10,14.489999999999998,1.75e-06
Al_degrader_E10,14.55,1.55e-06
Al_degrader_E10,14.61,1.35e-06
Al_degrader_E10,14.669999999999998,8e-07
Al_degrader_E10,14.73,8e-07
Al_degrader_E10,14.79,6.5e-07
Al_degrader_E10,14.85,3e-07
Al_degrader_E10,14.91,3e-07
Al_degrader_E10,14.969999999999999,2e-07
Al_degrader_E10,15.03,1e-07
Al_degrader_E10,15.09,1e-07
Al_degrader_E10,15.149999999999999,1e-07
Al_degrader_E10,15.21,5e-08
Al_degrader_E10,15.27,5e-08
Al_degrader_E10,15.329999999999998,5e-08
Al_degrader_E10,15.39,5e-08
Ni14,0.03,1.9777777777777778e-05
Ni14,0.09,1.3333333333333334e-06
Ni14,0.15,1.4444444444444445e-06
Ni14,0.21,6.666666666666667e-07
Ni14,0.27,5.555555555555555e-07
Ni14,0.32999999999999996,7.777777777777778e-07
Ni14,0.39,6.666666666666667e-07
Ni14,0.44999999999999996,7.777777777777778e-07
Ni14,0.51,8.888888888888889e-07
Ni14,0.5700000000000001,1e-06
Ni14,0.6299999999999999,1.2222222222222221e-06
Ni14,0.69,1.4444444444444445e-06
Ni14,0.75,8.888888888888889e-07
Ni14,0.81,1e-06
Ni14,0.8699999999999999,1.8888888888888888e-06
Ni14,0.9299999999999999,1.6666666666666667e-06
Ni14,0.99,1.5555555555555556e-06
Ni14,1.05,1.8888888888888888e-06
Ni14,1.1099999999999999,2.333333333333333e-06
Ni14,1.17,1.8888888888888888e-06
Ni14,1.23,2.222222222222222e-06
Ni14,1.29,2.333333333333333e-06
Ni14,1.3499999999999999,2.777777777777778e-06
Ni14,1.41,3.6666666666666666e-06
Ni14,1.47,2.666666666666667e-06
Ni14,1.53,3.3333333333333333e-06
Ni14,1.5899999999999999,3.7777777777777777e-06
Ni14,1.65,5.1111111111111115e-06
Ni14,1.71,5.2222222222222226e-06
Ni14,1.77,4.555555555555555e-06
Ni14,1.8299999999999998,5.1111111111111115e-06
Ni14,1.89,6.222222222222222e-06
Ni14,1.95,7.111111111111111e-06
Ni14,2.01,6.777777777777778e-06
Ni14,2.0700000000000003,6.4444444444444445e-06
Ni14,2.13,8.333333333333334e-06
Ni14,2.19,9.777777777777777e-06
Ni14,2.25,8.777777777777778e-06
Ni14,2.3099999999999996,1.0555555555555555e-05
Ni14,2.37,1.1333333333333334e-05
Ni14,2.4299999999999997,1.2888888888888889e-05
Ni14,2.49,1.2777777777777777e-05
Ni14,2.55,1.4444444444444444e-05
Ni14,2.61,1.5e-05
Ni14,2.67,1.788888888888889e-05
Ni14,2.7299999999999995,1.922222222222222e-05
Ni14,2.79,2.3e-05
Ni14,2.8499999999999996,2.2888888888888888e-05
Ni14,2.91,2.688888888888889e-05
Ni14,2.9699999999999998,3.1e-05
Ni14,3.0300000000000002,3.355555555555556e-05
Ni14,3.09,3.566666666666667e-05
Ni14,3.15,4.088888888888889e-05
Ni14,3.21,4.688888888888889e-05
Ni14,3.2699999999999996,4.933333333333333e-05
Ni14,3.33,5.277777777777778e-05
Ni14,3.3899999999999997,6.266666666666667e-05
Ni14,3.45,6.477777777777778e-05
Ni14,3.51,7.277777777777778e-05
Ni14,3.57,8.144444444444444e-05
Ni14,3.63,8.866666666666666e-05
Ni14,3.6899999999999995,9.977777777777777e-05
Ni14,3.75,0.00011322222222222223
Ni14,3.8099999999999996,0.00012277777777777778
Ni14,3.87,0.00013822222222222222
Ni14,3.9299999999999997,0.00015188888888888888
Ni14,3.9899999999999998,0.0001638888888888889
Ni14,4.05,0.000185
Ni14,4.109999999999999,0.00019766666666666666
Ni14,4.17,0.0002241111111111111
Ni14,4.23,0.00025044444444444447
Ni14,4.29,0.00026544444444444445
Ni14,4.35,0.0003048888888888889
Ni14,4.41,0.00032655555555555557
Ni14,4.47,0.00035777777777777777
Ni14,4.529999999999999,0.0004037777777777778
Ni14,4.59,0.0004225555555555556
Ni14,4.65,0.00048633333333333335
Ni14,4.71,0.0005225555555555555
Ni14,4.77,0.0005776666666666666
Ni14,4.83,0.0006381111111111111
Ni14,4.89,0.0006805555555555556
Ni14,4.949999999999999,0.0007667777777777778
Ni14,5.01,0.0008298888888888889
Ni14,5.07,0.000913
Ni14,5.13,0.0009964444444444445
Ni14,5.1899999999999995,0.0010995555555555557
Ni14,5.25,0.0011906666666666667
Ni14,5.31,0.0013072222222222222
Ni14,5.369999999999999,0.0014318888888888888
Ni14,5.43,0.0015505555555555555
Ni14,5.49,0.001682
Ni14,5.55,0.001845
Ni14,5.609999999999999,0.001994111111111111
Ni14,5.67,0.0021605555555555558
Ni14,5.73,0.0023576666666666668
Ni14,5.789999999999999,0.002548222222222222
Ni14,5.85,0.002784777777777778
Ni14,5.91,0.002982
Ni14,5.97,0.003255888888888889
Ni14,6.029999999999999,0.003475888888888889
Ni14,6.09,0.0037985555555555555
Ni14,6.15,0.004006888888888889
Ni14,6.21,0.004371
Ni14,6.27,0.004638777777777778
Ni14,6.33,0.005013
Ni14,6.39,0.005356777777777778
Ni14,6.449999999999999,0.0057346666666666666
Ni14,6.51,0.006115888888888889
Ni14,6.57,0.006536555555555556
Ni14,6.63,0.006946444444444444
Ni14,6.6899999999999995,0.0074032222222222225
Ni14,6.75,0.007876555555555555
Ni14,6.81,0.008332555555555555
Ni14,6.869999999999999,0.008830111111111111
Ni14,6.93,0.009305333333333334
Ni14,6.99,0.009851777777777777
Ni14,7.05,0.010401222222222221
Ni14,7.109999999999999,0.010871
Ni14,7.17,0.011440111111111111
Ni14,7.2299999999999995,0.011993
Ni14,7.289999999999999,0.012581333333333333
Ni14,7.35,0.013061666666666666
Ni14,7.41,0.013645111111111111
Ni14,7.47,0.014164444444444445
Ni14,7.529999999999999,0.014668222222222221
Ni14,7.59,0.015238
Ni14,7.65,0.01568122222222222
Ni14,7.709999999999999,0.016282777777777778
Ni14,7.77,0.016693666666666666
Ni14,7.83,0.017148555555555556
Ni14,7.89,0.01758588888888889
Ni14,7.949999999999999,0.01794711111111111
Ni14,8.01,0.018391777777777778
Ni14,8.07,0.018631555555555554
Ni14,8.129999999999999,0.018986666666666666
Ni14,8.19,0.019177333333333334
Ni14,8.25,0.01937877777777778
Ni14,8.309999999999999,0.019626
Ni14,8.370000000000001,0.019644333333333333
Ni14,8.43,0.019776666666666668
Ni14,8.489999999999998,0.019809444444444445
Ni14,8.55,0.019700222222222223
Ni14,8.61,0.01969777777777778
Ni14,8.67,0.019499333333333334
Ni14,8.73,0.019284444444444444
Ni14,8.79,0.019085777777777778
Ni14,8.85,0.018767333333333334
Ni14,8.91,0.018470888888888887
Ni14,8.969999999999999,0.018117444444444443
Ni14,9.030000000000001,0.01768
Ni14,9.09,0.017248777777777776
Ni14,9.149999999999999,0.016770444444444445
Ni14,9.21,0.016223444444444443
Ni14,9.27,0.01567688888888889
Ni14,9.329999999999998,0.015134444444444445
Ni14,9.39,0.014532222222222222
Ni14,9.45,0.013901333333333333
Ni14,9.51,0.013261888888888889
Ni14,9.57,0.012697222222222223
Ni14,9.629999999999999,0.01199811111111111
Ni14,9.69,0.011313666666666666
Ni14,9.75,0.010676888888888889
Ni14,9.809999999999999,0.010022888888888888
Ni14,9.870000000000001,0.009379444444444444
Ni14,9.93,0.008775555555555556
Ni14,9.989999999999998,0.008135666666666666
Ni14,10.05,0.007518555555555555
Ni14,10.11,0.006961
Ni14,10.169999999999998,0.006396777777777778
Ni14,10.23,0.005849666666666667
Ni14,10.29,0.005339666666666667
Ni14,10.35,0.004875222222222223
Ni14,10.41,0.004428111111111111
Ni14,10.469999999999999,0.004013111111111111
Ni14,10.53,0.0036043333333333335
Ni14,10.59,0.0032286666666666666
Ni14,10.649999999999999,0.0029
Ni14,10.71,0.002576888888888889
Ni14,10.77,0.002271777777777778
Ni14,10.829999999999998,0.0020013333333333333
Ni14,10.89,0.0017694444444444444
Ni14,10.95,0.0015494444444444444
Ni14,11.01,0.0013512222222222222
Ni14,11.07,0.0011654444444444444
Ni14,11.129999999999999,0.0010001111111111111
Ni14,11.19,0.0008737777777777778
Ni14,11.25,0.0007534444444444445
Ni14,11.309999999999999,0.0006386666666666666
Ni14,11.370000000000001,0.0005382222222222223
Ni14,11.43,0.0004501111111111111
Ni14,11.489999999999998,0.0003846666666666667
Ni14,11.55,0.00032166666666666666
Ni14,11.61,0.00027277777777777776
Ni14,11.669999999999998,0.00021822222222222222
Ni14,11.73,0.00018066666666666668
Ni14,11.79,0.00015277777777777777
Ni14,11.85,0.00012144444444444445
Ni14,11.91,9.933333333333334e-05
Ni14,11.969999999999999,8.044444444444444e-05
Ni14,12.03,6.788888888888888e-05
Ni14,12.09,5.3222222222222225e-05
Ni14,12.149999999999999,4.4111111111111114e-05
Ni14,12.21,3.3444444444444443e-05
Ni14,12.27,2.7555555555555555e-05
Ni14,12.329999999999998,2.3111111111111112e-05
Ni14,12.39,1.9333333333333333e-05
Ni14,12.45,1.3e-05
Ni14,12.51,9.444444444444445e-06
Ni14,12.57,7.777777777777777e-06
Ni14,12.629999999999999,6.222222222222222e-06
Ni14,12.69,4.333333333333333e-06
Ni14,12.75,3.7777777777777777e-06
Ni14,12.809999999999999,3e-06
Ni14,12.870000000000001,2.4444444444444442e-06
Ni14,12.93,2.111111111111111e-06
Ni14,12.989999999999998,1.4444444444444445e-06
Ni14,13.05,1e-06
Ni14,13.11,7.777777777777778e-07
Ni14,13.169999999999998,4.4444444444444444e-07
Ni14,13.23,4.4444444444444444e-07
Ni14,13.29,4.4444444444444444e-07
Ni14,13.35,2.2222222222222222e-07
Ni14,13.41,2.2222222222222222e-07
Ni14,13.469999999999999,2.2222222222222222e-07
Ni14,13.53,1.1111111111111111e-07
Ni14,13.59,1.1111111111111111e-07
Ni14,13.649999999999999,1.1111111111111111e-07
Sn14,0.03,6.766666666666667e-05
Sn14,0.09,1.6666666666666667e-06
Sn14,0.15,3.3333333333333333e-06
Sn14,0.21,3e-06
Sn14,0.27,2e-06
Sn14,0.32999999999999996,1.6666666666666667e-06
Sn14,0.39,3e-06
Sn14,0.44999999999999996,2e-06
Sn14,0.51,3e-06
Sn14,0.5700000000000001,2.666666666666667e-06
Sn14,0.6299999999999999,2.666666666666667e-06
Sn14,0.69,4.333333333333333e-06
Sn14,0.75,3.6666666666666666e-06
Sn14,0.81,4.333333333333333e-06
Sn14,0.8699999999999999,5e-06
Sn14,0.9299999999999999,4.666666666666666e-06
Sn14,0.99,5.333333333333334e-06
Sn14,1.05,8.666666666666666e-06
Sn14,1.1099999999999999,8.333333333333334e-06
Sn14,1.17,7e-06
Sn14,1.23,8.333333333333334e-06
Sn14,1.29,7.333333333333333e-06
Sn14,1.3499999999999999,1.0666666666666667e-05
Sn14,1.41,1e-05
Sn14,1.47,1.0333333333333333e-05
Sn14,1.53,9.333333333333333e-06
Sn14,1.5899999999999999,1.3e-05
Sn14,1.65,1.3333333333333333e-05
Sn14,1.71,1.5e-05
Sn14,1.77,1.3333333333333333e-05
Sn14,1.8299999999999998,1.633333333333333e-05
Sn14,1.89,1.7666666666666668e-05
Sn14,1.95,1.7e-05
Sn14,2.01,2e-05
Sn14,2.0700000000000003,1.9666666666666666e-05
Sn14,2.13,2.3e-05
Sn14,2.19,2.5e-05
Sn14,2.25,2.7333333333333335e-05
Sn14,2.3099999999999996,3.5333333333333336e-05
Sn14,2.37,3.5e-05
Sn14,2.4299999999999997,4.1e-05
Sn14,2.49,4.1666666666666665e-05
Sn14,2.55,4.9e-05
Sn14,2.61,5.6666666666666664e-05
Sn14,2.67,5.5333333333333334e-05
Sn14,2.7299999999999995,6.9e-05
Sn14,2.79,7.333333333333333e-05
Sn14,2.8499999999999996,8.233333333333333e-05
Sn14,2.91,8.6e-05
Sn14,2.9699999999999998,9.233333333333333e-05
Sn14,3.0300000000000002,0.00010466666666666667
Sn14,3.09,0.00011366666666666666
Sn14,3.15,0.000117
Sn14,3.21,0.00014133333333333334
Sn14,3.2699999999999996,0.00014966666666666665
Sn14,3.33,0.000147
Sn14,3.3899999999999997,0.00018666666666666666
Sn14,3.45,0.00019433333333333333
Sn14,3.51,0.000219
Sn14,3.57,0.000243
Sn14,3.63,0.000259
Sn14,3.6899999999999995,0.00027966666666666667
Sn14,3.75,0.00030866666666666667
Sn14,3.8099999999999996,0.00032766666666666664
Sn14,3.87,0.0003753333333333333
Sn14,3.9299999999999997,0.00039633333333333334
Sn14,3.9899999999999998,0.00043266666666666665
Sn14,4.05,0.0004806666666666667
Sn14,4.109999999999999,0.0005176666666666667
Sn14,4.17,0.0005536666666666667
Sn14,4.23,0.0006356666666666666
Sn14,4.29,0.000674
Sn14,4.35,0.0007313333333333333
Sn14,4.41,0.000816
Sn14,4.47,0.0008596666666666667
Sn14,4.529999999999999,0.000937
Sn14,4.59,0.001032
Sn14,4.65,0.0011106666666666667
Sn14,4.71,0.0012486666666666666
Sn14,4.77,0.001326
Sn14,4.83,0.0014433333333333334
Sn14,4.89,0.0015523333333333333
Sn14,4.949999999999999,0.0017326666666666666
Sn14,5.01,0.001852
Sn14,5.07,0.0020343333333333333
Sn14,5.13,0.002165
Sn14,5.1899999999999995,0.002384
Sn14,5.25,0.002496
Sn14,5.31,0.0027646666666666666
Sn14,5.369999999999999,0.0029323333333333332
Sn14,5.43,0.003164
Sn14,5.49,0.003393666666666667
Sn14,5.55,0.0036756666666666665
Sn14,5.609999999999999,0.003988
Sn14,5.67,0.004201
Sn14,5.73,0.0045446666666666665
Sn14,5.789999999999999,0.004817333333333333
Sn14,5.85,0.005246333333333334
Sn14,5.91,0.005422333333333334
Sn14,5.97,0.005882333333333333
Sn14,6.029999999999999,0.006137333333333333
Sn14,6.09,0.006654333333333333
Sn14,6.15,0.007033666666666666
Sn14,6.21,0.007432666666666666
Sn14,6.27,0.007988
Sn14,6.33,0.008365
Sn14,6.39,0.008974333333333334
Sn14,6.449999999999999,0.009295333333333333
Sn14,6.51,0.009872
Sn14,6.57,0.010349333333333334
Sn14,6.63,0.010871666666666667
Sn14,6.6899999999999995,0.011388
Sn14,6.75,0.011941
Sn14,6.81,0.012369666666666666
Sn14,6.869999999999999,0.013000666666666667
Sn14,6.93,0.013383
Sn14,6.99,0.014019333333333333
Sn14,7.05,0.014409333333333333
Sn14,7.109999999999999,0.015005333333333334
Sn14,7.17,0.015358
Sn14,7.2299999999999995,0.015893333333333332
Sn14,7.289999999999999,0.016387
Sn14,7.35,0.016677666666666667
Sn14,7.41,0.017153666666666668
Sn14,7.47,0.017557
Sn14,7.529999999999999,0.017943333333333332
Sn14,7.59,0.018250333333333334
Sn14,7.65,0.018597333333333334
Sn14,7.709999999999999,0.018884333333333333
Sn14,7.77,0.018918333333333332
Sn14,7.83,0.01921
Sn14,7.89,0.019192
Sn14,7.949999999999999,0.019325333333333333
Sn14,8.01,0.019283333333333333
Sn14,8.07,0.019237
Sn14,8.129999999999999,0.019205333333333335
Sn14,8.19,0.019046333333333332
Sn14,8.25,0.018925
Sn14,8.309999999999999,0.018703666666666667
Sn14,8.370000000000001,0.018513
Sn14,8.43,0.01827
Sn14,8.489999999999998,0.01779733333333333
Sn14,8.55,0.017405666666666667
Sn14,8.61,0.016949
Sn14,8.67,0.016509
Sn14,8.73,0.016017
Sn14,8.79,0.015530666666666667
Sn14,8.85,0.015068
Sn14,8.91,0.014506
Sn14,8.969999999999999,0.013887333333333333
Sn14,9.030000000000001,0.013247666666666666
Sn14,9.09,0.01263
Sn14,9.149999999999999,0.012115
Sn14,9.21,0.011494333333333334
Sn14,9.27,0.010854333333333334
Sn14,9.329999999999998,0.010227333333333333
Sn14,9.39,0.009557
Sn14,9.45,0.008872333333333333
Sn14,9.51,0.008284
Sn14,9.57,0.007677666666666667
Sn14,9.629999999999999,0.0070736666666666665
Sn14,9.69,0.006605333333333334
Sn14,9.75,0.006022
Sn14,9.809999999999999,0.005582666666666666
Sn14,9.870000000000001,0.005098
Sn14,9.93,0.004645333333333333
Sn14,9.989999999999998,0.004242666666666666
Sn14,10.05,0.0038296666666666665
Sn14,10.11,0.0034293333333333333
Sn14,10.169999999999998,0.003058
Sn14,10.23,0.0027433333333333333
Sn14,10.29,0.002449
Sn14,10.35,0.002176
Sn14,10.41,0.0019173333333333334
Sn14,10.469999999999999,0.0016866666666666666
Sn14,10.53,0.001457
Sn14,10.59,0.0012746666666666666
Sn14,10.649999999999999,0.0011223333333333333
Sn14,10.71,0.0009826666666666666
Sn14,10.77,0.000827
Sn14,10.829999999999998,0.0007173333333333334
Sn14,10.89,0.0006033333333333333
Sn14,10.95,0.0005196666666666666
Sn14,11.01,0.00045433333333333334
Sn14,11.07,0.00036766666666666664
Sn14,11.129999999999999,0.000319
Sn14,11.19,0.000258
Sn14,11.25,0.00020533333333333333
Sn14,11.309999999999999,0.00016933333333333332
Sn14,11.370000000000001,0.000138
Sn14,11.43,0.00012333333333333334
Sn14,11.489999999999998,9.8e-05
Sn14,11.55,7.866666666666666e-05
Sn14,11.61,5.833333333333333e-05
Sn14,11.669999999999998,5.8e-05
Sn14,11.73,4.633333333333333e-05
Sn14,11.79,3.8e-05
Sn14,11.85,3.1333333333333334e-05
Sn14,11.91,2.1333333333333335e-05
Sn14,11.969999999999999,1.4666666666666666e-05
Sn14,12.03,1.3e-05
Sn14,12.09,9.333333333333333e-06
Sn14,12.149999999999999,6.333333333333333e-06
Sn14,12.21,5.666666666666667e-06
Sn14,12.27,5e-06
Sn14,12.329999999999998,4.333333333333333e-06
Sn14,12.39,3.6666666666666666e-06
Sn14,12.45,3.6666666666666666e-06
Sn14,12.51,1.6666666666666667e-06
Sn14,12.57,1.6666666666666667e-06
Sn14,12.629999999999999,6.666666666666667e-07
Sn14,12.69,3.3333333333333335e-07
Sn14,12.75,6.666666666666667e-07
Sn14,12.809999999999999,3.3333333333333335e-07
Sn14,12.870000000000001,3.3333333333333335e-07
Sn14,12.93,0.0
Sn14,12.989999999999998,6.666666666666667e-07
Sn14,13.05,3.3333333333333335e-07
Sn14,13.11,3.3333333333333335e-07
Ta14,0.03,0.000192375
Ta14,0.09,9.625e-06
Ta14,0.15,1e-05
Ta14,0.21,7.625e-06
Ta14,0.27,6.875e-06
Ta14,0.32999999999999996,5.5e-06
Ta14,0.39,6.875e-06
Ta14,0.44999999999999996,9e-06
Ta14,0.51,7.75e-06
Ta14,0.5700000000000001,9.125e-06
Ta14,0.6299999999999999,1.025e-05
Ta14,0.69,1.1e-05
Ta14,0.75,1.3375e-05
Ta14,0.81,1.325e-05
Ta14,0.8699999999999999,1.4375e-05
Ta14,0.9299999999999999,1.625e-05
Ta14,0.99,1.6625e-05
Ta14,1.05,1.85e-05
Ta14,1.1099999999999999,2.075e-05
Ta14,1.17,2.1125e-05
Ta14,1.23,2.4125e-05
Ta14,1.29,2.5e-05
Ta14,1.3499999999999999,2.725e-05
Ta14,1.41,2.9375e-05
Ta14,1.47,3.25e-05
Ta14,1.53,3.4875e-05
Ta14,1.5899999999999999,3.725e-05
Ta14,1.65,4.3125e-05
Ta14,1.71,4.675e-05
Ta14,1.77,4.55e-05
Ta14,1.8299999999999998,5.2125e-05
Ta14,1.89,6.1625e-05
Ta14,1.95,5.525e-05
Ta14,2.01,6.8375e-05
Ta14,2.0700000000000003,7.725e-05
Ta14,2.13,7.4125e-05
Ta14,2.19,8.425e-05
Ta14,2.25,9.7875e-05
Ta14,2.3099999999999996,0.00010125
Ta14,2.37,0.00011
Ta14,2.4299999999999997,0.0001245
Ta14,2.49,0.000129375
Ta14,2.55,0.0001405
Ta14,2.61,0.00015775
Ta14,2.67,0.000165875
Ta14,2.7299999999999995,0.000181
Ta14,2.79,0.0001895
Ta14,2.8499999999999996,0.00021275
Ta14,2.91,0.000232625
Ta14,2.9699999999999998,0.000249
Ta14,3.0300000000000002,0.0002655
Ta14,3.09,0.000295625
Ta14,3.15,0.000323
Ta14,3.21,0.0003415
Ta14,3.2699999999999996,0.000380375
Ta14,3.33,0.000397625
Ta14,3.3899999999999997,0.00043575
Ta14,3.45,0.000484125
Ta14,3.51,0.0005155
Ta14,3.57,0.00056575
Ta14,3.63,0.000592875
Ta14,3.6899999999999995,0.0006625
Ta14,3.75,0.000686875
Ta14,3.8099999999999996,0.000773625
Ta14,3.87,0.000828875
Ta14,3.9299999999999997,0.00090575
Ta14,3.9899999999999998,0.000970125
Ta14,4.05,0.001058625
Ta14,4.109999999999999,0.00113975
Ta14,4.17,0.0012265
Ta14,4.23,0.00133925
Ta14,4.29,0.001427125
Ta14,4.35,0.00156425
Ta14,4.41,0.00165125
Ta14,4.47,0.001814375
Ta14,4.529999999999999,0.001927875
Ta14,4.59,0.002099875
Ta14,4.65,0.002226625
Ta14,4.71,0.00242875
Ta14,4.77,0.002579125
Ta14,4.83,0.0027955
Ta14,4.89,0.0029815
Ta14,4.949999999999999,0.00320275
Ta14,5.01,0.00341025
Ta14,5.07,0.003669
Ta14,5.13,0.003887375
Ta14,5.1899999999999995,0.00416725
Ta14,5.25,0.004402
Ta14,5.31,0.0047285
Ta14,5.369999999999999,0.00499275
Ta14,5.43,0.005368375
Ta14,5.49,0.0056435
Ta14,5.55,0.00604725
Ta14,5.609999999999999,0.006372125
Ta14,5.67,0.006746625
Ta14,5.73,0.007135125
Ta14,5.789999999999999,0.007524125
Ta14,5.85,0.00797175
Ta14,5.91,0.008346125
Ta14,5.97,0.0088305
Ta14,6.029999999999999,0.009249875
Ta14,6.09,0.009749375
Ta14,6.15,0.01018975
Ta14,6.21,0.010653875
Ta14,6.27,0.0111085
Ta14,6.33,0.011586625
Ta14,6.39,0.01206575
Ta14,6.449999999999999,0.01254675
Ta14,6.51,0.01299825
Ta14,6.57,0.013457125
Ta14,6.63,0.013942875
Ta14,6.6899999999999995,0.014331125
Ta14,6.75,0.014792625
Ta14,6.81,0.015273375
Ta14,6.869999999999999,0.015643125
Ta14,6.93,0.016017125
Ta14,6.99,0.016462
Ta14,7.05,0.016760125
Ta14,7.109999999999999,0.017119875
Ta14,7.17,0.017392125
Ta14,7.2299999999999995,0.017634875
Ta14,7.289999999999999,0.017915875
Ta14,7.35,0.01807525
Ta14,7.41,0.01828325
Ta14,7.47,0.018392875
Ta14,7.529999999999999,0.01843625
Ta14,7.59,0.018474
Ta14,7.65,0.01848475
Ta14,7.709999999999999,0.018422875
Ta14,7.77,0.0183795
Ta14,7.83,0.018270375
Ta14,7.89,0.018013875
Ta14,7.949999999999999,0.017895125
Ta14,8.01,0.017600875
Ta14,8.07,0.01731875
Ta14,8.129999999999999,0.0169645
Ta14,8.19,0.016662875
Ta14,8.25,0.016324125
Ta14,8.309999999999999,0.015800375
Ta14,8.370000000000001,0.01539625
Ta14,8.43,0.014912
Ta14,8.489999999999998,0.014406
Ta14,8.55,0.013881375
Ta14,8.61,0.013371125
Ta14,8.67,0.012885125
Ta14,8.73,0.0122855
Ta14,8.79,0.011698125
Ta14,8.85,0.011113875
Ta14,8.91,0.0105265
Ta14,8.969999999999999,0.0099345
Ta14,9.030000000000001,0.009363125
Ta14,9.09,0.008780125
Ta14,9.149999999999999,0.008237875
Ta14,9.21,0.007632
Ta14,9.27,0.0071055
Ta14,9.329999999999998,0.00659725
Ta14,9.39,0.006097375
Ta14,9.45,0.00561175
Ta14,9.51,0.005159875
Ta14,9.57,0.004711375
Ta14,9.629999999999999,0.00431075
Ta14,9.69,0.00394225
Ta14,9.75,0.003548125
Ta14,9.809999999999999,0.003216375
Ta14,9.870000000000001,0.0028995
Ta14,9.93,0.002586125
Ta14,9.989999999999998,0.00230525
Ta14,10.05,0.002042875
Ta14,10.11,0.001820375
Ta14,10.169999999999998,0.001599375
Ta14,10.23,0.00141675
Ta14,10.29,0.001226625
Ta14,10.35,0.0010855
Ta14,10.41,0.00093675
Ta14,10.469999999999999,0.000809375
Ta14,10.53,0.000692125
Ta14,10.59,0.000602125
Ta14,10.649999999999999,0.00051925
Ta14,10.71,0.000436375
Ta14,10.77,0.000373625
Ta14,10.829999999999998,0.000304375
Ta14,10.89,0.0002595
Ta14,10.95,0.000218625
Ta14,11.01,0.000181
Ta14,11.07,0.000149125
Ta14,11.129999999999999,0.000118875
Ta14,11.19,0.000103
Ta14,11.25,8.35e-05
Ta14,11.309999999999999,6.9125e-05
Ta14,11.370000000000001,5.8625e-05
Ta14,11.43,4.4875e-05
Ta14,11.489999999999998,3.7875e-05
Ta14,11.55,3.075e-05
Ta14,11.61,2.5e-05
Ta14,11.669999999999998,2.0625e-05
Ta14,11.73,1.3125e-05
Ta14,11.79,1.0875e-05
Ta14,11.85,9.25e-06
Ta14,11.91,6.75e-06
Ta14,11.969999999999999,5.5e-06
Ta14,12.03,4.25e-06
Ta14,12.09,3.75e-06
Ta14,12.149999999999999,2.75e-06
Ta14,12.21,2.625e-06
Ta14,12.27,1.875e-06
Ta14,12.329999999999998,1.25e-06
Ta14,12.39,1e-06
Ta14,12.45,8.75e-07
Ta14,12.51,3.75e-07
Ta14,12.57,5e-07
Ta14,12.629999999999999,3.75e-07
Ta14,12.69,2.5e-07
Ta14,12.75,2.5e-07
Ta14,12.809999999999999,2.5e-07
Ta14,12.870000000000001,1.25e-07
Ta14,12.93,1.25e-07
Ta14,12.989999999999998,1.25e-07
Cu14,0.03,0.0012790909090909092
Cu14,0.09,7.045454545454545e-05
Cu14,0.15,6.863636363636364e-05
Cu14,0.21,5.136363636363636e-05
Cu14,0.27,4.1636363636363634e-05
Cu14,0.32999999999999996,4.2454545454545453e-05
Cu14,0.39,4.8e-05
Cu14,0.44999999999999996,4.772727272727273e-05
Cu14,0.51,5.409090909090909e-05
Cu14,0.5700000000000001,5.9e-05
Cu14,0.6299999999999999,6.454545454545455e-05
Cu14,0.69,6.654545454545455e-05
Cu14,0.75,7.536363636363636e-05
Cu14,0.81,7.581818181818182e-05
Cu14,0.8699999999999999,8.145454545454546e-05
Cu14,0.9299999999999999,9.136363636363636e-05
Cu14,0.99,9.818181818181818e-05
Cu14,1.05,0.00010263636363636364
Cu14,1.1099999999999999,0.00010872727272727272
Cu14,1.17,0.00011836363636363637
Cu14,1.23,0.00013372727272727272
Cu14,1.29,0.00013618181818181817
Cu14,1.3499999999999999,0.00014063636363636364
Cu14,1.41,0.0001590909090909091
Cu14,1.47,0.00017427272727272729
Cu14,1.53,0.00017745454545454545
Cu14,1.5899999999999999,0.00018772727272727273
Cu14,1.65,0.00020863636363636364
Cu14,1.71,0.00022063636363636364
Cu14,1.77,0.00022963636363636364
Cu14,1.8299999999999998,0.00025436363636363634
Cu14,1.89,0.0002670909090909091
Cu14,1.95,0.00028672727272727275
Cu14,2.01,0.00031190909090909094
Cu14,2.0700000000000003,0.00032963636363636366
Cu14,2.13,0.000355
Cu14,2.19,0.00037663636363636366
Cu14,2.25,0.00040436363636363635
Cu14,2.3099999999999996,0.0004338181818181818
Cu14,2.37,0.0004592727272727273
Cu14,2.4299999999999997,0.0004966363636363636
Cu14,2.49,0.0005340909090909091
Cu14,2.55,0.0005629090909090909
Cu14,2.61,0.0006164545454545455
Cu14,2.67,0.0006488181818181818
Cu14,2.7299999999999995,0.000696
Cu14,2.79,0.000754
Cu14,2.8499999999999996,0.0007971818181818182
Cu14,2.91,0.0008564545454545454
Cu14,2.9699999999999998,0.0009266363636363636
Cu14,3.0300000000000002,0.0009785454545454546
Cu14,3.09,0.0010538181818181818
Cu14,3.15,0.0011300909090909091
Cu14,3.21,0.0012123636363636364
Cu14,3.2699999999999996,0.0012754545454545455
Cu14,3.33,0.001382909090909091
Cu14,3.3899999999999997,0.0014604545454545454
Cu14,3.45,0.0015790909090909091
Cu14,3.51,0.0016673636363636363
Cu14,3.57,0.0017904545454545454
Cu14,3.63,0.001899
Cu14,3.6899999999999995,0.002049181818181818
Cu14,3.75,0.0021745454545454546
Cu14,3.8099999999999996,0.0023257272727272727
Cu14,3.87,0.002477
Cu14,3.9299999999999997,0.0026272727272727272
Cu14,3.9899999999999998,0.0027918181818181818
Cu14,4.05,0.0029743636363636365
Cu14,4.109999999999999,0.0031508181818181817
Cu14,4.17,0.0033411818181818182
Cu14,4.23,0.0035472727272727275
Cu14,4.29,0.003767090909090909
Cu14,4.35,0.003974272727272727
Cu14,4.41,0.0042242727272727276
Cu14,4.47,0.004478181818181818
Cu14,4.529999999999999,0.004744090909090909
Cu14,4.59,0.004996090909090909
Cu14,4.65,0.005289454545454545
Cu14,4.71,0.005582272727272727
Cu14,4.77,0.0058670909090909095
Cu14,4.83,0.0062134545454545454
Cu14,4.89,0.006520363636363637
Cu14,4.949999999999999,0.006848909090909091
Cu14,5.01,0.007203272727272727
Cu14,5.07,0.007539181818181818
Cu14,5.13,0.007937
Cu14,5.1899999999999995,0.00828
Cu14,5.25,0.00870890909090909
Cu14,5.31,0.009079363636363637
Cu14,5.369999999999999,0.009468454545454546
Cu14,5.43,0.009867
Cu14,5.49,0.010261727272727273
Cu14,5.55,0.010693090909090909
Cu14,5.609999999999999,0.011085181818181819
Cu14,5.67,0.011489
Cu14,5.73,0.011925909090909091
Cu14,5.789999999999999,0.01229490909090909
Cu14,5.85,0.012664454545454545
Cu14,5.91,0.013106181818181819
Cu14,5.97,0.013484
Cu14,6.029999999999999,0.013851363636363636
Cu14,6.09,0.014268181818181819
Cu14,6.15,0.01461009090909091
Cu14,6.21,0.014952636363636364
Cu14,6.27,0.015259454545454545
Cu14,6.33,0.01560090909090909
Cu14,6.39,0.015874
Cu14,6.449999999999999,0.01615109090909091
Cu14,6.51,0.016367727272727273
Cu14,6.57,0.016577636363636364
Cu14,6.63,0.016813727272727272
Cu14,6.6899999999999995,0.016940545454545455
Cu14,6.75,0.017078727272727273
Cu14,6.81,0.017189909090909092
Cu14,6.869999999999999,0.017245727272727274
Cu14,6.93,0.017264181818181817
Cu14,6.99,0.017244909090909092
Cu14,7.05,0.017232
Cu14,7.109999999999999,0.017175454545454546
Cu14,7.17,0.017068727272727274
Cu14,7.2299999999999995,0.016888727272727274
Cu14,7.289999999999999,0.01666509090909091
Cu14,7.35,0.016520454545454547
Cu14,7.41,0.016287545454545454
Cu14,7.47,0.016009727272727273
Cu14,7.529999999999999,0.015704545454545454
Cu14,7.59,0.015350545454545455
Cu14,7.65,0.015021181818181819
Cu14,7.709999999999999,0.014633454545454545
Cu14,7.77,0.01424
Cu14,7.83,0.013800272727272727
Cu14,7.89,0.013343363636363636
Cu14,7.949999999999999,0.012878181818181818
Cu14,8.01,0.01242
Cu14,8.07,0.011925454545454545
Cu14,8.129999999999999,0.011444272727272727
Cu14,8.19,0.010968909090909092
Cu14,8.25,0.010408181818181818
Cu14,8.309999999999999,0.009851909090909092
Cu14,8.370000000000001,0.009355090909090908
Cu14,8.43,0.008835636363636363
Cu14,8.489999999999998,0.008312727272727272
Cu14,8.55,0.007801181818181818
Cu14,8.61,0.007334363636363636
Cu14,8.67,0.006838454545454545
Cu14,8.73,0.006354
Cu14,8.79,0.005894454545454546
Cu14,8.85,0.005464545454545455
Cu14,8.91,0.005035181818181818
Cu14,8.969999999999999,0.004639545454545454
Cu14,9.030000000000001,0.004259545454545454
Cu14,9.09,0.003906272727272727
Cu14,9.149999999999999,0.003568727272727273
Cu14,9.21,0.003225909090909091
Cu14,9.27,0.00293
Cu14,9.329999999999998,0.0026468181818181816
Cu14,9.39,0.0023755454545454544
Cu14,9.45,0.0021317272727272726
Cu14,9.51,0.0019039090909090909
Cu14,9.57,0.0016911818181818182
Cu14,9.629999999999999,0.001498909090909091
Cu14,9.69,0.0013276363636363637
Cu14,9.75,0.0011696363636363636
Cu14,9.809999999999999,0.0010198181818181818
Cu14,9.870000000000001,0.0008938181818181818
Cu14,9.93,0.0007792727272727273
Cu14,9.989999999999998,0.0006792727272727273
Cu14,10.05,0.0005864545454545455
Cu14,10.11,0.0005005454545454546
Cu14,10.169999999999998,0.0004291818181818182
Cu14,10.23,0.0003679090909090909
Cu14,10.29,0.00031127272727272725
Cu14,10.35,0.0002659090909090909
Cu14,10.41,0.00022018181818181818
Cu14,10.469999999999999,0.0001849090909090909
Cu14,10.53,0.00015254545454545455
Cu14,10.59,0.00012809090909090908
Cu14,10.649999999999999,0.00010681818181818181
Cu14,10.71,8.872727272727272e-05
Cu14,10.77,7.427272727272727e-05
Cu14,10.829999999999998,6.145454545454546e-05
Cu14,10.89,5.090909090909091e-05
Cu14,10.95,4.0818181818181815e-05
Cu14,11.01,3.2727272727272725e-05
Cu14,11.07,2.718181818181818e-05
Cu14,11.129999999999999,2.2363636363636363e-05
Cu14,11.19,1.8454545454545456e-05
Cu14,11.25,1.3727272727272727e-05
Cu14,11.309999999999999,1.0454545454545455e-05
Cu14,11.370000000000001,8.09090909090909e-06
Cu14,11.43,6.636363636363637e-06
Cu14,11.489999999999998,5.181818181818182e-06
Cu14,11.55,4.272727272727273e-06
Cu14,11.61,2.9090909090909093e-06
Cu14,11.669999999999998,2.9090909090909093e-06
Cu14,11.73,2.3636363636363636e-06
Cu14,11.79,1.818181818181818e-06
Cu14,11.85,1.4545454545454546e-06
Cu14,11.91,8.181818181818182e-07
Cu14,11.969999999999999,7.272727272727273e-07
Cu14,12.03,5.454545454545455e-07
Cu14,12.09,3.6363636363636366e-07
Cu14,12.149999999999999,5.454545454545455e-07
Cu14,12.21,1.8181818181818183e-07
Cu14,12.27,1.8181818181818183e-07
Cu14,12.329999999999998,2.7272727272727274e-07
Cu14,12.39,1.8181818181818183e-07
Cu14,12.45,9.090909090909091e-08
Cu14,12.51,9.090909090909091e-08
Cu14,12.57,9.090909090909091e-08
