name,energy,flux
Ni08,27.63,3.3333333333333335e-07
Ni08,27.689999999999998,2.666666666666667e-06
Ni08,27.75,2.666666666666667e-06
Ni08,27.81,5.666666666666667e-06
Ni08,27.869999999999997,8.666666666666666e-06
Ni08,27.93,1.5e-05
Ni08,27.99,2.3666666666666668e-05
Ni08,28.049999999999997,3.3e-05
Ni08,28.11,6.0333333333333334e-05
Ni08,28.17,8.8e-05
Ni08,28.229999999999997,0.00013733333333333333
Ni08,28.29,0.00022433333333333333
Ni08,28.35,0.00032766666666666664
Ni08,28.409999999999997,0.000494
Ni08,28.47,0.0007006666666666667
Ni08,28.53,0.0010296666666666666
Ni08,28.589999999999996,0.001451
Ni08,28.65,0.0020516666666666665
Ni08,28.71,0.0028233333333333335
Ni08,28.769999999999996,0.0037803333333333335
Ni08,28.83,0.0049963333333333335
Ni08,28.89,0.006535333333333333
Ni08,28.95,0.008344333333333334
Ni08,29.009999999999998,0.010607
Ni08,29.07,0.013288666666666667
Ni08,29.13,0.016121333333333335
Ni08,29.189999999999998,0.019511333333333332
Ni08,29.25,0.023126666666666667
Ni08,29.31,0.026827333333333335
Ni08,29.369999999999997,0.030825
Ni08,29.43,0.034722
Ni08,29.49,0.038441666666666666
Ni08,29.549999999999997,0.04197
Ni08,29.61,0.044972333333333336
Ni08,29.67,0.04736066666666667
Ni08,29.729999999999997,0.049339
Ni08,29.79,0.050325
Ni08,29.85,0.05089366666666666
Ni08,29.909999999999997,0.05021233333333333
Ni08,29.97,0.049015
Ni08,30.03,0.047008666666666664
Ni08,30.089999999999996,0.04444766666666667
Ni08,30.15,0.041217333333333335
Ni08,30.21,0.037674
Ni08,30.269999999999996,0.03375366666666667
Ni08,30.33,0.029902333333333333
Ni08,30.39,0.025990333333333334
Ni08,30.45,0.022107333333333333
Ni08,30.509999999999998,0.018623666666666667
Ni08,30.57,0.015343666666666667
Ni08,30.63,0.012511
Ni08,30.689999999999998,0.010091
Ni08,30.75,0.007957666666666667
Ni08,30.81,0.006109666666666667
Ni08,30.869999999999997,0.004699666666666667
Ni08,30.93,0.003437
Ni08,30.99,0.0025556666666666666
Ni08,31.049999999999997,0.0018623333333333332
Ni08,31.11,0.0012883333333333334
Ni08,31.17,0.000902
Ni08,31.229999999999997,0.0006456666666666667
Ni08,31.29,0.0004206666666666667
Ni08,31.35,0.00028033333333333333
Ni08,31.409999999999997,0.00018666666666666666
Ni08,31.47,0.00011133333333333333
Ni08,31.53,6.9e-05
Ni08,31.589999999999996,4.4e-05
Ni08,31.65,2.3666666666666668e-05
Ni08,31.71,1.7e-05
Ni08,31.769999999999996,1.1333333333333334e-05
Ni08,31.83,4.666666666666666e-06
Ni08,31.89,3.3333333333333333e-06
Ni08,31.95,2.333333333333333e-06
Ni08,32.01,6.666666666666667e-07
Ni08,32.07,1e-06
Ni08,32.129999999999995,0.0
Ni08,32.19,0.0
Ni08,32.25,3.3333333333333335e-07
Sn08,27.57,2.333333333333333e-06
Sn08,27.63,4.666666666666666e-06
Sn08,27.689999999999998,8.666666666666666e-06
Sn08,27.75,1.1e-05
Sn08,27.81,2.0666666666666666e-05
Sn08,27.869999999999997,2.6666666666666667e-05
Sn08,27.93,5.066666666666667e-05
Sn08,27.99,7.333333333333333e-05
Sn08,28.049999999999997,0.00011666666666666667
Sn08,28.11,0.00018566666666666666
Sn08,28.17,0.0002793333333333333
Sn08,28.229999999999997,0.00043733333333333336
Sn08,28.29,0.0006436666666666666
Sn08,28.35,0.0009633333333333333
Sn08,28.409999999999997,0.0013883333333333334
Sn08,28.47,0.0018896666666666667
Sn08,28.53,0.0026383333333333332
Sn08,28.589999999999996,0.0036623333333333334
Sn08,28.65,0.005039666666666666
Sn08,28.71,0.006566666666666667
Sn08,28.769999999999996,0.008390666666666666
Sn08,28.83,0.010703333333333334
Sn08,28.89,0.013332
Sn08,28.95,0.01663
Sn08,29.009999999999998,0.020273333333333334
Sn08,29.07,0.024181666666666667
Sn08,29.13,0.028251666666666668
Sn08,29.189999999999998,0.032314333333333334
Sn08,29.25,0.036519
Sn08,29.31,0.040406333333333336
Sn08,29.369999999999997,0.043901333333333334
Sn08,29.43,0.047223
Sn08,29.49,0.049735
Sn08,29.549999999999997,0.05132966666666667
Sn08,29.61,0.05228466666666667
Sn08,29.67,0.05212666666666667
Sn08,29.729999999999997,0.05126033333333333
Sn08,29.79,0.049655333333333336
Sn08,29.85,0.047299666666666663
Sn08,29.909999999999997,0.044112
Sn08,29.97,0.04081033333333333
Sn08,30.03,0.03684366666666666
Sn08,30.089999999999996,0.03254133333333333
Sn08,30.15,0.028062
Sn08,30.21,0.023834333333333332
Sn08,30.269999999999996,0.020065666666666666
Sn08,30.33,0.016669666666666666
Sn08,30.39,0.013641666666666667
Sn08,30.45,0.010993333333333334
Sn08,30.509999999999998,0.008627
Sn08,30.57,0.0065843333333333335
Sn08,30.63,0.004918333333333334
Sn08,30.689999999999998,0.0037396666666666667
Sn08,30.75,0.0026593333333333334
Sn08,30.81,0.0019173333333333334
Sn08,30.869999999999997,0.001363
Sn08,30.93,0.000949
Sn08,30.99,0.000659
Sn08,31.049999999999997,0.000446
Sn08,31.11,0.00028133333333333336
Sn08,31.17,0.00017366666666666667
Sn08,31.229999999999997,0.00011266666666666666
Sn08,31.29,6.433333333333333e-05
Sn08,31.35,3.733333333333333e-05
Sn08,31.409999999999997,2.8666666666666668e-05
Sn08,31.47,1.7e-05
Sn08,31.53,9.666666666666667e-06
Sn08,31.589999999999996,5.333333333333334e-06
Sn08,31.65,2.333333333333333e-06
Sn08,31.71,1.6666666666666667e-06
Sn08,31.769999999999996,1e-06
Sn08,31.83,3.3333333333333335e-07
Sn08,31.89,3.3333333333333335e-07
Sn08,31.95,3.3333333333333335e-07
Ta08,27.27,6.666666666666667e-07
Ta08,27.33,2.666666666666667e-06
Ta08,27.39,3e-06
Ta08,27.45,7e-06
Ta08,27.509999999999998,9e-06
Ta08,27.57,1.633333333333333e-05
Ta08,27.63,2.7333333333333335e-05
Ta08,27.689999999999998,3.7e-05
Ta08,27.75,6.633333333333334e-05
Ta08,27.81,9.666666666666667e-05
Ta08,27.869999999999997,0.00015266666666666667
Ta08,27.93,0.00024266666666666667
Ta08,27.99,0.0003553333333333333
Ta08,28.049999999999997,0.0005373333333333333
Ta08,28.11,0.000765
Ta08,28.17,0.001108
Ta08,28.229999999999997,0.0015663333333333334
Ta08,28.29,0.002193333333333333
Ta08,28.35,0.003012
Ta08,28.409999999999997,0.004055
Ta08,28.47,0.005312
Ta08,28.53,0.0069043333333333335
Ta08,28.589999999999996,0.008830333333333334
Ta08,28.65,0.011227666666666667
Ta08,28.71,0.013884333333333334
Ta08,28.769999999999996,0.016933
Ta08,28.83,0.020388
Ta08,28.89,0.024028
Ta08,28.95,0.02801
Ta08,29.009999999999998,0.03191
Ta08,29.07,0.035775666666666664
Ta08,29.13,0.039491
Ta08,29.189999999999998,0.042942666666666664
Ta08,29.25,0.04578533333333333
Ta08,29.31,0.048295333333333336
Ta08,29.369999999999997,0.04976033333333333
Ta08,29.43,0.050722666666666666
Ta08,29.49,0.050943
Ta08,29.549999999999997,0.049998666666666663
Ta08,29.61,0.048691333333333336
Ta08,29.67,0.046506
Ta08,29.729999999999997,0.043781
Ta08,29.79,0.040335666666666666
Ta08,29.85,0.036794
Ta08,29.909999999999997,0.03267133333333333
Ta08,29.97,0.028819666666666667
Ta08,30.03,0.024807333333333334
Ta08,30.089999999999996,0.021062
Ta08,30.15,0.017569666666666667
Ta08,30.21,0.014489
Ta08,30.269999999999996,0.011711
Ta08,30.33,0.009426333333333333
Ta08,30.39,0.007333333333333333
Ta08,30.45,0.005673
Ta08,30.509999999999998,0.004253333333333333
Ta08,30.57,0.0031513333333333332
Ta08,30.63,0.002282
Ta08,30.689999999999998,0.0016686666666666666
Ta08,30.75,0.0011716666666666666
Ta08,30.81,0.000811
Ta08,30.869999999999997,0.0005676666666666666
Ta08,30.93,0.0003663333333333333
Ta08,30.99,0.0002576666666666667
Ta08,31.049999999999997,0.00015633333333333333
Ta08,31.11,9.266666666666666e-05
Ta08,31.17,6e-05
Ta08,31.229999999999997,3.766666666666667e-05
Ta08,31.29,2.2666666666666668e-05
Ta08,31.35,1.3e-05
Ta08,31.409999999999997,9.666666666666667e-06
Ta08,31.47,5.333333333333334e-06
Ta08,31.53,3e-06
Ta08,31.589999999999996,1.6666666666666667e-06
Ta08,31.65,3.3333333333333335e-07
Ta08,31.71,1e-06
Ta08,31.769999999999996,0.0
Ta08,31.83,3.3333333333333335e-07
Cu08,26.97,1e-06
Cu08,27.03,2.333333333333333e-06
Cu08,27.089999999999996,4e-06
Cu08,27.15,6.666666666666667e-06
Cu08,27.21,8.333333333333334e-06
Cu08,27.27,1.5333333333333334e-05
Cu08,27.33,2.5666666666666666e-05
Cu08,27.39,3.933333333333333e-05
Cu08,27.45,6.466666666666666e-05
Cu08,27.509999999999998,9.6e-05
Cu08,27.57,0.000144
Cu08,27.63,0.000233
Cu08,27.689999999999998,0.0003423333333333333
Cu08,27.75,0.0005103333333333333
Cu08,27.81,0.0007393333333333334
Cu08,27.869999999999997,0.001039
Cu08,27.93,0.0014923333333333334
Cu08,27.99,0.0020786666666666666
Cu08,28.049999999999997,0.0028576666666666668
Cu08,28.11,0.003791333333333333
Cu08,28.17,0.004992
Cu08,28.229999999999997,0.006551
Cu08,28.29,0.008298666666666666
Cu08,28.35,0.010533
Cu08,28.409999999999997,0.013115333333333333
Cu08,28.47,0.015972
Cu08,28.53,0.019229333333333334
Cu08,28.589999999999996,0.022832
Cu08,28.65,0.026427
Cu08,28.71,0.030389
Cu08,28.769999999999996,0.034123
Cu08,28.83,0.037873333333333335
Cu08,28.89,0.04130366666666667
Cu08,28.95,0.044326
Cu08,29.009999999999998,0.04671733333333333
Cu08,29.07,0.048764
Cu08,29.13,0.049767
Cu08,29.189999999999998,0.050374
Cu08,29.25,0.049819
Cu08,29.31,0.04870633333333333
Cu08,29.369999999999997,0.04688133333333333
Cu08,29.43,0.044512333333333334
Cu08,29.49,0.041502333333333336
Cu08,29.549999999999997,0.03795766666666667
Cu08,29.61,0.034204
Cu08,29.67,0.030346333333333333
Cu08,29.729999999999997,0.026535666666666666
Cu08,29.79,0.022663
Cu08,29.85,0.019208666666666666
Cu08,29.909999999999997,0.015956333333333333
Cu08,29.97,0.013073333333333333
Cu08,30.03,0.010484
Cu08,30.089999999999996,0.008419333333333332
Cu08,30.15,0.0064993333333333335
Cu08,30.21,0.0050746666666666666
Cu08,30.269999999999996,0.003742
Cu08,30.33,0.0027316666666666665
Cu08,30.39,0.002049333333333333
Cu08,30.45,0.001447
Cu08,30.509999999999998,0.0010143333333333332
Cu08,30.57,0.0007136666666666667
Cu08,30.63,0.0004903333333333333
Cu08,30.689999999999998,0.000313
Cu08,30.75,0.000224
Cu08,30.81,0.00013566666666666667
Cu08,30.869999999999997,8.366666666666666e-05
Cu08,30.93,5.1666666666666664e-05
Cu08,30.99,3.3e-05
Cu08,31.049999999999997,1.8666666666666665e-05
Cu08,31.11,1.1e-05
Cu08,31.17,9e-06
Cu08,31.229999999999997,3.6666666666666666e-06
Cu08,31.29,3e-06
Cu08,31.35,1e-06
Cu08,31.409999999999997,3.3333333333333335e-07
Cu08,31.47,1e-06
Cu08,31.53,0.0
Cu08,31.589999999999996,3.3333333333333335e-07
Al_degrader_E2_E1,24.57,2.5e-07
Al_degrader_E2_E1,24.63,8.75e-07
Al_degrader_E2_E1,24.689999999999998,7.5e-07
Al_degrader_E2_E1,24.75,1.125e-06
Al_degrader_E2_E1,24.81,2.375e-06
Al_degrader_E2_E1,24.869999999999997,3.375e-06
Al_degrader_E2_E1,24.93,4.125e-06
Al_degrader_E2_E1,24.990000000000002,9.125e-06
Al_degrader_E2_E1,25.049999999999997,1.075e-05
Al_degrader_E2_E1,25.11,1.9875e-05
Al_degrader_E2_E1,25.17,2.6875e-05
Al_degrader_E2_E1,25.229999999999997,3.9375e-05
Al_degrader_E2_E1,25.29,6.1625e-05
Al_degrader_E2_E1,25.35,8.575e-05
Al_degrader_E2_E1,25.409999999999997,0.0001275
Al_degrader_E2_E1,25.47,0.00017925
Al_degrader_E2_E1,25.53,0.000248875
Al_degrader_E2_E1,25.589999999999996,0.00032775
Al_degrader_E2_E1,25.65,0.000450375
Al_degrader_E2_E1,25.71,0.000621125
Al_degrader_E2_E1,25.77,0.000840125
Al_degrader_E2_E1,25.83,0.0010535
Al_degrader_E2_E1,25.89,0.001356125
Al_degrader_E2_E1,25.95,0.00170025
Al_degrader_E2_E1,26.009999999999998,0.002173375
Al_degrader_E2_E1,26.07,0.002688625
Al_degrader_E2_E1,26.13,0.003342375
Al_degrader_E2_E1,26.189999999999998,0.003992125
Al_degrader_E2_E1,26.25,0.004753875
Al_degrader_E2_E1,26.31,0.005597625
Al_degrader_E2_E1,26.369999999999997,0.006511875
Al_degrader_E2_E1,26.43,0.007554125
Al_degrader_E2_E1,26.49,0.0086425
Al_degrader_E2_E1,26.549999999999997,0.00963375
Al_degrader_E2_E1,26.61,0.01078325
Al_degrader_E2_E1,26.67,0.01192425
Al_degrader_E2_E1,26.729999999999997,0.013077625
Al_degrader_E2_E1,26.79,0.01416
Al_degrader_E2_E1,26.85,0.015212875
Al_degrader_E2_E1,26.909999999999997,0.016235375
Al_degrader_E2_E1,26.97,0.01720025
Al_degrader_E2_E1,27.03,0.018051875
Al_degrader_E2_E1,27.089999999999996,0.0189115
Al_degrader_E2_E1,27.15,0.01966975
Al_degrader_E2_E1,27.21,0.020216625
Al_degrader_E2_E1,27.27,0.020827
Al_degrader_E2_E1,27.33,0.02127525
Al_degrader_E2_E1,27.39,0.021677
Al_degrader_E2_E1,27.45,0.02200625
Al_degrader_E2_E1,27.509999999999998,0.02235
Al_degrader_E2_E1,27.57,0.02255525
Al_degrader_E2_E1,27.63,0.022797
Al_degrader_E2_E1,27.689999999999998,0.022873375
Al_degrader_E2_E1,27.75,0.02305
Al_degrader_E2_E1,27.81,0.023161625
Al_degrader_E2_E1,27.869999999999997,0.0231825
Al_degrader_E2_E1,27.93,0.02333875
Al_degrader_E2_E1,27.99,0.0232825
Al_degrader_E2_E1,28.049999999999997,0.023312875
Al_degrader_E2_E1,28.11,0.0233495
Al_degrader_E2_E1,28.17,0.023276625
Al_degrader_E2_E1,28.229999999999997,0.0232535
Al_degrader_E2_E1,28.29,0.023139
Al_degrader_E2_E1,28.35,0.022976875
Al_degrader_E2_E1,28.409999999999997,0.022753875
Al_degrader_E2_E1,28.47,0.022556
Al_degrader_E2_E1,28.53,0.02218475
Al_degrader_E2_E1,28.589999999999996,0.021816875
Al_degrader_E2_E1,28.65,0.021214125
Al_degrader_E2_E1,28.71,0.020533375
Al_degrader_E2_E1,28.769999999999996,0.019877125
Al_degrader_E2_E1,28.83,0.01906075
Al_degrader_E2_E1,28.89,0.01816825
Al_degrader_E2_E1,28.95,0.017066625
Al_degrader_E2_E1,29.009999999999998,0.015933125
Al_degrader_E2_E1,29.07,0.014815375
Al_degrader_E2_E1,29.13,0.013531875
Al_degrader_E2_E1,29.189999999999998,0.01235375
Al_degrader_E2_E1,29.25,0.011036125
Al_degrader_E2_E1,29.31,0.009791
Al_degrader_E2_E1,29.369999999999997,0.008555125
Al_degrader_E2_E1,29.43,0.007467125
Al_degrader_E2_E1,29.49,0.0063665
Al_degrader_E2_E1,29.549999999999997,0.00533575
Al_degrader_E2_E1,29.61,0.004419875
Al_degrader_E2_E1,29.67,0.003595375
Al_degrader_E2_E1,29.729999999999997,0.00291375
Al_degrader_E2_E1,29.79,0.002333625
Al_degrader_E2_E1,29.85,0.00183875
Al_degrader_E2_E1,29.909999999999997,0.0014425
Al_degrader_E2_E1,29.97,0.001071375
Al_degrader_E2_E1,30.03,0.000798375
Al_degrader_E2_E1,30.089999999999996,0.000589375
Al_degrader_E2_E1,30.15,0.0004375
Al_degrader_E2_E1,30.21,0.00030125
Al_degrader_E2_E1,30.269999999999996,0.0002155
Al_degrader_E2_E1,30.33,0.000145375
Al_degrader_E2_E1,30.39,9.9375e-05
Al_degrader_E2_E1,30.45,7.4625e-05
Al_degrader_E2_E1,30.509999999999998,4.35e-05
Al_degrader_E2_E1,30.57,2.75e-05
Al_degrader_E2_E1,30.63,1.725e-05
Al_degrader_E2_E1,30.689999999999998,1.125e-05
Al_degrader_E2_E1,30.75,6e-06
Al_degrader_E2_E1,30.81,4.25e-06
Al_degrader_E2_E1,30.869999999999997,3e-06
Al_degrader_E2_E1,30.93,1.25e-06
Al_degrader_E2_E1,30.99,1.25e-06
Al_degrader_E2_E1,31.049999999999997,3.75e-07
Al_degrader_E2_E1,31.11,2.5e-07
Al_degrader_E2_E1,31.17,2.5e-07
Al_degrader_E2_E1,31.229999999999997,0.0
Al_degrader_E2_E1,31.29,1.25e-07
Ni09,24.21,6.666666666666667e-07
Ni09,24.27,2.333333333333333e-06
Ni09,24.33,2e-06
Ni09,24.39,3.3333333333333333e-06
Ni09,24.45,8e-06
Ni09,24.509999999999998,1.1333333333333334e-05
Ni09,24.57,1.3666666666666667e-05
Ni09,24.63,2.966666666666667e-05
Ni09,24.689999999999998,3.566666666666667e-05
Ni09,24.75,5.7e-05
Ni09,24.81,9.133333333333334e-05
Ni09,24.869999999999997,0.000125
Ni09,24.93,0.00019766666666666666
Ni09,24.990000000000002,0.00028033333333333333
Ni09,25.049999999999997,0.000402
Ni09,25.11,0.0005876666666666667
Ni09,25.17,0.0008136666666666666
Ni09,25.229999999999997,0.0010996666666666668
Ni09,25.29,0.0015146666666666668
Ni09,25.35,0.0020603333333333333
Ni09,25.409999999999997,0.002782
Ni09,25.47,0.0035886666666666667
Ni09,25.53,0.004627333333333333
Ni09,25.589999999999996,0.005910333333333333
Ni09,25.65,0.007389333333333334
Ni09,25.71,0.009204333333333333
Ni09,25.77,0.011376333333333334
Ni09,25.83,0.013744333333333334
Ni09,25.89,0.016305
Ni09,25.95,0.019289
Ni09,26.009999999999998,0.022290666666666667
Ni09,26.07,0.025579333333333332
Ni09,26.13,0.028853333333333335
Ni09,26.189999999999998,0.03213833333333333
Ni09,26.25,0.035270666666666665
Ni09,26.31,0.038281
Ni09,26.369999999999997,0.040764
Ni09,26.43,0.04296933333333333
Ni09,26.49,0.04479166666666667
Ni09,26.549999999999997,0.045789
Ni09,26.61,0.046522
Ni09,26.67,0.04645966666666667
Ni09,26.729999999999997,0.045824333333333335
Ni09,26.79,0.04454866666666667
Ni09,26.85,0.042784
Ni09,26.909999999999997,0.04057433333333333
Ni09,26.97,0.037816
Ni09,27.03,0.034746
Ni09,27.089999999999996,0.031577
Ni09,27.15,0.028243333333333332
Ni09,27.21,0.025005
Ni09,27.27,0.02165
Ni09,27.33,0.018571
Ni09,27.39,0.015698
Ni09,27.45,0.013095
Ni09,27.509999999999998,0.010784333333333333
Ni09,27.57,0.008849666666666667
Ni09,27.63,0.007039
Ni09,27.689999999999998,0.00553
Ni09,27.75,0.004338
Ni09,27.81,0.0032763333333333334
Ni09,27.869999999999997,0.0024443333333333335
Ni09,27.93,0.0018626666666666668
Ni09,27.99,0.0013476666666666667
Ni09,28.049999999999997,0.000957
Ni09,28.11,0.0007103333333333333
Ni09,28.17,0.00048166666666666665
Ni09,28.229999999999997,0.00032733333333333334
Ni09,28.29,0.00023966666666666667
Ni09,28.35,0.000152
Ni09,28.409999999999997,9.9e-05
Ni09,28.47,6e-05
Ni09,28.53,4.133333333333333e-05
Ni09,28.589999999999996,2.3e-05
Ni09,28.65,1.5666666666666667e-05
Ni09,28.71,1.1666666666666666e-05
Ni09,28.769999999999996,6e-06
Ni09,28.83,3.3333333333333333e-06
Ni09,28.89,3.3333333333333333e-06
Ni09,28.95,6.666666666666667e-07
Ni09,29.009999999999998,3.3333333333333335e-07
Ni09,29.07,1e-06
Ni09,29.13,0.0
Ni09,29.189999999999998,3.3333333333333335e-07
Sn09,24.15,2.333333333333333e-06
Sn09,24.21,4.666666666666666e-06
Sn09,24.27,8e-06
Sn09,24.33,9.666666666666667e-06
Sn09,24.39,1.4e-05
Sn09,24.45,2.3e-05
Sn09,24.509999999999998,3.6e-05
Sn09,24.57,5.1666666666666664e-05
Sn09,24.63,8.566666666666667e-05
Sn09,24.689999999999998,0.00011366666666666666
Sn09,24.75,0.000187
Sn09,24.81,0.0002643333333333333
Sn09,24.869999999999997,0.000396
Sn09,24.93,0.000567
Sn09,24.990000000000002,0.0008036666666666666
Sn09,25.049999999999997,0.0011283333333333334
Sn09,25.11,0.0015343333333333333
Sn09,25.17,0.0020846666666666665
Sn09,25.229999999999997,0.00278
Sn09,25.29,0.0037296666666666667
Sn09,25.35,0.004921
Sn09,25.409999999999997,0.006274333333333333
Sn09,25.47,0.007806666666666667
Sn09,25.53,0.009699333333333334
Sn09,25.589999999999996,0.011946333333333333
Sn09,25.65,0.014542666666666667
Sn09,25.71,0.017587333333333333
Sn09,25.77,0.020705333333333333
Sn09,25.83,0.024108
Sn09,25.89,0.027508
Sn09,25.95,0.031047333333333333
Sn09,26.009999999999998,0.034279333333333335
Sn09,26.07,0.037612
Sn09,26.13,0.04045933333333333
Sn09,26.189999999999998,0.043235666666666665
Sn09,26.25,0.045387
Sn09,26.31,0.046862666666666664
Sn09,26.369999999999997,0.04756966666666667
Sn09,26.43,0.04788733333333333
Sn09,26.49,0.047337333333333335
Sn09,26.549999999999997,0.046249
Sn09,26.61,0.044627
Sn09,26.67,0.04233166666666666
Sn09,26.729999999999997,0.039717333333333334
Sn09,26.79,0.036763
Sn09,26.85,0.03342166666666667
Sn09,26.909999999999997,0.029745333333333332
Sn09,26.97,0.026018333333333334
Sn09,27.03,0.022422
Sn09,27.089999999999996,0.019162
Sn09,27.15,0.016286
Sn09,27.21,0.01358
Sn09,27.27,0.011166666666666667
Sn09,27.33,0.009067666666666667
Sn09,27.39,0.007206
Sn09,27.45,0.005572
Sn09,27.509999999999998,0.004311666666666667
Sn09,27.57,0.003277
Sn09,27.63,0.002429
Sn09,27.689999999999998,0.0017773333333333332
Sn09,27.75,0.001314
Sn09,27.81,0.000923
Sn09,27.869999999999997,0.0006673333333333334
Sn09,27.93,0.00047633333333333333
Sn09,27.99,0.00031966666666666667
Sn09,28.049999999999997,0.00020866666666666668
Sn09,28.11,0.00013
Sn09,28.17,8.233333333333333e-05
Sn09,28.229999999999997,5.3e-05
Sn09,28.29,3.3e-05
Sn09,28.35,2.4666666666666665e-05
Sn09,28.409999999999997,1.5666666666666667e-05
Sn09,28.47,8.666666666666666e-06
Sn09,28.53,5.666666666666667e-06
Sn09,28.589999999999996,2.666666666666667e-06
Sn09,28.65,2e-06
Sn09,28.71,6.666666666666667e-07
Sn09,28.769999999999996,6.666666666666667e-07
Sn09,28.83,6.666666666666667e-07
Sn09,28.89,3.3333333333333335e-07
Ta09,23.85,2.333333333333333e-06
Ta09,23.909999999999997,2e-06
Ta09,23.97,4.333333333333333e-06
Ta09,24.03,6.666666666666667e-06
Ta09,24.089999999999996,8.666666666666666e-06
Ta09,24.15,1.633333333333333e-05
Ta09,24.21,2.4333333333333333e-05
Ta09,24.27,3.4666666666666665e-05
Ta09,24.33,5.566666666666667e-05
Ta09,24.39,7.533333333333334e-05
Ta09,24.45,0.00012033333333333334
Ta09,24.509999999999998,0.00017366666666666667
Ta09,24.57,0.00026333333333333336
Ta09,24.63,0.000363
Ta09,24.689999999999998,0.0005396666666666667
Ta09,24.75,0.000737
Ta09,24.81,0.0010256666666666667
Ta09,24.869999999999997,0.0014026666666666666
Ta09,24.93,0.001919
Ta09,24.990000000000002,0.002559333333333333
Ta09,25.049999999999997,0.0033743333333333334
Ta09,25.11,0.004286
Ta09,25.17,0.005593666666666667
Ta09,25.229999999999997,0.006970666666666667
Ta09,25.29,0.008713
Ta09,25.35,0.010715666666666667
Ta09,25.409999999999997,0.013067333333333334
Ta09,25.47,0.015584
Ta09,25.53,0.018429666666666667
Ta09,25.589999999999996,0.021537
Ta09,25.65,0.024755666666666665
Ta09,25.71,0.028042
Ta09,25.77,0.031188666666666667
Ta09,25.83,0.03446833333333333
Ta09,25.89,0.037342
Ta09,25.95,0.04032
Ta09,26.009999999999998,0.042451666666666665
Ta09,26.07,0.04437566666666667
Ta09,26.13,0.04558966666666667
Ta09,26.189999999999998,0.04636666666666667
Ta09,26.25,0.046587333333333335
Ta09,26.31,0.045967666666666664
Ta09,26.369999999999997,0.044917
Ta09,26.43,0.043222
Ta09,26.49,0.041162
Ta09,26.549999999999997,0.038669
Ta09,26.61,0.035619333333333336
Ta09,26.67,0.03251333333333333
Ta09,26.729999999999997,0.029065666666666667
Ta09,26.79,0.025869666666666666
Ta09,26.85,0.022453333333333332
Ta09,26.909999999999997,0.019335
Ta09,26.97,0.016391
Ta09,27.03,0.013810666666666667
Ta09,27.089999999999996,0.011372666666666666
Ta09,27.15,0.009295666666666667
Ta09,27.21,0.007514333333333333
Ta09,27.27,0.005916
Ta09,27.33,0.004650333333333334
Ta09,27.39,0.003532
Ta09,27.45,0.0026616666666666668
Ta09,27.509999999999998,0.0020046666666666667
Ta09,27.57,0.0014636666666666667
Ta09,27.63,0.0010753333333333333
Ta09,27.689999999999998,0.000766
Ta09,27.75,0.000557
Ta09,27.81,0.00035833333333333333
Ta09,27.869999999999997,0.000266
Ta09,27.93,0.00017233333333333334
Ta09,27.99,0.00011066666666666667
Ta09,28.049999999999997,7.133333333333334e-05
Ta09,28.11,4.633333333333333e-05
Ta09,28.17,2.7666666666666667e-05
Ta09,28.229999999999997,1.9e-05
Ta09,28.29,1.0333333333333333e-05
Ta09,28.35,8.333333333333334e-06
Ta09,28.409999999999997,5e-06
Ta09,28.47,3e-06
Ta09,28.53,1.6666666666666667e-06
Ta09,28.589999999999996,6.666666666666667e-07
Ta09,28.65,1e-06
Ta09,28.71,0.0
Ta09,28.769999999999996,0.0
Ta09,28.83,3.3333333333333335e-07
Cu09,23.490000000000002,2e-06
Cu09,23.549999999999997,1.3333333333333334e-06
Cu09,23.61,3e-06
Cu09,23.67,6.333333333333333e-06
Cu09,23.729999999999997,7.333333333333333e-06
Cu09,23.79,1.2e-05
Cu09,23.85,1.8e-05
Cu09,23.909999999999997,3.0333333333333333e-05
Cu09,23.97,4.2e-05
Cu09,24.03,6.433333333333333e-05
Cu09,24.089999999999996,9.333333333333333e-05
Cu09,24.15,0.00013733333333333333
Cu09,24.21,0.00020766666666666665
Cu09,24.27,0.000296
Cu09,24.33,0.000434
Cu09,24.39,0.000585
Cu09,24.45,0.0008536666666666666
Cu09,24.509999999999998,0.0011146666666666666
Cu09,24.57,0.0015363333333333333
Cu09,24.63,0.0020666666666666667
Cu09,24.689999999999998,0.0027923333333333333
Cu09,24.75,0.0035806666666666665
Cu09,24.81,0.004568333333333333
Cu09,24.869999999999997,0.0058586666666666665
Cu09,24.93,0.007296666666666667
Cu09,24.990000000000002,0.009037666666666666
Cu09,25.049999999999997,0.011136333333333333
Cu09,25.11,0.013389
Cu09,25.17,0.015884
Cu09,25.229999999999997,0.018741666666666667
Cu09,25.29,0.021727
Cu09,25.35,0.024863666666666666
Cu09,25.409999999999997,0.028144
Cu09,25.47,0.031193666666666668
Cu09,25.53,0.034315
Cu09,25.589999999999996,0.037144666666666666
Cu09,25.65,0.039918666666666665
Cu09,25.71,0.041899
Cu09,25.77,0.043921666666666664
Cu09,25.83,0.044979
Cu09,25.89,0.045641
Cu09,25.95,0.045948666666666665
Cu09,26.009999999999998,0.045388
Cu09,26.07,0.04428133333333333
Cu09,26.13,0.04266966666666667
Cu09,26.189999999999998,0.04074933333333333
Cu09,26.25,0.038255333333333336
Cu09,26.31,0.03533633333333333
Cu09,26.369999999999997,0.032285
Cu09,26.43,0.028965333333333333
Cu09,26.49,0.025873
Cu09,26.549999999999997,0.022586666666666668
Cu09,26.61,0.019502666666666668
Cu09,26.67,0.016655333333333334
Cu09,26.729999999999997,0.013968
Cu09,26.79,0.011608333333333333
Cu09,26.85,0.009496
Cu09,26.909999999999997,0.007777666666666666
Cu09,26.97,0.0061266666666666665
Cu09,27.03,0.004882
Cu09,27.089999999999996,0.003716
Cu09,27.15,0.0028166666666666665
Cu09,27.21,0.0021286666666666667
Cu09,27.27,0.0016053333333333334
Cu09,27.33,0.0011363333333333334
Cu09,27.39,0.0008373333333333334
Cu09,27.45,0.0006036666666666666
Cu09,27.509999999999998,0.000416
Cu09,27.57,0.000278
Cu09,27.63,0.00020466666666666666
Cu09,27.689999999999998,0.00013
Cu09,27.75,8.2e-05
Cu09,27.81,5.133333333333333e-05
Cu09,27.869999999999997,3.5e-05
Cu09,27.93,2.1666666666666667e-05
Cu09,27.99,1.5e-05
Cu09,28.049999999999997,1e-05
Cu09,28.11,5e-06
Cu09,28.17,3.3333333333333333e-06
Cu09,28.229999999999997,2.333333333333333e-06
Cu09,28.29,1e-06
Cu09,28.35,0.0
Cu09,28.409999999999997,1e-06
Cu09,28.47,0.0
Cu09,28.53,3.3333333333333335e-07
Al_degrader_E4_E3,20.79,3e-07
Al_degrader_E4_E3,20.85,6e-07
Al_degrader_E4_E3,20.909999999999997,6e-07
Al_degrader_E4_E3,20.97,8e-07
Al_degrader_E4_E3,21.03,1.4e-06
Al_degrader_E4_E3,21.089999999999996,2e-06
Al_degrader_E4_E3,21.15,3.4e-06
Al_degrader_E4_E3,21.21,4.4e-06
Al_degrader_E4_E3,21.27,7e-06
Al_degrader_E4_E3,21.33,9.4e-06
Al_degrader_E4_E3,21.39,1.45e-05
Al_degrader_E4_E3,21.45,2.02e-05
Al_degrader_E4_E3,21.509999999999998,2.85e-05
Al_degrader_E4_E3,21.57,4.19e-05
Al_degrader_E4_E3,21.63,5.78e-05
Al_degrader_E4_E3,21.689999999999998,7.9e-05
Al_degrader_E4_E3,21.75,0.0001107
Al_degrader_E4_E3,21.81,0.0001488
Al_degrader_E4_E3,21.869999999999997,0.0002012
Al_degrader_E4_E3,21.93,0.0002624
Al_degrader_E4_E3,21.990000000000002,0.0003463
Al_degrader_E4_E3,22.049999999999997,0.0004605
Al_degrader_E4_E3,22.11,0.0006096
Al_degrader_E4_E3,22.17,0.0007663
Al_degrader_E4_E3,22.229999999999997,0.0009418
Al_degrader_E4_E3,22.29,0.0011875
Al_degrader_E4_E3,22.35,0.0014693
Al_degrader_E4_E3,22.409999999999997,0.0018374
Al_degrader_E4_E3,22.47,0.0022086
Al_degrader_E4_E3,22.53,0.0026624
Al_degrader_E4_E3,22.589999999999996,0.0031974
Al_degrader_E4_E3,22.65,0.0037415
Al_degrader_E4_E3,22.71,0.0044177
Al_degrader_E4_E3,22.77,0.0050681
Al_degrader_E4_E3,22.83,0.0058604
Al_degrader_E4_E3,22.89,0.0066346
Al_degrader_E4_E3,22.95,0.0074787
Al_degrader_E4_E3,23.009999999999998,0.0083841
Al_degrader_E4_E3,23.07,0.0092535
Al_degrader_E4_E3,23.13,0.0102418
Al_degrader_E4_E3,23.189999999999998,0.0111219
Al_degrader_E4_E3,23.25,0.0120724
Al_degrader_E4_E3,23.31,0.0129766
Al_degrader_E4_E3,23.369999999999997,0.0138349
Al_degrader_E4_E3,23.43,0.0147402
Al_degrader_E4_E3,23.490000000000002,0.0155264
Al_degrader_E4_E3,23.549999999999997,0.0162989
Al_degrader_E4_E3,23.61,0.0170007
Al_degrader_E4_E3,23.67,0.0176567
Al_degrader_E4_E3,23.729999999999997,0.0183203
Al_degrader_E4_E3,23.79,0.0187457
Al_degrader_E4_E3,23.85,0.0192466
Al_degrader_E4_E3,23.909999999999997,0.019612
Al_degrader_E4_E3,23.97,0.0200275
Al_degrader_E4_E3,24.03,0.0203156
Al_degrader_E4_E3,24.089999999999996,0.0205928
Al_degrader_E4_E3,24.15,0.0208184
Al_degrader_E4_E3,24.21,0.0209703
Al_degrader_E4_E3,24.27,0.0211517
Al_degrader_E4_E3,24.33,0.0213463
Al_degrader_E4_E3,24.39,0.0213841
Al_degrader_E4_E3,24.45,0.0214781
Al_degrader_E4_E3,24.509999999999998,0.0215464
Al_degrader_E4_E3,24.57,0.0216416
Al_degrader_E4_E3,24.63,0.0216109
Al_degrader_E4_E3,24.689999999999998,0.0216558
Al_degrader_E4_E3,24.75,0.0216213
Al_degrader_E4_E3,24.81,0.021617
Al_degrader_E4_E3,24.869999999999997,0.0215757
Al_degrader_E4_E3,24.93,0.0214406
Al_degrader_E4_E3,24.990000000000002,0.0213139
Al_degrader_E4_E3,25.049999999999997,0.0211086
Al_degrader_E4_E3,25.11,0.0209592
Al_degrader_E4_E3,25.17,0.0206207
Al_degrader_E4_E3,25.229999999999997,0.020228
Al_degrader_E4_E3,25.29,0.0198197
Al_degrader_E4_E3,25.35,0.0193291
Al_degrader_E4_E3,25.409999999999997,0.0187443
Al_degrader_E4_E3,25.47,0.0180616
Al_degrader_E4_E3,25.53,0.0173173
Al_degrader_E4_E3,25.589999999999996,0.0164617
Al_degrader_E4_E3,25.65,0.0156408
Al_degrader_E4_E3,25.71,0.0146424
Al_degrader_E4_E3,25.77,0.0136529
Al_degrader_E4_E3,25.83,0.0126044
Al_degrader_E4_E3,25.89,0.0115081
Al_degrader_E4_E3,25.95,0.0105548
Al_degrader_E4_E3,26.009999999999998,0.0094031
Al_degrader_E4_E3,26.07,0.0083883
Al_degrader_E4_E3,26.13,0.0073761
Al_degrader_E4_E3,26.189999999999998,0.0064698
Al_degrader_E4_E3,26.25,0.0055762
Al_degrader_E4_E3,26.31,0.004714
Al_degrader_E4_E3,26.369999999999997,0.0039734
Al_degrader_E4_E3,26.43,0.0032937
Al_degrader_E4_E3,26.49,0.0027347
Al_degrader_E4_E3,26.549999999999997,0.0022049
Al_degrader_E4_E3,26.61,0.0017975
Al_degrader_E4_E3,26.67,0.0014155
Al_degrader_E4_E3,26.729999999999997,0.001126
Al_degrader_E4_E3,26.79,0.0008542
Al_degrader_E4_E3,26.85,0.0006494
Al_degrader_E4_E3,26.909999999999997,0.0004898
Al_degrader_E4_E3,26.97,0.0003656
Al_degrader_E4_E3,27.03,0.0002622
Al_degrader_E4_E3,27.089999999999996,0.0001941
Al_degrader_E4_E3,27.15,0.0001371
Al_degrader_E4_E3,27.21,9.63e-05
Al_degrader_E4_E3,27.27,6.7e-05
Al_degrader_E4_E3,27.33,4.81e-05
Al_degrader_E4_E3,27.39,3.05e-05
Al_degrader_E4_E3,27.45,1.97e-05
Al_degrader_E4_E3,27.509999999999998,1.29e-05
Al_degrader_E4_E3,27.57,8.3e-06
Al_degrader_E4_E3,27.63,5.1e-06
Al_degrader_E4_E3,27.689999999999998,3.4e-06
Al_degrader_E4_E3,27.75,2.6e-06
Al_degrader_E4_E3,27.81,1.2e-06
Al_degrader_E4_E3,27.869999999999997,9e-07
Al_degrader_E4_E3,27.93,4e-07
Al_degrader_E4_E3,27.99,4e-07
Al_degrader_E4_E3,28.049999999999997,0.0
Al_degrader_E4_E3,28.11,2e-07
Al_degrader_E4_E3,28.17,0.0
Al_degrader_E4_E3,28.229999999999997,1e-07
Ni10,20.369999999999997,1e-06
Ni10,20.43,2e-06
Ni10,20.490000000000002,2e-06
Ni10,20.549999999999997,2.666666666666667e-06
Ni10,20.61,7e-06
Ni10,20.67,6.666666666666667e-06
Ni10,20.729999999999997,1.2666666666666667e-05
Ni10,20.79,1.5e-05
Ni10,20.85,2.7e-05
Ni10,20.909999999999997,3.2e-05
Ni10,20.97,5.2e-05
Ni10,21.03,6.966666666666666e-05
Ni10,21.089999999999996,0.00010766666666666666
Ni10,21.15,0.000144
Ni10,21.21,0.00020166666666666667
Ni10,21.27,0.000296
Ni10,21.33,0.00038833333333333336
Ni10,21.39,0.00054
Ni10,21.45,0.0007246666666666666
Ni10,21.509999999999998,0.0009413333333333333
Ni10,21.57,0.0012556666666666666
Ni10,21.63,0.001668
Ni10,21.689999999999998,0.002145
Ni10,21.75,0.002779666666666667
Ni10,21.81,0.003409
Ni10,21.869999999999997,0.004343666666666667
Ni10,21.93,0.005363
Ni10,21.990000000000002,0.006543666666666666
Ni10,22.049999999999997,0.007919333333333334
Ni10,22.11,0.009665333333333333
Ni10,22.17,0.011489666666666667
Ni10,22.229999999999997,0.013284
Ni10,22.29,0.015651
Ni10,22.35,0.017985333333333332
Ni10,22.409999999999997,0.020435
Ni10,22.47,0.023009
Ni10,22.53,0.025683333333333332
Ni10,22.589999999999996,0.028278
Ni10,22.65,0.030829
Ni10,22.71,0.03321466666666667
Ni10,22.77,0.035382333333333335
Ni10,22.83,0.037386
Ni10,22.89,0.038878666666666666
Ni10,22.95,0.040306666666666664
Ni10,23.009999999999998,0.041104666666666664
Ni10,23.07,0.041590666666666665
Ni10,23.13,0.0416
Ni10,23.189999999999998,0.04112866666666667
Ni10,23.25,0.040299
Ni10,23.31,0.03903633333333333
Ni10,23.369999999999997,0.03739666666666667
Ni10,23.43,0.035388666666666665
Ni10,23.490000000000002,0.03319933333333333
Ni10,23.549999999999997,0.030752
Ni10,23.61,0.028042
Ni10,23.67,0.025486
Ni10,23.729999999999997,0.022782333333333335
Ni10,23.79,0.020149666666666666
Ni10,23.85,0.017565333333333332
Ni10,23.909999999999997,0.015217333333333333
Ni10,23.97,0.013015
Ni10,24.03,0.010918
Ni10,24.089999999999996,0.009242
Ni10,24.15,0.007644
Ni10,24.21,0.006207
Ni10,24.27,0.005024
Ni10,24.33,0.004043666666666667
Ni10,24.39,0.0031323333333333333
Ni10,24.45,0.002421
Ni10,24.509999999999998,0.0018733333333333334
Ni10,24.57,0.001458
Ni10,24.63,0.001046
Ni10,24.689999999999998,0.000788
Ni10,24.75,0.000594
Ni10,24.81,0.000421
Ni10,24.869999999999997,0.00029066666666666667
Ni10,24.93,0.000223
Ni10,24.990000000000002,0.000151
Ni10,25.049999999999997,9.6e-05
Ni10,25.11,6.766666666666667e-05
Ni10,25.17,4.3333333333333334e-05
Ni10,25.229999999999997,2.966666666666667e-05
Ni10,25.29,1.8e-05
Ni10,25.35,1.2666666666666667e-05
Ni10,25.409999999999997,1e-05
Ni10,25.47,5e-06
Ni10,25.53,2.666666666666667e-06
Ni10,25.589999999999996,3.3333333333333333e-06
Ni10,25.65,6.666666666666667e-07
Ni10,25.71,6.666666666666667e-07
Ni10,25.77,1e-06
Ni10,25.83,0.0
Ni10,25.89,0.0
Ni10,25.95,3.3333333333333335e-07
Sn10,20.25,1e-06
Sn10,20.31,3e-06
Sn10,20.369999999999997,4.666666666666666e-06
Sn10,20.43,6.666666666666667e-06
Sn10,20.490000000000002,9e-06
Sn10,20.549999999999997,1.2666666666666667e-05
Sn10,20.61,1.9e-05
Sn10,20.67,2.4333333333333333e-05
Sn10,20.729999999999997,4.1e-05
Sn10,20.79,5.2e-05
Sn10,20.85,8.066666666666667e-05
Sn10,20.909999999999997,0.000112
Sn10,20.97,0.00016633333333333333
Sn10,21.03,0.000226
Sn10,21.089999999999996,0.000317
Sn10,21.15,0.00043633333333333333
Sn10,21.21,0.0006206666666666667
Sn10,21.27,0.0008213333333333333
Sn10,21.33,0.001105
Sn10,21.39,0.0014533333333333334
Sn10,21.45,0.0018723333333333333
Sn10,21.509999999999998,0.002431
Sn10,21.57,0.003167333333333333
Sn10,21.63,0.004079333333333333
Sn10,21.689999999999998,0.0050813333333333335
Sn10,21.75,0.006207333333333333
Sn10,21.81,0.007508
Sn10,21.869999999999997,0.00915
Sn10,21.93,0.010932
Sn10,21.990000000000002,0.013063333333333333
Sn10,22.049999999999997,0.015445666666666667
Sn10,22.11,0.017968
Sn10,22.17,0.020588333333333333
Sn10,22.229999999999997,0.023222
Sn10,22.29,0.026027333333333333
Sn10,22.35,0.028742
Sn10,22.409999999999997,0.03140933333333333
Sn10,22.47,0.03391266666666667
Sn10,22.53,0.036269333333333334
Sn10,22.589999999999996,0.038467
Sn10,22.65,0.040148333333333334
Sn10,22.71,0.041584666666666666
Sn10,22.77,0.042416666666666665
Sn10,22.83,0.042724333333333336
Sn10,22.89,0.042603666666666665
Sn10,22.95,0.042081
Sn10,23.009999999999998,0.041173666666666664
Sn10,23.07,0.03976866666666667
Sn10,23.13,0.037880333333333335
Sn10,23.189999999999998,0.035846
Sn10,23.25,0.03352533333333333
Sn10,23.31,0.031014666666666666
Sn10,23.369999999999997,0.028047666666666665
Sn10,23.43,0.025133666666666665
Sn10,23.490000000000002,0.022136
Sn10,23.549999999999997,0.019277666666666665
Sn10,23.61,0.016733666666666668
Sn10,23.67,0.014492333333333333
Sn10,23.729999999999997,0.012264333333333334
Sn10,23.79,0.010348666666666667
Sn10,23.85,0.008585333333333334
Sn10,23.909999999999997,0.007023
Sn10,23.97,0.0056103333333333335
Sn10,24.03,0.004454666666666667
Sn10,24.089999999999996,0.003505
Sn10,24.15,0.0027136666666666667
Sn10,24.21,0.0020596666666666667
Sn10,24.27,0.0015703333333333333
Sn10,24.33,0.0011886666666666666
Sn10,24.39,0.0008753333333333333
Sn10,24.45,0.0006413333333333334
Sn10,24.509999999999998,0.0004733333333333333
Sn10,24.57,0.000348
Sn10,24.63,0.000231
Sn10,24.689999999999998,0.000151
Sn10,24.75,0.00010766666666666666
Sn10,24.81,6.8e-05
Sn10,24.869999999999997,4.4e-05
Sn10,24.93,3.066666666666667e-05
Sn10,24.990000000000002,2.3333333333333332e-05
Sn10,25.049999999999997,1.3666666666666667e-05
Sn10,25.11,1.0333333333333333e-05
Sn10,25.17,5.666666666666667e-06
Sn10,25.229999999999997,4.333333333333333e-06
Sn10,25.29,1e-06
Sn10,25.35,1.6666666666666667e-06
Sn10,25.409999999999997,6.666666666666667e-07
Sn10,25.47,3.3333333333333335e-07
Sn10,25.53,6.666666666666667e-07
Sn10,25.589999999999996,3.3333333333333335e-07
Ta10,19.89,3.3333333333333335e-07
Ta10,19.95,2e-06
Ta10,20.009999999999998,1.6666666666666667e-06
Ta10,20.07,3.6666666666666666e-06
Ta10,20.13,5e-06
Ta10,20.189999999999998,7.333333333333333e-06
Ta10,20.25,1.2e-05
Ta10,20.31,1.3333333333333333e-05
Ta10,20.369999999999997,2.3e-05
Ta10,20.43,3.1666666666666666e-05
Ta10,20.490000000000002,4.8e-05
Ta10,20.549999999999997,6.333333333333333e-05
Ta10,20.61,9.3e-05
Ta10,20.67,0.00012866666666666666
Ta10,20.729999999999997,0.00018766666666666666
Ta10,20.79,0.00026333333333333336
Ta10,20.85,0.00034533333333333334
Ta10,20.909999999999997,0.000498
Ta10,20.97,0.0006476666666666666
Ta10,21.03,0.0008703333333333333
Ta10,21.089999999999996,0.001145
Ta10,21.15,0.0014976666666666667
Ta10,21.21,0.0019536666666666665
Ta10,21.27,0.0025503333333333333
Ta10,21.33,0.0032186666666666666
Ta10,21.39,0.003944666666666667
Ta10,21.45,0.005024666666666667
Ta10,21.509999999999998,0.006076333333333334
Ta10,21.57,0.0074203333333333335
Ta10,21.63,0.008988
Ta10,21.689999999999998,0.010651
Ta10,21.75,0.012668
Ta10,21.81,0.014686333333333332
Ta10,21.869999999999997,0.017125666666666668
Ta10,21.93,0.019501
Ta10,21.990000000000002,0.022099
Ta10,22.049999999999997,0.024773666666666666
Ta10,22.11,0.027155
Ta10,22.17,0.029934333333333334
Ta10,22.229999999999997,0.032233333333333336
Ta10,22.29,0.034623
Ta10,22.35,0.03660566666666667
Ta10,22.409999999999997,0.038345333333333335
Ta10,22.47,0.039778666666666664
Ta10,22.53,0.040791666666666664
Ta10,22.589999999999996,0.041300666666666666
Ta10,22.65,0.04170133333333333
Ta10,22.71,0.041284
Ta10,22.77,0.040552
Ta10,22.83,0.03952933333333333
Ta10,22.89,0.03794666666666666
Ta10,22.95,0.036248666666666665
Ta10,23.009999999999998,0.034096666666666664
Ta10,23.07,0.031622
Ta10,23.13,0.029154
Ta10,23.189999999999998,0.026387
Ta10,23.25,0.023815666666666666
Ta10,23.31,0.021169666666666666
Ta10,23.369999999999997,0.018423333333333333
Ta10,23.43,0.01611
Ta10,23.490000000000002,0.013763
Ta10,23.549999999999997,0.011787333333333334
Ta10,23.61,0.009850666666666667
Ta10,23.67,0.008260333333333333
Ta10,23.729999999999997,0.006780666666666667
Ta10,23.79,0.005487666666666667
Ta10,23.85,0.0044206666666666665
Ta10,23.909999999999997,0.0034606666666666666
Ta10,23.97,0.002709
Ta10,24.03,0.002093666666666667
Ta10,24.089999999999996,0.0016093333333333333
Ta10,24.15,0.00119
Ta10,24.21,0.000906
Ta10,24.27,0.000678
Ta10,24.33,0.000502
Ta10,24.39,0.00033766666666666667
Ta10,24.45,0.0002556666666666667
Ta10,24.509999999999998,0.00017366666666666667
Ta10,24.57,0.00012
Ta10,24.63,7.833333333333333e-05
Ta10,24.689999999999998,5.133333333333333e-05
Ta10,24.75,3.9e-05
Ta10,24.81,2.3e-05
Ta10,24.869999999999997,1.5666666666666667e-05
Ta10,24.93,9.666666666666667e-06
Ta10,24.990000000000002,8e-06
Ta10,25.049999999999997,4.333333333333333e-06
Ta10,25.11,3.3333333333333333e-06
Ta10,25.17,1.3333333333333334e-06
Ta10,25.229999999999997,1.3333333333333334e-06
Ta10,25.29,0.0
Ta10,25.35,1e-06
Ta10,25.409999999999997,0.0
Ta10,25.47,0.0
Ta10,25.53,3.3333333333333335e-07
Cu10,19.53,1.3333333333333334e-06
Cu10,19.59,2e-06
Cu10,19.65,1.6666666666666667e-06
Cu10,19.71,3.3333333333333333e-06
Cu10,19.77,6.666666666666667e-06
Cu10,19.83,7.333333333333333e-06
Cu10,19.89,1.3e-05
Cu10,19.95,1.633333333333333e-05
Cu10,20.009999999999998,2.6666666666666667e-05
Cu10,20.07,3.1333333333333334e-05
Cu10,20.13,5.066666666666667e-05
Cu10,20.189999999999998,7.033333333333334e-05
Cu10,20.25,0.00010033333333333334
Cu10,20.31,0.00014133333333333334
Cu10,20.369999999999997,0.000187
Cu10,20.43,0.00027266666666666666
Cu10,20.490000000000002,0.00037066666666666666
Cu10,20.549999999999997,0.000497
Cu10,20.61,0.000666
Cu10,20.67,0.0008626666666666666
Cu10,20.729999999999997,0.001161
Cu10,20.79,0.001511
Cu10,20.85,0.0019236666666666666
Cu10,20.909999999999997,0.0025473333333333333
Cu10,20.97,0.003131
Cu10,21.03,0.003883
Cu10,21.089999999999996,0.0049
Cu10,21.15,0.005916666666666666
Cu10,21.21,0.007186
Cu10,21.27,0.008663333333333334
Cu10,21.33,0.010367
Cu10,21.39,0.012177
Cu10,21.45,0.014168333333333333
Cu10,21.509999999999998,0.016378666666666666
Cu10,21.57,0.01877
Cu10,21.63,0.0211
Cu10,21.689999999999998,0.023699333333333333
Cu10,21.75,0.026202333333333334
Cu10,21.81,0.028662333333333335
Cu10,21.869999999999997,0.031103
Cu10,21.93,0.03329566666666667
Cu10,21.990000000000002,0.035437333333333335
Cu10,22.049999999999997,0.03712466666666667
Cu10,22.11,0.03858
Cu10,22.17,0.03979933333333333
Cu10,22.229999999999997,0.040442
Cu10,22.29,0.040872
Cu10,22.35,0.040745666666666666
Cu10,22.409999999999997,0.040154
Cu10,22.47,0.039337
Cu10,22.53,0.038045333333333334
Cu10,22.589999999999996,0.03648033333333333
Cu10,22.65,0.034652333333333334
Cu10,22.71,0.032253
Cu10,22.77,0.030012333333333332
Cu10,22.83,0.027456666666666667
Cu10,22.89,0.024797
Cu10,22.95,0.022349333333333332
Cu10,23.009999999999998,0.019771
Cu10,23.07,0.017238
Cu10,23.13,0.014993333333333332
Cu10,23.189999999999998,0.012859
Cu10,23.25,0.010884666666666667
Cu10,23.31,0.009171
Cu10,23.369999999999997,0.007706333333333333
Cu10,23.43,0.006253666666666667
Cu10,23.490000000000002,0.005057666666666667
Cu10,23.549999999999997,0.0041533333333333335
Cu10,23.61,0.003207
Cu10,23.67,0.0024936666666666666
Cu10,23.729999999999997,0.0019536666666666665
Cu10,23.79,0.001506
Cu10,23.85,0.0011283333333333334
Cu10,23.909999999999997,0.0008353333333333333
Cu10,23.97,0.0006383333333333333
Cu10,24.03,0.000466
Cu10,24.089999999999996,0.00032566666666666665
Cu10,24.15,0.00023666666666666665
Cu10,24.21,0.000166
Cu10,24.27,0.00011533333333333334
Cu10,24.33,7.5e-05
Cu10,24.39,4.966666666666667e-05
Cu10,24.45,3.566666666666667e-05
Cu10,24.509999999999998,2.3e-05
Cu10,24.57,1.4e-05
Cu10,24.63,1e-05
Cu10,24.689999999999998,8e-06
Cu10,24.75,4e-06
Cu10,24.81,3e-06
Cu10,24.869999999999997,2e-06
Cu10,24.93,1e-06
Cu10,24.990000000000002,0.0
Cu10,25.049999999999997,1e-06
Cu10,25.11,0.0
Cu10,25.17,0.0
Cu10,25.229999999999997,3.3333333333333335e-07
Al_degrader_E6_E5,16.35,2.3076923076923078e-07
Al_degrader_E6_E5,16.409999999999997,3.8461538461538463e-07
Al_degrader_E6_E5,16.47,3.8461538461538463e-07
Al_degrader_E6_E5,16.53,6.923076923076923e-07
Al_degrader_E6_E5,16.59,5.384615384615384e-07
Al_degrader_E6_E5,16.65,1.2307692307692308e-06
Al_degrader_E6_E5,16.71,1.5384615384615385e-06
Al_degrader_E6_E5,16.77,2.3846153846153846e-06
Al_degrader_E6_E5,16.83,2.4615384615384615e-06
Al_degrader_E6_E5,16.89,4.769230769230769e-06
Al_degrader_E6_E5,16.95,5.384615384615385e-06
Al_degrader_E6_E5,17.009999999999998,7.615384615384615e-06
Al_degrader_E6_E5,17.07,1.123076923076923e-05
Al_degrader_E6_E5,17.13,1.3e-05
Al_degrader_E6_E5,17.189999999999998,2.1692307692307693e-05
Al_degrader_E6_E5,17.25,2.5e-05
Al_degrader_E6_E5,17.310000000000002,3.7e-05
Al_degrader_E6_E5,17.369999999999997,4.5153846153846154e-05
Al_degrader_E6_E5,17.43,6.346153846153847e-05
Al_degrader_E6_E5,17.490000000000002,8.207692307692308e-05
Al_degrader_E6_E5,17.549999999999997,0.00010753846153846154
Al_degrader_E6_E5,17.61,0.00013915384615384614
Al_degrader_E6_E5,17.67,0.00017238461538461537
Al_degrader_E6_E5,17.729999999999997,0.00022353846153846154
Al_degrader_E6_E5,17.79,0.00028323076923076923
Al_degrader_E6_E5,17.85,0.00035707692307692307
Al_degrader_E6_E5,17.909999999999997,0.00045415384615384615
Al_degrader_E6_E5,17.97,0.0005616153846153846
Al_degrader_E6_E5,18.03,0.0006683846153846154
Al_degrader_E6_E5,18.09,0.0008339230769230769
Al_degrader_E6_E5,18.15,0.0010057692307692309
Al_degrader_E6_E5,18.21,0.0011996153846153847
Al_degrader_E6_E5,18.27,0.001448076923076923
Al_degrader_E6_E5,18.33,0.001697923076923077
Al_degrader_E6_E5,18.39,0.0020322307692307692
Al_degrader_E6_E5,18.45,0.0023935384615384617
Al_degrader_E6_E5,18.509999999999998,0.0027537692307692306
Al_degrader_E6_E5,18.57,0.0031606153846153845
Al_degrader_E6_E5,18.63,0.003673076923076923
Al_degrader_E6_E5,18.689999999999998,0.004153153846153846
Al_degrader_E6_E5,18.75,0.004713307692307692
Al_degrader_E6_E5,18.81,0.005250307692307692
Al_degrader_E6_E5,18.869999999999997,0.005894307692307693
Al_degrader_E6_E5,18.93,0.006550538461538462
Al_degrader_E6_E5,18.990000000000002,0.007223461538461539
Al_degrader_E6_E5,19.049999999999997,0.007858230769230768
Al_degrader_E6_E5,19.11,0.008608153846153847
Al_degrader_E6_E5,19.17,0.009328615384615385
Al_degrader_E6_E5,19.229999999999997,0.010025615384615385
Al_degrader_E6_E5,19.29,0.01073546153846154
Al_degrader_E6_E5,19.35,0.011440538461538462
Al_degrader_E6_E5,19.409999999999997,0.012144615384615384
Al_degrader_E6_E5,19.47,0.012812
Al_degrader_E6_E5,19.53,0.013436
Al_degrader_E6_E5,19.59,0.014068923076923076
Al_degrader_E6_E5,19.65,0.014666153846153846
Al_degrader_E6_E5,19.71,0.015201615384615385
Al_degrader_E6_E5,19.77,0.015715
Al_degrader_E6_E5,19.83,0.016186923076923078
Al_degrader_E6_E5,19.89,0.016645846153846153
Al_degrader_E6_E5,19.95,0.01696123076923077
Al_degrader_E6_E5,20.009999999999998,0.017348923076923078
Al_degrader_E6_E5,20.07,0.017655769230769232
Al_degrader_E6_E5,20.13,0.017965923076923077
Al_degrader_E6_E5,20.189999999999998,0.018158538461538462
Al_degrader_E6_E5,20.25,0.018394692307692306
Al_degrader_E6_E5,20.31,0.018589153846153846
Al_degrader_E6_E5,20.369999999999997,0.01878853846153846
Al_degrader_E6_E5,20.43,0.018884692307692307
Al_degrader_E6_E5,20.490000000000002,0.019025615384615384
Al_degrader_E6_E5,20.549999999999997,0.019127923076923077
Al_degrader_E6_E5,20.61,0.019233846153846153
Al_degrader_E6_E5,20.67,0.019282153846153845
Al_degrader_E6_E5,20.729999999999997,0.01934376923076923
Al_degrader_E6_E5,20.79,0.019403923076923076
Al_degrader_E6_E5,20.85,0.019403076923076922
Al_degrader_E6_E5,20.909999999999997,0.01945546153846154
Al_degrader_E6_E5,20.97,0.019431384615384614
Al_degrader_E6_E5,21.03,0.019391461538461538
Al_degrader_E6_E5,21.089999999999996,0.01934623076923077
Al_degrader_E6_E5,21.15,0.019310538461538462
Al_degrader_E6_E5,21.21,0.019174153846153848
Al_degrader_E6_E5,21.27,0.01904230769230769
Al_degrader_E6_E5,21.33,0.01888
Al_degrader_E6_E5,21.39,0.018698384615384617
Al_degrader_E6_E5,21.45,0.018402153846153846
Al_degrader_E6_E5,21.509999999999998,0.018085615384615384
Al_degrader_E6_E5,21.57,0.017735538461538462
Al_degrader_E6_E5,21.63,0.017352846153846153
Al_degrader_E6_E5,21.689999999999998,0.016845153846153847
Al_degrader_E6_E5,21.75,0.016289538461538463
Al_degrader_E6_E5,21.81,0.01573207692307692
Al_degrader_E6_E5,21.869999999999997,0.015103461538461538
Al_degrader_E6_E5,21.93,0.014409769230769231
Al_degrader_E6_E5,21.990000000000002,0.013632076923076924
Al_degrader_E6_E5,22.049999999999997,0.012866538461538462
Al_degrader_E6_E5,22.11,0.012055769230769231
Al_degrader_E6_E5,22.17,0.01123276923076923
Al_degrader_E6_E5,22.229999999999997,0.010351076923076923
Al_degrader_E6_E5,22.29,0.009552923076923077
Al_degrader_E6_E5,22.35,0.008675384615384616
Al_degrader_E6_E5,22.409999999999997,0.007834384615384615
Al_degrader_E6_E5,22.47,0.007019923076923077
Al_degrader_E6_E5,22.53,0.006264538461538461
Al_degrader_E6_E5,22.589999999999996,0.005518615384615385
Al_degrader_E6_E5,22.65,0.004800538461538461
Al_degrader_E6_E5,22.71,0.004167384615384615
Al_degrader_E6_E5,22.77,0.0035636153846153847
Al_degrader_E6_E5,22.83,0.0030222307692307692
Al_degrader_E6_E5,22.89,0.0025173076923076924
Al_degrader_E6_E5,22.95,0.0021461538461538462
Al_degrader_E6_E5,23.009999999999998,0.0017605384615384616
Al_degrader_E6_E5,23.07,0.0014376153846153846
Al_degrader_E6_E5,23.13,0.0011572307692307693
Al_degrader_E6_E5,23.189999999999998,0.000954076923076923
Al_degrader_E6_E5,23.25,0.0007359230769230769
Al_degrader_E6_E5,23.31,0.0005634615384615385
Al_degrader_E6_E5,23.369999999999997,0.00045538461538461537
Al_degrader_E6_E5,23.43,0.00034869230769230767
Al_degrader_E6_E5,23.490000000000002,0.00025453846153846154
Al_degrader_E6_E5,23.549999999999997,0.00019284615384615385
Al_degrader_E6_E5,23.61,0.00014953846153846153
Al_degrader_E6_E5,23.67,0.0001076923076923077
Al_degrader_E6_E5,23.729999999999997,7.638461538461538e-05
Al_degrader_E6_E5,23.79,5.3692307692307695e-05
Al_degrader_E6_E5,23.85,4.338461538461539e-05
Al_degrader_E6_E5,23.909999999999997,2.7e-05
Al_degrader_E6_E5,23.97,1.8615384615384616e-05
Al_degrader_E6_E5,24.03,1.2384615384615385e-05
Al_degrader_E6_E5,24.089999999999996,8.76923076923077e-06
Al_degrader_E6_E5,24.15,5.5384615384615385e-06
Al_degrader_E6_E5,24.21,3.3846153846153848e-06
Al_degrader_E6_E5,24.27,2.923076923076923e-06
Al_degrader_E6_E5,24.33,1.7692307692307693e-06
Al_degrader_E6_E5,24.39,1.1538461538461538e-06
Al_degrader_E6_E5,24.45,5.384615384615384e-07
Al_degrader_E6_E5,24.509999999999998,6.923076923076923e-07
Al_degrader_E6_E5,24.57,7.692307692307692e-08
Al_degrader_E6_E5,24.63,1.5384615384615385e-07
Al_degrader_E6_E5,24.689999999999998,1.5384615384615385e-07
Al_degrader_E6_E5,24.75,7.692307692307692e-08
Al_degrader_E6_E5,24.81,0.0
Al_degrader_E6_E5,24.869999999999997,7.692307692307692e-08
Ni11,15.87,2e-06
Ni11,15.93,1e-06
Ni11,15.989999999999998,1.6666666666666667e-06
Ni11,16.049999999999997,3e-06
Ni11,16.11,4.666666666666666e-06
Ni11,16.17,5e-06
Ni11,16.229999999999997,7e-06
Ni11,16.29,1.0666666666666667e-05
Ni11,16.35,1.2666666666666667e-05
Ni11,16.409999999999997,2.1333333333333335e-05
Ni11,16.47,2.3666666666666668e-05
Ni11,16.53,3.9666666666666664e-05
Ni11,16.59,4.633333333333333e-05
Ni11,16.65,6.266666666666667e-05
Ni11,16.71,9.133333333333334e-05
Ni11,16.77,0.00011733333333333333
Ni11,16.83,0.00015533333333333333
Ni11,16.89,0.000205
Ni11,16.95,0.0002703333333333333
Ni11,17.009999999999998,0.0003623333333333333
Ni11,17.07,0.00045533333333333336
Ni11,17.13,0.0005896666666666666
Ni11,17.189999999999998,0.000739
Ni11,17.25,0.0009546666666666667
Ni11,17.310000000000002,0.0011886666666666666
Ni11,17.369999999999997,0.0015036666666666666
Ni11,17.43,0.001886
Ni11,17.490000000000002,0.0023383333333333333
Ni11,17.549999999999997,0.0027856666666666668
Ni11,17.61,0.0033796666666666667
Ni11,17.67,0.004124
Ni11,17.729999999999997,0.004886
Ni11,17.79,0.005791666666666666
Ni11,17.85,0.0068
Ni11,17.909999999999997,0.008091666666666667
Ni11,17.97,0.009354333333333333
Ni11,18.03,0.010709
Ni11,18.09,0.012260333333333333
Ni11,18.15,0.013972
Ni11,18.21,0.015701666666666666
Ni11,18.27,0.01750466666666667
Ni11,18.33,0.019454
Ni11,18.39,0.021341666666666665
Ni11,18.45,0.023422
Ni11,18.509999999999998,0.025147666666666665
Ni11,18.57,0.027052666666666666
Ni11,18.63,0.028907
Ni11,18.689999999999998,0.030431
Ni11,18.75,0.031976333333333336
Ni11,18.81,0.033163333333333336
Ni11,18.869999999999997,0.034298
Ni11,18.93,0.03506
Ni11,18.990000000000002,0.03559466666666666
Ni11,19.049999999999997,0.035875333333333335
Ni11,19.11,0.03595266666666667
Ni11,19.17,0.035631
Ni11,19.229999999999997,0.034902666666666665
Ni11,19.29,0.034299666666666666
Ni11,19.35,0.033109
Ni11,19.409999999999997,0.031792666666666664
Ni11,19.47,0.030281666666666665
Ni11,19.53,0.028502
Ni11,19.59,0.026738666666666668
Ni11,19.65,0.024803
Ni11,19.71,0.022705666666666666
Ni11,19.77,0.020789666666666668
Ni11,19.83,0.018734
Ni11,19.89,0.01683166666666667
Ni11,19.95,0.014914333333333333
Ni11,20.009999999999998,0.013109333333333334
Ni11,20.07,0.011471333333333333
Ni11,20.13,0.009848
Ni11,20.189999999999998,0.008464
Ni11,20.25,0.007267333333333333
Ni11,20.31,0.006137
Ni11,20.369999999999997,0.005110666666666667
Ni11,20.43,0.004219333333333334
Ni11,20.490000000000002,0.003507
Ni11,20.549999999999997,0.002793
Ni11,20.61,0.002191
Ni11,20.67,0.0018176666666666666
Ni11,20.729999999999997,0.0014156666666666666
Ni11,20.79,0.0011133333333333334
Ni11,20.85,0.0008356666666666666
Ni11,20.909999999999997,0.0006493333333333334
Ni11,20.97,0.000516
Ni11,21.03,0.00037433333333333334
Ni11,21.089999999999996,0.00027233333333333336
Ni11,21.15,0.00020433333333333333
Ni11,21.21,0.00016266666666666667
Ni11,21.27,0.00010566666666666667
Ni11,21.33,7.466666666666666e-05
Ni11,21.39,5.0333333333333335e-05
Ni11,21.45,3.866666666666667e-05
Ni11,21.509999999999998,2.5e-05
Ni11,21.57,1.6e-05
Ni11,21.63,1.2666666666666667e-05
Ni11,21.689999999999998,8.333333333333334e-06
Ni11,21.75,7.333333333333333e-06
Ni11,21.81,3.3333333333333333e-06
Ni11,21.869999999999997,3e-06
Ni11,21.93,2.333333333333333e-06
Ni11,21.990000000000002,3.3333333333333335e-07
Ni11,22.049999999999997,6.666666666666667e-07
Ni11,22.11,6.666666666666667e-07
Ni11,22.17,3.3333333333333335e-07
Ni11,22.229999999999997,0.0
Ni11,22.29,0.0
Ni11,22.35,3.3333333333333335e-07
Sn11,15.69,3.3333333333333335e-07
Sn11,15.75,2e-06
Sn11,15.809999999999999,3.3333333333333333e-06
Sn11,15.87,5.333333333333334e-06
Sn11,15.93,4.666666666666666e-06
Sn11,15.989999999999998,8.333333333333334e-06
Sn11,16.049999999999997,1.1e-05
Sn11,16.11,1.2666666666666667e-05
Sn11,16.17,1.7e-05
Sn11,16.229999999999997,2.3666666666666668e-05
Sn11,16.29,3.6e-05
Sn11,16.35,4.0333333333333336e-05
Sn11,16.409999999999997,6.633333333333334e-05
Sn11,16.47,8.3e-05
Sn11,16.53,0.00011233333333333333
Sn11,16.59,0.000151
Sn11,16.65,0.00019366666666666667
Sn11,16.71,0.000272
Sn11,16.77,0.000343
Sn11,16.83,0.00045233333333333334
Sn11,16.89,0.0006
Sn11,16.95,0.0007666666666666667
Sn11,17.009999999999998,0.0009773333333333333
Sn11,17.07,0.001198
Sn11,17.13,0.0015166666666666666
Sn11,17.189999999999998,0.0018776666666666666
Sn11,17.25,0.0023563333333333335
Sn11,17.310000000000002,0.0029453333333333332
Sn11,17.369999999999997,0.003645
Sn11,17.43,0.004343
Sn11,17.490000000000002,0.005165333333333333
Sn11,17.549999999999997,0.006069333333333334
Sn11,17.61,0.007159
Sn11,17.67,0.008420666666666667
Sn11,17.729999999999997,0.009771333333333333
Sn11,17.79,0.011384
Sn11,17.85,0.013099666666666667
Sn11,17.909999999999997,0.014958666666666667
Sn11,17.97,0.016776333333333334
Sn11,18.03,0.018764666666666666
Sn11,18.09,0.020747333333333333
Sn11,18.15,0.022812
Sn11,18.21,0.024827666666666668
Sn11,18.27,0.026723666666666666
Sn11,18.33,0.028733
Sn11,18.39,0.030375
Sn11,18.45,0.03210966666666667
Sn11,18.509999999999998,0.033534666666666664
Sn11,18.57,0.034745333333333336
Sn11,18.63,0.03575533333333333
Sn11,18.689999999999998,0.036393666666666664
Sn11,18.75,0.036694333333333336
Sn11,18.81,0.036769
Sn11,18.869999999999997,0.03647333333333334
Sn11,18.93,0.035999333333333335
Sn11,18.990000000000002,0.035159
Sn11,19.049999999999997,0.034140333333333335
Sn11,19.11,0.032764666666666664
Sn11,19.17,0.03130033333333333
Sn11,19.229999999999997,0.029582
Sn11,19.29,0.027728333333333334
Sn11,19.35,0.025725333333333333
Sn11,19.409999999999997,0.023544
Sn11,19.47,0.021276666666666666
Sn11,19.53,0.019095
Sn11,19.59,0.01695
Sn11,19.65,0.015014333333333333
Sn11,19.71,0.013178666666666667
Sn11,19.77,0.011601333333333333
Sn11,19.83,0.009980666666666667
Sn11,19.89,0.008631333333333333
Sn11,19.95,0.007317666666666667
Sn11,20.009999999999998,0.0061333333333333335
Sn11,20.07,0.005020666666666666
Sn11,20.13,0.004093333333333333
Sn11,20.189999999999998,0.0033753333333333335
Sn11,20.25,0.0027496666666666668
Sn11,20.31,0.0021453333333333333
Sn11,20.369999999999997,0.0016893333333333333
Sn11,20.43,0.0013253333333333333
Sn11,20.490000000000002,0.0010493333333333333
Sn11,20.549999999999997,0.0008036666666666666
Sn11,20.61,0.0006003333333333334
Sn11,20.67,0.0004713333333333333
Sn11,20.729999999999997,0.00035466666666666665
Sn11,20.79,0.000262
Sn11,20.85,0.00017766666666666666
Sn11,20.909999999999997,0.00013033333333333332
Sn11,20.97,9.566666666666667e-05
Sn11,21.03,5.933333333333334e-05
Sn11,21.089999999999996,4.5e-05
Sn11,21.15,2.966666666666667e-05
Sn11,21.21,2.3666666666666668e-05
Sn11,21.27,1.5666666666666667e-05
Sn11,21.33,1.2e-05
Sn11,21.39,8e-06
Sn11,21.45,4e-06
Sn11,21.509999999999998,3.3333333333333333e-06
Sn11,21.57,2e-06
Sn11,21.63,1.3333333333333334e-06
Sn11,21.689999999999998,6.666666666666667e-07
Sn11,21.75,6.666666666666667e-07
Sn11,21.81,3.3333333333333335e-07
Sn11,21.869999999999997,3.3333333333333335e-07
Sn11,21.93,3.3333333333333335e-07
Ta11,15.329999999999998,2e-06
Ta11,15.39,1.3333333333333334e-06
Ta11,15.45,1.6666666666666667e-06
Ta11,15.509999999999998,3.6666666666666666e-06
Ta11,15.57,5e-06
Ta11,15.629999999999999,4.333333333333333e-06
Ta11,15.69,8.333333333333334e-06
Ta11,15.75,1.2e-05
Ta11,15.809999999999999,1.3e-05
Ta11,15.87,2.3e-05
Ta11,15.93,2.4333333333333333e-05
Ta11,15.989999999999998,3.5333333333333336e-05
Ta11,16.049999999999997,5.466666666666667e-05
Ta11,16.11,6.0666666666666666e-05
Ta11,16.17,9e-05
Ta11,16.229999999999997,0.00011633333333333333
Ta11,16.29,0.00015733333333333333
Ta11,16.35,0.000206
Ta11,16.409999999999997,0.00027
Ta11,16.47,0.00034933333333333333
Ta11,16.53,0.000453
Ta11,16.59,0.0005793333333333333
Ta11,16.65,0.000744
Ta11,16.71,0.0009226666666666667
Ta11,16.77,0.0011563333333333334
Ta11,16.83,0.0014836666666666668
Ta11,16.89,0.0017923333333333333
Ta11,16.95,0.0022786666666666667
Ta11,17.009999999999998,0.0027596666666666668
Ta11,17.07,0.0032356666666666666
Ta11,17.13,0.004028333333333333
Ta11,17.189999999999998,0.004752
Ta11,17.25,0.005574333333333333
Ta11,17.310000000000002,0.006687666666666666
Ta11,17.369999999999997,0.007750333333333333
Ta11,17.43,0.008985333333333333
Ta11,17.490000000000002,0.010450666666666667
Ta11,17.549999999999997,0.011835333333333333
Ta11,17.61,0.013500333333333333
Ta11,17.67,0.015340666666666667
Ta11,17.729999999999997,0.016936
Ta11,17.79,0.018941666666666666
Ta11,17.85,0.020859333333333334
Ta11,17.909999999999997,0.022701
Ta11,17.97,0.024571333333333334
Ta11,18.03,0.026475
Ta11,18.09,0.028174
Ta11,18.15,0.02995
Ta11,18.21,0.031324
Ta11,18.27,0.032636
Ta11,18.33,0.03389866666666667
Ta11,18.39,0.034512
Ta11,18.45,0.035284666666666666
Ta11,18.509999999999998,0.035611333333333335
Ta11,18.57,0.035679333333333334
Ta11,18.63,0.03546266666666667
Ta11,18.689999999999998,0.03492233333333333
Ta11,18.75,0.034261
Ta11,18.81,0.033243666666666664
Ta11,18.869999999999997,0.03197133333333333
Ta11,18.93,0.030690666666666668
Ta11,18.990000000000002,0.029045
Ta11,19.049999999999997,0.027178666666666667
Ta11,19.11,0.025335
Ta11,19.17,0.023415333333333333
Ta11,19.229999999999997,0.021291666666666667
Ta11,19.29,0.019419333333333334
Ta11,19.35,0.017413666666666668
Ta11,19.409999999999997,0.015486333333333333
Ta11,19.47,0.013686666666666666
Ta11,19.53,0.011964666666666667
Ta11,19.59,0.010474333333333334
Ta11,19.65,0.009032333333333333
Ta11,19.71,0.007670333333333334
Ta11,19.77,0.006624333333333334
Ta11,19.83,0.005480666666666667
Ta11,19.89,0.004585
Ta11,19.95,0.0037993333333333334
Ta11,20.009999999999998,0.0030483333333333335
Ta11,20.07,0.002464333333333333
Ta11,20.13,0.001988666666666667
Ta11,20.189999999999998,0.0015883333333333333
Ta11,20.25,0.0012466666666666668
Ta11,20.31,0.000955
Ta11,20.369999999999997,0.0007473333333333334
Ta11,20.43,0.0005776666666666666
Ta11,20.490000000000002,0.00044733333333333333
Ta11,20.549999999999997,0.00032533333333333334
Ta11,20.61,0.00023166666666666667
Ta11,20.67,0.00019533333333333333
Ta11,20.729999999999997,0.00012466666666666667
Ta11,20.79,8.9e-05
Ta11,20.85,6.333333333333333e-05
Ta11,20.909999999999997,4.3666666666666666e-05
Ta11,20.97,3.6e-05
Ta11,21.03,2.0666666666666666e-05
Ta11,21.089999999999996,1.5e-05
Ta11,21.15,1.0666666666666667e-05
Ta11,21.21,9e-06
Ta11,21.27,5e-06
Ta11,21.33,3e-06
Ta11,21.39,3e-06
Ta11,21.45,6.666666666666667e-07
Ta11,21.509999999999998,1.3333333333333334e-06
Ta11,21.57,3.3333333333333335e-07
Ta11,21.63,6.666666666666667e-07
Ta11,21.689999999999998,3.3333333333333335e-07
Ta11,21.75,0.0
Ta11,21.81,3.3333333333333335e-07
Cu11,14.85,2e-06
Cu11,14.91,1e-06
Cu11,14.969999999999999,1.6666666666666667e-06
Cu11,15.03,3e-06
Cu11,15.09,4.666666666666666e-06
Cu11,15.149999999999999,3.6666666666666666e-06
Cu11,15.21,7e-06
Cu11,15.27,1.0333333333333333e-05
Cu11,15.329999999999998,1.1666666666666666e-05
Cu11,15.39,1.7666666666666668e-05
Cu11,15.45,2.3666666666666668e-05
Cu11,15.509999999999998,3.2e-05
Cu11,15.57,4.2e-05
Cu11,15.629999999999999,5.066666666666667e-05
Cu11,15.69,8e-05
Cu11,15.75,9.533333333333334e-05
Cu11,15.809999999999999,0.00012433333333333334
Cu11,15.87,0.00017333333333333334
Cu11,15.93,0.00022533333333333333
Cu11,15.989999999999998,0.00028233333333333333
Cu11,16.049999999999997,0.00038566666666666664
Cu11,16.11,0.00048
Cu11,16.17,0.0006073333333333333
Cu11,16.229999999999997,0.0007506666666666666
Cu11,16.29,0.0009633333333333333
Cu11,16.35,0.0011876666666666667
Cu11,16.409999999999997,0.0015023333333333334
Cu11,16.47,0.0018503333333333334
Cu11,16.53,0.002252
Cu11,16.59,0.0027196666666666667
Cu11,16.65,0.0032446666666666665
Cu11,16.71,0.003959666666666667
Cu11,16.77,0.004651
Cu11,16.83,0.005488666666666667
Cu11,16.89,0.006382333333333334
Cu11,16.95,0.007591
Cu11,17.009999999999998,0.008751666666666666
Cu11,17.07,0.010063333333333334
Cu11,17.13,0.011385666666666667
Cu11,17.189999999999998,0.012985333333333333
Cu11,17.25,0.014620333333333334
Cu11,17.310000000000002,0.016301
Cu11,17.369999999999997,0.018016
Cu11,17.43,0.019905333333333334
Cu11,17.490000000000002,0.021776333333333335
Cu11,17.549999999999997,0.023445666666666667
Cu11,17.61,0.025285333333333333
Cu11,17.67,0.026995333333333333
Cu11,17.729999999999997,0.028671666666666668
Cu11,17.79,0.030086
Cu11,17.85,0.031454333333333334
Cu11,17.909999999999997,0.032481666666666666
Cu11,17.97,0.033549666666666665
Cu11,18.03,0.034181666666666666
Cu11,18.09,0.03461266666666667
Cu11,18.15,0.03502366666666667
Cu11,18.21,0.03481566666666667
Cu11,18.27,0.034486
Cu11,18.33,0.03390833333333333
Cu11,18.39,0.033161333333333334
Cu11,18.45,0.03211166666666666
Cu11,18.509999999999998,0.030800666666666667
Cu11,18.57,0.029517666666666668
Cu11,18.63,0.027766666666666665
Cu11,18.689999999999998,0.026076666666666668
Cu11,18.75,0.024324
Cu11,18.81,0.022301333333333333
Cu11,18.869999999999997,0.020506333333333335
Cu11,18.93,0.018632666666666665
Cu11,18.990000000000002,0.016657333333333333
Cu11,19.049999999999997,0.014879666666666666
Cu11,19.11,0.013172
Cu11,19.17,0.011555666666666667
Cu11,19.229999999999997,0.010095666666666666
Cu11,19.29,0.008716
Cu11,19.35,0.0074656666666666665
Cu11,19.409999999999997,0.006449666666666667
Cu11,19.47,0.005319333333333333
Cu11,19.53,0.004434666666666667
Cu11,19.59,0.003752333333333333
Cu11,19.65,0.0030266666666666667
Cu11,19.71,0.0024433333333333334
Cu11,19.77,0.001969
Cu11,19.83,0.0015743333333333334
Cu11,19.89,0.0012653333333333334
Cu11,19.95,0.0009666666666666667
Cu11,20.009999999999998,0.000756
Cu11,20.07,0.0005783333333333334
Cu11,20.13,0.00046366666666666664
Cu11,20.189999999999998,0.0003426666666666667
Cu11,20.25,0.00024033333333333334
Cu11,20.31,0.000197
Cu11,20.369999999999997,0.000139
Cu11,20.43,9.9e-05
Cu11,20.490000000000002,6.966666666666666e-05
Cu11,20.549999999999997,4.566666666666667e-05
Cu11,20.61,3.733333333333333e-05
Cu11,20.67,2.4e-05
Cu11,20.729999999999997,1.4666666666666666e-05
Cu11,20.79,1.3e-05
Cu11,20.85,8e-06
Cu11,20.909999999999997,7.333333333333333e-06
Cu11,20.97,3.3333333333333333e-06
Cu11,21.03,3.3333333333333333e-06
Cu11,21.089999999999996,1.6666666666666667e-06
Cu11,21.15,1e-06
Cu11,21.21,6.666666666666667e-07
Cu11,21.27,3.3333333333333335e-07
Cu11,21.33,6.666666666666667e-07
Cu11,21.39,0.0
Cu11,21.45,0.0
Cu11,21.509999999999998,3.3333333333333335e-07
Al_degrader_E8_E7,10.649999999999999,5.5555555555555555e-08
Al_degrader_E8_E7,10.71,2.7777777777777776e-07
Al_degrader_E8_E7,10.77,1.1111111111111111e-07
Al_degrader_E8_E7,10.829999999999998,1.6666666666666668e-07
Al_degrader_E8_E7,10.89,2.2222222222222222e-07
Al_degrader_E8_E7,10.95,5.555555555555555e-07
Al_degrader_E8_E7,11.01,5e-07
Al_degrader_E8_E7,11.07,7.222222222222222e-07
Al_degrader_E8_E7,11.129999999999999,7.222222222222222e-07
Al_degrader_E8_E7,11.19,1e-06
Al_degrader_E8_E7,11.25,1.388888888888889e-06
Al_degrader_E8_E7,11.309999999999999,1.6111111111111111e-06
Al_degrader_E8_E7,11.370000000000001,2.111111111111111e-06
Al_degrader_E8_E7,11.43,3e-06
Al_degrader_E8_E7,11.489999999999998,3.6666666666666666e-06
Al_degrader_E8_E7,11.55,3.944444444444445e-06
Al_degrader_E8_E7,11.61,6.4444444444444445e-06
Al_degrader_E8_E7,11.669999999999998,6.944444444444445e-06
Al_degrader_E8_E7,11.73,8.888888888888888e-06
Al_degrader_E8_E7,11.79,1.1111111111111112e-05
Al_degrader_E8_E7,11.85,1.4888888888888888e-05
Al_degrader_E8_E7,11.91,1.827777777777778e-05
Al_degrader_E8_E7,11.969999999999999,2.172222222222222e-05
Al_degrader_E8_E7,12.03,2.922222222222222e-05
Al_degrader_E8_E7,12.09,3.394444444444444e-05
Al_degrader_E8_E7,12.149999999999999,4.316666666666667e-05
Al_degrader_E8_E7,12.21,5.5333333333333334e-05
Al_degrader_E8_E7,12.27,6.43888888888889e-05
Al_degrader_E8_E7,12.329999999999998,8.11111111111111e-05
Al_degrader_E8_E7,12.39,9.916666666666666e-05
Al_degrader_E8_E7,12.45,0.00011661111111111111
Al_degrader_E8_E7,12.51,0.00014305555555555556
Al_degrader_E8_E7,12.57,0.0001715
Al_degrader_E8_E7,12.629999999999999,0.00020966666666666668
Al_degrader_E8_E7,12.69,0.00024733333333333335
Al_degrader_E8_E7,12.75,0.00030283333333333334
Al_degrader_E8_E7,12.809999999999999,0.00035644444444444444
Al_degrader_E8_E7,12.870000000000001,0.00041916666666666665
Al_degrader_E8_E7,12.93,0.0004821111111111111
Al_degrader_E8_E7,12.989999999999998,0.0005813888888888889
Al_degrader_E8_E7,13.05,0.0006737222222222223
Al_degrader_E8_E7,13.11,0.0007756666666666667
Al_degrader_E8_E7,13.169999999999998,0.0008940555555555556
Al_degrader_E8_E7,13.23,0.0010463888888888888
Al_degrader_E8_E7,13.29,0.001192611111111111
Al_degrader_E8_E7,13.35,0.001372
Al_degrader_E8_E7,13.41,0.001556
Al_degrader_E8_E7,13.469999999999999,0.0017926111111111111
Al_degrader_E8_E7,13.53,0.001995388888888889
Al_degrader_E8_E7,13.59,0.0022535555555555555
Al_degrader_E8_E7,13.649999999999999,0.0025269444444444445
Al_degrader_E8_E7,13.71,0.002849222222222222
Al_degrader_E8_E7,13.77,0.0031294444444444442
Al_degrader_E8_E7,13.829999999999998,0.0034812222222222224
Al_degrader_E8_E7,13.89,0.003827277777777778
Al_degrader_E8_E7,13.95,0.0042135555555555555
Al_degrader_E8_E7,14.009999999999998,0.004605833333333333
Al_degrader_E8_E7,14.07,0.005026111111111111
Al_degrader_E8_E7,14.129999999999999,0.005448111111111111
Al_degrader_E8_E7,14.19,0.005883444444444445
Al_degrader_E8_E7,14.25,0.006358388888888889
Al_degrader_E8_E7,14.309999999999999,0.006805166666666667
Al_degrader_E8_E7,14.37,0.007313222222222222
Al_degrader_E8_E7,14.43,0.007728333333333334
Al_degrader_E8_E7,14.489999999999998,0.008264111111111111
Al_degrader_E8_E7,14.55,0.00871661111111111
Al_degrader_E8_E7,14.61,0.009202666666666666
Al_degrader_E8_E7,14.669999999999998,0.009649666666666668
Al_degrader_E8_E7,14.73,0.010151166666666666
Al_degrader_E8_E7,14.79,0.010609555555555556
Al_degrader_E8_E7,14.85,0.011025166666666667
Al_degrader_E8_E7,14.91,0.011464333333333333
Al_degrader_E8_E7,14.969999999999999,0.011889
Al_degrader_E8_E7,15.03,0.012292333333333334
Al_degrader_E8_E7,15.09,0.012625388888888889
Al_degrader_E8_E7,15.149999999999999,0.013038833333333333
Al_degrader_E8_E7,15.21,0.013360944444444444
Al_degrader_E8_E7,15.27,0.013676777777777777
Al_degrader_E8_E7,15.329999999999998,0.013951833333333333
Al_degrader_E8_E7,15.39,0.014250111111111111
Al_degrader_E8_E7,15.45,0.0145055
Al_degrader_E8_E7,15.509999999999998,0.014665333333333334
Al_degrader_E8_E7,15.57,0.014949777777777777
Al_degrader_E8_E7,15.629999999999999,0.015142777777777778
Al_degrader_E8_E7,15.69,0.0153065
Al_degrader_E8_E7,15.75,0.015452944444444444
Al_degrader_E8_E7,15.809999999999999,0.01564166666666667
Al_degrader_E8_E7,15.87,0.015757
Al_degrader_E8_E7,15.93,0.01581866666666667
Al_degrader_E8_E7,15.989999999999998,0.01601661111111111
Al_degrader_E8_E7,16.049999999999997,0.016091055555555556
Al_degrader_E8_E7,16.11,0.016143055555555556
Al_degrader_E8_E7,16.17,0.016248444444444444
Al_degrader_E8_E7,16.229999999999997,0.016299611111111112
Al_degrader_E8_E7,16.29,0.0163695
Al_degrader_E8_E7,16.35,0.016378333333333335
Al_degrader_E8_E7,16.409999999999997,0.01646172222222222
Al_degrader_E8_E7,16.47,0.01648572222222222
Al_degrader_E8_E7,16.53,0.016435277777777778
Al_degrader_E8_E7,16.59,0.01652111111111111
Al_degrader_E8_E7,16.65,0.01649272222222222
Al_degrader_E8_E7,16.71,0.01643411111111111
Al_degrader_E8_E7,16.77,0.0164115
Al_degrader_E8_E7,16.83,0.016350833333333332
Al_degrader_E8_E7,16.89,0.016275055555555556
Al_degrader_E8_E7,16.95,0.016156444444444445
Al_degrader_E8_E7,17.009999999999998,0.01608188888888889
Al_degrader_E8_E7,17.07,0.01589572222222222
Al_degrader_E8_E7,17.13,0.015650833333333333
Al_degrader_E8_E7,17.189999999999998,0.015521944444444444
Al_degrader_E8_E7,17.25,0.015240666666666666
Al_degrader_E8_E7,17.310000000000002,0.014902333333333333
Al_degrader_E8_E7,17.369999999999997,0.014670388888888889
Al_degrader_E8_E7,17.43,0.014294333333333333
Al_degrader_E8_E7,17.490000000000002,0.013866
Al_degrader_E8_E7,17.549999999999997,0.013465777777777778
Al_degrader_E8_E7,17.61,0.013012833333333333
Al_degrader_E8_E7,17.67,0.012504166666666667
Al_degrader_E8_E7,17.729999999999997,0.011989222222222222
Al_degrader_E8_E7,17.79,0.011439722222222223
Al_degrader_E8_E7,17.85,0.010860944444444444
Al_degrader_E8_E7,17.909999999999997,0.010254833333333333
Al_degrader_E8_E7,17.97,0.00967538888888889
Al_degrader_E8_E7,18.03,0.009032333333333333
Al_degrader_E8_E7,18.09,0.008410277777777777
Al_degrader_E8_E7,18.15,0.007821944444444444
Al_degrader_E8_E7,18.21,0.0071821666666666666
Al_degrader_E8_E7,18.27,0.006559944444444445
Al_degrader_E8_E7,18.33,0.006013333333333333
Al_degrader_E8_E7,18.39,0.005401611111111111
Al_degrader_E8_E7,18.45,0.004853944444444445
Al_degrader_E8_E7,18.509999999999998,0.004355944444444444
Al_degrader_E8_E7,18.57,0.0038463888888888888
Al_degrader_E8_E7,18.63,0.0033706666666666668
Al_degrader_E8_E7,18.689999999999998,0.0029698333333333334
Al_degrader_E8_E7,18.75,0.0025591666666666666
Al_degrader_E8_E7,18.81,0.002202777777777778
Al_degrader_E8_E7,18.869999999999997,0.0019177222222222221
Al_degrader_E8_E7,18.93,0.001607111111111111
Al_degrader_E8_E7,18.990000000000002,0.0013649444444444445
Al_degrader_E8_E7,19.049999999999997,0.001156111111111111
Al_degrader_E8_E7,19.11,0.0009462222222222222
Al_degrader_E8_E7,19.17,0.0007887777777777778
Al_degrader_E8_E7,19.229999999999997,0.0006463333333333333
Al_degrader_E8_E7,19.29,0.0005189444444444445
Al_degrader_E8_E7,19.35,0.0004158333333333333
Al_degrader_E8_E7,19.409999999999997,0.0003331111111111111
Al_degrader_E8_E7,19.47,0.0002665
Al_degrader_E8_E7,19.53,0.00020383333333333335
Al_degrader_E8_E7,19.59,0.00016033333333333335
Al_degrader_E8_E7,19.65,0.00012555555555555557
Al_degrader_E8_E7,19.71,9.416666666666666e-05
Al_degrader_E8_E7,19.77,7.483333333333333e-05
Al_degrader_E8_E7,19.83,5.422222222222222e-05
Al_degrader_E8_E7,19.89,3.922222222222222e-05
Al_degrader_E8_E7,19.95,3.261111111111111e-05
Al_degrader_E8_E7,20.009999999999998,2.1166666666666665e-05
Al_degrader_E8_E7,20.07,1.5277777777777777e-05
Al_degrader_E8_E7,20.13,1.0722222222222222e-05
Al_degrader_E8_E7,20.189999999999998,7.611111111111111e-06
Al_degrader_E8_E7,20.25,6.333333333333333e-06
Al_degrader_E8_E7,20.31,3.611111111111111e-06
Al_degrader_E8_E7,20.369999999999997,2.5e-06
Al_degrader_E8_E7,20.43,2.0555555555555555e-06
Al_degrader_E8_E7,20.490000000000002,1.5555555555555556e-06
Al_degrader_E8_E7,20.549999999999997,6.111111111111111e-07
Al_degrader_E8_E7,20.61,7.777777777777778e-07
Al_degrader_E8_E7,20.67,4.4444444444444444e-07
Al_degrader_E8_E7,20.729999999999997,2.7777777777777776e-07
Al_degrader_E8_E7,20.79,2.2222222222222222e-07
Al_degrader_E8_E7,20.85,5.5555555555555555e-08
Al_degrader_E8_E7,20.909999999999997,5.5555555555555555e-08
Al_degrader_E8_E7,20.97,1.1111111111111111e-07
Al_degrader_E8_E7,21.03,0.0
Al_degrader_E8_E7,21.089999999999996,0.0
Al_degrader_E8_E7,21.15,5.5555555555555555e-08
Ni12,9.989999999999998,7.5e-07
Ni12,10.05,1e-06
Ni12,10.11,7.5e-07
Ni12,10.169999999999998,7.5e-07
Ni12,10.23,2.25e-06
Ni12,10.29,2e-06
Ni12,10.35,2.75e-06
Ni12,10.41,2.5e-06
Ni12,10.469999999999999,5.5e-06
Ni12,10.53,5e-06
Ni12,10.59,7.5e-06
Ni12,10.649999999999999,6.25e-06
Ni12,10.71,1.325e-05
Ni12,10.77,1.375e-05
Ni12,10.829999999999998,1.675e-05
Ni12,10.89,1.8e-05
Ni12,10.95,3.25e-05
Ni12,11.01,3.375e-05
Ni12,11.07,3.5e-05
Ni12,11.129999999999999,5.425e-05
Ni12,11.19,6.725e-05
Ni12,11.25,7.875e-05
Ni12,11.309999999999999,9.425e-05
Ni12,11.370000000000001,0.00012875
Ni12,11.43,0.00015325
Ni12,11.489999999999998,0.0001875
Ni12,11.55,0.00023225
Ni12,11.61,0.0002895
Ni12,11.669999999999998,0.00032875
Ni12,11.73,0.000411
Ni12,11.79,0.00050975
Ni12,11.85,0.0005945
Ni12,11.91,0.00070825
Ni12,11.969999999999999,0.0008545
Ni12,12.03,0.0010145
Ni12,12.09,0.00118925
Ni12,12.149999999999999,0.00145825
Ni12,12.21,0.001697
Ni12,12.27,0.00196275
Ni12,12.329999999999998,0.00225225
Ni12,12.39,0.002683
Ni12,12.45,0.00307975
Ni12,12.51,0.00346675
Ni12,12.57,0.00404025
Ni12,12.629999999999999,0.00463775
Ni12,12.69,0.00519275
Ni12,12.75,0.00593475
Ni12,12.809999999999999,0.00674475
Ni12,12.870000000000001,0.00754
Ni12,12.93,0.008344
Ni12,12.989999999999998,0.0093685
Ni12,13.05,0.01040125
Ni12,13.11,0.011429
Ni12,13.169999999999998,0.01250175
Ni12,13.23,0.013738
Ni12,13.29,0.014918
Ni12,13.35,0.01609225
Ni12,13.41,0.0172815
Ni12,13.469999999999999,0.018701
Ni12,13.53,0.01974925
Ni12,13.59,0.0209125
Ni12,13.649999999999999,0.02219575
Ni12,13.71,0.02334275
Ni12,13.77,0.0242065
Ni12,13.829999999999998,0.02534275
Ni12,13.89,0.02614875
Ni12,13.95,0.02689125
Ni12,14.009999999999998,0.02765875
Ni12,14.07,0.028109
Ni12,14.129999999999999,0.0284695
Ni12,14.19,0.02883
Ni12,14.25,0.02890225
Ni12,14.309999999999999,0.0288035
Ni12,14.37,0.02870475
Ni12,14.43,0.02833675
Ni12,14.489999999999998,0.027823
Ni12,14.55,0.02719925
Ni12,14.61,0.02658
Ni12,14.669999999999998,0.02564775
Ni12,14.73,0.02462725
Ni12,14.79,0.0236885
Ni12,14.85,0.022421
Ni12,14.91,0.02117025
Ni12,14.969999999999999,0.01993175
Ni12,15.03,0.01858825
Ni12,15.09,0.01728925
Ni12,15.149999999999999,0.015913
Ni12,15.21,0.01463625
Ni12,15.27,0.0133985
Ni12,15.329999999999998,0.01200325
Ni12,15.39,0.01086625
Ni12,15.45,0.00982825
Ni12,15.509999999999998,0.008623
Ni12,15.57,0.00775675
Ni12,15.629999999999999,0.0068125
Ni12,15.69,0.00593875
Ni12,15.75,0.005212
Ni12,15.809999999999999,0.004506
Ni12,15.87,0.00380675
Ni12,15.93,0.003287
Ni12,15.989999999999998,0.0028275
Ni12,16.049999999999997,0.00228275
Ni12,16.11,0.001937
Ni12,16.17,0.0016325
Ni12,16.229999999999997,0.00131125
Ni12,16.29,0.001096
Ni12,16.35,0.00089525
Ni12,16.409999999999997,0.00069325
Ni12,16.47,0.0005725
Ni12,16.53,0.0004715
Ni12,16.59,0.000352
Ni12,16.65,0.00028975
Ni12,16.71,0.00022725
Ni12,16.77,0.000169
Ni12,16.83,0.00014025
Ni12,16.89,9.85e-05
Ni12,16.95,7.225e-05
Ni12,17.009999999999998,6.025e-05
Ni12,17.07,3.85e-05
Ni12,17.13,2.9e-05
Ni12,17.189999999999998,2.45e-05
Ni12,17.25,1.525e-05
Ni12,17.310000000000002,1.175e-05
Ni12,17.369999999999997,1.025e-05
Ni12,17.43,4.5e-06
Ni12,17.490000000000002,7e-06
Ni12,17.549999999999997,3.5e-06
Ni12,17.61,1.5e-06
Ni12,17.67,2.25e-06
Ni12,17.729999999999997,7.5e-07
Ni12,17.79,7.5e-07
Ni12,17.85,7.5e-07
Ni12,17.909999999999997,0.0
Ni12,17.97,5e-07
Ni12,18.03,2.5e-07
Ni12,18.09,0.0
Ni12,18.15,2.5e-07
Sn12,9.809999999999999,1.3333333333333334e-06
Sn12,9.870000000000001,1.6666666666666667e-06
Sn12,9.93,2.333333333333333e-06
Sn12,9.989999999999998,3e-06
Sn12,10.05,4e-06
Sn12,10.11,3.6666666666666666e-06
Sn12,10.169999999999998,7e-06
Sn12,10.23,5e-06
Sn12,10.29,8e-06
Sn12,10.35,1.0666666666666667e-05
Sn12,10.41,1.1e-05
Sn12,10.469999999999999,1.4333333333333334e-05
Sn12,10.53,1.9e-05
Sn12,10.59,2.4333333333333333e-05
Sn12,10.649999999999999,2.7e-05
Sn12,10.71,3.633333333333333e-05
Sn12,10.77,4.8333333333333334e-05
Sn12,10.829999999999998,5.8e-05
Sn12,10.89,6.466666666666666e-05
Sn12,10.95,9.666666666666667e-05
Sn12,11.01,0.00010866666666666666
Sn12,11.07,0.00013233333333333334
Sn12,11.129999999999999,0.00016766666666666666
Sn12,11.19,0.00020733333333333332
Sn12,11.25,0.0002573333333333333
Sn12,11.309999999999999,0.00031133333333333333
Sn12,11.370000000000001,0.0003716666666666667
Sn12,11.43,0.000457
Sn12,11.489999999999998,0.0005576666666666667
Sn12,11.55,0.0006676666666666667
Sn12,11.61,0.000806
Sn12,11.669999999999998,0.000927
Sn12,11.73,0.0010963333333333333
Sn12,11.79,0.001326
Sn12,11.85,0.001531
Sn12,11.91,0.0018353333333333333
Sn12,11.969999999999999,0.0021843333333333333
Sn12,12.03,0.0025323333333333335
Sn12,12.09,0.002973
Sn12,12.149999999999999,0.0034276666666666665
Sn12,12.21,0.00385
Sn12,12.27,0.004417666666666667
Sn12,12.329999999999998,0.004971333333333334
Sn12,12.39,0.0056756666666666665
Sn12,12.45,0.006412333333333333
Sn12,12.51,0.007205
Sn12,12.57,0.008123666666666666
Sn12,12.629999999999999,0.009092333333333332
Sn12,12.69,0.010171333333333333
Sn12,12.75,0.011246
Sn12,12.809999999999999,0.012436
Sn12,12.870000000000001,0.013559333333333333
Sn12,12.93,0.014698666666666667
Sn12,12.989999999999998,0.016006333333333334
Sn12,13.05,0.017301
Sn12,13.11,0.018483333333333334
Sn12,13.169999999999998,0.019678666666666667
Sn12,13.23,0.020930666666666667
Sn12,13.29,0.022147
Sn12,13.35,0.023229333333333334
Sn12,13.41,0.024389666666666667
Sn12,13.469999999999999,0.025388333333333332
Sn12,13.53,0.026339333333333333
Sn12,13.59,0.027078333333333333
Sn12,13.649999999999999,0.027938333333333332
Sn12,13.71,0.028472
Sn12,13.77,0.028744
Sn12,13.829999999999998,0.029044666666666667
Sn12,13.89,0.029095666666666666
Sn12,13.95,0.029250333333333333
Sn12,14.009999999999998,0.028897
Sn12,14.07,0.028613666666666666
Sn12,14.129999999999999,0.028154666666666668
Sn12,14.19,0.027555333333333334
Sn12,14.25,0.026833
Sn12,14.309999999999999,0.025854
Sn12,14.37,0.025033666666666666
Sn12,14.43,0.023920666666666666
Sn12,14.489999999999998,0.022722666666666665
Sn12,14.55,0.021560333333333334
Sn12,14.61,0.020243
Sn12,14.669999999999998,0.018872666666666666
Sn12,14.73,0.017357333333333332
Sn12,14.79,0.015956
Sn12,14.85,0.014554666666666667
Sn12,14.91,0.013207
Sn12,14.969999999999999,0.012
Sn12,15.03,0.010875333333333334
Sn12,15.09,0.009710666666666666
Sn12,15.149999999999999,0.008689333333333334
Sn12,15.21,0.007678333333333333
Sn12,15.27,0.0068
Sn12,15.329999999999998,0.0059756666666666665
Sn12,15.39,0.005157333333333333
Sn12,15.45,0.004416
Sn12,15.509999999999998,0.003769
Sn12,15.57,0.003192
Sn12,15.629999999999999,0.0026806666666666667
Sn12,15.69,0.002279
Sn12,15.75,0.001886
Sn12,15.809999999999999,0.0015426666666666666
Sn12,15.87,0.0012623333333333334
Sn12,15.93,0.0010526666666666666
Sn12,15.989999999999998,0.000858
Sn12,16.049999999999997,0.0006826666666666667
Sn12,16.11,0.0005373333333333333
Sn12,16.17,0.00044466666666666667
Sn12,16.229999999999997,0.00035
Sn12,16.29,0.000281
Sn12,16.35,0.00022233333333333333
Sn12,16.409999999999997,0.00015433333333333334
Sn12,16.47,0.00012
Sn12,16.53,9.3e-05
Sn12,16.59,6.466666666666666e-05
Sn12,16.65,4.6666666666666665e-05
Sn12,16.71,3.9e-05
Sn12,16.77,2.5666666666666666e-05
Sn12,16.83,1.9666666666666666e-05
Sn12,16.89,1.5666666666666667e-05
Sn12,16.95,1.2666666666666667e-05
Sn12,17.009999999999998,1e-05
Sn12,17.07,6.666666666666667e-06
Sn12,17.13,3.3333333333333333e-06
Sn12,17.189999999999998,3.6666666666666666e-06
Sn12,17.25,1.3333333333333334e-06
Sn12,17.310000000000002,1e-06
Sn12,17.369999999999997,1.3333333333333334e-06
Sn12,17.43,6.666666666666667e-07
Sn12,17.490000000000002,6.666666666666667e-07
Sn12,17.549999999999997,3.3333333333333335e-07
Sn12,17.61,0.0
Sn12,17.67,3.3333333333333335e-07
Sn12,17.729999999999997,3.3333333333333335e-07
Ta12,9.21,7.5e-07
Ta12,9.27,1e-06
Ta12,9.329999999999998,5e-07
Ta12,9.39,1.25e-06
Ta12,9.45,2.25e-06
Ta12,9.51,2e-06
Ta12,9.57,1.5e-06
Ta12,9.629999999999999,4.75e-06
Ta12,9.69,3.75e-06
Ta12,9.75,4e-06
Ta12,9.809999999999999,8.75e-06
Ta12,9.870000000000001,7e-06
Ta12,9.93,8.75e-06
Ta12,9.989999999999998,1.45e-05
Ta12,10.05,1.575e-05
Ta12,10.11,1.575e-05
Ta12,10.169999999999998,2.45e-05
Ta12,10.23,3.3e-05
Ta12,10.29,3.35e-05
Ta12,10.35,3.95e-05
Ta12,10.41,6.325e-05
Ta12,10.469999999999999,6.675e-05
Ta12,10.53,7.55e-05
Ta12,10.59,0.000108
Ta12,10.649999999999999,0.00013175
Ta12,10.71,0.00014675
Ta12,10.77,0.000191
Ta12,10.829999999999998,0.0002355
Ta12,10.89,0.000281
Ta12,10.95,0.00033475
Ta12,11.01,0.000405
Ta12,11.07,0.00049725
Ta12,11.129999999999999,0.00057175
Ta12,11.19,0.0006835
Ta12,11.25,0.00083325
Ta12,11.309999999999999,0.0009515
Ta12,11.370000000000001,0.001158
Ta12,11.43,0.00133625
Ta12,11.489999999999998,0.0015985
Ta12,11.55,0.00187025
Ta12,11.61,0.00214025
Ta12,11.669999999999998,0.00248
Ta12,11.73,0.00286525
Ta12,11.79,0.00326475
Ta12,11.85,0.0037325
Ta12,11.91,0.0042765
Ta12,11.969999999999999,0.00484675
Ta12,12.03,0.00542975
Ta12,12.09,0.006181
Ta12,12.149999999999999,0.00692125
Ta12,12.21,0.0076805
Ta12,12.27,0.008636
Ta12,12.329999999999998,0.0094855
Ta12,12.39,0.0105475
Ta12,12.45,0.011556
Ta12,12.51,0.01261025
Ta12,12.57,0.01379525
Ta12,12.629999999999999,0.01493
Ta12,12.69,0.01604225
Ta12,12.75,0.01723225
Ta12,12.809999999999999,0.01846475
Ta12,12.870000000000001,0.01949125
Ta12,12.93,0.02066125
Ta12,12.989999999999998,0.0219075
Ta12,13.05,0.02277025
Ta12,13.11,0.023947
Ta12,13.169999999999998,0.02481075
Ta12,13.23,0.02559175
Ta12,13.29,0.02633425
Ta12,13.35,0.02698825
Ta12,13.41,0.02759825
Ta12,13.469999999999999,0.02785375
Ta12,13.53,0.0281185
Ta12,13.59,0.028177
Ta12,13.649999999999999,0.02832125
Ta12,13.71,0.0280325
Ta12,13.77,0.0277595
Ta12,13.829999999999998,0.0273305
Ta12,13.89,0.0266965
Ta12,13.95,0.02613525
Ta12,14.009999999999998,0.025258
Ta12,14.07,0.02444425
Ta12,14.129999999999999,0.02345
Ta12,14.19,0.0222725
Ta12,14.25,0.0211885
Ta12,14.309999999999999,0.01990475
Ta12,14.37,0.01875425
Ta12,14.43,0.01732625
Ta12,14.489999999999998,0.0161215
Ta12,14.55,0.014828
Ta12,14.61,0.01352975
Ta12,14.669999999999998,0.0123965
Ta12,14.73,0.01112425
Ta12,14.79,0.010084
Ta12,14.85,0.00901225
Ta12,14.91,0.0080605
Ta12,14.969999999999999,0.00718025
Ta12,15.03,0.00630875
Ta12,15.09,0.00550825
Ta12,15.149999999999999,0.00483925
Ta12,15.21,0.0041215
Ta12,15.27,0.003581
Ta12,15.329999999999998,0.003039
Ta12,15.39,0.00256325
Ta12,15.45,0.0021475
Ta12,15.509999999999998,0.00181025
Ta12,15.57,0.0015085
Ta12,15.629999999999999,0.001234
Ta12,15.69,0.00100025
Ta12,15.75,0.000822
Ta12,15.809999999999999,0.00068275
Ta12,15.87,0.0005475
Ta12,15.93,0.0004435
Ta12,15.989999999999998,0.00034075
Ta12,16.049999999999997,0.000276
Ta12,16.11,0.000206
Ta12,16.17,0.00017625
Ta12,16.229999999999997,0.00012575
Ta12,16.29,9.775e-05
Ta12,16.35,6.95e-05
Ta12,16.409999999999997,5.425e-05
Ta12,16.47,4.15e-05
Ta12,16.53,2.95e-05
Ta12,16.59,2.2e-05
Ta12,16.65,1.575e-05
Ta12,16.71,1.45e-05
Ta12,16.77,8.5e-06
Ta12,16.83,7e-06
Ta12,16.89,4.25e-06
Ta12,16.95,4.75e-06
Ta12,17.009999999999998,1.5e-06
Ta12,17.07,2.5e-06
Ta12,17.13,7.5e-07
Ta12,17.189999999999998,1e-06
Ta12,17.25,5e-07
Ta12,17.310000000000002,2.5e-07
Ta12,17.369999999999997,5e-07
Ta12,17.43,2.5e-07
Ta12,17.490000000000002,0.0
Ta12,17.549999999999997,2.5e-07
Cu12,8.489999999999998,5e-07
Cu12,8.55,1e-06
Cu12,8.61,5e-07
Cu12,8.67,5e-07
Cu12,8.73,1.5e-06
Cu12,8.79,2.25e-06
Cu12,8.85,1.5e-06
Cu12,8.91,2.5e-06
Cu12,8.969999999999999,3.25e-06
Cu12,9.030000000000001,5.5e-06
Cu12,9.09,2.75e-06
Cu12,9.149999999999999,7e-06
Cu12,9.21,6e-06
Cu12,9.27,1.025e-05
Cu12,9.329999999999998,1.15e-05
Cu12,9.39,1.425e-05
Cu12,9.45,1.475e-05
Cu12,9.51,1.875e-05
Cu12,9.57,3.025e-05
Cu12,9.629999999999999,3.025e-05
Cu12,9.69,3.2e-05
Cu12,9.75,4.825e-05
Cu12,9.809999999999999,6.325e-05
Cu12,9.870000000000001,6.4e-05
Cu12,9.93,8.1e-05
Cu12,9.989999999999998,0.000108
Cu12,10.05,0.000129
Cu12,10.11,0.00014225
Cu12,10.169999999999998,0.0001835
Cu12,10.23,0.00023425
Cu12,10.29,0.00026825
Cu12,10.35,0.00031
Cu12,10.41,0.0003835
Cu12,10.469999999999999,0.00046575
Cu12,10.53,0.0005205
Cu12,10.59,0.00063525
Cu12,10.649999999999999,0.00075
Cu12,10.71,0.00088625
Cu12,10.77,0.00103825
Cu12,10.829999999999998,0.001197
Cu12,10.89,0.00146575
Cu12,10.95,0.00164575
Cu12,11.01,0.00189525
Cu12,11.07,0.00219175
Cu12,11.129999999999999,0.00252475
Cu12,11.19,0.002901
Cu12,11.25,0.00325025
Cu12,11.309999999999999,0.003731
Cu12,11.370000000000001,0.00424925
Cu12,11.43,0.0047185
Cu12,11.489999999999998,0.00537525
Cu12,11.55,0.00606725
Cu12,11.61,0.00671125
Cu12,11.669999999999998,0.0074675
Cu12,11.73,0.008268
Cu12,11.79,0.00915875
Cu12,11.85,0.0100825
Cu12,11.91,0.0110145
Cu12,11.969999999999999,0.0120035
Cu12,12.03,0.013072
Cu12,12.09,0.014163
Cu12,12.149999999999999,0.01518075
Cu12,12.21,0.01631375
Cu12,12.27,0.01745475
Cu12,12.329999999999998,0.01844225
Cu12,12.39,0.01955375
Cu12,12.45,0.020661
Cu12,12.51,0.021577
Cu12,12.57,0.02263925
Cu12,12.629999999999999,0.0235225
Cu12,12.69,0.0242885
Cu12,12.75,0.02508175
Cu12,12.809999999999999,0.02575125
Cu12,12.870000000000001,0.02628875
Cu12,12.93,0.0267115
Cu12,12.989999999999998,0.02710125
Cu12,13.05,0.0272435
Cu12,13.11,0.0274295
Cu12,13.169999999999998,0.02729725
Cu12,13.23,0.02714175
Cu12,13.29,0.026847
Cu12,13.35,0.026416
Cu12,13.41,0.025934
Cu12,13.469999999999999,0.02532625
Cu12,13.53,0.02446
Cu12,13.59,0.02378125
Cu12,13.649999999999999,0.022764
Cu12,13.71,0.02174575
Cu12,13.77,0.02067475
Cu12,13.829999999999998,0.0195305
Cu12,13.89,0.01833975
Cu12,13.95,0.017111
Cu12,14.009999999999998,0.01598
Cu12,14.07,0.01472075
Cu12,14.129999999999999,0.01353675
Cu12,14.19,0.01240525
Cu12,14.25,0.01124175
Cu12,14.309999999999999,0.010186
Cu12,14.37,0.009246
Cu12,14.43,0.0082
Cu12,14.489999999999998,0.007348
Cu12,14.55,0.00654925
Cu12,14.61,0.00571975
Cu12,14.669999999999998,0.00507375
Cu12,14.73,0.00437375
Cu12,14.79,0.00378025
Cu12,14.85,0.00326325
Cu12,14.91,0.00280375
Cu12,14.969999999999999,0.00235225
Cu12,15.03,0.0019935
Cu12,15.09,0.001666
Cu12,15.149999999999999,0.00138975
Cu12,15.21,0.00114575
Cu12,15.27,0.000946
Cu12,15.329999999999998,0.00078325
Cu12,15.39,0.00061875
Cu12,15.45,0.000526
Cu12,15.509999999999998,0.00042
Cu12,15.57,0.00032375
Cu12,15.629999999999999,0.0002675
Cu12,15.69,0.00020025
Cu12,15.75,0.0001635
Cu12,15.809999999999999,0.0001295
Cu12,15.87,9.4e-05
Cu12,15.93,6.925e-05
Cu12,15.989999999999998,5.525e-05
Cu12,16.049999999999997,3.675e-05
Cu12,16.11,3.025e-05
Cu12,16.17,2.575e-05
Cu12,16.229999999999997,1.625e-05
Cu12,16.29,1.125e-05
Cu12,16.35,9.75e-06
Cu12,16.409999999999997,7.25e-06
Cu12,16.47,5.5e-06
Cu12,16.53,4.75e-06
Cu12,16.59,1.25e-06
Cu12,16.65,2.25e-06
Cu12,16.71,1.75e-06
Cu12,16.77,5e-07
Cu12,16.83,1e-06
Cu12,16.89,2.5e-07
Cu12,16.95,5e-07
Cu12,17.009999999999998,0.0
Cu12,17.07,2.5e-07
Cu12,17.13,0.0
Cu12,17.189999999999998,2.5e-07
Al_degrader_E9,5.13,5.882352941176471e-08
Al_degrader_E9,5.1899999999999995,1.764705882352941e-07
Al_degrader_E9,5.25,1.764705882352941e-07
Al_degrader_E9,5.31,5.882352941176471e-08
Al_degrader_E9,5.369999999999999,1.764705882352941e-07
Al_degrader_E9,5.43,1.764705882352941e-07
Al_degrader_E9,5.49,3.529411764705882e-07
Al_degrader_E9,5.55,2.3529411764705883e-07
Al_degrader_E9,5.609999999999999,5.294117647058824e-07
Al_degrader_E9,5.67,2.3529411764705883e-07
Al_degrader_E9,5.73,7.058823529411765e-07
Al_degrader_E9,5.789999999999999,5.88235294117647e-07
Al_degrader_E9,5.85,7.647058823529412e-07
Al_degrader_E9,5.91,7.647058823529412e-07
Al_degrader_E9,5.97,1.176470588235294e-06
Al_degrader_E9,6.029999999999999,1.176470588235294e-06
Al_degrader_E9,6.09,1.176470588235294e-06
Al_degrader_E9,6.15,1.588235294117647e-06
Al_degrader_E9,6.21,1.8235294117647058e-06
Al_degrader_E9,6.27,2.2941176470588234e-06
Al_degrader_E9,6.33,2.823529411764706e-06
Al_degrader_E9,6.39,3.176470588235294e-06
Al_degrader_E9,6.449999999999999,3.1176470588235293e-06
Al_degrader_E9,6.51,4.470588235294118e-06
Al_degrader_E9,6.57,4.529411764705883e-06
Al_degrader_E9,6.63,6.647058823529411e-06
Al_degrader_E9,6.6899999999999995,6.529411764705882e-06
Al_degrader_E9,6.75,7.941176470588235e-06
Al_degrader_E9,6.81,9.176470588235294e-06
Al_degrader_E9,6.869999999999999,1.1411764705882353e-05
Al_degrader_E9,6.93,1.4058823529411765e-05
Al_degrader_E9,6.99,1.3764705882352941e-05
Al_degrader_E9,7.05,1.8470588235294117e-05
Al_degrader_E9,7.109999999999999,2.1588235294117646e-05
Al_degrader_E9,7.17,2.4823529411764704e-05
Al_degrader_E9,7.2299999999999995,2.7764705882352943e-05
Al_degrader_E9,7.289999999999999,3.5588235294117644e-05
Al_degrader_E9,7.35,3.8705882352941176e-05
Al_degrader_E9,7.41,4.658823529411765e-05
Al_degrader_E9,7.47,5.288235294117647e-05
Al_degrader_E9,7.529999999999999,6.205882352941176e-05
Al_degrader_E9,7.59,7.476470588235294e-05
Al_degrader_E9,7.65,8.123529411764706e-05
Al_degrader_E9,7.709999999999999,9.929411764705882e-05
Al_degrader_E9,7.77,0.00011376470588235294
Al_degrader_E9,7.83,0.00012611764705882354
Al_degrader_E9,7.89,0.00015135294117647058
Al_degrader_E9,7.949999999999999,0.00017276470588235295
Al_degrader_E9,8.01,0.0001938235294117647
Al_degrader_E9,8.07,0.00022829411764705882
Al_degrader_E9,8.129999999999999,0.0002577058823529412
Al_degrader_E9,8.19,0.0002971764705882353
Al_degrader_E9,8.25,0.0003387647058823529
Al_degrader_E9,8.309999999999999,0.0003935294117647059
Al_degrader_E9,8.370000000000001,0.00044288235294117647
Al_degrader_E9,8.43,0.0005044705882352942
Al_degrader_E9,8.489999999999998,0.000572
Al_degrader_E9,8.55,0.0006388823529411765
Al_degrader_E9,8.61,0.0007288235294117647
Al_degrader_E9,8.67,0.000824764705882353
Al_degrader_E9,8.73,0.0009057058823529412
Al_degrader_E9,8.79,0.0010351764705882353
Al_degrader_E9,8.85,0.0011588823529411765
Al_degrader_E9,8.91,0.001285
Al_degrader_E9,8.969999999999999,0.0014378235294117646
Al_degrader_E9,9.030000000000001,0.0016147647058823529
Al_degrader_E9,9.09,0.001774235294117647
Al_degrader_E9,9.149999999999999,0.001987294117647059
Al_degrader_E9,9.21,0.0022076470588235295
Al_degrader_E9,9.27,0.002425235294117647
Al_degrader_E9,9.329999999999998,0.002672529411764706
Al_degrader_E9,9.39,0.0029391764705882354
Al_degrader_E9,9.45,0.0032490588235294117
Al_degrader_E9,9.51,0.0035301764705882354
Al_degrader_E9,9.57,0.003878764705882353
Al_degrader_E9,9.629999999999999,0.004208764705882353
Al_degrader_E9,9.69,0.004588823529411765
Al_degrader_E9,9.75,0.004992176470588235
Al_degrader_E9,9.809999999999999,0.005381
Al_degrader_E9,9.870000000000001,0.005807
Al_degrader_E9,9.93,0.006281705882352941
Al_degrader_E9,9.989999999999998,0.006727882352941176
Al_degrader_E9,10.05,0.007237705882352941
Al_degrader_E9,10.11,0.007711411764705882
Al_degrader_E9,10.169999999999998,0.008281294117647059
Al_degrader_E9,10.23,0.008784882352941177
Al_degrader_E9,10.29,0.009352764705882352
Al_degrader_E9,10.35,0.009900235294117647
Al_degrader_E9,10.41,0.010479058823529412
Al_degrader_E9,10.469999999999999,0.011116058823529411
Al_degrader_E9,10.53,0.011631470588235293
Al_degrader_E9,10.59,0.012257411764705883
Al_degrader_E9,10.649999999999999,0.012827941176470589
Al_degrader_E9,10.71,0.013420882352941177
Al_degrader_E9,10.77,0.014040588235294117
Al_degrader_E9,10.829999999999998,0.014572294117647058
Al_degrader_E9,10.89,0.015152705882352941
Al_degrader_E9,10.95,0.015712470588235293
Al_degrader_E9,11.01,0.016237470588235294
Al_degrader_E9,11.07,0.016781
Al_degrader_E9,11.129999999999999,0.017243823529411766
Al_degrader_E9,11.19,0.01772905882352941
Al_degrader_E9,11.25,0.018167
Al_degrader_E9,11.309999999999999,0.018573176470588235
Al_degrader_E9,11.370000000000001,0.01896370588235294
Al_degrader_E9,11.43,0.019305647058823528
Al_degrader_E9,11.489999999999998,0.019650176470588237
Al_degrader_E9,11.55,0.019858882352941178
Al_degrader_E9,11.61,0.020079764705882353
Al_degrader_E9,11.669999999999998,0.02025335294117647
Al_degrader_E9,11.73,0.02035958823529412
Al_degrader_E9,11.79,0.020425941176470588
Al_degrader_E9,11.85,0.020427235294117645
Al_degrader_E9,11.91,0.020445882352941175
Al_degrader_E9,11.969999999999999,0.020310764705882355
Al_degrader_E9,12.03,0.020208058823529412
Al_degrader_E9,12.09,0.019971176470588235
Al_degrader_E9,12.149999999999999,0.01978070588235294
Al_degrader_E9,12.21,0.019473176470588237
Al_degrader_E9,12.27,0.01915535294117647
Al_degrader_E9,12.329999999999998,0.018775529411764705
Al_degrader_E9,12.39,0.018357235294117646
Al_degrader_E9,12.45,0.017925529411764705
Al_degrader_E9,12.51,0.017354
Al_degrader_E9,12.57,0.01686258823529412
Al_degrader_E9,12.629999999999999,0.016238176470588235
Al_degrader_E9,12.69,0.015662117647058823
Al_degrader_E9,12.75,0.015003941176470588
Al_degrader_E9,12.809999999999999,0.014383176470588236
Al_degrader_E9,12.870000000000001,0.013697117647058823
Al_degrader_E9,12.93,0.012978941176470589
Al_degrader_E9,12.989999999999998,0.01233464705882353
Al_degrader_E9,13.05,0.011604411764705882
Al_degrader_E9,13.11,0.010925117647058823
Al_degrader_E9,13.169999999999998,0.010223941176470588
Al_degrader_E9,13.23,0.00952835294117647
Al_degrader_E9,13.29,0.008863823529411764
Al_degrader_E9,13.35,0.00818770588235294
Al_degrader_E9,13.41,0.00755
Al_degrader_E9,13.469999999999999,0.00693364705882353
Al_degrader_E9,13.53,0.006303705882352941
Al_degrader_E9,13.59,0.005761941176470589
Al_degrader_E9,13.649999999999999,0.005182823529411765
Al_degrader_E9,13.71,0.004679882352941176
Al_degrader_E9,13.77,0.004189058823529412
Al_degrader_E9,13.829999999999998,0.003750705882352941
Al_degrader_E9,13.89,0.0033264117647058824
Al_degrader_E9,13.95,0.0029568235294117648
Al_degrader_E9,14.009999999999998,0.0025973529411764708
Al_degrader_E9,14.07,0.0022988235294117646
Al_degrader_E9,14.129999999999999,0.0019792941176470587
Al_degrader_E9,14.19,0.0017459411764705881
Al_degrader_E9,14.25,0.001490470588235294
Al_degrader_E9,14.309999999999999,0.001297470588235294
Al_degrader_E9,14.37,0.0010876470588235293
Al_degrader_E9,14.43,0.0009450588235294118
Al_degrader_E9,14.489999999999998,0.0007735882352941176
Al_degrader_E9,14.55,0.0006649411764705882
Al_degrader_E9,14.61,0.0005488235294117647
Al_degrader_E9,14.669999999999998,0.0004603529411764706
Al_degrader_E9,14.73,0.0003754705882352941
Al_degrader_E9,14.79,0.0003112941176470588
Al_degrader_E9,14.85,0.0002521176470588235
Al_degrader_E9,14.91,0.00020529411764705883
Al_degrader_E9,14.969999999999999,0.00016917647058823528
Al_degrader_E9,15.03,0.00013441176470588235
Al_degrader_E9,15.09,0.00010823529411764706
Al_degrader_E9,15.149999999999999,8.4e-05
Al_degrader_E9,15.21,6.852941176470588e-05
Al_degrader_E9,15.27,5.2e-05
Al_degrader_E9,15.329999999999998,4.382352941176471e-05
Al_degrader_E9,15.39,3.0058823529411764e-05
Al_degrader_E9,15.45,2.411764705882353e-05
Al_degrader_E9,15.509999999999998,1.676470588235294e-05
Al_degrader_E9,15.57,1.4588235294117647e-05
Al_degrader_E9,15.629999999999999,8.941176470588235e-06
Al_degrader_E9,15.69,8.529411764705882e-06
Al_degrader_E9,15.75,5.470588235294117e-06
Al_degrader_E9,15.809999999999999,4.352941176470588e-06
Al_degrader_E9,15.87,3.2941176470588236e-06
Al_degrader_E9,15.93,2.411764705882353e-06
Al_degrader_E9,15.989999999999998,1.9411764705882353e-06
Al_degrader_E9,16.049999999999997,1.1176470588235294e-06
Al_degrader_E9,16.11,1.0588235294117648e-06
Al_degrader_E9,16.17,5.88235294117647e-07
Al_degrader_E9,16.229999999999997,5.88235294117647e-07
Al_degrader_E9,16.29,2.3529411764705883e-07
Al_degrader_E9,16.35,1.764705882352941e-07
Al_degrader_E9,16.409999999999997,2.941176470588235e-07
Al_degrader_E9,16.47,0.0
Al_degrader_E9,16.53,1.764705882352941e-07
Al_degrader_E9,16.59,0.0
Al_degrader_E9,16.65,5.882352941176471e-08
Al_degrader_E9,16.71,0.0
Al_degrader_E9,16.77,5.882352941176471e-08
Ni13,3.87,1.4285714285714285e-07
Ni13,3.9299999999999997,2.857142857142857e-07
Ni13,3.9899999999999998,4.2857142857142857e-07
Ni13,4.05,1.4285714285714285e-07
Ni13,4.109999999999999,2.857142857142857e-07
Ni13,4.17,7.142857142857143e-07
Ni13,4.23,5.714285714285714e-07
Ni13,4.29,2.857142857142857e-07
Ni13,4.35,1.1428571428571428e-06
Ni13,4.41,8.571428571428571e-07
Ni13,4.47,1.1428571428571428e-06
Ni13,4.529999999999999,8.571428571428571e-07
Ni13,4.59,1.857142857142857e-06
Ni13,4.65,1.7142857142857143e-06
Ni13,4.71,1.1428571428571428e-06
Ni13,4.77,2.5714285714285716e-06
Ni13,4.83,3e-06
Ni13,4.89,2.1428571428571427e-06
Ni13,4.949999999999999,2.8571428571428573e-06
Ni13,5.01,4.857142857142857e-06
Ni13,5.07,3.5714285714285714e-06
Ni13,5.13,4.428571428571428e-06
Ni13,5.1899999999999995,6.285714285714286e-06
Ni13,5.25,7.428571428571428e-06
Ni13,5.31,6.5714285714285714e-06
Ni13,5.369999999999999,9.714285714285713e-06
Ni13,5.43,9.428571428571428e-06
Ni13,5.49,9.285714285714286e-06
Ni13,5.55,1.4714285714285715e-05
Ni13,5.609999999999999,1.614285714285714e-05
Ni13,5.67,1.557142857142857e-05
Ni13,5.73,2.1714285714285715e-05
Ni13,5.789999999999999,2.2714285714285713e-05
Ni13,5.85,2.6e-05
Ni13,5.91,3.314285714285714e-05
Ni13,5.97,3.6285714285714285e-05
Ni13,6.029999999999999,3.928571428571428e-05
Ni13,6.09,4.8e-05
Ni13,6.15,5.542857142857143e-05
Ni13,6.21,6.157142857142857e-05
Ni13,6.27,7.628571428571428e-05
Ni13,6.33,8.614285714285714e-05
Ni13,6.39,9.4e-05
Ni13,6.449999999999999,0.00011214285714285714
Ni13,6.51,0.0001297142857142857
Ni13,6.57,0.00014857142857142857
Ni13,6.63,0.00017414285714285714
Ni13,6.6899999999999995,0.00019385714285714286
Ni13,6.75,0.00022457142857142858
Ni13,6.81,0.00025114285714285717
Ni13,6.869999999999999,0.0002922857142857143
Ni13,6.93,0.0003374285714285714
Ni13,6.99,0.00036857142857142855
Ni13,7.05,0.0004308571428571429
Ni13,7.109999999999999,0.000482
Ni13,7.17,0.0005501428571428571
Ni13,7.2299999999999995,0.0006248571428571428
Ni13,7.289999999999999,0.0006971428571428571
Ni13,7.35,0.0007998571428571428
Ni13,7.41,0.0008947142857142857
Ni13,7.47,0.0010325714285714285
Ni13,7.529999999999999,0.0011392857142857142
Ni13,7.59,0.0012911428571428572
Ni13,7.65,0.0014265714285714285
Ni13,7.709999999999999,0.0015941428571428571
Ni13,7.77,0.0018038571428571429
Ni13,7.83,0.001985285714285714
Ni13,7.89,0.002210285714285714
Ni13,7.949999999999999,0.0024407142857142856
Ni13,8.01,0.0027182857142857143
Ni13,8.07,0.003010714285714286
Ni13,8.129999999999999,0.0032878571428571427
Ni13,8.19,0.003641285714285714
Ni13,8.25,0.004009428571428572
Ni13,8.309999999999999,0.004373571428571429
Ni13,8.370000000000001,0.004836142857142857
Ni13,8.43,0.005272
Ni13,8.489999999999998,0.005740571428571428
Ni13,8.55,0.006202428571428571
Ni13,8.61,0.006798
Ni13,8.67,0.007332857142857143
Ni13,8.73,0.00795
Ni13,8.79,0.008544
Ni13,8.85,0.009173857142857143
Ni13,8.91,0.009868285714285715
Ni13,8.969999999999999,0.010543
Ni13,9.030000000000001,0.011292285714285715
Ni13,9.09,0.011957714285714285
Ni13,9.149999999999999,0.012703142857142857
Ni13,9.21,0.013416428571428572
Ni13,9.27,0.014201714285714286
Ni13,9.329999999999998,0.014927571428571429
Ni13,9.39,0.015613142857142857
Ni13,9.45,0.016383285714285715
Ni13,9.51,0.017065857142857143
Ni13,9.57,0.01783742857142857
Ni13,9.629999999999999,0.018415857142857144
Ni13,9.69,0.01912214285714286
Ni13,9.75,0.019692
Ni13,9.809999999999999,0.020273714285714287
Ni13,9.870000000000001,0.02077642857142857
Ni13,9.93,0.021243571428571428
Ni13,9.989999999999998,0.021678
Ni13,10.05,0.021994142857142858
Ni13,10.11,0.022280571428571427
Ni13,10.169999999999998,0.02254242857142857
Ni13,10.23,0.022656714285714287
Ni13,10.29,0.022748571428571427
Ni13,10.35,0.02275757142857143
Ni13,10.41,0.022679
Ni13,10.469999999999999,0.02256985714285714
Ni13,10.53,0.022256571428571428
Ni13,10.59,0.022090142857142857
Ni13,10.649999999999999,0.021652857142857144
Ni13,10.71,0.02129414285714286
Ni13,10.77,0.020773285714285713
Ni13,10.829999999999998,0.020307714285714287
Ni13,10.89,0.019603714285714287
Ni13,10.95,0.019051
Ni13,11.01,0.01823457142857143
Ni13,11.07,0.017552428571428573
Ni13,11.129999999999999,0.016691714285714285
Ni13,11.19,0.015919
Ni13,11.25,0.015027428571428572
Ni13,11.309999999999999,0.01422
Ni13,11.370000000000001,0.013359857142857142
Ni13,11.43,0.012487428571428571
Ni13,11.489999999999998,0.011648
Ni13,11.55,0.010796571428571428
Ni13,11.61,0.009946142857142857
Ni13,11.669999999999998,0.009189857142857144
Ni13,11.73,0.008447714285714286
Ni13,11.79,0.007698428571428571
Ni13,11.85,0.007035142857142857
Ni13,11.91,0.006398714285714285
Ni13,11.969999999999999,0.0057511428571428574
Ni13,12.03,0.0052161428571428576
Ni13,12.09,0.004584571428571428
Ni13,12.149999999999999,0.004172
Ni13,12.21,0.003647714285714286
Ni13,12.27,0.0032467142857142855
Ni13,12.329999999999998,0.0028487142857142856
Ni13,12.39,0.0024585714285714285
Ni13,12.45,0.0021804285714285714
Ni13,12.51,0.0018242857142857143
Ni13,12.57,0.0016097142857142857
Ni13,12.629999999999999,0.0013652857142857143
Ni13,12.69,0.0011701428571428572
Ni13,12.75,0.000994142857142857
Ni13,12.809999999999999,0.0008414285714285714
Ni13,12.870000000000001,0.000709
Ni13,12.93,0.000585
Ni13,12.989999999999998,0.0004937142857142857
Ni13,13.05,0.0004095714285714286
Ni13,13.11,0.0003434285714285714
Ni13,13.169999999999998,0.00027428571428571427
Ni13,13.23,0.00022342857142857142
Ni13,13.29,0.00018857142857142857
Ni13,13.35,0.00014671428571428572
Ni13,13.41,0.00011942857142857144
Ni13,13.469999999999999,9.571428571428571e-05
Ni13,13.53,7.014285714285715e-05
Ni13,13.59,5.542857142857143e-05
Ni13,13.649999999999999,4.671428571428571e-05
Ni13,13.71,3.3e-05
Ni13,13.77,2.6714285714285715e-05
Ni13,13.829999999999998,2.1285714285714286e-05
Ni13,13.89,1.4142857142857143e-05
Ni13,13.95,1.2571428571428572e-05
Ni13,14.009999999999998,1.0571428571428572e-05
Ni13,14.07,6.5714285714285714e-06
Ni13,14.129999999999999,6.142857142857143e-06
Ni13,14.19,4.571428571428571e-06
Ni13,14.25,2.8571428571428573e-06
Ni13,14.309999999999999,2.8571428571428573e-06
Ni13,14.37,1.5714285714285714e-06
Ni13,14.43,1.2857142857142858e-06
Ni13,14.489999999999998,1e-06
Ni13,14.55,5.714285714285714e-07
Ni13,14.61,4.2857142857142857e-07
Ni13,14.669999999999998,4.2857142857142857e-07
Ni13,14.73,2.857142857142857e-07
Ni13,14.79,1.4285714285714285e-07
Ni13,14.85,1.4285714285714285e-07
Ni13,14.91,1.4285714285714285e-07
Ni13,14.969999999999999,0.0
Ni13,15.03,1.4285714285714285e-07
Sn13,3.57,6.666666666666667e-07
Sn13,3.63,6.666666666666667e-07
Sn13,3.6899999999999995,1.3333333333333334e-06
Sn13,3.75,3.3333333333333335e-07
Sn13,3.8099999999999996,2e-06
Sn13,3.87,1e-06
Sn13,3.9299999999999997,1.3333333333333334e-06
Sn13,3.9899999999999998,2.333333333333333e-06
Sn13,4.05,1.6666666666666667e-06
Sn13,4.109999999999999,2.666666666666667e-06
Sn13,4.17,2e-06
Sn13,4.23,1.6666666666666667e-06
Sn13,4.29,4e-06
Sn13,4.35,3e-06
Sn13,4.41,2.666666666666667e-06
Sn13,4.47,5.333333333333334e-06
Sn13,4.529999999999999,3.6666666666666666e-06
Sn13,4.59,5e-06
Sn13,4.65,7e-06
Sn13,4.71,5.666666666666667e-06
Sn13,4.77,8.333333333333334e-06
Sn13,4.83,7.666666666666667e-06
Sn13,4.89,8e-06
Sn13,4.949999999999999,1.3e-05
Sn13,5.01,1.3e-05
Sn13,5.07,1.4666666666666666e-05
Sn13,5.13,1.7333333333333332e-05
Sn13,5.1899999999999995,1.8e-05
Sn13,5.25,2.1666666666666667e-05
Sn13,5.31,2.8e-05
Sn13,5.369999999999999,3.066666666666667e-05
Sn13,5.43,3.266666666666666e-05
Sn13,5.49,4.133333333333333e-05
Sn13,5.55,3.866666666666667e-05
Sn13,5.609999999999999,5.5333333333333334e-05
Sn13,5.67,5.966666666666667e-05
Sn13,5.73,6.866666666666666e-05
Sn13,5.789999999999999,7.666666666666667e-05
Sn13,5.85,8.8e-05
Sn13,5.91,0.000106
Sn13,5.97,0.00011666666666666667
Sn13,6.029999999999999,0.000136
Sn13,6.09,0.00015066666666666668
Sn13,6.15,0.00017433333333333333
Sn13,6.21,0.00020266666666666667
Sn13,6.27,0.00022466666666666666
Sn13,6.33,0.00027266666666666666
Sn13,6.39,0.0002956666666666667
Sn13,6.449999999999999,0.00033666666666666665
Sn13,6.51,0.00038333333333333334
Sn13,6.57,0.00043
Sn13,6.63,0.000506
Sn13,6.6899999999999995,0.000551
Sn13,6.75,0.0006046666666666667
Sn13,6.81,0.0007146666666666666
Sn13,6.869999999999999,0.0007623333333333333
Sn13,6.93,0.0008953333333333334
Sn13,6.99,0.0009646666666666666
Sn13,7.05,0.001106
Sn13,7.109999999999999,0.001257
Sn13,7.17,0.0013943333333333334
Sn13,7.2299999999999995,0.001596
Sn13,7.289999999999999,0.0017803333333333334
Sn13,7.35,0.002000333333333333
Sn13,7.41,0.0021723333333333334
Sn13,7.47,0.002443
Sn13,7.529999999999999,0.002631333333333333
Sn13,7.59,0.0029206666666666665
Sn13,7.65,0.0031746666666666668
Sn13,7.709999999999999,0.003489
Sn13,7.77,0.003838
Sn13,7.83,0.004213666666666667
Sn13,7.89,0.004601666666666667
Sn13,7.949999999999999,0.005046666666666666
Sn13,8.01,0.005463
Sn13,8.07,0.005974333333333333
Sn13,8.129999999999999,0.006526
Sn13,8.19,0.007049
Sn13,8.25,0.007691666666666667
Sn13,8.309999999999999,0.008269666666666666
Sn13,8.370000000000001,0.008947
Sn13,8.43,0.009485
Sn13,8.489999999999998,0.010248333333333333
Sn13,8.55,0.010805
Sn13,8.61,0.011582666666666666
Sn13,8.67,0.012247333333333334
Sn13,8.73,0.013040333333333333
Sn13,8.79,0.013677
Sn13,8.85,0.014447666666666666
Sn13,8.91,0.015123666666666667
Sn13,8.969999999999999,0.015841666666666667
Sn13,9.030000000000001,0.016554
Sn13,9.09,0.017283
Sn13,9.149999999999999,0.017939666666666666
Sn13,9.21,0.018481
Sn13,9.27,0.019279
Sn13,9.329999999999998,0.019734
Sn13,9.39,0.020352333333333333
Sn13,9.45,0.020764666666666667
Sn13,9.51,0.021358
Sn13,9.57,0.021664333333333334
Sn13,9.629999999999999,0.021895333333333333
Sn13,9.69,0.022307
Sn13,9.75,0.022261333333333334
Sn13,9.809999999999999,0.022521
Sn13,9.870000000000001,0.022516666666666667
Sn13,9.93,0.022493
Sn13,9.989999999999998,0.022474666666666667
Sn13,10.05,0.02222
Sn13,10.11,0.021972666666666668
Sn13,10.169999999999998,0.021794666666666667
Sn13,10.23,0.021445666666666665
Sn13,10.29,0.020920333333333332
Sn13,10.35,0.020416666666666666
Sn13,10.41,0.01992733333333333
Sn13,10.469999999999999,0.019266666666666668
Sn13,10.53,0.018706333333333332
Sn13,10.59,0.017989
Sn13,10.649999999999999,0.017279
Sn13,10.71,0.016498333333333334
Sn13,10.77,0.01564166666666667
Sn13,10.829999999999998,0.014797
Sn13,10.89,0.013905333333333334
Sn13,10.95,0.013016333333333333
Sn13,11.01,0.012083
Sn13,11.07,0.011213666666666667
Sn13,11.129999999999999,0.010412666666666667
Sn13,11.19,0.009717333333333333
Sn13,11.25,0.008907333333333333
Sn13,11.309999999999999,0.008173333333333333
Sn13,11.370000000000001,0.007543666666666666
Sn13,11.43,0.006828666666666667
Sn13,11.489999999999998,0.006215666666666667
Sn13,11.55,0.005638333333333334
Sn13,11.61,0.0050813333333333335
Sn13,11.669999999999998,0.004561
Sn13,11.73,0.004052666666666667
Sn13,11.79,0.0035656666666666666
Sn13,11.85,0.0031316666666666667
Sn13,11.91,0.002706333333333333
Sn13,11.969999999999999,0.00242
Sn13,12.03,0.002101
Sn13,12.09,0.001794
Sn13,12.149999999999999,0.001548
Sn13,12.21,0.0013113333333333334
Sn13,12.27,0.0011246666666666666
Sn13,12.329999999999998,0.0009583333333333333
Sn13,12.39,0.00081
Sn13,12.45,0.0006963333333333333
Sn13,12.51,0.0005753333333333333
Sn13,12.57,0.000467
Sn13,12.629999999999999,0.0004006666666666667
Sn13,12.69,0.0003336666666666667
Sn13,12.75,0.0002753333333333333
Sn13,12.809999999999999,0.00023266666666666667
Sn13,12.870000000000001,0.00018666666666666666
Sn13,12.93,0.00014133333333333334
Sn13,12.989999999999998,0.000112
Sn13,13.05,8.5e-05
Sn13,13.11,7e-05
Sn13,13.169999999999998,5.466666666666667e-05
Sn13,13.23,4.0333333333333336e-05
Sn13,13.29,3.5e-05
Sn13,13.35,2.1666666666666667e-05
Sn13,13.41,2.0333333333333334e-05
Sn13,13.469999999999999,1.633333333333333e-05
Sn13,13.53,1.2333333333333333e-05
Sn13,13.59,1.0333333333333333e-05
Sn13,13.649999999999999,7.666666666666667e-06
Sn13,13.71,6e-06
Sn13,13.77,5e-06
Sn13,13.829999999999998,2.666666666666667e-06
Sn13,13.89,2.666666666666667e-06
Sn13,13.95,1e-06
Sn13,14.009999999999998,1e-06
Sn13,14.07,1.3333333333333334e-06
Sn13,14.129999999999999,6.666666666666667e-07
Sn13,14.19,3.3333333333333335e-07
Sn13,14.25,3.3333333333333335e-07
Sn13,14.309999999999999,3.3333333333333335e-07
Sn13,14.37,0.0
Sn13,14.43,3.3333333333333335e-07
Sn13,14.489999999999998,3.3333333333333335e-07
Ta13,2.37,1.6666666666666668e-07
Ta13,2.4299999999999997,1.6666666666666668e-07
Ta13,2.49,3.3333333333333335e-07
Ta13,2.55,3.3333333333333335e-07
Ta13,2.61,3.3333333333333335e-07
Ta13,2.67,3.3333333333333335e-07
Ta13,2.7299999999999995,5e-07
Ta13,2.79,5e-07
Ta13,2.8499999999999996,6.666666666666667e-07
Ta13,2.91,5e-07
Ta13,2.9699999999999998,8.333333333333333e-07
Ta13,3.0300000000000002,1e-06
Ta13,3.09,1.3333333333333334e-06
Ta13,3.15,6.666666666666667e-07
Ta13,3.21,1.5e-06
Ta13,3.2699999999999996,1.6666666666666667e-06
Ta13,3.33,2e-06
Ta13,3.3899999999999997,1.5e-06
Ta13,3.45,1.6666666666666667e-06
Ta13,3.51,3.3333333333333333e-06
Ta13,3.57,2.5e-06
Ta13,3.63,1.8333333333333333e-06
Ta13,3.6899999999999995,4.333333333333333e-06
Ta13,3.75,4.666666666666666e-06
Ta13,3.8099999999999996,3.5e-06
Ta13,3.87,3.3333333333333333e-06
Ta13,3.9299999999999997,6.333333333333333e-06
Ta13,3.9899999999999998,5e-06
Ta13,4.05,6e-06
Ta13,4.109999999999999,8.666666666666666e-06
Ta13,4.17,8.333333333333334e-06
Ta13,4.23,9.166666666666666e-06
Ta13,4.29,1.05e-05
Ta13,4.35,1.15e-05
Ta13,4.41,1.3833333333333334e-05
Ta13,4.47,1.6e-05
Ta13,4.529999999999999,1.8666666666666665e-05
Ta13,4.59,1.9833333333333332e-05
Ta13,4.65,2.3333333333333332e-05
Ta13,4.71,2.3833333333333334e-05
Ta13,4.77,2.9833333333333335e-05
Ta13,4.83,3.55e-05
Ta13,4.89,3.633333333333333e-05
Ta13,4.949999999999999,4.383333333333333e-05
Ta13,5.01,4.9166666666666665e-05
Ta13,5.07,5.75e-05
Ta13,5.13,6.2e-05
Ta13,5.1899999999999995,7.366666666666666e-05
Ta13,5.25,8.266666666666667e-05
Ta13,5.31,9.55e-05
Ta13,5.369999999999999,0.0001035
Ta13,5.43,0.0001225
Ta13,5.49,0.00013716666666666668
Ta13,5.55,0.00015783333333333334
Ta13,5.609999999999999,0.00017433333333333333
Ta13,5.67,0.00020033333333333334
Ta13,5.73,0.00022816666666666667
Ta13,5.789999999999999,0.0002545
Ta13,5.85,0.00027833333333333334
Ta13,5.91,0.0003266666666666667
Ta13,5.97,0.00036616666666666666
Ta13,6.029999999999999,0.0004051666666666667
Ta13,6.09,0.00046666666666666666
Ta13,6.15,0.0004903333333333333
Ta13,6.21,0.0005825
Ta13,6.27,0.0006385
Ta13,6.33,0.0007186666666666667
Ta13,6.39,0.0008191666666666667
Ta13,6.449999999999999,0.0008673333333333333
Ta13,6.51,0.0010273333333333334
Ta13,6.57,0.0011165
Ta13,6.63,0.0012525
Ta13,6.6899999999999995,0.0014116666666666668
Ta13,6.75,0.0015116666666666666
Ta13,6.81,0.0017231666666666667
Ta13,6.869999999999999,0.0018633333333333334
Ta13,6.93,0.0020861666666666667
Ta13,6.99,0.0022788333333333332
Ta13,7.05,0.0025056666666666665
Ta13,7.109999999999999,0.0027643333333333335
Ta13,7.17,0.002994
Ta13,7.2299999999999995,0.0033265
Ta13,7.289999999999999,0.0036155
Ta13,7.35,0.003935166666666667
Ta13,7.41,0.0042855
Ta13,7.47,0.0046745
Ta13,7.529999999999999,0.005059
Ta13,7.59,0.005503333333333333
Ta13,7.65,0.006010166666666666
Ta13,7.709999999999999,0.0063911666666666665
Ta13,7.77,0.0069826666666666665
Ta13,7.83,0.007449666666666667
Ta13,7.89,0.00809
Ta13,7.949999999999999,0.008600666666666666
Ta13,8.01,0.0092475
Ta13,8.07,0.0097895
Ta13,8.129999999999999,0.010524666666666667
Ta13,8.19,0.011061
Ta13,8.25,0.011777
Ta13,8.309999999999999,0.0124015
Ta13,8.370000000000001,0.013030333333333333
Ta13,8.43,0.0136995
Ta13,8.489999999999998,0.014426166666666667
Ta13,8.55,0.015018833333333334
Ta13,8.61,0.015743833333333332
Ta13,8.67,0.016314333333333333
Ta13,8.73,0.016978166666666666
Ta13,8.79,0.0175985
Ta13,8.85,0.018179166666666666
Ta13,8.91,0.018734833333333333
Ta13,8.969999999999999,0.019227
Ta13,9.030000000000001,0.019758833333333333
Ta13,9.09,0.020142833333333332
Ta13,9.149999999999999,0.020566833333333333
Ta13,9.21,0.020834833333333334
Ta13,9.27,0.021208666666666667
Ta13,9.329999999999998,0.021337166666666667
Ta13,9.39,0.0215925
Ta13,9.45,0.021596833333333332
Ta13,9.51,0.021718
Ta13,9.57,0.021648166666666666
Ta13,9.629999999999999,0.021555833333333333
Ta13,9.69,0.0214515
Ta13,9.75,0.0212
Ta13,9.809999999999999,0.020961666666666667
Ta13,9.870000000000001,0.020574666666666668
Ta13,9.93,0.020221333333333334
Ta13,9.989999999999998,0.019803833333333333
Ta13,10.05,0.019267166666666665
Ta13,10.11,0.018805
Ta13,10.169999999999998,0.018062833333333334
Ta13,10.23,0.017583166666666667
Ta13,10.29,0.016787
Ta13,10.35,0.016099833333333334
Ta13,10.41,0.015346833333333334
Ta13,10.469999999999999,0.014553833333333334
Ta13,10.53,0.013780666666666667
Ta13,10.59,0.012971833333333333
Ta13,10.649999999999999,0.012187333333333333
Ta13,10.71,0.0113755
Ta13,10.77,0.010587
Ta13,10.829999999999998,0.009854
Ta13,10.89,0.009107
Ta13,10.95,0.008421166666666667
Ta13,11.01,0.007720833333333333
Ta13,11.07,0.007105833333333333
Ta13,11.129999999999999,0.006483666666666667
Ta13,11.19,0.005906333333333334
Ta13,11.25,0.005377166666666666
Ta13,11.309999999999999,0.004769333333333334
Ta13,11.370000000000001,0.004385
Ta13,11.43,0.0038111666666666667
Ta13,11.489999999999998,0.0034711666666666667
Ta13,11.55,0.0030375
Ta13,11.61,0.0026775
Ta13,11.669999999999998,0.002368
Ta13,11.73,0.0020031666666666666
Ta13,11.79,0.0017991666666666666
Ta13,11.85,0.0015126666666666667
Ta13,11.91,0.0013333333333333333
Ta13,11.969999999999999,0.0011391666666666666
Ta13,12.03,0.000972
Ta13,12.09,0.0008253333333333333
Ta13,12.149999999999999,0.0006876666666666666
Ta13,12.21,0.0005873333333333334
Ta13,12.27,0.0005008333333333334
Ta13,12.329999999999998,0.00042016666666666667
Ta13,12.39,0.00034666666666666667
Ta13,12.45,0.00028566666666666665
Ta13,12.51,0.00023483333333333334
Ta13,12.57,0.000194
Ta13,12.629999999999999,0.00015533333333333333
Ta13,12.69,0.00012816666666666667
Ta13,12.75,0.00010416666666666667
Ta13,12.809999999999999,7.45e-05
Ta13,12.870000000000001,6.233333333333334e-05
Ta13,12.93,4.9833333333333336e-05
Ta13,12.989999999999998,3.633333333333333e-05
Ta13,13.05,3.25e-05
Ta13,13.11,2.3166666666666666e-05
Ta13,13.169999999999998,1.5666666666666667e-05
Ta13,13.23,1.6166666666666665e-05
Ta13,13.29,1e-05
Ta13,13.35,9e-06
Ta13,13.41,8.166666666666666e-06
Ta13,13.469999999999999,4.666666666666666e-06
Ta13,13.53,4.333333333333333e-06
Ta13,13.59,3.3333333333333333e-06
Ta13,13.649999999999999,1.8333333333333333e-06
Ta13,13.71,2e-06
Ta13,13.77,1.1666666666666666e-06
Ta13,13.829999999999998,5e-07
Ta13,13.89,8.333333333333333e-07
Ta13,13.95,3.3333333333333335e-07
Ta13,14.009999999999998,3.3333333333333335e-07
Ta13,14.07,5e-07
Ta13,14.129999999999999,0.0
Ta13,14.19,1.6666666666666668e-07
Ta13,14.25,1.6666666666666668e-07
Ta13,14.309999999999999,1.6666666666666668e-07
Cu13,0.03,5e-07
Cu13,0.09,1.25e-07
Cu13,0.15,1.25e-07
Cu13,0.21,1.25e-07
Cu13,0.27,1.25e-07
Cu13,0.32999999999999996,1.25e-07
Cu13,0.39,1.25e-07
Cu13,0.44999999999999996,1.25e-07
Cu13,0.51,2.5e-07
Cu13,0.5700000000000001,0.0
Cu13,0.6299999999999999,3.75e-07
Cu13,0.69,1.25e-07
Cu13,0.75,1.25e-07
Cu13,0.81,2.5e-07
Cu13,0.8699999999999999,2.5e-07
Cu13,0.9299999999999999,2.5e-07
Cu13,0.99,3.75e-07
Cu13,1.05,5e-07
Cu13,1.1099999999999999,3.75e-07
Cu13,1.17,2.5e-07
Cu13,1.23,6.25e-07
Cu13,1.29,5e-07
Cu13,1.3499999999999999,6.25e-07
Cu13,1.41,5e-07
Cu13,1.47,5e-07
Cu13,1.53,7.5e-07
Cu13,1.5899999999999999,1.25e-06
Cu13,1.65,8.75e-07
Cu13,1.71,6.25e-07
Cu13,1.77,8.75e-07
Cu13,1.8299999999999998,1.25e-06
Cu13,1.89,1.625e-06
Cu13,1.95,1.5e-06
Cu13,2.01,1.375e-06
Cu13,2.0700000000000003,1.125e-06
Cu13,2.13,1.875e-06
Cu13,2.19,3e-06
Cu13,2.25,2.25e-06
Cu13,2.3099999999999996,1.75e-06
Cu13,2.37,2.75e-06
Cu13,2.4299999999999997,3.25e-06
Cu13,2.49,3.5e-06
Cu13,2.55,2.625e-06
Cu13,2.61,3.875e-06
Cu13,2.67,5.5e-06
Cu13,2.7299999999999995,4.75e-06
Cu13,2.79,4.875e-06
Cu13,2.8499999999999996,6.375e-06
Cu13,2.91,6.75e-06
Cu13,2.9699999999999998,6.375e-06
Cu13,3.0300000000000002,7.5e-06
Cu13,3.09,9.25e-06
Cu13,3.15,1.05e-05
Cu13,3.21,1.0375e-05
Cu13,3.2699999999999996,1.3375e-05
Cu13,3.33,1.35e-05
Cu13,3.3899999999999997,1.4375e-05
Cu13,3.45,1.7375e-05
Cu13,3.51,1.7875e-05
Cu13,3.57,2.1875e-05
Cu13,3.63,2.4375e-05
Cu13,3.6899999999999995,2.55e-05
Cu13,3.75,3.0125e-05
Cu13,3.8099999999999996,3.3875e-05
Cu13,3.87,3.35e-05
Cu13,3.9299999999999997,4.2625e-05
Cu13,3.9899999999999998,4.6625e-05
Cu13,4.05,4.975e-05
Cu13,4.109999999999999,6.1875e-05
Cu13,4.17,6e-05
Cu13,4.23,7.6375e-05
Cu13,4.29,8e-05
Cu13,4.35,8.65e-05
Cu13,4.41,0.000106
Cu13,4.47,0.000111
Cu13,4.529999999999999,0.00013
Cu13,4.59,0.00014275
Cu13,4.65,0.0001565
Cu13,4.71,0.000177625
Cu13,4.77,0.000198625
Cu13,4.83,0.00021425
Cu13,4.89,0.000252375
Cu13,4.949999999999999,0.000274375
Cu13,5.01,0.000299
Cu13,5.07,0.000343375
Cu13,5.13,0.0003605
Cu13,5.1899999999999995,0.00042025
Cu13,5.25,0.0004605
Cu13,5.31,0.000510625
Cu13,5.369999999999999,0.00056825
Cu13,5.43,0.00063025
Cu13,5.49,0.000690625
Cu13,5.55,0.000776125
Cu13,5.609999999999999,0.00085825
Cu13,5.67,0.00095075
Cu13,5.73,0.00105175
Cu13,5.789999999999999,0.001159625
Cu13,5.85,0.001264625
Cu13,5.91,0.00139125
Cu13,5.97,0.00153025
Cu13,6.029999999999999,0.00168525
Cu13,6.09,0.001837375
Cu13,6.15,0.00201375
Cu13,6.21,0.00218225
Cu13,6.27,0.002409375
Cu13,6.33,0.002607125
Cu13,6.39,0.0028505
Cu13,6.449999999999999,0.003106375
Cu13,6.51,0.003356125
Cu13,6.57,0.003659625
Cu13,6.63,0.003939625
Cu13,6.6899999999999995,0.004303125
Cu13,6.75,0.004591875
Cu13,6.81,0.0050315
Cu13,6.869999999999999,0.005363875
Cu13,6.93,0.005823625
Cu13,6.99,0.00619325
Cu13,7.05,0.006711375
Cu13,7.109999999999999,0.007120625
Cu13,7.17,0.0076985
Cu13,7.2299999999999995,0.008127
Cu13,7.289999999999999,0.008706625
Cu13,7.35,0.00920025
Cu13,7.41,0.009812625
Cu13,7.47,0.01032575
Cu13,7.529999999999999,0.010961625
Cu13,7.59,0.011472625
Cu13,7.65,0.01213175
Cu13,7.709999999999999,0.012663375
Cu13,7.77,0.013263125
Cu13,7.83,0.013885625
Cu13,7.89,0.014479875
Cu13,7.949999999999999,0.01503875
Cu13,8.01,0.0156245
Cu13,8.07,0.016190625
Cu13,8.129999999999999,0.016731875
Cu13,8.19,0.01728025
Cu13,8.25,0.01773175
Cu13,8.309999999999999,0.018231375
Cu13,8.370000000000001,0.018613375
Cu13,8.43,0.019069
Cu13,8.489999999999998,0.01942825
Cu13,8.55,0.0196915
Cu13,8.61,0.020035625
Cu13,8.67,0.020148875
Cu13,8.73,0.0204355
Cu13,8.79,0.020502625
Cu13,8.85,0.020566125
Cu13,8.91,0.020598375
Cu13,8.969999999999999,0.02049275
Cu13,9.030000000000001,0.020475375
Cu13,9.09,0.02029175
Cu13,9.149999999999999,0.0200765
Cu13,9.21,0.01983575
Cu13,9.27,0.019524
Cu13,9.329999999999998,0.019170875
Cu13,9.39,0.01876775
Cu13,9.45,0.0182955
Cu13,9.51,0.017880375
Cu13,9.57,0.017248625
Cu13,9.629999999999999,0.016688875
Cu13,9.69,0.016078625
Cu13,9.75,0.015409375
Cu13,9.809999999999999,0.014734
Cu13,9.870000000000001,0.014058375
Cu13,9.93,0.01333725
Cu13,9.989999999999998,0.012609125
Cu13,10.05,0.011909875
Cu13,10.11,0.011182375
Cu13,10.169999999999998,0.010421
Cu13,10.23,0.009779875
Cu13,10.29,0.00905775
Cu13,10.35,0.008385875
Cu13,10.41,0.007807
Cu13,10.469999999999999,0.007144125
Cu13,10.53,0.006591125
Cu13,10.59,0.00604
Cu13,10.649999999999999,0.00550525
Cu13,10.71,0.005
Cu13,10.77,0.004518625
Cu13,10.829999999999998,0.004062375
Cu13,10.89,0.003678
Cu13,10.95,0.003263125
Cu13,11.01,0.002890375
Cu13,11.07,0.00257225
Cu13,11.129999999999999,0.002261
Cu13,11.19,0.00197825
Cu13,11.25,0.00170825
Cu13,11.309999999999999,0.001522875
Cu13,11.370000000000001,0.00130325
Cu13,11.43,0.00111225
Cu13,11.489999999999998,0.00097825
Cu13,11.55,0.00082325
Cu13,11.61,0.000702
Cu13,11.669999999999998,0.000599875
Cu13,11.73,0.00051225
Cu13,11.79,0.0004285
Cu13,11.85,0.000361
Cu13,11.91,0.000304375
Cu13,11.969999999999999,0.000244
Cu13,12.03,0.00020725
Cu13,12.09,0.000169875
Cu13,12.149999999999999,0.000137375
Cu13,12.21,0.0001145
Cu13,12.27,8.825e-05
Cu13,12.329999999999998,7.0625e-05
Cu13,12.39,5.675e-05
Cu13,12.45,4.25e-05
Cu13,12.51,3.5375e-05
Cu13,12.57,2.7875e-05
Cu13,12.629999999999999,2.1125e-05
Cu13,12.69,1.7e-05
Cu13,12.75,1.3625e-05
Cu13,12.809999999999999,1.0375e-05
Cu13,12.870000000000001,8.875e-06
Cu13,12.93,6.375e-06
Cu13,12.989999999999998,5.25e-06
Cu13,13.05,3.875e-06
Cu13,13.11,3.125e-06
Cu13,13.169999999999998,2.625e-06
Cu13,13.23,1.125e-06
Cu13,13.29,1.375e-06
Cu13,13.35,6.25e-07
Cu13,13.41,7.5e-07
Cu13,13.469999999999999,6.25e-07
Cu13,13.53,2.5e-07
Cu13,13.59,3.75e-07
Cu13,13.649999999999999,2.5e-07
Cu13,13.71,0.0
Cu13,13.77,1.25e-07
Cu13,13.829999999999998,1.25e-07
Cu13,13.89,1.25e-07
Al_degrader_E10,0.03,0.006453085714285715
Al_degrader_E10,0.09,0.0001717142857142857
Al_degrader_E10,0.15,0.00018674285714285715
Al_degrader_E10,0.21,0.00020142857142857142
Al_degrader_E10,0.27,0.0001504857142857143
Al_degrader_E10,0.32999999999999996,0.0001224857142857143
Al_degrader_E10,0.39,0.00013054285714285714
Al_degrader_E10,0.44999999999999996,0.00014011428571428572
Al_degrader_E10,0.51,0.00013642857142857144
Al_degrader_E10,0.5700000000000001,0.00014702857142857143
Al_degrader_E10,0.6299999999999999,0.00017545714285714285
Al_degrader_E10,0.69,0.00018602857142857143
Al_degrader_E10,0.75,0.0001986
Al_degrader_E10,0.81,0.00021371428571428572
Al_degrader_E10,0.8699999999999999,0.00022434285714285714
Al_degrader_E10,0.9299999999999999,0.00023908571428571428
Al_degrader_E10,0.99,0.00023794285714285715
Al_degrader_E10,1.05,0.0002744
Al_degrader_E10,1.1099999999999999,0.00028425714285714284
Al_degrader_E10,1.17,0.0003031714285714286
Al_degrader_E10,1.23,0.00032314285714285713
Al_degrader_E10,1.29,0.0003404857142857143
Al_degrader_E10,1.3499999999999999,0.0003584
Al_degrader_E10,1.41,0.0003809428571428571
Al_degrader_E10,1.47,0.0004047142857142857
Al_degrader_E10,1.53,0.00042611428571428573
Al_degrader_E10,1.5899999999999999,0.00045028571428571426
Al_degrader_E10,1.65,0.00047685714285714285
Al_degrader_E10,1.71,0.0005003714285714286
Al_degrader_E10,1.77,0.0005336285714285714
Al_degrader_E10,1.8299999999999998,0.0005572857142857143
Al_degrader_E10,1.89,0.0005945142857142858
Al_degrader_E10,1.95,0.0006238857142857143
Al_degrader_E10,2.01,0.0006602857142857143
Al_degrader_E10,2.0700000000000003,0.0006932571428571429
Al_degrader_E10,2.13,0.000735
Al_degrader_E10,2.19,0.0007760857142857143
Al_degrader_E10,2.25,0.0008198285714285714
Al_degrader_E10,2.3099999999999996,0.0008614285714285715
Al_degrader_E10,2.37,0.0009153142857142858
Al_degrader_E10,2.4299999999999997,0.0009501142857142857
Al_degrader_E10,2.49,0.0010104857142857143
Al_degrader_E10,2.55,0.0010626285714285715
Al_degrader_E10,2.61,0.0011179714285714285
Al_degrader_E10,2.67,0.0011820285714285715
Al_degrader_E10,2.7299999999999995,0.0012468
Al_degrader_E10,2.79,0.0013067142857142856
Al_degrader_E10,2.8499999999999996,0.0013794
Al_degrader_E10,2.91,0.0014507142857142856
Al_degrader_E10,2.9699999999999998,0.0015231428571428572
Al_degrader_E10,3.0300000000000002,0.0016138571428571428
Al_degrader_E10,3.09,0.0016903428571428572
Al_degrader_E10,3.15,0.001771
Al_degrader_E10,3.21,0.0018715714285714286
Al_degrader_E10,3.2699999999999996,0.0019646285714285715
Al_degrader_E10,3.33,0.0020558285714285716
Al_degrader_E10,3.3899999999999997,0.0021658285714285714
Al_degrader_E10,3.45,0.0022779714285714285
Al_degrader_E10,3.51,0.0023862
Al_degrader_E10,3.57,0.0025057714285714287
Al_degrader_E10,3.63,0.0026224571428571427
Al_degrader_E10,3.6899999999999995,0.0027555714285714284
Al_degrader_E10,3.75,0.0028875714285714286
Al_degrader_E10,3.8099999999999996,0.0030144857142857143
Al_degrader_E10,3.87,0.003165342857142857
Al_degrader_E10,3.9299999999999997,0.00332
Al_degrader_E10,3.9899999999999998,0.003466057142857143
Al_degrader_E10,4.05,0.003627485714285714
Al_degrader_E10,4.109999999999999,0.0037881142857142855
Al_degrader_E10,4.17,0.0039566
Al_degrader_E10,4.23,0.004132457142857143
Al_degrader_E10,4.29,0.0043106
Al_degrader_E10,4.35,0.004513371428571429
Al_degrader_E10,4.41,0.0046902857142857145
Al_degrader_E10,4.47,0.004893
Al_degrader_E10,4.529999999999999,0.005103085714285714
Al_degrader_E10,4.59,0.005292571428571429
Al_degrader_E10,4.65,0.005516857142857143
Al_degrader_E10,4.71,0.0057442
Al_degrader_E10,4.77,0.005958057142857143
Al_degrader_E10,4.83,0.006186028571428572
Al_degrader_E10,4.89,0.006414057142857143
Al_degrader_E10,4.949999999999999,0.006656028571428572
Al_degrader_E10,5.01,0.006905057142857143
Al_degrader_E10,5.07,0.007133685714285715
Al_degrader_E10,5.13,0.007400257142857143
Al_degrader_E10,5.1899999999999995,0.007635342857142857
Al_degrader_E10,5.25,0.007908
Al_degrader_E10,5.31,0.008139857142857143
Al_degrader_E10,5.369999999999999,0.008425514285714286
Al_degrader_E10,5.43,0.008662228571428572
Al_degrader_E10,5.49,0.008938085714285714
Al_degrader_E10,5.55,0.00918442857142857
Al_degrader_E10,5.609999999999999,0.009475514285714286
Al_degrader_E10,5.67,0.0097078
Al_degrader_E10,5.73,0.009987914285714286
Al_degrader_E10,5.789999999999999,0.010227057142857142
Al_degrader_E10,5.85,0.010493257142857143
Al_degrader_E10,5.91,0.010738171428571428
Al_degrader_E10,5.97,0.010992257142857143
Al_degrader_E10,6.029999999999999,0.011253485714285714
Al_degrader_E10,6.09,0.011453714285714286
Al_degrader_E10,6.15,0.011736314285714285
Al_degrader_E10,6.21,0.011938
Al_degrader_E10,6.27,0.012191457142857142
Al_degrader_E10,6.33,0.012369857142857143
Al_degrader_E10,6.39,0.0125984
Al_degrader_E10,6.449999999999999,0.012791828571428571
Al_degrader_E10,6.51,0.0129504
Al_degrader_E10,6.57,0.013167971428571429
Al_degrader_E10,6.63,0.013304285714285715
Al_degrader_E10,6.6899999999999995,0.013465942857142857
Al_degrader_E10,6.75,0.013584771428571429
Al_degrader_E10,6.81,0.013696285714285715
Al_degrader_E10,6.869999999999999,0.013823171428571429
Al_degrader_E10,6.93,0.013893628571428571
Al_degrader_E10,6.99,0.013977171428571428
Al_degrader_E10,7.05,0.014017457142857143
Al_degrader_E10,7.109999999999999,0.014058714285714285
Al_degrader_E10,7.17,0.014098542857142857
Al_degrader_E10,7.2299999999999995,0.0140842
Al_degrader_E10,7.289999999999999,0.01405737142857143
Al_degrader_E10,7.35,0.014063971428571428
Al_degrader_E10,7.41,0.013972428571428571
Al_degrader_E10,7.47,0.01391442857142857
Al_degrader_E10,7.529999999999999,0.013843714285714286
Al_degrader_E10,7.59,0.013716885714285714
Al_degrader_E10,7.65,0.013592371428571429
Al_degrader_E10,7.709999999999999,0.013460971428571429
Al_degrader_E10,7.77,0.013281457142857143
Al_degrader_E10,7.83,0.013098942857142857
Al_degrader_E10,7.89,0.012926
Al_degrader_E10,7.949999999999999,0.0126788
Al_degrader_E10,8.01,0.01244497142857143
Al_degrader_E10,8.07,0.012206771428571428
Al_degrader_E10,8.129999999999999,0.011926457142857142
Al_degrader_E10,8.19,0.011643914285714286
Al_degrader_E10,8.25,0.011347628571428571
Al_degrader_E10,8.309999999999999,0.011029885714285714
Al_degrader_E10,8.370000000000001,0.010724257142857144
Al_degrader_E10,8.43,0.010381542857142857
Al_degrader_E10,8.489999999999998,0.010050628571428572
Al_degrader_E10,8.55,0.009690342857142858
Al_degrader_E10,8.61,0.0093354
Al_degrader_E10,8.67,0.008976114285714286
Al_degrader_E10,8.73,0.008595342857142857
Al_degrader_E10,8.79,0.008253057142857142
Al_degrader_E10,8.85,0.007869657142857143
Al_degrader_E10,8.91,0.007494485714285714
Al_degrader_E10,8.969999999999999,0.0071062
Al_degrader_E10,9.030000000000001,0.006765857142857143
Al_degrader_E10,9.09,0.006393942857142857
Al_degrader_E10,9.149999999999999,0.0060200571428571424
Al_degrader_E10,9.21,0.005660742857142857
Al_degrader_E10,9.27,0.005327171428571429
Al_degrader_E10,9.329999999999998,0.0049852
Al_degrader_E10,9.39,0.0046474
Al_degrader_E10,9.45,0.0043128285714285714
Al_degrader_E10,9.51,0.0040092
Al_degrader_E10,9.57,0.003714057142857143
Al_degrader_E10,9.629999999999999,0.0034256857142857143
Al_degrader_E10,9.69,0.0031475428571428573
Al_degrader_E10,9.75,0.0028844857142857143
Al_degrader_E10,9.809999999999999,0.0026434857142857144
Al_degrader_E10,9.870000000000001,0.0024233714285714285
Al_degrader_E10,9.93,0.002201857142857143
Al_degrader_E10,9.989999999999998,0.0019959142857142857
Al_degrader_E10,10.05,0.0018098857142857144
Al_degrader_E10,10.11,0.0016276571428571428
Al_degrader_E10,10.169999999999998,0.0014645714285714286
Al_degrader_E10,10.23,0.0013174857142857143
Al_degrader_E10,10.29,0.0011686
Al_degrader_E10,10.35,0.0010406285714285714
Al_degrader_E10,10.41,0.0009216571428571429
Al_degrader_E10,10.469999999999999,0.0008138
Al_degrader_E10,10.53,0.0007141142857142857
Al_degrader_E10,10.59,0.0006226857142857143
Al_degrader_E10,10.649999999999999,0.0005443142857142857
Al_degrader_E10,10.71,0.0004740857142857143
Al_degrader_E10,10.77,0.0004117142857142857
Al_degrader_E10,10.829999999999998,0.0003545714285714286
Al_degrader_E10,10.89,0.0003042
Al_degrader_E10,10.95,0.0002607714285714286
Al_degrader_E10,11.01,0.00022097142857142857
Al_degrader_E10,11.07,0.00018711428571428572
Al_degrader_E10,11.129999999999999,0.0001604
Al_degrader_E10,11.19,0.0001364
Al_degrader_E10,11.25,0.000115
Al_degrader_E10,11.309999999999999,9.582857142857143e-05
Al_degrader_E10,11.370000000000001,7.891428571428571e-05
Al_degrader_E10,11.43,6.611428571428571e-05
Al_degrader_E10,11.489999999999998,5.494285714285714e-05
Al_degrader_E10,11.55,4.3942857142857146e-05
Al_degrader_E10,11.61,3.7314285714285715e-05
Al_degrader_E10,11.669999999999998,2.9885714285714285e-05
Al_degrader_E10,11.73,2.26e-05
Al_degrader_E10,11.79,1.897142857142857e-05
Al_degrader_E10,11.85,1.5085714285714286e-05
Al_degrader_E10,11.91,1.2228571428571428e-05
Al_degrader_E10,11.969999999999999,9.485714285714286e-06
Al_degrader_E10,12.03,7.657142857142858e-06
Al_degrader_E10,12.09,6.085714285714286e-06
Al_degrader_E10,12.149999999999999,4.6e-06
Al_degrader_E10,12.21,3.714285714285714e-06
Al_degrader_E10,12.27,2.9428571428571427e-06
Al_degrader_E10,12.329999999999998,2.342857142857143e-06
Al_degrader_E10,12.39,1.8285714285714286e-06
Al_degrader_E10,12.45,1.4e-06
Al_degrader_E10,12.51,1.2e-06
Al_degrader_E10,12.57,7.142857142857143e-07
Al_degrader_E10,12.629999999999999,6.857142857142857e-07
Al_degrader_E10,12.69,5.142857142857143e-07
Al_degrader_E10,12.75,4e-07
Al_degrader_E10,12.809999999999999,2.2857142857142858e-07
Al_degrader_E10,12.870000000000001,1.7142857142857143e-07
Al_degrader_E10,12.93,1.4285714285714285e-07
Al_degrader_E10,12.989999999999998,1.1428571428571429e-07
Al_degrader_E10,13.05,8.571428571428572e-08
Al_degrader_E10,13.11,8.571428571428572e-08
Al_degrader_E10,13.169999999999998,2.8571428571428572e-08
Al_degrader_E10,13.23,2.8571428571428572e-08
Al_degrader_E10,13.29,2.8571428571428572e-08
Al_degrader_E10,13.35,2.8571428571428572e-08
Al_degrader_E10,13.41,2.8571428571428572e-08
Ni14,0.03,0.0776726
Ni14,0.09,0.00204908
Ni14,0.15,0.00093296
Ni14,0.21,0.0009796
Ni14,0.27,0.00105588
Ni14,0.32999999999999996,0.00112632
Ni14,0.39,0.00120772
Ni14,0.44999999999999996,0.00131196
Ni14,0.51,0.00140784
Ni14,0.5700000000000001,0.00146428
Ni14,0.6299999999999999,0.00158128
Ni14,0.69,0.00166448
Ni14,0.75,0.00175132
Ni14,0.81,0.00186
Ni14,0.8699999999999999,0.00192744
Ni14,0.9299999999999999,0.00205544
Ni14,0.99,0.00214308
Ni14,1.05,0.00225128
Ni14,1.1099999999999999,0.0023698
Ni14,1.17,0.00246868
Ni14,1.23,0.00260048
Ni14,1.29,0.00270684
Ni14,1.3499999999999999,0.00283492
Ni14,1.41,0.00295472
Ni14,1.47,0.00308808
Ni14,1.53,0.00321672
Ni14,1.5899999999999999,0.00335828
Ni14,1.65,0.00350328
Ni14,1.71,0.00363876
Ni14,1.77,0.00378692
Ni14,1.8299999999999998,0.00394136
Ni14,1.89,0.00409312
Ni14,1.95,0.00425544
Ni14,2.01,0.00440724
Ni14,2.0700000000000003,0.00458504
Ni14,2.13,0.00474112
Ni14,2.19,0.00492868
Ni14,2.25,0.00509924
Ni14,2.3099999999999996,0.00528972
Ni14,2.37,0.00547196
Ni14,2.4299999999999997,0.0056626
Ni14,2.49,0.00585284
Ni14,2.55,0.00606288
Ni14,2.61,0.00625836
Ni14,2.67,0.00646192
Ni14,2.7299999999999995,0.00666944
Ni14,2.79,0.00689144
Ni14,2.8499999999999996,0.00710788
Ni14,2.91,0.00731656
Ni14,2.9699999999999998,0.00753072
Ni14,3.0300000000000002,0.00775236
Ni14,3.09,0.00797408
Ni14,3.15,0.00819952
Ni14,3.21,0.00843432
Ni14,3.2699999999999996,0.00866404
Ni14,3.33,0.00888992
Ni14,3.3899999999999997,0.00912508
Ni14,3.45,0.0093464
Ni14,3.51,0.009563
Ni14,3.57,0.00978268
Ni14,3.63,0.00999408
Ni14,3.6899999999999995,0.01021704
Ni14,3.75,0.01043296
Ni14,3.8099999999999996,0.01063608
Ni14,3.87,0.01084204
Ni14,3.9299999999999997,0.01104104
Ni14,3.9899999999999998,0.0112254
Ni14,4.05,0.01140488
Ni14,4.109999999999999,0.01159252
Ni14,4.17,0.0117518
Ni14,4.23,0.0119122
Ni14,4.29,0.01205604
Ni14,4.35,0.01218796
Ni14,4.41,0.01232384
Ni14,4.47,0.012454
Ni14,4.529999999999999,0.01254484
Ni14,4.59,0.0126288
Ni14,4.65,0.01269796
Ni14,4.71,0.01276884
Ni14,4.77,0.01280408
Ni14,4.83,0.01283992
Ni14,4.89,0.01286668
Ni14,4.949999999999999,0.0128576
Ni14,5.01,0.012846
Ni14,5.07,0.01281012
Ni14,5.13,0.01278548
Ni14,5.1899999999999995,0.01269804
Ni14,5.25,0.01262632
Ni14,5.31,0.0125254
Ni14,5.369999999999999,0.01242472
Ni14,5.43,0.01227772
Ni14,5.49,0.01215828
Ni14,5.55,0.01199088
Ni14,5.609999999999999,0.01178652
Ni14,5.67,0.0116036
Ni14,5.73,0.01138036
Ni14,5.789999999999999,0.01113912
Ni14,5.85,0.01090532
Ni14,5.91,0.01063228
Ni14,5.97,0.01035836
Ni14,6.029999999999999,0.01009148
Ni14,6.09,0.0097644
Ni14,6.15,0.00947464
Ni14,6.21,0.00915184
Ni14,6.27,0.00884312
Ni14,6.33,0.00850612
Ni14,6.39,0.0081836
Ni14,6.449999999999999,0.00783756
Ni14,6.51,0.00750232
Ni14,6.57,0.0071708
Ni14,6.63,0.00683284
Ni14,6.6899999999999995,0.0065096
Ni14,6.75,0.0061846
Ni14,6.81,0.00585572
Ni14,6.869999999999999,0.00556444
Ni14,6.93,0.00523404
Ni14,6.99,0.00496376
Ni14,7.05,0.004661
Ni14,7.109999999999999,0.00437904
Ni14,7.17,0.00410788
Ni14,7.2299999999999995,0.0038292
Ni14,7.289999999999999,0.00356608
Ni14,7.35,0.0033222
Ni14,7.41,0.00307612
Ni14,7.47,0.00285488
Ni14,7.529999999999999,0.002622
Ni14,7.59,0.00241824
Ni14,7.65,0.0022158
Ni14,7.709999999999999,0.00202316
Ni14,7.77,0.00184724
Ni14,7.83,0.00167372
Ni14,7.89,0.00151172
Ni14,7.949999999999999,0.00136868
Ni14,8.01,0.00123216
Ni14,8.07,0.00110932
Ni14,8.129999999999999,0.00100048
Ni14,8.19,0.00089948
Ni14,8.25,0.00079028
Ni14,8.309999999999999,0.00070616
Ni14,8.370000000000001,0.00062656
Ni14,8.43,0.00055364
Ni14,8.489999999999998,0.00048572
Ni14,8.55,0.00043068
Ni14,8.61,0.00037824
Ni14,8.67,0.00033628
Ni14,8.73,0.00028952
Ni14,8.79,0.00025072
Ni14,8.85,0.00021692
Ni14,8.91,0.00018748
Ni14,8.969999999999999,0.00015976
Ni14,9.030000000000001,0.00013832
Ni14,9.09,0.00011784
Ni14,9.149999999999999,0.00010132
Ni14,9.21,8.568e-05
Ni14,9.27,6.992e-05
Ni14,9.329999999999998,5.624e-05
Ni14,9.39,4.756e-05
Ni14,9.45,3.968e-05
Ni14,9.51,3.36e-05
Ni14,9.57,2.704e-05
Ni14,9.629999999999999,2.24e-05
Ni14,9.69,1.856e-05
Ni14,9.75,1.552e-05
Ni14,9.809999999999999,1.228e-05
Ni14,9.870000000000001,1.04e-05
Ni14,9.93,8.44e-06
Ni14,9.989999999999998,7.12e-06
Ni14,10.05,5.92e-06
Ni14,10.11,4.72e-06
Ni14,10.169999999999998,3.96e-06
Ni14,10.23,3.12e-06
Ni14,10.29,2.32e-06
Ni14,10.35,2.12e-06
Ni14,10.41,1.44e-06
Ni14,10.469999999999999,1.24e-06
Ni14,10.53,8.8e-07
Ni14,10.59,6e-07
Ni14,10.649999999999999,4.8e-07
Ni14,10.71,4.4e-07
Ni14,10.77,3.6e-07
Ni14,10.829999999999998,2.4e-07
Ni14,10.89,2.4e-07
Ni14,10.95,2.4e-07
Ni14,11.01,8e-08
Ni14,11.07,8e-08
Ni14,11.129999999999999,8e-08
Ni14,11.19,8e-08
Ni14,11.25,8e-08
Sn14,0.03,0.15122818181818182
Sn14,0.09,0.0020341818181818182
Sn14,0.15,0.00131
Sn14,0.21,0.001443090909090909
Sn14,0.27,0.0015757272727272727
Sn14,0.32999999999999996,0.0017951818181818182
Sn14,0.39,0.001897090909090909
Sn14,0.44999999999999996,0.002112363636363636
Sn14,0.51,0.00221
Sn14,0.5700000000000001,0.002375727272727273
Sn14,0.6299999999999999,0.002541272727272727
Sn14,0.69,0.0026244545454545453
Sn14,0.75,0.002770909090909091
Sn14,0.81,0.002982090909090909
Sn14,0.8699999999999999,0.0030211818181818183
Sn14,0.9299999999999999,0.003161909090909091
Sn14,0.99,0.003350090909090909
Sn14,1.05,0.0035325454545454544
Sn14,1.1099999999999999,0.003695272727272727
Sn14,1.17,0.0038526363636363636
Sn14,1.23,0.004006727272727273
Sn14,1.29,0.004171818181818182
Sn14,1.3499999999999999,0.004322090909090909
Sn14,1.41,0.004496
Sn14,1.47,0.004654
Sn14,1.53,0.004808272727272727
Sn14,1.5899999999999999,0.004982545454545455
Sn14,1.65,0.005162181818181818
Sn14,1.71,0.005329272727272728
Sn14,1.77,0.005479454545454545
Sn14,1.8299999999999998,0.005692363636363636
Sn14,1.89,0.005866
Sn14,1.95,0.006060545454545455
Sn14,2.01,0.006250727272727272
Sn14,2.0700000000000003,0.006437454545454546
Sn14,2.13,0.006636090909090909
Sn14,2.19,0.0068210909090909095
Sn14,2.25,0.007021
Sn14,2.3099999999999996,0.007220181818181818
Sn14,2.37,0.007390272727272727
Sn14,2.4299999999999997,0.007582272727272727
Sn14,2.49,0.007782545454545454
Sn14,2.55,0.007994
Sn14,2.61,0.008177
Sn14,2.67,0.008369727272727273
Sn14,2.7299999999999995,0.008610636363636364
Sn14,2.79,0.008785363636363636
Sn14,2.8499999999999996,0.008982272727272728
Sn14,2.91,0.009138909090909092
Sn14,2.9699999999999998,0.009374818181818182
Sn14,3.0300000000000002,0.009529181818181819
Sn14,3.09,0.009730545454545455
Sn14,3.15,0.009876545454545454
Sn14,3.21,0.010031181818181818
Sn14,3.2699999999999996,0.010198
Sn14,3.33,0.010349818181818182
Sn14,3.3899999999999997,0.010508363636363637
Sn14,3.45,0.010645181818181818
Sn14,3.51,0.010760636363636363
Sn14,3.57,0.010909727272727272
Sn14,3.63,0.011023272727272727
Sn14,3.6899999999999995,0.011166727272727273
Sn14,3.75,0.011209454545454545
Sn14,3.8099999999999996,0.011337272727272727
Sn14,3.87,0.011412727272727272
Sn14,3.9299999999999997,0.011460636363636364
Sn14,3.9899999999999998,0.011543727272727273
Sn14,4.05,0.01154490909090909
Sn14,4.109999999999999,0.011657454545454545
Sn14,4.17,0.011668
Sn14,4.23,0.011676545454545455
Sn14,4.29,0.011680454545454546
Sn14,4.35,0.011666454545454546
Sn14,4.41,0.011664090909090909
Sn14,4.47,0.011584272727272728
Sn14,4.529999999999999,0.011519363636363637
Sn14,4.59,0.01146390909090909
Sn14,4.65,0.011397636363636363
Sn14,4.71,0.011280545454545455
Sn14,4.77,0.011165727272727273
Sn14,4.83,0.011059818181818181
Sn14,4.89,0.010924454545454546
Sn14,4.949999999999999,0.010739727272727272
Sn14,5.01,0.010619818181818182
Sn14,5.07,0.010455545454545455
Sn14,5.13,0.01025790909090909
Sn14,5.1899999999999995,0.010043545454545454
Sn14,5.25,0.009862454545454546
Sn14,5.31,0.009595545454545454
Sn14,5.369999999999999,0.009355363636363636
Sn14,5.43,0.009074636363636363
Sn14,5.49,0.00880090909090909
Sn14,5.55,0.008495181818181818
Sn14,5.609999999999999,0.008189272727272727
Sn14,5.67,0.007938454545454545
Sn14,5.73,0.007614
Sn14,5.789999999999999,0.007309
Sn14,5.85,0.007006272727272727
Sn14,5.91,0.0067125454545454545
Sn14,5.97,0.0064062727272727275
Sn14,6.029999999999999,0.006160545454545454
Sn14,6.09,0.005891363636363636
Sn14,6.15,0.005629454545454545
Sn14,6.21,0.005355818181818182
Sn14,6.27,0.005066727272727273
Sn14,6.33,0.004807545454545455
Sn14,6.39,0.004548090909090909
Sn14,6.449999999999999,0.004306272727272727
Sn14,6.51,0.004061909090909091
Sn14,6.57,0.0037922727272727275
Sn14,6.63,0.0035674545454545455
Sn14,6.6899999999999995,0.003329727272727273
Sn14,6.75,0.003127909090909091
Sn14,6.81,0.0029339090909090908
Sn14,6.869999999999999,0.002699
Sn14,6.93,0.0024836363636363636
Sn14,6.99,0.0022744545454545457
Sn14,7.05,0.0020632727272727274
Sn14,7.109999999999999,0.0019051818181818182
Sn14,7.17,0.001753
Sn14,7.2299999999999995,0.0016031818181818183
Sn14,7.289999999999999,0.0014733636363636364
Sn14,7.35,0.0013484545454545455
Sn14,7.41,0.0012104545454545454
Sn14,7.47,0.0010855454545454545
Sn14,7.529999999999999,0.0009730909090909091
Sn14,7.59,0.000867090909090909
Sn14,7.65,0.000767
Sn14,7.709999999999999,0.0006923636363636364
Sn14,7.77,0.0006302727272727273
Sn14,7.83,0.0005648181818181818
Sn14,7.89,0.0005039090909090909
Sn14,7.949999999999999,0.0004470909090909091
Sn14,8.01,0.0003836363636363636
Sn14,8.07,0.00033936363636363634
Sn14,8.129999999999999,0.00029681818181818184
Sn14,8.19,0.00025445454545454545
Sn14,8.25,0.000231
Sn14,8.309999999999999,0.00020681818181818182
Sn14,8.370000000000001,0.000184
Sn14,8.43,0.0001599090909090909
Sn14,8.489999999999998,0.00012836363636363636
Sn14,8.55,0.000105
Sn14,8.61,8.99090909090909e-05
Sn14,8.67,7.572727272727273e-05
Sn14,8.73,6.463636363636364e-05
Sn14,8.79,5.3e-05
Sn14,8.85,4.572727272727273e-05
Sn14,8.91,3.718181818181818e-05
Sn14,8.969999999999999,3.118181818181818e-05
Sn14,9.030000000000001,2.509090909090909e-05
Sn14,9.09,1.881818181818182e-05
Sn14,9.149999999999999,1.7272727272727274e-05
Sn14,9.21,1.5272727272727273e-05
Sn14,9.27,1.2e-05
Sn14,9.329999999999998,1.0818181818181818e-05
Sn14,9.39,9.636363636363636e-06
Sn14,9.45,7.727272727272727e-06
Sn14,9.51,6.363636363636363e-06
Sn14,9.57,4.272727272727273e-06
Sn14,9.629999999999999,4.272727272727273e-06
Sn14,9.69,3.4545454545454545e-06
Sn14,9.75,3.090909090909091e-06
Sn14,9.809999999999999,1.818181818181818e-06
Sn14,9.870000000000001,1.1818181818181818e-06
Sn14,9.93,1e-06
Sn14,9.989999999999998,8.181818181818182e-07
Sn14,10.05,6.363636363636364e-07
Sn14,10.11,6.363636363636364e-07
Sn14,10.169999999999998,6.363636363636364e-07
Sn14,10.23,5.454545454545455e-07
Sn14,10.29,9.090909090909091e-08
Sn14,10.35,0.0
Sn14,10.41,1.8181818181818183e-07
Sn14,10.469999999999999,3.6363636363636366e-07
Sn14,10.53,2.7272727272727274e-07
Sn14,10.59,1.8181818181818183e-07
Ta14,0.03,0.22924705555555555
Ta14,0.09,0.002464361111111111
Ta14,0.15,0.002141527777777778
Ta14,0.21,0.002184
Ta14,0.27,0.0023270555555555557
Ta14,0.32999999999999996,0.0025371666666666667
Ta14,0.39,0.0027309444444444443
Ta14,0.44999999999999996,0.002919888888888889
Ta14,0.51,0.0031346944444444443
Ta14,0.5700000000000001,0.003315527777777778
Ta14,0.6299999999999999,0.003498666666666667
Ta14,0.69,0.003670416666666667
Ta14,0.75,0.0038584722222222223
Ta14,0.81,0.004030972222222222
Ta14,0.8699999999999999,0.00419775
Ta14,0.9299999999999999,0.004368305555555556
Ta14,0.99,0.0045210277777777775
Ta14,1.05,0.004672611111111111
Ta14,1.1099999999999999,0.004834333333333334
Ta14,1.17,0.0050039444444444445
Ta14,1.23,0.0051756388888888885
Ta14,1.29,0.005337472222222223
Ta14,1.3499999999999999,0.005519222222222222
Ta14,1.41,0.0056815
Ta14,1.47,0.0058536111111111115
Ta14,1.53,0.0060197777777777775
Ta14,1.5899999999999999,0.006197638888888889
Ta14,1.65,0.006372611111111111
Ta14,1.71,0.006546805555555556
Ta14,1.77,0.006714388888888889
Ta14,1.8299999999999998,0.006887972222222222
Ta14,1.89,0.007058333333333333
Ta14,1.95,0.0072165
Ta14,2.01,0.007400138888888889
Ta14,2.0700000000000003,0.0075575
Ta14,2.13,0.007734611111111111
Ta14,2.19,0.007889194444444445
Ta14,2.25,0.008068
Ta14,2.3099999999999996,0.008208805555555556
Ta14,2.37,0.008391722222222222
Ta14,2.4299999999999997,0.008532444444444445
Ta14,2.49,0.008695333333333333
Ta14,2.55,0.00884725
Ta14,2.61,0.008972305555555556
Ta14,2.67,0.009131
Ta14,2.7299999999999995,0.009252222222222222
Ta14,2.79,0.009382333333333333
Ta14,2.8499999999999996,0.00949725
Ta14,2.91,0.009632
Ta14,2.9699999999999998,0.009738972222222222
Ta14,3.0300000000000002,0.009840944444444444
Ta14,3.09,0.009949472222222222
Ta14,3.15,0.010037777777777777
Ta14,3.21,0.010125944444444444
Ta14,3.2699999999999996,0.010211166666666667
Ta14,3.33,0.010275916666666666
Ta14,3.3899999999999997,0.010333416666666666
Ta14,3.45,0.010379722222222222
Ta14,3.51,0.010423722222222221
Ta14,3.57,0.010454972222222221
Ta14,3.63,0.010478166666666667
Ta14,3.6899999999999995,0.010491416666666666
Ta14,3.75,0.010492944444444444
Ta14,3.8099999999999996,0.010481583333333334
Ta14,3.87,0.01046075
Ta14,3.9299999999999997,0.010431333333333334
Ta14,3.9899999999999998,0.010391611111111112
Ta14,4.05,0.010345
Ta14,4.109999999999999,0.010283555555555556
Ta14,4.17,0.010192166666666667
Ta14,4.23,0.010107583333333333
Ta14,4.29,0.010004055555555556
Ta14,4.35,0.009908305555555556
Ta14,4.41,0.009778166666666666
Ta14,4.47,0.009634527777777778
Ta14,4.529999999999999,0.009491055555555556
Ta14,4.59,0.009340055555555556
Ta14,4.65,0.009149222222222222
Ta14,4.71,0.008977472222222222
Ta14,4.77,0.008789388888888888
Ta14,4.83,0.008573388888888889
Ta14,4.89,0.008362444444444445
Ta14,4.949999999999999,0.00814736111111111
Ta14,5.01,0.007908027777777778
Ta14,5.07,0.007669666666666667
Ta14,5.13,0.007424138888888889
Ta14,5.1899999999999995,0.007181305555555555
Ta14,5.25,0.006934083333333334
Ta14,5.31,0.006687138888888889
Ta14,5.369999999999999,0.006432444444444445
Ta14,5.43,0.006186166666666667
Ta14,5.49,0.005934388888888889
Ta14,5.55,0.0056929722222222225
Ta14,5.609999999999999,0.005448166666666666
Ta14,5.67,0.0052105
Ta14,5.73,0.004971277777777778
Ta14,5.789999999999999,0.0047254444444444444
Ta14,5.85,0.004509111111111111
Ta14,5.91,0.004294055555555555
Ta14,5.97,0.004057944444444445
Ta14,6.029999999999999,0.003846416666666667
Ta14,6.09,0.003624472222222222
Ta14,6.15,0.0034110277777777776
Ta14,6.21,0.0032038333333333333
Ta14,6.27,0.003009972222222222
Ta14,6.33,0.0028035555555555557
Ta14,6.39,0.00261575
Ta14,6.449999999999999,0.0024311944444444446
Ta14,6.51,0.0022606666666666665
Ta14,6.57,0.0020978333333333335
Ta14,6.63,0.0019384444444444445
Ta14,6.6899999999999995,0.0017815555555555555
Ta14,6.75,0.0016358055555555555
Ta14,6.81,0.001488
Ta14,6.869999999999999,0.00136325
Ta14,6.93,0.0012442222222222223
Ta14,6.99,0.0011322222222222222
Ta14,7.05,0.0010345277777777779
Ta14,7.109999999999999,0.0009380555555555556
Ta14,7.17,0.0008446944444444445
Ta14,7.2299999999999995,0.0007599444444444445
Ta14,7.289999999999999,0.0006856666666666667
Ta14,7.35,0.0006119166666666666
Ta14,7.41,0.0005453055555555556
Ta14,7.47,0.00048647222222222223
Ta14,7.529999999999999,0.00043591666666666665
Ta14,7.59,0.000391
Ta14,7.65,0.00034730555555555556
Ta14,7.709999999999999,0.00030786111111111113
Ta14,7.77,0.00027055555555555557
Ta14,7.83,0.00023611111111111112
Ta14,7.89,0.00020816666666666667
Ta14,7.949999999999999,0.00018025
Ta14,8.01,0.0001581388888888889
Ta14,8.07,0.00013619444444444445
Ta14,8.129999999999999,0.00011872222222222222
Ta14,8.19,0.00010308333333333334
Ta14,8.25,8.755555555555555e-05
Ta14,8.309999999999999,7.177777777777777e-05
Ta14,8.370000000000001,6.088888888888889e-05
Ta14,8.43,5.069444444444444e-05
Ta14,8.489999999999998,4.241666666666667e-05
Ta14,8.55,3.630555555555556e-05
Ta14,8.61,2.9805555555555556e-05
Ta14,8.67,2.5444444444444446e-05
Ta14,8.73,2.1e-05
Ta14,8.79,1.836111111111111e-05
Ta14,8.85,1.4222222222222222e-05
Ta14,8.91,1.2166666666666667e-05
Ta14,8.969999999999999,1.0138888888888888e-05
Ta14,9.030000000000001,8.944444444444444e-06
Ta14,9.09,7.583333333333333e-06
Ta14,9.149999999999999,6.25e-06
Ta14,9.21,5.0833333333333335e-06
Ta14,9.27,4.305555555555556e-06
Ta14,9.329999999999998,3.4722222222222224e-06
Ta14,9.39,2.5555555555555557e-06
Ta14,9.45,2.1666666666666665e-06
Ta14,9.51,1.7222222222222222e-06
Ta14,9.57,1.4166666666666667e-06
Ta14,9.629999999999999,1.111111111111111e-06
Ta14,9.69,7.222222222222222e-07
Ta14,9.75,5.555555555555555e-07
Ta14,9.809999999999999,4.722222222222222e-07
Ta14,9.870000000000001,4.4444444444444444e-07
Ta14,9.93,3.3333333333333335e-07
Ta14,9.989999999999998,3.3333333333333335e-07
Ta14,10.05,2.7777777777777776e-07
Ta14,10.11,1.3888888888888888e-07
Ta14,10.169999999999998,1.1111111111111111e-07
Ta14,10.23,1.1111111111111111e-07
Ta14,10.29,1.1111111111111111e-07
Ta14,10.35,1.1111111111111111e-07
Ta14,10.41,5.5555555555555555e-08
Cu14,0.03,0.4247389625
Cu14,0.09,0.00284135
Cu14,0.15,0.0027867375
Cu14,0.21,0.0029195625
Cu14,0.27,0.003088725
Cu14,0.32999999999999996,0.0032651625
Cu14,0.39,0.0034451875
Cu14,0.44999999999999996,0.003623325
Cu14,0.51,0.0038088875
Cu14,0.5700000000000001,0.0039464
Cu14,0.6299999999999999,0.0041594875
Cu14,0.69,0.00433605
Cu14,0.75,0.0044673125
Cu14,0.81,0.004681325
Cu14,0.8699999999999999,0.0048119375
Cu14,0.9299999999999999,0.005019
Cu14,0.99,0.0051672625
Cu14,1.05,0.00538415
Cu14,1.1099999999999999,0.005544475
Cu14,1.17,0.0056972125
Cu14,1.23,0.0058504
Cu14,1.29,0.0060023
Cu14,1.3499999999999999,0.006145575
Cu14,1.41,0.006284625
Cu14,1.47,0.0064232
Cu14,1.53,0.0065631
Cu14,1.5899999999999999,0.0066944
Cu14,1.65,0.0068160875
Cu14,1.71,0.006933
Cu14,1.77,0.007057475
Cu14,1.8299999999999998,0.0071743625
Cu14,1.89,0.0072769625
Cu14,1.95,0.007383
Cu14,2.01,0.007480525
Cu14,2.0700000000000003,0.0075781875
Cu14,2.13,0.007668825
Cu14,2.19,0.0077560125
Cu14,2.25,0.0078200125
Cu14,2.3099999999999996,0.00790115
Cu14,2.37,0.0079625375
Cu14,2.4299999999999997,0.0080197
Cu14,2.49,0.0080698125
Cu14,2.55,0.0081177125
Cu14,2.61,0.0081564375
Cu14,2.67,0.0081912625
Cu14,2.7299999999999995,0.008211475
Cu14,2.79,0.00823085
Cu14,2.8499999999999996,0.0082397
Cu14,2.91,0.0082455
Cu14,2.9699999999999998,0.0082418625
Cu14,3.0300000000000002,0.0082252
Cu14,3.09,0.0081950625
Cu14,3.15,0.0081580625
Cu14,3.21,0.0081219875
Cu14,3.2699999999999996,0.008068025
Cu14,3.33,0.008005875
Cu14,3.3899999999999997,0.0079435
Cu14,3.45,0.0078592
Cu14,3.51,0.007782275
Cu14,3.57,0.00768175
Cu14,3.63,0.0075827
Cu14,3.6899999999999995,0.0074679125
Cu14,3.75,0.0073495
Cu14,3.8099999999999996,0.0072278375
Cu14,3.87,0.00708885
Cu14,3.9299999999999997,0.0069405375
Cu14,3.9899999999999998,0.0067985125
Cu14,4.05,0.0066462125
Cu14,4.109999999999999,0.0064933875
Cu14,4.17,0.00632715
Cu14,4.23,0.0061577625
Cu14,4.29,0.0059837625
Cu14,4.35,0.0058023
Cu14,4.41,0.00562525
Cu14,4.47,0.0054469875
Cu14,4.529999999999999,0.0052731125
Cu14,4.59,0.0050901125
Cu14,4.65,0.0049122125
Cu14,4.71,0.0047247
Cu14,4.77,0.00454655
Cu14,4.83,0.00436755
Cu14,4.89,0.004187325
Cu14,4.949999999999999,0.004016075
Cu14,5.01,0.0038403
Cu14,5.07,0.003682875
Cu14,5.13,0.003501925
Cu14,5.1899999999999995,0.003334425
Cu14,5.25,0.00315875
Cu14,5.31,0.0029921875
Cu14,5.369999999999999,0.0028305625
Cu14,5.43,0.0026730125
Cu14,5.49,0.0025229375
Cu14,5.55,0.0023669375
Cu14,5.609999999999999,0.0022239
Cu14,5.67,0.00208015
Cu14,5.73,0.0019451
Cu14,5.789999999999999,0.0018155125
Cu14,5.85,0.001690325
Cu14,5.91,0.0015624
Cu14,5.97,0.001444225
Cu14,6.029999999999999,0.001329475
Cu14,6.09,0.0012219875
Cu14,6.15,0.0011280375
Cu14,6.21,0.0010380375
Cu14,6.27,0.0009497
Cu14,6.33,0.0008721
Cu14,6.39,0.0007957625
Cu14,6.449999999999999,0.0007220375
Cu14,6.51,0.000655625
Cu14,6.57,0.0005924125
Cu14,6.63,0.0005339875
Cu14,6.6899999999999995,0.0004808
Cu14,6.75,0.00043105
Cu14,6.81,0.0003912
Cu14,6.869999999999999,0.0003533375
Cu14,6.93,0.0003162125
Cu14,6.99,0.000282575
Cu14,7.05,0.0002506
Cu14,7.109999999999999,0.0002208125
Cu14,7.17,0.000195175
Cu14,7.2299999999999995,0.000172525
Cu14,7.289999999999999,0.000150925
Cu14,7.35,0.000132925
Cu14,7.41,0.0001152
Cu14,7.47,0.00010205
Cu14,7.529999999999999,8.91875e-05
Cu14,7.59,7.57125e-05
Cu14,7.65,6.35875e-05
Cu14,7.709999999999999,5.33875e-05
Cu14,7.77,4.565e-05
Cu14,7.83,3.88e-05
Cu14,7.89,3.3025e-05
Cu14,7.949999999999999,2.79375e-05
Cu14,8.01,2.36875e-05
Cu14,8.07,2.0175e-05
Cu14,8.129999999999999,1.67375e-05
Cu14,8.19,1.46625e-05
Cu14,8.25,1.15625e-05
Cu14,8.309999999999999,9.875e-06
Cu14,8.370000000000001,8.6625e-06
Cu14,8.43,7.4375e-06
Cu14,8.489999999999998,6.3625e-06
Cu14,8.55,5.125e-06
Cu14,8.61,4.3375e-06
Cu14,8.67,3.7125e-06
Cu14,8.73,2.9125e-06
Cu14,8.79,2.2e-06
Cu14,8.85,1.95e-06
Cu14,8.91,1.525e-06
Cu14,8.969999999999999,1.3e-06
Cu14,9.030000000000001,9.875e-07
Cu14,9.09,6.75e-07
Cu14,9.149999999999999,4.75e-07
Cu14,9.21,5.125e-07
Cu14,9.27,4.375e-07
Cu14,9.329999999999998,3.25e-07
Cu14,9.39,2.625e-07
Cu14,9.45,2.625e-07
Cu14,9.51,1.875e-07
Cu14,9.57,8.75e-08
Cu14,9.629999999999999,1e-07
Cu14,9.69,8.75e-08
Cu14,9.75,8.75e-08
Cu14,9.809999999999999,8.75e-08
Cu14,9.870000000000001,3.75e-08
