name,energy,flux
Ni08,27.57,3.3333333333333335e-07
Ni08,27.63,3.3333333333333335e-07
Ni08,27.689999999999998,1.3333333333333334e-06
Ni08,27.75,1e-06
Ni08,27.81,3.6666666666666666e-06
Ni08,27.869999999999997,4e-06
Ni08,27.93,7.666666666666667e-06
Ni08,27.99,1.633333333333333e-05
Ni08,28.049999999999997,2.2e-05
Ni08,28.11,4.233333333333333e-05
Ni08,28.17,6.4e-05
Ni08,28.229999999999997,0.000102
Ni08,28.29,0.000168
Ni08,28.35,0.00024266666666666667
Ni08,28.409999999999997,0.00038733333333333333
Ni08,28.47,0.0005353333333333333
Ni08,28.53,0.000804
Ni08,28.589999999999996,0.0011543333333333334
Ni08,28.65,0.0016503333333333333
Ni08,28.71,0.002307
Ni08,28.769999999999996,0.003155
Ni08,28.83,0.004228
Ni08,28.89,0.005642333333333333
Ni08,28.95,0.007278333333333334
Ni08,29.009999999999998,0.009389666666666666
Ni08,29.07,0.011781666666666666
Ni08,29.13,0.014655333333333333
Ni08,29.189999999999998,0.017632666666666668
Ni08,29.25,0.021194
Ni08,29.31,0.024938666666666668
Ni08,29.369999999999997,0.028849333333333334
Ni08,29.43,0.03289633333333333
Ni08,29.49,0.03670166666666667
Ni08,29.549999999999997,0.040282
Ni08,29.61,0.044199666666666665
Ni08,29.67,0.046782
Ni08,29.729999999999997,0.04931833333333333
Ni08,29.79,0.05082
Ni08,29.85,0.051403
Ni08,29.909999999999997,0.051688333333333336
Ni08,29.97,0.050346
Ni08,30.03,0.048635333333333336
Ni08,30.089999999999996,0.045962666666666666
Ni08,30.15,0.04301633333333333
Ni08,30.21,0.039373
Ni08,30.269999999999996,0.035582
Ni08,30.33,0.031488
Ni08,30.39,0.027593
Ni08,30.45,0.023641333333333334
Ni08,30.509999999999998,0.019889666666666667
Ni08,30.57,0.016498333333333334
Ni08,30.63,0.013465666666666667
Ni08,30.689999999999998,0.010858666666666668
Ni08,30.75,0.008475333333333333
Ni08,30.81,0.006668333333333333
Ni08,30.869999999999997,0.004958
Ni08,30.93,0.003863333333333333
Ni08,30.99,0.0027723333333333332
Ni08,31.049999999999997,0.002069333333333333
Ni08,31.11,0.001429
Ni08,31.17,0.0010293333333333333
Ni08,31.229999999999997,0.0006713333333333334
Ni08,31.29,0.0004856666666666667
Ni08,31.35,0.000313
Ni08,31.409999999999997,0.000212
Ni08,31.47,0.000135
Ni08,31.53,9.033333333333334e-05
Ni08,31.589999999999996,5.466666666666667e-05
Ni08,31.65,3.0333333333333333e-05
Ni08,31.71,1.9666666666666666e-05
Ni08,31.769999999999996,1.1e-05
Ni08,31.83,6e-06
Ni08,31.89,2.666666666666667e-06
Ni08,31.95,1.6666666666666667e-06
Ni08,32.01,1e-06
Ni08,32.07,0.0
Ni08,32.129999999999995,3.3333333333333335e-07
Sn08,27.509999999999998,6.666666666666667e-07
Sn08,27.57,1.6666666666666667e-06
Sn08,27.63,2e-06
Sn08,27.689999999999998,2.333333333333333e-06
Sn08,27.75,4e-06
Sn08,27.81,7.333333333333333e-06
Sn08,27.869999999999997,1.8e-05
Sn08,27.93,2.7666666666666667e-05
Sn08,27.99,5.1e-05
Sn08,28.049999999999997,7e-05
Sn08,28.11,0.00011633333333333333
Sn08,28.17,0.000184
Sn08,28.229999999999997,0.00029066666666666667
Sn08,28.29,0.0004313333333333333
Sn08,28.35,0.00063
Sn08,28.409999999999997,0.0009106666666666667
Sn08,28.47,0.001328
Sn08,28.53,0.001892
Sn08,28.589999999999996,0.002701
Sn08,28.65,0.0037116666666666665
Sn08,28.71,0.004896333333333333
Sn08,28.769999999999996,0.006449333333333333
Sn08,28.83,0.008423
Sn08,28.89,0.010736
Sn08,28.95,0.013487
Sn08,29.009999999999998,0.016699
Sn08,29.07,0.020249333333333334
Sn08,29.13,0.023870666666666665
Sn08,29.189999999999998,0.027753666666666666
Sn08,29.25,0.032033
Sn08,29.31,0.03627366666666667
Sn08,29.369999999999997,0.040203666666666665
Sn08,29.43,0.04394566666666667
Sn08,29.49,0.04690066666666667
Sn08,29.549999999999997,0.049577333333333334
Sn08,29.61,0.051999333333333335
Sn08,29.67,0.05284266666666667
Sn08,29.729999999999997,0.05271633333333333
Sn08,29.79,0.05169566666666667
Sn08,29.85,0.04998166666666667
Sn08,29.909999999999997,0.047411666666666664
Sn08,29.97,0.04401
Sn08,30.03,0.040412666666666666
Sn08,30.089999999999996,0.036603666666666666
Sn08,30.15,0.03241533333333333
Sn08,30.21,0.028276666666666665
Sn08,30.269999999999996,0.023977666666666668
Sn08,30.33,0.020123666666666668
Sn08,30.39,0.016752666666666666
Sn08,30.45,0.013629666666666667
Sn08,30.509999999999998,0.010794333333333333
Sn08,30.57,0.008416
Sn08,30.63,0.006537333333333333
Sn08,30.689999999999998,0.004929
Sn08,30.75,0.003729
Sn08,30.81,0.0027366666666666668
Sn08,30.869999999999997,0.001959666666666667
Sn08,30.93,0.00135
Sn08,30.99,0.000942
Sn08,31.049999999999997,0.0006553333333333333
Sn08,31.11,0.00042666666666666667
Sn08,31.17,0.00028533333333333335
Sn08,31.229999999999997,0.000199
Sn08,31.29,0.000131
Sn08,31.35,7.233333333333333e-05
Sn08,31.409999999999997,4.4e-05
Sn08,31.47,3e-05
Sn08,31.53,1.6666666666666667e-05
Sn08,31.589999999999996,8.333333333333334e-06
Sn08,31.65,5.333333333333334e-06
Sn08,31.71,2.666666666666667e-06
Sn08,31.769999999999996,3.3333333333333335e-07
Sn08,31.83,3.3333333333333335e-07
Sn08,31.89,6.666666666666667e-07
Ta08,27.27,3.3333333333333335e-07
Ta08,27.33,3.3333333333333335e-07
Ta08,27.39,1.3333333333333334e-06
Ta08,27.45,1.3333333333333334e-06
Ta08,27.509999999999998,3.6666666666666666e-06
Ta08,27.57,4.333333333333333e-06
Ta08,27.63,1e-05
Ta08,27.689999999999998,1.6666666666666667e-05
Ta08,27.75,2.6e-05
Ta08,27.81,4.633333333333333e-05
Ta08,27.869999999999997,7.166666666666667e-05
Ta08,27.93,0.000113
Ta08,27.99,0.000179
Ta08,28.049999999999997,0.0002703333333333333
Ta08,28.11,0.00041033333333333335
Ta08,28.17,0.0005843333333333333
Ta08,28.229999999999997,0.000868
Ta08,28.29,0.0012266666666666667
Ta08,28.35,0.0017766666666666666
Ta08,28.409999999999997,0.002444
Ta08,28.47,0.003372
Ta08,28.53,0.004481666666666667
Ta08,28.589999999999996,0.005951
Ta08,28.65,0.007711666666666667
Ta08,28.71,0.009821666666666666
Ta08,28.769999999999996,0.012303333333333333
Ta08,28.83,0.015272
Ta08,28.89,0.018381
Ta08,28.95,0.021974666666666667
Ta08,29.009999999999998,0.025749666666666667
Ta08,29.07,0.029702666666666665
Ta08,29.13,0.03367766666666667
Ta08,29.189999999999998,0.03760633333333333
Ta08,29.25,0.041300666666666666
Ta08,29.31,0.044643333333333333
Ta08,29.369999999999997,0.047444
Ta08,29.43,0.049848333333333335
Ta08,29.49,0.05109166666666667
Ta08,29.549999999999997,0.051700333333333334
Ta08,29.61,0.051547
Ta08,29.67,0.050061666666666664
Ta08,29.729999999999997,0.048191333333333336
Ta08,29.79,0.04537033333333333
Ta08,29.85,0.042269
Ta08,29.909999999999997,0.038580666666666666
Ta08,29.97,0.034632
Ta08,30.03,0.030672666666666668
Ta08,30.089999999999996,0.026627
Ta08,30.15,0.022829666666666668
Ta08,30.21,0.019121
Ta08,30.269999999999996,0.015772666666666667
Ta08,30.33,0.012777666666666666
Ta08,30.39,0.010304666666666667
Ta08,30.45,0.007994333333333334
Ta08,30.509999999999998,0.00624
Ta08,30.57,0.004732333333333333
Ta08,30.63,0.003585333333333333
Ta08,30.689999999999998,0.002565
Ta08,30.75,0.0019156666666666666
Ta08,30.81,0.001316
Ta08,30.869999999999997,0.0009433333333333334
Ta08,30.93,0.0006313333333333334
Ta08,30.99,0.00043233333333333334
Ta08,31.049999999999997,0.00029466666666666666
Ta08,31.11,0.00018233333333333334
Ta08,31.17,0.00012766666666666666
Ta08,31.229999999999997,7.966666666666666e-05
Ta08,31.29,4.8666666666666666e-05
Ta08,31.35,2.8666666666666668e-05
Ta08,31.409999999999997,1.7333333333333332e-05
Ta08,31.47,9.333333333333333e-06
Ta08,31.53,5.666666666666667e-06
Ta08,31.589999999999996,2.666666666666667e-06
Ta08,31.65,1.3333333333333334e-06
Ta08,31.71,6.666666666666667e-07
Ta08,31.769999999999996,0.0
Ta08,31.83,3.3333333333333335e-07
Cu08,26.97,3.3333333333333335e-07
Cu08,27.03,3.3333333333333335e-07
Cu08,27.089999999999996,1e-06
Cu08,27.15,6.666666666666667e-07
Cu08,27.21,1.3333333333333334e-06
Cu08,27.27,3.3333333333333333e-06
Cu08,27.33,5.333333333333334e-06
Cu08,27.39,1.1666666666666666e-05
Cu08,27.45,1.633333333333333e-05
Cu08,27.509999999999998,3.1333333333333334e-05
Cu08,27.57,4.7333333333333336e-05
Cu08,27.63,7.066666666666667e-05
Cu08,27.689999999999998,0.00012333333333333334
Cu08,27.75,0.00018166666666666667
Cu08,27.81,0.0002776666666666667
Cu08,27.869999999999997,0.000411
Cu08,27.93,0.0005873333333333334
Cu08,27.99,0.0008893333333333333
Cu08,28.049999999999997,0.0012406666666666666
Cu08,28.11,0.001785
Cu08,28.17,0.0024433333333333334
Cu08,28.229999999999997,0.003314333333333333
Cu08,28.29,0.004454
Cu08,28.35,0.005882
Cu08,28.409999999999997,0.0075513333333333335
Cu08,28.47,0.009692666666666667
Cu08,28.53,0.012106333333333334
Cu08,28.589999999999996,0.014978333333333333
Cu08,28.65,0.017993
Cu08,28.71,0.021509666666666667
Cu08,28.769999999999996,0.025172666666666666
Cu08,28.83,0.029072
Cu08,28.89,0.03298433333333333
Cu08,28.95,0.03673766666666667
Cu08,29.009999999999998,0.040426
Cu08,29.07,0.043873666666666665
Cu08,29.13,0.046626
Cu08,29.189999999999998,0.049028666666666665
Cu08,29.25,0.050379
Cu08,29.31,0.051143
Cu08,29.369999999999997,0.05116366666666667
Cu08,29.43,0.04986533333333333
Cu08,29.49,0.048212
Cu08,29.549999999999997,0.045434666666666665
Cu08,29.61,0.04269733333333333
Cu08,29.67,0.03902166666666667
Cu08,29.729999999999997,0.035300333333333336
Cu08,29.79,0.031313
Cu08,29.85,0.027420333333333335
Cu08,29.909999999999997,0.023590666666666666
Cu08,29.97,0.019896333333333332
Cu08,30.03,0.016558333333333335
Cu08,30.089999999999996,0.013456666666666667
Cu08,30.15,0.010967666666666667
Cu08,30.21,0.008572666666666666
Cu08,30.269999999999996,0.006752333333333333
Cu08,30.33,0.005062666666666667
Cu08,30.39,0.003966666666666667
Cu08,30.45,0.002831666666666667
Cu08,30.509999999999998,0.0021466666666666665
Cu08,30.57,0.001474
Cu08,30.63,0.0010853333333333333
Cu08,30.689999999999998,0.0006953333333333333
Cu08,30.75,0.0005163333333333334
Cu08,30.81,0.0003336666666666667
Cu08,30.869999999999997,0.00022533333333333333
Cu08,30.93,0.000148
Cu08,30.99,9.233333333333333e-05
Cu08,31.049999999999997,6.3e-05
Cu08,31.11,3.2e-05
Cu08,31.17,2.2333333333333332e-05
Cu08,31.229999999999997,1.4e-05
Cu08,31.29,7e-06
Cu08,31.35,3.3333333333333333e-06
Cu08,31.409999999999997,2.333333333333333e-06
Cu08,31.47,6.666666666666667e-07
Cu08,31.53,3.3333333333333335e-07
Cu08,31.589999999999996,0.0
Cu08,31.65,3.3333333333333335e-07
Al_degrader_E2_E1,24.990000000000002,1.4285714285714285e-07
Al_degrader_E2_E1,25.049999999999997,0.0
Al_degrader_E2_E1,25.11,2.857142857142857e-07
Al_degrader_E2_E1,25.17,2.857142857142857e-07
Al_degrader_E2_E1,25.229999999999997,2.857142857142857e-07
Al_degrader_E2_E1,25.29,1e-06
Al_degrader_E2_E1,25.35,1e-06
Al_degrader_E2_E1,25.409999999999997,2.5714285714285716e-06
Al_degrader_E2_E1,25.47,5e-06
Al_degrader_E2_E1,25.53,6.428571428571429e-06
Al_degrader_E2_E1,25.589999999999996,9.428571428571428e-06
Al_degrader_E2_E1,25.65,1.657142857142857e-05
Al_degrader_E2_E1,25.71,2.3714285714285713e-05
Al_degrader_E2_E1,25.77,3.857142857142857e-05
Al_degrader_E2_E1,25.83,5.757142857142857e-05
Al_degrader_E2_E1,25.89,8.042857142857142e-05
Al_degrader_E2_E1,25.95,0.00011742857142857143
Al_degrader_E2_E1,26.009999999999998,0.00016142857142857143
Al_degrader_E2_E1,26.07,0.00023914285714285715
Al_degrader_E2_E1,26.13,0.0003372857142857143
Al_degrader_E2_E1,26.189999999999998,0.0004644285714285714
Al_degrader_E2_E1,26.25,0.0006308571428571429
Al_degrader_E2_E1,26.31,0.0008282857142857142
Al_degrader_E2_E1,26.369999999999997,0.0010857142857142858
Al_degrader_E2_E1,26.43,0.001441857142857143
Al_degrader_E2_E1,26.49,0.0018395714285714285
Al_degrader_E2_E1,26.549999999999997,0.0023364285714285713
Al_degrader_E2_E1,26.61,0.0029295714285714285
Al_degrader_E2_E1,26.67,0.0035837142857142856
Al_degrader_E2_E1,26.729999999999997,0.004389714285714286
Al_degrader_E2_E1,26.79,0.0052192857142857145
Al_degrader_E2_E1,26.85,0.006219428571428571
Al_degrader_E2_E1,26.909999999999997,0.007356714285714286
Al_degrader_E2_E1,26.97,0.008481142857142857
Al_degrader_E2_E1,27.03,0.009787428571428572
Al_degrader_E2_E1,27.089999999999996,0.010995142857142858
Al_degrader_E2_E1,27.15,0.012312428571428571
Al_degrader_E2_E1,27.21,0.013832142857142857
Al_degrader_E2_E1,27.27,0.015197285714285714
Al_degrader_E2_E1,27.33,0.016559857142857144
Al_degrader_E2_E1,27.39,0.017799714285714287
Al_degrader_E2_E1,27.45,0.018992285714285715
Al_degrader_E2_E1,27.509999999999998,0.02022742857142857
Al_degrader_E2_E1,27.57,0.02145342857142857
Al_degrader_E2_E1,27.63,0.022330857142857142
Al_degrader_E2_E1,27.689999999999998,0.023228
Al_degrader_E2_E1,27.75,0.02397257142857143
Al_degrader_E2_E1,27.81,0.02460642857142857
Al_degrader_E2_E1,27.869999999999997,0.02544885714285714
Al_degrader_E2_E1,27.93,0.025819428571428573
Al_degrader_E2_E1,27.99,0.02619614285714286
Al_degrader_E2_E1,28.049999999999997,0.026494857142857143
Al_degrader_E2_E1,28.11,0.026762142857142856
Al_degrader_E2_E1,28.17,0.02716714285714286
Al_degrader_E2_E1,28.229999999999997,0.027190714285714287
Al_degrader_E2_E1,28.29,0.02722957142857143
Al_degrader_E2_E1,28.35,0.027223428571428572
Al_degrader_E2_E1,28.409999999999997,0.02716
Al_degrader_E2_E1,28.47,0.027306428571428572
Al_degrader_E2_E1,28.53,0.027019142857142856
Al_degrader_E2_E1,28.589999999999996,0.026774142857142857
Al_degrader_E2_E1,28.65,0.026345857142857143
Al_degrader_E2_E1,28.71,0.025887285714285713
Al_degrader_E2_E1,28.769999999999996,0.025552714285714286
Al_degrader_E2_E1,28.83,0.024799285714285715
Al_degrader_E2_E1,28.89,0.023987571428571428
Al_degrader_E2_E1,28.95,0.023098714285714285
Al_degrader_E2_E1,29.009999999999998,0.022029
Al_degrader_E2_E1,29.07,0.021038
Al_degrader_E2_E1,29.13,0.019707714285714287
Al_degrader_E2_E1,29.189999999999998,0.018333714285714287
Al_degrader_E2_E1,29.25,0.016923428571428572
Al_degrader_E2_E1,29.31,0.015450857142857143
Al_degrader_E2_E1,29.369999999999997,0.01402757142857143
Al_degrader_E2_E1,29.43,0.012422428571428572
Al_degrader_E2_E1,29.49,0.010912428571428571
Al_degrader_E2_E1,29.549999999999997,0.009543571428571429
Al_degrader_E2_E1,29.61,0.008258857142857142
Al_degrader_E2_E1,29.67,0.007010714285714286
Al_degrader_E2_E1,29.729999999999997,0.005850857142857143
Al_degrader_E2_E1,29.79,0.0047911428571428575
Al_degrader_E2_E1,29.85,0.0039195714285714285
Al_degrader_E2_E1,29.909999999999997,0.0031665714285714287
Al_degrader_E2_E1,29.97,0.0025085714285714286
Al_degrader_E2_E1,30.03,0.0019437142857142858
Al_degrader_E2_E1,30.089999999999996,0.0014747142857142858
Al_degrader_E2_E1,30.15,0.001133
Al_degrader_E2_E1,30.21,0.0008344285714285715
Al_degrader_E2_E1,30.269999999999996,0.0006261428571428571
Al_degrader_E2_E1,30.33,0.0004442857142857143
Al_degrader_E2_E1,30.39,0.0003272857142857143
Al_degrader_E2_E1,30.45,0.00020985714285714287
Al_degrader_E2_E1,30.509999999999998,0.00015685714285714286
Al_degrader_E2_E1,30.57,9.971428571428571e-05
Al_degrader_E2_E1,30.63,6.828571428571429e-05
Al_degrader_E2_E1,30.689999999999998,4.385714285714286e-05
Al_degrader_E2_E1,30.75,3.185714285714286e-05
Al_degrader_E2_E1,30.81,2.1285714285714286e-05
Al_degrader_E2_E1,30.869999999999997,9.142857142857142e-06
Al_degrader_E2_E1,30.93,6.857142857142857e-06
Al_degrader_E2_E1,30.99,4.714285714285714e-06
Al_degrader_E2_E1,31.049999999999997,2.5714285714285716e-06
Al_degrader_E2_E1,31.11,1.4285714285714286e-06
Al_degrader_E2_E1,31.17,7.142857142857143e-07
Al_degrader_E2_E1,31.229999999999997,4.2857142857142857e-07
Al_degrader_E2_E1,31.29,0.0
Al_degrader_E2_E1,31.35,0.0
Al_degrader_E2_E1,31.409999999999997,1.4285714285714285e-07
Ni09,24.75,3.3333333333333335e-07
Ni09,24.81,3.3333333333333335e-07
Ni09,24.869999999999997,1.3333333333333334e-06
Ni09,24.93,1e-06
Ni09,24.990000000000002,3.6666666666666666e-06
Ni09,25.049999999999997,1.3333333333333334e-06
Ni09,25.11,7.666666666666667e-06
Ni09,25.17,1.1666666666666666e-05
Ni09,25.229999999999997,1.8333333333333333e-05
Ni09,25.29,3.0333333333333333e-05
Ni09,25.35,4.766666666666667e-05
Ni09,25.409999999999997,6.633333333333334e-05
Ni09,25.47,0.00011466666666666667
Ni09,25.53,0.00017
Ni09,25.589999999999996,0.00023533333333333333
Ni09,25.65,0.00036666666666666667
Ni09,25.71,0.0004946666666666667
Ni09,25.77,0.0007136666666666667
Ni09,25.83,0.001013
Ni09,25.89,0.0014203333333333333
Ni09,25.95,0.001953
Ni09,26.009999999999998,0.002577
Ni09,26.07,0.0034323333333333332
Ni09,26.13,0.004516
Ni09,26.189999999999998,0.005811666666666666
Ni09,26.25,0.007337666666666667
Ni09,26.31,0.009231
Ni09,26.369999999999997,0.011400333333333333
Ni09,26.43,0.013951333333333333
Ni09,26.49,0.016473
Ni09,26.549999999999997,0.019592333333333333
Ni09,26.61,0.022862
Ni09,26.67,0.026148666666666667
Ni09,26.729999999999997,0.029601333333333334
Ni09,26.79,0.033049
Ni09,26.85,0.036325666666666666
Ni09,26.909999999999997,0.039425
Ni09,26.97,0.042391
Ni09,27.03,0.04471933333333333
Ni09,27.089999999999996,0.046475333333333334
Ni09,27.15,0.047510666666666666
Ni09,27.21,0.048105
Ni09,27.27,0.048004333333333336
Ni09,27.33,0.046828
Ni09,27.39,0.04534166666666667
Ni09,27.45,0.043033666666666665
Ni09,27.509999999999998,0.040587333333333336
Ni09,27.57,0.03743933333333333
Ni09,27.63,0.03421333333333333
Ni09,27.689999999999998,0.030545666666666665
Ni09,27.75,0.027257
Ni09,27.81,0.023774333333333335
Ni09,27.869999999999997,0.020430666666666666
Ni09,27.93,0.017312333333333332
Ni09,27.99,0.014426666666666667
Ni09,28.049999999999997,0.011824
Ni09,28.11,0.009690333333333334
Ni09,28.17,0.00767
Ni09,28.229999999999997,0.006114
Ni09,28.29,0.004613
Ni09,28.35,0.0036836666666666667
Ni09,28.409999999999997,0.002671
Ni09,28.47,0.002069333333333333
Ni09,28.53,0.0014333333333333333
Ni09,28.589999999999996,0.0010946666666666667
Ni09,28.65,0.0007333333333333333
Ni09,28.71,0.0005326666666666666
Ni09,28.769999999999996,0.0003606666666666667
Ni09,28.83,0.000246
Ni09,28.89,0.00016066666666666668
Ni09,28.95,0.00011233333333333333
Ni09,29.009999999999998,7.5e-05
Ni09,29.07,4.8666666666666666e-05
Ni09,29.13,2.6333333333333334e-05
Ni09,29.189999999999998,1.7333333333333332e-05
Ni09,29.25,1.0333333333333333e-05
Ni09,29.31,5.333333333333334e-06
Ni09,29.369999999999997,3.6666666666666666e-06
Ni09,29.43,1.6666666666666667e-06
Ni09,29.49,6.666666666666667e-07
Ni09,29.549999999999997,3.3333333333333335e-07
Ni09,29.61,0.0
Ni09,29.67,3.3333333333333335e-07
Sn09,24.63,3.3333333333333335e-07
Sn09,24.689999999999998,6.666666666666667e-07
Sn09,24.75,1.6666666666666667e-06
Sn09,24.81,1.6666666666666667e-06
Sn09,24.869999999999997,2.333333333333333e-06
Sn09,24.93,3.6666666666666666e-06
Sn09,24.990000000000002,7.333333333333333e-06
Sn09,25.049999999999997,1e-05
Sn09,25.11,2.7666666666666667e-05
Sn09,25.17,3.566666666666667e-05
Sn09,25.229999999999997,5.633333333333333e-05
Sn09,25.29,8.366666666666666e-05
Sn09,25.35,0.00012933333333333332
Sn09,25.409999999999997,0.000194
Sn09,25.47,0.00030166666666666666
Sn09,25.53,0.00042566666666666664
Sn09,25.589999999999996,0.0006066666666666667
Sn09,25.65,0.0008446666666666666
Sn09,25.71,0.0012126666666666666
Sn09,25.77,0.0016683333333333333
Sn09,25.83,0.00231
Sn09,25.89,0.00314
Sn09,25.95,0.004150333333333333
Sn09,26.009999999999998,0.005287666666666667
Sn09,26.07,0.006853
Sn09,26.13,0.008663666666666667
Sn09,26.189999999999998,0.010830333333333334
Sn09,26.25,0.013297
Sn09,26.31,0.016062333333333335
Sn09,26.369999999999997,0.019229333333333334
Sn09,26.43,0.022341666666666666
Sn09,26.49,0.025681666666666665
Sn09,26.549999999999997,0.029397333333333334
Sn09,26.61,0.033098
Sn09,26.67,0.03654333333333333
Sn09,26.729999999999997,0.039753333333333335
Sn09,26.79,0.042619333333333335
Sn09,26.85,0.04505766666666667
Sn09,26.909999999999997,0.04724233333333333
Sn09,26.97,0.048857
Sn09,27.03,0.04923166666666667
Sn09,27.089999999999996,0.048855
Sn09,27.15,0.047773
Sn09,27.21,0.04634766666666667
Sn09,27.27,0.043881
Sn09,27.33,0.04097233333333333
Sn09,27.39,0.03784933333333333
Sn09,27.45,0.03464433333333333
Sn09,27.509999999999998,0.031034
Sn09,27.57,0.027442
Sn09,27.63,0.023669666666666665
Sn09,27.689999999999998,0.020178666666666668
Sn09,27.75,0.017071333333333334
Sn09,27.81,0.014284
Sn09,27.869999999999997,0.011667333333333333
Sn09,27.93,0.009282
Sn09,27.99,0.007325
Sn09,28.049999999999997,0.0058263333333333335
Sn09,28.11,0.004448333333333334
Sn09,28.17,0.003404
Sn09,28.229999999999997,0.0025573333333333333
Sn09,28.29,0.0018936666666666668
Sn09,28.35,0.0013256666666666666
Sn09,28.409999999999997,0.0009453333333333333
Sn09,28.47,0.000669
Sn09,28.53,0.0004603333333333333
Sn09,28.589999999999996,0.000315
Sn09,28.65,0.000218
Sn09,28.71,0.00015866666666666666
Sn09,28.769999999999996,9.633333333333333e-05
Sn09,28.83,5.1666666666666664e-05
Sn09,28.89,3.766666666666667e-05
Sn09,28.95,2.5e-05
Sn09,29.009999999999998,1.3333333333333333e-05
Sn09,29.07,7.666666666666667e-06
Sn09,29.13,5e-06
Sn09,29.189999999999998,2.666666666666667e-06
Sn09,29.25,3.3333333333333335e-07
Sn09,29.31,3.3333333333333335e-07
Sn09,29.369999999999997,6.666666666666667e-07
Ta09,24.39,3.3333333333333335e-07
Ta09,24.45,3.3333333333333335e-07
Ta09,24.509999999999998,1.3333333333333334e-06
Ta09,24.57,6.666666666666667e-07
Ta09,24.63,2e-06
Ta09,24.689999999999998,3e-06
Ta09,24.75,4.666666666666666e-06
Ta09,24.81,9.333333333333333e-06
Ta09,24.869999999999997,1.6e-05
Ta09,24.93,2.3e-05
Ta09,24.990000000000002,4.1e-05
Ta09,25.049999999999997,5.6e-05
Ta09,25.11,9.566666666666667e-05
Ta09,25.17,0.000139
Ta09,25.229999999999997,0.00020266666666666667
Ta09,25.29,0.00030033333333333333
Ta09,25.35,0.0004316666666666667
Ta09,25.409999999999997,0.000601
Ta09,25.47,0.00089
Ta09,25.53,0.00119
Ta09,25.589999999999996,0.001693
Ta09,25.65,0.0022543333333333334
Ta09,25.71,0.003039333333333333
Ta09,25.77,0.00397
Ta09,25.83,0.005181666666666667
Ta09,25.89,0.006579666666666667
Ta09,25.95,0.008322333333333333
Ta09,26.009999999999998,0.010312
Ta09,26.07,0.012699333333333333
Ta09,26.13,0.015260333333333334
Ta09,26.189999999999998,0.018117
Ta09,26.25,0.021233666666666668
Ta09,26.31,0.024578
Ta09,26.369999999999997,0.027949666666666668
Ta09,26.43,0.031375
Ta09,26.49,0.034824
Ta09,26.549999999999997,0.037954
Ta09,26.61,0.04086133333333333
Ta09,26.67,0.043616
Ta09,26.729999999999997,0.04555766666666667
Ta09,26.79,0.04717166666666667
Ta09,26.85,0.047830333333333336
Ta09,26.909999999999997,0.04814266666666667
Ta09,26.97,0.047462333333333336
Ta09,27.03,0.046089
Ta09,27.089999999999996,0.04416233333333333
Ta09,27.15,0.041743333333333334
Ta09,27.21,0.03892933333333334
Ta09,27.27,0.035747
Ta09,27.33,0.032363
Ta09,27.39,0.028840333333333332
Ta09,27.45,0.025401666666666666
Ta09,27.509999999999998,0.022022333333333335
Ta09,27.57,0.018824
Ta09,27.63,0.015803333333333332
Ta09,27.689999999999998,0.013073333333333333
Ta09,27.75,0.010720666666666667
Ta09,27.81,0.008622
Ta09,27.869999999999997,0.006829333333333333
Ta09,27.93,0.005336666666666667
Ta09,27.99,0.004128
Ta09,28.049999999999997,0.003186333333333333
Ta09,28.11,0.0023023333333333333
Ta09,28.17,0.0017756666666666667
Ta09,28.229999999999997,0.0012303333333333333
Ta09,28.29,0.000921
Ta09,28.35,0.0006133333333333334
Ta09,28.409999999999997,0.00045533333333333336
Ta09,28.47,0.00029833333333333334
Ta09,28.53,0.00020433333333333333
Ta09,28.589999999999996,0.00014433333333333334
Ta09,28.65,9e-05
Ta09,28.71,6.166666666666667e-05
Ta09,28.769999999999996,3.233333333333333e-05
Ta09,28.83,2.3e-05
Ta09,28.89,1.4333333333333334e-05
Ta09,28.95,9e-06
Ta09,29.009999999999998,4.666666666666666e-06
Ta09,29.07,2.333333333333333e-06
Ta09,29.13,1.3333333333333334e-06
Ta09,29.189999999999998,6.666666666666667e-07
Ta09,29.25,0.0
Ta09,29.31,3.3333333333333335e-07
Cu09,24.089999999999996,3.3333333333333335e-07
Cu09,24.15,0.0
Cu09,24.21,6.666666666666667e-07
Cu09,24.27,1e-06
Cu09,24.33,1e-06
Cu09,24.39,3.6666666666666666e-06
Cu09,24.45,2e-06
Cu09,24.509999999999998,8.333333333333334e-06
Cu09,24.57,1.1e-05
Cu09,24.63,1.8666666666666665e-05
Cu09,24.689999999999998,3.0333333333333333e-05
Cu09,24.75,4.6666666666666665e-05
Cu09,24.81,7.033333333333334e-05
Cu09,24.869999999999997,0.000112
Cu09,24.93,0.00015966666666666665
Cu09,24.990000000000002,0.000234
Cu09,25.049999999999997,0.00035266666666666666
Cu09,25.11,0.0004843333333333333
Cu09,25.17,0.00069
Cu09,25.229999999999997,0.0009716666666666667
Cu09,25.29,0.0013456666666666667
Cu09,25.35,0.0018583333333333334
Cu09,25.409999999999997,0.002464333333333333
Cu09,25.47,0.003284
Cu09,25.53,0.004273
Cu09,25.589999999999996,0.005510333333333333
Cu09,25.65,0.006963666666666667
Cu09,25.71,0.008778333333333334
Cu09,25.77,0.010755
Cu09,25.83,0.013222
Cu09,25.89,0.015707
Cu09,25.95,0.018572
Cu09,26.009999999999998,0.021717666666666666
Cu09,26.07,0.025005333333333334
Cu09,26.13,0.028286333333333333
Cu09,26.189999999999998,0.031759
Cu09,26.25,0.03490066666666667
Cu09,26.31,0.038064
Cu09,26.369999999999997,0.04099333333333333
Cu09,26.43,0.04329433333333333
Cu09,26.49,0.04549266666666667
Cu09,26.549999999999997,0.04664366666666667
Cu09,26.61,0.047345
Cu09,26.67,0.04767533333333333
Cu09,26.729999999999997,0.046816
Cu09,26.79,0.04553833333333333
Cu09,26.85,0.043472666666666666
Cu09,26.909999999999997,0.041196666666666666
Cu09,26.97,0.038399333333333334
Cu09,27.03,0.035272
Cu09,27.089999999999996,0.03191366666666667
Cu09,27.15,0.028495333333333334
Cu09,27.21,0.025135
Cu09,27.27,0.021837333333333334
Cu09,27.33,0.018631666666666668
Cu09,27.39,0.015694666666666666
Cu09,27.45,0.013018
Cu09,27.509999999999998,0.010715333333333334
Cu09,27.57,0.008650666666666666
Cu09,27.63,0.006882333333333333
Cu09,27.689999999999998,0.005392666666666666
Cu09,27.75,0.004151333333333333
Cu09,27.81,0.003228
Cu09,27.869999999999997,0.0023513333333333333
Cu09,27.93,0.00183
Cu09,27.99,0.0012613333333333333
Cu09,28.049999999999997,0.0009623333333333334
Cu09,28.11,0.000622
Cu09,28.17,0.000478
Cu09,28.229999999999997,0.00031666666666666665
Cu09,28.29,0.00022033333333333334
Cu09,28.35,0.00014533333333333333
Cu09,28.409999999999997,9.9e-05
Cu09,28.47,6.633333333333334e-05
Cu09,28.53,3.6e-05
Cu09,28.589999999999996,2.5333333333333334e-05
Cu09,28.65,1.5666666666666667e-05
Cu09,28.71,9.333333333333333e-06
Cu09,28.769999999999996,5e-06
Cu09,28.83,3e-06
Cu09,28.89,1.3333333333333334e-06
Cu09,28.95,6.666666666666667e-07
Cu09,29.009999999999998,3.3333333333333335e-07
Cu09,29.07,0.0
Cu09,29.13,3.3333333333333335e-07
Al_degrader_E4_E3,21.93,1.25e-07
Al_degrader_E4_E3,21.990000000000002,1.25e-07
Al_degrader_E4_E3,22.049999999999997,1.25e-07
Al_degrader_E4_E3,22.11,2.5e-07
Al_degrader_E4_E3,22.17,2.5e-07
Al_degrader_E4_E3,22.229999999999997,8.75e-07
Al_degrader_E4_E3,22.29,3.75e-07
Al_degrader_E4_E3,22.35,1.75e-06
Al_degrader_E4_E3,22.409999999999997,3.25e-06
Al_degrader_E4_E3,22.47,4.625e-06
Al_degrader_E4_E3,22.53,5.375e-06
Al_degrader_E4_E3,22.589999999999996,1e-05
Al_degrader_E4_E3,22.65,1.4e-05
Al_degrader_E4_E3,22.71,2.15e-05
Al_degrader_E4_E3,22.77,3.3e-05
Al_degrader_E4_E3,22.83,4.5375e-05
Al_degrader_E4_E3,22.89,6.275e-05
Al_degrader_E4_E3,22.95,8.9375e-05
Al_degrader_E4_E3,23.009999999999998,0.000121875
Al_degrader_E4_E3,23.07,0.000173125
Al_degrader_E4_E3,23.13,0.00023725
Al_degrader_E4_E3,23.189999999999998,0.000319375
Al_degrader_E4_E3,23.25,0.00043525
Al_degrader_E4_E3,23.31,0.000564125
Al_degrader_E4_E3,23.369999999999997,0.0007305
Al_degrader_E4_E3,23.43,0.0009435
Al_degrader_E4_E3,23.490000000000002,0.00121025
Al_degrader_E4_E3,23.549999999999997,0.001555125
Al_degrader_E4_E3,23.61,0.001893
Al_degrader_E4_E3,23.67,0.00235475
Al_degrader_E4_E3,23.729999999999997,0.0028935
Al_degrader_E4_E3,23.79,0.003487375
Al_degrader_E4_E3,23.85,0.0041475
Al_degrader_E4_E3,23.909999999999997,0.0048665
Al_degrader_E4_E3,23.97,0.0057265
Al_degrader_E4_E3,24.03,0.006692
Al_degrader_E4_E3,24.089999999999996,0.007647625
Al_degrader_E4_E3,24.15,0.00871575
Al_degrader_E4_E3,24.21,0.00972425
Al_degrader_E4_E3,24.27,0.01088
Al_degrader_E4_E3,24.33,0.012113625
Al_degrader_E4_E3,24.39,0.013354125
Al_degrader_E4_E3,24.45,0.014522625
Al_degrader_E4_E3,24.509999999999998,0.01558625
Al_degrader_E4_E3,24.57,0.0167115
Al_degrader_E4_E3,24.63,0.0178145
Al_degrader_E4_E3,24.689999999999998,0.018977375
Al_degrader_E4_E3,24.75,0.01983725
Al_degrader_E4_E3,24.81,0.020653625
Al_degrader_E4_E3,24.869999999999997,0.0213945
Al_degrader_E4_E3,24.93,0.022222375
Al_degrader_E4_E3,24.990000000000002,0.022993
Al_degrader_E4_E3,25.049999999999997,0.023439875
Al_degrader_E4_E3,25.11,0.023882875
Al_degrader_E4_E3,25.17,0.024239125
Al_degrader_E4_E3,25.229999999999997,0.02472625
Al_degrader_E4_E3,25.29,0.0250485
Al_degrader_E4_E3,25.35,0.02524825
Al_degrader_E4_E3,25.409999999999997,0.025324625
Al_degrader_E4_E3,25.47,0.0254505
Al_degrader_E4_E3,25.53,0.025634375
Al_degrader_E4_E3,25.589999999999996,0.025655
Al_degrader_E4_E3,25.65,0.025592875
Al_degrader_E4_E3,25.71,0.025469625
Al_degrader_E4_E3,25.77,0.025238875
Al_degrader_E4_E3,25.83,0.02525375
Al_degrader_E4_E3,25.89,0.024896875
Al_degrader_E4_E3,25.95,0.024462875
Al_degrader_E4_E3,26.009999999999998,0.023975375
Al_degrader_E4_E3,26.07,0.0233745
Al_degrader_E4_E3,26.13,0.022938625
Al_degrader_E4_E3,26.189999999999998,0.022150625
Al_degrader_E4_E3,26.25,0.02122
Al_degrader_E4_E3,26.31,0.020174875
Al_degrader_E4_E3,26.369999999999997,0.019279125
Al_degrader_E4_E3,26.43,0.018201375
Al_degrader_E4_E3,26.49,0.016986875
Al_degrader_E4_E3,26.549999999999997,0.015665375
Al_degrader_E4_E3,26.61,0.014340625
Al_degrader_E4_E3,26.67,0.013132
Al_degrader_E4_E3,26.729999999999997,0.01179825
Al_degrader_E4_E3,26.79,0.01050175
Al_degrader_E4_E3,26.85,0.009227875
Al_degrader_E4_E3,26.909999999999997,0.008030625
Al_degrader_E4_E3,26.97,0.006994875
Al_degrader_E4_E3,27.03,0.005938
Al_degrader_E4_E3,27.089999999999996,0.0050085
Al_degrader_E4_E3,27.15,0.004138
Al_degrader_E4_E3,27.21,0.00338425
Al_degrader_E4_E3,27.27,0.002807125
Al_degrader_E4_E3,27.33,0.002221625
Al_degrader_E4_E3,27.39,0.00176875
Al_degrader_E4_E3,27.45,0.00135925
Al_degrader_E4_E3,27.509999999999998,0.001072875
Al_degrader_E4_E3,27.57,0.000795
Al_degrader_E4_E3,27.63,0.000608875
Al_degrader_E4_E3,27.689999999999998,0.00045825
Al_degrader_E4_E3,27.75,0.000325375
Al_degrader_E4_E3,27.81,0.00023775
Al_degrader_E4_E3,27.869999999999997,0.000163125
Al_degrader_E4_E3,27.93,0.0001215
Al_degrader_E4_E3,27.99,7.975e-05
Al_degrader_E4_E3,28.049999999999997,5.525e-05
Al_degrader_E4_E3,28.11,3.625e-05
Al_degrader_E4_E3,28.17,2.725e-05
Al_degrader_E4_E3,28.229999999999997,1.85e-05
Al_degrader_E4_E3,28.29,8.625e-06
Al_degrader_E4_E3,28.35,6.25e-06
Al_degrader_E4_E3,28.409999999999997,4.25e-06
Al_degrader_E4_E3,28.47,2.625e-06
Al_degrader_E4_E3,28.53,1.25e-06
Al_degrader_E4_E3,28.589999999999996,8.75e-07
Al_degrader_E4_E3,28.65,6.25e-07
Al_degrader_E4_E3,28.71,1.25e-07
Al_degrader_E4_E3,28.769999999999996,0.0
Al_degrader_E4_E3,28.83,1.25e-07
Ni10,21.63,3.3333333333333335e-07
Ni10,21.689999999999998,3.3333333333333335e-07
Ni10,21.75,1.3333333333333334e-06
Ni10,21.81,3.3333333333333335e-07
Ni10,21.869999999999997,1e-06
Ni10,21.93,3.6666666666666666e-06
Ni10,21.990000000000002,3.6666666666666666e-06
Ni10,22.049999999999997,5.666666666666667e-06
Ni10,22.11,1.2333333333333333e-05
Ni10,22.17,1.633333333333333e-05
Ni10,22.229999999999997,2.7666666666666667e-05
Ni10,22.29,4.1e-05
Ni10,22.35,5.3e-05
Ni10,22.409999999999997,8.3e-05
Ni10,22.47,0.000135
Ni10,22.53,0.00017033333333333334
Ni10,22.589999999999996,0.000252
Ni10,22.65,0.000361
Ni10,22.71,0.00047933333333333335
Ni10,22.77,0.0006666666666666666
Ni10,22.83,0.0009223333333333334
Ni10,22.89,0.001247
Ni10,22.95,0.00167
Ni10,23.009999999999998,0.002182
Ni10,23.07,0.0027936666666666665
Ni10,23.13,0.0036303333333333335
Ni10,23.189999999999998,0.004621666666666666
Ni10,23.25,0.0057406666666666665
Ni10,23.31,0.007138333333333333
Ni10,23.369999999999997,0.008763666666666666
Ni10,23.43,0.010553333333333333
Ni10,23.490000000000002,0.012740666666666668
Ni10,23.549999999999997,0.014904
Ni10,23.61,0.017314666666666666
Ni10,23.67,0.020028666666666667
Ni10,23.729999999999997,0.022850666666666665
Ni10,23.79,0.0257
Ni10,23.85,0.028681666666666668
Ni10,23.909999999999997,0.031427666666666666
Ni10,23.97,0.034000666666666665
Ni10,24.03,0.036821
Ni10,24.089999999999996,0.039107
Ni10,24.15,0.04101
Ni10,24.21,0.042542666666666666
Ni10,24.27,0.04345266666666667
Ni10,24.33,0.043948666666666664
Ni10,24.39,0.04420966666666667
Ni10,24.45,0.04333833333333333
Ni10,24.509999999999998,0.042325
Ni10,24.57,0.040722
Ni10,24.63,0.038644333333333336
Ni10,24.689999999999998,0.036408333333333334
Ni10,24.75,0.033732333333333336
Ni10,24.81,0.030973666666666667
Ni10,24.869999999999997,0.027875
Ni10,24.93,0.025111333333333333
Ni10,24.990000000000002,0.022162666666666667
Ni10,25.049999999999997,0.019374333333333334
Ni10,25.11,0.016563666666666668
Ni10,25.17,0.014162333333333334
Ni10,25.229999999999997,0.01182
Ni10,25.29,0.009917333333333334
Ni10,25.35,0.008071666666666666
Ni10,25.409999999999997,0.006543333333333333
Ni10,25.47,0.005231666666666667
Ni10,25.53,0.004065666666666667
Ni10,25.589999999999996,0.0032723333333333333
Ni10,25.65,0.0024406666666666665
Ni10,25.71,0.0019313333333333333
Ni10,25.77,0.0013823333333333333
Ni10,25.83,0.0010633333333333332
Ni10,25.89,0.0007546666666666666
Ni10,25.95,0.0005396666666666667
Ni10,26.009999999999998,0.00039466666666666665
Ni10,26.07,0.000271
Ni10,26.13,0.00019866666666666668
Ni10,26.189999999999998,0.00013366666666666667
Ni10,26.25,9.3e-05
Ni10,26.31,5.9e-05
Ni10,26.369999999999997,4.133333333333333e-05
Ni10,26.43,2.5666666666666666e-05
Ni10,26.49,1.5666666666666667e-05
Ni10,26.549999999999997,9.666666666666667e-06
Ni10,26.61,6e-06
Ni10,26.67,3.3333333333333333e-06
Ni10,26.729999999999997,1.6666666666666667e-06
Ni10,26.79,1e-06
Ni10,26.85,6.666666666666667e-07
Ni10,26.909999999999997,0.0
Ni10,26.97,3.3333333333333335e-07
Sn10,21.509999999999998,3.3333333333333335e-07
Sn10,21.57,6.666666666666667e-07
Sn10,21.63,1.6666666666666667e-06
Sn10,21.689999999999998,1.3333333333333334e-06
Sn10,21.75,2e-06
Sn10,21.81,3e-06
Sn10,21.869999999999997,4.333333333333333e-06
Sn10,21.93,7.666666666666667e-06
Sn10,21.990000000000002,1.5666666666666667e-05
Sn10,22.049999999999997,2.3333333333333332e-05
Sn10,22.11,3.4e-05
Sn10,22.17,5.633333333333333e-05
Sn10,22.229999999999997,7.5e-05
Sn10,22.29,0.000113
Sn10,22.35,0.00015866666666666666
Sn10,22.409999999999997,0.00024
Sn10,22.47,0.0003373333333333333
Sn10,22.53,0.00045933333333333335
Sn10,22.589999999999996,0.0006336666666666667
Sn10,22.65,0.000867
Sn10,22.71,0.0011736666666666666
Sn10,22.77,0.0015783333333333333
Sn10,22.83,0.0021536666666666666
Sn10,22.89,0.0028223333333333334
Sn10,22.95,0.003631333333333333
Sn10,23.009999999999998,0.004569
Sn10,23.07,0.00573
Sn10,23.13,0.007193333333333334
Sn10,23.189999999999998,0.008882333333333334
Sn10,23.25,0.010721666666666666
Sn10,23.31,0.012893333333333333
Sn10,23.369999999999997,0.015435333333333334
Sn10,23.43,0.01788966666666667
Sn10,23.490000000000002,0.020623333333333334
Sn10,23.549999999999997,0.023359333333333333
Sn10,23.61,0.026477
Sn10,23.67,0.029604333333333333
Sn10,23.729999999999997,0.032468
Sn10,23.79,0.035342
Sn10,23.85,0.037905666666666664
Sn10,23.909999999999997,0.040009
Sn10,23.97,0.042023333333333336
Sn10,24.03,0.043805
Sn10,24.089999999999996,0.044901333333333335
Sn10,24.15,0.04509266666666667
Sn10,24.21,0.044736
Sn10,24.27,0.043867333333333335
Sn10,24.33,0.04268266666666667
Sn10,24.39,0.040856333333333335
Sn10,24.45,0.038352
Sn10,24.509999999999998,0.035918
Sn10,24.57,0.033154666666666666
Sn10,24.63,0.030241333333333332
Sn10,24.689999999999998,0.027298666666666666
Sn10,24.75,0.024180666666666666
Sn10,24.81,0.021074
Sn10,24.869999999999997,0.018053666666666666
Sn10,24.93,0.015577666666666667
Sn10,24.990000000000002,0.013183333333333333
Sn10,25.049999999999997,0.010960666666666667
Sn10,25.11,0.008929333333333333
Sn10,25.17,0.007176666666666666
Sn10,25.229999999999997,0.005774666666666667
Sn10,25.29,0.004611666666666667
Sn10,25.35,0.003573
Sn10,25.409999999999997,0.002803
Sn10,25.47,0.002125
Sn10,25.53,0.0015703333333333333
Sn10,25.589999999999996,0.0011426666666666666
Sn10,25.65,0.0008406666666666666
Sn10,25.71,0.000611
Sn10,25.77,0.000432
Sn10,25.83,0.00029966666666666667
Sn10,25.89,0.00021533333333333333
Sn10,25.95,0.000161
Sn10,26.009999999999998,9.966666666666667e-05
Sn10,26.07,6.366666666666666e-05
Sn10,26.13,4.2e-05
Sn10,26.189999999999998,2.8333333333333332e-05
Sn10,26.25,1.9333333333333333e-05
Sn10,26.31,1.0666666666666667e-05
Sn10,26.369999999999997,6e-06
Sn10,26.43,5e-06
Sn10,26.49,1.6666666666666667e-06
Sn10,26.549999999999997,3.3333333333333335e-07
Sn10,26.61,3.3333333333333335e-07
Sn10,26.67,3.3333333333333335e-07
Sn10,26.729999999999997,3.3333333333333335e-07
Ta10,21.21,3.3333333333333335e-07
Ta10,21.27,0.0
Ta10,21.33,3.3333333333333335e-07
Ta10,21.39,1.3333333333333334e-06
Ta10,21.45,1e-06
Ta10,21.509999999999998,1.6666666666666667e-06
Ta10,21.57,3e-06
Ta10,21.63,4.333333333333333e-06
Ta10,21.689999999999998,7.333333333333333e-06
Ta10,21.75,1.1333333333333334e-05
Ta10,21.81,2.0333333333333334e-05
Ta10,21.869999999999997,2.6333333333333334e-05
Ta10,21.93,4.3e-05
Ta10,21.990000000000002,6.2e-05
Ta10,22.049999999999997,8.966666666666667e-05
Ta10,22.11,0.00013633333333333333
Ta10,22.17,0.000187
Ta10,22.229999999999997,0.00027066666666666667
Ta10,22.29,0.000374
Ta10,22.35,0.0005076666666666667
Ta10,22.409999999999997,0.000712
Ta10,22.47,0.000941
Ta10,22.53,0.001291
Ta10,22.589999999999996,0.0017223333333333333
Ta10,22.65,0.002276666666666667
Ta10,22.71,0.002916
Ta10,22.77,0.0037096666666666667
Ta10,22.83,0.004751333333333333
Ta10,22.89,0.005932666666666667
Ta10,22.95,0.007331333333333333
Ta10,23.009999999999998,0.008950666666666666
Ta10,23.07,0.010791333333333333
Ta10,23.13,0.012935666666666666
Ta10,23.189999999999998,0.015169666666666666
Ta10,23.25,0.017666666666666667
Ta10,23.31,0.020259333333333334
Ta10,23.369999999999997,0.023227666666666667
Ta10,23.43,0.025922666666666667
Ta10,23.490000000000002,0.028860666666666666
Ta10,23.549999999999997,0.03168833333333333
Ta10,23.61,0.034369
Ta10,23.67,0.036859666666666666
Ta10,23.729999999999997,0.03928466666666667
Ta10,23.79,0.040967333333333335
Ta10,23.85,0.04269766666666667
Ta10,23.909999999999997,0.04345433333333333
Ta10,23.97,0.044089666666666666
Ta10,24.03,0.043998333333333334
Ta10,24.089999999999996,0.043295
Ta10,24.15,0.042099
Ta10,24.21,0.04036733333333333
Ta10,24.27,0.03841766666666667
Ta10,24.33,0.036068
Ta10,24.39,0.033418
Ta10,24.45,0.030687666666666665
Ta10,24.509999999999998,0.02766566666666667
Ta10,24.57,0.024859666666666665
Ta10,24.63,0.021751333333333334
Ta10,24.689999999999998,0.019175333333333332
Ta10,24.75,0.016344333333333332
Ta10,24.81,0.013961
Ta10,24.869999999999997,0.011624666666666667
Ta10,24.93,0.009780666666666667
Ta10,24.990000000000002,0.007924333333333334
Ta10,25.049999999999997,0.006413
Ta10,25.11,0.005152
Ta10,25.17,0.004028333333333333
Ta10,25.229999999999997,0.003215
Ta10,25.29,0.0024063333333333332
Ta10,25.35,0.0018933333333333332
Ta10,25.409999999999997,0.0013743333333333333
Ta10,25.47,0.0010423333333333333
Ta10,25.53,0.0007293333333333334
Ta10,25.589999999999996,0.0005366666666666666
Ta10,25.65,0.0003916666666666667
Ta10,25.71,0.0002716666666666667
Ta10,25.77,0.00019133333333333334
Ta10,25.83,0.000133
Ta10,25.89,9.266666666666666e-05
Ta10,25.95,6.566666666666667e-05
Ta10,26.009999999999998,3.433333333333333e-05
Ta10,26.07,2.5333333333333334e-05
Ta10,26.13,1.6666666666666667e-05
Ta10,26.189999999999998,9.666666666666667e-06
Ta10,26.25,5.666666666666667e-06
Ta10,26.31,3e-06
Ta10,26.369999999999997,2.333333333333333e-06
Ta10,26.43,1e-06
Ta10,26.49,3.3333333333333335e-07
Ta10,26.549999999999997,0.0
Ta10,26.61,3.3333333333333335e-07
Cu10,20.909999999999997,3.3333333333333335e-07
Cu10,20.97,0.0
Cu10,21.03,3.3333333333333335e-07
Cu10,21.089999999999996,1.3333333333333334e-06
Cu10,21.15,1e-06
Cu10,21.21,2e-06
Cu10,21.27,2.333333333333333e-06
Cu10,21.33,3.6666666666666666e-06
Cu10,21.39,8.333333333333334e-06
Cu10,21.45,1.3e-05
Cu10,21.509999999999998,1.5666666666666667e-05
Cu10,21.57,2.8333333333333332e-05
Cu10,21.63,4.266666666666667e-05
Cu10,21.689999999999998,5.466666666666667e-05
Cu10,21.75,8.733333333333333e-05
Cu10,21.81,0.00013366666666666667
Cu10,21.869999999999997,0.000176
Cu10,21.93,0.00025233333333333336
Cu10,21.990000000000002,0.000354
Cu10,22.049999999999997,0.00046666666666666666
Cu10,22.11,0.0006666666666666666
Cu10,22.17,0.0008943333333333334
Cu10,22.229999999999997,0.0012016666666666666
Cu10,22.29,0.0016096666666666666
Cu10,22.35,0.002098333333333333
Cu10,22.409999999999997,0.002691
Cu10,22.47,0.0034676666666666666
Cu10,22.53,0.004409
Cu10,22.589999999999996,0.0055193333333333336
Cu10,22.65,0.006766
Cu10,22.71,0.008322333333333333
Cu10,22.77,0.010042666666666667
Cu10,22.83,0.012051
Cu10,22.89,0.014150666666666667
Cu10,22.95,0.016489
Cu10,23.009999999999998,0.019058666666666668
Cu10,23.07,0.021779
Cu10,23.13,0.024494666666666668
Cu10,23.189999999999998,0.027274
Cu10,23.25,0.030084333333333334
Cu10,23.31,0.032689333333333334
Cu10,23.369999999999997,0.035353666666666665
Cu10,23.43,0.037781666666666665
Cu10,23.490000000000002,0.03957566666666667
Cu10,23.549999999999997,0.041431
Cu10,23.61,0.04256066666666666
Cu10,23.67,0.043140333333333336
Cu10,23.729999999999997,0.043611333333333335
Cu10,23.79,0.04318
Cu10,23.85,0.042203
Cu10,23.909999999999997,0.040964
Cu10,23.97,0.039024666666666666
Cu10,24.03,0.037184666666666664
Cu10,24.089999999999996,0.034540666666666664
Cu10,24.15,0.032042
Cu10,24.21,0.029155
Cu10,24.27,0.026305333333333333
Cu10,24.33,0.023515666666666667
Cu10,24.39,0.02067
Cu10,24.45,0.018037333333333332
Cu10,24.509999999999998,0.015449666666666667
Cu10,24.57,0.013109666666666667
Cu10,24.63,0.010892666666666667
Cu10,24.689999999999998,0.009174333333333333
Cu10,24.75,0.007403
Cu10,24.81,0.006065
Cu10,24.869999999999997,0.004782333333333334
Cu10,24.93,0.003786
Cu10,24.990000000000002,0.0029936666666666666
Cu10,25.049999999999997,0.0022466666666666668
Cu10,25.11,0.0017823333333333333
Cu10,25.17,0.001271
Cu10,25.229999999999997,0.0009983333333333333
Cu10,25.29,0.0006773333333333333
Cu10,25.35,0.0005136666666666667
Cu10,25.409999999999997,0.00036566666666666665
Cu10,25.47,0.00025633333333333335
Cu10,25.53,0.00017866666666666665
Cu10,25.589999999999996,0.00012833333333333333
Cu10,25.65,8.7e-05
Cu10,25.71,6.166666666666667e-05
Cu10,25.77,3.4e-05
Cu10,25.83,2.5e-05
Cu10,25.89,1.6e-05
Cu10,25.95,1e-05
Cu10,26.009999999999998,5e-06
Cu10,26.07,3.3333333333333333e-06
Cu10,26.13,2e-06
Cu10,26.189999999999998,6.666666666666667e-07
Cu10,26.25,6.666666666666667e-07
Cu10,26.31,0.0
Cu10,26.369999999999997,3.3333333333333335e-07
Al_degrader_E6_E5,18.45,1e-07
Al_degrader_E6_E5,18.509999999999998,0.0
Al_degrader_E6_E5,18.57,1e-07
Al_degrader_E6_E5,18.63,3e-07
Al_degrader_E6_E5,18.689999999999998,1e-07
Al_degrader_E6_E5,18.75,2e-07
Al_degrader_E6_E5,18.81,8e-07
Al_degrader_E6_E5,18.869999999999997,2e-07
Al_degrader_E6_E5,18.93,1.4e-06
Al_degrader_E6_E5,18.990000000000002,1.9e-06
Al_degrader_E6_E5,19.049999999999997,3.2e-06
Al_degrader_E6_E5,19.11,3.8e-06
Al_degrader_E6_E5,19.17,6e-06
Al_degrader_E6_E5,19.229999999999997,8.2e-06
Al_degrader_E6_E5,19.29,1.18e-05
Al_degrader_E6_E5,19.35,1.68e-05
Al_degrader_E6_E5,19.409999999999997,2.41e-05
Al_degrader_E6_E5,19.47,3.3e-05
Al_degrader_E6_E5,19.53,4.62e-05
Al_degrader_E6_E5,19.59,6e-05
Al_degrader_E6_E5,19.65,8.36e-05
Al_degrader_E6_E5,19.71,0.0001101
Al_degrader_E6_E5,19.77,0.0001462
Al_degrader_E6_E5,19.83,0.0001981
Al_degrader_E6_E5,19.89,0.0002599
Al_degrader_E6_E5,19.95,0.0003376
Al_degrader_E6_E5,20.009999999999998,0.0004337
Al_degrader_E6_E5,20.07,0.0005552
Al_degrader_E6_E5,20.13,0.000684
Al_degrader_E6_E5,20.189999999999998,0.000878
Al_degrader_E6_E5,20.25,0.0010914
Al_degrader_E6_E5,20.31,0.0013347
Al_degrader_E6_E5,20.369999999999997,0.001626
Al_degrader_E6_E5,20.43,0.0019676
Al_degrader_E6_E5,20.490000000000002,0.0023872
Al_degrader_E6_E5,20.549999999999997,0.0028441
Al_degrader_E6_E5,20.61,0.00331
Al_degrader_E6_E5,20.67,0.0038819
Al_degrader_E6_E5,20.729999999999997,0.0044964
Al_degrader_E6_E5,20.79,0.0052359
Al_degrader_E6_E5,20.85,0.0059595
Al_degrader_E6_E5,20.909999999999997,0.0067021
Al_degrader_E6_E5,20.97,0.0076085
Al_degrader_E6_E5,21.03,0.0084729
Al_degrader_E6_E5,21.089999999999996,0.0094246
Al_degrader_E6_E5,21.15,0.010305
Al_degrader_E6_E5,21.21,0.0113435
Al_degrader_E6_E5,21.27,0.0123688
Al_degrader_E6_E5,21.33,0.0133578
Al_degrader_E6_E5,21.39,0.0142395
Al_degrader_E6_E5,21.45,0.0151886
Al_degrader_E6_E5,21.509999999999998,0.0161612
Al_degrader_E6_E5,21.57,0.0171017
Al_degrader_E6_E5,21.63,0.0177943
Al_degrader_E6_E5,21.689999999999998,0.0185816
Al_degrader_E6_E5,21.75,0.0193498
Al_degrader_E6_E5,21.81,0.0200823
Al_degrader_E6_E5,21.869999999999997,0.0206406
Al_degrader_E6_E5,21.93,0.0210883
Al_degrader_E6_E5,21.990000000000002,0.0216922
Al_degrader_E6_E5,22.049999999999997,0.0221198
Al_degrader_E6_E5,22.11,0.0225007
Al_degrader_E6_E5,22.17,0.0227042
Al_degrader_E6_E5,22.229999999999997,0.0230803
Al_degrader_E6_E5,22.29,0.0233233
Al_degrader_E6_E5,22.35,0.023528
Al_degrader_E6_E5,22.409999999999997,0.0234815
Al_degrader_E6_E5,22.47,0.0236746
Al_degrader_E6_E5,22.53,0.0237887
Al_degrader_E6_E5,22.589999999999996,0.0238202
Al_degrader_E6_E5,22.65,0.0235801
Al_degrader_E6_E5,22.71,0.0235775
Al_degrader_E6_E5,22.77,0.0235042
Al_degrader_E6_E5,22.83,0.0233294
Al_degrader_E6_E5,22.89,0.0228919
Al_degrader_E6_E5,22.95,0.022642
Al_degrader_E6_E5,23.009999999999998,0.0222664
Al_degrader_E6_E5,23.07,0.0218403
Al_degrader_E6_E5,23.13,0.0211647
Al_degrader_E6_E5,23.189999999999998,0.0205831
Al_degrader_E6_E5,23.25,0.0199081
Al_degrader_E6_E5,23.31,0.0191636
Al_degrader_E6_E5,23.369999999999997,0.0181742
Al_degrader_E6_E5,23.43,0.0173224
Al_degrader_E6_E5,23.490000000000002,0.0163604
Al_degrader_E6_E5,23.549999999999997,0.0153621
Al_degrader_E6_E5,23.61,0.0141895
Al_degrader_E6_E5,23.67,0.0130817
Al_degrader_E6_E5,23.729999999999997,0.0120214
Al_degrader_E6_E5,23.79,0.0109312
Al_degrader_E6_E5,23.85,0.0097659
Al_degrader_E6_E5,23.909999999999997,0.0087315
Al_degrader_E6_E5,23.97,0.0077575
Al_degrader_E6_E5,24.03,0.0067805
Al_degrader_E6_E5,24.089999999999996,0.0058451
Al_degrader_E6_E5,24.15,0.0050599
Al_degrader_E6_E5,24.21,0.0043185
Al_degrader_E6_E5,24.27,0.0036043
Al_degrader_E6_E5,24.33,0.0029912
Al_degrader_E6_E5,24.39,0.0024745
Al_degrader_E6_E5,24.45,0.0020504
Al_degrader_E6_E5,24.509999999999998,0.0016342
Al_degrader_E6_E5,24.57,0.001296
Al_degrader_E6_E5,24.63,0.0010244
Al_degrader_E6_E5,24.689999999999998,0.0008108
Al_degrader_E6_E5,24.75,0.0006195
Al_degrader_E6_E5,24.81,0.0004715
Al_degrader_E6_E5,24.869999999999997,0.0003627
Al_degrader_E6_E5,24.93,0.0002674
Al_degrader_E6_E5,24.990000000000002,0.0002017
Al_degrader_E6_E5,25.049999999999997,0.0001351
Al_degrader_E6_E5,25.11,0.0001053
Al_degrader_E6_E5,25.17,7.39e-05
Al_degrader_E6_E5,25.229999999999997,5.28e-05
Al_degrader_E6_E5,25.29,3.34e-05
Al_degrader_E6_E5,25.35,2.5e-05
Al_degrader_E6_E5,25.409999999999997,1.84e-05
Al_degrader_E6_E5,25.47,1.2e-05
Al_degrader_E6_E5,25.53,5.8e-06
Al_degrader_E6_E5,25.589999999999996,4.8e-06
Al_degrader_E6_E5,25.65,3.2e-06
Al_degrader_E6_E5,25.71,2.3e-06
Al_degrader_E6_E5,25.77,9e-07
Al_degrader_E6_E5,25.83,6e-07
Al_degrader_E6_E5,25.89,6e-07
Al_degrader_E6_E5,25.95,2e-07
Al_degrader_E6_E5,26.009999999999998,0.0
Al_degrader_E6_E5,26.07,0.0
Al_degrader_E6_E5,26.13,1e-07
Ni11,18.09,3.3333333333333335e-07
Ni11,18.15,3.3333333333333335e-07
Ni11,18.21,0.0
Ni11,18.27,1.3333333333333334e-06
Ni11,18.33,3.3333333333333335e-07
Ni11,18.39,1e-06
Ni11,18.45,3.6666666666666666e-06
Ni11,18.509999999999998,1e-06
Ni11,18.57,5e-06
Ni11,18.63,1e-05
Ni11,18.689999999999998,1.1e-05
Ni11,18.75,1.4333333333333334e-05
Ni11,18.81,2.5333333333333334e-05
Ni11,18.869999999999997,3.566666666666667e-05
Ni11,18.93,4.566666666666667e-05
Ni11,18.990000000000002,6.833333333333333e-05
Ni11,19.049999999999997,9.933333333333334e-05
Ni11,19.11,0.00012966666666666666
Ni11,19.17,0.000182
Ni11,19.229999999999997,0.00024133333333333334
Ni11,19.29,0.000333
Ni11,19.35,0.0004296666666666667
Ni11,19.409999999999997,0.0005753333333333333
Ni11,19.47,0.0007723333333333333
Ni11,19.53,0.0009903333333333333
Ni11,19.59,0.0013056666666666666
Ni11,19.65,0.0016793333333333332
Ni11,19.71,0.002103666666666667
Ni11,19.77,0.0026526666666666665
Ni11,19.83,0.0033133333333333335
Ni11,19.89,0.004122666666666667
Ni11,19.95,0.005019333333333333
Ni11,20.009999999999998,0.006059
Ni11,20.07,0.007336666666666667
Ni11,20.13,0.008659666666666666
Ni11,20.189999999999998,0.010292666666666667
Ni11,20.25,0.011947
Ni11,20.31,0.013812333333333333
Ni11,20.369999999999997,0.015867
Ni11,20.43,0.017907666666666665
Ni11,20.490000000000002,0.020263666666666666
Ni11,20.549999999999997,0.022492666666666668
Ni11,20.61,0.024827666666666668
Ni11,20.67,0.027129666666666667
Ni11,20.729999999999997,0.029299
Ni11,20.79,0.03155033333333333
Ni11,20.85,0.033642
Ni11,20.909999999999997,0.035354
Ni11,20.97,0.036904
Ni11,21.03,0.038156666666666665
Ni11,21.089999999999996,0.03898066666666666
Ni11,21.15,0.03930466666666667
Ni11,21.21,0.03985233333333333
Ni11,21.27,0.03933866666666667
Ni11,21.33,0.038598
Ni11,21.39,0.03762833333333333
Ni11,21.45,0.036154
Ni11,21.509999999999998,0.03448966666666667
Ni11,21.57,0.032616
Ni11,21.63,0.030464
Ni11,21.689999999999998,0.028297666666666665
Ni11,21.75,0.025807
Ni11,21.81,0.023418333333333333
Ni11,21.869999999999997,0.021081
Ni11,21.93,0.018727
Ni11,21.990000000000002,0.016570666666666668
Ni11,22.049999999999997,0.014320333333333332
Ni11,22.11,0.012349333333333334
Ni11,22.17,0.01049
Ni11,22.229999999999997,0.008958333333333334
Ni11,22.29,0.007463333333333333
Ni11,22.35,0.006150666666666666
Ni11,22.409999999999997,0.005040666666666666
Ni11,22.47,0.004014333333333333
Ni11,22.53,0.0033266666666666666
Ni11,22.589999999999996,0.0025913333333333335
Ni11,22.65,0.0020136666666666666
Ni11,22.71,0.0016316666666666667
Ni11,22.77,0.0011746666666666667
Ni11,22.83,0.0009606666666666666
Ni11,22.89,0.0006833333333333333
Ni11,22.95,0.000499
Ni11,23.009999999999998,0.0003913333333333333
Ni11,23.07,0.00028133333333333336
Ni11,23.13,0.00019866666666666668
Ni11,23.189999999999998,0.000138
Ni11,23.25,0.00010233333333333333
Ni11,23.31,7.4e-05
Ni11,23.369999999999997,5.4e-05
Ni11,23.43,2.8666666666666668e-05
Ni11,23.490000000000002,2.3e-05
Ni11,23.549999999999997,1.5e-05
Ni11,23.61,8.333333333333334e-06
Ni11,23.67,6.666666666666667e-06
Ni11,23.729999999999997,3e-06
Ni11,23.79,2.333333333333333e-06
Ni11,23.85,1.3333333333333334e-06
Ni11,23.909999999999997,6.666666666666667e-07
Ni11,23.97,3.3333333333333335e-07
Ni11,24.03,0.0
Ni11,24.089999999999996,3.3333333333333335e-07
Sn11,17.97,3.3333333333333335e-07
Sn11,18.03,3.3333333333333335e-07
Sn11,18.09,6.666666666666667e-07
Sn11,18.15,1.6666666666666667e-06
Sn11,18.21,1.3333333333333334e-06
Sn11,18.27,1.6666666666666667e-06
Sn11,18.33,3e-06
Sn11,18.39,3.6666666666666666e-06
Sn11,18.45,5.666666666666667e-06
Sn11,18.509999999999998,9.333333333333333e-06
Sn11,18.57,1.8666666666666665e-05
Sn11,18.63,2.8e-05
Sn11,18.689999999999998,3.433333333333333e-05
Sn11,18.75,4.766666666666667e-05
Sn11,18.81,6.8e-05
Sn11,18.869999999999997,9.566666666666667e-05
Sn11,18.93,0.000136
Sn11,18.990000000000002,0.000188
Sn11,19.049999999999997,0.000253
Sn11,19.11,0.00034566666666666665
Sn11,19.17,0.00045366666666666667
Sn11,19.229999999999997,0.0005966666666666667
Sn11,19.29,0.0007943333333333333
Sn11,19.35,0.0010286666666666667
Sn11,19.409999999999997,0.0013606666666666667
Sn11,19.47,0.001769
Sn11,19.53,0.0022486666666666666
Sn11,19.59,0.0028973333333333334
Sn11,19.65,0.003523333333333333
Sn11,19.71,0.004324
Sn11,19.77,0.005322333333333333
Sn11,19.83,0.0065183333333333334
Sn11,19.89,0.007833333333333333
Sn11,19.95,0.009279
Sn11,20.009999999999998,0.011001666666666667
Sn11,20.07,0.012797
Sn11,20.13,0.014932
Sn11,20.189999999999998,0.016927666666666667
Sn11,20.25,0.019069666666666665
Sn11,20.31,0.021406
Sn11,20.369999999999997,0.023861666666666666
Sn11,20.43,0.026374666666666668
Sn11,20.490000000000002,0.028721
Sn11,20.549999999999997,0.030976333333333335
Sn11,20.61,0.033199
Sn11,20.67,0.03495966666666667
Sn11,20.729999999999997,0.03655666666666667
Sn11,20.79,0.038302
Sn11,20.85,0.03960466666666667
Sn11,20.909999999999997,0.04023466666666667
Sn11,20.97,0.04047666666666667
Sn11,21.03,0.04011833333333333
Sn11,21.089999999999996,0.039622
Sn11,21.15,0.03861266666666667
Sn11,21.21,0.03741066666666667
Sn11,21.27,0.035540666666666665
Sn11,21.33,0.033618666666666665
Sn11,21.39,0.031447
Sn11,21.45,0.029376333333333334
Sn11,21.509999999999998,0.026893333333333335
Sn11,21.57,0.024524
Sn11,21.63,0.021980333333333334
Sn11,21.689999999999998,0.019475666666666665
Sn11,21.75,0.017066666666666667
Sn11,21.81,0.014845666666666667
Sn11,21.869999999999997,0.012866333333333334
Sn11,21.93,0.011047
Sn11,21.990000000000002,0.009229666666666667
Sn11,22.049999999999997,0.007652
Sn11,22.11,0.006287
Sn11,22.17,0.005167666666666667
Sn11,22.229999999999997,0.004219
Sn11,22.29,0.0033513333333333333
Sn11,22.35,0.002672
Sn11,22.409999999999997,0.002101
Sn11,22.47,0.0016406666666666666
Sn11,22.53,0.0012236666666666667
Sn11,22.589999999999996,0.000904
Sn11,22.65,0.0006973333333333333
Sn11,22.71,0.0005196666666666666
Sn11,22.77,0.000366
Sn11,22.83,0.00027266666666666666
Sn11,22.89,0.00019966666666666668
Sn11,22.95,0.000147
Sn11,23.009999999999998,0.00011266666666666666
Sn11,23.07,6.5e-05
Sn11,23.13,4.3e-05
Sn11,23.189999999999998,3.1333333333333334e-05
Sn11,23.25,2.4333333333333333e-05
Sn11,23.31,1.4e-05
Sn11,23.369999999999997,8.666666666666666e-06
Sn11,23.43,5.333333333333334e-06
Sn11,23.490000000000002,3.6666666666666666e-06
Sn11,23.549999999999997,2e-06
Sn11,23.61,3.3333333333333335e-07
Sn11,23.67,0.0
Sn11,23.729999999999997,6.666666666666667e-07
Sn11,23.79,3.3333333333333335e-07
Ta11,17.67,3.3333333333333335e-07
Ta11,17.729999999999997,0.0
Ta11,17.79,3.3333333333333335e-07
Ta11,17.85,1.3333333333333334e-06
Ta11,17.909999999999997,6.666666666666667e-07
Ta11,17.97,1.3333333333333334e-06
Ta11,18.03,2.666666666666667e-06
Ta11,18.09,1.6666666666666667e-06
Ta11,18.15,5.333333333333334e-06
Ta11,18.21,6.666666666666667e-06
Ta11,18.27,1.2333333333333333e-05
Ta11,18.33,1.7e-05
Ta11,18.39,2.2e-05
Ta11,18.45,3.233333333333333e-05
Ta11,18.509999999999998,4.8e-05
Ta11,18.57,6.266666666666667e-05
Ta11,18.63,9.766666666666666e-05
Ta11,18.689999999999998,0.000129
Ta11,18.75,0.00016733333333333333
Ta11,18.81,0.000241
Ta11,18.869999999999997,0.00031966666666666667
Ta11,18.93,0.0004076666666666667
Ta11,18.990000000000002,0.0005546666666666666
Ta11,19.049999999999997,0.000736
Ta11,19.11,0.000937
Ta11,19.17,0.001253
Ta11,19.229999999999997,0.0015843333333333334
Ta11,19.29,0.002038
Ta11,19.35,0.0025256666666666665
Ta11,19.409999999999997,0.0031626666666666665
Ta11,19.47,0.003953
Ta11,19.53,0.004789333333333333
Ta11,19.59,0.0058263333333333335
Ta11,19.65,0.006940666666666667
Ta11,19.71,0.008337
Ta11,19.77,0.009856333333333333
Ta11,19.83,0.011585333333333333
Ta11,19.89,0.013268
Ta11,19.95,0.015256
Ta11,20.009999999999998,0.017339666666666666
Ta11,20.07,0.019563333333333332
Ta11,20.13,0.021895
Ta11,20.189999999999998,0.023947666666666666
Ta11,20.25,0.026517666666666665
Ta11,20.31,0.0286
Ta11,20.369999999999997,0.030796666666666667
Ta11,20.43,0.032775
Ta11,20.490000000000002,0.034687666666666665
Ta11,20.549999999999997,0.036256333333333335
Ta11,20.61,0.037767666666666665
Ta11,20.67,0.038594333333333335
Ta11,20.729999999999997,0.03912033333333333
Ta11,20.79,0.039521
Ta11,20.85,0.039427666666666666
Ta11,20.909999999999997,0.038704333333333334
Ta11,20.97,0.03776733333333333
Ta11,21.03,0.036436
Ta11,21.089999999999996,0.034866666666666664
Ta11,21.15,0.03319333333333333
Ta11,21.21,0.030984333333333332
Ta11,21.27,0.028856666666666666
Ta11,21.33,0.026587666666666666
Ta11,21.39,0.0242
Ta11,21.45,0.021859
Ta11,21.509999999999998,0.019382333333333335
Ta11,21.57,0.017321
Ta11,21.63,0.015008
Ta11,21.689999999999998,0.013009
Ta11,21.75,0.011143
Ta11,21.81,0.009465
Ta11,21.869999999999997,0.008057
Ta11,21.93,0.006548
Ta11,21.990000000000002,0.005426
Ta11,22.049999999999997,0.004421
Ta11,22.11,0.0035613333333333335
Ta11,22.17,0.002904
Ta11,22.229999999999997,0.0022216666666666665
Ta11,22.29,0.0017856666666666667
Ta11,22.35,0.0013603333333333334
Ta11,22.409999999999997,0.001018
Ta11,22.47,0.0008156666666666667
Ta11,22.53,0.0005576666666666667
Ta11,22.589999999999996,0.00044866666666666666
Ta11,22.65,0.00031833333333333334
Ta11,22.71,0.000236
Ta11,22.77,0.00016133333333333334
Ta11,22.83,0.00012333333333333334
Ta11,22.89,8.766666666666667e-05
Ta11,22.95,5.766666666666667e-05
Ta11,23.009999999999998,4.233333333333333e-05
Ta11,23.07,2.3666666666666668e-05
Ta11,23.13,1.8333333333333333e-05
Ta11,23.189999999999998,1.2666666666666667e-05
Ta11,23.25,8.666666666666666e-06
Ta11,23.31,5e-06
Ta11,23.369999999999997,2.666666666666667e-06
Ta11,23.43,1.6666666666666667e-06
Ta11,23.490000000000002,6.666666666666667e-07
Ta11,23.549999999999997,6.666666666666667e-07
Ta11,23.61,0.0
Ta11,23.67,0.0
Ta11,23.729999999999997,3.3333333333333335e-07
Cu11,17.310000000000002,3.3333333333333335e-07
Cu11,17.369999999999997,0.0
Cu11,17.43,3.3333333333333335e-07
Cu11,17.490000000000002,1.3333333333333334e-06
Cu11,17.549999999999997,3.3333333333333335e-07
Cu11,17.61,6.666666666666667e-07
Cu11,17.67,3.6666666666666666e-06
Cu11,17.729999999999997,1e-06
Cu11,17.79,3.3333333333333333e-06
Cu11,17.85,8e-06
Cu11,17.909999999999997,8.666666666666666e-06
Cu11,17.97,1.2666666666666667e-05
Cu11,18.03,2.0333333333333334e-05
Cu11,18.09,3e-05
Cu11,18.15,3.9666666666666664e-05
Cu11,18.21,5.333333333333333e-05
Cu11,18.27,7.966666666666666e-05
Cu11,18.33,0.00011466666666666667
Cu11,18.39,0.00014433333333333334
Cu11,18.45,0.000195
Cu11,18.509999999999998,0.00027833333333333334
Cu11,18.57,0.000343
Cu11,18.63,0.00046866666666666666
Cu11,18.689999999999998,0.0006223333333333334
Cu11,18.75,0.0008053333333333334
Cu11,18.81,0.001049
Cu11,18.869999999999997,0.0013663333333333333
Cu11,18.93,0.0017026666666666666
Cu11,18.990000000000002,0.002179
Cu11,19.049999999999997,0.002703333333333333
Cu11,19.11,0.0033166666666666665
Cu11,19.17,0.004154666666666667
Cu11,19.229999999999997,0.005002
Cu11,19.29,0.006005
Cu11,19.35,0.007242
Cu11,19.409999999999997,0.008540666666666667
Cu11,19.47,0.010076333333333333
Cu11,19.53,0.011717333333333333
Cu11,19.59,0.013466666666666667
Cu11,19.65,0.015370333333333333
Cu11,19.71,0.01739833333333333
Cu11,19.77,0.019622666666666667
Cu11,19.83,0.021811
Cu11,19.89,0.023879666666666667
Cu11,19.95,0.026256333333333333
Cu11,20.009999999999998,0.028385
Cu11,20.07,0.030433333333333333
Cu11,20.13,0.032425333333333334
Cu11,20.189999999999998,0.03423866666666667
Cu11,20.25,0.035787
Cu11,20.31,0.037133
Cu11,20.369999999999997,0.038005333333333335
Cu11,20.43,0.038477
Cu11,20.490000000000002,0.038889
Cu11,20.549999999999997,0.038839
Cu11,20.61,0.038170666666666665
Cu11,20.67,0.037276
Cu11,20.729999999999997,0.03609866666666667
Cu11,20.79,0.03442566666666667
Cu11,20.85,0.033019
Cu11,20.909999999999997,0.030795333333333334
Cu11,20.97,0.028852666666666665
Cu11,21.03,0.026526333333333332
Cu11,21.089999999999996,0.024228666666666666
Cu11,21.15,0.022051666666666667
Cu11,21.21,0.019665333333333333
Cu11,21.27,0.017471333333333332
Cu11,21.33,0.015331666666666667
Cu11,21.39,0.013402333333333334
Cu11,21.45,0.011445333333333333
Cu11,21.509999999999998,0.009736666666666666
Cu11,21.57,0.008340666666666666
Cu11,21.63,0.006893666666666667
Cu11,21.689999999999998,0.005706
Cu11,21.75,0.004704333333333333
Cu11,21.81,0.0037383333333333335
Cu11,21.869999999999997,0.00313
Cu11,21.93,0.002416666666666667
Cu11,21.990000000000002,0.0018836666666666667
Cu11,22.049999999999997,0.0015406666666666667
Cu11,22.11,0.001119
Cu11,22.17,0.0009096666666666667
Cu11,22.229999999999997,0.0006373333333333333
Cu11,22.29,0.000483
Cu11,22.35,0.000374
Cu11,22.409999999999997,0.000266
Cu11,22.47,0.00019633333333333333
Cu11,22.53,0.00013566666666666667
Cu11,22.589999999999996,0.000102
Cu11,22.65,7.2e-05
Cu11,22.71,5.3666666666666666e-05
Cu11,22.77,2.966666666666667e-05
Cu11,22.83,2.3333333333333332e-05
Cu11,22.89,1.4333333333333334e-05
Cu11,22.95,1.0333333333333333e-05
Cu11,23.009999999999998,6.333333333333333e-06
Cu11,23.07,3.3333333333333333e-06
Cu11,23.13,2.333333333333333e-06
Cu11,23.189999999999998,1.3333333333333334e-06
Cu11,23.25,6.666666666666667e-07
Cu11,23.31,3.3333333333333335e-07
Cu11,23.369999999999997,0.0
Cu11,23.43,3.3333333333333335e-07
Al_degrader_E8_E7,14.43,8.333333333333334e-08
Al_degrader_E8_E7,14.489999999999998,8.333333333333334e-08
Al_degrader_E8_E7,14.55,0.0
Al_degrader_E8_E7,14.61,2.5e-07
Al_degrader_E8_E7,14.669999999999998,1.6666666666666668e-07
Al_degrader_E8_E7,14.73,8.333333333333334e-08
Al_degrader_E8_E7,14.79,2.5e-07
Al_degrader_E8_E7,14.85,6.666666666666667e-07
Al_degrader_E8_E7,14.91,2.5e-07
Al_degrader_E8_E7,14.969999999999999,1e-06
Al_degrader_E8_E7,15.03,1.0833333333333333e-06
Al_degrader_E8_E7,15.09,2.5e-06
Al_degrader_E8_E7,15.149999999999999,2.666666666666667e-06
Al_degrader_E8_E7,15.21,3.416666666666667e-06
Al_degrader_E8_E7,15.27,4.9166666666666665e-06
Al_degrader_E8_E7,15.329999999999998,6.916666666666667e-06
Al_degrader_E8_E7,15.39,9.416666666666667e-06
Al_degrader_E8_E7,15.45,1.125e-05
Al_degrader_E8_E7,15.509999999999998,1.55e-05
Al_degrader_E8_E7,15.57,2.3416666666666666e-05
Al_degrader_E8_E7,15.629999999999999,2.8916666666666667e-05
Al_degrader_E8_E7,15.69,3.5583333333333335e-05
Al_degrader_E8_E7,15.75,4.7166666666666663e-05
Al_degrader_E8_E7,15.809999999999999,6.525e-05
Al_degrader_E8_E7,15.87,7.883333333333333e-05
Al_degrader_E8_E7,15.93,0.00010291666666666667
Al_degrader_E8_E7,15.989999999999998,0.00013108333333333334
Al_degrader_E8_E7,16.049999999999997,0.0001665
Al_degrader_E8_E7,16.11,0.00021183333333333332
Al_degrader_E8_E7,16.17,0.0002625
Al_degrader_E8_E7,16.229999999999997,0.0003336666666666667
Al_degrader_E8_E7,16.29,0.0004091666666666667
Al_degrader_E8_E7,16.35,0.0004926666666666666
Al_degrader_E8_E7,16.409999999999997,0.0006068333333333334
Al_degrader_E8_E7,16.47,0.0007395
Al_degrader_E8_E7,16.53,0.0008998333333333333
Al_degrader_E8_E7,16.59,0.0010613333333333334
Al_degrader_E8_E7,16.65,0.0012643333333333332
Al_degrader_E8_E7,16.71,0.0015226666666666667
Al_degrader_E8_E7,16.77,0.0017684166666666666
Al_degrader_E8_E7,16.83,0.002084083333333333
Al_degrader_E8_E7,16.89,0.00241075
Al_degrader_E8_E7,16.95,0.0027720833333333334
Al_degrader_E8_E7,17.009999999999998,0.0031871666666666667
Al_degrader_E8_E7,17.07,0.0036623333333333334
Al_degrader_E8_E7,17.13,0.00413675
Al_degrader_E8_E7,17.189999999999998,0.004662833333333333
Al_degrader_E8_E7,17.25,0.005236
Al_degrader_E8_E7,17.310000000000002,0.005847333333333334
Al_degrader_E8_E7,17.369999999999997,0.006483416666666667
Al_degrader_E8_E7,17.43,0.0071545
Al_degrader_E8_E7,17.490000000000002,0.007851666666666667
Al_degrader_E8_E7,17.549999999999997,0.008536166666666666
Al_degrader_E8_E7,17.61,0.009339416666666666
Al_degrader_E8_E7,17.67,0.01007975
Al_degrader_E8_E7,17.729999999999997,0.010853083333333333
Al_degrader_E8_E7,17.79,0.01156025
Al_degrader_E8_E7,17.85,0.012379333333333332
Al_degrader_E8_E7,17.909999999999997,0.013101583333333333
Al_degrader_E8_E7,17.97,0.013805416666666667
Al_degrader_E8_E7,18.03,0.014531083333333333
Al_degrader_E8_E7,18.09,0.0152315
Al_degrader_E8_E7,18.15,0.0158535
Al_degrader_E8_E7,18.21,0.016461166666666666
Al_degrader_E8_E7,18.27,0.017037416666666666
Al_degrader_E8_E7,18.33,0.01760425
Al_degrader_E8_E7,18.39,0.018116416666666666
Al_degrader_E8_E7,18.45,0.01853925
Al_degrader_E8_E7,18.509999999999998,0.018979833333333335
Al_degrader_E8_E7,18.57,0.019368
Al_degrader_E8_E7,18.63,0.019739833333333335
Al_degrader_E8_E7,18.689999999999998,0.019975
Al_degrader_E8_E7,18.75,0.0202675
Al_degrader_E8_E7,18.81,0.020541916666666667
Al_degrader_E8_E7,18.869999999999997,0.02075575
Al_degrader_E8_E7,18.93,0.020819333333333332
Al_degrader_E8_E7,18.990000000000002,0.021004
Al_degrader_E8_E7,19.049999999999997,0.021131916666666667
Al_degrader_E8_E7,19.11,0.021215083333333332
Al_degrader_E8_E7,19.17,0.021180583333333333
Al_degrader_E8_E7,19.229999999999997,0.02119275
Al_degrader_E8_E7,19.29,0.021250166666666667
Al_degrader_E8_E7,19.35,0.0210885
Al_degrader_E8_E7,19.409999999999997,0.021005666666666666
Al_degrader_E8_E7,19.47,0.020862833333333334
Al_degrader_E8_E7,19.53,0.020730416666666668
Al_degrader_E8_E7,19.59,0.020376083333333333
Al_degrader_E8_E7,19.65,0.020104083333333335
Al_degrader_E8_E7,19.71,0.019813583333333332
Al_degrader_E8_E7,19.77,0.01943175
Al_degrader_E8_E7,19.83,0.018901916666666668
Al_degrader_E8_E7,19.89,0.018401833333333333
Al_degrader_E8_E7,19.95,0.017873083333333335
Al_degrader_E8_E7,20.009999999999998,0.017243
Al_degrader_E8_E7,20.07,0.016544666666666666
Al_degrader_E8_E7,20.13,0.015815666666666665
Al_degrader_E8_E7,20.189999999999998,0.015100166666666666
Al_degrader_E8_E7,20.25,0.014206333333333333
Al_degrader_E8_E7,20.31,0.013431833333333334
Al_degrader_E8_E7,20.369999999999997,0.0125365
Al_degrader_E8_E7,20.43,0.011638333333333334
Al_degrader_E8_E7,20.490000000000002,0.010711583333333333
Al_degrader_E8_E7,20.549999999999997,0.009881166666666667
Al_degrader_E8_E7,20.61,0.008978833333333333
Al_degrader_E8_E7,20.67,0.00811375
Al_degrader_E8_E7,20.729999999999997,0.0072875
Al_degrader_E8_E7,20.79,0.006501583333333333
Al_degrader_E8_E7,20.85,0.005770333333333333
Al_degrader_E8_E7,20.909999999999997,0.0050304166666666665
Al_degrader_E8_E7,20.97,0.004408833333333333
Al_degrader_E8_E7,21.03,0.0037964166666666667
Al_degrader_E8_E7,21.089999999999996,0.0032579166666666668
Al_degrader_E8_E7,21.15,0.0027675
Al_degrader_E8_E7,21.21,0.00231875
Al_degrader_E8_E7,21.27,0.0019434166666666666
Al_degrader_E8_E7,21.33,0.0016206666666666667
Al_degrader_E8_E7,21.39,0.0013229166666666667
Al_degrader_E8_E7,21.45,0.00106425
Al_degrader_E8_E7,21.509999999999998,0.0008599166666666667
Al_degrader_E8_E7,21.57,0.0006974166666666667
Al_degrader_E8_E7,21.63,0.0005455833333333334
Al_degrader_E8_E7,21.689999999999998,0.00043316666666666666
Al_degrader_E8_E7,21.75,0.000333
Al_degrader_E8_E7,21.81,0.00025883333333333335
Al_degrader_E8_E7,21.869999999999997,0.00019783333333333334
Al_degrader_E8_E7,21.93,0.00014375
Al_degrader_E8_E7,21.990000000000002,0.00010733333333333333
Al_degrader_E8_E7,22.049999999999997,8.275e-05
Al_degrader_E8_E7,22.11,5.8916666666666664e-05
Al_degrader_E8_E7,22.17,4.4666666666666664e-05
Al_degrader_E8_E7,22.229999999999997,3.066666666666667e-05
Al_degrader_E8_E7,22.29,2.1666666666666667e-05
Al_degrader_E8_E7,22.35,1.675e-05
Al_degrader_E8_E7,22.409999999999997,1.2166666666666667e-05
Al_degrader_E8_E7,22.47,6.333333333333333e-06
Al_degrader_E8_E7,22.53,5e-06
Al_degrader_E8_E7,22.589999999999996,3e-06
Al_degrader_E8_E7,22.65,2.25e-06
Al_degrader_E8_E7,22.71,1.5833333333333333e-06
Al_degrader_E8_E7,22.77,1e-06
Al_degrader_E8_E7,22.83,5e-07
Al_degrader_E8_E7,22.89,3.3333333333333335e-07
Al_degrader_E8_E7,22.95,3.3333333333333335e-07
Al_degrader_E8_E7,23.009999999999998,0.0
Al_degrader_E8_E7,23.07,0.0
Al_degrader_E8_E7,23.13,8.333333333333334e-08
Ni12,13.95,3.3333333333333335e-07
Ni12,14.009999999999998,0.0
Ni12,14.07,3.3333333333333335e-07
Ni12,14.129999999999999,1e-06
Ni12,14.19,3.3333333333333335e-07
Ni12,14.25,1e-06
Ni12,14.309999999999999,3.3333333333333335e-07
Ni12,14.37,3e-06
Ni12,14.43,6.666666666666667e-07
Ni12,14.489999999999998,3.6666666666666666e-06
Ni12,14.55,4.333333333333333e-06
Ni12,14.61,8e-06
Ni12,14.669999999999998,9.666666666666667e-06
Ni12,14.73,1.1e-05
Ni12,14.79,1.6666666666666667e-05
Ni12,14.85,2.4e-05
Ni12,14.91,3.266666666666666e-05
Ni12,14.969999999999999,4.2e-05
Ni12,15.03,5.5333333333333334e-05
Ni12,15.09,7.6e-05
Ni12,15.149999999999999,0.00010333333333333333
Ni12,15.21,0.000124
Ni12,15.27,0.00016566666666666666
Ni12,15.329999999999998,0.000219
Ni12,15.39,0.00028
Ni12,15.45,0.0003443333333333333
Ni12,15.509999999999998,0.00044333333333333334
Ni12,15.57,0.000579
Ni12,15.629999999999999,0.0007046666666666667
Ni12,15.69,0.000891
Ni12,15.75,0.0011213333333333333
Ni12,15.809999999999999,0.0014073333333333334
Ni12,15.87,0.0016886666666666667
Ni12,15.93,0.002037
Ni12,15.989999999999998,0.0024896666666666665
Ni12,16.049999999999997,0.0030023333333333334
Ni12,16.11,0.0036166666666666665
Ni12,16.17,0.004265333333333334
Ni12,16.229999999999997,0.004993666666666667
Ni12,16.29,0.005955666666666666
Ni12,16.35,0.006841333333333333
Ni12,16.409999999999997,0.007945333333333334
Ni12,16.47,0.009123666666666667
Ni12,16.53,0.010401666666666667
Ni12,16.59,0.011760333333333333
Ni12,16.65,0.013207333333333333
Ni12,16.71,0.014910333333333333
Ni12,16.77,0.016399666666666667
Ni12,16.83,0.018089333333333332
Ni12,16.89,0.019824
Ni12,16.95,0.021607
Ni12,17.009999999999998,0.023328666666666668
Ni12,17.07,0.024928666666666665
Ni12,17.13,0.026510333333333334
Ni12,17.189999999999998,0.028202333333333333
Ni12,17.25,0.029798333333333333
Ni12,17.310000000000002,0.030854
Ni12,17.369999999999997,0.032085
Ni12,17.43,0.03304733333333333
Ni12,17.490000000000002,0.033716666666666666
Ni12,17.549999999999997,0.033986666666666665
Ni12,17.61,0.034394
Ni12,17.67,0.03442166666666667
Ni12,17.729999999999997,0.033922666666666663
Ni12,17.79,0.033421
Ni12,17.85,0.032587
Ni12,17.909999999999997,0.03151933333333334
Ni12,17.97,0.03020166666666667
Ni12,18.03,0.029058666666666667
Ni12,18.09,0.027309666666666666
Ni12,18.15,0.025786333333333335
Ni12,18.21,0.024044333333333334
Ni12,18.27,0.022115666666666665
Ni12,18.33,0.020391333333333334
Ni12,18.39,0.018585
Ni12,18.45,0.016845
Ni12,18.509999999999998,0.015080333333333333
Ni12,18.57,0.01338
Ni12,18.63,0.011794333333333334
Ni12,18.689999999999998,0.010346333333333334
Ni12,18.75,0.008898666666666666
Ni12,18.81,0.007776666666666667
Ni12,18.869999999999997,0.006629333333333333
Ni12,18.93,0.0055643333333333335
Ni12,18.990000000000002,0.004738
Ni12,19.049999999999997,0.003877
Ni12,19.11,0.003221
Ni12,19.17,0.002748
Ni12,19.229999999999997,0.002132666666666667
Ni12,19.29,0.0017373333333333334
Ni12,19.35,0.00145
Ni12,19.409999999999997,0.0010833333333333333
Ni12,19.47,0.0008716666666666666
Ni12,19.53,0.0007026666666666667
Ni12,19.59,0.0005003333333333333
Ni12,19.65,0.00040833333333333336
Ni12,19.71,0.0003043333333333333
Ni12,19.77,0.00023066666666666667
Ni12,19.83,0.000176
Ni12,19.89,0.00012466666666666667
Ni12,19.95,9.566666666666667e-05
Ni12,20.009999999999998,7.166666666666667e-05
Ni12,20.07,5.066666666666667e-05
Ni12,20.13,3.8333333333333334e-05
Ni12,20.189999999999998,2.1333333333333335e-05
Ni12,20.25,1.9e-05
Ni12,20.31,1.2e-05
Ni12,20.369999999999997,7.666666666666667e-06
Ni12,20.43,5.333333333333334e-06
Ni12,20.490000000000002,3e-06
Ni12,20.549999999999997,2.666666666666667e-06
Ni12,20.61,1.3333333333333334e-06
Ni12,20.67,6.666666666666667e-07
Ni12,20.729999999999997,6.666666666666667e-07
Ni12,20.79,0.0
Ni12,20.85,0.0
Ni12,20.909999999999997,3.3333333333333335e-07
Sn12,13.829999999999998,3.3333333333333335e-07
Sn12,13.89,3.3333333333333335e-07
Sn12,13.95,6.666666666666667e-07
Sn12,14.009999999999998,1.3333333333333334e-06
Sn12,14.07,1.3333333333333334e-06
Sn12,14.129999999999999,1.6666666666666667e-06
Sn12,14.19,1e-06
Sn12,14.25,3e-06
Sn12,14.309999999999999,3e-06
Sn12,14.37,5e-06
Sn12,14.43,6.666666666666667e-06
Sn12,14.489999999999998,1.2e-05
Sn12,14.55,1.7666666666666668e-05
Sn12,14.61,2.1333333333333335e-05
Sn12,14.669999999999998,2.8333333333333332e-05
Sn12,14.73,3.6666666666666666e-05
Sn12,14.79,5e-05
Sn12,14.85,6.733333333333333e-05
Sn12,14.91,8.9e-05
Sn12,14.969999999999999,0.00011733333333333333
Sn12,15.03,0.000158
Sn12,15.09,0.000203
Sn12,15.149999999999999,0.000256
Sn12,15.21,0.00032566666666666665
Sn12,15.27,0.0004206666666666667
Sn12,15.329999999999998,0.0005286666666666667
Sn12,15.39,0.000667
Sn12,15.45,0.0008373333333333334
Sn12,15.509999999999998,0.001053
Sn12,15.57,0.0013226666666666667
Sn12,15.629999999999999,0.001624
Sn12,15.69,0.0020293333333333335
Sn12,15.75,0.0024776666666666666
Sn12,15.809999999999999,0.002929666666666667
Sn12,15.87,0.003506
Sn12,15.93,0.004149666666666667
Sn12,15.989999999999998,0.004958666666666667
Sn12,16.049999999999997,0.005886
Sn12,16.11,0.006807666666666667
Sn12,16.17,0.007872666666666667
Sn12,16.229999999999997,0.009124666666666666
Sn12,16.29,0.010506333333333333
Sn12,16.35,0.011940333333333334
Sn12,16.409999999999997,0.013400666666666667
Sn12,16.47,0.014976333333333333
Sn12,16.53,0.016505
Sn12,16.59,0.018282
Sn12,16.65,0.020126666666666668
Sn12,16.71,0.021923333333333333
Sn12,16.77,0.023751
Sn12,16.83,0.025435333333333334
Sn12,16.89,0.027127
Sn12,16.95,0.028772666666666665
Sn12,17.009999999999998,0.030075333333333332
Sn12,17.07,0.031277
Sn12,17.13,0.032619333333333334
Sn12,17.189999999999998,0.033646333333333334
Sn12,17.25,0.034571333333333336
Sn12,17.310000000000002,0.03486433333333333
Sn12,17.369999999999997,0.03496333333333333
Sn12,17.43,0.034734
Sn12,17.490000000000002,0.03433766666666667
Sn12,17.549999999999997,0.03373366666666667
Sn12,17.61,0.032924666666666665
Sn12,17.67,0.031716
Sn12,17.729999999999997,0.030230666666666666
Sn12,17.79,0.028784666666666667
Sn12,17.85,0.027209
Sn12,17.909999999999997,0.025593666666666667
Sn12,17.97,0.023775666666666667
Sn12,18.03,0.021957666666666667
Sn12,18.09,0.020053666666666668
Sn12,18.15,0.018249
Sn12,18.21,0.016332333333333334
Sn12,18.27,0.014437666666666666
Sn12,18.33,0.012841333333333333
Sn12,18.39,0.011337
Sn12,18.45,0.009975333333333333
Sn12,18.509999999999998,0.008540333333333334
Sn12,18.57,0.007287
Sn12,18.63,0.006077
Sn12,18.689999999999998,0.005220666666666667
Sn12,18.75,0.004366666666666666
Sn12,18.81,0.003609666666666667
Sn12,18.869999999999997,0.0029676666666666666
Sn12,18.93,0.002446666666666667
Sn12,18.990000000000002,0.001976
Sn12,19.049999999999997,0.0015846666666666667
Sn12,19.11,0.0012623333333333334
Sn12,19.17,0.0009646666666666666
Sn12,19.229999999999997,0.0007366666666666667
Sn12,19.29,0.000599
Sn12,19.35,0.000454
Sn12,19.409999999999997,0.00034
Sn12,19.47,0.0002553333333333333
Sn12,19.53,0.00019266666666666667
Sn12,19.59,0.000152
Sn12,19.65,0.00011966666666666667
Sn12,19.71,7.8e-05
Sn12,19.77,5.433333333333333e-05
Sn12,19.83,3.733333333333333e-05
Sn12,19.89,2.7333333333333335e-05
Sn12,19.95,2.2333333333333332e-05
Sn12,20.009999999999998,1.4e-05
Sn12,20.07,9e-06
Sn12,20.13,6e-06
Sn12,20.189999999999998,4e-06
Sn12,20.25,3.3333333333333333e-06
Sn12,20.31,1e-06
Sn12,20.369999999999997,3.3333333333333335e-07
Sn12,20.43,0.0
Sn12,20.490000000000002,6.666666666666667e-07
Sn12,20.549999999999997,3.3333333333333335e-07
Ta12,13.41,3.3333333333333335e-07
Ta12,13.469999999999999,0.0
Ta12,13.53,3.3333333333333335e-07
Ta12,13.59,0.0
Ta12,13.649999999999999,1.3333333333333334e-06
Ta12,13.71,3.3333333333333335e-07
Ta12,13.77,6.666666666666667e-07
Ta12,13.829999999999998,1.6666666666666667e-06
Ta12,13.89,2e-06
Ta12,13.95,1.6666666666666667e-06
Ta12,14.009999999999998,4e-06
Ta12,14.07,6.333333333333333e-06
Ta12,14.129999999999999,6.333333333333333e-06
Ta12,14.19,1.1666666666666666e-05
Ta12,14.25,1.4333333333333334e-05
Ta12,14.309999999999999,1.8333333333333333e-05
Ta12,14.37,2.7333333333333335e-05
Ta12,14.43,3.3333333333333335e-05
Ta12,14.489999999999998,4.5333333333333335e-05
Ta12,14.55,6.233333333333334e-05
Ta12,14.61,8e-05
Ta12,14.669999999999998,0.000107
Ta12,14.73,0.00013633333333333333
Ta12,14.79,0.000171
Ta12,14.85,0.00022966666666666667
Ta12,14.91,0.00028933333333333334
Ta12,14.969999999999999,0.000355
Ta12,15.03,0.0004626666666666667
Ta12,15.09,0.0005796666666666667
Ta12,15.149999999999999,0.0007223333333333333
Ta12,15.21,0.0009026666666666666
Ta12,15.27,0.001135
Ta12,15.329999999999998,0.0014013333333333334
Ta12,15.39,0.0017013333333333333
Ta12,15.45,0.002079333333333333
Ta12,15.509999999999998,0.002494333333333333
Ta12,15.57,0.0030043333333333332
Ta12,15.629999999999999,0.0035426666666666666
Ta12,15.69,0.004285333333333334
Ta12,15.75,0.004981
Ta12,15.809999999999999,0.005772333333333333
Ta12,15.87,0.006815333333333333
Ta12,15.93,0.007848333333333334
Ta12,15.989999999999998,0.008961666666666666
Ta12,16.049999999999997,0.010343
Ta12,16.11,0.011507666666666666
Ta12,16.17,0.012965333333333334
Ta12,16.229999999999997,0.014560666666666666
Ta12,16.29,0.016077666666666667
Ta12,16.35,0.017854
Ta12,16.409999999999997,0.019394
Ta12,16.47,0.021084333333333333
Ta12,16.53,0.022873
Ta12,16.59,0.024486666666666667
Ta12,16.65,0.026066666666666665
Ta12,16.71,0.027566333333333335
Ta12,16.77,0.029082666666666666
Ta12,16.83,0.030470666666666667
Ta12,16.89,0.031489333333333334
Ta12,16.95,0.032592
Ta12,17.009999999999998,0.03319133333333334
Ta12,17.07,0.033662
Ta12,17.13,0.034105
Ta12,17.189999999999998,0.034041666666666665
Ta12,17.25,0.033848333333333334
Ta12,17.310000000000002,0.033134333333333335
Ta12,17.369999999999997,0.032523333333333335
Ta12,17.43,0.031481
Ta12,17.490000000000002,0.030327333333333335
Ta12,17.549999999999997,0.029155
Ta12,17.61,0.027599666666666668
Ta12,17.67,0.025894
Ta12,17.729999999999997,0.024427333333333332
Ta12,17.79,0.022549333333333334
Ta12,17.85,0.020881666666666666
Ta12,17.909999999999997,0.019074666666666667
Ta12,17.97,0.017174333333333333
Ta12,18.03,0.015571
Ta12,18.09,0.013951
Ta12,18.15,0.012306
Ta12,18.21,0.010812
Ta12,18.27,0.009345666666666667
Ta12,18.33,0.008169666666666667
Ta12,18.39,0.007097666666666667
Ta12,18.45,0.005939333333333333
Ta12,18.509999999999998,0.005027333333333333
Ta12,18.57,0.004240333333333333
Ta12,18.63,0.003472
Ta12,18.689999999999998,0.002948333333333333
Ta12,18.75,0.0024273333333333334
Ta12,18.81,0.0018923333333333333
Ta12,18.869999999999997,0.001565
Ta12,18.93,0.0012743333333333333
Ta12,18.990000000000002,0.0009566666666666666
Ta12,19.049999999999997,0.0008033333333333333
Ta12,19.11,0.000579
Ta12,19.17,0.00044466666666666667
Ta12,19.229999999999997,0.000364
Ta12,19.29,0.000271
Ta12,19.35,0.00020966666666666668
Ta12,19.409999999999997,0.000149
Ta12,19.47,0.00011133333333333333
Ta12,19.53,8.6e-05
Ta12,19.59,6.266666666666667e-05
Ta12,19.65,5e-05
Ta12,19.71,2.6333333333333334e-05
Ta12,19.77,2.1666666666666667e-05
Ta12,19.83,1.4e-05
Ta12,19.89,1.1666666666666666e-05
Ta12,19.95,8.666666666666666e-06
Ta12,20.009999999999998,4e-06
Ta12,20.07,2.666666666666667e-06
Ta12,20.13,1.6666666666666667e-06
Ta12,20.189999999999998,1.3333333333333334e-06
Ta12,20.25,6.666666666666667e-07
Ta12,20.31,3.3333333333333335e-07
Ta12,20.369999999999997,0.0
Ta12,20.43,0.0
Ta12,20.490000000000002,3.3333333333333335e-07
Cu12,12.989999999999998,3.3333333333333335e-07
Cu12,13.05,0.0
Cu12,13.11,3.3333333333333335e-07
Cu12,13.169999999999998,3.3333333333333335e-07
Cu12,13.23,1e-06
Cu12,13.29,3.3333333333333335e-07
Cu12,13.35,6.666666666666667e-07
Cu12,13.41,2e-06
Cu12,13.469999999999999,2e-06
Cu12,13.53,1e-06
Cu12,13.59,3e-06
Cu12,13.649999999999999,7e-06
Cu12,13.71,6.666666666666667e-06
Cu12,13.77,1.1e-05
Cu12,13.829999999999998,1.1333333333333334e-05
Cu12,13.89,1.7666666666666668e-05
Cu12,13.95,2.3333333333333332e-05
Cu12,14.009999999999998,3.366666666666667e-05
Cu12,14.07,4.133333333333333e-05
Cu12,14.129999999999999,5.4e-05
Cu12,14.19,7.3e-05
Cu12,14.25,9.833333333333333e-05
Cu12,14.309999999999999,0.00011733333333333333
Cu12,14.37,0.00015566666666666666
Cu12,14.43,0.00019733333333333332
Cu12,14.489999999999998,0.00026366666666666666
Cu12,14.55,0.000308
Cu12,14.61,0.000398
Cu12,14.669999999999998,0.0005143333333333333
Cu12,14.73,0.000646
Cu12,14.79,0.000771
Cu12,14.85,0.0009993333333333334
Cu12,14.91,0.00122
Cu12,14.969999999999999,0.001453
Cu12,15.03,0.0018166666666666667
Cu12,15.09,0.0021476666666666666
Cu12,15.149999999999999,0.002592
Cu12,15.21,0.00313
Cu12,15.27,0.003648
Cu12,15.329999999999998,0.004358333333333333
Cu12,15.39,0.005031666666666667
Cu12,15.45,0.005959
Cu12,15.509999999999998,0.006820333333333334
Cu12,15.57,0.007849
Cu12,15.629999999999999,0.009
Cu12,15.69,0.010202666666666667
Cu12,15.75,0.011508333333333334
Cu12,15.809999999999999,0.012803
Cu12,15.87,0.014370666666666667
Cu12,15.93,0.015885333333333335
Cu12,15.989999999999998,0.017447333333333332
Cu12,16.049999999999997,0.019120333333333333
Cu12,16.11,0.020586
Cu12,16.17,0.022390666666666666
Cu12,16.229999999999997,0.023902333333333334
Cu12,16.29,0.025424333333333334
Cu12,16.35,0.027012666666666667
Cu12,16.409999999999997,0.028427333333333332
Cu12,16.47,0.029616333333333335
Cu12,16.53,0.030712333333333335
Cu12,16.59,0.031753333333333335
Cu12,16.65,0.03250666666666667
Cu12,16.71,0.032938
Cu12,16.77,0.033237
Cu12,16.83,0.033492666666666664
Cu12,16.89,0.03328433333333333
Cu12,16.95,0.03274066666666667
Cu12,17.009999999999998,0.032128666666666666
Cu12,17.07,0.031311
Cu12,17.13,0.030116333333333332
Cu12,17.189999999999998,0.029026666666666666
Cu12,17.25,0.027707666666666665
Cu12,17.310000000000002,0.026099666666666667
Cu12,17.369999999999997,0.024636
Cu12,17.43,0.022901666666666667
Cu12,17.490000000000002,0.021191
Cu12,17.549999999999997,0.019561666666666668
Cu12,17.61,0.017791333333333333
Cu12,17.67,0.016119333333333333
Cu12,17.729999999999997,0.014535
Cu12,17.79,0.012873
Cu12,17.85,0.011443
Cu12,17.909999999999997,0.010033
Cu12,17.97,0.008640666666666666
Cu12,18.03,0.007600666666666667
Cu12,18.09,0.0065253333333333335
Cu12,18.15,0.005473
Cu12,18.21,0.004719
Cu12,18.27,0.003899
Cu12,18.33,0.003212
Cu12,18.39,0.002757
Cu12,18.45,0.002214
Cu12,18.509999999999998,0.001763
Cu12,18.57,0.001487
Cu12,18.63,0.001151
Cu12,18.689999999999998,0.000898
Cu12,18.75,0.0007586666666666667
Cu12,18.81,0.0005316666666666666
Cu12,18.869999999999997,0.00042133333333333335
Cu12,18.93,0.000346
Cu12,18.990000000000002,0.000253
Cu12,19.049999999999997,0.00019433333333333333
Cu12,19.11,0.00014333333333333334
Cu12,19.17,0.000111
Cu12,19.229999999999997,8.133333333333334e-05
Cu12,19.29,5.833333333333333e-05
Cu12,19.35,4.7e-05
Cu12,19.409999999999997,2.7e-05
Cu12,19.47,2.1333333333333335e-05
Cu12,19.53,1.3333333333333333e-05
Cu12,19.59,1.1333333333333334e-05
Cu12,19.65,7.666666666666667e-06
Cu12,19.71,4.333333333333333e-06
Cu12,19.77,2.666666666666667e-06
Cu12,19.83,2e-06
Cu12,19.89,1.3333333333333334e-06
Cu12,19.95,6.666666666666667e-07
Cu12,20.009999999999998,3.3333333333333335e-07
Cu12,20.07,0.0
Cu12,20.13,0.0
Cu12,20.189999999999998,3.3333333333333335e-07
Al_degrader_E9,11.19,1.1111111111111111e-07
Al_degrader_E9,11.25,0.0
Al_degrader_E9,11.309999999999999,1.1111111111111111e-07
Al_degrader_E9,11.370000000000001,0.0
Al_degrader_E9,11.43,4.4444444444444444e-07
Al_degrader_E9,11.489999999999998,0.0
Al_degrader_E9,11.55,2.2222222222222222e-07
Al_degrader_E9,11.61,1.1111111111111111e-07
Al_degrader_E9,11.669999999999998,6.666666666666667e-07
Al_degrader_E9,11.73,6.666666666666667e-07
Al_degrader_E9,11.79,4.4444444444444444e-07
Al_degrader_E9,11.85,7.777777777777778e-07
Al_degrader_E9,11.91,2e-06
Al_degrader_E9,11.969999999999999,1.8888888888888888e-06
Al_degrader_E9,12.03,2.666666666666667e-06
Al_degrader_E9,12.09,3.4444444444444444e-06
Al_degrader_E9,12.149999999999999,5.555555555555556e-06
Al_degrader_E9,12.21,5.888888888888889e-06
Al_degrader_E9,12.27,7.88888888888889e-06
Al_degrader_E9,12.329999999999998,9.666666666666667e-06
Al_degrader_E9,12.39,1.3555555555555555e-05
Al_degrader_E9,12.45,1.6444444444444444e-05
Al_degrader_E9,12.51,2.1666666666666667e-05
Al_degrader_E9,12.57,3.0333333333333333e-05
Al_degrader_E9,12.629999999999999,3.511111111111111e-05
Al_degrader_E9,12.69,4.511111111111111e-05
Al_degrader_E9,12.75,5.844444444444444e-05
Al_degrader_E9,12.809999999999999,7.177777777777777e-05
Al_degrader_E9,12.870000000000001,9.188888888888888e-05
Al_degrader_E9,12.93,0.00010966666666666667
Al_degrader_E9,12.989999999999998,0.00013555555555555556
Al_degrader_E9,13.05,0.00017177777777777778
Al_degrader_E9,13.11,0.0002157777777777778
Al_degrader_E9,13.169999999999998,0.00025466666666666666
Al_degrader_E9,13.23,0.00032377777777777776
Al_degrader_E9,13.29,0.00039044444444444445
Al_degrader_E9,13.35,0.0004762222222222222
Al_degrader_E9,13.41,0.0005667777777777778
Al_degrader_E9,13.469999999999999,0.0006896666666666667
Al_degrader_E9,13.53,0.0008143333333333334
Al_degrader_E9,13.59,0.0009658888888888889
Al_degrader_E9,13.649999999999999,0.0011665555555555557
Al_degrader_E9,13.71,0.001361
Al_degrader_E9,13.77,0.0016027777777777778
Al_degrader_E9,13.829999999999998,0.0018567777777777777
Al_degrader_E9,13.89,0.002171
Al_degrader_E9,13.95,0.0025374444444444446
Al_degrader_E9,14.009999999999998,0.002903111111111111
Al_degrader_E9,14.07,0.0033564444444444444
Al_degrader_E9,14.129999999999999,0.003845222222222222
Al_degrader_E9,14.19,0.0043077777777777776
Al_degrader_E9,14.25,0.004919444444444444
Al_degrader_E9,14.309999999999999,0.005564777777777778
Al_degrader_E9,14.37,0.006199777777777778
Al_degrader_E9,14.43,0.006950777777777778
Al_degrader_E9,14.489999999999998,0.007714222222222222
Al_degrader_E9,14.55,0.008557222222222223
Al_degrader_E9,14.61,0.009414555555555556
Al_degrader_E9,14.669999999999998,0.01036
Al_degrader_E9,14.73,0.01133211111111111
Al_degrader_E9,14.79,0.012247333333333334
Al_degrader_E9,14.85,0.01336088888888889
Al_degrader_E9,14.91,0.014369333333333333
Al_degrader_E9,14.969999999999999,0.015439666666666668
Al_degrader_E9,15.03,0.01654488888888889
Al_degrader_E9,15.09,0.01760311111111111
Al_degrader_E9,15.149999999999999,0.018655222222222222
Al_degrader_E9,15.21,0.01972911111111111
Al_degrader_E9,15.27,0.020715333333333332
Al_degrader_E9,15.329999999999998,0.021673
Al_degrader_E9,15.39,0.022611333333333334
Al_degrader_E9,15.45,0.023427333333333335
Al_degrader_E9,15.509999999999998,0.024229
Al_degrader_E9,15.57,0.024931222222222223
Al_degrader_E9,15.629999999999999,0.025508777777777776
Al_degrader_E9,15.69,0.02603488888888889
Al_degrader_E9,15.75,0.02643522222222222
Al_degrader_E9,15.809999999999999,0.02678488888888889
Al_degrader_E9,15.87,0.026916333333333334
Al_degrader_E9,15.93,0.027022555555555557
Al_degrader_E9,15.989999999999998,0.027054444444444443
Al_degrader_E9,16.049999999999997,0.026777333333333334
Al_degrader_E9,16.11,0.026529555555555556
Al_degrader_E9,16.17,0.02619588888888889
Al_degrader_E9,16.229999999999997,0.025592333333333335
Al_degrader_E9,16.29,0.025031555555555557
Al_degrader_E9,16.35,0.024354555555555556
Al_degrader_E9,16.409999999999997,0.023463333333333333
Al_degrader_E9,16.47,0.02262788888888889
Al_degrader_E9,16.53,0.021729666666666668
Al_degrader_E9,16.59,0.02054488888888889
Al_degrader_E9,16.65,0.019522888888888888
Al_degrader_E9,16.71,0.01845922222222222
Al_degrader_E9,16.77,0.017156222222222222
Al_degrader_E9,16.83,0.016102444444444444
Al_degrader_E9,16.89,0.014960666666666667
Al_degrader_E9,16.95,0.013706444444444445
Al_degrader_E9,17.009999999999998,0.01260688888888889
Al_degrader_E9,17.07,0.011522
Al_degrader_E9,17.13,0.01038511111111111
Al_degrader_E9,17.189999999999998,0.009409
Al_degrader_E9,17.25,0.008426222222222222
Al_degrader_E9,17.310000000000002,0.007462666666666667
Al_degrader_E9,17.369999999999997,0.006647222222222222
Al_degrader_E9,17.43,0.005820555555555555
Al_degrader_E9,17.490000000000002,0.005076444444444444
Al_degrader_E9,17.549999999999997,0.004410111111111111
Al_degrader_E9,17.61,0.003792666666666667
Al_degrader_E9,17.67,0.0032396666666666667
Al_degrader_E9,17.729999999999997,0.0028034444444444443
Al_degrader_E9,17.79,0.0023187777777777777
Al_degrader_E9,17.85,0.001959
Al_degrader_E9,17.909999999999997,0.0016403333333333333
Al_degrader_E9,17.97,0.0013284444444444444
Al_degrader_E9,18.03,0.0011183333333333334
Al_degrader_E9,18.09,0.0009212222222222223
Al_degrader_E9,18.15,0.0007198888888888888
Al_degrader_E9,18.21,0.0005955555555555556
Al_degrader_E9,18.27,0.000489
Al_degrader_E9,18.33,0.00035833333333333333
Al_degrader_E9,18.39,0.00030133333333333336
Al_degrader_E9,18.45,0.0002257777777777778
Al_degrader_E9,18.509999999999998,0.0001711111111111111
Al_degrader_E9,18.57,0.00014066666666666668
Al_degrader_E9,18.63,0.00010188888888888888
Al_degrader_E9,18.689999999999998,7.844444444444445e-05
Al_degrader_E9,18.75,6.055555555555556e-05
Al_degrader_E9,18.81,4.133333333333333e-05
Al_degrader_E9,18.869999999999997,3.4666666666666665e-05
Al_degrader_E9,18.93,2.4555555555555557e-05
Al_degrader_E9,18.990000000000002,1.7444444444444444e-05
Al_degrader_E9,19.049999999999997,1.2777777777777777e-05
Al_degrader_E9,19.11,7.88888888888889e-06
Al_degrader_E9,19.17,7e-06
Al_degrader_E9,19.229999999999997,4.444444444444444e-06
Al_degrader_E9,19.29,2.666666666666667e-06
Al_degrader_E9,19.35,1.7777777777777777e-06
Al_degrader_E9,19.409999999999997,1.5555555555555556e-06
Al_degrader_E9,19.47,7.777777777777778e-07
Al_degrader_E9,19.53,5.555555555555555e-07
Al_degrader_E9,19.59,3.3333333333333335e-07
Al_degrader_E9,19.65,1.1111111111111111e-07
Al_degrader_E9,19.71,1.1111111111111111e-07
Al_degrader_E9,19.77,0.0
Al_degrader_E9,19.83,1.1111111111111111e-07
Ni13,10.649999999999999,3.3333333333333335e-07
Ni13,10.71,0.0
Ni13,10.77,3.3333333333333335e-07
Ni13,10.829999999999998,0.0
Ni13,10.89,1e-06
Ni13,10.95,3.3333333333333335e-07
Ni13,11.01,3.3333333333333335e-07
Ni13,11.07,6.666666666666667e-07
Ni13,11.129999999999999,1.3333333333333334e-06
Ni13,11.19,2.666666666666667e-06
Ni13,11.25,6.666666666666667e-07
Ni13,11.309999999999999,3e-06
Ni13,11.370000000000001,3.3333333333333333e-06
Ni13,11.43,6.666666666666667e-06
Ni13,11.489999999999998,6e-06
Ni13,11.55,8.333333333333334e-06
Ni13,11.61,1.1333333333333334e-05
Ni13,11.669999999999998,1.4e-05
Ni13,11.73,2.1e-05
Ni13,11.79,2.7333333333333335e-05
Ni13,11.85,2.7666666666666667e-05
Ni13,11.91,4.0333333333333336e-05
Ni13,11.969999999999999,5.133333333333333e-05
Ni13,12.03,6.766666666666667e-05
Ni13,12.09,8.866666666666666e-05
Ni13,12.149999999999999,0.00010266666666666666
Ni13,12.21,0.000131
Ni13,12.27,0.000155
Ni13,12.329999999999998,0.00020366666666666667
Ni13,12.39,0.0002446666666666667
Ni13,12.45,0.00029866666666666664
Ni13,12.51,0.00037
Ni13,12.57,0.0004566666666666667
Ni13,12.629999999999999,0.0005673333333333333
Ni13,12.69,0.0006646666666666667
Ni13,12.75,0.0008223333333333333
Ni13,12.809999999999999,0.0009963333333333332
Ni13,12.870000000000001,0.0012146666666666666
Ni13,12.93,0.0013993333333333334
Ni13,12.989999999999998,0.0016676666666666667
Ni13,13.05,0.0019803333333333335
Ni13,13.11,0.002337333333333333
Ni13,13.169999999999998,0.002758
Ni13,13.23,0.003198
Ni13,13.29,0.0037023333333333335
Ni13,13.35,0.004238666666666667
Ni13,13.41,0.004926
Ni13,13.469999999999999,0.005622333333333333
Ni13,13.53,0.006421333333333334
Ni13,13.59,0.007167333333333334
Ni13,13.649999999999999,0.008210666666666666
Ni13,13.71,0.009124666666666666
Ni13,13.77,0.010192333333333333
Ni13,13.829999999999998,0.011203333333333333
Ni13,13.89,0.012485
Ni13,13.95,0.013707
Ni13,14.009999999999998,0.015022
Ni13,14.07,0.016242333333333334
Ni13,14.129999999999999,0.017612333333333334
Ni13,14.19,0.018965
Ni13,14.25,0.020289666666666668
Ni13,14.309999999999999,0.021635333333333333
Ni13,14.37,0.022737666666666666
Ni13,14.43,0.024144333333333334
Ni13,14.489999999999998,0.025337333333333333
Ni13,14.55,0.026453333333333332
Ni13,14.61,0.027315333333333334
Ni13,14.669999999999998,0.028293
Ni13,14.73,0.029076666666666667
Ni13,14.79,0.029545666666666668
Ni13,14.85,0.029940333333333333
Ni13,14.91,0.030162
Ni13,14.969999999999999,0.030528666666666666
Ni13,15.03,0.0303
Ni13,15.09,0.029887
Ni13,15.149999999999999,0.029459666666666665
Ni13,15.21,0.028882
Ni13,15.27,0.027971333333333334
Ni13,15.329999999999998,0.027033
Ni13,15.39,0.026195666666666666
Ni13,15.45,0.024945
Ni13,15.509999999999998,0.023682666666666668
Ni13,15.57,0.022396
Ni13,15.629999999999999,0.020946666666666666
Ni13,15.69,0.019519
Ni13,15.75,0.018168
Ni13,15.809999999999999,0.016779333333333334
Ni13,15.87,0.015272
Ni13,15.93,0.013951333333333333
Ni13,15.989999999999998,0.012575
Ni13,16.049999999999997,0.011282
Ni13,16.11,0.010094333333333334
Ni13,16.17,0.00888
Ni13,16.229999999999997,0.007827
Ni13,16.29,0.006892666666666667
Ni13,16.35,0.005961666666666666
Ni13,16.409999999999997,0.005114333333333334
Ni13,16.47,0.004474333333333334
Ni13,16.53,0.0037923333333333333
Ni13,16.59,0.0031173333333333335
Ni13,16.65,0.002699
Ni13,16.71,0.002263
Ni13,16.77,0.001823
Ni13,16.83,0.0015323333333333332
Ni13,16.89,0.0012906666666666667
Ni13,16.95,0.000993
Ni13,17.009999999999998,0.000818
Ni13,17.07,0.0006683333333333333
Ni13,17.13,0.0005043333333333333
Ni13,17.189999999999998,0.00038933333333333333
Ni13,17.25,0.00033966666666666666
Ni13,17.310000000000002,0.000246
Ni13,17.369999999999997,0.000187
Ni13,17.43,0.000156
Ni13,17.490000000000002,0.00011
Ni13,17.549999999999997,8.666666666666667e-05
Ni13,17.61,6.633333333333334e-05
Ni13,17.67,5.2e-05
Ni13,17.729999999999997,3.766666666666667e-05
Ni13,17.79,2.2e-05
Ni13,17.85,1.9333333333333333e-05
Ni13,17.909999999999997,1.2666666666666667e-05
Ni13,17.97,1e-05
Ni13,18.03,7.333333333333333e-06
Ni13,18.09,4e-06
Ni13,18.15,2.666666666666667e-06
Ni13,18.21,2.333333333333333e-06
Ni13,18.27,1.3333333333333334e-06
Ni13,18.33,6.666666666666667e-07
Ni13,18.39,6.666666666666667e-07
Ni13,18.45,0.0
Ni13,18.509999999999998,0.0
Ni13,18.57,0.0
Ni13,18.63,3.3333333333333335e-07
Sn13,10.53,3.3333333333333335e-07
Sn13,10.59,3.3333333333333335e-07
Sn13,10.649999999999999,6.666666666666667e-07
Sn13,10.71,6.666666666666667e-07
Sn13,10.77,1.3333333333333334e-06
Sn13,10.829999999999998,6.666666666666667e-07
Sn13,10.89,1.6666666666666667e-06
Sn13,10.95,6.666666666666667e-07
Sn13,11.01,1.6666666666666667e-06
Sn13,11.07,2.333333333333333e-06
Sn13,11.129999999999999,3.3333333333333333e-06
Sn13,11.19,4.666666666666666e-06
Sn13,11.25,6.333333333333333e-06
Sn13,11.309999999999999,1.0333333333333333e-05
Sn13,11.370000000000001,1.2e-05
Sn13,11.43,1.7e-05
Sn13,11.489999999999998,2.2e-05
Sn13,11.55,2.7e-05
Sn13,11.61,3e-05
Sn13,11.669999999999998,4.3333333333333334e-05
Sn13,11.73,5.3e-05
Sn13,11.79,6.8e-05
Sn13,11.85,8.233333333333333e-05
Sn13,11.91,0.00010733333333333333
Sn13,11.969999999999999,0.00014133333333333334
Sn13,12.03,0.00017633333333333333
Sn13,12.09,0.00021466666666666666
Sn13,12.149999999999999,0.00025633333333333335
Sn13,12.21,0.0003173333333333333
Sn13,12.27,0.00038866666666666666
Sn13,12.329999999999998,0.000472
Sn13,12.39,0.0005766666666666666
Sn13,12.45,0.0007063333333333333
Sn13,12.51,0.000856
Sn13,12.57,0.0010303333333333334
Sn13,12.629999999999999,0.0012693333333333333
Sn13,12.69,0.0015076666666666667
Sn13,12.75,0.0018173333333333333
Sn13,12.809999999999999,0.002128333333333333
Sn13,12.870000000000001,0.0024923333333333334
Sn13,12.93,0.0028843333333333334
Sn13,12.989999999999998,0.003343
Sn13,13.05,0.0039106666666666665
Sn13,13.11,0.004537333333333333
Sn13,13.169999999999998,0.005240666666666667
Sn13,13.23,0.005935666666666666
Sn13,13.29,0.006742333333333334
Sn13,13.35,0.007631
Sn13,13.41,0.008664666666666666
Sn13,13.469999999999999,0.009716
Sn13,13.53,0.010888
Sn13,13.59,0.011951
Sn13,13.649999999999999,0.013204666666666667
Sn13,13.71,0.014353666666666667
Sn13,13.77,0.015646
Sn13,13.829999999999998,0.017019
Sn13,13.89,0.018487
Sn13,13.95,0.019936666666666665
Sn13,14.009999999999998,0.021224
Sn13,14.07,0.022517
Sn13,14.129999999999999,0.023856
Sn13,14.19,0.025137333333333334
Sn13,14.25,0.026170666666666665
Sn13,14.309999999999999,0.027117
Sn13,14.37,0.028061
Sn13,14.43,0.029085666666666666
Sn13,14.489999999999998,0.029894
Sn13,14.55,0.030416666666666668
Sn13,14.61,0.030690333333333333
Sn13,14.669999999999998,0.030806333333333335
Sn13,14.73,0.030651
Sn13,14.79,0.030316
Sn13,14.85,0.029907666666666666
Sn13,14.91,0.029449333333333334
Sn13,14.969999999999999,0.028717
Sn13,15.03,0.027739666666666666
Sn13,15.09,0.026546
Sn13,15.149999999999999,0.025394
Sn13,15.21,0.024142666666666666
Sn13,15.27,0.023000666666666666
Sn13,15.329999999999998,0.021577
Sn13,15.39,0.020161
Sn13,15.45,0.018735666666666668
Sn13,15.509999999999998,0.017225666666666667
Sn13,15.57,0.015795333333333335
Sn13,15.629999999999999,0.014202666666666667
Sn13,15.69,0.012807
Sn13,15.75,0.011545666666666666
Sn13,15.809999999999999,0.01036
Sn13,15.87,0.009213
Sn13,15.93,0.008120666666666667
Sn13,15.989999999999998,0.007049666666666667
Sn13,16.049999999999997,0.006059333333333333
Sn13,16.11,0.005235333333333333
Sn13,16.17,0.004487
Sn13,16.229999999999997,0.003862
Sn13,16.29,0.003249
Sn13,16.35,0.002726
Sn13,16.409999999999997,0.002288
Sn13,16.47,0.0019116666666666668
Sn13,16.53,0.001561
Sn13,16.59,0.0012966666666666667
Sn13,16.65,0.0010233333333333333
Sn13,16.71,0.000792
Sn13,16.77,0.0006506666666666667
Sn13,16.83,0.000527
Sn13,16.89,0.000409
Sn13,16.95,0.000324
Sn13,17.009999999999998,0.00024433333333333333
Sn13,17.07,0.00018666666666666666
Sn13,17.13,0.00015166666666666668
Sn13,17.189999999999998,0.00011766666666666666
Sn13,17.25,9.533333333333334e-05
Sn13,17.310000000000002,6.6e-05
Sn13,17.369999999999997,4.4666666666666664e-05
Sn13,17.43,3.1e-05
Sn13,17.490000000000002,2.6666666666666667e-05
Sn13,17.549999999999997,2e-05
Sn13,17.61,1.3666666666666667e-05
Sn13,17.67,9.333333333333333e-06
Sn13,17.729999999999997,6e-06
Sn13,17.79,4.666666666666666e-06
Sn13,17.85,3e-06
Sn13,17.909999999999997,2.333333333333333e-06
Sn13,17.97,6.666666666666667e-07
Sn13,18.03,3.3333333333333335e-07
Sn13,18.09,0.0
Sn13,18.15,6.666666666666667e-07
Sn13,18.21,3.3333333333333335e-07
Ta13,10.05,3.3333333333333335e-07
Ta13,10.11,0.0
Ta13,10.169999999999998,3.3333333333333335e-07
Ta13,10.23,0.0
Ta13,10.29,1.3333333333333334e-06
Ta13,10.35,0.0
Ta13,10.41,6.666666666666667e-07
Ta13,10.469999999999999,3.3333333333333335e-07
Ta13,10.53,1.6666666666666667e-06
Ta13,10.59,2e-06
Ta13,10.649999999999999,1e-06
Ta13,10.71,1.3333333333333334e-06
Ta13,10.77,3.6666666666666666e-06
Ta13,10.829999999999998,6e-06
Ta13,10.89,5.666666666666667e-06
Ta13,10.95,8.666666666666666e-06
Ta13,11.01,9.666666666666667e-06
Ta13,11.07,1.3666666666666667e-05
Ta13,11.129999999999999,1.7333333333333332e-05
Ta13,11.19,2.3666666666666668e-05
Ta13,11.25,2.966666666666667e-05
Ta13,11.309999999999999,3.1333333333333334e-05
Ta13,11.370000000000001,4.5e-05
Ta13,11.43,5.8e-05
Ta13,11.489999999999998,7.333333333333333e-05
Ta13,11.55,9.566666666666667e-05
Ta13,11.61,0.00010966666666666667
Ta13,11.669999999999998,0.00013766666666666666
Ta13,11.73,0.00017133333333333334
Ta13,11.79,0.00021166666666666667
Ta13,11.85,0.0002593333333333333
Ta13,11.91,0.000313
Ta13,11.969999999999999,0.00038566666666666664
Ta13,12.03,0.00047433333333333333
Ta13,12.09,0.0005753333333333333
Ta13,12.149999999999999,0.0006743333333333333
Ta13,12.21,0.0008466666666666667
Ta13,12.27,0.0010026666666666667
Ta13,12.329999999999998,0.0011963333333333333
Ta13,12.39,0.001419
Ta13,12.45,0.0017156666666666668
Ta13,12.51,0.001966
Ta13,12.57,0.0023106666666666666
Ta13,12.629999999999999,0.002739333333333333
Ta13,12.69,0.0031263333333333334
Ta13,12.75,0.003683333333333333
Ta13,12.809999999999999,0.004148333333333334
Ta13,12.870000000000001,0.004811666666666666
Ta13,12.93,0.005532666666666667
Ta13,12.989999999999998,0.00618
Ta13,13.05,0.00708
Ta13,13.11,0.007956
Ta13,13.169999999999998,0.008943333333333333
Ta13,13.23,0.009820666666666667
Ta13,13.29,0.010931333333333333
Ta13,13.35,0.012077
Ta13,13.41,0.013263666666666667
Ta13,13.469999999999999,0.014470666666666666
Ta13,13.53,0.015789666666666667
Ta13,13.59,0.016973333333333333
Ta13,13.649999999999999,0.018291666666666668
Ta13,13.71,0.019661666666666668
Ta13,13.77,0.02088
Ta13,13.829999999999998,0.022113666666666667
Ta13,13.89,0.02342433333333333
Ta13,13.95,0.024481333333333334
Ta13,14.009999999999998,0.025575333333333332
Ta13,14.07,0.026717
Ta13,14.129999999999999,0.027466333333333332
Ta13,14.19,0.028368333333333332
Ta13,14.25,0.029011666666666668
Ta13,14.309999999999999,0.029286333333333334
Ta13,14.37,0.029807666666666666
Ta13,14.43,0.029897666666666666
Ta13,14.489999999999998,0.029905666666666667
Ta13,14.55,0.029805666666666668
Ta13,14.61,0.029167666666666668
Ta13,14.669999999999998,0.028746333333333332
Ta13,14.73,0.028109666666666668
Ta13,14.79,0.027091333333333332
Ta13,14.85,0.026302666666666665
Ta13,14.91,0.025266
Ta13,14.969999999999999,0.024013666666666666
Ta13,15.03,0.022764333333333334
Ta13,15.09,0.021562333333333333
Ta13,15.149999999999999,0.020126
Ta13,15.21,0.018778333333333334
Ta13,15.27,0.017456666666666665
Ta13,15.329999999999998,0.015945333333333332
Ta13,15.39,0.01467
Ta13,15.45,0.013291
Ta13,15.509999999999998,0.011997666666666667
Ta13,15.57,0.010829666666666666
Ta13,15.629999999999999,0.009571
Ta13,15.69,0.008454
Ta13,15.75,0.007512
Ta13,15.809999999999999,0.006587666666666667
Ta13,15.87,0.005675
Ta13,15.93,0.0048976666666666665
Ta13,15.989999999999998,0.004255333333333333
Ta13,16.049999999999997,0.003596
Ta13,16.11,0.003008666666666667
Ta13,16.17,0.002613
Ta13,16.229999999999997,0.00217
Ta13,16.29,0.0017603333333333334
Ta13,16.35,0.0014746666666666667
Ta13,16.409999999999997,0.001263
Ta13,16.47,0.0009516666666666666
Ta13,16.53,0.0007776666666666666
Ta13,16.59,0.000668
Ta13,16.65,0.00047933333333333335
Ta13,16.71,0.00038933333333333333
Ta13,16.77,0.00032766666666666664
Ta13,16.83,0.00024533333333333335
Ta13,16.89,0.00018933333333333335
Ta13,16.95,0.00015266666666666667
Ta13,17.009999999999998,0.000107
Ta13,17.07,9.333333333333333e-05
Ta13,17.13,6.466666666666666e-05
Ta13,17.189999999999998,4.7e-05
Ta13,17.25,4.133333333333333e-05
Ta13,17.310000000000002,2.4333333333333333e-05
Ta13,17.369999999999997,1.8333333333333333e-05
Ta13,17.43,1.2333333333333333e-05
Ta13,17.490000000000002,1.2e-05
Ta13,17.549999999999997,7.666666666666667e-06
Ta13,17.61,4.666666666666666e-06
Ta13,17.67,2.333333333333333e-06
Ta13,17.729999999999997,2.333333333333333e-06
Ta13,17.79,1.6666666666666667e-06
Ta13,17.85,6.666666666666667e-07
Ta13,17.909999999999997,3.3333333333333335e-07
Ta13,17.97,3.3333333333333335e-07
Ta13,18.03,0.0
Ta13,18.09,0.0
Ta13,18.15,3.3333333333333335e-07
Cu13,9.51,3.3333333333333335e-07
Cu13,9.57,0.0
Cu13,9.629999999999999,3.3333333333333335e-07
Cu13,9.69,0.0
Cu13,9.75,1.3333333333333334e-06
Cu13,9.809999999999999,0.0
Cu13,9.870000000000001,3.3333333333333335e-07
Cu13,9.93,6.666666666666667e-07
Cu13,9.989999999999998,6.666666666666667e-07
Cu13,10.05,2.333333333333333e-06
Cu13,10.11,1e-06
Cu13,10.169999999999998,1.6666666666666667e-06
Cu13,10.23,2e-06
Cu13,10.29,4.666666666666666e-06
Cu13,10.35,5.333333333333334e-06
Cu13,10.41,5.333333333333334e-06
Cu13,10.469999999999999,1.0666666666666667e-05
Cu13,10.53,8.333333333333334e-06
Cu13,10.59,1.3666666666666667e-05
Cu13,10.649999999999999,1.8333333333333333e-05
Cu13,10.71,2.2333333333333332e-05
Cu13,10.77,2.6666666666666667e-05
Cu13,10.829999999999998,3.7e-05
Cu13,10.89,4.2e-05
Cu13,10.95,5.566666666666667e-05
Cu13,11.01,7.466666666666666e-05
Cu13,11.07,8.633333333333334e-05
Cu13,11.129999999999999,0.00010266666666666666
Cu13,11.19,0.000132
Cu13,11.25,0.000163
Cu13,11.309999999999999,0.00019566666666666666
Cu13,11.370000000000001,0.000242
Cu13,11.43,0.000285
Cu13,11.489999999999998,0.00034766666666666664
Cu13,11.55,0.000434
Cu13,11.61,0.000529
Cu13,11.669999999999998,0.0006056666666666667
Cu13,11.73,0.0007396666666666667
Cu13,11.79,0.0009073333333333333
Cu13,11.85,0.0010856666666666666
Cu13,11.91,0.0012463333333333332
Cu13,11.969999999999999,0.0015066666666666666
Cu13,12.03,0.001719
Cu13,12.09,0.0020716666666666665
Cu13,12.149999999999999,0.0023576666666666668
Cu13,12.21,0.0028016666666666667
Cu13,12.27,0.003191666666666667
Cu13,12.329999999999998,0.003697666666666667
Cu13,12.39,0.0041793333333333335
Cu13,12.45,0.00482
Cu13,12.51,0.005478
Cu13,12.57,0.0061663333333333336
Cu13,12.629999999999999,0.0069503333333333335
Cu13,12.69,0.007817666666666667
Cu13,12.75,0.008713666666666666
Cu13,12.809999999999999,0.009635666666666667
Cu13,12.870000000000001,0.010573333333333334
Cu13,12.93,0.011833666666666666
Cu13,12.989999999999998,0.01276
Cu13,13.05,0.014097666666666666
Cu13,13.11,0.015148666666666666
Cu13,13.169999999999998,0.016440666666666666
Cu13,13.23,0.017533666666666666
Cu13,13.29,0.019013
Cu13,13.35,0.020018666666666667
Cu13,13.41,0.021243
Cu13,13.469999999999999,0.022387333333333332
Cu13,13.53,0.023616
Cu13,13.59,0.024732333333333332
Cu13,13.649999999999999,0.025610666666666667
Cu13,13.71,0.026482
Cu13,13.77,0.027316666666666666
Cu13,13.829999999999998,0.028099
Cu13,13.89,0.028464666666666666
Cu13,13.95,0.028812333333333332
Cu13,14.009999999999998,0.029022666666666665
Cu13,14.07,0.029288
Cu13,14.129999999999999,0.029139
Cu13,14.19,0.028776
Cu13,14.25,0.02834
Cu13,14.309999999999999,0.027873333333333333
Cu13,14.37,0.027105333333333332
Cu13,14.43,0.026095
Cu13,14.489999999999998,0.025435
Cu13,14.55,0.024350666666666666
Cu13,14.61,0.023140333333333332
Cu13,14.669999999999998,0.021951666666666668
Cu13,14.73,0.020807
Cu13,14.79,0.01935
Cu13,14.85,0.018097333333333333
Cu13,14.91,0.016811333333333334
Cu13,14.969999999999999,0.015451
Cu13,15.03,0.014156666666666666
Cu13,15.09,0.012912666666666666
Cu13,15.149999999999999,0.011637666666666666
Cu13,15.21,0.010517666666666666
Cu13,15.27,0.009333333333333334
Cu13,15.329999999999998,0.008271
Cu13,15.39,0.007363333333333334
Cu13,15.45,0.006464666666666666
Cu13,15.509999999999998,0.005613333333333333
Cu13,15.57,0.004843333333333333
Cu13,15.629999999999999,0.004235
Cu13,15.69,0.0035973333333333335
Cu13,15.75,0.002991
Cu13,15.809999999999999,0.0026256666666666668
Cu13,15.87,0.0022096666666666666
Cu13,15.93,0.001794
Cu13,15.989999999999998,0.0014853333333333333
Cu13,16.049999999999997,0.0012976666666666666
Cu13,16.11,0.000994
Cu13,16.17,0.0008016666666666667
Cu13,16.229999999999997,0.000701
Cu13,16.29,0.0005143333333333333
Cu13,16.35,0.00040333333333333334
Cu13,16.409999999999997,0.000352
Cu13,16.47,0.00026
Cu13,16.53,0.00020733333333333332
Cu13,16.59,0.00016133333333333334
Cu13,16.65,0.00011933333333333334
Cu13,16.71,9.8e-05
Cu13,16.77,7.2e-05
Cu13,16.83,5.5333333333333334e-05
Cu13,16.89,4.566666666666667e-05
Cu13,16.95,2.8333333333333332e-05
Cu13,17.009999999999998,2e-05
Cu13,17.07,1.8e-05
Cu13,17.13,1.1333333333333334e-05
Cu13,17.189999999999998,8.333333333333334e-06
Cu13,17.25,7e-06
Cu13,17.310000000000002,4e-06
Cu13,17.369999999999997,2e-06
Cu13,17.43,1.6666666666666667e-06
Cu13,17.490000000000002,1.6666666666666667e-06
Cu13,17.549999999999997,6.666666666666667e-07
Cu13,17.61,3.3333333333333335e-07
Cu13,17.67,3.3333333333333335e-07
Cu13,17.729999999999997,0.0
Cu13,17.79,3.3333333333333335e-07
Al_degrader_E10,7.109999999999999,8.333333333333334e-08
Al_degrader_E10,7.17,0.0
Al_degrader_E10,7.2299999999999995,8.333333333333334e-08
Al_degrader_E10,7.289999999999999,0.0
Al_degrader_E10,7.35,8.333333333333334e-08
Al_degrader_E10,7.41,2.5e-07
Al_degrader_E10,7.47,8.333333333333334e-08
Al_degrader_E10,7.529999999999999,0.0
Al_degrader_E10,7.59,1.6666666666666668e-07
Al_degrader_E10,7.65,3.3333333333333335e-07
Al_degrader_E10,7.709999999999999,1.6666666666666668e-07
Al_degrader_E10,7.77,2.5e-07
Al_degrader_E10,7.83,6.666666666666667e-07
Al_degrader_E10,7.89,1.6666666666666668e-07
Al_degrader_E10,7.949999999999999,3.3333333333333335e-07
Al_degrader_E10,8.01,1.25e-06
Al_degrader_E10,8.07,1.0833333333333333e-06
Al_degrader_E10,8.129999999999999,6.666666666666667e-07
Al_degrader_E10,8.19,2e-06
Al_degrader_E10,8.25,2.4166666666666667e-06
Al_degrader_E10,8.309999999999999,2.5e-06
Al_degrader_E10,8.370000000000001,2.5e-06
Al_degrader_E10,8.43,3.3333333333333333e-06
Al_degrader_E10,8.489999999999998,6e-06
Al_degrader_E10,8.55,4.9166666666666665e-06
Al_degrader_E10,8.61,7.416666666666667e-06
Al_degrader_E10,8.67,8.333333333333334e-06
Al_degrader_E10,8.73,1.05e-05
Al_degrader_E10,8.79,1.25e-05
Al_degrader_E10,8.85,1.4583333333333333e-05
Al_degrader_E10,8.91,2.0833333333333333e-05
Al_degrader_E10,8.969999999999999,2.2333333333333332e-05
Al_degrader_E10,9.030000000000001,2.7916666666666666e-05
Al_degrader_E10,9.09,3.316666666666667e-05
Al_degrader_E10,9.149999999999999,3.95e-05
Al_degrader_E10,9.21,4.791666666666667e-05
Al_degrader_E10,9.27,5.766666666666667e-05
Al_degrader_E10,9.329999999999998,6.983333333333333e-05
Al_degrader_E10,9.39,8.008333333333333e-05
Al_degrader_E10,9.45,9.5e-05
Al_degrader_E10,9.51,0.00011741666666666667
Al_degrader_E10,9.57,0.00013308333333333333
Al_degrader_E10,9.629999999999999,0.00016525
Al_degrader_E10,9.69,0.00018983333333333333
Al_degrader_E10,9.75,0.00022266666666666667
Al_degrader_E10,9.809999999999999,0.000269
Al_degrader_E10,9.870000000000001,0.00031141666666666666
Al_degrader_E10,9.93,0.0003705
Al_degrader_E10,9.989999999999998,0.000425
Al_degrader_E10,10.05,0.000497
Al_degrader_E10,10.11,0.0005723333333333333
Al_degrader_E10,10.169999999999998,0.00066275
Al_degrader_E10,10.23,0.00076125
Al_degrader_E10,10.29,0.000889
Al_degrader_E10,10.35,0.0010139166666666667
Al_degrader_E10,10.41,0.0011565833333333332
Al_degrader_E10,10.469999999999999,0.0013179166666666667
Al_degrader_E10,10.53,0.00150525
Al_degrader_E10,10.59,0.0017048333333333334
Al_degrader_E10,10.649999999999999,0.0019326666666666667
Al_degrader_E10,10.71,0.002186833333333333
Al_degrader_E10,10.77,0.0024618333333333332
Al_degrader_E10,10.829999999999998,0.0027529166666666665
Al_degrader_E10,10.89,0.00309375
Al_degrader_E10,10.95,0.00343
Al_degrader_E10,11.01,0.0038153333333333333
Al_degrader_E10,11.07,0.004232166666666667
Al_degrader_E10,11.129999999999999,0.004671416666666667
Al_degrader_E10,11.19,0.005151333333333333
Al_degrader_E10,11.25,0.00566725
Al_degrader_E10,11.309999999999999,0.006197833333333333
Al_degrader_E10,11.370000000000001,0.0067785
Al_degrader_E10,11.43,0.007389166666666666
Al_degrader_E10,11.489999999999998,0.008002416666666666
Al_degrader_E10,11.55,0.008680416666666666
Al_degrader_E10,11.61,0.00935125
Al_degrader_E10,11.669999999999998,0.010067166666666667
Al_degrader_E10,11.73,0.010801666666666666
Al_degrader_E10,11.79,0.011552916666666666
Al_degrader_E10,11.85,0.012317833333333333
Al_degrader_E10,11.91,0.013130916666666667
Al_degrader_E10,11.969999999999999,0.013906
Al_degrader_E10,12.03,0.014740333333333333
Al_degrader_E10,12.09,0.015481583333333333
Al_degrader_E10,12.149999999999999,0.016255416666666668
Al_degrader_E10,12.21,0.017084333333333333
Al_degrader_E10,12.27,0.017778583333333334
Al_degrader_E10,12.329999999999998,0.018496333333333333
Al_degrader_E10,12.39,0.01925325
Al_degrader_E10,12.45,0.01988625
Al_degrader_E10,12.51,0.020496416666666666
Al_degrader_E10,12.57,0.021080416666666667
Al_degrader_E10,12.629999999999999,0.021552083333333333
Al_degrader_E10,12.69,0.022064833333333332
Al_degrader_E10,12.75,0.02243908333333333
Al_degrader_E10,12.809999999999999,0.022729416666666665
Al_degrader_E10,12.870000000000001,0.023086916666666665
Al_degrader_E10,12.93,0.023242
Al_degrader_E10,12.989999999999998,0.023376916666666667
Al_degrader_E10,13.05,0.023432666666666668
Al_degrader_E10,13.11,0.02334316666666667
Al_degrader_E10,13.169999999999998,0.023303583333333332
Al_degrader_E10,13.23,0.023092916666666668
Al_degrader_E10,13.29,0.022790833333333333
Al_degrader_E10,13.35,0.022494166666666666
Al_degrader_E10,13.41,0.022010083333333333
Al_degrader_E10,13.469999999999999,0.021604833333333334
Al_degrader_E10,13.53,0.0210555
Al_degrader_E10,13.59,0.02038275
Al_degrader_E10,13.649999999999999,0.019785
Al_degrader_E10,13.71,0.0189905
Al_degrader_E10,13.77,0.018267083333333333
Al_degrader_E10,13.829999999999998,0.017450833333333332
Al_degrader_E10,13.89,0.016561833333333335
Al_degrader_E10,13.95,0.01575225
Al_degrader_E10,14.009999999999998,0.014817583333333334
Al_degrader_E10,14.07,0.01395775
Al_degrader_E10,14.129999999999999,0.01308025
Al_degrader_E10,14.19,0.012159
Al_degrader_E10,14.25,0.011287083333333333
Al_degrader_E10,14.309999999999999,0.010439333333333333
Al_degrader_E10,14.37,0.009603916666666667
Al_degrader_E10,14.43,0.0087665
Al_degrader_E10,14.489999999999998,0.008017166666666667
Al_degrader_E10,14.55,0.0072645
Al_degrader_E10,14.61,0.006536083333333333
Al_degrader_E10,14.669999999999998,0.005877166666666667
Al_degrader_E10,14.73,0.005254083333333334
Al_degrader_E10,14.79,0.0046468333333333335
Al_degrader_E10,14.85,0.004109
Al_degrader_E10,14.91,0.0036316666666666667
Al_degrader_E10,14.969999999999999,0.0031598333333333335
Al_degrader_E10,15.03,0.0027768333333333334
Al_degrader_E10,15.09,0.002382916666666667
Al_degrader_E10,15.149999999999999,0.0020598333333333332
Al_degrader_E10,15.21,0.00175275
Al_degrader_E10,15.27,0.00150075
Al_degrader_E10,15.329999999999998,0.0012695833333333333
Al_degrader_E10,15.39,0.0010635833333333333
Al_degrader_E10,15.45,0.0009009166666666666
Al_degrader_E10,15.509999999999998,0.0007433333333333334
Al_degrader_E10,15.57,0.00061775
Al_degrader_E10,15.629999999999999,0.0005105833333333334
Al_degrader_E10,15.69,0.00041158333333333335
Al_degrader_E10,15.75,0.0003405
Al_degrader_E10,15.809999999999999,0.00026783333333333336
Al_degrader_E10,15.87,0.00022441666666666666
Al_degrader_E10,15.93,0.00016883333333333334
Al_degrader_E10,15.989999999999998,0.000135
Al_degrader_E10,16.049999999999997,0.00010983333333333334
Al_degrader_E10,16.11,8.541666666666666e-05
Al_degrader_E10,16.17,6.641666666666666e-05
Al_degrader_E10,16.229999999999997,5.1e-05
Al_degrader_E10,16.29,4.05e-05
Al_degrader_E10,16.35,2.9416666666666666e-05
Al_degrader_E10,16.409999999999997,2.425e-05
Al_degrader_E10,16.47,1.75e-05
Al_degrader_E10,16.53,1.3083333333333334e-05
Al_degrader_E10,16.59,9.583333333333334e-06
Al_degrader_E10,16.65,6e-06
Al_degrader_E10,16.71,5.166666666666667e-06
Al_degrader_E10,16.77,3.75e-06
Al_degrader_E10,16.83,2.25e-06
Al_degrader_E10,16.89,2.1666666666666665e-06
Al_degrader_E10,16.95,1.0833333333333333e-06
Al_degrader_E10,17.009999999999998,6.666666666666667e-07
Al_degrader_E10,17.07,5.833333333333333e-07
Al_degrader_E10,17.13,4.1666666666666667e-07
Al_degrader_E10,17.189999999999998,2.5e-07
Al_degrader_E10,17.25,8.333333333333334e-08
Al_degrader_E10,17.310000000000002,8.333333333333334e-08
Al_degrader_E10,17.369999999999997,0.0
Al_degrader_E10,17.43,0.0
Al_degrader_E10,17.490000000000002,8.333333333333334e-08
Ni14,6.27,2e-07
Ni14,6.33,0.0
Ni14,6.39,0.0
Ni14,6.449999999999999,2e-07
Ni14,6.51,2e-07
Ni14,6.57,0.0
Ni14,6.63,6e-07
Ni14,6.6899999999999995,4e-07
Ni14,6.75,0.0
Ni14,6.81,4e-07
Ni14,6.869999999999999,1e-06
Ni14,6.93,0.0
Ni14,6.99,6e-07
Ni14,7.05,2e-06
Ni14,7.109999999999999,4e-07
Ni14,7.17,6e-07
Ni14,7.2299999999999995,2.4e-06
Ni14,7.289999999999999,1.6e-06
Ni14,7.35,2e-06
Ni14,7.41,3e-06
Ni14,7.47,5e-06
Ni14,7.529999999999999,4.4e-06
Ni14,7.59,6e-06
Ni14,7.65,8.4e-06
Ni14,7.709999999999999,8.6e-06
Ni14,7.77,1.04e-05
Ni14,7.83,1.42e-05
Ni14,7.89,1.6e-05
Ni14,7.949999999999999,1.9e-05
Ni14,8.01,2.3e-05
Ni14,8.07,2.86e-05
Ni14,8.129999999999999,3.46e-05
Ni14,8.19,3.8e-05
Ni14,8.25,5.1e-05
Ni14,8.309999999999999,6.32e-05
Ni14,8.370000000000001,6.52e-05
Ni14,8.43,8.5e-05
Ni14,8.489999999999998,0.0001038
Ni14,8.55,0.0001142
Ni14,8.61,0.0001384
Ni14,8.67,0.0001682
Ni14,8.73,0.0001898
Ni14,8.79,0.0002318
Ni14,8.85,0.0002606
Ni14,8.91,0.0003164
Ni14,8.969999999999999,0.0003768
Ni14,9.030000000000001,0.0004328
Ni14,9.09,0.0004914
Ni14,9.149999999999999,0.0005974
Ni14,9.21,0.0006848
Ni14,9.27,0.0008034
Ni14,9.329999999999998,0.000926
Ni14,9.39,0.0010518
Ni14,9.45,0.0012306
Ni14,9.51,0.0013956
Ni14,9.57,0.0016114
Ni14,9.629999999999999,0.0018286
Ni14,9.69,0.0020694
Ni14,9.75,0.0023764
Ni14,9.809999999999999,0.0026704
Ni14,9.870000000000001,0.003029
Ni14,9.93,0.0033848
Ni14,9.989999999999998,0.003798
Ni14,10.05,0.004267
Ni14,10.11,0.0047016
Ni14,10.169999999999998,0.0052714
Ni14,10.23,0.0058442
Ni14,10.29,0.0065076
Ni14,10.35,0.007139
Ni14,10.41,0.0077516
Ni14,10.469999999999999,0.008554
Ni14,10.53,0.0092158
Ni14,10.59,0.0101434
Ni14,10.649999999999999,0.0108728
Ni14,10.71,0.01188
Ni14,10.77,0.0126898
Ni14,10.829999999999998,0.0135716
Ni14,10.89,0.014511
Ni14,10.95,0.0154862
Ni14,11.01,0.0164348
Ni14,11.07,0.0172822
Ni14,11.129999999999999,0.0183696
Ni14,11.19,0.019143
Ni14,11.25,0.0201412
Ni14,11.309999999999999,0.0209042
Ni14,11.370000000000001,0.0217796
Ni14,11.43,0.022467
Ni14,11.489999999999998,0.0232908
Ni14,11.55,0.02385
Ni14,11.61,0.0244142
Ni14,11.669999999999998,0.0248714
Ni14,11.73,0.025207
Ni14,11.79,0.0255156
Ni14,11.85,0.0256618
Ni14,11.91,0.0257328
Ni14,11.969999999999999,0.0256584
Ni14,12.03,0.0254542
Ni14,12.09,0.025148
Ni14,12.149999999999999,0.0247758
Ni14,12.21,0.024204
Ni14,12.27,0.0237138
Ni14,12.329999999999998,0.0229858
Ni14,12.39,0.022329
Ni14,12.45,0.0214072
Ni14,12.51,0.0205902
Ni14,12.57,0.0196316
Ni14,12.629999999999999,0.0187012
Ni14,12.69,0.0176474
Ni14,12.75,0.0166702
Ni14,12.809999999999999,0.015627
Ni14,12.870000000000001,0.0145374
Ni14,12.93,0.0135288
Ni14,12.989999999999998,0.0124722
Ni14,13.05,0.011517
Ni14,13.11,0.0105054
Ni14,13.169999999999998,0.0095498
Ni14,13.23,0.0086498
Ni14,13.29,0.0077768
Ni14,13.35,0.0069614
Ni14,13.41,0.006277
Ni14,13.469999999999999,0.0055364
Ni14,13.53,0.0049186
Ni14,13.59,0.0042752
Ni14,13.649999999999999,0.0037678
Ni14,13.71,0.0032562
Ni14,13.77,0.002847
Ni14,13.829999999999998,0.0024168
Ni14,13.89,0.0021262
Ni14,13.95,0.0017754
Ni14,14.009999999999998,0.0015052
Ni14,14.07,0.0012736
Ni14,14.129999999999999,0.001076
Ni14,14.19,0.000886
Ni14,14.25,0.0007288
Ni14,14.309999999999999,0.000604
Ni14,14.37,0.000491
Ni14,14.43,0.0003966
Ni14,14.489999999999998,0.000319
Ni14,14.55,0.000267
Ni14,14.61,0.0002092
Ni14,14.669999999999998,0.0001672
Ni14,14.73,0.0001348
Ni14,14.79,0.0001062
Ni14,14.85,8.22e-05
Ni14,14.91,6.42e-05
Ni14,14.969999999999999,5.36e-05
Ni14,15.03,3.84e-05
Ni14,15.09,2.76e-05
Ni14,15.149999999999999,2.12e-05
Ni14,15.21,1.48e-05
Ni14,15.27,1.38e-05
Ni14,15.329999999999998,1e-05
Ni14,15.39,5.8e-06
Ni14,15.45,4.8e-06
Ni14,15.509999999999998,3.6e-06
Ni14,15.57,2e-06
Ni14,15.629999999999999,1.6e-06
Ni14,15.69,1e-06
Ni14,15.75,6e-07
Ni14,15.809999999999999,4e-07
Ni14,15.87,2e-07
Ni14,15.93,0.0
Ni14,15.989999999999998,2e-07
Ni14,16.049999999999997,2e-07
Sn14,6.09,3.3333333333333335e-07
Sn14,6.15,0.0
Sn14,6.21,3.3333333333333335e-07
Sn14,6.27,6.666666666666667e-07
Sn14,6.33,0.0
Sn14,6.39,3.3333333333333335e-07
Sn14,6.449999999999999,1.3333333333333334e-06
Sn14,6.51,3.3333333333333335e-07
Sn14,6.57,6.666666666666667e-07
Sn14,6.63,1.3333333333333334e-06
Sn14,6.6899999999999995,6.666666666666667e-07
Sn14,6.75,3.3333333333333335e-07
Sn14,6.81,1e-06
Sn14,6.869999999999999,2.333333333333333e-06
Sn14,6.93,6.666666666666667e-07
Sn14,6.99,2.333333333333333e-06
Sn14,7.05,3.6666666666666666e-06
Sn14,7.109999999999999,2.333333333333333e-06
Sn14,7.17,5.666666666666667e-06
Sn14,7.2299999999999995,4e-06
Sn14,7.289999999999999,9.333333333333333e-06
Sn14,7.35,1e-05
Sn14,7.41,1.1333333333333334e-05
Sn14,7.47,1.7e-05
Sn14,7.529999999999999,1.5666666666666667e-05
Sn14,7.59,1.9e-05
Sn14,7.65,2.1333333333333335e-05
Sn14,7.709999999999999,3.0333333333333333e-05
Sn14,7.77,3.266666666666666e-05
Sn14,7.83,4.0333333333333336e-05
Sn14,7.89,4.5e-05
Sn14,7.949999999999999,5.7333333333333336e-05
Sn14,8.01,6.333333333333333e-05
Sn14,8.07,8.366666666666666e-05
Sn14,8.129999999999999,9.966666666666667e-05
Sn14,8.19,0.000114
Sn14,8.25,0.00014266666666666667
Sn14,8.309999999999999,0.000167
Sn14,8.370000000000001,0.00018
Sn14,8.43,0.000219
Sn14,8.489999999999998,0.0002643333333333333
Sn14,8.55,0.0002973333333333333
Sn14,8.61,0.00035
Sn14,8.67,0.00040566666666666664
Sn14,8.73,0.00047633333333333333
Sn14,8.79,0.0005616666666666667
Sn14,8.85,0.0006416666666666667
Sn14,8.91,0.000755
Sn14,8.969999999999999,0.000878
Sn14,9.030000000000001,0.0010343333333333333
Sn14,9.09,0.0011693333333333334
Sn14,9.149999999999999,0.00136
Sn14,9.21,0.0015456666666666668
Sn14,9.27,0.0017933333333333334
Sn14,9.329999999999998,0.001992
Sn14,9.39,0.0022603333333333334
Sn14,9.45,0.002523333333333333
Sn14,9.51,0.002856
Sn14,9.57,0.0032
Sn14,9.629999999999999,0.0036823333333333335
Sn14,9.69,0.004078666666666667
Sn14,9.75,0.004516
Sn14,9.809999999999999,0.00504
Sn14,9.870000000000001,0.005604
Sn14,9.93,0.006173666666666667
Sn14,9.989999999999998,0.006872666666666667
Sn14,10.05,0.007581666666666666
Sn14,10.11,0.008205666666666667
Sn14,10.169999999999998,0.009004666666666666
Sn14,10.23,0.009787333333333334
Sn14,10.29,0.010553
Sn14,10.35,0.011387
Sn14,10.41,0.012184333333333333
Sn14,10.469999999999999,0.013096333333333333
Sn14,10.53,0.014011333333333334
Sn14,10.59,0.015087
Sn14,10.649999999999999,0.016029333333333333
Sn14,10.71,0.016945666666666668
Sn14,10.77,0.017847
Sn14,10.829999999999998,0.018791
Sn14,10.89,0.019600666666666666
Sn14,10.95,0.020577666666666668
Sn14,11.01,0.021314666666666666
Sn14,11.07,0.021995333333333332
Sn14,11.129999999999999,0.022668666666666667
Sn14,11.19,0.023497
Sn14,11.25,0.024091
Sn14,11.309999999999999,0.024735333333333335
Sn14,11.370000000000001,0.025204666666666667
Sn14,11.43,0.025449
Sn14,11.489999999999998,0.025603666666666667
Sn14,11.55,0.025718
Sn14,11.61,0.025606666666666666
Sn14,11.669999999999998,0.025424333333333334
Sn14,11.73,0.025249
Sn14,11.79,0.024864333333333332
Sn14,11.85,0.024586
Sn14,11.91,0.023980333333333333
Sn14,11.969999999999999,0.023249333333333334
Sn14,12.03,0.022496
Sn14,12.09,0.021753333333333333
Sn14,12.149999999999999,0.02087666666666667
Sn14,12.21,0.019996
Sn14,12.27,0.019151666666666668
Sn14,12.329999999999998,0.018179333333333332
Sn14,12.39,0.017182333333333334
Sn14,12.45,0.016061
Sn14,12.51,0.015117333333333333
Sn14,12.57,0.014061
Sn14,12.629999999999999,0.012959333333333333
Sn14,12.69,0.011897666666666668
Sn14,12.75,0.010859
Sn14,12.809999999999999,0.009977333333333333
Sn14,12.870000000000001,0.009069666666666667
Sn14,12.93,0.008267
Sn14,12.989999999999998,0.007442333333333333
Sn14,13.05,0.006627
Sn14,13.11,0.005859333333333334
Sn14,13.169999999999998,0.005170666666666666
Sn14,13.23,0.004531
Sn14,13.29,0.003988
Sn14,13.35,0.003497
Sn14,13.41,0.0030813333333333335
Sn14,13.469999999999999,0.002611333333333333
Sn14,13.53,0.002261
Sn14,13.59,0.0019473333333333333
Sn14,13.649999999999999,0.001661
Sn14,13.71,0.001395
Sn14,13.77,0.001186
Sn14,13.829999999999998,0.0009873333333333333
Sn14,13.89,0.0008016666666666667
Sn14,13.95,0.0006383333333333333
Sn14,14.009999999999998,0.0005396666666666667
Sn14,14.07,0.000454
Sn14,14.129999999999999,0.00035933333333333336
Sn14,14.19,0.00028966666666666664
Sn14,14.25,0.000233
Sn14,14.309999999999999,0.00018766666666666666
Sn14,14.37,0.000147
Sn14,14.43,0.00012266666666666668
Sn14,14.489999999999998,0.00010233333333333333
Sn14,14.55,8.033333333333334e-05
Sn14,14.61,5.7e-05
Sn14,14.669999999999998,4.433333333333333e-05
Sn14,14.73,3.0333333333333333e-05
Sn14,14.79,2.6333333333333334e-05
Sn14,14.85,1.8666666666666665e-05
Sn14,14.91,1.6666666666666667e-05
Sn14,14.969999999999999,1.0333333333333333e-05
Sn14,15.03,7.333333333333333e-06
Sn14,15.09,5.333333333333334e-06
Sn14,15.149999999999999,3.6666666666666666e-06
Sn14,15.21,3e-06
Sn14,15.27,3e-06
Sn14,15.329999999999998,1e-06
Sn14,15.39,3.3333333333333335e-07
Sn14,15.45,0.0
Sn14,15.509999999999998,3.3333333333333335e-07
Sn14,15.57,3.3333333333333335e-07
Sn14,15.629999999999999,3.3333333333333335e-07
Ta14,5.43,2.5e-07
Ta14,5.49,0.0
Ta14,5.55,0.0
Ta14,5.609999999999999,2.5e-07
Ta14,5.67,2.5e-07
Ta14,5.73,0.0
Ta14,5.789999999999999,5e-07
Ta14,5.85,7.5e-07
Ta14,5.91,0.0
Ta14,5.97,2.5e-07
Ta14,6.029999999999999,7.5e-07
Ta14,6.09,7.5e-07
Ta14,6.15,2.5e-07
Ta14,6.21,7.5e-07
Ta14,6.27,2.25e-06
Ta14,6.33,2.5e-07
Ta14,6.39,7.5e-07
Ta14,6.449999999999999,2.75e-06
Ta14,6.51,2e-06
Ta14,6.57,1.75e-06
Ta14,6.63,2.75e-06
Ta14,6.6899999999999995,6.25e-06
Ta14,6.75,4e-06
Ta14,6.81,7.5e-06
Ta14,6.869999999999999,7.75e-06
Ta14,6.93,8.5e-06
Ta14,6.99,1.15e-05
Ta14,7.05,1.375e-05
Ta14,7.109999999999999,1.5e-05
Ta14,7.17,1.975e-05
Ta14,7.2299999999999995,2.35e-05
Ta14,7.289999999999999,2.5e-05
Ta14,7.35,3.275e-05
Ta14,7.41,4e-05
Ta14,7.47,4.1e-05
Ta14,7.529999999999999,5.55e-05
Ta14,7.59,6.575e-05
Ta14,7.65,7.15e-05
Ta14,7.709999999999999,9.125e-05
Ta14,7.77,0.0001075
Ta14,7.83,0.00011775
Ta14,7.89,0.00014425
Ta14,7.949999999999999,0.00016925
Ta14,8.01,0.000197
Ta14,8.07,0.00022325
Ta14,8.129999999999999,0.00026775
Ta14,8.19,0.00031325
Ta14,8.25,0.0003455
Ta14,8.309999999999999,0.0004295
Ta14,8.370000000000001,0.000479
Ta14,8.43,0.00055525
Ta14,8.489999999999998,0.00065675
Ta14,8.55,0.00074275
Ta14,8.61,0.0008615
Ta14,8.67,0.001
Ta14,8.73,0.00113175
Ta14,8.79,0.0013055
Ta14,8.85,0.00147625
Ta14,8.91,0.00166325
Ta14,8.969999999999999,0.00188325
Ta14,9.030000000000001,0.002156
Ta14,9.09,0.00241275
Ta14,9.149999999999999,0.0027115
Ta14,9.21,0.003045
Ta14,9.27,0.00339075
Ta14,9.329999999999998,0.0037625
Ta14,9.39,0.0042545
Ta14,9.45,0.00466725
Ta14,9.51,0.00519575
Ta14,9.57,0.00572325
Ta14,9.629999999999999,0.006295
Ta14,9.69,0.00696525
Ta14,9.75,0.00753025
Ta14,9.809999999999999,0.008207
Ta14,9.870000000000001,0.00894975
Ta14,9.93,0.0096385
Ta14,9.989999999999998,0.01052275
Ta14,10.05,0.0112515
Ta14,10.11,0.01213075
Ta14,10.169999999999998,0.01292325
Ta14,10.23,0.0137795
Ta14,10.29,0.0146735
Ta14,10.35,0.0155415
Ta14,10.41,0.0165885
Ta14,10.469999999999999,0.01728525
Ta14,10.53,0.018233
Ta14,10.59,0.01904875
Ta14,10.649999999999999,0.01982725
Ta14,10.71,0.02058125
Ta14,10.77,0.021415
Ta14,10.829999999999998,0.02215275
Ta14,10.89,0.02269675
Ta14,10.95,0.02333875
Ta14,11.01,0.023774
Ta14,11.07,0.024222
Ta14,11.129999999999999,0.0245545
Ta14,11.19,0.02479375
Ta14,11.25,0.02491975
Ta14,11.309999999999999,0.0250065
Ta14,11.370000000000001,0.02481675
Ta14,11.43,0.024683
Ta14,11.489999999999998,0.024381
Ta14,11.55,0.02395075
Ta14,11.61,0.02359025
Ta14,11.669999999999998,0.02293225
Ta14,11.73,0.022349
Ta14,11.79,0.02164625
Ta14,11.85,0.020965
Ta14,11.91,0.020002
Ta14,11.969999999999999,0.01923225
Ta14,12.03,0.01835275
Ta14,12.09,0.0173655
Ta14,12.149999999999999,0.01645325
Ta14,12.21,0.0154665
Ta14,12.27,0.01440625
Ta14,12.329999999999998,0.013422
Ta14,12.39,0.01245375
Ta14,12.45,0.0115415
Ta14,12.51,0.010549
Ta14,12.57,0.009706
Ta14,12.629999999999999,0.0087725
Ta14,12.69,0.00799825
Ta14,12.75,0.00717
Ta14,12.809999999999999,0.0064395
Ta14,12.870000000000001,0.0058035
Ta14,12.93,0.00510775
Ta14,12.989999999999998,0.0045075
Ta14,13.05,0.0039565
Ta14,13.11,0.0034665
Ta14,13.169999999999998,0.003048
Ta14,13.23,0.002607
Ta14,13.29,0.002307
Ta14,13.35,0.0019545
Ta14,13.41,0.0016865
Ta14,13.469999999999999,0.00140175
Ta14,13.53,0.00120825
Ta14,13.59,0.00101425
Ta14,13.649999999999999,0.00083475
Ta14,13.71,0.00069625
Ta14,13.77,0.0005855
Ta14,13.829999999999998,0.000466
Ta14,13.89,0.00036925
Ta14,13.95,0.0003205
Ta14,14.009999999999998,0.00025175
Ta14,14.07,0.00021
Ta14,14.129999999999999,0.0001605
Ta14,14.19,0.00013625
Ta14,14.25,0.000102
Ta14,14.309999999999999,8.625e-05
Ta14,14.37,6.35e-05
Ta14,14.43,5.7e-05
Ta14,14.489999999999998,3.55e-05
Ta14,14.55,3.5e-05
Ta14,14.61,1.8e-05
Ta14,14.669999999999998,1.975e-05
Ta14,14.73,1.1e-05
Ta14,14.79,1.125e-05
Ta14,14.85,6.25e-06
Ta14,14.91,5.75e-06
Ta14,14.969999999999999,3.5e-06
Ta14,15.03,2.25e-06
Ta14,15.09,1.5e-06
Ta14,15.149999999999999,1.25e-06
Ta14,15.21,7.5e-07
Ta14,15.27,5e-07
Ta14,15.329999999999998,2.5e-07
Ta14,15.39,0.0
Ta14,15.45,2.5e-07
Ta14,15.509999999999998,2.5e-07
Cu14,4.529999999999999,2e-07
Cu14,4.59,0.0
Cu14,4.65,0.0
Cu14,4.71,0.0
Cu14,4.77,4e-07
Cu14,4.83,0.0
Cu14,4.89,0.0
Cu14,4.949999999999999,4e-07
Cu14,5.01,6e-07
Cu14,5.07,0.0
Cu14,5.13,0.0
Cu14,5.1899999999999995,1.2e-06
Cu14,5.25,2e-07
Cu14,5.31,0.0
Cu14,5.369999999999999,6e-07
Cu14,5.43,1e-06
Cu14,5.49,1.2e-06
Cu14,5.55,2e-07
Cu14,5.609999999999999,1.6e-06
Cu14,5.67,1.4e-06
Cu14,5.73,1.4e-06
Cu14,5.789999999999999,1.8e-06
Cu14,5.85,3e-06
Cu14,5.91,3e-06
Cu14,5.97,3.8e-06
Cu14,6.029999999999999,4.2e-06
Cu14,6.09,6.4e-06
Cu14,6.15,5.2e-06
Cu14,6.21,8.6e-06
Cu14,6.27,9.6e-06
Cu14,6.33,1.08e-05
Cu14,6.39,1.22e-05
Cu14,6.449999999999999,1.56e-05
Cu14,6.51,1.9e-05
Cu14,6.57,1.98e-05
Cu14,6.63,2.64e-05
Cu14,6.6899999999999995,2.88e-05
Cu14,6.75,3.38e-05
Cu14,6.81,4.1e-05
Cu14,6.869999999999999,5e-05
Cu14,6.93,5.7e-05
Cu14,6.99,6.3e-05
Cu14,7.05,7.98e-05
Cu14,7.109999999999999,9.16e-05
Cu14,7.17,0.000105
Cu14,7.2299999999999995,0.0001188
Cu14,7.289999999999999,0.0001446
Cu14,7.35,0.0001654
Cu14,7.41,0.0001856
Cu14,7.47,0.0002212
Cu14,7.529999999999999,0.0002522
Cu14,7.59,0.0002922
Cu14,7.65,0.0003434
Cu14,7.709999999999999,0.0003944
Cu14,7.77,0.0004412
Cu14,7.83,0.000523
Cu14,7.89,0.0005926
Cu14,7.949999999999999,0.000677
Cu14,8.01,0.0007804
Cu14,8.07,0.0009078
Cu14,8.129999999999999,0.0010148
Cu14,8.19,0.0011704
Cu14,8.25,0.001277
Cu14,8.309999999999999,0.0015092
Cu14,8.370000000000001,0.001659
Cu14,8.43,0.0018686
Cu14,8.489999999999998,0.002118
Cu14,8.55,0.0023548
Cu14,8.61,0.0026704
Cu14,8.67,0.0029176
Cu14,8.73,0.0032958
Cu14,8.79,0.0036532
Cu14,8.85,0.0040378
Cu14,8.91,0.0044362
Cu14,8.969999999999999,0.0049156
Cu14,9.030000000000001,0.005431
Cu14,9.09,0.0059504
Cu14,9.149999999999999,0.0065544
Cu14,9.21,0.0070444
Cu14,9.27,0.0077184
Cu14,9.329999999999998,0.0083058
Cu14,9.39,0.009046
Cu14,9.45,0.0097672
Cu14,9.51,0.0104288
Cu14,9.57,0.0112898
Cu14,9.629999999999999,0.0119646
Cu14,9.69,0.0128658
Cu14,9.75,0.0135912
Cu14,9.809999999999999,0.0144218
Cu14,9.870000000000001,0.0153282
Cu14,9.93,0.0160304
Cu14,9.989999999999998,0.016999
Cu14,10.05,0.0176638
Cu14,10.11,0.0186132
Cu14,10.169999999999998,0.019134
Cu14,10.23,0.020026
Cu14,10.29,0.0207294
Cu14,10.35,0.0213386
Cu14,10.41,0.0220122
Cu14,10.469999999999999,0.0224978
Cu14,10.53,0.022982
Cu14,10.59,0.0233852
Cu14,10.649999999999999,0.0236732
Cu14,10.71,0.0239036
Cu14,10.77,0.0240884
Cu14,10.829999999999998,0.0241962
Cu14,10.89,0.0240794
Cu14,10.95,0.0239832
Cu14,11.01,0.0236962
Cu14,11.07,0.0234324
Cu14,11.129999999999999,0.0229468
Cu14,11.19,0.0225854
Cu14,11.25,0.0218898
Cu14,11.309999999999999,0.021376
Cu14,11.370000000000001,0.020695
Cu14,11.43,0.0198878
Cu14,11.489999999999998,0.0191656
Cu14,11.55,0.0182718
Cu14,11.61,0.017488
Cu14,11.669999999999998,0.0165344
Cu14,11.73,0.0156838
Cu14,11.79,0.0147004
Cu14,11.85,0.0138276
Cu14,11.91,0.0128072
Cu14,11.969999999999999,0.0119678
Cu14,12.03,0.0110094
Cu14,12.09,0.0102038
Cu14,12.149999999999999,0.0092506
Cu14,12.21,0.0085128
Cu14,12.27,0.0076598
Cu14,12.329999999999998,0.0069694
Cu14,12.39,0.0062566
Cu14,12.45,0.0056272
Cu14,12.51,0.0050146
Cu14,12.57,0.004432
Cu14,12.629999999999999,0.0039176
Cu14,12.69,0.0034356
Cu14,12.75,0.0029948
Cu14,12.809999999999999,0.0026286
Cu14,12.870000000000001,0.0022796
Cu14,12.93,0.0019756
Cu14,12.989999999999998,0.0016926
Cu14,13.05,0.0014316
Cu14,13.11,0.001231
Cu14,13.169999999999998,0.0010506
Cu14,13.23,0.0008628
Cu14,13.29,0.0007308
Cu14,13.35,0.0005996
Cu14,13.41,0.0005
Cu14,13.469999999999999,0.0004054
Cu14,13.53,0.000323
Cu14,13.59,0.000285
Cu14,13.649999999999999,0.000218
Cu14,13.71,0.0001832
Cu14,13.77,0.0001434
Cu14,13.829999999999998,0.0001194
Cu14,13.89,8.94e-05
Cu14,13.95,7.7e-05
Cu14,14.009999999999998,5.8e-05
Cu14,14.07,4.6e-05
Cu14,14.129999999999999,3.46e-05
Cu14,14.19,2.56e-05
Cu14,14.25,2.02e-05
Cu14,14.309999999999999,1.54e-05
Cu14,14.37,1.06e-05
Cu14,14.43,1.08e-05
Cu14,14.489999999999998,5.8e-06
Cu14,14.55,4.8e-06
Cu14,14.61,3.6e-06
Cu14,14.669999999999998,1.8e-06
Cu14,14.73,1.6e-06
Cu14,14.79,1.2e-06
Cu14,14.85,6e-07
Cu14,14.91,6e-07
Cu14,14.969999999999999,2e-07
Cu14,15.03,0.0
Cu14,15.09,2e-07
Cu14,15.149999999999999,0.0
Cu14,15.21,2e-07
