name,energy,flux
Ni08,27.57,3.3333333333333335e-07
Ni08,27.63,0.0
Ni08,27.689999999999998,2e-06
Ni08,27.75,2.666666666666667e-06
Ni08,27.81,4e-06
Ni08,27.869999999999997,9.333333333333333e-06
Ni08,27.93,1.0333333333333333e-05
Ni08,27.99,2.1e-05
Ni08,28.049999999999997,3.3e-05
Ni08,28.11,5.333333333333333e-05
Ni08,28.17,9.233333333333333e-05
Ni08,28.229999999999997,0.00013933333333333332
Ni08,28.29,0.00021833333333333335
Ni08,28.35,0.000338
Ni08,28.409999999999997,0.0004953333333333333
Ni08,28.47,0.0007316666666666667
Ni08,28.53,0.0010536666666666667
Ni08,28.589999999999996,0.0014943333333333334
Ni08,28.65,0.002075
Ni08,28.71,0.0028693333333333335
Ni08,28.769999999999996,0.003834
Ni08,28.83,0.005101333333333334
Ni08,28.89,0.006601
Ni08,28.95,0.008555
Ni08,29.009999999999998,0.010779
Ni08,29.07,0.013327333333333333
Ni08,29.13,0.016336666666666666
Ni08,29.189999999999998,0.019558333333333334
Ni08,29.25,0.023226
Ni08,29.31,0.026967666666666668
Ni08,29.369999999999997,0.030809666666666666
Ni08,29.43,0.034856333333333336
Ni08,29.49,0.038551666666666665
Ni08,29.549999999999997,0.041868666666666665
Ni08,29.61,0.044962666666666665
Ni08,29.67,0.047426333333333334
Ni08,29.729999999999997,0.049372
Ni08,29.79,0.050478
Ni08,29.85,0.050631333333333334
Ni08,29.909999999999997,0.05017033333333333
Ni08,29.97,0.048973
Ni08,30.03,0.046803
Ni08,30.089999999999996,0.04432733333333334
Ni08,30.15,0.041001333333333334
Ni08,30.21,0.03724466666666667
Ni08,30.269999999999996,0.03376766666666667
Ni08,30.33,0.029657333333333334
Ni08,30.39,0.025762666666666666
Ni08,30.45,0.022097666666666668
Ni08,30.509999999999998,0.018611333333333334
Ni08,30.57,0.015371
Ni08,30.63,0.012557666666666667
Ni08,30.689999999999998,0.010054
Ni08,30.75,0.007847
Ni08,30.81,0.0061656666666666665
Ni08,30.869999999999997,0.004634333333333333
Ni08,30.93,0.003537
Ni08,30.99,0.0025483333333333334
Ni08,31.049999999999997,0.0018503333333333334
Ni08,31.11,0.0013256666666666666
Ni08,31.17,0.0009056666666666667
Ni08,31.229999999999997,0.0006533333333333333
Ni08,31.29,0.00044133333333333335
Ni08,31.35,0.0002976666666666667
Ni08,31.409999999999997,0.00018666666666666666
Ni08,31.47,0.000123
Ni08,31.53,8e-05
Ni08,31.589999999999996,4.3666666666666666e-05
Ni08,31.65,2.5333333333333334e-05
Ni08,31.71,1.8e-05
Ni08,31.769999999999996,1.1e-05
Ni08,31.83,8.666666666666666e-06
Ni08,31.89,4e-06
Ni08,31.95,3.6666666666666666e-06
Ni08,32.01,1e-06
Ni08,32.07,1.6666666666666667e-06
Ni08,32.129999999999995,1.3333333333333334e-06
Ni08,32.19,3.3333333333333335e-07
Sn08,27.45,3.3333333333333335e-07
Sn08,27.509999999999998,3.3333333333333335e-07
Sn08,27.57,6.666666666666667e-07
Sn08,27.63,4e-06
Sn08,27.689999999999998,8e-06
Sn08,27.75,1.1666666666666666e-05
Sn08,27.81,1.6666666666666667e-05
Sn08,27.869999999999997,2.8e-05
Sn08,27.93,4e-05
Sn08,27.99,7e-05
Sn08,28.049999999999997,0.00011266666666666666
Sn08,28.11,0.00018633333333333333
Sn08,28.17,0.00029433333333333335
Sn08,28.229999999999997,0.000453
Sn08,28.29,0.0006796666666666666
Sn08,28.35,0.000979
Sn08,28.409999999999997,0.001398
Sn08,28.47,0.0019803333333333335
Sn08,28.53,0.002756666666666667
Sn08,28.589999999999996,0.00377
Sn08,28.65,0.0050483333333333335
Sn08,28.71,0.006685666666666667
Sn08,28.769999999999996,0.008616666666666667
Sn08,28.83,0.010966333333333333
Sn08,28.89,0.013710666666666666
Sn08,28.95,0.016900333333333333
Sn08,29.009999999999998,0.020522333333333333
Sn08,29.07,0.024361
Sn08,29.13,0.02828
Sn08,29.189999999999998,0.032441
Sn08,29.25,0.03662833333333333
Sn08,29.31,0.04056666666666667
Sn08,29.369999999999997,0.044317666666666665
Sn08,29.43,0.047379333333333336
Sn08,29.49,0.049591333333333334
Sn08,29.549999999999997,0.051287
Sn08,29.61,0.052288
Sn08,29.67,0.052402333333333335
Sn08,29.729999999999997,0.051511666666666664
Sn08,29.79,0.049550666666666666
Sn08,29.85,0.046944
Sn08,29.909999999999997,0.043725
Sn08,29.97,0.04021
Sn08,30.03,0.036269666666666665
Sn08,30.089999999999996,0.032003333333333335
Sn08,30.15,0.027887666666666668
Sn08,30.21,0.023805
Sn08,30.269999999999996,0.020115333333333332
Sn08,30.33,0.016611666666666667
Sn08,30.39,0.013434
Sn08,30.45,0.010748
Sn08,30.509999999999998,0.008493666666666667
Sn08,30.57,0.006544
Sn08,30.63,0.004981
Sn08,30.689999999999998,0.003632
Sn08,30.75,0.00265
Sn08,30.81,0.0019193333333333334
Sn08,30.869999999999997,0.001336
Sn08,30.93,0.0009636666666666667
Sn08,30.99,0.0006483333333333333
Sn08,31.049999999999997,0.000446
Sn08,31.11,0.0002933333333333333
Sn08,31.17,0.00019766666666666666
Sn08,31.229999999999997,0.00011966666666666667
Sn08,31.29,6.266666666666667e-05
Sn08,31.35,3.8333333333333334e-05
Sn08,31.409999999999997,2.7333333333333335e-05
Sn08,31.47,1.7666666666666668e-05
Sn08,31.53,1.2333333333333333e-05
Sn08,31.589999999999996,6.666666666666667e-06
Sn08,31.65,2.666666666666667e-06
Sn08,31.71,3e-06
Sn08,31.769999999999996,3e-06
Sn08,31.83,2.333333333333333e-06
Sn08,31.89,6.666666666666667e-07
Ta08,27.21,3.3333333333333335e-07
Ta08,27.27,0.0
Ta08,27.33,2.666666666666667e-06
Ta08,27.39,2.333333333333333e-06
Ta08,27.45,6.333333333333333e-06
Ta08,27.509999999999998,8.333333333333334e-06
Ta08,27.57,1.4e-05
Ta08,27.63,2.3666666666666668e-05
Ta08,27.689999999999998,3.6666666666666666e-05
Ta08,27.75,6.166666666666667e-05
Ta08,27.81,0.000105
Ta08,27.869999999999997,0.00015766666666666666
Ta08,27.93,0.00024766666666666665
Ta08,27.99,0.000372
Ta08,28.049999999999997,0.000551
Ta08,28.11,0.0008143333333333334
Ta08,28.17,0.00116
Ta08,28.229999999999997,0.0016376666666666666
Ta08,28.29,0.0022673333333333334
Ta08,28.35,0.003112
Ta08,28.409999999999997,0.004155666666666667
Ta08,28.47,0.005537333333333333
Ta08,28.53,0.007092666666666666
Ta08,28.589999999999996,0.009159666666666667
Ta08,28.65,0.011469333333333333
Ta08,28.71,0.014229
Ta08,28.769999999999996,0.017294666666666667
Ta08,28.83,0.020662666666666666
Ta08,28.89,0.024452333333333333
Ta08,28.95,0.02818733333333333
Ta08,29.009999999999998,0.032193
Ta08,29.07,0.036084333333333336
Ta08,29.13,0.03966033333333333
Ta08,29.189999999999998,0.043077333333333336
Ta08,29.25,0.04601566666666667
Ta08,29.31,0.048278
Ta08,29.369999999999997,0.04997666666666667
Ta08,29.43,0.05090566666666667
Ta08,29.49,0.050789666666666664
Ta08,29.549999999999997,0.050007333333333334
Ta08,29.61,0.04851433333333333
Ta08,29.67,0.04617433333333333
Ta08,29.729999999999997,0.043353
Ta08,29.79,0.03978966666666667
Ta08,29.85,0.036227666666666665
Ta08,29.909999999999997,0.032317
Ta08,29.97,0.028339666666666666
Ta08,30.03,0.024603666666666666
Ta08,30.089999999999996,0.020709333333333333
Ta08,30.15,0.017447333333333332
Ta08,30.21,0.014283
Ta08,30.269999999999996,0.011628666666666667
Ta08,30.33,0.009231
Ta08,30.39,0.007188666666666667
Ta08,30.45,0.005579666666666667
Ta08,30.509999999999998,0.004168666666666667
Ta08,30.57,0.003132666666666667
Ta08,30.63,0.0022856666666666667
Ta08,30.689999999999998,0.001633
Ta08,30.75,0.0011503333333333333
Ta08,30.81,0.0008146666666666667
Ta08,30.869999999999997,0.0005593333333333333
Ta08,30.93,0.00037633333333333334
Ta08,30.99,0.00024566666666666666
Ta08,31.049999999999997,0.00016833333333333332
Ta08,31.11,0.00010333333333333333
Ta08,31.17,6.533333333333333e-05
Ta08,31.229999999999997,3.5e-05
Ta08,31.29,2.3e-05
Ta08,31.35,1.5666666666666667e-05
Ta08,31.409999999999997,8e-06
Ta08,31.47,8.333333333333334e-06
Ta08,31.53,3.3333333333333333e-06
Ta08,31.589999999999996,2.666666666666667e-06
Ta08,31.65,1e-06
Ta08,31.71,2e-06
Ta08,31.769999999999996,1e-06
Ta08,31.83,3.3333333333333335e-07
Cu08,26.909999999999997,3.3333333333333335e-07
Cu08,26.97,3.3333333333333335e-07
Cu08,27.03,2.333333333333333e-06
Cu08,27.089999999999996,2.666666666666667e-06
Cu08,27.15,6.666666666666667e-06
Cu08,27.21,8.666666666666666e-06
Cu08,27.27,1.5333333333333334e-05
Cu08,27.33,2.3333333333333332e-05
Cu08,27.39,3.4666666666666665e-05
Cu08,27.45,6e-05
Cu08,27.509999999999998,0.00010266666666666666
Cu08,27.57,0.00015766666666666666
Cu08,27.63,0.00024033333333333334
Cu08,27.689999999999998,0.00036566666666666665
Cu08,27.75,0.000539
Cu08,27.81,0.0007953333333333333
Cu08,27.869999999999997,0.0011176666666666668
Cu08,27.93,0.0015756666666666666
Cu08,27.99,0.002188
Cu08,28.049999999999997,0.0029753333333333333
Cu08,28.11,0.003967666666666667
Cu08,28.17,0.00527
Cu08,28.229999999999997,0.006752
Cu08,28.29,0.008721333333333333
Cu08,28.35,0.010931666666666666
Cu08,28.409999999999997,0.013502333333333333
Cu08,28.47,0.016480333333333333
Cu08,28.53,0.019644666666666668
Cu08,28.589999999999996,0.023284333333333334
Cu08,28.65,0.026971666666666668
Cu08,28.71,0.030694666666666665
Cu08,28.769999999999996,0.03459566666666666
Cu08,28.83,0.03830533333333333
Cu08,28.89,0.041632333333333334
Cu08,28.95,0.04454366666666667
Cu08,29.009999999999998,0.046989
Cu08,29.07,0.04892966666666667
Cu08,29.13,0.05003933333333333
Cu08,29.189999999999998,0.05017233333333333
Cu08,29.25,0.04972
Cu08,29.31,0.0486
Cu08,29.369999999999997,0.046391
Cu08,29.43,0.044084333333333336
Cu08,29.49,0.04085833333333334
Cu08,29.549999999999997,0.037198
Cu08,29.61,0.03372033333333333
Cu08,29.67,0.029782666666666666
Cu08,29.729999999999997,0.025902666666666668
Cu08,29.79,0.022377666666666667
Cu08,29.85,0.018789
Cu08,29.909999999999997,0.015623333333333333
Cu08,29.97,0.012790666666666667
Cu08,30.03,0.010350666666666666
Cu08,30.089999999999996,0.008124666666666667
Cu08,30.15,0.006367
Cu08,30.21,0.004833333333333334
Cu08,30.269999999999996,0.0036826666666666666
Cu08,30.33,0.0027126666666666666
Cu08,30.39,0.0019396666666666666
Cu08,30.45,0.001428
Cu08,30.509999999999998,0.0009963333333333332
Cu08,30.57,0.000701
Cu08,30.63,0.000481
Cu08,30.689999999999998,0.0003193333333333333
Cu08,30.75,0.00021733333333333332
Cu08,30.81,0.000139
Cu08,30.869999999999997,8.7e-05
Cu08,30.93,5.766666666666667e-05
Cu08,30.99,2.7666666666666667e-05
Cu08,31.049999999999997,2.1333333333333335e-05
Cu08,31.11,1.1333333333333334e-05
Cu08,31.17,9.666666666666667e-06
Cu08,31.229999999999997,6e-06
Cu08,31.29,3.6666666666666666e-06
Cu08,31.35,2e-06
Cu08,31.409999999999997,1e-06
Cu08,31.47,1e-06
Cu08,31.53,1e-06
Cu08,31.589999999999996,3.3333333333333335e-07
Al_degrader_E2_E1,24.45,1.25e-07
Al_degrader_E2_E1,24.509999999999998,0.0
Al_degrader_E2_E1,24.57,1.25e-07
Al_degrader_E2_E1,24.63,7.5e-07
Al_degrader_E2_E1,24.689999999999998,1e-06
Al_degrader_E2_E1,24.75,1.5e-06
Al_degrader_E2_E1,24.81,2.5e-06
Al_degrader_E2_E1,24.869999999999997,3.25e-06
Al_degrader_E2_E1,24.93,5.75e-06
Al_degrader_E2_E1,24.990000000000002,8.875e-06
Al_degrader_E2_E1,25.049999999999997,1.3875e-05
Al_degrader_E2_E1,25.11,2.1875e-05
Al_degrader_E2_E1,25.17,3.3e-05
Al_degrader_E2_E1,25.229999999999997,5.1e-05
Al_degrader_E2_E1,25.29,7.4125e-05
Al_degrader_E2_E1,25.35,0.0001085
Al_degrader_E2_E1,25.409999999999997,0.000149375
Al_degrader_E2_E1,25.47,0.000212625
Al_degrader_E2_E1,25.53,0.0002885
Al_degrader_E2_E1,25.589999999999996,0.00040225
Al_degrader_E2_E1,25.65,0.000541375
Al_degrader_E2_E1,25.71,0.000720625
Al_degrader_E2_E1,25.77,0.00092975
Al_degrader_E2_E1,25.83,0.001228375
Al_degrader_E2_E1,25.89,0.0015415
Al_degrader_E2_E1,25.95,0.001960125
Al_degrader_E2_E1,26.009999999999998,0.0024345
Al_degrader_E2_E1,26.07,0.002998125
Al_degrader_E2_E1,26.13,0.003648625
Al_degrader_E2_E1,26.189999999999998,0.004384
Al_degrader_E2_E1,26.25,0.005119625
Al_degrader_E2_E1,26.31,0.006062
Al_degrader_E2_E1,26.369999999999997,0.00701575
Al_degrader_E2_E1,26.43,0.00802125
Al_degrader_E2_E1,26.49,0.009128375
Al_degrader_E2_E1,26.549999999999997,0.0102065
Al_degrader_E2_E1,26.61,0.0112535
Al_degrader_E2_E1,26.67,0.01236175
Al_degrader_E2_E1,26.729999999999997,0.01356825
Al_degrader_E2_E1,26.79,0.014621
Al_degrader_E2_E1,26.85,0.015709125
Al_degrader_E2_E1,26.909999999999997,0.016583625
Al_degrader_E2_E1,26.97,0.017455
Al_degrader_E2_E1,27.03,0.018311
Al_degrader_E2_E1,27.089999999999996,0.01906475
Al_degrader_E2_E1,27.15,0.019796125
Al_degrader_E2_E1,27.21,0.020413625
Al_degrader_E2_E1,27.27,0.020825375
Al_degrader_E2_E1,27.33,0.021179375
Al_degrader_E2_E1,27.39,0.02168675
Al_degrader_E2_E1,27.45,0.021980375
Al_degrader_E2_E1,27.509999999999998,0.02229775
Al_degrader_E2_E1,27.57,0.022451875
Al_degrader_E2_E1,27.63,0.022524625
Al_degrader_E2_E1,27.689999999999998,0.022724
Al_degrader_E2_E1,27.75,0.02287425
Al_degrader_E2_E1,27.81,0.0230115
Al_degrader_E2_E1,27.869999999999997,0.023061375
Al_degrader_E2_E1,27.93,0.02304375
Al_degrader_E2_E1,27.99,0.022998
Al_degrader_E2_E1,28.049999999999997,0.0231315
Al_degrader_E2_E1,28.11,0.02318
Al_degrader_E2_E1,28.17,0.023154
Al_degrader_E2_E1,28.229999999999997,0.02298
Al_degrader_E2_E1,28.29,0.02280425
Al_degrader_E2_E1,28.35,0.022758125
Al_degrader_E2_E1,28.409999999999997,0.022532
Al_degrader_E2_E1,28.47,0.02233625
Al_degrader_E2_E1,28.53,0.021959
Al_degrader_E2_E1,28.589999999999996,0.02139525
Al_degrader_E2_E1,28.65,0.0209255
Al_degrader_E2_E1,28.71,0.02031625
Al_degrader_E2_E1,28.769999999999996,0.019623625
Al_degrader_E2_E1,28.83,0.01880025
Al_degrader_E2_E1,28.89,0.0177815
Al_degrader_E2_E1,28.95,0.01671575
Al_degrader_E2_E1,29.009999999999998,0.015671875
Al_degrader_E2_E1,29.07,0.0145645
Al_degrader_E2_E1,29.13,0.013302875
Al_degrader_E2_E1,29.189999999999998,0.01204575
Al_degrader_E2_E1,29.25,0.010736625
Al_degrader_E2_E1,29.31,0.00953925
Al_degrader_E2_E1,29.369999999999997,0.008351125
Al_degrader_E2_E1,29.43,0.007211625
Al_degrader_E2_E1,29.49,0.006154375
Al_degrader_E2_E1,29.549999999999997,0.005148125
Al_degrader_E2_E1,29.61,0.0042965
Al_degrader_E2_E1,29.67,0.003511625
Al_degrader_E2_E1,29.729999999999997,0.00284725
Al_degrader_E2_E1,29.79,0.00224625
Al_degrader_E2_E1,29.85,0.001765375
Al_degrader_E2_E1,29.909999999999997,0.001360125
Al_degrader_E2_E1,29.97,0.001045375
Al_degrader_E2_E1,30.03,0.000776875
Al_degrader_E2_E1,30.089999999999996,0.000574125
Al_degrader_E2_E1,30.15,0.000408375
Al_degrader_E2_E1,30.21,0.000293125
Al_degrader_E2_E1,30.269999999999996,0.00020975
Al_degrader_E2_E1,30.33,0.000145875
Al_degrader_E2_E1,30.39,9.55e-05
Al_degrader_E2_E1,30.45,6.3875e-05
Al_degrader_E2_E1,30.509999999999998,4.725e-05
Al_degrader_E2_E1,30.57,2.9375e-05
Al_degrader_E2_E1,30.63,2e-05
Al_degrader_E2_E1,30.689999999999998,9.875e-06
Al_degrader_E2_E1,30.75,6e-06
Al_degrader_E2_E1,30.81,3.625e-06
Al_degrader_E2_E1,30.869999999999997,2.875e-06
Al_degrader_E2_E1,30.93,2.75e-06
Al_degrader_E2_E1,30.99,1e-06
Al_degrader_E2_E1,31.049999999999997,5e-07
Al_degrader_E2_E1,31.11,0.0
Al_degrader_E2_E1,31.17,5e-07
Al_degrader_E2_E1,31.229999999999997,5e-07
Al_degrader_E2_E1,31.29,1.25e-07
Ni09,24.089999999999996,3.3333333333333335e-07
Ni09,24.15,0.0
Ni09,24.21,3.3333333333333335e-07
Ni09,24.27,2.333333333333333e-06
Ni09,24.33,3e-06
Ni09,24.39,4e-06
Ni09,24.45,9e-06
Ni09,24.509999999999998,1.1e-05
Ni09,24.57,1.8666666666666665e-05
Ni09,24.63,3e-05
Ni09,24.689999999999998,4.3333333333333334e-05
Ni09,24.75,7.066666666666667e-05
Ni09,24.81,0.00010766666666666666
Ni09,24.869999999999997,0.00016133333333333334
Ni09,24.93,0.000242
Ni09,24.990000000000002,0.0003573333333333333
Ni09,25.049999999999997,0.000498
Ni09,25.11,0.000711
Ni09,25.17,0.0009893333333333334
Ni09,25.229999999999997,0.0013523333333333334
Ni09,25.29,0.0018323333333333334
Ni09,25.35,0.002473
Ni09,25.409999999999997,0.003204666666666667
Ni09,25.47,0.004191333333333333
Ni09,25.53,0.005361
Ni09,25.589999999999996,0.006777333333333333
Ni09,25.65,0.008484
Ni09,25.71,0.010454333333333333
Ni09,25.77,0.01266
Ni09,25.83,0.015218
Ni09,25.89,0.017882
Ni09,25.95,0.021015
Ni09,26.009999999999998,0.024050666666666668
Ni09,26.07,0.027278666666666666
Ni09,26.13,0.030711
Ni09,26.189999999999998,0.033814
Ni09,26.25,0.036707666666666666
Ni09,26.31,0.039593
Ni09,26.369999999999997,0.04200533333333333
Ni09,26.43,0.043964666666666666
Ni09,26.49,0.04529166666666667
Ni09,26.549999999999997,0.046435
Ni09,26.61,0.046439
Ni09,26.67,0.04596533333333333
Ni09,26.729999999999997,0.04529933333333333
Ni09,26.79,0.04347666666666666
Ni09,26.85,0.04142833333333333
Ni09,26.909999999999997,0.039078666666666664
Ni09,26.97,0.035923
Ni09,27.03,0.03285933333333333
Ni09,27.089999999999996,0.029821666666666666
Ni09,27.15,0.026299666666666666
Ni09,27.21,0.023092
Ni09,27.27,0.020027666666666666
Ni09,27.33,0.017098666666666668
Ni09,27.39,0.014298666666666666
Ni09,27.45,0.011885333333333333
Ni09,27.509999999999998,0.009792666666666667
Ni09,27.57,0.007828666666666666
Ni09,27.63,0.006235666666666666
Ni09,27.689999999999998,0.004905666666666667
Ni09,27.75,0.0037503333333333334
Ni09,27.81,0.002897
Ni09,27.869999999999997,0.0021373333333333335
Ni09,27.93,0.001587
Ni09,27.99,0.0011673333333333334
Ni09,28.049999999999997,0.0008066666666666667
Ni09,28.11,0.0006036666666666666
Ni09,28.17,0.0004313333333333333
Ni09,28.229999999999997,0.00028033333333333333
Ni09,28.29,0.000199
Ni09,28.35,0.00013066666666666665
Ni09,28.409999999999997,8.466666666666666e-05
Ni09,28.47,5.8e-05
Ni09,28.53,3.2e-05
Ni09,28.589999999999996,2e-05
Ni09,28.65,1.4e-05
Ni09,28.71,9.666666666666667e-06
Ni09,28.769999999999996,7.666666666666667e-06
Ni09,28.83,3e-06
Ni09,28.89,3.6666666666666666e-06
Ni09,28.95,1e-06
Ni09,29.009999999999998,1.6666666666666667e-06
Ni09,29.07,6.666666666666667e-07
Ni09,29.13,6.666666666666667e-07
Ni09,29.189999999999998,3.3333333333333335e-07
Sn09,24.03,6.666666666666667e-07
Sn09,24.089999999999996,3.3333333333333335e-07
Sn09,24.15,2.666666666666667e-06
Sn09,24.21,4.333333333333333e-06
Sn09,24.27,8.333333333333334e-06
Sn09,24.33,1.2333333333333333e-05
Sn09,24.39,1.7e-05
Sn09,24.45,2.6e-05
Sn09,24.509999999999998,3.9666666666666664e-05
Sn09,24.57,5.8e-05
Sn09,24.63,9.433333333333333e-05
Sn09,24.689999999999998,0.00015533333333333333
Sn09,24.75,0.000236
Sn09,24.81,0.000343
Sn09,24.869999999999997,0.0005026666666666667
Sn09,24.93,0.000714
Sn09,24.990000000000002,0.0009946666666666667
Sn09,25.049999999999997,0.0013716666666666667
Sn09,25.11,0.0018716666666666667
Sn09,25.17,0.002519
Sn09,25.229999999999997,0.0033596666666666666
Sn09,25.29,0.004385333333333333
Sn09,25.35,0.0057083333333333335
Sn09,25.409999999999997,0.007196
Sn09,25.47,0.008995333333333333
Sn09,25.53,0.011096333333333333
Sn09,25.589999999999996,0.013623
Sn09,25.65,0.016365
Sn09,25.71,0.019396666666666666
Sn09,25.77,0.022662666666666668
Sn09,25.83,0.025914333333333334
Sn09,25.89,0.029363333333333335
Sn09,25.95,0.032886
Sn09,26.009999999999998,0.036237
Sn09,26.07,0.039452
Sn09,26.13,0.04224033333333333
Sn09,26.189999999999998,0.04429266666666667
Sn09,26.25,0.046059333333333334
Sn09,26.31,0.04724266666666667
Sn09,26.369999999999997,0.047876666666666665
Sn09,26.43,0.04784033333333333
Sn09,26.49,0.046988
Sn09,26.549999999999997,0.045407
Sn09,26.61,0.043182
Sn09,26.67,0.040531
Sn09,26.729999999999997,0.03775833333333333
Sn09,26.79,0.03439933333333333
Sn09,26.85,0.031083333333333334
Sn09,26.909999999999997,0.027587666666666667
Sn09,26.97,0.023897666666666668
Sn09,27.03,0.020736666666666667
Sn09,27.089999999999996,0.017730333333333334
Sn09,27.15,0.014691
Sn09,27.21,0.012117333333333334
Sn09,27.27,0.009887333333333333
Sn09,27.33,0.007991333333333333
Sn09,27.39,0.006253666666666667
Sn09,27.45,0.004899
Sn09,27.509999999999998,0.003727
Sn09,27.57,0.0027993333333333334
Sn09,27.63,0.002047
Sn09,27.689999999999998,0.001502
Sn09,27.75,0.0011256666666666667
Sn09,27.81,0.0007823333333333333
Sn09,27.869999999999997,0.0005663333333333333
Sn09,27.93,0.000383
Sn09,27.99,0.0002663333333333333
Sn09,28.049999999999997,0.00018866666666666665
Sn09,28.11,0.00011466666666666667
Sn09,28.17,6.533333333333333e-05
Sn09,28.229999999999997,4.1666666666666665e-05
Sn09,28.29,2.6666666666666667e-05
Sn09,28.35,1.9e-05
Sn09,28.409999999999997,1.4666666666666666e-05
Sn09,28.47,1e-05
Sn09,28.53,4.666666666666666e-06
Sn09,28.589999999999996,1.6666666666666667e-06
Sn09,28.65,2.333333333333333e-06
Sn09,28.71,3e-06
Sn09,28.769999999999996,2.333333333333333e-06
Sn09,28.83,6.666666666666667e-07
Ta09,23.67,3.3333333333333335e-07
Ta09,23.729999999999997,0.0
Ta09,23.79,0.0
Ta09,23.85,2.666666666666667e-06
Ta09,23.909999999999997,2.333333333333333e-06
Ta09,23.97,5.666666666666667e-06
Ta09,24.03,7.666666666666667e-06
Ta09,24.089999999999996,1.0333333333333333e-05
Ta09,24.15,1.8666666666666665e-05
Ta09,24.21,2.6e-05
Ta09,24.27,4.233333333333333e-05
Ta09,24.33,6.0666666666666666e-05
Ta09,24.39,0.00010333333333333333
Ta09,24.45,0.000154
Ta09,24.509999999999998,0.00022966666666666667
Ta09,24.57,0.0003246666666666667
Ta09,24.63,0.0004713333333333333
Ta09,24.689999999999998,0.0006603333333333333
Ta09,24.75,0.000951
Ta09,24.81,0.0012746666666666666
Ta09,24.869999999999997,0.0017453333333333333
Ta09,24.93,0.0022903333333333335
Ta09,24.990000000000002,0.003067
Ta09,25.049999999999997,0.004005333333333333
Ta09,25.11,0.005129666666666667
Ta09,25.17,0.006449333333333333
Ta09,25.229999999999997,0.008118
Ta09,25.29,0.01001
Ta09,25.35,0.01226
Ta09,25.409999999999997,0.014667333333333333
Ta09,25.47,0.017381666666666667
Ta09,25.53,0.020269
Ta09,25.589999999999996,0.023494
Ta09,25.65,0.026629333333333335
Ta09,25.71,0.030062333333333333
Ta09,25.77,0.033213
Ta09,25.83,0.036205666666666664
Ta09,25.89,0.03904333333333333
Ta09,25.95,0.041554
Ta09,26.009999999999998,0.043625333333333335
Ta09,26.07,0.04516666666666667
Ta09,26.13,0.04622333333333333
Ta09,26.189999999999998,0.04650833333333333
Ta09,26.25,0.046071666666666664
Ta09,26.31,0.04539733333333333
Ta09,26.369999999999997,0.04396733333333333
Ta09,26.43,0.041903
Ta09,26.49,0.039465
Ta09,26.549999999999997,0.03653633333333333
Ta09,26.61,0.03352
Ta09,26.67,0.030301333333333333
Ta09,26.729999999999997,0.027015
Ta09,26.79,0.023702333333333332
Ta09,26.85,0.020678
Ta09,26.909999999999997,0.017544666666666667
Ta09,26.97,0.014898666666666666
Ta09,27.03,0.012318333333333334
Ta09,27.089999999999996,0.010186
Ta09,27.15,0.008181666666666667
Ta09,27.21,0.006519
Ta09,27.27,0.005164333333333333
Ta09,27.33,0.003980666666666667
Ta09,27.39,0.003053
Ta09,27.45,0.002276
Ta09,27.509999999999998,0.0016796666666666668
Ta09,27.57,0.0012503333333333333
Ta09,27.63,0.000872
Ta09,27.689999999999998,0.0006556666666666667
Ta09,27.75,0.0004673333333333333
Ta09,27.81,0.0003066666666666667
Ta09,27.869999999999997,0.00021566666666666666
Ta09,27.93,0.000148
Ta09,27.99,9.2e-05
Ta09,28.049999999999997,6.266666666666667e-05
Ta09,28.11,3.633333333333333e-05
Ta09,28.17,2.1e-05
Ta09,28.229999999999997,1.9e-05
Ta09,28.29,7e-06
Ta09,28.35,9.666666666666667e-06
Ta09,28.409999999999997,4.333333333333333e-06
Ta09,28.47,4e-06
Ta09,28.53,1e-06
Ta09,28.589999999999996,1.3333333333333334e-06
Ta09,28.65,1.3333333333333334e-06
Ta09,28.71,1e-06
Ta09,28.769999999999996,3.3333333333333335e-07
Cu09,23.369999999999997,3.3333333333333335e-07
Cu09,23.43,0.0
Cu09,23.490000000000002,2e-06
Cu09,23.549999999999997,2e-06
Cu09,23.61,3.6666666666666666e-06
Cu09,23.67,7.666666666666667e-06
Cu09,23.729999999999997,8e-06
Cu09,23.79,1.4666666666666666e-05
Cu09,23.85,2.2666666666666668e-05
Cu09,23.909999999999997,3.1333333333333334e-05
Cu09,23.97,5.2333333333333336e-05
Cu09,24.03,8.666666666666667e-05
Cu09,24.089999999999996,0.000117
Cu09,24.15,0.00018066666666666668
Cu09,24.21,0.00027466666666666666
Cu09,24.27,0.00039066666666666666
Cu09,24.33,0.0005286666666666667
Cu09,24.39,0.000777
Cu09,24.45,0.0010463333333333334
Cu09,24.509999999999998,0.0014276666666666667
Cu09,24.57,0.001929
Cu09,24.63,0.0025383333333333334
Cu09,24.689999999999998,0.0033226666666666665
Cu09,24.75,0.004312666666666667
Cu09,24.81,0.005468666666666667
Cu09,24.869999999999997,0.006874333333333333
Cu09,24.93,0.008540333333333334
Cu09,24.990000000000002,0.010474
Cu09,25.049999999999997,0.012701333333333334
Cu09,25.11,0.015178666666666667
Cu09,25.17,0.017759
Cu09,25.229999999999997,0.020784666666666667
Cu09,25.29,0.023762
Cu09,25.35,0.026885666666666665
Cu09,25.409999999999997,0.030240333333333334
Cu09,25.47,0.033324
Cu09,25.53,0.03604366666666667
Cu09,25.589999999999996,0.03886733333333333
Cu09,25.65,0.041258333333333334
Cu09,25.71,0.043132
Cu09,25.77,0.044679
Cu09,25.83,0.04564833333333333
Cu09,25.89,0.045832
Cu09,25.95,0.04531466666666667
Cu09,26.009999999999998,0.04481566666666666
Cu09,26.07,0.043184
Cu09,26.13,0.04129733333333333
Cu09,26.189999999999998,0.039010666666666666
Cu09,26.25,0.036042
Cu09,26.31,0.033106666666666666
Cu09,26.369999999999997,0.030057666666666667
Cu09,26.43,0.026829333333333334
Cu09,26.49,0.023564333333333333
Cu09,26.549999999999997,0.020633
Cu09,26.61,0.017588
Cu09,26.67,0.014991
Cu09,26.729999999999997,0.012422333333333334
Cu09,26.79,0.01031
Cu09,26.85,0.008346
Cu09,26.909999999999997,0.006652
Cu09,26.97,0.005342666666666667
Cu09,27.03,0.004107
Cu09,27.089999999999996,0.003187
Cu09,27.15,0.002396
Cu09,27.21,0.0017586666666666666
Cu09,27.27,0.001331
Cu09,27.33,0.0009536666666666667
Cu09,27.39,0.0007026666666666667
Cu09,27.45,0.00048466666666666667
Cu09,27.509999999999998,0.00034766666666666664
Cu09,27.57,0.00023233333333333333
Cu09,27.63,0.00015866666666666666
Cu09,27.689999999999998,0.00010666666666666667
Cu09,27.75,7.366666666666666e-05
Cu09,27.81,4.4e-05
Cu09,27.869999999999997,2.4666666666666665e-05
Cu09,27.93,1.8e-05
Cu09,27.99,1.0333333333333333e-05
Cu09,28.049999999999997,9.666666666666667e-06
Cu09,28.11,6.666666666666667e-06
Cu09,28.17,3.3333333333333333e-06
Cu09,28.229999999999997,1.6666666666666667e-06
Cu09,28.29,1e-06
Cu09,28.35,1.6666666666666667e-06
Cu09,28.409999999999997,1.3333333333333334e-06
Cu09,28.47,3.3333333333333335e-07
Al_degrader_E4_E3,20.61,1e-07
Al_degrader_E4_E3,20.67,0.0
Al_degrader_E4_E3,20.729999999999997,1e-07
Al_degrader_E4_E3,20.79,6e-07
Al_degrader_E4_E3,20.85,5e-07
Al_degrader_E4_E3,20.909999999999997,1.2e-06
Al_degrader_E4_E3,20.97,1.3e-06
Al_degrader_E4_E3,21.03,1.8e-06
Al_degrader_E4_E3,21.089999999999996,3e-06
Al_degrader_E4_E3,21.15,4.3e-06
Al_degrader_E4_E3,21.21,6.8e-06
Al_degrader_E4_E3,21.27,8.9e-06
Al_degrader_E4_E3,21.33,1.37e-05
Al_degrader_E4_E3,21.39,2.25e-05
Al_degrader_E4_E3,21.45,3.25e-05
Al_degrader_E4_E3,21.509999999999998,4.26e-05
Al_degrader_E4_E3,21.57,6.2e-05
Al_degrader_E4_E3,21.63,8.6e-05
Al_degrader_E4_E3,21.689999999999998,0.000117
Al_degrader_E4_E3,21.75,0.0001594
Al_degrader_E4_E3,21.81,0.0002101
Al_degrader_E4_E3,21.869999999999997,0.0002796
Al_degrader_E4_E3,21.93,0.0003788
Al_degrader_E4_E3,21.990000000000002,0.0004773
Al_degrader_E4_E3,22.049999999999997,0.000625
Al_degrader_E4_E3,22.11,0.0007873
Al_degrader_E4_E3,22.17,0.0010075
Al_degrader_E4_E3,22.229999999999997,0.0012468
Al_degrader_E4_E3,22.29,0.0015318
Al_degrader_E4_E3,22.35,0.0018875
Al_degrader_E4_E3,22.409999999999997,0.002294
Al_degrader_E4_E3,22.47,0.0027514
Al_degrader_E4_E3,22.53,0.0032676
Al_degrader_E4_E3,22.589999999999996,0.0038416
Al_degrader_E4_E3,22.65,0.0044447
Al_degrader_E4_E3,22.71,0.0051799
Al_degrader_E4_E3,22.77,0.0059334
Al_degrader_E4_E3,22.83,0.0067246
Al_degrader_E4_E3,22.89,0.0075878
Al_degrader_E4_E3,22.95,0.0084243
Al_degrader_E4_E3,23.009999999999998,0.0093438
Al_degrader_E4_E3,23.07,0.0102319
Al_degrader_E4_E3,23.13,0.0111838
Al_degrader_E4_E3,23.189999999999998,0.0120883
Al_degrader_E4_E3,23.25,0.0130107
Al_degrader_E4_E3,23.31,0.0138801
Al_degrader_E4_E3,23.369999999999997,0.0147006
Al_degrader_E4_E3,23.43,0.0154459
Al_degrader_E4_E3,23.490000000000002,0.0162214
Al_degrader_E4_E3,23.549999999999997,0.0169687
Al_degrader_E4_E3,23.61,0.0175124
Al_degrader_E4_E3,23.67,0.0181185
Al_degrader_E4_E3,23.729999999999997,0.0186256
Al_degrader_E4_E3,23.79,0.019063
Al_degrader_E4_E3,23.85,0.0194906
Al_degrader_E4_E3,23.909999999999997,0.019837
Al_degrader_E4_E3,23.97,0.0200844
Al_degrader_E4_E3,24.03,0.0204061
Al_degrader_E4_E3,24.089999999999996,0.0205845
Al_degrader_E4_E3,24.15,0.0207629
Al_degrader_E4_E3,24.21,0.0209751
Al_degrader_E4_E3,24.27,0.021062
Al_degrader_E4_E3,24.33,0.0211717
Al_degrader_E4_E3,24.39,0.0212626
Al_degrader_E4_E3,24.45,0.0213041
Al_degrader_E4_E3,24.509999999999998,0.0214317
Al_degrader_E4_E3,24.57,0.021366
Al_degrader_E4_E3,24.63,0.0214084
Al_degrader_E4_E3,24.689999999999998,0.021457
Al_degrader_E4_E3,24.75,0.0214011
Al_degrader_E4_E3,24.81,0.0213211
Al_degrader_E4_E3,24.869999999999997,0.0212673
Al_degrader_E4_E3,24.93,0.0211295
Al_degrader_E4_E3,24.990000000000002,0.0209519
Al_degrader_E4_E3,25.049999999999997,0.0207967
Al_degrader_E4_E3,25.11,0.0204798
Al_degrader_E4_E3,25.17,0.0201381
Al_degrader_E4_E3,25.229999999999997,0.0197877
Al_degrader_E4_E3,25.29,0.0192677
Al_degrader_E4_E3,25.35,0.0186977
Al_degrader_E4_E3,25.409999999999997,0.018087
Al_degrader_E4_E3,25.47,0.0174088
Al_degrader_E4_E3,25.53,0.0165541
Al_degrader_E4_E3,25.589999999999996,0.0157708
Al_degrader_E4_E3,25.65,0.014777
Al_degrader_E4_E3,25.71,0.0138126
Al_degrader_E4_E3,25.77,0.0128238
Al_degrader_E4_E3,25.83,0.0118098
Al_degrader_E4_E3,25.89,0.0107201
Al_degrader_E4_E3,25.95,0.0096541
Al_degrader_E4_E3,26.009999999999998,0.0086393
Al_degrader_E4_E3,26.07,0.00758
Al_degrader_E4_E3,26.13,0.0067099
Al_degrader_E4_E3,26.189999999999998,0.0057787
Al_degrader_E4_E3,26.25,0.0049653
Al_degrader_E4_E3,26.31,0.0041771
Al_degrader_E4_E3,26.369999999999997,0.0035024
Al_degrader_E4_E3,26.43,0.0028969
Al_degrader_E4_E3,26.49,0.0023715
Al_degrader_E4_E3,26.549999999999997,0.0019133
Al_degrader_E4_E3,26.61,0.0015228
Al_degrader_E4_E3,26.67,0.0012151
Al_degrader_E4_E3,26.729999999999997,0.0009328
Al_degrader_E4_E3,26.79,0.0007151
Al_degrader_E4_E3,26.85,0.0005456
Al_degrader_E4_E3,26.909999999999997,0.0004069
Al_degrader_E4_E3,26.97,0.0002993
Al_degrader_E4_E3,27.03,0.0002125
Al_degrader_E4_E3,27.089999999999996,0.0001606
Al_degrader_E4_E3,27.15,0.0001133
Al_degrader_E4_E3,27.21,7.77e-05
Al_degrader_E4_E3,27.27,5.27e-05
Al_degrader_E4_E3,27.33,3.78e-05
Al_degrader_E4_E3,27.39,2.61e-05
Al_degrader_E4_E3,27.45,1.76e-05
Al_degrader_E4_E3,27.509999999999998,9.8e-06
Al_degrader_E4_E3,27.57,6.2e-06
Al_degrader_E4_E3,27.63,4.3e-06
Al_degrader_E4_E3,27.689999999999998,2.8e-06
Al_degrader_E4_E3,27.75,1.6e-06
Al_degrader_E4_E3,27.81,1.9e-06
Al_degrader_E4_E3,27.869999999999997,1e-06
Al_degrader_E4_E3,27.93,4e-07
Al_degrader_E4_E3,27.99,0.0
Al_degrader_E4_E3,28.049999999999997,4e-07
Al_degrader_E4_E3,28.11,4e-07
Al_degrader_E4_E3,28.17,1e-07
Ni10,20.189999999999998,3.3333333333333335e-07
Ni10,20.25,0.0
Ni10,20.31,3.3333333333333335e-07
Ni10,20.369999999999997,2e-06
Ni10,20.43,2e-06
Ni10,20.490000000000002,3.6666666666666666e-06
Ni10,20.549999999999997,6.333333333333333e-06
Ni10,20.61,6.666666666666667e-06
Ni10,20.67,1.0333333333333333e-05
Ni10,20.729999999999997,1.633333333333333e-05
Ni10,20.79,2.5e-05
Ni10,20.85,3.433333333333333e-05
Ni10,20.909999999999997,4.966666666666667e-05
Ni10,20.97,8.4e-05
Ni10,21.03,0.00010933333333333334
Ni10,21.089999999999996,0.00016033333333333335
Ni10,21.15,0.000224
Ni10,21.21,0.000321
Ni10,21.27,0.000422
Ni10,21.33,0.000582
Ni10,21.39,0.0007943333333333333
Ni10,21.45,0.0010423333333333333
Ni10,21.509999999999998,0.001365
Ni10,21.57,0.001797
Ni10,21.63,0.0022976666666666666
Ni10,21.689999999999998,0.0029076666666666665
Ni10,21.75,0.0037036666666666667
Ni10,21.81,0.004596333333333333
Ni10,21.869999999999997,0.005595666666666666
Ni10,21.93,0.006981666666666666
Ni10,21.990000000000002,0.008375
Ni10,22.049999999999997,0.010036
Ni10,22.11,0.011854333333333333
Ni10,22.17,0.013973666666666667
Ni10,22.229999999999997,0.015991666666666668
Ni10,22.29,0.018549666666666666
Ni10,22.35,0.020854666666666667
Ni10,22.409999999999997,0.023603333333333334
Ni10,22.47,0.026091
Ni10,22.53,0.028709
Ni10,22.589999999999996,0.031259
Ni10,22.65,0.03338066666666667
Ni10,22.71,0.03564833333333333
Ni10,22.77,0.037651333333333335
Ni10,22.83,0.03912266666666667
Ni10,22.89,0.04031866666666667
Ni10,22.95,0.041319
Ni10,23.009999999999998,0.041484
Ni10,23.07,0.041306666666666665
Ni10,23.13,0.04097866666666666
Ni10,23.189999999999998,0.039897
Ni10,23.25,0.03855566666666667
Ni10,23.31,0.036867
Ni10,23.369999999999997,0.035005666666666664
Ni10,23.43,0.03248533333333333
Ni10,23.490000000000002,0.029891
Ni10,23.549999999999997,0.027679333333333334
Ni10,23.61,0.024867333333333335
Ni10,23.67,0.022147333333333335
Ni10,23.729999999999997,0.019743666666666666
Ni10,23.79,0.017152666666666667
Ni10,23.85,0.014911666666666667
Ni10,23.909999999999997,0.012676666666666666
Ni10,23.97,0.010705333333333334
Ni10,24.03,0.009041333333333334
Ni10,24.089999999999996,0.007397333333333333
Ni10,24.15,0.006023333333333334
Ni10,24.21,0.004934333333333333
Ni10,24.27,0.0038636666666666667
Ni10,24.33,0.003088333333333333
Ni10,24.39,0.0024
Ni10,24.45,0.0018183333333333333
Ni10,24.509999999999998,0.0014013333333333334
Ni10,24.57,0.001052
Ni10,24.63,0.000769
Ni10,24.689999999999998,0.0005846666666666667
Ni10,24.75,0.00041566666666666667
Ni10,24.81,0.00029866666666666664
Ni10,24.869999999999997,0.000216
Ni10,24.93,0.00014966666666666665
Ni10,24.990000000000002,0.00010033333333333334
Ni10,25.049999999999997,7.4e-05
Ni10,25.11,4.9e-05
Ni10,25.17,2.6333333333333334e-05
Ni10,25.229999999999997,1.8333333333333333e-05
Ni10,25.29,1.5333333333333334e-05
Ni10,25.35,8.333333333333334e-06
Ni10,25.409999999999997,6.666666666666667e-06
Ni10,25.47,5e-06
Ni10,25.53,3.3333333333333333e-06
Ni10,25.589999999999996,1.6666666666666667e-06
Ni10,25.65,6.666666666666667e-07
Ni10,25.71,1.6666666666666667e-06
Ni10,25.77,6.666666666666667e-07
Ni10,25.83,6.666666666666667e-07
Ni10,25.89,3.3333333333333335e-07
Sn10,20.07,3.3333333333333335e-07
Sn10,20.13,3.3333333333333335e-07
Sn10,20.189999999999998,6.666666666666667e-07
Sn10,20.25,2.333333333333333e-06
Sn10,20.31,4e-06
Sn10,20.369999999999997,7e-06
Sn10,20.43,9.666666666666667e-06
Sn10,20.490000000000002,1.4e-05
Sn10,20.549999999999997,1.7666666666666668e-05
Sn10,20.61,2.6e-05
Sn10,20.67,3.566666666666667e-05
Sn10,20.729999999999997,5.4e-05
Sn10,20.79,7.833333333333333e-05
Sn10,20.85,0.000126
Sn10,20.909999999999997,0.000182
Sn10,20.97,0.0002613333333333333
Sn10,21.03,0.0003573333333333333
Sn10,21.089999999999996,0.0004956666666666667
Sn10,21.15,0.0006763333333333334
Sn10,21.21,0.0009113333333333333
Sn10,21.27,0.001195
Sn10,21.33,0.001572
Sn10,21.39,0.002074
Sn10,21.45,0.0026676666666666667
Sn10,21.509999999999998,0.0034146666666666665
Sn10,21.57,0.004286333333333333
Sn10,21.63,0.005382333333333334
Sn10,21.689999999999998,0.006614666666666666
Sn10,21.75,0.008046
Sn10,21.81,0.009689666666666666
Sn10,21.869999999999997,0.011576666666666667
Sn10,21.93,0.013757666666666666
Sn10,21.990000000000002,0.016072333333333334
Sn10,22.049999999999997,0.01858
Sn10,22.11,0.021146666666666668
Sn10,22.17,0.023847666666666666
Sn10,22.229999999999997,0.026475
Sn10,22.29,0.029325
Sn10,22.35,0.031934
Sn10,22.409999999999997,0.034605
Sn10,22.47,0.036837666666666664
Sn10,22.53,0.03879233333333333
Sn10,22.589999999999996,0.040293
Sn10,22.65,0.04149933333333333
Sn10,22.71,0.042295
Sn10,22.77,0.04278033333333333
Sn10,22.83,0.042679
Sn10,22.89,0.04207333333333333
Sn10,22.95,0.04086533333333333
Sn10,23.009999999999998,0.039157333333333336
Sn10,23.07,0.037214
Sn10,23.13,0.035083666666666666
Sn10,23.189999999999998,0.032556666666666664
Sn10,23.25,0.029939666666666667
Sn10,23.31,0.027182
Sn10,23.369999999999997,0.024398333333333334
Sn10,23.43,0.021501
Sn10,23.490000000000002,0.018857666666666665
Sn10,23.549999999999997,0.016455
Sn10,23.61,0.014036666666666666
Sn10,23.67,0.011843666666666667
Sn10,23.729999999999997,0.009927333333333333
Sn10,23.79,0.008169666666666667
Sn10,23.85,0.0067413333333333336
Sn10,23.909999999999997,0.005392666666666666
Sn10,23.97,0.004325666666666667
Sn10,24.03,0.0033593333333333335
Sn10,24.089999999999996,0.0026273333333333335
Sn10,24.15,0.001973
Sn10,24.21,0.0015136666666666666
Sn10,24.27,0.001126
Sn10,24.33,0.0008626666666666666
Sn10,24.39,0.000628
Sn10,24.45,0.00044666666666666666
Sn10,24.509999999999998,0.0003246666666666667
Sn10,24.57,0.00023233333333333333
Sn10,24.63,0.00017233333333333334
Sn10,24.689999999999998,0.000109
Sn10,24.75,6.366666666666666e-05
Sn10,24.81,4.233333333333333e-05
Sn10,24.869999999999997,3e-05
Sn10,24.93,2.1666666666666667e-05
Sn10,24.990000000000002,1.5e-05
Sn10,25.049999999999997,1.1e-05
Sn10,25.11,8.333333333333334e-06
Sn10,25.17,3e-06
Sn10,25.229999999999997,2.333333333333333e-06
Sn10,25.29,1.6666666666666667e-06
Sn10,25.35,2.666666666666667e-06
Sn10,25.409999999999997,2e-06
Sn10,25.47,1e-06
Sn10,25.53,3.3333333333333335e-07
Ta10,19.71,3.3333333333333335e-07
Ta10,19.77,0.0
Ta10,19.83,0.0
Ta10,19.89,2.333333333333333e-06
Ta10,19.95,1e-06
Ta10,20.009999999999998,3.3333333333333333e-06
Ta10,20.07,6e-06
Ta10,20.13,7e-06
Ta10,20.189999999999998,1.0333333333333333e-05
Ta10,20.25,1.6666666666666667e-05
Ta10,20.31,2.1666666666666667e-05
Ta10,20.369999999999997,3.0333333333333333e-05
Ta10,20.43,5.1e-05
Ta10,20.490000000000002,7.333333333333333e-05
Ta10,20.549999999999997,9.733333333333333e-05
Ta10,20.61,0.00015033333333333335
Ta10,20.67,0.00021433333333333333
Ta10,20.729999999999997,0.0002863333333333333
Ta10,20.79,0.00039833333333333333
Ta10,20.85,0.0005526666666666667
Ta10,20.909999999999997,0.0007403333333333333
Ta10,20.97,0.0009646666666666666
Ta10,21.03,0.001268
Ta10,21.089999999999996,0.0016883333333333334
Ta10,21.15,0.002137
Ta10,21.21,0.002755
Ta10,21.27,0.003453
Ta10,21.33,0.004369666666666667
Ta10,21.39,0.0053293333333333335
Ta10,21.45,0.006581333333333333
Ta10,21.509999999999998,0.007943
Ta10,21.57,0.009516
Ta10,21.63,0.01135
Ta10,21.689999999999998,0.013321666666666667
Ta10,21.75,0.015455666666666666
Ta10,21.81,0.017689666666666666
Ta10,21.869999999999997,0.020305666666666666
Ta10,21.93,0.022751
Ta10,21.990000000000002,0.025297
Ta10,22.049999999999997,0.028027666666666666
Ta10,22.11,0.030498333333333332
Ta10,22.17,0.03284
Ta10,22.229999999999997,0.034944333333333334
Ta10,22.29,0.037046
Ta10,22.35,0.038664
Ta10,22.409999999999997,0.040007666666666664
Ta10,22.47,0.04095033333333333
Ta10,22.53,0.04146533333333333
Ta10,22.589999999999996,0.041402666666666664
Ta10,22.65,0.04103166666666667
Ta10,22.71,0.040271
Ta10,22.77,0.03898533333333333
Ta10,22.83,0.037353
Ta10,22.89,0.035472
Ta10,22.95,0.033148333333333335
Ta10,23.009999999999998,0.030750333333333334
Ta10,23.07,0.028192
Ta10,23.13,0.025707
Ta10,23.189999999999998,0.022936666666666668
Ta10,23.25,0.020457
Ta10,23.31,0.017949666666666666
Ta10,23.369999999999997,0.015431
Ta10,23.43,0.013389
Ta10,23.490000000000002,0.011258666666666667
Ta10,23.549999999999997,0.009527666666666667
Ta10,23.61,0.007884333333333333
Ta10,23.67,0.006437333333333333
Ta10,23.729999999999997,0.005293666666666667
Ta10,23.79,0.004156
Ta10,23.85,0.0032986666666666668
Ta10,23.909999999999997,0.002621
Ta10,23.97,0.001995
Ta10,24.03,0.0015033333333333333
Ta10,24.089999999999996,0.001172
Ta10,24.15,0.0008536666666666666
Ta10,24.21,0.0006493333333333334
Ta10,24.27,0.000465
Ta10,24.33,0.000353
Ta10,24.39,0.000242
Ta10,24.45,0.00016733333333333333
Ta10,24.509999999999998,0.00011966666666666667
Ta10,24.57,7.966666666666666e-05
Ta10,24.63,5.5e-05
Ta10,24.689999999999998,3.566666666666667e-05
Ta10,24.75,1.8666666666666665e-05
Ta10,24.81,1.8666666666666665e-05
Ta10,24.869999999999997,1.0333333333333333e-05
Ta10,24.93,7e-06
Ta10,24.990000000000002,7e-06
Ta10,25.049999999999997,2.333333333333333e-06
Ta10,25.11,4e-06
Ta10,25.17,1.3333333333333334e-06
Ta10,25.229999999999997,1.3333333333333334e-06
Ta10,25.29,6.666666666666667e-07
Ta10,25.35,1e-06
Ta10,25.409999999999997,3.3333333333333335e-07
Cu10,19.35,3.3333333333333335e-07
Cu10,19.409999999999997,0.0
Cu10,19.47,2e-06
Cu10,19.53,6.666666666666667e-07
Cu10,19.59,2.333333333333333e-06
Cu10,19.65,4e-06
Cu10,19.71,6.333333333333333e-06
Cu10,19.77,8e-06
Cu10,19.83,1.2666666666666667e-05
Cu10,19.89,1.8e-05
Cu10,19.95,2.5333333333333334e-05
Cu10,20.009999999999998,3.566666666666667e-05
Cu10,20.07,5.2e-05
Cu10,20.13,8.6e-05
Cu10,20.189999999999998,0.00010933333333333334
Cu10,20.25,0.00015966666666666665
Cu10,20.31,0.00022833333333333334
Cu10,20.369999999999997,0.0003063333333333333
Cu10,20.43,0.0004223333333333333
Cu10,20.490000000000002,0.0005783333333333334
Cu10,20.549999999999997,0.0007556666666666666
Cu10,20.61,0.0009956666666666666
Cu10,20.67,0.0013206666666666666
Cu10,20.729999999999997,0.00169
Cu10,20.79,0.002186
Cu10,20.85,0.0027416666666666666
Cu10,20.909999999999997,0.0034933333333333335
Cu10,20.97,0.0043026666666666664
Cu10,21.03,0.0052703333333333335
Cu10,21.089999999999996,0.006484333333333333
Cu10,21.15,0.007804333333333333
Cu10,21.21,0.009334666666666666
Cu10,21.27,0.011035666666666666
Cu10,21.33,0.013002666666666666
Cu10,21.39,0.015037
Cu10,21.45,0.017094666666666668
Cu10,21.509999999999998,0.019610333333333334
Cu10,21.57,0.022045333333333333
Cu10,21.63,0.024369666666666668
Cu10,21.689999999999998,0.027124666666666665
Cu10,21.75,0.029472
Cu10,21.81,0.031708
Cu10,21.869999999999997,0.03393566666666667
Cu10,21.93,0.03587933333333333
Cu10,21.990000000000002,0.03759266666666667
Cu10,22.049999999999997,0.038899666666666666
Cu10,22.11,0.03995
Cu10,22.17,0.04064533333333333
Cu10,22.229999999999997,0.04070466666666667
Cu10,22.29,0.04034666666666667
Cu10,22.35,0.039974
Cu10,22.409999999999997,0.03882633333333333
Cu10,22.47,0.03732833333333333
Cu10,22.53,0.035733666666666664
Cu10,22.589999999999996,0.033681666666666665
Cu10,22.65,0.031252666666666665
Cu10,22.71,0.028924333333333333
Cu10,22.77,0.026527666666666668
Cu10,22.83,0.023914666666666667
Cu10,22.89,0.021307666666666666
Cu10,22.95,0.019026
Cu10,23.009999999999998,0.016500333333333332
Cu10,23.07,0.01433
Cu10,23.13,0.012297333333333334
Cu10,23.189999999999998,0.010375
Cu10,23.25,0.008776333333333334
Cu10,23.31,0.007208333333333333
Cu10,23.369999999999997,0.005872
Cu10,23.43,0.004855333333333333
Cu10,23.490000000000002,0.0038063333333333334
Cu10,23.549999999999997,0.003034666666666667
Cu10,23.61,0.00238
Cu10,23.67,0.001847
Cu10,23.729999999999997,0.001409
Cu10,23.79,0.0010556666666666666
Cu10,23.85,0.000788
Cu10,23.909999999999997,0.0006053333333333334
Cu10,23.97,0.0004296666666666667
Cu10,24.03,0.00031833333333333334
Cu10,24.089999999999996,0.00022566666666666666
Cu10,24.15,0.00015766666666666666
Cu10,24.21,0.00010966666666666667
Cu10,24.27,7.5e-05
Cu10,24.33,5.433333333333333e-05
Cu10,24.39,3.1333333333333334e-05
Cu10,24.45,1.8e-05
Cu10,24.509999999999998,1.7e-05
Cu10,24.57,9e-06
Cu10,24.63,8.666666666666666e-06
Cu10,24.689999999999998,7e-06
Cu10,24.75,1.3333333333333334e-06
Cu10,24.81,4e-06
Cu10,24.869999999999997,1.3333333333333334e-06
Cu10,24.93,1e-06
Cu10,24.990000000000002,1e-06
Cu10,25.049999999999997,1e-06
Cu10,25.11,3.3333333333333335e-07
Al_degrader_E6_E5,16.11,7.692307692307692e-08
Al_degrader_E6_E5,16.17,0.0
Al_degrader_E6_E5,16.229999999999997,7.692307692307692e-08
Al_degrader_E6_E5,16.29,3.8461538461538463e-07
Al_degrader_E6_E5,16.35,1.5384615384615385e-07
Al_degrader_E6_E5,16.409999999999997,6.923076923076923e-07
Al_degrader_E6_E5,16.47,6.923076923076923e-07
Al_degrader_E6_E5,16.53,1e-06
Al_degrader_E6_E5,16.59,1.7692307692307693e-06
Al_degrader_E6_E5,16.65,1.7692307692307693e-06
Al_degrader_E6_E5,16.71,2.923076923076923e-06
Al_degrader_E6_E5,16.77,3.230769230769231e-06
Al_degrader_E6_E5,16.83,6.076923076923077e-06
Al_degrader_E6_E5,16.89,6.7692307692307695e-06
Al_degrader_E6_E5,16.95,1.0538461538461539e-05
Al_degrader_E6_E5,17.009999999999998,1.607692307692308e-05
Al_degrader_E6_E5,17.07,1.8615384615384616e-05
Al_degrader_E6_E5,17.13,2.676923076923077e-05
Al_degrader_E6_E5,17.189999999999998,3.8307692307692305e-05
Al_degrader_E6_E5,17.25,4.892307692307692e-05
Al_degrader_E6_E5,17.310000000000002,6.669230769230769e-05
Al_degrader_E6_E5,17.369999999999997,8.361538461538462e-05
Al_degrader_E6_E5,17.43,0.00010915384615384616
Al_degrader_E6_E5,17.490000000000002,0.00013953846153846153
Al_degrader_E6_E5,17.549999999999997,0.00018515384615384615
Al_degrader_E6_E5,17.61,0.0002313846153846154
Al_degrader_E6_E5,17.67,0.000293
Al_degrader_E6_E5,17.729999999999997,0.0003633846153846154
Al_degrader_E6_E5,17.79,0.0004597692307692308
Al_degrader_E6_E5,17.85,0.0005628461538461539
Al_degrader_E6_E5,17.909999999999997,0.0006944615384615384
Al_degrader_E6_E5,17.97,0.0008438461538461539
Al_degrader_E6_E5,18.03,0.0010152307692307691
Al_degrader_E6_E5,18.09,0.001220923076923077
Al_degrader_E6_E5,18.15,0.001460153846153846
Al_degrader_E6_E5,18.21,0.001738153846153846
Al_degrader_E6_E5,18.27,0.002030076923076923
Al_degrader_E6_E5,18.33,0.002374846153846154
Al_degrader_E6_E5,18.39,0.0027586923076923075
Al_degrader_E6_E5,18.45,0.003202
Al_degrader_E6_E5,18.509999999999998,0.0036126153846153847
Al_degrader_E6_E5,18.57,0.004147692307692308
Al_degrader_E6_E5,18.63,0.004665076923076923
Al_degrader_E6_E5,18.689999999999998,0.005256538461538462
Al_degrader_E6_E5,18.75,0.0058413846153846155
Al_degrader_E6_E5,18.81,0.006494692307692308
Al_degrader_E6_E5,18.869999999999997,0.007125846153846154
Al_degrader_E6_E5,18.93,0.00783523076923077
Al_degrader_E6_E5,18.990000000000002,0.008477615384615384
Al_degrader_E6_E5,19.049999999999997,0.009211461538461538
Al_degrader_E6_E5,19.11,0.00989623076923077
Al_degrader_E6_E5,19.17,0.010625615384615384
Al_degrader_E6_E5,19.229999999999997,0.011292153846153846
Al_degrader_E6_E5,19.29,0.011992461538461539
Al_degrader_E6_E5,19.35,0.01267623076923077
Al_degrader_E6_E5,19.409999999999997,0.013251538461538462
Al_degrader_E6_E5,19.47,0.013866692307692307
Al_degrader_E6_E5,19.53,0.01445423076923077
Al_degrader_E6_E5,19.59,0.01498653846153846
Al_degrader_E6_E5,19.65,0.015466692307692308
Al_degrader_E6_E5,19.71,0.015917846153846154
Al_degrader_E6_E5,19.77,0.016391923076923078
Al_degrader_E6_E5,19.83,0.016749076923076922
Al_degrader_E6_E5,19.89,0.01707146153846154
Al_degrader_E6_E5,19.95,0.017382461538461538
Al_degrader_E6_E5,20.009999999999998,0.01768846153846154
Al_degrader_E6_E5,20.07,0.017943923076923076
Al_degrader_E6_E5,20.13,0.018117307692307693
Al_degrader_E6_E5,20.189999999999998,0.018308
Al_degrader_E6_E5,20.25,0.018489076923076924
Al_degrader_E6_E5,20.31,0.018677076923076925
Al_degrader_E6_E5,20.369999999999997,0.018726615384615383
Al_degrader_E6_E5,20.43,0.018853692307692307
Al_degrader_E6_E5,20.490000000000002,0.018960076923076923
Al_degrader_E6_E5,20.549999999999997,0.01907953846153846
Al_degrader_E6_E5,20.61,0.019059846153846153
Al_degrader_E6_E5,20.67,0.019121384615384616
Al_degrader_E6_E5,20.729999999999997,0.019182461538461537
Al_degrader_E6_E5,20.79,0.019234538461538463
Al_degrader_E6_E5,20.85,0.019171
Al_degrader_E6_E5,20.909999999999997,0.019172615384615385
Al_degrader_E6_E5,20.97,0.019154923076923076
Al_degrader_E6_E5,21.03,0.019128615384615386
Al_degrader_E6_E5,21.089999999999996,0.018994615384615384
Al_degrader_E6_E5,21.15,0.01886176923076923
Al_degrader_E6_E5,21.21,0.01878146153846154
Al_degrader_E6_E5,21.27,0.018568461538461537
Al_degrader_E6_E5,21.33,0.018343461538461538
Al_degrader_E6_E5,21.39,0.018025846153846153
Al_degrader_E6_E5,21.45,0.017759923076923076
Al_degrader_E6_E5,21.509999999999998,0.01737746153846154
Al_degrader_E6_E5,21.57,0.016917615384615385
Al_degrader_E6_E5,21.63,0.016399076923076922
Al_degrader_E6_E5,21.689999999999998,0.015933153846153847
Al_degrader_E6_E5,21.75,0.01531476923076923
Al_degrader_E6_E5,21.81,0.014629461538461539
Al_degrader_E6_E5,21.869999999999997,0.01390053846153846
Al_degrader_E6_E5,21.93,0.013252076923076924
Al_degrader_E6_E5,21.990000000000002,0.012419692307692307
Al_degrader_E6_E5,22.049999999999997,0.011585153846153846
Al_degrader_E6_E5,22.11,0.01079923076923077
Al_degrader_E6_E5,22.17,0.009986923076923077
Al_degrader_E6_E5,22.229999999999997,0.009108384615384615
Al_degrader_E6_E5,22.29,0.008229461538461538
Al_degrader_E6_E5,22.35,0.007483384615384616
Al_degrader_E6_E5,22.409999999999997,0.006669076923076923
Al_degrader_E6_E5,22.47,0.005913
Al_degrader_E6_E5,22.53,0.005183615384615385
Al_degrader_E6_E5,22.589999999999996,0.004540923076923077
Al_degrader_E6_E5,22.65,0.003915923076923077
Al_degrader_E6_E5,22.71,0.0033332307692307693
Al_degrader_E6_E5,22.77,0.0028473846153846153
Al_degrader_E6_E5,22.83,0.002388307692307692
Al_degrader_E6_E5,22.89,0.001994769230769231
Al_degrader_E6_E5,22.95,0.0016393076923076923
Al_degrader_E6_E5,23.009999999999998,0.0013285384615384615
Al_degrader_E6_E5,23.07,0.0010872307692307692
Al_degrader_E6_E5,23.13,0.0008601538461538461
Al_degrader_E6_E5,23.189999999999998,0.0006843076923076923
Al_degrader_E6_E5,23.25,0.0005373076923076923
Al_degrader_E6_E5,23.31,0.0004123076923076923
Al_degrader_E6_E5,23.369999999999997,0.00031515384615384614
Al_degrader_E6_E5,23.43,0.00024476923076923075
Al_degrader_E6_E5,23.490000000000002,0.000177
Al_degrader_E6_E5,23.549999999999997,0.00013553846153846154
Al_degrader_E6_E5,23.61,9.7e-05
Al_degrader_E6_E5,23.67,7.492307692307692e-05
Al_degrader_E6_E5,23.729999999999997,5.346153846153846e-05
Al_degrader_E6_E5,23.79,3.569230769230769e-05
Al_degrader_E6_E5,23.85,2.6846153846153848e-05
Al_degrader_E6_E5,23.909999999999997,1.746153846153846e-05
Al_degrader_E6_E5,23.97,1.3846153846153847e-05
Al_degrader_E6_E5,24.03,7.846153846153847e-06
Al_degrader_E6_E5,24.089999999999996,5e-06
Al_degrader_E6_E5,24.15,3.846153846153846e-06
Al_degrader_E6_E5,24.21,2.1538461538461538e-06
Al_degrader_E6_E5,24.27,2.076923076923077e-06
Al_degrader_E6_E5,24.33,1.0769230769230769e-06
Al_degrader_E6_E5,24.39,1e-06
Al_degrader_E6_E5,24.45,5.384615384615384e-07
Al_degrader_E6_E5,24.509999999999998,4.6153846153846156e-07
Al_degrader_E6_E5,24.57,7.692307692307692e-08
Al_degrader_E6_E5,24.63,3.076923076923077e-07
Al_degrader_E6_E5,24.689999999999998,3.076923076923077e-07
Al_degrader_E6_E5,24.75,0.0
Al_degrader_E6_E5,24.81,7.692307692307692e-08
Ni11,15.57,3.3333333333333335e-07
Ni11,15.629999999999999,0.0
Ni11,15.69,0.0
Ni11,15.75,1.3333333333333334e-06
Ni11,15.809999999999999,1.3333333333333334e-06
Ni11,15.87,1.6666666666666667e-06
Ni11,15.93,3e-06
Ni11,15.989999999999998,2.333333333333333e-06
Ni11,16.049999999999997,7.666666666666667e-06
Ni11,16.11,5.333333333333334e-06
Ni11,16.17,1.1e-05
Ni11,16.229999999999997,1.3e-05
Ni11,16.29,1.8333333333333333e-05
Ni11,16.35,2.3333333333333332e-05
Ni11,16.409999999999997,3.766666666666667e-05
Ni11,16.47,5.0333333333333335e-05
Ni11,16.53,7.066666666666667e-05
Ni11,16.59,9.066666666666667e-05
Ni11,16.65,0.000123
Ni11,16.71,0.00017
Ni11,16.77,0.00022533333333333333
Ni11,16.83,0.0002916666666666667
Ni11,16.89,0.00037033333333333335
Ni11,16.95,0.0004973333333333334
Ni11,17.009999999999998,0.0006283333333333333
Ni11,17.07,0.0007963333333333334
Ni11,17.13,0.0009986666666666666
Ni11,17.189999999999998,0.001296
Ni11,17.25,0.0015556666666666666
Ni11,17.310000000000002,0.001988
Ni11,17.369999999999997,0.002366333333333333
Ni11,17.43,0.002971
Ni11,17.490000000000002,0.00351
Ni11,17.549999999999997,0.004253666666666667
Ni11,17.61,0.005037333333333334
Ni11,17.67,0.006024333333333333
Ni11,17.729999999999997,0.007042
Ni11,17.79,0.008228666666666667
Ni11,17.85,0.009529333333333334
Ni11,17.909999999999997,0.010972666666666667
Ni11,17.97,0.012499
Ni11,18.03,0.014026
Ni11,18.09,0.015933333333333334
Ni11,18.15,0.017557
Ni11,18.21,0.019655333333333334
Ni11,18.27,0.02132066666666667
Ni11,18.33,0.023478333333333334
Ni11,18.39,0.025233666666666668
Ni11,18.45,0.027118
Ni11,18.509999999999998,0.028668666666666665
Ni11,18.57,0.030466666666666666
Ni11,18.63,0.031810333333333336
Ni11,18.689999999999998,0.033062
Ni11,18.75,0.034134333333333336
Ni11,18.81,0.034914
Ni11,18.869999999999997,0.03567766666666667
Ni11,18.93,0.035715666666666666
Ni11,18.990000000000002,0.03556366666666667
Ni11,19.049999999999997,0.035369333333333336
Ni11,19.11,0.03485666666666667
Ni11,19.17,0.033978666666666664
Ni11,19.229999999999997,0.032734
Ni11,19.29,0.03161566666666667
Ni11,19.35,0.030047333333333332
Ni11,19.409999999999997,0.028222666666666667
Ni11,19.47,0.026301
Ni11,19.53,0.024632
Ni11,19.59,0.022578
Ni11,19.65,0.020627666666666666
Ni11,19.71,0.018610666666666668
Ni11,19.77,0.016796333333333333
Ni11,19.83,0.014853666666666666
Ni11,19.89,0.013172666666666666
Ni11,19.95,0.011490666666666666
Ni11,20.009999999999998,0.009971666666666667
Ni11,20.07,0.008571333333333334
Ni11,20.13,0.007301
Ni11,20.189999999999998,0.006125
Ni11,20.25,0.005098
Ni11,20.31,0.004332666666666667
Ni11,20.369999999999997,0.003483
Ni11,20.43,0.002862
Ni11,20.490000000000002,0.002322
Ni11,20.549999999999997,0.001831
Ni11,20.61,0.001443
Ni11,20.67,0.001124
Ni11,20.729999999999997,0.0009103333333333333
Ni11,20.79,0.0006696666666666667
Ni11,20.85,0.0005376666666666667
Ni11,20.909999999999997,0.000383
Ni11,20.97,0.00031
Ni11,21.03,0.00021566666666666666
Ni11,21.089999999999996,0.00016333333333333334
Ni11,21.15,0.00012233333333333334
Ni11,21.21,8.533333333333334e-05
Ni11,21.27,6.233333333333334e-05
Ni11,21.33,4.5e-05
Ni11,21.39,2.6666666666666667e-05
Ni11,21.45,1.7e-05
Ni11,21.509999999999998,1.633333333333333e-05
Ni11,21.57,8e-06
Ni11,21.63,8.333333333333334e-06
Ni11,21.689999999999998,6.666666666666667e-06
Ni11,21.75,3.3333333333333333e-06
Ni11,21.81,3.3333333333333333e-06
Ni11,21.869999999999997,1.3333333333333334e-06
Ni11,21.93,1e-06
Ni11,21.990000000000002,1e-06
Ni11,22.049999999999997,6.666666666666667e-07
Ni11,22.11,1.3333333333333334e-06
Ni11,22.17,0.0
Ni11,22.229999999999997,3.3333333333333335e-07
Sn11,15.45,3.3333333333333335e-07
Sn11,15.509999999999998,3.3333333333333335e-07
Sn11,15.57,3.3333333333333335e-07
Sn11,15.629999999999999,2e-06
Sn11,15.69,2.333333333333333e-06
Sn11,15.75,4e-06
Sn11,15.809999999999999,6e-06
Sn11,15.87,7.666666666666667e-06
Sn11,15.93,1.0333333333333333e-05
Sn11,15.989999999999998,1.2333333333333333e-05
Sn11,16.049999999999997,1.9333333333333333e-05
Sn11,16.11,2.2333333333333332e-05
Sn11,16.17,3.1666666666666666e-05
Sn11,16.229999999999997,4.233333333333333e-05
Sn11,16.29,5.9e-05
Sn11,16.35,8.9e-05
Sn11,16.409999999999997,0.00012466666666666667
Sn11,16.47,0.00016733333333333333
Sn11,16.53,0.000223
Sn11,16.59,0.00029066666666666667
Sn11,16.65,0.0003863333333333333
Sn11,16.71,0.0005003333333333333
Sn11,16.77,0.0006396666666666666
Sn11,16.83,0.000822
Sn11,16.89,0.0010256666666666667
Sn11,16.95,0.0013006666666666668
Sn11,17.009999999999998,0.0016396666666666667
Sn11,17.07,0.002036
Sn11,17.13,0.002492
Sn11,17.189999999999998,0.0031026666666666668
Sn11,17.25,0.0037096666666666667
Sn11,17.310000000000002,0.004528666666666667
Sn11,17.369999999999997,0.005390333333333333
Sn11,17.43,0.006384333333333333
Sn11,17.490000000000002,0.007493333333333334
Sn11,17.549999999999997,0.008755333333333334
Sn11,17.61,0.010146666666666667
Sn11,17.67,0.011733
Sn11,17.729999999999997,0.013394
Sn11,17.79,0.015194333333333334
Sn11,17.85,0.017108666666666668
Sn11,17.909999999999997,0.018917
Sn11,17.97,0.020968
Sn11,18.03,0.022857333333333334
Sn11,18.09,0.024974
Sn11,18.15,0.026845
Sn11,18.21,0.028883333333333334
Sn11,18.27,0.030622
Sn11,18.33,0.032203333333333334
Sn11,18.39,0.03353766666666667
Sn11,18.45,0.034569
Sn11,18.509999999999998,0.035527
Sn11,18.57,0.03615666666666666
Sn11,18.63,0.036594666666666664
Sn11,18.689999999999998,0.036623666666666665
Sn11,18.75,0.036518666666666665
Sn11,18.81,0.035973333333333336
Sn11,18.869999999999997,0.034978333333333333
Sn11,18.93,0.033684
Sn11,18.990000000000002,0.032333
Sn11,19.049999999999997,0.030779333333333332
Sn11,19.11,0.029116333333333334
Sn11,19.17,0.027120333333333333
Sn11,19.229999999999997,0.025236333333333333
Sn11,19.29,0.023114
Sn11,19.35,0.021008333333333334
Sn11,19.409999999999997,0.018902333333333333
Sn11,19.47,0.016930333333333332
Sn11,19.53,0.015031333333333334
Sn11,19.59,0.013214333333333333
Sn11,19.65,0.011482666666666667
Sn11,19.71,0.009862
Sn11,19.77,0.008476333333333334
Sn11,19.83,0.007181
Sn11,19.89,0.006088
Sn11,19.95,0.005026666666666666
Sn11,20.009999999999998,0.004164
Sn11,20.07,0.0033916666666666665
Sn11,20.13,0.002703333333333333
Sn11,20.189999999999998,0.0021663333333333335
Sn11,20.25,0.0016963333333333333
Sn11,20.31,0.0013503333333333334
Sn11,20.369999999999997,0.0010463333333333334
Sn11,20.43,0.0008223333333333333
Sn11,20.490000000000002,0.0006243333333333333
Sn11,20.549999999999997,0.00047733333333333335
Sn11,20.61,0.00035966666666666666
Sn11,20.67,0.00027
Sn11,20.729999999999997,0.000206
Sn11,20.79,0.000154
Sn11,20.85,0.00010566666666666667
Sn11,20.909999999999997,6.833333333333333e-05
Sn11,20.97,4.3666666666666666e-05
Sn11,21.03,3.1666666666666666e-05
Sn11,21.089999999999996,2.2666666666666668e-05
Sn11,21.15,1.633333333333333e-05
Sn11,21.21,1.3333333333333333e-05
Sn11,21.27,1.0333333333333333e-05
Sn11,21.33,7.333333333333333e-06
Sn11,21.39,3e-06
Sn11,21.45,2.333333333333333e-06
Sn11,21.509999999999998,1.6666666666666667e-06
Sn11,21.57,2e-06
Sn11,21.63,2.666666666666667e-06
Sn11,21.689999999999998,2.333333333333333e-06
Sn11,21.75,3.3333333333333335e-07
Sn11,21.81,3.3333333333333335e-07
Ta11,15.03,3.3333333333333335e-07
Ta11,15.09,0.0
Ta11,15.149999999999999,0.0
Ta11,15.21,2.333333333333333e-06
Ta11,15.27,3.3333333333333335e-07
Ta11,15.329999999999998,2e-06
Ta11,15.39,3.3333333333333333e-06
Ta11,15.45,5e-06
Ta11,15.509999999999998,6e-06
Ta11,15.57,6.333333333333333e-06
Ta11,15.629999999999999,1.3333333333333333e-05
Ta11,15.69,1.4333333333333334e-05
Ta11,15.75,1.9333333333333333e-05
Ta11,15.809999999999999,2.5666666666666666e-05
Ta11,15.87,4.1e-05
Ta11,15.93,5.066666666666667e-05
Ta11,15.989999999999998,7.533333333333334e-05
Ta11,16.049999999999997,9.233333333333333e-05
Ta11,16.11,0.00012566666666666667
Ta11,16.17,0.000184
Ta11,16.229999999999997,0.000224
Ta11,16.29,0.0003066666666666667
Ta11,16.35,0.00038366666666666665
Ta11,16.409999999999997,0.000499
Ta11,16.47,0.0006546666666666667
Ta11,16.53,0.000802
Ta11,16.59,0.0010153333333333334
Ta11,16.65,0.0012936666666666667
Ta11,16.71,0.0015723333333333334
Ta11,16.77,0.001968
Ta11,16.83,0.0023806666666666668
Ta11,16.89,0.002903666666666667
Ta11,16.95,0.003541
Ta11,17.009999999999998,0.004221666666666667
Ta11,17.07,0.004986
Ta11,17.13,0.005961
Ta11,17.189999999999998,0.006988333333333333
Ta11,17.25,0.008097333333333333
Ta11,17.310000000000002,0.009420666666666667
Ta11,17.369999999999997,0.010755666666666667
Ta11,17.43,0.012305666666666666
Ta11,17.490000000000002,0.013941666666666666
Ta11,17.549999999999997,0.015507666666666666
Ta11,17.61,0.017447333333333332
Ta11,17.67,0.019246
Ta11,17.729999999999997,0.021031666666666667
Ta11,17.79,0.023061666666666668
Ta11,17.85,0.024854666666666667
Ta11,17.909999999999997,0.026657
Ta11,17.97,0.028465333333333332
Ta11,18.03,0.029867333333333333
Ta11,18.09,0.031469
Ta11,18.15,0.032755
Ta11,18.21,0.033661666666666666
Ta11,18.27,0.03464966666666667
Ta11,18.33,0.03519833333333333
Ta11,18.39,0.03544
Ta11,18.45,0.035492666666666665
Ta11,18.509999999999998,0.03514433333333333
Ta11,18.57,0.03472366666666667
Ta11,18.63,0.034003
Ta11,18.689999999999998,0.032705333333333336
Ta11,18.75,0.03167966666666667
Ta11,18.81,0.030166666666666668
Ta11,18.869999999999997,0.02837
Ta11,18.93,0.026653
Ta11,18.990000000000002,0.024888
Ta11,19.049999999999997,0.022913
Ta11,19.11,0.021015333333333334
Ta11,19.17,0.018975666666666665
Ta11,19.229999999999997,0.017167333333333333
Ta11,19.29,0.015275333333333333
Ta11,19.35,0.013428666666666667
Ta11,19.409999999999997,0.011916666666666667
Ta11,19.47,0.010316
Ta11,19.53,0.008843333333333333
Ta11,19.59,0.007694333333333333
Ta11,19.65,0.006422666666666667
Ta11,19.71,0.005404666666666667
Ta11,19.77,0.004565666666666667
Ta11,19.83,0.003704666666666667
Ta11,19.89,0.0030513333333333334
Ta11,19.95,0.0024776666666666666
Ta11,20.009999999999998,0.001985666666666667
Ta11,20.07,0.0015676666666666666
Ta11,20.13,0.0012306666666666666
Ta11,20.189999999999998,0.0009823333333333333
Ta11,20.25,0.0007413333333333333
Ta11,20.31,0.0005843333333333333
Ta11,20.369999999999997,0.00045
Ta11,20.43,0.000345
Ta11,20.490000000000002,0.00024966666666666665
Ta11,20.549999999999997,0.00018533333333333333
Ta11,20.61,0.00013866666666666666
Ta11,20.67,0.00010066666666666667
Ta11,20.729999999999997,7.166666666666667e-05
Ta11,20.79,4.933333333333333e-05
Ta11,20.85,3.4e-05
Ta11,20.909999999999997,2.2666666666666668e-05
Ta11,20.97,1.5e-05
Ta11,21.03,1.4666666666666666e-05
Ta11,21.089999999999996,6.333333333333333e-06
Ta11,21.15,7e-06
Ta11,21.21,5.666666666666667e-06
Ta11,21.27,2.666666666666667e-06
Ta11,21.33,3.3333333333333333e-06
Ta11,21.39,1e-06
Ta11,21.45,1e-06
Ta11,21.509999999999998,1.6666666666666667e-06
Ta11,21.57,6.666666666666667e-07
Ta11,21.63,6.666666666666667e-07
Ta11,21.689999999999998,3.3333333333333335e-07
Cu11,14.55,3.3333333333333335e-07
Cu11,14.61,0.0
Cu11,14.669999999999998,0.0
Cu11,14.73,2e-06
Cu11,14.79,6.666666666666667e-07
Cu11,14.85,2.333333333333333e-06
Cu11,14.91,2.666666666666667e-06
Cu11,14.969999999999999,4.666666666666666e-06
Cu11,15.03,5.666666666666667e-06
Cu11,15.09,6e-06
Cu11,15.149999999999999,1.1e-05
Cu11,15.21,1.4e-05
Cu11,15.27,1.7e-05
Cu11,15.329999999999998,2.2333333333333332e-05
Cu11,15.39,3.433333333333333e-05
Cu11,15.45,4.3333333333333334e-05
Cu11,15.509999999999998,6.933333333333333e-05
Cu11,15.57,7.633333333333334e-05
Cu11,15.629999999999999,0.000118
Cu11,15.69,0.00014433333333333334
Cu11,15.75,0.00020133333333333334
Cu11,15.809999999999999,0.0002553333333333333
Cu11,15.87,0.00033233333333333335
Cu11,15.93,0.000417
Cu11,15.989999999999998,0.000551
Cu11,16.049999999999997,0.0006736666666666667
Cu11,16.11,0.000856
Cu11,16.17,0.0010826666666666667
Cu11,16.229999999999997,0.0013436666666666666
Cu11,16.29,0.0016176666666666666
Cu11,16.35,0.002035
Cu11,16.409999999999997,0.002435
Cu11,16.47,0.0029793333333333334
Cu11,16.53,0.0035446666666666665
Cu11,16.59,0.004212666666666667
Cu11,16.65,0.004998333333333333
Cu11,16.71,0.005909
Cu11,16.77,0.006927
Cu11,16.83,0.00794
Cu11,16.89,0.00921
Cu11,16.95,0.010568
Cu11,17.009999999999998,0.011985666666666667
Cu11,17.07,0.013433666666666667
Cu11,17.13,0.015111666666666667
Cu11,17.189999999999998,0.016801
Cu11,17.25,0.018608
Cu11,17.310000000000002,0.020271333333333332
Cu11,17.369999999999997,0.022266
Cu11,17.43,0.023814
Cu11,17.490000000000002,0.025782
Cu11,17.549999999999997,0.027231666666666668
Cu11,17.61,0.028901
Cu11,17.67,0.030256666666666668
Cu11,17.729999999999997,0.031643333333333336
Cu11,17.79,0.032573333333333336
Cu11,17.85,0.03354
Cu11,17.909999999999997,0.034255
Cu11,17.97,0.03464
Cu11,18.03,0.034696
Cu11,18.09,0.034356
Cu11,18.15,0.034312666666666665
Cu11,18.21,0.03355366666666667
Cu11,18.27,0.03265266666666667
Cu11,18.33,0.031543666666666664
Cu11,18.39,0.030342666666666667
Cu11,18.45,0.028815666666666667
Cu11,18.509999999999998,0.027061333333333333
Cu11,18.57,0.025370333333333335
Cu11,18.63,0.023691
Cu11,18.689999999999998,0.021798
Cu11,18.75,0.019951666666666666
Cu11,18.81,0.018009666666666667
Cu11,18.869999999999997,0.016344666666666667
Cu11,18.93,0.014463
Cu11,18.990000000000002,0.012889333333333333
Cu11,19.049999999999997,0.011315333333333333
Cu11,19.11,0.00983
Cu11,19.17,0.008474
Cu11,19.229999999999997,0.007324666666666667
Cu11,19.29,0.006160666666666667
Cu11,19.35,0.005168333333333333
Cu11,19.409999999999997,0.004422666666666667
Cu11,19.47,0.003587
Cu11,19.53,0.002932
Cu11,19.59,0.002424
Cu11,19.65,0.0019306666666666667
Cu11,19.71,0.0015493333333333333
Cu11,19.77,0.00121
Cu11,19.83,0.0009696666666666666
Cu11,19.89,0.0007463333333333333
Cu11,19.95,0.0005806666666666666
Cu11,20.009999999999998,0.00045233333333333334
Cu11,20.07,0.0003463333333333333
Cu11,20.13,0.00025833333333333334
Cu11,20.189999999999998,0.000191
Cu11,20.25,0.00013666666666666666
Cu11,20.31,0.00010633333333333333
Cu11,20.369999999999997,7.166666666666667e-05
Cu11,20.43,5.7333333333333336e-05
Cu11,20.490000000000002,3.8e-05
Cu11,20.549999999999997,2.1666666666666667e-05
Cu11,20.61,1.5666666666666667e-05
Cu11,20.67,1.4666666666666666e-05
Cu11,20.729999999999997,8.333333333333334e-06
Cu11,20.79,7e-06
Cu11,20.85,6e-06
Cu11,20.909999999999997,4e-06
Cu11,20.97,3.3333333333333333e-06
Cu11,21.03,1.3333333333333334e-06
Cu11,21.089999999999996,1e-06
Cu11,21.15,1.3333333333333334e-06
Cu11,21.21,3.3333333333333335e-07
Cu11,21.27,1.3333333333333334e-06
Cu11,21.33,0.0
Cu11,21.39,3.3333333333333335e-07
Al_degrader_E8_E7,10.23,5.263157894736842e-08
Al_degrader_E8_E7,10.29,0.0
Al_degrader_E8_E7,10.35,0.0
Al_degrader_E8_E7,10.41,0.0
Al_degrader_E8_E7,10.469999999999999,5.263157894736842e-08
Al_degrader_E8_E7,10.53,3.1578947368421055e-07
Al_degrader_E8_E7,10.59,5.263157894736842e-08
Al_degrader_E8_E7,10.649999999999999,2.105263157894737e-07
Al_degrader_E8_E7,10.71,3.1578947368421055e-07
Al_degrader_E8_E7,10.77,6.842105263157895e-07
Al_degrader_E8_E7,10.829999999999998,4.210526315789474e-07
Al_degrader_E8_E7,10.89,6.315789473684211e-07
Al_degrader_E8_E7,10.95,8.947368421052631e-07
Al_degrader_E8_E7,11.01,1.1052631578947369e-06
Al_degrader_E8_E7,11.07,1.6842105263157895e-06
Al_degrader_E8_E7,11.129999999999999,1.7894736842105262e-06
Al_degrader_E8_E7,11.19,2.2105263157894738e-06
Al_degrader_E8_E7,11.25,2.736842105263158e-06
Al_degrader_E8_E7,11.309999999999999,3.5789473684210525e-06
Al_degrader_E8_E7,11.370000000000001,5.263157894736842e-06
Al_degrader_E8_E7,11.43,5.789473684210527e-06
Al_degrader_E8_E7,11.489999999999998,8.631578947368422e-06
Al_degrader_E8_E7,11.55,1.0315789473684211e-05
Al_degrader_E8_E7,11.61,1.2789473684210526e-05
Al_degrader_E8_E7,11.669999999999998,1.6578947368421053e-05
Al_degrader_E8_E7,11.73,2.1157894736842106e-05
Al_degrader_E8_E7,11.79,2.6631578947368422e-05
Al_degrader_E8_E7,11.85,3.205263157894737e-05
Al_degrader_E8_E7,11.91,4.136842105263158e-05
Al_degrader_E8_E7,11.969999999999999,4.847368421052632e-05
Al_degrader_E8_E7,12.03,6.18421052631579e-05
Al_degrader_E8_E7,12.09,7.421052631578948e-05
Al_degrader_E8_E7,12.149999999999999,9.263157894736843e-05
Al_degrader_E8_E7,12.21,0.00010773684210526315
Al_degrader_E8_E7,12.27,0.00013168421052631578
Al_degrader_E8_E7,12.329999999999998,0.00016221052631578946
Al_degrader_E8_E7,12.39,0.00019668421052631578
Al_degrader_E8_E7,12.45,0.0002244736842105263
Al_degrader_E8_E7,12.51,0.00027357894736842103
Al_degrader_E8_E7,12.57,0.00032810526315789476
Al_degrader_E8_E7,12.629999999999999,0.0003841578947368421
Al_degrader_E8_E7,12.69,0.0004531578947368421
Al_degrader_E8_E7,12.75,0.0005287894736842106
Al_degrader_E8_E7,12.809999999999999,0.000616578947368421
Al_degrader_E8_E7,12.870000000000001,0.0007157894736842105
Al_degrader_E8_E7,12.93,0.000832
Al_degrader_E8_E7,12.989999999999998,0.0009638947368421053
Al_degrader_E8_E7,13.05,0.0011
Al_degrader_E8_E7,13.11,0.0012575263157894737
Al_degrader_E8_E7,13.169999999999998,0.001441
Al_degrader_E8_E7,13.23,0.0016303684210526317
Al_degrader_E8_E7,13.29,0.0018538947368421054
Al_degrader_E8_E7,13.35,0.002074684210526316
Al_degrader_E8_E7,13.41,0.0023410526315789473
Al_degrader_E8_E7,13.469999999999999,0.002591421052631579
Al_degrader_E8_E7,13.53,0.002915684210526316
Al_degrader_E8_E7,13.59,0.0031993684210526317
Al_degrader_E8_E7,13.649999999999999,0.0035497894736842106
Al_degrader_E8_E7,13.71,0.003892842105263158
Al_degrader_E8_E7,13.77,0.004289263157894737
Al_degrader_E8_E7,13.829999999999998,0.00466
Al_degrader_E8_E7,13.89,0.005071473684210527
Al_degrader_E8_E7,13.95,0.005500368421052631
Al_degrader_E8_E7,14.009999999999998,0.005932105263157895
Al_degrader_E8_E7,14.07,0.006374421052631579
Al_degrader_E8_E7,14.129999999999999,0.00682478947368421
Al_degrader_E8_E7,14.19,0.00730278947368421
Al_degrader_E8_E7,14.25,0.007749842105263158
Al_degrader_E8_E7,14.309999999999999,0.008218631578947368
Al_degrader_E8_E7,14.37,0.008695368421052632
Al_degrader_E8_E7,14.43,0.009165947368421053
Al_degrader_E8_E7,14.489999999999998,0.009643315789473684
Al_degrader_E8_E7,14.55,0.010072
Al_degrader_E8_E7,14.61,0.010513894736842106
Al_degrader_E8_E7,14.669999999999998,0.010936315789473685
Al_degrader_E8_E7,14.73,0.011348526315789474
Al_degrader_E8_E7,14.79,0.011768842105263157
Al_degrader_E8_E7,14.85,0.012132842105263157
Al_degrader_E8_E7,14.91,0.012521578947368422
Al_degrader_E8_E7,14.969999999999999,0.012849368421052632
Al_degrader_E8_E7,15.03,0.013174631578947368
Al_degrader_E8_E7,15.09,0.013482473684210527
Al_degrader_E8_E7,15.149999999999999,0.013760947368421053
Al_degrader_E8_E7,15.21,0.014044105263157894
Al_degrader_E8_E7,15.27,0.014254842105263158
Al_degrader_E8_E7,15.329999999999998,0.014495315789473684
Al_degrader_E8_E7,15.39,0.014727052631578948
Al_degrader_E8_E7,15.45,0.014894894736842105
Al_degrader_E8_E7,15.509999999999998,0.015103
Al_degrader_E8_E7,15.57,0.015244578947368422
Al_degrader_E8_E7,15.629999999999999,0.015366631578947368
Al_degrader_E8_E7,15.69,0.015521631578947368
Al_degrader_E8_E7,15.75,0.015632684210526316
Al_degrader_E8_E7,15.809999999999999,0.01574242105263158
Al_degrader_E8_E7,15.87,0.015823105263157895
Al_degrader_E8_E7,15.93,0.015938105263157896
Al_degrader_E8_E7,15.989999999999998,0.015986684210526316
Al_degrader_E8_E7,16.049999999999997,0.01605242105263158
Al_degrader_E8_E7,16.11,0.016143052631578947
Al_degrader_E8_E7,16.17,0.016170315789473685
Al_degrader_E8_E7,16.229999999999997,0.016211263157894736
Al_degrader_E8_E7,16.29,0.016253842105263157
Al_degrader_E8_E7,16.35,0.016265315789473683
Al_degrader_E8_E7,16.409999999999997,0.01625578947368421
Al_degrader_E8_E7,16.47,0.016264684210526317
Al_degrader_E8_E7,16.53,0.016259473684210525
Al_degrader_E8_E7,16.59,0.01621215789473684
Al_degrader_E8_E7,16.65,0.016154052631578947
Al_degrader_E8_E7,16.71,0.01609078947368421
Al_degrader_E8_E7,16.77,0.016015684210526317
Al_degrader_E8_E7,16.83,0.015881736842105264
Al_degrader_E8_E7,16.89,0.015754947368421052
Al_degrader_E8_E7,16.95,0.015583631578947368
Al_degrader_E8_E7,17.009999999999998,0.015394684210526316
Al_degrader_E8_E7,17.07,0.015177052631578947
Al_degrader_E8_E7,17.13,0.014884368421052632
Al_degrader_E8_E7,17.189999999999998,0.014607368421052631
Al_degrader_E8_E7,17.25,0.014297894736842105
Al_degrader_E8_E7,17.310000000000002,0.013923473684210525
Al_degrader_E8_E7,17.369999999999997,0.013515894736842105
Al_degrader_E8_E7,17.43,0.013095736842105262
Al_degrader_E8_E7,17.490000000000002,0.012633842105263159
Al_degrader_E8_E7,17.549999999999997,0.012125105263157895
Al_degrader_E8_E7,17.61,0.011606
Al_degrader_E8_E7,17.67,0.011060157894736843
Al_degrader_E8_E7,17.729999999999997,0.010480315789473685
Al_degrader_E8_E7,17.79,0.009912526315789474
Al_degrader_E8_E7,17.85,0.009309052631578947
Al_degrader_E8_E7,17.909999999999997,0.00867121052631579
Al_degrader_E8_E7,17.97,0.008106473684210526
Al_degrader_E8_E7,18.03,0.007466
Al_degrader_E8_E7,18.09,0.00683921052631579
Al_degrader_E8_E7,18.15,0.006297894736842106
Al_degrader_E8_E7,18.21,0.005687631578947369
Al_degrader_E8_E7,18.27,0.005138473684210526
Al_degrader_E8_E7,18.33,0.00464878947368421
Al_degrader_E8_E7,18.39,0.004099526315789474
Al_degrader_E8_E7,18.45,0.003652578947368421
Al_degrader_E8_E7,18.509999999999998,0.0032279473684210525
Al_degrader_E8_E7,18.57,0.002796263157894737
Al_degrader_E8_E7,18.63,0.0024358421052631577
Al_degrader_E8_E7,18.689999999999998,0.0021098947368421053
Al_degrader_E8_E7,18.75,0.0017980526315789474
Al_degrader_E8_E7,18.81,0.001524421052631579
Al_degrader_E8_E7,18.869999999999997,0.0012978421052631578
Al_degrader_E8_E7,18.93,0.001073578947368421
Al_degrader_E8_E7,18.990000000000002,0.0009001578947368421
Al_degrader_E8_E7,19.049999999999997,0.0007426842105263157
Al_degrader_E8_E7,19.11,0.0006056315789473684
Al_degrader_E8_E7,19.17,0.0004883684210526315
Al_degrader_E8_E7,19.229999999999997,0.00039742105263157896
Al_degrader_E8_E7,19.29,0.0003196315789473684
Al_degrader_E8_E7,19.35,0.0002456842105263158
Al_degrader_E8_E7,19.409999999999997,0.0001998421052631579
Al_degrader_E8_E7,19.47,0.00015105263157894736
Al_degrader_E8_E7,19.53,0.00011652631578947369
Al_degrader_E8_E7,19.59,9.378947368421053e-05
Al_degrader_E8_E7,19.65,6.973684210526316e-05
Al_degrader_E8_E7,19.71,5.3210526315789474e-05
Al_degrader_E8_E7,19.77,3.963157894736842e-05
Al_degrader_E8_E7,19.83,2.863157894736842e-05
Al_degrader_E8_E7,19.89,2.2421052631578946e-05
Al_degrader_E8_E7,19.95,1.6263157894736843e-05
Al_degrader_E8_E7,20.009999999999998,1.2052631578947369e-05
Al_degrader_E8_E7,20.07,7.526315789473684e-06
Al_degrader_E8_E7,20.13,5.684210526315789e-06
Al_degrader_E8_E7,20.189999999999998,3.6842105263157896e-06
Al_degrader_E8_E7,20.25,2.5263157894736844e-06
Al_degrader_E8_E7,20.31,2.5263157894736844e-06
Al_degrader_E8_E7,20.369999999999997,1.3157894736842106e-06
Al_degrader_E8_E7,20.43,1.1052631578947369e-06
Al_degrader_E8_E7,20.490000000000002,1.1052631578947369e-06
Al_degrader_E8_E7,20.549999999999997,3.1578947368421055e-07
Al_degrader_E8_E7,20.61,5.263157894736842e-07
Al_degrader_E8_E7,20.67,2.105263157894737e-07
Al_degrader_E8_E7,20.729999999999997,2.105263157894737e-07
Al_degrader_E8_E7,20.79,2.105263157894737e-07
Al_degrader_E8_E7,20.85,1.0526315789473685e-07
Al_degrader_E8_E7,20.909999999999997,1.5789473684210527e-07
Al_degrader_E8_E7,20.97,5.263157894736842e-08
Ni12,9.51,2.5e-07
Ni12,9.57,0.0
Ni12,9.629999999999999,0.0
Ni12,9.69,0.0
Ni12,9.75,5e-07
Ni12,9.809999999999999,1.25e-06
Ni12,9.870000000000001,2.5e-07
Ni12,9.93,7.5e-07
Ni12,9.989999999999998,1.5e-06
Ni12,10.05,3.25e-06
Ni12,10.11,1.25e-06
Ni12,10.169999999999998,3.25e-06
Ni12,10.23,4e-06
Ni12,10.29,5.75e-06
Ni12,10.35,4.75e-06
Ni12,10.41,9.5e-06
Ni12,10.469999999999999,8.75e-06
Ni12,10.53,1.325e-05
Ni12,10.59,1.5e-05
Ni12,10.649999999999999,1.9e-05
Ni12,10.71,2.65e-05
Ni12,10.77,2.75e-05
Ni12,10.829999999999998,4.8e-05
Ni12,10.89,4.825e-05
Ni12,10.95,6.125e-05
Ni12,11.01,8.275e-05
Ni12,11.07,0.0001
Ni12,11.129999999999999,0.00012525
Ni12,11.19,0.00015175
Ni12,11.25,0.0001875
Ni12,11.309999999999999,0.000229
Ni12,11.370000000000001,0.00027675
Ni12,11.43,0.000343
Ni12,11.489999999999998,0.000423
Ni12,11.55,0.00049075
Ni12,11.61,0.0005785
Ni12,11.669999999999998,0.00071075
Ni12,11.73,0.00085725
Ni12,11.79,0.0009905
Ni12,11.85,0.001159
Ni12,11.91,0.00142925
Ni12,11.969999999999999,0.00162475
Ni12,12.03,0.001882
Ni12,12.09,0.00223675
Ni12,12.149999999999999,0.00259275
Ni12,12.21,0.0029245
Ni12,12.27,0.00338625
Ni12,12.329999999999998,0.0039555
Ni12,12.39,0.0044245
Ni12,12.45,0.0050335
Ni12,12.51,0.00573425
Ni12,12.57,0.00644475
Ni12,12.629999999999999,0.007188
Ni12,12.69,0.00810125
Ni12,12.75,0.008959
Ni12,12.809999999999999,0.0099505
Ni12,12.870000000000001,0.01089225
Ni12,12.93,0.01199725
Ni12,12.989999999999998,0.013106
Ni12,13.05,0.0141875
Ni12,13.11,0.01544025
Ni12,13.169999999999998,0.01662325
Ni12,13.23,0.01779475
Ni12,13.29,0.01897925
Ni12,13.35,0.02028175
Ni12,13.41,0.02132925
Ni12,13.469999999999999,0.0224145
Ni12,13.53,0.02353225
Ni12,13.59,0.02439225
Ni12,13.649999999999999,0.0254775
Ni12,13.71,0.02620575
Ni12,13.77,0.0269175
Ni12,13.829999999999998,0.027594
Ni12,13.89,0.02800025
Ni12,13.95,0.02837425
Ni12,14.009999999999998,0.02858875
Ni12,14.07,0.02850225
Ni12,14.129999999999999,0.0284395
Ni12,14.19,0.02825475
Ni12,14.25,0.02786775
Ni12,14.309999999999999,0.02723375
Ni12,14.37,0.02676425
Ni12,14.43,0.025806
Ni12,14.489999999999998,0.02495
Ni12,14.55,0.0240995
Ni12,14.61,0.02282175
Ni12,14.669999999999998,0.02158525
Ni12,14.73,0.02059925
Ni12,14.79,0.01924775
Ni12,14.85,0.0179405
Ni12,14.91,0.0168215
Ni12,14.969999999999999,0.0153485
Ni12,15.03,0.01415125
Ni12,15.09,0.01298875
Ni12,15.149999999999999,0.01168525
Ni12,15.21,0.010582
Ni12,15.27,0.0094735
Ni12,15.329999999999998,0.008449
Ni12,15.39,0.007545
Ni12,15.45,0.00661775
Ni12,15.509999999999998,0.0057635
Ni12,15.57,0.005041
Ni12,15.629999999999999,0.004336
Ni12,15.69,0.0037565
Ni12,15.75,0.00321625
Ni12,15.809999999999999,0.00266975
Ni12,15.87,0.00230675
Ni12,15.93,0.00191
Ni12,15.989999999999998,0.00155725
Ni12,16.049999999999997,0.001348
Ni12,16.11,0.001052
Ni12,16.17,0.0008695
Ni12,16.229999999999997,0.00072775
Ni12,16.29,0.00056975
Ni12,16.35,0.00045375
Ni12,16.409999999999997,0.00037525
Ni12,16.47,0.000301
Ni12,16.53,0.000226
Ni12,16.59,0.00017775
Ni12,16.65,0.0001395
Ni12,16.71,0.00010525
Ni12,16.77,8.3e-05
Ni12,16.83,5.9e-05
Ni12,16.89,4.775e-05
Ni12,16.95,3.2e-05
Ni12,17.009999999999998,2.4e-05
Ni12,17.07,1.75e-05
Ni12,17.13,1.225e-05
Ni12,17.189999999999998,8.5e-06
Ni12,17.25,9.75e-06
Ni12,17.310000000000002,4.75e-06
Ni12,17.369999999999997,5.25e-06
Ni12,17.43,4.75e-06
Ni12,17.490000000000002,1.25e-06
Ni12,17.549999999999997,2e-06
Ni12,17.61,1.75e-06
Ni12,17.67,5e-07
Ni12,17.729999999999997,1e-06
Ni12,17.79,7.5e-07
Ni12,17.85,7.5e-07
Ni12,17.909999999999997,5e-07
Ni12,17.97,2.5e-07
Sn12,9.329999999999998,3.3333333333333335e-07
Sn12,9.39,0.0
Sn12,9.45,3.3333333333333335e-07
Sn12,9.51,3.3333333333333335e-07
Sn12,9.57,3.3333333333333335e-07
Sn12,9.629999999999999,1.6666666666666667e-06
Sn12,9.69,2.333333333333333e-06
Sn12,9.75,2e-06
Sn12,9.809999999999999,3.3333333333333333e-06
Sn12,9.870000000000001,4.666666666666666e-06
Sn12,9.93,4.333333333333333e-06
Sn12,9.989999999999998,6.666666666666667e-06
Sn12,10.05,8.333333333333334e-06
Sn12,10.11,9.333333333333333e-06
Sn12,10.169999999999998,1.1333333333333334e-05
Sn12,10.23,1.4666666666666666e-05
Sn12,10.29,1.7e-05
Sn12,10.35,2.0666666666666666e-05
Sn12,10.41,2.9e-05
Sn12,10.469999999999999,3e-05
Sn12,10.53,4.5333333333333335e-05
Sn12,10.59,5.266666666666667e-05
Sn12,10.649999999999999,7.566666666666667e-05
Sn12,10.71,9.233333333333333e-05
Sn12,10.77,0.00011033333333333334
Sn12,10.829999999999998,0.00015066666666666668
Sn12,10.89,0.000173
Sn12,10.95,0.000209
Sn12,11.01,0.00027
Sn12,11.07,0.00031766666666666667
Sn12,11.129999999999999,0.000393
Sn12,11.19,0.0004623333333333333
Sn12,11.25,0.0005553333333333334
Sn12,11.309999999999999,0.0006653333333333333
Sn12,11.370000000000001,0.000795
Sn12,11.43,0.0009416666666666667
Sn12,11.489999999999998,0.0011243333333333333
Sn12,11.55,0.0013176666666666666
Sn12,11.61,0.0015663333333333334
Sn12,11.669999999999998,0.00182
Sn12,11.73,0.00214
Sn12,11.79,0.002464
Sn12,11.85,0.0028543333333333333
Sn12,11.91,0.0033363333333333335
Sn12,11.969999999999999,0.003783
Sn12,12.03,0.004356
Sn12,12.09,0.004928666666666666
Sn12,12.149999999999999,0.005546
Sn12,12.21,0.006283
Sn12,12.27,0.007101666666666667
Sn12,12.329999999999998,0.007939333333333333
Sn12,12.39,0.008849666666666667
Sn12,12.45,0.009842333333333333
Sn12,12.51,0.010850666666666666
Sn12,12.57,0.011948666666666666
Sn12,12.629999999999999,0.013088
Sn12,12.69,0.014213666666666666
Sn12,12.75,0.015366666666666667
Sn12,12.809999999999999,0.016617666666666666
Sn12,12.870000000000001,0.017776333333333335
Sn12,12.93,0.019046
Sn12,12.989999999999998,0.020233666666666667
Sn12,13.05,0.021467666666666666
Sn12,13.11,0.022672333333333333
Sn12,13.169999999999998,0.02375
Sn12,13.23,0.024796
Sn12,13.29,0.025628
Sn12,13.35,0.026514666666666666
Sn12,13.41,0.027159
Sn12,13.469999999999999,0.027714666666666665
Sn12,13.53,0.028146666666666667
Sn12,13.59,0.028634333333333335
Sn12,13.649999999999999,0.028861666666666667
Sn12,13.71,0.028877333333333335
Sn12,13.77,0.028961
Sn12,13.829999999999998,0.028727
Sn12,13.89,0.028171333333333333
Sn12,13.95,0.027552
Sn12,14.009999999999998,0.026793333333333332
Sn12,14.07,0.026042333333333334
Sn12,14.129999999999999,0.025051
Sn12,14.19,0.024094666666666667
Sn12,14.25,0.023014666666666666
Sn12,14.309999999999999,0.021733333333333334
Sn12,14.37,0.020601
Sn12,14.43,0.019229666666666666
Sn12,14.489999999999998,0.018049
Sn12,14.55,0.016671333333333333
Sn12,14.61,0.015289
Sn12,14.669999999999998,0.013984333333333333
Sn12,14.73,0.012778333333333333
Sn12,14.79,0.011605666666666667
Sn12,14.85,0.010501333333333333
Sn12,14.91,0.009334333333333333
Sn12,14.969999999999999,0.008217
Sn12,15.03,0.007352666666666667
Sn12,15.09,0.006448
Sn12,15.149999999999999,0.005628
Sn12,15.21,0.004927
Sn12,15.27,0.004239333333333334
Sn12,15.329999999999998,0.003584
Sn12,15.39,0.0030876666666666665
Sn12,15.45,0.0026056666666666667
Sn12,15.509999999999998,0.0021706666666666667
Sn12,15.57,0.0018036666666666667
Sn12,15.629999999999999,0.0014746666666666667
Sn12,15.69,0.0012253333333333333
Sn12,15.75,0.001002
Sn12,15.809999999999999,0.000818
Sn12,15.87,0.0006786666666666667
Sn12,15.93,0.000536
Sn12,15.989999999999998,0.000436
Sn12,16.049999999999997,0.00033966666666666666
Sn12,16.11,0.00025966666666666667
Sn12,16.17,0.00020766666666666665
Sn12,16.229999999999997,0.00017933333333333335
Sn12,16.29,0.00013366666666666667
Sn12,16.35,9.8e-05
Sn12,16.409999999999997,7.3e-05
Sn12,16.47,4.9e-05
Sn12,16.53,3.5333333333333336e-05
Sn12,16.59,2.5666666666666666e-05
Sn12,16.65,1.8e-05
Sn12,16.71,1.5666666666666667e-05
Sn12,16.77,1.4e-05
Sn12,16.83,1.1e-05
Sn12,16.89,7.666666666666667e-06
Sn12,16.95,6e-06
Sn12,17.009999999999998,3.3333333333333333e-06
Sn12,17.07,2e-06
Sn12,17.13,1.6666666666666667e-06
Sn12,17.189999999999998,1e-06
Sn12,17.25,2e-06
Sn12,17.310000000000002,2.333333333333333e-06
Sn12,17.369999999999997,1.6666666666666667e-06
Sn12,17.43,1e-06
Sn12,17.490000000000002,3.3333333333333335e-07
Ta12,8.73,2.5e-07
Ta12,8.79,0.0
Ta12,8.85,0.0
Ta12,8.91,2.5e-07
Ta12,8.969999999999999,2.5e-07
Ta12,9.030000000000001,1.25e-06
Ta12,9.09,2.5e-07
Ta12,9.149999999999999,1e-06
Ta12,9.21,2.5e-06
Ta12,9.27,2.25e-06
Ta12,9.329999999999998,1.25e-06
Ta12,9.39,5.25e-06
Ta12,9.45,4.75e-06
Ta12,9.51,3.25e-06
Ta12,9.57,6e-06
Ta12,9.629999999999999,1e-05
Ta12,9.69,9.25e-06
Ta12,9.75,1.125e-05
Ta12,9.809999999999999,1.55e-05
Ta12,9.870000000000001,1.725e-05
Ta12,9.93,2.325e-05
Ta12,9.989999999999998,2.825e-05
Ta12,10.05,3.825e-05
Ta12,10.11,4.8e-05
Ta12,10.169999999999998,5.575e-05
Ta12,10.23,7.2e-05
Ta12,10.29,9.15e-05
Ta12,10.35,0.00010875
Ta12,10.41,0.00013125
Ta12,10.469999999999999,0.0001715
Ta12,10.53,0.0002025
Ta12,10.59,0.00024175
Ta12,10.649999999999999,0.000302
Ta12,10.71,0.00034825
Ta12,10.77,0.00043175
Ta12,10.829999999999998,0.00050525
Ta12,10.89,0.00059975
Ta12,10.95,0.00072375
Ta12,11.01,0.000849
Ta12,11.07,0.0010035
Ta12,11.129999999999999,0.00117175
Ta12,11.19,0.0013715
Ta12,11.25,0.001611
Ta12,11.309999999999999,0.00185375
Ta12,11.370000000000001,0.002159
Ta12,11.43,0.00252125
Ta12,11.489999999999998,0.002841
Ta12,11.55,0.00328775
Ta12,11.61,0.00375925
Ta12,11.669999999999998,0.004238
Ta12,11.73,0.00481175
Ta12,11.79,0.0054295
Ta12,11.85,0.006141
Ta12,11.91,0.00682125
Ta12,11.969999999999999,0.007632
Ta12,12.03,0.00847125
Ta12,12.09,0.009329
Ta12,12.149999999999999,0.0103235
Ta12,12.21,0.0112575
Ta12,12.27,0.012344
Ta12,12.329999999999998,0.0134405
Ta12,12.39,0.0144175
Ta12,12.45,0.01571625
Ta12,12.51,0.0167015
Ta12,12.57,0.01788975
Ta12,12.629999999999999,0.01918075
Ta12,12.69,0.0200755
Ta12,12.75,0.0212735
Ta12,12.809999999999999,0.02235525
Ta12,12.870000000000001,0.0232395
Ta12,12.93,0.0242495
Ta12,12.989999999999998,0.02503075
Ta12,13.05,0.02582525
Ta12,13.11,0.02644525
Ta12,13.169999999999998,0.02703925
Ta12,13.23,0.02735275
Ta12,13.29,0.027763
Ta12,13.35,0.02792025
Ta12,13.41,0.02793825
Ta12,13.469999999999999,0.02786225
Ta12,13.53,0.027512
Ta12,13.59,0.0272805
Ta12,13.649999999999999,0.026675
Ta12,13.71,0.02596225
Ta12,13.77,0.02543125
Ta12,13.829999999999998,0.02433625
Ta12,13.89,0.02349925
Ta12,13.95,0.02249475
Ta12,14.009999999999998,0.021199
Ta12,14.07,0.020298
Ta12,14.129999999999999,0.018921
Ta12,14.19,0.01779575
Ta12,14.25,0.01666825
Ta12,14.309999999999999,0.01523025
Ta12,14.37,0.0141235
Ta12,14.43,0.01289875
Ta12,14.489999999999998,0.011786
Ta12,14.55,0.010648
Ta12,14.61,0.009589
Ta12,14.669999999999998,0.0085865
Ta12,14.73,0.00760675
Ta12,14.79,0.00679325
Ta12,14.85,0.0059525
Ta12,14.91,0.00521025
Ta12,14.969999999999999,0.00454475
Ta12,15.03,0.00388975
Ta12,15.09,0.00339375
Ta12,15.149999999999999,0.00287275
Ta12,15.21,0.002413
Ta12,15.27,0.002066
Ta12,15.329999999999998,0.00169975
Ta12,15.39,0.001423
Ta12,15.45,0.00119125
Ta12,15.509999999999998,0.00095575
Ta12,15.57,0.000804
Ta12,15.629999999999999,0.00063075
Ta12,15.69,0.00051475
Ta12,15.75,0.000438
Ta12,15.809999999999999,0.00032775
Ta12,15.87,0.000281
Ta12,15.93,0.00020775
Ta12,15.989999999999998,0.0001715
Ta12,16.049999999999997,0.00012175
Ta12,16.11,9.8e-05
Ta12,16.17,7.725e-05
Ta12,16.229999999999997,5.55e-05
Ta12,16.29,4.3e-05
Ta12,16.35,2.825e-05
Ta12,16.409999999999997,2.375e-05
Ta12,16.47,1.55e-05
Ta12,16.53,1.3e-05
Ta12,16.59,1e-05
Ta12,16.65,7e-06
Ta12,16.71,5.75e-06
Ta12,16.77,4.75e-06
Ta12,16.83,3.75e-06
Ta12,16.89,2.5e-06
Ta12,16.95,1.75e-06
Ta12,17.009999999999998,2.25e-06
Ta12,17.07,0.0
Ta12,17.13,1.75e-06
Ta12,17.189999999999998,5e-07
Ta12,17.25,7.5e-07
Ta12,17.310000000000002,5e-07
Ta12,17.369999999999997,2.5e-07
Cu12,7.949999999999999,2e-07
Cu12,8.01,0.0
Cu12,8.07,0.0
Cu12,8.129999999999999,0.0
Cu12,8.19,2e-07
Cu12,8.25,2e-07
Cu12,8.309999999999999,1e-06
Cu12,8.370000000000001,4e-07
Cu12,8.43,8e-07
Cu12,8.489999999999998,1.8e-06
Cu12,8.55,1.8e-06
Cu12,8.61,1.4e-06
Cu12,8.67,3.2e-06
Cu12,8.73,3.8e-06
Cu12,8.79,2.8e-06
Cu12,8.85,5.6e-06
Cu12,8.91,6.4e-06
Cu12,8.969999999999999,7e-06
Cu12,9.030000000000001,9.6e-06
Cu12,9.09,1.12e-05
Cu12,9.149999999999999,1.4e-05
Cu12,9.21,1.54e-05
Cu12,9.27,2.14e-05
Cu12,9.329999999999998,2.6e-05
Cu12,9.39,3.18e-05
Cu12,9.45,4.26e-05
Cu12,9.51,4.78e-05
Cu12,9.57,6.02e-05
Cu12,9.629999999999999,8e-05
Cu12,9.69,8.88e-05
Cu12,9.75,0.0001136
Cu12,9.809999999999999,0.0001396
Cu12,9.870000000000001,0.000162
Cu12,9.93,0.0002094
Cu12,9.989999999999998,0.000234
Cu12,10.05,0.0002898
Cu12,10.11,0.000349
Cu12,10.169999999999998,0.0004074
Cu12,10.23,0.000486
Cu12,10.29,0.000573
Cu12,10.35,0.000675
Cu12,10.41,0.000799
Cu12,10.469999999999999,0.0009324
Cu12,10.53,0.0010786
Cu12,10.59,0.0012752
Cu12,10.649999999999999,0.0014784
Cu12,10.71,0.0016728
Cu12,10.77,0.0019816
Cu12,10.829999999999998,0.0022618
Cu12,10.89,0.0025818
Cu12,10.95,0.002963
Cu12,11.01,0.0033278
Cu12,11.07,0.0038398
Cu12,11.129999999999999,0.004269
Cu12,11.19,0.0048226
Cu12,11.25,0.0054654
Cu12,11.309999999999999,0.0060286
Cu12,11.370000000000001,0.0067848
Cu12,11.43,0.007507
Cu12,11.489999999999998,0.0082808
Cu12,11.55,0.009165
Cu12,11.61,0.0099724
Cu12,11.669999999999998,0.0109348
Cu12,11.73,0.0119826
Cu12,11.79,0.0128468
Cu12,11.85,0.01398
Cu12,11.91,0.015025
Cu12,11.969999999999999,0.0159742
Cu12,12.03,0.0172722
Cu12,12.09,0.0180984
Cu12,12.149999999999999,0.019376
Cu12,12.21,0.0202512
Cu12,12.27,0.0213116
Cu12,12.329999999999998,0.022232
Cu12,12.39,0.0230688
Cu12,12.45,0.024003
Cu12,12.51,0.0246706
Cu12,12.57,0.0253668
Cu12,12.629999999999999,0.0259592
Cu12,12.69,0.0263568
Cu12,12.75,0.0268018
Cu12,12.809999999999999,0.0269676
Cu12,12.870000000000001,0.0271302
Cu12,12.93,0.0269984
Cu12,12.989999999999998,0.0269172
Cu12,13.05,0.0267114
Cu12,13.11,0.0262154
Cu12,13.169999999999998,0.0257768
Cu12,13.23,0.025142
Cu12,13.29,0.0244442
Cu12,13.35,0.0235888
Cu12,13.41,0.0227074
Cu12,13.469999999999999,0.0216674
Cu12,13.53,0.0206436
Cu12,13.59,0.0195502
Cu12,13.649999999999999,0.018498
Cu12,13.71,0.017279
Cu12,13.77,0.0161146
Cu12,13.829999999999998,0.0150106
Cu12,13.89,0.0137974
Cu12,13.95,0.0127616
Cu12,14.009999999999998,0.0115482
Cu12,14.07,0.0105568
Cu12,14.129999999999999,0.0095266
Cu12,14.19,0.0085772
Cu12,14.25,0.0076802
Cu12,14.309999999999999,0.006794
Cu12,14.37,0.0060324
Cu12,14.43,0.0052954
Cu12,14.489999999999998,0.00464
Cu12,14.55,0.00401
Cu12,14.61,0.0034968
Cu12,14.669999999999998,0.002989
Cu12,14.73,0.0025546
Cu12,14.79,0.0021466
Cu12,14.85,0.0018508
Cu12,14.91,0.001504
Cu12,14.969999999999999,0.0012982
Cu12,15.03,0.0010354
Cu12,15.09,0.0008854
Cu12,15.149999999999999,0.000696
Cu12,15.21,0.0005986
Cu12,15.27,0.0004546
Cu12,15.329999999999998,0.0004002
Cu12,15.39,0.0002998
Cu12,15.45,0.0002502
Cu12,15.509999999999998,0.0001922
Cu12,15.57,0.0001508
Cu12,15.629999999999999,0.000117
Cu12,15.69,9.06e-05
Cu12,15.75,7.32e-05
Cu12,15.809999999999999,5.14e-05
Cu12,15.87,4.02e-05
Cu12,15.93,2.86e-05
Cu12,15.989999999999998,2.1e-05
Cu12,16.049999999999997,1.46e-05
Cu12,16.11,1.3e-05
Cu12,16.17,9.2e-06
Cu12,16.229999999999997,7.4e-06
Cu12,16.29,6.4e-06
Cu12,16.35,3.6e-06
Cu12,16.409999999999997,4.4e-06
Cu12,16.47,1.6e-06
Cu12,16.53,2.8e-06
Cu12,16.59,6e-07
Cu12,16.65,1.8e-06
Cu12,16.71,2e-07
Cu12,16.77,1.6e-06
Cu12,16.83,2e-07
Cu12,16.89,8e-07
Cu12,16.95,0.0
Cu12,17.009999999999998,2e-07
Al_degrader_E9,4.29,5.882352941176471e-08
Al_degrader_E9,4.35,0.0
Al_degrader_E9,4.41,0.0
Al_degrader_E9,4.47,0.0
Al_degrader_E9,4.529999999999999,0.0
Al_degrader_E9,4.59,5.882352941176471e-08
Al_degrader_E9,4.65,0.0
Al_degrader_E9,4.71,5.882352941176471e-08
Al_degrader_E9,4.77,1.764705882352941e-07
Al_degrader_E9,4.83,1.1764705882352942e-07
Al_degrader_E9,4.89,1.1764705882352942e-07
Al_degrader_E9,4.949999999999999,0.0
Al_degrader_E9,5.01,1.764705882352941e-07
Al_degrader_E9,5.07,5.294117647058824e-07
Al_degrader_E9,5.13,1.764705882352941e-07
Al_degrader_E9,5.1899999999999995,4.1176470588235295e-07
Al_degrader_E9,5.25,2.3529411764705883e-07
Al_degrader_E9,5.31,6.470588235294117e-07
Al_degrader_E9,5.369999999999999,5.88235294117647e-07
Al_degrader_E9,5.43,5.88235294117647e-07
Al_degrader_E9,5.49,8.235294117647059e-07
Al_degrader_E9,5.55,8.823529411764706e-07
Al_degrader_E9,5.609999999999999,9.411764705882353e-07
Al_degrader_E9,5.67,1.2941176470588235e-06
Al_degrader_E9,5.73,1.5294117647058823e-06
Al_degrader_E9,5.789999999999999,1.7647058823529412e-06
Al_degrader_E9,5.85,1.9411764705882353e-06
Al_degrader_E9,5.91,1.9411764705882353e-06
Al_degrader_E9,5.97,2.823529411764706e-06
Al_degrader_E9,6.029999999999999,3.235294117647059e-06
Al_degrader_E9,6.09,3.6470588235294117e-06
Al_degrader_E9,6.15,3.470588235294118e-06
Al_degrader_E9,6.21,5.470588235294117e-06
Al_degrader_E9,6.27,6.294117647058824e-06
Al_degrader_E9,6.33,6e-06
Al_degrader_E9,6.39,8.764705882352942e-06
Al_degrader_E9,6.449999999999999,1.0705882352941176e-05
Al_degrader_E9,6.51,1.1e-05
Al_degrader_E9,6.57,1.288235294117647e-05
Al_degrader_E9,6.63,1.7823529411764707e-05
Al_degrader_E9,6.6899999999999995,1.8941176470588234e-05
Al_degrader_E9,6.75,2.1176470588235296e-05
Al_degrader_E9,6.81,2.5294117647058825e-05
Al_degrader_E9,6.869999999999999,3.164705882352941e-05
Al_degrader_E9,6.93,3.3705882352941176e-05
Al_degrader_E9,6.99,4.047058823529412e-05
Al_degrader_E9,7.05,4.9823529411764706e-05
Al_degrader_E9,7.109999999999999,5.3705882352941174e-05
Al_degrader_E9,7.17,6.2e-05
Al_degrader_E9,7.2299999999999995,7.488235294117647e-05
Al_degrader_E9,7.289999999999999,8.505882352941176e-05
Al_degrader_E9,7.35,9.829411764705882e-05
Al_degrader_E9,7.41,0.00011041176470588235
Al_degrader_E9,7.47,0.00013094117647058823
Al_degrader_E9,7.529999999999999,0.0001458235294117647
Al_degrader_E9,7.59,0.0001708235294117647
Al_degrader_E9,7.65,0.00019570588235294118
Al_degrader_E9,7.709999999999999,0.00022176470588235295
Al_degrader_E9,7.77,0.0002511764705882353
Al_degrader_E9,7.83,0.00028823529411764703
Al_degrader_E9,7.89,0.00033052941176470586
Al_degrader_E9,7.949999999999999,0.00037441176470588233
Al_degrader_E9,8.01,0.0004188823529411765
Al_degrader_E9,8.07,0.0004809411764705882
Al_degrader_E9,8.129999999999999,0.0005418823529411764
Al_degrader_E9,8.19,0.0006081176470588235
Al_degrader_E9,8.25,0.0006874705882352942
Al_degrader_E9,8.309999999999999,0.000775764705882353
Al_degrader_E9,8.370000000000001,0.0008598823529411765
Al_degrader_E9,8.43,0.0009696470588235294
Al_degrader_E9,8.489999999999998,0.0010838235294117647
Al_degrader_E9,8.55,0.001203764705882353
Al_degrader_E9,8.61,0.0013474705882352942
Al_degrader_E9,8.67,0.0014958235294117647
Al_degrader_E9,8.73,0.0016602941176470589
Al_degrader_E9,8.79,0.0018335882352941177
Al_degrader_E9,8.85,0.002034058823529412
Al_degrader_E9,8.91,0.0022372941176470587
Al_degrader_E9,8.969999999999999,0.0024615294117647057
Al_degrader_E9,9.030000000000001,0.0027201176470588234
Al_degrader_E9,9.09,0.0029689411764705883
Al_degrader_E9,9.149999999999999,0.0032371764705882355
Al_degrader_E9,9.21,0.003539
Al_degrader_E9,9.27,0.0038621176470588236
Al_degrader_E9,9.329999999999998,0.004193764705882353
Al_degrader_E9,9.39,0.004531705882352941
Al_degrader_E9,9.45,0.004930705882352941
Al_degrader_E9,9.51,0.005314176470588235
Al_degrader_E9,9.57,0.005707235294117647
Al_degrader_E9,9.629999999999999,0.006183235294117647
Al_degrader_E9,9.69,0.006603588235294118
Al_degrader_E9,9.75,0.007060529411764706
Al_degrader_E9,9.809999999999999,0.007595117647058823
Al_degrader_E9,9.870000000000001,0.008043588235294118
Al_degrader_E9,9.93,0.008573588235294118
Al_degrader_E9,9.989999999999998,0.009105235294117647
Al_degrader_E9,10.05,0.009604117647058824
Al_degrader_E9,10.11,0.010208294117647058
Al_degrader_E9,10.169999999999998,0.01071464705882353
Al_degrader_E9,10.23,0.011293235294117647
Al_degrader_E9,10.29,0.011861470588235295
Al_degrader_E9,10.35,0.012426235294117648
Al_degrader_E9,10.41,0.012998058823529411
Al_degrader_E9,10.469999999999999,0.01354370588235294
Al_degrader_E9,10.53,0.014113
Al_degrader_E9,10.59,0.014665529411764706
Al_degrader_E9,10.649999999999999,0.015200294117647058
Al_degrader_E9,10.71,0.015712882352941177
Al_degrader_E9,10.77,0.016187588235294117
Al_degrader_E9,10.829999999999998,0.016700470588235296
Al_degrader_E9,10.89,0.017146176470588234
Al_degrader_E9,10.95,0.017583117647058822
Al_degrader_E9,11.01,0.017994588235294116
Al_degrader_E9,11.07,0.018351823529411764
Al_degrader_E9,11.129999999999999,0.018697
Al_degrader_E9,11.19,0.019019411764705882
Al_degrader_E9,11.25,0.019264176470588236
Al_degrader_E9,11.309999999999999,0.019543470588235294
Al_degrader_E9,11.370000000000001,0.01969135294117647
Al_degrader_E9,11.43,0.019827235294117646
Al_degrader_E9,11.489999999999998,0.01993070588235294
Al_degrader_E9,11.55,0.01997641176470588
Al_degrader_E9,11.61,0.020006176470588236
Al_degrader_E9,11.669999999999998,0.019933411764705884
Al_degrader_E9,11.73,0.01989064705882353
Al_degrader_E9,11.79,0.01972435294117647
Al_degrader_E9,11.85,0.019529705882352942
Al_degrader_E9,11.91,0.019308411764705883
Al_degrader_E9,11.969999999999999,0.019027823529411764
Al_degrader_E9,12.03,0.018698411764705884
Al_degrader_E9,12.09,0.018333176470588235
Al_degrader_E9,12.149999999999999,0.017923705882352942
Al_degrader_E9,12.21,0.017475294117647058
Al_degrader_E9,12.27,0.016977235294117647
Al_degrader_E9,12.329999999999998,0.016472882352941177
Al_degrader_E9,12.39,0.015903294117647057
Al_degrader_E9,12.45,0.015316470588235294
Al_degrader_E9,12.51,0.014738941176470588
Al_degrader_E9,12.57,0.014078117647058824
Al_degrader_E9,12.629999999999999,0.013464588235294117
Al_degrader_E9,12.69,0.012766588235294118
Al_degrader_E9,12.75,0.012130470588235295
Al_degrader_E9,12.809999999999999,0.011420176470588236
Al_degrader_E9,12.870000000000001,0.01075970588235294
Al_degrader_E9,12.93,0.010075588235294117
Al_degrader_E9,12.989999999999998,0.009430764705882354
Al_degrader_E9,13.05,0.008757235294117647
Al_degrader_E9,13.11,0.008132823529411765
Al_degrader_E9,13.169999999999998,0.007499588235294117
Al_degrader_E9,13.23,0.006891529411764706
Al_degrader_E9,13.29,0.006329117647058824
Al_degrader_E9,13.35,0.005745235294117647
Al_degrader_E9,13.41,0.005246470588235294
Al_degrader_E9,13.469999999999999,0.004722058823529412
Al_degrader_E9,13.53,0.0042674705882352944
Al_degrader_E9,13.59,0.0038074117647058825
Al_degrader_E9,13.649999999999999,0.0034107647058823527
Al_degrader_E9,13.71,0.0030179411764705883
Al_degrader_E9,13.77,0.0026814117647058822
Al_degrader_E9,13.829999999999998,0.002347705882352941
Al_degrader_E9,13.89,0.002066411764705882
Al_degrader_E9,13.95,0.001785764705882353
Al_degrader_E9,14.009999999999998,0.0015658235294117647
Al_degrader_E9,14.07,0.001332529411764706
Al_degrader_E9,14.129999999999999,0.0011683529411764706
Al_degrader_E9,14.19,0.0009765882352941175
Al_degrader_E9,14.25,0.0008437058823529412
Al_degrader_E9,14.309999999999999,0.000700235294117647
Al_degrader_E9,14.37,0.0006026470588235294
Al_degrader_E9,14.43,0.0004893529411764706
Al_degrader_E9,14.489999999999998,0.00041623529411764705
Al_degrader_E9,14.55,0.00033729411764705884
Al_degrader_E9,14.61,0.0002837058823529412
Al_degrader_E9,14.669999999999998,0.00022658823529411764
Al_degrader_E9,14.73,0.0001901764705882353
Al_degrader_E9,14.79,0.00014811764705882353
Al_degrader_E9,14.85,0.00012623529411764705
Al_degrader_E9,14.91,9.547058823529411e-05
Al_degrader_E9,14.969999999999999,8.105882352941176e-05
Al_degrader_E9,15.03,6.058823529411765e-05
Al_degrader_E9,15.09,5.129411764705882e-05
Al_degrader_E9,15.149999999999999,3.623529411764706e-05
Al_degrader_E9,15.21,3.052941176470588e-05
Al_degrader_E9,15.27,2.3352941176470587e-05
Al_degrader_E9,15.329999999999998,1.764705882352941e-05
Al_degrader_E9,15.39,1.3588235294117648e-05
Al_degrader_E9,15.45,9.76470588235294e-06
Al_degrader_E9,15.509999999999998,6.823529411764706e-06
Al_degrader_E9,15.57,5.941176470588235e-06
Al_degrader_E9,15.629999999999999,3.7647058823529414e-06
Al_degrader_E9,15.69,3.5294117647058825e-06
Al_degrader_E9,15.75,2.411764705882353e-06
Al_degrader_E9,15.809999999999999,1.9411764705882353e-06
Al_degrader_E9,15.87,1.8823529411764707e-06
Al_degrader_E9,15.93,9.411764705882353e-07
Al_degrader_E9,15.989999999999998,1.2352941176470588e-06
Al_degrader_E9,16.049999999999997,2.3529411764705883e-07
Al_degrader_E9,16.11,7.647058823529412e-07
Al_degrader_E9,16.17,1.764705882352941e-07
Al_degrader_E9,16.229999999999997,4.1176470588235295e-07
Al_degrader_E9,16.29,2.941176470588235e-07
Al_degrader_E9,16.35,2.3529411764705883e-07
Al_degrader_E9,16.409999999999997,1.764705882352941e-07
Al_degrader_E9,16.47,1.1764705882352942e-07
Al_degrader_E9,16.53,5.882352941176471e-08
Ni13,2.79,1.4285714285714285e-07
Ni13,2.8499999999999996,0.0
Ni13,2.91,0.0
Ni13,2.9699999999999998,0.0
Ni13,3.0300000000000002,0.0
Ni13,3.09,1.4285714285714285e-07
Ni13,3.15,0.0
Ni13,3.21,0.0
Ni13,3.2699999999999996,0.0
Ni13,3.33,1.4285714285714285e-07
Ni13,3.3899999999999997,1.4285714285714285e-07
Ni13,3.45,7.142857142857143e-07
Ni13,3.51,0.0
Ni13,3.57,1.4285714285714285e-07
Ni13,3.63,2.857142857142857e-07
Ni13,3.6899999999999995,8.571428571428571e-07
Ni13,3.75,4.2857142857142857e-07
Ni13,3.8099999999999996,5.714285714285714e-07
Ni13,3.87,4.2857142857142857e-07
Ni13,3.9299999999999997,1.7142857142857143e-06
Ni13,3.9899999999999998,7.142857142857143e-07
Ni13,4.05,8.571428571428571e-07
Ni13,4.109999999999999,8.571428571428571e-07
Ni13,4.17,2.8571428571428573e-06
Ni13,4.23,1.1428571428571428e-06
Ni13,4.29,2.1428571428571427e-06
Ni13,4.35,2.1428571428571427e-06
Ni13,4.41,3.142857142857143e-06
Ni13,4.47,2.8571428571428573e-06
Ni13,4.529999999999999,2e-06
Ni13,4.59,6e-06
Ni13,4.65,3.5714285714285714e-06
Ni13,4.71,5.142857142857143e-06
Ni13,4.77,5e-06
Ni13,4.83,7.2857142857142855e-06
Ni13,4.89,7.571428571428571e-06
Ni13,4.949999999999999,8e-06
Ni13,5.01,1.0285714285714286e-05
Ni13,5.07,1.0285714285714286e-05
Ni13,5.13,1.3285714285714287e-05
Ni13,5.1899999999999995,1.614285714285714e-05
Ni13,5.25,1.5e-05
Ni13,5.31,2.2285714285714287e-05
Ni13,5.369999999999999,2.6e-05
Ni13,5.43,2.342857142857143e-05
Ni13,5.49,3.357142857142857e-05
Ni13,5.55,3.742857142857143e-05
Ni13,5.609999999999999,4.2e-05
Ni13,5.67,4.857142857142857e-05
Ni13,5.73,5.685714285714286e-05
Ni13,5.789999999999999,6.371428571428572e-05
Ni13,5.85,7.514285714285715e-05
Ni13,5.91,8.385714285714286e-05
Ni13,5.97,9.8e-05
Ni13,6.029999999999999,0.00011657142857142857
Ni13,6.09,0.00012985714285714285
Ni13,6.15,0.00014442857142857142
Ni13,6.21,0.00016528571428571428
Ni13,6.27,0.00019442857142857142
Ni13,6.33,0.00021485714285714286
Ni13,6.39,0.000247
Ni13,6.449999999999999,0.000286
Ni13,6.51,0.00032085714285714286
Ni13,6.57,0.00035314285714285715
Ni13,6.63,0.00040742857142857144
Ni13,6.6899999999999995,0.00045814285714285716
Ni13,6.75,0.0005298571428571429
Ni13,6.81,0.0005727142857142857
Ni13,6.869999999999999,0.0006658571428571428
Ni13,6.93,0.0007428571428571429
Ni13,6.99,0.0008382857142857143
Ni13,7.05,0.0009334285714285714
Ni13,7.109999999999999,0.0010385714285714286
Ni13,7.17,0.001169
Ni13,7.2299999999999995,0.0013018571428571428
Ni13,7.289999999999999,0.0014592857142857142
Ni13,7.35,0.0016287142857142856
Ni13,7.41,0.0017957142857142857
Ni13,7.47,0.0020002857142857144
Ni13,7.529999999999999,0.0021974285714285715
Ni13,7.59,0.0024505714285714287
Ni13,7.65,0.0026852857142857143
Ni13,7.709999999999999,0.0029745714285714284
Ni13,7.77,0.003253
Ni13,7.83,0.0035924285714285715
Ni13,7.89,0.003924571428571428
Ni13,7.949999999999999,0.0043112857142857145
Ni13,8.01,0.0046674285714285715
Ni13,8.07,0.005107428571428572
Ni13,8.129999999999999,0.005560142857142857
Ni13,8.19,0.006046
Ni13,8.25,0.006515857142857143
Ni13,8.309999999999999,0.0070622857142857145
Ni13,8.370000000000001,0.007589714285714286
Ni13,8.43,0.008146571428571428
Ni13,8.489999999999998,0.008782714285714286
Ni13,8.55,0.009399714285714286
Ni13,8.61,0.010017714285714286
Ni13,8.67,0.010659
Ni13,8.73,0.01136857142857143
Ni13,8.79,0.012031142857142857
Ni13,8.85,0.012722857142857143
Ni13,8.91,0.013448571428571428
Ni13,8.969999999999999,0.014126
Ni13,9.030000000000001,0.014911
Ni13,9.09,0.015548571428571429
Ni13,9.149999999999999,0.016253714285714285
Ni13,9.21,0.016899571428571427
Ni13,9.27,0.017572285714285714
Ni13,9.329999999999998,0.01821
Ni13,9.39,0.018769428571428572
Ni13,9.45,0.019386285714285714
Ni13,9.51,0.019873142857142857
Ni13,9.57,0.020427285714285714
Ni13,9.629999999999999,0.020823428571428573
Ni13,9.69,0.02125
Ni13,9.75,0.021520714285714285
Ni13,9.809999999999999,0.02189757142857143
Ni13,9.870000000000001,0.021986285714285715
Ni13,9.93,0.022232
Ni13,9.989999999999998,0.022214428571428572
Ni13,10.05,0.02226742857142857
Ni13,10.11,0.02215414285714286
Ni13,10.169999999999998,0.022098857142857142
Ni13,10.23,0.02182357142857143
Ni13,10.29,0.021580285714285715
Ni13,10.35,0.021203857142857142
Ni13,10.41,0.020860857142857143
Ni13,10.469999999999999,0.020309428571428572
Ni13,10.53,0.019852571428571428
Ni13,10.59,0.019189428571428573
Ni13,10.649999999999999,0.018592285714285714
Ni13,10.71,0.017898857142857143
Ni13,10.77,0.017140285714285716
Ni13,10.829999999999998,0.016476571428571427
Ni13,10.89,0.015695142857142855
Ni13,10.95,0.014890857142857143
Ni13,11.01,0.01407457142857143
Ni13,11.07,0.013361285714285714
Ni13,11.129999999999999,0.012446571428571428
Ni13,11.19,0.011694428571428571
Ni13,11.25,0.010868142857142857
Ni13,11.309999999999999,0.010137571428571428
Ni13,11.370000000000001,0.009281142857142858
Ni13,11.43,0.008638571428571428
Ni13,11.489999999999998,0.007877
Ni13,11.55,0.007226142857142857
Ni13,11.61,0.006587428571428571
Ni13,11.669999999999998,0.0059195714285714286
Ni13,11.73,0.005406571428571429
Ni13,11.79,0.004792285714285714
Ni13,11.85,0.0043432857142857145
Ni13,11.91,0.0038364285714285714
Ni13,11.969999999999999,0.003398
Ni13,12.03,0.003030285714285714
Ni13,12.09,0.0026522857142857142
Ni13,12.149999999999999,0.0023264285714285713
Ni13,12.21,0.001985857142857143
Ni13,12.27,0.001764
Ni13,12.329999999999998,0.0015095714285714285
Ni13,12.39,0.0012858571428571428
Ni13,12.45,0.0011048571428571429
Ni13,12.51,0.0009321428571428572
Ni13,12.57,0.0007994285714285714
Ni13,12.629999999999999,0.0006658571428571428
Ni13,12.69,0.000572
Ni13,12.75,0.000467
Ni13,12.809999999999999,0.00038914285714285716
Ni13,12.870000000000001,0.0003361428571428571
Ni13,12.93,0.00026985714285714286
Ni13,12.989999999999998,0.00022585714285714285
Ni13,13.05,0.0001807142857142857
Ni13,13.11,0.00014571428571428572
Ni13,13.169999999999998,0.000121
Ni13,13.23,9.371428571428572e-05
Ni13,13.29,7.471428571428572e-05
Ni13,13.35,6.114285714285714e-05
Ni13,13.41,4.714285714285714e-05
Ni13,13.469999999999999,3.557142857142857e-05
Ni13,13.53,2.9142857142857142e-05
Ni13,13.59,2.0571428571428573e-05
Ni13,13.649999999999999,1.5e-05
Ni13,13.71,1.3e-05
Ni13,13.77,1.0857142857142858e-05
Ni13,13.829999999999998,6.857142857142857e-06
Ni13,13.89,6.5714285714285714e-06
Ni13,13.95,5.7142857142857145e-06
Ni13,14.009999999999998,3.2857142857142857e-06
Ni13,14.07,4.142857142857143e-06
Ni13,14.129999999999999,2.5714285714285716e-06
Ni13,14.19,1.7142857142857143e-06
Ni13,14.25,1.4285714285714286e-06
Ni13,14.309999999999999,1.5714285714285714e-06
Ni13,14.37,5.714285714285714e-07
Ni13,14.43,8.571428571428571e-07
Ni13,14.489999999999998,1.1428571428571428e-06
Ni13,14.55,5.714285714285714e-07
Ni13,14.61,2.857142857142857e-07
Ni13,14.669999999999998,4.2857142857142857e-07
Ni13,14.73,0.0
Ni13,14.79,1.4285714285714285e-07
Sn13,2.37,3.3333333333333335e-07
Sn13,2.4299999999999997,0.0
Sn13,2.49,0.0
Sn13,2.55,0.0
Sn13,2.61,3.3333333333333335e-07
Sn13,2.67,0.0
Sn13,2.7299999999999995,0.0
Sn13,2.79,3.3333333333333335e-07
Sn13,2.8499999999999996,0.0
Sn13,2.91,0.0
Sn13,2.9699999999999998,3.3333333333333335e-07
Sn13,3.0300000000000002,3.3333333333333335e-07
Sn13,3.09,1.3333333333333334e-06
Sn13,3.15,0.0
Sn13,3.21,6.666666666666667e-07
Sn13,3.2699999999999996,1.6666666666666667e-06
Sn13,3.33,0.0
Sn13,3.3899999999999997,1.6666666666666667e-06
Sn13,3.45,2.666666666666667e-06
Sn13,3.51,6.666666666666667e-07
Sn13,3.57,2.666666666666667e-06
Sn13,3.63,2e-06
Sn13,3.6899999999999995,1.3333333333333334e-06
Sn13,3.75,2.666666666666667e-06
Sn13,3.8099999999999996,4e-06
Sn13,3.87,3.3333333333333333e-06
Sn13,3.9299999999999997,4e-06
Sn13,3.9899999999999998,4.333333333333333e-06
Sn13,4.05,4e-06
Sn13,4.109999999999999,4.666666666666666e-06
Sn13,4.17,6e-06
Sn13,4.23,5e-06
Sn13,4.29,9.333333333333333e-06
Sn13,4.35,6.666666666666667e-06
Sn13,4.41,9.333333333333333e-06
Sn13,4.47,1.1333333333333334e-05
Sn13,4.529999999999999,1.0666666666666667e-05
Sn13,4.59,1.4e-05
Sn13,4.65,1.5666666666666667e-05
Sn13,4.71,1.633333333333333e-05
Sn13,4.77,1.6666666666666667e-05
Sn13,4.83,2.7666666666666667e-05
Sn13,4.89,2.4333333333333333e-05
Sn13,4.949999999999999,3.1e-05
Sn13,5.01,3.3333333333333335e-05
Sn13,5.07,4.266666666666667e-05
Sn13,5.13,5.0333333333333335e-05
Sn13,5.1899999999999995,5.7333333333333336e-05
Sn13,5.25,6.733333333333333e-05
Sn13,5.31,7.633333333333334e-05
Sn13,5.369999999999999,9.066666666666667e-05
Sn13,5.43,8.966666666666667e-05
Sn13,5.49,0.000117
Sn13,5.55,0.00012133333333333333
Sn13,5.609999999999999,0.000146
Sn13,5.67,0.00016
Sn13,5.73,0.00018266666666666667
Sn13,5.789999999999999,0.00021033333333333334
Sn13,5.85,0.00024266666666666667
Sn13,5.91,0.00026766666666666665
Sn13,5.97,0.0003006666666666667
Sn13,6.029999999999999,0.00033933333333333336
Sn13,6.09,0.00037933333333333336
Sn13,6.15,0.000428
Sn13,6.21,0.00048366666666666664
Sn13,6.27,0.000539
Sn13,6.33,0.000615
Sn13,6.39,0.0006753333333333333
Sn13,6.449999999999999,0.0007786666666666667
Sn13,6.51,0.0008443333333333333
Sn13,6.57,0.0009686666666666666
Sn13,6.63,0.001072
Sn13,6.6899999999999995,0.0011933333333333334
Sn13,6.75,0.001326
Sn13,6.81,0.0014936666666666666
Sn13,6.869999999999999,0.0016326666666666666
Sn13,6.93,0.00181
Sn13,6.99,0.0020123333333333334
Sn13,7.05,0.0022343333333333334
Sn13,7.109999999999999,0.002468
Sn13,7.17,0.0026863333333333335
Sn13,7.2299999999999995,0.0029893333333333334
Sn13,7.289999999999999,0.0032646666666666666
Sn13,7.35,0.0035666666666666668
Sn13,7.41,0.0038796666666666667
Sn13,7.47,0.004258666666666667
Sn13,7.529999999999999,0.004584666666666667
Sn13,7.59,0.005039
Sn13,7.65,0.005478666666666666
Sn13,7.709999999999999,0.005966333333333333
Sn13,7.77,0.0064203333333333334
Sn13,7.83,0.006965333333333333
Sn13,7.89,0.007444666666666666
Sn13,7.949999999999999,0.008079
Sn13,8.01,0.008618666666666667
Sn13,8.07,0.009220333333333334
Sn13,8.129999999999999,0.009878666666666666
Sn13,8.19,0.010445333333333333
Sn13,8.25,0.011076
Sn13,8.309999999999999,0.011808
Sn13,8.370000000000001,0.012441666666666667
Sn13,8.43,0.013095333333333334
Sn13,8.489999999999998,0.013796
Sn13,8.55,0.014540333333333334
Sn13,8.61,0.015223
Sn13,8.67,0.015911333333333333
Sn13,8.73,0.016591666666666668
Sn13,8.79,0.017208666666666667
Sn13,8.85,0.017968333333333333
Sn13,8.91,0.018475
Sn13,8.969999999999999,0.019055666666666665
Sn13,9.030000000000001,0.019556333333333332
Sn13,9.09,0.019955
Sn13,9.149999999999999,0.020413666666666667
Sn13,9.21,0.020775333333333333
Sn13,9.27,0.021172
Sn13,9.329999999999998,0.021458333333333333
Sn13,9.39,0.021692333333333334
Sn13,9.45,0.021979666666666668
Sn13,9.51,0.021964333333333332
Sn13,9.57,0.022042333333333334
Sn13,9.629999999999999,0.022144666666666667
Sn13,9.69,0.022025666666666666
Sn13,9.75,0.021796
Sn13,9.809999999999999,0.021644
Sn13,9.870000000000001,0.021042333333333333
Sn13,9.93,0.020774333333333332
Sn13,9.989999999999998,0.020301666666666666
Sn13,10.05,0.019783666666666668
Sn13,10.11,0.019354
Sn13,10.169999999999998,0.018675666666666667
Sn13,10.23,0.018069333333333333
Sn13,10.29,0.017392333333333333
Sn13,10.35,0.016712
Sn13,10.41,0.01594833333333333
Sn13,10.469999999999999,0.015212333333333333
Sn13,10.53,0.014422666666666667
Sn13,10.59,0.013597
Sn13,10.649999999999999,0.012783666666666667
Sn13,10.71,0.012005666666666666
Sn13,10.77,0.011132
Sn13,10.829999999999998,0.010487
Sn13,10.89,0.009733
Sn13,10.95,0.008885333333333334
Sn13,11.01,0.008285666666666667
Sn13,11.07,0.007532
Sn13,11.129999999999999,0.006866333333333334
Sn13,11.19,0.006238
Sn13,11.25,0.005654333333333333
Sn13,11.309999999999999,0.005118
Sn13,11.370000000000001,0.004577
Sn13,11.43,0.004127666666666667
Sn13,11.489999999999998,0.0036626666666666665
Sn13,11.55,0.003239
Sn13,11.61,0.002876333333333333
Sn13,11.669999999999998,0.002519
Sn13,11.73,0.0022036666666666667
Sn13,11.79,0.0018633333333333334
Sn13,11.85,0.001663
Sn13,11.91,0.0014176666666666667
Sn13,11.969999999999999,0.0011996666666666666
Sn13,12.03,0.0010273333333333334
Sn13,12.09,0.0008786666666666667
Sn13,12.149999999999999,0.0007326666666666666
Sn13,12.21,0.000629
Sn13,12.27,0.000556
Sn13,12.329999999999998,0.0004443333333333333
Sn13,12.39,0.0003713333333333333
Sn13,12.45,0.0003043333333333333
Sn13,12.51,0.000254
Sn13,12.57,0.000211
Sn13,12.629999999999999,0.00016633333333333333
Sn13,12.69,0.00014666666666666666
Sn13,12.75,0.00012166666666666667
Sn13,12.809999999999999,9.2e-05
Sn13,12.870000000000001,7.6e-05
Sn13,12.93,5.266666666666667e-05
Sn13,12.989999999999998,3.9666666666666664e-05
Sn13,13.05,2.7333333333333335e-05
Sn13,13.11,2.3333333333333332e-05
Sn13,13.169999999999998,1.8333333333333333e-05
Sn13,13.23,1.7333333333333332e-05
Sn13,13.29,1.0666666666666667e-05
Sn13,13.35,9.666666666666667e-06
Sn13,13.41,9.666666666666667e-06
Sn13,13.469999999999999,7.333333333333333e-06
Sn13,13.53,5.666666666666667e-06
Sn13,13.59,4e-06
Sn13,13.649999999999999,2e-06
Sn13,13.71,2e-06
Sn13,13.77,6.666666666666667e-07
Sn13,13.829999999999998,1e-06
Sn13,13.89,1.6666666666666667e-06
Sn13,13.95,2.666666666666667e-06
Sn13,14.009999999999998,1e-06
Sn13,14.07,1.6666666666666667e-06
Sn13,14.129999999999999,3.3333333333333335e-07
Sn13,14.19,3.3333333333333335e-07
Ta13,0.75,1.4285714285714285e-07
Ta13,0.81,0.0
Ta13,0.8699999999999999,0.0
Ta13,0.9299999999999999,0.0
Ta13,0.99,0.0
Ta13,1.05,0.0
Ta13,1.1099999999999999,1.4285714285714285e-07
Ta13,1.17,0.0
Ta13,1.23,0.0
Ta13,1.29,0.0
Ta13,1.3499999999999999,0.0
Ta13,1.41,1.4285714285714285e-07
Ta13,1.47,0.0
Ta13,1.53,0.0
Ta13,1.5899999999999999,0.0
Ta13,1.65,2.857142857142857e-07
Ta13,1.71,1.4285714285714285e-07
Ta13,1.77,5.714285714285714e-07
Ta13,1.8299999999999998,0.0
Ta13,1.89,2.857142857142857e-07
Ta13,1.95,1.4285714285714285e-07
Ta13,2.01,7.142857142857143e-07
Ta13,2.0700000000000003,0.0
Ta13,2.13,4.2857142857142857e-07
Ta13,2.19,5.714285714285714e-07
Ta13,2.25,1e-06
Ta13,2.3099999999999996,1.4285714285714285e-07
Ta13,2.37,8.571428571428571e-07
Ta13,2.4299999999999997,1.2857142857142858e-06
Ta13,2.49,1e-06
Ta13,2.55,5.714285714285714e-07
Ta13,2.61,1.1428571428571428e-06
Ta13,2.67,2e-06
Ta13,2.7299999999999995,1.4285714285714286e-06
Ta13,2.79,1.4285714285714286e-06
Ta13,2.8499999999999996,2.4285714285714284e-06
Ta13,2.91,2e-06
Ta13,2.9699999999999998,1.857142857142857e-06
Ta13,3.0300000000000002,3e-06
Ta13,3.09,3.4285714285714285e-06
Ta13,3.15,2.5714285714285716e-06
Ta13,3.21,3.4285714285714285e-06
Ta13,3.2699999999999996,5e-06
Ta13,3.33,3.5714285714285714e-06
Ta13,3.3899999999999997,4.571428571428571e-06
Ta13,3.45,6.714285714285714e-06
Ta13,3.51,5e-06
Ta13,3.57,6.285714285714286e-06
Ta13,3.63,9e-06
Ta13,3.6899999999999995,8.571428571428571e-06
Ta13,3.75,8e-06
Ta13,3.8099999999999996,1.1e-05
Ta13,3.87,1.3e-05
Ta13,3.9299999999999997,1.3428571428571429e-05
Ta13,3.9899999999999998,1.4857142857142857e-05
Ta13,4.05,1.8571428571428572e-05
Ta13,4.109999999999999,2e-05
Ta13,4.17,2.257142857142857e-05
Ta13,4.23,2.6571428571428573e-05
Ta13,4.29,3.114285714285714e-05
Ta13,4.35,3.657142857142857e-05
Ta13,4.41,3.6714285714285714e-05
Ta13,4.47,4.6285714285714284e-05
Ta13,4.529999999999999,5.0714285714285716e-05
Ta13,4.59,5.5857142857142854e-05
Ta13,4.65,6.585714285714285e-05
Ta13,4.71,7.128571428571428e-05
Ta13,4.77,8.685714285714286e-05
Ta13,4.83,9.214285714285714e-05
Ta13,4.89,0.00010828571428571429
Ta13,4.949999999999999,0.00012285714285714287
Ta13,5.01,0.00013528571428571428
Ta13,5.07,0.00015628571428571427
Ta13,5.13,0.00016957142857142857
Ta13,5.1899999999999995,0.0001887142857142857
Ta13,5.25,0.00021485714285714286
Ta13,5.31,0.00024571428571428574
Ta13,5.369999999999999,0.0002707142857142857
Ta13,5.43,0.00030785714285714287
Ta13,5.49,0.00033985714285714283
Ta13,5.55,0.0003798571428571429
Ta13,5.609999999999999,0.00041814285714285716
Ta13,5.67,0.0004734285714285714
Ta13,5.73,0.0005234285714285714
Ta13,5.789999999999999,0.0005954285714285714
Ta13,5.85,0.0006561428571428571
Ta13,5.91,0.0007248571428571429
Ta13,5.97,0.000811
Ta13,6.029999999999999,0.0008942857142857143
Ta13,6.09,0.0010117142857142857
Ta13,6.15,0.0010991428571428571
Ta13,6.21,0.0012307142857142857
Ta13,6.27,0.0013478571428571428
Ta13,6.33,0.0014985714285714285
Ta13,6.39,0.0016457142857142857
Ta13,6.449999999999999,0.0018185714285714285
Ta13,6.51,0.0020062857142857144
Ta13,6.57,0.0021844285714285715
Ta13,6.63,0.0024071428571428573
Ta13,6.6899999999999995,0.002619
Ta13,6.75,0.002885142857142857
Ta13,6.81,0.0031302857142857144
Ta13,6.869999999999999,0.003438142857142857
Ta13,6.93,0.003703857142857143
Ta13,6.99,0.004074857142857143
Ta13,7.05,0.004387
Ta13,7.109999999999999,0.004775
Ta13,7.17,0.005158714285714286
Ta13,7.2299999999999995,0.0055595714285714285
Ta13,7.289999999999999,0.006005714285714286
Ta13,7.35,0.006452
Ta13,7.41,0.006956142857142857
Ta13,7.47,0.007435285714285715
Ta13,7.529999999999999,0.007964142857142857
Ta13,7.59,0.008463285714285715
Ta13,7.65,0.009088857142857143
Ta13,7.709999999999999,0.00961157142857143
Ta13,7.77,0.010194
Ta13,7.83,0.010802714285714285
Ta13,7.89,0.011448142857142856
Ta13,7.949999999999999,0.012034285714285714
Ta13,8.01,0.01267457142857143
Ta13,8.07,0.013298428571428572
Ta13,8.129999999999999,0.013956
Ta13,8.19,0.01459
Ta13,8.25,0.015201571428571429
Ta13,8.309999999999999,0.01584357142857143
Ta13,8.370000000000001,0.01641657142857143
Ta13,8.43,0.016998285714285716
Ta13,8.489999999999998,0.017537714285714285
Ta13,8.55,0.018129
Ta13,8.61,0.018549285714285713
Ta13,8.67,0.019093
Ta13,8.73,0.01943814285714286
Ta13,8.79,0.019847
Ta13,8.85,0.020258428571428573
Ta13,8.91,0.020428142857142857
Ta13,8.969999999999999,0.020774714285714285
Ta13,9.030000000000001,0.020950857142857143
Ta13,9.09,0.021062428571428572
Ta13,9.149999999999999,0.021208142857142856
Ta13,9.21,0.021161857142857142
Ta13,9.27,0.021149857142857144
Ta13,9.329999999999998,0.021054
Ta13,9.39,0.020801714285714284
Ta13,9.45,0.020658857142857142
Ta13,9.51,0.020339
Ta13,9.57,0.019942714285714286
Ta13,9.629999999999999,0.019588571428571427
Ta13,9.69,0.019079
Ta13,9.75,0.018613857142857144
Ta13,9.809999999999999,0.017988714285714285
Ta13,9.870000000000001,0.017425285714285713
Ta13,9.93,0.016861
Ta13,9.989999999999998,0.016206428571428573
Ta13,10.05,0.015466857142857143
Ta13,10.11,0.014780142857142856
Ta13,10.169999999999998,0.014100428571428571
Ta13,10.23,0.01330042857142857
Ta13,10.29,0.012621285714285715
Ta13,10.35,0.011867
Ta13,10.41,0.011094428571428571
Ta13,10.469999999999999,0.010475857142857143
Ta13,10.53,0.009619428571428572
Ta13,10.59,0.008964142857142856
Ta13,10.649999999999999,0.008344285714285714
Ta13,10.71,0.007633857142857143
Ta13,10.77,0.007009857142857143
Ta13,10.829999999999998,0.0064545714285714284
Ta13,10.89,0.005837
Ta13,10.95,0.0052887142857142855
Ta13,11.01,0.004804
Ta13,11.07,0.004319857142857143
Ta13,11.129999999999999,0.0038655714285714287
Ta13,11.19,0.0034494285714285716
Ta13,11.25,0.003089
Ta13,11.309999999999999,0.0027258571428571427
Ta13,11.370000000000001,0.002393714285714286
Ta13,11.43,0.002087857142857143
Ta13,11.489999999999998,0.0018472857142857143
Ta13,11.55,0.0015778571428571428
Ta13,11.61,0.0013754285714285715
Ta13,11.669999999999998,0.0011888571428571428
Ta13,11.73,0.0010152857142857142
Ta13,11.79,0.0008677142857142857
Ta13,11.85,0.0007475714285714286
Ta13,11.91,0.0006277142857142857
Ta13,11.969999999999999,0.0005294285714285714
Ta13,12.03,0.00044785714285714285
Ta13,12.09,0.00037957142857142855
Ta13,12.149999999999999,0.0003127142857142857
Ta13,12.21,0.0002622857142857143
Ta13,12.27,0.000225
Ta13,12.329999999999998,0.0001797142857142857
Ta13,12.39,0.000141
Ta13,12.45,0.00012257142857142857
Ta13,12.51,9.614285714285714e-05
Ta13,12.57,7.657142857142857e-05
Ta13,12.629999999999999,6.271428571428571e-05
Ta13,12.69,4.5857142857142855e-05
Ta13,12.75,3.857142857142857e-05
Ta13,12.809999999999999,2.7285714285714286e-05
Ta13,12.870000000000001,2.1142857142857144e-05
Ta13,12.93,1.742857142857143e-05
Ta13,12.989999999999998,1.3571428571428572e-05
Ta13,13.05,1.0571428571428572e-05
Ta13,13.11,9.714285714285713e-06
Ta13,13.169999999999998,7e-06
Ta13,13.23,5.7142857142857145e-06
Ta13,13.29,4.428571428571428e-06
Ta13,13.35,3.857142857142857e-06
Ta13,13.41,2.5714285714285716e-06
Ta13,13.469999999999999,2e-06
Ta13,13.53,2.1428571428571427e-06
Ta13,13.59,1.2857142857142858e-06
Ta13,13.649999999999999,1.2857142857142858e-06
Ta13,13.71,1e-06
Ta13,13.77,8.571428571428571e-07
Ta13,13.829999999999998,1.1428571428571428e-06
Ta13,13.89,4.2857142857142857e-07
Ta13,13.95,5.714285714285714e-07
Ta13,14.009999999999998,1.4285714285714285e-07
Ta13,14.07,1.4285714285714285e-07
Cu13,0.03,6e-06
Cu13,0.09,6.666666666666667e-07
Cu13,0.15,4.4444444444444444e-07
Cu13,0.21,5.555555555555555e-07
Cu13,0.27,5.555555555555555e-07
Cu13,0.32999999999999996,6.666666666666667e-07
Cu13,0.39,4.4444444444444444e-07
Cu13,0.44999999999999996,3.3333333333333335e-07
Cu13,0.51,3.3333333333333335e-07
Cu13,0.5700000000000001,4.4444444444444444e-07
Cu13,0.6299999999999999,6.666666666666667e-07
Cu13,0.69,5.555555555555555e-07
Cu13,0.75,7.777777777777778e-07
Cu13,0.81,1.4444444444444445e-06
Cu13,0.8699999999999999,7.777777777777778e-07
Cu13,0.9299999999999999,5.555555555555555e-07
Cu13,0.99,7.777777777777778e-07
Cu13,1.05,1.111111111111111e-06
Cu13,1.1099999999999999,8.888888888888889e-07
Cu13,1.17,2e-06
Cu13,1.23,1.2222222222222221e-06
Cu13,1.29,1.111111111111111e-06
Cu13,1.3499999999999999,1.4444444444444445e-06
Cu13,1.41,1.7777777777777777e-06
Cu13,1.47,2.333333333333333e-06
Cu13,1.53,2.4444444444444442e-06
Cu13,1.5899999999999999,1.8888888888888888e-06
Cu13,1.65,2.333333333333333e-06
Cu13,1.71,2.777777777777778e-06
Cu13,1.77,4.111111111111111e-06
Cu13,1.8299999999999998,2.5555555555555557e-06
Cu13,1.89,3.2222222222222222e-06
Cu13,1.95,3.5555555555555555e-06
Cu13,2.01,4.444444444444444e-06
Cu13,2.0700000000000003,4.666666666666666e-06
Cu13,2.13,4.444444444444444e-06
Cu13,2.19,6.111111111111111e-06
Cu13,2.25,6.4444444444444445e-06
Cu13,2.3099999999999996,5.777777777777778e-06
Cu13,2.37,6.4444444444444445e-06
Cu13,2.4299999999999997,9.666666666666667e-06
Cu13,2.49,8.111111111111112e-06
Cu13,2.55,9.555555555555555e-06
Cu13,2.61,1.0666666666666667e-05
Cu13,2.67,1.1777777777777778e-05
Cu13,2.7299999999999995,1.4222222222222222e-05
Cu13,2.79,1.4111111111111112e-05
Cu13,2.8499999999999996,1.8333333333333333e-05
Cu13,2.91,1.8666666666666665e-05
Cu13,2.9699999999999998,1.8555555555555557e-05
Cu13,3.0300000000000002,2.6222222222222222e-05
Cu13,3.09,2.2777777777777776e-05
Cu13,3.15,2.9444444444444445e-05
Cu13,3.21,3.5444444444444445e-05
Cu13,3.2699999999999996,3.2111111111111114e-05
Cu13,3.33,3.822222222222222e-05
Cu13,3.3899999999999997,4.9444444444444446e-05
Cu13,3.45,4.522222222222222e-05
Cu13,3.51,5.388888888888889e-05
Cu13,3.57,6.455555555555556e-05
Cu13,3.63,6.477777777777778e-05
Cu13,3.6899999999999995,7.6e-05
Cu13,3.75,8.4e-05
Cu13,3.8099999999999996,9.244444444444445e-05
Cu13,3.87,0.00010622222222222222
Cu13,3.9299999999999997,0.00011144444444444445
Cu13,3.9899999999999998,0.00013
Cu13,4.05,0.00014066666666666668
Cu13,4.109999999999999,0.0001541111111111111
Cu13,4.17,0.00017344444444444444
Cu13,4.23,0.00018966666666666668
Cu13,4.29,0.0002141111111111111
Cu13,4.35,0.00023677777777777778
Cu13,4.41,0.0002522222222222222
Cu13,4.47,0.00028933333333333334
Cu13,4.529999999999999,0.000312
Cu13,4.59,0.0003442222222222222
Cu13,4.65,0.0003908888888888889
Cu13,4.71,0.00042366666666666665
Cu13,4.77,0.00047255555555555554
Cu13,4.83,0.0005127777777777778
Cu13,4.89,0.0005717777777777778
Cu13,4.949999999999999,0.0006238888888888889
Cu13,5.01,0.0006864444444444445
Cu13,5.07,0.000765
Cu13,5.13,0.0008315555555555555
Cu13,5.1899999999999995,0.0009147777777777778
Cu13,5.25,0.0010077777777777778
Cu13,5.31,0.0011043333333333333
Cu13,5.369999999999999,0.0012111111111111112
Cu13,5.43,0.001328
Cu13,5.49,0.001445888888888889
Cu13,5.55,0.0015884444444444444
Cu13,5.609999999999999,0.0017242222222222223
Cu13,5.67,0.0018895555555555556
Cu13,5.73,0.0020437777777777776
Cu13,5.789999999999999,0.0022344444444444443
Cu13,5.85,0.002425
Cu13,5.91,0.002627777777777778
Cu13,5.97,0.0028504444444444445
Cu13,6.029999999999999,0.003089
Cu13,6.09,0.0033506666666666667
Cu13,6.15,0.003619666666666667
Cu13,6.21,0.0038997777777777776
Cu13,6.27,0.0042123333333333336
Cu13,6.33,0.004529555555555556
Cu13,6.39,0.004886
Cu13,6.449999999999999,0.005244777777777778
Cu13,6.51,0.005600888888888889
Cu13,6.57,0.006005888888888889
Cu13,6.63,0.0064358888888888886
Cu13,6.6899999999999995,0.006849333333333333
Cu13,6.75,0.007300222222222222
Cu13,6.81,0.007774555555555555
Cu13,6.869999999999999,0.008253888888888889
Cu13,6.93,0.00873211111111111
Cu13,6.99,0.009259
Cu13,7.05,0.009774
Cu13,7.109999999999999,0.010295666666666667
Cu13,7.17,0.010875
Cu13,7.2299999999999995,0.011401444444444445
Cu13,7.289999999999999,0.011963
Cu13,7.35,0.012516666666666667
Cu13,7.41,0.013093333333333334
Cu13,7.47,0.013674333333333333
Cu13,7.529999999999999,0.014182
Cu13,7.59,0.014746777777777777
Cu13,7.65,0.015314777777777778
Cu13,7.709999999999999,0.0158
Cu13,7.77,0.016322555555555555
Cu13,7.83,0.016773777777777776
Cu13,7.89,0.017293666666666666
Cu13,7.949999999999999,0.017703333333333335
Cu13,8.01,0.018105444444444445
Cu13,8.07,0.01847688888888889
Cu13,8.129999999999999,0.018842333333333332
Cu13,8.19,0.01914588888888889
Cu13,8.25,0.01936477777777778
Cu13,8.309999999999999,0.019615333333333332
Cu13,8.370000000000001,0.01982277777777778
Cu13,8.43,0.019909333333333334
Cu13,8.489999999999998,0.019995666666666665
Cu13,8.55,0.02002011111111111
Cu13,8.61,0.019997666666666667
Cu13,8.67,0.01991588888888889
Cu13,8.73,0.019773666666666665
Cu13,8.79,0.01961488888888889
Cu13,8.85,0.019353111111111113
Cu13,8.91,0.019069222222222224
Cu13,8.969999999999999,0.01875777777777778
Cu13,9.030000000000001,0.018321444444444446
Cu13,9.09,0.017921555555555555
Cu13,9.149999999999999,0.01741788888888889
Cu13,9.21,0.016959111111111112
Cu13,9.27,0.016387555555555555
Cu13,9.329999999999998,0.01582411111111111
Cu13,9.39,0.015231444444444445
Cu13,9.45,0.014625666666666667
Cu13,9.51,0.014008
Cu13,9.57,0.013304222222222222
Cu13,9.629999999999999,0.012700555555555555
Cu13,9.69,0.012003888888888889
Cu13,9.75,0.011338666666666667
Cu13,9.809999999999999,0.010672
Cu13,9.870000000000001,0.01003588888888889
Cu13,9.93,0.009367222222222223
Cu13,9.989999999999998,0.008669666666666666
Cu13,10.05,0.008097888888888889
Cu13,10.11,0.007510888888888889
Cu13,10.169999999999998,0.006921555555555556
Cu13,10.23,0.006345666666666667
Cu13,10.29,0.005833333333333334
Cu13,10.35,0.005302
Cu13,10.41,0.004844222222222222
Cu13,10.469999999999999,0.004372333333333333
Cu13,10.53,0.003955222222222222
Cu13,10.59,0.003535777777777778
Cu13,10.649999999999999,0.003184666666666667
Cu13,10.71,0.002858222222222222
Cu13,10.77,0.0025235555555555554
Cu13,10.829999999999998,0.0022218888888888887
Cu13,10.89,0.0019496666666666666
Cu13,10.95,0.001731
Cu13,11.01,0.0015067777777777777
Cu13,11.07,0.0013083333333333334
Cu13,11.129999999999999,0.0011285555555555556
Cu13,11.19,0.0009753333333333334
Cu13,11.25,0.0008438888888888889
Cu13,11.309999999999999,0.00072
Cu13,11.370000000000001,0.000611
Cu13,11.43,0.000525
Cu13,11.489999999999998,0.00043855555555555553
Cu13,11.55,0.0003801111111111111
Cu13,11.61,0.00031822222222222224
Cu13,11.669999999999998,0.0002664444444444444
Cu13,11.73,0.00022244444444444444
Cu13,11.79,0.00018433333333333333
Cu13,11.85,0.00015122222222222221
Cu13,11.91,0.0001231111111111111
Cu13,11.969999999999999,0.00010322222222222223
Cu13,12.03,8.2e-05
Cu13,12.09,6.422222222222223e-05
Cu13,12.149999999999999,5.377777777777778e-05
Cu13,12.21,4.1e-05
Cu13,12.27,3.3e-05
Cu13,12.329999999999998,2.5e-05
Cu13,12.39,1.9333333333333333e-05
Cu13,12.45,1.4444444444444444e-05
Cu13,12.51,1.2555555555555555e-05
Cu13,12.57,9.555555555555555e-06
Cu13,12.629999999999999,8.777777777777778e-06
Cu13,12.69,6.777777777777778e-06
Cu13,12.75,4.8888888888888885e-06
Cu13,12.809999999999999,4.333333333333333e-06
Cu13,12.870000000000001,3.7777777777777777e-06
Cu13,12.93,2.5555555555555557e-06
Cu13,12.989999999999998,1.8888888888888888e-06
Cu13,13.05,1.5555555555555556e-06
Cu13,13.11,1.5555555555555556e-06
Cu13,13.169999999999998,1.111111111111111e-06
Cu13,13.23,1e-06
Cu13,13.29,8.888888888888889e-07
Cu13,13.35,1e-06
Cu13,13.41,4.4444444444444444e-07
Cu13,13.469999999999999,4.4444444444444444e-07
Cu13,13.53,3.3333333333333335e-07
Cu13,13.59,0.0
Cu13,13.649999999999999,1.1111111111111111e-07
Al_degrader_E10,0.03,0.014227157894736843
Al_degrader_E10,0.09,0.0003328421052631579
Al_degrader_E10,0.15,0.00036344736842105265
Al_degrader_E10,0.21,0.0003951842105263158
Al_degrader_E10,0.27,0.0002712368421052632
Al_degrader_E10,0.32999999999999996,0.00023526315789473685
Al_degrader_E10,0.39,0.00025144736842105264
Al_degrader_E10,0.44999999999999996,0.0002755263157894737
Al_degrader_E10,0.51,0.0002890526315789474
Al_degrader_E10,0.5700000000000001,0.0002855263157894737
Al_degrader_E10,0.6299999999999999,0.00031010526315789475
Al_degrader_E10,0.69,0.0003512631578947368
Al_degrader_E10,0.75,0.00038339473684210524
Al_degrader_E10,0.81,0.000404
Al_degrader_E10,0.8699999999999999,0.0004320526315789474
Al_degrader_E10,0.9299999999999999,0.0004493684210526316
Al_degrader_E10,0.99,0.00045368421052631577
Al_degrader_E10,1.05,0.0005039736842105264
Al_degrader_E10,1.1099999999999999,0.0005393157894736842
Al_degrader_E10,1.17,0.0005658157894736842
Al_degrader_E10,1.23,0.0006030263157894737
Al_degrader_E10,1.29,0.0006266842105263157
Al_degrader_E10,1.3499999999999999,0.0006669210526315789
Al_degrader_E10,1.41,0.0007008684210526316
Al_degrader_E10,1.47,0.000737578947368421
Al_degrader_E10,1.53,0.0007770789473684211
Al_degrader_E10,1.5899999999999999,0.000817578947368421
Al_degrader_E10,1.65,0.0008578157894736842
Al_degrader_E10,1.71,0.0009021842105263158
Al_degrader_E10,1.77,0.0009530263157894737
Al_degrader_E10,1.8299999999999998,0.0009956578947368422
Al_degrader_E10,1.89,0.001042842105263158
Al_degrader_E10,1.95,0.0010947105263157894
Al_degrader_E10,2.01,0.0011521842105263159
Al_degrader_E10,2.0700000000000003,0.0012076578947368421
Al_degrader_E10,2.13,0.0012648947368421053
Al_degrader_E10,2.19,0.0013347368421052631
Al_degrader_E10,2.25,0.001394657894736842
Al_degrader_E10,2.3099999999999996,0.0014586842105263158
Al_degrader_E10,2.37,0.0015273421052631579
Al_degrader_E10,2.4299999999999997,0.001604921052631579
Al_degrader_E10,2.49,0.0016780526315789473
Al_degrader_E10,2.55,0.0017616578947368421
Al_degrader_E10,2.61,0.0018368157894736842
Al_degrader_E10,2.67,0.0019285526315789474
Al_degrader_E10,2.7299999999999995,0.0020195526315789475
Al_degrader_E10,2.79,0.0021054473684210527
Al_degrader_E10,2.8499999999999996,0.002209894736842105
Al_degrader_E10,2.91,0.002306342105263158
Al_degrader_E10,2.9699999999999998,0.002411
Al_degrader_E10,3.0300000000000002,0.0025229736842105263
Al_degrader_E10,3.09,0.0026356842105263157
Al_degrader_E10,3.15,0.002753605263157895
Al_degrader_E10,3.21,0.0028726052631578946
Al_degrader_E10,3.2699999999999996,0.0029944473684210527
Al_degrader_E10,3.33,0.0031297105263157895
Al_degrader_E10,3.3899999999999997,0.0032642368421052633
Al_degrader_E10,3.45,0.003407157894736842
Al_degrader_E10,3.51,0.0035466315789473685
Al_degrader_E10,3.57,0.0036931052631578947
Al_degrader_E10,3.63,0.0038492894736842104
Al_degrader_E10,3.6899999999999995,0.004002815789473684
Al_degrader_E10,3.75,0.004176026315789474
Al_degrader_E10,3.8099999999999996,0.004334157894736842
Al_degrader_E10,3.87,0.004492
Al_degrader_E10,3.9299999999999997,0.004687631578947369
Al_degrader_E10,3.9899999999999998,0.004859763157894737
Al_degrader_E10,4.05,0.005046026315789474
Al_degrader_E10,4.109999999999999,0.005236605263157895
Al_degrader_E10,4.17,0.005425578947368421
Al_degrader_E10,4.23,0.005637684210526316
Al_degrader_E10,4.29,0.005835394736842105
Al_degrader_E10,4.35,0.006042078947368421
Al_degrader_E10,4.41,0.00624521052631579
Al_degrader_E10,4.47,0.0064632894736842104
Al_degrader_E10,4.529999999999999,0.00668328947368421
Al_degrader_E10,4.59,0.006902184210526316
Al_degrader_E10,4.65,0.007129815789473685
Al_degrader_E10,4.71,0.007354447368421052
Al_degrader_E10,4.77,0.007588447368421052
Al_degrader_E10,4.83,0.007820763157894737
Al_degrader_E10,4.89,0.008057736842105263
Al_degrader_E10,4.949999999999999,0.008285736842105262
Al_degrader_E10,5.01,0.008540368421052632
Al_degrader_E10,5.07,0.008753394736842106
Al_degrader_E10,5.13,0.009004184210526315
Al_degrader_E10,5.1899999999999995,0.009221710526315789
Al_degrader_E10,5.25,0.009470868421052632
Al_degrader_E10,5.31,0.009693894736842104
Al_degrader_E10,5.369999999999999,0.009937447368421053
Al_degrader_E10,5.43,0.010149052631578948
Al_degrader_E10,5.49,0.01039557894736842
Al_degrader_E10,5.55,0.010603105263157895
Al_degrader_E10,5.609999999999999,0.010834131578947368
Al_degrader_E10,5.67,0.011059
Al_degrader_E10,5.73,0.011237236842105263
Al_degrader_E10,5.789999999999999,0.01147057894736842
Al_degrader_E10,5.85,0.01164042105263158
Al_degrader_E10,5.91,0.011844947368421052
Al_degrader_E10,5.97,0.012032473684210527
Al_degrader_E10,6.029999999999999,0.01220078947368421
Al_degrader_E10,6.09,0.01237478947368421
Al_degrader_E10,6.15,0.012506105263157895
Al_degrader_E10,6.21,0.012667921052631578
Al_degrader_E10,6.27,0.012810868421052632
Al_degrader_E10,6.33,0.012906605263157895
Al_degrader_E10,6.39,0.013038578947368422
Al_degrader_E10,6.449999999999999,0.013104
Al_degrader_E10,6.51,0.01321013157894737
Al_degrader_E10,6.57,0.01328728947368421
Al_degrader_E10,6.63,0.01331678947368421
Al_degrader_E10,6.6899999999999995,0.013375736842105263
Al_degrader_E10,6.75,0.013402368421052632
Al_degrader_E10,6.81,0.013398947368421052
Al_degrader_E10,6.869999999999999,0.013401684210526316
Al_degrader_E10,6.93,0.013378921052631578
Al_degrader_E10,6.99,0.013332842105263159
Al_degrader_E10,7.05,0.013283815789473684
Al_degrader_E10,7.109999999999999,0.013217921052631578
Al_degrader_E10,7.17,0.013108026315789474
Al_degrader_E10,7.2299999999999995,0.013009263157894737
Al_degrader_E10,7.289999999999999,0.012897131578947368
Al_degrader_E10,7.35,0.012734184210526316
Al_degrader_E10,7.41,0.012593473684210526
Al_degrader_E10,7.47,0.012418236842105263
Al_degrader_E10,7.529999999999999,0.012210473684210526
Al_degrader_E10,7.59,0.012012447368421053
Al_degrader_E10,7.65,0.011789815789473685
Al_degrader_E10,7.709999999999999,0.011567263157894737
Al_degrader_E10,7.77,0.011305210526315789
Al_degrader_E10,7.83,0.01105421052631579
Al_degrader_E10,7.89,0.010779
Al_degrader_E10,7.949999999999999,0.010488052631578947
Al_degrader_E10,8.01,0.010192315789473685
Al_degrader_E10,8.07,0.009873842105263158
Al_degrader_E10,8.129999999999999,0.00958671052631579
Al_degrader_E10,8.19,0.009234368421052632
Al_degrader_E10,8.25,0.008919552631578948
Al_degrader_E10,8.309999999999999,0.0085735
Al_degrader_E10,8.370000000000001,0.008237605263157895
Al_degrader_E10,8.43,0.007883447368421052
Al_degrader_E10,8.489999999999998,0.007532552631578948
Al_degrader_E10,8.55,0.007196131578947368
Al_degrader_E10,8.61,0.006853605263157894
Al_degrader_E10,8.67,0.006513552631578948
Al_degrader_E10,8.73,0.006169947368421053
Al_degrader_E10,8.79,0.005844578947368421
Al_degrader_E10,8.85,0.005503342105263158
Al_degrader_E10,8.91,0.005180815789473684
Al_degrader_E10,8.969999999999999,0.0048674736842105265
Al_degrader_E10,9.030000000000001,0.004548078947368421
Al_degrader_E10,9.09,0.00426
Al_degrader_E10,9.149999999999999,0.003968736842105263
Al_degrader_E10,9.21,0.003680263157894737
Al_degrader_E10,9.27,0.003413815789473684
Al_degrader_E10,9.329999999999998,0.003147026315789474
Al_degrader_E10,9.39,0.0029024736842105264
Al_degrader_E10,9.45,0.0026746315789473686
Al_degrader_E10,9.51,0.0024514736842105264
Al_degrader_E10,9.57,0.0022352894736842105
Al_degrader_E10,9.629999999999999,0.002035684210526316
Al_degrader_E10,9.69,0.001847157894736842
Al_degrader_E10,9.75,0.0016735263157894736
Al_degrader_E10,9.809999999999999,0.0015103947368421053
Al_degrader_E10,9.870000000000001,0.001362578947368421
Al_degrader_E10,9.93,0.0012214210526315789
Al_degrader_E10,9.989999999999998,0.0010897894736842104
Al_degrader_E10,10.05,0.000969842105263158
Al_degrader_E10,10.11,0.0008694473684210526
Al_degrader_E10,10.169999999999998,0.0007621578947368421
Al_degrader_E10,10.23,0.000672078947368421
Al_degrader_E10,10.29,0.0005925789473684211
Al_degrader_E10,10.35,0.0005184736842105263
Al_degrader_E10,10.41,0.00045476315789473685
Al_degrader_E10,10.469999999999999,0.0003926578947368421
Al_degrader_E10,10.53,0.0003399473684210526
Al_degrader_E10,10.59,0.00029271052631578946
Al_degrader_E10,10.649999999999999,0.0002528421052631579
Al_degrader_E10,10.71,0.00021678947368421054
Al_degrader_E10,10.77,0.0001853157894736842
Al_degrader_E10,10.829999999999998,0.00015655263157894736
Al_degrader_E10,10.89,0.00013302631578947368
Al_degrader_E10,10.95,0.00011331578947368422
Al_degrader_E10,11.01,9.65e-05
Al_degrader_E10,11.07,8.026315789473684e-05
Al_degrader_E10,11.129999999999999,6.789473684210526e-05
Al_degrader_E10,11.19,5.597368421052632e-05
Al_degrader_E10,11.25,4.589473684210526e-05
Al_degrader_E10,11.309999999999999,3.773684210526316e-05
Al_degrader_E10,11.370000000000001,3.155263157894737e-05
Al_degrader_E10,11.43,2.5763157894736843e-05
Al_degrader_E10,11.489999999999998,2.1236842105263157e-05
Al_degrader_E10,11.55,1.7105263157894737e-05
Al_degrader_E10,11.61,1.3526315789473685e-05
Al_degrader_E10,11.669999999999998,1.0894736842105263e-05
Al_degrader_E10,11.73,8.421052631578947e-06
Al_degrader_E10,11.79,6.421052631578947e-06
Al_degrader_E10,11.85,5.105263157894737e-06
Al_degrader_E10,11.91,4.1052631578947365e-06
Al_degrader_E10,11.969999999999999,3.4473684210526316e-06
Al_degrader_E10,12.03,2.8421052631578946e-06
Al_degrader_E10,12.09,2.263157894736842e-06
Al_degrader_E10,12.149999999999999,1.8947368421052632e-06
Al_degrader_E10,12.21,1.5526315789473684e-06
Al_degrader_E10,12.27,1.2894736842105264e-06
Al_degrader_E10,12.329999999999998,1.1052631578947369e-06
Al_degrader_E10,12.39,7.631578947368421e-07
Al_degrader_E10,12.45,5.263157894736842e-07
Al_degrader_E10,12.51,4.736842105263158e-07
Al_degrader_E10,12.57,3.6842105263157896e-07
Al_degrader_E10,12.629999999999999,2.894736842105263e-07
Al_degrader_E10,12.69,2.631578947368421e-07
Al_degrader_E10,12.75,2.368421052631579e-07
Al_degrader_E10,12.809999999999999,2.631578947368421e-07
Al_degrader_E10,12.870000000000001,1.3157894736842104e-07
Al_degrader_E10,12.93,1.3157894736842104e-07
Al_degrader_E10,12.989999999999998,7.894736842105264e-08
Al_degrader_E10,13.05,2.631578947368421e-08
Al_degrader_E10,13.11,2.631578947368421e-08
Ni14,0.03,0.14050930303030304
Ni14,0.09,0.0025516363636363636
Ni14,0.15,0.0014083030303030303
Ni14,0.21,0.0014649393939393939
Ni14,0.27,0.0015448484848484849
Ni14,0.32999999999999996,0.0017023939393939393
Ni14,0.39,0.0018056363636363636
Ni14,0.44999999999999996,0.0019436060606060606
Ni14,0.51,0.0020773939393939392
Ni14,0.5700000000000001,0.002178393939393939
Ni14,0.6299999999999999,0.002323878787878788
Ni14,0.69,0.002425787878787879
Ni14,0.75,0.0025801818181818183
Ni14,0.81,0.0026781818181818183
Ni14,0.8699999999999999,0.00283330303030303
Ni14,0.9299999999999999,0.0029321212121212123
Ni14,0.99,0.0030761515151515153
Ni14,1.05,0.003230242424242424
Ni14,1.1099999999999999,0.0033686666666666665
Ni14,1.17,0.003529757575757576
Ni14,1.23,0.0036607272727272725
Ni14,1.29,0.0038045151515151516
Ni14,1.3499999999999999,0.0039692727272727275
Ni14,1.41,0.004107787878787879
Ni14,1.47,0.004282151515151515
Ni14,1.53,0.00443060606060606
Ni14,1.5899999999999999,0.004601393939393939
Ni14,1.65,0.004754969696969697
Ni14,1.71,0.004936787878787879
Ni14,1.77,0.005100818181818182
Ni14,1.8299999999999998,0.005262060606060606
Ni14,1.89,0.005456363636363636
Ni14,1.95,0.005614878787878788
Ni14,2.01,0.005813545454545455
Ni14,2.0700000000000003,0.005986454545454546
Ni14,2.13,0.006183636363636363
Ni14,2.19,0.006361484848484848
Ni14,2.25,0.006554363636363636
Ni14,2.3099999999999996,0.006735272727272727
Ni14,2.37,0.006923515151515152
Ni14,2.4299999999999997,0.007115060606060606
Ni14,2.49,0.007315545454545455
Ni14,2.55,0.007503727272727273
Ni14,2.61,0.007699666666666666
Ni14,2.67,0.007911666666666666
Ni14,2.7299999999999995,0.00809569696969697
Ni14,2.79,0.00829130303030303
Ni14,2.8499999999999996,0.008484545454545455
Ni14,2.91,0.008677818181818182
Ni14,2.9699999999999998,0.008868666666666667
Ni14,3.0300000000000002,0.009050545454545455
Ni14,3.09,0.009249424242424243
Ni14,3.15,0.009435363636363636
Ni14,3.21,0.009607969696969696
Ni14,3.2699999999999996,0.009784757575757575
Ni14,3.33,0.009949818181818181
Ni14,3.3899999999999997,0.01013378787878788
Ni14,3.45,0.010285424242424242
Ni14,3.51,0.010452242424242425
Ni14,3.57,0.010600818181818182
Ni14,3.63,0.010743333333333334
Ni14,3.6899999999999995,0.010879818181818181
Ni14,3.75,0.01100590909090909
Ni14,3.8099999999999996,0.011135333333333334
Ni14,3.87,0.011236363636363636
Ni14,3.9299999999999997,0.011339575757575758
Ni14,3.9899999999999998,0.011419818181818182
Ni14,4.05,0.01150439393939394
Ni14,4.109999999999999,0.011566909090909091
Ni14,4.17,0.01161930303030303
Ni14,4.23,0.011673363636363636
Ni14,4.29,0.011691969696969697
Ni14,4.35,0.011721484848484849
Ni14,4.41,0.011712969696969697
Ni14,4.47,0.011718363636363636
Ni14,4.529999999999999,0.011670878787878787
Ni14,4.59,0.011649484848484848
Ni14,4.65,0.011582727272727272
Ni14,4.71,0.011521121212121212
Ni14,4.77,0.011454696969696969
Ni14,4.83,0.011327848484848484
Ni14,4.89,0.011227636363636363
Ni14,4.949999999999999,0.011090939393939394
Ni14,5.01,0.010960757575757575
Ni14,5.07,0.010823181818181819
Ni14,5.13,0.010632515151515151
Ni14,5.1899999999999995,0.010471121212121213
Ni14,5.25,0.010295666666666667
Ni14,5.31,0.010077606060606061
Ni14,5.369999999999999,0.009883969696969697
Ni14,5.43,0.009655515151515151
Ni14,5.49,0.009419454545454545
Ni14,5.55,0.009170969696969697
Ni14,5.609999999999999,0.008924939393939395
Ni14,5.67,0.008685121212121212
Ni14,5.73,0.008417727272727273
Ni14,5.789999999999999,0.008136090909090909
Ni14,5.85,0.007858969696969698
Ni14,5.91,0.007584454545454545
Ni14,5.97,0.007308121212121212
Ni14,6.029999999999999,0.007022393939393939
Ni14,6.09,0.006734787878787879
Ni14,6.15,0.006438545454545455
Ni14,6.21,0.00614069696969697
Ni14,6.27,0.005859666666666667
Ni14,6.33,0.00558060606060606
Ni14,6.39,0.005309272727272728
Ni14,6.449999999999999,0.005041
Ni14,6.51,0.004772393939393939
Ni14,6.57,0.00450239393939394
Ni14,6.63,0.004238242424242424
Ni14,6.6899999999999995,0.0039836969696969695
Ni14,6.75,0.003738878787878788
Ni14,6.81,0.0035054545454545455
Ni14,6.869999999999999,0.0032694242424242425
Ni14,6.93,0.003049181818181818
Ni14,6.99,0.0028335454545454545
Ni14,7.05,0.0026293333333333333
Ni14,7.109999999999999,0.0024344242424242423
Ni14,7.17,0.002244848484848485
Ni14,7.2299999999999995,0.0020762727272727274
Ni14,7.289999999999999,0.0019034848484848486
Ni14,7.35,0.0017420606060606061
Ni14,7.41,0.0015863939393939393
Ni14,7.47,0.0014464848484848484
Ni14,7.529999999999999,0.001314939393939394
Ni14,7.59,0.001190969696969697
Ni14,7.65,0.001079
Ni14,7.709999999999999,0.0009696363636363636
Ni14,7.77,0.0008703939393939394
Ni14,7.83,0.0007843939393939394
Ni14,7.89,0.0006970909090909091
Ni14,7.949999999999999,0.0006232727272727273
Ni14,8.01,0.0005556969696969697
Ni14,8.07,0.0004946666666666667
Ni14,8.129999999999999,0.0004346969696969697
Ni14,8.19,0.0003844848484848485
Ni14,8.25,0.000339969696969697
Ni14,8.309999999999999,0.00029951515151515153
Ni14,8.370000000000001,0.000264
Ni14,8.43,0.0002327878787878788
Ni14,8.489999999999998,0.0002010909090909091
Ni14,8.55,0.0001759090909090909
Ni14,8.61,0.0001530909090909091
Ni14,8.67,0.0001290909090909091
Ni14,8.73,0.000112
Ni14,8.79,9.524242424242424e-05
Ni14,8.85,8.072727272727273e-05
Ni14,8.91,6.90909090909091e-05
Ni14,8.969999999999999,5.896969696969697e-05
Ni14,9.030000000000001,5.015151515151515e-05
Ni14,9.09,4.0787878787878785e-05
Ni14,9.149999999999999,3.390909090909091e-05
Ni14,9.21,2.7787878787878787e-05
Ni14,9.27,2.2515151515151517e-05
Ni14,9.329999999999998,1.8424242424242425e-05
Ni14,9.39,1.503030303030303e-05
Ni14,9.45,1.2424242424242424e-05
Ni14,9.51,1.0424242424242424e-05
Ni14,9.57,8.90909090909091e-06
Ni14,9.629999999999999,7.757575757575758e-06
Ni14,9.69,6.272727272727273e-06
Ni14,9.75,5.363636363636364e-06
Ni14,9.809999999999999,4.212121212121212e-06
Ni14,9.870000000000001,3.636363636363636e-06
Ni14,9.93,3.3333333333333333e-06
Ni14,9.989999999999998,2.666666666666667e-06
Ni14,10.05,2.181818181818182e-06
Ni14,10.11,1.8484848484848485e-06
Ni14,10.169999999999998,1.3636363636363636e-06
Ni14,10.23,1.2727272727272728e-06
Ni14,10.29,1.0606060606060606e-06
Ni14,10.35,8.484848484848485e-07
Ni14,10.41,7.575757575757576e-07
Ni14,10.469999999999999,6.96969696969697e-07
Ni14,10.53,7.575757575757576e-07
Ni14,10.59,6.363636363636364e-07
Ni14,10.649999999999999,4.545454545454545e-07
Ni14,10.71,3.6363636363636366e-07
Ni14,10.77,1.8181818181818183e-07
Ni14,10.829999999999998,6.060606060606061e-08
Ni14,10.89,9.090909090909091e-08
Sn14,0.03,0.24713473333333333
Sn14,0.09,0.0020662666666666665
Sn14,0.15,0.001716
Sn14,0.21,0.0019018666666666666
Sn14,0.27,0.0021017333333333333
Sn14,0.32999999999999996,0.0023480666666666665
Sn14,0.39,0.0025440666666666665
Sn14,0.44999999999999996,0.0027305333333333334
Sn14,0.51,0.0029231333333333332
Sn14,0.5700000000000001,0.0031049333333333334
Sn14,0.6299999999999999,0.0032786
Sn14,0.69,0.0034787333333333335
Sn14,0.75,0.003615933333333333
Sn14,0.81,0.0037700666666666666
Sn14,0.8699999999999999,0.0038796666666666667
Sn14,0.9299999999999999,0.004089266666666667
Sn14,0.99,0.0042934
Sn14,1.05,0.004493533333333333
Sn14,1.1099999999999999,0.004673266666666667
Sn14,1.17,0.004836666666666667
Sn14,1.23,0.0049909333333333335
Sn14,1.29,0.0051793333333333335
Sn14,1.3499999999999999,0.0053528
Sn14,1.41,0.005514333333333334
Sn14,1.47,0.0057164
Sn14,1.53,0.0058592
Sn14,1.5899999999999999,0.006035266666666666
Sn14,1.65,0.006208133333333333
Sn14,1.71,0.006361733333333334
Sn14,1.77,0.0065396
Sn14,1.8299999999999998,0.006702866666666666
Sn14,1.89,0.006894266666666667
Sn14,1.95,0.0070384
Sn14,2.01,0.007204866666666667
Sn14,2.0700000000000003,0.007388266666666666
Sn14,2.13,0.007550733333333334
Sn14,2.19,0.007698333333333333
Sn14,2.25,0.007893933333333334
Sn14,2.3099999999999996,0.008069933333333333
Sn14,2.37,0.0082334
Sn14,2.4299999999999997,0.008389666666666667
Sn14,2.49,0.0085374
Sn14,2.55,0.008680133333333333
Sn14,2.61,0.008837733333333334
Sn14,2.67,0.0090034
Sn14,2.7299999999999995,0.009138733333333333
Sn14,2.79,0.0092508
Sn14,2.8499999999999996,0.009389533333333333
Sn14,2.91,0.009530933333333333
Sn14,2.9699999999999998,0.009643133333333333
Sn14,3.0300000000000002,0.009748133333333334
Sn14,3.09,0.009875266666666667
Sn14,3.15,0.009967066666666666
Sn14,3.21,0.010071466666666667
Sn14,3.2699999999999996,0.010148533333333333
Sn14,3.33,0.0102034
Sn14,3.3899999999999997,0.010288266666666667
Sn14,3.45,0.0103208
Sn14,3.51,0.010331266666666667
Sn14,3.57,0.010348266666666666
Sn14,3.63,0.010334066666666667
Sn14,3.6899999999999995,0.0103336
Sn14,3.75,0.010300866666666667
Sn14,3.8099999999999996,0.0102692
Sn14,3.87,0.0102486
Sn14,3.9299999999999997,0.010206333333333333
Sn14,3.9899999999999998,0.010210266666666667
Sn14,4.05,0.010157733333333334
Sn14,4.109999999999999,0.010104133333333333
Sn14,4.17,0.010020733333333334
Sn14,4.23,0.0099058
Sn14,4.29,0.009788066666666666
Sn14,4.35,0.0096748
Sn14,4.41,0.009551
Sn14,4.47,0.009411266666666666
Sn14,4.529999999999999,0.009271066666666666
Sn14,4.59,0.009118666666666667
Sn14,4.65,0.0089362
Sn14,4.71,0.008742133333333334
Sn14,4.77,0.008594266666666666
Sn14,4.83,0.008417533333333333
Sn14,4.89,0.0082088
Sn14,4.949999999999999,0.007991066666666666
Sn14,5.01,0.007752466666666667
Sn14,5.07,0.007499866666666666
Sn14,5.13,0.007243133333333334
Sn14,5.1899999999999995,0.007024066666666667
Sn14,5.25,0.0068054
Sn14,5.31,0.0065764
Sn14,5.369999999999999,0.006348533333333333
Sn14,5.43,0.006124666666666666
Sn14,5.49,0.005868666666666667
Sn14,5.55,0.0056264
Sn14,5.609999999999999,0.0053696
Sn14,5.67,0.0051172
Sn14,5.73,0.0048951333333333335
Sn14,5.789999999999999,0.004661666666666666
Sn14,5.85,0.0044078
Sn14,5.91,0.0041802666666666665
Sn14,5.97,0.0039412
Sn14,6.029999999999999,0.0036939333333333335
Sn14,6.09,0.0035076666666666667
Sn14,6.15,0.0033088666666666665
Sn14,6.21,0.0031182
Sn14,6.27,0.002936
Sn14,6.33,0.002737733333333333
Sn14,6.39,0.0025299333333333334
Sn14,6.449999999999999,0.002348733333333333
Sn14,6.51,0.0021818
Sn14,6.57,0.0020369333333333335
Sn14,6.63,0.0018895333333333333
Sn14,6.6899999999999995,0.0017194666666666668
Sn14,6.75,0.0015960666666666667
Sn14,6.81,0.0014475333333333334
Sn14,6.869999999999999,0.0013222
Sn14,6.93,0.0012064666666666668
Sn14,6.99,0.0010901333333333332
Sn14,7.05,0.0009946
Sn14,7.109999999999999,0.000893
Sn14,7.17,0.0008198666666666667
Sn14,7.2299999999999995,0.0007259333333333334
Sn14,7.289999999999999,0.0006433333333333333
Sn14,7.35,0.0005774
Sn14,7.41,0.0005237333333333333
Sn14,7.47,0.0004691333333333333
Sn14,7.529999999999999,0.00042666666666666667
Sn14,7.59,0.0003821333333333333
Sn14,7.65,0.0003316
Sn14,7.709999999999999,0.00029886666666666665
Sn14,7.77,0.00025873333333333335
Sn14,7.83,0.00022733333333333332
Sn14,7.89,0.00019586666666666667
Sn14,7.949999999999999,0.00016953333333333333
Sn14,8.01,0.000151
Sn14,8.07,0.0001308
Sn14,8.129999999999999,0.00011833333333333333
Sn14,8.19,0.0001024
Sn14,8.25,8.933333333333333e-05
Sn14,8.309999999999999,7.593333333333333e-05
Sn14,8.370000000000001,6.526666666666666e-05
Sn14,8.43,5.44e-05
Sn14,8.489999999999998,4.2533333333333335e-05
Sn14,8.55,3.3333333333333335e-05
Sn14,8.61,2.6933333333333332e-05
Sn14,8.67,2.0666666666666666e-05
Sn14,8.73,1.7733333333333332e-05
Sn14,8.79,1.54e-05
Sn14,8.85,1.4e-05
Sn14,8.91,1.2133333333333333e-05
Sn14,8.969999999999999,9.333333333333333e-06
Sn14,9.030000000000001,8.266666666666667e-06
Sn14,9.09,7.333333333333333e-06
Sn14,9.149999999999999,6.733333333333333e-06
Sn14,9.21,7.133333333333333e-06
Sn14,9.27,5.2666666666666665e-06
Sn14,9.329999999999998,3.9333333333333335e-06
Sn14,9.39,2.5333333333333334e-06
Sn14,9.45,2.4e-06
Sn14,9.51,2.0666666666666666e-06
Sn14,9.57,8.666666666666667e-07
Sn14,9.629999999999999,2e-07
Sn14,9.69,7.333333333333333e-07
Sn14,9.75,1.2666666666666667e-06
Sn14,9.809999999999999,1.3333333333333334e-06
Sn14,9.870000000000001,1.6666666666666667e-06
Sn14,9.93,1.3333333333333334e-06
Sn14,9.989999999999998,1.0666666666666667e-06
Sn14,10.05,8.666666666666667e-07
Sn14,10.11,3.3333333333333335e-07
Sn14,10.169999999999998,3.3333333333333335e-07
Sn14,10.23,6.666666666666667e-08
Ta14,0.03,0.3458375576923077
Ta14,0.09,0.002810423076923077
Ta14,0.15,0.002536557692307692
Ta14,0.21,0.002602153846153846
Ta14,0.27,0.0027914615384615387
Ta14,0.32999999999999996,0.0030183653846153845
Ta14,0.39,0.0032387884615384614
Ta14,0.44999999999999996,0.0034698461538461537
Ta14,0.51,0.003689423076923077
Ta14,0.5700000000000001,0.0039022307692307694
Ta14,0.6299999999999999,0.004101903846153846
Ta14,0.69,0.004312211538461538
Ta14,0.75,0.0044794038461538465
Ta14,0.81,0.004662115384615384
Ta14,0.8699999999999999,0.0048484230769230766
Ta14,0.9299999999999999,0.005018692307692307
Ta14,0.99,0.005179942307692307
Ta14,1.05,0.0053247884615384615
Ta14,1.1099999999999999,0.005474980769230769
Ta14,1.17,0.005645365384615385
Ta14,1.23,0.005803942307692308
Ta14,1.29,0.00596501923076923
Ta14,1.3499999999999999,0.006118903846153846
Ta14,1.41,0.006280346153846154
Ta14,1.47,0.006426826923076923
Ta14,1.53,0.006575923076923077
Ta14,1.5899999999999999,0.006732096153846154
Ta14,1.65,0.006874557692307692
Ta14,1.71,0.007016826923076923
Ta14,1.77,0.00717275
Ta14,1.8299999999999998,0.007318
Ta14,1.89,0.007456653846153846
Ta14,1.95,0.007590538461538462
Ta14,2.01,0.007719384615384616
Ta14,2.0700000000000003,0.007842384615384616
Ta14,2.13,0.00797178846153846
Ta14,2.19,0.008086346153846154
Ta14,2.25,0.008200961538461539
Ta14,2.3099999999999996,0.008299153846153847
Ta14,2.37,0.008406596153846153
Ta14,2.4299999999999997,0.008493211538461538
Ta14,2.49,0.008579365384615385
Ta14,2.55,0.008663692307692308
Ta14,2.61,0.008740692307692307
Ta14,2.67,0.008806346153846154
Ta14,2.7299999999999995,0.008862442307692307
Ta14,2.79,0.008918615384615384
Ta14,2.8499999999999996,0.008971076923076924
Ta14,2.91,0.009009596153846154
Ta14,2.9699999999999998,0.009043634615384615
Ta14,3.0300000000000002,0.00906976923076923
Ta14,3.09,0.00907725
Ta14,3.15,0.009067096153846153
Ta14,3.21,0.009060403846153847
Ta14,3.2699999999999996,0.009050211538461538
Ta14,3.33,0.009038826923076924
Ta14,3.3899999999999997,0.009002596153846154
Ta14,3.45,0.008959
Ta14,3.51,0.008909903846153847
Ta14,3.57,0.008853942307692307
Ta14,3.63,0.008788884615384615
Ta14,3.6899999999999995,0.008719576923076924
Ta14,3.75,0.008646
Ta14,3.8099999999999996,0.008563826923076922
Ta14,3.87,0.008462673076923078
Ta14,3.9299999999999997,0.008344961538461539
Ta14,3.9899999999999998,0.008218384615384615
Ta14,4.05,0.008087884615384615
Ta14,4.109999999999999,0.007954365384615384
Ta14,4.17,0.007811711538461538
Ta14,4.23,0.007658519230769231
Ta14,4.29,0.0074967692307692305
Ta14,4.35,0.007327538461538462
Ta14,4.41,0.007164038461538461
Ta14,4.47,0.006986461538461539
Ta14,4.529999999999999,0.006809961538461538
Ta14,4.59,0.00661925
Ta14,4.65,0.006433923076923077
Ta14,4.71,0.006236634615384615
Ta14,4.77,0.006025288461538461
Ta14,4.83,0.0058230961538461535
Ta14,4.89,0.005628442307692307
Ta14,4.949999999999999,0.005425
Ta14,5.01,0.005221692307692307
Ta14,5.07,0.005018730769230769
Ta14,5.13,0.004810115384615385
Ta14,5.1899999999999995,0.0046104807692307695
Ta14,5.25,0.004402096153846154
Ta14,5.31,0.004202423076923077
Ta14,5.369999999999999,0.004003980769230769
Ta14,5.43,0.0038078076923076924
Ta14,5.49,0.003623673076923077
Ta14,5.55,0.0034200384615384613
Ta14,5.609999999999999,0.003234923076923077
Ta14,5.67,0.003059923076923077
Ta14,5.73,0.002878903846153846
Ta14,5.789999999999999,0.0027134038461538463
Ta14,5.85,0.0025477115384615386
Ta14,5.91,0.0023837884615384615
Ta14,5.97,0.0022310576923076923
Ta14,6.029999999999999,0.002089057692307692
Ta14,6.09,0.0019414615384615384
Ta14,6.15,0.0017982307692307692
Ta14,6.21,0.0016602692307692308
Ta14,6.27,0.0015346346153846154
Ta14,6.33,0.0014201923076923076
Ta14,6.39,0.0013089230769230769
Ta14,6.449999999999999,0.001198076923076923
Ta14,6.51,0.0010964807692307693
Ta14,6.57,0.0009954807692307693
Ta14,6.63,0.0009053461538461538
Ta14,6.6899999999999995,0.0008275576923076923
Ta14,6.75,0.0007496346153846153
Ta14,6.81,0.0006786153846153846
Ta14,6.869999999999999,0.0006123653846153846
Ta14,6.93,0.0005536730769230769
Ta14,6.99,0.0005003076923076923
Ta14,7.05,0.00044698076923076923
Ta14,7.109999999999999,0.0003975
Ta14,7.17,0.0003597692307692308
Ta14,7.2299999999999995,0.0003175769230769231
Ta14,7.289999999999999,0.0002860769230769231
Ta14,7.35,0.0002546153846153846
Ta14,7.41,0.0002243076923076923
Ta14,7.47,0.00019825
Ta14,7.529999999999999,0.0001754423076923077
Ta14,7.59,0.0001524423076923077
Ta14,7.65,0.00013480769230769232
Ta14,7.709999999999999,0.00011655769230769231
Ta14,7.77,0.00010321153846153846
Ta14,7.83,8.823076923076922e-05
Ta14,7.89,7.588461538461538e-05
Ta14,7.949999999999999,6.688461538461538e-05
Ta14,8.01,5.6e-05
Ta14,8.07,4.6596153846153847e-05
Ta14,8.129999999999999,3.992307692307692e-05
Ta14,8.19,3.307692307692308e-05
Ta14,8.25,2.7423076923076922e-05
Ta14,8.309999999999999,2.230769230769231e-05
Ta14,8.370000000000001,1.7826923076923077e-05
Ta14,8.43,1.501923076923077e-05
Ta14,8.489999999999998,1.275e-05
Ta14,8.55,1.1211538461538461e-05
Ta14,8.61,9.865384615384615e-06
Ta14,8.67,8.5e-06
Ta14,8.73,7.211538461538461e-06
Ta14,8.79,6.057692307692308e-06
Ta14,8.85,5.173076923076923e-06
Ta14,8.91,4.4423076923076925e-06
Ta14,8.969999999999999,3.653846153846154e-06
Ta14,9.030000000000001,3.076923076923077e-06
Ta14,9.09,2.480769230769231e-06
Ta14,9.149999999999999,2.076923076923077e-06
Ta14,9.21,1.4615384615384616e-06
Ta14,9.27,1.3269230769230768e-06
Ta14,9.329999999999998,1.4038461538461538e-06
Ta14,9.39,1.0961538461538462e-06
Ta14,9.45,9.230769230769231e-07
Ta14,9.51,9.038461538461539e-07
Ta14,9.57,9.038461538461539e-07
Ta14,9.629999999999999,9.423076923076924e-07
Ta14,9.69,7.5e-07
Ta14,9.75,5.384615384615384e-07
Ta14,9.809999999999999,4.6153846153846156e-07
Ta14,9.870000000000001,2.8846153846153846e-07
Ta14,9.93,9.615384615384616e-08
Ta14,9.989999999999998,1.1538461538461539e-07
Ta14,10.05,1.923076923076923e-08
Cu14,0.03,0.5610019108910891
Cu14,0.09,0.0028337722772277226
Cu14,0.15,0.0027658910891089107
Cu14,0.21,0.0029216237623762376
Cu14,0.27,0.0030854851485148517
Cu14,0.32999999999999996,0.0032536039603960395
Cu14,0.39,0.0033973663366336634
Cu14,0.44999999999999996,0.0035872772277227723
Cu14,0.51,0.003752267326732673
Cu14,0.5700000000000001,0.0038864158415841585
Cu14,0.6299999999999999,0.004043811881188119
Cu14,0.69,0.004228554455445545
Cu14,0.75,0.0043544752475247524
Cu14,0.81,0.004504524752475247
Cu14,0.8699999999999999,0.004652227722772277
Cu14,0.9299999999999999,0.004793554455445544
Cu14,0.99,0.004946762376237624
Cu14,1.05,0.005119584158415842
Cu14,1.1099999999999999,0.005248435643564356
Cu14,1.17,0.005372049504950495
Cu14,1.23,0.005476346534653466
Cu14,1.29,0.005591762376237624
Cu14,1.3499999999999999,0.005695019801980198
Cu14,1.41,0.005796861386138614
Cu14,1.47,0.005888623762376238
Cu14,1.53,0.00598390099009901
Cu14,1.5899999999999999,0.0060615346534653464
Cu14,1.65,0.006148287128712872
Cu14,1.71,0.006218227722772278
Cu14,1.77,0.006284990099009901
Cu14,1.8299999999999998,0.006342178217821782
Cu14,1.89,0.006392029702970297
Cu14,1.95,0.006437267326732673
Cu14,2.01,0.006480940594059406
Cu14,2.0700000000000003,0.00652269306930693
Cu14,2.13,0.006551069306930693
Cu14,2.19,0.006569990099009901
Cu14,2.25,0.00659029702970297
Cu14,2.3099999999999996,0.00660890099009901
Cu14,2.37,0.0066133861386138615
Cu14,2.4299999999999997,0.0066112871287128715
Cu14,2.49,0.006605485148514852
Cu14,2.55,0.006592693069306931
Cu14,2.61,0.006577069306930693
Cu14,2.67,0.006547405940594059
Cu14,2.7299999999999995,0.006508910891089109
Cu14,2.79,0.006468415841584158
Cu14,2.8499999999999996,0.006419485148514851
Cu14,2.91,0.006359386138613862
Cu14,2.9699999999999998,0.0062954653465346535
Cu14,3.0300000000000002,0.006230990099009901
Cu14,3.09,0.0061641881188118815
Cu14,3.15,0.0060841089108910895
Cu14,3.21,0.006004
Cu14,3.2699999999999996,0.005916950495049505
Cu14,3.33,0.005810653465346535
Cu14,3.3899999999999997,0.005706821782178218
Cu14,3.45,0.005608069306930693
Cu14,3.51,0.005496940594059406
Cu14,3.57,0.005382584158415841
Cu14,3.63,0.005261227722772277
Cu14,3.6899999999999995,0.005142683168316831
Cu14,3.75,0.005010128712871287
Cu14,3.8099999999999996,0.0048787623762376236
Cu14,3.87,0.004739138613861386
Cu14,3.9299999999999997,0.00460509900990099
Cu14,3.9899999999999998,0.004468712871287129
Cu14,4.05,0.0043266435643564355
Cu14,4.109999999999999,0.004188376237623762
Cu14,4.17,0.0040487722772277225
Cu14,4.23,0.00390819801980198
Cu14,4.29,0.003772970297029703
Cu14,4.35,0.0036255742574257425
Cu14,4.41,0.003478128712871287
Cu14,4.47,0.0033382178217821784
Cu14,4.529999999999999,0.0031903069306930694
Cu14,4.59,0.0030517425742574255
Cu14,4.65,0.002916881188118812
Cu14,4.71,0.0027752178217821783
Cu14,4.77,0.002643990099009901
Cu14,4.83,0.0025136237623762376
Cu14,4.89,0.002377861386138614
Cu14,4.949999999999999,0.0022505247524752473
Cu14,5.01,0.002129861386138614
Cu14,5.07,0.002009079207920792
Cu14,5.13,0.0018933069306930693
Cu14,5.1899999999999995,0.0017804356435643565
Cu14,5.25,0.0016707920792079208
Cu14,5.31,0.0015618514851485148
Cu14,5.369999999999999,0.001457039603960396
Cu14,5.43,0.0013561584158415841
Cu14,5.49,0.0012613267326732672
Cu14,5.55,0.00117380198019802
Cu14,5.609999999999999,0.0010870990099009902
Cu14,5.67,0.0010005841584158415
Cu14,5.73,0.0009260594059405941
Cu14,5.789999999999999,0.0008510693069306931
Cu14,5.85,0.0007795445544554455
Cu14,5.91,0.0007163960396039604
Cu14,5.97,0.000656990099009901
Cu14,6.029999999999999,0.0005981980198019802
Cu14,6.09,0.0005447920792079208
Cu14,6.15,0.0004968217821782179
Cu14,6.21,0.00045172277227722773
Cu14,6.27,0.0004093465346534653
Cu14,6.33,0.0003686831683168317
Cu14,6.39,0.00033151485148514854
Cu14,6.449999999999999,0.00029931683168316834
Cu14,6.51,0.00026962376237623764
Cu14,6.57,0.0002440990099009901
Cu14,6.63,0.00021977227722772276
Cu14,6.6899999999999995,0.00019518811881188118
Cu14,6.75,0.00017269306930693069
Cu14,6.81,0.00015484158415841583
Cu14,6.869999999999999,0.00013713861386138615
Cu14,6.93,0.00012023762376237623
Cu14,6.99,0.0001060891089108911
Cu14,7.05,9.261386138613861e-05
Cu14,7.109999999999999,8.179207920792079e-05
Cu14,7.17,6.998019801980198e-05
Cu14,7.2299999999999995,6.15940594059406e-05
Cu14,7.289999999999999,5.378217821782178e-05
Cu14,7.35,4.602970297029703e-05
Cu14,7.41,3.907920792079208e-05
Cu14,7.47,3.317821782178218e-05
Cu14,7.529999999999999,2.801980198019802e-05
Cu14,7.59,2.3712871287128714e-05
Cu14,7.65,1.9267326732673266e-05
Cu14,7.709999999999999,1.593069306930693e-05
Cu14,7.77,1.3613861386138614e-05
Cu14,7.83,1.1702970297029703e-05
Cu14,7.89,1.0079207920792079e-05
Cu14,7.949999999999999,8.594059405940593e-06
Cu14,8.01,7.673267326732673e-06
Cu14,8.07,6.742574257425742e-06
Cu14,8.129999999999999,5.683168316831683e-06
Cu14,8.19,4.891089108910891e-06
Cu14,8.25,3.98019801980198e-06
Cu14,8.309999999999999,3.386138613861386e-06
Cu14,8.370000000000001,2.9504950495049503e-06
Cu14,8.43,2.7524752475247526e-06
Cu14,8.489999999999998,2.118811881188119e-06
Cu14,8.55,1.7326732673267326e-06
Cu14,8.61,1.4059405940594058e-06
Cu14,8.67,1.297029702970297e-06
Cu14,8.73,1.1881188118811881e-06
Cu14,8.79,9.504950495049505e-07
Cu14,8.85,8.01980198019802e-07
Cu14,8.91,7.524752475247525e-07
Cu14,8.969999999999999,7.623762376237624e-07
Cu14,9.030000000000001,7.524752475247525e-07
Cu14,9.09,7.029702970297029e-07
Cu14,9.149999999999999,4.4554455445544555e-07
Cu14,9.21,4.1584158415841583e-07
Cu14,9.27,3.1683168316831686e-07
Cu14,9.329999999999998,1.0891089108910891e-07
Cu14,9.39,8.910891089108911e-08
Cu14,9.45,5.940594059405941e-08
